series,K,model,strategy,start,subject,fit_on,applied_to,method,err_all,n_all,err_missing,n_missing,err_observed,n_observed,err_real,n_real,err_mcar,n_mcar,conf_missing,time_s
pamap2_102_complete,2,hmc_in,complete,0,102,complete,complete,complete,0.09719058466211086,5268,,,,,,,,,,
pamap2_102_complete,2,hmc_in,complete,0,102,complete,gapped,linear,0.08921791951404708,5268,0.03945111492281304,583.0,0.09541088580576307,4685.0,0.0,159.0,0.054245283018867926,424.0,0.99594381611811,
pamap2_102_complete,2,hmc_in,complete,0,102,complete,gapped,locf,0.08466211085801063,5268,0.0,583.0,0.0951974386339381,4685.0,0.0,159.0,0.0,424.0,0.9995859624760559,
pamap2_102_complete,2,hmc_in,complete,0,102,complete,gapped,marginalise,0.08997722095671981,5268,0.048027444253859346,583.0,0.0951974386339381,4685.0,0.0,159.0,0.0660377358490566,424.0,0.8804081820177367,0.040219874998001615
pamap2_102_complete,2,hmc_in,complete,0,102,complete,gapped,plugin,0.0888382687927107,5268,0.03773584905660377,583.0,0.0951974386339381,4685.0,0.0,159.0,0.05188679245283019,424.0,0.9879145475959571,
pamap2_102_complete,2,hmc_in,complete,1,102,complete,complete,complete,0.09813971146545178,5268,,,,,,,,,,
pamap2_102_complete,2,hmc_in,complete,1,102,complete,gapped,linear,0.08997722095671981,5268,0.03945111492281304,583.0,0.09626467449306296,4685.0,0.0,159.0,0.054245283018867926,424.0,0.9959466552209368,
pamap2_102_complete,2,hmc_in,complete,1,102,complete,gapped,locf,0.08542141230068337,5268,0.0,583.0,0.096051227321238,4685.0,0.0,159.0,0.0,424.0,0.9996274170538181,
pamap2_102_complete,2,hmc_in,complete,1,102,complete,gapped,marginalise,0.09092634776006074,5268,0.04974271012006861,583.0,0.096051227321238,4685.0,0.0,159.0,0.06839622641509434,424.0,0.8808845919968014,0.04017887500231154
pamap2_102_complete,2,hmc_in,complete,1,102,complete,gapped,plugin,0.090167046317388,5268,0.04288164665523156,583.0,0.096051227321238,4685.0,0.0,159.0,0.0589622641509434,424.0,0.9899869936823584,
pamap2_102_complete,2,hmc_in,complete,2,102,complete,complete,complete,0.09586180713743356,5268,,,,,,,,,,
pamap2_102_complete,2,hmc_in,complete,2,102,complete,gapped,linear,0.08788914198936978,5268,0.036020583190394515,583.0,0.09434364994663821,4685.0,0.0,159.0,0.049528301886792456,424.0,0.9959359715186289,
pamap2_102_complete,2,hmc_in,complete,2,102,complete,gapped,locf,0.0837129840546697,5268,0.0,583.0,0.09413020277481324,4685.0,0.0,159.0,0.0,424.0,0.9994629391707412,
pamap2_102_complete,2,hmc_in,complete,2,102,complete,gapped,marginalise,0.08807896735003796,5268,0.03945111492281304,583.0,0.09413020277481324,4685.0,0.0,159.0,0.054245283018867926,424.0,0.8807976002391461,0.04050329199890257
pamap2_102_complete,2,hmc_in,complete,2,102,complete,gapped,plugin,0.08447228549734244,5268,0.00686106346483705,583.0,0.09413020277481324,4685.0,0.0,159.0,0.009433962264150943,424.0,0.9968861209128705,
pamap2_102_complete,2,pmc_pair,complete,0,102,complete,complete,complete,0.12794229309035687,5268,,,,,,,,,,
pamap2_102_complete,2,pmc_pair,complete,0,102,complete,gapped,linear,0.1262338648443432,5268,0.10463121783876501,583.0,0.1289220917822839,4685.0,0.0,159.0,0.14386792452830188,424.0,0.9388749122693,
pamap2_102_complete,2,pmc_pair,complete,0,102,complete,gapped,locf,0.12414578587699317,5268,0.08576329331046312,583.0,0.1289220917822839,4685.0,0.0,159.0,0.1179245283018868,424.0,0.963744528886709,
pamap2_102_complete,2,pmc_pair,complete,0,102,complete,gapped,marginalise,0.1300303720577069,5268,0.13893653516295026,583.0,0.1289220917822839,4685.0,0.0,159.0,0.19103773584905662,424.0,0.865272215089517,0.08078783300152281
pamap2_102_complete,2,pmc_pair,complete,0,102,complete,gapped,plugin,0.12908124525436598,5268,0.13036020583190394,583.0,0.1289220917822839,4685.0,0.0,159.0,0.1792452830188679,424.0,0.9370793595492835,
pamap2_102_complete,2,pmc_pair,complete,1,102,complete,complete,complete,0.12737281700835232,5268,,,,,,,,,,
pamap2_102_complete,2,pmc_pair,complete,1,102,complete,gapped,linear,0.12566438876233865,5268,0.10291595197255575,583.0,0.12849519743863394,4685.0,0.0,159.0,0.14150943396226415,424.0,0.9409892571017394,
pamap2_102_complete,2,pmc_pair,complete,1,102,complete,gapped,locf,0.12376613515565679,5268,0.08576329331046312,583.0,0.12849519743863394,4685.0,0.0,159.0,0.1179245283018868,424.0,0.9631753170007302,
pamap2_102_complete,2,pmc_pair,complete,1,102,complete,gapped,marginalise,0.12946089597570234,5268,0.137221269296741,583.0,0.12849519743863394,4685.0,0.0,159.0,0.18867924528301888,424.0,0.8654244478842469,0.07949633400130551
pamap2_102_complete,2,pmc_pair,complete,1,102,complete,gapped,plugin,0.12870159453302962,5268,0.13036020583190394,583.0,0.12849519743863394,4685.0,0.0,159.0,0.1792452830188679,424.0,0.9379120563053831,
pamap2_102_complete,2,pmc_pair,complete,2,102,complete,complete,complete,0.08675018982536067,5268,,,,,,,,,,
pamap2_102_complete,2,pmc_pair,complete,2,102,complete,gapped,linear,0.08086560364464693,5268,0.00686106346483705,583.0,0.09007470651013874,4685.0,0.0,159.0,0.009433962264150943,424.0,0.9926539074660642,
pamap2_102_complete,2,pmc_pair,complete,2,102,complete,gapped,locf,0.08086560364464693,5268,0.00686106346483705,583.0,0.09007470651013874,4685.0,0.0,159.0,0.009433962264150943,424.0,0.9916536710913983,
pamap2_102_complete,2,pmc_pair,complete,2,102,complete,gapped,marginalise,0.08086560364464693,5268,0.00686106346483705,583.0,0.09007470651013874,4685.0,0.0,159.0,0.009433962264150943,424.0,0.9052296793680303,0.08340925000084098
pamap2_102_complete,2,pmc_pair,complete,2,102,complete,gapped,plugin,0.08086560364464693,5268,0.00686106346483705,583.0,0.09007470651013874,4685.0,0.0,159.0,0.009433962264150943,424.0,0.9940760347426232,
pamap2_102_complete,2,pmc_state,complete,0,102,complete,complete,complete,0.15318906605922553,5268,,,,,,,,,,
pamap2_102_complete,2,pmc_state,complete,0,102,complete,gapped,linear,0.14901290812452544,5268,0.14408233276157806,583.0,0.1496264674493063,4685.0,0.0,159.0,0.19811320754716982,424.0,0.9999487851109816,
pamap2_102_complete,2,pmc_state,complete,0,102,complete,gapped,locf,0.13743356112376615,5268,0.03945111492281304,583.0,0.1496264674493063,4685.0,0.0,159.0,0.054245283018867926,424.0,0.9790247926936633,
pamap2_102_complete,2,pmc_state,complete,0,102,complete,gapped,marginalise,0.15110098709187547,5268,0.16123499142367068,583.0,0.14983991462113128,4685.0,0.0,159.0,0.22169811320754718,424.0,0.9376400196823973,0.07774849999987055
pamap2_102_complete,2,pmc_state,complete,0,102,complete,gapped,plugin,0.15318906605922553,5268,0.1783876500857633,583.0,0.15005336179295625,4685.0,0.0,159.0,0.24528301886792453,424.0,0.9996398298731914,
pamap2_102_complete,2,pmc_state,complete,1,102,complete,complete,complete,0.08219438116932422,5268,,,,,,,,,,
pamap2_102_complete,2,pmc_state,complete,1,102,complete,gapped,linear,0.07498101746393318,5268,0.00686106346483705,583.0,0.08345784418356457,4685.0,0.0,159.0,0.009433962264150943,424.0,0.9958556531168894,
pamap2_102_complete,2,pmc_state,complete,1,102,complete,gapped,locf,0.07422171602126044,5268,0.0,583.0,0.08345784418356457,4685.0,0.0,159.0,0.0,424.0,0.9997490416578251,
pamap2_102_complete,2,pmc_state,complete,1,102,complete,gapped,marginalise,0.07498101746393318,5268,0.00686106346483705,583.0,0.08345784418356457,4685.0,0.0,159.0,0.009433962264150943,424.0,0.9087265564087434,0.07227279200014891
pamap2_102_complete,2,pmc_state,complete,1,102,complete,gapped,plugin,0.07498101746393318,5268,0.00686106346483705,583.0,0.08345784418356457,4685.0,0.0,159.0,0.009433962264150943,424.0,0.9999882019472678,
pamap2_102_complete,2,pmc_state,complete,2,102,complete,complete,complete,0.0630220197418375,5268,,,,,,,,,,
pamap2_102_complete,2,pmc_state,complete,2,102,complete,gapped,linear,0.057517084282460135,5268,0.00686106346483705,583.0,0.06382070437566702,4685.0,0.0,159.0,0.009433962264150943,424.0,0.9999903941076704,
pamap2_102_complete,2,pmc_state,complete,2,102,complete,gapped,locf,0.057517084282460135,5268,0.00686106346483705,583.0,0.06382070437566702,4685.0,0.0,159.0,0.009433962264150943,424.0,0.9996023060451161,
pamap2_102_complete,2,pmc_state,complete,2,102,complete,gapped,marginalise,0.057517084282460135,5268,0.00686106346483705,583.0,0.06382070437566702,4685.0,0.0,159.0,0.009433962264150943,424.0,0.952026279843986,0.07462137500260724
pamap2_102_complete,2,pmc_state,complete,2,102,complete,gapped,plugin,0.057517084282460135,5268,0.00686106346483705,583.0,0.06382070437566702,4685.0,0.0,159.0,0.009433962264150943,424.0,0.9999925561716111,
pamap2_102_complete,3,hmc_in,complete,0,102,complete,complete,complete,0.38629460895975704,5268,,,,,,,,,,
pamap2_102_complete,3,hmc_in,complete,0,102,complete,gapped,linear,0.38629460895975704,5268,0.5437392795883362,583.0,0.36670224119530415,4685.0,0.710691823899371,159.0,0.4811320754716981,424.0,0.9987033284190922,
pamap2_102_complete,3,hmc_in,complete,0,102,complete,gapped,locf,0.38629460895975704,5268,0.5437392795883362,583.0,0.36670224119530415,4685.0,0.710691823899371,159.0,0.4811320754716981,424.0,0.9985772873240025,
pamap2_102_complete,3,hmc_in,complete,0,102,complete,gapped,marginalise,0.38629460895975704,5268,0.5437392795883362,583.0,0.36670224119530415,4685.0,0.710691823899371,159.0,0.4811320754716981,424.0,0.8526943188844366,0.03941454099913244
pamap2_102_complete,3,hmc_in,complete,0,102,complete,gapped,plugin,0.38629460895975704,5268,0.5437392795883362,583.0,0.36670224119530415,4685.0,0.710691823899371,159.0,0.4811320754716981,424.0,0.9995880588802475,
pamap2_102_complete,3,hmc_in,complete,1,102,complete,complete,complete,0.38629460895975704,5268,,,,,,,,,,
pamap2_102_complete,3,hmc_in,complete,1,102,complete,gapped,linear,0.38629460895975704,5268,0.5437392795883362,583.0,0.36670224119530415,4685.0,0.710691823899371,159.0,0.4811320754716981,424.0,0.9986947268923048,
pamap2_102_complete,3,hmc_in,complete,1,102,complete,gapped,locf,0.38629460895975704,5268,0.5437392795883362,583.0,0.36670224119530415,4685.0,0.710691823899371,159.0,0.4811320754716981,424.0,0.998570534200291,
pamap2_102_complete,3,hmc_in,complete,1,102,complete,gapped,marginalise,0.38629460895975704,5268,0.5437392795883362,583.0,0.36670224119530415,4685.0,0.710691823899371,159.0,0.4811320754716981,424.0,0.8529835439810248,0.03936199999952805
pamap2_102_complete,3,hmc_in,complete,1,102,complete,gapped,plugin,0.38629460895975704,5268,0.5437392795883362,583.0,0.36670224119530415,4685.0,0.710691823899371,159.0,0.4811320754716981,424.0,0.9995917652076028,
pamap2_102_complete,3,hmc_in,complete,2,102,complete,complete,complete,0.38629460895975704,5268,,,,,,,,,,
pamap2_102_complete,3,hmc_in,complete,2,102,complete,gapped,linear,0.38629460895975704,5268,0.5437392795883362,583.0,0.36670224119530415,4685.0,0.710691823899371,159.0,0.4811320754716981,424.0,0.9987084069357126,
pamap2_102_complete,3,hmc_in,complete,2,102,complete,gapped,locf,0.38629460895975704,5268,0.5437392795883362,583.0,0.36670224119530415,4685.0,0.710691823899371,159.0,0.4811320754716981,424.0,0.9985758743031012,
pamap2_102_complete,3,hmc_in,complete,2,102,complete,gapped,marginalise,0.38629460895975704,5268,0.5437392795883362,583.0,0.36670224119530415,4685.0,0.710691823899371,159.0,0.4811320754716981,424.0,0.8525877556808307,0.041059791001316626
pamap2_102_complete,3,hmc_in,complete,2,102,complete,gapped,plugin,0.38629460895975704,5268,0.5437392795883362,583.0,0.36670224119530415,4685.0,0.710691823899371,159.0,0.4811320754716981,424.0,0.9995866938817889,
pamap2_102_complete,3,pmc_pair,complete,0,102,complete,complete,complete,0.42425968109339407,5268,,,,,,,,,,
pamap2_102_complete,3,pmc_pair,complete,0,102,complete,gapped,linear,0.4286256643887623,5268,0.4339622641509434,583.0,0.4279615795090715,4685.0,0.25157232704402516,159.0,0.5023584905660378,424.0,0.8308201624415424,
pamap2_102_complete,3,pmc_pair,complete,0,102,complete,gapped,locf,0.4398253606681853,5268,0.5334476843910806,583.0,0.42817502668089646,4685.0,0.2830188679245283,159.0,0.6273584905660378,424.0,0.7768185882226571,
pamap2_102_complete,3,pmc_pair,complete,0,102,complete,gapped,marginalise,0.438496583143508,5268,0.5180102915951973,583.0,0.4286019210245464,4685.0,0.2578616352201258,159.0,0.6155660377358491,424.0,0.6701458859172074,0.1047069999985979
pamap2_102_complete,3,pmc_pair,complete,0,102,complete,gapped,plugin,0.4267274107820805,5268,0.4339622641509434,583.0,0.4258271077908218,4685.0,0.23270440251572327,159.0,0.5094339622641509,424.0,0.7936314199694485,
pamap2_102_complete,3,pmc_pair,complete,1,102,complete,complete,complete,0.35288534548215644,5268,,,,,,,,,,
pamap2_102_complete,3,pmc_pair,complete,1,102,complete,gapped,linear,0.3545937737281701,5268,0.38593481989708406,583.0,0.35069370330843114,4685.0,0.3522012578616352,159.0,0.39858490566037735,424.0,0.9239530123943127,
pamap2_102_complete,3,pmc_pair,complete,1,102,complete,gapped,locf,0.3568716780561883,5268,0.39451114922813035,583.0,0.35218783351120597,4685.0,0.27044025157232704,159.0,0.4410377358490566,424.0,0.8758029151857835,
pamap2_102_complete,3,pmc_pair,complete,1,102,complete,gapped,marginalise,0.3492786636294609,5268,0.29845626072041165,583.0,0.35560298826040554,4685.0,0.32075471698113206,159.0,0.29009433962264153,424.0,0.8556432798195835,0.10654383399742073
pamap2_102_complete,3,pmc_pair,complete,1,102,complete,gapped,plugin,0.35041761579347,5268,0.31046312178387653,583.0,0.35538954108858056,4685.0,0.389937106918239,159.0,0.2806603773584906,424.0,0.9573627190511915,
pamap2_102_complete,3,pmc_pair,complete,2,102,complete,complete,complete,0.4069855732725892,5268,,,,,,,,,,
pamap2_102_complete,3,pmc_pair,complete,2,102,complete,gapped,linear,0.3925588458618071,5268,0.4065180102915952,583.0,0.39082177161152615,4685.0,0.37735849056603776,159.0,0.41745283018867924,424.0,0.8961247521539015,
pamap2_102_complete,3,pmc_pair,complete,2,102,complete,gapped,locf,0.3916097190584662,5268,0.3927958833619211,583.0,0.3914621131270011,4685.0,0.3270440251572327,159.0,0.41745283018867924,424.0,0.8836416695931901,
pamap2_102_complete,3,pmc_pair,complete,2,102,complete,gapped,marginalise,0.39863325740318906,5268,0.4288164665523156,583.0,0.39487726787620064,4685.0,0.41509433962264153,159.0,0.4339622641509434,424.0,0.7819951893862841,0.10740791599891963
pamap2_102_complete,3,pmc_pair,complete,2,102,complete,gapped,plugin,0.40907365223993924,5268,0.483704974271012,583.0,0.39978655282817505,4685.0,0.4968553459119497,159.0,0.47877358490566035,424.0,0.9292073823132043,
pamap2_102_complete,3,pmc_state,complete,0,102,complete,complete,complete,0.3952164009111617,5268,,,,,,,,,,
pamap2_102_complete,3,pmc_state,complete,0,102,complete,gapped,linear,0.3952164009111617,5268,0.5437392795883362,583.0,0.3767342582710779,4685.0,0.710691823899371,159.0,0.4811320754716981,424.0,0.9985347669496741,
pamap2_102_complete,3,pmc_state,complete,0,102,complete,gapped,locf,0.3952164009111617,5268,0.5437392795883362,583.0,0.3767342582710779,4685.0,0.710691823899371,159.0,0.4811320754716981,424.0,0.9995113899983635,
pamap2_102_complete,3,pmc_state,complete,0,102,complete,gapped,marginalise,0.39635535307517084,5268,0.5437392795883362,583.0,0.37801494130202773,4685.0,0.710691823899371,159.0,0.4811320754716981,424.0,0.9284021592451235,0.09444608299963875
pamap2_102_complete,3,pmc_state,complete,0,102,complete,gapped,plugin,0.3952164009111617,5268,0.5437392795883362,583.0,0.3767342582710779,4685.0,0.710691823899371,159.0,0.4811320754716981,424.0,0.9993806483583378,
pamap2_102_complete,3,pmc_state,complete,1,102,complete,complete,complete,0.36161731207289294,5268,,,,,,,,,,
pamap2_102_complete,3,pmc_state,complete,1,102,complete,gapped,linear,0.35497342444950647,5268,0.38421955403087477,583.0,0.35133404482390607,4685.0,0.2893081761006289,159.0,0.419811320754717,424.0,0.9791330630115311,
pamap2_102_complete,3,pmc_state,complete,1,102,complete,gapped,locf,0.36256643887623385,5268,0.4339622641509434,583.0,0.3536819637139808,4685.0,0.3081761006289308,159.0,0.4811320754716981,424.0,0.9798181978865896,
pamap2_102_complete,3,pmc_state,complete,1,102,complete,gapped,marginalise,0.35402429764616555,5268,0.3361921097770154,583.0,0.35624332977588047,4685.0,0.33962264150943394,159.0,0.33490566037735847,424.0,0.9000840481309554,0.09292808399914065
pamap2_102_complete,3,pmc_state,complete,1,102,complete,gapped,plugin,0.36161731207289294,5268,0.3704974271012007,583.0,0.36051227321237994,4685.0,0.4528301886792453,159.0,0.33962264150943394,424.0,0.9962811243130412,
pamap2_102_complete,3,pmc_state,complete,2,102,complete,complete,complete,0.36161731207289294,5268,,,,,,,,,,
pamap2_102_complete,3,pmc_state,complete,2,102,complete,gapped,linear,0.35364464692482916,5268,0.38421955403087477,583.0,0.3498399146211313,4685.0,0.2893081761006289,159.0,0.419811320754717,424.0,0.9772167407590843,
pamap2_102_complete,3,pmc_state,complete,2,102,complete,gapped,locf,0.36161731207289294,5268,0.4339622641509434,583.0,0.3526147278548559,4685.0,0.3081761006289308,159.0,0.4811320754716981,424.0,0.9780381657892785,
pamap2_102_complete,3,pmc_state,complete,2,102,complete,gapped,marginalise,0.358580106302202,5268,0.3602058319039451,583.0,0.3583778014941302,4685.0,0.4088050314465409,159.0,0.3419811320754717,424.0,0.8972620976694247,0.09190450000096462
pamap2_102_complete,3,pmc_state,complete,2,102,complete,gapped,plugin,0.36161731207289294,5268,0.3704974271012007,583.0,0.36051227321237994,4685.0,0.4528301886792453,159.0,0.33962264150943394,424.0,0.9971180569898881,
pamap2_102_gapped,2,hmc_in,available,0,102,gapped,complete,complete,0.10535307517084283,5268,,,,,,,,,,
pamap2_102_gapped,2,hmc_in,available,0,102,gapped,gapped,linear,0.09643128321943811,5268,0.04631217838765009,583.0,0.10266808964781217,4685.0,0.0,159.0,0.06367924528301887,424.0,0.9960096896737224,
pamap2_102_gapped,2,hmc_in,available,0,102,gapped,gapped,locf,0.09111617312072894,5268,0.0,583.0,0.10245464247598719,4685.0,0.0,159.0,0.0,424.0,0.9997743549974637,
pamap2_102_gapped,2,hmc_in,available,0,102,gapped,gapped,marginalise,0.09832953682611997,5268,0.06518010291595197,583.0,0.10245464247598719,4685.0,0.0,159.0,0.08962264150943396,424.0,0.8817869095889074,0.04113566600062768
pamap2_102_gapped,2,hmc_in,available,0,102,gapped,gapped,plugin,0.09908883826879271,5268,0.07032590051457976,583.0,0.10266808964781217,4685.0,0.0,159.0,0.09669811320754718,424.0,0.9938215556637565,
pamap2_102_gapped,2,hmc_in,available,1,102,gapped,complete,complete,0.1082004555808656,5268,,,,,,,,,,
pamap2_102_gapped,2,hmc_in,available,1,102,gapped,gapped,linear,0.09908883826879271,5268,0.048027444253859346,583.0,0.10544290288153682,4685.0,0.0,159.0,0.0660377358490566,424.0,0.9960174596617503,
pamap2_102_gapped,2,hmc_in,available,1,102,gapped,gapped,locf,0.09358390280941534,5268,0.0,583.0,0.10522945570971184,4685.0,0.0,159.0,0.0,424.0,0.9998245332948656,
pamap2_102_gapped,2,hmc_in,available,1,102,gapped,gapped,marginalise,0.10212604403948368,5268,0.07375643224699828,583.0,0.1056563500533618,4685.0,0.0,159.0,0.10141509433962265,424.0,0.8797522415334662,0.041109124998911284
pamap2_102_gapped,2,hmc_in,available,1,102,gapped,gapped,plugin,0.10193621867881549,5268,0.07375643224699828,583.0,0.10544290288153682,4685.0,0.0,159.0,0.10141509433962265,424.0,0.9962036453361648,
pamap2_102_gapped,2,hmc_in,available,2,102,gapped,complete,complete,0.10003796507213364,5268,,,,,,,,,,
pamap2_102_gapped,2,hmc_in,available,2,102,gapped,gapped,linear,0.09225512528473805,5268,0.04288164665523156,583.0,0.0983991462113127,4685.0,0.0,159.0,0.0589622641509434,424.0,0.9959556104291973,
pamap2_102_gapped,2,hmc_in,available,2,102,gapped,gapped,locf,0.08731966590736523,5268,0.0,583.0,0.09818569903948772,4685.0,0.0,159.0,0.0,424.0,0.9996898194239824,
pamap2_102_gapped,2,hmc_in,available,2,102,gapped,gapped,marginalise,0.0926347760060744,5268,0.048027444253859346,583.0,0.09818569903948772,4685.0,0.0,159.0,0.0660377358490566,424.0,0.8840421972639196,0.03937870800291421
pamap2_102_gapped,2,hmc_in,available,2,102,gapped,gapped,plugin,0.0914958238420653,5268,0.03773584905660377,583.0,0.09818569903948772,4685.0,0.0,159.0,0.05188679245283019,424.0,0.987915600890894,
pamap2_102_gapped,2,hmc_in,impute,0,102,gapped,complete,complete,0.10535307517084283,5268,,,,,,,,,,
pamap2_102_gapped,2,hmc_in,impute,0,102,gapped,gapped,linear,0.09643128321943811,5268,0.04631217838765009,583.0,0.10266808964781217,4685.0,0.0,159.0,0.06367924528301887,424.0,0.9960066195627147,
pamap2_102_gapped,2,hmc_in,impute,0,102,gapped,gapped,locf,0.09111617312072894,5268,0.0,583.0,0.10245464247598719,4685.0,0.0,159.0,0.0,424.0,0.9997743543349288,
pamap2_102_gapped,2,hmc_in,impute,0,102,gapped,gapped,marginalise,0.09832953682611997,5268,0.06518010291595197,583.0,0.10245464247598719,4685.0,0.0,159.0,0.08962264150943396,424.0,0.8818869436137377,0.03886212499855901
pamap2_102_gapped,2,hmc_in,impute,0,102,gapped,gapped,plugin,0.09908883826879271,5268,0.07032590051457976,583.0,0.10266808964781217,4685.0,0.0,159.0,0.09669811320754718,424.0,0.9937637862246598,
pamap2_102_gapped,2,hmc_in,impute,1,102,gapped,complete,complete,0.1082004555808656,5268,,,,,,,,,,
pamap2_102_gapped,2,hmc_in,impute,1,102,gapped,gapped,linear,0.09908883826879271,5268,0.048027444253859346,583.0,0.10544290288153682,4685.0,0.0,159.0,0.0660377358490566,424.0,0.9960422637906169,
pamap2_102_gapped,2,hmc_in,impute,1,102,gapped,gapped,locf,0.09358390280941534,5268,0.0,583.0,0.10522945570971184,4685.0,0.0,159.0,0.0,424.0,0.9998222501370171,
pamap2_102_gapped,2,hmc_in,impute,1,102,gapped,gapped,marginalise,0.10212604403948368,5268,0.07375643224699828,583.0,0.1056563500533618,4685.0,0.0,159.0,0.10141509433962265,424.0,0.8797476562871192,0.04024737500003539
pamap2_102_gapped,2,hmc_in,impute,1,102,gapped,gapped,plugin,0.10193621867881549,5268,0.07375643224699828,583.0,0.10544290288153682,4685.0,0.0,159.0,0.10141509433962265,424.0,0.9962904496684839,
pamap2_102_gapped,2,hmc_in,impute,2,102,gapped,complete,complete,0.10079726651480637,5268,,,,,,,,,,
pamap2_102_gapped,2,hmc_in,impute,2,102,gapped,gapped,linear,0.09301442672741078,5268,0.04288164665523156,583.0,0.09925293489861259,4685.0,0.0,159.0,0.0589622641509434,424.0,0.9959897957565628,
pamap2_102_gapped,2,hmc_in,impute,2,102,gapped,gapped,locf,0.08807896735003796,5268,0.0,583.0,0.09903948772678763,4685.0,0.0,159.0,0.0,424.0,0.9996972871873866,
pamap2_102_gapped,2,hmc_in,impute,2,102,gapped,gapped,marginalise,0.09339407744874716,5268,0.048027444253859346,583.0,0.09903948772678763,4685.0,0.0,159.0,0.0660377358490566,424.0,0.8844325341651523,0.039963208000699524
pamap2_102_gapped,2,hmc_in,impute,2,102,gapped,gapped,plugin,0.0926347760060744,5268,0.0411663807890223,583.0,0.09903948772678763,4685.0,0.0,159.0,0.05660377358490566,424.0,0.9884972704712908,
pamap2_102_gapped,2,hmc_in,sem,0,102,gapped,complete,complete,0.10763097949886105,5268,,,,,,,,,,
pamap2_102_gapped,2,hmc_in,sem,0,102,gapped,gapped,linear,0.09851936218678815,5268,0.048027444253859346,583.0,0.1048025613660619,4685.0,0.0,159.0,0.0660377358490566,424.0,0.9960580076498606,
pamap2_102_gapped,2,hmc_in,sem,0,102,gapped,gapped,locf,0.09301442672741078,5268,0.0,583.0,0.10458911419423693,4685.0,0.0,159.0,0.0,424.0,0.9998155474236653,
pamap2_102_gapped,2,hmc_in,sem,0,102,gapped,gapped,marginalise,0.10212604403948368,5268,0.07547169811320754,583.0,0.10544290288153682,4685.0,0.0,159.0,0.10377358490566038,424.0,0.8754842070854636,0.041073542000958696
pamap2_102_gapped,2,hmc_in,sem,0,102,gapped,gapped,plugin,0.10193621867881549,5268,0.07547169811320754,583.0,0.10522945570971184,4685.0,0.0,159.0,0.10377358490566038,424.0,0.9964386827964958,
pamap2_102_gapped,2,hmc_in,sem,1,102,gapped,complete,complete,0.10858010630220197,5268,,,,,,,,,,
pamap2_102_gapped,2,hmc_in,sem,1,102,gapped,gapped,linear,0.09889901290812453,5268,0.048027444253859346,583.0,0.10522945570971184,4685.0,0.0,159.0,0.0660377358490566,424.0,0.9960054475859973,
pamap2_102_gapped,2,hmc_in,sem,1,102,gapped,gapped,locf,0.09339407744874716,5268,0.0,583.0,0.10501600853788687,4685.0,0.0,159.0,0.0,424.0,0.999816878098038,
pamap2_102_gapped,2,hmc_in,sem,1,102,gapped,gapped,marginalise,0.10193621867881549,5268,0.07032590051457976,583.0,0.10586979722518676,4685.0,0.0,159.0,0.09669811320754718,424.0,0.8832160557740489,0.03874891599843977
pamap2_102_gapped,2,hmc_in,sem,1,102,gapped,gapped,plugin,0.10136674259681093,5268,0.07032590051457976,583.0,0.10522945570971184,4685.0,0.0,159.0,0.09669811320754718,424.0,0.9959784731774638,
pamap2_102_gapped,2,hmc_in,sem,2,102,gapped,complete,complete,0.10573272589217919,5268,,,,,,,,,,
pamap2_102_gapped,2,hmc_in,sem,2,102,gapped,gapped,linear,0.09681093394077449,5268,0.04631217838765009,583.0,0.10309498399146211,4685.0,0.0,159.0,0.06367924528301887,424.0,0.9960499956412602,
pamap2_102_gapped,2,hmc_in,sem,2,102,gapped,gapped,locf,0.0914958238420653,5268,0.0,583.0,0.10288153681963715,4685.0,0.0,159.0,0.0,424.0,0.9997832630498743,
pamap2_102_gapped,2,hmc_in,sem,2,102,gapped,gapped,marginalise,0.09870918754745633,5268,0.06518010291595197,583.0,0.10288153681963715,4685.0,0.0,159.0,0.08962264150943396,424.0,0.8829748328658188,0.04081070900065242
pamap2_102_gapped,2,hmc_in,sem,2,102,gapped,gapped,plugin,0.09927866362946089,5268,0.0686106346483705,583.0,0.10309498399146211,4685.0,0.0,159.0,0.09433962264150944,424.0,0.9942764273156249,
pamap2_102_gapped,2,pmc_pair,available,0,102,gapped,complete,complete,0.12984054669703873,5268,,,,,,,,,,
pamap2_102_gapped,2,pmc_pair,available,0,102,gapped,gapped,linear,0.12832194381169323,5268,0.10806174957118353,583.0,0.13084311632870865,4685.0,0.0,159.0,0.14858490566037735,424.0,0.9370281664884861,
pamap2_102_gapped,2,pmc_pair,available,0,102,gapped,gapped,locf,0.12566438876233865,5268,0.08576329331046312,583.0,0.13062966915688368,4685.0,0.0,159.0,0.1179245283018868,424.0,0.9671485138517907,
pamap2_102_gapped,2,pmc_pair,available,0,102,gapped,gapped,marginalise,0.13230827638572512,5268,0.1423670668953688,583.0,0.13105656350053363,4685.0,0.0,159.0,0.1957547169811321,424.0,0.8697687315515708,0.0841231250014971
pamap2_102_gapped,2,pmc_pair,available,0,102,gapped,gapped,plugin,0.13097949886104784,5268,0.1320754716981132,583.0,0.13084311632870865,4685.0,0.0,159.0,0.18160377358490565,424.0,0.9404626063905452,
pamap2_102_gapped,2,pmc_pair,available,1,102,gapped,complete,complete,0.1304100227790433,5268,,,,,,,,,,
pamap2_102_gapped,2,pmc_pair,available,1,102,gapped,gapped,linear,0.12813211845102507,5268,0.10634648370497427,583.0,0.13084311632870865,4685.0,0.0,159.0,0.14622641509433962,424.0,0.9381782342278123,
pamap2_102_gapped,2,pmc_pair,available,1,102,gapped,gapped,locf,0.12566438876233865,5268,0.08576329331046312,583.0,0.13062966915688368,4685.0,0.0,159.0,0.1179245283018868,424.0,0.9670678273518994,
pamap2_102_gapped,2,pmc_pair,available,1,102,gapped,gapped,marginalise,0.13230827638572512,5268,0.1423670668953688,583.0,0.13105656350053363,4685.0,0.0,159.0,0.1957547169811321,424.0,0.8696181598953204,0.07961858300041058
pamap2_102_gapped,2,pmc_pair,available,1,102,gapped,gapped,plugin,0.13097949886104784,5268,0.1320754716981132,583.0,0.13084311632870865,4685.0,0.0,159.0,0.18160377358490565,424.0,0.9409017932844116,
pamap2_102_gapped,2,pmc_pair,available,2,102,gapped,complete,complete,0.09662110858010631,5268,,,,,,,,,,
pamap2_102_gapped,2,pmc_pair,available,2,102,gapped,gapped,linear,0.09054669703872438,5268,0.00686106346483705,583.0,0.10096051227321239,4685.0,0.0,159.0,0.009433962264150943,424.0,0.9926823847879371,
pamap2_102_gapped,2,pmc_pair,available,2,102,gapped,gapped,locf,0.08978739559605163,5268,0.0,583.0,0.10096051227321239,4685.0,0.0,159.0,0.0,424.0,0.9896116059717465,
pamap2_102_gapped,2,pmc_pair,available,2,102,gapped,gapped,marginalise,0.0954821564160972,5268,0.051457975986277875,583.0,0.10096051227321239,4685.0,0.0,159.0,0.07075471698113207,424.0,0.8883904854898178,0.08047850000002654
pamap2_102_gapped,2,pmc_pair,available,2,102,gapped,gapped,plugin,0.09054669703872438,5268,0.00686106346483705,583.0,0.10096051227321239,4685.0,0.0,159.0,0.009433962264150943,424.0,0.9939972049641554,
pamap2_102_gapped,2,pmc_pair,impute,0,102,gapped,complete,complete,0.13306757782839787,5268,,,,,,,,,,
pamap2_102_gapped,2,pmc_pair,impute,0,102,gapped,gapped,linear,0.13249810174639332,5268,0.1183533447684391,583.0,0.13425827107790822,4685.0,0.0,159.0,0.16273584905660377,424.0,0.9310192431787094,
pamap2_102_gapped,2,pmc_pair,impute,0,102,gapped,gapped,locf,0.12908124525436598,5268,0.08576329331046312,583.0,0.1344717182497332,4685.0,0.0,159.0,0.1179245283018868,424.0,0.9697700699656725,
pamap2_102_gapped,2,pmc_pair,impute,0,102,gapped,gapped,marginalise,0.13610478359908884,5268,0.14408233276157806,583.0,0.1351120597652081,4685.0,0.0,159.0,0.19811320754716982,424.0,0.8740508967540135,0.08285620800234028
pamap2_102_gapped,2,pmc_pair,impute,0,102,gapped,gapped,plugin,0.13496583143507973,5268,0.13893653516295026,583.0,0.1344717182497332,4685.0,0.0,159.0,0.19103773584905662,424.0,0.9460473207028001,
pamap2_102_gapped,2,pmc_pair,impute,1,102,gapped,complete,complete,0.1313591495823842,5268,,,,,,,,,,
pamap2_102_gapped,2,pmc_pair,impute,1,102,gapped,gapped,linear,0.12984054669703873,5268,0.10806174957118353,583.0,0.13255069370330844,4685.0,0.0,159.0,0.14858490566037735,424.0,0.9362181538168793,
pamap2_102_gapped,2,pmc_pair,impute,1,102,gapped,gapped,locf,0.12718299164768412,5268,0.08576329331046312,583.0,0.13233724653148346,4685.0,0.0,159.0,0.1179245283018868,424.0,0.9678040347605611,
pamap2_102_gapped,2,pmc_pair,impute,1,102,gapped,gapped,marginalise,0.13363705391040243,5268,0.1423670668953688,583.0,0.13255069370330844,4685.0,0.0,159.0,0.1957547169811321,424.0,0.8685650722186062,0.08084329199846252
pamap2_102_gapped,2,pmc_pair,impute,1,102,gapped,gapped,plugin,0.1326879271070615,5268,0.13379073756432247,583.0,0.13255069370330844,4685.0,0.0,159.0,0.18396226415094338,424.0,0.9388126722003137,
pamap2_102_gapped,2,pmc_pair,impute,2,102,gapped,complete,complete,0.09984813971146546,5268,,,,,,,,,,
pamap2_102_gapped,2,pmc_pair,impute,2,102,gapped,gapped,linear,0.09377372817008352,5268,0.00686106346483705,583.0,0.10458911419423693,4685.0,0.0,159.0,0.009433962264150943,424.0,0.9927457557342998,
pamap2_102_gapped,2,pmc_pair,impute,2,102,gapped,gapped,locf,0.09301442672741078,5268,0.0,583.0,0.10458911419423693,4685.0,0.0,159.0,0.0,424.0,0.9930533084116028,
pamap2_102_gapped,2,pmc_pair,impute,2,102,gapped,gapped,marginalise,0.09984813971146546,5268,0.06174957118353345,583.0,0.10458911419423693,4685.0,0.0,159.0,0.08490566037735849,424.0,0.8864053672108935,0.0756230000006326
pamap2_102_gapped,2,pmc_pair,impute,2,102,gapped,gapped,plugin,0.09377372817008352,5268,0.00686106346483705,583.0,0.10458911419423693,4685.0,0.0,159.0,0.009433962264150943,424.0,0.9946217552537003,
pamap2_102_gapped,2,pmc_pair,sem,0,102,gapped,complete,complete,0.131169324221716,5268,,,,,,,,,,
pamap2_102_gapped,2,pmc_pair,sem,0,102,gapped,gapped,linear,0.12946089597570234,5268,0.10634648370497427,583.0,0.13233724653148346,4685.0,0.0,159.0,0.14622641509433962,424.0,0.9495600897092065,
pamap2_102_gapped,2,pmc_pair,sem,0,102,gapped,gapped,locf,0.12718299164768412,5268,0.08576329331046312,583.0,0.13233724653148346,4685.0,0.0,159.0,0.1179245283018868,424.0,0.9780714207903102,
pamap2_102_gapped,2,pmc_pair,sem,0,102,gapped,gapped,marginalise,0.13325740318906606,5268,0.14065180102915953,583.0,0.13233724653148346,4685.0,0.0,159.0,0.19339622641509435,424.0,0.873699153196815,0.08005779200175311
pamap2_102_gapped,2,pmc_pair,sem,0,102,gapped,gapped,plugin,0.1326879271070615,5268,0.13550600343053174,583.0,0.13233724653148346,4685.0,0.0,159.0,0.18632075471698112,424.0,0.9528350141580977,
pamap2_102_gapped,2,pmc_pair,sem,1,102,gapped,complete,complete,0.1304100227790433,5268,,,,,,,,,,
pamap2_102_gapped,2,pmc_pair,sem,1,102,gapped,gapped,linear,0.1288914198936978,5268,0.10634648370497427,583.0,0.13169690501600853,4685.0,0.0,159.0,0.14622641509433962,424.0,0.9504819555449435,
pamap2_102_gapped,2,pmc_pair,sem,1,102,gapped,gapped,locf,0.12661351556567957,5268,0.08576329331046312,583.0,0.13169690501600853,4685.0,0.0,159.0,0.1179245283018868,424.0,0.9744255007674102,
pamap2_102_gapped,2,pmc_pair,sem,1,102,gapped,gapped,marginalise,0.13249810174639332,5268,0.13893653516295026,583.0,0.13169690501600853,4685.0,0.0,159.0,0.19103773584905662,424.0,0.8717790522264763,0.08162245800122037
pamap2_102_gapped,2,pmc_pair,sem,1,102,gapped,gapped,plugin,0.13211845102505695,5268,0.13550600343053174,583.0,0.13169690501600853,4685.0,0.0,159.0,0.18632075471698112,424.0,0.9510666655833876,
pamap2_102_gapped,2,pmc_pair,sem,2,102,gapped,complete,complete,0.12015945330296128,5268,,,,,,,,,,
pamap2_102_gapped,2,pmc_pair,sem,2,102,gapped,gapped,linear,0.11996962794229309,5268,0.029159519725557463,583.0,0.13127001067235858,4685.0,0.0,159.0,0.04009433962264151,424.0,0.9721689298927729,
pamap2_102_gapped,2,pmc_pair,sem,2,102,gapped,gapped,locf,0.11940015186028853,5268,0.030874785591766724,583.0,0.1304162219850587,4685.0,0.0,159.0,0.04245283018867924,424.0,0.9764295281610718,
pamap2_102_gapped,2,pmc_pair,sem,2,102,gapped,gapped,marginalise,0.1250949126803341,5268,0.032590051457975985,583.0,0.13660618996798293,4685.0,0.0,159.0,0.04481132075471698,424.0,0.9486470882923222,0.0793620420008665
pamap2_102_gapped,2,pmc_pair,sem,2,102,gapped,gapped,plugin,0.12015945330296128,5268,0.03773584905660377,583.0,0.1304162219850587,4685.0,0.0,159.0,0.05188679245283019,424.0,0.9721139918353539,
pamap2_102_gapped,2,pmc_state,available,0,102,gapped,complete,complete,0.15299924069855733,5268,,,,,,,,,,
pamap2_102_gapped,2,pmc_state,available,0,102,gapped,gapped,linear,0.14882308276385725,5268,0.14408233276157806,583.0,0.14941302027748132,4685.0,0.0,159.0,0.19811320754716982,424.0,0.9999523216683793,
pamap2_102_gapped,2,pmc_state,available,0,102,gapped,gapped,locf,0.13895216400911162,5268,0.0548885077186964,583.0,0.14941302027748132,4685.0,0.0,159.0,0.07547169811320754,424.0,0.9641807165712604,
pamap2_102_gapped,2,pmc_state,available,0,102,gapped,gapped,marginalise,0.15129081245254367,5268,0.1646655231560892,583.0,0.1496264674493063,4685.0,0.0,159.0,0.22641509433962265,424.0,0.937749955488472,0.07940925000002608
pamap2_102_gapped,2,pmc_state,available,0,102,gapped,gapped,plugin,0.15299924069855733,5268,0.1783876500857633,583.0,0.14983991462113128,4685.0,0.0,159.0,0.24528301886792453,424.0,0.9996877456490973,
pamap2_102_gapped,2,pmc_state,available,1,102,gapped,complete,complete,0.09396355353075171,5268,,,,,,,,,,
pamap2_102_gapped,2,pmc_state,available,1,102,gapped,gapped,linear,0.0863705391040243,5268,0.03945111492281304,583.0,0.09220917822838848,4685.0,0.0,159.0,0.054245283018867926,424.0,0.9942933231105325,
pamap2_102_gapped,2,pmc_state,available,1,102,gapped,gapped,locf,0.08181473044798786,5268,0.0,583.0,0.0919957310565635,4685.0,0.0,159.0,0.0,424.0,0.9999231221064331,
pamap2_102_gapped,2,pmc_state,available,1,102,gapped,gapped,marginalise,0.08257403189066059,5268,0.00686106346483705,583.0,0.0919957310565635,4685.0,0.0,159.0,0.009433962264150943,424.0,0.9098522284915321,0.0755668340025295
pamap2_102_gapped,2,pmc_state,available,1,102,gapped,gapped,plugin,0.08257403189066059,5268,0.00686106346483705,583.0,0.0919957310565635,4685.0,0.0,159.0,0.009433962264150943,424.0,0.9999874412738613,
pamap2_102_gapped,2,pmc_state,available,2,102,gapped,complete,complete,0.06643887623386484,5268,,,,,,,,,,
pamap2_102_gapped,2,pmc_state,available,2,102,gapped,gapped,linear,0.060744115413819286,5268,0.00686106346483705,583.0,0.06744930629669157,4685.0,0.0,159.0,0.009433962264150943,424.0,0.9999916204386283,
pamap2_102_gapped,2,pmc_state,available,2,102,gapped,gapped,locf,0.060744115413819286,5268,0.00686106346483705,583.0,0.06744930629669157,4685.0,0.0,159.0,0.009433962264150943,424.0,0.9980178823676911,
pamap2_102_gapped,2,pmc_state,available,2,102,gapped,gapped,marginalise,0.060744115413819286,5268,0.00686106346483705,583.0,0.06744930629669157,4685.0,0.0,159.0,0.009433962264150943,424.0,0.9474931306021533,0.07878554199851351
pamap2_102_gapped,2,pmc_state,available,2,102,gapped,gapped,plugin,0.060744115413819286,5268,0.00686106346483705,583.0,0.06744930629669157,4685.0,0.0,159.0,0.009433962264150943,424.0,0.9999947322902412,
pamap2_102_gapped,2,pmc_state,impute,0,102,gapped,complete,complete,0.15318906605922553,5268,,,,,,,,,,
pamap2_102_gapped,2,pmc_state,impute,0,102,gapped,gapped,linear,0.14901290812452544,5268,0.14408233276157806,583.0,0.1496264674493063,4685.0,0.0,159.0,0.19811320754716982,424.0,0.9999477075198084,
pamap2_102_gapped,2,pmc_state,impute,0,102,gapped,gapped,locf,0.1368640850417616,5268,0.036020583190394515,583.0,0.14941302027748132,4685.0,0.0,159.0,0.049528301886792456,424.0,0.985581604996992,
pamap2_102_gapped,2,pmc_state,impute,0,102,gapped,gapped,marginalise,0.15091116173120728,5268,0.1595197255574614,583.0,0.14983991462113128,4685.0,0.0,159.0,0.21933962264150944,424.0,0.9369993175121081,0.07698850000087987
pamap2_102_gapped,2,pmc_state,impute,0,102,gapped,gapped,plugin,0.15318906605922553,5268,0.1783876500857633,583.0,0.15005336179295625,4685.0,0.0,159.0,0.24528301886792453,424.0,0.9996175395208663,
pamap2_102_gapped,2,pmc_state,impute,1,102,gapped,complete,complete,0.09776006074411542,5268,,,,,,,,,,
pamap2_102_gapped,2,pmc_state,impute,1,102,gapped,gapped,linear,0.08978739559605163,5268,0.04288164665523156,583.0,0.09562433297758804,4685.0,0.0,159.0,0.0589622641509434,424.0,0.99437435703807,
pamap2_102_gapped,2,pmc_state,impute,1,102,gapped,gapped,locf,0.08485193621867881,5268,0.0,583.0,0.09541088580576307,4685.0,0.0,159.0,0.0,424.0,0.9999343859077165,
pamap2_102_gapped,2,pmc_state,impute,1,102,gapped,gapped,marginalise,0.08561123766135155,5268,0.00686106346483705,583.0,0.09541088580576307,4685.0,0.0,159.0,0.009433962264150943,424.0,0.9101725947373505,0.07195045799744548
pamap2_102_gapped,2,pmc_state,impute,1,102,gapped,gapped,plugin,0.08561123766135155,5268,0.00686106346483705,583.0,0.09541088580576307,4685.0,0.0,159.0,0.009433962264150943,424.0,0.9999818275899817,
pamap2_102_gapped,2,pmc_state,impute,2,102,gapped,complete,complete,0.0656795747911921,5268,,,,,,,,,,
pamap2_102_gapped,2,pmc_state,impute,2,102,gapped,gapped,linear,0.05922551252847381,5268,0.00686106346483705,583.0,0.06574172892209178,4685.0,0.0,159.0,0.009433962264150943,424.0,0.9999927159712821,
pamap2_102_gapped,2,pmc_state,impute,2,102,gapped,gapped,locf,0.05922551252847381,5268,0.00686106346483705,583.0,0.06574172892209178,4685.0,0.0,159.0,0.009433962264150943,424.0,0.9978013412505472,
pamap2_102_gapped,2,pmc_state,impute,2,102,gapped,gapped,marginalise,0.05922551252847381,5268,0.00686106346483705,583.0,0.06574172892209178,4685.0,0.0,159.0,0.009433962264150943,424.0,0.953445443665375,0.07887100000152714
pamap2_102_gapped,2,pmc_state,impute,2,102,gapped,gapped,plugin,0.05922551252847381,5268,0.00686106346483705,583.0,0.06574172892209178,4685.0,0.0,159.0,0.009433962264150943,424.0,0.9999948102586665,
pamap2_102_gapped,2,pmc_state,sem,0,102,gapped,complete,complete,0.16305998481397116,5268,,,,,,,,,,
pamap2_102_gapped,2,pmc_state,sem,0,102,gapped,gapped,linear,0.16381928625664388,5268,0.1783876500857633,583.0,0.16200640341515474,4685.0,0.0,159.0,0.24528301886792453,424.0,0.9994350049110823,
pamap2_102_gapped,2,pmc_state,sem,0,102,gapped,gapped,locf,0.16305998481397116,5268,0.17152658662092624,583.0,0.16200640341515474,4685.0,0.0,159.0,0.2358490566037736,424.0,0.9999653550011061,
pamap2_102_gapped,2,pmc_state,sem,0,102,gapped,gapped,marginalise,0.16381928625664388,5268,0.1783876500857633,583.0,0.16200640341515474,4685.0,0.0,159.0,0.24528301886792453,424.0,0.9631766797568986,0.07619233399964287
pamap2_102_gapped,2,pmc_state,sem,0,102,gapped,gapped,plugin,0.16362946089597571,5268,0.17667238421955403,583.0,0.16200640341515474,4685.0,0.0,159.0,0.2429245283018868,424.0,0.9989600707052724,
pamap2_102_gapped,2,pmc_state,sem,1,102,gapped,complete,complete,0.16381928625664388,5268,,,,,,,,,,
pamap2_102_gapped,2,pmc_state,sem,1,102,gapped,gapped,linear,0.16457858769931663,5268,0.1783876500857633,583.0,0.16286019210245464,4685.0,0.0,159.0,0.24528301886792453,424.0,0.999355032569806,
pamap2_102_gapped,2,pmc_state,sem,1,102,gapped,gapped,locf,0.16381928625664388,5268,0.17152658662092624,583.0,0.16286019210245464,4685.0,0.0,159.0,0.2358490566037736,424.0,0.9999812179629953,
pamap2_102_gapped,2,pmc_state,sem,1,102,gapped,gapped,marginalise,0.16457858769931663,5268,0.1783876500857633,583.0,0.16286019210245464,4685.0,0.0,159.0,0.24528301886792453,424.0,0.9672739578640438,0.07857862499804469
pamap2_102_gapped,2,pmc_state,sem,1,102,gapped,gapped,plugin,0.16438876233864844,5268,0.17667238421955403,583.0,0.16286019210245464,4685.0,0.0,159.0,0.2429245283018868,424.0,0.9989548935349628,
pamap2_102_gapped,2,pmc_state,sem,2,102,gapped,complete,complete,0.15641609719058466,5268,,,,,,,,,,
pamap2_102_gapped,2,pmc_state,sem,2,102,gapped,gapped,linear,0.15223993925588458,5268,0.14408233276157806,583.0,0.15325506937033084,4685.0,0.0,159.0,0.19811320754716982,424.0,0.9999426620418592,
pamap2_102_gapped,2,pmc_state,sem,2,102,gapped,gapped,locf,0.15148063781321183,5268,0.137221269296741,583.0,0.15325506937033084,4685.0,0.0,159.0,0.18867924528301888,424.0,0.9999124927360912,
pamap2_102_gapped,2,pmc_state,sem,2,102,gapped,gapped,marginalise,0.15641609719058466,5268,0.1783876500857633,583.0,0.1536819637139808,4685.0,0.0,159.0,0.24528301886792453,424.0,0.9484415900410555,0.07477333299902966
pamap2_102_gapped,2,pmc_state,sem,2,102,gapped,gapped,plugin,0.15641609719058466,5268,0.1783876500857633,583.0,0.1536819637139808,4685.0,0.0,159.0,0.24528301886792453,424.0,0.9996452601538548,
pamap2_102_gapped,3,hmc_in,available,0,102,gapped,complete,complete,0.3851556567957479,5268,,,,,,,,,,
pamap2_102_gapped,3,hmc_in,available,0,102,gapped,gapped,linear,0.3851556567957479,5268,0.5437392795883362,583.0,0.36542155816435434,4685.0,0.710691823899371,159.0,0.4811320754716981,424.0,0.9986760218328642,
pamap2_102_gapped,3,hmc_in,available,0,102,gapped,gapped,locf,0.3851556567957479,5268,0.5437392795883362,583.0,0.36542155816435434,4685.0,0.710691823899371,159.0,0.4811320754716981,424.0,0.9991155089046164,
pamap2_102_gapped,3,hmc_in,available,0,102,gapped,gapped,marginalise,0.3851556567957479,5268,0.5437392795883362,583.0,0.36542155816435434,4685.0,0.710691823899371,159.0,0.4811320754716981,424.0,0.8483889563474394,0.039892875000077765
pamap2_102_gapped,3,hmc_in,available,0,102,gapped,gapped,plugin,0.3851556567957479,5268,0.5437392795883362,583.0,0.36542155816435434,4685.0,0.710691823899371,159.0,0.4811320754716981,424.0,0.9994896547799357,
pamap2_102_gapped,3,hmc_in,available,1,102,gapped,complete,complete,0.3853454821564161,5268,,,,,,,,,,
pamap2_102_gapped,3,hmc_in,available,1,102,gapped,gapped,linear,0.3853454821564161,5268,0.5437392795883362,583.0,0.3656350053361793,4685.0,0.710691823899371,159.0,0.4811320754716981,424.0,0.9986674086108035,
pamap2_102_gapped,3,hmc_in,available,1,102,gapped,gapped,locf,0.3853454821564161,5268,0.5437392795883362,583.0,0.3656350053361793,4685.0,0.710691823899371,159.0,0.4811320754716981,424.0,0.9991210648183267,
pamap2_102_gapped,3,hmc_in,available,1,102,gapped,gapped,marginalise,0.3853454821564161,5268,0.5437392795883362,583.0,0.3656350053361793,4685.0,0.710691823899371,159.0,0.4811320754716981,424.0,0.8485819179221427,0.03973037499963539
pamap2_102_gapped,3,hmc_in,available,1,102,gapped,gapped,plugin,0.3853454821564161,5268,0.5437392795883362,583.0,0.3656350053361793,4685.0,0.710691823899371,159.0,0.4811320754716981,424.0,0.9994922527087902,
pamap2_102_gapped,3,hmc_in,available,2,102,gapped,complete,complete,0.3851556567957479,5268,,,,,,,,,,
pamap2_102_gapped,3,hmc_in,available,2,102,gapped,gapped,linear,0.3851556567957479,5268,0.5437392795883362,583.0,0.36542155816435434,4685.0,0.710691823899371,159.0,0.4811320754716981,424.0,0.9986804282522241,
pamap2_102_gapped,3,hmc_in,available,2,102,gapped,gapped,locf,0.3851556567957479,5268,0.5437392795883362,583.0,0.36542155816435434,4685.0,0.710691823899371,159.0,0.4811320754716981,424.0,0.9991176748364916,
pamap2_102_gapped,3,hmc_in,available,2,102,gapped,gapped,marginalise,0.3851556567957479,5268,0.5437392795883362,583.0,0.36542155816435434,4685.0,0.710691823899371,159.0,0.4811320754716981,424.0,0.8482788746884641,0.040608457999042
pamap2_102_gapped,3,hmc_in,available,2,102,gapped,gapped,plugin,0.3851556567957479,5268,0.5437392795883362,583.0,0.36542155816435434,4685.0,0.710691823899371,159.0,0.4811320754716981,424.0,0.9994879763885275,
pamap2_102_gapped,3,hmc_in,impute,0,102,gapped,complete,complete,0.38572513287775245,5268,,,,,,,,,,
pamap2_102_gapped,3,hmc_in,impute,0,102,gapped,gapped,linear,0.38572513287775245,5268,0.5437392795883362,583.0,0.3660618996798292,4685.0,0.710691823899371,159.0,0.4811320754716981,424.0,0.9986840342049124,
pamap2_102_gapped,3,hmc_in,impute,0,102,gapped,gapped,locf,0.38572513287775245,5268,0.5437392795883362,583.0,0.3660618996798292,4685.0,0.710691823899371,159.0,0.4811320754716981,424.0,0.9990295359923146,
pamap2_102_gapped,3,hmc_in,impute,0,102,gapped,gapped,marginalise,0.38572513287775245,5268,0.5437392795883362,583.0,0.3660618996798292,4685.0,0.710691823899371,159.0,0.4811320754716981,424.0,0.8483729622385546,0.039748665996739874
pamap2_102_gapped,3,hmc_in,impute,0,102,gapped,gapped,plugin,0.38572513287775245,5268,0.5437392795883362,583.0,0.3660618996798292,4685.0,0.710691823899371,159.0,0.4811320754716981,424.0,0.9994854491991318,
pamap2_102_gapped,3,hmc_in,impute,1,102,gapped,complete,complete,0.3853454821564161,5268,,,,,,,,,,
pamap2_102_gapped,3,hmc_in,impute,1,102,gapped,gapped,linear,0.3853454821564161,5268,0.5437392795883362,583.0,0.3656350053361793,4685.0,0.710691823899371,159.0,0.4811320754716981,424.0,0.9986701887968015,
pamap2_102_gapped,3,hmc_in,impute,1,102,gapped,gapped,locf,0.3853454821564161,5268,0.5437392795883362,583.0,0.3656350053361793,4685.0,0.710691823899371,159.0,0.4811320754716981,424.0,0.9990705832512167,
pamap2_102_gapped,3,hmc_in,impute,1,102,gapped,gapped,marginalise,0.3853454821564161,5268,0.5437392795883362,583.0,0.3656350053361793,4685.0,0.710691823899371,159.0,0.4811320754716981,424.0,0.8486459121694766,0.04276666700025089
pamap2_102_gapped,3,hmc_in,impute,1,102,gapped,gapped,plugin,0.3853454821564161,5268,0.5437392795883362,583.0,0.3656350053361793,4685.0,0.710691823899371,159.0,0.4811320754716981,424.0,0.9994894841637517,
pamap2_102_gapped,3,hmc_in,impute,2,102,gapped,complete,complete,0.38572513287775245,5268,,,,,,,,,,
pamap2_102_gapped,3,hmc_in,impute,2,102,gapped,gapped,linear,0.38572513287775245,5268,0.5437392795883362,583.0,0.3660618996798292,4685.0,0.710691823899371,159.0,0.4811320754716981,424.0,0.9986811857852776,
pamap2_102_gapped,3,hmc_in,impute,2,102,gapped,gapped,locf,0.38572513287775245,5268,0.5437392795883362,583.0,0.3660618996798292,4685.0,0.710691823899371,159.0,0.4811320754716981,424.0,0.9990672775418978,
pamap2_102_gapped,3,hmc_in,impute,2,102,gapped,gapped,marginalise,0.38572513287775245,5268,0.5437392795883362,583.0,0.3660618996798292,4685.0,0.710691823899371,159.0,0.4811320754716981,424.0,0.8485589534392193,0.04142162499920232
pamap2_102_gapped,3,hmc_in,impute,2,102,gapped,gapped,plugin,0.38572513287775245,5268,0.5437392795883362,583.0,0.3660618996798292,4685.0,0.710691823899371,159.0,0.4811320754716981,424.0,0.9995017341880706,
pamap2_102_gapped,3,hmc_in,sem,0,102,gapped,complete,complete,0.3819286256643888,5268,,,,,,,,,,
pamap2_102_gapped,3,hmc_in,sem,0,102,gapped,gapped,linear,0.3819286256643888,5268,0.5437392795883362,583.0,0.3617929562433298,4685.0,0.710691823899371,159.0,0.4811320754716981,424.0,0.9986962999522938,
pamap2_102_gapped,3,hmc_in,sem,0,102,gapped,gapped,locf,0.3819286256643888,5268,0.5437392795883362,583.0,0.3617929562433298,4685.0,0.710691823899371,159.0,0.4811320754716981,424.0,0.9994072975247699,
pamap2_102_gapped,3,hmc_in,sem,0,102,gapped,gapped,marginalise,0.3819286256643888,5268,0.5437392795883362,583.0,0.3617929562433298,4685.0,0.710691823899371,159.0,0.4811320754716981,424.0,0.8477229252636717,0.04086549999919953
pamap2_102_gapped,3,hmc_in,sem,0,102,gapped,gapped,plugin,0.3819286256643888,5268,0.5437392795883362,583.0,0.3617929562433298,4685.0,0.710691823899371,159.0,0.4811320754716981,424.0,0.9994286004060109,
pamap2_102_gapped,3,hmc_in,sem,1,102,gapped,complete,complete,0.3819286256643888,5268,,,,,,,,,,
pamap2_102_gapped,3,hmc_in,sem,1,102,gapped,gapped,linear,0.3819286256643888,5268,0.5437392795883362,583.0,0.3617929562433298,4685.0,0.710691823899371,159.0,0.4811320754716981,424.0,0.9987222976533112,
pamap2_102_gapped,3,hmc_in,sem,1,102,gapped,gapped,locf,0.3819286256643888,5268,0.5437392795883362,583.0,0.3617929562433298,4685.0,0.710691823899371,159.0,0.4811320754716981,424.0,0.9993820753590593,
pamap2_102_gapped,3,hmc_in,sem,1,102,gapped,gapped,marginalise,0.3819286256643888,5268,0.5437392795883362,583.0,0.3617929562433298,4685.0,0.710691823899371,159.0,0.4811320754716981,424.0,0.8470191685850378,0.03857429100025911
pamap2_102_gapped,3,hmc_in,sem,1,102,gapped,gapped,plugin,0.3819286256643888,5268,0.5437392795883362,583.0,0.3617929562433298,4685.0,0.710691823899371,159.0,0.4811320754716981,424.0,0.9994382616140107,
pamap2_102_gapped,3,hmc_in,sem,2,102,gapped,complete,complete,0.3813591495823842,5268,,,,,,,,,,
pamap2_102_gapped,3,hmc_in,sem,2,102,gapped,gapped,linear,0.3813591495823842,5268,0.5437392795883362,583.0,0.36115261472785487,4685.0,0.710691823899371,159.0,0.4811320754716981,424.0,0.9985989782817127,
pamap2_102_gapped,3,hmc_in,sem,2,102,gapped,gapped,locf,0.3813591495823842,5268,0.5437392795883362,583.0,0.36115261472785487,4685.0,0.710691823899371,159.0,0.4811320754716981,424.0,0.999478609056603,
pamap2_102_gapped,3,hmc_in,sem,2,102,gapped,gapped,marginalise,0.3813591495823842,5268,0.5437392795883362,583.0,0.36115261472785487,4685.0,0.710691823899371,159.0,0.4811320754716981,424.0,0.8478256027210967,0.04287458300314029
pamap2_102_gapped,3,hmc_in,sem,2,102,gapped,gapped,plugin,0.3813591495823842,5268,0.5437392795883362,583.0,0.36115261472785487,4685.0,0.710691823899371,159.0,0.4811320754716981,424.0,0.9994011140902098,
pamap2_102_gapped,3,pmc_pair,available,0,102,gapped,complete,complete,0.39882308276385725,5268,,,,,,,,,,
pamap2_102_gapped,3,pmc_pair,available,0,102,gapped,gapped,linear,0.4033788914198937,5268,0.5797598627787307,583.0,0.3814300960512273,4685.0,0.710691823899371,159.0,0.5306603773584906,424.0,0.9059695015830816,
pamap2_102_gapped,3,pmc_pair,available,0,102,gapped,gapped,locf,0.4058466211085801,5268,0.6037735849056604,583.0,0.3812166488794024,4685.0,0.710691823899371,159.0,0.5636792452830188,424.0,0.8631547340329615,
pamap2_102_gapped,3,pmc_pair,available,0,102,gapped,gapped,marginalise,0.3955960516324981,5268,0.516295025728988,583.0,0.38057630736392745,4685.0,0.710691823899371,159.0,0.44339622641509435,424.0,0.7524936293148328,0.10807183300130419
pamap2_102_gapped,3,pmc_pair,available,0,102,gapped,gapped,plugin,0.3957858769931663,5268,0.516295025728988,583.0,0.3807897545357524,4685.0,0.6918238993710691,159.0,0.45047169811320753,424.0,0.871936919053684,
pamap2_102_gapped,3,pmc_pair,available,1,102,gapped,complete,complete,0.35516324981017466,5268,,,,,,,,,,
pamap2_102_gapped,3,pmc_pair,available,1,102,gapped,gapped,linear,0.3572513287775247,5268,0.38250428816466553,583.0,0.35410885805763076,4685.0,0.33962264150943394,159.0,0.39858490566037735,424.0,0.9276540957336991,
pamap2_102_gapped,3,pmc_pair,available,1,102,gapped,gapped,locf,0.3686408504176158,5268,0.4614065180102916,583.0,0.3570971184631804,4685.0,0.24528301886792453,159.0,0.5424528301886793,424.0,0.9000344949708187,
pamap2_102_gapped,3,pmc_pair,available,1,102,gapped,gapped,marginalise,0.3545937737281701,5268,0.3018867924528302,583.0,0.36115261472785487,4685.0,0.3270440251572327,159.0,0.29245283018867924,424.0,0.8504223920844953,0.10529495800074073
pamap2_102_gapped,3,pmc_pair,available,1,102,gapped,gapped,plugin,0.35402429764616555,5268,0.31046312178387653,583.0,0.35944503735325506,4685.0,0.3836477987421384,159.0,0.2830188679245283,424.0,0.9672984023458994,
pamap2_102_gapped,3,pmc_pair,available,2,102,gapped,complete,complete,0.39996203492786636,5268,,,,,,,,,,
pamap2_102_gapped,3,pmc_pair,available,2,102,gapped,gapped,linear,0.4022399392558846,5268,0.3876500857632933,583.0,0.4040554962646745,4685.0,0.32075471698113206,159.0,0.41273584905660377,424.0,0.8965086181744978,
pamap2_102_gapped,3,pmc_pair,available,2,102,gapped,gapped,locf,0.39939255884586183,5268,0.3979416809605489,583.0,0.39957310565635007,4685.0,0.32075471698113206,159.0,0.4268867924528302,424.0,0.8920574675390253,
pamap2_102_gapped,3,pmc_pair,available,2,102,gapped,gapped,marginalise,0.38895216400911165,5268,0.30017152658662094,583.0,0.4,4685.0,0.3081761006289308,159.0,0.2971698113207547,424.0,0.8024348385557333,0.1104235000020708
pamap2_102_gapped,3,pmc_pair,available,2,102,gapped,gapped,plugin,0.389331814730448,5268,0.30360205831903947,583.0,0.4,4685.0,0.34591194968553457,159.0,0.28773584905660377,424.0,0.939391604273245,
pamap2_102_gapped,3,pmc_pair,impute,0,102,gapped,complete,complete,0.39977220956719817,5268,,,,,,,,,,
pamap2_102_gapped,3,pmc_pair,impute,0,102,gapped,gapped,linear,0.4086940015186029,5268,0.6209262435677531,583.0,0.3822838847385272,4685.0,0.710691823899371,159.0,0.5872641509433962,424.0,0.8686781467498297,
pamap2_102_gapped,3,pmc_pair,impute,0,102,gapped,gapped,locf,0.41154138192862566,5268,0.6449399656946827,583.0,0.3824973319103522,4685.0,0.7169811320754716,159.0,0.6179245283018868,424.0,0.8172661873900562,
pamap2_102_gapped,3,pmc_pair,impute,0,102,gapped,gapped,marginalise,0.39654517843583903,5268,0.5180102915951973,583.0,0.3814300960512273,4685.0,0.710691823899371,159.0,0.44575471698113206,424.0,0.7318663779593934,0.10075433299789438
pamap2_102_gapped,3,pmc_pair,impute,0,102,gapped,gapped,plugin,0.3982536066818527,5268,0.5300171526586621,583.0,0.38185699039487725,4685.0,0.6918238993710691,159.0,0.4693396226415094,424.0,0.8254203266700495,
pamap2_102_gapped,3,pmc_pair,sem,0,102,gapped,complete,complete,0.4056567957479119,5268,,,,,,,,,,
pamap2_102_gapped,3,pmc_pair,sem,0,102,gapped,gapped,linear,0.4145785876993166,5268,0.6329331046312179,583.0,0.3874066168623266,4685.0,0.710691823899371,159.0,0.6037735849056604,424.0,0.857252932761844,
pamap2_102_gapped,3,pmc_pair,sem,0,102,gapped,gapped,locf,0.417046317388003,5268,0.6518010291595198,583.0,0.38783351120597653,4685.0,0.7421383647798742,159.0,0.6179245283018868,424.0,0.8041641702103061,
pamap2_102_gapped,3,pmc_pair,sem,0,102,gapped,gapped,marginalise,0.39996203492786636,5268,0.5077186963979416,583.0,0.3865528281750267,4685.0,0.710691823899371,159.0,0.43160377358490565,424.0,0.7107240865524362,0.11065704200154869
pamap2_102_gapped,3,pmc_pair,sem,0,102,gapped,gapped,plugin,0.4056567957479119,5268,0.5540308747855918,583.0,0.3871931696905016,4685.0,0.7044025157232704,159.0,0.49764150943396224,424.0,0.8044394330620862,
pamap2_102_gapped,3,pmc_state,available,0,102,gapped,complete,complete,0.3916097190584662,5268,,,,,,,,,,
pamap2_102_gapped,3,pmc_state,available,0,102,gapped,gapped,linear,0.3916097190584662,5268,0.5437392795883362,583.0,0.37267876200640343,4685.0,0.710691823899371,159.0,0.4811320754716981,424.0,0.9984409366051682,
pamap2_102_gapped,3,pmc_state,available,0,102,gapped,gapped,locf,0.3916097190584662,5268,0.5437392795883362,583.0,0.37267876200640343,4685.0,0.710691823899371,159.0,0.4811320754716981,424.0,0.9994156973915979,
pamap2_102_gapped,3,pmc_state,available,0,102,gapped,gapped,marginalise,0.3927486712224753,5268,0.5437392795883362,583.0,0.37395944503735323,4685.0,0.710691823899371,159.0,0.4811320754716981,424.0,0.9207684607607414,0.09509612500187359
pamap2_102_gapped,3,pmc_state,available,0,102,gapped,gapped,plugin,0.3916097190584662,5268,0.5437392795883362,583.0,0.37267876200640343,4685.0,0.710691823899371,159.0,0.4811320754716981,424.0,0.999346117530395,
pamap2_102_gapped,3,pmc_state,available,1,102,gapped,complete,complete,0.3621867881548975,5268,,,,,,,,,,
pamap2_102_gapped,3,pmc_state,available,1,102,gapped,gapped,linear,0.35117691723614275,5268,0.37735849056603776,583.0,0.3479188900747065,4685.0,0.27044025157232704,159.0,0.41745283018867924,424.0,0.9788799160315388,
pamap2_102_gapped,3,pmc_state,available,1,102,gapped,gapped,locf,0.35516324981017466,5268,0.41852487135506006,583.0,0.34727854855923157,4685.0,0.25157232704402516,159.0,0.4811320754716981,424.0,0.9781922643427815,
pamap2_102_gapped,3,pmc_state,available,1,102,gapped,gapped,marginalise,0.34870918754745633,5268,0.2933104631217839,583.0,0.35560298826040554,4685.0,0.2893081761006289,159.0,0.294811320754717,424.0,0.8988074845214472,0.0900492500004475
pamap2_102_gapped,3,pmc_state,available,1,102,gapped,gapped,plugin,0.3572513287775247,5268,0.34305317324185247,583.0,0.3590181430096051,4685.0,0.389937106918239,159.0,0.32547169811320753,424.0,0.9812149218591175,
pamap2_102_gapped,3,pmc_state,available,2,102,gapped,complete,complete,0.3597190584662111,5268,,,,,,,,,,
pamap2_102_gapped,3,pmc_state,available,2,102,gapped,gapped,linear,0.34870918754745633,5268,0.37735849056603776,583.0,0.34514407684098186,4685.0,0.27044025157232704,159.0,0.41745283018867924,424.0,0.9775039237754217,
pamap2_102_gapped,3,pmc_state,available,2,102,gapped,gapped,locf,0.35269552012148825,5268,0.41852487135506006,583.0,0.34450373532550693,4685.0,0.25157232704402516,159.0,0.4811320754716981,424.0,0.9729030804812909,
pamap2_102_gapped,3,pmc_state,available,2,102,gapped,gapped,marginalise,0.35136674259681094,5268,0.3276157804459691,583.0,0.35432230522945574,4685.0,0.34591194968553457,159.0,0.32075471698113206,424.0,0.8887021329173096,0.08841466599915293
pamap2_102_gapped,3,pmc_state,available,2,102,gapped,gapped,plugin,0.3597190584662111,5268,0.3704974271012007,583.0,0.3583778014941302,4685.0,0.4528301886792453,159.0,0.33962264150943394,424.0,0.9838326298124271,
pamap2_102_gapped,3,pmc_state,impute,0,102,gapped,complete,complete,0.392369020501139,5268,,,,,,,,,,
pamap2_102_gapped,3,pmc_state,impute,0,102,gapped,gapped,linear,0.392369020501139,5268,0.5437392795883362,583.0,0.37353255069370334,4685.0,0.710691823899371,159.0,0.4811320754716981,424.0,0.9984354378957211,
pamap2_102_gapped,3,pmc_state,impute,0,102,gapped,gapped,locf,0.392369020501139,5268,0.5437392795883362,583.0,0.37353255069370334,4685.0,0.710691823899371,159.0,0.4811320754716981,424.0,0.9993376917593798,
pamap2_102_gapped,3,pmc_state,impute,0,102,gapped,gapped,marginalise,0.392369020501139,5268,0.5437392795883362,583.0,0.37353255069370334,4685.0,0.710691823899371,159.0,0.4811320754716981,424.0,0.9219523313432526,0.08823912499792641
pamap2_102_gapped,3,pmc_state,impute,0,102,gapped,gapped,plugin,0.392369020501139,5268,0.5437392795883362,583.0,0.37353255069370334,4685.0,0.710691823899371,159.0,0.4811320754716981,424.0,0.9993030549544493,
pamap2_102_gapped,3,pmc_state,sem,0,102,gapped,complete,complete,0.3908504176157935,5268,,,,,,,,,,
pamap2_102_gapped,3,pmc_state,sem,0,102,gapped,gapped,linear,0.3935079726651481,5268,0.5437392795883362,583.0,0.37481323372465314,4685.0,0.710691823899371,159.0,0.4811320754716981,424.0,0.9983566301666322,
pamap2_102_gapped,3,pmc_state,sem,0,102,gapped,gapped,locf,0.3935079726651481,5268,0.5437392795883362,583.0,0.37481323372465314,4685.0,0.710691823899371,159.0,0.4811320754716981,424.0,0.9991732768232328,
pamap2_102_gapped,3,pmc_state,sem,0,102,gapped,gapped,marginalise,0.3946469248291572,5268,0.5437392795883362,583.0,0.376093916755603,4685.0,0.710691823899371,159.0,0.4811320754716981,424.0,0.9266232636857624,0.09707266699842876
pamap2_102_gapped,3,pmc_state,sem,0,102,gapped,gapped,plugin,0.3935079726651481,5268,0.5437392795883362,583.0,0.37481323372465314,4685.0,0.710691823899371,159.0,0.4811320754716981,424.0,0.9991159687833863,
pamap2_105_complete,2,hmc_in,complete,0,105,complete,complete,complete,0.2145741556534508,5448,,,,,,,,,,
pamap2_105_complete,2,hmc_in,complete,0,105,complete,gapped,linear,0.2116372980910426,5448,0.2057057057057057,666.0,0.2124634044332915,4782.0,0.020618556701030927,97.0,0.23725834797891038,569.0,0.991113839766655,
pamap2_105_complete,2,hmc_in,complete,0,105,complete,gapped,locf,0.21420704845814978,5448,0.22672672672672672,666.0,0.2124634044332915,4782.0,0.020618556701030927,97.0,0.2618629173989455,569.0,0.9988202430299988,
pamap2_105_complete,2,hmc_in,complete,0,105,complete,gapped,marginalise,0.21420704845814978,5448,0.22522522522522523,666.0,0.21267252195734002,4782.0,0.020618556701030927,97.0,0.2601054481546573,569.0,0.936715362741757,0.03378937500019674
pamap2_105_complete,2,hmc_in,complete,0,105,complete,gapped,plugin,0.21420704845814978,5448,0.22522522522522523,666.0,0.21267252195734002,4782.0,0.020618556701030927,97.0,0.2601054481546573,569.0,0.994421063445005,
pamap2_105_complete,2,hmc_in,complete,1,105,complete,complete,complete,0.21383994126284875,5448,,,,,,,,,,
pamap2_105_complete,2,hmc_in,complete,1,105,complete,gapped,linear,0.21071953010279001,5448,0.2042042042042042,666.0,0.21162693433709745,4782.0,0.020618556701030927,97.0,0.23550087873462214,569.0,0.9907768269832475,
pamap2_105_complete,2,hmc_in,complete,1,105,complete,gapped,locf,0.21347283406754772,5448,0.22672672672672672,666.0,0.21162693433709745,4782.0,0.020618556701030927,97.0,0.2618629173989455,569.0,0.9986525439200286,
pamap2_105_complete,2,hmc_in,complete,1,105,complete,gapped,marginalise,0.21347283406754772,5448,0.22522522522522523,666.0,0.21183605186114596,4782.0,0.020618556701030927,97.0,0.2601054481546573,569.0,0.9364729326872604,0.034264750000147615
pamap2_105_complete,2,hmc_in,complete,1,105,complete,gapped,plugin,0.2132892804698972,5448,0.22372372372372373,666.0,0.21183605186114596,4782.0,0.020618556701030927,97.0,0.2583479789103691,569.0,0.994243438556233,
pamap2_105_complete,2,hmc_in,complete,2,105,complete,complete,complete,0.21383994126284875,5448,,,,,,,,,,
pamap2_105_complete,2,hmc_in,complete,2,105,complete,gapped,linear,0.21071953010279001,5448,0.2042042042042042,666.0,0.21162693433709745,4782.0,0.020618556701030927,97.0,0.23550087873462214,569.0,0.9907926591995517,
pamap2_105_complete,2,hmc_in,complete,2,105,complete,gapped,locf,0.21347283406754772,5448,0.22672672672672672,666.0,0.21162693433709745,4782.0,0.020618556701030927,97.0,0.2618629173989455,569.0,0.9986614088373805,
pamap2_105_complete,2,hmc_in,complete,2,105,complete,gapped,marginalise,0.21347283406754772,5448,0.22522522522522523,666.0,0.21183605186114596,4782.0,0.020618556701030927,97.0,0.2601054481546573,569.0,0.9364840867788548,0.033198084001924144
pamap2_105_complete,2,hmc_in,complete,2,105,complete,gapped,plugin,0.2132892804698972,5448,0.22372372372372373,666.0,0.21183605186114596,4782.0,0.020618556701030927,97.0,0.2583479789103691,569.0,0.9942477788883183,
pamap2_105_complete,2,pmc_pair,complete,0,105,complete,complete,complete,0.24981644640234948,5448,,,,,,,,,,
pamap2_105_complete,2,pmc_pair,complete,0,105,complete,gapped,linear,0.24651248164464024,5448,0.22522522522522523,666.0,0.2494772061898787,4782.0,0.020618556701030927,97.0,0.2601054481546573,569.0,0.9602810981317735,
pamap2_105_complete,2,pmc_pair,complete,0,105,complete,gapped,locf,0.24706314243759178,5448,0.22972972972972974,666.0,0.2494772061898787,4782.0,0.020618556701030927,97.0,0.26537785588752194,569.0,0.9570122049769451,
pamap2_105_complete,2,pmc_pair,complete,0,105,complete,gapped,marginalise,0.24669603524229075,5448,0.22372372372372373,666.0,0.24989544123797575,4782.0,0.020618556701030927,97.0,0.2583479789103691,569.0,0.8874986549398711,0.06509287500011851
pamap2_105_complete,2,pmc_pair,complete,0,105,complete,gapped,plugin,0.24632892804698972,5448,0.22072072072072071,666.0,0.24989544123797575,4782.0,0.020618556701030927,97.0,0.2548330404217926,569.0,0.9658890509962172,
pamap2_105_complete,2,pmc_pair,complete,1,105,complete,complete,complete,0.11215124816446402,5448,,,,,,,,,,
pamap2_105_complete,2,pmc_pair,complete,1,105,complete,gapped,linear,0.11655653450807636,5448,0.1921921921921922,666.0,0.10602258469259725,4782.0,0.020618556701030927,97.0,0.22144112478031636,569.0,0.9720173619656423,
pamap2_105_complete,2,pmc_pair,complete,1,105,complete,gapped,locf,0.12004405286343613,5448,0.2132132132132132,666.0,0.10706817231283981,4782.0,0.020618556701030927,97.0,0.2460456942003515,569.0,0.9852467158512446,
pamap2_105_complete,2,pmc_pair,complete,1,105,complete,gapped,marginalise,0.11472099853157122,5448,0.1996996996996997,666.0,0.1028858218318695,4782.0,0.020618556701030927,97.0,0.23022847100175747,569.0,0.8545281856344733,0.06837887499932549
pamap2_105_complete,2,pmc_pair,complete,1,105,complete,gapped,plugin,0.11820851688693099,5448,0.2057057057057057,666.0,0.10602258469259725,4782.0,0.020618556701030927,97.0,0.23725834797891038,569.0,0.9688285540587859,
pamap2_105_complete,2,pmc_pair,complete,2,105,complete,complete,complete,0.45686490455212925,5448,,,,,,,,,,
pamap2_105_complete,2,pmc_pair,complete,2,105,complete,gapped,linear,0.4451174743024963,5448,0.23573573573573572,666.0,0.4742785445420326,4782.0,0.07216494845360824,97.0,0.26362038664323373,569.0,0.99182059370624,
pamap2_105_complete,2,pmc_pair,complete,2,105,complete,gapped,locf,0.447503671071953,5448,0.23873873873873874,666.0,0.4765788373065663,4782.0,0.08247422680412371,97.0,0.26537785588752194,569.0,0.9887280475348471,
pamap2_105_complete,2,pmc_pair,complete,2,105,complete,gapped,marginalise,0.47026431718061673,5448,0.3918918918918919,666.0,0.48117942283563364,4782.0,0.05154639175257732,97.0,0.44991212653778556,569.0,0.810742313971328,0.06551391599714407
pamap2_105_complete,2,pmc_pair,complete,2,105,complete,gapped,plugin,0.44805433186490456,5448,0.24774774774774774,666.0,0.4759514847344207,4782.0,0.07216494845360824,97.0,0.27768014059753954,569.0,0.981581025589969,
pamap2_105_complete,2,pmc_state,complete,0,105,complete,complete,complete,0.20080763582966227,5448,,,,,,,,,,
pamap2_105_complete,2,pmc_state,complete,0,105,complete,gapped,linear,0.197136563876652,5448,0.2057057057057057,666.0,0.19594312003345882,4782.0,0.020618556701030927,97.0,0.23725834797891038,569.0,0.9908844383472066,
pamap2_105_complete,2,pmc_state,complete,0,105,complete,gapped,locf,0.20374449339207049,5448,0.25675675675675674,666.0,0.19636135508155583,4782.0,0.020618556701030927,97.0,0.29701230228471004,569.0,0.9902878238133774,
pamap2_105_complete,2,pmc_state,complete,0,105,complete,gapped,marginalise,0.19933920704845814,5448,0.21921921921921922,666.0,0.19657047260560434,4782.0,0.020618556701030927,97.0,0.2530755711775044,569.0,0.9466620161875808,0.0631774170033168
pamap2_105_complete,2,pmc_state,complete,0,105,complete,gapped,plugin,0.1973201174743025,5448,0.20270270270270271,666.0,0.19657047260560434,4782.0,0.020618556701030927,97.0,0.23374340949033393,569.0,0.9884857975667215,
pamap2_105_complete,2,pmc_state,complete,1,105,complete,complete,complete,0.08590308370044053,5448,,,,,,,,,,
pamap2_105_complete,2,pmc_state,complete,1,105,complete,gapped,linear,0.10150513950073421,5448,0.21771771771771772,666.0,0.08531994981179424,4782.0,0.020618556701030927,97.0,0.2513181019332162,569.0,0.9802952755511573,
pamap2_105_complete,2,pmc_state,complete,1,105,complete,gapped,locf,0.10223935389133627,5448,0.24174174174174173,666.0,0.08281053952321205,4782.0,0.020618556701030927,97.0,0.27943760984182775,569.0,0.9862882941246351,
pamap2_105_complete,2,pmc_state,complete,1,105,complete,gapped,marginalise,0.07911160058737152,5448,0.15615615615615616,666.0,0.06838143036386449,4782.0,0.0,97.0,0.1827768014059754,569.0,0.9199434416843119,0.06121983299817657
pamap2_105_complete,2,pmc_state,complete,1,105,complete,gapped,plugin,0.0868208516886931,5448,0.15315315315315314,666.0,0.07758260142199916,4782.0,0.0,97.0,0.17926186291739896,569.0,0.9844834526167555,
pamap2_105_complete,2,pmc_state,complete,2,105,complete,complete,complete,0.4418135095447871,5448,,,,,,,,,,
pamap2_105_complete,2,pmc_state,complete,2,105,complete,gapped,linear,0.42841409691629956,5448,0.23423423423423423,666.0,0.45545796737766625,4782.0,0.061855670103092786,97.0,0.26362038664323373,569.0,0.9940823904461827,
pamap2_105_complete,2,pmc_state,complete,2,105,complete,gapped,locf,0.42951541850220265,5448,0.23423423423423423,666.0,0.45671267252195735,4782.0,0.061855670103092786,97.0,0.26362038664323373,569.0,0.9885249065270616,
pamap2_105_complete,2,pmc_state,complete,2,105,complete,gapped,marginalise,0.4484214390602056,5448,0.38288288288288286,666.0,0.4575491426181514,4782.0,0.041237113402061855,97.0,0.44112478031634444,569.0,0.804731528687518,0.06258729199907975
pamap2_105_complete,2,pmc_state,complete,2,105,complete,gapped,plugin,0.42841409691629956,5448,0.23423423423423423,666.0,0.45545796737766625,4782.0,0.061855670103092786,97.0,0.26362038664323373,569.0,0.9916652445807703,
pamap2_105_complete,3,hmc_in,complete,0,105,complete,complete,complete,0.43630690161527164,5448,,,,,,,,,,
pamap2_105_complete,3,hmc_in,complete,0,105,complete,gapped,linear,0.4500734214390602,5448,0.35735735735735735,666.0,0.4629861982434128,4782.0,0.07216494845360824,97.0,0.40597539543058,569.0,0.9809042503893591,
pamap2_105_complete,3,hmc_in,complete,0,105,complete,gapped,locf,0.44676945668135093,5448,0.33183183183183185,666.0,0.4627770807193643,4782.0,0.08247422680412371,97.0,0.37434094903339193,569.0,0.9914085574170809,
pamap2_105_complete,3,hmc_in,complete,0,105,complete,gapped,marginalise,0.44107929515418504,5448,0.2897897897897898,666.0,0.4621497281472187,4782.0,0.061855670103092786,97.0,0.3286467486818981,569.0,0.917926017780662,0.03295862499726354
pamap2_105_complete,3,hmc_in,complete,0,105,complete,gapped,plugin,0.44052863436123346,5448,0.2882882882882883,666.0,0.4617314930991217,4782.0,0.061855670103092786,97.0,0.3268892794376098,569.0,0.9936315432640143,
pamap2_105_complete,3,hmc_in,complete,1,105,complete,complete,complete,0.43630690161527164,5448,,,,,,,,,,
pamap2_105_complete,3,hmc_in,complete,1,105,complete,gapped,linear,0.4500734214390602,5448,0.35735735735735735,666.0,0.4629861982434128,4782.0,0.07216494845360824,97.0,0.40597539543058,569.0,0.9809194832757795,
pamap2_105_complete,3,hmc_in,complete,1,105,complete,gapped,locf,0.4469530102790015,5448,0.3333333333333333,666.0,0.4627770807193643,4782.0,0.08247422680412371,97.0,0.37609841827768015,569.0,0.9914368169083023,
pamap2_105_complete,3,hmc_in,complete,1,105,complete,gapped,marginalise,0.44107929515418504,5448,0.2897897897897898,666.0,0.4621497281472187,4782.0,0.061855670103092786,97.0,0.3286467486818981,569.0,0.9178408350156255,0.033553417000803165
pamap2_105_complete,3,hmc_in,complete,1,105,complete,gapped,plugin,0.44052863436123346,5448,0.2882882882882883,666.0,0.4617314930991217,4782.0,0.061855670103092786,97.0,0.3268892794376098,569.0,0.9936341645790191,
pamap2_105_complete,3,hmc_in,complete,2,105,complete,complete,complete,0.43740822320117473,5448,,,,,,,,,,
pamap2_105_complete,3,hmc_in,complete,2,105,complete,gapped,linear,0.4511747430249633,5448,0.35735735735735735,666.0,0.4642409033877039,4782.0,0.07216494845360824,97.0,0.40597539543058,569.0,0.980975717656369,
pamap2_105_complete,3,hmc_in,complete,2,105,complete,gapped,locf,0.44805433186490456,5448,0.3333333333333333,666.0,0.4640317858636554,4782.0,0.08247422680412371,97.0,0.37609841827768015,569.0,0.9915771513625042,
pamap2_105_complete,3,hmc_in,complete,2,105,complete,gapped,marginalise,0.4423641703377386,5448,0.2897897897897898,666.0,0.46361355081555833,4782.0,0.061855670103092786,97.0,0.3286467486818981,569.0,0.9174891774957065,0.034166790999734076
pamap2_105_complete,3,hmc_in,complete,2,105,complete,gapped,plugin,0.44162995594713655,5448,0.2882882882882883,666.0,0.4629861982434128,4782.0,0.061855670103092786,97.0,0.3268892794376098,569.0,0.9936420090536289,
pamap2_105_complete,3,pmc_pair,complete,0,105,complete,complete,complete,0.4829295154185022,5448,,,,,,,,,,
pamap2_105_complete,3,pmc_pair,complete,0,105,complete,gapped,linear,0.47999265785609396,5448,0.46396396396396394,666.0,0.4822250104558762,4782.0,0.15463917525773196,97.0,0.5166959578207382,569.0,0.7704057621526585,
pamap2_105_complete,3,pmc_pair,complete,0,105,complete,gapped,locf,0.486417033773862,5448,0.515015015015015,666.0,0.48243412797992474,4782.0,0.20618556701030927,97.0,0.5676625659050967,569.0,0.7866164436370797,
pamap2_105_complete,3,pmc_pair,complete,0,105,complete,gapped,marginalise,0.4665932452276065,5448,0.37537537537537535,666.0,0.479297365119197,4782.0,0.17525773195876287,97.0,0.4094903339191564,569.0,0.8496487916482993,0.08979904199804878
pamap2_105_complete,3,pmc_pair,complete,0,105,complete,gapped,plugin,0.47815712187958886,5448,0.4519519519519519,666.0,0.48180677540777916,4782.0,0.31958762886597936,97.0,0.47451669595782076,569.0,0.8581538960903378,
pamap2_105_complete,3,pmc_pair,complete,1,105,complete,complete,complete,0.3311306901615272,5448,,,,,,,,,,
pamap2_105_complete,3,pmc_pair,complete,1,105,complete,gapped,linear,0.3487518355359765,5448,0.4219219219219219,666.0,0.33856127143454623,4782.0,0.061855670103092786,97.0,0.4833040421792619,569.0,0.9383065395820517,
pamap2_105_complete,3,pmc_pair,complete,1,105,complete,gapped,locf,0.35058737151248165,5448,0.43543543543543545,666.0,0.33877038895859474,4782.0,0.05154639175257732,97.0,0.5008787346221442,569.0,0.9535031317107324,
pamap2_105_complete,3,pmc_pair,complete,1,105,complete,gapped,marginalise,0.3305800293685756,5448,0.3033033033033033,666.0,0.3343789209535759,4782.0,0.061855670103092786,97.0,0.3444639718804921,569.0,0.7833856139207798,0.08728049999990617
pamap2_105_complete,3,pmc_pair,complete,1,105,complete,gapped,plugin,0.3388399412628488,5448,0.3633633633633634,666.0,0.3354245085738185,4782.0,0.061855670103092786,97.0,0.4147627416520211,569.0,0.9169750777278346,
pamap2_105_complete,3,pmc_pair,complete,2,105,complete,complete,complete,0.434287812041116,5448,,,,,,,,,,
pamap2_105_complete,3,pmc_pair,complete,2,105,complete,gapped,linear,0.4298825256975037,5448,0.3858858858858859,666.0,0.4360100376411543,4782.0,0.07216494845360824,97.0,0.43936731107205623,569.0,0.8313103618125823,
pamap2_105_complete,3,pmc_pair,complete,2,105,complete,gapped,locf,0.4359397944199706,5448,0.4294294294294294,666.0,0.4368465077373484,4782.0,0.1134020618556701,97.0,0.4833040421792619,569.0,0.8442535142500847,
pamap2_105_complete,3,pmc_pair,complete,2,105,complete,gapped,marginalise,0.421071953010279,5448,0.3213213213213213,666.0,0.4349644500209118,4782.0,0.15463917525773196,97.0,0.34973637961335674,569.0,0.7198312630477905,0.08854562499982421
pamap2_105_complete,3,pmc_pair,complete,2,105,complete,gapped,plugin,0.4254772393538913,5448,0.33783783783783783,666.0,0.43768297783354243,4782.0,0.17525773195876287,97.0,0.3655536028119508,569.0,0.8848452385397051,
pamap2_105_complete,3,pmc_state,complete,0,105,complete,complete,complete,0.5436857562408223,5448,,,,,,,,,,
pamap2_105_complete,3,pmc_state,complete,0,105,complete,gapped,linear,0.5330396475770925,5448,0.2912912912912913,666.0,0.5667084901714764,4782.0,0.07216494845360824,97.0,0.3286467486818981,569.0,0.9509466865378028,
pamap2_105_complete,3,pmc_state,complete,0,105,complete,gapped,locf,0.5447870778267254,5448,0.3138138138138138,666.0,0.5769552488498536,4782.0,0.07216494845360824,97.0,0.35500878734622143,569.0,0.9387665831682471,
pamap2_105_complete,3,pmc_state,complete,0,105,complete,gapped,marginalise,0.5416666666666666,5448,0.5900900900900901,666.0,0.534922626516102,4782.0,0.9587628865979382,97.0,0.5272407732864675,569.0,0.9327276352969489,0.07281275000059395
pamap2_105_complete,3,pmc_state,complete,0,105,complete,gapped,plugin,0.5381791483113069,5448,0.3408408408408408,666.0,0.5656629025512337,4782.0,0.07216494845360824,97.0,0.3866432337434095,569.0,0.9698574311787201,
pamap2_105_complete,3,pmc_state,complete,1,105,complete,complete,complete,0.38472834067547723,5448,,,,,,,,,,
pamap2_105_complete,3,pmc_state,complete,1,105,complete,gapped,linear,0.3986784140969163,5448,0.4099099099099099,666.0,0.3971141781681305,4782.0,0.08247422680412371,97.0,0.46572934973637964,569.0,0.994743352931817,
pamap2_105_complete,3,pmc_state,complete,1,105,complete,gapped,locf,0.3995961820851689,5448,0.4174174174174174,666.0,0.3971141781681305,4782.0,0.08247422680412371,97.0,0.47451669595782076,569.0,0.9935202764283132,
pamap2_105_complete,3,pmc_state,complete,1,105,complete,gapped,marginalise,0.3838105726872247,5448,0.3138138138138138,666.0,0.39355918025930575,4782.0,0.07216494845360824,97.0,0.35500878734622143,569.0,0.9763627365604408,0.07345079199876636
pamap2_105_complete,3,pmc_state,complete,1,105,complete,gapped,plugin,0.38472834067547723,5448,0.3213213213213213,666.0,0.39355918025930575,4782.0,0.07216494845360824,97.0,0.36379613356766255,569.0,0.9981816032034619,
pamap2_105_complete,3,pmc_state,complete,2,105,complete,complete,complete,0.5530469897209985,5448,,,,,,,,,,
pamap2_105_complete,3,pmc_state,complete,2,105,complete,gapped,linear,0.5357929515418502,5448,0.3333333333333333,666.0,0.5639899623588457,4782.0,0.07216494845360824,97.0,0.37785588752196836,569.0,0.9530313438363985,
pamap2_105_complete,3,pmc_state,complete,2,105,complete,gapped,locf,0.5580029368575624,5448,0.3963963963963964,666.0,0.5805102467586783,4782.0,0.07216494845360824,97.0,0.45166959578207383,569.0,0.9447212573577283,
pamap2_105_complete,3,pmc_state,complete,2,105,complete,gapped,marginalise,0.5469897209985316,5448,0.5900900900900901,666.0,0.540987034713509,4782.0,0.9587628865979382,97.0,0.5272407732864675,569.0,0.9357771665235567,0.07902549999926123
pamap2_105_complete,3,pmc_state,complete,2,105,complete,gapped,plugin,0.5324889867841409,5448,0.3333333333333333,666.0,0.5602258469259724,4782.0,0.07216494845360824,97.0,0.37785588752196836,569.0,0.9762226408247627,
pamap2_105_gapped,2,hmc_in,available,0,105,gapped,complete,complete,0.2173274596182085,5448,,,,,,,,,,
pamap2_105_gapped,2,hmc_in,available,0,105,gapped,gapped,linear,0.2143906020558003,5448,0.2072072072072072,666.0,0.21539104976997073,4782.0,0.020618556701030927,97.0,0.2390158172231986,569.0,0.9927051039979765,
pamap2_105_gapped,2,hmc_in,available,0,105,gapped,gapped,locf,0.21677679882525697,5448,0.22672672672672672,666.0,0.21539104976997073,4782.0,0.020618556701030927,97.0,0.2618629173989455,569.0,0.9990164396470066,
pamap2_105_gapped,2,hmc_in,available,0,105,gapped,gapped,marginalise,0.21677679882525697,5448,0.22522522522522523,666.0,0.21560016729401923,4782.0,0.020618556701030927,97.0,0.2601054481546573,569.0,0.9376879811436931,0.03594816599797923
pamap2_105_gapped,2,hmc_in,available,0,105,gapped,gapped,plugin,0.21659324522760645,5448,0.22372372372372373,666.0,0.21560016729401923,4782.0,0.020618556701030927,97.0,0.2583479789103691,569.0,0.9945873049291631,
pamap2_105_gapped,2,hmc_in,available,1,105,gapped,complete,complete,0.217143906020558,5448,,,,,,,,,,
pamap2_105_gapped,2,hmc_in,available,1,105,gapped,gapped,linear,0.21420704845814978,5448,0.2072072072072072,666.0,0.21518193224592222,4782.0,0.020618556701030927,97.0,0.2390158172231986,569.0,0.9927026206600097,
pamap2_105_gapped,2,hmc_in,available,1,105,gapped,gapped,locf,0.21659324522760645,5448,0.22672672672672672,666.0,0.21518193224592222,4782.0,0.020618556701030927,97.0,0.2618629173989455,569.0,0.9990163781476631,
pamap2_105_gapped,2,hmc_in,available,1,105,gapped,gapped,marginalise,0.21659324522760645,5448,0.22522522522522523,666.0,0.21539104976997073,4782.0,0.020618556701030927,97.0,0.2601054481546573,569.0,0.937685931979254,0.03577404200041201
pamap2_105_gapped,2,hmc_in,available,1,105,gapped,gapped,plugin,0.21640969162995594,5448,0.22372372372372373,666.0,0.21539104976997073,4782.0,0.020618556701030927,97.0,0.2583479789103691,569.0,0.9945857294292708,
pamap2_105_gapped,2,hmc_in,available,2,105,gapped,complete,complete,0.21677679882525697,5448,,,,,,,,,,
pamap2_105_gapped,2,hmc_in,available,2,105,gapped,gapped,linear,0.21383994126284875,5448,0.2072072072072072,666.0,0.21476369719782518,4782.0,0.020618556701030927,97.0,0.2390158172231986,569.0,0.9925910858147869,
pamap2_105_gapped,2,hmc_in,available,2,105,gapped,gapped,locf,0.21622613803230542,5448,0.22672672672672672,666.0,0.21476369719782518,4782.0,0.020618556701030927,97.0,0.2618629173989455,569.0,0.9990114830285307,
pamap2_105_gapped,2,hmc_in,available,2,105,gapped,gapped,marginalise,0.21622613803230542,5448,0.22522522522522523,666.0,0.21497281472187368,4782.0,0.020618556701030927,97.0,0.2601054481546573,569.0,0.9376179580756636,0.033283708999078954
pamap2_105_gapped,2,hmc_in,available,2,105,gapped,gapped,plugin,0.21604258443465493,5448,0.22372372372372373,666.0,0.21497281472187368,4782.0,0.020618556701030927,97.0,0.2583479789103691,569.0,0.9945118233556797,
pamap2_105_gapped,2,pmc_pair,available,0,105,gapped,complete,complete,0.2527533039647577,5448,,,,,,,,,,
pamap2_105_gapped,2,pmc_pair,available,0,105,gapped,gapped,linear,0.24981644640234948,5448,0.22372372372372373,666.0,0.2534504391468005,4782.0,0.020618556701030927,97.0,0.2583479789103691,569.0,0.9613858302379792,
pamap2_105_gapped,2,pmc_pair,available,0,105,gapped,gapped,locf,0.25036710719530103,5448,0.22972972972972974,666.0,0.253241321622752,4782.0,0.020618556701030927,97.0,0.26537785588752194,569.0,0.9585962976749799,
pamap2_105_gapped,2,pmc_pair,available,0,105,gapped,gapped,marginalise,0.24944933920704845,5448,0.21921921921921922,666.0,0.253659556670849,4782.0,0.020618556701030927,97.0,0.2530755711775044,569.0,0.8940107769562153,0.06496616699951119
pamap2_105_gapped,2,pmc_pair,available,0,105,gapped,gapped,plugin,0.24944933920704845,5448,0.21921921921921922,666.0,0.253659556670849,4782.0,0.020618556701030927,97.0,0.2530755711775044,569.0,0.9666035477306655,
pamap2_105_gapped,2,pmc_pair,available,1,105,gapped,complete,complete,0.10829662261380323,5448,,,,,,,,,,
pamap2_105_gapped,2,pmc_pair,available,1,105,gapped,gapped,linear,0.11251835535976505,5448,0.1906906906906907,666.0,0.10163111668757842,4782.0,0.020618556701030927,97.0,0.21968365553602812,569.0,0.9716086187193427,
pamap2_105_gapped,2,pmc_pair,available,1,105,gapped,gapped,locf,0.11674008810572688,5448,0.2132132132132132,666.0,0.10330405687996654,4782.0,0.020618556701030927,97.0,0.2460456942003515,569.0,0.9843055223649823,
pamap2_105_gapped,2,pmc_pair,available,1,105,gapped,gapped,marginalise,0.1119676945668135,5448,0.1981981981981982,666.0,0.0999581764951903,4782.0,0.020618556701030927,97.0,0.22847100175746923,569.0,0.8615981049330916,0.06580979199861758
pamap2_105_gapped,2,pmc_pair,available,1,105,gapped,gapped,plugin,0.11398678414096916,5448,0.2042042042042042,666.0,0.10142199916352991,4782.0,0.020618556701030927,97.0,0.23550087873462214,569.0,0.9690811887065905,
pamap2_105_gapped,2,pmc_pair,available,2,105,gapped,complete,complete,0.11215124816446402,5448,,,,,,,,,,
pamap2_105_gapped,2,pmc_pair,available,2,105,gapped,gapped,linear,0.1183920704845815,5448,0.21021021021021022,666.0,0.1056043496445002,4782.0,0.020618556701030927,97.0,0.24253075571177504,569.0,0.976585611753481,
pamap2_105_gapped,2,pmc_pair,available,2,105,gapped,gapped,locf,0.11692364170337739,5448,0.21171171171171171,666.0,0.10372229192806358,4782.0,0.020618556701030927,97.0,0.24428822495606328,569.0,0.9904803072848785,
pamap2_105_gapped,2,pmc_pair,available,2,105,gapped,gapped,marginalise,0.11674008810572688,5448,0.22372372372372373,666.0,0.10184023421162694,4782.0,0.020618556701030927,97.0,0.2583479789103691,569.0,0.868963484313392,0.06544745799692464
pamap2_105_gapped,2,pmc_pair,available,2,105,gapped,gapped,plugin,0.11894273127753303,5448,0.21171171171171171,666.0,0.10602258469259725,4782.0,0.020618556701030927,97.0,0.24428822495606328,569.0,0.9771450707883272,
pamap2_105_gapped,2,pmc_state,available,0,105,gapped,complete,complete,0.22742290748898678,5448,,,,,,,,,,
pamap2_105_gapped,2,pmc_state,available,0,105,gapped,gapped,linear,0.21971365638766518,5448,0.1966966966966967,666.0,0.22291928063571728,4782.0,0.020618556701030927,97.0,0.22671353251318102,569.0,0.9925792454545842,
pamap2_105_gapped,2,pmc_state,available,0,105,gapped,gapped,locf,0.22338472834067546,5448,0.22672672672672672,666.0,0.22291928063571728,4782.0,0.020618556701030927,97.0,0.2618629173989455,569.0,0.9995964785646325,
pamap2_105_gapped,2,pmc_state,available,0,105,gapped,gapped,marginalise,0.22154919236417034,5448,0.2042042042042042,666.0,0.22396486825595985,4782.0,0.020618556701030927,97.0,0.23550087873462214,569.0,0.9447626517326637,0.06456820800303831
pamap2_105_gapped,2,pmc_state,available,0,105,gapped,gapped,plugin,0.21971365638766518,5448,0.1966966966966967,666.0,0.22291928063571728,4782.0,0.020618556701030927,97.0,0.22671353251318102,569.0,0.994055552560277,
pamap2_105_gapped,2,pmc_state,available,1,105,gapped,complete,complete,0.08388399412628487,5448,,,,,,,,,,
pamap2_105_gapped,2,pmc_state,available,1,105,gapped,gapped,linear,0.10223935389133627,5448,0.21621621621621623,666.0,0.0863655374320368,4782.0,0.020618556701030927,97.0,0.24956063268892795,569.0,0.9809602762860998,
pamap2_105_gapped,2,pmc_state,available,1,105,gapped,gapped,locf,0.10022026431718062,5448,0.22072072072072071,666.0,0.0834378920953576,4782.0,0.020618556701030927,97.0,0.2548330404217926,569.0,0.9847287001276126,
pamap2_105_gapped,2,pmc_state,available,1,105,gapped,gapped,marginalise,0.07764317180616741,5448,0.15315315315315314,666.0,0.0671267252195734,4782.0,0.0,97.0,0.17926186291739896,569.0,0.9219311694177317,0.06320062500162749
pamap2_105_gapped,2,pmc_state,available,1,105,gapped,gapped,plugin,0.08370044052863436,5448,0.14414414414414414,666.0,0.07528230865746549,4782.0,0.0,97.0,0.1687170474516696,569.0,0.9819403496146575,
pamap2_105_gapped,2,pmc_state,available,2,105,gapped,complete,complete,0.44107929515418504,5448,,,,,,,,,,
pamap2_105_gapped,2,pmc_state,available,2,105,gapped,gapped,linear,0.4280469897209985,5448,0.23423423423423423,666.0,0.45503973232956924,4782.0,0.061855670103092786,97.0,0.26362038664323373,569.0,0.9942062067946553,
pamap2_105_gapped,2,pmc_state,available,2,105,gapped,gapped,locf,0.4291483113069016,5448,0.23423423423423423,666.0,0.45629443747386034,4782.0,0.061855670103092786,97.0,0.26362038664323373,569.0,0.9882484909292962,
pamap2_105_gapped,2,pmc_state,available,2,105,gapped,gapped,marginalise,0.44768722466960353,5448,0.3843843843843844,666.0,0.45650355499790884,4782.0,0.041237113402061855,97.0,0.4428822495606327,569.0,0.8189741156714434,0.060981665999861434
pamap2_105_gapped,2,pmc_state,available,2,105,gapped,gapped,plugin,0.4280469897209985,5448,0.23423423423423423,666.0,0.45503973232956924,4782.0,0.061855670103092786,97.0,0.26362038664323373,569.0,0.9916163446693478,
pamap2_105_gapped,3,hmc_in,available,0,105,gapped,complete,complete,0.23403083700440527,5448,,,,,,,,,,
pamap2_105_gapped,3,hmc_in,available,0,105,gapped,gapped,linear,0.23146108663729809,5448,0.2132132132132132,666.0,0.23400250941028858,4782.0,0.020618556701030927,97.0,0.2460456942003515,569.0,0.9938726541384705,
pamap2_105_gapped,3,hmc_in,available,0,105,gapped,gapped,locf,0.23311306901615272,5448,0.22672672672672672,666.0,0.23400250941028858,4782.0,0.020618556701030927,97.0,0.2618629173989455,569.0,0.998911408233688,
pamap2_105_gapped,3,hmc_in,available,0,105,gapped,gapped,marginalise,0.23256240822320118,5448,0.22072072072072071,666.0,0.23421162693433709,4782.0,0.020618556701030927,97.0,0.2548330404217926,569.0,0.9339566940940996,0.03472058300030767
pamap2_105_gapped,3,hmc_in,available,0,105,gapped,gapped,plugin,0.23201174743024963,5448,0.21771771771771772,666.0,0.23400250941028858,4782.0,0.020618556701030927,97.0,0.2513181019332162,569.0,0.995556311334353,
pamap2_105_gapped,3,hmc_in,available,1,105,gapped,complete,complete,0.23348017621145375,5448,,,,,,,,,,
pamap2_105_gapped,3,hmc_in,available,1,105,gapped,gapped,linear,0.2301762114537445,5448,0.21021021021021022,666.0,0.232956921790046,4782.0,0.020618556701030927,97.0,0.24253075571177504,569.0,0.9936001366440209,
pamap2_105_gapped,3,hmc_in,available,1,105,gapped,gapped,locf,0.23219530102790015,5448,0.22672672672672672,666.0,0.232956921790046,4782.0,0.020618556701030927,97.0,0.2618629173989455,569.0,0.9990562975969748,
pamap2_105_gapped,3,hmc_in,available,1,105,gapped,gapped,marginalise,0.23182819383259912,5448,0.2222222222222222,666.0,0.23316603931409452,4782.0,0.020618556701030927,97.0,0.2565905096660808,569.0,0.9330885747711675,0.03382662500007427
pamap2_105_gapped,3,hmc_in,available,1,105,gapped,gapped,plugin,0.23146108663729809,5448,0.21921921921921922,666.0,0.23316603931409452,4782.0,0.020618556701030927,97.0,0.2530755711775044,569.0,0.9941886473726876,
pamap2_105_gapped,3,hmc_in,available,2,105,gapped,complete,complete,0.43171806167400884,5448,,,,,,,,,,
pamap2_105_gapped,3,hmc_in,available,2,105,gapped,gapped,linear,0.4456681350954479,5448,0.35735735735735735,666.0,0.45796737766624845,4782.0,0.07216494845360824,97.0,0.40597539543058,569.0,0.9802141607301603,
pamap2_105_gapped,3,hmc_in,available,2,105,gapped,gapped,locf,0.4418135095447871,5448,0.32882882882882886,666.0,0.4575491426181514,4782.0,0.07216494845360824,97.0,0.37258347978910367,569.0,0.9909898760777892,
pamap2_105_gapped,3,hmc_in,available,2,105,gapped,gapped,marginalise,0.4359397944199706,5448,0.28678678678678676,666.0,0.45671267252195735,4782.0,0.061855670103092786,97.0,0.3251318101933216,569.0,0.9230213777933762,0.03427150000061374
pamap2_105_gapped,3,hmc_in,available,2,105,gapped,gapped,plugin,0.43612334801762115,5448,0.28678678678678676,666.0,0.45692179004600586,4782.0,0.061855670103092786,97.0,0.3251318101933216,569.0,0.9932692159277845,
pamap2_105_gapped,3,pmc_pair,available,0,105,gapped,complete,complete,0.4900881057268722,5448,,,,,,,,,,
pamap2_105_gapped,3,pmc_pair,available,0,105,gapped,gapped,linear,0.4750367107195301,5448,0.37537537537537535,666.0,0.4889167712254287,4782.0,0.1134020618556701,97.0,0.4200351493848858,569.0,0.8045326126070962,
pamap2_105_gapped,3,pmc_pair,available,0,105,gapped,gapped,locf,0.4779735682819383,5448,0.3978978978978979,666.0,0.4891258887494772,4782.0,0.18556701030927836,97.0,0.43409490333919154,569.0,0.811981522174842,
pamap2_105_gapped,3,pmc_pair,available,0,105,gapped,gapped,marginalise,0.47430249632892807,5448,0.3783783783783784,666.0,0.4876620660811376,4782.0,0.16494845360824742,97.0,0.4147627416520211,569.0,0.853483472284412,0.08804095800223877
pamap2_105_gapped,3,pmc_pair,available,0,105,gapped,gapped,plugin,0.47962555066079293,5448,0.4114114114114114,666.0,0.4891258887494772,4782.0,0.29896907216494845,97.0,0.4305799648506151,569.0,0.8600253878205213,
pamap2_105_gapped,3,pmc_pair,available,1,105,gapped,complete,complete,0.40198237885462557,5448,,,,,,,,,,
pamap2_105_gapped,3,pmc_pair,available,1,105,gapped,gapped,linear,0.4111600587371512,5448,0.3843843843843844,666.0,0.4148891677122543,4782.0,0.061855670103092786,97.0,0.43936731107205623,569.0,0.980873657470332,
pamap2_105_gapped,3,pmc_pair,available,1,105,gapped,gapped,locf,0.4157488986784141,5448,0.41291291291291293,666.0,0.41614387285654536,4782.0,0.061855670103092786,97.0,0.4727592267135325,569.0,0.986974756158466,
pamap2_105_gapped,3,pmc_pair,available,1,105,gapped,gapped,marginalise,0.39922907488986786,5448,0.3108108108108108,666.0,0.411543287327478,4782.0,0.061855670103092786,97.0,0.3532513181019332,569.0,0.8685526104119129,0.08763983300013933
pamap2_105_gapped,3,pmc_pair,available,1,105,gapped,gapped,plugin,0.4012481644640235,5448,0.3183183183183183,666.0,0.4127979924717691,4782.0,0.061855670103092786,97.0,0.36203866432337434,569.0,0.9852276835630371,
pamap2_105_gapped,3,pmc_pair,available,2,105,gapped,complete,complete,0.40859030837004406,5448,,,,,,,,,,
pamap2_105_gapped,3,pmc_pair,available,2,105,gapped,gapped,linear,0.41244493392070486,5448,0.38288288288288286,666.0,0.41656210790464243,4782.0,0.061855670103092786,97.0,0.437609841827768,569.0,0.8489549611744068,
pamap2_105_gapped,3,pmc_pair,available,2,105,gapped,gapped,locf,0.4177679882525698,5448,0.4189189189189189,666.0,0.41760769552488497,4782.0,0.08247422680412371,97.0,0.47627416520210897,569.0,0.8629739178419876,
pamap2_105_gapped,3,pmc_pair,available,2,105,gapped,gapped,marginalise,0.4012481644640235,5448,0.30930930930930933,666.0,0.41405269761606023,4782.0,0.061855670103092786,97.0,0.351493848857645,569.0,0.7458205572551526,0.08425433400043403
pamap2_105_gapped,3,pmc_pair,available,2,105,gapped,gapped,plugin,0.40730543318649043,5448,0.34534534534534533,666.0,0.41593475533249685,4782.0,0.061855670103092786,97.0,0.3936731107205624,569.0,0.8834126865403071,
pamap2_105_gapped,3,pmc_state,available,0,105,gapped,complete,complete,0.5578193832599119,5448,,,,,,,,,,
pamap2_105_gapped,3,pmc_state,available,0,105,gapped,gapped,linear,0.5240455212922174,5448,0.31981981981981983,666.0,0.5524884985361773,4782.0,0.061855670103092786,97.0,0.36379613356766255,569.0,0.9519184229977022,
pamap2_105_gapped,3,pmc_state,available,0,105,gapped,gapped,locf,0.5416666666666666,5448,0.35435435435435436,666.0,0.5677540777917189,4782.0,0.061855670103092786,97.0,0.40421792618629176,569.0,0.9433810083223158,
pamap2_105_gapped,3,pmc_state,available,0,105,gapped,gapped,marginalise,0.5526798825256976,5448,0.5915915915915916,666.0,0.5472605604349644,4782.0,0.9587628865979382,97.0,0.5289982425307557,569.0,0.9367817374019614,0.07914974999948754
pamap2_105_gapped,3,pmc_state,available,0,105,gapped,gapped,plugin,0.5238619676945668,5448,0.33183183183183185,666.0,0.5506064408197406,4782.0,0.061855670103092786,97.0,0.37785588752196836,569.0,0.9773725806033624,
pamap2_105_gapped,3,pmc_state,available,1,105,gapped,complete,complete,0.36820851688693096,5448,,,,,,,,,,
pamap2_105_gapped,3,pmc_state,available,1,105,gapped,gapped,linear,0.38252569750367105,5448,0.4144144144144144,666.0,0.3780844834797156,4782.0,0.08247422680412371,97.0,0.4710017574692443,569.0,0.9925645128702049,
pamap2_105_gapped,3,pmc_state,available,1,105,gapped,gapped,locf,0.38252569750367105,5448,0.4174174174174174,666.0,0.37766624843161856,4782.0,0.08247422680412371,97.0,0.47451669595782076,569.0,0.9974790210855133,
pamap2_105_gapped,3,pmc_state,available,1,105,gapped,gapped,marginalise,0.3669236417033774,5448,0.3123123123123123,666.0,0.37452948557089083,4782.0,0.07216494845360824,97.0,0.3532513181019332,569.0,0.9553567829951782,0.07691766700008884
pamap2_105_gapped,3,pmc_state,available,1,105,gapped,gapped,plugin,0.36765785609397944,5448,0.3183183183183183,666.0,0.37452948557089083,4782.0,0.07216494845360824,97.0,0.3602811950790861,569.0,0.9981421022377734,
pamap2_105_gapped,3,pmc_state,available,2,105,gapped,complete,complete,0.388215859030837,5448,,,,,,,,,,
pamap2_105_gapped,3,pmc_state,available,2,105,gapped,gapped,linear,0.40216593245227605,5448,0.4114114114114114,666.0,0.40087829360100374,4782.0,0.08247422680412371,97.0,0.46748681898066785,569.0,0.9957288361807426,
pamap2_105_gapped,3,pmc_state,available,2,105,gapped,gapped,locf,0.4029001468428781,5448,0.4174174174174174,666.0,0.40087829360100374,4782.0,0.08247422680412371,97.0,0.47451669595782076,569.0,0.9977660990756091,
pamap2_105_gapped,3,pmc_state,available,2,105,gapped,gapped,marginalise,0.3871145374449339,5448,0.3138138138138138,666.0,0.397323295692179,4782.0,0.07216494845360824,97.0,0.35500878734622143,569.0,0.9773710563721502,0.07294791599997552
pamap2_105_gapped,3,pmc_state,available,2,105,gapped,gapped,plugin,0.388215859030837,5448,0.3228228228228228,666.0,0.397323295692179,4782.0,0.07216494845360824,97.0,0.3655536028119508,569.0,0.9983905048523858,
pamap2_108_complete,2,hmc_in,complete,0,108,complete,complete,complete,0.18839473181904945,5239,,,,,,,,,,
pamap2_108_complete,2,hmc_in,complete,0,108,complete,gapped,linear,0.1849589616338996,5239,0.1546218487394958,595.0,0.1888458225667528,4644.0,0.03333333333333333,30.0,0.16106194690265488,565.0,0.9973912491449662,
pamap2_108_complete,2,hmc_in,complete,0,108,complete,gapped,locf,0.1851498377552968,5239,0.15630252100840336,595.0,0.1888458225667528,4644.0,0.03333333333333333,30.0,0.16283185840707964,565.0,0.9999184513533499,
pamap2_108_complete,2,hmc_in,complete,0,108,complete,gapped,marginalise,0.18724947509066617,5239,0.173109243697479,595.0,0.18906115417743324,4644.0,0.03333333333333333,30.0,0.18053097345132743,565.0,0.9016330034468953,0.03572029199858662
pamap2_108_complete,2,hmc_in,complete,0,108,complete,gapped,plugin,0.18705859896926894,5239,0.173109243697479,595.0,0.1888458225667528,4644.0,0.03333333333333333,30.0,0.18053097345132743,565.0,0.9926434735052556,
pamap2_108_complete,2,hmc_in,complete,1,108,complete,complete,complete,0.18839473181904945,5239,,,,,,,,,,
pamap2_108_complete,2,hmc_in,complete,1,108,complete,gapped,linear,0.1849589616338996,5239,0.1546218487394958,595.0,0.1888458225667528,4644.0,0.03333333333333333,30.0,0.16106194690265488,565.0,0.9973989941232195,
pamap2_108_complete,2,hmc_in,complete,1,108,complete,gapped,locf,0.1851498377552968,5239,0.15630252100840336,595.0,0.1888458225667528,4644.0,0.03333333333333333,30.0,0.16283185840707964,565.0,0.9999122077952319,
pamap2_108_complete,2,hmc_in,complete,1,108,complete,gapped,marginalise,0.18724947509066617,5239,0.173109243697479,595.0,0.18906115417743324,4644.0,0.03333333333333333,30.0,0.18053097345132743,565.0,0.9017356911577072,0.036201333001372404
pamap2_108_complete,2,hmc_in,complete,1,108,complete,gapped,plugin,0.18705859896926894,5239,0.173109243697479,595.0,0.1888458225667528,4644.0,0.03333333333333333,30.0,0.18053097345132743,565.0,0.9925181878441012,
pamap2_108_complete,2,hmc_in,complete,2,108,complete,complete,complete,0.18839473181904945,5239,,,,,,,,,,
pamap2_108_complete,2,hmc_in,complete,2,108,complete,gapped,linear,0.1849589616338996,5239,0.1546218487394958,595.0,0.1888458225667528,4644.0,0.03333333333333333,30.0,0.16106194690265488,565.0,0.9974003237278427,
pamap2_108_complete,2,hmc_in,complete,2,108,complete,gapped,locf,0.1851498377552968,5239,0.15630252100840336,595.0,0.1888458225667528,4644.0,0.03333333333333333,30.0,0.16283185840707964,565.0,0.9999101284749394,
pamap2_108_complete,2,hmc_in,complete,2,108,complete,gapped,marginalise,0.18724947509066617,5239,0.173109243697479,595.0,0.18906115417743324,4644.0,0.03333333333333333,30.0,0.18053097345132743,565.0,0.901761379729564,0.03632570800255053
pamap2_108_complete,2,hmc_in,complete,2,108,complete,gapped,plugin,0.18705859896926894,5239,0.173109243697479,595.0,0.1888458225667528,4644.0,0.03333333333333333,30.0,0.18053097345132743,565.0,0.9924702520784198,
pamap2_108_complete,2,pmc_pair,complete,0,108,complete,complete,complete,0.17007062416491697,5239,,,,,,,,,,
pamap2_108_complete,2,pmc_pair,complete,0,108,complete,gapped,linear,0.16835273907234205,5239,0.15798319327731092,595.0,0.16968130921619293,4644.0,0.03333333333333333,30.0,0.16460176991150444,565.0,0.943314051305444,
pamap2_108_complete,2,pmc_pair,complete,0,108,complete,gapped,locf,0.17026150028631418,5239,0.17983193277310924,595.0,0.1690353143841516,4644.0,0.03333333333333333,30.0,0.18761061946902655,565.0,0.9073028524325097,
pamap2_108_complete,2,pmc_pair,complete,0,108,complete,gapped,marginalise,0.16720748234395877,5239,0.15294117647058825,595.0,0.1690353143841516,4644.0,0.03333333333333333,30.0,0.1592920353982301,565.0,0.8812427046578111,0.07211224999991828
pamap2_108_complete,2,pmc_pair,complete,0,108,complete,gapped,plugin,0.16968887192212254,5239,0.16974789915966387,595.0,0.16968130921619293,4644.0,0.03333333333333333,30.0,0.17699115044247787,565.0,0.9372009220249322,
pamap2_108_complete,2,pmc_pair,complete,1,108,complete,complete,complete,0.16987974804351977,5239,,,,,,,,,,
pamap2_108_complete,2,pmc_pair,complete,1,108,complete,gapped,linear,0.16816186295094485,5239,0.15798319327731092,595.0,0.1694659776055125,4644.0,0.03333333333333333,30.0,0.16460176991150444,565.0,0.943278689240176,
pamap2_108_complete,2,pmc_pair,complete,1,108,complete,gapped,locf,0.17007062416491697,5239,0.17983193277310924,595.0,0.16881998277347116,4644.0,0.03333333333333333,30.0,0.18761061946902655,565.0,0.9072914383278005,
pamap2_108_complete,2,pmc_pair,complete,1,108,complete,gapped,marginalise,0.16701660622256156,5239,0.15294117647058825,595.0,0.16881998277347116,4644.0,0.03333333333333333,30.0,0.1592920353982301,565.0,0.8812107682669088,0.07050662499750615
pamap2_108_complete,2,pmc_pair,complete,1,108,complete,gapped,plugin,0.16949799580072533,5239,0.16974789915966387,595.0,0.1694659776055125,4644.0,0.03333333333333333,30.0,0.17699115044247787,565.0,0.9371693925857512,
pamap2_108_complete,2,pmc_pair,complete,2,108,complete,complete,complete,0.12903225806451613,5239,,,,,,,,,,
pamap2_108_complete,2,pmc_pair,complete,2,108,complete,gapped,linear,0.13514029394922694,5239,0.1781512605042017,595.0,0.12962962962962962,4644.0,0.03333333333333333,30.0,0.18584070796460178,565.0,0.9685365037914475,
pamap2_108_complete,2,pmc_pair,complete,2,108,complete,gapped,locf,0.12464210727238023,5239,0.08907563025210084,595.0,0.12919896640826872,4644.0,0.03333333333333333,30.0,0.0920353982300885,565.0,0.9853778241328024,
pamap2_108_complete,2,pmc_pair,complete,2,108,complete,gapped,marginalise,0.13189539988547433,5239,0.15126050420168066,595.0,0.1294142980189492,4644.0,0.03333333333333333,30.0,0.15752212389380532,565.0,0.8817782160443719,0.07245454100120696
pamap2_108_complete,2,pmc_pair,complete,2,108,complete,gapped,plugin,0.1330406566138576,5239,0.15966386554621848,595.0,0.12962962962962962,4644.0,0.03333333333333333,30.0,0.1663716814159292,565.0,0.9795194425127342,
pamap2_108_complete,2,pmc_state,complete,0,108,complete,complete,complete,0.20022905134567665,5239,,,,,,,,,,
pamap2_108_complete,2,pmc_state,complete,0,108,complete,gapped,linear,0.19183050200419927,5239,0.1411764705882353,595.0,0.19832041343669252,4644.0,0.03333333333333333,30.0,0.14690265486725665,565.0,0.9953157429524861,
pamap2_108_complete,2,pmc_state,complete,0,108,complete,gapped,locf,0.19736590952471847,5239,0.1899159663865546,595.0,0.19832041343669252,4644.0,0.03333333333333333,30.0,0.19823008849557522,565.0,0.9959165348469207,
pamap2_108_complete,2,pmc_state,complete,0,108,complete,gapped,marginalise,0.19412101546096583,5239,0.15798319327731092,595.0,0.19875107665805342,4644.0,0.03333333333333333,30.0,0.16460176991150444,565.0,0.9215879903984785,0.06760837500041816
pamap2_108_complete,2,pmc_state,complete,0,108,complete,gapped,plugin,0.19717503340332124,5239,0.18487394957983194,595.0,0.19875107665805342,4644.0,0.03333333333333333,30.0,0.1929203539823009,565.0,0.9968371211212949,
pamap2_108_complete,2,pmc_state,complete,1,108,complete,complete,complete,0.1920213781255965,5239,,,,,,,,,,
pamap2_108_complete,2,pmc_state,complete,1,108,complete,gapped,linear,0.18610421836228289,5239,0.146218487394958,595.0,0.19121447028423771,4644.0,0.03333333333333333,30.0,0.15221238938053097,565.0,0.9946437358861179,
pamap2_108_complete,2,pmc_state,complete,1,108,complete,gapped,locf,0.18705859896926894,5239,0.15630252100840336,595.0,0.19099913867355728,4644.0,0.03333333333333333,30.0,0.16283185840707964,565.0,0.9998933352484537,
pamap2_108_complete,2,pmc_state,complete,1,108,complete,gapped,marginalise,0.1864859706050773,5239,0.146218487394958,595.0,0.1916451335055986,4644.0,0.03333333333333333,30.0,0.15221238938053097,565.0,0.9210959595107957,0.0693137089983793
pamap2_108_complete,2,pmc_state,complete,1,108,complete,gapped,plugin,0.18686772284787173,5239,0.14789915966386555,595.0,0.19186046511627908,4644.0,0.03333333333333333,30.0,0.15398230088495576,565.0,0.9933358471100955,
pamap2_108_complete,2,pmc_state,complete,2,108,complete,complete,complete,0.1691162435579309,5239,,,,,,,,,,
pamap2_108_complete,2,pmc_state,complete,2,108,complete,gapped,linear,0.18476808551250237,5239,0.2991596638655462,595.0,0.17011197243755383,4644.0,0.2,30.0,0.30442477876106194,565.0,0.9792215755679186,
pamap2_108_complete,2,pmc_state,complete,2,108,complete,gapped,locf,0.1687344913151365,5239,0.2134453781512605,595.0,0.16300602928509905,4644.0,0.2,30.0,0.21415929203539824,565.0,0.9994050322746101,
pamap2_108_complete,2,pmc_state,complete,2,108,complete,gapped,marginalise,0.1750334033212445,5239,0.24201680672268908,595.0,0.16645133505598622,4644.0,0.2,30.0,0.24424778761061947,565.0,0.9160888609769448,0.06938841699957266
pamap2_108_complete,2,pmc_state,complete,2,108,complete,gapped,plugin,0.176369536171025,5239,0.253781512605042,595.0,0.16645133505598622,4644.0,0.2,30.0,0.25663716814159293,565.0,0.9725617481108909,
pamap2_108_complete,3,hmc_in,complete,0,108,complete,complete,complete,0.4365336896354266,5239,,,,,,,,,,
pamap2_108_complete,3,hmc_in,complete,0,108,complete,gapped,linear,0.43577018514983773,5239,0.4,595.0,0.4403531438415159,4644.0,0.3333333333333333,30.0,0.40353982300884955,565.0,0.9834109895175894,
pamap2_108_complete,3,hmc_in,complete,0,108,complete,gapped,locf,0.43996945982057645,5239,0.4369747899159664,595.0,0.4403531438415159,4644.0,0.3333333333333333,30.0,0.4424778761061947,565.0,0.9937455015923473,
pamap2_108_complete,3,hmc_in,complete,0,108,complete,gapped,marginalise,0.43424317617866004,5239,0.3865546218487395,595.0,0.4403531438415159,4644.0,0.3333333333333333,30.0,0.3893805309734513,565.0,0.8328246338571653,0.03733641699727741
pamap2_108_complete,3,hmc_in,complete,0,108,complete,gapped,plugin,0.4435961061271235,5239,0.4689075630252101,595.0,0.4403531438415159,4644.0,0.3333333333333333,30.0,0.4761061946902655,565.0,0.978378640863998,
pamap2_108_complete,3,hmc_in,complete,1,108,complete,complete,complete,0.4365336896354266,5239,,,,,,,,,,
pamap2_108_complete,3,hmc_in,complete,1,108,complete,gapped,linear,0.43577018514983773,5239,0.4,595.0,0.4403531438415159,4644.0,0.3333333333333333,30.0,0.40353982300884955,565.0,0.9833769917461902,
pamap2_108_complete,3,hmc_in,complete,1,108,complete,gapped,locf,0.43996945982057645,5239,0.4369747899159664,595.0,0.4403531438415159,4644.0,0.3333333333333333,30.0,0.4424778761061947,565.0,0.9939584810181473,
pamap2_108_complete,3,hmc_in,complete,1,108,complete,gapped,marginalise,0.43424317617866004,5239,0.3865546218487395,595.0,0.4403531438415159,4644.0,0.3333333333333333,30.0,0.3893805309734513,565.0,0.8327228027214766,0.03706841700113728
pamap2_108_complete,3,hmc_in,complete,1,108,complete,gapped,plugin,0.4435961061271235,5239,0.4689075630252101,595.0,0.4403531438415159,4644.0,0.3333333333333333,30.0,0.4761061946902655,565.0,0.9784235430747326,
pamap2_108_complete,3,hmc_in,complete,2,108,complete,complete,complete,0.4365336896354266,5239,,,,,,,,,,
pamap2_108_complete,3,hmc_in,complete,2,108,complete,gapped,linear,0.43577018514983773,5239,0.4,595.0,0.4403531438415159,4644.0,0.3333333333333333,30.0,0.40353982300884955,565.0,0.9834306354521971,
pamap2_108_complete,3,hmc_in,complete,2,108,complete,gapped,locf,0.43996945982057645,5239,0.4369747899159664,595.0,0.4403531438415159,4644.0,0.3333333333333333,30.0,0.4424778761061947,565.0,0.993605955748535,
pamap2_108_complete,3,hmc_in,complete,2,108,complete,gapped,marginalise,0.43424317617866004,5239,0.3865546218487395,595.0,0.4403531438415159,4644.0,0.3333333333333333,30.0,0.3893805309734513,565.0,0.8328841733175822,0.03617104200020549
pamap2_108_complete,3,hmc_in,complete,2,108,complete,gapped,plugin,0.4437869822485207,5239,0.47058823529411764,595.0,0.4403531438415159,4644.0,0.3333333333333333,30.0,0.4778761061946903,565.0,0.9783536430963378,
pamap2_108_complete,3,pmc_pair,complete,0,108,complete,complete,complete,0.46631036457339187,5239,,,,,,,,,,
pamap2_108_complete,3,pmc_pair,complete,0,108,complete,gapped,linear,0.456575682382134,5239,0.4016806722689076,595.0,0.46360895779500433,4644.0,0.6,30.0,0.3911504424778761,565.0,0.8355724877359819,
pamap2_108_complete,3,pmc_pair,complete,0,108,complete,gapped,locf,0.4640198511166253,5239,0.4722689075630252,595.0,0.46296296296296297,4644.0,0.5,30.0,0.47079646017699117,565.0,0.8301229879540508,
pamap2_108_complete,3,pmc_pair,complete,0,108,complete,gapped,marginalise,0.4401603359419737,5239,0.2638655462184874,595.0,0.46274763135228253,4644.0,0.5666666666666667,30.0,0.24778761061946902,565.0,0.7421069743375401,0.09545308299857425
pamap2_108_complete,3,pmc_pair,complete,0,108,complete,gapped,plugin,0.45886619583890054,5239,0.4084033613445378,595.0,0.46533161068044787,4644.0,0.5,30.0,0.40353982300884955,565.0,0.7921164399461655,
pamap2_108_complete,3,pmc_pair,complete,1,108,complete,complete,complete,0.2773430043901508,5239,,,,,,,,,,
pamap2_108_complete,3,pmc_pair,complete,1,108,complete,gapped,linear,0.2773430043901508,5239,0.31932773109243695,595.0,0.2719638242894057,4644.0,0.3,30.0,0.32035398230088497,565.0,0.9781645525919216,
pamap2_108_complete,3,pmc_pair,complete,1,108,complete,gapped,locf,0.2861233059744226,5239,0.3865546218487395,595.0,0.27325581395348836,4644.0,0.3,30.0,0.3911504424778761,565.0,0.9470268179778313,
pamap2_108_complete,3,pmc_pair,complete,1,108,complete,gapped,marginalise,0.2719984729910288,5239,0.280672268907563,595.0,0.27088716623600345,4644.0,0.3,30.0,0.27964601769911507,565.0,0.8229567547679718,0.098681374998705
pamap2_108_complete,3,pmc_pair,complete,1,108,complete,gapped,plugin,0.27257110135522045,5239,0.2823529411764706,595.0,0.2713178294573643,4644.0,0.3,30.0,0.2814159292035398,565.0,0.9555203756044889,
pamap2_108_complete,3,pmc_pair,complete,2,108,complete,complete,complete,0.4090475281542279,5239,,,,,,,,,,
pamap2_108_complete,3,pmc_pair,complete,2,108,complete,gapped,linear,0.4199274670738691,5239,0.4016806722689076,595.0,0.4222652885443583,4644.0,0.43333333333333335,30.0,0.4,565.0,0.898851900604391,
pamap2_108_complete,3,pmc_pair,complete,2,108,complete,gapped,locf,0.41840045810269133,5239,0.3983193277310924,595.0,0.4209732988802756,4644.0,0.3333333333333333,30.0,0.40176991150442476,565.0,0.8803523965129376,
pamap2_108_complete,3,pmc_pair,complete,2,108,complete,gapped,marginalise,0.39950372208436724,5239,0.2689075630252101,595.0,0.41623600344530576,4644.0,0.23333333333333334,30.0,0.27079646017699116,565.0,0.730714805803817,0.0924479169989354
pamap2_108_complete,3,pmc_pair,complete,2,108,complete,gapped,plugin,0.41420118343195267,5239,0.3680672268907563,595.0,0.4201119724375538,4644.0,0.36666666666666664,30.0,0.368141592920354,565.0,0.796383989661118,
pamap2_108_complete,3,pmc_state,complete,0,108,complete,complete,complete,0.3659095247184577,5239,,,,,,,,,,
pamap2_108_complete,3,pmc_state,complete,0,108,complete,gapped,linear,0.3666730292040466,5239,0.3563025210084034,595.0,0.36800172265288544,4644.0,0.3,30.0,0.35929203539823007,565.0,0.9728582728263169,
pamap2_108_complete,3,pmc_state,complete,0,108,complete,gapped,locf,0.3727810650887574,5239,0.38823529411764707,595.0,0.3708010335917313,4644.0,0.26666666666666666,30.0,0.39469026548672564,565.0,0.9786729521603172,
pamap2_108_complete,3,pmc_state,complete,0,108,complete,gapped,marginalise,0.3596106127123497,5239,0.3563025210084034,595.0,0.36003445305770887,4644.0,0.3,30.0,0.35929203539823007,565.0,0.8308792105228917,0.0843232920014998
pamap2_108_complete,3,pmc_state,complete,0,108,complete,gapped,plugin,0.37125405611757967,5239,0.4151260504201681,595.0,0.36563307493540054,4644.0,0.3,30.0,0.42123893805309737,565.0,0.9548456815453493,
pamap2_108_complete,3,pmc_state,complete,1,108,complete,complete,complete,0.40083985493414775,5239,,,,,,,,,,
pamap2_108_complete,3,pmc_state,complete,1,108,complete,gapped,linear,0.3924413055926704,5239,0.2957983193277311,595.0,0.40482342807924204,4644.0,0.06666666666666667,30.0,0.30796460176991153,565.0,0.9529402918640851,
pamap2_108_complete,3,pmc_state,complete,1,108,complete,gapped,locf,0.4105745371254056,5239,0.3815126050420168,595.0,0.4142980189491817,4644.0,0.06666666666666667,30.0,0.39823008849557523,565.0,0.9471601615400005,
pamap2_108_complete,3,pmc_state,complete,1,108,complete,gapped,marginalise,0.39912196984157283,5239,0.34285714285714286,595.0,0.40633074935400515,4644.0,0.06666666666666667,30.0,0.35752212389380533,565.0,0.8632584716442501,0.08444704199791886
pamap2_108_complete,3,pmc_state,complete,1,108,complete,gapped,plugin,0.40809314754724185,5239,0.4134453781512605,595.0,0.4074074074074074,4644.0,0.06666666666666667,30.0,0.431858407079646,565.0,0.9760598105528135,
pamap2_108_complete,3,pmc_state,complete,2,108,complete,complete,complete,0.4004581026913533,5239,,,,,,,,,,
pamap2_108_complete,3,pmc_state,complete,2,108,complete,gapped,linear,0.3958770757778202,5239,0.2991596638655462,595.0,0.4082687338501292,4644.0,0.06666666666666667,30.0,0.31150442477876106,565.0,0.9522448310514464,
pamap2_108_complete,3,pmc_state,complete,2,108,complete,gapped,locf,0.4090475281542279,5239,0.3798319327731092,595.0,0.4127906976744186,4644.0,0.06666666666666667,30.0,0.39646017699115044,565.0,0.9484937139856039,
pamap2_108_complete,3,pmc_state,complete,2,108,complete,gapped,marginalise,0.3977858369917923,5239,0.34285714285714286,595.0,0.40482342807924204,4644.0,0.06666666666666667,30.0,0.35752212389380533,565.0,0.8550606091560059,0.08601237499897252
pamap2_108_complete,3,pmc_state,complete,2,108,complete,gapped,plugin,0.40694789081885857,5239,0.4151260504201681,595.0,0.4059000861326443,4644.0,0.06666666666666667,30.0,0.4336283185840708,565.0,0.9782237987621816,
pamap2_108_gapped,2,hmc_in,available,0,108,gapped,complete,complete,0.18839473181904945,5239,,,,,,,,,,
pamap2_108_gapped,2,hmc_in,available,0,108,gapped,gapped,linear,0.1849589616338996,5239,0.1546218487394958,595.0,0.1888458225667528,4644.0,0.03333333333333333,30.0,0.16106194690265488,565.0,0.9974078300190803,
pamap2_108_gapped,2,hmc_in,available,0,108,gapped,gapped,locf,0.1851498377552968,5239,0.15630252100840336,595.0,0.1888458225667528,4644.0,0.03333333333333333,30.0,0.16283185840707964,565.0,0.9999262924914543,
pamap2_108_gapped,2,hmc_in,available,0,108,gapped,gapped,marginalise,0.18744035121206337,5239,0.17478991596638654,595.0,0.18906115417743324,4644.0,0.03333333333333333,30.0,0.18230088495575222,565.0,0.9026734119985605,0.035896790999686345
pamap2_108_gapped,2,hmc_in,available,0,108,gapped,gapped,plugin,0.18705859896926894,5239,0.173109243697479,595.0,0.1888458225667528,4644.0,0.03333333333333333,30.0,0.18053097345132743,565.0,0.9921819483818789,
pamap2_108_gapped,2,hmc_in,available,1,108,gapped,complete,complete,0.18839473181904945,5239,,,,,,,,,,
pamap2_108_gapped,2,hmc_in,available,1,108,gapped,gapped,linear,0.1849589616338996,5239,0.1546218487394958,595.0,0.1888458225667528,4644.0,0.03333333333333333,30.0,0.16106194690265488,565.0,0.99741759985802,
pamap2_108_gapped,2,hmc_in,available,1,108,gapped,gapped,locf,0.1851498377552968,5239,0.15630252100840336,595.0,0.1888458225667528,4644.0,0.03333333333333333,30.0,0.16283185840707964,565.0,0.999921520616343,
pamap2_108_gapped,2,hmc_in,available,1,108,gapped,gapped,marginalise,0.18744035121206337,5239,0.17478991596638654,595.0,0.18906115417743324,4644.0,0.03333333333333333,30.0,0.18230088495575222,565.0,0.9027620473672452,0.03624837499955902
pamap2_108_gapped,2,hmc_in,available,1,108,gapped,gapped,plugin,0.18705859896926894,5239,0.173109243697479,595.0,0.1888458225667528,4644.0,0.03333333333333333,30.0,0.18053097345132743,565.0,0.9919056756353148,
pamap2_108_gapped,2,hmc_in,available,2,108,gapped,complete,complete,0.18839473181904945,5239,,,,,,,,,,
pamap2_108_gapped,2,hmc_in,available,2,108,gapped,gapped,linear,0.1849589616338996,5239,0.1546218487394958,595.0,0.1888458225667528,4644.0,0.03333333333333333,30.0,0.16106194690265488,565.0,0.9974204252169211,
pamap2_108_gapped,2,hmc_in,available,2,108,gapped,gapped,locf,0.1851498377552968,5239,0.15630252100840336,595.0,0.1888458225667528,4644.0,0.03333333333333333,30.0,0.16283185840707964,565.0,0.9999194443300692,
pamap2_108_gapped,2,hmc_in,available,2,108,gapped,gapped,marginalise,0.18744035121206337,5239,0.17478991596638654,595.0,0.18906115417743324,4644.0,0.03333333333333333,30.0,0.18230088495575222,565.0,0.9027920441539549,0.03608179200091399
pamap2_108_gapped,2,hmc_in,available,2,108,gapped,gapped,plugin,0.18667684672647453,5239,0.16974789915966387,595.0,0.1888458225667528,4644.0,0.03333333333333333,30.0,0.17699115044247787,565.0,0.9918015729053858,
pamap2_108_gapped,2,pmc_pair,available,0,108,gapped,complete,complete,0.1691162435579309,5239,,,,,,,,,,
pamap2_108_gapped,2,pmc_pair,available,0,108,gapped,gapped,linear,0.16701660622256156,5239,0.15630252100840336,595.0,0.16838931955211026,4644.0,0.03333333333333333,30.0,0.16283185840707964,565.0,0.9425201831920345,
pamap2_108_gapped,2,pmc_pair,available,0,108,gapped,gapped,locf,0.16835273907234205,5239,0.17478991596638654,595.0,0.16752799310938846,4644.0,0.03333333333333333,30.0,0.18230088495575222,565.0,0.9084039473321186,
pamap2_108_gapped,2,pmc_pair,available,0,108,gapped,gapped,marginalise,0.1662531017369727,5239,0.15294117647058825,595.0,0.16795865633074936,4644.0,0.03333333333333333,30.0,0.1592920353982301,565.0,0.8842067929963672,0.0720396670003538
pamap2_108_gapped,2,pmc_pair,available,0,108,gapped,gapped,plugin,0.1679709868295476,5239,0.16806722689075632,595.0,0.16795865633074936,4644.0,0.03333333333333333,30.0,0.1752212389380531,565.0,0.9378046027222583,
pamap2_108_gapped,2,pmc_pair,available,1,108,gapped,complete,complete,0.16968887192212254,5239,,,,,,,,,,
pamap2_108_gapped,2,pmc_pair,available,1,108,gapped,gapped,linear,0.1675892345867532,5239,0.15630252100840336,595.0,0.1690353143841516,4644.0,0.03333333333333333,30.0,0.16283185840707964,565.0,0.9425327681090513,
pamap2_108_gapped,2,pmc_pair,available,1,108,gapped,gapped,locf,0.1687344913151365,5239,0.173109243697479,595.0,0.1681739879414298,4644.0,0.03333333333333333,30.0,0.18053097345132743,565.0,0.9080579788201604,
pamap2_108_gapped,2,pmc_pair,available,1,108,gapped,gapped,marginalise,0.16682573010116433,5239,0.15294117647058825,595.0,0.1686046511627907,4644.0,0.03333333333333333,30.0,0.1592920353982301,565.0,0.8840384258393962,0.07341124999948079
pamap2_108_gapped,2,pmc_pair,available,1,108,gapped,gapped,plugin,0.16835273907234205,5239,0.16638655462184873,595.0,0.1686046511627907,4644.0,0.03333333333333333,30.0,0.17345132743362832,565.0,0.9376795897062989,
pamap2_108_gapped,2,pmc_pair,available,2,108,gapped,complete,complete,0.1675892345867532,5239,,,,,,,,,,
pamap2_108_gapped,2,pmc_pair,available,2,108,gapped,gapped,linear,0.17007062416491697,5239,0.17647058823529413,595.0,0.16925064599483206,4644.0,0.03333333333333333,30.0,0.184070796460177,565.0,0.9895944750003953,
pamap2_108_gapped,2,pmc_pair,available,2,108,gapped,gapped,locf,0.1717885092574919,5239,0.1915966386554622,595.0,0.16925064599483206,4644.0,0.03333333333333333,30.0,0.2,565.0,0.9733768176106947,
pamap2_108_gapped,2,pmc_pair,available,2,108,gapped,gapped,marginalise,0.17026150028631418,5239,0.1781512605042017,595.0,0.16925064599483206,4644.0,0.03333333333333333,30.0,0.18584070796460178,565.0,0.9039336058911962,0.07071158299731906
pamap2_108_gapped,2,pmc_pair,available,2,108,gapped,gapped,plugin,0.1689253674365337,5239,0.16638655462184873,595.0,0.16925064599483206,4644.0,0.03333333333333333,30.0,0.17345132743362832,565.0,0.9915420317764582,
pamap2_108_gapped,2,pmc_state,available,0,108,gapped,complete,complete,0.1966024050391296,5239,,,,,,,,,,
pamap2_108_gapped,2,pmc_state,available,0,108,gapped,gapped,linear,0.18992174079022714,5239,0.14285714285714285,595.0,0.19595176571920758,4644.0,0.03333333333333333,30.0,0.1486725663716814,565.0,0.995884200331696,
pamap2_108_gapped,2,pmc_state,available,0,108,gapped,gapped,locf,0.1920213781255965,5239,0.16134453781512606,595.0,0.19595176571920758,4644.0,0.03333333333333333,30.0,0.168141592920354,565.0,0.9899618139976679,
pamap2_108_gapped,2,pmc_state,available,0,108,gapped,gapped,marginalise,0.19125787364000763,5239,0.15294117647058825,595.0,0.19616709732988802,4644.0,0.03333333333333333,30.0,0.1592920353982301,565.0,0.9235104301842191,0.06973512499826029
pamap2_108_gapped,2,pmc_state,available,0,108,gapped,gapped,plugin,0.19450276770376027,5239,0.17983193277310924,595.0,0.19638242894056848,4644.0,0.03333333333333333,30.0,0.18761061946902655,565.0,0.996656763917094,
pamap2_108_gapped,2,pmc_state,available,1,108,gapped,complete,complete,0.18877648406184386,5239,,,,,,,,,,
pamap2_108_gapped,2,pmc_state,available,1,108,gapped,gapped,linear,0.18419545714831076,5239,0.15126050420168066,595.0,0.1884151593453919,4644.0,0.03333333333333333,30.0,0.15752212389380532,565.0,0.9941676607770612,
pamap2_108_gapped,2,pmc_state,available,1,108,gapped,gapped,locf,0.18419545714831076,5239,0.15630252100840336,595.0,0.18776916451335057,4644.0,0.03333333333333333,30.0,0.16283185840707964,565.0,0.9998921855616385,
pamap2_108_gapped,2,pmc_state,available,1,108,gapped,gapped,marginalise,0.18419545714831076,5239,0.1495798319327731,595.0,0.18863049095607234,4644.0,0.03333333333333333,30.0,0.15575221238938053,565.0,0.925428916658011,0.06832570799815585
pamap2_108_gapped,2,pmc_state,available,1,108,gapped,gapped,plugin,0.1819049436915442,5239,0.1361344537815126,595.0,0.18776916451335057,4644.0,0.03333333333333333,30.0,0.1415929203539823,565.0,0.9992378207726925,
pamap2_108_gapped,2,pmc_state,available,2,108,gapped,complete,complete,0.11757969078068334,5239,,,,,,,,,,
pamap2_108_gapped,2,pmc_state,available,2,108,gapped,gapped,linear,0.1303683909142966,5239,0.19327731092436976,595.0,0.1223083548664944,4644.0,0.03333333333333333,30.0,0.20176991150442478,565.0,0.9844901382055514,
pamap2_108_gapped,2,pmc_state,available,2,108,gapped,gapped,locf,0.11032639816758924,5239,0.05546218487394958,595.0,0.1173557278208441,4644.0,0.03333333333333333,30.0,0.05663716814159292,565.0,0.9965973677182602,
pamap2_108_gapped,2,pmc_state,available,2,108,gapped,gapped,marginalise,0.12406947890818859,5239,0.15798319327731092,595.0,0.11972437553832903,4644.0,0.03333333333333333,30.0,0.16460176991150444,565.0,0.9207909141454971,0.06817945800139569
pamap2_108_gapped,2,pmc_state,available,2,108,gapped,gapped,plugin,0.12826875357892728,5239,0.17478991596638654,595.0,0.1223083548664944,4644.0,0.03333333333333333,30.0,0.18230088495575222,565.0,0.9842618324208302,
pamap2_108_gapped,3,hmc_in,available,0,108,gapped,complete,complete,0.436915441878221,5239,,,,,,,,,,
pamap2_108_gapped,3,hmc_in,available,0,108,gapped,gapped,linear,0.43596106127123496,5239,0.4016806722689076,595.0,0.4403531438415159,4644.0,0.3333333333333333,30.0,0.40530973451327434,565.0,0.98283039211325,
pamap2_108_gapped,3,hmc_in,available,0,108,gapped,gapped,locf,0.4401603359419737,5239,0.43865546218487395,595.0,0.4403531438415159,4644.0,0.3333333333333333,30.0,0.44424778761061945,565.0,0.9963257039018956,
pamap2_108_gapped,3,hmc_in,available,0,108,gapped,gapped,marginalise,0.43386142393586563,5239,0.3831932773109244,595.0,0.4403531438415159,4644.0,0.3333333333333333,30.0,0.3858407079646018,565.0,0.8346523147386122,0.03648779099967214
pamap2_108_gapped,3,hmc_in,available,0,108,gapped,gapped,plugin,0.4430234777629319,5239,0.46554621848739497,595.0,0.4401378122308355,4644.0,0.3333333333333333,30.0,0.4725663716814159,565.0,0.9790407795838456,
pamap2_108_gapped,3,hmc_in,available,1,108,gapped,complete,complete,0.43672456575682383,5239,,,,,,,,,,
pamap2_108_gapped,3,hmc_in,available,1,108,gapped,gapped,linear,0.43577018514983773,5239,0.4016806722689076,595.0,0.4401378122308355,4644.0,0.3333333333333333,30.0,0.40530973451327434,565.0,0.9828050297553583,
pamap2_108_gapped,3,hmc_in,available,1,108,gapped,gapped,locf,0.43996945982057645,5239,0.43865546218487395,595.0,0.4401378122308355,4644.0,0.3333333333333333,30.0,0.44424778761061945,565.0,0.9964172932399115,
pamap2_108_gapped,3,hmc_in,available,1,108,gapped,gapped,marginalise,0.4336705478144684,5239,0.3831932773109244,595.0,0.4401378122308355,4644.0,0.3333333333333333,30.0,0.3858407079646018,565.0,0.8346267486814075,0.036375542000314454
pamap2_108_gapped,3,hmc_in,available,1,108,gapped,gapped,plugin,0.44283260164153465,5239,0.46554621848739497,595.0,0.43992248062015504,4644.0,0.3333333333333333,30.0,0.4725663716814159,565.0,0.9789335822695766,
pamap2_108_gapped,3,hmc_in,available,2,108,gapped,complete,complete,0.436915441878221,5239,,,,,,,,,,
pamap2_108_gapped,3,hmc_in,available,2,108,gapped,gapped,linear,0.43596106127123496,5239,0.4016806722689076,595.0,0.4403531438415159,4644.0,0.3333333333333333,30.0,0.40530973451327434,565.0,0.9828395584607206,
pamap2_108_gapped,3,hmc_in,available,2,108,gapped,gapped,locf,0.4401603359419737,5239,0.43865546218487395,595.0,0.4403531438415159,4644.0,0.3333333333333333,30.0,0.44424778761061945,565.0,0.9962835393812357,
pamap2_108_gapped,3,hmc_in,available,2,108,gapped,gapped,marginalise,0.43386142393586563,5239,0.3831932773109244,595.0,0.4403531438415159,4644.0,0.3333333333333333,30.0,0.3858407079646018,565.0,0.8346617978160012,0.037649750000127824
pamap2_108_gapped,3,hmc_in,available,2,108,gapped,gapped,plugin,0.4430234777629319,5239,0.46554621848739497,595.0,0.4401378122308355,4644.0,0.3333333333333333,30.0,0.4725663716814159,565.0,0.9790795150115448,
pamap2_108_gapped,3,pmc_pair,available,0,108,gapped,complete,complete,0.46707386905898074,5239,,,,,,,,,,
pamap2_108_gapped,3,pmc_pair,available,0,108,gapped,gapped,linear,0.4853979767131132,5239,0.6184873949579832,595.0,0.46834625322997414,4644.0,0.8666666666666667,30.0,0.6053097345132743,565.0,0.8497195562453128,
pamap2_108_gapped,3,pmc_pair,available,0,108,gapped,gapped,locf,0.48730673792708534,5239,0.6369747899159663,595.0,0.4681309216192937,4644.0,0.6666666666666666,30.0,0.6353982300884956,565.0,0.8513777777733523,
pamap2_108_gapped,3,pmc_pair,available,0,108,gapped,gapped,marginalise,0.45046764649742316,5239,0.3495798319327731,595.0,0.46339362618432384,4644.0,0.8333333333333334,30.0,0.3238938053097345,565.0,0.7540414357166829,0.09934487499776878
pamap2_108_gapped,3,pmc_pair,available,0,108,gapped,gapped,plugin,0.48654323344149647,5239,0.6285714285714286,595.0,0.46834625322997414,4644.0,0.8333333333333334,30.0,0.6176991150442478,565.0,0.8326127124582222,
pamap2_108_gapped,3,pmc_pair,available,1,108,gapped,complete,complete,0.2966214926512693,5239,,,,,,,,,,
pamap2_108_gapped,3,pmc_pair,available,1,108,gapped,gapped,linear,0.2929948463447223,5239,0.31596638655462184,595.0,0.2900516795865633,4644.0,0.3,30.0,0.3168141592920354,565.0,0.9738819667578619,
pamap2_108_gapped,3,pmc_pair,available,1,108,gapped,gapped,locf,0.2983393777438442,5239,0.3697478991596639,595.0,0.2891903531438415,4644.0,0.3,30.0,0.3734513274336283,565.0,0.9412297588482018,
pamap2_108_gapped,3,pmc_pair,available,1,108,gapped,gapped,marginalise,0.2901317045237641,5239,0.28907563025210087,595.0,0.29026701119724374,4644.0,0.3,30.0,0.2884955752212389,565.0,0.7925594452301697,0.09995316700224066
pamap2_108_gapped,3,pmc_pair,available,1,108,gapped,gapped,plugin,0.2886046955525864,5239,0.28739495798319326,595.0,0.28875968992248063,4644.0,0.3,30.0,0.2867256637168142,565.0,0.9506348558170961,
pamap2_108_gapped,3,pmc_pair,available,2,108,gapped,complete,complete,0.5096392441305593,5239,,,,,,,,,,
pamap2_108_gapped,3,pmc_pair,available,2,108,gapped,gapped,linear,0.49360564993319334,5239,0.3798319327731092,595.0,0.508182601205857,4644.0,0.16666666666666666,30.0,0.3911504424778761,565.0,0.878967553863164,
pamap2_108_gapped,3,pmc_pair,available,2,108,gapped,gapped,locf,0.49818667684672646,5239,0.4084033613445378,595.0,0.5096899224806202,4644.0,0.3,30.0,0.41415929203539825,565.0,0.8644992855386949,
pamap2_108_gapped,3,pmc_pair,available,2,108,gapped,gapped,marginalise,0.49933193357510974,5239,0.44873949579831934,595.0,0.5058139534883721,4644.0,0.26666666666666666,30.0,0.4584070796460177,565.0,0.7220945996795688,0.09417945799941663
pamap2_108_gapped,3,pmc_pair,available,2,108,gapped,gapped,plugin,0.49246039320481005,5239,0.3899159663865546,595.0,0.5055986218776917,4644.0,0.36666666666666664,30.0,0.3911504424778761,565.0,0.8359044133236471,
pamap2_108_gapped,3,pmc_state,available,0,108,gapped,complete,complete,0.3657186485970605,5239,,,,,,,,,,
pamap2_108_gapped,3,pmc_state,available,0,108,gapped,gapped,linear,0.3630463828974995,5239,0.35294117647058826,595.0,0.3643410852713178,4644.0,0.26666666666666666,30.0,0.35752212389380533,565.0,0.9666176341716528,
pamap2_108_gapped,3,pmc_state,available,0,108,gapped,gapped,locf,0.37602595915251,5239,0.4184873949579832,595.0,0.37058570198105084,4644.0,0.26666666666666666,30.0,0.4265486725663717,565.0,0.9797575834796131,
pamap2_108_gapped,3,pmc_state,available,0,108,gapped,gapped,marginalise,0.35903798434815803,5239,0.3596638655462185,595.0,0.35895779500430663,4644.0,0.26666666666666666,30.0,0.36460176991150445,565.0,0.8368014404410725,0.08323754199955147
pamap2_108_gapped,3,pmc_state,available,0,108,gapped,gapped,plugin,0.36113762168352737,5239,0.3764705882352941,595.0,0.35917312661498707,4644.0,0.26666666666666666,30.0,0.3823008849557522,565.0,0.9503854170660265,
pamap2_108_gapped,3,pmc_state,available,1,108,gapped,complete,complete,0.40274861614811985,5239,,,,,,,,,,
pamap2_108_gapped,3,pmc_state,available,1,108,gapped,gapped,linear,0.3970223325062035,5239,0.2991596638655462,595.0,0.4095607235142119,4644.0,0.06666666666666667,30.0,0.31150442477876106,565.0,0.9515398279695803,
pamap2_108_gapped,3,pmc_state,available,1,108,gapped,gapped,locf,0.41286505058217216,5239,0.3983193277310924,595.0,0.41472868217054265,4644.0,0.06666666666666667,30.0,0.415929203539823,565.0,0.9487895853222817,
pamap2_108_gapped,3,pmc_state,available,1,108,gapped,gapped,marginalise,0.3989310937201756,5239,0.33949579831932775,595.0,0.40654608096468564,4644.0,0.06666666666666667,30.0,0.35398230088495575,565.0,0.8706494788254023,0.08255595900118351
pamap2_108_gapped,3,pmc_state,available,1,108,gapped,gapped,plugin,0.404657377362092,5239,0.3815126050420168,595.0,0.4076227390180879,4644.0,0.06666666666666667,30.0,0.39823008849557523,565.0,0.9835171886798441,
pamap2_108_gapped,3,pmc_state,available,2,108,gapped,complete,complete,0.39950372208436724,5239,,,,,,,,,,
pamap2_108_gapped,3,pmc_state,available,2,108,gapped,gapped,linear,0.3970223325062035,5239,0.30756302521008405,595.0,0.4084840654608096,4644.0,0.06666666666666667,30.0,0.32035398230088497,565.0,0.9497995780939948,
pamap2_108_gapped,3,pmc_state,available,2,108,gapped,gapped,locf,0.4132468028249666,5239,0.426890756302521,595.0,0.4114987080103359,4644.0,0.06666666666666667,30.0,0.44601769911504424,565.0,0.9546358117291159,
pamap2_108_gapped,3,pmc_state,available,2,108,gapped,gapped,marginalise,0.39625882802061463,5239,0.33949579831932775,595.0,0.40353143841515937,4644.0,0.06666666666666667,30.0,0.35398230088495575,565.0,0.8629047930410132,0.08798312500221073
pamap2_108_gapped,3,pmc_state,available,2,108,gapped,gapped,plugin,0.40198511166253104,5239,0.3815126050420168,595.0,0.4046080964685616,4644.0,0.06666666666666667,30.0,0.39823008849557523,565.0,0.9763544893642202,
