series,K,model,strategy,start,N,n_missing,status,error,run_tag,runtime_s,init_s,n_iter,ll_trace_last,n_ll_decreases,max_ll_decrease,ll,n_params,bic,pi_sorted,mean_sorted,sd_sorted,stay_sorted,margins,copulas,finite_params,n_warnings,n_regressions_warned,warnings,ll_gap_to_best,agree_with_best,min_margin_sd,y_sd,ll_trace_max,min_pi,degenerate
aotizhongxin,2,hmc_in,available,0,8760,37,ok,,kmeans,0.38157549999959883,0.013933916998212226,9,-9010.38857625232,0,0.0,-9010.38857625232,6,18075.21946347124,0.3995|0.6005,2.9172|4.7217,0.7478|0.5481,0.9629|0.9753,0:norm;1:norm,,True,0,0,,0.0,1.0,0.5481320714906457,1.0888075875262064,-9010.38857625232,0.3995,False
aotizhongxin,2,pmc_pair,available,0,8760,37,ok,,kmeans,6.280769999997574,0.28715270800239523,19,493.80082357222324,3,1.1005866721932307,493.80082357222324,14,-860.5695882223814,0.2925|0.7075,3.4043|4.3042,1.1384|0.9140,0.8258|0.9280,00:norm;01:norm;10:norm;11:norm,00:GH(0.771);01:Frank(0.638);10:GH(0.643);11:GH(0.904),True,4,3,ICE iter 16 || ICE iter 17 || ICE iter 18,0.0,1.0,0.9139855770315206,1.0888075875262064,495.9394982819453,0.2925,False
aotizhongxin,2,pmc_state,available,0,8760,37,ok,,kmeans,6.118723625000712,0.263223416000983,20,345.1134724633468,0,0.0,345.1134724633468,10,-599.4897599823614,0.3193|0.6807,3.3700|4.2950,1.1475|0.9223,0.9358|0.9699,0:norm;1:norm,00:GH(0.771);01:GH(0.372);10:Frank(0.564);11:GH(0.898),True,0,0,,0.0,1.0,0.922296285732674,1.0888075875262064,345.1134724633468,0.3193,False
aotizhongxin,3,hmc_in,available,0,8760,37,ok,,kmeans,0.7412683330003347,0.023168791998614324,16,-6609.37148252714,0,0.0,-6609.37148252714,12,13327.627586987479,0.2923|0.3947|0.3130,2.6200|4.1237|5.1377,0.6426|0.3684|0.3760,0.9491|0.9333|0.9590,0:norm;1:norm;2:norm,,True,0,0,,0.0,1.0,0.3684039202873113,1.0888075875262064,-6609.37148252714,0.2923,False
aotizhongxin,3,pmc_pair,available,0,8760,37,ok,,kmeans,30.79156416600017,0.5709660419997817,50,606.1147787349237,1,5.433106924471161,607.8400419987918,32,-925.3210921757205,0.2036|0.2956|0.5008,2.5159|4.3619|4.5235,0.6249|0.7374|0.7114,0.5837|0.6777|0.8911,00:norm;01:norm;02:norm;10:norm;11:norm;12:norm;20:norm;21:norm;22:norm,00:GH(0.775);01:Frank(0.597);02:Frank(0.599);10:Frank(0.561);11:GH(0.899);12:GH(0.637);20:GH(0.609);21:GH(0.790);22:GH(0.790),True,1,1,ICE iter 2,0.0,1.0,0.3647934329547698,1.0888075875262064,606.1147787349237,0.2036,False
aotizhongxin,3,pmc_state,available,0,8760,37,ok,,kmeans,26.30927545799932,0.5700222920022497,43,424.4445148472862,0,0.0,424.4445148472862,20,-667.4146598059081,0.0693|0.5199|0.4109,2.9991|3.6759|4.5790,1.2914|1.0628|0.7334,0.7278|0.9496|0.9734,0:norm;1:norm;2:norm,00:GH(0.640);01:Frank(0.536);02:Frank(-0.764);10:Frank(0.767);11:GH(0.849);12:GH(0.398);20:GH(0.424);21:GH(0.615);22:GH(0.894),True,0,0,,0.0,1.0,0.7334439754762314,1.0888075875262064,424.4445148472862,0.0693,False
huairou,2,hmc_in,available,0,8760,334,ok,,kmeans,0.3782643329977873,0.013889666999602923,9,-9288.161323497861,0,0.0,-9288.161323497861,6,18630.557111650956,0.4360|0.5640,2.7056|4.6208,0.8400|0.5603,0.9692|0.9762,0:norm;1:norm,,True,0,0,,0.6395178350339847,0.9953196347031964,0.5603190351100522,1.1767602124940608,-9288.161323497861,0.436,False
huairou,2,hmc_in,available,1,8760,334,ok,,perturbed-1,0.382717041997239,0.01585920800062013,9,-9288.327614777892,0,0.0,-9288.327614777892,6,18630.88969421102,0.4351|0.5649,2.7033|4.6195,0.8393|0.5609,0.9691|0.9762,0:norm;1:norm,,True,0,0,,0.8058091150651308,0.9948630136986302,0.5609287393040131,1.1767602124940608,-9288.327614777892,0.4351,False
huairou,2,hmc_in,available,2,8760,334,ok,,perturbed-2,0.33436858400091296,0.014608957997552352,8,-9288.17880430888,0,0.0,-9288.17880430888,6,18630.592073272994,0.4359|0.5641,2.7054|4.6207,0.8399|0.5604,0.9692|0.9762,0:norm;1:norm,,True,0,0,,0.6569986460526707,0.9952054794520548,0.5603855382483739,1.1767602124940608,-9288.17880430888,0.4359,False
huairou,2,hmc_in,impute,0,8760,334,ok,,kmeans,2.763526582999475,0.014480166999419453,9,-9288.332710164856,0,0.0,-9288.332710164856,6,18630.899884984945,0.4354|0.5646,2.7035|4.6197,0.8402|0.5615,0.9692|0.9762,0:norm;1:norm,,True,0,0,,0.8109045020282792,0.9949771689497717,0.5614932903452579,1.1767602124940608,-9288.332710164856,0.4354,False
huairou,2,hmc_in,impute,1,8760,334,ok,,perturbed-1,2.780830291998427,0.016531458000827115,9,-9288.74558150541,0,0.0,-9288.74558150541,6,18631.725627666056,0.4343|0.5657,2.6981|4.6170,0.8376|0.5622,0.9690|0.9762,0:norm;1:norm,,True,0,0,,1.2237758425835636,0.9924657534246575,0.5622465344683353,1.1767602124940608,-9288.74558150541,0.4343,False
huairou,2,hmc_in,impute,2,8760,334,ok,,perturbed-2,2.428878624999925,0.015588708003633656,8,-9288.184151211672,0,0.0,-9288.184151211672,6,18630.602767078577,0.4355|0.5645,2.7046|4.6203,0.8405|0.5594,0.9692|0.9762,0:norm;1:norm,,True,0,0,,0.6623455488443142,0.9952054794520548,0.5593964888825189,1.1767602124940608,-9288.184151211672,0.4355,False
huairou,2,hmc_in,sem,0,8760,334,ok,,kmeans,3.2667832500010263,0.016472667000925867,30,-9287.757130921631,9,0.7053088027514605,-9287.628437586682,6,18629.491339828597,0.4498|0.5502,2.7278|4.6334,0.8466|0.5546,0.9692|0.9748,0:norm;1:norm,,True,0,0,,0.1066319238543656,0.9993150684931507,0.5546303101568124,1.1767602124940608,-9287.48320630969,0.4498,False
huairou,2,hmc_in,sem,1,8760,334,ok,,perturbed-1,3.276168249998591,0.016195042000617832,30,-9287.783046567954,11,0.8446643018251052,-9287.521805662827,6,18629.27807598089,0.4506|0.5494,2.7257|4.6321,0.8487|0.5543,0.9707|0.9760,0:norm;1:norm,,True,0,0,,0.0,1.0,0.5542554559549648,1.1767602124940608,-9287.597366953307,0.4506,False
huairou,2,hmc_in,sem,2,8760,334,ok,,perturbed-2,3.26823554099974,0.016169583999726456,30,-9287.978065523072,16,1.297684612312878,-9288.262653609016,6,18630.759771873265,0.4517|0.5483,2.7412|4.6472,0.8479|0.5464,0.9695|0.9749,0:norm;1:norm,,True,0,0,,0.7408479461882962,0.9930365296803653,0.5463859003860901,1.1767602124940608,-9287.526828433512,0.4517,False
huairou,2,pmc_pair,available,0,8760,334,ok,,kmeans,4.832273874999373,0.285174166001525,15,-524.9992554426309,1,0.027705393226483466,-524.9992554426309,14,1176.5455950808073,0.3433|0.6567,2.8241|4.3308,1.1316|0.7988,0.8660|0.9299,00:norm;01:norm;10:norm;11:norm,00:GH(0.718);01:GH(0.524);10:GH(0.503);11:GH(0.890),True,0,0,,23.06180739091542,0.8631278538812786,0.7987853280161155,1.1767602124940608,-524.9715500494044,0.3433,False
huairou,2,pmc_pair,available,1,8760,334,ok,,family-random-1,15.494285834000038,0.26517820799926994,47,-501.9374480517155,0,0.0,-501.9374480517155,14,1130.4219802989765,0.3597|0.6403,3.0484|4.4427,1.1639|0.7128,0.6835|0.8222,00:norm;01:norm;10:norm;11:norm,00:GH(0.579);01:Gauss(0.900);10:GH(0.791);11:GH(0.887),True,1,0,"GH.correct_tau: τ=1.1654 outside valid range [0.0000, 1.0000] — clipped to τ=1.0000.",0.0,1.0,0.7128293285313284,1.1767602124940608,-501.9374480517155,0.3597,False
huairou,2,pmc_pair,available,2,8760,334,ok,,family-random-2,6.741096249999828,0.2763039170022239,21,-525.4538107323301,4,251.31735295017575,-525.4538107323301,14,1177.4547056602057,0.3542|0.6458,2.8784|4.3423,1.1445|0.7902,0.8631|0.9249,00:norm;01:norm;10:norm;11:norm,00:GH(0.734);01:GH(0.525);10:GH(0.507);11:GH(0.891),True,6,4,"GH.correct_tau: τ=1.1654 outside valid range [0.0000, 1.0000] — clipped to τ=1.0000. || ICE iter 3 || ICE iter 18",23.516362680614634,0.8582191780821918,0.790213427250842,1.1767602124940608,-524.2665418330619,0.3542,False
huairou,2,pmc_pair,impute,0,8760,334,ok,,kmeans,24.63756737499716,0.2526723330011009,17,-524.2715664336978,3,1.4225261311164559,-524.2715664336978,14,1175.090217062941,0.3446|0.6554,2.8292|4.3369,1.1385|0.8004,0.8604|0.9266,00:norm;01:norm;10:norm;11:norm,00:GH(0.725);01:GH(0.517);10:GH(0.504);11:GH(0.891),True,2,2,ICE iter 12 || ICE iter 15,22.334118381982307,0.8622146118721461,0.8004426917898467,1.1767602124940608,-522.833368434629,0.3446,False
huairou,2,pmc_pair,impute,1,8760,334,ok,,family-random-1,37.6151255420009,0.2557925000000978,26,-541.0773947508976,0,0.0,-541.0773947508976,14,1208.7018736973407,0.2961|0.7039,2.8395|4.3177,1.1252|0.7980,0.7757|0.9056,00:norm;01:norm;10:norm;11:norm,00:GH(0.604);01:Clayton(0.840);10:GH(0.577);11:GH(0.887),True,1,0,"GH.correct_tau: τ=1.1654 outside valid range [0.0000, 1.0000] — clipped to τ=1.0000.",39.13994669918213,0.8971461187214612,0.7979606564297642,1.1767602124940608,-541.0773947508976,0.2961,False
huairou,2,pmc_pair,impute,2,8760,334,ok,,family-random-2,38.10330804199839,0.23982558300122037,26,-678.1710993794808,3,3.369289765852841,-678.1710993794808,14,1482.889282954507,0.8195|0.1805,4.2031|4.4729,0.9000|0.5340,0.8420|0.2825,00:norm;01:norm;10:norm;11:norm,00:GH(0.894);01:GH(0.541);10:Frank(0.520);11:Frank(0.584),True,5,3,"GH.correct_tau: τ=1.1654 outside valid range [0.0000, 1.0000] — clipped to τ=1.0000. || ICE iter 23 || ICE iter 24",176.2336513277653,0.7794520547945205,0.5340216301726659,1.1767602124940608,-671.8589542526438,0.1805,False
huairou,2,pmc_pair,sem,0,8760,334,ok,,kmeans,10.75498266700015,0.2778583750005055,30,-531.2577566265346,10,9.013957686484787,-530.6052236938046,14,1187.7575315831548,0.3644|0.6356,2.9645|4.3750,1.1617|0.7639,0.8313|0.9033,00:norm;01:norm;10:norm;11:norm,00:GH(0.771);01:GH(0.509);10:GH(0.520);11:GH(0.889),True,0,0,,28.66777564208917,0.8482876712328767,0.7638555985827064,1.1767602124940608,-521.6676470537143,0.3644,False
huairou,2,pmc_pair,sem,1,8760,334,ok,,family-random-1,10.814409124999656,0.27805904100023326,30,-539.3269099985365,9,7.4353481200824945,-538.8970755046165,14,1204.3412352047785,0.3923|0.6077,3.0518|4.3957,1.1753|0.7403,0.8375|0.8951,00:norm;01:norm;10:norm;11:norm,00:GH(0.781);01:GH(0.532);10:GH(0.529);11:GH(0.891),True,1,0,"GH.correct_tau: τ=1.1654 outside valid range [0.0000, 1.0000] — clipped to τ=1.0000.",36.95962745290103,0.8383561643835616,0.7402524004025437,1.1767602124940608,-522.5705407749332,0.3923,False
huairou,2,pmc_pair,sem,2,8760,334,ok,,family-random-2,10.981079624998529,0.30039962500086403,30,-511.62438518838303,7,8.73144253817054,-514.5787015140045,14,1155.7044872235545,0.3187|0.6813,3.0256|4.4030,1.1464|0.7580,0.6702|0.8457,00:norm;01:norm;10:norm;11:norm,00:GH(0.889);01:GH(0.509);10:GH(0.517);11:Gauss(0.833),True,1,0,"GH.correct_tau: τ=1.1654 outside valid range [0.0000, 1.0000] — clipped to τ=1.0000.",12.641253462289,0.8374429223744292,0.7579603949986612,1.1767602124940608,-510.46365037953774,0.3187,False
huairou,2,pmc_state,available,0,8760,334,ok,,kmeans,5.14549929200075,0.2622351659993001,17,-697.7076042926291,3,0.07730638837608694,-697.7076042926291,10,1485.8059830106477,0.3601|0.6399,2.8768|4.3002,1.1521|0.8311,0.9539|0.9741,0:norm;1:norm,00:GH(0.703);01:GH(0.161);10:GH(0.253);11:GH(0.886),True,2,2,ICE iter 14 || ICE iter 15,0.007652742294794734,0.9968036529680365,0.8310548778610244,1.1767602124940608,-697.5445571653321,0.3601,False
huairou,2,pmc_state,available,1,8760,334,ok,,family-random-1,4.291631541997049,0.2892688330030069,14,-697.6999515503343,0,0.0,-697.6999515503343,10,1485.790677526058,0.3541|0.6459,2.8671|4.2925,1.1497|0.8384,0.9531|0.9743,0:norm;1:norm,00:GH(0.700);01:GH(0.159);10:GH(0.249);11:GH(0.887),True,0,0,,0.0,1.0,0.8384009569116863,1.1767602124940608,-697.6999515503343,0.3541,False
huairou,2,pmc_state,available,2,8760,334,ok,,family-random-2,5.428897041001619,0.2672240840001905,18,-697.7993542612627,1,125.58657216101756,-697.7993542612627,10,1485.989482947915,0.3577|0.6423,2.8705|4.2984,1.1512|0.8317,0.9539|0.9744,0:norm;1:norm,00:GH(0.702);01:GH(0.159);10:GH(0.252);11:GH(0.886),True,1,1,ICE iter 3,0.09940271092841613,0.9980593607305936,0.8317244237135493,1.1767602124940608,-697.7993542612627,0.3577,False
huairou,2,pmc_state,impute,0,8760,334,ok,,kmeans,23.79179545900115,0.25832591600192245,17,-698.3736707112868,2,1.0262465985463223,-698.3736707112868,10,1487.138115847963,0.3557|0.6443,2.8537|4.2906,1.1499|0.8398,0.9535|0.9743,0:norm;1:norm,00:GH(0.700);01:GH(0.141);10:GH(0.252);11:GH(0.886),True,1,1,ICE iter 15,0.6737191609524871,0.9993150684931507,0.8398065800560495,1.1767602124940608,-697.3422342140697,0.3557,False
huairou,2,pmc_state,impute,1,8760,334,ok,,family-random-1,28.17294716699689,0.2426227080031822,20,-699.0919914597912,3,0.8621077996921258,-699.0919914597912,10,1488.574757344972,0.3567|0.6433,2.8614|4.3032,1.1503|0.8323,0.9538|0.9744,0:norm;1:norm,00:GH(0.701);01:GH(0.143);10:GH(0.245);11:GH(0.886),True,3,3,ICE iter 15 || ICE iter 16 || ICE iter 18,1.392039909456912,0.9981735159817352,0.8323326644826924,1.1767602124940608,-697.9679308563929,0.3567,False
huairou,2,pmc_state,impute,2,8760,334,ok,,family-random-2,23.002930082999228,0.23831774999780464,16,-699.94615134035,2,135.5362124213334,-699.94615134035,10,1490.2830771060894,0.3492|0.6508,2.8406|4.2966,1.1427|0.8403,0.9533|0.9749,0:norm;1:norm,00:GH(0.696);01:GH(0.139);10:GH(0.246);11:GH(0.886),True,1,1,ICE iter 3,2.2461997900156803,0.9971461187214612,0.8403351503227979,1.1767602124940608,-699.8918540216439,0.3492,False
huairou,2,pmc_state,sem,0,8760,334,ok,,kmeans,10.294867750002595,0.25281216599978507,30,-695.0959337398602,9,8.661084225074319,-706.1829965792493,10,1502.7567675838882,0.3585|0.6415,2.8408|4.3091,1.1271|0.8367,0.9569|0.9759,0:norm;1:norm,00:GH(0.709);01:GH(0.156);10:GH(0.252);11:GH(0.884),True,0,0,,8.483045028915058,0.9885844748858448,0.8366741119419231,1.1767602124940608,-695.0959337398602,0.3585,False
huairou,2,pmc_state,sem,1,8760,334,ok,,family-random-1,10.059307292001904,0.2679892079977435,30,-700.8459918976678,10,5.747235771562373,-707.1376291178176,10,1504.666032661025,0.3696|0.6304,2.8421|4.3513,1.1185|0.7980,0.9569|0.9747,0:norm;1:norm,00:GH(0.704);01:GH(0.157);10:GH(0.276);11:GH(0.884),True,0,0,,9.43767756748332,0.9835616438356164,0.7980124268209946,1.1767602124940608,-697.0783516743918,0.3696,False
huairou,2,pmc_state,sem,2,8760,334,ok,,family-random-2,10.572757041998557,0.2711921660011285,30,-700.1219316827967,10,117.66422491149842,-707.556796412867,10,1505.5043672511238,0.3565|0.6435,2.8517|4.3018,1.1342|0.8448,0.9531|0.9740,0:norm;1:norm,00:GH(0.711);01:GH(0.181);10:GH(0.249);11:GH(0.883),True,0,0,,9.85684486253274,0.9899543378995433,0.8448376642079668,1.1767602124940608,-696.543774419472,0.3565,False
huairou,2,pmc_state_gice,available,0,8760,334,ok,,kmeans,7.708002041003056,0.5328062919979857,11,-734.524376044887,2,10.643578795913982,-734.524376044887,11,1568.4786039577027,0.2356|0.7644,2.4254|4.2064,1.1187|0.8539,0.9323|0.9792,0:gamma;1:norm,00:GH(0.582);01:Gauss(0.147);10:GH(0.213);11:GH(0.869),True,1,1,ICE iter 7,27.272930792998864,0.9248858447488585,0.8538758909455334,1.1767602124940608,-725.2189387212258,0.2356,False
huairou,2,pmc_state_gice,available,1,8760,334,ok,,family-random-1,7.509725040999911,0.4971350839987281,9,-734.4975981329573,2,376.6439252982102,-734.4975981329573,11,1568.4250481338431,0.2283|0.7717,2.4041|4.1960,1.1135|0.8608,0.9300|0.9793,0:gamma;1:norm,00:GH(0.578);01:Clayton(0.139);10:GH(0.224);11:GH(0.869),True,2,1,"GH.correct_tau: τ=1.2837 outside valid range [0.0000, 1.0000] — clipped to τ=1.0000. || ICE iter 2",27.246152881069065,0.9277397260273973,0.8607819345228883,1.1767602124940608,-734.4868018086179,0.2283,False
huairou,2,pmc_state_gice,available,2,8760,334,ok,,family-random-2,9.47626450000098,0.520498083998973,13,-734.1719837374474,3,730.7527222198678,-734.1719837374474,11,1567.7738193428233,0.2311|0.7689,2.4137|4.1997,1.1171|0.8584,0.9305|0.9791,0:gamma;1:norm,00:GH(0.580);01:Clayton(0.131);10:GH(0.220);11:GH(0.869),True,3,2,"GH.correct_tau: τ=1.2837 outside valid range [0.0000, 1.0000] — clipped to τ=1.0000. || ICE iter 1 || ICE iter 3",26.920538485559177,0.9267123287671233,0.8584447437559862,1.1767602124940608,-734.1093438797675,0.2311,False
huairou,2,pmc_state_gice,impute,0,8760,334,ok,,kmeans,96.37150875000225,0.7286457499976677,29,-735.0966412054172,12,2.257132166096085,-735.0966412054172,11,1569.623134278763,0.2253|0.7747,2.3901|4.1906,1.1092|0.8657,0.9296|0.9795,0:gamma;1:norm,00:GH(0.572);01:Clayton(0.115);10:GH(0.208);11:GH(0.869),True,12,12,ICE iter 5 || ICE iter 7 || ICE iter 8,27.845195953529014,0.9307077625570777,0.865696500792092,1.1767602124940608,-733.7754916043527,0.2253,False
huairou,2,pmc_state_gice,sem,0,8760,334,ok,,kmeans,21.728214791997743,0.4673978749997332,30,-707.3904784799056,12,8.24766594988182,-707.2514452518882,11,1513.932742371705,0.1565|0.8435,2.1696|4.0909,1.2400|0.9445,0.8975|0.9810,0:gamma;1:norm,00:GH(0.500);01:Clayton(0.117);10:GH(0.276);11:GH(0.866),True,0,0,,0.0,1.0,0.944485331575207,1.1767602124940608,-700.0383573748148,0.1565,False
huairou,3,hmc_in,available,0,8760,334,ok,,kmeans,0.7412857910021557,0.021738624996942235,17,-6969.165248834758,0,0.0,-6969.165248834758,12,14046.799426979984,0.3166|0.3513|0.3321,2.3700|3.9217|4.9855,0.7356|0.3726|0.3935,0.9522|0.9334|0.9657,0:norm;1:norm;2:norm,,True,0,0,,0.6963191154382002,0.9855022831050229,0.3726022281492637,1.1767602124940608,-6969.165248834758,0.3166,False
huairou,3,hmc_in,available,1,8760,334,ok,,perturbed-1,0.6917645419998735,0.024457625000650296,16,-6969.37593421081,0,0.0,-6969.37593421081,12,14047.220797732087,0.3163|0.3509|0.3329,2.3690|3.9200|4.9843,0.7353|0.3725|0.3939,0.9522|0.9333|0.9657,0:norm;1:norm;2:norm,,True,0,0,,0.9070044914897153,0.9845890410958904,0.37246659035538016,1.1767602124940608,-6969.37593421081,0.3163,False
huairou,3,hmc_in,available,2,8760,334,ok,,perturbed-2,0.8432135000002745,0.024207250000472413,18,-6969.172079077515,0,0.0,-6969.172079077515,12,14046.813087465498,0.3166|0.3512|0.3321,2.3700|3.9217|4.9855,0.7356|0.3726|0.3935,0.9522|0.9334|0.9657,0:norm;1:norm;2:norm,,True,0,0,,0.7031493581953328,0.9855022831050229,0.37259555524341864,1.1767602124940608,-6969.172079077515,0.3166,False
huairou,3,hmc_in,impute,0,8760,334,ok,,kmeans,5.558617291997507,0.019948916000430472,17,-6969.3971650362155,0,0.0,-6969.3971650362155,12,14047.263259382898,0.3162|0.3510|0.3328,2.3680|3.9195|4.9847,0.7358|0.3729|0.3937,0.9522|0.9333|0.9657,0:norm;1:norm;2:norm,,True,0,0,,0.9282353168955524,0.9844748858447488,0.372879469481271,1.1767602124940608,-6969.3971650362155,0.3162,False
huairou,3,hmc_in,impute,1,8760,334,ok,,perturbed-1,5.481027999998332,0.02455125000051339,17,-6969.135381523869,0,0.0,-6969.135381523869,12,14046.739692358206,0.3164|0.3518|0.3319,2.3706|3.9219|4.9858,0.7349|0.3735|0.3934,0.9522|0.9335|0.9658,0:norm;1:norm;2:norm,,True,0,0,,0.6664518045490695,0.9853881278538813,0.3734932533631419,1.1767602124940608,-6969.135381523869,0.3164,False
huairou,3,hmc_in,impute,2,8760,334,ok,,perturbed-2,5.819265915997676,0.02483616700192215,18,-6969.520391237244,0,0.0,-6969.520391237244,12,14047.509711784956,0.3162|0.3505|0.3333,2.3699|3.9186|4.9841,0.7350|0.3726|0.3944,0.9522|0.9332|0.9657,0:norm;1:norm;2:norm,,True,0,0,,1.0514615179245084,0.9842465753424657,0.372639367864367,1.1767602124940608,-6969.520391237244,0.3162,False
huairou,3,hmc_in,sem,0,8760,334,ok,,kmeans,3.299212959002034,0.02264991599804489,30,-6969.542845093598,5,1.926398271572907,-6969.7303295942875,12,14047.929588499042,0.3123|0.3672|0.3205,2.3553|3.9267|4.9962,0.7333|0.3794|0.3904,0.9497|0.9353|0.9653,0:norm;1:norm;2:norm,,True,0,0,,1.2613998749675375,0.9883561643835617,0.3794355588314732,1.1767602124940608,-6968.80059233489,0.3123,False
huairou,3,hmc_in,sem,1,8760,334,ok,,perturbed-1,3.2725910830013163,0.023622000000614207,30,-6968.704506225558,5,1.7208288969122805,-6968.46892971932,12,14045.406788749107,0.3242|0.3529|0.3229,2.3872|3.9467|4.9983,0.7412|0.3709|0.3875,0.9516|0.9340|0.9669,0:norm;1:norm;2:norm,,True,0,0,,0.0,1.0,0.37085719540789613,1.1767602124940608,-6968.31777510366,0.3229,False
huairou,3,hmc_in,sem,2,8760,334,ok,,perturbed-2,3.321799249999458,0.022874207999848295,30,-6969.3723350314,6,0.8544529266064274,-6969.050947474485,12,14046.570824259437,0.3237|0.3601|0.3162,2.3939|3.9547|5.0072,0.7452|0.3725|0.3852,0.9529|0.9372|0.9662,0:norm;1:norm;2:norm,,True,0,0,,0.5820177551649977,0.9928082191780822,0.37252292178764157,1.1767602124940608,-6968.832123334104,0.3162,False
huairou,3,pmc_pair,available,0,8760,334,ok,,kmeans,24.741941917000077,0.4977054999981192,42,-404.7363892611852,0,0.0,-404.7363892611852,32,1098.7232566836171,0.1402|0.2532|0.6066,1.2736|3.6872|4.4049,0.3068|0.9907|0.7378,0.3005|0.7056|0.8712,00:norm;01:norm;02:norm;10:norm;11:norm;12:norm;20:norm;21:norm;22:norm,00:Clayton(0.473);01:Frank(0.481);02:GH(0.249);10:Frank(0.512);11:GH(0.727);12:Gauss(0.775);20:GH(0.300);21:Gauss(0.642);22:GH(0.893),True,0,0,,33.11746335709137,0.9149543378995434,0.30684464540359546,1.1767602124940608,-404.7363892611852,0.1402,False
huairou,3,pmc_pair,available,1,8760,334,ok,,family-random-1,30.51021749999927,0.5144351249982719,50,-506.8068148745736,1,929.822116763673,-505.95914110347053,32,1301.1687603681878,0.3282|0.1624|0.5094,3.0418|3.5260|4.6388,1.2887|0.3675|0.5761,0.7377|0.7419|0.8413,00:norm;01:norm;02:norm;10:norm;11:norm;12:norm;20:norm;21:norm;22:norm,00:GH(0.801);01:Clayton(0.275);02:GH(0.417);10:Frank(0.594);11:Frank(0.632);12:GH(0.614);20:GH(0.468);21:GH(0.629);22:GH(0.875),True,5,1,"Clayton.correct_tau: τ=-0.2625 outside valid range [0.0000, 1.0000] — clipped to τ=0.0000. || GH.correct_tau: τ=1.0389 outside valid range [0.0000, 1.0000] — clipped to τ=1.0000. || Clayton.correct_tau: τ=-0.2034 outside valid range [0.0000, 1.0000] — clipped to τ=0.0000.",134.3402151993767,0.7230593607305936,0.24752710550175377,1.1767602124940608,-506.8068148745736,0.1624,False
huairou,3,pmc_pair,available,2,8760,334,ok,,family-random-2,9.701194792000024,0.526121292001335,17,-510.8477441134132,6,487.63093322923214,-510.8477441134132,32,1310.9459663880732,0.3439|0.5639|0.0922,3.3088|4.2210|5.0798,1.1619|0.7900|0.3486,0.7920|0.8705|0.7547,00:norm;01:norm;02:norm;10:norm;11:norm;12:norm;20:norm;21:norm;22:norm,00:GH(0.885);01:Gauss(0.357);02:GH(0.330);10:Gauss(0.436);11:GH(0.810);12:GH(0.608);20:GH(0.125);21:GH(0.378);22:GH(0.853),True,11,6,"Clayton.correct_tau: τ=-0.2625 outside valid range [0.0000, 1.0000] — clipped to τ=0.0000. || GH.correct_tau: τ=1.0389 outside valid range [0.0000, 1.0000] — clipped to τ=1.0000. || Clayton.correct_tau: τ=-0.2034 outside valid range [0.0000, 1.0000] — clipped to τ=0.0000.",139.2288182093194,0.7426940639269406,0.3486239730238605,1.1767602124940608,-508.6954568111733,0.0922,False
huairou,3,pmc_pair,impute,0,8760,334,ok,,kmeans,138.81934533399908,0.7954789159994107,49,-371.6189259040938,2,0.38480834082918136,-371.6189259040938,32,1032.4883299694345,0.0994|0.3028|0.5979,1.0982|3.2630|4.4076,0.1024|1.1329|0.7432,0.2231|0.7763|0.8814,00:norm;01:norm;02:norm;10:norm;11:norm;12:norm;20:norm;21:norm;22:norm,00:Gauss(0.092);01:Frank(0.561);02:GH(0.205);10:Frank(0.590);11:GH(0.745);12:Gauss(0.761);20:GH(0.273);21:Gauss(0.623);22:GH(0.894),True,1,1,ICE iter 39,0.0,1.0,0.1023581074913112,1.1767602124940608,-371.60684412853396,0.0994,False
huairou,3,pmc_pair,sem,0,8760,334,ok,,kmeans,19.60079379200033,0.5548900829999184,30,-450.53778821106835,1,11.18091986120919,-451.5814135266027,32,1192.4133052144523,0.1787|0.5402|0.2810,1.4699|4.0213|4.9180,0.4549|0.7834|0.4691,0.3986|0.8717|0.6447,00:norm;01:norm;02:norm;10:norm;11:norm;12:norm;20:norm;21:norm;22:norm,00:Clayton(0.408);01:Frank(0.270);02:GH(0.371);10:Frank(0.520);11:GH(0.851);12:GH(0.615);20:GH(0.473);21:GH(0.634);22:GH(0.893),True,0,0,,79.96248762250889,0.5276255707762557,0.3557998340847612,1.1767602124940608,-450.53778821106835,0.1787,False
huairou,3,pmc_state,available,0,8760,334,ok,,kmeans,13.794304082999588,0.5221054169996933,24,-407.69419476946155,0,0.0,-407.69419476946155,20,996.1699383897023,0.0355|0.3429|0.6217,1.0895|3.0699|4.3347,0.0972|1.0702|0.7785,0.6533|0.9229|0.9769,0:norm;1:norm;2:norm,00:Clayton(0.081);01:Frank(0.029);02:Gauss(-0.267);10:Gauss(-0.001);11:GH(0.718);12:Gauss(0.245);20:Clayton(0.601);21:GH(0.349);22:GH(0.880),True,0,0,,0.0,1.0,0.09720229400577694,1.1767602124940608,-407.69419476946155,0.0355,False
huairou,3,pmc_state,available,1,8760,334,ok,,family-random-1,28.42259820899926,0.5454556250006135,47,-571.3933273952119,0,0.0,-571.3933273952119,20,1323.5682036412031,0.0940|0.4188|0.4872,2.2621|3.3448|4.4615,0.9345|1.1227|0.7240,0.8420|0.9373|0.9752,0:norm;1:norm;2:norm,00:GH(0.374);01:Frank(0.368);02:Frank(-0.371);10:Frank(0.251);11:GH(0.818);12:GH(0.305);20:Gauss(-0.235);21:GH(0.404);22:GH(0.887),True,2,0,"Clayton.correct_tau: τ=-0.0560 outside valid range [0.0000, 1.0000] — clipped to τ=0.0000. || GH.correct_tau: τ=1.0621 outside valid range [0.0000, 1.0000] — clipped to τ=1.0000.",163.6991326257504,0.7907534246575343,0.7240170743537144,1.1767602124940608,-571.3933273952119,0.094,False
huairou,3,pmc_state,available,2,8760,334,ok,,family-random-2,28.739554666000913,0.5735858339976403,45,-571.1827195373667,0,0.0,-571.1827195373667,20,1323.1469879255126,0.0912|0.4123|0.4965,2.2250|3.3311|4.4525,0.8958|1.1268|0.7275,0.8458|0.9376|0.9753,0:norm;1:norm;2:norm,00:GH(0.354);01:GH(0.254);02:Frank(-0.483);10:GH(0.217);11:GH(0.815);12:GH(0.304);20:Gauss(-0.270);21:GH(0.406);22:GH(0.886),True,2,0,"Clayton.correct_tau: τ=-0.0560 outside valid range [0.0000, 1.0000] — clipped to τ=0.0000. || GH.correct_tau: τ=1.0621 outside valid range [0.0000, 1.0000] — clipped to τ=1.0000.",163.48852476790512,0.8012557077625571,0.7274675902450084,1.1767602124940608,-571.1827195373667,0.0912,False
huairou,3,pmc_state,impute,0,8760,334,ok,,kmeans,134.16783570799817,0.4856884170003468,50,-409.0227117727882,15,2.294718614243152,-408.35534814605836,20,997.492245142896,0.0356|0.3396|0.6248,1.0894|3.0585|4.3324,0.0968|1.0597|0.7866,0.6525|0.9221|0.9771,0:norm;1:norm;2:norm,00:Clayton(0.081);01:Frank(0.032);02:Gauss(-0.263);10:GH(0.013);11:GH(0.714);12:Gauss(0.251);20:Clayton(0.597);21:GH(0.350);22:GH(0.880),True,15,15,ICE iter 21 || ICE iter 22 || ICE iter 24,0.6611533765968147,0.9953196347031964,0.09677501839021693,1.1767602124940608,-406.7932959901867,0.0356,False
huairou,3,pmc_state,sem,0,8760,334,ok,,kmeans,16.826031542001147,0.531893666000542,30,-407.2015132705767,7,7.464195074292036,-420.80936847746847,20,1022.4002858057162,0.0378|0.3299|0.6323,1.0889|3.0352|4.3312,0.0943|1.0454|0.7954,0.6556|0.9175|0.9775,0:norm;1:norm;2:norm,00:GH(0.092);01:Gauss(0.067);02:Gauss(-0.950);10:Gauss(0.041);11:GH(0.729);12:Gauss(0.256);20:Gauss(-0.816);21:GH(0.347);22:GH(0.878),True,0,0,,13.115173708006921,0.9900684931506849,0.09426749560658065,1.1767602124940608,-407.2015132705767,0.0378,False
huairou,3,pmc_state_gice,available,0,8760,334,ok,,kmeans,22.284849583000323,1.2930211669990967,20,-339.208645597698,4,5.069190880875055,-339.208645597698,22,877.2769949312533,0.0804|0.3019|0.6178,1.4863|3.1837|4.3736,0.6427|0.9427|0.7550,0.8419|0.9144|0.9780,0:gamma;1:gamma;2:norm,00:GH(0.191);01:Frank(0.211);02:Frank(-0.723);10:GH(0.227);11:GH(0.714);12:Gauss(0.314);20:Frank(-0.095);21:GH(0.382);22:GH(0.877),True,3,3,ICE iter 13 || ICE iter 15 || ICE iter 16,10.007637668142877,0.985730593607306,0.6426719475529663,1.1767602124940608,-331.40811640763405,0.0804,False
huairou,3,pmc_state_gice,available,1,8760,334,ok,,family-random-1,16.8053714580019,1.164244208997843,16,-421.3872984528272,1,31.66270764176261,-421.3872984528272,21,1032.5952231989727,0.0399|0.2666|0.6936,1.0893|2.8716|4.2916,0.0982|0.9804|0.8050,0.6061|0.8892|0.9796,0:gamma;1:norm;2:norm,00:GH(0.654);01:Gauss(0.183);02:Gauss(0.030);10:GH(0.291);11:GH(0.873);12:Clayton(0.467);20:Gauss(0.058);21:Gauss(-0.356);22:GH(0.078),True,59,1,"GH.correct_tau: τ=1.2367 outside valid range [0.0000, 1.0000] — clipped to τ=1.0000. || Gauss.correct_tau: τ=1.1974 outside valid range [-1.0000, 1.0000] — clipped to τ=1.0000. || Frank.correct_tau: τ=1.1429 outside valid range [-1.0000, 1.0000] — clipped to τ=1.0000.",92.18629052327208,0.8738584474885844,0.09818777427149514,1.1767602124940608,-421.3872984528272,0.0399,False
huairou,3,pmc_state_gice,available,2,8760,334,ok,,family-random-2,9.607896375000564,1.2862673749987152,10,-733.636719239498,3,60.59325238452402,-733.636719239498,21,1657.0940647723141,0.0001|0.2220|0.7778,1.1577|2.3737|4.1866,0.0000|1.1157|0.8679,0.0000|0.9279|0.9794,0:gamma;1:norm;2:norm,00:GH(0.573);01:Clayton(0.124);02:Clayton(0.184);10:GH(0.229);11:GH(0.869);12:Clayton(0.186);20:Clayton(0.184);21:GH(0.562);22:Gauss(-0.167),True,26,2,"GH.correct_tau: τ=1.2367 outside valid range [0.0000, 1.0000] — clipped to τ=1.0000. || Gauss.correct_tau: τ=1.1974 outside valid range [-1.0000, 1.0000] — clipped to τ=1.0000. || Frank.correct_tau: τ=1.1429 outside valid range [-1.0000, 1.0000] — clipped to τ=1.0000.",404.43571130994286,0.7492009132420091,3.976496617765265e-05,1.1767602124940608,-733.4899527281337,0.0001,True
huairou,3,pmc_state_gice,impute,0,8760,334,ok,,kmeans,163.7740838330028,1.3678527919983026,30,-329.20100792955515,9,375.87648334937154,-329.20100792955515,22,857.2617195949674,0.0848|0.3019|0.6133,1.6339|3.1936|4.3754,0.7536|0.9331|0.7557,0.8506|0.9152|0.9780,0:gamma;1:gamma;2:norm,00:GH(0.237);01:Frank(0.288);02:Frank(-0.815);10:Frank(0.328);11:GH(0.719);12:Gauss(0.320);20:Frank(-0.227);21:GH(0.389);22:GH(0.877),True,10,9,ICE iter 12 || ICE iter 16 || ICE iter 21,0.0,1.0,0.7536369087355501,1.1767602124940608,-325.8215902375146,0.0848,False
huairou,3,pmc_state_gice,sem,0,8760,334,ok,,kmeans,30.106194042000425,1.132398166002531,30,-338.3762476251016,7,12.763553332065158,-344.81395082589665,22,888.4876053876505,0.0895|0.2918|0.6187,1.5631|3.1629|4.3945,0.6480|0.9209|0.7489,0.8577|0.9128|0.9794,0:gamma;1:invgamma;2:norm,00:GH(0.213);01:GH(0.236);02:Frank(-0.668);10:Frank(0.240);11:GH(0.706);12:GH(0.184);20:Frank(-0.485);21:GH(0.350);22:GH(0.875),True,0,0,,15.612942896341508,0.9784246575342466,0.6480242315230137,1.1767602124940608,-331.27334725408946,0.0895,False
huairou_rawlog,2,hmc_in,available,0,8760,334,ok,,kmeans,0.37930854200021713,0.013585124997916864,9,-9274.624890575198,0,0.0,-9274.624890575198,6,18603.48424580563,0.4364|0.5636,2.7082|4.6216,0.8370|0.5600,0.9693|0.9762,0:norm;1:norm,,True,0,0,,0.0,1.0,0.5600341895477381,1.1751713118499254,-9274.624890575198,0.4364,False
huairou_rawlog,2,pmc_state,available,0,8760,334,ok,,kmeans,5.048209917000349,0.2789330829982646,16,-668.1501756672196,0,0.0,-668.1501756672196,10,1426.691125759829,0.3589|0.6411,2.8929|4.2897,1.1517|0.8452,0.9528|0.9736,0:norm;1:norm,00:GH(0.706);01:Frank(0.186);10:GH(0.252);11:GH(0.888),True,0,0,,0.0,1.0,0.845223652243304,1.1751713118499254,-668.1501756672196,0.3589,False
huairou_rawlog,3,hmc_in,available,0,8760,334,ok,,kmeans,0.6932554170016374,0.018684208000195213,16,-6954.405617431431,0,0.0,-6954.405617431431,12,14017.28016417333,0.3159|0.3515|0.3326,2.3699|3.9198|4.9848,0.7308|0.3730|0.3938,0.9521|0.9335|0.9657,0:norm;1:norm;2:norm,,True,0,0,,0.0,1.0,0.3730154708977815,1.1751713118499254,-6954.405617431431,0.3159,False
huairou_rawlog,3,pmc_state,available,0,8760,334,ok,,kmeans,12.404907749998529,0.5118706659995951,21,4399.095020087731,0,0.0,4399.095020087731,20,-8617.408491324684,0.0476|0.3021|0.6503,1.0986|3.0934|4.3085,0.0001|1.0054|0.7941,0.5414|0.8790|0.9769,0:norm;1:norm;2:norm,00:Clayton(1.000);01:GH(0.203);02:Clayton(0.046);10:GH(0.102);11:GH(0.705);12:Gauss(0.255);20:Clayton(0.179);21:GH(0.352);22:GH(0.878),True,144,0,Frank: requested |tau|=0.995962 exceeds the largest numerically reachable value 0.994299 (theta=±700); clamping. || Frank: requested |tau|=0.996880 exceeds the largest numerically reachable value 0.994299 (theta=±700); clamping. || Frank: requested |tau|=0.996421 exceeds the largest numerically reachable value 0.994299 (theta=±700); clamping.,0.0,1.0,0.0001,1.1751713118499254,4399.095020087731,0.0476,True
pamap2_102_complete,2,hmc_in,complete,0,8940,0,ok,,kmeans,0.16602304200205253,0.01374983299683663,4,-10446.440052336251,0,0.0,-10446.440052336251,6,20947.46984988151,0.3759|0.6241,-1.9128|0.8247,0.7206|0.6679,0.9550|0.9729,0:norm;1:norm,,True,0,0,,0.14982939912624715,0.9969798657718121,0.6678513673194382,1.493880984800716,-10446.440052336251,0.3759,False
pamap2_102_complete,2,hmc_in,complete,1,8940,0,ok,,perturbed-1,0.250159208997502,0.01455016600084491,6,-10447.290544696314,0,0.0,-10447.290544696314,6,20949.170834601635,0.3736|0.6264,-1.9209|0.8194,0.7146|0.6726,0.9551|0.9732,0:norm;1:norm,,True,0,0,,1.000321759189319,0.9950782997762864,0.6726374926328631,1.493880984800716,-10447.290544696314,0.3736,False
pamap2_102_complete,2,hmc_in,complete,2,8940,0,ok,,perturbed-2,0.16945600000326522,0.012556041998323053,4,-10446.290222937125,0,0.0,-10446.290222937125,6,20947.170191083256,0.3813|0.6187,-1.8928|0.8363,0.7363|0.6579,0.9555|0.9726,0:norm;1:norm,,True,0,0,,0.0,1.0,0.6579371467979592,1.493880984800716,-10446.290222937125,0.3813,False
pamap2_102_complete,2,pmc_pair,complete,0,8940,0,ok,,kmeans,6.442508125001041,0.29154366700095125,24,-6301.072569235719,0,0.0,-6301.072569235719,14,12729.521210625784,0.3382|0.6618,-2.4318|0.9603,0.2390|0.5765,0.5983|0.7947,00:norm;01:norm;10:norm;11:norm,00:Frank(0.398);01:Frank(0.324);10:Frank(0.469);11:GH(0.406),True,0,0,,0.3364293626964354,0.9956375838926175,0.2390352306525404,1.493880984800716,-6301.072569235719,0.3382,False
pamap2_102_complete,2,pmc_pair,complete,1,8940,0,ok,,family-random-1,5.925388040999678,0.3109788749970903,22,-6300.736139873023,0,0.0,-6300.736139873023,14,12728.848351900391,0.3390|0.6610,-2.4311|0.9612,0.2396|0.5762,0.5982|0.7939,00:norm;01:norm;10:norm;11:norm,00:Frank(0.399);01:Frank(0.325);10:Frank(0.466);11:GH(0.406),True,2,0,"Frank.correct_tau: τ=-1.0116 outside valid range [-1.0000, 1.0000] — clipped to τ=-1.0000. || Frank: requested |tau|=1.000000 exceeds the largest numerically reachable value 0.994299 (theta=±700); clamping.",0.0,1.0,0.23962958922469269,1.493880984800716,-6300.736139873023,0.339,False
pamap2_102_complete,2,pmc_pair,complete,2,8940,0,ok,,family-random-2,2.03494425000099,0.2909048330002406,8,-6423.4357649738695,3,15.986803723661978,-6423.4357649738695,14,12974.247602102085,0.3964|0.6036,-1.5398|0.9198,1.0624|0.6068,0.8658|0.9119,00:norm;01:norm;10:norm;11:norm,00:Clayton(0.730);01:Clayton(0.516);10:Clayton(0.652);11:GH(0.416),True,6,3,"Frank.correct_tau: τ=-1.0116 outside valid range [-1.0000, 1.0000] — clipped to τ=-1.0000. || Frank: requested |tau|=1.000000 exceeds the largest numerically reachable value 0.994299 (theta=±700); clamping. || ICE iter 5",122.69962510084679,0.8572706935123042,0.6067632830524045,1.493880984800716,-6382.856363241088,0.3964,False
pamap2_102_complete,2,pmc_state,complete,0,8940,0,ok,,kmeans,2.4954648749990156,0.2781064589980815,9,-6797.207664426538,3,12.002126260858859,-6797.207664426538,10,13685.398237534751,0.2758|0.7242,-2.2490|0.5744,0.4392|0.8997,0.9665|0.9872,0:norm;1:norm,00:Clayton(0.553);01:Gauss(-0.028);10:Frank(-0.401);11:GH(0.560),True,4,3,ICE iter 6 || ICE iter 7 || ICE iter 8,302.0648128546327,0.7997762863534675,0.4391906791164047,1.493880984800716,-6767.453838299181,0.2758,False
pamap2_102_complete,2,pmc_state,complete,1,8940,0,ok,,family-random-1,1.460587959001714,0.30494125000041095,6,-6650.314524768672,3,4.607177467945803,-6650.314524768672,10,13391.611958219019,0.4045|0.5955,-1.7879|0.8716,0.8398|0.6382,0.9656|0.9766,0:norm;1:norm,00:Clayton(0.655);01:Clayton(0.022);10:Frank(-0.188);11:GH(0.433),True,4,3,ICE iter 3 || ICE iter 4 || ICE iter 5,155.17167319676628,0.939261744966443,0.638161249443087,1.493880984800716,-6640.381046214043,0.4045,False
pamap2_102_complete,2,pmc_state,complete,2,8940,0,ok,,family-random-2,1.9956894999995711,0.3058983749979234,8,-6495.142851571905,3,10.561047163527292,-6495.142851571905,10,13081.268611825486,0.4700|0.5300,-1.5058|0.9497,1.0778|0.5886,0.9815|0.9836,0:norm;1:norm,00:Clayton(0.683);01:Frank(0.213);10:GH(0.047);11:GH(0.420),True,4,3,ICE iter 5 || ICE iter 6 || ICE iter 7,0.0,1.0,0.5886483822542721,1.493880984800716,-6464.468078662637,0.47,False
pamap2_102_complete,3,hmc_in,complete,0,8940,0,ok,,kmeans,0.4723082499986049,0.02175212499787449,11,-8095.209907474791,0,0.0,-8095.209907474791,12,16299.599305367594,0.2245|0.2428|0.5327,-2.4103|-0.7665|0.9815,0.2575|0.7412|0.5564,0.9499|0.8868|0.9690,0:norm;1:norm;2:norm,,True,0,0,,0.0,1.0,0.2575405238235236,1.493880984800716,-8095.209907474791,0.2245,False
pamap2_102_complete,3,hmc_in,complete,1,8940,0,ok,,perturbed-1,0.5211722499989264,0.023271834001207026,12,-8095.21839098438,0,0.0,-8095.21839098438,12,16299.616272386771,0.2243|0.2432|0.5325,-2.4107|-0.7658|0.9817,0.2572|0.7427|0.5563,0.9498|0.8872|0.9691,0:norm;1:norm;2:norm,,True,0,0,,0.008483509588586458,0.9996644295302013,0.25715218606521795,1.493880984800716,-8095.21839098438,0.2243,False
pamap2_102_complete,3,hmc_in,complete,2,8940,0,ok,,perturbed-2,0.48043883399805054,0.02551766600299743,11,-8095.230545940373,0,0.0,-8095.230545940373,12,16299.640582298758,0.2246|0.2426|0.5328,-2.4101|-0.7664|0.9815,0.2578|0.7406|0.5564,0.9499|0.8866|0.9689,0:norm;1:norm;2:norm,,True,0,0,,0.0206384655821239,0.9998881431767338,0.2577987295165756,1.493880984800716,-8095.230545940373,0.2246,False
pamap2_102_complete,3,pmc_pair,complete,0,8940,0,ok,,kmeans,29.021151249999093,0.6132537080011389,50,-6079.497346452512,0,0.0,-6069.508334055332,32,12430.161975892026,0.2745|0.3197|0.4059,-2.4484|-0.2536|1.2505,0.2264|0.8016|0.5225,0.6945|0.5487|0.6771,00:norm;01:norm;02:norm;10:norm;11:norm;12:norm;20:norm;21:norm;22:norm,00:Frank(0.396);01:Gauss(0.229);02:Clayton(0.056);10:Frank(0.286);11:GH(0.513);12:GH(0.049);20:Clayton(0.247);21:Gauss(-0.034);22:GH(0.403),True,0,0,,298.44995865688634,0.6608501118568233,0.22644397643127642,1.493880984800716,-6079.497346452512,0.2745,False
pamap2_102_complete,3,pmc_pair,complete,1,8940,0,ok,,family-random-1,13.692654958002095,0.5786553329999151,26,-5957.300808112738,0,0.0,-5957.300808112738,32,12205.746924006839,0.2543|0.4112|0.3345,-2.4455|0.4284|0.9181,0.2286|1.0443|0.4283,0.7563|0.8449|0.9674,00:norm;01:norm;02:norm;10:norm;11:norm;12:norm;20:norm;21:norm;22:norm,00:Frank(0.395);01:Frank(0.250);02:Frank(-0.420);10:Frank(0.438);11:GH(0.552);12:Gauss(0.059);20:Clayton(0.445);21:Gauss(-0.294);22:Frank(0.294),True,4,0,"Frank.correct_tau: τ=-1.0351 outside valid range [-1.0000, 1.0000] — clipped to τ=-1.0000. || Frank.correct_tau: τ=-1.0666 outside valid range [-1.0000, 1.0000] — clipped to τ=-1.0000. || Frank: requested |tau|=1.000000 exceeds the largest numerically reachable value 0.994299 (theta=±700); clamping.",186.2424327142926,0.8900447427293064,0.2286455114132167,1.493880984800716,-5957.300808112738,0.2543,False
pamap2_102_complete,3,pmc_pair,complete,2,8940,0,ok,,family-random-2,18.318931792000512,0.5949446669983445,34,-5771.058375398446,1,0.006041082782758167,-5771.058375398446,32,11833.262058578253,0.2921|0.3821|0.3258,-2.4468|0.2211|0.8370,0.2252|1.0406|0.4035,0.6323|0.8263|0.8292,00:norm;01:norm;02:norm;10:norm;11:norm;12:norm;20:norm;21:norm;22:norm,00:Frank(0.402);01:Clayton(0.254);02:Frank(0.236);10:Gauss(0.508);11:GH(0.507);12:Gauss(0.326);20:Frank(0.301);21:Gauss(-0.264);22:Gauss(0.305),True,4,0,"Frank.correct_tau: τ=-1.0351 outside valid range [-1.0000, 1.0000] — clipped to τ=-1.0000. || Frank.correct_tau: τ=-1.0666 outside valid range [-1.0000, 1.0000] — clipped to τ=-1.0000. || Frank: requested |tau|=1.000000 exceeds the largest numerically reachable value 0.994299 (theta=±700); clamping.",0.0,1.0,0.22515675350092287,1.493880984800716,-5771.052334315663,0.2921,False
pamap2_102_complete,3,pmc_state,complete,0,8940,0,ok,,kmeans,8.954793917000643,0.6409498329994676,16,-6186.823017672913,0,0.0,-6186.823017672913,20,12555.611852709177,0.2030|0.3250|0.4719,-2.4325|-0.5555|0.9961,0.2419|1.0258|0.5628,0.9589|0.9569|0.9880,0:norm;1:norm;2:norm,00:Frank(0.396);01:Frank(-0.025);02:Frank(-0.058);10:Frank(-0.270);11:Gauss(0.500);12:Clayton(0.077);20:Clayton(0.204);21:Frank(0.303);22:GH(0.424),True,0,0,,0.0,1.0,0.24190053001165443,1.493880984800716,-6186.823017672913,0.203,False
pamap2_102_complete,3,pmc_state,complete,1,8940,0,ok,,family-random-1,5.794218582999747,0.6161278750005295,11,-6193.405626818454,0,0.0,-6193.405626818454,20,12568.777071000259,0.2089|0.4445|0.3466,-2.4196|-0.0428|0.9235,0.2552|1.2304|0.4409,0.9631|0.9756|0.9910,0:norm;1:norm;2:norm,00:Frank(0.408);01:Gauss(-0.124);02:Frank(0.405);10:Frank(-0.332);11:GH(0.613);12:Gauss(-0.226);20:Frank(0.026);21:Gauss(-0.046);22:Frank(0.295),True,2,0,"Frank.correct_tau: τ=1.4524 outside valid range [-1.0000, 1.0000] — clipped to τ=1.0000. || Frank: requested |tau|=1.000000 exceeds the largest numerically reachable value 0.994299 (theta=±700); clamping.",6.582609145541028,0.8595078299776286,0.25518695248198187,1.493880984800716,-6193.405626818454,0.2089,False
pamap2_102_complete,3,pmc_state,complete,2,8940,0,ok,,family-random-2,8.061061832999258,0.6066223330017237,15,-6194.055939911694,0,0.0,-6194.055939911694,20,12570.077697186738,0.2062|0.4419|0.3518,-2.4248|-0.0669|0.9243,0.2497|1.2371|0.4431,0.9625|0.9736|0.9889,0:norm;1:norm;2:norm,00:Frank(0.399);01:Gauss(-0.156);02:Frank(0.467);10:Frank(-0.333);11:GH(0.618);12:Gauss(-0.380);20:Frank(-0.050);21:Clayton(0.112);22:Frank(0.295),True,2,0,"Frank.correct_tau: τ=1.4524 outside valid range [-1.0000, 1.0000] — clipped to τ=1.0000. || Frank: requested |tau|=1.000000 exceeds the largest numerically reachable value 0.994299 (theta=±700); clamping.",7.232922238780702,0.8608501118568233,0.2496642213810823,1.493880984800716,-6194.055939911694,0.2062,False
pamap2_102_gapped,2,hmc_in,available,0,8940,1049,ok,,kmeans,0.21435837500030175,0.0124330420003389,5,-9216.205970918432,0,0.0,-9216.205970918432,6,18486.25281072799,0.3719|0.6281,-1.9655|0.7884,0.6870|0.6863,0.9569|0.9745,0:norm;1:norm,,True,0,0,,0.07379656574084947,0.9949664429530202,0.6863150064903282,1.503276635590339,-9216.205970918432,0.3719,False
pamap2_102_gapped,2,hmc_in,available,1,8940,1049,ok,,perturbed-1,0.17258508400118444,0.013067457999568433,4,-9216.142623711643,0,0.0,-9216.142623711643,6,18486.12611631441,0.3660|0.6340,-1.9864|0.7757,0.6693|0.6968,0.9557|0.9744,0:norm;1:norm,,True,0,0,,0.010449358951518661,0.9996644295302013,0.6693341720608681,1.503276635590339,-9216.142623711643,0.366,False
pamap2_102_gapped,2,hmc_in,available,2,8940,1049,ok,,perturbed-2,0.21310183300010976,0.012191792000521673,5,-9218.08040127651,0,0.0,-9218.08040127651,6,18490.001671444144,0.3789|0.6211,-1.9410|0.8034,0.7071|0.6739,0.9577|0.9742,0:norm;1:norm,,True,0,0,,1.948226923817856,0.9888143176733781,0.6738904877209998,1.503276635590339,-9218.08040127651,0.3789,False
pamap2_102_gapped,2,hmc_in,impute,0,8940,1049,ok,,kmeans,1.4792449579981621,0.011335999999573687,5,-9216.250238379624,0,0.0,-9216.250238379624,6,18486.341345650373,0.3717|0.6283,-1.9648|0.7880,0.6866|0.6850,0.9568|0.9745,0:norm;1:norm,,True,0,0,,0.11806402693218843,0.9949664429530202,0.6849878231176383,1.503276635590339,-9216.250238379624,0.3717,False
pamap2_102_gapped,2,hmc_in,impute,1,8940,1049,ok,,perturbed-1,1.1486880000011297,0.013898040997446515,4,-9216.132174352691,0,0.0,-9216.132174352691,6,18486.10521759651,0.3662|0.6338,-1.9834|0.7761,0.6696|0.6958,0.9557|0.9744,0:norm;1:norm,,True,0,0,,0.0,1.0,0.6695997204842962,1.503276635590339,-9216.132174352691,0.3662,False
pamap2_102_gapped,2,hmc_in,impute,2,8940,1049,ok,,perturbed-2,1.8237447909996263,0.012931209002999822,6,-9217.840133033065,0,0.0,-9217.840133033065,6,18489.521134957256,0.3780|0.6220,-1.9432|0.8025,0.7059|0.6757,0.9578|0.9744,0:norm;1:norm,,True,0,0,,1.7079586803738493,0.9897091722595078,0.6757412091347328,1.503276635590339,-9217.840133033065,0.378,False
pamap2_102_gapped,2,hmc_in,sem,0,8940,1049,ok,,kmeans,3.3316550419986015,0.012030083002173342,30,-9216.166005185903,13,0.847637451657647,-9216.703400848706,6,18487.24767058854,0.3659|0.6341,-1.9849|0.7766,0.6738|0.6924,0.9532|0.9730,0:norm;1:norm,,True,0,0,,0.5712264960147877,0.9996644295302013,0.6738411935937598,1.503276635590339,-9216.060589676526,0.3659,False
pamap2_102_gapped,2,hmc_in,sem,1,8940,1049,ok,,perturbed-1,3.326286709001579,0.012100999996619066,30,-9216.420531364376,12,0.734080335822,-9216.506072973967,6,18486.85301483906,0.3706|0.6294,-1.9827|0.7699,0.6746|0.6998,0.9583|0.9755,0:norm;1:norm,,True,0,0,,0.3738986212756572,0.9994407158836689,0.674625418658122,1.503276635590339,-9216.337572855384,0.3706,False
pamap2_102_gapped,2,hmc_in,sem,2,8940,1049,ok,,perturbed-2,3.3725432909996016,0.013122374999511521,30,-9216.562782212488,12,0.7885325334955269,-9216.381972560504,6,18486.604814012135,0.3738|0.6262,-1.9626|0.7844,0.6819|0.6855,0.9578|0.9748,0:norm;1:norm,,True,0,0,,0.24979820781300077,0.9951901565995526,0.6818680319325999,1.503276635590339,-9216.073153446767,0.3738,False
pamap2_102_gapped,2,pmc_pair,available,0,8940,1049,ok,,kmeans,8.549917374999495,0.2610854590020608,25,-5582.589088593255,0,0.0,-5582.589088593255,14,11290.806871265804,0.3349|0.6651,-2.4373|0.9336,0.2355|0.5840,0.6118|0.8045,00:norm;01:norm;10:norm;11:norm,00:Frank(0.397);01:Frank(0.320);10:Frank(0.468);11:GH(0.404),True,0,0,,22.49587559540032,0.9791946308724833,0.2354919263040141,1.503276635590339,-5582.589088593255,0.3349,False
pamap2_102_gapped,2,pmc_pair,available,1,8940,1049,ok,,family-random-1,7.54817229100081,0.2506177089999255,24,-5582.413368702076,0,0.0,-5582.413368702076,14,11290.455431483446,0.3353|0.6647,-2.4371|0.9342,0.2356|0.5838,0.6115|0.8040,00:norm;01:norm;10:norm;11:norm,00:Frank(0.398);01:Frank(0.320);10:Frank(0.467);11:GH(0.404),True,2,0,"Frank.correct_tau: τ=-1.0459 outside valid range [-1.0000, 1.0000] — clipped to τ=-1.0000. || Frank: requested |tau|=1.000000 exceeds the largest numerically reachable value 0.994299 (theta=±700); clamping.",22.32015570422118,0.9803131991051454,0.23564809105175366,1.503276635590339,-5582.413368702076,0.3353,False
pamap2_102_gapped,2,pmc_pair,available,2,8940,1049,ok,,family-random-2,2.1970707079999556,0.2643878329981817,7,-5730.444105412016,3,18.977595106945046,-5730.444105412016,14,11586.516904903327,0.3693|0.6307,-1.7218|0.8757,0.9347|0.6260,0.8441|0.9087,00:norm;01:norm;10:norm;11:norm,00:Clayton(0.728);01:Clayton(0.517);10:Clayton(0.654);11:GH(0.414),True,6,3,"Frank.correct_tau: τ=-1.0459 outside valid range [-1.0000, 1.0000] — clipped to τ=-1.0000. || Frank: requested |tau|=1.000000 exceeds the largest numerically reachable value 0.994299 (theta=±700); clamping. || ICE iter 4",170.35089241416154,0.8742729306487695,0.6259606424674845,1.503276635590339,-5683.539357944958,0.3693,False
pamap2_102_gapped,2,pmc_pair,impute,0,8940,1049,ok,,kmeans,26.609397333999368,0.23952395800006343,18,-5602.189363260604,0,0.0,-5602.189363260604,14,11330.007420600503,0.3286|0.6714,-2.4392|0.9393,0.2304|0.6021,0.6214|0.8147,00:norm;01:norm;10:norm;11:norm,00:Clayton(0.319);01:Frank(0.302);10:Frank(0.459);11:GH(0.428),True,0,0,,42.09615026274969,0.9624161073825503,0.23042176283748295,1.503276635590339,-5602.189363260604,0.3286,False
pamap2_102_gapped,2,pmc_pair,impute,1,8940,1049,ok,,family-random-1,32.500627334000455,0.24331345799873816,23,-5595.834181382654,1,0.6068422702992393,-5595.834181382654,14,11317.297056844602,0.3363|0.6637,-2.4416|0.9496,0.2308|0.5897,0.6074|0.8011,00:norm;01:norm;10:norm;11:norm,00:Clayton(0.319);01:Frank(0.333);10:Frank(0.473);11:GH(0.427),True,3,1,"Frank.correct_tau: τ=-1.0459 outside valid range [-1.0000, 1.0000] — clipped to τ=-1.0000. || Frank: requested |tau|=1.000000 exceeds the largest numerically reachable value 0.994299 (theta=±700); clamping. || ICE iter 19",35.74096838479909,0.971923937360179,0.23083467261623064,1.503276635590339,-5595.834181382654,0.3363,False
pamap2_102_gapped,2,pmc_pair,impute,2,8940,1049,ok,,family-random-2,9.539622832999157,0.22967762500047684,7,-5733.12054611784,3,14.04745876457946,-5733.12054611784,14,11591.869786314974,0.3638|0.6362,-1.7790|0.8848,0.8761|0.6385,0.8481|0.9131,00:norm;01:norm;10:norm;11:norm,00:Clayton(0.717);01:Clayton(0.525);10:Clayton(0.662);11:GH(0.436),True,6,3,"Frank.correct_tau: τ=-1.0459 outside valid range [-1.0000, 1.0000] — clipped to τ=-1.0000. || Frank: requested |tau|=1.000000 exceeds the largest numerically reachable value 0.994299 (theta=±700); clamping. || ICE iter 4",173.0273331199851,0.8805369127516779,0.6384898322229817,1.503276635590339,-5702.484136491797,0.3638,False
pamap2_102_gapped,2,pmc_pair,sem,0,8940,1049,ok,,kmeans,10.448159833002137,0.5146290839984431,30,-5571.002659285923,5,2.749857713325582,-5568.374211547287,14,11262.377117173868,0.3287|0.6713,-2.4422|0.9413,0.2272|0.5861,0.6006|0.8044,00:norm;01:norm;10:norm;11:norm,00:Frank(0.373);01:Clayton(0.309);10:Frank(0.479);11:GH(0.422),True,0,0,,8.280998549432297,0.9926174496644296,0.22722899646616582,1.503276635590339,-5571.002659285923,0.3287,False
pamap2_102_gapped,2,pmc_pair,sem,1,8940,1049,ok,,family-random-1,10.352963332999934,0.53056533400013,30,-5562.102149087749,5,2.567293203841473,-5560.093212997855,14,11245.815120075004,0.3304|0.6696,-2.4442|0.9510,0.2343|0.5858,0.5959|0.8006,00:norm;01:norm;10:norm;11:norm,00:Frank(0.410);01:Clayton(0.330);10:Frank(0.493);11:GH(0.421),True,2,0,"Frank.correct_tau: τ=-1.0459 outside valid range [-1.0000, 1.0000] — clipped to τ=-1.0000. || Frank: requested |tau|=1.000000 exceeds the largest numerically reachable value 0.994299 (theta=±700); clamping.",0.0,1.0,0.23432077061506293,1.503276635590339,-5562.102149087749,0.3304,False
pamap2_102_gapped,2,pmc_pair,sem,2,8940,1049,ok,,family-random-2,10.720561374997487,0.23408658300104435,30,-5804.800906789004,20,30.241371135748523,-5794.862115818044,14,11715.352925715382,0.4300|0.5700,-0.5635|0.9593,1.1305|0.6492,0.7662|0.8237,00:norm;01:norm;10:norm;11:norm,00:Clayton(0.477);01:Clayton(0.409);10:Clayton(0.458);11:GH(0.485),True,2,0,"Frank.correct_tau: τ=-1.0459 outside valid range [-1.0000, 1.0000] — clipped to τ=-1.0000. || Frank: requested |tau|=1.000000 exceeds the largest numerically reachable value 0.994299 (theta=±700); clamping.",234.7689028201894,0.6813199105145414,0.23352439705960043,1.503276635590339,-5715.160822000752,0.43,False
pamap2_102_gapped,2,pmc_state,available,0,8940,1049,ok,,kmeans,2.6323724159992707,0.24302779200297664,8,-6018.815477757315,3,6.261310071046864,-6018.815477757315,10,12127.365736999842,0.2797|0.7203,-2.2529|0.5591,0.4360|0.8981,0.9669|0.9872,0:norm;1:norm,00:Clayton(0.550);01:Gauss(-0.023);10:Frank(-0.391);11:GH(0.554),True,4,3,ICE iter 5 || ICE iter 6 || ICE iter 7,230.92631532679843,0.8096196868008948,0.436002960209313,1.503276635590339,-6002.986208583517,0.2797,False
pamap2_102_gapped,2,pmc_state,available,1,8940,1049,ok,,family-random-1,1.7734398330030672,0.2502964579980471,6,-5953.826388782713,3,8.733269724337333,-5953.826388782713,10,11997.387559050638,0.3891|0.6109,-1.8869|0.8179,0.7674|0.6714,0.9654|0.9780,0:norm;1:norm,00:Clayton(0.645);01:Frank(0.018);10:Frank(-0.203);11:GH(0.445),True,4,3,ICE iter 3 || ICE iter 4 || ICE iter 5,165.93722635219638,0.9295302013422819,0.6714366624829797,1.503276635590339,-5929.196303030995,0.3891,False
pamap2_102_gapped,2,pmc_state,available,2,8940,1049,ok,,family-random-2,2.4862284580012783,0.2630975419997412,8,-5799.922214525746,3,13.236515503433111,-5799.922214525746,10,11689.579210536704,0.4574|0.5426,-1.5823|0.9215,1.0374|0.5989,0.9797|0.9829,0:norm;1:norm,00:Clayton(0.683);01:Frank(0.236);10:GH(0.054);11:GH(0.421),True,4,3,ICE iter 5 || ICE iter 6 || ICE iter 7,12.033052095229323,0.9916107382550335,0.5989410705859874,1.503276635590339,-5761.230419401176,0.4574,False
pamap2_102_gapped,2,pmc_state,impute,0,8940,1049,ok,,kmeans,12.237320416999864,0.24392741699921316,8,-6019.338140017271,3,10.592154259964445,-6019.338140017271,10,12128.411061519753,0.2805|0.7195,-2.2475|0.5910,0.4385|0.8983,0.9668|0.9871,0:norm;1:norm,00:Clayton(0.552);01:Gauss(-0.034);10:Frank(-0.394);11:GH(0.558),True,4,3,ICE iter 5 || ICE iter 6 || ICE iter 7,231.44897758675415,0.8114093959731543,0.43852656578610405,1.503276635590339,-6001.364154082702,0.2805,False
pamap2_102_gapped,2,pmc_state,impute,1,8940,1049,ok,,family-random-1,9.845735999999306,0.23447979200136615,7,-5959.5302245372695,3,11.24680974385592,-5959.5302245372695,10,12008.79523055975,0.3843|0.6157,-1.9027|0.8196,0.7531|0.6853,0.9654|0.9784,0:norm;1:norm,00:Clayton(0.640);01:Frank(0.019);10:Frank(-0.215);11:GH(0.465),True,4,3,ICE iter 4 || ICE iter 5 || ICE iter 6,171.64106210675254,0.9234899328859061,0.6852678855050233,1.503276635590339,-5932.360260173601,0.3843,False
pamap2_102_gapped,2,pmc_state,impute,2,8940,1049,ok,,family-random-2,12.567681291999179,0.2520485000022745,9,-5787.889162430517,3,14.797408498177901,-5787.889162430517,10,11665.513106346245,0.4653|0.5347,-1.5529|0.9440,1.0607|0.6027,0.9816|0.9840,0:norm;1:norm,00:Clayton(0.686);01:Frank(0.251);10:Gauss(0.088);11:GH(0.439),True,4,3,ICE iter 6 || ICE iter 7 || ICE iter 8,0.0,1.0,0.6027069336458643,1.503276635590339,-5748.864229763982,0.4653,False
pamap2_102_gapped,2,pmc_state,sem,0,8940,1049,ok,,kmeans,11.143004916000791,0.2465849590007565,30,-5999.253182488675,13,9.75976990874733,-6001.751397336929,10,12093.237576159068,0.2208|0.7792,-2.3985|0.3950,0.2699|1.0496,0.9643|0.9899,0:norm;1:norm,00:Clayton(0.356);01:Gauss(-0.191);10:Gauss(-0.336);11:GH(0.627),True,0,0,,213.8622349064117,0.7614093959731544,0.2699157145182629,1.503276635590339,-5988.417564672053,0.2208,False
pamap2_102_gapped,2,pmc_state,sem,1,8940,1049,ok,,family-random-1,11.373475417000009,0.2529150410009606,30,-5996.232077169426,16,21.515959522439516,-5998.174064188902,10,12086.082909863015,0.2166|0.7834,-2.4134|0.3995,0.2685|1.0575,0.9667|0.9908,0:norm;1:norm,00:Clayton(0.364);01:Gauss(-0.157);10:Gauss(-0.335);11:GH(0.625),True,0,0,,210.28490175838488,0.7602908277404922,0.2685159328910171,1.503276635590339,-5923.567269391455,0.2166,False
pamap2_102_gapped,2,pmc_state,sem,2,8940,1049,ok,,family-random-2,11.044780082997022,0.27048716700301156,30,-6007.601423066451,21,25.245729271197888,-6015.70182998243,10,12121.138441450072,0.2720|0.7280,-2.2798|0.5548,0.3976|0.9361,0.9698|0.9887,0:norm;1:norm,00:Clayton(0.523);01:Frank(-0.114);10:Frank(-0.378);11:GH(0.578),True,0,0,,227.81266755191336,0.7947427293064877,0.39762527003975917,1.503276635590339,-5762.402688545136,0.272,False
pamap2_102_gapped,3,hmc_in,available,0,8940,1049,ok,,kmeans,0.5294021659974533,0.0223865840016515,12,-7153.666106340037,0,0.0,-7153.666106340037,12,14415.013950462326,0.2272|0.2333|0.5396,-2.4144|-0.8175|0.9601,0.2558|0.7272|0.5611,0.9497|0.8768|0.9673,0:norm;1:norm;2:norm,,True,0,0,,0.8453418503167995,0.9919463087248322,0.255833423392308,1.503276635590339,-7153.666106340037,0.2272,False
pamap2_102_gapped,3,hmc_in,available,1,8940,1049,ok,,perturbed-1,0.5751825829975132,0.024040084001171635,13,-7153.635208939707,0,0.0,-7153.635208939707,12,14414.952155661666,0.2270|0.2335|0.5395,-2.4148|-0.8179|0.9600,0.2554|0.7280|0.5611,0.9496|0.8771|0.9674,0:norm;1:norm;2:norm,,True,0,0,,0.814444449986695,0.9919463087248322,0.25544741851696023,1.503276635590339,-7153.635208939707,0.227,False
pamap2_102_gapped,3,hmc_in,available,2,8940,1049,ok,,perturbed-2,0.5338540829980047,0.026586375002807472,12,-7153.652546780973,0,0.0,-7153.652546780973,12,14414.986831344198,0.2272|0.2330|0.5397,-2.4143|-0.8179|0.9599,0.2560|0.7265|0.5611,0.9497|0.8765|0.9672,0:norm;1:norm;2:norm,,True,0,0,,0.8317822912531483,0.9921700223713646,0.2560049840564147,1.503276635590339,-7153.652546780973,0.2272,False
pamap2_102_gapped,3,hmc_in,impute,0,8940,1049,ok,,kmeans,4.197343959000136,0.019745666002563667,13,-7154.238591929758,0,0.0,-7154.238591929758,12,14416.158921641767,0.2274|0.2339|0.5387,-2.4134|-0.8068|0.9618,0.2563|0.7303|0.5600,0.9498|0.8772|0.9673,0:norm;1:norm;2:norm,,True,0,0,,1.4178274400373994,0.99082774049217,0.25626385292654297,1.503276635590339,-7154.238591929758,0.2274,False
pamap2_102_gapped,3,hmc_in,impute,1,8940,1049,ok,,perturbed-1,4.587617624998529,0.024107707999064587,14,-7153.9809794388375,0,0.0,-7153.9809794388375,12,14415.643696659927,0.2269|0.2343|0.5388,-2.4140|-0.8119|0.9616,0.2557|0.7311|0.5611,0.9496|0.8776|0.9674,0:norm;1:norm;2:norm,,True,0,0,,1.1602149491172895,0.9914988814317673,0.25572599238599836,1.503276635590339,-7153.9809794388375,0.2269,False
pamap2_102_gapped,3,hmc_in,impute,2,8940,1049,ok,,perturbed-2,4.2569641250011045,0.025676625002233777,13,-7154.044375878669,0,0.0,-7154.044375878669,12,14415.77048953959,0.2273|0.2339|0.5388,-2.4136|-0.8125|0.9637,0.2557|0.7278|0.5599,0.9498|0.8774|0.9674,0:norm;1:norm;2:norm,,True,0,0,,1.223611388948484,0.991275167785235,0.2557454433328285,1.503276635590339,-7154.044375878669,0.2273,False
pamap2_102_gapped,3,hmc_in,sem,0,8940,1049,ok,,kmeans,3.359007709001162,0.02018912499988801,30,-7153.745581037469,7,1.3214379298751737,-7153.062682532854,12,14413.807102847959,0.2237|0.2265|0.5498,-2.4152|-0.8583|0.9407,0.2557|0.7058|0.5692,0.9472|0.8703|0.9677,0:norm;1:norm;2:norm,,True,0,0,,0.2419180431334098,0.9986577181208054,0.25567298739791355,1.503276635590339,-7152.490124923041,0.2237,False
pamap2_102_gapped,3,hmc_in,sem,1,8940,1049,ok,,perturbed-1,3.3456955420006125,0.02131350000126986,30,-7153.071026696322,6,1.6390072678987053,-7152.82076448972,12,14413.323266761692,0.2298|0.2284|0.5418,-2.4132|-0.8590|0.9461,0.2569|0.7059|0.5674,0.9496|0.8724|0.9668,0:norm;1:norm;2:norm,,True,0,0,,0.0,1.0,0.2568831349074164,1.503276635590339,-7152.566170978285,0.2284,False
pamap2_102_gapped,3,hmc_in,sem,2,8940,1049,ok,,perturbed-2,3.3909920000005513,0.024405416999798035,30,-7154.316329811742,10,1.2839478789128407,-7154.404690113496,12,14416.491118009244,0.2255|0.2237|0.5508,-2.4175|-0.8694|0.9383,0.2490|0.7010|0.5708,0.9457|0.8672|0.9683,0:norm;1:norm;2:norm,,True,0,0,,1.58392562377594,0.9959731543624161,0.24895096351015114,1.503276635590339,-7152.262905267835,0.2237,False
pamap2_102_gapped,3,pmc_pair,available,0,8940,1049,ok,,kmeans,17.958152625000366,0.5408935420018679,29,-5425.53381838909,0,0.0,-5425.53381838909,32,11138.218937530854,0.2375|0.2850|0.4775,-2.4555|-0.4357|1.0394,0.2226|0.7975|0.5494,0.8128|0.7165|0.8952,00:norm;01:norm;02:norm;10:norm;11:norm;12:norm;20:norm;21:norm;22:norm,00:Frank(0.391);01:Clayton(0.064);02:Gauss(0.208);10:Frank(0.259);11:GH(0.449);12:Frank(-0.314);20:Clayton(0.206);21:Frank(-0.117);22:GH(0.407),True,0,0,,271.130733743219,0.7156599552572707,0.22262899228568642,1.503276635590339,-5425.53381838909,0.2375,False
pamap2_102_gapped,3,pmc_pair,available,1,8940,1049,ok,,family-random-1,14.234344666001562,0.5349099999984901,24,-5291.146617904439,0,0.0,-5291.146617904439,32,10869.444536561552,0.2508|0.4239|0.3253,-2.4514|0.3677|0.9163,0.2252|1.0473|0.4198,0.7733|0.8608|0.9663,00:norm;01:norm;02:norm;10:norm;11:norm;12:norm;20:norm;21:norm;22:norm,00:Frank(0.395);01:Frank(0.229);02:Frank(-0.462);10:Frank(0.410);11:GH(0.550);12:Gauss(0.076);20:Clayton(0.454);21:Gauss(-0.320);22:Frank(0.274),True,5,0,"Frank.correct_tau: τ=-1.0457 outside valid range [-1.0000, 1.0000] — clipped to τ=-1.0000. || Frank.correct_tau: τ=-1.0785 outside valid range [-1.0000, 1.0000] — clipped to τ=-1.0000. || Frank: requested |tau|=1.000000 exceeds the largest numerically reachable value 0.994299 (theta=±700); clamping.",136.74353325856828,0.915324384787472,0.22519355509843966,1.503276635590339,-5291.146617904439,0.2508,False
pamap2_102_gapped,3,pmc_pair,available,2,8940,1049,ok,,family-random-2,30.83494250000149,0.5249661669986381,50,-5155.108607373274,0,0.0,-5154.403084645871,32,10595.957470044415,0.2820|0.4341|0.2840,-2.4548|0.3132|0.8016,0.2199|1.0538|0.3651,0.6520|0.8505|0.8291,00:norm;01:norm;02:norm;10:norm;11:norm;12:norm;20:norm;21:norm;22:norm,00:Gauss(0.403);01:Clayton(0.237);02:Clayton(0.094);10:Gauss(0.450);11:GH(0.538);12:Gauss(0.330);20:Clayton(0.134);21:Gauss(-0.310);22:Gauss(0.223),True,5,0,"Frank.correct_tau: τ=-1.0457 outside valid range [-1.0000, 1.0000] — clipped to τ=-1.0000. || Frank.correct_tau: τ=-1.0785 outside valid range [-1.0000, 1.0000] — clipped to τ=-1.0000. || Frank: requested |tau|=1.000000 exceeds the largest numerically reachable value 0.994299 (theta=±700); clamping.",0.0,1.0,0.21987801566247409,1.503276635590339,-5155.108607373274,0.282,False
pamap2_102_gapped,3,pmc_pair,impute,0,8940,1049,ok,,kmeans,46.48237054200217,0.48423629099852405,17,-5462.77170253373,0,0.0,-5462.77170253373,32,11212.694705820133,0.2489|0.2838|0.4673,-2.4509|-0.3674|1.0618,0.2241|0.7957|0.5669,0.7994|0.6676|0.8760,00:norm;01:norm;02:norm;10:norm;11:norm;12:norm;20:norm;21:norm;22:norm,00:Clayton(0.308);01:Frank(0.050);02:GH(0.398);10:Frank(0.306);11:GH(0.508);12:Frank(-0.161);20:GH(0.348);21:Clayton(0.057);22:GH(0.440),True,0,0,,308.3686178878588,0.7042505592841163,0.2241435881173513,1.503276635590339,-5462.77170253373,0.2489,False
pamap2_102_gapped,3,pmc_pair,sem,0,8940,1049,ok,,kmeans,20.395298249997722,0.5551870410017727,30,-5434.424100177169,5,1.8391957756102784,-5430.688510928565,32,11148.528322609804,0.2429|0.2984|0.4587,-2.4548|-0.3898|1.0638,0.2184|0.7981|0.5683,0.7714|0.5938|0.8180,00:norm;01:norm;02:norm;10:norm;11:norm;12:norm;20:norm;21:norm;22:norm,00:Frank(0.380);01:Gauss(0.149);02:Frank(0.229);10:Gauss(0.389);11:GH(0.558);12:Gauss(-0.050);20:Clayton(0.216);21:GH(0.104);22:GH(0.458),True,0,0,,276.28542628269406,0.6857941834451902,0.21835910804787242,1.503276635590339,-5434.424100177169,0.2429,False
pamap2_102_gapped,3,pmc_state,available,0,8940,1049,ok,,kmeans,9.768077084001561,0.562400291000813,16,-5486.29470635415,0,0.0,-5486.29470635415,20,11152.05897567872,0.2043|0.3163|0.4793,-2.4365|-0.6060|0.9759,0.2399|1.0302|0.5666,0.9591|0.9530|0.9864,0:norm;1:norm;2:norm,00:Frank(0.398);01:Frank(-0.054);02:GH(0.074);10:Frank(-0.255);11:Gauss(0.508);12:Clayton(0.093);20:Clayton(0.333);21:Frank(0.360);22:GH(0.427),True,0,0,,0.4808723444630232,0.9961968680089486,0.2398545719422983,1.503276635590339,-5486.29470635415,0.2043,False
pamap2_102_gapped,3,pmc_state,available,1,8940,1049,ok,,family-random-1,7.006945416000235,0.5482855419977568,12,-5524.941145830595,0,0.0,-5524.941145830595,20,11229.35185463161,0.2110|0.4443|0.3447,-2.4230|-0.0671|0.9134,0.2539|1.2321|0.4358,0.9637|0.9737|0.9884,0:norm;1:norm;2:norm,00:Frank(0.408);01:Gauss(-0.135);02:Frank(0.486);10:Frank(-0.326);11:GH(0.611);12:Frank(-0.280);20:Frank(0.070);21:Gauss(-0.040);22:Frank(0.285),True,0,0,,39.12731182090829,0.8429530201342282,0.25390592465270273,1.503276635590339,-5524.941145830595,0.211,False
pamap2_102_gapped,3,pmc_state,available,2,8940,1049,ok,,family-random-2,11.19423266600279,0.5464493749968824,19,-5525.409140558066,0,0.0,-5525.409140558066,20,11230.287844086552,0.2093|0.4429|0.3478,-2.4264|-0.0837|0.9158,0.2503|1.2354|0.4375,0.9633|0.9725|0.9871,0:norm;1:norm;2:norm,00:Frank(0.402);01:Gauss(-0.156);02:Frank(0.485);10:Frank(-0.326);11:GH(0.615);12:Gauss(-0.379);20:Frank(-0.059);21:Clayton(0.074);22:Frank(0.283),True,0,0,,39.595306548379085,0.8501118568232662,0.2502892577950123,1.503276635590339,-5525.409140558066,0.2093,False
pamap2_102_gapped,3,pmc_state,impute,0,8940,1049,ok,,kmeans,46.33157179200134,0.470927833001042,17,-5485.813834009687,0,0.0,-5485.813834009687,20,11151.097230989793,0.2044|0.3162|0.4794,-2.4375|-0.6040|0.9913,0.2382|1.0368|0.5785,0.9591|0.9534|0.9867,0:norm;1:norm;2:norm,00:Frank(0.397);01:Frank(-0.049);02:GH(0.077);10:Frank(-0.257);11:Gauss(0.508);12:Clayton(0.081);20:Clayton(0.257);21:Frank(0.365);22:GH(0.450),True,0,0,,0.0,1.0,0.23823524759865897,1.503276635590339,-5485.813834009687,0.2044,False
pamap2_102_gapped,3,pmc_state,sem,0,8940,1049,ok,,kmeans,16.66238283400162,0.5000015000005078,30,-5487.699872344644,8,2.06813271203373,-5487.84073891786,20,11155.15104080614,0.2029|0.3398|0.4573,-2.4291|-0.5397|1.0014,0.2404|1.0490|0.5631,0.9567|0.9580|0.9880,0:norm;1:norm;2:norm,00:Frank(0.401);01:Gauss(0.084);02:Gauss(-0.705);10:Frank(-0.308);11:Gauss(0.512);12:Clayton(0.054);20:Clayton(0.439);21:Clayton(0.286);22:GH(0.449),True,0,0,,2.026904908173492,0.9857941834451902,0.24044749722520883,1.503276635590339,-5486.392672486452,0.2029,False
pamap2_105_complete,2,hmc_in,complete,0,7495,0,ok,,kmeans,1.000075542000559,0.01540995799950906,28,-9997.170456021573,0,0.0,-9997.170456021573,6,20047.872860506366,0.2416|0.7584,-1.9981|0.7396,0.5489|0.9761,0.9585|0.9868,0:norm;1:norm,,True,0,0,,0.0,1.0,0.5488935422388529,1.4725676286860316,-9997.170456021573,0.2416,False
pamap2_105_complete,2,hmc_in,complete,1,7495,0,ok,,perturbed-1,0.8624505000007048,0.01332137499775854,24,-9997.689487244432,0,0.0,-9997.689487244432,6,20048.910922952084,0.2428|0.7572,-1.9926|0.7423,0.5535|0.9745,0.9586|0.9867,0:norm;1:norm,,True,0,0,,0.5190312228587572,0.9991994663108739,0.5534970730093749,1.4725676286860316,-9997.689487244432,0.2428,False
pamap2_105_complete,2,hmc_in,complete,2,7495,0,ok,,perturbed-2,1.112166459002765,0.013602249997347826,31,-9997.66513948642,0,0.0,-9997.66513948642,6,20048.86222743606,0.2427|0.7573,-1.9929|0.7422,0.5533|0.9746,0.9586|0.9867,0:norm;1:norm,,True,0,0,,0.49468346484718495,0.9991994663108739,0.5533004540738596,1.4725676286860316,-9997.66513948642,0.2427,False
pamap2_105_complete,2,pmc_pair,complete,0,7495,0,ok,,kmeans,3.293385291002778,0.23504199999661068,14,-5326.870129683174,3,4.949171905147523,-5326.870129683174,14,10778.648139113862,0.2712|0.7288,-2.2335|0.8135,0.3383|1.0358,0.6567|0.8723,00:norm;01:norm;10:norm;11:norm,00:Clayton(0.548);01:Clayton(0.268);10:Frank(0.353);11:Frank(0.721),True,4,3,ICE iter 11 || ICE iter 12 || ICE iter 13,254.7072947356819,0.6697798532354903,0.3382891514801971,1.4725676286860316,-5315.8534294597375,0.2712,False
pamap2_105_complete,2,pmc_pair,complete,1,7495,0,ok,,family-random-1,7.130344957997295,0.26024279199918965,31,-5261.794329145462,0,0.0,-5261.794329145462,14,10648.496538038438,0.4311|0.5689,-1.2558|1.0774,1.0773|0.8545,0.9496|0.9619,00:norm;01:norm;10:norm;11:norm,00:Clayton(0.673);01:Clayton(0.242);10:Gauss(0.201);11:Frank(0.663),True,2,0,"Frank.correct_tau: τ=1.2811 outside valid range [-1.0000, 1.0000] — clipped to τ=1.0000. || Frank: requested |tau|=1.000000 exceeds the largest numerically reachable value 0.994299 (theta=±700); clamping.",189.63149419796991,0.5079386257505003,0.39549055048312864,1.4725676286860316,-5261.794329145462,0.4311,False
pamap2_105_complete,2,pmc_pair,complete,2,7495,0,ok,,family-random-2,5.061772417000611,0.2711454579985002,21,-5072.162834947492,1,451.5412667030432,-5072.162834947492,14,10269.233549642498,0.4837|0.5163,-0.1223|0.3350,1.8055|1.0436,0.9485|0.9517,00:norm;01:norm;10:norm;11:norm,00:Gauss(0.913);01:Clayton(0.513);10:Clayton(0.532);11:Frank(0.568),True,3,1,"Frank.correct_tau: τ=1.2811 outside valid range [-1.0000, 1.0000] — clipped to τ=1.0000. || Frank: requested |tau|=1.000000 exceeds the largest numerically reachable value 0.994299 (theta=±700); clamping. || ICE iter 1",0.0,1.0,0.8718535473834034,1.4725676286860316,-5072.162834947492,0.4837,False
pamap2_105_complete,2,pmc_state,complete,0,7495,0,ok,,kmeans,1.3698620830000436,0.24474287499833736,6,-5561.828610658663,3,16.89521409815461,-5561.828610658663,10,11212.877135422692,0.2701|0.7299,-1.8286|0.7841,0.7273|0.9651,0.9714|0.9894,0:norm;1:norm,00:Clayton(0.665);01:Frank(-0.044);10:Frank(-0.048);11:Frank(0.646),True,4,3,ICE iter 3 || ICE iter 4 || ICE iter 5,499.72187505249076,0.6372248165443629,0.7273486811193324,1.4725676286860316,-5522.88223355302,0.2701,False
pamap2_105_complete,2,pmc_state,complete,1,7495,0,ok,,family-random-1,1.5775025000002643,0.24602645900085918,7,-5348.968321725359,3,3.601333877893012,-5348.968321725359,10,10787.156557556083,0.4058|0.5942,-1.2812|1.0069,1.0480|0.8802,0.9884|0.9921,0:norm;1:norm,00:Clayton(0.671);01:Frank(-0.112);10:Frank(-0.231);11:Frank(0.648),True,4,3,ICE iter 4 || ICE iter 5 || ICE iter 6,286.86158611918654,0.5032688458972648,0.8802490862518072,1.4725676286860316,-5340.215758702286,0.4058,False
pamap2_105_complete,2,pmc_state,complete,2,7495,0,ok,,family-random-2,5.06494662499972,0.26345250000304077,22,-5062.106735606172,0,0.0,-5062.106735606172,10,10213.43338531771,0.4274|0.5726,-0.0263|0.1565,1.8160|1.1450,0.9563|0.9674,0:norm;1:norm,00:Gauss(0.920);01:GH(0.596);10:GH(0.575);11:Gauss(0.604),True,0,0,,0.0,1.0,1.14504769998048,1.4725676286860316,-5062.106735606172,0.4274,False
pamap2_105_complete,3,hmc_in,complete,0,7495,0,ok,,kmeans,0.9515143750031712,0.01821708299758029,25,-7811.4307628125425,0,0.0,-7811.4307628125425,12,15729.925422551525,0.1739|0.4037|0.4224,-2.2779|-0.2621|1.3739,0.2848|0.7369|0.7119,0.9445|0.9640|0.9882,0:norm;1:norm;2:norm,,True,0,0,,0.0,1.0,0.2848173315091475,1.4725676286860316,-7811.4307628125425,0.1739,False
pamap2_105_complete,3,hmc_in,complete,1,7495,0,ok,,perturbed-1,1.0063663330001873,0.019086917000095127,26,-7811.490834798533,0,0.0,-7811.490834798533,12,15730.045566523506,0.1740|0.4038|0.4222,-2.2776|-0.2616|1.3741,0.2852|0.7367|0.7118,0.9445|0.9640|0.9882,0:norm;1:norm;2:norm,,True,0,0,,0.06007198599036201,1.0,0.285153794789857,1.4725676286860316,-7811.490834798533,0.174,False
pamap2_105_complete,3,hmc_in,complete,2,7495,0,ok,,perturbed-2,0.9285828749998473,0.021304041998519097,24,-7811.767811455102,0,0.0,-7811.767811455102,12,15730.599519836644,0.1744|0.4038|0.4218,-2.2761|-0.2592|1.3750,0.2867|0.7358|0.7116,0.9445|0.9639|0.9881,0:norm;1:norm;2:norm,,True,0,0,,0.33704864255923894,0.9985323549032689,0.28665509120724525,1.4725676286860316,-7811.767811455102,0.1744,False
pamap2_105_complete,3,pmc_pair,complete,0,7495,0,ok,,kmeans,9.25669737499993,0.5120060410008591,21,-4333.145029044645,1,87.67578165864506,-4333.145029044645,32,8951.793783226463,0.1912|0.7118|0.0970,-2.4141|0.4360|1.3920,0.1537|1.0927|0.5467,0.5952|0.8642|0.1773,00:norm;01:norm;02:norm;10:norm;11:norm;12:norm;20:norm;21:norm;22:norm,00:Gauss(0.281);01:Frank(0.344);02:Gauss(0.144);10:Frank(0.510);11:GH(0.648);12:GH(0.248);20:GH(0.034);21:GH(0.268);22:Clayton(0.622),True,1,1,ICE iter 6,41.8302078719762,0.5989326217478319,0.15373042578901622,1.4725676286860316,-4333.145029044645,0.097,False
pamap2_105_complete,3,pmc_pair,complete,1,7495,0,ok,,family-random-1,21.761879082998348,0.5652740840014303,45,-4291.314821172668,0,0.0,-4291.314821172668,32,8868.133367482511,0.2827|0.4822|0.2351,-2.4374|1.0403|2.0105,0.1349|0.7980|0.4601,0.3622|0.8608|0.2945,00:norm;01:norm;02:norm;10:norm;11:norm;12:norm;20:norm;21:norm;22:norm,00:Gauss(0.189);01:Clayton(0.270);02:Frank(0.409);10:Frank(0.295);11:GH(0.709);12:Clayton(0.126);20:Frank(0.442);21:Clayton(0.175);22:Frank(-0.431),True,2,0,"Frank.correct_tau: τ=-1.1725 outside valid range [-1.0000, 1.0000] — clipped to τ=-1.0000. || Frank: requested |tau|=1.000000 exceeds the largest numerically reachable value 0.994299 (theta=±700); clamping.",0.0,1.0,0.13487414528360575,1.4725676286860316,-4291.314821172668,0.2351,False
pamap2_105_complete,3,pmc_pair,complete,2,7495,0,ok,,family-random-2,12.391121584001667,0.533298291000392,27,-4335.233375555009,0,0.0,-4335.233375555009,32,8955.970476247192,0.2619|0.5718|0.1663,-2.4182|0.6236|2.0142,0.1493|1.2066|0.4580,0.4077|0.7373|0.4030,00:norm;01:norm;02:norm;10:norm;11:norm;12:norm;20:norm;21:norm;22:norm,00:Gauss(0.264);01:Clayton(0.525);02:GH(0.147);10:Clayton(0.527);11:GH(0.784);12:GH(0.172);20:Gauss(0.165);21:GH(0.139);22:Frank(-0.431),True,2,0,"Frank.correct_tau: τ=-1.1725 outside valid range [-1.0000, 1.0000] — clipped to τ=-1.0000. || Frank: requested |tau|=1.000000 exceeds the largest numerically reachable value 0.994299 (theta=±700); clamping.",43.91855438234052,0.6537691794529686,0.12401904465993566,1.4725676286860316,-4335.233375555009,0.1663,False
pamap2_105_complete,3,pmc_state,complete,0,7495,0,ok,,kmeans,3.833886458000052,0.5411894169992593,8,-5022.489600256256,3,11.57517025589732,-5022.489600256256,20,10223.419028723247,0.1425|0.6665|0.1910,-2.3322|0.2311|1.3439,0.2439|1.1855|0.6221,0.9658|0.9887|0.9860,0:norm;1:norm;2:norm,00:Clayton(0.510);01:Frank(-0.019);02:Frank(-0.815);10:Frank(-0.220);11:GH(0.679);12:Gauss(-0.534);20:Frank(0.547);21:Frank(-0.341);22:Clayton(0.563),True,4,3,ICE iter 5 || ICE iter 6 || ICE iter 7,238.64440844545697,0.8748498999332889,0.243912218790642,1.4725676286860316,-4999.19044902682,0.1425,False
pamap2_105_complete,3,pmc_state,complete,1,7495,0,ok,,family-random-1,3.4049924579994695,0.5141309589998855,8,-4783.845191810799,3,12.82950391882332,-4783.845191810799,20,9746.130211832333,0.1493|0.7822|0.0685,-2.3120|0.3655|2.0100,0.2706|1.1136|0.4611,0.9660|0.9924|0.9870,0:norm;1:norm;2:norm,00:Clayton(0.540);01:Frank(-0.015);02:Clayton(0.371);10:Frank(-0.213);11:GH(0.689);12:GH(0.708);20:Gauss(0.975);21:GH(0.269);22:Frank(-0.427),True,4,3,ICE iter 5 || ICE iter 6 || ICE iter 7,0.0,1.0,0.27057162530575884,1.4725676286860316,-4751.732634894037,0.0685,False
pamap2_105_complete,3,pmc_state,complete,2,7495,0,ok,,family-random-2,4.296345124999789,0.5398778750022757,10,-4997.249533474957,1,8.911515994021102,-4997.249533474957,20,10172.938895160649,0.1275|0.6806|0.1919,-2.3793|0.1835|1.3380,0.1921|1.2164|0.6240,0.9646|0.9900|0.9881,0:norm;1:norm;2:norm,00:Frank(0.376);01:Frank(-0.122);02:Gauss(0.154);10:Frank(-0.344);11:GH(0.689);12:Gauss(-0.457);20:Clayton(0.907);21:Frank(-0.335);22:Clayton(0.556),True,2,1,ICE iter 5 || Frank: requested |tau|=0.995292 exceeds the largest numerically reachable value 0.994299 (theta=±700); clamping.,213.40434166415798,0.8600400266844563,0.19206207018180113,1.4725676286860316,-4997.249533474957,0.1275,False
pamap2_105_gapped,2,hmc_in,available,0,7495,840,ok,,kmeans,0.733816708001541,0.012373624998872401,20,-8908.077708015844,0,0.0,-8908.077708015844,6,17868.974158416662,0.2391|0.7609,-2.0210|0.7315,0.5320|1.0014,0.9585|0.9870,0:norm;1:norm,,True,0,0,,0.0,1.0,0.5320208183245914,1.5071405235669098,-8908.077708015844,0.2391,False
pamap2_105_gapped,2,hmc_in,available,1,7495,840,ok,,perturbed-1,0.6725933329980762,0.013206834002630785,18,-8908.08479034193,0,0.0,-8908.08479034193,6,17868.988323068836,0.2391|0.7609,-2.0209|0.7315,0.5321|1.0013,0.9585|0.9870,0:norm;1:norm,,True,0,0,,0.007082326086674584,0.999866577718479,0.5321018216121273,1.5071405235669098,-8908.08479034193,0.2391,False
pamap2_105_gapped,2,hmc_in,available,2,7495,840,ok,,perturbed-2,0.8006391669987352,0.013614999999845168,22,-8908.353209636472,0,0.0,-8908.353209636472,6,17869.52516165792,0.2398|0.7602,-2.0177|0.7333,0.5349|1.0003,0.9586|0.9869,0:norm;1:norm,,True,0,0,,0.27550162062834715,0.9994663108739159,0.5349021962744813,1.5071405235669098,-8908.353209636472,0.2398,False
pamap2_105_gapped,2,pmc_pair,available,0,7495,840,ok,,kmeans,4.0414741249987856,0.2251307500009716,14,-4813.178820551735,2,1.8567514493543058,-4813.178820551735,14,9749.60137333508,0.2565|0.7435,-2.2793|0.7811,0.2902|1.0758,0.6490|0.8789,00:norm;01:norm;10:norm;11:norm,00:Clayton(0.514);01:Clayton(0.317);10:Frank(0.389);11:Frank(0.716),True,2,2,ICE iter 11 || ICE iter 12,69.02063145607372,0.7754503002001334,0.2901668170614696,1.5071405235669098,-4810.161692581556,0.2565,False
pamap2_105_gapped,2,pmc_pair,available,1,7495,840,ok,,family-random-1,10.041029916999832,0.2552934580016881,34,-4744.158189095661,0,0.0,-4744.158189095661,14,9611.560110422932,0.4248|0.5752,-1.3200|1.0863,1.0608|0.8707,0.9515|0.9642,00:norm;01:norm;10:norm;11:norm,00:Clayton(0.679);01:Clayton(0.244);10:Gauss(0.232);11:Frank(0.653),True,2,0,"Frank.correct_tau: τ=1.2756 outside valid range [-1.0000, 1.0000] — clipped to τ=1.0000. || Frank: requested |tau|=1.000000 exceeds the largest numerically reachable value 0.994299 (theta=±700); clamping.",0.0,1.0,0.4239275856495066,1.5071405235669098,-4744.158189095661,0.4248,False
pamap2_105_gapped,2,pmc_pair,available,2,7495,840,ok,,family-random-2,2.780631875000836,0.23374983299800078,10,-4764.411258030691,1,469.1177619875407,-4764.411258030691,14,9652.066248292991,0.4307|0.5693,-1.2816|1.0733,1.0724|0.8811,0.9704|0.9776,00:norm;01:norm;10:norm;11:norm,00:Clayton(0.675);01:Clayton(0.576);10:Clayton(0.460);11:Frank(0.662),True,3,1,"Frank.correct_tau: τ=1.2756 outside valid range [-1.0000, 1.0000] — clipped to τ=1.0000. || Frank: requested |tau|=1.000000 exceeds the largest numerically reachable value 0.994299 (theta=±700); clamping. || ICE iter 1",20.25306893502966,0.9645096731154102,0.5580177566795236,1.5071405235669098,-4764.411258030691,0.4307,False
pamap2_105_gapped,2,pmc_state,available,0,7495,840,ok,,kmeans,1.647675457999867,0.23278995800137636,6,-5026.606242190138,3,22.312480077903274,-5026.606242190138,10,10141.243721688568,0.2424|0.7576,-1.9822|0.7280,0.5939|1.0137,0.9676|0.9896,0:norm;1:norm,00:Clayton(0.652);01:Frank(-0.016);10:Frank(-0.147);11:Frank(0.644),True,4,3,ICE iter 3 || ICE iter 4 || ICE iter 5,450.6166999750849,0.6736490993995997,0.5938726649988469,1.5071405235669098,-4982.569992972285,0.2424,False
pamap2_105_gapped,2,pmc_state,available,1,7495,840,ok,,family-random-1,2.0545476249972126,0.2487116660013271,7,-4810.3221643973675,3,2.6616206586895714,-4810.3221643973675,10,9708.675566103027,0.4067|0.5933,-1.3233|1.0239,1.0392|0.8965,0.9896|0.9928,0:norm;1:norm,00:Clayton(0.676);01:Frank(-0.105);10:Frank(-0.219);11:Frank(0.643),True,4,3,ICE iter 4 || ICE iter 5 || ICE iter 6,234.33262218231448,0.5072715143428953,0.8964582540798965,1.5071405235669098,-4804.225124060371,0.4067,False
pamap2_105_gapped,2,pmc_state,available,2,7495,840,ok,,family-random-2,5.556684499999392,0.22665291700104717,20,-4575.989542215053,0,0.0,-4575.989542215053,10,9240.010321738398,0.4194|0.5806,-0.1397|0.1323,1.8675|1.1629,0.9591|0.9705,0:norm;1:norm,00:Gauss(0.922);01:GH(0.619);10:GH(0.549);11:Gauss(0.608),True,0,0,,0.0,1.0,1.1628557574085896,1.5071405235669098,-4575.989542215053,0.4194,False
pamap2_105_gapped,3,hmc_in,available,0,7495,840,ok,,kmeans,0.6514404169975023,0.01879683299921453,17,-6832.329665199004,0,0.0,-6832.329665199004,12,13770.296815167958,0.2325|0.6161|0.1514,-2.0553|0.3440|2.1701,0.4998|0.7524|0.3915,0.9551|0.9818|0.9950,0:norm;1:norm;2:norm,,True,0,0,,0.6680204730992045,0.9987991994663109,0.3914976810525551,1.5071405235669098,-6832.329665199004,0.1514,False
pamap2_105_gapped,3,hmc_in,available,1,7495,840,ok,,perturbed-1,0.470056583002588,0.022539582998433616,12,-6831.661644725905,0,0.0,-6831.661644725905,12,13768.96077422176,0.2355|0.6130|0.1515,-2.0433|0.3514|2.1697,0.5097|0.7466|0.3917,0.9553|0.9816|0.9949,0:norm;1:norm;2:norm,,True,0,0,,0.0,1.0,0.391721711743002,1.5071405235669098,-6831.661644725905,0.1515,False
pamap2_105_gapped,3,hmc_in,available,2,7495,840,ok,,perturbed-2,0.8892752079991624,0.022310958000161918,23,-6928.386955881521,0,0.0,-6928.386955881521,12,13962.411396532993,0.1682|0.4074|0.4244,-2.3007|-0.3135|1.3970,0.2617|0.7651|0.7210,0.9460|0.9658|0.9884,0:norm;1:norm;2:norm,,True,0,0,,96.72531115561651,0.6581721147431621,0.26171359267650085,1.5071405235669098,-6928.386955881521,0.1682,False
pamap2_105_gapped,3,pmc_pair,available,0,7495,840,ok,,kmeans,12.967746749996877,0.46552012500251294,25,-3933.2505090948393,1,134.95970837265395,-3933.2505090948393,32,8148.2009775762135,0.1750|0.7299|0.0951,-2.4313|0.3650|1.1126,0.1372|1.1463|0.7612,0.6010|0.8792|0.1732,00:norm;01:norm;02:norm;10:norm;11:norm;12:norm;20:norm;21:norm;22:norm,00:Gauss(0.213);01:Frank(0.258);02:Gauss(0.128);10:Frank(0.514);11:GH(0.656);12:GH(0.346);20:GH(0.038);21:GH(0.315);22:Clayton(0.522),True,1,1,ICE iter 4,4.0495295992832325,0.8392261507671781,0.13715601697996063,1.5071405235669098,-3933.2505090948393,0.0951,False
pamap2_105_gapped,3,pmc_pair,available,1,7495,840,ok,,family-random-1,16.247466791999614,0.4764064580012928,31,-3929.200979495556,0,0.0,-3929.200979495556,32,8140.101918377647,0.1808|0.6814|0.1377,-2.4360|0.4990|2.0236,0.1335|1.1216|0.4564,0.5546|0.8961|0.5070,00:norm;01:norm;02:norm;10:norm;11:norm;12:norm;20:norm;21:norm;22:norm,00:Gauss(0.193);01:Clayton(0.319);02:Gauss(-0.019);10:Frank(0.342);11:GH(0.749);12:Clayton(0.303);20:Clayton(0.204);21:Clayton(0.251);22:Frank(-0.448),True,4,0,"Frank.correct_tau: τ=-1.0258 outside valid range [-1.0000, 1.0000] — clipped to τ=-1.0000. || Frank: requested |tau|=1.000000 exceeds the largest numerically reachable value 0.994299 (theta=±700); clamping. || Frank.correct_tau: τ=-1.2874 outside valid range [-1.0000, 1.0000] — clipped to τ=-1.0000.",0.0,1.0,0.1334988371011338,1.5071405235669098,-3929.200979495556,0.1377,False
pamap2_105_gapped,3,pmc_pair,available,2,7495,840,ok,,family-random-2,14.657597416997305,0.4878746250033146,28,-3950.4301534979004,0,0.0,-3950.4301534979004,32,8182.560266382336,0.2348|0.6100|0.1552,-2.4267|0.5321|2.0214,0.1405|1.2195|0.4579,0.4263|0.7634|0.4573,00:norm;01:norm;02:norm;10:norm;11:norm;12:norm;20:norm;21:norm;22:norm,00:Gauss(0.226);01:Clayton(0.566);02:Frank(0.049);10:Clayton(0.569);11:GH(0.771);12:Frank(0.095);20:Clayton(0.146);21:GH(0.157);22:Frank(-0.446),True,4,0,"Frank.correct_tau: τ=-1.0258 outside valid range [-1.0000, 1.0000] — clipped to τ=-1.0000. || Frank: requested |tau|=1.000000 exceeds the largest numerically reachable value 0.994299 (theta=±700); clamping. || Frank.correct_tau: τ=-1.2874 outside valid range [-1.0000, 1.0000] — clipped to τ=-1.0000.",21.22917400234428,0.8887258172114744,0.14046518733775204,1.5071405235669098,-3950.4301534979004,0.1552,False
pamap2_105_gapped,3,pmc_state,available,0,7495,840,ok,,kmeans,4.460718417001772,0.49536541599809425,8,-4536.007211095133,4,34.65579884431281,-4536.007211095133,20,9248.076896806851,0.1448|0.6581|0.1971,-2.3262|0.2121|1.3606,0.2509|1.2047|0.6356,0.9662|0.9887|0.9871,0:norm;1:norm;2:norm,00:Clayton(0.527);01:Gauss(0.008);02:Frank(-0.862);10:Frank(-0.220);11:GH(0.678);12:Gauss(-0.433);20:Clayton(0.763);21:Frank(-0.363);22:Clayton(0.550),True,5,4,ICE iter 2 || ICE iter 5 || ICE iter 6,261.46445959698303,0.8294863242161441,0.25091573038151543,1.5071405235669098,-4513.227680293667,0.1448,False
pamap2_105_gapped,3,pmc_state,available,1,7495,840,ok,,family-random-1,2.3063409159985895,0.46915158400224755,5,-4274.54275149815,0,0.0,-4274.54275149815,20,8725.147977612885,0.1937|0.7329|0.0735,-2.1599|0.4662|2.0104,0.4308|1.0477|0.4619,0.9679|0.9883|0.9668,0:norm;1:norm;2:norm,00:Clayton(0.619);01:Gauss(0.062);02:Gauss(0.626);10:Frank(-0.219);11:GH(0.667);12:Gauss(0.666);20:Gauss(0.673);21:Frank(0.325);22:Frank(-0.430),True,0,0,,0.0,1.0,0.43084415299855794,1.5071405235669098,-4274.54275149815,0.0735,False
pamap2_105_gapped,3,pmc_state,available,2,7495,840,ok,,family-random-2,6.260845208002138,0.5048751669964986,12,-4291.5429901613625,1,0.030437711126978684,-4291.5429901613625,20,8759.14845493931,0.1245|0.8059|0.0696,-2.3874|0.2615|2.0174,0.1846|1.1966|0.4597,0.9661|0.9933|0.9816,0:norm;1:norm;2:norm,00:Frank(0.346);01:Frank(-0.119);02:Clayton(0.339);10:Frank(-0.428);11:GH(0.706);12:GH(0.579);20:Clayton(0.546);21:GH(0.315);22:Frank(-0.434),True,0,0,,17.000238663212258,0.9475650433622415,0.18459310247551364,1.5071405235669098,-4291.5125524502355,0.0696,False
pamap2_108_complete,2,hmc_in,complete,0,8160,0,ok,,kmeans,0.7333821249994799,0.01249337500121328,19,-9897.781272928347,0,0.0,-9897.781272928347,6,19849.604542544443,0.3134|0.6866,-2.2253|0.7620,0.3567|1.0086,0.9552|0.9795,0:norm;1:norm,,True,0,0,,0.0,1.0,0.35668687187428183,1.6306061920898551,-9897.781272928347,0.3134,False
pamap2_108_complete,2,hmc_in,complete,1,8160,0,ok,,perturbed-1,0.6955423750005139,0.01508158299839124,18,-9898.06601325931,0,0.0,-9898.06601325931,6,19850.174023206368,0.3139|0.6861,-2.2240|0.7635,0.3582|1.0074,0.9552|0.9795,0:norm;1:norm,,True,0,0,,0.28474033096244966,0.9995098039215686,0.3582258237899201,1.6306061920898551,-9898.06601325931,0.3139,False
pamap2_108_complete,2,hmc_in,complete,2,8160,0,ok,,perturbed-2,0.7227017920013168,0.013621499998407671,19,-9898.160825704414,0,0.0,-9898.160825704414,6,19850.363648096576,0.3141|0.6859,-2.2235|0.7639,0.3587|1.0070,0.9552|0.9795,0:norm;1:norm,,True,0,0,,0.3795527760667028,0.9995098039215686,0.35869934964740213,1.6306061920898551,-9898.160825704414,0.3141,False
pamap2_108_complete,2,pmc_pair,complete,0,8160,0,ok,,kmeans,5.769911540999601,0.25135545900047873,24,-5150.357616834868,0,0.0,-5150.357616834868,14,10426.81322594115,0.3400|0.6600,-2.3870|1.1004,0.1750|0.7827,0.6370|0.8130,00:norm;01:norm;10:norm;11:norm,00:Gauss(0.351);01:Clayton(0.396);10:Frank(0.475);11:GH(0.562),True,0,0,,0.10578544701093051,0.9997549019607843,0.17500063238815652,1.6306061920898551,-5150.357616834868,0.34,False
pamap2_108_complete,2,pmc_pair,complete,1,8160,0,ok,,family-random-1,6.109029667000868,0.26235491600164096,26,-5150.251831387857,0,0.0,-5150.251831387857,14,10426.601655047129,0.3400|0.6600,-2.3870|1.1006,0.1750|0.7826,0.6368|0.8129,00:norm;01:norm;10:norm;11:norm,00:Gauss(0.350);01:Clayton(0.397);10:Frank(0.475);11:GH(0.562),True,2,0,"Frank.correct_tau: τ=-1.1031 outside valid range [-1.0000, 1.0000] — clipped to τ=-1.0000. || Frank: requested |tau|=1.000000 exceeds the largest numerically reachable value 0.994299 (theta=±700); clamping.",0.0,1.0,0.17497003428137978,1.6306061920898551,-5150.251831387857,0.34,False
pamap2_108_complete,2,pmc_pair,complete,2,8160,0,ok,,family-random-2,1.438809957999183,0.2859055420012737,6,-5358.486682244221,1,0.2519513772049322,-5358.486682244221,14,10843.071356759856,0.4421|0.5579,-1.7114|1.1075,0.9621|0.7836,0.9441|0.9557,00:norm;01:norm;10:norm;11:norm,00:Clayton(0.753);01:Clayton(0.287);10:Clayton(0.434);11:GH(0.564),True,2,0,"Frank.correct_tau: τ=-1.1031 outside valid range [-1.0000, 1.0000] — clipped to τ=-1.0000. || Frank: requested |tau|=1.000000 exceeds the largest numerically reachable value 0.994299 (theta=±700); clamping.",208.23485085636366,0.8721813725490196,0.774033463547176,1.6306061920898551,-5358.234730867016,0.4421,False
pamap2_108_complete,2,pmc_state,complete,0,8160,0,ok,,kmeans,1.381705374999001,0.2614856250002049,6,-5635.3813566567105,3,22.054253232930023,-5635.3813566567105,10,11360.832707793003,0.2893|0.7107,-2.2581|0.6739,0.3291|1.1000,0.9635|0.9851,0:norm;1:norm,00:Clayton(0.568);01:Frank(-0.182);10:Frank(-0.219);11:GH(0.638),True,4,3,ICE iter 3 || ICE iter 4 || ICE iter 5,21.74197475353867,0.9764705882352941,0.329112103062923,1.6306061920898551,-5592.579524830233,0.2893,False
pamap2_108_complete,2,pmc_state,complete,1,8160,0,ok,,family-random-1,1.6673927500014543,0.2632121249989723,7,-5613.639381903172,3,23.26548055332114,-5613.639381903172,10,11317.348758285925,0.3142|0.6858,-2.1980|0.7530,0.4046|1.0322,0.9659|0.9844,0:norm;1:norm,00:Clayton(0.620);01:Frank(-0.113);10:Frank(-0.191);11:GH(0.618),True,4,3,ICE iter 4 || ICE iter 5 || ICE iter 6,0.0,1.0,0.40458786036826216,1.6306061920898551,-5563.455786840693,0.3142,False
pamap2_108_complete,2,pmc_state,complete,2,8160,0,ok,,family-random-2,1.889453166997555,0.27905266700327047,8,-6264.9660431238935,2,125.4337568764995,-6264.9660431238935,10,12620.002080727369,0.6001|0.3999,-1.0564|1.1492,1.5122|0.5458,0.9902|0.9854,0:norm;1:norm,00:Clayton(0.752);01:GH(0.151);10:Frank(-0.170);11:Frank(0.437),True,2,2,ICE iter 1 || ICE iter 3,651.3266612207217,0.6964460784313725,0.5458062235668543,1.6306061920898551,-6264.9660431238935,0.3999,False
pamap2_108_complete,3,hmc_in,complete,0,8160,0,ok,,kmeans,0.6826523340023414,0.020538624998152955,17,-7726.454214731514,0,0.0,-7726.454214731514,12,15560.992422838526,0.2565|0.2904|0.4530,-2.3525|-0.5317|1.2884,0.2083|0.8635|0.6766,0.9420|0.9220|0.9825,0:norm;1:norm;2:norm,,True,0,0,,0.09404271704624989,0.9996323529411765,0.20832494135355345,1.6306061920898551,-7726.454214731514,0.2565,False
pamap2_108_complete,3,hmc_in,complete,1,8160,0,ok,,perturbed-1,0.7405364160003955,0.02435683400108246,18,-7726.360172014468,0,0.0,-7726.360172014468,12,15560.804337404434,0.2564|0.2904|0.4532,-2.3528|-0.5334|1.2880,0.2080|0.8637|0.6767,0.9419|0.9219|0.9825,0:norm;1:norm;2:norm,,True,0,0,,0.0,1.0,0.20797902288366987,1.6306061920898551,-7726.360172014468,0.2564,False
pamap2_108_complete,3,hmc_in,complete,2,8160,0,ok,,perturbed-2,0.6860314170007769,0.023534832998848287,17,-7726.514069231152,0,0.0,-7726.514069231152,12,15561.112131837801,0.2566|0.2905|0.4529,-2.3523|-0.5307|1.2886,0.2085|0.8634|0.6765,0.9420|0.9220|0.9825,0:norm;1:norm;2:norm,,True,0,0,,0.15389721668361744,0.9992647058823529,0.20853490117825604,1.6306061920898551,-7726.514069231152,0.2566,False
pamap2_108_complete,3,pmc_pair,complete,0,8160,0,ok,,kmeans,11.575229709000268,0.5331607080006506,24,-4797.330971684729,0,0.0,-4797.330971684729,32,9882.885925704119,0.2499|0.5125|0.2376,-2.4127|0.3121|1.4767,0.1539|1.0624|0.8953,0.7625|0.7574|0.7239,00:norm;01:norm;02:norm;10:norm;11:norm;12:norm;20:norm;21:norm;22:norm,00:Gauss(0.320);01:Frank(0.259);02:Gauss(0.707);10:Frank(0.377);11:Frank(0.509);12:Clayton(0.283);20:Gauss(-0.728);21:Clayton(0.225);22:GH(0.746),True,0,0,,324.3066831985161,0.5992647058823529,0.15388481162304976,1.6306061920898551,-4797.330971684729,0.2376,False
pamap2_108_complete,3,pmc_pair,complete,1,8160,0,ok,,family-random-1,19.26610279200031,0.6031998750004277,38,-4473.024288486213,0,0.0,-4473.024288486213,32,9234.272559307086,0.3433|0.4713|0.1854,-2.4101|1.0501|1.7225,0.1566|0.8165|0.3961,0.5722|0.8473|0.3967,00:norm;01:norm;02:norm;10:norm;11:norm;12:norm;20:norm;21:norm;22:norm,00:Gauss(0.319);01:Frank(0.251);02:Frank(0.190);10:Frank(0.332);11:GH(0.670);12:GH(0.211);20:Gauss(0.329);21:GH(0.036);22:Frank(-0.311),True,3,0,"Clayton.correct_tau: τ=1.0370 outside valid range [0.0000, 1.0000] — clipped to τ=1.0000. || Frank.correct_tau: τ=-1.1953 outside valid range [-1.0000, 1.0000] — clipped to τ=-1.0000. || Frank: requested |tau|=1.000000 exceeds the largest numerically reachable value 0.994299 (theta=±700); clamping.",0.0,1.0,0.15659834082005591,1.6306061920898551,-4473.024288486213,0.1854,False
pamap2_108_complete,3,pmc_pair,complete,2,8160,0,ok,,family-random-2,22.35456091600281,0.5484461249980086,47,-4709.320495813981,0,0.0,-4709.320495813981,32,9706.864973962623,0.3548|0.3627|0.2825,-2.3896|0.9480|1.1956,0.1713|1.3148|0.5942,0.6001|0.4963|0.8446,00:norm;01:norm;02:norm;10:norm;11:norm;12:norm;20:norm;21:norm;22:norm,00:Gauss(0.350);01:Clayton(0.402);02:Frank(0.288);10:Clayton(0.498);11:GH(0.840);12:Clayton(0.083);20:Clayton(0.618);21:GH(0.226);22:Clayton(0.353),True,3,0,"Clayton.correct_tau: τ=1.0370 outside valid range [0.0000, 1.0000] — clipped to τ=1.0000. || Frank.correct_tau: τ=-1.1953 outside valid range [-1.0000, 1.0000] — clipped to τ=-1.0000. || Frank: requested |tau|=1.000000 exceeds the largest numerically reachable value 0.994299 (theta=±700); clamping.",236.29620732776857,0.5931372549019608,0.17122663232137036,1.6306061920898551,-4709.320495813981,0.2825,False
pamap2_108_complete,3,pmc_state,complete,0,8160,0,ok,,kmeans,8.309095958000398,0.5400046670001757,16,-5060.226785386166,0,0.0,-5060.226785386166,20,10300.593559731495,0.2220|0.4086|0.3694,-2.3831|-0.1902|1.1705,0.1830|1.3103|0.7330,0.9539|0.9570|0.9802,0:norm;1:norm;2:norm,00:Gauss(0.361);01:Gauss(-0.236);02:Frank(-0.939);10:Frank(-0.280);11:Gauss(0.640);12:Clayton(0.289);20:Frank(-0.996);21:Gauss(-0.057);22:GH(0.645),True,70,0,Frank: requested |tau|=0.995962 exceeds the largest numerically reachable value 0.994299 (theta=±700); clamping. || Frank: requested |tau|=0.995650 exceeds the largest numerically reachable value 0.994299 (theta=±700); clamping. || Frank: requested |tau|=0.995806 exceeds the largest numerically reachable value 0.994299 (theta=±700); clamping.,0.0,1.0,0.18304922706494475,1.6306061920898551,-5060.226785386166,0.222,False
pamap2_108_complete,3,pmc_state,complete,1,8160,0,ok,,family-random-1,5.672016625001561,0.5954154159990139,11,-5093.962832686401,1,6.7056723904615865,-5093.962832686401,20,10368.065654331966,0.2222|0.4566|0.3211,-2.3819|-0.0627|1.1946,0.1846|1.3918|0.4867,0.9560|0.9645|0.9798,0:norm;1:norm;2:norm,00:Gauss(0.363);01:Gauss(-0.250);02:Gauss(-0.798);10:Frank(-0.302);11:GH(0.707);12:Clayton(0.196);20:Clayton(0.877);21:Frank(-0.236);22:Frank(0.335),True,1,1,ICE iter 4,33.73604730023544,0.7899509803921568,0.18459922032991383,1.6306061920898551,-5093.962832686401,0.2222,False
pamap2_108_complete,3,pmc_state,complete,2,8160,0,ok,,family-random-2,5.610147333001805,0.5980511249981646,11,-5094.032151912172,0,0.0,-5094.032151912172,20,10368.204292783506,0.2210|0.4542|0.3248,-2.3836|-0.0764|1.1917,0.1828|1.3955|0.4889,0.9558|0.9624|0.9774,0:norm;1:norm;2:norm,00:Gauss(0.357);01:Gauss(-0.251);02:Gauss(-0.795);10:Frank(-0.305);11:GH(0.712);12:Clayton(0.260);20:Gauss(-0.655);21:Frank(-0.153);22:Frank(0.335),True,0,0,,33.805366526005855,0.7881127450980392,0.18275814979881397,1.6306061920898551,-5094.032151912172,0.221,False
pamap2_108_gapped,2,hmc_in,available,0,8160,901,ok,,kmeans,0.712073667000368,0.014059832999919308,18,-8731.70769744629,0,0.0,-8731.70769744629,6,17516.75537903629,0.3181|0.6819,-2.2223|0.7539,0.3527|0.9985,0.9560|0.9795,0:norm;1:norm,,True,0,0,,0.0,1.0,0.3526790990328475,1.6240344297866876,-8731.70769744629,0.3181,False
pamap2_108_gapped,2,hmc_in,available,1,8160,901,ok,,perturbed-1,0.6774920000025304,0.013568874997872626,17,-8731.91205473095,0,0.0,-8731.91205473095,6,17517.16409360561,0.3185|0.6815,-2.2212|0.7552,0.3540|0.9975,0.9561|0.9795,0:norm;1:norm,,True,0,0,,0.2043572846596362,0.9998774509803922,0.353999292383415,1.6240344297866876,-8731.91205473095,0.3185,False
pamap2_108_gapped,2,hmc_in,available,2,8160,901,ok,,perturbed-2,0.6992000829995959,0.014027749999513617,18,-8732.001519561225,0,0.0,-8732.001519561225,6,17517.34302326616,0.3186|0.6814,-2.2207|0.7557,0.3545|0.9970,0.9561|0.9795,0:norm;1:norm,,True,0,0,,0.29382211493430077,0.9998774509803922,0.35453186476525955,1.6240344297866876,-8732.001519561225,0.3186,False
pamap2_108_gapped,2,pmc_pair,available,0,8160,901,ok,,kmeans,7.6332687079993775,0.2487408749984752,24,-4583.111441059891,0,0.0,-4583.111441059891,14,9290.68284512177,0.3400|0.6600,-2.3855|1.0906,0.1711|0.7702,0.6437|0.8165,00:norm;01:norm;10:norm;11:norm,00:Gauss(0.341);01:Clayton(0.391);10:Frank(0.472);11:GH(0.548),True,0,0,,0.4025320222654045,0.9988970588235294,0.17113581808349365,1.6240344297866876,-4583.111441059891,0.34,False
pamap2_108_gapped,2,pmc_pair,available,1,8160,901,ok,,family-random-1,7.136111666000943,0.23903349999818602,24,-4582.708909037626,0,0.0,-4582.708909037626,14,9289.877781077239,0.3405|0.6595,-2.3852|1.0920,0.1715|0.7693,0.6438|0.8160,00:norm;01:norm;10:norm;11:norm,00:Gauss(0.342);01:Clayton(0.390);10:Frank(0.472);11:GH(0.547),True,2,0,"Frank.correct_tau: τ=-1.1286 outside valid range [-1.0000, 1.0000] — clipped to τ=-1.0000. || Frank: requested |tau|=1.000000 exceeds the largest numerically reachable value 0.994299 (theta=±700); clamping.",0.0,1.0,0.17149907486969368,1.6240344297866876,-4582.708909037626,0.3405,False
pamap2_108_gapped,2,pmc_pair,available,2,8160,901,ok,,family-random-2,2.5892286660018726,0.23219545899701188,9,-4800.894865227113,3,7.966297098877476,-4800.894865227113,14,9726.249693456213,0.3817|0.6183,-2.0464|0.9827,0.5820|0.8343,0.9303|0.9570,00:norm;01:norm;10:norm;11:norm,00:Clayton(0.699);01:Clayton(0.174);10:Clayton(0.347);11:GH(0.557),True,6,3,"Frank.correct_tau: τ=-1.1286 outside valid range [-1.0000, 1.0000] — clipped to τ=-1.0000. || Frank: requested |tau|=1.000000 exceeds the largest numerically reachable value 0.994299 (theta=±700); clamping. || ICE iter 6",218.18595618948711,0.9012254901960784,0.5819869082320307,1.6240344297866876,-4783.934334634434,0.3817,False
pamap2_108_gapped,2,pmc_state,available,0,8160,901,ok,,kmeans,1.765423084001668,0.22736787499889033,6,-4990.097512985834,3,16.129351056973974,-4990.097512985834,10,10069.094999544517,0.2982|0.7018,-2.2484|0.6825,0.3368|1.0732,0.9655|0.9853,0:norm;1:norm,00:Clayton(0.571);01:Frank(-0.176);10:Frank(-0.281);11:GH(0.630),True,4,3,ICE iter 3 || ICE iter 4 || ICE iter 5,95.16757594880073,0.8284313725490197,0.336754921150124,1.6240344297866876,-4961.600750856696,0.2982,False
pamap2_108_gapped,2,pmc_state,available,1,8160,901,ok,,family-random-1,2.0472600840002997,0.2281810829990718,7,-4969.797334225987,3,14.270240363324774,-4969.797334225987,10,10028.494642024822,0.3232|0.6768,-2.1878|0.7612,0.4117|1.0044,0.9678|0.9846,0:norm;1:norm,00:Clayton(0.621);01:Frank(-0.111);10:Frank(-0.248);11:GH(0.608),True,4,3,ICE iter 4 || ICE iter 5 || ICE iter 6,74.86739718895296,0.8535539215686274,0.41170503257957325,1.6240344297866876,-4937.5158864668965,0.3232,False
pamap2_108_gapped,2,pmc_state,available,2,8160,901,ok,,family-random-2,2.7734253750022617,0.264177541997924,9,-4894.929937037034,4,27.769888703826837,-4894.929937037034,10,9878.759847646916,0.4647|0.5353,-1.6526|1.1088,0.9552|0.7640,0.9838|0.9859,0:norm;1:norm,00:Clayton(0.708);01:Frank(-0.042);10:Frank(-0.279);11:GH(0.542),True,5,4,ICE iter 1 || ICE iter 6 || ICE iter 7,0.0,1.0,0.7639791031061256,1.6240344297866876,-4870.369694637902,0.4647,False
pamap2_108_gapped,3,hmc_in,available,0,8160,901,ok,,kmeans,0.6543559589990764,0.016772375001892215,16,-6751.062463327529,0,0.0,-6751.062463327529,12,13608.804894942477,0.2567|0.2840|0.4594,-2.3545|-0.5764|1.2689,0.2010|0.8470|0.6667,0.9433|0.9210|0.9824,0:norm;1:norm;2:norm,,True,0,0,,0.12037845926988666,0.9997549019607843,0.20099589166920273,1.6240344297866876,-6751.062463327529,0.2567,False
pamap2_108_gapped,3,hmc_in,available,1,8160,901,ok,,perturbed-1,0.704864750001434,0.020478457998251542,17,-6750.942084868259,0,0.0,-6750.942084868259,12,13608.564138023938,0.2564|0.2840|0.4596,-2.3549|-0.5785|1.2685,0.2005|0.8473|0.6669,0.9432|0.9210|0.9824,0:norm;1:norm;2:norm,,True,0,0,,0.0,1.0,0.20053735348826643,1.6240344297866876,-6750.942084868259,0.2564,False
pamap2_108_gapped,3,hmc_in,available,2,8160,901,ok,,perturbed-2,0.6586326670003473,0.02064187500218395,16,-6751.117455373858,0,0.0,-6751.117455373858,12,13608.914879035136,0.2568|0.2840|0.4593,-2.3543|-0.5756|1.2691,0.2012|0.8469|0.6667,0.9433|0.9210|0.9824,0:norm;1:norm;2:norm,,True,0,0,,0.1753705055989485,0.9997549019607843,0.20119574879202104,1.6240344297866876,-6751.117455373858,0.2568,False
pamap2_108_gapped,3,pmc_pair,available,0,8160,901,ok,,kmeans,28.189642833000107,0.5361354589986149,49,-3925.1141228806855,1,38.63284081031179,-3925.1141228806855,32,8134.708161194486,0.2662|0.5746|0.1591,-2.4116|0.3556|1.2580,0.1485|1.2175|0.4792,0.7107|0.7994|0.4317,00:norm;01:norm;02:norm;10:norm;11:norm;12:norm;20:norm;21:norm;22:norm,00:Gauss(0.292);01:Clayton(0.293);02:Frank(0.338);10:Frank(0.363);11:GH(0.633);12:Clayton(0.311);20:Frank(-0.006);21:Clayton(0.221);22:Clayton(0.588),True,1,1,ICE iter 3,0.0,1.0,0.14853579240580173,1.6240344297866876,-3925.1141228806855,0.1591,False
pamap2_108_gapped,3,pmc_pair,available,1,8160,901,ok,,family-random-1,15.652659208000841,0.5228459169993585,28,-3955.909011228907,1,0.05128227469003832,-3955.909011228907,32,8196.29793789093,0.3345|0.4814|0.1841,-2.4030|0.9505|1.7252,0.1570|0.8844|0.4019,0.6100|0.8147|0.4023,00:norm;01:norm;02:norm;10:norm;11:norm;12:norm;20:norm;21:norm;22:norm,00:Gauss(0.316);01:Gauss(0.208);02:GH(0.107);10:Frank(0.389);11:GH(0.694);12:Frank(0.337);20:Gauss(0.332);21:GH(0.162);22:Frank(-0.315),True,3,0,"Clayton.correct_tau: τ=1.0449 outside valid range [0.0000, 1.0000] — clipped to τ=1.0000. || Frank.correct_tau: τ=-1.1829 outside valid range [-1.0000, 1.0000] — clipped to τ=-1.0000. || Frank: requested |tau|=1.000000 exceeds the largest numerically reachable value 0.994299 (theta=±700); clamping.",30.79488834822132,0.6833333333333333,0.15696310416748463,1.6240344297866876,-3955.857728954217,0.1841,False
pamap2_108_gapped,3,pmc_pair,available,2,8160,901,ok,,family-random-2,19.33030824999878,0.5424244999994698,36,-4025.706361621727,0,0.0,-4025.706361621727,32,8335.892638676569,0.2719|0.5319|0.1962,-2.4085|0.3779|1.0204,0.1502|1.2179|0.4995,0.6991|0.8332|0.6718,00:norm;01:norm;02:norm;10:norm;11:norm;12:norm;20:norm;21:norm;22:norm,00:Gauss(0.291);01:Clayton(0.258);02:Frank(0.262);10:Clayton(0.380);11:GH(0.630);12:Gauss(-0.082);20:Frank(-0.040);21:GH(0.073);22:Clayton(0.409),True,3,0,"Clayton.correct_tau: τ=1.0449 outside valid range [0.0000, 1.0000] — clipped to τ=1.0000. || Frank.correct_tau: τ=-1.1829 outside valid range [-1.0000, 1.0000] — clipped to τ=-1.0000. || Frank: requested |tau|=1.000000 exceeds the largest numerically reachable value 0.994299 (theta=±700); clamping.",100.59223874104146,0.8075980392156863,0.15015305043264962,1.6240344297866876,-4025.706361621727,0.1962,False
pamap2_108_gapped,3,pmc_state,available,0,8160,901,ok,,kmeans,9.754560916000628,0.49293129199941177,17,-4469.873188522556,0,0.0,-4469.873188522556,20,9117.54632419081,0.2249|0.4031|0.3720,-2.3821|-0.1726|1.1447,0.1786|1.3242|0.7128,0.9579|0.9583|0.9802,0:norm;1:norm;2:norm,00:Gauss(0.346);01:Gauss(-0.268);02:Frank(-0.926);10:Frank(-0.279);11:Gauss(0.649);12:GH(0.434);20:Frank(-0.974);21:Frank(0.126);22:GH(0.635),True,16,0,Frank: requested |tau|=0.995962 exceeds the largest numerically reachable value 0.994299 (theta=±700); clamping. || Frank: requested |tau|=0.996095 exceeds the largest numerically reachable value 0.994299 (theta=±700); clamping. || Frank: requested |tau|=0.996029 exceeds the largest numerically reachable value 0.994299 (theta=±700); clamping.,0.0,1.0,0.17859623776586406,1.6240344297866876,-4469.873188522556,0.2249,False
pamap2_108_gapped,3,pmc_state,available,1,8160,901,ok,,family-random-1,6.117582374998165,0.5348594579991186,11,-4485.695468212279,0,0.0,-4485.695468212279,20,9149.190883570254,0.2273|0.4511|0.3216,-2.3801|-0.0874|1.1948,0.1807|1.3701|0.4917,0.9586|0.9661|0.9816,0:norm;1:norm;2:norm,00:Gauss(0.356);01:Gauss(-0.274);02:Gauss(-0.784);10:Frank(-0.297);11:GH(0.704);12:Clayton(0.300);20:Clayton(0.870);21:Frank(-0.164);22:Frank(0.343),True,0,0,,15.822279689722563,0.7833333333333333,0.18074157570664592,1.6240344297866876,-4485.695468212279,0.2273,False
pamap2_108_gapped,3,pmc_state,available,2,8160,901,ok,,family-random-2,7.150125083000603,0.5747006249985134,12,-4486.432409071516,0,0.0,-4486.432409071516,20,9150.66476528873,0.2259|0.4465|0.3276,-2.3823|-0.1059|1.1895,0.1786|1.3753|0.4945,0.9588|0.9640|0.9793,0:norm;1:norm;2:norm,00:Gauss(0.344);01:Gauss(-0.281);02:Gauss(-0.779);10:Frank(-0.300);11:GH(0.709);12:Frank(0.301);20:Gauss(-0.662);21:Gauss(-0.081);22:Frank(0.345),True,0,0,,16.559220548960184,0.7849264705882353,0.17859784992308683,1.6240344297866876,-4486.432409071516,0.2259,False
tsnh4,2,hmc_in,available,0,4552,883,ok,,kmeans,0.29627583299952676,0.01035254200178315,12,-2184.4437538379534,0,0.0,-2184.4437538379534,6,4418.133554222039,0.4193|0.5807,1.6855|2.8070,0.6222|0.3207,0.9853|0.9894,0:norm;1:norm,,True,0,0,,0.005274222610751167,1.0,0.3206734059990229,0.7203481214139177,-2184.4437538379534,0.4193,False
tsnh4,2,hmc_in,available,1,4552,883,ok,,perturbed-1,0.29240329100139206,0.01402162500016857,12,-2184.4511211174877,0,0.0,-2184.4511211174877,6,4418.148288781107,0.4190|0.5810,1.6851|2.8068,0.6222|0.3208,0.9853|0.9894,0:norm;1:norm,,True,0,0,,0.012641502145015693,0.999780316344464,0.3207718153998609,0.7203481214139177,-2184.4511211174877,0.419,False
tsnh4,2,hmc_in,available,2,4552,883,ok,,perturbed-2,0.2728341250003723,0.012767166997946333,11,-2184.4384796153427,0,0.0,-2184.4384796153427,6,4418.123005776817,0.4195|0.5805,1.6858|2.8072,0.6222|0.3206,0.9853|0.9894,0:norm;1:norm,,True,0,0,,0.0,1.0,0.32059357910292074,0.7203481214139177,-2184.4384796153427,0.4195,False
tsnh4,2,hmc_in,impute,0,4552,883,ok,,kmeans,2.3475680419978744,0.010028208002040628,14,-2184.656977380384,0,0.0,-2184.656977380384,6,4418.5600013069,0.4178|0.5822,1.6797|2.8043,0.6198|0.3220,0.9853|0.9894,0:norm;1:norm,,True,0,0,,0.21849776504132024,0.9989015817223199,0.3220126675930805,0.7203481214139177,-2184.656977380384,0.4178,False
tsnh4,2,hmc_in,impute,1,4552,883,ok,,perturbed-1,2.514345833002153,0.012237709001055919,15,-2184.514149602706,0,0.0,-2184.514149602706,6,4418.2743457515435,0.4202|0.5798,1.6920|2.8060,0.6214|0.3199,0.9853|0.9894,0:norm;1:norm,,True,0,0,,0.07566998736319874,1.0,0.3199095569183463,0.7203481214139177,-2184.514149602706,0.4202,False
tsnh4,2,hmc_in,impute,2,4552,883,ok,,perturbed-2,2.007969166003022,0.013716292000026442,12,-2184.5538351721048,0,0.0,-2184.5538351721048,6,4418.353716890341,0.4180|0.5820,1.6802|2.8059,0.6221|0.3216,0.9853|0.9894,0:norm;1:norm,,True,0,0,,0.11535555676209697,0.9993409490333919,0.3215723659446494,0.7203481214139177,-2184.5538351721048,0.418,False
tsnh4,2,hmc_in,sem,0,4552,883,ok,,kmeans,1.7990351250009553,0.01054854199901456,30,-2185.2811256799537,10,0.9409356982591817,-2185.0510123321333,6,4419.348071210398,0.4275|0.5725,1.6989|2.8177,0.6226|0.3169,0.9848|0.9887,0:norm;1:norm,,True,0,0,,0.6125327167906107,0.9960456942003515,0.3168859806308401,0.7203481214139177,-2184.5543706937947,0.4275,False
tsnh4,2,hmc_in,sem,1,4552,883,ok,,perturbed-1,1.7841025830020953,0.013222375000623288,30,-2184.802448016541,10,0.7132097460030309,-2184.603429479404,6,4418.45290550494,0.4358|0.5642,1.6937|2.8072,0.6179|0.3198,0.9861|0.9893,0:norm;1:norm,,True,0,0,,0.1649498640613274,0.9995606326889279,0.3198457528664599,0.7203481214139177,-2184.489951010065,0.4358,False
tsnh4,2,hmc_in,sem,2,4552,883,ok,,perturbed-2,1.7902744170023652,0.01390483299837797,30,-2186.065728826415,12,0.6070971151871163,-2185.0333302517724,6,4419.312707049677,0.4332|0.5668,1.6973|2.8141,0.6284|0.3183,0.9871|0.9901,0:norm;1:norm,,True,0,0,,0.5948506364297828,0.9973637961335676,0.3182769437225745,0.7203481214139177,-2184.547726934386,0.4332,False
tsnh4,2,pmc_pair,available,0,4552,883,ok,,kmeans,3.4083575420008856,0.1301709999970626,16,3730.090563811351,5,46.96013835968233,3730.090563811351,14,-7345.273685681728,0.5670|0.4330,2.2454|2.4981,0.8363|0.5105,0.9803|0.9742,00:norm;01:norm;10:norm;11:norm,00:Gauss(0.937);01:GH(0.811);10:GH(0.809);11:GH(0.905),True,5,5,ICE iter 1 || ICE iter 4 || ICE iter 6,52.476460829844655,0.56304920913884,0.5104725370900683,0.7203481214139177,3730.090563811351,0.433,False
tsnh4,2,pmc_pair,available,1,4552,883,ok,,family-random-1,4.381058500002837,0.12993666599868448,22,3608.02894045541,4,261.65170337233076,3608.02894045541,14,-7101.150438969847,0.0104|0.9896,2.1158|2.3610,0.0400|0.7258,0.5858|0.9957,00:norm;01:norm;10:norm;11:norm,00:GH(0.733);01:Gauss(0.619);10:Gauss(0.306);11:GH(0.921),True,5,4,"Gauss.correct_tau: τ=1.5381 outside valid range [-1.0000, 1.0000] — clipped to τ=1.0000. || ICE iter 2 || ICE iter 5",174.53808418578546,0.781634446397188,0.025552875473745386,0.7203481214139177,3624.5993181530093,0.0104,False
tsnh4,2,pmc_pair,available,2,4552,883,ok,,family-random-2,1.3609441669977969,0.13364162500147359,7,3595.9805346091334,1,3.0628404300337024,3595.9805346091334,14,-7077.053627277293,0.0097|0.9903,2.1954|2.3602,0.0484|0.7264,0.3027|0.9932,00:norm;01:norm;10:norm;11:norm,00:GH(0.921);01:Clayton(0.517);10:Clayton(0.539);11:GH(0.889),True,2,1,"Gauss.correct_tau: τ=1.5381 outside valid range [-1.0000, 1.0000] — clipped to τ=1.0000. || ICE iter 3",186.5864900320621,0.7877855887521968,0.04534035715111695,0.7203481214139177,3595.9805346091334,0.0097,False
tsnh4,2,pmc_pair,impute,0,4552,883,ok,,kmeans,7.010286790999089,0.11183520900158328,8,3648.896642278,3,282.8123390331607,3648.896642278,14,-7182.885842615026,0.0877|0.9123,0.5291|2.4343,0.4678|0.6009,0.9838|0.9984,00:norm;01:norm;10:norm;11:norm,00:GH(0.913);01:Gauss(-0.026);10:Frank(-0.506);11:GH(0.904),True,3,3,ICE iter 1 || ICE iter 2 || ICE iter 6,133.67038236319559,0.7368189806678384,0.23829907259909855,0.7203481214139177,3659.501250929011,0.0877,False
tsnh4,2,pmc_pair,impute,1,4552,883,ok,,family-random-1,33.18099154099764,0.1250048340007197,32,3703.46435186838,7,5.862429809589685,3703.46435186838,14,-7292.021261795787,0.0283|0.9717,1.4864|2.2511,0.7267|0.7971,0.0360|0.9719,00:norm;01:norm;10:norm;11:norm,00:GH(0.932);01:Gauss(0.661);10:Gauss(0.740);11:Gauss(-0.909),True,7,6,"Gauss.correct_tau: τ=1.5381 outside valid range [-1.0000, 1.0000] — clipped to τ=1.0000. || ICE iter 10 || ICE iter 11",79.10267277281537,0.796572934973638,0.289640804055945,0.7203481214139177,3703.8223570795603,0.0283,False
tsnh4,2,pmc_pair,impute,2,4552,883,ok,,family-random-2,9.188729042001796,0.1297822919987084,10,3647.6196505697885,2,4.929911687086587,3647.6196505697885,14,-7180.3318591986035,0.0113|0.9887,1.7093|2.2834,0.3388|0.7914,0.4538|0.9937,00:norm;01:norm;10:norm;11:norm,00:GH(0.927);01:Clayton(0.605);10:Clayton(0.495);11:Frank(-0.622),True,2,1,"Gauss.correct_tau: τ=1.5381 outside valid range [-1.0000, 1.0000] — clipped to τ=1.0000. || ICE iter 6",134.947374071407,0.788444639718805,0.06192905565377647,0.7203481214139177,3647.8711189131936,0.0113,False
tsnh4,2,pmc_pair,sem,0,4552,883,ok,,kmeans,7.189675707999413,0.12127045799934422,30,3779.4095205648273,10,271.71504311849094,3782.5670246411955,14,-7450.226607341418,0.2421|0.7579,1.9671|2.3514,0.6129|0.8344,0.9410|0.9812,00:norm;01:norm;10:norm;11:norm,00:Gauss(0.871);01:GH(0.702);10:GH(0.851);11:Gauss(0.950),True,0,0,,0.0,1.0,0.4759739002239991,0.7203481214139177,3789.7759676415517,0.2421,False
tsnh4,2,pmc_pair,sem,1,4552,883,ok,,family-random-1,7.183981083999242,0.1254099159996258,30,3662.499310547762,9,19.239190532239263,3659.0945331144803,14,-7203.281624287987,0.0024|0.9976,1.5200|2.2910,0.7089|0.7683,0.3636|0.9985,00:norm;01:norm;10:norm;11:norm,00:GH(0.925);01:Frank(0.899);10:Clayton(0.813);11:Gauss(-0.839),True,1,0,"Gauss.correct_tau: τ=1.5381 outside valid range [-1.0000, 1.0000] — clipped to τ=1.0000.",123.4724915267152,0.7906414762741653,0.15565369050811684,0.7203481214139177,3669.0521066332312,0.0024,True
tsnh4,2,pmc_pair,sem,2,4552,883,ok,,family-random-2,7.355879124999774,0.13344845800020266,30,3668.7052782962623,9,18.816061451328096,3661.558603770239,14,-7208.209765599505,0.0059|0.9941,1.4964|2.2917,0.6844|0.7738,0.1481|0.9949,00:norm;01:norm;10:norm;11:norm,00:GH(0.928);01:GH(0.377);10:Gauss(0.369);11:Gauss(-0.891),True,1,0,"Gauss.correct_tau: τ=1.5381 outside valid range [-1.0000, 1.0000] — clipped to τ=1.0000.",121.00842087095634,0.7921792618629174,0.1629330471382006,0.7203481214139177,3668.7052782962623,0.0059,False
tsnh4,2,pmc_state,available,0,4552,883,ok,,kmeans,2.567729500002315,0.1238027500003227,13,3713.2701387403176,5,560.5052013886329,3713.2701387403176,10,-7344.463533237083,0.5386|0.4614,2.2338|2.4936,0.8314|0.5421,0.9831|0.9803,0:norm;1:norm,00:Gauss(0.936);01:Frank(0.836);10:GH(0.679);11:GH(0.909),True,6,5,ICE iter 1 || ICE iter 3 || ICE iter 10,35.44684167670039,0.515817223198594,0.542117868262615,0.7203481214139177,3720.170124612943,0.4614,False
tsnh4,2,pmc_state,available,1,4552,883,ok,,family-random-1,2.643649417001143,0.12082279099922744,14,3719.8895284421847,3,157.69327560580723,3719.8895284421847,10,-7357.702312640817,0.5455|0.4545,2.2793|2.4459,0.8344|0.5513,0.9843|0.9812,0:norm;1:norm,00:Gauss(0.936);01:Frank(0.815);10:GH(0.690);11:GH(0.908),True,3,2,"Gauss.correct_tau: τ=1.1197 outside valid range [-1.0000, 1.0000] — clipped to τ=1.0000. || ICE iter 5 || ICE iter 7",28.827451974833366,0.5287785588752196,0.5513173019290823,0.7203481214139177,3719.9134292508297,0.4545,False
tsnh4,2,pmc_state,available,2,4552,883,ok,,family-random-2,3.124846083999728,0.12487604100169847,16,3748.716980417018,4,88.83410239528439,3748.716980417018,10,-7415.357216590483,0.2488|0.7512,1.9601|2.4872,0.7164|0.6726,0.9680|0.9894,0:norm;1:norm,00:Gauss(0.891);01:Gauss(0.595);10:Gauss(0.411);11:Gauss(0.936),True,4,3,"Gauss.correct_tau: τ=1.1197 outside valid range [-1.0000, 1.0000] — clipped to τ=1.0000. || ICE iter 2 || ICE iter 6",0.0,1.0,0.6725787243131415,0.7203481214139177,3748.7196718492214,0.2488,False
tsnh4,2,pmc_state,impute,0,4552,883,ok,,kmeans,10.997266374997707,0.11722858299981453,12,3701.7149053717408,3,684.975287763602,3701.7149053717408,10,-7321.353066499929,0.4733|0.5267,2.0774|2.4830,0.9572|0.4882,0.9862|0.9876,0:norm;1:norm,00:Gauss(0.938);01:GH(0.713);10:GH(0.394);11:GH(0.911),True,3,3,ICE iter 1 || ICE iter 3 || ICE iter 4,47.00207504527725,0.6291739894551845,0.4881500323033078,0.7203481214139177,3701.7149053717408,0.4733,False
tsnh4,2,pmc_state,impute,1,4552,883,ok,,family-random-1,22.039201332998346,0.13136149999991176,23,3729.9925462268075,2,0.897305055925699,3729.9925462268075,10,-7377.908348210062,0.7866|0.2134,2.2421|2.4668,0.8055|0.5973,0.9886|0.9580,0:norm;1:norm,00:GH(0.940);01:GH(0.799);10:GH(0.695);11:Gauss(0.868),True,2,1,"Gauss.correct_tau: τ=1.1197 outside valid range [-1.0000, 1.0000] — clipped to τ=1.0000. || ICE iter 19",18.72443419021056,0.8523725834797891,0.5973142224077526,0.7203481214139177,3730.3432052603125,0.2134,False
tsnh4,2,pmc_state,impute,2,4552,883,ok,,family-random-2,47.07479595900077,0.414500582999608,50,3712.246434896899,16,133.3606187775663,3705.616154624798,10,-7329.155565006044,0.4572|0.5428,2.0196|2.4965,0.9624|0.5086,0.9861|0.9883,0:norm;1:norm,00:GH(0.910);01:GH(0.545);10:Frank(0.728);11:Gauss(0.937),True,17,16,"Gauss.correct_tau: τ=1.1197 outside valid range [-1.0000, 1.0000] — clipped to τ=1.0000. || ICE iter 9 || ICE iter 13",43.100825792219894,0.6827768014059754,0.5085755192666908,0.7203481214139177,3739.245452738911,0.4572,False
tsnh4,2,pmc_state,sem,0,4552,883,ok,,kmeans,6.668905624999752,0.1170799999999872,30,3718.9288681851017,7,727.3830894211433,3720.512064912868,10,-7358.947385582183,0.7572|0.2428,2.1940|2.4616,0.8932|0.4686,0.9887|0.9647,0:norm;1:norm,00:Gauss(0.862);01:GH(0.640);10:GH(0.800);11:GH(0.941),True,0,0,,28.204915504149994,0.8233743409490334,0.4685550343633458,0.7203481214139177,3735.4783312854534,0.2428,False
tsnh4,2,pmc_state,sem,1,4552,883,ok,,family-random-1,6.85440324999945,0.12837387499894248,30,3715.5316401691753,8,107.36361455068163,3705.5912592464692,10,-7329.105774249386,0.5447|0.4553,2.1270|2.5035,0.8400|0.5843,0.9855|0.9826,0:norm;1:norm,00:GH(0.911);01:GH(0.553);10:Frank(0.776);11:Gauss(0.939),True,1,0,"Gauss.correct_tau: τ=1.1197 outside valid range [-1.0000, 1.0000] — clipped to τ=1.0000.",43.125721170548786,0.5272407732864675,0.5842943228814375,0.7203481214139177,3731.179742468939,0.4553,False
tsnh4,2,pmc_state,sem,2,4552,883,ok,,family-random-2,6.30321449999974,0.12296879199857358,30,3699.7562161470128,11,118.85674375717781,3699.2313749340174,10,-7316.386005624482,0.5524|0.4476,2.1244|2.4900,0.9037|0.4863,0.9861|0.9828,0:norm;1:norm,00:GH(0.912);01:GH(0.587);10:GH(0.666);11:Gauss(0.940),True,1,0,"Gauss.correct_tau: τ=1.1197 outside valid range [-1.0000, 1.0000] — clipped to τ=1.0000.",49.485605483000654,0.5129613356766256,0.48634650686075437,0.7203481214139177,3728.8587340928916,0.4476,False
tsnh4,2,pmc_state_gice,available,0,4552,883,ok,,kmeans,6.218329499999527,0.34315070799857494,15,3713.606737419771,4,56.200196048064754,3713.606737419771,10,-7345.136730595989,0.5335|0.4665,2.2250|2.4992,0.8376|0.5335,0.9844|0.9821,0:norm;1:norm,00:Gauss(0.935);01:Frank(0.826);10:GH(0.650);11:GH(0.909),True,3,3,ICE iter 2 || ICE iter 12 || ICE iter 13,1.0153485686164458,0.8240333919156415,0.5335040444712528,0.7203481214139177,3717.931208198198,0.4665,False
tsnh4,2,pmc_state_gice,available,1,4552,883,ok,,family-random-1,10.95001874999798,0.35930520900001284,28,3682.650283109325,6,16.427880176122926,3682.650283109325,10,-7283.223821975097,0.1982|0.8018,2.2933|2.3724,0.8793|0.6772,0.9503|0.9877,0:norm;1:norm,00:GH(0.931);01:Frank(0.810);10:GH(0.736);11:Gauss(0.900),True,12,6,"Gauss.correct_tau: τ=1.1816 outside valid range [-1.0000, 1.0000] — clipped to τ=1.0000. || Gauss.correct_tau: τ=1.1425 outside valid range [-1.0000, 1.0000] — clipped to τ=1.0000. || Frank.correct_tau: τ=1.0522 outside valid range [-1.0000, 1.0000] — clipped to τ=1.0000.",31.97180287906258,0.7007908611599297,0.6771967520391543,0.7203481214139177,3713.7900700134237,0.1982,False
tsnh4,2,pmc_state_gice,available,2,4552,883,ok,,family-random-2,3.9164092920000257,0.34998745800112374,10,3678.175527348384,2,201.47080196357092,3678.175527348384,10,-7274.274310453216,0.8880|0.1120,2.2991|2.8329,0.7184|0.5363,0.9928|0.9427,0:norm;1:norm,00:GH(0.928);01:Frank(0.560);10:GH(0.485);11:GH(0.856),True,6,1,"Gauss.correct_tau: τ=1.1816 outside valid range [-1.0000, 1.0000] — clipped to τ=1.0000. || Gauss.correct_tau: τ=1.1425 outside valid range [-1.0000, 1.0000] — clipped to τ=1.0000. || Frank.correct_tau: τ=1.0522 outside valid range [-1.0000, 1.0000] — clipped to τ=1.0000.",36.44655864000333,0.6348857644991213,0.5362539111409406,0.7203481214139177,3678.248181932585,0.112,False
tsnh4,2,pmc_state_gice,impute,0,4552,883,ok,,kmeans,25.78719537500001,0.3433837909979047,14,3668.6414365275054,6,19.983094518533562,3668.6414365275054,11,-7246.998454387102,0.1989|0.8011,1.5321|2.5148,1.0783|0.5042,0.9790|0.9948,0:gamma;1:norm,00:Gauss(0.927);01:Gauss(0.631);10:Frank(-0.248);11:GH(0.899),True,5,5,ICE iter 2 || ICE iter 7 || ICE iter 8,45.98064946088198,0.7425307557117751,0.5041684066799456,0.7203481214139177,3669.557098186497,0.1989,False
tsnh4,2,pmc_state_gice,sem,0,4552,883,ok,,kmeans,13.253022416996828,0.3445807080024679,30,3704.1278211555873,12,34.10936306886424,3714.6220859883874,10,-7347.167427733222,0.5398|0.4602,2.1418|2.4371,0.9160|0.5799,0.9908|0.9893,0:norm;1:norm,00:Gauss(0.938);01:Gauss(0.708);10:GH(0.462);11:GH(0.911),True,0,0,,0.0,1.0,0.5798660341645311,0.7203481214139177,3715.7448040665113,0.4602,False
tsnh4,3,hmc_in,available,0,4552,883,ok,,kmeans,0.23659258400221006,0.017779374997189734,9,-1083.6952950809393,0,0.0,-1083.6952950809393,12,2265.882683254142,0.1747|0.2966|0.5288,0.9748|2.0832|2.8434,0.5626|0.2233|0.3035,0.9791|0.9654|0.9875,0:norm;1:norm;2:norm,,True,0,0,,9.750041358503267,0.9532073813708261,0.22327586395105928,0.7203481214139177,-1083.6952950809393,0.1747,False
tsnh4,3,hmc_in,available,1,4552,883,ok,,perturbed-1,0.20591450000210898,0.02366112499657902,8,-1083.7084797636041,0,0.0,-1083.7084797636041,12,2265.909052619472,0.1746|0.2967|0.5287,0.9741|2.0830|2.8434,0.5624|0.2234|0.3035,0.9791|0.9655|0.9875,0:norm;1:norm;2:norm,,True,0,0,,9.763226041168082,0.95298769771529,0.22343392836193013,0.7203481214139177,-1083.7084797636041,0.1746,False
tsnh4,3,hmc_in,available,2,4552,883,ok,,perturbed-2,0.2566569589980645,0.022308040999632794,10,-1083.6915159765285,0,0.0,-1083.6915159765285,12,2265.8751250453206,0.1747|0.2965|0.5288,0.9750|2.0832|2.8434,0.5626|0.2232|0.3035,0.9791|0.9654|0.9875,0:norm;1:norm;2:norm,,True,0,0,,9.746262254092471,0.9532073813708261,0.22321442327322233,0.7203481214139177,-1083.6915159765285,0.1747,False
tsnh4,3,hmc_in,impute,0,4552,883,ok,,kmeans,1.8679031249994296,0.018967334002809366,11,-1084.0085418582844,0,0.0,-1084.0085418582844,12,2266.5091768088323,0.1741|0.2975|0.5284,0.9612|2.0807|2.8443,0.5635|0.2244|0.3019,0.9794|0.9657|0.9875,0:norm;1:norm;2:norm,,True,0,0,,10.063288135848325,0.9525483304042179,0.22442901321977912,0.7203481214139177,-1084.0085418582844,0.1741,False
tsnh4,3,hmc_in,impute,1,4552,883,ok,,perturbed-1,1.6625475830005598,0.02213754200056428,10,-1083.6802076560095,0,0.0,-1083.6802076560095,12,2265.8525084042826,0.1749|0.2968|0.5284,0.9784|2.0843|2.8427,0.5636|0.2235|0.3039,0.9790|0.9653|0.9875,0:norm;1:norm;2:norm,,True,0,0,,9.734953933573479,0.953646748681898,0.22348118500018269,0.7203481214139177,-1083.6802076560095,0.1749,False
tsnh4,3,hmc_in,impute,2,4552,883,ok,,perturbed-2,2.044102166000812,0.022370124999724794,12,-1083.8263768555948,0,0.0,-1083.8263768555948,12,2266.144846803453,0.1745|0.2968|0.5287,0.9654|2.0823|2.8437,0.5630|0.2228|0.3043,0.9792|0.9655|0.9875,0:norm;1:norm;2:norm,,True,0,0,,9.88112313315878,0.95298769771529,0.22280818479353487,0.7203481214139177,-1083.8263768555948,0.1745,False
tsnh4,3,hmc_in,sem,0,4552,883,ok,,kmeans,1.8219533749979746,0.01685633300076006,30,-1083.8560508817252,7,1.0599581726571614,-1083.8911282795239,12,2266.2743496513112,0.1690|0.3130|0.5180,1.0024|2.0995|2.8468,0.5630|0.2199|0.3015,0.9753|0.9653|0.9871,0:norm;1:norm;2:norm,,True,0,0,,9.945874557087791,0.9619947275922671,0.21993942681800463,0.7203481214139177,-1083.6820977438763,0.169,False
tsnh4,3,hmc_in,sem,1,4552,883,ok,,perturbed-1,1.8252489589976904,0.020683165999798803,30,-1074.7852220082998,8,1.5073284972968395,-1073.945253722436,12,2246.3826005371357,0.2125|0.2684|0.5191,1.1762|2.1524|2.8429,0.5847|0.1790|0.3025,0.9721|0.9537|0.9875,0:norm;1:norm;2:norm,,True,0,0,,0.0,1.0,0.17895594422035357,0.7203481214139177,-1073.817464772639,0.2125,False
tsnh4,3,hmc_in,sem,2,4552,883,ok,,perturbed-2,1.8389208750013495,0.021483208998688497,30,-1079.5993299965357,8,0.6869784771656668,-1078.0080458274397,12,2254.508184747143,0.2092|0.2543|0.5365,1.1438|2.1264|2.8397,0.5945|0.1822|0.3052,0.9748|0.9521|0.9871,0:norm;1:norm;2:norm,,True,0,0,,4.062792105003609,0.9885764499121266,0.1821740662575281,0.7203481214139177,-1079.5993299965357,0.2092,False
tsnh4,3,pmc_pair,available,0,4552,883,ok,,kmeans,3.110815416999685,0.21983445799924084,10,3658.688309714285,4,88.18174776021988,3658.688309714285,32,-7054.731037849201,0.1293|0.0494|0.8213,0.5626|2.4090|2.5458,0.4964|0.1934|0.5176,0.7860|0.5877|0.9415,00:norm;01:norm;02:norm;10:norm;11:norm;12:norm;20:norm;21:norm;22:norm,00:Clayton(0.836);01:Frank(0.903);02:Gauss(0.300);10:Frank(0.869);11:GH(0.891);12:Gauss(0.511);20:Gauss(0.300);21:Gauss(0.527);22:GH(0.897),True,6,4,Frank: requested |tau|=0.995185 exceeds the largest numerically reachable value 0.994299 (theta=±700); clamping. || ICE iter 2 || ICE iter 7,84.95457340068424,0.6750878734622144,0.0663648395591692,0.7203481214139177,3665.7309766215208,0.0494,False
tsnh4,3,pmc_pair,available,1,4552,883,ok,,family-random-1,3.1003600410003855,0.2341975419985829,10,3697.255228898762,2,4.633613409862392,3697.255228898762,32,-7131.864876218156,0.5448|0.0514|0.4038,2.0798|2.4356|2.7124,0.7945|0.2427|0.4745,0.9934|0.8133|0.9673,00:norm;01:norm;02:norm;10:norm;11:norm;12:norm;20:norm;21:norm;22:norm,00:Gauss(0.926);01:Gauss(-0.103);02:GH(0.742);10:Gauss(-0.359);11:GH(0.895);12:Frank(0.405);20:Clayton(0.749);21:Gauss(0.394);22:GH(0.880),True,5,1,"Frank: requested |tau|=0.995185 exceeds the largest numerically reachable value 0.994299 (theta=±700); clamping. || GH.correct_tau: τ=1.1952 outside valid range [0.0000, 1.0000] — clipped to τ=1.0000. || Gauss.correct_tau: τ=1.1478 outside valid range [-1.0000, 1.0000] — clipped to τ=1.0000.",46.38765421620701,0.5090070298769771,0.03765832633469278,0.7203481214139177,3702.178818703358,0.0514,False
tsnh4,3,pmc_pair,available,2,4552,883,ok,,family-random-2,6.597011957997893,0.22907137500078534,20,3743.642883114969,0,0.0,3743.642883114969,32,-7224.64018465057,0.7986|0.0009|0.2005,2.2990|2.5760|2.5828,0.7466|0.0229|0.5604,0.9855|0.7500|0.9411,00:norm;01:norm;02:norm;10:norm;11:norm;12:norm;20:norm;21:norm;22:norm,00:GH(0.935);01:GH(0.758);02:Gauss(0.195);10:GH(0.789);11:Gauss(0.870);12:Clayton(1.000);20:Clayton(0.717);21:GH(1.000);22:Gauss(-0.208),True,323,0,"Frank: requested |tau|=0.995185 exceeds the largest numerically reachable value 0.994299 (theta=±700); clamping. || GH.correct_tau: τ=1.1952 outside valid range [0.0000, 1.0000] — clipped to τ=1.0000. || Gauss.correct_tau: τ=1.1478 outside valid range [-1.0000, 1.0000] — clipped to τ=1.0000.",0.0,1.0,0.004324912355972099,0.7203481214139177,3743.642883114969,0.0009,True
tsnh4,3,pmc_pair,impute,0,4552,883,ok,,kmeans,24.42437174999941,0.20095270900128526,17,3729.583658091332,3,23.553221441236474,3729.583658091332,32,-7196.521734603295,0.1757|0.0237|0.8007,1.3764|1.5008|2.4084,0.9934|0.7450|0.6261,0.8251|0.0436|0.9333,00:norm;01:norm;02:norm;10:norm;11:norm;12:norm;20:norm;21:norm;22:norm,00:Gauss(-0.890);01:Gauss(0.764);02:Gauss(0.300);10:Gauss(0.667);11:GH(0.912);12:Gauss(0.423);20:Gauss(0.300);21:Frank(0.672);22:Gauss(0.947),True,3,2,Frank: requested |tau|=0.995185 exceeds the largest numerically reachable value 0.994299 (theta=±700); clamping. || ICE iter 1 || ICE iter 3,14.059225023637282,0.7221001757469244,0.06159692479461456,0.7203481214139177,3729.707529884192,0.0237,False
tsnh4,3,pmc_pair,impute,1,4552,883,ok,,family-random-1,29.89817100000073,0.21790666699962458,21,3675.30711366348,4,994.2787739369737,3675.30711366348,32,-7087.968645747591,0.1277|0.5747|0.2976,0.4961|2.2703|3.0434,0.3890|0.3841|0.2614,0.7432|0.9019|0.9207,00:norm;01:norm;02:norm;10:norm;11:norm;12:norm;20:norm;21:norm;22:norm,00:Clayton(0.804);01:Clayton(0.857);02:GH(0.742);10:Frank(0.914);11:GH(0.867);12:Clayton(0.316);20:Clayton(0.749);21:Frank(0.836);22:GH(0.788),True,7,3,"Frank: requested |tau|=0.995185 exceeds the largest numerically reachable value 0.994299 (theta=±700); clamping. || GH.correct_tau: τ=1.1952 outside valid range [0.0000, 1.0000] — clipped to τ=1.0000. || Gauss.correct_tau: τ=1.1478 outside valid range [-1.0000, 1.0000] — clipped to τ=1.0000.",68.33576945148934,0.5960017574692443,0.09466699641649588,0.7203481214139177,3675.37294232915,0.1277,False
tsnh4,3,pmc_pair,impute,2,4552,883,ok,,family-random-2,30.294810708001023,0.2346981250011595,21,3735.5820297525834,2,160.7515057478413,3735.5820297525834,32,-7208.518477925798,0.8641|0.0009|0.1350,2.2026|2.4341|2.7686,0.8058|0.0063|0.4798,0.9865|0.2379|0.9086,00:norm;01:norm;02:norm;10:norm;11:norm;12:norm;20:norm;21:norm;22:norm,00:GH(0.937);01:Frank(0.690);02:Gauss(0.195);10:GH(0.765);11:Gauss(0.836);12:Gauss(0.367);20:Clayton(0.717);21:GH(0.654);22:Gauss(-1.000),True,537,2,"Frank: requested |tau|=0.995185 exceeds the largest numerically reachable value 0.994299 (theta=±700); clamping. || GH.correct_tau: τ=1.1952 outside valid range [0.0000, 1.0000] — clipped to τ=1.0000. || Gauss.correct_tau: τ=1.1478 outside valid range [-1.0000, 1.0000] — clipped to τ=1.0000.",8.060853362385842,0.930140597539543,0.006312735460083152,0.7203481214139177,3735.5820297525834,0.0009,True
tsnh4,3,pmc_pair,sem,0,4552,883,ok,,kmeans,10.451993582999421,0.2313791670021601,30,3692.018785401338,10,10.603770529642588,3692.272851999452,32,-7121.900122419535,0.0492|0.9270|0.0237,0.1416|2.3457|2.6236,0.2321|0.6900|0.0001,0.8259|0.9652|0.0000,00:norm;01:norm;02:norm;10:norm;11:norm;12:norm;20:norm;21:norm;22:norm,00:Clayton(0.721);01:GH(0.735);02:Gauss(0.300);10:GH(0.648);11:GH(0.917);12:Frank(0.514);20:Gauss(0.300);21:Gauss(0.442);22:Gauss(0.998),True,18,0,Frank: requested |tau|=0.995185 exceeds the largest numerically reachable value 0.994299 (theta=±700); clamping. || Frank: requested |tau|=0.995962 exceeds the largest numerically reachable value 0.994299 (theta=±700); clamping. || Frank: requested |tau|=0.996687 exceeds the largest numerically reachable value 0.994299 (theta=±700); clamping.,51.37003111551712,0.7860281195079086,0.0001,0.7203481214139177,3692.018785401338,0.0237,True
tsnh4,3,pmc_pair,sem,1,4552,883,ok,,family-random-1,8.467477207999764,0.24605141700158129,30,3615.6284329304626,15,932.1188540949645,3616.5270891348064,32,-6970.408596690244,0.1369|0.8631|0.0000,0.4851|2.5552|2.8924,0.3585|0.4850|0.2586,0.6966|0.9519|0.0000,00:norm;01:norm;02:norm;10:norm;11:norm;12:norm;20:norm;21:norm;22:norm,00:Clayton(0.776);01:Gauss(0.901);02:GH(0.742);10:Gauss(0.823);11:GH(0.886);12:Gauss(-0.505);20:Clayton(0.749);21:Gauss(0.923);22:Frank(0.078),True,4,0,"Frank: requested |tau|=0.995185 exceeds the largest numerically reachable value 0.994299 (theta=±700); clamping. || GH.correct_tau: τ=1.1952 outside valid range [0.0000, 1.0000] — clipped to τ=1.0000. || Gauss.correct_tau: τ=1.1478 outside valid range [-1.0000, 1.0000] — clipped to τ=1.0000.",127.11579398016283,0.6862917398945518,0.0001,0.7203481214139177,3618.463464887404,0.0,True
tsnh4,3,pmc_pair,sem,2,4552,883,ok,,family-random-2,6.690457166001579,0.234444749999966,30,3660.417517025616,10,355.7815964654028,3660.047242465347,32,-7057.4489033513255,0.0022|0.9978|0.0000,1.7786|2.2951|2.7654,0.1811|0.7698|0.3463,0.0000|0.9978|0.0000,00:norm;01:norm;02:norm;10:norm;11:norm;12:norm;20:norm;21:norm;22:norm,00:GH(0.928);01:Frank(0.037);02:Gauss(0.195);10:Frank(0.639);11:Clayton(0.628);12:Clayton(0.818);20:Clayton(0.717);21:Gauss(0.633);22:Frank(-0.344),True,4,0,"Frank: requested |tau|=0.995185 exceeds the largest numerically reachable value 0.994299 (theta=±700); clamping. || GH.correct_tau: τ=1.1952 outside valid range [0.0000, 1.0000] — clipped to τ=1.0000. || Gauss.correct_tau: τ=1.1478 outside valid range [-1.0000, 1.0000] — clipped to τ=1.0000.",83.59564064962206,0.8216168717047452,0.040812723975491585,0.7203481214139177,3665.566772961248,0.0,True
tsnh4,3,pmc_state,available,0,4552,883,ok,,kmeans,4.628965083000367,0.21533700000145473,15,3712.3300675722353,3,190.43184540569064,3712.3300675722353,20,-7260.506646657365,0.0756|0.4979|0.4265,1.5951|2.3468|2.4865,0.6024|0.8402|0.4808,0.9887|0.9849|0.9803,0:norm;1:norm;2:norm,00:Gauss(0.924);01:Gauss(0.322);02:Gauss(0.300);10:Frank(-0.396);11:GH(0.904);12:GH(0.696);20:Gauss(0.300);21:Frank(0.886);22:Gauss(0.923),True,4,3,Frank: requested |tau|=0.995185 exceeds the largest numerically reachable value 0.994299 (theta=±700); clamping. || ICE iter 2 || ICE iter 10,51.26258294707213,0.46089630931458697,0.4808276834605878,0.7203481214139177,3721.5241516993756,0.0756,False
tsnh4,3,pmc_state,available,1,4552,883,ok,,family-random-1,3.8991075419980916,0.21672570800001267,13,3763.5926505193074,3,12.088595491994965,3763.5926505193074,20,-7363.03181255151,0.1900|0.5420|0.2679,1.9481|2.2777|2.7902,0.6824|0.7482|0.4035,0.9452|0.9859|0.9896,0:norm;1:norm;2:norm,00:Gauss(0.936);01:GH(0.816);02:GH(0.742);10:GH(0.743);11:Gauss(0.880);12:GH(0.486);20:Clayton(0.749);21:GH(0.078);22:Gauss(0.911),True,10,3,"Frank: requested |tau|=0.995185 exceeds the largest numerically reachable value 0.994299 (theta=±700); clamping. || Frank.correct_tau: τ=1.0039 outside valid range [-1.0000, 1.0000] — clipped to τ=1.0000. || GH.correct_tau: τ=1.2184 outside valid range [0.0000, 1.0000] — clipped to τ=1.0000.",0.0,1.0,0.4035251488090741,0.7203481214139177,3784.433656167512,0.19,False
tsnh4,3,pmc_state,available,2,4552,883,ok,,family-random-2,5.688069541000004,0.23467816700213007,18,3711.130563330296,4,52.19643101473412,3711.130563330296,20,-7258.1076381734865,0.0919|0.7683|0.1398,0.4083|2.3778|2.8614,0.4852|0.5715|0.5222,0.9938|0.9914|0.9486,0:norm;1:norm;2:norm,00:GH(0.912);01:Gauss(0.610);02:Gauss(0.195);10:Gauss(0.493);11:GH(0.859);12:Gauss(-0.839);20:Clayton(0.717);21:Frank(-0.632);22:Gauss(0.895),True,10,4,"Frank: requested |tau|=0.995185 exceeds the largest numerically reachable value 0.994299 (theta=±700); clamping. || Frank.correct_tau: τ=1.0039 outside valid range [-1.0000, 1.0000] — clipped to τ=1.0000. || GH.correct_tau: τ=1.2184 outside valid range [0.0000, 1.0000] — clipped to τ=1.0000.",52.46208718901153,0.4226713532513181,0.4852117775741031,0.7203481214139177,3715.172036339342,0.0919,False
tsnh4,3,pmc_state,impute,0,4552,883,ok,,kmeans,22.36660012500215,0.2212567909991776,17,3721.3671988475417,4,220.68502864991615,3721.3671988475417,20,-7278.580909207978,0.0002|0.5566|0.4432,0.6833|2.1312|2.4587,0.0001|0.9390|0.4988,0.0000|0.9880|0.9845,0:norm;1:norm;2:norm,00:Clayton(0.943);01:Gauss(-0.706);02:Gauss(0.300);10:Gauss(-0.909);11:GH(0.910);12:GH(0.536);20:Gauss(0.300);21:Gauss(0.818);22:Gauss(0.937),True,23,4,Frank: requested |tau|=0.995185 exceeds the largest numerically reachable value 0.994299 (theta=±700); clamping. || ICE iter 2 || Frank: requested |tau|=0.995962 exceeds the largest numerically reachable value 0.994299 (theta=±700); clamping.,42.22545167176577,0.5665641476274165,0.0001,0.7203481214139177,3723.695779646663,0.0002,True
tsnh4,3,pmc_state,impute,1,4552,883,ok,,family-random-1,17.84800924999945,0.22683875000075204,12,3641.664034298579,4,587.8758934839748,3641.664034298579,20,-7119.174580110052,0.0663|0.9335|0.0002,0.3830|2.4285|3.8556,0.3410|0.5977|0.0164,0.9872|0.9990|0.4927,0:norm;1:norm;2:norm,00:Clayton(0.777);01:Frank(-0.708);02:GH(0.742);10:Frank(-0.287);11:GH(0.905);12:Gauss(0.377);20:Clayton(0.749);21:Frank(-0.311);22:Clayton(0.356),True,29,3,"Frank: requested |tau|=0.995185 exceeds the largest numerically reachable value 0.994299 (theta=±700); clamping. || Frank.correct_tau: τ=1.0039 outside valid range [-1.0000, 1.0000] — clipped to τ=1.0000. || GH.correct_tau: τ=1.2184 outside valid range [0.0000, 1.0000] — clipped to τ=1.0000.",121.9286162207286,0.45913884007029876,0.016447797533177617,0.7203481214139177,3641.9272059730874,0.0002,True
tsnh4,3,pmc_state,impute,2,4552,883,ok,,family-random-2,39.529691542000364,0.22366862499984563,28,3660.7316998373594,9,993.2180656730459,3660.7316998373594,20,-7157.309911187614,0.9092|0.0683|0.0225,2.2663|2.4439|2.8568,0.7846|0.5689|0.3534,0.9949|0.9714|0.7058,0:norm;1:norm;2:norm,00:GH(0.933);01:GH(0.506);02:Gauss(0.195);10:GH(0.517);11:Frank(0.740);12:GH(0.830);20:Clayton(0.717);21:Clayton(0.828);22:Gauss(0.862),True,16,9,"Frank: requested |tau|=0.995185 exceeds the largest numerically reachable value 0.994299 (theta=±700); clamping. || Frank.correct_tau: τ=1.0039 outside valid range [-1.0000, 1.0000] — clipped to τ=1.0000. || GH.correct_tau: τ=1.2184 outside valid range [0.0000, 1.0000] — clipped to τ=1.0000.",102.860950681948,0.5281195079086116,0.3533576427650301,0.7203481214139177,3684.0223082840707,0.0225,False
tsnh4,3,pmc_state,sem,0,4552,883,ok,,kmeans,10.325700958997913,0.21175070800018148,30,3680.0377677119454,10,281.05610393175357,3670.7249226992076,20,-7177.29635691131,0.0606|0.8134|0.1259,0.3222|2.3186|2.9530,0.3202|0.6247|0.4494,0.9964|0.9924|0.9529,0:norm;1:norm;2:norm,00:GH(0.896);01:Gauss(0.973);02:Gauss(0.300);10:Frank(0.539);11:GH(0.917);12:Gauss(0.402);20:Gauss(0.300);21:Frank(0.454);22:GH(0.846),True,132,0,Frank: requested |tau|=0.995185 exceeds the largest numerically reachable value 0.994299 (theta=±700); clamping. || Frank: requested |tau|=0.995840 exceeds the largest numerically reachable value 0.994299 (theta=±700); clamping. || Frank: requested |tau|=0.997088 exceeds the largest numerically reachable value 0.994299 (theta=±700); clamping.,92.86772782009984,0.4633128295254833,0.32015178585059173,0.7203481214139177,3704.356432622778,0.0606,False
tsnh4,3,pmc_state,sem,1,4552,883,ok,,family-random-1,7.212858625000081,0.2220061660009378,30,3653.581731839295,10,606.4437348823369,3638.2662600434755,20,-7112.379031599846,0.0000|0.0407|0.9593,0.0000|0.2300|2.3961,0.0001|0.2876|0.6252,0.0000|0.9838|0.9993,0:norm;1:norm;2:norm,00:GH(0.902);01:Frank(-0.313);02:GH(0.742);10:Gauss(0.193);11:GH(0.909);12:Clayton(0.737);20:Clayton(0.749);21:Gauss(0.242);22:Clayton(0.020),True,6,0,"Frank: requested |tau|=0.995185 exceeds the largest numerically reachable value 0.994299 (theta=±700); clamping. || Frank.correct_tau: τ=1.0039 outside valid range [-1.0000, 1.0000] — clipped to τ=1.0000. || GH.correct_tau: τ=1.2184 outside valid range [0.0000, 1.0000] — clipped to τ=1.0000.",125.32639047583189,0.4780316344463972,0.0001,0.7203481214139177,3656.0295426518474,0.0,True
tsnh4,3,pmc_state,sem,2,4552,883,ok,,family-random-2,6.999482750001334,0.22087279100014712,30,3707.8386794521966,9,1083.4165010593595,3709.1253520412583,20,-7254.097215595411,0.0000|0.8607|0.1393,0.0000|2.2615|2.5783,0.0001|0.7739|0.5622,0.0000|0.9923|0.9527,0:norm;1:norm;2:norm,00:GH(0.936);01:GH(0.627);02:Gauss(0.195);10:GH(0.648);11:Gauss(0.850);12:GH(0.537);20:Clayton(0.717);21:Gauss(0.825);22:Gauss(-0.183),True,6,0,"Frank: requested |tau|=0.995185 exceeds the largest numerically reachable value 0.994299 (theta=±700); clamping. || Frank.correct_tau: τ=1.0039 outside valid range [-1.0000, 1.0000] — clipped to τ=1.0000. || GH.correct_tau: τ=1.2184 outside valid range [0.0000, 1.0000] — clipped to τ=1.0000.",54.46729847804909,0.5656854130052724,0.0001,0.7203481214139177,3707.8386794521966,0.0,True
tsnh4,3,pmc_state_gice,available,0,4552,883,ok,,kmeans,7.629142249999859,0.4426253749988973,13,3764.139915893525,3,8.969481791662474,3764.139915893525,21,-7355.918668875589,0.1395|0.5306|0.3299,0.8723|2.3330|2.8004,0.7188|0.5101|0.3861,0.9848|0.9899|0.9901,0:gamma;1:norm;2:norm,00:Gauss(0.894);01:Gauss(0.220);02:Gauss(0.300);10:Frank(-0.839);11:Gauss(0.886);12:GH(0.521);20:Gauss(0.300);21:Frank(0.266);22:Gauss(0.904),True,3,2,Frank: requested |tau|=0.995185 exceeds the largest numerically reachable value 0.994299 (theta=±700); clamping. || ICE iter 3 || ICE iter 9,0.0,1.0,0.386130736555492,0.7203481214139177,3764.283457060661,0.1395,False
tsnh4,3,pmc_state_gice,available,1,4552,883,ok,,family-random-1,6.437767459003226,0.4397110829995654,12,3648.3284241405536,5,108.33081614239336,3648.3284241405536,21,-7124.295685369646,0.0006|0.0896|0.9098,0.7235|2.2530|2.3690,0.0921|0.3771|0.7457,0.1519|0.9681|0.9963,0:norm;1:norm;2:gamma,00:GH(0.912);01:Frank(0.696);02:GH(0.742);10:Frank(0.794);11:GH(0.926);12:Gauss(-0.772);20:Clayton(0.749);21:Clayton(0.602);22:Gauss(0.463),True,19,5,"Frank: requested |tau|=0.995185 exceeds the largest numerically reachable value 0.994299 (theta=±700); clamping. || GH.correct_tau: τ=1.0215 outside valid range [0.0000, 1.0000] — clipped to τ=1.0000. || Gauss.correct_tau: τ=1.7178 outside valid range [-1.0000, 1.0000] — clipped to τ=1.0000.",115.8114917529715,0.5171353251318102,0.09214610990593787,0.7203481214139177,3677.5064689533115,0.0006,True
tsnh4,3,pmc_state_gice,available,2,4552,883,ok,,family-random-2,7.50926329199865,0.44012533299974166,14,3701.861463031435,3,15.447045487331707,3701.861463031435,20,-7239.569437575765,0.0002|0.1956|0.8042,1.9538|2.3003|2.3707,0.0000|0.8687|0.6812,0.0000|0.9485|0.9877,0:norm;1:norm;2:norm,00:GH(0.931);01:Frank(0.802);02:Gauss(0.195);10:GH(0.749);11:Gauss(0.900);12:Gauss(0.976);20:Clayton(0.717);21:Gauss(0.789);22:Clayton(0.190),True,17,3,"Frank: requested |tau|=0.995185 exceeds the largest numerically reachable value 0.994299 (theta=±700); clamping. || GH.correct_tau: τ=1.0215 outside valid range [0.0000, 1.0000] — clipped to τ=1.0000. || Gauss.correct_tau: τ=1.7178 outside valid range [-1.0000, 1.0000] — clipped to τ=1.0000.",62.278452862090035,0.4624340949033392,1e-08,0.7203481214139177,3727.064069262219,0.0002,True
tsnh4,3,pmc_state_gice,impute,0,4552,883,ok,,kmeans,41.034019999999146,0.41413079099947936,14,3695.6408423921853,2,25.39493490375071,3695.6408423921853,20,-7227.128196297265,0.0359|0.4605|0.5036,0.1905|2.2305|2.5029,0.2643|0.6361|0.6601,0.9801|0.9894|0.9889,0:norm;1:norm;2:norm,00:Clayton(0.730);01:Frank(-0.086);02:Gauss(0.300);10:Gauss(-0.295);11:GH(0.910);12:Frank(0.725);20:Gauss(0.300);21:Frank(0.783);22:GH(0.923),True,3,2,Frank: requested |tau|=0.995185 exceeds the largest numerically reachable value 0.994299 (theta=±700); clamping. || ICE iter 9 || ICE iter 10,68.49907350133981,0.5793057996485061,0.26433537949490166,0.7203481214139177,3698.8811121759186,0.0359,False
tsnh4,3,pmc_state_gice,sem,0,4552,883,ok,,kmeans,19.338318875001278,0.418841209000675,30,3684.965028835975,7,102.68085424164337,3707.04031950076,20,-7249.927150514414,0.0000|0.8523|0.1477,0.0000|2.2411|2.4922,0.0010|0.7907|0.8135,0.0000|0.9902|0.9435,0:norm;1:norm;2:norm,00:Clayton(0.778);01:Gauss(0.981);02:Gauss(0.300);10:Frank(-0.843);11:GH(0.936);12:Frank(0.777);20:Gauss(0.300);21:GH(0.648);22:Gauss(0.893),True,3,0,Frank: requested |tau|=0.995185 exceeds the largest numerically reachable value 0.994299 (theta=±700); clamping. || Frank: requested |tau|=0.997899 exceeds the largest numerically reachable value 0.994299 (theta=±700); clamping. || Frank: requested |tau|=0.995007 exceeds the largest numerically reachable value 0.994299 (theta=±700); clamping.,57.09959639276531,0.4303602811950791,0.001,0.7203481214139177,3728.6729302908957,0.0,True
