case,family,fit,seconds,n_iter,gap_nodes,quad_check,quad_check_64,quad_check_tail,quad_ratio,quad_ratio_64,max_diag_tau,lead_gap_fit,lead_gap_cond,min_pi,min_margin_sd,degenerate,pi_sorted,mean_sorted,sd_sorted,stay_sorted,copulas,quad_error_obs,quad_limit_obs,gate_train_n_flag,gate_train_detect,gate_train_false_per_1000,gate_test_n_flag,gate_test_detect,gate_test_false_per_1000,lead_gap_gated,quad_error_gated,quad_limit_gated,ll_train,forecast,n_fits,converged,mask_n_flag,mask_detect,mask_false_per_1000,prescreen_n_flag,prescreen_detect,prescreen_false_per_1000,mu,phi,sigma2,loglik
aotizhongxin__clean,hmc_in_K3,raw,3.88655,22,64,0,0,0,0,0,,0,0,0.280722,0.345495,False,0.2807|0.4127|0.3065,2.6204|4.0961|5.0749,0.6511|0.3593|0.3455,0.9488|0.9379|0.9590,,,,5,,0.762195,14,,6.47249,0,,,-4691.64,True,,,,,,,,,,,,
aotizhongxin__clean,hmc_in_K3,robust,8.80348,22,64,0,0,0,0,0,,0,0,0.280808,0.337801,False,0.2808|0.4141|0.3051,2.6218|4.0980|5.0730,0.6505|0.3595|0.3378,0.9493|0.9377|0.9593,,,,8,,1.21951,19,,8.7841,0,,,,True,4,True,8,,1.21951,,,,,,,
mote20__clean,hmc_in_K3,raw,0.00444888,,64,0,0,0,0,0,,1,1,0.272764,0.913785,False,0.3781|0.2728|0.3492,17.9880|21.3331|25.0975,1.0318|0.9138|1.3611,0.9990|0.9974|0.9990,,,,107,,5.88203,2,,0.320718,1,,,-27687,True,,,,,,,,,,,,
mote20__clean,hmc_in_K3,robust,13.3778,3,64,0,0,0,0,0,,1,1,0.284121,0.953485,False,0.3776|0.2841|0.3383,17.9859|21.3913|25.0284,1.0306|0.9535|1.0776,0.9990|0.9975|0.9990,,,,164,,9.01545,92,,14.753,1,,,,True,5,True,164,,9.01545,,,,,,,
tsnh4__clean,hmc_in_K3,raw,0.523897,16,64,0,0,0,0,0,,0,0,0.247436,0.235829,False,0.2474|0.3265|0.4260,0.9373|2.1681|2.9666,0.5256|0.2358|0.2833,0.9846|0.9686|0.9849,,,,1,,0.292912,0,,0,0,,,-1111.59,True,,,,,,,,,,,,
tsnh4__clean,hmc_in_K3,robust,1.61391,16,64,0,0,0,0,0,,0,0,0.246971,0.235865,False,0.2470|0.3266|0.4264,0.9371|2.1675|2.9662,0.5256|0.2359|0.2835,0.9859|0.9696|0.9849,,,,1,,0.292912,0,,0,0,,,,True,2,True,1,,0.292912,,,,,,,
aotizhongxin__spikes_r0.01_k6_s0,hmc_in_K3,raw,0.606242,10,64,0,0,0,0,0,,0,0,0.0108222,0.522253,False,0.3917|0.5975|0.0108,2.9373|4.6638|10.6652,0.7521|0.5223|0.9800,0.9565|0.9649|0.0000,,,,1,0,0.154107,0,0,0,0,,,-7004.92,True,,,,,,,,,,,,
aotizhongxin__spikes_r0.01_k6_s0,hmc_in_K3,robust,1.90543,10,64,0,0,0,0,0,,0,0,0.0108236,0.521955,False,0.3921|0.5971|0.0108,2.9393|4.6645|10.6652,0.7518|0.5220|0.9800,0.9570|0.9651|0.0000,,,,1,0,0.154107,0,0,0,0,,,,True,2,True,1,0,0.154107,,,,,,,
aotizhongxin__spikes_r0.01_k6_s0,hmc_in_K3,hampel,9.30336,22,64,0,0,0,0,0,,0,0,0.281267,0.338258,False,0.2813|0.4141|0.3047,2.6225|4.0997|5.0745,0.6515|0.3598|0.3383,0.9493|0.9377|0.9594,,,,79,1,1.23286,35,1,8.3877,0,,,,True,4,True,79,1,1.23286,109,0.943662,6.47249,,,,
mote20__raw,hmc_in_K3,raw,4.29765,11,64,0,0,0,0,0,,1,1,0.217758,0.712719,False,0.4424|0.2178|0.3398,18.2754|21.7600|25.1513,1.6389|0.7127|1.3370,0.9989|0.9967|0.9988,,,,112,1,5.99197,4,,0.641437,1,,,-30317.2,True,,,,,,,,,,,,
mote20__raw,hmc_in_K3,robust,11.3009,3,64,0,0,0,0,0,,1,1,0.284121,0.953485,False,0.3776|0.2841|0.3383,17.9859|21.3913|25.0284,1.0306|0.9535|1.0776,0.9990|0.9975|0.9990,,,,167,1,9.01545,92,,14.753,1,,,,True,5,True,167,1,9.01545,,,,,,,
mote20__raw,hmc_in_K3,hampel,10.9516,3,64,0,0,0,0,0,,1,1,0.284121,0.953485,False,0.3776|0.2841|0.3383,17.9859|21.3913|25.0284,1.0306|0.9535|1.0776,0.9990|0.9975|0.9990,,,,167,1,9.01545,92,,14.753,1,,,,True,5,True,167,1,9.01545,116,1,6.21186,,,,
aotizhongxin__spikes_r0.01_k6_s1,hmc_in_K3,raw,0.669537,10,64,0,0,0,0,0,,0,0,0.00975974,0.51168,False,0.4059|0.5843|0.0098,2.9756|4.6840|10.3087,0.7576|0.5117|1.2393,0.9545|0.9678|0.0000,,,,1,0,0.153941,0,0,0,0,,,-6961.69,True,,,,,,,,,,,,
aotizhongxin__spikes_r0.01_k6_s1,hmc_in_K3,robust,2.2708,10,64,0,0,0,0,0,,0,0,0.00976046,0.511573,False,0.4060|0.5842|0.0098,2.9768|4.6843|10.3088,0.7571|0.5116|1.2392,0.9549|0.9681|0.0000,,,,1,0,0.153941,0,0,0,0,,,,True,2,True,1,0,0.153941,,,,,,,
aotizhongxin__spikes_r0.01_k6_s1,hmc_in_K3,hampel,6.63059,22,64,0,0,0,0,0,,0,0,0.281088,0.339131,False,0.2811|0.4131|0.3058,2.6260|4.0976|5.0715,0.6499|0.3590|0.3391,0.9492|0.9373|0.9593,,,,72,1,1.23153,42,1,8.41515,0,,,,True,4,True,72,1,1.23153,109,0.953125,7.38916,,,,
aotizhongxin__spikes_r0.01_k6_s2,hmc_in_K3,raw,0.707911,12,64,0,0,0,0,0,,0,0,0.0092968,0.513183,False,0.4047|0.5860|0.0093,2.9673|4.6820|10.5374,0.7594|0.5132|0.9804,0.9554|0.9678|0.0000,,,,4,0.0491803,0.15387,4,0.148148,0,0,,,-6944.62,True,,,,,,,,,,,,
aotizhongxin__spikes_r0.01_k6_s2,hmc_in_K3,robust,7.09366,12,64,0,0,0,0,0,,0,0,0.00762432,0.511597,False,0.4072|0.5852|0.0076,2.9741|4.6854|10.2453,0.7603|0.5116|0.8282,0.9559|0.9711|0.0000,,,,12,0.180328,0.15387,10,0.37037,0,0,,,,True,7,True,12,0.180328,0.15387,,,,,,,
aotizhongxin__spikes_r0.01_k6_s2,hmc_in_K3,hampel,7.77131,22,64,0,0,0,0,0,,0,0,0.2803,0.337689,False,0.2803|0.4139|0.3058,2.6193|4.0958|5.0720,0.6513|0.3603|0.3377,0.9493|0.9376|0.9593,,,,69,1,1.23096,45,1,8.42697,0,,,,True,3,True,69,1,1.23096,111,1,7.69349,,,,
aotizhongxin__spikes_r0.05_k6_s0,hmc_in_K3,raw,0.444236,7,64,0,0,0,0,0,,0,0,0.0490789,0.532218,False,0.3598|0.5911|0.0491,2.8982|4.6393|10.5367,0.7445|0.5322|1.0639,0.9174|0.9309|0.0000,,,,1,0,0.160308,0,0,0,0,,,-8087.34,True,,,,,,,,,,,,
aotizhongxin__spikes_r0.05_k6_s0,hmc_in_K3,robust,2.12204,7,64,0,0,0,0,0,,0,0,0.0490791,0.532196,False,0.3597|0.5912|0.0491,2.8991|4.6394|10.5367,0.7439|0.5322|1.0639,0.9179|0.9310|0.0000,,,,1,0,0.160308,0,0,0,0,,,,True,2,True,1,0,0.160308,,,,,,,
aotizhongxin__spikes_r0.05_k6_s0,hmc_in_K3,hampel,8.42264,23,64,0,0,0,0,0,,0,0,0.281395,0.337361,False,0.2814|0.4136|0.3050,2.6249|4.0991|5.0712,0.6563|0.3599|0.3374,0.9500|0.9384|0.9596,,,,329,1,1.12215,136,1,9.7704,0,,,,True,4,True,329,1,1.12215,349,0.965839,6.0917,,,,
aotizhongxin__spikes_r0.05_k6_s1,hmc_in_K3,raw,0.641606,9,64,0,0,0,0,0,,0,0,0.0514953,0.522991,False,0.3768|0.5717|0.0515,2.9395|4.6674|10.5244,0.7525|0.5230|1.0119,0.9200|0.9245|0.0000,,,,0,0,0,0,0,0,0,,,-8127.56,True,,,,,,,,,,,,
aotizhongxin__spikes_r0.05_k6_s1,hmc_in_K3,robust,1.04363,9,64,0,0,0,0,0,,0,0,0.0514953,0.522991,False,0.3768|0.5717|0.0515,2.9395|4.6674|10.5244,0.7525|0.5230|1.0119,0.9200|0.9245|0.0000,,,,0,0,0,0,0,0,0,,,,True,1,True,0,0,0,,,,,,,
aotizhongxin__spikes_r0.05_k6_s1,hmc_in_K3,hampel,7.82178,20,64,0,0,0,0,0,,0,0,0.277706,0.340665,False,0.2777|0.4159|0.3064,2.6078|4.0894|5.0715,0.6455|0.3629|0.3407,0.9495|0.9388|0.9600,,,,344,1,0.96432,117,1,8.24043,0,,,,True,4,True,344,1,0.96432,358,0.967456,4.98232,,,,
aotizhongxin__spikes_r0.05_k6_s2,hmc_in_K3,raw,0.772076,8,64,0,0,0,0,0,,0,0,0.0525812,0.527704,False,0.3683|0.5791|0.0526,2.9215|4.6531|10.5458,0.7492|0.5277|1.0447,0.9135|0.9237|0.0000,,,,1,0,0.160901,0,0,0,0,,,-8199.87,True,,,,,,,,,,,,
aotizhongxin__spikes_r0.05_k6_s2,hmc_in_K3,robust,2.18954,8,64,0,0,0,0,0,,0,0,0.0525871,0.527664,False,0.3683|0.5791|0.0526,2.9227|4.6533|10.5458,0.7487|0.5277|1.0447,0.9140|0.9241|0.0000,,,,1,0,0.160901,0,0,0,0,,,,True,2,True,1,0,0.160901,,,,,,,
aotizhongxin__spikes_r0.05_k6_s2,hmc_in_K3,hampel,9.28039,23,64,0,0,0,0,0,,0,0,0.282304,0.337459,False,0.2823|0.4144|0.3033,2.6252|4.1019|5.0756,0.6512|0.3605|0.3375,0.9499|0.9391|0.9600,,,,352,1,1.12631,110,1,8.21256,0,,,,True,5,True,352,1,1.12631,373,0.956522,6.91874,,,,
fix_hmc_in_gauss_k2__r0.00_k6_rep0,hmc_in_K2,true,,,64,0,0,0,0,0,,0,0,0.5,1,False,0.5000|0.5000,-1.0000|1.0000,1.0000|1.0000,0.9000|0.9000,,,,0,,0,2,,2,0,,,,,,,,,,,,,,,,
fix_hmc_in_gauss_k2__r0.00_k6_rep0,hmc_in_K2,clean,0.0430498,3,64,0,0,0,0,0,,0,0,0.499952,1.00686,False,0.5000|0.5000,-1.0057|0.9742,1.0069|1.0133,0.8990|0.8990,,,,,,,,,,,,,,,,,,,,,,,,,,
fix_hmc_in_gauss_k2__r0.00_k6_rep0,hmc_in_K2,raw,0.0528525,3,64,0,0,0,0,0,,0,0,0.499952,1.00686,False,0.5000|0.5000,-1.0057|0.9742,1.0069|1.0133,0.8990|0.8990,,,,0,,0,2,,2,0,,,,,,,,,,,,,,,,
fix_hmc_in_gauss_k2__r0.00_k6_rep0,hmc_in_K2,robust,0.163371,3,64,0,0,0,0,0,,0,0,0.499952,1.00686,False,0.5000|0.5000,-1.0057|0.9742,1.0069|1.0133,0.8990|0.8990,,,,0,,0,2,,2,0,,,,,1,True,0,,0,,,,,,,
fix_hmc_in_gauss_k2__r0.00_k6_rep0,hmc_in_K2,hampel,0.320572,3,64,0,0,0,0,0,,0,0,0.499952,1.00686,False,0.5000|0.5000,-1.0057|0.9742,1.0069|1.0133,0.8990|0.8990,,,,0,,0,2,,2,0,,,,,2,True,0,,0,25,,12.5,,,,
fix_hmc_in_gauss_k2__r0.00_k6_rep0,ar1,raw,0.00121096,,,,,,,,,,,,,,,,,,,,,1,,0.5,1,,1,,,,,,,,,,,,,,-0.0158644,0.38051,1.71045,-3374.72
fix_hmc_in_gauss_k2__r0.00_k6_rep0,ar1,robust,0.367339,,,,,,,,,,,,,,,,,,,,,,,,1,,1,,,,,,2,True,1,,0.5,,,,-0.0178021,0.382026,1.7026,-3368.5
fix_hmc_in_gauss_k2__r0.00_k6_rep1,hmc_in_K2,true,,,64,0,0,0,0,0,,0,0,0.5,1,False,0.5000|0.5000,-1.0000|1.0000,1.0000|1.0000,0.9000|0.9000,,,,3,,1.5,1,,1,0,,,,,,,,,,,,,,,,
fix_hmc_in_gauss_k2__r0.00_k6_rep1,hmc_in_K2,clean,0.0505235,3,64,0,0,0,0,0,,0,0,0.479312,0.972992,False,0.5207|0.4793,-1.0075|1.0204,0.9730|1.0004,0.8985|0.8897,,,,,,,,,,,,,,,,,,,,,,,,,,
fix_hmc_in_gauss_k2__r0.00_k6_rep1,hmc_in_K2,raw,0.0471376,3,64,0,0,0,0,0,,0,0,0.479312,0.972992,False,0.5207|0.4793,-1.0075|1.0204,0.9730|1.0004,0.8985|0.8897,,,,3,,1.5,1,,1,0,,,,,,,,,,,,,,,,
fix_hmc_in_gauss_k2__r0.00_k6_rep1,hmc_in_K2,robust,0.357238,3,64,0,0,0,0,0,,0,0,0.47929,0.968614,False,0.5207|0.4793,-1.0051|1.0140,0.9686|0.9917,0.8989|0.8901,,,,3,,1.5,1,,1,0,,,,,2,True,3,,1.5,,,,,,,
fix_hmc_in_gauss_k2__r0.00_k6_rep1,hmc_in_K2,hampel,0.423754,3,64,0,0,0,0,0,,0,0,0.47929,0.968614,False,0.5207|0.4793,-1.0051|1.0140,0.9686|0.9917,0.8989|0.8901,,,,3,,1.5,1,,1,0,,,,,2,True,3,,1.5,18,,9,,,,
fix_hmc_in_gauss_k2__r0.00_k6_rep1,ar1,raw,0.00160358,,,,,,,,,,,,,,,,,,,,,3,,1.5,0,,0,,,,,,,,,,,,,,-0.0345721,0.394714,1.6874,-3361.15
fix_hmc_in_gauss_k2__r0.00_k6_rep1,ar1,robust,0.282636,,,,,,,,,,,,,,,,,,,,,,,,0,,0,,,,,,2,True,3,,1.5,,,,-0.0370282,0.400436,1.65971,-3339.8
fix_hmc_in_gauss_k2__r0.00_k6_rep2,hmc_in_K2,true,,,64,0,0,0,0,0,,0,0,0.5,1,False,0.5000|0.5000,-1.0000|1.0000,1.0000|1.0000,0.9000|0.9000,,,,5,,2.5,2,,2,0,,,,,,,,,,,,,,,,
fix_hmc_in_gauss_k2__r0.00_k6_rep2,hmc_in_K2,clean,0.0611947,3,64,0,0,0,0,0,,0,0,0.492105,1.00693,False,0.5079|0.4921,-1.0107|0.9791,1.0069|1.0248,0.9042|0.9011,,,,,,,,,,,,,,,,,,,,,,,,,,
fix_hmc_in_gauss_k2__r0.00_k6_rep2,hmc_in_K2,raw,0.0367563,3,64,0,0,0,0,0,,0,0,0.492105,1.00693,False,0.5079|0.4921,-1.0107|0.9791,1.0069|1.0248,0.9042|0.9011,,,,5,,2.5,1,,1,0,,,,,,,,,,,,,,,,
fix_hmc_in_gauss_k2__r0.00_k6_rep2,hmc_in_K2,robust,0.501229,3,64,0,0,0,0,0,,0,0,0.49339,0.98824,False,0.5066|0.4934,-1.0058|0.9739,0.9882|1.0144,0.9034|0.9008,,,,5,,2.5,1,,1,0,,,,,2,True,5,,2.5,,,,,,,
fix_hmc_in_gauss_k2__r0.00_k6_rep2,hmc_in_K2,hampel,0.323164,3,64,0,0,0,0,0,,0,0,0.49339,0.98824,False,0.5066|0.4934,-1.0058|0.9739,0.9882|1.0144,0.9034|0.9008,,,,5,,2.5,1,,1,0,,,,,2,True,5,,2.5,20,,10,,,,
fix_hmc_in_gauss_k2__r0.00_k6_rep2,ar1,raw,0.00102325,,,,,,,,,,,,,,,,,,,,,2,,1,1,,1,,,,,,,,,,,,,,-0.0315441,0.385316,1.721,-3380.86
fix_hmc_in_gauss_k2__r0.00_k6_rep2,ar1,robust,0.266784,,,,,,,,,,,,,,,,,,,,,,,,1,,1,,,,,,2,True,2,,1,,,,-0.0270167,0.393171,1.698,-3364.19
fix_hmc_in_gauss_k2__r0.00_k6_rep3,hmc_in_K2,true,,,64,0,0,0,0,0,,0,0,0.5,1,False,0.5000|0.5000,-1.0000|1.0000,1.0000|1.0000,0.9000|0.9000,,,,1,,0.5,2,,2,0,,,,,,,,,,,,,,,,
fix_hmc_in_gauss_k2__r0.00_k6_rep3,hmc_in_K2,clean,0.043623,3,64,0,0,0,0,0,,0,0,0.480363,0.968844,False,0.4804|0.5196,-0.9670|0.9926,0.9688|0.9969,0.8860|0.8946,,,,,,,,,,,,,,,,,,,,,,,,,,
fix_hmc_in_gauss_k2__r0.00_k6_rep3,hmc_in_K2,raw,0.0402095,3,64,0,0,0,0,0,,0,0,0.480363,0.968844,False,0.4804|0.5196,-0.9670|0.9926,0.9688|0.9969,0.8860|0.8946,,,,1,,0.5,3,,3,0,,,,,,,,,,,,,,,,
fix_hmc_in_gauss_k2__r0.00_k6_rep3,hmc_in_K2,robust,0.21541,3,64,0,0,0,0,0,,0,0,0.479877,0.965215,False,0.4799|0.5201,-0.9646|0.9930,0.9652|0.9964,0.8872|0.8960,,,,1,,0.5,4,,4,0,,,,,2,True,1,,0.5,,,,,,,
fix_hmc_in_gauss_k2__r0.00_k6_rep3,hmc_in_K2,hampel,0.245043,3,64,0,0,0,0,0,,0,0,0.479877,0.965215,False,0.4799|0.5201,-0.9646|0.9930,0.9652|0.9964,0.8872|0.8960,,,,1,,0.5,4,,4,0,,,,,2,True,1,,0.5,14,,7,,,,
fix_hmc_in_gauss_k2__r0.00_k6_rep3,ar1,raw,0.00438608,,,,,,,,,,,,,,,,,,,,,0,,0,1,,1,,,,,,,,,,,,,,0.0506528,0.385883,1.63904,-3332.07
fix_hmc_in_gauss_k2__r0.00_k6_rep3,ar1,robust,0.248652,,,,,,,,,,,,,,,,,,,,,,,,1,,1,,,,,,1,True,0,,0,,,,0.0506528,0.385883,1.63904,-3332.07
fix_hmc_in_gauss_k2__r0.00_k6_rep4,hmc_in_K2,true,,,64,0,0,0,0,0,,0,0,0.5,1,False,0.5000|0.5000,-1.0000|1.0000,1.0000|1.0000,0.9000|0.9000,,,,0,,0,1,,1,0,,,,,,,,,,,,,,,,
fix_hmc_in_gauss_k2__r0.00_k6_rep4,hmc_in_K2,clean,0.0990347,4,64,0,0,0,0,0,,0,0,0.482153,0.973886,False,0.4822|0.5178,-1.0262|0.9581,0.9739|1.0243,0.8970|0.9041,,,,,,,,,,,,,,,,,,,,,,,,,,
fix_hmc_in_gauss_k2__r0.00_k6_rep4,hmc_in_K2,raw,0.0679296,4,64,0,0,0,0,0,,0,0,0.482153,0.973886,False,0.4822|0.5178,-1.0262|0.9581,0.9739|1.0243,0.8970|0.9041,,,,0,,0,1,,1,0,,,,,,,,,,,,,,,,
fix_hmc_in_gauss_k2__r0.00_k6_rep4,hmc_in_K2,robust,0.129262,4,64,0,0,0,0,0,,0,0,0.482153,0.973886,False,0.4822|0.5178,-1.0262|0.9581,0.9739|1.0243,0.8970|0.9041,,,,0,,0,1,,1,0,,,,,1,True,0,,0,,,,,,,
fix_hmc_in_gauss_k2__r0.00_k6_rep4,hmc_in_K2,hampel,0.356274,4,64,0,0,0,0,0,,0,0,0.482153,0.973886,False,0.4822|0.5178,-1.0262|0.9581,0.9739|1.0243,0.8970|0.9041,,,,0,,0,1,,1,0,,,,,2,True,0,,0,26,,13,,,,
fix_hmc_in_gauss_k2__r0.00_k6_rep4,ar1,raw,0.00124175,,,,,,,,,,,,,,,,,,,,,0,,0,0,,0,,,,,,,,,,,,,,0.00192929,0.390603,1.68088,-3357.27
fix_hmc_in_gauss_k2__r0.00_k6_rep4,ar1,robust,0.164524,,,,,,,,,,,,,,,,,,,,,,,,0,,0,,,,,,1,True,0,,0,,,,0.00192929,0.390603,1.68088,-3357.27
fix_hmc_in_gauss_k2__r0.00_k6_rep5,hmc_in_K2,true,,,64,0,0,0,0,0,,0,0,0.5,1,False,0.5000|0.5000,-1.0000|1.0000,1.0000|1.0000,0.9000|0.9000,,,,2,,1,1,,1,0,,,,,,,,,,,,,,,,
fix_hmc_in_gauss_k2__r0.00_k6_rep5,hmc_in_K2,clean,0.0507293,3,64,0,0,0,0,0,,0,0,0.485855,0.959005,False,0.5141|0.4859,-1.0124|0.9593,0.9899|0.9590,0.9058|0.9003,,,,,,,,,,,,,,,,,,,,,,,,,,
fix_hmc_in_gauss_k2__r0.00_k6_rep5,hmc_in_K2,raw,0.0383346,3,64,0,0,0,0,0,,0,0,0.485855,0.959005,False,0.5141|0.4859,-1.0124|0.9593,0.9899|0.9590,0.9058|0.9003,,,,2,,1,1,,1,0,,,,,,,,,,,,,,,,
fix_hmc_in_gauss_k2__r0.00_k6_rep5,hmc_in_K2,robust,0.397217,3,64,0,0,0,0,0,,0,0,0.485956,0.953259,False,0.5140|0.4860,-1.0079|0.9579,0.9780|0.9533,0.9050|0.8995,,,,3,,1.5,1,,1,0,,,,,3,True,3,,1.5,,,,,,,
fix_hmc_in_gauss_k2__r0.00_k6_rep5,hmc_in_K2,hampel,0.276728,3,64,0,0,0,0,0,,0,0,0.485956,0.953259,False,0.5140|0.4860,-1.0079|0.9579,0.9780|0.9533,0.9050|0.8995,,,,3,,1.5,1,,1,0,,,,,2,True,3,,1.5,21,,10.5,,,,
fix_hmc_in_gauss_k2__r0.00_k6_rep5,ar1,raw,0.0008705,,,,,,,,,,,,,,,,,,,,,2,,1,1,,1,,,,,,,,,,,,,,-0.0544508,0.39321,1.62478,-3323.34
fix_hmc_in_gauss_k2__r0.00_k6_rep5,ar1,robust,0.214188,,,,,,,,,,,,,,,,,,,,,,,,1,,1,,,,,,2,True,2,,1,,,,-0.0541444,0.398162,1.60599,-3308.54
fix_hmc_in_gauss_k2__r0.00_k6_rep6,hmc_in_K2,true,,,64,0,0,0,0,0,,0,0,0.5,1,False,0.5000|0.5000,-1.0000|1.0000,1.0000|1.0000,0.9000|0.9000,,,,2,,1,0,,0,0,,,,,,,,,,,,,,,,
fix_hmc_in_gauss_k2__r0.00_k6_rep6,hmc_in_K2,clean,0.0444006,3,64,0,0,0,0,0,,0,0,0.494782,1.01586,False,0.4948|0.5052,-1.0114|0.9684,1.0299|1.0159,0.9017|0.9037,,,,,,,,,,,,,,,,,,,,,,,,,,
fix_hmc_in_gauss_k2__r0.00_k6_rep6,hmc_in_K2,raw,0.0581176,3,64,0,0,0,0,0,,0,0,0.494782,1.01586,False,0.4948|0.5052,-1.0114|0.9684,1.0299|1.0159,0.9017|0.9037,,,,0,,0,0,,0,0,,,,,,,,,,,,,,,,
fix_hmc_in_gauss_k2__r0.00_k6_rep6,hmc_in_K2,robust,0.123024,3,64,0,0,0,0,0,,0,0,0.494782,1.01586,False,0.4948|0.5052,-1.0114|0.9684,1.0299|1.0159,0.9017|0.9037,,,,0,,0,0,,0,0,,,,,1,True,0,,0,,,,,,,
fix_hmc_in_gauss_k2__r0.00_k6_rep6,hmc_in_K2,hampel,0.611808,3,64,0,0,0,0,0,,0,0,0.494782,1.01586,False,0.4948|0.5052,-1.0114|0.9684,1.0299|1.0159,0.9017|0.9037,,,,0,,0,0,,0,0,,,,,3,True,0,,0,21,,10.5,,,,
fix_hmc_in_gauss_k2__r0.00_k6_rep6,ar1,raw,0.00126433,,,,,,,,,,,,,,,,,,,,,0,,0,0,,0,,,,,,,,,,,,,,-0.0107429,0.399782,1.70178,-3369.64
fix_hmc_in_gauss_k2__r0.00_k6_rep6,ar1,robust,0.296357,,,,,,,,,,,,,,,,,,,,,,,,0,,0,,,,,,1,True,0,,0,,,,-0.0107429,0.399782,1.70178,-3369.64
fix_hmc_in_gauss_k2__r0.00_k6_rep7,hmc_in_K2,true,,,64,0,0,0,0,0,,0,0,0.5,1,False,0.5000|0.5000,-1.0000|1.0000,1.0000|1.0000,0.9000|0.9000,,,,3,,1.5,2,,2,0,,,,,,,,,,,,,,,,
fix_hmc_in_gauss_k2__r0.00_k6_rep7,hmc_in_K2,clean,0.0399695,3,64,0,0,0,0,0,,0,0,0.499949,1.00948,False,0.5001|0.4999,-0.9833|1.0178,1.0333|1.0095,0.8937|0.8936,,,,,,,,,,,,,,,,,,,,,,,,,,
fix_hmc_in_gauss_k2__r0.00_k6_rep7,hmc_in_K2,raw,0.0404613,3,64,0,0,0,0,0,,0,0,0.499949,1.00948,False,0.5001|0.4999,-0.9833|1.0178,1.0333|1.0095,0.8937|0.8936,,,,2,,1,1,,1,0,,,,,,,,,,,,,,,,
fix_hmc_in_gauss_k2__r0.00_k6_rep7,hmc_in_K2,robust,0.307073,3,64,0,0,0,0,0,,0,0,0.499639,1.00944,False,0.4996|0.5004,-0.9779|1.0182,1.0232|1.0094,0.8934|0.8935,,,,2,,1,1,,1,0,,,,,2,True,2,,1,,,,,,,
fix_hmc_in_gauss_k2__r0.00_k6_rep7,hmc_in_K2,hampel,0.473679,3,64,0,0,0,0,0,,0,0,0.499639,1.00944,False,0.4996|0.5004,-0.9779|1.0182,1.0232|1.0094,0.8934|0.8935,,,,2,,1,1,,1,0,,,,,2,True,2,,1,13,,6.5,,,,
fix_hmc_in_gauss_k2__r0.00_k6_rep7,ar1,raw,0.00210208,,,,,,,,,,,,,,,,,,,,,1,,0.5,1,,1,,,,,,,,,,,,,,0.0186272,0.384368,1.7425,-3393.3
fix_hmc_in_gauss_k2__r0.00_k6_rep7,ar1,robust,0.32925,,,,,,,,,,,,,,,,,,,,,,,,1,,1,,,,,,2,True,1,,0.5,,,,0.0207847,0.387258,1.73269,-3386.01
fix_hmc_in_gauss_k2__r0.00_k6_rep8,hmc_in_K2,true,,,64,0,0,0,0,0,,0,0,0.5,1,False,0.5000|0.5000,-1.0000|1.0000,1.0000|1.0000,0.9000|0.9000,,,,2,,1,3,,3,0,,,,,,,,,,,,,,,,
fix_hmc_in_gauss_k2__r0.00_k6_rep8,hmc_in_K2,clean,0.0699559,3,64,0,0,0,0,0,,0,0,0.475914,0.991501,False,0.4759|0.5241,-1.0613|1.0133,0.9933|0.9915,0.8944|0.9041,,,,,,,,,,,,,,,,,,,,,,,,,,
fix_hmc_in_gauss_k2__r0.00_k6_rep8,hmc_in_K2,raw,0.05863,3,64,0,0,0,0,0,,0,0,0.475914,0.991501,False,0.4759|0.5241,-1.0613|1.0133,0.9933|0.9915,0.8944|0.9041,,,,1,,0.5,3,,3,0,,,,,,,,,,,,,,,,
fix_hmc_in_gauss_k2__r0.00_k6_rep8,hmc_in_K2,robust,0.467108,3,64,0,0,0,0,0,,0,0,0.476255,0.987475,False,0.4763|0.5237,-1.0614|1.0111,0.9933|0.9875,0.8944|0.9040,,,,1,,0.5,3,,3,0,,,,,2,True,1,,0.5,,,,,,,
fix_hmc_in_gauss_k2__r0.00_k6_rep8,hmc_in_K2,hampel,0.480068,3,64,0,0,0,0,0,,0,0,0.476189,0.987386,False,0.4762|0.5238,-1.0586|1.0113,0.9875|0.9874,0.8942|0.9038,,,,2,,1,3,,3,0,,,,,2,True,2,,1,12,,6,,,,
fix_hmc_in_gauss_k2__r0.00_k6_rep8,ar1,raw,0.001114,,,,,,,,,,,,,,,,,,,,,2,,1,0,,0,,,,,,,,,,,,,,0.026885,0.402069,1.7253,-3383.36
fix_hmc_in_gauss_k2__r0.00_k6_rep8,ar1,robust,0.320007,,,,,,,,,,,,,,,,,,,,,,,,0,,0,,,,,,2,True,2,,1,,,,0.0228738,0.406464,1.7086,-3370.44
fix_hmc_in_gauss_k2__r0.00_k6_rep9,hmc_in_K2,true,,,64,0,0,0,0,0,,0,0,0.5,1,False,0.5000|0.5000,-1.0000|1.0000,1.0000|1.0000,0.9000|0.9000,,,,3,,1.5,0,,0,0,,,,,,,,,,,,,,,,
fix_hmc_in_gauss_k2__r0.00_k6_rep9,hmc_in_K2,clean,0.0888205,4,64,0,0,0,0,0,,0,0,0.467365,0.946016,False,0.4674|0.5326,-1.0527|0.9803,0.9653|0.9460,0.8923|0.9055,,,,,,,,,,,,,,,,,,,,,,,,,,
fix_hmc_in_gauss_k2__r0.00_k6_rep9,hmc_in_K2,raw,0.106708,4,64,0,0,0,0,0,,0,0,0.467365,0.946016,False,0.4674|0.5326,-1.0527|0.9803,0.9653|0.9460,0.8923|0.9055,,,,4,,2,0,,0,0,,,,,,,,,,,,,,,,
fix_hmc_in_gauss_k2__r0.00_k6_rep9,hmc_in_K2,robust,0.797168,4,64,0,0,0,0,0,,0,0,0.46795,0.929242,False,0.4679|0.5321,-1.0475|0.9744,0.9563|0.9292,0.8917|0.9048,,,,5,,2.5,0,,0,0,,,,,3,True,5,,2.5,,,,,,,
fix_hmc_in_gauss_k2__r0.00_k6_rep9,hmc_in_K2,hampel,0.494069,4,64,0,0,0,0,0,,0,0,0.46795,0.929242,False,0.4679|0.5321,-1.0475|0.9744,0.9563|0.9292,0.8917|0.9048,,,,5,,2.5,0,,0,0,,,,,2,True,5,,2.5,15,,7.5,,,,
fix_hmc_in_gauss_k2__r0.00_k6_rep9,ar1,raw,0.00548033,,,,,,,,,,,,,,,,,,,,,3,,1.5,0,,0,,,,,,,,,,,,,,0.0298007,0.453682,1.54158,-3270.79
fix_hmc_in_gauss_k2__r0.00_k6_rep9,ar1,robust,0.324493,,,,,,,,,,,,,,,,,,,,,,,,0,,0,,,,,,2,True,3,,1.5,,,,0.0278396,0.458189,1.52159,-3253.15
fix_hmc_in_gauss_k2__r0.01_k6_rep0,hmc_in_K2,true,,,64,0,0,0,0,0,,0,0,0.5,1,False,0.5000|0.5000,-1.0000|1.0000,1.0000|1.0000,0.9000|0.9000,,,,20,1,0,12,1,2.0202,0,,,,,,,,,,,,,,,,
fix_hmc_in_gauss_k2__r0.01_k6_rep0,hmc_in_K2,clean,0.0987536,3,64,0,0,0,0,0,,0,0,0.499952,1.00686,False,0.5000|0.5000,-1.0057|0.9742,1.0069|1.0133,0.8990|0.8990,,,,,,,,,,,,,,,,,,,,,,,,,,
fix_hmc_in_gauss_k2__r0.01_k6_rep0,hmc_in_K2,raw,0.176054,7,64,0,0,0,0,0,,0,0,0.432761,0.997506,False,0.4328|0.5672,-1.0142|0.8959,0.9975|1.5966,0.9029|0.9259,,,,20,1,0,10,1,0,0,,,,,,,,,,,,,,,,
fix_hmc_in_gauss_k2__r0.01_k6_rep0,hmc_in_K2,robust,0.576863,3,64,0,0,0,0,0,,0,0,0.499902,1.0076,False,0.5001|0.4999,-1.0115|0.9703,1.0076|1.0157,0.8994|0.8994,,,,20,1,0,12,1,2.0202,0,,,,,2,True,20,1,0,,,,,,,
fix_hmc_in_gauss_k2__r0.01_k6_rep0,hmc_in_K2,hampel,0.475327,3,64,0,0,0,0,0,,0,0,0.499902,1.0076,False,0.5001|0.4999,-1.0115|0.9703,1.0076|1.0157,0.8994|0.8994,,,,20,1,0,12,1,2.0202,0,,,,,2,True,20,1,0,39,0.85,11.1111,,,,
fix_hmc_in_gauss_k2__r0.01_k6_rep0,ar1,raw,0.00715096,,,,,,,,,,,,,,,,,,,,,20,1,0,10,1,0,,,,,,,,,,,,,,0.0692626,0.272058,2.56689,-3780.61
fix_hmc_in_gauss_k2__r0.01_k6_rep0,ar1,robust,0.665077,,,,,,,,,,,,,,,,,,,,,,,,11,1,1.0101,,,,,,3,True,21,1,0.505051,,,,-0.0210368,0.381682,1.7086,-3339.63
fix_hmc_in_gauss_k2__r0.01_k6_rep1,hmc_in_K2,true,,,64,0,0,0,0,0,,0,0,0.5,1,False,0.5000|0.5000,-1.0000|1.0000,1.0000|1.0000,0.9000|0.9000,,,,26,1,1.51745,8,1,1.00705,0,,,,,,,,,,,,,,,,
fix_hmc_in_gauss_k2__r0.01_k6_rep1,hmc_in_K2,clean,0.0531743,3,64,0,0,0,0,0,,0,0,0.479312,0.972992,False,0.5207|0.4793,-1.0075|1.0204,0.9730|1.0004,0.8985|0.8897,,,,,,,,,,,,,,,,,,,,,,,,,,
fix_hmc_in_gauss_k2__r0.01_k6_rep1,hmc_in_K2,raw,0.138522,6,64,0,0,0,0,0,,0,0,0.477061,0.979941,False,0.4771|0.5229,-0.9791|1.0097,0.9799|1.5587,0.8952|0.9044,,,,23,1,0,7,1,0,0,,,,,,,,,,,,,,,,
fix_hmc_in_gauss_k2__r0.01_k6_rep1,hmc_in_K2,robust,0.799153,3,64,0,0,0,0,0,,0,0,0.480079,0.968661,False,0.5199|0.4801,-1.0000|1.0163,0.9687|0.9910,0.8994|0.8911,,,,26,1,1.51745,8,1,1.00705,0,,,,,3,True,26,1,1.51745,,,,,,,
fix_hmc_in_gauss_k2__r0.01_k6_rep1,hmc_in_K2,hampel,0.657508,3,64,0,0,0,0,0,,0,0,0.480079,0.968661,False,0.5199|0.4801,-1.0000|1.0163,0.9687|0.9910,0.8994|0.8911,,,,26,1,1.51745,8,1,1.00705,0,,,,,3,True,26,1,1.51745,37,0.869565,8.59889,,,,
fix_hmc_in_gauss_k2__r0.01_k6_rep1,ar1,raw,0.00455562,,,,,,,,,,,,,,,,,,,,,23,1,0,7,1,0,,,,,,,,,,,,,,0.0614996,0.280965,2.50095,-3754.59
fix_hmc_in_gauss_k2__r0.01_k6_rep1,ar1,robust,0.531659,,,,,,,,,,,,,,,,,,,,,,,,7,1,0,,,,,,3,True,26,1,1.51745,,,,-0.0327384,0.398967,1.66021,-3303.34
fix_hmc_in_gauss_k2__r0.01_k6_rep2,hmc_in_K2,true,,,64,0,0,0,0,0,,0,0,0.5,1,False,0.5000|0.5000,-1.0000|1.0000,1.0000|1.0000,0.9000|0.9000,,,,26,1,2.52653,11,1,2.01816,0,,,,,,,,,,,,,,,,
fix_hmc_in_gauss_k2__r0.01_k6_rep2,hmc_in_K2,clean,0.0650737,3,64,0,0,0,0,0,,0,0,0.492105,1.00693,False,0.5079|0.4921,-1.0107|0.9791,1.0069|1.0248,0.9042|0.9011,,,,,,,,,,,,,,,,,,,,,,,,,,
fix_hmc_in_gauss_k2__r0.01_k6_rep2,hmc_in_K2,raw,0.106391,6,64,0,0,0,0,0,,0,0,0.469553,1.01265,False,0.4696|0.5304,-0.9742|0.9705,1.0126|1.6100,0.9078|0.9184,,,,22,1,0.505306,9,1,0,0,,,,,,,,,,,,,,,,
fix_hmc_in_gauss_k2__r0.01_k6_rep2,hmc_in_K2,robust,0.749271,3,64,0,0,0,0,0,,0,0,0.494296,0.986135,False,0.5057|0.4943,-1.0051|0.9694,0.9861|1.0140,0.9023|0.9001,,,,26,1,2.52653,10,1,1.00908,0,,,,,3,True,26,1,2.52653,,,,,,,
fix_hmc_in_gauss_k2__r0.01_k6_rep2,hmc_in_K2,hampel,0.891165,3,64,0,0,0,0,0,,0,0,0.494296,0.986135,False,0.5057|0.4943,-1.0051|0.9694,0.9861|1.0140,0.9023|0.9001,,,,26,1,2.52653,10,1,1.00908,0,,,,,3,True,26,1,2.52653,36,0.904762,8.5902,,,,
fix_hmc_in_gauss_k2__r0.01_k6_rep2,ar1,raw,0.00107292,,,,,,,,,,,,,,,,,,,,,21,1,0,9,1,0,,,,,,,,,,,,,,0.0572503,0.29132,2.56082,-3778.25
fix_hmc_in_gauss_k2__r0.01_k6_rep2,ar1,robust,0.406523,,,,,,,,,,,,,,,,,,,,,,,,10,1,1.00908,,,,,,3,True,23,1,1.01061,,,,-0.0272519,0.391426,1.69518,-3328.68
fix_hmc_in_gauss_k2__r0.01_k6_rep3,hmc_in_K2,true,,,64,0,0,0,0,0,,0,0,0.5,1,False,0.5000|0.5000,-1.0000|1.0000,1.0000|1.0000,0.9000|0.9000,,,,25,1,0.506073,8,1,2.01207,0,,,,,,,,,,,,,,,,
fix_hmc_in_gauss_k2__r0.01_k6_rep3,hmc_in_K2,clean,0.0797831,3,64,0,0,0,0,0,,0,0,0.480363,0.968844,False,0.4804|0.5196,-0.9670|0.9926,0.9688|0.9969,0.8860|0.8946,,,,,,,,,,,,,,,,,,,,,,,,,,
fix_hmc_in_gauss_k2__r0.01_k6_rep3,hmc_in_K2,raw,0.11665,6,64,0,0,0,0,0,,0,0,0.436899,0.969612,False,0.4369|0.5631,-0.9095|0.9788,0.9696|1.6171,0.8878|0.9129,,,,22,0.916667,0,8,1,2.01207,0,,,,,,,,,,,,,,,,
fix_hmc_in_gauss_k2__r0.01_k6_rep3,hmc_in_K2,robust,0.706398,3,64,0,0,0,0,0,,0,0,0.479977,0.961736,False,0.4800|0.5200,-0.9589|0.9922,0.9617|0.9973,0.8864|0.8951,,,,25,1,0.506073,10,1,4.02414,0,,,,,3,True,25,1,0.506073,,,,,,,
fix_hmc_in_gauss_k2__r0.01_k6_rep3,hmc_in_K2,hampel,0.52607,3,64,0,0,0,0,0,,0,0,0.479977,0.961736,False,0.4800|0.5200,-0.9589|0.9922,0.9617|0.9973,0.8864|0.8951,,,,25,1,0.506073,10,1,4.02414,0,,,,,2,True,25,1,0.506073,34,0.958333,5.5668,,,,
fix_hmc_in_gauss_k2__r0.01_k6_rep3,ar1,raw,0.00246304,,,,,,,,,,,,,,,,,,,,,24,1,0,6,1,0,,,,,,,,,,,,,,0.15337,0.263529,2.56864,-3781.29
fix_hmc_in_gauss_k2__r0.01_k6_rep3,ar1,robust,0.42766,,,,,,,,,,,,,,,,,,,,,,,,7,1,1.00604,,,,,,2,True,24,1,0,,,,0.0522674,0.386386,1.63281,-3289.99
fix_hmc_in_gauss_k2__r0.01_k6_rep4,hmc_in_K2,true,,,64,0,0,0,0,0,,0,0,0.5,1,False,0.5000|0.5000,-1.0000|1.0000,1.0000|1.0000,0.9000|0.9000,,,,21,1,0,10,1,1.00908,0,,,,,,,,,,,,,,,,
fix_hmc_in_gauss_k2__r0.01_k6_rep4,hmc_in_K2,clean,0.111069,4,64,0,0,0,0,0,,0,0,0.482153,0.973886,False,0.4822|0.5178,-1.0262|0.9581,0.9739|1.0243,0.8970|0.9041,,,,,,,,,,,,,,,,,,,,,,,,,,
fix_hmc_in_gauss_k2__r0.01_k6_rep4,hmc_in_K2,raw,0.152401,6,64,0,0,0,0,0,,0,0,0.438441,0.979004,False,0.4384|0.5616,-1.0059|0.9455,0.9790|1.5338,0.9034|0.9246,,,,20,0.952381,0,9,1,0,0,,,,,,,,,,,,,,,,
fix_hmc_in_gauss_k2__r0.01_k6_rep4,hmc_in_K2,robust,0.75816,4,64,0,0,0,0,0,,0,0,0.482764,0.97329,False,0.4828|0.5172,-1.0208|0.9612,0.9733|1.0236,0.8969|0.9038,,,,21,1,0,10,1,1.00908,0,,,,,3,True,21,1,0,,,,,,,
fix_hmc_in_gauss_k2__r0.01_k6_rep4,hmc_in_K2,hampel,0.479157,4,64,0,0,0,0,0,,0,0,0.482764,0.97329,False,0.4828|0.5172,-1.0208|0.9612,0.9733|1.0236,0.8969|0.9038,,,,21,1,0,10,1,1.00908,0,,,,,2,True,21,1,0,40,0.809524,11.622,,,,
fix_hmc_in_gauss_k2__r0.01_k6_rep4,ar1,raw,0.00117471,,,,,,,,,,,,,,,,,,,,,20,0.952381,0,9,1,0,,,,,,,,,,,,,,0.090251,0.28802,2.45667,-3736.73
fix_hmc_in_gauss_k2__r0.01_k6_rep4,ar1,robust,0.576994,,,,,,,,,,,,,,,,,,,,,,,,9,1,0,,,,,,3,True,21,1,0,,,,0.00464837,0.393149,1.67495,-3320.05
fix_hmc_in_gauss_k2__r0.01_k6_rep5,hmc_in_K2,true,,,64,0,0,0,0,0,,0,0,0.5,1,False,0.5000|0.5000,-1.0000|1.0000,1.0000|1.0000,0.9000|0.9000,,,,19,1,1.00857,14,1,1.01317,0,,,,,,,,,,,,,,,,
fix_hmc_in_gauss_k2__r0.01_k6_rep5,hmc_in_K2,clean,0.072749,3,64,0,0,0,0,0,,0,0,0.485855,0.959005,False,0.5141|0.4859,-1.0124|0.9593,0.9899|0.9590,0.9058|0.9003,,,,,,,,,,,,,,,,,,,,,,,,,,
fix_hmc_in_gauss_k2__r0.01_k6_rep5,hmc_in_K2,raw,0.125548,6,64,0,0,0,0,0,,0,0,0.464668,0.989028,False,0.4647|0.5353,-1.0150|0.9128,0.9890|1.4529,0.9148|0.9261,,,,17,0.941176,0.504286,14,1,1.01317,0,,,,,,,,,,,,,,,,
fix_hmc_in_gauss_k2__r0.01_k6_rep5,hmc_in_K2,robust,0.839859,3,64,0,0,0,0,0,,0,0,0.487438,0.956206,False,0.5126|0.4874,-1.0096|0.9549,0.9789|0.9562,0.9047|0.8998,,,,20,1,1.51286,14,1,1.01317,0,,,,,3,True,20,1,1.51286,,,,,,,
fix_hmc_in_gauss_k2__r0.01_k6_rep5,hmc_in_K2,hampel,0.443621,3,64,0,0,0,0,0,,0,0,0.487438,0.956206,False,0.5126|0.4874,-1.0096|0.9549,0.9789|0.9562,0.9047|0.8998,,,,20,1,1.51286,14,1,1.01317,0,,,,,2,True,20,1,1.51286,37,0.882353,11.0943,,,,
fix_hmc_in_gauss_k2__r0.01_k6_rep5,ar1,raw,0.0350821,,,,,,,,,,,,,,,,,,,,,16,0.941176,0,13,1,0,,,,,,,,,,,,,,0.0169467,0.298179,2.28598,-3664.72
fix_hmc_in_gauss_k2__r0.01_k6_rep5,ar1,robust,1.55646,,,,,,,,,,,,,,,,,,,,,,,,13,1,0,,,,,,4,True,19,1,1.00857,,,,-0.0538376,0.401659,1.60209,-3279.24
fix_hmc_in_gauss_k2__r0.01_k6_rep6,hmc_in_K2,true,,,64,0,0,0,0,0,,0,0,0.5,1,False,0.5000|0.5000,-1.0000|1.0000,1.0000|1.0000,0.9000|0.9000,,,,23,1,0.505561,8,1,0,0,,,,,,,,,,,,,,,,
fix_hmc_in_gauss_k2__r0.01_k6_rep6,hmc_in_K2,clean,0.25373,3,64,0,0,0,0,0,,0,0,0.494782,1.01586,False,0.4948|0.5052,-1.0114|0.9684,1.0299|1.0159,0.9017|0.9037,,,,,,,,,,,,,,,,,,,,,,,,,,
fix_hmc_in_gauss_k2__r0.01_k6_rep6,hmc_in_K2,raw,0.154104,6,64,0,0,0,0,0,,0,0,0.447211,1.03909,False,0.4472|0.5528,-1.0050|0.9611,1.0391|1.6039,0.9026|0.9212,,,,22,1,0,8,1,0,0,,,,,,,,,,,,,,,,
fix_hmc_in_gauss_k2__r0.01_k6_rep6,hmc_in_K2,robust,0.874286,3,64,0,0,0,0,0,,0,0,0.495642,1.01646,False,0.4956|0.5044,-1.0159|0.9678,1.0327|1.0165,0.9011|0.9028,,,,22,1,0,8,1,0,0,,,,,2,True,22,1,0,,,,,,,
fix_hmc_in_gauss_k2__r0.01_k6_rep6,hmc_in_K2,hampel,0.523004,3,64,0,0,0,0,0,,0,0,0.495642,1.01646,False,0.4956|0.5044,-1.0159|0.9678,1.0327|1.0165,0.9011|0.9028,,,,22,1,0,8,1,0,0,,,,,2,True,22,1,0,38,0.863636,9.60566,,,,
fix_hmc_in_gauss_k2__r0.01_k6_rep6,ar1,raw,0.00104988,,,,,,,,,,,,,,,,,,,,,22,1,0,8,1,0,,,,,,,,,,,,,,0.0821963,0.265773,2.65843,-3815.65
fix_hmc_in_gauss_k2__r0.01_k6_rep6,ar1,robust,0.439586,,,,,,,,,,,,,,,,,,,,,,,,8,1,0,,,,,,2,True,22,1,0,,,,-0.015825,0.402611,1.70222,-3334.48
tsnh4__clean,pmc_state_K2,raw,1.17072,6,128,8.22955e-05,0.01345,0.026422,2.29753,409.166,0.935956,0,0,0.00131087,0.578617,True,0.0013|0.9987,1.4377|2.2049,0.5786|0.8750,0.0438|0.9987,00:Clayton(0.766);01:Gauss(-0.278);10:Frank(-0.502);11:GH(0.936),,,22,,6.44405,2,,1.75747,0,0.000496786,0.00316228,3486.68,True,,,,,,,,,,,,
tsnh4__clean,pmc_state_K2,robust,54.4302,5,128,0.000137364,0.0221056,0.0454512,2.22961,276.69,0.937048,0,0,0.000105918,0.524031,True,0.0001|0.9999,1.5551|2.1937,0.5240|0.8711,0.9374|1.0000,00:GH(0.853);01:Clayton(0.629);10:Clayton(0.284);11:GH(0.937),,,55,,16.1101,3,,2.6362,0,0.00121208,0.0043589,,True,11,False,44,,12.8881,,,,,,,
fix_hmc_in_gauss_k2__r0.01_k6_rep7,hmc_in_K2,true,,,64,0,0,0,0,0,,0,0,0.5,1,False,0.5000|0.5000,-1.0000|1.0000,1.0000|1.0000,0.9000|0.9000,,,,19,1,1.00857,15,1,2.02634,0,,,,,,,,,,,,,,,,
fix_hmc_in_gauss_k2__r0.01_k6_rep7,hmc_in_K2,clean,0.070862,3,64,0,0,0,0,0,,0,0,0.499949,1.00948,False,0.5001|0.4999,-0.9833|1.0178,1.0333|1.0095,0.8937|0.8936,,,,,,,,,,,,,,,,,,,,,,,,,,
fix_hmc_in_gauss_k2__r0.01_k6_rep7,hmc_in_K2,raw,0.156246,6,64,0,0,0,0,0,,0,0,0.458119,1.04808,False,0.4581|0.5419,-0.9639|0.9807,1.0481|1.4999,0.8949|0.9111,,,,18,1,0.504286,13,1,0,0,,,,,,,,,,,,,,,,
fix_hmc_in_gauss_k2__r0.01_k6_rep7,hmc_in_K2,robust,0.495555,3,64,0,0,0,0,0,,0,0,0.49969,1.01098,False,0.5003|0.4997,-0.9831|1.0189,1.0260|1.0110,0.8938|0.8937,,,,18,1,0.504286,14,1,1.01317,0,,,,,2,True,18,1,0.504286,,,,,,,
fix_hmc_in_gauss_k2__r0.01_k6_rep7,hmc_in_K2,hampel,0.579365,3,64,0,0,0,0,0,,0,0,0.49969,1.01098,False,0.5003|0.4997,-0.9831|1.0189,1.0260|1.0110,0.8938|0.8937,,,,18,1,0.504286,14,1,1.01317,0,,,,,2,True,18,1,0.504286,26,0.764706,6.55572,,,,
fix_hmc_in_gauss_k2__r0.01_k6_rep7,ar1,raw,0.00123171,,,,,,,,,,,,,,,,,,,,,17,1,0,13,1,0,,,,,,,,,,,,,,0.0908581,0.287517,2.44109,-3730.41
fix_hmc_in_gauss_k2__r0.01_k6_rep7,ar1,robust,0.504339,,,,,,,,,,,,,,,,,,,,,,,,14,1,1.01317,,,,,,2,True,17,1,0,,,,0.0179293,0.387338,1.74113,-3364.85
fix_hmc_in_gauss_k2__r0.01_k6_rep8,hmc_in_K2,true,,,64,0,0,0,0,0,,0,0,0.5,1,False,0.5000|0.5000,-1.0000|1.0000,1.0000|1.0000,0.9000|0.9000,,,,24,1,1.01112,11,1,3.02419,0,,,,,,,,,,,,,,,,
fix_hmc_in_gauss_k2__r0.01_k6_rep8,hmc_in_K2,clean,0.077388,3,64,0,0,0,0,0,,0,0,0.475914,0.991501,False,0.4759|0.5241,-1.0613|1.0133,0.9933|0.9915,0.8944|0.9041,,,,,,,,,,,,,,,,,,,,,,,,,,
fix_hmc_in_gauss_k2__r0.01_k6_rep8,hmc_in_K2,raw,0.181269,6,64,0,0,0,0,0,,0,0,0.422887,0.992732,False,0.4229|0.5771,-1.0700|0.9908,0.9927|1.5592,0.8866|0.9169,,,,22,1,0,9,1,1.00806,0,,,,,,,,,,,,,,,,
fix_hmc_in_gauss_k2__r0.01_k6_rep8,hmc_in_K2,robust,0.967867,3,64,0,0,0,0,0,,0,0,0.477095,0.988198,False,0.4771|0.5229,-1.0631|1.0097,0.9980|0.9882,0.8941|0.9034,,,,23,1,0.505561,11,1,3.02419,0,,,,,3,True,23,1,0.505561,,,,,,,
fix_hmc_in_gauss_k2__r0.01_k6_rep8,hmc_in_K2,hampel,0.744348,3,64,0,0,0,0,0,,0,0,0.477095,0.988198,False,0.4771|0.5229,-1.0631|1.0097,0.9980|0.9882,0.8941|0.9034,,,,23,1,0.505561,11,1,3.02419,0,,,,,3,True,23,1,0.505561,31,0.909091,5.56117,,,,
fix_hmc_in_gauss_k2__r0.01_k6_rep8,ar1,raw,0.000809958,,,,,,,,,,,,,,,,,,,,,22,1,0,8,1,0,,,,,,,,,,,,,,0.119757,0.273844,2.64198,-3809.44
fix_hmc_in_gauss_k2__r0.01_k6_rep8,ar1,robust,0.60839,,,,,,,,,,,,,,,,,,,,,,,,8,1,0,,,,,,3,True,24,1,1.01112,,,,0.020464,0.404165,1.71815,-3340.48
fix_hmc_in_gauss_k2__r0.01_k6_rep9,hmc_in_K2,true,,,64,0,0,0,0,0,,0,0,0.5,1,False,0.5000|0.5000,-1.0000|1.0000,1.0000|1.0000,0.9000|0.9000,,,,24,1,1.51592,9,1,0,0,,,,,,,,,,,,,,,,
fix_hmc_in_gauss_k2__r0.01_k6_rep9,hmc_in_K2,clean,0.166862,4,64,0,0,0,0,0,,0,0,0.467365,0.946016,False,0.4674|0.5326,-1.0527|0.9803,0.9653|0.9460,0.8923|0.9055,,,,,,,,,,,,,,,,,,,,,,,,,,
fix_hmc_in_gauss_k2__r0.01_k6_rep9,hmc_in_K2,raw,0.123413,5,64,0,0,0,0,0,,0,0,0.432314,0.978696,False,0.4323|0.5677,-1.0347|0.9953,0.9787|1.4973,0.8938|0.9192,,,,20,0.952381,0,8,0.888889,0,0,,,,,,,,,,,,,,,,
fix_hmc_in_gauss_k2__r0.01_k6_rep9,hmc_in_K2,robust,1.10633,4,64,0,0,0,0,0,,0,0,0.468702,0.933549,False,0.4687|0.5313,-1.0433|0.9729,0.9564|0.9335,0.8924|0.9051,,,,26,1,2.52653,9,1,0,0,,,,,4,True,26,1,2.52653,,,,,,,
fix_hmc_in_gauss_k2__r0.01_k6_rep9,hmc_in_K2,hampel,0.846158,4,64,0,0,0,0,0,,0,0,0.468702,0.933549,False,0.4687|0.5313,-1.0433|0.9729,0.9564|0.9335,0.8924|0.9051,,,,26,1,2.52653,9,1,0,0,,,,,3,True,26,1,2.52653,32,0.857143,7.07428,,,,
fix_hmc_in_gauss_k2__r0.01_k6_rep9,ar1,raw,0.001297,,,,,,,,,,,,,,,,,,,,,21,1,0,9,1,0,,,,,,,,,,,,,,0.117594,0.34448,2.37779,-3704.12
fix_hmc_in_gauss_k2__r0.01_k6_rep9,ar1,robust,0.36963,,,,,,,,,,,,,,,,,,,,,,,,9,1,0,,,,,,3,True,24,1,1.51592,,,,0.0283812,0.457151,1.52525,-3223.31
fix_hmc_in_gauss_k2__r0.05_k6_rep0,hmc_in_K2,true,,,64,0,0,0,0,0,,0,0,0.5,1,False,0.5000|0.5000,-1.0000|1.0000,1.0000|1.0000,0.9000|0.9000,,,,105,1,0,46,1,1.04712,0,,,,,,,,,,,,,,,,
fix_hmc_in_gauss_k2__r0.05_k6_rep0,hmc_in_K2,clean,0.0633039,3,64,0,0,0,0,0,,0,0,0.499952,1.00686,False,0.5000|0.5000,-1.0057|0.9742,1.0069|1.0133,0.8990|0.8990,,,,,,,,,,,,,,,,,,,,,,,,,,
fix_hmc_in_gauss_k2__r0.05_k6_rep0,hmc_in_K2,raw,0.87635,28,64,0,0,0,0,0,,0,0,0.0525113,1.30304,False,0.9475|0.0525,-0.0149|8.4830,1.4207|1.3030,0.9446|0.0000,,,,0,0,0,1,0.0222222,0,0,,,,,,,,,,,,,,,,
fix_hmc_in_gauss_k2__r0.05_k6_rep0,hmc_in_K2,robust,0.845604,28,64,0,0,0,0,0,,0,0,0.0525113,1.30304,False,0.9475|0.0525,-0.0149|8.4830,1.4207|1.3030,0.9446|0.0000,,,,0,0,0,1,0.0222222,0,0,,,,,1,True,0,0,0,,,,,,,
fix_hmc_in_gauss_k2__r0.05_k6_rep0,hmc_in_K2,hampel,0.584787,3,64,0,0,0,0,0,,0,0,0.498686,1.01045,False,0.4987|0.5013,-1.0104|0.9767,1.0105|1.0195,0.8983|0.8989,,,,105,1,0,46,1,1.04712,0,,,,,2,True,105,1,0,101,0.809524,8.44327,,,,
fix_hmc_in_gauss_k2__r0.05_k6_rep0,ar1,raw,0.00085975,,,,,,,,,,,,,,,,,,,,,57,0.542857,0,27,0.6,0,,,,,,,,,,,,,,0.431075,0.0993104,5.5376,-4549.44
fix_hmc_in_gauss_k2__r0.05_k6_rep0,ar1,robust,0.676994,,,,,,,,,,,,,,,,,,,,,,,,46,1,1.04712,,,,,,4,True,106,1,0.527704,,,,-0.0173388,0.388584,1.70741,-3201.63
fix_hmc_in_gauss_k2__r0.05_k6_rep1,hmc_in_K2,true,,,64,0,0,0,0,0,,0,0,0.5,1,False,0.5000|0.5000,-1.0000|1.0000,1.0000|1.0000,0.9000|0.9000,,,,102,1,1.57812,52,1,1.05374,0,,,,,,,,,,,,,,,,
fix_hmc_in_gauss_k2__r0.05_k6_rep1,hmc_in_K2,clean,0.0807061,3,64,0,0,0,0,0,,0,0,0.479312,0.972992,False,0.5207|0.4793,-1.0075|1.0204,0.9730|1.0004,0.8985|0.8897,,,,,,,,,,,,,,,,,,,,,,,,,,
fix_hmc_in_gauss_k2__r0.05_k6_rep1,hmc_in_K2,raw,0.785502,29,64,0,0,0,0,0,,0,0,0.0495258,1.30705,False,0.9505|0.0495,-0.0350|8.3411,1.4197|1.3071,0.9479|0.0000,,,,0,0,0,1,0.0196078,0,0,,,,,,,,,,,,,,,,
fix_hmc_in_gauss_k2__r0.05_k6_rep1,hmc_in_K2,robust,0.919779,29,64,0,0,0,0,0,,0,0,0.0495258,1.30705,False,0.9505|0.0495,-0.0350|8.3411,1.4197|1.3071,0.9479|0.0000,,,,0,0,0,1,0.0196078,0,0,,,,,1,True,0,0,0,,,,,,,
fix_hmc_in_gauss_k2__r0.05_k6_rep1,hmc_in_K2,hampel,0.646704,3,64,0,0,0,0,0,,0,0,0.475228,0.978471,False,0.5248|0.4752,-1.0042|1.0152,0.9785|0.9964,0.9000|0.8896,,,,102,1,1.57812,52,1,1.05374,0,,,,,3,True,102,1,1.57812,91,0.79798,6.31247,,,,
fix_hmc_in_gauss_k2__r0.05_k6_rep1,ar1,raw,0.000860875,,,,,,,,,,,,,,,,,,,,,63,0.636364,0,34,0.666667,0,,,,,,,,,,,,,,0.379645,0.097803,5.25067,-4496.24
fix_hmc_in_gauss_k2__r0.05_k6_rep1,ar1,robust,0.542013,,,,,,,,,,,,,,,,,,,,,,,,51,1,0,,,,,,4,True,102,1,1.57812,,,,-0.0419865,0.405207,1.66508,-3184.77
fix_hmc_in_gauss_k2__r0.05_k6_rep2,hmc_in_K2,true,,,64,0,0,0,0,0,,0,0,0.5,1,False,0.5000|0.5000,-1.0000|1.0000,1.0000|1.0000,0.9000|0.9000,,,,112,1,2.11416,44,1,2.08768,0,,,,,,,,,,,,,,,,
fix_hmc_in_gauss_k2__r0.05_k6_rep2,hmc_in_K2,clean,0.0607229,3,64,0,0,0,0,0,,0,0,0.492105,1.00693,False,0.5079|0.4921,-1.0107|0.9791,1.0069|1.0248,0.9042|0.9011,,,,,,,,,,,,,,,,,,,,,,,,,,
fix_hmc_in_gauss_k2__r0.05_k6_rep2,hmc_in_K2,raw,0.647003,28,64,0,0,0,0,0,,0,0,0.0540348,1.35734,False,0.9460|0.0540,-0.0268|8.3415,1.4258|1.3573,0.9429|0.0000,,,,2,0.0185185,0,0,0,0,0,,,,,,,,,,,,,,,,
fix_hmc_in_gauss_k2__r0.05_k6_rep2,hmc_in_K2,robust,2.55341,29,64,0,0,0,0,0,,0,0,0.0525839,1.22226,False,0.9474|0.0526,-0.0267|8.2421,1.4260|1.2223,0.9445|0.0000,,,,3,0.0277778,0,1,0.0238095,0,0,,,,,3,True,3,0.0277778,0,,,,,,,
fix_hmc_in_gauss_k2__r0.05_k6_rep2,hmc_in_K2,hampel,1.3068,2,64,0,0,0,0,0,,0,0,0.491162,0.99395,False,0.5088|0.4912,-1.0022|0.9922,0.9939|1.0116,0.9020|0.8985,,,,112,1,2.11416,43,1,1.04384,0,,,,,3,True,112,1,2.11416,97,0.731481,9.51374,,,,
fix_hmc_in_gauss_k2__r0.05_k6_rep2,ar1,raw,0.00363096,,,,,,,,,,,,,,,,,,,,,61,0.564815,0,24,0.571429,0,,,,,,,,,,,,,,0.42512,0.105383,5.53818,-4549.55
fix_hmc_in_gauss_k2__r0.05_k6_rep2,ar1,robust,0.506787,,,,,,,,,,,,,,,,,,,,,,,,42,1,0,,,,,,5,True,111,1,1.58562,,,,-0.0234957,0.400228,1.69135,-3185.07
fix_hmc_in_gauss_k2__r0.05_k6_rep3,hmc_in_K2,true,,,64,0,0,0,0,0,,0,0,0.5,1,False,0.5000|0.5000,-1.0000|1.0000,1.0000|1.0000,0.9000|0.9000,,,,101,1,0.526316,52,1,2.10526,0,,,,,,,,,,,,,,,,
fix_hmc_in_gauss_k2__r0.05_k6_rep3,hmc_in_K2,clean,0.0499424,3,64,0,0,0,0,0,,0,0,0.480363,0.968844,False,0.4804|0.5196,-0.9670|0.9926,0.9688|0.9969,0.8860|0.8946,,,,,,,,,,,,,,,,,,,,,,,,,,
fix_hmc_in_gauss_k2__r0.05_k6_rep3,hmc_in_K2,raw,0.633994,27,64,0,0,0,0,0,,0,0,0.0500041,1.3798,False,0.9500|0.0500,0.0656|8.3239,1.3798|1.5291,0.9474|0.0000,,,,0,0,0,0,0,0,0,,,,,,,,,,,,,,,,
fix_hmc_in_gauss_k2__r0.05_k6_rep3,hmc_in_K2,robust,0.819323,27,64,0,0,0,0,0,,0,0,0.0500041,1.3798,False,0.9500|0.0500,0.0656|8.3239,1.3798|1.5291,0.9474|0.0000,,,,0,0,0,0,0,0,0,,,,,1,True,0,0,0,,,,,,,
fix_hmc_in_gauss_k2__r0.05_k6_rep3,hmc_in_K2,hampel,0.656262,3,64,0,0,0,0,0,,0,0,0.478723,0.955759,False,0.4787|0.5213,-0.9416|0.9916,0.9558|1.0038,0.8869|0.8961,,,,101,1,0.526316,54,1,4.21053,0,,,,,3,True,101,1,0.526316,91,0.8,5.78947,,,,
fix_hmc_in_gauss_k2__r0.05_k6_rep3,ar1,raw,0.00159592,,,,,,,,,,,,,,,,,,,,,58,0.58,0,39,0.78,0,,,,,,,,,,,,,,0.478237,0.0968634,5.11522,-4470.11
fix_hmc_in_gauss_k2__r0.05_k6_rep3,ar1,robust,0.525121,,,,,,,,,,,,,,,,,,,,,,,,51,1,1.05263,,,,,,5,True,101,1,0.526316,,,,0.0643253,0.388146,1.61263,-3155.46
fix_hmc_in_gauss_k2__r0.05_k6_rep4,hmc_in_K2,true,,,64,0,0,0,0,0,,0,0,0.5,1,False,0.5000|0.5000,-1.0000|1.0000,1.0000|1.0000,0.9000|0.9000,,,,101,1,0,50,1,1.05152,0,,,,,,,,,,,,,,,,
fix_hmc_in_gauss_k2__r0.05_k6_rep4,hmc_in_K2,clean,0.100477,4,64,0,0,0,0,0,,0,0,0.482153,0.973886,False,0.4822|0.5178,-1.0262|0.9581,0.9739|1.0243,0.8970|0.9041,,,,,,,,,,,,,,,,,,,,,,,,,,
fix_hmc_in_gauss_k2__r0.05_k6_rep4,hmc_in_K2,raw,0.757498,27,64,0,0,0,0,0,,0,0,0.0501664,1.40969,False,0.9498|0.0502,0.0021|8.4872,1.4097|1.4141,0.9472|0.0000,,,,0,0,0,0,0,0,0,,,,,,,,,,,,,,,,
fix_hmc_in_gauss_k2__r0.05_k6_rep4,hmc_in_K2,robust,0.71073,27,64,0,0,0,0,0,,0,0,0.0501664,1.40969,False,0.9498|0.0502,0.0021|8.4872,1.4097|1.4141,0.9472|0.0000,,,,0,0,0,0,0,0,0,,,,,1,True,0,0,0,,,,,,,
fix_hmc_in_gauss_k2__r0.05_k6_rep4,hmc_in_K2,hampel,0.708345,4,64,0,0,0,0,0,,0,0,0.48718,0.978096,False,0.4872|0.5128,-1.0060|0.9559,0.9781|1.0367,0.9002|0.9052,,,,101,1,0,50,1,1.05152,0,,,,,2,True,101,1,0,109,0.90099,9.47867,,,,
fix_hmc_in_gauss_k2__r0.05_k6_rep4,ar1,raw,0.00307637,,,,,,,,,,,,,,,,,,,,,61,0.60396,0,29,0.591837,0,,,,,,,,,,,,,,0.427583,0.112393,5.34833,-4514.67
fix_hmc_in_gauss_k2__r0.05_k6_rep4,ar1,robust,0.588236,,,,,,,,,,,,,,,,,,,,,,,,49,1,0,,,,,,4,True,101,1,0,,,,0.00125748,0.388038,1.68385,-3196.5
fix_hmc_in_gauss_k2__r0.05_k6_rep5,hmc_in_K2,true,,,64,0,0,0,0,0,,0,0,0.5,1,False,0.5000|0.5000,-1.0000|1.0000,1.0000|1.0000,0.9000|0.9000,,,,101,1,0.526316,51,1,1.05263,0,,,,,,,,,,,,,,,,
fix_hmc_in_gauss_k2__r0.05_k6_rep5,hmc_in_K2,clean,0.109605,3,64,0,0,0,0,0,,0,0,0.485855,0.959005,False,0.5141|0.4859,-1.0124|0.9593,0.9899|0.9590,0.9058|0.9003,,,,,,,,,,,,,,,,,,,,,,,,,,
fix_hmc_in_gauss_k2__r0.05_k6_rep5,hmc_in_K2,raw,0.824563,27,64,0,0,0,0,0,,0,0,0.0497746,1.32958,False,0.9502|0.0498,-0.0596|8.4426,1.3892|1.3296,0.9476|0.0000,,,,2,0.02,0,0,0,0,0,,,,,,,,,,,,,,,,
fix_hmc_in_gauss_k2__r0.05_k6_rep5,hmc_in_K2,robust,2.44975,29,64,0,0,0,0,0,,0,0,0.0483516,1.19405,False,0.9516|0.0484,-0.0596|8.3346,1.3892|1.1940,0.9492|0.0000,,,,3,0.03,0,0,0,0,0,,,,,3,True,3,0.03,0,,,,,,,
fix_hmc_in_gauss_k2__r0.05_k6_rep5,hmc_in_K2,hampel,0.610841,3,64,0,0,0,0,0,,0,0,0.489193,0.949347,False,0.5108|0.4892,-1.0189|0.9599,0.9827|0.9493,0.9039|0.8997,,,,102,1,1.05263,51,1,1.05263,0,,,,,2,True,102,1,1.05263,100,0.86,7.36842,,,,
fix_hmc_in_gauss_k2__r0.05_k6_rep5,ar1,raw,0.0137541,,,,,,,,,,,,,,,,,,,,,65,0.65,0,33,0.66,0,,,,,,,,,,,,,,0.366099,0.126554,5.26961,-4499.86
fix_hmc_in_gauss_k2__r0.05_k6_rep5,ar1,robust,0.898085,,,,,,,,,,,,,,,,,,,,,,,,51,1,1.05263,,,,,,4,True,102,1,1.05263,,,,-0.0558945,0.405581,1.60488,-3149.79
fix_hmc_in_gauss_k2__r0.05_k6_rep6,hmc_in_K2,true,,,64,0,0,0,0,0,,0,0,0.5,1,False,0.5000|0.5000,-1.0000|1.0000,1.0000|1.0000,0.9000|0.9000,,,,100,1,1.05152,52,1,0,0,,,,,,,,,,,,,,,,
fix_hmc_in_gauss_k2__r0.05_k6_rep6,hmc_in_K2,clean,0.0974853,3,64,0,0,0,0,0,,0,0,0.494782,1.01586,False,0.4948|0.5052,-1.0114|0.9684,1.0299|1.0159,0.9017|0.9037,,,,,,,,,,,,,,,,,,,,,,,,,,
fix_hmc_in_gauss_k2__r0.05_k6_rep6,hmc_in_K2,raw,0.727388,25,64,0,0,0,0,0,,0,0,0.048844,1.4171,False,0.9512|0.0488,-0.0165|8.5831,1.4171|1.5652,0.9486|0.0000,,,,1,0.0102041,0,0,0,0,0,,,,,,,,,,,,,,,,
fix_hmc_in_gauss_k2__r0.05_k6_rep6,hmc_in_K2,robust,1.38971,26,64,0,0,0,0,0,,0,0,0.0482984,1.41757,False,0.9517|0.0483,-0.0161|8.5508,1.4176|1.5177,0.9493|0.0000,,,,1,0.0102041,0,0,0,0,0,,,,,2,True,1,0.0102041,0,,,,,,,
fix_hmc_in_gauss_k2__r0.05_k6_rep6,hmc_in_K2,hampel,0.641216,4,64,0,0,0,0,0,,0,0,0.488086,1.01943,False,0.4881|0.5119,-1.0172|0.9363,1.0291|1.0194,0.9019|0.9065,,,,98,1,0,52,1,0,0,,,,,2,True,98,1,0,94,0.826531,6.83491,,,,
fix_hmc_in_gauss_k2__r0.05_k6_rep6,ar1,raw,0.000928333,,,,,,,,,,,,,,,,,,,,,62,0.632653,0,31,0.596154,0,,,,,,,,,,,,,,0.403367,0.108321,5.39969,-4524.22
fix_hmc_in_gauss_k2__r0.05_k6_rep6,ar1,robust,0.854354,,,,,,,,,,,,,,,,,,,,,,,,52,1,0,,,,,,4,True,98,1,0,,,,-0.0191915,0.395223,1.69322,-3206.84
fix_hmc_in_gauss_k2__r0.05_k6_rep7,hmc_in_K2,true,,,64,0,0,0,0,0,,0,0,0.5,1,False,0.5000|0.5000,-1.0000|1.0000,1.0000|1.0000,0.9000|0.9000,,,,99,1,1.57563,56,1,2.11416,0,,,,,,,,,,,,,,,,
fix_hmc_in_gauss_k2__r0.05_k6_rep7,hmc_in_K2,clean,0.140169,3,64,0,0,0,0,0,,0,0,0.499949,1.00948,False,0.5001|0.4999,-0.9833|1.0178,1.0333|1.0095,0.8937|0.8936,,,,,,,,,,,,,,,,,,,,,,,,,,
fix_hmc_in_gauss_k2__r0.05_k6_rep7,hmc_in_K2,raw,0.856562,27,64,0,0,0,0,0,,0,0,0.0478999,1.42431,False,0.9521|0.0479,0.0205|8.4800,1.4243|1.5595,0.9497|0.0000,,,,0,0,0,0,0,0,0,,,,,,,,,,,,,,,,
fix_hmc_in_gauss_k2__r0.05_k6_rep7,hmc_in_K2,robust,0.724531,27,64,0,0,0,0,0,,0,0,0.0478999,1.42431,False,0.9521|0.0479,0.0205|8.4800,1.4243|1.5595,0.9497|0.0000,,,,0,0,0,0,0,0,0,,,,,1,True,0,0,0,,,,,,,
fix_hmc_in_gauss_k2__r0.05_k6_rep7,hmc_in_K2,hampel,0.604619,3,64,0,0,0,0,0,,0,0,0.499373,1.01224,False,0.5006|0.4994,-0.9648|1.0028,1.0320|1.0122,0.8941|0.8938,,,,98,1,1.05042,55,1,1.05708,0,,,,,3,True,98,1,1.05042,87,0.8125,4.72689,,,,
fix_hmc_in_gauss_k2__r0.05_k6_rep7,ar1,raw,0.00129404,,,,,,,,,,,,,,,,,,,,,56,0.583333,0,31,0.574074,0,,,,,,,,,,,,,,0.428165,0.0833294,5.28969,-4503.64
fix_hmc_in_gauss_k2__r0.05_k6_rep7,ar1,robust,0.532125,,,,,,,,,,,,,,,,,,,,,,,,55,1,1.05708,,,,,,4,True,97,1,0.52521,,,,0.0161259,0.376717,1.73425,-3230.56
fix_hmc_in_gauss_k2__r0.05_k6_rep8,hmc_in_K2,true,,,64,0,0,0,0,0,,0,0,0.5,1,False,0.5000|0.5000,-1.0000|1.0000,1.0000|1.0000,0.9000|0.9000,,,,101,1,1.05208,54,1,3.16122,0,,,,,,,,,,,,,,,,
fix_hmc_in_gauss_k2__r0.05_k6_rep8,hmc_in_K2,clean,0.0698319,3,64,0,0,0,0,0,,0,0,0.475914,0.991501,False,0.4759|0.5241,-1.0613|1.0133,0.9933|0.9915,0.8944|0.9041,,,,,,,,,,,,,,,,,,,,,,,,,,
fix_hmc_in_gauss_k2__r0.05_k6_rep8,hmc_in_K2,raw,0.523474,27,64,0,0,0,0,0,,0,0,0.0494374,1.43323,False,0.9506|0.0494,0.0195|8.6546,1.4332|1.4769,0.9480|0.0000,,,,0,0,0,0,0,0,0,,,,,,,,,,,,,,,,
fix_hmc_in_gauss_k2__r0.05_k6_rep8,hmc_in_K2,robust,0.738758,27,64,0,0,0,0,0,,0,0,0.0494374,1.43323,False,0.9506|0.0494,0.0195|8.6546,1.4332|1.4769,0.9480|0.0000,,,,0,0,0,0,0,0,0,,,,,1,True,0,0,0,,,,,,,
fix_hmc_in_gauss_k2__r0.05_k6_rep8,hmc_in_K2,hampel,0.616043,4,64,0,0,0,0,0,,0,0,0.474179,0.981798,False,0.4742|0.5258,-1.0687|1.0005,0.9818|0.9855,0.8911|0.9018,,,,101,1,1.05208,54,1,3.16122,0,,,,,3,True,101,1,1.05208,94,0.848485,5.26039,,,,
fix_hmc_in_gauss_k2__r0.05_k6_rep8,ar1,raw,0.00128754,,,,,,,,,,,,,,,,,,,,,64,0.646465,0,34,0.666667,0,,,,,,,,,,,,,,0.446233,0.124131,5.47706,-4538.45
fix_hmc_in_gauss_k2__r0.05_k6_rep8,ar1,robust,0.445201,,,,,,,,,,,,,,,,,,,,,,,,51,1,0,,,,,,6,True,103,1,2.10416,,,,0.0181872,0.417548,1.68262,-3193.66
fix_hmc_in_gauss_k2__r0.05_k6_rep9,hmc_in_K2,true,,,64,0,0,0,0,0,,0,0,0.5,1,False,0.5000|0.5000,-1.0000|1.0000,1.0000|1.0000,0.9000|0.9000,,,,92,1,1.56986,61,1,0,0,,,,,,,,,,,,,,,,
fix_hmc_in_gauss_k2__r0.05_k6_rep9,hmc_in_K2,clean,0.0546536,4,64,0,0,0,0,0,,0,0,0.467365,0.946016,False,0.4674|0.5326,-1.0527|0.9803,0.9653|0.9460,0.8923|0.9055,,,,,,,,,,,,,,,,,,,,,,,,,,
fix_hmc_in_gauss_k2__r0.05_k6_rep9,hmc_in_K2,raw,0.627543,31,64,0,0,0,0,0,,0,0,0.0446459,1.38224,False,0.9554|0.0446,0.0328|8.2916,1.3940|1.3822,0.9533|0.0000,,,,0,0,0,0,0,0,0,,,,,,,,,,,,,,,,
fix_hmc_in_gauss_k2__r0.05_k6_rep9,hmc_in_K2,robust,0.807722,31,64,0,0,0,0,0,,0,0,0.0446459,1.38224,False,0.9554|0.0446,0.0328|8.2916,1.3940|1.3822,0.9533|0.0000,,,,0,0,0,0,0,0,0,,,,,1,True,0,0,0,,,,,,,
fix_hmc_in_gauss_k2__r0.05_k6_rep9,hmc_in_K2,hampel,0.702974,4,64,0,0,0,0,0,,0,0,0.467455,0.930408,False,0.4675|0.5325,-1.0437|0.9762,0.9594|0.9304,0.8897|0.9032,,,,94,1,2.61643,61,1,0,0,,,,,4,True,94,1,2.61643,86,0.831461,6.27943,,,,
fix_hmc_in_gauss_k2__r0.05_k6_rep9,ar1,raw,0.00102733,,,,,,,,,,,,,,,,,,,,,64,0.719101,0,42,0.688525,0,,,,,,,,,,,,,,0.401335,0.162583,4.72132,-4389.99
fix_hmc_in_gauss_k2__r0.05_k6_rep9,ar1,robust,0.405748,,,,,,,,,,,,,,,,,,,,,,,,61,1,0,,,,,,4,True,92,1,1.56986,,,,0.0330262,0.45737,1.52732,-3120.22
fix_pmc_gauss_k2__r0.00_k6_rep0,pmc_state_K2,true,,,64,8.70603e-08,8.70603e-08,0.00547375,0.000168509,0.000168509,0.6,0,0,0.5,1,False,0.5000|0.5000,-1.0000|1.0000,1.0000|1.0000,0.9000|0.9000,00:Gauss(0.600);01:Gauss(0.000);10:Gauss(0.000);11:Gauss(0.600),,,0,,0,0,,0,0,,,,,,,,,,,,,,,,
fix_pmc_gauss_k2__r0.00_k6_rep0,pmc_state_K2,clean,0.194363,5,64,7.9055e-08,7.9055e-08,0.0032607,0.000153112,0.000153112,0.617399,0,0,0.492778,1.03375,False,0.4928|0.5072,-1.0678|0.8899,1.0338|1.0444,0.8966|0.8995,00:Gauss(0.607);01:Gauss(0.015);10:Gauss(0.187);11:Gauss(0.617),,,,,,,,,,,,,,,,,,,,,,,,,
fix_pmc_gauss_k2__r0.00_k6_rep0,pmc_state_K2,raw,0.19562,5,64,7.9055e-08,7.9055e-08,0.0032607,0.000153112,0.000153112,0.617399,0,0,0.492778,1.03375,False,0.4928|0.5072,-1.0678|0.8899,1.0338|1.0444,0.8966|0.8995,00:Gauss(0.607);01:Gauss(0.015);10:Gauss(0.187);11:Gauss(0.617),,,0,,0,0,,0,0,,,,,,,,,,,,,,,,
fix_pmc_gauss_k2__r0.00_k6_rep0,pmc_state_K2,robust,0.277077,5,64,7.9055e-08,7.9055e-08,0.0032607,0.000153112,0.000153112,0.617399,0,0,0.492778,1.03375,False,0.4928|0.5072,-1.0678|0.8899,1.0338|1.0444,0.8966|0.8995,00:Gauss(0.607);01:Gauss(0.015);10:Gauss(0.187);11:Gauss(0.617),,,0,,0,0,,0,0,,,,,1,True,0,,0,,,,,,,
fix_pmc_gauss_k2__r0.00_k6_rep0,pmc_state_K2,hampel,1.01198,5,64,7.9055e-08,7.9055e-08,0.0032607,0.000153112,0.000153112,0.617399,0,0,0.492778,1.03375,False,0.4928|0.5072,-1.0678|0.8899,1.0338|1.0444,0.8966|0.8995,00:Gauss(0.607);01:Gauss(0.015);10:Gauss(0.187);11:Gauss(0.617),,,0,,0,0,,0,0,,,,,2,True,0,,0,21,,10.5,,,,
fix_pmc_gauss_k2__r0.00_k6_rep0,ar1,raw,0.00180283,,,,,,,,,,,,,,,,,,,,,36,,18,21,,21,,,,,,,,,,,,,,-0.069628,0.78069,0.796105,-2610.32
fix_pmc_gauss_k2__r0.00_k6_rep0,ar1,robust,0.394648,,,,,,,,,,,,,,,,,,,,,,,,32,,32,,,,,,6,True,66,,33,,,,-0.092919,0.82408,0.621144,-2299.01
fix_pmc_gauss_k2__r0.00_k6_rep2,pmc_state_K2,true,,,64,8.14317e-08,8.14317e-08,0.00559043,0.000152081,0.000152081,0.6,0,0,0.5,1,False,0.5000|0.5000,-1.0000|1.0000,1.0000|1.0000,0.9000|0.9000,00:Gauss(0.600);01:Gauss(0.000);10:Gauss(0.000);11:Gauss(0.600),,,3,,1.5,1,,1,0,2.55841e-14,0.002,,,,,,,,,,,,,,
fix_pmc_gauss_k2__r0.00_k6_rep2,pmc_state_K2,clean,0.174038,4,64,7.72893e-08,7.72893e-08,0.00881822,0.000143081,0.000143081,0.619078,0,0,0.476979,0.990454,False,0.4770|0.5230,-1.0387|1.0379,1.0043|0.9905,0.8898|0.8995,00:Gauss(0.619);01:Gauss(0.096);10:Gauss(-0.073);11:Gauss(0.607),,,,,,,,,,,,,,,,,,,,,,,,,
fix_pmc_gauss_k2__r0.00_k6_rep2,pmc_state_K2,raw,0.153281,4,64,7.72893e-08,7.72893e-08,0.00881822,0.000143081,0.000143081,0.619078,0,0,0.476979,0.990454,False,0.4770|0.5230,-1.0387|1.0379,1.0043|0.9905,0.8898|0.8995,00:Gauss(0.619);01:Gauss(0.096);10:Gauss(-0.073);11:Gauss(0.607),,,4,,2,1,,1,0,2.87615e-09,0.00223607,,,,,,,,,,,,,,
fix_pmc_gauss_k2__r0.00_k6_rep2,pmc_state_K2,robust,0.609679,4,64,7.46083e-08,7.46083e-08,0.00803223,0.000141268,0.000141268,0.617767,0,0,0.478548,0.982378,False,0.4785|0.5215,-1.0309|1.0425,0.9931|0.9824,0.8897|0.8987,00:Gauss(0.618);01:Gauss(0.076);10:Gauss(-0.110);11:Gauss(0.604),,,4,,2,1,,1,0,3.98857e-09,0.00223607,,,2,True,4,,2,,,,,,,
fix_pmc_gauss_k2__r0.00_k6_rep2,pmc_state_K2,hampel,1.08538,4,64,7.46083e-08,7.46083e-08,0.00803223,0.000141268,0.000141268,0.617767,0,0,0.478548,0.982378,False,0.4785|0.5215,-1.0309|1.0425,0.9931|0.9824,0.8897|0.8987,00:Gauss(0.618);01:Gauss(0.076);10:Gauss(-0.110);11:Gauss(0.604),,,4,,2,1,,1,0,3.98857e-09,0.00223607,,,3,True,4,,2,19,,9.5,,,,
fix_pmc_gauss_k2__r0.00_k6_rep2,ar1,raw,0.00204254,,,,,,,,,,,,,,,,,,,,,36,,18,13,,13,,,,,,,,,,,,,,0.0487355,0.754197,0.891423,-2723.36
fix_pmc_gauss_k2__r0.00_k6_rep2,ar1,robust,0.457027,,,,,,,,,,,,,,,,,,,,,,,,26,,26,,,,,,6,True,73,,36.5,,,,0.0577664,0.82148,0.626803,-2301.25
fix_pmc_gauss_k2__r0.00_k6_rep1,pmc_state_K2,true,,,64,7.55524e-08,7.55524e-08,0.0062774,0.00013727,0.00013727,0.6,0,0,0.5,1,False,0.5000|0.5000,-1.0000|1.0000,1.0000|1.0000,0.9000|0.9000,00:Gauss(0.600);01:Gauss(0.000);10:Gauss(0.000);11:Gauss(0.600),,,3,,1.5,0,,0,0,3.28132e-07,0.00141421,,,,,,,,,,,,,,
fix_pmc_gauss_k2__r0.00_k6_rep1,pmc_state_K2,clean,0.263028,6,64,8.93582e-08,8.93582e-08,0.00653625,0.000150601,0.000150601,0.634483,0,0,0.440629,1.07649,False,0.5594|0.4406,-0.8903|0.9327,1.0765|1.1485,0.9069|0.8819,00:Gauss(0.634);01:Gauss(0.054);10:Gauss(-0.113);11:Gauss(0.628),,,,,,,,,,,,,,,,,,,,,,,,,
fix_pmc_gauss_k2__r0.00_k6_rep1,pmc_state_K2,raw,0.211025,6,64,8.93582e-08,8.93582e-08,0.00653625,0.000150601,0.000150601,0.634483,0,0,0.440629,1.07649,False,0.5594|0.4406,-0.8903|0.9327,1.0765|1.1485,0.9069|0.8819,00:Gauss(0.634);01:Gauss(0.054);10:Gauss(-0.113);11:Gauss(0.628),,,1,,0.5,0,,0,0,3.23826e-11,0.001,,,,,,,,,,,,,,
fix_pmc_gauss_k2__r0.00_k6_rep1,pmc_state_K2,robust,0.936184,6,64,8.79439e-08,8.79439e-08,0.00678166,0.000147086,0.000147086,0.631571,0,0,0.433234,1.07232,False,0.5668|0.4332,-0.8840|0.9585,1.0723|1.1362,0.9098|0.8820,00:Gauss(0.632);01:Gauss(0.063);10:Gauss(-0.150);11:Gauss(0.626),,,1,,0.5,1,,1,0,8.8292e-10,0.00141421,,,2,True,1,,0.5,,,,,,,
fix_pmc_gauss_k2__r0.00_k6_rep1,pmc_state_K2,hampel,1.03609,6,64,8.79439e-08,8.79439e-08,0.00678166,0.000147086,0.000147086,0.631571,0,0,0.433234,1.07232,False,0.5668|0.4332,-0.8840|0.9585,1.0723|1.1362,0.9098|0.8820,00:Gauss(0.632);01:Gauss(0.063);10:Gauss(-0.150);11:Gauss(0.626),,,1,,0.5,1,,1,0,8.8292e-10,0.00141421,,,2,True,1,,0.5,17,,8.5,,,,
fix_pmc_gauss_k2__r0.00_k6_rep1,ar1,raw,0.00191042,,,,,,,,,,,,,,,,,,,,,35,,17.5,27,,27,,,,,,,,,,,,,,-0.0879543,0.771021,0.829735,-2651.68
fix_pmc_gauss_k2__r0.00_k6_rep1,ar1,robust,0.416417,,,,,,,,,,,,,,,,,,,,,,,,40,,40,,,,,,6,True,63,,31.5,,,,-0.0919896,0.82755,0.602038,-2271.79
fix_pmc_gauss_k2__r0.00_k6_rep4,pmc_state_K2,true,,,64,7.1788e-08,7.1788e-08,0.00565465,0.00012625,0.00012625,0.6,0,0,0.5,1,False,0.5000|0.5000,-1.0000|1.0000,1.0000|1.0000,0.9000|0.9000,00:Gauss(0.600);01:Gauss(0.000);10:Gauss(0.000);11:Gauss(0.600),,,1,,0.5,1,,1,0,2.02358e-12,0.00141421,,,,,,,,,,,,,,
fix_pmc_gauss_k2__r0.00_k6_rep4,pmc_state_K2,clean,0.146923,4,64,6.26153e-08,6.26153e-08,0.00411374,0.000108918,0.000108918,0.619292,0,0,0.479634,1.02101,False,0.5204|0.4796,-1.0019|1.0737,1.0212|1.0210,0.9051|0.8971,00:Gauss(0.597);01:Gauss(-0.037);10:Gauss(-0.145);11:Gauss(0.619),,,,,,,,,,,,,,,,,,,,,,,,,
fix_pmc_gauss_k2__r0.00_k6_rep4,pmc_state_K2,raw,0.145487,4,64,6.26153e-08,6.26153e-08,0.00411374,0.000108918,0.000108918,0.619292,0,0,0.479634,1.02101,False,0.5204|0.4796,-1.0019|1.0737,1.0212|1.0210,0.9051|0.8971,00:Gauss(0.597);01:Gauss(-0.037);10:Gauss(-0.145);11:Gauss(0.619),,,1,,0.5,1,,1,0,1.57429e-09,0.00141421,,,,,,,,,,,,,,
fix_pmc_gauss_k2__r0.00_k6_rep4,pmc_state_K2,robust,0.648941,4,64,6.27594e-08,6.27594e-08,0.00372101,0.00010925,0.00010925,0.618805,0,0,0.48025,1.01576,False,0.5198|0.4802,-1.0008|1.0732,1.0158|1.0210,0.9047|0.8968,00:Gauss(0.598);01:Gauss(-0.036);10:Gauss(-0.145);11:Gauss(0.619),,,1,,0.5,1,,1,0,1.57487e-09,0.00141421,,,2,True,1,,0.5,,,,,,,
fix_pmc_gauss_k2__r0.00_k6_rep4,pmc_state_K2,hampel,0.680346,4,64,6.27594e-08,6.27594e-08,0.00372101,0.00010925,0.00010925,0.618805,0,0,0.48025,1.01576,False,0.5198|0.4802,-1.0008|1.0732,1.0158|1.0210,0.9047|0.8968,00:Gauss(0.598);01:Gauss(-0.036);10:Gauss(-0.145);11:Gauss(0.619),,,1,,0.5,1,,1,0,1.57487e-09,0.00141421,,,2,True,1,,0.5,18,,9,,,,
fix_pmc_gauss_k2__r0.00_k6_rep4,ar1,raw,0.00197583,,,,,,,,,,,,,,,,,,,,,38,,19,23,,23,,,,,,,,,,,,,,-0.00288723,0.753753,0.914214,-2748.61
fix_pmc_gauss_k2__r0.00_k6_rep4,ar1,robust,0.755377,,,,,,,,,,,,,,,,,,,,,,,,47,,47,,,,,,11,True,87,,43.5,,,,0.0199578,0.833972,0.610848,-2262.33
fix_pmc_gauss_k2__r0.00_k6_rep3,pmc_state_K2,true,,,64,1.9517e-07,1.9517e-07,0.00509333,0.000535588,0.000535588,0.6,0,0,0.5,1,False,0.5000|0.5000,-1.0000|1.0000,1.0000|1.0000,0.9000|0.9000,00:Gauss(0.600);01:Gauss(0.000);10:Gauss(0.000);11:Gauss(0.600),,,1,,0.5,1,,1,0,1.83137e-14,0.00141421,,,,,,,,,,,,,,
fix_pmc_gauss_k2__r0.00_k6_rep3,pmc_state_K2,clean,0.155098,4,64,2.4062e-07,2.4062e-07,0.00590372,0.000569927,0.000569927,0.585233,0,0,0.475411,0.942448,False,0.5246|0.4754,-0.8592|0.9809,0.9424|0.9618,0.8922|0.8810,00:Gauss(0.585);01:Gauss(0.008);10:Gauss(-0.109);11:Gauss(0.573),,,,,,,,,,,,,,,,,,,,,,,,,
fix_pmc_gauss_k2__r0.00_k6_rep3,pmc_state_K2,raw,0.133566,4,64,2.4062e-07,2.4062e-07,0.00590372,0.000569927,0.000569927,0.585233,0,0,0.475411,0.942448,False,0.5246|0.4754,-0.8592|0.9809,0.9424|0.9618,0.8922|0.8810,00:Gauss(0.585);01:Gauss(0.008);10:Gauss(-0.109);11:Gauss(0.573),,,2,,1,3,,3,0,1.55453e-09,0.00223607,,,,,,,,,,,,,,
fix_pmc_gauss_k2__r0.00_k6_rep3,pmc_state_K2,robust,0.669198,5,64,2.42855e-07,2.42855e-07,0.00495065,0.000564503,0.000564503,0.580141,0,0,0.474294,0.934309,False,0.5257|0.4743,-0.8611|0.9875,0.9343|0.9514,0.8931|0.8815,00:Gauss(0.580);01:Gauss(-0.024);10:Gauss(-0.115);11:Gauss(0.566),,,2,,1,4,,4,0,2.07383e-09,0.00244949,,,2,True,2,,1,,,,,,,
fix_pmc_gauss_k2__r0.00_k6_rep3,pmc_state_K2,hampel,0.80317,5,64,2.42855e-07,2.42855e-07,0.00495065,0.000564503,0.000564503,0.580141,0,0,0.474294,0.934309,False,0.5257|0.4743,-0.8611|0.9875,0.9343|0.9514,0.8931|0.8815,00:Gauss(0.580);01:Gauss(-0.024);10:Gauss(-0.115);11:Gauss(0.566),,,2,,1,4,,4,0,2.07383e-09,0.00244949,,,2,True,2,,1,27,,13.5,,,,
fix_pmc_gauss_k2__r0.00_k6_rep3,ar1,raw,0.00188867,,,,,,,,,,,,,,,,,,,,,38,,19,16,,16,,,,,,,,,,,,,,0.0173962,0.71505,0.854797,-2681.34
fix_pmc_gauss_k2__r0.00_k6_rep3,ar1,robust,0.421806,,,,,,,,,,,,,,,,,,,,,,,,30,,30,,,,,,5,True,67,,33.5,,,,0.00931575,0.780408,0.621628,-2297.41
fix_pmc_gauss_k2__r0.00_k6_rep5,pmc_state_K2,true,,,64,7.76245e-08,7.76245e-08,0.0064412,0.000142572,0.000142572,0.6,0,0,0.5,1,False,0.5000|0.5000,-1.0000|1.0000,1.0000|1.0000,0.9000|0.9000,00:Gauss(0.600);01:Gauss(0.000);10:Gauss(0.000);11:Gauss(0.600),,,3,,1.5,1,,1,0,2.25184e-08,0.002,,,,,,,,,,,,,,
fix_pmc_gauss_k2__r0.00_k6_rep5,pmc_state_K2,clean,0.245348,6,64,8.15309e-08,8.15309e-08,0.00473168,0.000141299,0.000141299,0.611575,0,0,0.421339,0.945105,False,0.4213|0.5787,-1.0922|0.8251,0.9451|1.0351,0.8873|0.9180,00:Gauss(0.585);01:Gauss(0.020);10:Gauss(-0.075);11:Gauss(0.612),,,,,,,,,,,,,,,,,,,,,,,,,
fix_pmc_gauss_k2__r0.00_k6_rep5,pmc_state_K2,raw,0.254558,6,64,8.15309e-08,8.15309e-08,0.00473168,0.000141299,0.000141299,0.611575,0,0,0.421339,0.945105,False,0.4213|0.5787,-1.0922|0.8251,0.9451|1.0351,0.8873|0.9180,00:Gauss(0.585);01:Gauss(0.020);10:Gauss(-0.075);11:Gauss(0.612),,,3,,1.5,1,,1,0,4.25977e-08,0.002,,,,,,,,,,,,,,
fix_pmc_gauss_k2__r0.00_k6_rep5,pmc_state_K2,robust,0.767889,6,64,8.13008e-08,8.13008e-08,0.00596712,0.000143855,0.000143855,0.609685,0,0,0.421915,0.928436,False,0.4219|0.5781,-1.0902|0.8285,0.9284|1.0253,0.8864|0.9171,00:Gauss(0.585);01:Gauss(0.024);10:Gauss(0.025);11:Gauss(0.610),,,3,,1.5,1,,1,0,3.17187e-08,0.002,,,2,True,3,,1.5,,,,,,,
fix_pmc_gauss_k2__r0.00_k6_rep5,pmc_state_K2,hampel,1.23918,6,64,8.13008e-08,8.13008e-08,0.00596712,0.000143855,0.000143855,0.609685,0,0,0.421915,0.928436,False,0.4219|0.5781,-1.0902|0.8285,0.9284|1.0253,0.8864|0.9171,00:Gauss(0.585);01:Gauss(0.024);10:Gauss(0.025);11:Gauss(0.610),,,3,,1.5,1,,1,0,3.17187e-08,0.002,,,2,True,3,,1.5,15,,7.5,,,,
fix_pmc_gauss_k2__r0.00_k6_rep5,ar1,raw,0.00195404,,,,,,,,,,,,,,,,,,,,,34,,17,26,,26,,,,,,,,,,,,,,0.0151577,0.759896,0.798842,-2613.71
fix_pmc_gauss_k2__r0.00_k6_rep5,ar1,robust,0.539857,,,,,,,,,,,,,,,,,,,,,,,,40,,40,,,,,,7,True,63,,31.5,,,,0.0121309,0.822786,0.573217,-2224.81
aotizhongxin__clean,pmc_pair_K3,raw,45.5329,50,64,0.000343051,0.000343051,0.0373697,4.29581,4.29581,0.860158,0,0,0.187927,0.38166,False,0.1879|0.4931|0.3189,2.4121|4.1370|5.1110,0.6767|0.5922|0.3926,0.5261|0.8006|0.6533,00:GH(0.688);01:Frank(0.684);02:GH(0.517);10:Gauss(0.584);11:GH(0.860);12:Frank(0.546);20:GH(0.582);21:Gauss(0.541);22:GH(0.807),0.0075203,0.00479583,12,,1.82927,2,,0.924642,0,0.00852269,0.00574456,524.381,True,,,,,,,,,,,,
aotizhongxin__clean,pmc_pair_K3,robust,162.038,29,128,0.0042397,0.0219524,0.0453383,7.03635,81.2935,0.902274,0,0,0.142389,0.0213416,False,0.1424|0.4406|0.4170,2.3663|4.0109|4.5196,0.5395|0.8724|0.6717,0.5950|0.7737|0.8979,00:GH(0.705);01:Frank(0.553);02:Frank(0.775);10:GH(0.560);11:GH(0.829);12:Frank(0.783);20:Gauss(-0.877);21:Gauss(0.664);22:GH(0.902),0.0119485,0.00479583,18,,2.7439,0,,0,0,0.212629,0.00583095,,True,4,True,18,,2.7439,,,,,,,
fix_pmc_gauss_k2__r0.00_k6_rep6,pmc_state_K2,true,,,64,4.59968e-06,4.59968e-06,0.019063,0.0132774,0.0132774,0.6,0,0,0.5,1,False,0.5000|0.5000,-1.0000|1.0000,1.0000|1.0000,0.9000|0.9000,00:Gauss(0.600);01:Gauss(0.000);10:Gauss(0.000);11:Gauss(0.600),,,2,,1,3,,3,0,3.13892e-11,0.00223607,,,,,,,,,,,,,,
fix_pmc_gauss_k2__r0.00_k6_rep6,pmc_state_K2,clean,0.211048,6,64,1.32934e-05,1.32934e-05,0.0132902,0.0262062,0.0262062,0.637533,0,0,0.457403,0.900293,False,0.5426|0.4574,-0.9614|1.1222,1.0965|0.9003,0.9152|0.8994,00:Gauss(0.638);01:Gauss(-0.078);10:Gauss(-0.022);11:Gauss(0.572),,,,,,,,,,,,,,,,,,,,,,,,,
fix_pmc_gauss_k2__r0.00_k6_rep6,pmc_state_K2,raw,0.195107,6,64,1.32934e-05,1.32934e-05,0.0132902,0.0262062,0.0262062,0.637533,0,0,0.457403,0.900293,False,0.5426|0.4574,-0.9614|1.1222,1.0965|0.9003,0.9152|0.8994,00:Gauss(0.638);01:Gauss(-0.078);10:Gauss(-0.022);11:Gauss(0.572),,,2,,1,3,,3,0,4.76618e-09,0.00223607,,,,,,,,,,,,,,
fix_pmc_gauss_k2__r0.00_k6_rep6,pmc_state_K2,robust,0.899343,6,64,1.56285e-05,1.56285e-05,0.0170202,0.0284352,0.0284352,0.636839,0,0,0.454305,0.892344,False,0.5457|0.4543,-0.9536|1.1278,1.0923|0.8923,0.9156|0.8986,00:Gauss(0.637);01:Gauss(0.034);10:Gauss(0.052);11:Gauss(0.572),,,2,,1,3,,3,0,2.15211e-09,0.00223607,,,2,True,2,,1,,,,,,,
fix_pmc_gauss_k2__r0.00_k6_rep6,pmc_state_K2,hampel,0.829302,6,64,1.56285e-05,1.56285e-05,0.0170202,0.0284352,0.0284352,0.636839,0,0,0.454305,0.892344,False,0.5457|0.4543,-0.9536|1.1278,1.0923|0.8923,0.9156|0.8986,00:Gauss(0.637);01:Gauss(0.034);10:Gauss(0.052);11:Gauss(0.572),,,2,,1,3,,3,0,2.15211e-09,0.00223607,,,2,True,2,,1,10,,5,,,,
fix_pmc_gauss_k2__r0.00_k6_rep6,ar1,raw,0.00160396,,,,,,,,,,,,,,,,,,,,,35,,17.5,30,,30,,,,,,,,,,,,,,-0.00975696,0.795156,0.771197,-2578.63
fix_pmc_gauss_k2__r0.00_k6_rep6,ar1,robust,0.406836,,,,,,,,,,,,,,,,,,,,,,,,51,,51,,,,,,6,True,67,,33.5,,,,0.00187678,0.844481,0.566489,-2209.08
fix_pmc_gauss_k2__r0.00_k6_rep7,pmc_state_K2,true,,,64,7.65582e-08,7.65582e-08,0.0027853,0.000139224,0.000139224,0.6,0,0,0.5,1,False,0.5000|0.5000,-1.0000|1.0000,1.0000|1.0000,0.9000|0.9000,00:Gauss(0.600);01:Gauss(0.000);10:Gauss(0.000);11:Gauss(0.600),,,6,,3,0,,0,0,6.10241e-12,0.00244949,,,,,,,,,,,,,,
fix_pmc_gauss_k2__r0.00_k6_rep7,pmc_state_K2,clean,0.225637,6,64,7.31964e-08,7.31964e-08,0.00305994,0.00014422,0.00014422,0.595417,0,0,0.479589,0.925944,False,0.5204|0.4796,-1.0741|1.1793,1.0353|0.9259,0.9016|0.8932,00:Gauss(0.595);01:Gauss(0.094);10:Gauss(0.028);11:Gauss(0.565),,,,,,,,,,,,,,,,,,,,,,,,,
fix_pmc_gauss_k2__r0.00_k6_rep7,pmc_state_K2,raw,0.193262,6,64,7.31964e-08,7.31964e-08,0.00305994,0.00014422,0.00014422,0.595417,0,0,0.479589,0.925944,False,0.5204|0.4796,-1.0741|1.1793,1.0353|0.9259,0.9016|0.8932,00:Gauss(0.595);01:Gauss(0.094);10:Gauss(0.028);11:Gauss(0.565),,,6,,3,0,,0,0,6.0702e-10,0.00244949,,,,,,,,,,,,,,
fix_pmc_gauss_k2__r0.00_k6_rep7,pmc_state_K2,robust,0.877819,6,64,6.85716e-08,6.85716e-08,0.0063365,0.000132787,0.000132787,0.587979,0,0,0.488728,0.922781,False,0.5113|0.4887,-1.0904|1.1615,1.0068|0.9228,0.9021|0.8976,00:Gauss(0.588);01:Gauss(0.072);10:Gauss(-0.105);11:Gauss(0.562),,,6,,3,0,,0,0,1.63453e-09,0.00244949,,,2,True,6,,3,,,,,,,
fix_pmc_gauss_k2__r0.00_k6_rep7,pmc_state_K2,hampel,0.935376,6,64,6.85716e-08,6.85716e-08,0.0063365,0.000132787,0.000132787,0.587979,0,0,0.488728,0.922781,False,0.5113|0.4887,-1.0904|1.1615,1.0068|0.9228,0.9021|0.8976,00:Gauss(0.588);01:Gauss(0.072);10:Gauss(-0.105);11:Gauss(0.562),,,6,,3,0,,0,0,1.63453e-09,0.00244949,,,2,True,6,,3,20,,10,,,,
fix_pmc_gauss_k2__r0.00_k6_rep7,ar1,raw,0.00209571,,,,,,,,,,,,,,,,,,,,,31,,15.5,12,,12,,,,,,,,,,,,,,0.00376219,0.775285,0.891686,-2723.7
fix_pmc_gauss_k2__r0.00_k6_rep7,ar1,robust,0.364572,,,,,,,,,,,,,,,,,,,,,,,,26,,26,,,,,,5,True,58,,29,,,,0.00503329,0.825196,0.674109,-2386.52
fix_pmc_gauss_k2__r0.00_k6_rep8,pmc_state_K2,true,,,64,1.16729e-07,1.16729e-07,0.00626657,0.000259178,0.000259178,0.6,0,0,0.5,1,False,0.5000|0.5000,-1.0000|1.0000,1.0000|1.0000,0.9000|0.9000,00:Gauss(0.600);01:Gauss(0.000);10:Gauss(0.000);11:Gauss(0.600),,,4,,2,0,,0,0,7.48105e-08,0.00173205,,,,,,,,,,,,,,
fix_pmc_gauss_k2__r0.00_k6_rep8,pmc_state_K2,clean,0.126444,4,64,1.1267e-07,1.1267e-07,0.00450647,0.000236193,0.000236193,0.61836,0,0,0.497698,0.974284,False,0.4977|0.5023,-0.8318|1.0530,1.0179|0.9743,0.8855|0.8865,00:Gauss(0.618);01:Gauss(-0.036);10:Gauss(0.050);11:Gauss(0.588),,,,,,,,,,,,,,,,,,,,,,,,,
fix_pmc_gauss_k2__r0.00_k6_rep8,pmc_state_K2,raw,0.110656,4,64,1.1267e-07,1.1267e-07,0.00450647,0.000236193,0.000236193,0.61836,0,0,0.497698,0.974284,False,0.4977|0.5023,-0.8318|1.0530,1.0179|0.9743,0.8855|0.8865,00:Gauss(0.618);01:Gauss(-0.036);10:Gauss(0.050);11:Gauss(0.588),,,4,,2,0,,0,0,1.47614e-07,0.00173205,,,,,,,,,,,,,,
fix_pmc_gauss_k2__r0.00_k6_rep8,pmc_state_K2,robust,0.726039,4,64,1.15276e-07,1.15276e-07,0.00468028,0.000244007,0.000244007,0.613208,0,0,0.499654,0.96162,False,0.5003|0.4997,-0.8259|1.0574,1.0067|0.9616,0.8859|0.8857,00:Gauss(0.613);01:Gauss(-0.023);10:Gauss(0.017);11:Gauss(0.585),,,4,,2,0,,0,0,1.32303e-07,0.00173205,,,2,True,4,,2,,,,,,,
fix_pmc_gauss_k2__r0.00_k6_rep8,pmc_state_K2,hampel,0.680148,4,64,1.15276e-07,1.15276e-07,0.00468028,0.000244007,0.000244007,0.613208,0,0,0.499654,0.96162,False,0.5003|0.4997,-0.8259|1.0574,1.0067|0.9616,0.8859|0.8857,00:Gauss(0.613);01:Gauss(-0.023);10:Gauss(0.017);11:Gauss(0.585),,,4,,2,0,,0,0,1.32303e-07,0.00173205,,,2,True,4,,2,25,,12.5,,,,
fix_pmc_gauss_k2__r0.00_k6_rep8,ar1,raw,0.00122638,,,,,,,,,,,,,,,,,,,,,40,,20,18,,18,,,,,,,,,,,,,,0.114894,0.735571,0.862479,-2690.32
fix_pmc_gauss_k2__r0.00_k6_rep8,ar1,robust,0.428861,,,,,,,,,,,,,,,,,,,,,,,,40,,40,,,,,,8,True,87,,43.5,,,,0.118814,0.815356,0.569992,-2195.86
fix_pmc_gauss_k2__r0.00_k6_rep9,pmc_state_K2,true,,,64,2.09218e-07,2.09218e-07,0.00547031,0.000578096,0.000578096,0.6,0,0,0.5,1,False,0.5000|0.5000,-1.0000|1.0000,1.0000|1.0000,0.9000|0.9000,00:Gauss(0.600);01:Gauss(0.000);10:Gauss(0.000);11:Gauss(0.600),,,6,,3,0,,0,0,1.35758e-07,0.002,,,,,,,,,,,,,,
fix_pmc_gauss_k2__r0.00_k6_rep9,pmc_state_K2,clean,0.263896,7,64,1.72335e-07,1.72335e-07,0.00531949,0.000551521,0.000551521,0.613275,0,0,0.437273,0.920786,False,0.4373|0.5627,-1.1834|0.9356,0.9208|1.0703,0.9037|0.9252,00:Gauss(0.588);01:Gauss(0.128);10:Gauss(0.042);11:Gauss(0.613),,,,,,,,,,,,,,,,,,,,,,,,,
fix_pmc_gauss_k2__r0.00_k6_rep9,pmc_state_K2,raw,0.255478,7,64,1.72335e-07,1.72335e-07,0.00531949,0.000551521,0.000551521,0.613275,0,0,0.437273,0.920786,False,0.4373|0.5627,-1.1834|0.9356,0.9208|1.0703,0.9037|0.9252,00:Gauss(0.588);01:Gauss(0.128);10:Gauss(0.042);11:Gauss(0.613),,,4,,2,0,,0,0,3.07956e-09,0.002,,,,,,,,,,,,,,
fix_pmc_gauss_k2__r0.00_k6_rep9,pmc_state_K2,robust,2.10666,7,64,1.84598e-07,1.84598e-07,0.00647787,0.000581618,0.000581618,0.606471,0,0,0.438347,0.906562,False,0.4383|0.5617,-1.1792|0.9341,0.9066|1.0530,0.9036|0.9247,00:Gauss(0.583);01:Gauss(0.048);10:Gauss(0.011);11:Gauss(0.606),,,6,,3,0,,0,0,1.32766e-07,0.002,,,3,True,6,,3,,,,,,,
fix_pmc_gauss_k2__r0.00_k6_rep9,pmc_state_K2,hampel,1.57698,7,64,1.84598e-07,1.84598e-07,0.00647787,0.000581618,0.000581618,0.606471,0,0,0.438347,0.906562,False,0.4383|0.5617,-1.1792|0.9341,0.9066|1.0530,0.9036|0.9247,00:Gauss(0.583);01:Gauss(0.048);10:Gauss(0.011);11:Gauss(0.606),,,6,,3,0,,0,0,1.32766e-07,0.002,,,3,True,6,,3,12,,6,,,,
fix_pmc_gauss_k2__r0.00_k6_rep9,ar1,raw,0.00285913,,,,,,,,,,,,,,,,,,,,,46,,23,20,,20,,,,,,,,,,,,,,0.0105251,0.792417,0.787749,-2599.79
fix_pmc_gauss_k2__r0.00_k6_rep9,ar1,robust,0.440985,,,,,,,,,,,,,,,,,,,,,,,,44,,44,,,,,,6,True,75,,37.5,,,,0.0179406,0.850571,0.548575,-2171.78
fix_pmc_gauss_k2__r0.01_k6_rep0,pmc_state_K2,true,,,64,8.70617e-08,8.70617e-08,0.00547375,0.000168514,0.000168514,0.6,0,0,0.5,1,False,0.5000|0.5000,-1.0000|1.0000,1.0000|1.0000,0.9000|0.9000,00:Gauss(0.600);01:Gauss(0.000);10:Gauss(0.000);11:Gauss(0.600),,,22,1,0,8,1,0,0,6.13789e-12,0.00547723,,,,,,,,,,,,,,
fix_pmc_gauss_k2__r0.01_k6_rep0,pmc_state_K2,clean,0.13128,5,64,7.9055e-08,7.9055e-08,0.0032607,0.000153112,0.000153112,0.617399,0,0,0.492778,1.03375,False,0.4928|0.5072,-1.0678|0.8899,1.0338|1.0444,0.8966|0.8995,00:Gauss(0.607);01:Gauss(0.015);10:Gauss(0.187);11:Gauss(0.617),,,,,,,,,,,,,,,,,,,,,,,,,
fix_pmc_gauss_k2__r0.01_k6_rep0,pmc_state_K2,raw,1.55933,50,64,1.10462e-06,1.10462e-06,0.00942197,0.00531134,0.00531134,0.839061,0,0,0.246288,1.38477,False,0.7537|0.2463,-0.1547|0.5496,1.3848|2.2221,0.8934|0.6739,00:Gauss(0.707);01:Gauss(0.017);10:Gauss(-0.055);11:Gauss(0.839),,,20,0.909091,0,8,1,0,0,3.48264e-10,0.0052915,,,,,,,,,,,,,,
fix_pmc_gauss_k2__r0.01_k6_rep0,pmc_state_K2,robust,3.40759,5,64,7.95524e-08,7.95524e-08,0.00323113,0.000154088,0.000154088,0.616914,0,0,0.49108,1.03239,False,0.4911|0.5089,-1.0728|0.8904,1.0324|1.0461,0.8959|0.8995,00:Gauss(0.606);01:Gauss(0.016);10:Gauss(0.180);11:Gauss(0.617),,,22,1,0,8,1,0,0,1.26376e-08,0.00547723,,,3,True,22,1,0,,,,,,,
fix_pmc_gauss_k2__r0.01_k6_rep0,pmc_state_K2,hampel,0.913,5,64,7.95524e-08,7.95524e-08,0.00323113,0.000154088,0.000154088,0.616914,0,0,0.49108,1.03239,False,0.4911|0.5089,-1.0728|0.8904,1.0324|1.0461,0.8959|0.8995,00:Gauss(0.606);01:Gauss(0.016);10:Gauss(0.180);11:Gauss(0.617),,,22,1,0,8,1,0,0,1.26376e-08,0.00547723,,,2,True,22,1,0,40,0.909091,10.1112,,,,
fix_pmc_gauss_k2__r0.01_k6_rep0,ar1,raw,0.00142183,,,,,,,,,,,,,,,,,,,,,22,1,0,8,1,0,,,,,,,,,,,,,,0.0202789,0.549182,1.92283,-3491.88
fix_pmc_gauss_k2__r0.01_k6_rep0,ar1,robust,0.441452,,,,,,,,,,,,,,,,,,,,,,,,38,1,30.2419,,,,,,8,True,88,1,33.367,,,,-0.0920902,0.823536,0.623342,-2281.67
fix_pmc_gauss_k2__r0.01_k6_rep1,pmc_state_K2,true,,,64,7.65076e-08,7.65076e-08,0.00517654,0.000139767,0.000139767,0.6,0,0,0.5,1,False,0.5000|0.5000,-1.0000|1.0000,1.0000|1.0000,0.9000|0.9000,00:Gauss(0.600);01:Gauss(0.000);10:Gauss(0.000);11:Gauss(0.600),,,23,1,1.51515,10,1,0,0,3.35946e-07,0.00565685,,,,,,,,,,,,,,
fix_pmc_gauss_k2__r0.01_k6_rep1,pmc_state_K2,clean,0.187636,6,64,8.93582e-08,8.93582e-08,0.00653625,0.000150601,0.000150601,0.634483,0,0,0.440629,1.07649,False,0.5594|0.4406,-0.8903|0.9327,1.0765|1.1485,0.9069|0.8819,00:Gauss(0.634);01:Gauss(0.054);10:Gauss(-0.113);11:Gauss(0.628),,,,,,,,,,,,,,,,,,,,,,,,,
fix_pmc_gauss_k2__r0.01_k6_rep1,pmc_state_K2,raw,0.947981,27,64,1.55843e-06,1.55843e-06,0.00796093,0.0196234,0.0196234,0.883074,0,0,0.134014,1.38379,False,0.8660|0.1340,-0.1641|1.0556,1.3838|2.6736,0.9137|0.4424,00:Gauss(0.709);01:Gauss(0.095);10:Gauss(-0.021);11:Gauss(0.883),,,15,0.75,0,8,0.8,0,0,4.95804e-08,0.00479583,,,,,,,,,,,,,,
fix_pmc_gauss_k2__r0.01_k6_rep1,pmc_state_K2,robust,2.81743,6,64,8.86132e-08,8.86132e-08,0.00680749,0.000149139,0.000149139,0.631673,0,0,0.432258,1.07236,False,0.5677|0.4323,-0.8803|0.9593,1.0724|1.1401,0.9097|0.8814,00:Gauss(0.632);01:Gauss(0.066);10:Gauss(-0.166);11:Gauss(0.628),,,21,1,0.505051,11,1,1.0101,0,1.23414e-08,0.00565685,,,3,True,21,1,0.505051,,,,,,,
fix_pmc_gauss_k2__r0.01_k6_rep1,pmc_state_K2,hampel,0.929963,6,64,8.86132e-08,8.86132e-08,0.00680749,0.000149139,0.000149139,0.631673,0,0,0.432258,1.07236,False,0.5677|0.4323,-0.8803|0.9593,1.0724|1.1401,0.9097|0.8814,00:Gauss(0.632);01:Gauss(0.066);10:Gauss(-0.166);11:Gauss(0.628),,,21,1,0.505051,11,1,1.0101,0,1.23414e-08,0.00565685,,,2,True,21,1,0.505051,35,0.95,8.08081,,,,
fix_pmc_gauss_k2__r0.01_k6_rep1,ar1,raw,0.00142338,,,,,,,,,,,,,,,,,,,,,21,1,0.505051,10,1,0,,,,,,,,,,,,,,-0.000891406,0.563263,1.90309,-3481.54
fix_pmc_gauss_k2__r0.01_k6_rep1,ar1,robust,0.459348,,,,,,,,,,,,,,,,,,,,,,,,50,1,40.404,,,,,,8,True,81,1,30.8081,,,,-0.0931755,0.826542,0.605703,-2261.29
fix_pmc_gauss_k2__r0.01_k6_rep2,pmc_state_K2,true,,,64,8.14379e-08,8.14379e-08,0.00559043,0.000152102,0.000152102,0.6,0,0,0.5,1,False,0.5000|0.5000,-1.0000|1.0000,1.0000|1.0000,0.9000|0.9000,00:Gauss(0.600);01:Gauss(0.000);10:Gauss(0.000);11:Gauss(0.600),,,28,1,1.51899,6,1,1.00503,0,2.03295e-07,0.00574456,,,,,,,,,,,,,,
fix_pmc_gauss_k2__r0.01_k6_rep2,pmc_state_K2,clean,0.11594,4,64,7.72893e-08,7.72893e-08,0.00881822,0.000143081,0.000143081,0.619078,0,0,0.476979,0.990454,False,0.4770|0.5230,-1.0387|1.0379,1.0043|0.9905,0.8898|0.8995,00:Gauss(0.619);01:Gauss(0.096);10:Gauss(-0.073);11:Gauss(0.607),,,,,,,,,,,,,,,,,,,,,,,,,
fix_pmc_gauss_k2__r0.01_k6_rep2,pmc_state_K2,raw,0.957829,27,64,1.37175e-06,1.37175e-06,0.00930562,0.0104017,0.0104017,0.865635,0,0,0.154874,1.40223,False,0.8451|0.1549,0.0238|0.8597,1.4022|2.7571,0.9011|0.4606,00:Gauss(0.732);01:Gauss(-0.023);10:Gauss(-0.030);11:Gauss(0.866),,,17,0.68,0,5,1,0,0,3.55121e-09,0.00469042,,,,,,,,,,,,,,
fix_pmc_gauss_k2__r0.01_k6_rep2,pmc_state_K2,robust,2.81499,4,64,7.63664e-08,7.63664e-08,0.0087691,0.000141287,0.000141287,0.613613,0,0,0.475969,0.98677,False,0.4760|0.5240,-1.0361|1.0357,0.9876|0.9868,0.8896|0.8997,00:Gauss(0.614);01:Gauss(0.093);10:Gauss(-0.124);11:Gauss(0.605),,,29,1,2.02532,6,1,1.00503,0,2.03153e-07,0.00583095,,,4,True,29,1,2.02532,,,,,,,
fix_pmc_gauss_k2__r0.01_k6_rep2,pmc_state_K2,hampel,1.53286,4,64,7.63664e-08,7.63664e-08,0.0087691,0.000141287,0.000141287,0.613613,0,0,0.475969,0.98677,False,0.4760|0.5240,-1.0361|1.0357,0.9876|0.9868,0.8896|0.8997,00:Gauss(0.614);01:Gauss(0.093);10:Gauss(-0.124);11:Gauss(0.605),,,29,1,2.02532,6,1,1.00503,0,2.03153e-07,0.00583095,,,3,True,29,1,2.02532,38,0.84,8.60759,,,,
fix_pmc_gauss_k2__r0.01_k6_rep2,ar1,raw,0.00121021,,,,,,,,,,,,,,,,,,,,,25,1,0,5,1,0,,,,,,,,,,,,,,0.153313,0.500044,2.19673,-3624.99
fix_pmc_gauss_k2__r0.01_k6_rep2,ar1,robust,0.416285,,,,,,,,,,,,,,,,,,,,,,,,31,1,26.1307,,,,,,8,True,97,0.96,36.962,,,,0.0662576,0.823248,0.629473,-2282.71
fix_pmc_gauss_k2__r0.01_k6_rep3,pmc_state_K2,true,,,64,1.44622e-07,1.44622e-07,0.00622263,0.000332559,0.000332559,0.6,0,0,0.5,1,False,0.5000|0.5000,-1.0000|1.0000,1.0000|1.0000,0.9000|0.9000,00:Gauss(0.600);01:Gauss(0.000);10:Gauss(0.000);11:Gauss(0.600),,,21,1,0.505051,11,1,1.0101,0,1.35955e-08,0.00556776,,,,,,,,,,,,,,
fix_pmc_gauss_k2__r0.01_k6_rep3,pmc_state_K2,clean,0.123616,4,64,2.4062e-07,2.4062e-07,0.00590372,0.000569927,0.000569927,0.585233,0,0,0.475411,0.942448,False,0.5246|0.4754,-0.8592|0.9809,0.9424|0.9618,0.8922|0.8810,00:Gauss(0.585);01:Gauss(0.008);10:Gauss(-0.109);11:Gauss(0.573),,,,,,,,,,,,,,,,,,,,,,,,,
fix_pmc_gauss_k2__r0.01_k6_rep3,pmc_state_K2,raw,0.37124,15,64,1.49588e-06,1.49588e-06,0.0093559,0.0073591,0.0073591,0.844554,0,0,0.200521,1.23942,False,0.7995|0.2005,-0.0613|0.7274,1.2394|2.3770,0.8953|0.5824,00:Gauss(0.681);01:Gauss(0.084);10:Gauss(0.070);11:Gauss(0.845),,,17,0.85,0,9,0.9,0,0,1.73262e-08,0.00509902,,,,,,,,,,,,,,
fix_pmc_gauss_k2__r0.01_k6_rep3,pmc_state_K2,robust,1.39014,5,64,1.96247e-07,1.96247e-07,0.00525134,0.000393635,0.000393635,0.576593,0,0,0.481196,0.921907,False,0.5188|0.4812,-0.8754|0.9727,0.9219|0.9467,0.8920|0.8836,00:Gauss(0.577);01:Gauss(0.001);10:Gauss(-0.120);11:Gauss(0.566),,,22,1,1.0101,15,1,5.05051,0,2.34769e-07,0.00591608,,,3,True,22,1,1.0101,,,,,,,
fix_pmc_gauss_k2__r0.01_k6_rep3,pmc_state_K2,hampel,4.45174,5,64,1.96247e-07,1.96247e-07,0.00525134,0.000393635,0.000393635,0.576593,0,0,0.481196,0.921907,False,0.5188|0.4812,-0.8754|0.9727,0.9219|0.9467,0.8920|0.8836,00:Gauss(0.577);01:Gauss(0.001);10:Gauss(-0.120);11:Gauss(0.566),,,22,1,1.0101,15,1,5.05051,0,2.34769e-07,0.00591608,,,3,True,22,1,1.0101,41,0.75,13.1313,,,,
fix_pmc_gauss_k2__r0.01_k6_rep3,ar1,raw,0.00140875,,,,,,,,,,,,,,,,,,,,,22,1,1.0101,10,1,0,,,,,,,,,,,,,,0.097508,0.536512,1.75183,-3398.69
fix_pmc_gauss_k2__r0.01_k6_rep3,ar1,robust,0.373161,,,,,,,,,,,,,,,,,,,,,,,,40,1,30.303,,,,,,6,True,85,1,32.8283,,,,0.00942747,0.781194,0.62116,-2279.61
fix_pmc_gauss_k2__r0.01_k6_rep4,pmc_state_K2,true,,,64,7.14784e-08,7.14784e-08,0.00565465,0.000125177,0.000125177,0.6,0,0,0.5,1,False,0.5000|0.5000,-1.0000|1.0000,1.0000|1.0000,0.9000|0.9000,00:Gauss(0.600);01:Gauss(0.000);10:Gauss(0.000);11:Gauss(0.600),,,24,1,0.505817,8,1,1.00705,0,5.97181e-07,0.00565685,,,,,,,,,,,,,,
fix_pmc_gauss_k2__r0.01_k6_rep4,pmc_state_K2,clean,0.107246,4,64,6.26153e-08,6.26153e-08,0.00411374,0.000108918,0.000108918,0.619292,0,0,0.479634,1.02101,False,0.5204|0.4796,-1.0019|1.0737,1.0212|1.0210,0.9051|0.8971,00:Gauss(0.597);01:Gauss(-0.037);10:Gauss(-0.145);11:Gauss(0.619),,,,,,,,,,,,,,,,,,,,,,,,,
fix_pmc_gauss_k2__r0.01_k6_rep4,pmc_state_K2,raw,0.866261,30,64,1.27317e-06,1.27317e-06,0.00761392,0.00699797,0.00699797,0.849174,0,0,0.185481,1.38701,False,0.8145|0.1855,-0.1015|0.9579,1.3870|2.5421,0.9075|0.5939,00:Gauss(0.716);01:Gauss(-0.004);10:Gauss(0.001);11:Gauss(0.849),,,19,0.826087,0,3,0.428571,0,0,3.40097e-11,0.00469042,,,,,,,,,,,,,,
fix_pmc_gauss_k2__r0.01_k6_rep4,pmc_state_K2,robust,2.24532,4,64,7.1325e-08,7.1325e-08,0.00699981,0.000123951,0.000123951,0.618085,0,0,0.480709,1.01185,False,0.5193|0.4807,-0.9958|1.0720,1.0118|1.0255,0.9051|0.8975,00:Gauss(0.598);01:Gauss(0.020);10:Gauss(-0.123);11:Gauss(0.618),,,24,1,0.505817,8,1,1.00705,0,2.04028e-07,0.00565685,,,3,True,24,1,0.505817,,,,,,,
fix_pmc_gauss_k2__r0.01_k6_rep4,pmc_state_K2,hampel,0.954786,4,64,7.1325e-08,7.1325e-08,0.00699981,0.000123951,0.000123951,0.618085,0,0,0.480709,1.01185,False,0.5193|0.4807,-0.9958|1.0720,1.0118|1.0255,0.9051|0.8975,00:Gauss(0.598);01:Gauss(0.020);10:Gauss(-0.123);11:Gauss(0.618),,,24,1,0.505817,8,1,1.00705,0,2.04028e-07,0.00565685,,,2,True,24,1,0.505817,35,0.869565,7.58725,,,,
fix_pmc_gauss_k2__r0.01_k6_rep4,ar1,raw,0.00157254,,,,,,,,,,,,,,,,,,,,,23,0.956522,0.505817,7,1,0,,,,,,,,,,,,,,0.0961226,0.535178,2.09419,-3577.23
fix_pmc_gauss_k2__r0.01_k6_rep4,ar1,robust,0.482603,,,,,,,,,,,,,,,,,,,,,,,,52,1,45.3172,,,,,,9,True,106,0.956522,42.4886,,,,0.0330041,0.834704,0.612909,-2247.94
fix_pmc_gauss_k2__r0.01_k6_rep5,pmc_state_K2,true,,,64,7.76245e-08,7.76245e-08,0.00653292,0.000142572,0.000142572,0.6,0,0,0.5,1,False,0.5000|0.5000,-1.0000|1.0000,1.0000|1.0000,0.9000|0.9000,00:Gauss(0.600);01:Gauss(0.000);10:Gauss(0.000);11:Gauss(0.600),,,21,1,1.51362,13,1,1.01215,0,7.06095e-08,0.00583095,,,,,,,,,,,,,,
fix_pmc_gauss_k2__r0.01_k6_rep5,pmc_state_K2,clean,0.19898,6,64,8.15309e-08,8.15309e-08,0.00473168,0.000141299,0.000141299,0.611575,0,0,0.421339,0.945105,False,0.4213|0.5787,-1.0922|0.8251,0.9451|1.0351,0.8873|0.9180,00:Gauss(0.585);01:Gauss(0.020);10:Gauss(-0.075);11:Gauss(0.612),,,,,,,,,,,,,,,,,,,,,,,,,
fix_pmc_gauss_k2__r0.01_k6_rep5,pmc_state_K2,raw,0.907275,32,64,2.29763e-06,2.29763e-06,0.00758008,0.0290374,0.0290374,0.889202,0,0,0.150753,1.32096,False,0.8492|0.1508,-0.0022|0.6266,1.3210|2.6362,0.9131|0.5107,00:Gauss(0.703);01:Gauss(0.089);10:Gauss(0.025);11:Gauss(0.889),,,19,1,0.504541,12,1,0,0,8.72221e-08,0.00556776,,,,,,,,,,,,,,
fix_pmc_gauss_k2__r0.01_k6_rep5,pmc_state_K2,robust,1.73774,5,64,8.10788e-08,8.10788e-08,0.00567496,0.000144557,0.000144557,0.608913,0,0,0.431378,0.936443,False,0.4314|0.5686,-1.0721|0.8425,0.9364|1.0205,0.8884|0.9153,00:Gauss(0.588);01:Gauss(0.025);10:Gauss(0.025);11:Gauss(0.609),,,21,1,1.51362,13,1,1.01215,0,2.79958e-07,0.00583095,,,3,True,21,1,1.51362,,,,,,,
fix_pmc_gauss_k2__r0.01_k6_rep5,pmc_state_K2,hampel,1.5101,5,64,8.10788e-08,8.10788e-08,0.00567496,0.000144557,0.000144557,0.608913,0,0,0.431378,0.936443,False,0.4314|0.5686,-1.0721|0.8425,0.9364|1.0205,0.8884|0.9153,00:Gauss(0.588);01:Gauss(0.025);10:Gauss(0.025);11:Gauss(0.609),,,21,1,1.51362,13,1,1.01215,0,2.79958e-07,0.00583095,,,2,True,21,1,1.51362,28,0.888889,6.05449,,,,
fix_pmc_gauss_k2__r0.01_k6_rep5,ar1,raw,0.00168575,,,,,,,,,,,,,,,,,,,,,19,1,0.504541,14,1,2.02429,,,,,,,,,,,,,,0.0917658,0.56942,1.7431,-3393.73
fix_pmc_gauss_k2__r0.01_k6_rep5,ar1,robust,0.410786,,,,,,,,,,,,,,,,,,,,,,,,51,1,39.4737,,,,,,8,True,81,1,31.7861,,,,0.00951441,0.822465,0.572728,-2207.82
fix_pmc_gauss_k2__r0.01_k6_rep6,pmc_state_K2,true,,,64,4.59968e-06,4.59968e-06,0.019063,0.0132774,0.0132774,0.6,0,0,0.5,1,False,0.5000|0.5000,-1.0000|1.0000,1.0000|1.0000,0.9000|0.9000,00:Gauss(0.600);01:Gauss(0.000);10:Gauss(0.000);11:Gauss(0.600),,,19,1,1.00857,16,1,3.03951,0,2.48065e-08,0.00591608,,,,,,,,,,,,,,
fix_pmc_gauss_k2__r0.01_k6_rep6,pmc_state_K2,clean,0.164294,6,64,1.32934e-05,1.32934e-05,0.0132902,0.0262062,0.0262062,0.637533,0,0,0.457403,0.900293,False,0.5426|0.4574,-0.9614|1.1222,1.0965|0.9003,0.9152|0.8994,00:Gauss(0.638);01:Gauss(-0.078);10:Gauss(-0.022);11:Gauss(0.572),,,,,,,,,,,,,,,,,,,,,,,,,
fix_pmc_gauss_k2__r0.01_k6_rep6,pmc_state_K2,raw,0.912836,32,64,1.64769e-06,1.64769e-06,0.00794948,0.0140375,0.0140375,0.870031,0,0,0.150507,1.42623,False,0.8495|0.1505,-0.0347|0.6310,1.4262|2.5036,0.9182|0.5384,00:Gauss(0.726);01:Gauss(-0.005);10:Gauss(0.058);11:Gauss(0.870),,,14,0.823529,0,12,0.923077,0,0,6.31556e-11,0.00509902,,,,,,,,,,,,,,
fix_pmc_gauss_k2__r0.01_k6_rep6,pmc_state_K2,robust,3.27128,2,64,1.00201e-05,1.00201e-05,0.00948109,0.0243,0.0243,0.610737,0,0,0.497356,0.94193,False,0.4974|0.5026,-1.0538|1.0269,1.0533|0.9419,0.9061|0.9071,00:Gauss(0.611);01:Gauss(0.006);10:Gauss(0.026);11:Gauss(0.606),,,19,1,1.00857,15,1,2.02634,0,1.47324e-08,0.00583095,,,4,True,19,1,1.00857,,,,,,,
fix_pmc_gauss_k2__r0.01_k6_rep6,pmc_state_K2,hampel,0.691652,2,64,1.00201e-05,1.00201e-05,0.00948109,0.0243,0.0243,0.610737,0,0,0.497356,0.94193,False,0.4974|0.5026,-1.0538|1.0269,1.0533|0.9419,0.9061|0.9071,00:Gauss(0.611);01:Gauss(0.006);10:Gauss(0.026);11:Gauss(0.606),,,19,1,1.00857,15,1,2.02634,0,1.47324e-08,0.00583095,,,2,True,19,1,1.00857,27,1,5.04286,,,,
fix_pmc_gauss_k2__r0.01_k6_rep6,ar1,raw,0.00121508,,,,,,,,,,,,,,,,,,,,,20,1,1.51286,14,1,1.01317,,,,,,,,,,,,,,0.0652252,0.607573,1.71989,-3380.37
fix_pmc_gauss_k2__r0.01_k6_rep6,ar1,robust,0.372773,,,,,,,,,,,,,,,,,,,,,,,,64,1,51.6717,,,,,,7,True,83,1,33.2829,,,,0.00369234,0.8439,0.567709,-2197.27
fix_pmc_gauss_k2__r0.01_k6_rep7,pmc_state_K2,true,,,64,7.65582e-08,7.65582e-08,0.0027853,0.000139224,0.000139224,0.6,0,0,0.5,1,False,0.5000|0.5000,-1.0000|1.0000,1.0000|1.0000,0.9000|0.9000,00:Gauss(0.600);01:Gauss(0.000);10:Gauss(0.000);11:Gauss(0.600),,,29,1,3.0349,7,1,0,0,8.22004e-08,0.006,,,,,,,,,,,,,,
fix_pmc_gauss_k2__r0.01_k6_rep7,pmc_state_K2,clean,0.238894,6,64,7.31964e-08,7.31964e-08,0.00305994,0.00014422,0.00014422,0.595417,0,0,0.479589,0.925944,False,0.5204|0.4796,-1.0741|1.1793,1.0353|0.9259,0.9016|0.8932,00:Gauss(0.595);01:Gauss(0.094);10:Gauss(0.028);11:Gauss(0.565),,,,,,,,,,,,,,,,,,,,,,,,,
fix_pmc_gauss_k2__r0.01_k6_rep7,pmc_state_K2,raw,1.08155,32,64,1.6026e-06,1.6026e-06,0.0100167,0.0194552,0.0194552,0.883428,0,0,0.136384,1.47261,False,0.8636|0.1364,-0.0321|0.9923,1.4726|2.8365,0.9059|0.4042,00:Gauss(0.720);01:Gauss(-0.007);10:Gauss(0.092);11:Gauss(0.883),,,16,0.695652,0,4,0.571429,0,0,1.78811e-09,0.00447214,,,,,,,,,,,,,,
fix_pmc_gauss_k2__r0.01_k6_rep7,pmc_state_K2,robust,2.49251,6,64,6.8596e-08,6.8596e-08,0.00686245,0.000133438,0.000133438,0.589173,0,0,0.484304,0.911875,False,0.5157|0.4843,-1.0855|1.1756,1.0060|0.9119,0.9017|0.8953,00:Gauss(0.589);01:Gauss(0.078);10:Gauss(-0.099);11:Gauss(0.558),,,29,1,3.0349,7,1,0,0,7.20512e-08,0.006,,,4,True,29,1,3.0349,,,,,,,
fix_pmc_gauss_k2__r0.01_k6_rep7,pmc_state_K2,hampel,1.21434,6,64,6.8596e-08,6.8596e-08,0.00686245,0.000133438,0.000133438,0.589173,0,0,0.484304,0.911875,False,0.5157|0.4843,-1.0855|1.1756,1.0060|0.9119,0.9017|0.8953,00:Gauss(0.589);01:Gauss(0.078);10:Gauss(-0.099);11:Gauss(0.558),,,29,1,3.0349,7,1,0,0,7.20512e-08,0.006,,,2,True,29,1,3.0349,39,0.869565,9.61052,,,,
fix_pmc_gauss_k2__r0.01_k6_rep7,ar1,raw,0.00187408,,,,,,,,,,,,,,,,,,,,,23,1,0,7,1,0,,,,,,,,,,,,,,0.106539,0.555384,2.13896,-3598.38
fix_pmc_gauss_k2__r0.01_k6_rep7,ar1,robust,0.285481,,,,,,,,,,,,,,,,,,,,,,,,33,1,26.1833,,,,,,5,True,81,1,29.3374,,,,0.0135772,0.820716,0.684419,-2378.31
fix_pmc_gauss_k2__r0.01_k6_rep8,pmc_state_K2,true,,,64,1.16729e-07,1.16729e-07,0.00810108,0.000259178,0.000259178,0.6,0,0,0.5,1,False,0.5000|0.5000,-1.0000|1.0000,1.0000|1.0000,0.9000|0.9000,00:Gauss(0.600);01:Gauss(0.000);10:Gauss(0.000);11:Gauss(0.600),,,24,1,2.0202,10,1,0,0,9.22797e-08,0.00574456,,,,,,,,,,,,,,
fix_pmc_gauss_k2__r0.01_k6_rep8,pmc_state_K2,clean,0.0982329,4,64,1.1267e-07,1.1267e-07,0.00450647,0.000236193,0.000236193,0.61836,0,0,0.497698,0.974284,False,0.4977|0.5023,-0.8318|1.0530,1.0179|0.9743,0.8855|0.8865,00:Gauss(0.618);01:Gauss(-0.036);10:Gauss(0.050);11:Gauss(0.588),,,,,,,,,,,,,,,,,,,,,,,,,
fix_pmc_gauss_k2__r0.01_k6_rep8,pmc_state_K2,raw,0.724094,29,64,1.30259e-06,1.30259e-06,0.0169627,0.0104924,0.0104924,0.867922,0,0,0.134131,1.32794,False,0.8659|0.1341,0.1303|0.6357,1.3279|2.6888,0.9074|0.4023,00:Gauss(0.703);01:Gauss(-0.033);10:Gauss(0.017);11:Gauss(0.868),,,12,0.6,0,6,0.6,0,0,2.08352e-09,0.00424264,,,,,,,,,,,,,,
fix_pmc_gauss_k2__r0.01_k6_rep8,pmc_state_K2,robust,2.29187,4,64,1.14584e-07,1.14584e-07,0.0046982,0.000242237,0.000242237,0.61413,0,0,0.499087,0.960457,False,0.5009|0.4991,-0.8252|1.0630,1.0089|0.9605,0.8859|0.8855,00:Gauss(0.614);01:Gauss(-0.026);10:Gauss(0.019);11:Gauss(0.583),,,24,1,2.0202,10,1,0,0,1.69094e-07,0.00574456,,,4,True,24,1,2.0202,,,,,,,
fix_pmc_gauss_k2__r0.01_k6_rep8,pmc_state_K2,hampel,1.37623,4,64,1.14584e-07,1.14584e-07,0.0046982,0.000242237,0.000242237,0.61413,0,0,0.499087,0.960457,False,0.5009|0.4991,-0.8252|1.0630,1.0089|0.9605,0.8859|0.8855,00:Gauss(0.614);01:Gauss(-0.026);10:Gauss(0.019);11:Gauss(0.583),,,24,1,2.0202,10,1,0,0,1.69094e-07,0.00574456,,,3,True,24,1,2.0202,42,0.9,12.1212,,,,
fix_pmc_gauss_k2__r0.01_k6_rep8,ar1,raw,0.00116133,,,,,,,,,,,,,,,,,,,,,22,1,1.0101,10,1,0,,,,,,,,,,,,,,0.19804,0.541041,1.78613,-3418.1
fix_pmc_gauss_k2__r0.01_k6_rep8,ar1,robust,0.472245,,,,,,,,,,,,,,,,,,,,,,,,49,1,39.3939,,,,,,9,True,106,1,43.4343,,,,0.121514,0.813925,0.574461,-2186.41
fix_pmc_gauss_k2__r0.01_k6_rep9,pmc_state_K2,true,,,64,2.09218e-07,2.09218e-07,0.00547031,0.000578096,0.000578096,0.6,0,0,0.5,1,False,0.5000|0.5000,-1.0000|1.0000,1.0000|1.0000,0.9000|0.9000,00:Gauss(0.600);01:Gauss(0.000);10:Gauss(0.000);11:Gauss(0.600),,,28,1,3.03337,8,1,0,0,1.3581e-07,0.00583095,,,,,,,,,,,,,,
fix_pmc_gauss_k2__r0.01_k6_rep9,pmc_state_K2,clean,0.173549,7,64,1.72335e-07,1.72335e-07,0.00531949,0.000551521,0.000551521,0.613275,0,0,0.437273,0.920786,False,0.4373|0.5627,-1.1834|0.9356,0.9208|1.0703,0.9037|0.9252,00:Gauss(0.588);01:Gauss(0.128);10:Gauss(0.042);11:Gauss(0.613),,,,,,,,,,,,,,,,,,,,,,,,,
fix_pmc_gauss_k2__r0.01_k6_rep9,pmc_state_K2,raw,0.857016,25,64,1.62988e-06,1.62988e-06,0.0132717,0.0125615,0.0125615,0.870708,0,0,0.119155,1.42043,False,0.8808|0.1192,-0.0025|0.8866,1.4204|2.9798,0.9209|0.4153,00:Gauss(0.725);01:Gauss(0.024);10:Gauss(0.050);11:Gauss(0.871),,,12,0.545455,0,4,0.5,0,0,1.15135e-09,0.004,,,,,,,,,,,,,,
fix_pmc_gauss_k2__r0.01_k6_rep9,pmc_state_K2,robust,2.89849,7,64,1.8704e-07,1.8704e-07,0.00615392,0.000590777,0.000590777,0.608398,0,0,0.43109,0.900361,False,0.4311|0.5689,-1.1917|0.9151,0.9004|1.0590,0.9010|0.9249,00:Gauss(0.584);01:Gauss(0.023);10:Gauss(-0.009);11:Gauss(0.608),,,28,1,3.03337,8,1,0,0,1.1417e-07,0.00583095,,,5,True,28,1,3.03337,,,,,,,
fix_pmc_gauss_k2__r0.01_k6_rep9,pmc_state_K2,hampel,1.60246,7,64,1.8704e-07,1.8704e-07,0.00615392,0.000590777,0.000590777,0.608398,0,0,0.43109,0.900361,False,0.4311|0.5689,-1.1917|0.9151,0.9004|1.0590,0.9010|0.9249,00:Gauss(0.584);01:Gauss(0.023);10:Gauss(-0.009);11:Gauss(0.608),,,28,1,3.03337,8,1,0,0,1.1417e-07,0.00583095,,,3,True,28,1,3.03337,31,0.909091,5.56117,,,,
fix_pmc_gauss_k2__r0.01_k6_rep9,ar1,raw,0.00120871,,,,,,,,,,,,,,,,,,,,,22,1,0,8,1,0,,,,,,,,,,,,,,0.103533,0.570388,1.9677,-3514.94
fix_pmc_gauss_k2__r0.01_k6_rep9,ar1,robust,0.399396,,,,,,,,,,,,,,,,,,,,,,,,52,1,44.3548,,,,,,7,True,97,1,37.9171,,,,0.0192328,0.850463,0.547997,-2151.96
fix_pmc_gauss_k2__r0.05_k6_rep0,pmc_state_K2,true,,,64,8.69927e-08,8.69927e-08,0.00608401,0.00016828,0.00016828,0.6,0,0,0.5,1,False,0.5000|0.5000,-1.0000|1.0000,1.0000|1.0000,0.9000|0.9000,00:Gauss(0.600);01:Gauss(0.000);10:Gauss(0.000);11:Gauss(0.600),,,97,1,0,53,1,0,0,1.37268e-08,0.0122474,,,,,,,,,,,,,,
fix_pmc_gauss_k2__r0.05_k6_rep0,pmc_state_K2,clean,0.139051,5,64,7.9055e-08,7.9055e-08,0.0032607,0.000153112,0.000153112,0.617399,0,0,0.492778,1.03375,False,0.4928|0.5072,-1.0678|0.8899,1.0338|1.0444,0.8966|0.8995,00:Gauss(0.607);01:Gauss(0.015);10:Gauss(0.187);11:Gauss(0.617),,,,,,,,,,,,,,,,,,,,,,,,,
fix_pmc_gauss_k2__r0.05_k6_rep0,pmc_state_K2,raw,0.244707,9,64,2.10514e-05,2.10514e-05,0.00556866,0.610718,0.610718,0.923431,0,0,0.107718,1.4161,False,0.8923|0.1077,-0.0928|3.8913,1.4161|4.3374,0.8869|0.0634,00:Gauss(0.705);01:Gauss(0.103);10:Gauss(0.030);11:Gauss(0.923),,,0,0,0,0,0,0,0,,,,,,,,,,,,,,,,
fix_pmc_gauss_k2__r0.05_k6_rep0,pmc_state_K2,robust,0.313317,9,64,2.10514e-05,2.10514e-05,0.00556866,0.610718,0.610718,0.923431,0,0,0.107718,1.4161,False,0.8923|0.1077,-0.0928|3.8913,1.4161|4.3374,0.8869|0.0634,00:Gauss(0.705);01:Gauss(0.103);10:Gauss(0.030);11:Gauss(0.923),,,0,0,0,0,0,0,0,,,,,1,True,0,0,0,,,,,,,
fix_pmc_gauss_k2__r0.05_k6_rep0,pmc_state_K2,hampel,5.40818,5,64,8.04634e-08,8.04634e-08,0.00365176,0.000153572,0.000153572,0.626714,0,0,0.497026,1.05125,False,0.5030|0.4970,-1.0425|0.9097,1.0512|1.0516,0.8996|0.8984,00:Gauss(0.616);01:Gauss(0.034);10:Gauss(0.192);11:Gauss(0.627),,,97,1,0,53,1,0,0,5.09376e-08,0.0122474,,,3,True,97,1,0,100,0.845361,9.45875,,,,
fix_pmc_gauss_k2__r0.05_k6_rep0,ar1,raw,0.000767625,,,,,,,,,,,,,,,,,,,,,74,0.762887,0,41,0.773585,0,,,,,,,,,,,,,,0.336464,0.276904,4.93204,-4433.66
fix_pmc_gauss_k2__r0.05_k6_rep0,ar1,robust,0.518177,,,,,,,,,,,,,,,,,,,,,,,,85,1,33.7909,,,,,,10,True,162,1,34.1566,,,,-0.0864321,0.830005,0.602035,-2180.66
fix_pmc_gauss_k2__r0.05_k6_rep1,pmc_state_K2,true,,,64,7.6187e-08,7.6187e-08,0.0062774,0.000139219,0.000139219,0.6,0,0,0.5,1,False,0.5000|0.5000,-1.0000|1.0000,1.0000|1.0000,0.9000|0.9000,00:Gauss(0.600);01:Gauss(0.000);10:Gauss(0.000);11:Gauss(0.600),,,105,1,1.58061,48,1,0,0,4.13894e-07,0.0123288,,,,,,,,,,,,,,
fix_pmc_gauss_k2__r0.05_k6_rep1,pmc_state_K2,clean,0.161053,6,64,8.93582e-08,8.93582e-08,0.00653625,0.000150601,0.000150601,0.634483,0,0,0.440629,1.07649,False,0.5594|0.4406,-0.8903|0.9327,1.0765|1.1485,0.9069|0.8819,00:Gauss(0.634);01:Gauss(0.054);10:Gauss(-0.113);11:Gauss(0.628),,,,,,,,,,,,,,,,,,,,,,,,,
fix_pmc_gauss_k2__r0.05_k6_rep1,pmc_state_K2,raw,0.293767,10,64,4.8691e-05,4.8691e-05,0.00282335,0.394088,0.394088,0.697319,0,0,0.104455,1.39991,False,0.8955|0.1045,-0.1235|4.4432,1.3999|4.2165,0.8920|0.0738,00:Gauss(0.697);01:Gauss(0.090);10:Gauss(0.087);11:Gauss(-0.464),,,0,0,0,0,0,0,0,,,,,,,,,,,,,,,,
fix_pmc_gauss_k2__r0.05_k6_rep1,pmc_state_K2,robust,0.394337,10,64,4.8691e-05,4.8691e-05,0.00282335,0.394088,0.394088,0.697319,0,0,0.104455,1.39991,False,0.8955|0.1045,-0.1235|4.4432,1.3999|4.2165,0.8920|0.0738,00:Gauss(0.697);01:Gauss(0.090);10:Gauss(0.087);11:Gauss(-0.464),,,0,0,0,0,0,0,0,,,,,1,True,0,0,0,,,,,,,
fix_pmc_gauss_k2__r0.05_k6_rep1,pmc_state_K2,hampel,4.62991,6,64,9.39034e-08,9.39034e-08,0.00293262,0.000151879,0.000151879,0.62904,0,0,0.43709,1.07734,False,0.5629|0.4371,-0.8644|0.9343,1.0773|1.1495,0.9091|0.8830,00:Gauss(0.629);01:Gauss(0.035);10:Gauss(-0.197);11:Gauss(0.626),,,104,1,1.05374,49,1,1.05042,0,1.14115e-07,0.0123288,,,3,True,104,1,1.05374,103,0.872549,7.37619,,,,
fix_pmc_gauss_k2__r0.05_k6_rep1,ar1,raw,0.00101108,,,,,,,,,,,,,,,,,,,,,72,0.705882,0,36,0.75,0,,,,,,,,,,,,,,0.353215,0.245462,5.22618,-4491.59
fix_pmc_gauss_k2__r0.05_k6_rep1,ar1,robust,0.375892,,,,,,,,,,,,,,,,,,,,,,,,85,1,38.8655,,,,,,7,True,158,1,29.5047,,,,-0.0916557,0.821656,0.618869,-2210.06
fix_pmc_gauss_k2__r0.05_k6_rep2,pmc_state_K2,true,,,64,8.15743e-08,8.15743e-08,0.00568495,0.000152564,0.000152564,0.6,0,0,0.5,1,False,0.5000|0.5000,-1.0000|1.0000,1.0000|1.0000,0.9000|0.9000,00:Gauss(0.600);01:Gauss(0.000);10:Gauss(0.000);11:Gauss(0.600),,,97,1,1.57398,57,1,1.05932,0,4.31301e-08,0.0123693,,,,,,,,,,,,,,
fix_pmc_gauss_k2__r0.05_k6_rep2,pmc_state_K2,clean,0.0977228,4,64,7.72893e-08,7.72893e-08,0.00881822,0.000143081,0.000143081,0.619078,0,0,0.476979,0.990454,False,0.4770|0.5230,-1.0387|1.0379,1.0043|0.9905,0.8898|0.8995,00:Gauss(0.619);01:Gauss(0.096);10:Gauss(-0.073);11:Gauss(0.607),,,,,,,,,,,,,,,,,,,,,,,,,
fix_pmc_gauss_k2__r0.05_k6_rep2,pmc_state_K2,raw,0.245399,10,64,7.3888e-06,7.3888e-06,0.00431848,0.134889,0.134889,0.902821,0,0,0.119936,1.41286,False,0.8801|0.1199,0.0440|3.3835,1.4129|4.2953,0.8714|0.0566,00:Gauss(0.725);01:Gauss(0.086);10:Gauss(0.076);11:Gauss(0.903),,,1,0.0106383,0,0,0,0,0,1.09136e-07,0.001,,,,,,,,,,,,,,
fix_pmc_gauss_k2__r0.05_k6_rep2,pmc_state_K2,robust,0.930818,11,64,7.22086e-06,7.22086e-06,0.00561937,0.134768,0.134768,0.90506,0,0,0.120036,1.41022,False,0.8800|0.1200,0.0418|3.3494,1.4102|4.2606,0.8718|0.0602,00:Gauss(0.725);01:Gauss(0.074);10:Gauss(0.073);11:Gauss(0.905),,,1,0.0106383,0,0,0,0,0,1.07509e-07,0.001,,,2,True,1,0.0106383,0,,,,,,,
fix_pmc_gauss_k2__r0.05_k6_rep2,pmc_state_K2,hampel,4.64429,4,64,7.24284e-08,7.24284e-08,0.00903583,0.000142466,0.000142466,0.615516,0,0,0.474799,0.982407,False,0.4748|0.5252,-1.0341|1.0409,0.9938|0.9824,0.8895|0.9001,00:Gauss(0.616);01:Gauss(0.058);10:Gauss(-0.103);11:Gauss(0.600),,,98,1,2.09864,57,1,1.05932,0,7.97438e-08,0.0124097,,,4,True,98,1,2.09864,98,0.87234,8.39454,,,,
fix_pmc_gauss_k2__r0.05_k6_rep2,ar1,raw,0.00101813,,,,,,,,,,,,,,,,,,,,,69,0.734043,0,41,0.732143,0,,,,,,,,,,,,,,0.444373,0.271275,4.76634,-4399.49
fix_pmc_gauss_k2__r0.05_k6_rep2,ar1,robust,0.437377,,,,,,,,,,,,,,,,,,,,,,,,78,1,23.3051,,,,,,8,True,157,1,33.0535,,,,0.0640539,0.818404,0.639641,-2241.78
fix_pmc_gauss_k2__r0.05_k6_rep3,pmc_state_K2,true,,,64,1.9517e-07,1.9517e-07,0.00509342,0.000535588,0.000535588,0.6,0,0,0.5,1,False,0.5000|0.5000,-1.0000|1.0000,1.0000|1.0000,0.9000|0.9000,00:Gauss(0.600);01:Gauss(0.000);10:Gauss(0.000);11:Gauss(0.600),,,103,1,0.52687,49,1,1.05042,0,2.31268e-09,0.0123288,,,,,,,,,,,,,,
fix_pmc_gauss_k2__r0.05_k6_rep3,pmc_state_K2,clean,0.103367,4,64,2.4062e-07,2.4062e-07,0.00590372,0.000569927,0.000569927,0.585233,0,0,0.475411,0.942448,False,0.5246|0.4754,-0.8592|0.9809,0.9424|0.9618,0.8922|0.8810,00:Gauss(0.585);01:Gauss(0.008);10:Gauss(-0.109);11:Gauss(0.573),,,,,,,,,,,,,,,,,,,,,,,,,
fix_pmc_gauss_k2__r0.05_k6_rep3,pmc_state_K2,raw,0.294725,11,64,0.000302027,0.000302027,0.0052435,2.99273,2.99273,0.667559,0,0,0.112859,1.27922,False,0.8871|0.1129,-0.0295|4.0392,1.2792|4.2147,0.8767|0.0308,00:Gauss(0.668);01:Gauss(0.120);10:Gauss(0.114);11:Gauss(-0.132),,,0,0,0,0,0,0,0,,,,,,,,,,,,,,,,
fix_pmc_gauss_k2__r0.05_k6_rep3,pmc_state_K2,robust,0.410394,11,64,0.000302027,0.000302027,0.0052435,2.99273,2.99273,0.667559,0,0,0.112859,1.27922,False,0.8871|0.1129,-0.0295|4.0392,1.2792|4.2147,0.8767|0.0308,00:Gauss(0.668);01:Gauss(0.120);10:Gauss(0.114);11:Gauss(-0.132),,,0,0,0,0,0,0,0,,,,,1,True,0,0,0,,,,,,,
fix_pmc_gauss_k2__r0.05_k6_rep3,pmc_state_K2,hampel,3.21137,5,64,2.6207e-07,2.6207e-07,0.00584272,0.000558142,0.000558142,0.575786,0,0,0.477118,0.921477,False,0.5229|0.4771,-0.8755|0.9729,0.9215|0.9325,0.8925|0.8822,00:Gauss(0.576);01:Gauss(-0.007);10:Gauss(-0.126);11:Gauss(0.551),,,104,1,1.05374,52,1,4.20168,0,4.91195e-08,0.01249,,,3,True,104,1,1.05374,111,0.911765,9.48367,,,,
fix_pmc_gauss_k2__r0.05_k6_rep3,ar1,raw,0.00101617,,,,,,,,,,,,,,,,,,,,,69,0.676471,0,31,0.645833,0,,,,,,,,,,,,,,0.429539,0.232898,4.83514,-4413.81
fix_pmc_gauss_k2__r0.05_k6_rep3,ar1,robust,0.404949,,,,,,,,,,,,,,,,,,,,,,,,76,1,29.4118,,,,,,7,True,162,1,31.6122,,,,0.00225388,0.777387,0.626192,-2214.22
fix_pmc_gauss_k2__r0.05_k6_rep4,pmc_state_K2,true,,,64,7.14545e-08,7.14545e-08,0.0055597,0.00012488,0.00012488,0.6,0,0,0.5,1,False,0.5000|0.5000,-1.0000|1.0000,1.0000|1.0000,0.9000|0.9000,00:Gauss(0.600);01:Gauss(0.000);10:Gauss(0.000);11:Gauss(0.600),,,105,1,0.527426,47,1,1.04822,0,9.32067e-08,0.0123288,,,,,,,,,,,,,,
fix_pmc_gauss_k2__r0.05_k6_rep4,pmc_state_K2,clean,0.122401,4,64,6.26153e-08,6.26153e-08,0.00411374,0.000108918,0.000108918,0.619292,0,0,0.479634,1.02101,False,0.5204|0.4796,-1.0019|1.0737,1.0212|1.0210,0.9051|0.8971,00:Gauss(0.597);01:Gauss(-0.037);10:Gauss(-0.145);11:Gauss(0.619),,,,,,,,,,,,,,,,,,,,,,,,,
fix_pmc_gauss_k2__r0.05_k6_rep4,pmc_state_K2,raw,0.263078,9,64,9.8478e-06,9.8478e-06,0.00381989,0.57268,0.57268,0.92156,0,0,0.119182,1.4199,False,0.8808|0.1192,-0.0394|4.0763,1.4199|4.4305,0.8743|0.0709,00:Gauss(0.716);01:Gauss(0.015);10:Gauss(0.095);11:Gauss(0.922),,,0,0,0,0,0,0,0,,,,,,,,,,,,,,,,
fix_pmc_gauss_k2__r0.05_k6_rep4,pmc_state_K2,robust,0.342341,9,64,9.8478e-06,9.8478e-06,0.00381989,0.57268,0.57268,0.92156,0,0,0.119182,1.4199,False,0.8808|0.1192,-0.0394|4.0763,1.4199|4.4305,0.8743|0.0709,00:Gauss(0.716);01:Gauss(0.015);10:Gauss(0.095);11:Gauss(0.922),,,0,0,0,0,0,0,0,,,,,1,True,0,0,0,,,,,,,
fix_pmc_gauss_k2__r0.05_k6_rep4,pmc_state_K2,hampel,3.71693,5,64,5.97671e-08,5.97671e-08,0.004778,0.000106635,0.000106635,0.621685,0,0,0.462217,1.02212,False,0.5378|0.4622,-0.9530|1.0998,1.0325|1.0221,0.9091|0.8943,00:Gauss(0.605);01:Gauss(-0.112);10:Gauss(-0.157);11:Gauss(0.622),,,105,1,0.527426,47,1,1.04822,0,9.13109e-08,0.0123288,,,2,True,105,1,0.527426,110,0.884615,9.49367,,,,
fix_pmc_gauss_k2__r0.05_k6_rep4,ar1,raw,0.00076925,,,,,,,,,,,,,,,,,,,,,67,0.644231,0,35,0.76087,0,,,,,,,,,,,,,,0.450926,0.223719,5.59703,-4560.13
fix_pmc_gauss_k2__r0.05_k6_rep4,ar1,robust,0.417881,,,,,,,,,,,,,,,,,,,,,,,,88,1,44.0252,,,,,,8,True,183,1,41.6667,,,,0.0155371,0.831003,0.620508,-2189.1
fix_pmc_gauss_k2__r0.05_k6_rep5,pmc_state_K2,true,,,64,7.76231e-08,7.76231e-08,0.0064412,0.000142567,0.000142567,0.6,0,0,0.5,1,False,0.5000|0.5000,-1.0000|1.0000,1.0000|1.0000,0.9000|0.9000,00:Gauss(0.600);01:Gauss(0.000);10:Gauss(0.000);11:Gauss(0.600),,,102,1,1.57812,51,1,0,0,1.29158e-07,0.0123693,,,,,,,,,,,,,,
fix_pmc_gauss_k2__r0.05_k6_rep5,pmc_state_K2,clean,0.160944,6,64,8.15309e-08,8.15309e-08,0.00473168,0.000141299,0.000141299,0.611575,0,0,0.421339,0.945105,False,0.4213|0.5787,-1.0922|0.8251,0.9451|1.0351,0.8873|0.9180,00:Gauss(0.585);01:Gauss(0.020);10:Gauss(-0.075);11:Gauss(0.612),,,,,,,,,,,,,,,,,,,,,,,,,
fix_pmc_gauss_k2__r0.05_k6_rep5,pmc_state_K2,raw,0.349715,11,64,1.91376e-05,1.91376e-05,0.00257793,2.8985,2.8985,0.946294,0,0,0.104336,1.35414,False,0.8957|0.1043,0.0067|4.0964,1.3541|4.3464,0.8882|0.0404,00:Gauss(0.697);01:Gauss(0.080);10:Gauss(0.108);11:Gauss(0.946),,,0,0,0,0,0,0,0,,,,,,,,,,,,,,,,
fix_pmc_gauss_k2__r0.05_k6_rep5,pmc_state_K2,robust,0.424408,11,64,1.91376e-05,1.91376e-05,0.00257793,2.8985,2.8985,0.946294,0,0,0.104336,1.35414,False,0.8957|0.1043,0.0067|4.0964,1.3541|4.3464,0.8882|0.0404,00:Gauss(0.697);01:Gauss(0.080);10:Gauss(0.108);11:Gauss(0.946),,,0,0,0,0,0,0,0,,,,,1,True,0,0,0,,,,,,,
fix_pmc_gauss_k2__r0.05_k6_rep5,pmc_state_K2,hampel,4.41949,6,64,8.52427e-08,8.52427e-08,0.00569602,0.000149372,0.000149372,0.611109,0,0,0.421574,0.928257,False,0.4216|0.5784,-1.0895|0.8240,0.9283|1.0318,0.8873|0.9179,00:Gauss(0.581);01:Gauss(0.101);10:Gauss(-0.002);11:Gauss(0.611),,,102,1,1.57812,51,1,0,0,2.71128e-07,0.0123693,,,3,True,102,1,1.57812,99,0.888889,5.78643,,,,
fix_pmc_gauss_k2__r0.05_k6_rep5,ar1,raw,0.000987625,,,,,,,,,,,,,,,,,,,,,73,0.737374,0,37,0.72549,0,,,,,,,,,,,,,,0.433176,0.231529,4.89734,-4426.6
fix_pmc_gauss_k2__r0.05_k6_rep5,ar1,robust,0.376347,,,,,,,,,,,,,,,,,,,,,,,,90,1,41.0959,,,,,,7,True,152,1,27.8801,,,,0.0145135,0.818946,0.587871,-2169.32
fix_pmc_gauss_k2__r0.05_k6_rep6,pmc_state_K2,true,,,64,4.59968e-06,4.59968e-06,0.019063,0.0132774,0.0132774,0.6,0,0,0.5,1,False,0.5000|0.5000,-1.0000|1.0000,1.0000|1.0000,0.9000|0.9000,00:Gauss(0.600);01:Gauss(0.000);10:Gauss(0.000);11:Gauss(0.600),,,99,1,0.525762,55,1,3.16456,0,2.17215e-08,0.0124097,,,,,,,,,,,,,,
fix_pmc_gauss_k2__r0.05_k6_rep6,pmc_state_K2,clean,0.158088,6,64,1.32934e-05,1.32934e-05,0.0132902,0.0262062,0.0262062,0.637533,0,0,0.457403,0.900293,False,0.5426|0.4574,-0.9614|1.1222,1.0965|0.9003,0.9152|0.8994,00:Gauss(0.638);01:Gauss(-0.078);10:Gauss(-0.022);11:Gauss(0.572),,,,,,,,,,,,,,,,,,,,,,,,,
fix_pmc_gauss_k2__r0.05_k6_rep6,pmc_state_K2,raw,0.252759,9,64,0.000435623,0.000435623,0.0446004,5.60709,5.60709,0.942685,0,0,0.104691,1.43461,False,0.8953|0.1047,-0.0312|4.2637,1.4346|4.3966,0.8910|0.0678,00:Gauss(0.716);01:Gauss(0.082);10:Gauss(0.095);11:Gauss(0.943),,,0,0,0,0,0,0,0,,,,,,,,,,,,,,,,
fix_pmc_gauss_k2__r0.05_k6_rep6,pmc_state_K2,robust,0.34499,9,64,0.000435623,0.000435623,0.0446004,5.60709,5.60709,0.942685,0,0,0.104691,1.43461,False,0.8953|0.1047,-0.0312|4.2637,1.4346|4.3966,0.8910|0.0678,00:Gauss(0.716);01:Gauss(0.082);10:Gauss(0.095);11:Gauss(0.943),,,0,0,0,0,0,0,0,,,,,1,True,0,0,0,,,,,,,
fix_pmc_gauss_k2__r0.05_k6_rep6,pmc_state_K2,hampel,3.56173,2,64,9.88987e-06,9.88987e-06,0.00950252,0.0244525,0.0244525,0.608363,0,0,0.493024,0.943951,False,0.4930|0.5070,-1.0622|1.0169,1.0569|0.9440,0.9048|0.9075,00:Gauss(0.608);01:Gauss(-0.009);10:Gauss(0.016);11:Gauss(0.607),,,99,1,0.525762,54,1,2.1097,0,9.72548e-09,0.0123693,,,3,True,99,1,0.525762,97,0.908163,4.2061,,,,
fix_pmc_gauss_k2__r0.05_k6_rep6,ar1,raw,0.00104067,,,,,,,,,,,,,,,,,,,,,68,0.693878,0,34,0.653846,0,,,,,,,,,,,,,,0.418206,0.248639,5.24772,-4495.7
fix_pmc_gauss_k2__r0.05_k6_rep6,ar1,robust,0.427342,,,,,,,,,,,,,,,,,,,,,,,,100,1,50.6329,,,,,,8,True,160,1,32.5973,,,,0.000117389,0.844601,0.565359,-2126.75
mote20__clean,ar1,raw,0.0311576,,,,,,,,,,,,,,,,,,,,,6478,,356.11,1658,,265.876,,,,,,,,,,,,,,21.4671,0.999894,0.00233158,28252.4
mote20__clean,ar1,robust,2.73881,,,,,,,,,,,,,,,,,,,,,,,,5640,,904.426,,,,,,5,True,13147,,722.72,,,,19.6305,0.999982,0.000121957,15272.3
mote20__raw,ar1,raw,0.025035,,,,,,,,,,,,,,,,,,,,,3,1,0,0,,0,,,,,,,,,,,,,,21.3697,0.952326,1.03043,-27070.2
mote20__raw,ar1,robust,3.45963,,,,,,,,,,,,,,,,,,,,,,,,5640,,904.426,,,,,,6,True,13150,1,722.72,,,,19.6305,0.999982,0.000121957,15272.3
aotizhongxin__clean,ar1,raw,0.00440867,,,,,,,,,,,,,,,,,,,,,182,,27.7439,53,,24.503,,,,,,,,,,,,,,3.9753,0.945943,0.116409,-2258.44
aotizhongxin__clean,ar1,robust,1.62293,,,,,,,,,,,,,,,,,,,,,,,,258,,119.279,,,,,,9,True,548,,83.5366,,,,4.04837,0.974053,0.0469771,557.159
fix_pmc_gauss_k2__r0.05_k6_rep7,pmc_state_K2,true,,,64,7.552e-08,7.552e-08,0.00242873,0.000135678,0.000135678,0.6,0,0,0.5,1,False,0.5000|0.5000,-1.0000|1.0000,1.0000|1.0000,0.9000|0.9000,00:Gauss(0.600);01:Gauss(0.000);10:Gauss(0.000);11:Gauss(0.600),,,102,1,2.62743,53,1,0,0,1.3524e-08,0.0124499,,,,,,,,,,,,,,
fix_pmc_gauss_k2__r0.05_k6_rep7,pmc_state_K2,clean,0.163356,6,64,7.31964e-08,7.31964e-08,0.00305994,0.00014422,0.00014422,0.595417,0,0,0.479589,0.925944,False,0.5204|0.4796,-1.0741|1.1793,1.0353|0.9259,0.9016|0.8932,00:Gauss(0.595);01:Gauss(0.094);10:Gauss(0.028);11:Gauss(0.565),,,,,,,,,,,,,,,,,,,,,,,,,
fix_pmc_gauss_k2__r0.05_k6_rep7,pmc_state_K2,raw,0.227691,9,64,1.97161e-05,1.97161e-05,0.0047846,0.697254,0.697254,0.928637,0,0,0.107141,1.47748,False,0.8929|0.1071,-0.0294|4.2914,1.4775|4.6036,0.8841|0.0340,00:Gauss(0.709);01:Gauss(0.171);10:Gauss(0.081);11:Gauss(0.929),,,0,0,0,0,0,0,0,,,,,,,,,,,,,,,,
fix_pmc_gauss_k2__r0.05_k6_rep7,pmc_state_K2,robust,0.434771,9,64,1.97161e-05,1.97161e-05,0.0047846,0.697254,0.697254,0.928637,0,0,0.107141,1.47748,False,0.8929|0.1071,-0.0294|4.2914,1.4775|4.6036,0.8841|0.0340,00:Gauss(0.709);01:Gauss(0.171);10:Gauss(0.081);11:Gauss(0.929),,,0,0,0,0,0,0,0,,,,,1,True,0,0,0,,,,,,,
fix_pmc_gauss_k2__r0.05_k6_rep7,pmc_state_K2,hampel,4.20991,6,64,6.67688e-08,6.67688e-08,0.007015,0.000126688,0.000126688,0.586081,0,0,0.488951,0.923482,False,0.5110|0.4890,-1.1041|1.1609,0.9982|0.9235,0.9020|0.8976,00:Gauss(0.586);01:Gauss(0.045);10:Gauss(-0.104);11:Gauss(0.556),,,102,1,2.62743,53,1,0,0,6.1048e-08,0.0124499,,,3,True,102,1,2.62743,103,0.896907,8.40778,,,,
fix_pmc_gauss_k2__r0.05_k6_rep7,ar1,raw,0.000777292,,,,,,,,,,,,,,,,,,,,,76,0.783505,0,42,0.792453,0,,,,,,,,,,,,,,0.433347,0.278085,5.54037,-4549.98
fix_pmc_gauss_k2__r0.05_k6_rep7,ar1,robust,0.332799,,,,,,,,,,,,,,,,,,,,,,,,77,1,25.3432,,,,,,6,True,149,1,27.3253,,,,-0.000707749,0.822695,0.683915,-2312.02
tsnh4__clean,ar1,raw,0.00485288,,,,,,,,,,,,,,,,,,,,,32,,9.37317,4,,3.51494,,,,,,,,,,,,,,2.23343,0.993234,0.00998048,3017.94
tsnh4__clean,ar1,robust,0.663576,,,,,,,,,,,,,,,,,,,,,,,,15,,13.181,,,,,,7,True,140,,41.0076,,,,2.23305,0.995642,0.00630874,3623.98
aotizhongxin__spikes_r0.01_k6_s0,ar1,raw,0.00660925,,,,,,,,,,,,,,,,,,,,,72,1,0.154107,17,1,0,,,,,,,,,,,,,,4.05141,0.670757,0.868856,-8849.27
aotizhongxin__spikes_r0.01_k6_s0,ar1,robust,1.79505,,,,,,,,,,,,,,,,,,,,,,,,273,1,119.292,,,,,,10,True,612,1,83.3719,,,,4.04805,0.973905,0.0472616,510.817
aotizhongxin__spikes_r0.01_k6_s1,ar1,raw,0.00295275,,,,,,,,,,,,,,,,,,,,,66,1,0.307882,24,1,0,,,,,,,,,,,,,,4.04441,0.681715,0.796364,-8563.58
aotizhongxin__spikes_r0.01_k6_s1,ar1,robust,1.82814,,,,,,,,,,,,,,,,,,,,,,,,279,1,119.215,,,,,,10,True,599,1,82.3584,,,,4.04899,0.973914,0.0472207,520.019
aotizhongxin__spikes_r0.01_k6_s2,ar1,raw,0.00491,,,,,,,,,,,,,,,,,,,,,63,1,0.30774,27,1,0,,,,,,,,,,,,,,4.0414,0.690805,0.782792,-8507.25
aotizhongxin__spikes_r0.01_k6_s2,ar1,robust,1.9934,,,,,,,,,,,,,,,,,,,,,,,,278,1,117.509,,,,,,11,True,601,1,83.0897,,,,4.04729,0.973876,0.047403,506.374
aotizhongxin__spikes_r0.05_k6_s0,ar1,raw,0.00514229,,,,,,,,,,,,,,,,,,,,,265,0.822981,0,91,0.784483,0,,,,,,,,,,,,,,4.30168,0.306562,2.81506,-12703.6
aotizhongxin__spikes_r0.05_k6_s0,ar1,robust,1.95861,,,,,,,,,,,,,,,,,,,,,,,,369,1,123.596,,,,,,11,True,853,1,85.1234,,,,4.04635,0.973954,0.0472527,410.313
aotizhongxin__spikes_r0.05_k6_s1,ar1,raw,0.00512288,,,,,,,,,,,,,,,,,,,,,282,0.83432,0,74,0.74,0,,,,,,,,,,,,,,4.31862,0.294091,2.91909,-12822.5
aotizhongxin__spikes_r0.05_k6_s1,ar1,robust,1.95083,,,,,,,,,,,,,,,,,,,,,,,,350,1,121.183,,,,,,11,True,850,1,82.2887,,,,4.04569,0.973876,0.0472318,410.109
aotizhongxin__spikes_r0.05_k6_s2,ar1,raw,0.00391671,,,,,,,,,,,,,,,,,,,,,283,0.82029,0,73,0.784946,0,,,,,,,,,,,,,,4.32476,0.290832,2.97474,-12884.4
aotizhongxin__spikes_r0.05_k6_s2,ar1,robust,1.93525,,,,,,,,,,,,,,,,,,,,,,,,335,1,116.908,,,,,,11,False,825,1,77.2325,,,,4.04319,0.973187,0.0490025,307.789
fix_pmc_gauss_k2__r0.05_k6_rep8,pmc_state_K2,true,,,64,1.0574e-07,1.0574e-07,0.00693616,0.00021985,0.00021985,0.6,0,0,0.5,1,False,0.5000|0.5000,-1.0000|1.0000,1.0000|1.0000,0.9000|0.9000,00:Gauss(0.600);01:Gauss(0.000);10:Gauss(0.000);11:Gauss(0.600),,,102,1,2.10305,52,1,0,0,8.16538e-08,0.0123693,,,,,,,,,,,,,,
fix_pmc_gauss_k2__r0.05_k6_rep8,pmc_state_K2,clean,0.103577,4,64,1.1267e-07,1.1267e-07,0.00450647,0.000236193,0.000236193,0.61836,0,0,0.497698,0.974284,False,0.4977|0.5023,-0.8318|1.0530,1.0179|0.9743,0.8855|0.8865,00:Gauss(0.618);01:Gauss(-0.036);10:Gauss(0.050);11:Gauss(0.588),,,,,,,,,,,,,,,,,,,,,,,,,
fix_pmc_gauss_k2__r0.05_k6_rep8,pmc_state_K2,raw,0.315978,9,64,4.98736e-05,4.98736e-05,0.00480476,0.967196,0.967196,0.906098,0,0,0.116769,1.33731,False,0.8832|0.1168,0.0972|3.7409,1.3373|4.3868,0.8764|0.0649,00:Gauss(0.697);01:Gauss(0.135);10:Gauss(0.080);11:Gauss(0.906),,,0,0,0,0,0,0,0,,,,,,,,,,,,,,,,
fix_pmc_gauss_k2__r0.05_k6_rep8,pmc_state_K2,robust,0.339034,9,64,4.98736e-05,4.98736e-05,0.00480476,0.967196,0.967196,0.906098,0,0,0.116769,1.33731,False,0.8832|0.1168,0.0972|3.7409,1.3373|4.3868,0.8764|0.0649,00:Gauss(0.697);01:Gauss(0.135);10:Gauss(0.080);11:Gauss(0.906),,,0,0,0,0,0,0,0,,,,,1,True,0,0,0,,,,,,,
fix_pmc_gauss_k2__r0.05_k6_rep8,pmc_state_K2,hampel,4.66432,4,64,1.06349e-07,1.06349e-07,0.00395517,0.000211815,0.000211815,0.611288,0,0,0.496911,0.959639,False,0.4969|0.5031,-0.8346|1.0467,0.9901|0.9596,0.8847|0.8861,00:Gauss(0.611);01:Gauss(-0.016);10:Gauss(-0.003);11:Gauss(0.583),,,103,1,2.62881,52,1,0,0,1.56144e-07,0.0124097,,,3,True,103,1,2.62881,112,0.918367,11.5668,,,,
fix_pmc_gauss_k2__r0.05_k6_rep8,ar1,raw,0.000734166,,,,,,,,,,,,,,,,,,,,,76,0.77551,0,36,0.692308,0,,,,,,,,,,,,,,0.522488,0.243713,4.88593,-4424.26
fix_pmc_gauss_k2__r0.05_k6_rep8,ar1,robust,0.399944,,,,,,,,,,,,,,,,,,,,,,,,81,1,30.5907,,,,,,8,True,164,1,34.7003,,,,0.109053,0.799119,0.629088,-2218.1
fix_pmc_gauss_k2__r0.05_k6_rep9,pmc_state_K2,true,,,64,2.09231e-07,2.09231e-07,0.00546629,0.000578156,0.000578156,0.6,0,0,0.5,1,False,0.5000|0.5000,-1.0000|1.0000,1.0000|1.0000,0.9000|0.9000,00:Gauss(0.600);01:Gauss(0.000);10:Gauss(0.000);11:Gauss(0.600),,,114,1,3.17125,42,1,0,0,1.82612e-07,0.0124097,,,,,,,,,,,,,,
fix_pmc_gauss_k2__r0.05_k6_rep9,pmc_state_K2,clean,0.202718,7,64,1.72335e-07,1.72335e-07,0.00531949,0.000551521,0.000551521,0.613275,0,0,0.437273,0.920786,False,0.4373|0.5627,-1.1834|0.9356,0.9208|1.0703,0.9037|0.9252,00:Gauss(0.588);01:Gauss(0.128);10:Gauss(0.042);11:Gauss(0.613),,,,,,,,,,,,,,,,,,,,,,,,,
fix_pmc_gauss_k2__r0.05_k6_rep9,pmc_state_K2,raw,0.299769,11,64,0.000105069,0.000105069,0.00749207,1.02395,1.02395,0.71302,0,0,0.0992769,1.44728,False,0.9007|0.0993,-0.0264|4.9959,1.4473|4.4728,0.8935|0.0340,00:Gauss(0.713);01:Gauss(0.109);10:Gauss(0.166);11:Gauss(-0.692),,,0,0,0,0,0,0,0,,,,,,,,,,,,,,,,
fix_pmc_gauss_k2__r0.05_k6_rep9,pmc_state_K2,robust,0.38367,11,64,0.000105069,0.000105069,0.00749207,1.02395,1.02395,0.71302,0,0,0.0992769,1.44728,False,0.9007|0.0993,-0.0264|4.9959,1.4473|4.4728,0.8935|0.0340,00:Gauss(0.713);01:Gauss(0.109);10:Gauss(0.166);11:Gauss(-0.692),,,0,0,0,0,0,0,0,,,,,1,True,0,0,0,,,,,,,
fix_pmc_gauss_k2__r0.05_k6_rep9,pmc_state_K2,hampel,3.12687,6,64,1.83457e-07,1.83457e-07,0.00533121,0.000557997,0.000557997,0.601887,0,0,0.442765,0.917063,False,0.4428|0.5572,-1.1885|0.9326,0.9171|1.0465,0.9058|0.9251,00:Gauss(0.580);01:Gauss(0.029);10:Gauss(0.071);11:Gauss(0.602),,,114,1,3.17125,42,1,0,0,1.80871e-07,0.0124097,,,3,True,114,1,3.17125,108,0.888889,6.34249,,,,
fix_pmc_gauss_k2__r0.05_k6_rep9,ar1,raw,0.00103408,,,,,,,,,,,,,,,,,,,,,77,0.712963,0,32,0.761905,0,,,,,,,,,,,,,,0.471934,0.264301,5.69831,-4578.08
fix_pmc_gauss_k2__r0.05_k6_rep9,ar1,robust,0.448293,,,,,,,,,,,,,,,,,,,,,,,,83,1,42.7975,,,,,,7,True,177,1,36.4693,,,,0.0112454,0.848365,0.554053,-2092.89
aotizhongxin__spikes_r0.01_k6_s0,pmc_pair_K3,raw,9.66684,18,256,0.0384906,0.0270554,0.0928784,5.23602,10.0315,0.88477,0,0,0.0108337,0.41886,False,0.3196|0.6696|0.0108,3.2256|4.3876|5.0267,1.0821|0.7531|0.4189,0.8493|0.9224|0.0000,00:GH(0.775);01:Frank(0.603);02:GH(0.854);10:GH(0.603);11:GH(0.885);12:Frank(0.842);20:GH(0.704);21:GH(0.910);22:Gauss(0.300),0.0320947,0.05,9,0.0422535,0.924642,2,0.117647,0,0,0.0389135,0.05,55.4825,True,,,,,,,,,,,,
aotizhongxin__spikes_r0.01_k6_s0,pmc_pair_K3,robust,85.9625,21,256,0.0369032,0.0392167,0.0979676,4.58031,17.6398,0.88428,0,0,0.00978595,0.41886,False,0.3368|0.6534|0.0098,3.2546|4.4164|5.0267,1.0714|0.7323|0.4189,0.8441|0.9152|0.0000,00:GH(0.781);01:Frank(0.635);02:GH(0.874);10:GH(0.630);11:GH(0.884);12:Frank(0.854);20:Frank(0.734);21:GH(0.898);22:Gauss(0.300),0.018101,0.05,13,0.0985915,0.924642,5,0.294118,0,0,0.0268599,0.05,,True,7,True,13,0.0985915,0.924642,,,,,,,
aotizhongxin__spikes_r0.01_k6_s0,pmc_pair_K3,hampel,127.097,30,128,0.00569996,0.0220823,0.0165957,0.318428,7.74414,0.905877,0,0,0.0984881,0.010446,True,0.0985|0.5334|0.3681,2.7996|3.6689|4.5720,1.1398|1.0082|0.6404,0.6004|0.8295|0.8588,00:GH(0.537);01:Frank(0.670);02:Gauss(-0.697);10:GH(0.654);11:GH(0.854);12:Frank(0.830);20:Gauss(-0.681);21:GH(0.678);22:GH(0.906),,,87,1,2.46571,17,1,0,0,0.0474194,0.05,,True,5,True,87,1,2.46571,109,0.943662,6.47249,,,,
aotizhongxin__spikes_r0.05_k6_s0,pmc_pair_K3,raw,10.4477,19,256,0.0140189,0.0742267,0.0221071,5.89612,37.9245,0.889379,0,0,0.0491843,0.587594,False,0.2202|0.7306|0.0492,2.9937|4.2750|5.1255,1.0791|0.8360|0.5876,0.7653|0.8958|0.0000,00:GH(0.710);01:GH(0.602);02:GH(0.606);10:GH(0.608);11:GH(0.889);12:GH(0.881);20:Frank(0.667);21:GH(0.880);22:Gauss(0.300),0.271713,0.05,9,0.00310559,1.28246,3,0.0258621,0,0,0.289815,0.05,-803.136,True,,,,,,,,,,,,
aotizhongxin__spikes_r0.05_k6_s0,pmc_pair_K3,robust,74.7003,36,256,0.0265083,0.0720793,0.024836,1.46283,33.556,0.89513,0,0,0.0489638,0.587594,False,0.2644|0.6866|0.0490,3.2072|4.3392|5.1255,1.1348|0.8003|0.5876,0.6758|0.8478|0.0000,00:GH(0.669);01:GH(0.836);02:GH(0.661);10:GH(0.784);11:GH(0.895);12:GH(0.888);20:Frank(0.705);21:GH(0.882);22:Gauss(0.300),0.052521,0.05,21,0.00931677,2.88554,8,0.0431034,1.46556,0,0.0938802,0.05,,True,4,True,21,0.00931677,2.88554,,,,,,,
aotizhongxin__spikes_r0.05_k6_s0,pmc_pair_K3,hampel,212.174,36,256,0.0260164,0.0431989,0.0237588,1.83706,38.4554,0.893813,0,0,0.0488932,0.587594,False,0.2530|0.6981|0.0489,3.2159|4.3353|5.1255,1.1384|0.7996|0.5876,0.6534|0.8458|0.0000,00:GH(0.656);01:GH(0.835);02:GH(0.653);10:GH(0.777);11:GH(0.894);12:GH(0.889);20:Frank(0.701);21:GH(0.883);22:Gauss(0.300),,,20,0.00931677,2.72523,7,0.0431034,0.97704,0,0.10049,0.05,,True,11,False,17,0.00931677,2.24431,349,0.965839,6.0917,,,,
