study,rate,case,method,n,rmse,mse,mae,crps,crps_gauss,cov50,cov80,cov95,w95
hmc_in_gauss_k2,0,fix_hmc_in_gauss_k2__r0.00_k6_rep0,hmc_in_K2|true+gate,990,1.3726,1.884,1.1138,0.77789,0.77913,0.49899,0.80303,0.94545,5.1974
hmc_in_gauss_k2,0,fix_hmc_in_gauss_k2__r0.00_k6_rep0,hmc_in_K2|true,990,1.3726,1.8839,1.1138,0.77788,0.77913,0.49899,0.80303,0.94545,5.1973
hmc_in_gauss_k2,0,fix_hmc_in_gauss_k2__r0.00_k6_rep0,hmc_in_K2|clean,990,1.373,1.8852,1.1141,0.77811,0.77942,0.49798,0.80606,0.94545,5.2136
hmc_in_gauss_k2,0,fix_hmc_in_gauss_k2__r0.00_k6_rep0,hmc_in_K2|raw+gate,990,1.373,1.8852,1.1141,0.77812,0.77943,0.49798,0.80606,0.94545,5.2136
hmc_in_gauss_k2,0,fix_hmc_in_gauss_k2__r0.00_k6_rep0,hmc_in_K2|raw,990,1.373,1.8852,1.1141,0.77811,0.77942,0.49798,0.80606,0.94545,5.2136
hmc_in_gauss_k2,0,fix_hmc_in_gauss_k2__r0.00_k6_rep0,hmc_in_K2|robust+gate,990,1.373,1.8852,1.1141,0.77812,0.77943,0.49798,0.80606,0.94545,5.2136
hmc_in_gauss_k2,0,fix_hmc_in_gauss_k2__r0.00_k6_rep0,hmc_in_K2|robust,990,1.373,1.8852,1.1141,0.77811,0.77942,0.49798,0.80606,0.94545,5.2136
hmc_in_gauss_k2,0,fix_hmc_in_gauss_k2__r0.00_k6_rep0,hmc_in_K2|hampel+gate,990,1.373,1.8852,1.1141,0.77812,0.77943,0.49798,0.80606,0.94545,5.2136
hmc_in_gauss_k2,0,fix_hmc_in_gauss_k2__r0.00_k6_rep0,ar1|raw,990,1.411,1.9908,1.1544,0.80317,0.80317,0.47172,0.79596,0.95556,5.4951
hmc_in_gauss_k2,0,fix_hmc_in_gauss_k2__r0.00_k6_rep0,ar1|raw+gate,990,1.411,1.9908,1.1544,0.80317,0.80317,0.47172,0.79596,0.95556,5.4951
hmc_in_gauss_k2,0,fix_hmc_in_gauss_k2__r0.00_k6_rep0,ar1|robust+gate,990,1.4109,1.9906,1.1543,0.80313,0.80313,0.47071,0.79495,0.95556,5.4857
hmc_in_gauss_k2,0,fix_hmc_in_gauss_k2__r0.00_k6_rep0,persistence|raw,990,1.7084,2.9186,1.3713,0.96325,,0.51919,0.83333,0.96465,7.0859
hmc_in_gauss_k2,0,fix_hmc_in_gauss_k2__r0.00_k6_rep0,ar1|clean,990,1.411,1.9908,1.1544,0.80317,0.80317,0.47172,0.79596,0.95556,5.4951
hmc_in_gauss_k2,0,fix_hmc_in_gauss_k2__r0.00_k6_rep0,persistence|clean,990,1.7084,2.9186,1.3713,0.96325,,0.51919,0.83333,0.96465,7.0859
hmc_in_gauss_k2,0,fix_hmc_in_gauss_k2__r0.00_k6_rep1,hmc_in_K2|true+gate,990,1.3126,1.723,1.0901,0.74902,0.75002,0.50202,0.83131,0.96364,5.2003
hmc_in_gauss_k2,0,fix_hmc_in_gauss_k2__r0.00_k6_rep1,hmc_in_K2|true,990,1.3126,1.723,1.0901,0.74902,0.75002,0.50202,0.83131,0.96364,5.2003
hmc_in_gauss_k2,0,fix_hmc_in_gauss_k2__r0.00_k6_rep1,hmc_in_K2|clean,990,1.3128,1.7236,1.0907,0.74897,0.75013,0.50808,0.83232,0.96263,5.191
hmc_in_gauss_k2,0,fix_hmc_in_gauss_k2__r0.00_k6_rep1,hmc_in_K2|raw+gate,990,1.3128,1.7236,1.0907,0.74897,0.75013,0.50808,0.83232,0.96263,5.191
hmc_in_gauss_k2,0,fix_hmc_in_gauss_k2__r0.00_k6_rep1,hmc_in_K2|raw,990,1.3128,1.7236,1.0907,0.74897,0.75013,0.50808,0.83232,0.96263,5.191
hmc_in_gauss_k2,0,fix_hmc_in_gauss_k2__r0.00_k6_rep1,hmc_in_K2|robust+gate,990,1.3128,1.7235,1.0906,0.7489,0.75012,0.50101,0.83232,0.96061,5.1603
hmc_in_gauss_k2,0,fix_hmc_in_gauss_k2__r0.00_k6_rep1,hmc_in_K2|robust,990,1.3128,1.7235,1.0906,0.7489,0.75012,0.50101,0.83232,0.96061,5.1603
hmc_in_gauss_k2,0,fix_hmc_in_gauss_k2__r0.00_k6_rep1,hmc_in_K2|hampel+gate,990,1.3128,1.7235,1.0906,0.7489,0.75012,0.50101,0.83232,0.96061,5.1603
hmc_in_gauss_k2,0,fix_hmc_in_gauss_k2__r0.00_k6_rep1,ar1|raw,990,1.3383,1.791,1.1174,0.76578,0.76578,0.46061,0.82121,0.97071,5.489
hmc_in_gauss_k2,0,fix_hmc_in_gauss_k2__r0.00_k6_rep1,ar1|raw+gate,990,1.3383,1.791,1.1174,0.76578,0.76578,0.46061,0.82121,0.97071,5.489
hmc_in_gauss_k2,0,fix_hmc_in_gauss_k2__r0.00_k6_rep1,ar1|robust+gate,990,1.3379,1.7901,1.1171,0.76559,0.76559,0.4596,0.81717,0.96869,5.4566
hmc_in_gauss_k2,0,fix_hmc_in_gauss_k2__r0.00_k6_rep1,persistence|raw,990,1.6065,2.581,1.2844,0.91275,,0.54545,0.83737,0.97677,7.0981
hmc_in_gauss_k2,0,fix_hmc_in_gauss_k2__r0.00_k6_rep1,ar1|clean,990,1.3383,1.791,1.1174,0.76578,0.76578,0.46061,0.82121,0.97071,5.489
hmc_in_gauss_k2,0,fix_hmc_in_gauss_k2__r0.00_k6_rep1,persistence|clean,990,1.6065,2.581,1.2844,0.91275,,0.54545,0.83737,0.97677,7.0981
hmc_in_gauss_k2,0,fix_hmc_in_gauss_k2__r0.00_k6_rep2,hmc_in_K2|true+gate,990,1.3384,1.7912,1.0718,0.75483,0.75535,0.53636,0.81919,0.9404,5.2002
hmc_in_gauss_k2,0,fix_hmc_in_gauss_k2__r0.00_k6_rep2,hmc_in_K2|true,990,1.3384,1.7912,1.0718,0.75483,0.75535,0.53636,0.81919,0.9404,5.2002
hmc_in_gauss_k2,0,fix_hmc_in_gauss_k2__r0.00_k6_rep2,hmc_in_K2|clean,990,1.3404,1.7967,1.0741,0.75632,0.75661,0.53838,0.82121,0.94343,5.2398
hmc_in_gauss_k2,0,fix_hmc_in_gauss_k2__r0.00_k6_rep2,hmc_in_K2|raw+gate,990,1.3404,1.7967,1.0741,0.75632,0.75661,0.53838,0.82121,0.94343,5.2398
hmc_in_gauss_k2,0,fix_hmc_in_gauss_k2__r0.00_k6_rep2,hmc_in_K2|raw,990,1.3404,1.7967,1.0741,0.75632,0.75661,0.53838,0.82121,0.94343,5.2398
hmc_in_gauss_k2,0,fix_hmc_in_gauss_k2__r0.00_k6_rep2,hmc_in_K2|robust+gate,990,1.3404,1.7966,1.0741,0.75627,0.75655,0.53131,0.81313,0.9404,5.1828
hmc_in_gauss_k2,0,fix_hmc_in_gauss_k2__r0.00_k6_rep2,hmc_in_K2|robust,990,1.3404,1.7966,1.0741,0.75627,0.75655,0.53131,0.81313,0.9404,5.1828
hmc_in_gauss_k2,0,fix_hmc_in_gauss_k2__r0.00_k6_rep2,hmc_in_K2|hampel+gate,990,1.3404,1.7966,1.0741,0.75627,0.75655,0.53131,0.81313,0.9404,5.1828
hmc_in_gauss_k2,0,fix_hmc_in_gauss_k2__r0.00_k6_rep2,ar1|raw,990,1.3712,1.8803,1.1097,0.77729,0.77729,0.49495,0.81313,0.95556,5.5224
hmc_in_gauss_k2,0,fix_hmc_in_gauss_k2__r0.00_k6_rep2,ar1|raw+gate,990,1.3712,1.8803,1.1097,0.77729,0.77729,0.49495,0.81313,0.95556,5.5224
hmc_in_gauss_k2,0,fix_hmc_in_gauss_k2__r0.00_k6_rep2,ar1|robust+gate,990,1.3702,1.8775,1.1086,0.77665,0.77665,0.49192,0.81313,0.95354,5.5027
hmc_in_gauss_k2,0,fix_hmc_in_gauss_k2__r0.00_k6_rep2,persistence|raw,990,1.7839,3.1823,1.4171,1.0044,,0.50303,0.80404,0.95253,7.1412
hmc_in_gauss_k2,0,fix_hmc_in_gauss_k2__r0.00_k6_rep2,ar1|clean,990,1.3712,1.8803,1.1097,0.77729,0.77729,0.49495,0.81313,0.95556,5.5224
hmc_in_gauss_k2,0,fix_hmc_in_gauss_k2__r0.00_k6_rep2,persistence|clean,990,1.7839,3.1823,1.4171,1.0044,,0.50303,0.80404,0.95253,7.1412
hmc_in_gauss_k2,0,fix_hmc_in_gauss_k2__r0.00_k6_rep3,hmc_in_K2|true+gate,990,1.4254,2.0316,1.1594,0.80966,0.81208,0.47778,0.77273,0.94141,5.1988
hmc_in_gauss_k2,0,fix_hmc_in_gauss_k2__r0.00_k6_rep3,hmc_in_K2|true,990,1.4254,2.0316,1.1594,0.80966,0.81208,0.47778,0.77273,0.94141,5.1988
hmc_in_gauss_k2,0,fix_hmc_in_gauss_k2__r0.00_k6_rep3,hmc_in_K2|clean,990,1.4264,2.0346,1.1597,0.81054,0.81325,0.47879,0.76566,0.93535,5.1167
hmc_in_gauss_k2,0,fix_hmc_in_gauss_k2__r0.00_k6_rep3,hmc_in_K2|raw+gate,990,1.4264,2.0346,1.1597,0.81054,0.81325,0.47879,0.76566,0.93535,5.1167
hmc_in_gauss_k2,0,fix_hmc_in_gauss_k2__r0.00_k6_rep3,hmc_in_K2|raw,990,1.4264,2.0346,1.1597,0.81054,0.81325,0.47879,0.76566,0.93535,5.1167
hmc_in_gauss_k2,0,fix_hmc_in_gauss_k2__r0.00_k6_rep3,hmc_in_K2|robust+gate,990,1.4256,2.0325,1.1589,0.81015,0.81281,0.47475,0.76566,0.93535,5.1068
hmc_in_gauss_k2,0,fix_hmc_in_gauss_k2__r0.00_k6_rep3,hmc_in_K2|robust,990,1.426,2.0336,1.1593,0.81043,0.81309,0.47475,0.76566,0.93535,5.1065
hmc_in_gauss_k2,0,fix_hmc_in_gauss_k2__r0.00_k6_rep3,hmc_in_K2|hampel+gate,990,1.4256,2.0325,1.1589,0.81015,0.81281,0.47475,0.76566,0.93535,5.1068
hmc_in_gauss_k2,0,fix_hmc_in_gauss_k2__r0.00_k6_rep3,ar1|raw,990,1.464,2.1432,1.196,0.8361,0.8361,0.45152,0.75556,0.94646,5.3906
hmc_in_gauss_k2,0,fix_hmc_in_gauss_k2__r0.00_k6_rep3,ar1|raw+gate,990,1.464,2.1432,1.196,0.8361,0.8361,0.45152,0.75556,0.94646,5.3906
hmc_in_gauss_k2,0,fix_hmc_in_gauss_k2__r0.00_k6_rep3,ar1|robust+gate,990,1.464,2.1432,1.196,0.8361,0.8361,0.45152,0.75556,0.94646,5.3906
hmc_in_gauss_k2,0,fix_hmc_in_gauss_k2__r0.00_k6_rep3,persistence|raw,990,1.8527,3.4325,1.4921,1.0482,,0.4798,0.78485,0.94949,7.0554
hmc_in_gauss_k2,0,fix_hmc_in_gauss_k2__r0.00_k6_rep3,ar1|clean,990,1.464,2.1432,1.196,0.8361,0.8361,0.45152,0.75556,0.94646,5.3906
hmc_in_gauss_k2,0,fix_hmc_in_gauss_k2__r0.00_k6_rep3,persistence|clean,990,1.8527,3.4325,1.4921,1.0482,,0.4798,0.78485,0.94949,7.0554
hmc_in_gauss_k2,0,fix_hmc_in_gauss_k2__r0.00_k6_rep4,hmc_in_K2|true+gate,990,1.3547,1.8352,1.1029,0.77082,0.77121,0.51313,0.80101,0.94545,5.208
hmc_in_gauss_k2,0,fix_hmc_in_gauss_k2__r0.00_k6_rep4,hmc_in_K2|true,990,1.3547,1.8352,1.1029,0.77082,0.77121,0.51313,0.80101,0.94545,5.208
hmc_in_gauss_k2,0,fix_hmc_in_gauss_k2__r0.00_k6_rep4,hmc_in_K2|clean,990,1.3568,1.841,1.1048,0.77226,0.77254,0.51111,0.79596,0.94343,5.1905
hmc_in_gauss_k2,0,fix_hmc_in_gauss_k2__r0.00_k6_rep4,hmc_in_K2|raw+gate,990,1.3568,1.841,1.1048,0.77226,0.77254,0.51111,0.79596,0.94343,5.1905
hmc_in_gauss_k2,0,fix_hmc_in_gauss_k2__r0.00_k6_rep4,hmc_in_K2|raw,990,1.3568,1.841,1.1048,0.77226,0.77254,0.51111,0.79596,0.94343,5.1905
hmc_in_gauss_k2,0,fix_hmc_in_gauss_k2__r0.00_k6_rep4,hmc_in_K2|robust+gate,990,1.3568,1.841,1.1048,0.77226,0.77254,0.51111,0.79596,0.94343,5.1905
hmc_in_gauss_k2,0,fix_hmc_in_gauss_k2__r0.00_k6_rep4,hmc_in_K2|robust,990,1.3568,1.841,1.1048,0.77226,0.77254,0.51111,0.79596,0.94343,5.1905
hmc_in_gauss_k2,0,fix_hmc_in_gauss_k2__r0.00_k6_rep4,hmc_in_K2|hampel+gate,990,1.3568,1.841,1.1048,0.77226,0.77254,0.51111,0.79596,0.94343,5.1905
hmc_in_gauss_k2,0,fix_hmc_in_gauss_k2__r0.00_k6_rep4,ar1|raw,990,1.3843,1.9162,1.1309,0.7892,0.7892,0.46566,0.79596,0.95556,5.4692
hmc_in_gauss_k2,0,fix_hmc_in_gauss_k2__r0.00_k6_rep4,ar1|raw+gate,990,1.3843,1.9162,1.1309,0.7892,0.7892,0.46566,0.79596,0.95556,5.4692
hmc_in_gauss_k2,0,fix_hmc_in_gauss_k2__r0.00_k6_rep4,ar1|robust+gate,990,1.3843,1.9162,1.1309,0.7892,0.7892,0.46566,0.79596,0.95556,5.4692
hmc_in_gauss_k2,0,fix_hmc_in_gauss_k2__r0.00_k6_rep4,persistence|raw,990,1.7598,3.0971,1.4328,0.99878,,0.48384,0.80707,0.95657,6.9896
hmc_in_gauss_k2,0,fix_hmc_in_gauss_k2__r0.00_k6_rep4,ar1|clean,990,1.3843,1.9162,1.1309,0.7892,0.7892,0.46566,0.79596,0.95556,5.4692
hmc_in_gauss_k2,0,fix_hmc_in_gauss_k2__r0.00_k6_rep4,persistence|clean,990,1.7598,3.0971,1.4328,0.99878,,0.48384,0.80707,0.95657,6.9896
hmc_in_gauss_k2,0,fix_hmc_in_gauss_k2__r0.00_k6_rep5,hmc_in_K2|true+gate,990,1.3727,1.8843,1.1378,0.77999,0.78333,0.47778,0.79899,0.95455,5.201
hmc_in_gauss_k2,0,fix_hmc_in_gauss_k2__r0.00_k6_rep5,hmc_in_K2|true,990,1.3727,1.8843,1.1378,0.78,0.78333,0.47778,0.79899,0.95455,5.201
hmc_in_gauss_k2,0,fix_hmc_in_gauss_k2__r0.00_k6_rep5,hmc_in_K2|clean,990,1.3746,1.8895,1.1394,0.78121,0.78489,0.45758,0.78687,0.94848,5.0849
hmc_in_gauss_k2,0,fix_hmc_in_gauss_k2__r0.00_k6_rep5,hmc_in_K2|raw+gate,990,1.3746,1.8895,1.1394,0.78121,0.78489,0.45758,0.78687,0.94848,5.0849
hmc_in_gauss_k2,0,fix_hmc_in_gauss_k2__r0.00_k6_rep5,hmc_in_K2|raw,990,1.3746,1.8895,1.1394,0.78121,0.78489,0.45758,0.78687,0.94848,5.0849
hmc_in_gauss_k2,0,fix_hmc_in_gauss_k2__r0.00_k6_rep5,hmc_in_K2|robust+gate,990,1.3747,1.8899,1.1396,0.78142,0.78517,0.45556,0.78485,0.94646,5.0511
hmc_in_gauss_k2,0,fix_hmc_in_gauss_k2__r0.00_k6_rep5,hmc_in_K2|robust,990,1.3747,1.8899,1.1396,0.78142,0.78517,0.45556,0.78485,0.94646,5.0511
hmc_in_gauss_k2,0,fix_hmc_in_gauss_k2__r0.00_k6_rep5,hmc_in_K2|hampel+gate,990,1.3747,1.8899,1.1396,0.78142,0.78517,0.45556,0.78485,0.94646,5.0511
hmc_in_gauss_k2,0,fix_hmc_in_gauss_k2__r0.00_k6_rep5,ar1|raw,990,1.4166,2.0069,1.1811,0.81279,0.81279,0.41313,0.76667,0.95758,5.3829
hmc_in_gauss_k2,0,fix_hmc_in_gauss_k2__r0.00_k6_rep5,ar1|raw+gate,990,1.4166,2.0069,1.1811,0.81279,0.81279,0.41313,0.76667,0.95758,5.3829
hmc_in_gauss_k2,0,fix_hmc_in_gauss_k2__r0.00_k6_rep5,ar1|robust+gate,990,1.4165,2.0066,1.181,0.81285,0.81285,0.4101,0.76566,0.95657,5.3625
hmc_in_gauss_k2,0,fix_hmc_in_gauss_k2__r0.00_k6_rep5,persistence|raw,990,1.7924,3.2128,1.4387,1.0144,,0.46768,0.79798,0.93737,6.8475
hmc_in_gauss_k2,0,fix_hmc_in_gauss_k2__r0.00_k6_rep5,ar1|clean,990,1.4166,2.0069,1.1811,0.81279,0.81279,0.41313,0.76667,0.95758,5.3829
hmc_in_gauss_k2,0,fix_hmc_in_gauss_k2__r0.00_k6_rep5,persistence|clean,990,1.7924,3.2128,1.4387,1.0144,,0.46768,0.79798,0.93737,6.8475
hmc_in_gauss_k2,0,fix_hmc_in_gauss_k2__r0.00_k6_rep6,hmc_in_K2|true+gate,990,1.3263,1.759,1.0998,0.75617,0.75881,0.48586,0.80505,0.96162,5.1898
hmc_in_gauss_k2,0,fix_hmc_in_gauss_k2__r0.00_k6_rep6,hmc_in_K2|true,990,1.3263,1.759,1.0998,0.75617,0.75881,0.48586,0.80505,0.96162,5.1898
hmc_in_gauss_k2,0,fix_hmc_in_gauss_k2__r0.00_k6_rep6,hmc_in_K2|clean,990,1.3269,1.7607,1.1006,0.75683,0.75919,0.48283,0.80707,0.96263,5.2416
hmc_in_gauss_k2,0,fix_hmc_in_gauss_k2__r0.00_k6_rep6,hmc_in_K2|raw+gate,990,1.3269,1.7607,1.1006,0.75683,0.75919,0.48283,0.80707,0.96263,5.2416
hmc_in_gauss_k2,0,fix_hmc_in_gauss_k2__r0.00_k6_rep6,hmc_in_K2|raw,990,1.3269,1.7607,1.1006,0.75683,0.75919,0.48283,0.80707,0.96263,5.2416
hmc_in_gauss_k2,0,fix_hmc_in_gauss_k2__r0.00_k6_rep6,hmc_in_K2|robust+gate,990,1.3269,1.7607,1.1006,0.75683,0.75919,0.48283,0.80707,0.96263,5.2416
hmc_in_gauss_k2,0,fix_hmc_in_gauss_k2__r0.00_k6_rep6,hmc_in_K2|robust,990,1.3269,1.7607,1.1006,0.75683,0.75919,0.48283,0.80707,0.96263,5.2416
hmc_in_gauss_k2,0,fix_hmc_in_gauss_k2__r0.00_k6_rep6,hmc_in_K2|hampel+gate,990,1.3269,1.7607,1.1006,0.75683,0.75919,0.48283,0.80707,0.96263,5.2416
hmc_in_gauss_k2,0,fix_hmc_in_gauss_k2__r0.00_k6_rep6,ar1|raw,990,1.3537,1.8324,1.138,0.77792,0.77792,0.45859,0.80808,0.97677,5.5238
hmc_in_gauss_k2,0,fix_hmc_in_gauss_k2__r0.00_k6_rep6,ar1|raw+gate,990,1.3537,1.8324,1.138,0.77792,0.77792,0.45859,0.80808,0.97677,5.5238
hmc_in_gauss_k2,0,fix_hmc_in_gauss_k2__r0.00_k6_rep6,ar1|robust+gate,990,1.3537,1.8324,1.138,0.77792,0.77792,0.45859,0.80808,0.97677,5.5238
hmc_in_gauss_k2,0,fix_hmc_in_gauss_k2__r0.00_k6_rep6,persistence|raw,990,1.7574,3.0884,1.4069,0.99222,,0.49394,0.81212,0.9596,7.1422
hmc_in_gauss_k2,0,fix_hmc_in_gauss_k2__r0.00_k6_rep6,ar1|clean,990,1.3537,1.8324,1.138,0.77792,0.77792,0.45859,0.80808,0.97677,5.5238
hmc_in_gauss_k2,0,fix_hmc_in_gauss_k2__r0.00_k6_rep6,persistence|clean,990,1.7574,3.0884,1.4069,0.99222,,0.49394,0.81212,0.9596,7.1422
hmc_in_gauss_k2,0,fix_hmc_in_gauss_k2__r0.00_k6_rep7,hmc_in_K2|true+gate,990,1.3608,1.8518,1.1075,0.77136,0.77265,0.49192,0.80606,0.95354,5.2006
hmc_in_gauss_k2,0,fix_hmc_in_gauss_k2__r0.00_k6_rep7,hmc_in_K2|true,990,1.3608,1.8518,1.1075,0.77136,0.77265,0.49192,0.80606,0.95354,5.2006
hmc_in_gauss_k2,0,fix_hmc_in_gauss_k2__r0.00_k6_rep7,hmc_in_K2|clean,990,1.361,1.8524,1.1083,0.77152,0.77291,0.49394,0.81313,0.95556,5.2817
hmc_in_gauss_k2,0,fix_hmc_in_gauss_k2__r0.00_k6_rep7,hmc_in_K2|raw+gate,990,1.361,1.8524,1.1083,0.77152,0.77291,0.49394,0.81313,0.95556,5.2817
hmc_in_gauss_k2,0,fix_hmc_in_gauss_k2__r0.00_k6_rep7,hmc_in_K2|raw,990,1.361,1.8524,1.1083,0.77152,0.77291,0.49394,0.81313,0.95556,5.2817
hmc_in_gauss_k2,0,fix_hmc_in_gauss_k2__r0.00_k6_rep7,hmc_in_K2|robust+gate,990,1.361,1.8524,1.1083,0.77146,0.77292,0.49394,0.81212,0.95354,5.2603
hmc_in_gauss_k2,0,fix_hmc_in_gauss_k2__r0.00_k6_rep7,hmc_in_K2|robust,990,1.361,1.8524,1.1083,0.77146,0.77292,0.49394,0.81212,0.95354,5.2603
hmc_in_gauss_k2,0,fix_hmc_in_gauss_k2__r0.00_k6_rep7,hmc_in_K2|hampel+gate,990,1.361,1.8524,1.1083,0.77146,0.77292,0.49394,0.81212,0.95354,5.2603
hmc_in_gauss_k2,0,fix_hmc_in_gauss_k2__r0.00_k6_rep7,ar1|raw,990,1.3919,1.9374,1.1392,0.79298,0.79298,0.46263,0.80101,0.96869,5.5548
hmc_in_gauss_k2,0,fix_hmc_in_gauss_k2__r0.00_k6_rep7,ar1|raw+gate,990,1.3919,1.9374,1.1392,0.79298,0.79298,0.46263,0.80101,0.96869,5.5548
hmc_in_gauss_k2,0,fix_hmc_in_gauss_k2__r0.00_k6_rep7,ar1|robust+gate,990,1.3917,1.9369,1.139,0.79288,0.79288,0.46263,0.8,0.96869,5.5455
hmc_in_gauss_k2,0,fix_hmc_in_gauss_k2__r0.00_k6_rep7,persistence|raw,990,1.7535,3.0748,1.3934,0.98819,,0.51414,0.8202,0.96162,7.1971
hmc_in_gauss_k2,0,fix_hmc_in_gauss_k2__r0.00_k6_rep7,ar1|clean,990,1.3919,1.9374,1.1392,0.79298,0.79298,0.46263,0.80101,0.96869,5.5548
hmc_in_gauss_k2,0,fix_hmc_in_gauss_k2__r0.00_k6_rep7,persistence|clean,990,1.7535,3.0748,1.3934,0.98819,,0.51414,0.8202,0.96162,7.1971
hmc_in_gauss_k2,0,fix_hmc_in_gauss_k2__r0.00_k6_rep8,hmc_in_K2|true+gate,990,1.3083,1.7116,1.0675,0.74191,0.74337,0.51616,0.82727,0.95859,5.2048
hmc_in_gauss_k2,0,fix_hmc_in_gauss_k2__r0.00_k6_rep8,hmc_in_K2|true,990,1.3083,1.7115,1.0675,0.74189,0.74335,0.51616,0.82727,0.95859,5.2048
hmc_in_gauss_k2,0,fix_hmc_in_gauss_k2__r0.00_k6_rep8,hmc_in_K2|clean,990,1.3076,1.7099,1.0663,0.74193,0.74294,0.52828,0.83232,0.9596,5.2492
hmc_in_gauss_k2,0,fix_hmc_in_gauss_k2__r0.00_k6_rep8,hmc_in_K2|raw+gate,990,1.3077,1.71,1.0663,0.74195,0.74295,0.52828,0.83232,0.9596,5.2492
hmc_in_gauss_k2,0,fix_hmc_in_gauss_k2__r0.00_k6_rep8,hmc_in_K2|raw,990,1.3076,1.7099,1.0663,0.74193,0.74294,0.52828,0.83232,0.9596,5.2492
hmc_in_gauss_k2,0,fix_hmc_in_gauss_k2__r0.00_k6_rep8,hmc_in_K2|robust+gate,990,1.3076,1.7099,1.0664,0.7419,0.74293,0.52727,0.83232,0.9596,5.2405
hmc_in_gauss_k2,0,fix_hmc_in_gauss_k2__r0.00_k6_rep8,hmc_in_K2|robust,990,1.3076,1.7099,1.0663,0.74189,0.74291,0.52727,0.83232,0.9596,5.2405
hmc_in_gauss_k2,0,fix_hmc_in_gauss_k2__r0.00_k6_rep8,hmc_in_K2|hampel+gate,990,1.3077,1.71,1.0663,0.74185,0.74291,0.52626,0.83131,0.9596,5.2287
hmc_in_gauss_k2,0,fix_hmc_in_gauss_k2__r0.00_k6_rep8,ar1|raw,990,1.3475,1.8157,1.1043,0.76761,0.76761,0.48384,0.81414,0.97374,5.5671
hmc_in_gauss_k2,0,fix_hmc_in_gauss_k2__r0.00_k6_rep8,ar1|raw+gate,990,1.3475,1.8157,1.1043,0.76761,0.76761,0.48384,0.81414,0.97374,5.5671
hmc_in_gauss_k2,0,fix_hmc_in_gauss_k2__r0.00_k6_rep8,ar1|robust+gate,990,1.3471,1.8148,1.104,0.7674,0.7674,0.48586,0.81212,0.97273,5.5504
hmc_in_gauss_k2,0,fix_hmc_in_gauss_k2__r0.00_k6_rep8,persistence|raw,990,1.5743,2.4785,1.2276,0.88745,,0.57576,0.85455,0.97475,7.1634
hmc_in_gauss_k2,0,fix_hmc_in_gauss_k2__r0.00_k6_rep8,ar1|clean,990,1.3475,1.8157,1.1043,0.76761,0.76761,0.48384,0.81414,0.97374,5.5671
hmc_in_gauss_k2,0,fix_hmc_in_gauss_k2__r0.00_k6_rep8,persistence|clean,990,1.5743,2.4785,1.2276,0.88745,,0.57576,0.85455,0.97475,7.1634
hmc_in_gauss_k2,0,fix_hmc_in_gauss_k2__r0.00_k6_rep9,hmc_in_K2|true+gate,990,1.35,1.8226,1.0949,0.76618,0.76657,0.49596,0.80808,0.94949,5.1961
hmc_in_gauss_k2,0,fix_hmc_in_gauss_k2__r0.00_k6_rep9,hmc_in_K2|true,990,1.35,1.8226,1.0949,0.76618,0.76657,0.49596,0.80808,0.94949,5.1961
hmc_in_gauss_k2,0,fix_hmc_in_gauss_k2__r0.00_k6_rep9,hmc_in_K2|clean,990,1.3513,1.826,1.0958,0.76679,0.76718,0.48485,0.80101,0.94545,5.0822
hmc_in_gauss_k2,0,fix_hmc_in_gauss_k2__r0.00_k6_rep9,hmc_in_K2|raw+gate,990,1.3513,1.826,1.0958,0.76679,0.76718,0.48485,0.80101,0.94545,5.0822
hmc_in_gauss_k2,0,fix_hmc_in_gauss_k2__r0.00_k6_rep9,hmc_in_K2|raw,990,1.3513,1.826,1.0958,0.76679,0.76718,0.48485,0.80101,0.94545,5.0822
hmc_in_gauss_k2,0,fix_hmc_in_gauss_k2__r0.00_k6_rep9,hmc_in_K2|robust+gate,990,1.3512,1.8259,1.0959,0.76676,0.76731,0.4798,0.79091,0.94242,5.0299
hmc_in_gauss_k2,0,fix_hmc_in_gauss_k2__r0.00_k6_rep9,hmc_in_K2|robust,990,1.3512,1.8259,1.0959,0.76676,0.76731,0.4798,0.79091,0.94242,5.0299
hmc_in_gauss_k2,0,fix_hmc_in_gauss_k2__r0.00_k6_rep9,hmc_in_K2|hampel+gate,990,1.3512,1.8259,1.0959,0.76676,0.76731,0.4798,0.79091,0.94242,5.0299
hmc_in_gauss_k2,0,fix_hmc_in_gauss_k2__r0.00_k6_rep9,ar1|raw,990,1.3594,1.848,1.1108,0.77431,0.77431,0.47576,0.79293,0.95859,5.3872
hmc_in_gauss_k2,0,fix_hmc_in_gauss_k2__r0.00_k6_rep9,ar1|raw+gate,990,1.3594,1.848,1.1108,0.77431,0.77431,0.47576,0.79293,0.95859,5.3872
hmc_in_gauss_k2,0,fix_hmc_in_gauss_k2__r0.00_k6_rep9,ar1|robust+gate,990,1.3593,1.8478,1.1106,0.77429,0.77429,0.47374,0.79192,0.95859,5.3642
hmc_in_gauss_k2,0,fix_hmc_in_gauss_k2__r0.00_k6_rep9,persistence|raw,990,1.8123,3.2846,1.4595,1.0238,,0.47778,0.79798,0.95051,6.9681
hmc_in_gauss_k2,0,fix_hmc_in_gauss_k2__r0.00_k6_rep9,ar1|clean,990,1.3594,1.848,1.1108,0.77431,0.77431,0.47576,0.79293,0.95859,5.3872
hmc_in_gauss_k2,0,fix_hmc_in_gauss_k2__r0.00_k6_rep9,persistence|clean,990,1.8123,3.2846,1.4595,1.0238,,0.47778,0.79798,0.95051,6.9681
hmc_in_gauss_k2,0.01,fix_hmc_in_gauss_k2__r0.01_k6_rep0,hmc_in_K2|true+gate,990,1.3726,1.884,1.1138,0.77789,0.77914,0.49899,0.80303,0.94545,5.1974
hmc_in_gauss_k2,0.01,fix_hmc_in_gauss_k2__r0.01_k6_rep0,hmc_in_K2|true,990,1.3726,1.884,1.1138,0.77791,0.77915,0.49899,0.80303,0.94545,5.1974
hmc_in_gauss_k2,0.01,fix_hmc_in_gauss_k2__r0.01_k6_rep0,hmc_in_K2|clean,990,1.373,1.8852,1.1141,0.77811,0.77942,0.49798,0.80606,0.94545,5.2136
hmc_in_gauss_k2,0.01,fix_hmc_in_gauss_k2__r0.01_k6_rep0,hmc_in_K2|raw+gate,990,1.3778,1.8983,1.1177,0.78581,0.78629,0.55354,0.86869,0.97475,6.2598
hmc_in_gauss_k2,0.01,fix_hmc_in_gauss_k2__r0.01_k6_rep0,hmc_in_K2|raw,990,1.3775,1.8974,1.1175,0.78562,0.78618,0.55657,0.86869,0.97475,6.2618
hmc_in_gauss_k2,0.01,fix_hmc_in_gauss_k2__r0.01_k6_rep0,hmc_in_K2|robust+gate,990,1.373,1.8852,1.1141,0.77813,0.7794,0.49899,0.80808,0.94646,5.22
hmc_in_gauss_k2,0.01,fix_hmc_in_gauss_k2__r0.01_k6_rep0,hmc_in_K2|robust,990,1.373,1.8852,1.1141,0.77814,0.77941,0.49899,0.80808,0.94646,5.22
hmc_in_gauss_k2,0.01,fix_hmc_in_gauss_k2__r0.01_k6_rep0,hmc_in_K2|hampel+gate,990,1.373,1.8852,1.1141,0.77813,0.7794,0.49899,0.80808,0.94646,5.22
hmc_in_gauss_k2,0.01,fix_hmc_in_gauss_k2__r0.01_k6_rep0,ar1|raw,990,1.4191,2.0138,1.1635,0.81158,0.81158,0.53939,0.87071,0.98384,6.4999
hmc_in_gauss_k2,0.01,fix_hmc_in_gauss_k2__r0.01_k6_rep0,ar1|raw+gate,990,1.4191,2.0138,1.1635,0.81158,0.81158,0.53939,0.87071,0.98384,6.4999
hmc_in_gauss_k2,0.01,fix_hmc_in_gauss_k2__r0.01_k6_rep0,ar1|robust+gate,990,1.4108,1.9905,1.1542,0.80307,0.80307,0.47071,0.79899,0.95556,5.4947
hmc_in_gauss_k2,0.01,fix_hmc_in_gauss_k2__r0.01_k6_rep0,persistence|raw,990,1.7084,2.9186,1.3713,0.96564,,0.53232,0.85253,0.97778,7.7605
hmc_in_gauss_k2,0.01,fix_hmc_in_gauss_k2__r0.01_k6_rep0,ar1|clean,990,1.411,1.9908,1.1544,0.80317,0.80317,0.47172,0.79596,0.95556,5.4951
hmc_in_gauss_k2,0.01,fix_hmc_in_gauss_k2__r0.01_k6_rep0,persistence|clean,990,1.7084,2.9186,1.3713,0.96325,,0.51919,0.83333,0.96465,7.0859
hmc_in_gauss_k2,0.01,fix_hmc_in_gauss_k2__r0.01_k6_rep1,hmc_in_K2|true+gate,990,1.3126,1.723,1.0901,0.74902,0.75002,0.50202,0.83131,0.96364,5.2003
hmc_in_gauss_k2,0.01,fix_hmc_in_gauss_k2__r0.01_k6_rep1,hmc_in_K2|true,990,1.3126,1.7228,1.0901,0.74898,0.74998,0.50202,0.83131,0.96364,5.2004
hmc_in_gauss_k2,0.01,fix_hmc_in_gauss_k2__r0.01_k6_rep1,hmc_in_K2|clean,990,1.3128,1.7236,1.0907,0.74897,0.75013,0.50808,0.83232,0.96263,5.191
hmc_in_gauss_k2,0.01,fix_hmc_in_gauss_k2__r0.01_k6_rep1,hmc_in_K2|raw+gate,990,1.3177,1.7363,1.0938,0.7585,0.75936,0.56061,0.88182,0.98081,6.2108
hmc_in_gauss_k2,0.01,fix_hmc_in_gauss_k2__r0.01_k6_rep1,hmc_in_K2|raw,990,1.3174,1.7355,1.0933,0.75829,0.75919,0.56061,0.88182,0.98081,6.2126
hmc_in_gauss_k2,0.01,fix_hmc_in_gauss_k2__r0.01_k6_rep1,hmc_in_K2|robust+gate,990,1.3129,1.7237,1.0907,0.74895,0.75018,0.50101,0.83232,0.96061,5.1557
hmc_in_gauss_k2,0.01,fix_hmc_in_gauss_k2__r0.01_k6_rep1,hmc_in_K2|robust,990,1.3129,1.7236,1.0906,0.74892,0.75015,0.50101,0.83232,0.96061,5.1558
hmc_in_gauss_k2,0.01,fix_hmc_in_gauss_k2__r0.01_k6_rep1,hmc_in_K2|hampel+gate,990,1.3129,1.7237,1.0907,0.74895,0.75018,0.50101,0.83232,0.96061,5.1557
hmc_in_gauss_k2,0.01,fix_hmc_in_gauss_k2__r0.01_k6_rep1,ar1|raw,990,1.3485,1.8183,1.1271,0.77688,0.77688,0.53333,0.89192,0.99293,6.4311
hmc_in_gauss_k2,0.01,fix_hmc_in_gauss_k2__r0.01_k6_rep1,ar1|raw+gate,990,1.3485,1.8183,1.1271,0.77688,0.77688,0.53333,0.89192,0.99293,6.4311
hmc_in_gauss_k2,0.01,fix_hmc_in_gauss_k2__r0.01_k6_rep1,ar1|robust+gate,990,1.3381,1.7904,1.1172,0.76567,0.76567,0.45758,0.81919,0.96869,5.4541
hmc_in_gauss_k2,0.01,fix_hmc_in_gauss_k2__r0.01_k6_rep1,persistence|raw,990,1.6065,2.581,1.2844,0.91652,,0.56061,0.85051,0.98889,7.8893
hmc_in_gauss_k2,0.01,fix_hmc_in_gauss_k2__r0.01_k6_rep1,ar1|clean,990,1.3383,1.791,1.1174,0.76578,0.76578,0.46061,0.82121,0.97071,5.489
hmc_in_gauss_k2,0.01,fix_hmc_in_gauss_k2__r0.01_k6_rep1,persistence|clean,990,1.6065,2.581,1.2844,0.91275,,0.54545,0.83737,0.97677,7.0981
hmc_in_gauss_k2,0.01,fix_hmc_in_gauss_k2__r0.01_k6_rep2,hmc_in_K2|true+gate,990,1.3387,1.7921,1.072,0.75503,0.75554,0.53535,0.81919,0.9404,5.2
hmc_in_gauss_k2,0.01,fix_hmc_in_gauss_k2__r0.01_k6_rep2,hmc_in_K2|true,990,1.3388,1.7923,1.0723,0.75508,0.75562,0.53636,0.81919,0.9404,5.2008
hmc_in_gauss_k2,0.01,fix_hmc_in_gauss_k2__r0.01_k6_rep2,hmc_in_K2|clean,990,1.3404,1.7967,1.0741,0.75632,0.75661,0.53838,0.82121,0.94343,5.2398
hmc_in_gauss_k2,0.01,fix_hmc_in_gauss_k2__r0.01_k6_rep2,hmc_in_K2|raw+gate,990,1.3363,1.7858,1.0703,0.77148,0.76432,0.60505,0.88485,0.97778,6.3379
hmc_in_gauss_k2,0.01,fix_hmc_in_gauss_k2__r0.01_k6_rep2,hmc_in_K2|raw,990,1.3421,1.8012,1.0749,0.77442,0.7673,0.60303,0.88586,0.97778,6.3428
hmc_in_gauss_k2,0.01,fix_hmc_in_gauss_k2__r0.01_k6_rep2,hmc_in_K2|robust+gate,990,1.3409,1.798,1.0745,0.75657,0.75689,0.53131,0.81313,0.93939,5.1749
hmc_in_gauss_k2,0.01,fix_hmc_in_gauss_k2__r0.01_k6_rep2,hmc_in_K2|robust,990,1.341,1.7983,1.0749,0.75666,0.75701,0.5303,0.81313,0.93939,5.1758
hmc_in_gauss_k2,0.01,fix_hmc_in_gauss_k2__r0.01_k6_rep2,hmc_in_K2|hampel+gate,990,1.3409,1.798,1.0745,0.75657,0.75689,0.53131,0.81313,0.93939,5.1749
hmc_in_gauss_k2,0.01,fix_hmc_in_gauss_k2__r0.01_k6_rep2,ar1|raw,990,1.365,1.8632,1.1049,0.78137,0.78137,0.58384,0.87778,0.98889,6.5263
hmc_in_gauss_k2,0.01,fix_hmc_in_gauss_k2__r0.01_k6_rep2,ar1|raw+gate,990,1.365,1.8632,1.1049,0.78137,0.78137,0.58384,0.87778,0.98889,6.5263
hmc_in_gauss_k2,0.01,fix_hmc_in_gauss_k2__r0.01_k6_rep2,ar1|robust+gate,990,1.3703,1.8778,1.1088,0.77672,0.77672,0.49192,0.81212,0.95354,5.4943
hmc_in_gauss_k2,0.01,fix_hmc_in_gauss_k2__r0.01_k6_rep2,persistence|raw,990,1.7839,3.1823,1.4171,1.0059,,0.51515,0.81919,0.97879,7.9244
hmc_in_gauss_k2,0.01,fix_hmc_in_gauss_k2__r0.01_k6_rep2,ar1|clean,990,1.3712,1.8803,1.1097,0.77729,0.77729,0.49495,0.81313,0.95556,5.5224
hmc_in_gauss_k2,0.01,fix_hmc_in_gauss_k2__r0.01_k6_rep2,persistence|clean,990,1.7839,3.1823,1.4171,1.0044,,0.50303,0.80404,0.95253,7.1412
hmc_in_gauss_k2,0.01,fix_hmc_in_gauss_k2__r0.01_k6_rep3,hmc_in_K2|true+gate,990,1.4254,2.0316,1.1594,0.80966,0.81208,0.47778,0.77273,0.94141,5.1988
hmc_in_gauss_k2,0.01,fix_hmc_in_gauss_k2__r0.01_k6_rep3,hmc_in_K2|true,990,1.4254,2.0316,1.1594,0.80966,0.81208,0.47778,0.77273,0.94141,5.1988
hmc_in_gauss_k2,0.01,fix_hmc_in_gauss_k2__r0.01_k6_rep3,hmc_in_K2|clean,990,1.4264,2.0346,1.1597,0.81054,0.81325,0.47879,0.76566,0.93535,5.1167
hmc_in_gauss_k2,0.01,fix_hmc_in_gauss_k2__r0.01_k6_rep3,hmc_in_K2|raw+gate,990,1.4319,2.0503,1.161,0.82224,0.81787,0.52727,0.83535,0.9697,6.2658
hmc_in_gauss_k2,0.01,fix_hmc_in_gauss_k2__r0.01_k6_rep3,hmc_in_K2|raw,990,1.432,2.0505,1.1612,0.82229,0.81795,0.52626,0.83535,0.97071,6.2664
hmc_in_gauss_k2,0.01,fix_hmc_in_gauss_k2__r0.01_k6_rep3,hmc_in_K2|robust+gate,990,1.426,2.0333,1.1592,0.81043,0.81309,0.47576,0.76364,0.93333,5.0975
hmc_in_gauss_k2,0.01,fix_hmc_in_gauss_k2__r0.01_k6_rep3,hmc_in_K2|robust,990,1.4263,2.0345,1.1595,0.81072,0.81336,0.47576,0.76364,0.93333,5.0972
hmc_in_gauss_k2,0.01,fix_hmc_in_gauss_k2__r0.01_k6_rep3,hmc_in_K2|hampel+gate,990,1.426,2.0333,1.1592,0.81043,0.81309,0.47576,0.76364,0.93333,5.0975
hmc_in_gauss_k2,0.01,fix_hmc_in_gauss_k2__r0.01_k6_rep3,ar1|raw,990,1.4743,2.1736,1.2028,0.84156,0.84156,0.52121,0.84646,0.98283,6.488
hmc_in_gauss_k2,0.01,fix_hmc_in_gauss_k2__r0.01_k6_rep3,ar1|raw+gate,990,1.4743,2.1736,1.2028,0.84156,0.84156,0.52121,0.84646,0.98283,6.488
hmc_in_gauss_k2,0.01,fix_hmc_in_gauss_k2__r0.01_k6_rep3,ar1|robust+gate,990,1.4639,2.143,1.1958,0.83611,0.83611,0.45051,0.75455,0.94545,5.3814
hmc_in_gauss_k2,0.01,fix_hmc_in_gauss_k2__r0.01_k6_rep3,persistence|raw,990,1.8527,3.4325,1.4921,1.0488,,0.49091,0.8,0.97273,7.9207
hmc_in_gauss_k2,0.01,fix_hmc_in_gauss_k2__r0.01_k6_rep3,ar1|clean,990,1.464,2.1432,1.196,0.8361,0.8361,0.45152,0.75556,0.94646,5.3906
hmc_in_gauss_k2,0.01,fix_hmc_in_gauss_k2__r0.01_k6_rep3,persistence|clean,990,1.8527,3.4325,1.4921,1.0482,,0.4798,0.78485,0.94949,7.0554
hmc_in_gauss_k2,0.01,fix_hmc_in_gauss_k2__r0.01_k6_rep4,hmc_in_K2|true+gate,990,1.3548,1.8355,1.103,0.77088,0.77127,0.51313,0.80101,0.94545,5.208
hmc_in_gauss_k2,0.01,fix_hmc_in_gauss_k2__r0.01_k6_rep4,hmc_in_K2|true,990,1.3555,1.8374,1.1034,0.77131,0.77165,0.51313,0.8,0.94545,5.207
hmc_in_gauss_k2,0.01,fix_hmc_in_gauss_k2__r0.01_k6_rep4,hmc_in_K2|clean,990,1.3568,1.841,1.1048,0.77226,0.77254,0.51111,0.79596,0.94343,5.1905
hmc_in_gauss_k2,0.01,fix_hmc_in_gauss_k2__r0.01_k6_rep4,hmc_in_K2|raw+gate,990,1.3639,1.8602,1.1102,0.78252,0.78057,0.54444,0.86667,0.96869,6.1413
hmc_in_gauss_k2,0.01,fix_hmc_in_gauss_k2__r0.01_k6_rep4,hmc_in_K2|raw,990,1.3649,1.863,1.1108,0.78308,0.78116,0.54343,0.86667,0.96869,6.1418
hmc_in_gauss_k2,0.01,fix_hmc_in_gauss_k2__r0.01_k6_rep4,hmc_in_K2|robust+gate,990,1.3569,1.841,1.1047,0.77221,0.77253,0.51212,0.79596,0.94343,5.1863
hmc_in_gauss_k2,0.01,fix_hmc_in_gauss_k2__r0.01_k6_rep4,hmc_in_K2|robust,990,1.3574,1.8427,1.1051,0.77259,0.77286,0.51212,0.79495,0.94343,5.1854
hmc_in_gauss_k2,0.01,fix_hmc_in_gauss_k2__r0.01_k6_rep4,hmc_in_K2|hampel+gate,990,1.3569,1.841,1.1047,0.77221,0.77253,0.51212,0.79596,0.94343,5.1863
hmc_in_gauss_k2,0.01,fix_hmc_in_gauss_k2__r0.01_k6_rep4,ar1|raw,990,1.3917,1.9369,1.1371,0.79687,0.79687,0.53232,0.87273,0.98485,6.3863
hmc_in_gauss_k2,0.01,fix_hmc_in_gauss_k2__r0.01_k6_rep4,ar1|raw+gate,990,1.3917,1.9369,1.1371,0.79687,0.79687,0.53232,0.87273,0.98485,6.3863
hmc_in_gauss_k2,0.01,fix_hmc_in_gauss_k2__r0.01_k6_rep4,ar1|robust+gate,990,1.3842,1.916,1.1307,0.78914,0.78914,0.46566,0.79697,0.95455,5.4652
hmc_in_gauss_k2,0.01,fix_hmc_in_gauss_k2__r0.01_k6_rep4,persistence|raw,990,1.7598,3.0971,1.4328,0.99998,,0.49394,0.82222,0.97374,7.6869
hmc_in_gauss_k2,0.01,fix_hmc_in_gauss_k2__r0.01_k6_rep4,ar1|clean,990,1.3843,1.9162,1.1309,0.7892,0.7892,0.46566,0.79596,0.95556,5.4692
hmc_in_gauss_k2,0.01,fix_hmc_in_gauss_k2__r0.01_k6_rep4,persistence|clean,990,1.7598,3.0971,1.4328,0.99878,,0.48384,0.80707,0.95657,6.9896
hmc_in_gauss_k2,0.01,fix_hmc_in_gauss_k2__r0.01_k6_rep5,hmc_in_K2|true+gate,990,1.3727,1.8844,1.1379,0.78001,0.78335,0.47778,0.79899,0.95455,5.201
hmc_in_gauss_k2,0.01,fix_hmc_in_gauss_k2__r0.01_k6_rep5,hmc_in_K2|true,990,1.3719,1.882,1.1374,0.77942,0.78281,0.47778,0.8,0.95455,5.2017
hmc_in_gauss_k2,0.01,fix_hmc_in_gauss_k2__r0.01_k6_rep5,hmc_in_K2|clean,990,1.3746,1.8895,1.1394,0.78121,0.78489,0.45758,0.78687,0.94848,5.0849
hmc_in_gauss_k2,0.01,fix_hmc_in_gauss_k2__r0.01_k6_rep5,hmc_in_K2|raw+gate,990,1.3707,1.8787,1.1354,0.78517,0.7834,0.51919,0.84444,0.97576,5.9374
hmc_in_gauss_k2,0.01,fix_hmc_in_gauss_k2__r0.01_k6_rep5,hmc_in_K2|raw,990,1.3691,1.8744,1.1355,0.78397,0.78252,0.51919,0.84646,0.97576,5.9429
hmc_in_gauss_k2,0.01,fix_hmc_in_gauss_k2__r0.01_k6_rep5,hmc_in_K2|robust+gate,990,1.3747,1.8898,1.1396,0.78141,0.78515,0.45556,0.78485,0.94646,5.0562
hmc_in_gauss_k2,0.01,fix_hmc_in_gauss_k2__r0.01_k6_rep5,hmc_in_K2|robust,990,1.3738,1.8874,1.1391,0.78082,0.78461,0.45556,0.78586,0.94646,5.0569
hmc_in_gauss_k2,0.01,fix_hmc_in_gauss_k2__r0.01_k6_rep5,hmc_in_K2|hampel+gate,990,1.3747,1.8898,1.1396,0.78141,0.78515,0.45556,0.78485,0.94646,5.0562
hmc_in_gauss_k2,0.01,fix_hmc_in_gauss_k2__r0.01_k6_rep5,ar1|raw,990,1.4152,2.0028,1.1801,0.81144,0.81144,0.48384,0.85152,0.98081,6.1782
hmc_in_gauss_k2,0.01,fix_hmc_in_gauss_k2__r0.01_k6_rep5,ar1|raw+gate,990,1.4152,2.0028,1.1801,0.81144,0.81144,0.48384,0.85152,0.98081,6.1782
hmc_in_gauss_k2,0.01,fix_hmc_in_gauss_k2__r0.01_k6_rep5,ar1|robust+gate,990,1.4165,2.0063,1.1808,0.81277,0.81277,0.40909,0.76566,0.95657,5.3638
hmc_in_gauss_k2,0.01,fix_hmc_in_gauss_k2__r0.01_k6_rep5,persistence|raw,990,1.7924,3.2128,1.4387,1.0147,,0.48283,0.81313,0.95859,7.3982
hmc_in_gauss_k2,0.01,fix_hmc_in_gauss_k2__r0.01_k6_rep5,ar1|clean,990,1.4166,2.0069,1.1811,0.81279,0.81279,0.41313,0.76667,0.95758,5.3829
hmc_in_gauss_k2,0.01,fix_hmc_in_gauss_k2__r0.01_k6_rep5,persistence|clean,990,1.7924,3.2128,1.4387,1.0144,,0.46768,0.79798,0.93737,6.8475
hmc_in_gauss_k2,0.01,fix_hmc_in_gauss_k2__r0.01_k6_rep6,hmc_in_K2|true+gate,990,1.3265,1.7597,1.1002,0.7564,0.75904,0.48586,0.80505,0.96162,5.1904
hmc_in_gauss_k2,0.01,fix_hmc_in_gauss_k2__r0.01_k6_rep6,hmc_in_K2|true,990,1.3263,1.759,1.0998,0.75616,0.75881,0.48586,0.80505,0.96162,5.1897
hmc_in_gauss_k2,0.01,fix_hmc_in_gauss_k2__r0.01_k6_rep6,hmc_in_K2|clean,990,1.3269,1.7607,1.1006,0.75683,0.75919,0.48283,0.80707,0.96263,5.2416
hmc_in_gauss_k2,0.01,fix_hmc_in_gauss_k2__r0.01_k6_rep6,hmc_in_K2|raw+gate,990,1.3289,1.7659,1.1024,0.76755,0.76764,0.55556,0.89192,0.99293,6.3683
hmc_in_gauss_k2,0.01,fix_hmc_in_gauss_k2__r0.01_k6_rep6,hmc_in_K2|raw,990,1.3285,1.7648,1.102,0.76725,0.76741,0.55556,0.89293,0.99293,6.3682
hmc_in_gauss_k2,0.01,fix_hmc_in_gauss_k2__r0.01_k6_rep6,hmc_in_K2|robust+gate,990,1.3272,1.7615,1.1011,0.75708,0.75944,0.48485,0.80707,0.96263,5.2529
hmc_in_gauss_k2,0.01,fix_hmc_in_gauss_k2__r0.01_k6_rep6,hmc_in_K2|robust,990,1.3269,1.7608,1.1007,0.75684,0.7592,0.48485,0.80707,0.96263,5.2521
hmc_in_gauss_k2,0.01,fix_hmc_in_gauss_k2__r0.01_k6_rep6,hmc_in_K2|hampel+gate,990,1.3272,1.7615,1.1011,0.75708,0.75944,0.48485,0.80707,0.96263,5.2529
hmc_in_gauss_k2,0.01,fix_hmc_in_gauss_k2__r0.01_k6_rep6,ar1|raw,990,1.3634,1.859,1.1499,0.7895,0.7895,0.53131,0.90101,0.99697,6.6041
hmc_in_gauss_k2,0.01,fix_hmc_in_gauss_k2__r0.01_k6_rep6,ar1|raw+gate,990,1.3623,1.8558,1.1486,0.78883,0.78883,0.53131,0.90101,0.99697,6.6044
hmc_in_gauss_k2,0.01,fix_hmc_in_gauss_k2__r0.01_k6_rep6,ar1|robust+gate,990,1.354,1.8333,1.139,0.77815,0.77815,0.45758,0.80808,0.97778,5.5315
hmc_in_gauss_k2,0.01,fix_hmc_in_gauss_k2__r0.01_k6_rep6,persistence|raw,990,2.0005,4.0021,1.4912,1.0715,,0.50303,0.82727,0.96263,7.9416
hmc_in_gauss_k2,0.01,fix_hmc_in_gauss_k2__r0.01_k6_rep6,ar1|clean,990,1.3537,1.8324,1.138,0.77792,0.77792,0.45859,0.80808,0.97677,5.5238
hmc_in_gauss_k2,0.01,fix_hmc_in_gauss_k2__r0.01_k6_rep6,persistence|clean,990,1.7574,3.0884,1.4069,0.99222,,0.49394,0.81212,0.9596,7.1422
hmc_in_gauss_k2,0.01,fix_hmc_in_gauss_k2__r0.01_k6_rep7,hmc_in_K2|true+gate,990,1.361,1.8522,1.1079,0.77149,0.7728,0.49091,0.80606,0.95354,5.2015
hmc_in_gauss_k2,0.01,fix_hmc_in_gauss_k2__r0.01_k6_rep7,hmc_in_K2|true,990,1.3613,1.8531,1.1071,0.77149,0.77273,0.49091,0.80707,0.95354,5.1999
hmc_in_gauss_k2,0.01,fix_hmc_in_gauss_k2__r0.01_k6_rep7,hmc_in_K2|clean,990,1.361,1.8524,1.1083,0.77152,0.77291,0.49394,0.81313,0.95556,5.2817
hmc_in_gauss_k2,0.01,fix_hmc_in_gauss_k2__r0.01_k6_rep7,hmc_in_K2|raw+gate,990,1.3654,1.8643,1.1113,0.77923,0.77924,0.55354,0.86768,0.97576,6.1554
hmc_in_gauss_k2,0.01,fix_hmc_in_gauss_k2__r0.01_k6_rep7,hmc_in_K2|raw,990,1.3674,1.8697,1.1116,0.77988,0.7801,0.55556,0.86768,0.97576,6.1577
hmc_in_gauss_k2,0.01,fix_hmc_in_gauss_k2__r0.01_k6_rep7,hmc_in_K2|robust+gate,990,1.3612,1.8529,1.1086,0.77162,0.77304,0.49394,0.81414,0.95455,5.2735
hmc_in_gauss_k2,0.01,fix_hmc_in_gauss_k2__r0.01_k6_rep7,hmc_in_K2|robust,990,1.3615,1.8536,1.1078,0.7716,0.77296,0.49293,0.81414,0.95455,5.2718
hmc_in_gauss_k2,0.01,fix_hmc_in_gauss_k2__r0.01_k6_rep7,hmc_in_K2|hampel+gate,990,1.3612,1.8529,1.1086,0.77162,0.77304,0.49394,0.81414,0.95455,5.2735
hmc_in_gauss_k2,0.01,fix_hmc_in_gauss_k2__r0.01_k6_rep7,ar1|raw,990,1.3978,1.9538,1.1457,0.79968,0.79968,0.52828,0.85556,0.99091,6.3651
hmc_in_gauss_k2,0.01,fix_hmc_in_gauss_k2__r0.01_k6_rep7,ar1|raw+gate,990,1.3982,1.955,1.1465,0.79993,0.79993,0.52828,0.85556,0.99091,6.3657
hmc_in_gauss_k2,0.01,fix_hmc_in_gauss_k2__r0.01_k6_rep7,ar1|robust+gate,990,1.3921,1.938,1.1395,0.79314,0.79314,0.46263,0.80101,0.96869,5.56
hmc_in_gauss_k2,0.01,fix_hmc_in_gauss_k2__r0.01_k6_rep7,persistence|raw,990,2.1625,4.6764,1.5501,1.131,,0.50909,0.82121,0.95657,7.7523
hmc_in_gauss_k2,0.01,fix_hmc_in_gauss_k2__r0.01_k6_rep7,ar1|clean,990,1.3919,1.9374,1.1392,0.79298,0.79298,0.46263,0.80101,0.96869,5.5548
hmc_in_gauss_k2,0.01,fix_hmc_in_gauss_k2__r0.01_k6_rep7,persistence|clean,990,1.7535,3.0748,1.3934,0.98819,,0.51414,0.8202,0.96162,7.1971
hmc_in_gauss_k2,0.01,fix_hmc_in_gauss_k2__r0.01_k6_rep8,hmc_in_K2|true+gate,990,1.3079,1.7107,1.0672,0.7417,0.74317,0.51717,0.82727,0.95859,5.2047
hmc_in_gauss_k2,0.01,fix_hmc_in_gauss_k2__r0.01_k6_rep8,hmc_in_K2|true,990,1.3078,1.7103,1.0668,0.74153,0.743,0.51818,0.82727,0.95859,5.2044
hmc_in_gauss_k2,0.01,fix_hmc_in_gauss_k2__r0.01_k6_rep8,hmc_in_K2|clean,990,1.3076,1.7099,1.0663,0.74193,0.74294,0.52828,0.83232,0.9596,5.2492
hmc_in_gauss_k2,0.01,fix_hmc_in_gauss_k2__r0.01_k6_rep8,hmc_in_K2|raw+gate,990,1.3162,1.7324,1.073,0.75802,0.75695,0.60202,0.8899,0.98384,6.3285
hmc_in_gauss_k2,0.01,fix_hmc_in_gauss_k2__r0.01_k6_rep8,hmc_in_K2|raw,990,1.3162,1.7323,1.0726,0.75789,0.75687,0.60404,0.8899,0.98384,6.3286
hmc_in_gauss_k2,0.01,fix_hmc_in_gauss_k2__r0.01_k6_rep8,hmc_in_K2|robust+gate,990,1.3074,1.7093,1.0663,0.74181,0.74284,0.52727,0.83333,0.9596,5.2503
hmc_in_gauss_k2,0.01,fix_hmc_in_gauss_k2__r0.01_k6_rep8,hmc_in_K2|robust,990,1.3073,1.7092,1.0659,0.7417,0.74273,0.52727,0.83232,0.9596,5.25
hmc_in_gauss_k2,0.01,fix_hmc_in_gauss_k2__r0.01_k6_rep8,hmc_in_K2|hampel+gate,990,1.3074,1.7093,1.0663,0.74181,0.74284,0.52727,0.83333,0.9596,5.2503
hmc_in_gauss_k2,0.01,fix_hmc_in_gauss_k2__r0.01_k6_rep8,ar1|raw,990,1.3588,1.8465,1.113,0.78144,0.78144,0.55556,0.89798,0.99091,6.5974
hmc_in_gauss_k2,0.01,fix_hmc_in_gauss_k2__r0.01_k6_rep8,ar1|raw+gate,990,1.3588,1.8465,1.113,0.78144,0.78144,0.55556,0.89798,0.99091,6.5974
hmc_in_gauss_k2,0.01,fix_hmc_in_gauss_k2__r0.01_k6_rep8,ar1|robust+gate,990,1.3473,1.8152,1.1041,0.76751,0.76751,0.48687,0.81414,0.97273,5.5605
hmc_in_gauss_k2,0.01,fix_hmc_in_gauss_k2__r0.01_k6_rep8,persistence|raw,990,1.5743,2.4785,1.2276,0.89201,,0.58485,0.87879,0.98485,7.9891
hmc_in_gauss_k2,0.01,fix_hmc_in_gauss_k2__r0.01_k6_rep8,ar1|clean,990,1.3475,1.8157,1.1043,0.76761,0.76761,0.48384,0.81414,0.97374,5.5671
hmc_in_gauss_k2,0.01,fix_hmc_in_gauss_k2__r0.01_k6_rep8,persistence|clean,990,1.5743,2.4785,1.2276,0.88745,,0.57576,0.85455,0.97475,7.1634
hmc_in_gauss_k2,0.01,fix_hmc_in_gauss_k2__r0.01_k6_rep9,hmc_in_K2|true+gate,990,1.3482,1.8176,1.0942,0.76508,0.76555,0.49495,0.80808,0.95051,5.1978
hmc_in_gauss_k2,0.01,fix_hmc_in_gauss_k2__r0.01_k6_rep9,hmc_in_K2|true,990,1.3407,1.7975,1.0881,0.76044,0.76129,0.5,0.8101,0.95051,5.1961
hmc_in_gauss_k2,0.01,fix_hmc_in_gauss_k2__r0.01_k6_rep9,hmc_in_K2|clean,990,1.3513,1.826,1.0958,0.76679,0.76718,0.48485,0.80101,0.94545,5.0822
hmc_in_gauss_k2,0.01,fix_hmc_in_gauss_k2__r0.01_k6_rep9,hmc_in_K2|raw+gate,990,1.3457,1.8108,1.0897,0.77233,0.76935,0.55556,0.87172,0.97576,6.1225
hmc_in_gauss_k2,0.01,fix_hmc_in_gauss_k2__r0.01_k6_rep9,hmc_in_K2|raw,990,1.3429,1.8033,1.0879,0.77042,0.76788,0.55455,0.87273,0.97576,6.1243
hmc_in_gauss_k2,0.01,fix_hmc_in_gauss_k2__r0.01_k6_rep9,hmc_in_K2|robust+gate,990,1.3493,1.8206,1.0952,0.76559,0.76623,0.47778,0.79293,0.94545,5.0325
hmc_in_gauss_k2,0.01,fix_hmc_in_gauss_k2__r0.01_k6_rep9,hmc_in_K2|robust,990,1.3419,1.8007,1.0892,0.76105,0.76201,0.48283,0.79394,0.94646,5.0299
hmc_in_gauss_k2,0.01,fix_hmc_in_gauss_k2__r0.01_k6_rep9,hmc_in_K2|hampel+gate,990,1.3493,1.8206,1.0952,0.76559,0.76623,0.47778,0.79293,0.94545,5.0325
hmc_in_gauss_k2,0.01,fix_hmc_in_gauss_k2__r0.01_k6_rep9,ar1|raw,990,1.3669,1.8684,1.1224,0.78347,0.78347,0.54848,0.87879,0.99091,6.3941
hmc_in_gauss_k2,0.01,fix_hmc_in_gauss_k2__r0.01_k6_rep9,ar1|raw+gate,990,1.3638,1.86,1.12,0.78188,0.78188,0.54949,0.87879,0.99192,6.3949
hmc_in_gauss_k2,0.01,fix_hmc_in_gauss_k2__r0.01_k6_rep9,ar1|robust+gate,990,1.3579,1.8439,1.1104,0.77366,0.77366,0.47475,0.79293,0.9596,5.3691
hmc_in_gauss_k2,0.01,fix_hmc_in_gauss_k2__r0.01_k6_rep9,persistence|raw,990,1.897,3.5986,1.4965,1.0576,,0.48586,0.80505,0.96869,7.718
hmc_in_gauss_k2,0.01,fix_hmc_in_gauss_k2__r0.01_k6_rep9,ar1|clean,990,1.3594,1.848,1.1108,0.77431,0.77431,0.47576,0.79293,0.95859,5.3872
hmc_in_gauss_k2,0.01,fix_hmc_in_gauss_k2__r0.01_k6_rep9,persistence|clean,990,1.8123,3.2846,1.4595,1.0238,,0.47778,0.79798,0.95051,6.9681
hmc_in_gauss_k2,0.05,fix_hmc_in_gauss_k2__r0.05_k6_rep0,hmc_in_K2|true+gate,990,1.3779,1.8985,1.1188,0.78116,0.78224,0.49495,0.80202,0.94545,5.1999
hmc_in_gauss_k2,0.05,fix_hmc_in_gauss_k2__r0.05_k6_rep0,hmc_in_K2|true,990,1.392,1.9376,1.1309,0.79117,0.79136,0.48687,0.79394,0.94343,5.1955
hmc_in_gauss_k2,0.05,fix_hmc_in_gauss_k2__r0.05_k6_rep0,hmc_in_K2|clean,990,1.373,1.8852,1.1141,0.77811,0.77942,0.49798,0.80606,0.94545,5.2136
hmc_in_gauss_k2,0.05,fix_hmc_in_gauss_k2__r0.05_k6_rep0,hmc_in_K2|raw+gate,990,1.4997,2.2492,1.2286,0.83238,0.90383,0.48485,0.83939,0.98182,11.306
hmc_in_gauss_k2,0.05,fix_hmc_in_gauss_k2__r0.05_k6_rep0,hmc_in_K2|raw,990,1.4997,2.2492,1.2286,0.83238,0.90383,0.48485,0.83939,0.98182,11.306
hmc_in_gauss_k2,0.05,fix_hmc_in_gauss_k2__r0.05_k6_rep0,hmc_in_K2|robust+gate,990,1.4997,2.2492,1.2286,0.83238,0.90383,0.48485,0.83939,0.98182,11.306
hmc_in_gauss_k2,0.05,fix_hmc_in_gauss_k2__r0.05_k6_rep0,hmc_in_K2|robust,990,1.4997,2.2492,1.2286,0.83238,0.90383,0.48485,0.83939,0.98182,11.306
hmc_in_gauss_k2,0.05,fix_hmc_in_gauss_k2__r0.05_k6_rep0,hmc_in_K2|hampel+gate,990,1.3784,1.8999,1.1191,0.7814,0.7825,0.49596,0.80808,0.94747,5.2398
hmc_in_gauss_k2,0.05,fix_hmc_in_gauss_k2__r0.05_k6_rep0,ar1|raw,990,1.4979,2.2438,1.2269,0.90282,0.90282,0.69697,0.96465,1,9.2656
hmc_in_gauss_k2,0.05,fix_hmc_in_gauss_k2__r0.05_k6_rep0,ar1|raw+gate,990,1.4956,2.237,1.225,0.90184,0.90184,0.69899,0.96566,1,9.2658
hmc_in_gauss_k2,0.05,fix_hmc_in_gauss_k2__r0.05_k6_rep0,ar1|robust+gate,990,1.4111,1.9913,1.1551,0.80332,0.80332,0.47172,0.80101,0.95556,5.51
hmc_in_gauss_k2,0.05,fix_hmc_in_gauss_k2__r0.05_k6_rep0,persistence|raw,990,2.6439,6.9901,1.767,1.3252,,0.54343,0.86667,0.96768,16.825
hmc_in_gauss_k2,0.05,fix_hmc_in_gauss_k2__r0.05_k6_rep0,ar1|clean,990,1.411,1.9908,1.1544,0.80317,0.80317,0.47172,0.79596,0.95556,5.4951
hmc_in_gauss_k2,0.05,fix_hmc_in_gauss_k2__r0.05_k6_rep0,persistence|clean,990,1.7084,2.9186,1.3713,0.96325,,0.51919,0.83333,0.96465,7.0859
hmc_in_gauss_k2,0.05,fix_hmc_in_gauss_k2__r0.05_k6_rep1,hmc_in_K2|true+gate,990,1.3172,1.7351,1.0944,0.75216,0.75309,0.50101,0.82929,0.96364,5.2041
hmc_in_gauss_k2,0.05,fix_hmc_in_gauss_k2__r0.05_k6_rep1,hmc_in_K2|true,990,1.3373,1.7883,1.1099,0.76515,0.76509,0.49596,0.8202,0.96162,5.1995
hmc_in_gauss_k2,0.05,fix_hmc_in_gauss_k2__r0.05_k6_rep1,hmc_in_K2|clean,990,1.3128,1.7236,1.0907,0.74897,0.75013,0.50808,0.83232,0.96263,5.191
hmc_in_gauss_k2,0.05,fix_hmc_in_gauss_k2__r0.05_k6_rep1,hmc_in_K2|raw+gate,990,1.4257,2.0326,1.1853,0.79775,0.86672,0.48485,0.86465,0.98687,11.086
hmc_in_gauss_k2,0.05,fix_hmc_in_gauss_k2__r0.05_k6_rep1,hmc_in_K2|raw,990,1.4257,2.0326,1.1853,0.79775,0.86672,0.48485,0.86465,0.98687,11.086
hmc_in_gauss_k2,0.05,fix_hmc_in_gauss_k2__r0.05_k6_rep1,hmc_in_K2|robust+gate,990,1.4257,2.0326,1.1853,0.79775,0.86672,0.48485,0.86465,0.98687,11.086
hmc_in_gauss_k2,0.05,fix_hmc_in_gauss_k2__r0.05_k6_rep1,hmc_in_K2|robust,990,1.4257,2.0326,1.1853,0.79775,0.86672,0.48485,0.86465,0.98687,11.086
hmc_in_gauss_k2,0.05,fix_hmc_in_gauss_k2__r0.05_k6_rep1,hmc_in_K2|hampel+gate,990,1.3175,1.7357,1.0949,0.75209,0.75314,0.50303,0.8303,0.96162,5.1874
hmc_in_gauss_k2,0.05,fix_hmc_in_gauss_k2__r0.05_k6_rep1,ar1|raw,990,1.4213,2.0201,1.1806,0.86412,0.86412,0.7101,0.97374,1,9.0212
hmc_in_gauss_k2,0.05,fix_hmc_in_gauss_k2__r0.05_k6_rep1,ar1|raw+gate,990,1.4228,2.0243,1.1816,0.86476,0.86476,0.7101,0.97374,1,9.0213
hmc_in_gauss_k2,0.05,fix_hmc_in_gauss_k2__r0.05_k6_rep1,ar1|robust+gate,990,1.3417,1.8001,1.1204,0.76782,0.76782,0.4596,0.81616,0.97071,5.4792
hmc_in_gauss_k2,0.05,fix_hmc_in_gauss_k2__r0.05_k6_rep1,persistence|raw,990,2.6241,6.8861,1.7258,1.3123,,0.56263,0.86566,0.97172,16.507
hmc_in_gauss_k2,0.05,fix_hmc_in_gauss_k2__r0.05_k6_rep1,ar1|clean,990,1.3383,1.791,1.1174,0.76578,0.76578,0.46061,0.82121,0.97071,5.489
hmc_in_gauss_k2,0.05,fix_hmc_in_gauss_k2__r0.05_k6_rep1,persistence|clean,990,1.6065,2.581,1.2844,0.91275,,0.54545,0.83737,0.97677,7.0981
hmc_in_gauss_k2,0.05,fix_hmc_in_gauss_k2__r0.05_k6_rep2,hmc_in_K2|true+gate,990,1.3407,1.7975,1.0731,0.75619,0.75663,0.53737,0.81717,0.9404,5.1993
hmc_in_gauss_k2,0.05,fix_hmc_in_gauss_k2__r0.05_k6_rep2,hmc_in_K2|true,990,1.3361,1.7853,1.0691,0.75297,0.75373,0.5404,0.82222,0.9404,5.1985
hmc_in_gauss_k2,0.05,fix_hmc_in_gauss_k2__r0.05_k6_rep2,hmc_in_K2|clean,990,1.3404,1.7967,1.0741,0.75632,0.75661,0.53838,0.82121,0.94343,5.2398
hmc_in_gauss_k2,0.05,fix_hmc_in_gauss_k2__r0.05_k6_rep2,hmc_in_K2|raw+gate,990,1.3939,1.943,1.1216,0.79908,0.8582,0.52929,0.86263,0.98788,11.247
hmc_in_gauss_k2,0.05,fix_hmc_in_gauss_k2__r0.05_k6_rep2,hmc_in_K2|raw,990,1.3939,1.943,1.1216,0.79908,0.8582,0.52929,0.86263,0.98788,11.247
hmc_in_gauss_k2,0.05,fix_hmc_in_gauss_k2__r0.05_k6_rep2,hmc_in_K2|robust+gate,990,1.391,1.935,1.1197,0.79824,0.85212,0.52929,0.86061,0.98788,11.096
hmc_in_gauss_k2,0.05,fix_hmc_in_gauss_k2__r0.05_k6_rep2,hmc_in_K2|robust,990,1.391,1.935,1.1197,0.79824,0.85212,0.52929,0.86061,0.98788,11.096
hmc_in_gauss_k2,0.05,fix_hmc_in_gauss_k2__r0.05_k6_rep2,hmc_in_K2|hampel+gate,990,1.3424,1.802,1.0749,0.75744,0.75765,0.54141,0.81717,0.94141,5.2034
hmc_in_gauss_k2,0.05,fix_hmc_in_gauss_k2__r0.05_k6_rep2,ar1|raw,990,1.3897,1.9313,1.1162,0.85579,0.85579,0.74141,0.9697,1,9.2713
hmc_in_gauss_k2,0.05,fix_hmc_in_gauss_k2__r0.05_k6_rep2,ar1|raw+gate,990,1.3897,1.9312,1.1167,0.8558,0.8558,0.74141,0.97071,1,9.2714
hmc_in_gauss_k2,0.05,fix_hmc_in_gauss_k2__r0.05_k6_rep2,ar1|robust+gate,990,1.3696,1.8757,1.1079,0.77628,0.77628,0.49293,0.81212,0.95455,5.5093
hmc_in_gauss_k2,0.05,fix_hmc_in_gauss_k2__r0.05_k6_rep2,persistence|raw,990,2.2467,5.0474,1.6162,1.1983,,0.55758,0.87071,0.9899,16.724
hmc_in_gauss_k2,0.05,fix_hmc_in_gauss_k2__r0.05_k6_rep2,ar1|clean,990,1.3712,1.8803,1.1097,0.77729,0.77729,0.49495,0.81313,0.95556,5.5224
hmc_in_gauss_k2,0.05,fix_hmc_in_gauss_k2__r0.05_k6_rep2,persistence|clean,990,1.7839,3.1823,1.4171,1.0044,,0.50303,0.80404,0.95253,7.1412
hmc_in_gauss_k2,0.05,fix_hmc_in_gauss_k2__r0.05_k6_rep3,hmc_in_K2|true+gate,990,1.4283,2.0401,1.1623,0.81164,0.81389,0.47677,0.77273,0.9404,5.2
hmc_in_gauss_k2,0.05,fix_hmc_in_gauss_k2__r0.05_k6_rep3,hmc_in_K2|true,990,1.4295,2.0435,1.1613,0.81209,0.81438,0.47374,0.77273,0.9404,5.1968
hmc_in_gauss_k2,0.05,fix_hmc_in_gauss_k2__r0.05_k6_rep3,hmc_in_K2|clean,990,1.4264,2.0346,1.1597,0.81054,0.81325,0.47879,0.76566,0.93535,5.1167
hmc_in_gauss_k2,0.05,fix_hmc_in_gauss_k2__r0.05_k6_rep3,hmc_in_K2|raw+gate,990,1.5452,2.3876,1.2474,0.86667,0.91307,0.46465,0.80101,0.96869,10.919
hmc_in_gauss_k2,0.05,fix_hmc_in_gauss_k2__r0.05_k6_rep3,hmc_in_K2|raw,990,1.5452,2.3876,1.2474,0.86667,0.91307,0.46465,0.80101,0.96869,10.919
hmc_in_gauss_k2,0.05,fix_hmc_in_gauss_k2__r0.05_k6_rep3,hmc_in_K2|robust+gate,990,1.5452,2.3876,1.2474,0.86667,0.91307,0.46465,0.80101,0.96869,10.919
hmc_in_gauss_k2,0.05,fix_hmc_in_gauss_k2__r0.05_k6_rep3,hmc_in_K2|robust,990,1.5452,2.3876,1.2474,0.86667,0.91307,0.46465,0.80101,0.96869,10.919
hmc_in_gauss_k2,0.05,fix_hmc_in_gauss_k2__r0.05_k6_rep3,hmc_in_K2|hampel+gate,990,1.4287,2.0412,1.1614,0.81256,0.81495,0.47071,0.76364,0.93131,5.0818
hmc_in_gauss_k2,0.05,fix_hmc_in_gauss_k2__r0.05_k6_rep3,ar1|raw,990,1.5386,2.3674,1.2437,0.91041,0.91041,0.66364,0.94747,0.99697,8.9033
hmc_in_gauss_k2,0.05,fix_hmc_in_gauss_k2__r0.05_k6_rep3,ar1|raw+gate,990,1.5374,2.3635,1.2416,0.90976,0.90976,0.66465,0.94747,0.99697,8.9034
hmc_in_gauss_k2,0.05,fix_hmc_in_gauss_k2__r0.05_k6_rep3,ar1|robust+gate,990,1.4642,2.1438,1.1954,0.83645,0.83645,0.44747,0.75152,0.94444,5.3535
hmc_in_gauss_k2,0.05,fix_hmc_in_gauss_k2__r0.05_k6_rep3,persistence|raw,990,2.5489,6.4967,1.7935,1.3222,,0.50202,0.82929,0.97778,16.23
hmc_in_gauss_k2,0.05,fix_hmc_in_gauss_k2__r0.05_k6_rep3,ar1|clean,990,1.464,2.1432,1.196,0.8361,0.8361,0.45152,0.75556,0.94646,5.3906
hmc_in_gauss_k2,0.05,fix_hmc_in_gauss_k2__r0.05_k6_rep3,persistence|clean,990,1.8527,3.4325,1.4921,1.0482,,0.4798,0.78485,0.94949,7.0554
hmc_in_gauss_k2,0.05,fix_hmc_in_gauss_k2__r0.05_k6_rep4,hmc_in_K2|true+gate,990,1.3596,1.8486,1.1067,0.77399,0.77424,0.51212,0.79798,0.94545,5.21
hmc_in_gauss_k2,0.05,fix_hmc_in_gauss_k2__r0.05_k6_rep4,hmc_in_K2|true,990,1.3778,1.8985,1.1221,0.78659,0.78579,0.51111,0.78889,0.94444,5.2032
hmc_in_gauss_k2,0.05,fix_hmc_in_gauss_k2__r0.05_k6_rep4,hmc_in_K2|clean,990,1.3568,1.841,1.1048,0.77226,0.77254,0.51111,0.79596,0.94343,5.1905
hmc_in_gauss_k2,0.05,fix_hmc_in_gauss_k2__r0.05_k6_rep4,hmc_in_K2|raw+gate,990,1.4644,2.1443,1.1899,0.81736,0.88452,0.49798,0.84848,0.97475,11.196
hmc_in_gauss_k2,0.05,fix_hmc_in_gauss_k2__r0.05_k6_rep4,hmc_in_K2|raw,990,1.4644,2.1443,1.1899,0.81736,0.88452,0.49798,0.84848,0.97475,11.196
hmc_in_gauss_k2,0.05,fix_hmc_in_gauss_k2__r0.05_k6_rep4,hmc_in_K2|robust+gate,990,1.4644,2.1443,1.1899,0.81736,0.88452,0.49798,0.84848,0.97475,11.196
hmc_in_gauss_k2,0.05,fix_hmc_in_gauss_k2__r0.05_k6_rep4,hmc_in_K2|robust,990,1.4644,2.1443,1.1899,0.81736,0.88452,0.49798,0.84848,0.97475,11.196
hmc_in_gauss_k2,0.05,fix_hmc_in_gauss_k2__r0.05_k6_rep4,hmc_in_K2|hampel+gate,990,1.3611,1.8526,1.108,0.77501,0.77522,0.50808,0.79495,0.94545,5.1962
hmc_in_gauss_k2,0.05,fix_hmc_in_gauss_k2__r0.05_k6_rep4,ar1|raw,990,1.4671,2.1522,1.1894,0.88503,0.88503,0.68687,0.96162,1,9.1174
hmc_in_gauss_k2,0.05,fix_hmc_in_gauss_k2__r0.05_k6_rep4,ar1|raw+gate,990,1.4649,2.1459,1.1884,0.88413,0.88413,0.68788,0.96263,1,9.1175
hmc_in_gauss_k2,0.05,fix_hmc_in_gauss_k2__r0.05_k6_rep4,ar1|robust+gate,990,1.3879,1.9263,1.1348,0.79164,0.79164,0.46364,0.79495,0.95556,5.4711
hmc_in_gauss_k2,0.05,fix_hmc_in_gauss_k2__r0.05_k6_rep4,persistence|raw,990,2.5781,6.6465,1.8194,1.3457,,0.50909,0.84545,0.98182,16.678
hmc_in_gauss_k2,0.05,fix_hmc_in_gauss_k2__r0.05_k6_rep4,ar1|clean,990,1.3843,1.9162,1.1309,0.7892,0.7892,0.46566,0.79596,0.95556,5.4692
hmc_in_gauss_k2,0.05,fix_hmc_in_gauss_k2__r0.05_k6_rep4,persistence|clean,990,1.7598,3.0971,1.4328,0.99878,,0.48384,0.80707,0.95657,6.9896
hmc_in_gauss_k2,0.05,fix_hmc_in_gauss_k2__r0.05_k6_rep5,hmc_in_K2|true+gate,990,1.3733,1.8859,1.1391,0.78048,0.78391,0.47778,0.8,0.95556,5.2041
hmc_in_gauss_k2,0.05,fix_hmc_in_gauss_k2__r0.05_k6_rep5,hmc_in_K2|true,990,1.3877,1.9257,1.1522,0.7903,0.79279,0.46869,0.79394,0.95455,5.2001
hmc_in_gauss_k2,0.05,fix_hmc_in_gauss_k2__r0.05_k6_rep5,hmc_in_K2|clean,990,1.3746,1.8895,1.1394,0.78121,0.78489,0.45758,0.78687,0.94848,5.0849
hmc_in_gauss_k2,0.05,fix_hmc_in_gauss_k2__r0.05_k6_rep5,hmc_in_K2|raw+gate,990,1.4616,2.1364,1.2115,0.83194,0.88314,0.44141,0.83434,0.98485,11.166
hmc_in_gauss_k2,0.05,fix_hmc_in_gauss_k2__r0.05_k6_rep5,hmc_in_K2|raw,990,1.4616,2.1364,1.2115,0.83194,0.88314,0.44141,0.83434,0.98485,11.166
hmc_in_gauss_k2,0.05,fix_hmc_in_gauss_k2__r0.05_k6_rep5,hmc_in_K2|robust+gate,990,1.4579,2.1254,1.2092,0.83108,0.87715,0.44141,0.83131,0.98485,11.015
hmc_in_gauss_k2,0.05,fix_hmc_in_gauss_k2__r0.05_k6_rep5,hmc_in_K2|robust,990,1.4579,2.1254,1.2092,0.83108,0.87715,0.44141,0.83131,0.98485,11.015
hmc_in_gauss_k2,0.05,fix_hmc_in_gauss_k2__r0.05_k6_rep5,hmc_in_K2|hampel+gate,990,1.3749,1.8905,1.1404,0.78151,0.78542,0.4596,0.78586,0.94747,5.0688
hmc_in_gauss_k2,0.05,fix_hmc_in_gauss_k2__r0.05_k6_rep5,ar1|raw,990,1.4579,2.1255,1.2048,0.88091,0.88091,0.69596,0.96869,0.99899,9.064
hmc_in_gauss_k2,0.05,fix_hmc_in_gauss_k2__r0.05_k6_rep5,ar1|raw+gate,990,1.4589,2.1285,1.2068,0.88141,0.88141,0.69596,0.96869,0.99899,9.0642
hmc_in_gauss_k2,0.05,fix_hmc_in_gauss_k2__r0.05_k6_rep5,ar1|robust+gate,990,1.4182,2.0112,1.1828,0.81388,0.81388,0.4101,0.76566,0.95657,5.3796
hmc_in_gauss_k2,0.05,fix_hmc_in_gauss_k2__r0.05_k6_rep5,persistence|raw,990,2.6072,6.7976,1.8154,1.3477,,0.48586,0.82222,0.97374,16.538
hmc_in_gauss_k2,0.05,fix_hmc_in_gauss_k2__r0.05_k6_rep5,ar1|clean,990,1.4166,2.0069,1.1811,0.81279,0.81279,0.41313,0.76667,0.95758,5.3829
hmc_in_gauss_k2,0.05,fix_hmc_in_gauss_k2__r0.05_k6_rep5,persistence|clean,990,1.7924,3.2128,1.4387,1.0144,,0.46768,0.79798,0.93737,6.8475
hmc_in_gauss_k2,0.05,fix_hmc_in_gauss_k2__r0.05_k6_rep6,hmc_in_K2|true+gate,990,1.3275,1.7621,1.1015,0.75703,0.75973,0.48384,0.80303,0.96162,5.1933
hmc_in_gauss_k2,0.05,fix_hmc_in_gauss_k2__r0.05_k6_rep6,hmc_in_K2|true,990,1.3412,1.7987,1.1163,0.76721,0.76891,0.48283,0.79899,0.96162,5.1897
hmc_in_gauss_k2,0.05,fix_hmc_in_gauss_k2__r0.05_k6_rep6,hmc_in_K2|clean,990,1.3269,1.7607,1.1006,0.75683,0.75919,0.48283,0.80707,0.96263,5.2416
hmc_in_gauss_k2,0.05,fix_hmc_in_gauss_k2__r0.05_k6_rep6,hmc_in_K2|raw+gate,990,1.4244,2.029,1.1989,0.80836,0.87125,0.47172,0.85455,0.98889,11.263
hmc_in_gauss_k2,0.05,fix_hmc_in_gauss_k2__r0.05_k6_rep6,hmc_in_K2|raw,990,1.4244,2.029,1.1989,0.80836,0.87125,0.47172,0.85455,0.98889,11.263
hmc_in_gauss_k2,0.05,fix_hmc_in_gauss_k2__r0.05_k6_rep6,hmc_in_K2|robust+gate,990,1.4229,2.0247,1.198,0.80803,0.869,0.47172,0.85455,0.98889,11.211
hmc_in_gauss_k2,0.05,fix_hmc_in_gauss_k2__r0.05_k6_rep6,hmc_in_K2|robust,990,1.4229,2.0247,1.198,0.80803,0.869,0.47172,0.85455,0.98889,11.211
hmc_in_gauss_k2,0.05,fix_hmc_in_gauss_k2__r0.05_k6_rep6,hmc_in_K2|hampel+gate,990,1.3283,1.7645,1.1027,0.75797,0.76036,0.47475,0.80404,0.96162,5.2219
hmc_in_gauss_k2,0.05,fix_hmc_in_gauss_k2__r0.05_k6_rep6,ar1|raw,990,1.4255,2.0321,1.1974,0.87108,0.87108,0.68687,0.98081,1,9.1573
hmc_in_gauss_k2,0.05,fix_hmc_in_gauss_k2__r0.05_k6_rep6,ar1|raw+gate,990,1.4217,2.0211,1.1958,0.8696,0.8696,0.68586,0.98182,1,9.1576
hmc_in_gauss_k2,0.05,fix_hmc_in_gauss_k2__r0.05_k6_rep6,ar1|robust+gate,990,1.3573,1.8422,1.1419,0.78011,0.78011,0.45455,0.8,0.97576,5.5032
hmc_in_gauss_k2,0.05,fix_hmc_in_gauss_k2__r0.05_k6_rep6,persistence|raw,990,2.9231,8.5442,1.9523,1.4784,,0.52121,0.82828,0.95556,16.737
hmc_in_gauss_k2,0.05,fix_hmc_in_gauss_k2__r0.05_k6_rep6,ar1|clean,990,1.3537,1.8324,1.138,0.77792,0.77792,0.45859,0.80808,0.97677,5.5238
hmc_in_gauss_k2,0.05,fix_hmc_in_gauss_k2__r0.05_k6_rep6,persistence|clean,990,1.7574,3.0884,1.4069,0.99222,,0.49394,0.81212,0.9596,7.1422
hmc_in_gauss_k2,0.05,fix_hmc_in_gauss_k2__r0.05_k6_rep7,hmc_in_K2|true+gate,990,1.3647,1.8625,1.1088,0.77338,0.77464,0.4899,0.80606,0.95253,5.2021
hmc_in_gauss_k2,0.05,fix_hmc_in_gauss_k2__r0.05_k6_rep7,hmc_in_K2|true,990,1.3762,1.8938,1.1183,0.78053,0.78128,0.48485,0.8,0.95253,5.1963
hmc_in_gauss_k2,0.05,fix_hmc_in_gauss_k2__r0.05_k6_rep7,hmc_in_K2|clean,990,1.361,1.8524,1.1083,0.77152,0.77291,0.49394,0.81313,0.95556,5.2817
hmc_in_gauss_k2,0.05,fix_hmc_in_gauss_k2__r0.05_k6_rep7,hmc_in_K2|raw+gate,990,1.4668,2.1514,1.2069,0.82112,0.88307,0.48485,0.83434,0.97677,11.116
hmc_in_gauss_k2,0.05,fix_hmc_in_gauss_k2__r0.05_k6_rep7,hmc_in_K2|raw,990,1.4668,2.1514,1.2069,0.82112,0.88307,0.48485,0.83434,0.97677,11.116
hmc_in_gauss_k2,0.05,fix_hmc_in_gauss_k2__r0.05_k6_rep7,hmc_in_K2|robust+gate,990,1.4668,2.1514,1.2069,0.82112,0.88307,0.48485,0.83434,0.97677,11.116
hmc_in_gauss_k2,0.05,fix_hmc_in_gauss_k2__r0.05_k6_rep7,hmc_in_K2|robust,990,1.4668,2.1514,1.2069,0.82112,0.88307,0.48485,0.83434,0.97677,11.116
hmc_in_gauss_k2,0.05,fix_hmc_in_gauss_k2__r0.05_k6_rep7,hmc_in_K2|hampel+gate,990,1.3648,1.8626,1.1096,0.7734,0.77491,0.48889,0.80909,0.95253,5.2532
hmc_in_gauss_k2,0.05,fix_hmc_in_gauss_k2__r0.05_k6_rep7,ar1|raw,990,1.4663,2.1501,1.2043,0.88262,0.88262,0.69697,0.96162,0.99798,9.0439
hmc_in_gauss_k2,0.05,fix_hmc_in_gauss_k2__r0.05_k6_rep7,ar1|raw+gate,990,1.4653,2.147,1.2036,0.88217,0.88217,0.69798,0.96162,0.99798,9.044
hmc_in_gauss_k2,0.05,fix_hmc_in_gauss_k2__r0.05_k6_rep7,ar1|robust+gate,990,1.3949,1.9458,1.142,0.79484,0.79484,0.45556,0.79697,0.96566,5.5272
hmc_in_gauss_k2,0.05,fix_hmc_in_gauss_k2__r0.05_k6_rep7,persistence|raw,990,2.6122,6.8235,1.7575,1.3229,,0.52626,0.84848,0.97475,16.59
hmc_in_gauss_k2,0.05,fix_hmc_in_gauss_k2__r0.05_k6_rep7,ar1|clean,990,1.3919,1.9374,1.1392,0.79298,0.79298,0.46263,0.80101,0.96869,5.5548
hmc_in_gauss_k2,0.05,fix_hmc_in_gauss_k2__r0.05_k6_rep7,persistence|clean,990,1.7535,3.0748,1.3934,0.98819,,0.51414,0.8202,0.96162,7.1971
hmc_in_gauss_k2,0.05,fix_hmc_in_gauss_k2__r0.05_k6_rep8,hmc_in_K2|true+gate,990,1.3134,1.7249,1.0735,0.7454,0.74661,0.51616,0.82626,0.95859,5.208
hmc_in_gauss_k2,0.05,fix_hmc_in_gauss_k2__r0.05_k6_rep8,hmc_in_K2|true,990,1.3289,1.766,1.0853,0.75557,0.75581,0.50808,0.82222,0.95556,5.2004
hmc_in_gauss_k2,0.05,fix_hmc_in_gauss_k2__r0.05_k6_rep8,hmc_in_K2|clean,990,1.3076,1.7099,1.0663,0.74193,0.74294,0.52828,0.83232,0.9596,5.2492
hmc_in_gauss_k2,0.05,fix_hmc_in_gauss_k2__r0.05_k6_rep8,hmc_in_K2|raw+gate,990,1.4301,2.0452,1.1664,0.79945,0.87264,0.50909,0.86061,0.98687,11.371
hmc_in_gauss_k2,0.05,fix_hmc_in_gauss_k2__r0.05_k6_rep8,hmc_in_K2|raw,990,1.4301,2.0452,1.1664,0.79945,0.87264,0.50909,0.86061,0.98687,11.371
hmc_in_gauss_k2,0.05,fix_hmc_in_gauss_k2__r0.05_k6_rep8,hmc_in_K2|robust+gate,990,1.4301,2.0452,1.1664,0.79945,0.87264,0.50909,0.86061,0.98687,11.371
hmc_in_gauss_k2,0.05,fix_hmc_in_gauss_k2__r0.05_k6_rep8,hmc_in_K2|robust,990,1.4301,2.0452,1.1664,0.79945,0.87264,0.50909,0.86061,0.98687,11.371
hmc_in_gauss_k2,0.05,fix_hmc_in_gauss_k2__r0.05_k6_rep8,hmc_in_K2|hampel+gate,990,1.3132,1.7244,1.073,0.74552,0.7464,0.52626,0.8303,0.9596,5.2217
hmc_in_gauss_k2,0.05,fix_hmc_in_gauss_k2__r0.05_k6_rep8,ar1|raw,990,1.429,2.042,1.1653,0.87185,0.87185,0.71919,0.97576,0.99899,9.2381
hmc_in_gauss_k2,0.05,fix_hmc_in_gauss_k2__r0.05_k6_rep8,ar1|raw+gate,990,1.4282,2.0398,1.1655,0.87155,0.87155,0.7202,0.97576,0.99899,9.2382
hmc_in_gauss_k2,0.05,fix_hmc_in_gauss_k2__r0.05_k6_rep8,ar1|robust+gate,990,1.3482,1.8177,1.1052,0.76814,0.76814,0.48788,0.81414,0.97172,5.537
hmc_in_gauss_k2,0.05,fix_hmc_in_gauss_k2__r0.05_k6_rep8,persistence|raw,990,2.5023,6.2615,1.624,1.2479,,0.58788,0.88182,0.97071,16.82
hmc_in_gauss_k2,0.05,fix_hmc_in_gauss_k2__r0.05_k6_rep8,ar1|clean,990,1.3475,1.8157,1.1043,0.76761,0.76761,0.48384,0.81414,0.97374,5.5671
hmc_in_gauss_k2,0.05,fix_hmc_in_gauss_k2__r0.05_k6_rep8,persistence|clean,990,1.5743,2.4785,1.2276,0.88745,,0.57576,0.85455,0.97475,7.1634
hmc_in_gauss_k2,0.05,fix_hmc_in_gauss_k2__r0.05_k6_rep9,hmc_in_K2|true+gate,990,1.3502,1.8229,1.095,0.76633,0.76677,0.49495,0.80808,0.94949,5.1983
hmc_in_gauss_k2,0.05,fix_hmc_in_gauss_k2__r0.05_k6_rep9,hmc_in_K2|true,990,1.3521,1.8281,1.0977,0.76699,0.76752,0.5,0.80909,0.95051,5.1984
hmc_in_gauss_k2,0.05,fix_hmc_in_gauss_k2__r0.05_k6_rep9,hmc_in_K2|clean,990,1.3513,1.826,1.0958,0.76679,0.76718,0.48485,0.80101,0.94545,5.0822
hmc_in_gauss_k2,0.05,fix_hmc_in_gauss_k2__r0.05_k6_rep9,hmc_in_K2|raw+gate,990,1.4265,2.035,1.1731,0.80261,0.85434,0.48889,0.83636,0.97576,10.747
hmc_in_gauss_k2,0.05,fix_hmc_in_gauss_k2__r0.05_k6_rep9,hmc_in_K2|raw,990,1.4265,2.035,1.1731,0.80261,0.85434,0.48889,0.83636,0.97576,10.747
hmc_in_gauss_k2,0.05,fix_hmc_in_gauss_k2__r0.05_k6_rep9,hmc_in_K2|robust+gate,990,1.4265,2.035,1.1731,0.80261,0.85434,0.48889,0.83636,0.97576,10.747
hmc_in_gauss_k2,0.05,fix_hmc_in_gauss_k2__r0.05_k6_rep9,hmc_in_K2|robust,990,1.4265,2.035,1.1731,0.80261,0.85434,0.48889,0.83636,0.97576,10.747
hmc_in_gauss_k2,0.05,fix_hmc_in_gauss_k2__r0.05_k6_rep9,hmc_in_K2|hampel+gate,990,1.3512,1.8257,1.0961,0.76678,0.76745,0.4798,0.79293,0.94242,5.0393
hmc_in_gauss_k2,0.05,fix_hmc_in_gauss_k2__r0.05_k6_rep9,ar1|raw,990,1.4195,2.0148,1.1646,0.85041,0.85041,0.69293,0.95455,0.99899,8.6205
hmc_in_gauss_k2,0.05,fix_hmc_in_gauss_k2__r0.05_k6_rep9,ar1|raw+gate,990,1.4165,2.0066,1.1632,0.84929,0.84929,0.69293,0.95556,1,8.6207
hmc_in_gauss_k2,0.05,fix_hmc_in_gauss_k2__r0.05_k6_rep9,ar1|robust+gate,990,1.3595,1.8482,1.1114,0.77444,0.77444,0.47273,0.79192,0.95859,5.3739
hmc_in_gauss_k2,0.05,fix_hmc_in_gauss_k2__r0.05_k6_rep9,persistence|raw,990,2.2325,4.984,1.6509,1.2007,,0.50505,0.83737,0.99091,15.869
hmc_in_gauss_k2,0.05,fix_hmc_in_gauss_k2__r0.05_k6_rep9,ar1|clean,990,1.3594,1.848,1.1108,0.77431,0.77431,0.47576,0.79293,0.95859,5.3872
hmc_in_gauss_k2,0.05,fix_hmc_in_gauss_k2__r0.05_k6_rep9,persistence|clean,990,1.8123,3.2846,1.4595,1.0238,,0.47778,0.79798,0.95051,6.9681
pmc_gauss_k2,0,fix_pmc_gauss_k2__r0.00_k6_rep0,pmc_state_K2|true+gate,990,1.2778,1.6328,1.0246,0.71778,0.72034,0.50404,0.7899,0.95152,4.9596
pmc_gauss_k2,0,fix_pmc_gauss_k2__r0.00_k6_rep0,pmc_state_K2|true,990,1.2778,1.6328,1.0246,0.71778,0.72034,0.50404,0.7899,0.95152,4.9596
pmc_gauss_k2,0,fix_pmc_gauss_k2__r0.00_k6_rep0,pmc_state_K2|clean,990,1.2823,1.6442,1.0262,0.72007,0.72246,0.5101,0.78889,0.95152,5.0169
pmc_gauss_k2,0,fix_pmc_gauss_k2__r0.00_k6_rep0,pmc_state_K2|raw+gate,990,1.2823,1.6442,1.0262,0.72007,0.72246,0.5101,0.78889,0.95152,5.0169
pmc_gauss_k2,0,fix_pmc_gauss_k2__r0.00_k6_rep0,pmc_state_K2|raw,990,1.2823,1.6442,1.0262,0.72007,0.72246,0.5101,0.78889,0.95152,5.0169
pmc_gauss_k2,0,fix_pmc_gauss_k2__r0.00_k6_rep0,pmc_state_K2|robust+gate,990,1.2823,1.6442,1.0262,0.72007,0.72246,0.5101,0.78889,0.95152,5.0169
pmc_gauss_k2,0,fix_pmc_gauss_k2__r0.00_k6_rep0,pmc_state_K2|robust,990,1.2823,1.6442,1.0262,0.72007,0.72246,0.5101,0.78889,0.95152,5.0169
pmc_gauss_k2,0,fix_pmc_gauss_k2__r0.00_k6_rep0,pmc_state_K2|hampel+gate,990,1.2823,1.6442,1.0262,0.72007,0.72246,0.5101,0.78889,0.95152,5.0169
pmc_gauss_k2,0,fix_pmc_gauss_k2__r0.00_k6_rep0,ar1|raw,990,1.2827,1.6452,1.0254,0.72227,0.72227,0.50303,0.80303,0.95859,5.1055
pmc_gauss_k2,0,fix_pmc_gauss_k2__r0.00_k6_rep0,ar1|raw+gate,990,1.2938,1.6739,1.0321,0.72797,0.72797,0.50303,0.8,0.95657,5.1108
pmc_gauss_k2,0,fix_pmc_gauss_k2__r0.00_k6_rep0,ar1|robust+gate,990,1.3096,1.7151,1.0391,0.73584,0.73584,0.4798,0.7697,0.93636,4.8124
pmc_gauss_k2,0,fix_pmc_gauss_k2__r0.00_k6_rep0,persistence|raw,990,1.6043,2.5737,1.2426,0.8877,,0.49495,0.80909,0.9596,6.4852
pmc_gauss_k2,0,fix_pmc_gauss_k2__r0.00_k6_rep0,ar1|clean,990,1.2827,1.6452,1.0254,0.72227,0.72227,0.50303,0.80303,0.95859,5.1055
pmc_gauss_k2,0,fix_pmc_gauss_k2__r0.00_k6_rep0,persistence|clean,990,1.6043,2.5737,1.2426,0.8877,,0.49495,0.80909,0.9596,6.4852
pmc_gauss_k2,0,fix_pmc_gauss_k2__r0.00_k6_rep2,pmc_state_K2|true+gate,990,1.2866,1.6554,1.0226,0.71953,0.71882,0.50303,0.80909,0.96768,4.9487
pmc_gauss_k2,0,fix_pmc_gauss_k2__r0.00_k6_rep2,pmc_state_K2|true,990,1.2866,1.6554,1.0226,0.71953,0.71881,0.50202,0.80909,0.96768,4.9488
pmc_gauss_k2,0,fix_pmc_gauss_k2__r0.00_k6_rep2,pmc_state_K2|clean,990,1.2886,1.6605,1.0249,0.72144,0.72016,0.51212,0.81414,0.9697,5.0032
pmc_gauss_k2,0,fix_pmc_gauss_k2__r0.00_k6_rep2,pmc_state_K2|raw+gate,990,1.2886,1.6606,1.0248,0.72144,0.72017,0.51212,0.81414,0.9697,5.0031
pmc_gauss_k2,0,fix_pmc_gauss_k2__r0.00_k6_rep2,pmc_state_K2|raw,990,1.2886,1.6605,1.0249,0.72144,0.72016,0.51212,0.81414,0.9697,5.0032
pmc_gauss_k2,0,fix_pmc_gauss_k2__r0.00_k6_rep2,pmc_state_K2|robust+gate,990,1.2879,1.6588,1.0248,0.7211,0.7199,0.50909,0.81212,0.9697,4.9766
pmc_gauss_k2,0,fix_pmc_gauss_k2__r0.00_k6_rep2,pmc_state_K2|robust,990,1.2879,1.6587,1.0249,0.7211,0.7199,0.50909,0.81212,0.9697,4.9767
pmc_gauss_k2,0,fix_pmc_gauss_k2__r0.00_k6_rep2,pmc_state_K2|hampel+gate,990,1.2879,1.6588,1.0248,0.7211,0.7199,0.50909,0.81212,0.9697,4.9766
pmc_gauss_k2,0,fix_pmc_gauss_k2__r0.00_k6_rep2,ar1|raw,990,1.2862,1.6544,1.0259,0.72176,0.72176,0.51313,0.81616,0.9697,5.2198
pmc_gauss_k2,0,fix_pmc_gauss_k2__r0.00_k6_rep2,ar1|raw+gate,990,1.2948,1.6765,1.0326,0.72648,0.72648,0.51313,0.81313,0.96768,5.2218
pmc_gauss_k2,0,fix_pmc_gauss_k2__r0.00_k6_rep2,ar1|robust+gate,990,1.3275,1.7622,1.044,0.74173,0.74173,0.4798,0.76263,0.94343,4.8086
pmc_gauss_k2,0,fix_pmc_gauss_k2__r0.00_k6_rep2,persistence|raw,990,1.7515,3.0677,1.3361,0.95945,,0.47071,0.75253,0.94646,6.7534
pmc_gauss_k2,0,fix_pmc_gauss_k2__r0.00_k6_rep2,ar1|clean,990,1.2862,1.6544,1.0259,0.72176,0.72176,0.51313,0.81616,0.9697,5.2198
pmc_gauss_k2,0,fix_pmc_gauss_k2__r0.00_k6_rep2,persistence|clean,990,1.7515,3.0677,1.3361,0.95945,,0.47071,0.75253,0.94646,6.7534
pmc_gauss_k2,0,fix_pmc_gauss_k2__r0.00_k6_rep1,pmc_state_K2|true+gate,990,1.3303,1.7698,1.0509,0.73806,0.74299,0.51717,0.77879,0.93838,4.9984
pmc_gauss_k2,0,fix_pmc_gauss_k2__r0.00_k6_rep1,pmc_state_K2|true,990,1.3303,1.7698,1.0509,0.73806,0.74299,0.51717,0.77879,0.93838,4.9984
pmc_gauss_k2,0,fix_pmc_gauss_k2__r0.00_k6_rep1,pmc_state_K2|clean,990,1.3274,1.7619,1.0491,0.73697,0.74162,0.51313,0.79091,0.95253,5.1492
pmc_gauss_k2,0,fix_pmc_gauss_k2__r0.00_k6_rep1,pmc_state_K2|raw+gate,990,1.3274,1.7619,1.0491,0.73697,0.74162,0.51313,0.79091,0.95253,5.1492
pmc_gauss_k2,0,fix_pmc_gauss_k2__r0.00_k6_rep1,pmc_state_K2|raw,990,1.3274,1.7619,1.0491,0.73697,0.74162,0.51313,0.79091,0.95253,5.1492
pmc_gauss_k2,0,fix_pmc_gauss_k2__r0.00_k6_rep1,pmc_state_K2|robust+gate,990,1.3412,1.7988,1.0597,0.74626,0.75016,0.51111,0.78485,0.94747,5.1304
pmc_gauss_k2,0,fix_pmc_gauss_k2__r0.00_k6_rep1,pmc_state_K2|robust,990,1.3269,1.7606,1.0487,0.73668,0.74131,0.51414,0.79192,0.95152,5.139
pmc_gauss_k2,0,fix_pmc_gauss_k2__r0.00_k6_rep1,pmc_state_K2|hampel+gate,990,1.3412,1.7988,1.0597,0.74626,0.75016,0.51111,0.78485,0.94747,5.1304
pmc_gauss_k2,0,fix_pmc_gauss_k2__r0.00_k6_rep1,ar1|raw,990,1.3305,1.7703,1.0505,0.74323,0.74323,0.51818,0.78485,0.94545,5.1454
pmc_gauss_k2,0,fix_pmc_gauss_k2__r0.00_k6_rep1,ar1|raw+gate,990,1.3675,1.8702,1.0812,0.76481,0.76481,0.50808,0.77374,0.93939,5.1515
pmc_gauss_k2,0,fix_pmc_gauss_k2__r0.00_k6_rep1,ar1|robust+gate,990,1.3912,1.9355,1.0911,0.77672,0.77672,0.47071,0.74848,0.91616,4.7648
pmc_gauss_k2,0,fix_pmc_gauss_k2__r0.00_k6_rep1,persistence|raw,990,1.6969,2.8796,1.2948,0.92731,,0.49596,0.78687,0.95051,6.7209
pmc_gauss_k2,0,fix_pmc_gauss_k2__r0.00_k6_rep1,ar1|clean,990,1.3305,1.7703,1.0505,0.74323,0.74323,0.51818,0.78485,0.94545,5.1454
pmc_gauss_k2,0,fix_pmc_gauss_k2__r0.00_k6_rep1,persistence|clean,990,1.6969,2.8796,1.2948,0.92731,,0.49596,0.78687,0.95051,6.7209
pmc_gauss_k2,0,fix_pmc_gauss_k2__r0.00_k6_rep4,pmc_state_K2|true+gate,990,1.3397,1.7948,1.1049,0.74986,0.75684,0.44949,0.78586,0.95152,4.9708
pmc_gauss_k2,0,fix_pmc_gauss_k2__r0.00_k6_rep4,pmc_state_K2|true,990,1.3397,1.7948,1.1049,0.74986,0.75684,0.44949,0.78586,0.95152,4.9708
pmc_gauss_k2,0,fix_pmc_gauss_k2__r0.00_k6_rep4,pmc_state_K2|clean,990,1.339,1.793,1.1042,0.74848,0.75561,0.46364,0.79495,0.95354,5.0798
pmc_gauss_k2,0,fix_pmc_gauss_k2__r0.00_k6_rep4,pmc_state_K2|raw+gate,990,1.339,1.793,1.1042,0.74848,0.75561,0.46364,0.79495,0.95354,5.0798
pmc_gauss_k2,0,fix_pmc_gauss_k2__r0.00_k6_rep4,pmc_state_K2|raw,990,1.339,1.793,1.1042,0.74848,0.75561,0.46364,0.79495,0.95354,5.0798
pmc_gauss_k2,0,fix_pmc_gauss_k2__r0.00_k6_rep4,pmc_state_K2|robust+gate,990,1.3392,1.7935,1.1044,0.7486,0.75576,0.46263,0.79495,0.95354,5.071
pmc_gauss_k2,0,fix_pmc_gauss_k2__r0.00_k6_rep4,pmc_state_K2|robust,990,1.3392,1.7935,1.1044,0.7486,0.75576,0.46263,0.79495,0.95354,5.071
pmc_gauss_k2,0,fix_pmc_gauss_k2__r0.00_k6_rep4,pmc_state_K2|hampel+gate,990,1.3392,1.7935,1.1044,0.7486,0.75576,0.46263,0.79495,0.95354,5.071
pmc_gauss_k2,0,fix_pmc_gauss_k2__r0.00_k6_rep4,ar1|raw,990,1.3467,1.8135,1.1116,0.76316,0.76316,0.45556,0.80606,0.96768,5.2832
pmc_gauss_k2,0,fix_pmc_gauss_k2__r0.00_k6_rep4,ar1|raw+gate,990,1.3467,1.8135,1.1116,0.76316,0.76316,0.45556,0.80606,0.96768,5.2832
pmc_gauss_k2,0,fix_pmc_gauss_k2__r0.00_k6_rep4,ar1|robust+gate,990,1.3264,1.7593,1.0846,0.74952,0.74952,0.43737,0.77677,0.94747,4.8419
pmc_gauss_k2,0,fix_pmc_gauss_k2__r0.00_k6_rep4,persistence|raw,990,1.5555,2.4197,1.1841,0.85391,,0.52727,0.84141,0.97071,6.9799
pmc_gauss_k2,0,fix_pmc_gauss_k2__r0.00_k6_rep4,ar1|clean,990,1.3467,1.8135,1.1116,0.76316,0.76316,0.45556,0.80606,0.96768,5.2832
pmc_gauss_k2,0,fix_pmc_gauss_k2__r0.00_k6_rep4,persistence|clean,990,1.5555,2.4197,1.1841,0.85391,,0.52727,0.84141,0.97071,6.9799
pmc_gauss_k2,0,fix_pmc_gauss_k2__r0.00_k6_rep3,pmc_state_K2|true+gate,990,1.3057,1.7047,1.0493,0.73231,0.73646,0.50101,0.79394,0.95354,4.9569
pmc_gauss_k2,0,fix_pmc_gauss_k2__r0.00_k6_rep3,pmc_state_K2|true,990,1.3057,1.7047,1.0493,0.73231,0.73646,0.50101,0.79394,0.95354,4.9569
pmc_gauss_k2,0,fix_pmc_gauss_k2__r0.00_k6_rep3,pmc_state_K2|clean,990,1.3082,1.7114,1.0567,0.7343,0.74044,0.48081,0.76061,0.9404,4.7365
pmc_gauss_k2,0,fix_pmc_gauss_k2__r0.00_k6_rep3,pmc_state_K2|raw+gate,990,1.3112,1.7193,1.062,0.73654,0.74262,0.47475,0.75859,0.93939,4.7314
pmc_gauss_k2,0,fix_pmc_gauss_k2__r0.00_k6_rep3,pmc_state_K2|raw,990,1.3082,1.7114,1.0567,0.7343,0.74044,0.48081,0.76061,0.9404,4.7365
pmc_gauss_k2,0,fix_pmc_gauss_k2__r0.00_k6_rep3,pmc_state_K2|robust+gate,990,1.3115,1.7199,1.0623,0.73664,0.74286,0.47273,0.75859,0.93737,4.7143
pmc_gauss_k2,0,fix_pmc_gauss_k2__r0.00_k6_rep3,pmc_state_K2|robust,990,1.3085,1.7122,1.0572,0.73444,0.74073,0.47879,0.76061,0.93838,4.7197
pmc_gauss_k2,0,fix_pmc_gauss_k2__r0.00_k6_rep3,pmc_state_K2|hampel+gate,990,1.3115,1.7199,1.0623,0.73664,0.74286,0.47273,0.75859,0.93737,4.7143
pmc_gauss_k2,0,fix_pmc_gauss_k2__r0.00_k6_rep3,ar1|raw,990,1.3086,1.7125,1.0599,0.74053,0.74053,0.46465,0.77374,0.94949,4.8831
pmc_gauss_k2,0,fix_pmc_gauss_k2__r0.00_k6_rep3,ar1|raw+gate,990,1.3481,1.8175,1.0913,0.76434,0.76434,0.45556,0.7596,0.9404,4.8917
pmc_gauss_k2,0,fix_pmc_gauss_k2__r0.00_k6_rep3,ar1|robust+gate,990,1.3692,1.8747,1.0953,0.77623,0.77623,0.43737,0.72222,0.9,4.5219
pmc_gauss_k2,0,fix_pmc_gauss_k2__r0.00_k6_rep3,persistence|raw,990,1.6225,2.6325,1.2475,0.89441,,0.48788,0.79394,0.96061,6.8196
pmc_gauss_k2,0,fix_pmc_gauss_k2__r0.00_k6_rep3,ar1|clean,990,1.3086,1.7125,1.0599,0.74053,0.74053,0.46465,0.77374,0.94949,4.8831
pmc_gauss_k2,0,fix_pmc_gauss_k2__r0.00_k6_rep3,persistence|clean,990,1.6225,2.6325,1.2475,0.89441,,0.48788,0.79394,0.96061,6.8196
pmc_gauss_k2,0,fix_pmc_gauss_k2__r0.00_k6_rep5,pmc_state_K2|true+gate,990,1.3832,1.9132,1.1003,0.76617,0.7687,0.46768,0.78485,0.93838,4.9701
pmc_gauss_k2,0,fix_pmc_gauss_k2__r0.00_k6_rep5,pmc_state_K2|true,990,1.3832,1.9132,1.1003,0.76617,0.7687,0.46768,0.78485,0.93838,4.9701
pmc_gauss_k2,0,fix_pmc_gauss_k2__r0.00_k6_rep5,pmc_state_K2|clean,990,1.3832,1.9133,1.0992,0.76594,0.76855,0.44545,0.76768,0.93232,4.8648
pmc_gauss_k2,0,fix_pmc_gauss_k2__r0.00_k6_rep5,pmc_state_K2|raw+gate,990,1.3832,1.9133,1.0992,0.76594,0.76855,0.44545,0.76768,0.93232,4.8648
pmc_gauss_k2,0,fix_pmc_gauss_k2__r0.00_k6_rep5,pmc_state_K2|raw,990,1.3832,1.9133,1.0992,0.76594,0.76855,0.44545,0.76768,0.93232,4.8648
pmc_gauss_k2,0,fix_pmc_gauss_k2__r0.00_k6_rep5,pmc_state_K2|robust+gate,990,1.3836,1.9143,1.0991,0.76654,0.76923,0.44646,0.76465,0.92929,4.8251
pmc_gauss_k2,0,fix_pmc_gauss_k2__r0.00_k6_rep5,pmc_state_K2|robust,990,1.3836,1.9143,1.0991,0.76654,0.76923,0.44646,0.76465,0.92929,4.8251
pmc_gauss_k2,0,fix_pmc_gauss_k2__r0.00_k6_rep5,pmc_state_K2|hampel+gate,990,1.3836,1.9143,1.0991,0.76654,0.76923,0.44646,0.76465,0.92929,4.8251
pmc_gauss_k2,0,fix_pmc_gauss_k2__r0.00_k6_rep5,ar1|raw,990,1.3801,1.9048,1.0994,0.76997,0.76997,0.44646,0.77778,0.94141,4.9768
pmc_gauss_k2,0,fix_pmc_gauss_k2__r0.00_k6_rep5,ar1|raw+gate,990,1.3967,1.9507,1.1156,0.78068,0.78068,0.43939,0.77273,0.93737,4.9816
pmc_gauss_k2,0,fix_pmc_gauss_k2__r0.00_k6_rep5,ar1|robust+gate,990,1.3887,1.9286,1.1149,0.78213,0.78213,0.39394,0.72626,0.91313,4.6136
pmc_gauss_k2,0,fix_pmc_gauss_k2__r0.00_k6_rep5,persistence|raw,990,1.7578,3.09,1.3333,0.95316,,0.4596,0.76465,0.94141,6.4606
pmc_gauss_k2,0,fix_pmc_gauss_k2__r0.00_k6_rep5,ar1|clean,990,1.3801,1.9048,1.0994,0.76997,0.76997,0.44646,0.77778,0.94141,4.9768
pmc_gauss_k2,0,fix_pmc_gauss_k2__r0.00_k6_rep5,persistence|clean,990,1.7578,3.09,1.3333,0.95316,,0.4596,0.76465,0.94141,6.4606
pmc_gauss_k2,0,fix_pmc_gauss_k2__r0.00_k6_rep6,pmc_state_K2|true+gate,990,1.3741,1.8882,1.088,0.76591,0.76946,0.49394,0.79394,0.9404,5.0401
pmc_gauss_k2,0,fix_pmc_gauss_k2__r0.00_k6_rep6,pmc_state_K2|true,990,1.3741,1.8882,1.088,0.76591,0.76946,0.49394,0.79394,0.9404,5.0401
pmc_gauss_k2,0,fix_pmc_gauss_k2__r0.00_k6_rep6,pmc_state_K2|clean,990,1.379,1.9015,1.0874,0.76869,0.77099,0.49899,0.79394,0.94242,5.0869
pmc_gauss_k2,0,fix_pmc_gauss_k2__r0.00_k6_rep6,pmc_state_K2|raw+gate,990,1.379,1.9015,1.0874,0.7687,0.77099,0.49899,0.79394,0.94242,5.0869
pmc_gauss_k2,0,fix_pmc_gauss_k2__r0.00_k6_rep6,pmc_state_K2|raw,990,1.379,1.9015,1.0874,0.76869,0.77099,0.49899,0.79394,0.94242,5.0869
pmc_gauss_k2,0,fix_pmc_gauss_k2__r0.00_k6_rep6,pmc_state_K2|robust+gate,990,1.3792,1.9022,1.0862,0.76869,0.77053,0.49798,0.79192,0.93737,5.0534
pmc_gauss_k2,0,fix_pmc_gauss_k2__r0.00_k6_rep6,pmc_state_K2|robust,990,1.3792,1.9022,1.0862,0.76868,0.77052,0.49798,0.79192,0.93737,5.0534
pmc_gauss_k2,0,fix_pmc_gauss_k2__r0.00_k6_rep6,pmc_state_K2|hampel+gate,990,1.3792,1.9022,1.0862,0.76869,0.77053,0.49798,0.79192,0.93737,5.0534
pmc_gauss_k2,0,fix_pmc_gauss_k2__r0.00_k6_rep6,ar1|raw,990,1.3768,1.8955,1.0818,0.7678,0.7678,0.49495,0.80404,0.93333,5.1269
pmc_gauss_k2,0,fix_pmc_gauss_k2__r0.00_k6_rep6,ar1|raw+gate,990,1.4151,2.0026,1.1072,0.78933,0.78933,0.49091,0.79192,0.92525,5.1349
pmc_gauss_k2,0,fix_pmc_gauss_k2__r0.00_k6_rep6,ar1|robust+gate,990,1.4957,2.2372,1.1475,0.83329,0.83329,0.4596,0.7404,0.88687,4.7642
pmc_gauss_k2,0,fix_pmc_gauss_k2__r0.00_k6_rep6,persistence|raw,990,1.8268,3.3373,1.3876,1.0028,,0.44747,0.74141,0.91212,6.4137
pmc_gauss_k2,0,fix_pmc_gauss_k2__r0.00_k6_rep6,ar1|clean,990,1.3768,1.8955,1.0818,0.7678,0.7678,0.49495,0.80404,0.93333,5.1269
pmc_gauss_k2,0,fix_pmc_gauss_k2__r0.00_k6_rep6,persistence|clean,990,1.8268,3.3373,1.3876,1.0028,,0.44747,0.74141,0.91212,6.4137
pmc_gauss_k2,0,fix_pmc_gauss_k2__r0.00_k6_rep7,pmc_state_K2|true+gate,990,1.3096,1.7151,1.047,0.73045,0.73355,0.48889,0.80707,0.94141,4.9695
pmc_gauss_k2,0,fix_pmc_gauss_k2__r0.00_k6_rep7,pmc_state_K2|true,990,1.3096,1.7151,1.047,0.73045,0.73355,0.48889,0.80707,0.94141,4.9695
pmc_gauss_k2,0,fix_pmc_gauss_k2__r0.00_k6_rep7,pmc_state_K2|clean,990,1.309,1.7136,1.0482,0.7314,0.73376,0.52525,0.82424,0.95354,5.1565
pmc_gauss_k2,0,fix_pmc_gauss_k2__r0.00_k6_rep7,pmc_state_K2|raw+gate,990,1.309,1.7136,1.0482,0.7314,0.73376,0.52525,0.82424,0.95354,5.1565
pmc_gauss_k2,0,fix_pmc_gauss_k2__r0.00_k6_rep7,pmc_state_K2|raw,990,1.309,1.7136,1.0482,0.7314,0.73376,0.52525,0.82424,0.95354,5.1565
pmc_gauss_k2,0,fix_pmc_gauss_k2__r0.00_k6_rep7,pmc_state_K2|robust+gate,990,1.3092,1.7141,1.05,0.73169,0.73425,0.5202,0.82525,0.95354,5.1099
pmc_gauss_k2,0,fix_pmc_gauss_k2__r0.00_k6_rep7,pmc_state_K2|robust,990,1.3092,1.7141,1.05,0.73169,0.73425,0.5202,0.82525,0.95354,5.1099
pmc_gauss_k2,0,fix_pmc_gauss_k2__r0.00_k6_rep7,pmc_state_K2|hampel+gate,990,1.3092,1.7141,1.05,0.73169,0.73425,0.5202,0.82525,0.95354,5.1099
pmc_gauss_k2,0,fix_pmc_gauss_k2__r0.00_k6_rep7,ar1|raw,990,1.3123,1.7221,1.0464,0.73454,0.73454,0.51414,0.82727,0.9596,5.3642
pmc_gauss_k2,0,fix_pmc_gauss_k2__r0.00_k6_rep7,ar1|raw+gate,990,1.3416,1.7999,1.0605,0.74876,0.74876,0.51313,0.82222,0.95253,5.3707
pmc_gauss_k2,0,fix_pmc_gauss_k2__r0.00_k6_rep7,ar1|robust+gate,990,1.3671,1.869,1.0657,0.75763,0.75763,0.48081,0.79798,0.93333,5.0231
pmc_gauss_k2,0,fix_pmc_gauss_k2__r0.00_k6_rep7,persistence|raw,990,1.6948,2.8723,1.2722,0.91784,,0.50101,0.83737,0.95354,7.0771
pmc_gauss_k2,0,fix_pmc_gauss_k2__r0.00_k6_rep7,ar1|clean,990,1.3123,1.7221,1.0464,0.73454,0.73454,0.51414,0.82727,0.9596,5.3642
pmc_gauss_k2,0,fix_pmc_gauss_k2__r0.00_k6_rep7,persistence|clean,990,1.6948,2.8723,1.2722,0.91784,,0.50101,0.83737,0.95354,7.0771
pmc_gauss_k2,0,fix_pmc_gauss_k2__r0.00_k6_rep8,pmc_state_K2|true+gate,990,1.3025,1.6965,1.046,0.72772,0.73147,0.49192,0.80505,0.94747,4.9779
pmc_gauss_k2,0,fix_pmc_gauss_k2__r0.00_k6_rep8,pmc_state_K2|true,990,1.3025,1.6965,1.046,0.72772,0.73147,0.49192,0.80505,0.94747,4.9779
pmc_gauss_k2,0,fix_pmc_gauss_k2__r0.00_k6_rep8,pmc_state_K2|clean,990,1.3117,1.7204,1.0559,0.73331,0.73782,0.47273,0.79495,0.94343,4.8989
pmc_gauss_k2,0,fix_pmc_gauss_k2__r0.00_k6_rep8,pmc_state_K2|raw+gate,990,1.3117,1.7204,1.0559,0.73331,0.73782,0.47273,0.79495,0.94343,4.8989
pmc_gauss_k2,0,fix_pmc_gauss_k2__r0.00_k6_rep8,pmc_state_K2|raw,990,1.3117,1.7204,1.0559,0.73331,0.73782,0.47273,0.79495,0.94343,4.8989
pmc_gauss_k2,0,fix_pmc_gauss_k2__r0.00_k6_rep8,pmc_state_K2|robust+gate,990,1.3119,1.7212,1.0564,0.73346,0.7381,0.47172,0.79293,0.94141,4.8677
pmc_gauss_k2,0,fix_pmc_gauss_k2__r0.00_k6_rep8,pmc_state_K2|robust,990,1.3119,1.7212,1.0564,0.73346,0.7381,0.47172,0.79293,0.94141,4.8677
pmc_gauss_k2,0,fix_pmc_gauss_k2__r0.00_k6_rep8,pmc_state_K2|hampel+gate,990,1.3119,1.7212,1.0564,0.73346,0.7381,0.47172,0.79293,0.94141,4.8677
pmc_gauss_k2,0,fix_pmc_gauss_k2__r0.00_k6_rep8,ar1|raw,990,1.3131,1.7241,1.0592,0.74013,0.74013,0.4697,0.7899,0.94747,5.0203
pmc_gauss_k2,0,fix_pmc_gauss_k2__r0.00_k6_rep8,ar1|raw+gate,990,1.3236,1.7519,1.0669,0.7464,0.7464,0.46869,0.78485,0.94444,5.0221
pmc_gauss_k2,0,fix_pmc_gauss_k2__r0.00_k6_rep8,ar1|robust+gate,990,1.3508,1.8247,1.0676,0.75862,0.75862,0.43636,0.74747,0.91818,4.5481
pmc_gauss_k2,0,fix_pmc_gauss_k2__r0.00_k6_rep8,persistence|raw,990,1.6388,2.6857,1.2344,0.89137,,0.5202,0.8,0.93535,6.5667
pmc_gauss_k2,0,fix_pmc_gauss_k2__r0.00_k6_rep8,ar1|clean,990,1.3131,1.7241,1.0592,0.74013,0.74013,0.4697,0.7899,0.94747,5.0203
pmc_gauss_k2,0,fix_pmc_gauss_k2__r0.00_k6_rep8,persistence|clean,990,1.6388,2.6857,1.2344,0.89137,,0.5202,0.8,0.93535,6.5667
pmc_gauss_k2,0,fix_pmc_gauss_k2__r0.00_k6_rep9,pmc_state_K2|true+gate,990,1.3334,1.7781,1.0719,0.75151,0.75006,0.48081,0.79899,0.93434,4.9421
pmc_gauss_k2,0,fix_pmc_gauss_k2__r0.00_k6_rep9,pmc_state_K2|true,990,1.3334,1.7781,1.0719,0.75151,0.75006,0.48081,0.79899,0.93434,4.9421
pmc_gauss_k2,0,fix_pmc_gauss_k2__r0.00_k6_rep9,pmc_state_K2|clean,990,1.3428,1.8031,1.0763,0.75837,0.75479,0.49394,0.8,0.93838,4.9786
pmc_gauss_k2,0,fix_pmc_gauss_k2__r0.00_k6_rep9,pmc_state_K2|raw+gate,990,1.3428,1.8031,1.0763,0.75837,0.75479,0.49394,0.8,0.93838,4.9786
pmc_gauss_k2,0,fix_pmc_gauss_k2__r0.00_k6_rep9,pmc_state_K2|raw,990,1.3428,1.8031,1.0763,0.75837,0.75479,0.49394,0.8,0.93838,4.9786
pmc_gauss_k2,0,fix_pmc_gauss_k2__r0.00_k6_rep9,pmc_state_K2|robust+gate,990,1.3404,1.7968,1.0747,0.75713,0.75353,0.4899,0.80202,0.93535,4.9402
pmc_gauss_k2,0,fix_pmc_gauss_k2__r0.00_k6_rep9,pmc_state_K2|robust,990,1.3404,1.7968,1.0747,0.75713,0.75353,0.4899,0.80202,0.93535,4.9402
pmc_gauss_k2,0,fix_pmc_gauss_k2__r0.00_k6_rep9,pmc_state_K2|hampel+gate,990,1.3404,1.7968,1.0747,0.75713,0.75353,0.4899,0.80202,0.93535,4.9402
pmc_gauss_k2,0,fix_pmc_gauss_k2__r0.00_k6_rep9,ar1|raw,990,1.3423,1.8019,1.0789,0.75572,0.75572,0.48081,0.79798,0.94242,5.1616
pmc_gauss_k2,0,fix_pmc_gauss_k2__r0.00_k6_rep9,ar1|raw+gate,990,1.3635,1.8591,1.0962,0.76906,0.76906,0.47071,0.79091,0.93737,5.1717
pmc_gauss_k2,0,fix_pmc_gauss_k2__r0.00_k6_rep9,ar1|robust+gate,990,1.4011,1.9631,1.1179,0.79203,0.79203,0.43838,0.73434,0.9,4.7236
pmc_gauss_k2,0,fix_pmc_gauss_k2__r0.00_k6_rep9,persistence|raw,990,1.7197,2.9573,1.3022,0.9489,,0.49293,0.74747,0.93333,6.4734
pmc_gauss_k2,0,fix_pmc_gauss_k2__r0.00_k6_rep9,ar1|clean,990,1.3423,1.8019,1.0789,0.75572,0.75572,0.48081,0.79798,0.94242,5.1616
pmc_gauss_k2,0,fix_pmc_gauss_k2__r0.00_k6_rep9,persistence|clean,990,1.7197,2.9573,1.3022,0.9489,,0.49293,0.74747,0.93333,6.4734
pmc_gauss_k2,0.01,fix_pmc_gauss_k2__r0.01_k6_rep0,pmc_state_K2|true+gate,990,1.2778,1.6328,1.0247,0.71778,0.72034,0.50404,0.7899,0.95152,4.9597
pmc_gauss_k2,0.01,fix_pmc_gauss_k2__r0.01_k6_rep0,pmc_state_K2|true,990,1.2789,1.6357,1.0266,0.7188,0.721,0.50202,0.7899,0.95152,4.9556
pmc_gauss_k2,0.01,fix_pmc_gauss_k2__r0.01_k6_rep0,pmc_state_K2|clean,990,1.2823,1.6442,1.0262,0.72007,0.72246,0.5101,0.78889,0.95152,5.0169
pmc_gauss_k2,0.01,fix_pmc_gauss_k2__r0.01_k6_rep0,pmc_state_K2|raw+gate,990,1.2839,1.6483,1.0303,0.72348,0.72845,0.51717,0.83838,0.98687,6.1083
pmc_gauss_k2,0.01,fix_pmc_gauss_k2__r0.01_k6_rep0,pmc_state_K2|raw,990,1.2838,1.6483,1.0301,0.72342,0.72839,0.51818,0.83838,0.98687,6.108
pmc_gauss_k2,0.01,fix_pmc_gauss_k2__r0.01_k6_rep0,pmc_state_K2|robust+gate,990,1.2822,1.6439,1.0262,0.72003,0.72243,0.51313,0.79091,0.95152,5.0244
pmc_gauss_k2,0.01,fix_pmc_gauss_k2__r0.01_k6_rep0,pmc_state_K2|robust,990,1.2831,1.6463,1.028,0.72096,0.72296,0.51111,0.79091,0.95253,5.0198
pmc_gauss_k2,0.01,fix_pmc_gauss_k2__r0.01_k6_rep0,pmc_state_K2|hampel+gate,990,1.2822,1.6439,1.0262,0.72003,0.72243,0.51313,0.79091,0.95152,5.0244
pmc_gauss_k2,0.01,fix_pmc_gauss_k2__r0.01_k6_rep0,ar1|raw,990,1.3082,1.7113,1.0676,0.75199,0.75199,0.57172,0.88586,0.99596,6.3542
pmc_gauss_k2,0.01,fix_pmc_gauss_k2__r0.01_k6_rep0,ar1|raw+gate,990,1.3082,1.7113,1.0676,0.75199,0.75199,0.57172,0.88586,0.99596,6.3542
pmc_gauss_k2,0.01,fix_pmc_gauss_k2__r0.01_k6_rep0,ar1|robust+gate,990,1.3094,1.7146,1.039,0.73574,0.73574,0.4798,0.7697,0.93636,4.8168
pmc_gauss_k2,0.01,fix_pmc_gauss_k2__r0.01_k6_rep0,persistence|raw,990,1.6043,2.5737,1.2426,0.88905,,0.5101,0.82222,0.97374,7.4708
pmc_gauss_k2,0.01,fix_pmc_gauss_k2__r0.01_k6_rep0,ar1|clean,990,1.2827,1.6452,1.0254,0.72227,0.72227,0.50303,0.80303,0.95859,5.1055
pmc_gauss_k2,0.01,fix_pmc_gauss_k2__r0.01_k6_rep0,persistence|clean,990,1.6043,2.5737,1.2426,0.8877,,0.49495,0.80909,0.9596,6.4852
pmc_gauss_k2,0.01,fix_pmc_gauss_k2__r0.01_k6_rep1,pmc_state_K2|true+gate,990,1.3432,1.8041,1.0615,0.74608,0.7503,0.51515,0.77778,0.93838,5.0105
pmc_gauss_k2,0.01,fix_pmc_gauss_k2__r0.01_k6_rep1,pmc_state_K2|true,990,1.4355,2.0607,1.0972,0.78293,0.78102,0.51616,0.77273,0.93232,5.0619
pmc_gauss_k2,0.01,fix_pmc_gauss_k2__r0.01_k6_rep1,pmc_state_K2|clean,990,1.3274,1.7619,1.0491,0.73697,0.74162,0.51313,0.79091,0.95253,5.1492
pmc_gauss_k2,0.01,fix_pmc_gauss_k2__r0.01_k6_rep1,pmc_state_K2|raw+gate,990,1.3754,1.8918,1.0805,0.76187,0.76807,0.49697,0.80101,0.97677,6.2236
pmc_gauss_k2,0.01,fix_pmc_gauss_k2__r0.01_k6_rep1,pmc_state_K2|raw,990,1.3804,1.9054,1.0818,0.76325,0.77032,0.49798,0.80303,0.97576,6.2699
pmc_gauss_k2,0.01,fix_pmc_gauss_k2__r0.01_k6_rep1,pmc_state_K2|robust+gate,990,1.3552,1.8366,1.0709,0.75487,0.75811,0.50909,0.78283,0.94949,5.1464
pmc_gauss_k2,0.01,fix_pmc_gauss_k2__r0.01_k6_rep1,pmc_state_K2|robust,990,1.4252,2.0313,1.0926,0.78187,0.77663,0.51313,0.78788,0.95253,5.2402
pmc_gauss_k2,0.01,fix_pmc_gauss_k2__r0.01_k6_rep1,pmc_state_K2|hampel+gate,990,1.3552,1.8366,1.0709,0.75487,0.75811,0.50909,0.78283,0.94949,5.1464
pmc_gauss_k2,0.01,fix_pmc_gauss_k2__r0.01_k6_rep1,ar1|raw,990,1.4119,1.9935,1.1267,0.79849,0.79849,0.5697,0.86465,0.98485,6.3817
pmc_gauss_k2,0.01,fix_pmc_gauss_k2__r0.01_k6_rep1,ar1|raw+gate,990,1.3714,1.8808,1.1107,0.78233,0.78233,0.5697,0.8697,0.99192,6.3851
pmc_gauss_k2,0.01,fix_pmc_gauss_k2__r0.01_k6_rep1,ar1|robust+gate,990,1.39,1.932,1.0898,0.77597,0.77597,0.47172,0.75051,0.91616,4.781
pmc_gauss_k2,0.01,fix_pmc_gauss_k2__r0.01_k6_rep1,persistence|raw,990,2.2066,4.8689,1.519,1.1263,,0.48889,0.77071,0.94444,7.5223
pmc_gauss_k2,0.01,fix_pmc_gauss_k2__r0.01_k6_rep1,ar1|clean,990,1.3305,1.7703,1.0505,0.74323,0.74323,0.51818,0.78485,0.94545,5.1454
pmc_gauss_k2,0.01,fix_pmc_gauss_k2__r0.01_k6_rep1,persistence|clean,990,1.6969,2.8796,1.2948,0.92731,,0.49596,0.78687,0.95051,6.7209
pmc_gauss_k2,0.01,fix_pmc_gauss_k2__r0.01_k6_rep2,pmc_state_K2|true+gate,990,1.2866,1.6554,1.0225,0.71951,0.7188,0.50303,0.80909,0.96768,4.9488
pmc_gauss_k2,0.01,fix_pmc_gauss_k2__r0.01_k6_rep2,pmc_state_K2|true,990,1.287,1.6564,1.0235,0.71988,0.71911,0.49899,0.80909,0.96768,4.9417
pmc_gauss_k2,0.01,fix_pmc_gauss_k2__r0.01_k6_rep2,pmc_state_K2|clean,990,1.2886,1.6605,1.0249,0.72144,0.72016,0.51212,0.81414,0.9697,5.0032
pmc_gauss_k2,0.01,fix_pmc_gauss_k2__r0.01_k6_rep2,pmc_state_K2|raw+gate,990,1.321,1.7451,1.0463,0.73802,0.74543,0.49798,0.82626,0.99091,6.3987
pmc_gauss_k2,0.01,fix_pmc_gauss_k2__r0.01_k6_rep2,pmc_state_K2|raw,990,1.3212,1.7456,1.0466,0.73813,0.74555,0.49899,0.82626,0.99091,6.3981
pmc_gauss_k2,0.01,fix_pmc_gauss_k2__r0.01_k6_rep2,pmc_state_K2|robust+gate,990,1.2879,1.6588,1.0248,0.72106,0.71989,0.50909,0.81212,0.9697,4.9741
pmc_gauss_k2,0.01,fix_pmc_gauss_k2__r0.01_k6_rep2,pmc_state_K2|robust,990,1.2881,1.6592,1.0252,0.72125,0.72003,0.50808,0.81111,0.9697,4.9691
pmc_gauss_k2,0.01,fix_pmc_gauss_k2__r0.01_k6_rep2,pmc_state_K2|hampel+gate,990,1.2879,1.6588,1.0248,0.72106,0.71989,0.50909,0.81212,0.9697,4.9741
pmc_gauss_k2,0.01,fix_pmc_gauss_k2__r0.01_k6_rep2,ar1|raw,990,1.2988,1.6868,1.0566,0.74869,0.74869,0.59495,0.91111,0.99192,6.5906
pmc_gauss_k2,0.01,fix_pmc_gauss_k2__r0.01_k6_rep2,ar1|raw+gate,990,1.2988,1.6868,1.0566,0.74869,0.74869,0.59495,0.91111,0.99192,6.5906
pmc_gauss_k2,0.01,fix_pmc_gauss_k2__r0.01_k6_rep2,ar1|robust+gate,990,1.3292,1.7669,1.045,0.74253,0.74253,0.48384,0.76263,0.94444,4.8321
pmc_gauss_k2,0.01,fix_pmc_gauss_k2__r0.01_k6_rep2,persistence|raw,990,1.7515,3.0677,1.3361,0.95942,,0.4798,0.77879,0.97071,7.7822
pmc_gauss_k2,0.01,fix_pmc_gauss_k2__r0.01_k6_rep2,ar1|clean,990,1.2862,1.6544,1.0259,0.72176,0.72176,0.51313,0.81616,0.9697,5.2198
pmc_gauss_k2,0.01,fix_pmc_gauss_k2__r0.01_k6_rep2,persistence|clean,990,1.7515,3.0677,1.3361,0.95945,,0.47071,0.75253,0.94646,6.7534
pmc_gauss_k2,0.01,fix_pmc_gauss_k2__r0.01_k6_rep3,pmc_state_K2|true+gate,990,1.3056,1.7047,1.0493,0.73231,0.73645,0.50101,0.79394,0.95354,4.9568
pmc_gauss_k2,0.01,fix_pmc_gauss_k2__r0.01_k6_rep3,pmc_state_K2|true,990,1.3057,1.7049,1.0505,0.7327,0.73652,0.49495,0.79293,0.95253,4.9474
pmc_gauss_k2,0.01,fix_pmc_gauss_k2__r0.01_k6_rep3,pmc_state_K2|clean,990,1.3082,1.7114,1.0567,0.7343,0.74044,0.48081,0.76061,0.9404,4.7365
pmc_gauss_k2,0.01,fix_pmc_gauss_k2__r0.01_k6_rep3,pmc_state_K2|raw+gate,990,1.3146,1.7281,1.0587,0.73989,0.74339,0.47879,0.78687,0.9798,5.9021
pmc_gauss_k2,0.01,fix_pmc_gauss_k2__r0.01_k6_rep3,pmc_state_K2|raw,990,1.3146,1.7282,1.0585,0.73989,0.74335,0.47778,0.78586,0.9798,5.9021
pmc_gauss_k2,0.01,fix_pmc_gauss_k2__r0.01_k6_rep3,pmc_state_K2|robust+gate,990,1.3115,1.7199,1.0622,0.73669,0.74294,0.47172,0.75758,0.93333,4.6912
pmc_gauss_k2,0.01,fix_pmc_gauss_k2__r0.01_k6_rep3,pmc_state_K2|robust,990,1.3087,1.7127,1.0578,0.73494,0.74094,0.47374,0.7596,0.93434,4.6896
pmc_gauss_k2,0.01,fix_pmc_gauss_k2__r0.01_k6_rep3,pmc_state_K2|hampel+gate,990,1.3115,1.7199,1.0622,0.73669,0.74294,0.47172,0.75758,0.93333,4.6912
pmc_gauss_k2,0.01,fix_pmc_gauss_k2__r0.01_k6_rep3,ar1|raw,990,1.3373,1.7884,1.1012,0.76429,0.76429,0.52424,0.85455,0.98586,6.0157
pmc_gauss_k2,0.01,fix_pmc_gauss_k2__r0.01_k6_rep3,ar1|raw+gate,990,1.3373,1.7884,1.1012,0.76429,0.76429,0.52424,0.85455,0.98586,6.0157
pmc_gauss_k2,0.01,fix_pmc_gauss_k2__r0.01_k6_rep3,ar1|robust+gate,990,1.3695,1.8754,1.0953,0.77629,0.77629,0.43838,0.72424,0.90101,4.5251
pmc_gauss_k2,0.01,fix_pmc_gauss_k2__r0.01_k6_rep3,persistence|raw,990,1.6225,2.6325,1.2475,0.89595,,0.49697,0.8101,0.98081,7.5609
pmc_gauss_k2,0.01,fix_pmc_gauss_k2__r0.01_k6_rep3,ar1|clean,990,1.3086,1.7125,1.0599,0.74053,0.74053,0.46465,0.77374,0.94949,4.8831
pmc_gauss_k2,0.01,fix_pmc_gauss_k2__r0.01_k6_rep3,persistence|clean,990,1.6225,2.6325,1.2475,0.89441,,0.48788,0.79394,0.96061,6.8196
pmc_gauss_k2,0.01,fix_pmc_gauss_k2__r0.01_k6_rep4,pmc_state_K2|true+gate,990,1.3397,1.7948,1.1049,0.74987,0.75685,0.44949,0.78586,0.95152,4.9708
pmc_gauss_k2,0.01,fix_pmc_gauss_k2__r0.01_k6_rep4,pmc_state_K2|true,990,1.3416,1.7998,1.1066,0.75187,0.75829,0.44747,0.78283,0.94949,4.9604
pmc_gauss_k2,0.01,fix_pmc_gauss_k2__r0.01_k6_rep4,pmc_state_K2|clean,990,1.339,1.793,1.1042,0.74848,0.75561,0.46364,0.79495,0.95354,5.0798
pmc_gauss_k2,0.01,fix_pmc_gauss_k2__r0.01_k6_rep4,pmc_state_K2|raw+gate,990,1.3284,1.7645,1.0974,0.74487,0.7539,0.45152,0.82626,0.98889,6.3751
pmc_gauss_k2,0.01,fix_pmc_gauss_k2__r0.01_k6_rep4,pmc_state_K2|raw,990,1.3275,1.7622,1.0965,0.7443,0.75334,0.45152,0.82626,0.98889,6.3738
pmc_gauss_k2,0.01,fix_pmc_gauss_k2__r0.01_k6_rep4,pmc_state_K2|robust+gate,990,1.3389,1.7926,1.1039,0.74856,0.75559,0.46263,0.79293,0.95455,5.0647
pmc_gauss_k2,0.01,fix_pmc_gauss_k2__r0.01_k6_rep4,pmc_state_K2|robust,990,1.3407,1.7974,1.1056,0.75059,0.75698,0.46061,0.79091,0.95253,5.0552
pmc_gauss_k2,0.01,fix_pmc_gauss_k2__r0.01_k6_rep4,pmc_state_K2|hampel+gate,990,1.3389,1.7926,1.1039,0.74856,0.75559,0.46263,0.79293,0.95455,5.0647
pmc_gauss_k2,0.01,fix_pmc_gauss_k2__r0.01_k6_rep4,ar1|raw,990,1.4073,1.9804,1.1707,0.80665,0.80665,0.52929,0.87879,0.99293,6.5718
pmc_gauss_k2,0.01,fix_pmc_gauss_k2__r0.01_k6_rep4,ar1|raw+gate,990,1.4073,1.9804,1.1707,0.80665,0.80665,0.52929,0.87879,0.99293,6.5718
pmc_gauss_k2,0.01,fix_pmc_gauss_k2__r0.01_k6_rep4,ar1|robust+gate,990,1.3263,1.7591,1.0845,0.7493,0.7493,0.43838,0.78081,0.94747,4.8558
pmc_gauss_k2,0.01,fix_pmc_gauss_k2__r0.01_k6_rep4,persistence|raw,990,1.5555,2.4197,1.1841,0.85729,,0.53737,0.86364,0.9798,7.9559
pmc_gauss_k2,0.01,fix_pmc_gauss_k2__r0.01_k6_rep4,ar1|clean,990,1.3467,1.8135,1.1116,0.76316,0.76316,0.45556,0.80606,0.96768,5.2832
pmc_gauss_k2,0.01,fix_pmc_gauss_k2__r0.01_k6_rep4,persistence|clean,990,1.5555,2.4197,1.1841,0.85391,,0.52727,0.84141,0.97071,6.9799
pmc_gauss_k2,0.01,fix_pmc_gauss_k2__r0.01_k6_rep5,pmc_state_K2|true+gate,990,1.3831,1.913,1.0999,0.76611,0.76872,0.46869,0.78586,0.93838,4.974
pmc_gauss_k2,0.01,fix_pmc_gauss_k2__r0.01_k6_rep5,pmc_state_K2|true,990,1.4657,2.1483,1.1447,0.80062,0.80056,0.4596,0.77879,0.93737,4.9994
pmc_gauss_k2,0.01,fix_pmc_gauss_k2__r0.01_k6_rep5,pmc_state_K2|clean,990,1.3832,1.9133,1.0992,0.76594,0.76855,0.44545,0.76768,0.93232,4.8648
pmc_gauss_k2,0.01,fix_pmc_gauss_k2__r0.01_k6_rep5,pmc_state_K2|raw+gate,990,1.3786,1.9006,1.0978,0.76744,0.7673,0.43232,0.80707,0.97576,5.8832
pmc_gauss_k2,0.01,fix_pmc_gauss_k2__r0.01_k6_rep5,pmc_state_K2|raw,990,1.4098,1.9876,1.1171,0.77757,0.77911,0.4303,0.80303,0.97475,5.9256
pmc_gauss_k2,0.01,fix_pmc_gauss_k2__r0.01_k6_rep5,pmc_state_K2|robust+gate,990,1.3835,1.9142,1.0989,0.76654,0.76929,0.44747,0.76263,0.92929,4.8298
pmc_gauss_k2,0.01,fix_pmc_gauss_k2__r0.01_k6_rep5,pmc_state_K2|robust,990,1.4743,2.1737,1.1477,0.80488,0.80481,0.43737,0.75657,0.92525,4.8588
pmc_gauss_k2,0.01,fix_pmc_gauss_k2__r0.01_k6_rep5,pmc_state_K2|hampel+gate,990,1.3835,1.9142,1.0989,0.76654,0.76929,0.44747,0.76263,0.92929,4.8298
pmc_gauss_k2,0.01,fix_pmc_gauss_k2__r0.01_k6_rep5,ar1|raw,990,1.4216,2.0209,1.1408,0.80003,0.80003,0.53535,0.84848,0.97576,6.1336
pmc_gauss_k2,0.01,fix_pmc_gauss_k2__r0.01_k6_rep5,ar1|raw+gate,990,1.3846,1.9171,1.1197,0.78324,0.78324,0.53939,0.85455,0.98081,6.1359
pmc_gauss_k2,0.01,fix_pmc_gauss_k2__r0.01_k6_rep5,ar1|robust+gate,990,1.3883,1.9275,1.1142,0.78201,0.78201,0.39596,0.72626,0.91212,4.6138
pmc_gauss_k2,0.01,fix_pmc_gauss_k2__r0.01_k6_rep5,persistence|raw,990,2.1135,4.467,1.4742,1.0833,,0.46263,0.76667,0.94242,7.1469
pmc_gauss_k2,0.01,fix_pmc_gauss_k2__r0.01_k6_rep5,ar1|clean,990,1.3801,1.9048,1.0994,0.76997,0.76997,0.44646,0.77778,0.94141,4.9768
pmc_gauss_k2,0.01,fix_pmc_gauss_k2__r0.01_k6_rep5,persistence|clean,990,1.7578,3.09,1.3333,0.95316,,0.4596,0.76465,0.94141,6.4606
pmc_gauss_k2,0.01,fix_pmc_gauss_k2__r0.01_k6_rep6,pmc_state_K2|true+gate,990,1.3744,1.889,1.089,0.76652,0.76999,0.49394,0.79394,0.93939,5.0438
pmc_gauss_k2,0.01,fix_pmc_gauss_k2__r0.01_k6_rep6,pmc_state_K2|true,990,1.4306,2.0465,1.1262,0.79428,0.79253,0.48687,0.78889,0.93939,5.0763
pmc_gauss_k2,0.01,fix_pmc_gauss_k2__r0.01_k6_rep6,pmc_state_K2|clean,990,1.379,1.9015,1.0874,0.76869,0.77099,0.49899,0.79394,0.94242,5.0869
pmc_gauss_k2,0.01,fix_pmc_gauss_k2__r0.01_k6_rep6,pmc_state_K2|raw+gate,990,1.3927,1.9396,1.0897,0.77689,0.77886,0.48081,0.8101,0.97374,6.0366
pmc_gauss_k2,0.01,fix_pmc_gauss_k2__r0.01_k6_rep6,pmc_state_K2|raw,990,1.4127,1.9957,1.1023,0.78376,0.78801,0.48182,0.80808,0.97374,6.1075
pmc_gauss_k2,0.01,fix_pmc_gauss_k2__r0.01_k6_rep6,pmc_state_K2|robust+gate,990,1.3781,1.8993,1.087,0.76849,0.77062,0.49192,0.79293,0.9404,5.0766
pmc_gauss_k2,0.01,fix_pmc_gauss_k2__r0.01_k6_rep6,pmc_state_K2|robust,990,1.4339,2.056,1.1253,0.79667,0.79389,0.48687,0.78687,0.93939,5.105
pmc_gauss_k2,0.01,fix_pmc_gauss_k2__r0.01_k6_rep6,pmc_state_K2|hampel+gate,990,1.3781,1.8993,1.087,0.76849,0.77062,0.49192,0.79293,0.9404,5.0766
pmc_gauss_k2,0.01,fix_pmc_gauss_k2__r0.01_k6_rep6,ar1|raw,990,1.4064,1.9779,1.1415,0.79709,0.79709,0.54141,0.86667,0.97879,6.2675
pmc_gauss_k2,0.01,fix_pmc_gauss_k2__r0.01_k6_rep6,ar1|raw+gate,990,1.3776,1.8977,1.1236,0.78389,0.78389,0.54747,0.87071,0.98182,6.2702
pmc_gauss_k2,0.01,fix_pmc_gauss_k2__r0.01_k6_rep6,ar1|robust+gate,990,1.4954,2.2363,1.1481,0.83359,0.83359,0.45556,0.7404,0.88788,4.7697
pmc_gauss_k2,0.01,fix_pmc_gauss_k2__r0.01_k6_rep6,persistence|raw,990,2.2897,5.2425,1.5635,1.1639,,0.44545,0.73636,0.90808,7.044
pmc_gauss_k2,0.01,fix_pmc_gauss_k2__r0.01_k6_rep6,ar1|clean,990,1.3768,1.8955,1.0818,0.7678,0.7678,0.49495,0.80404,0.93333,5.1269
pmc_gauss_k2,0.01,fix_pmc_gauss_k2__r0.01_k6_rep6,persistence|clean,990,1.8268,3.3373,1.3876,1.0028,,0.44747,0.74141,0.91212,6.4137
pmc_gauss_k2,0.01,fix_pmc_gauss_k2__r0.01_k6_rep7,pmc_state_K2|true+gate,990,1.3116,1.7204,1.0489,0.73178,0.73478,0.48788,0.80707,0.94141,4.9696
pmc_gauss_k2,0.01,fix_pmc_gauss_k2__r0.01_k6_rep7,pmc_state_K2|true,990,1.3125,1.7226,1.0459,0.73566,0.73476,0.49495,0.80909,0.94141,4.99
pmc_gauss_k2,0.01,fix_pmc_gauss_k2__r0.01_k6_rep7,pmc_state_K2|clean,990,1.309,1.7136,1.0482,0.7314,0.73376,0.52525,0.82424,0.95354,5.1565
pmc_gauss_k2,0.01,fix_pmc_gauss_k2__r0.01_k6_rep7,pmc_state_K2|raw+gate,990,1.3242,1.7536,1.0607,0.74044,0.75065,0.49495,0.84646,0.99192,6.5224
pmc_gauss_k2,0.01,fix_pmc_gauss_k2__r0.01_k6_rep7,pmc_state_K2|raw,990,1.327,1.7608,1.0627,0.74404,0.75285,0.49293,0.84545,0.99192,6.5505
pmc_gauss_k2,0.01,fix_pmc_gauss_k2__r0.01_k6_rep7,pmc_state_K2|robust+gate,990,1.3113,1.7194,1.0522,0.73303,0.73554,0.52121,0.82424,0.95253,5.1048
pmc_gauss_k2,0.01,fix_pmc_gauss_k2__r0.01_k6_rep7,pmc_state_K2|robust,990,1.3093,1.7142,1.0489,0.73532,0.73468,0.52626,0.82626,0.95253,5.1248
pmc_gauss_k2,0.01,fix_pmc_gauss_k2__r0.01_k6_rep7,pmc_state_K2|hampel+gate,990,1.3113,1.7194,1.0522,0.73303,0.73554,0.52121,0.82424,0.95253,5.1048
pmc_gauss_k2,0.01,fix_pmc_gauss_k2__r0.01_k6_rep7,ar1|raw,990,1.339,1.7929,1.0915,0.7704,0.7704,0.59596,0.9,0.99596,6.7295
pmc_gauss_k2,0.01,fix_pmc_gauss_k2__r0.01_k6_rep7,ar1|raw+gate,990,1.3407,1.7974,1.0944,0.77162,0.77162,0.59394,0.89899,0.99697,6.7307
pmc_gauss_k2,0.01,fix_pmc_gauss_k2__r0.01_k6_rep7,ar1|robust+gate,990,1.3662,1.8666,1.0669,0.7579,0.7579,0.48081,0.79697,0.93333,5.0285
pmc_gauss_k2,0.01,fix_pmc_gauss_k2__r0.01_k6_rep7,persistence|raw,990,1.9413,3.7688,1.3607,0.99915,,0.50707,0.84444,0.95758,8.0497
pmc_gauss_k2,0.01,fix_pmc_gauss_k2__r0.01_k6_rep7,ar1|clean,990,1.3123,1.7221,1.0464,0.73454,0.73454,0.51414,0.82727,0.9596,5.3642
pmc_gauss_k2,0.01,fix_pmc_gauss_k2__r0.01_k6_rep7,persistence|clean,990,1.6948,2.8723,1.2722,0.91784,,0.50101,0.83737,0.95354,7.0771
pmc_gauss_k2,0.01,fix_pmc_gauss_k2__r0.01_k6_rep8,pmc_state_K2|true+gate,990,1.3016,1.6943,1.047,0.72763,0.73146,0.49293,0.80707,0.94747,4.9816
pmc_gauss_k2,0.01,fix_pmc_gauss_k2__r0.01_k6_rep8,pmc_state_K2|true,990,1.3841,1.9157,1.0947,0.76475,0.76256,0.48182,0.80505,0.94747,5.0484
pmc_gauss_k2,0.01,fix_pmc_gauss_k2__r0.01_k6_rep8,pmc_state_K2|clean,990,1.3117,1.7204,1.0559,0.73331,0.73782,0.47273,0.79495,0.94343,4.8989
pmc_gauss_k2,0.01,fix_pmc_gauss_k2__r0.01_k6_rep8,pmc_state_K2|raw+gate,990,1.3262,1.7587,1.0635,0.73818,0.74673,0.45859,0.80707,0.97273,5.9273
pmc_gauss_k2,0.01,fix_pmc_gauss_k2__r0.01_k6_rep8,pmc_state_K2|raw,990,1.3288,1.7656,1.0645,0.7393,0.74912,0.46263,0.80808,0.97374,5.9737
pmc_gauss_k2,0.01,fix_pmc_gauss_k2__r0.01_k6_rep8,pmc_state_K2|robust+gate,990,1.3115,1.7199,1.0576,0.73355,0.73826,0.47374,0.79394,0.94141,4.8776
pmc_gauss_k2,0.01,fix_pmc_gauss_k2__r0.01_k6_rep8,pmc_state_K2|robust,990,1.3829,1.9124,1.1006,0.76632,0.76638,0.46667,0.79293,0.94141,4.9338
pmc_gauss_k2,0.01,fix_pmc_gauss_k2__r0.01_k6_rep8,pmc_state_K2|hampel+gate,990,1.3115,1.7199,1.0576,0.73355,0.73826,0.47374,0.79394,0.94141,4.8776
pmc_gauss_k2,0.01,fix_pmc_gauss_k2__r0.01_k6_rep8,ar1|raw,990,1.3879,1.9262,1.1303,0.78892,0.78892,0.52727,0.85455,0.98081,6.0919
pmc_gauss_k2,0.01,fix_pmc_gauss_k2__r0.01_k6_rep8,ar1|raw+gate,990,1.3609,1.852,1.1127,0.77535,0.77535,0.53636,0.86061,0.98586,6.0949
pmc_gauss_k2,0.01,fix_pmc_gauss_k2__r0.01_k6_rep8,ar1|robust+gate,990,1.3485,1.8184,1.0674,0.75787,0.75787,0.43838,0.74747,0.91717,4.5624
pmc_gauss_k2,0.01,fix_pmc_gauss_k2__r0.01_k6_rep8,persistence|raw,990,2.2328,4.9854,1.4496,1.0911,,0.51717,0.78687,0.93535,7.3998
pmc_gauss_k2,0.01,fix_pmc_gauss_k2__r0.01_k6_rep8,ar1|clean,990,1.3131,1.7241,1.0592,0.74013,0.74013,0.4697,0.7899,0.94747,5.0203
pmc_gauss_k2,0.01,fix_pmc_gauss_k2__r0.01_k6_rep8,persistence|clean,990,1.6388,2.6857,1.2344,0.89137,,0.5202,0.8,0.93535,6.5667
pmc_gauss_k2,0.01,fix_pmc_gauss_k2__r0.01_k6_rep9,pmc_state_K2|true+gate,990,1.3319,1.7739,1.0714,0.75071,0.74937,0.48081,0.79899,0.93434,4.9434
pmc_gauss_k2,0.01,fix_pmc_gauss_k2__r0.01_k6_rep9,pmc_state_K2|true,990,1.3364,1.786,1.0676,0.75135,0.74852,0.48182,0.80101,0.93535,4.9482
pmc_gauss_k2,0.01,fix_pmc_gauss_k2__r0.01_k6_rep9,pmc_state_K2|clean,990,1.3428,1.8031,1.0763,0.75837,0.75479,0.49394,0.8,0.93838,4.9786
pmc_gauss_k2,0.01,fix_pmc_gauss_k2__r0.01_k6_rep9,pmc_state_K2|raw+gate,990,1.3458,1.8111,1.0757,0.75945,0.75822,0.48081,0.80808,0.97778,6.1728
pmc_gauss_k2,0.01,fix_pmc_gauss_k2__r0.01_k6_rep9,pmc_state_K2|raw,990,1.3457,1.811,1.0756,0.75938,0.75816,0.48081,0.80808,0.97778,6.1719
pmc_gauss_k2,0.01,fix_pmc_gauss_k2__r0.01_k6_rep9,pmc_state_K2|robust+gate,990,1.3379,1.79,1.0738,0.75583,0.75237,0.49091,0.8,0.93535,4.9377
pmc_gauss_k2,0.01,fix_pmc_gauss_k2__r0.01_k6_rep9,pmc_state_K2|robust,990,1.3437,1.8056,1.0716,0.75727,0.75213,0.48788,0.80101,0.93636,4.9453
pmc_gauss_k2,0.01,fix_pmc_gauss_k2__r0.01_k6_rep9,pmc_state_K2|hampel+gate,990,1.3379,1.79,1.0738,0.75583,0.75237,0.49091,0.8,0.93535,4.9377
pmc_gauss_k2,0.01,fix_pmc_gauss_k2__r0.01_k6_rep9,ar1|raw,990,1.332,1.7742,1.0696,0.76037,0.76037,0.5899,0.90505,0.98788,6.5213
pmc_gauss_k2,0.01,fix_pmc_gauss_k2__r0.01_k6_rep9,ar1|raw+gate,990,1.3263,1.759,1.0709,0.75953,0.75953,0.58788,0.90404,0.98889,6.5225
pmc_gauss_k2,0.01,fix_pmc_gauss_k2__r0.01_k6_rep9,ar1|robust+gate,990,1.4002,1.9605,1.1176,0.79152,0.79152,0.43838,0.73434,0.9,4.7228
pmc_gauss_k2,0.01,fix_pmc_gauss_k2__r0.01_k6_rep9,persistence|raw,990,1.7646,3.1139,1.3205,0.96528,,0.50101,0.76768,0.96162,7.5149
pmc_gauss_k2,0.01,fix_pmc_gauss_k2__r0.01_k6_rep9,ar1|clean,990,1.3423,1.8019,1.0789,0.75572,0.75572,0.48081,0.79798,0.94242,5.1616
pmc_gauss_k2,0.01,fix_pmc_gauss_k2__r0.01_k6_rep9,persistence|clean,990,1.7197,2.9573,1.3022,0.9489,,0.49293,0.74747,0.93333,6.4734
pmc_gauss_k2,0.05,fix_pmc_gauss_k2__r0.05_k6_rep0,pmc_state_K2|true+gate,990,1.2803,1.6392,1.0268,0.71978,0.72234,0.50505,0.78586,0.95152,4.9639
pmc_gauss_k2,0.05,fix_pmc_gauss_k2__r0.05_k6_rep0,pmc_state_K2|true,990,1.4758,2.1779,1.1187,0.80085,0.79075,0.48687,0.77576,0.94545,5.0442
pmc_gauss_k2,0.05,fix_pmc_gauss_k2__r0.05_k6_rep0,pmc_state_K2|clean,990,1.2823,1.6442,1.0262,0.72007,0.72246,0.5101,0.78889,0.95152,5.0169
pmc_gauss_k2,0.05,fix_pmc_gauss_k2__r0.05_k6_rep0,pmc_state_K2|raw+gate,990,1.3344,1.7806,1.0702,0.73984,0.8158,0.53232,0.85455,0.98889,9.7472
pmc_gauss_k2,0.05,fix_pmc_gauss_k2__r0.05_k6_rep0,pmc_state_K2|raw,990,1.3344,1.7806,1.0702,0.73984,0.8158,0.53232,0.85455,0.98889,9.7472
pmc_gauss_k2,0.05,fix_pmc_gauss_k2__r0.05_k6_rep0,pmc_state_K2|robust+gate,990,1.3344,1.7806,1.0702,0.73984,0.8158,0.53232,0.85455,0.98889,9.7472
pmc_gauss_k2,0.05,fix_pmc_gauss_k2__r0.05_k6_rep0,pmc_state_K2|robust,990,1.3344,1.7806,1.0702,0.73984,0.8158,0.53232,0.85455,0.98889,9.7472
pmc_gauss_k2,0.05,fix_pmc_gauss_k2__r0.05_k6_rep0,pmc_state_K2|hampel+gate,990,1.2843,1.6495,1.0271,0.72181,0.72388,0.51111,0.7899,0.95253,5.0393
pmc_gauss_k2,0.05,fix_pmc_gauss_k2__r0.05_k6_rep0,ar1|raw,990,1.4076,1.9814,1.1544,0.85807,0.85807,0.70101,0.97879,1,9.0214
pmc_gauss_k2,0.05,fix_pmc_gauss_k2__r0.05_k6_rep0,ar1|raw+gate,990,1.399,1.9571,1.1505,0.85456,0.85456,0.70303,0.98081,1,9.0228
pmc_gauss_k2,0.05,fix_pmc_gauss_k2__r0.05_k6_rep0,ar1|robust+gate,990,1.3317,1.7734,1.0508,0.74707,0.74707,0.48081,0.76263,0.92828,4.7993
pmc_gauss_k2,0.05,fix_pmc_gauss_k2__r0.05_k6_rep0,persistence|raw,990,2.6212,6.8707,1.6796,1.2858,,0.51818,0.81919,0.9697,16.353
pmc_gauss_k2,0.05,fix_pmc_gauss_k2__r0.05_k6_rep0,ar1|clean,990,1.2827,1.6452,1.0254,0.72227,0.72227,0.50303,0.80303,0.95859,5.1055
pmc_gauss_k2,0.05,fix_pmc_gauss_k2__r0.05_k6_rep0,persistence|clean,990,1.6043,2.5737,1.2426,0.8877,,0.49495,0.80909,0.9596,6.4852
pmc_gauss_k2,0.05,fix_pmc_gauss_k2__r0.05_k6_rep1,pmc_state_K2|true+gate,990,1.3432,1.8042,1.0611,0.74482,0.74957,0.51212,0.77677,0.93737,4.9942
pmc_gauss_k2,0.05,fix_pmc_gauss_k2__r0.05_k6_rep1,pmc_state_K2|true,990,1.3609,1.852,1.0769,0.75918,0.75731,0.50606,0.77273,0.93737,5.0268
pmc_gauss_k2,0.05,fix_pmc_gauss_k2__r0.05_k6_rep1,pmc_state_K2|clean,990,1.3274,1.7619,1.0491,0.73697,0.74162,0.51313,0.79091,0.95253,5.1492
pmc_gauss_k2,0.05,fix_pmc_gauss_k2__r0.05_k6_rep1,pmc_state_K2|raw+gate,990,1.4125,1.9952,1.1175,0.77081,0.85232,0.51414,0.85152,0.97475,10.058
pmc_gauss_k2,0.05,fix_pmc_gauss_k2__r0.05_k6_rep1,pmc_state_K2|raw,990,1.4125,1.9952,1.1175,0.77081,0.85232,0.51414,0.85152,0.97475,10.058
pmc_gauss_k2,0.05,fix_pmc_gauss_k2__r0.05_k6_rep1,pmc_state_K2|robust+gate,990,1.4125,1.9952,1.1175,0.77081,0.85232,0.51414,0.85152,0.97475,10.058
pmc_gauss_k2,0.05,fix_pmc_gauss_k2__r0.05_k6_rep1,pmc_state_K2|robust,990,1.4125,1.9952,1.1175,0.77081,0.85232,0.51414,0.85152,0.97475,10.058
pmc_gauss_k2,0.05,fix_pmc_gauss_k2__r0.05_k6_rep1,pmc_state_K2|hampel+gate,990,1.3548,1.8355,1.0711,0.75346,0.75722,0.50505,0.78081,0.94545,5.1192
pmc_gauss_k2,0.05,fix_pmc_gauss_k2__r0.05_k6_rep1,ar1|raw,990,1.4563,2.1207,1.1947,0.88375,0.88375,0.71212,0.9697,1,9.214
pmc_gauss_k2,0.05,fix_pmc_gauss_k2__r0.05_k6_rep1,ar1|raw+gate,990,1.4617,2.1364,1.2008,0.88623,0.88623,0.7101,0.9697,1,9.2146
pmc_gauss_k2,0.05,fix_pmc_gauss_k2__r0.05_k6_rep1,ar1|robust+gate,990,1.3875,1.9251,1.0906,0.7753,0.7753,0.4697,0.75253,0.91919,4.79
pmc_gauss_k2,0.05,fix_pmc_gauss_k2__r0.05_k6_rep1,persistence|raw,990,2.2284,4.9657,1.4678,1.1049,,0.52626,0.86061,0.98283,16.837
pmc_gauss_k2,0.05,fix_pmc_gauss_k2__r0.05_k6_rep1,ar1|clean,990,1.3305,1.7703,1.0505,0.74323,0.74323,0.51818,0.78485,0.94545,5.1454
pmc_gauss_k2,0.05,fix_pmc_gauss_k2__r0.05_k6_rep1,persistence|clean,990,1.6969,2.8796,1.2948,0.92731,,0.49596,0.78687,0.95051,6.7209
pmc_gauss_k2,0.05,fix_pmc_gauss_k2__r0.05_k6_rep2,pmc_state_K2|true+gate,990,1.2871,1.6567,1.0239,0.72052,0.71963,0.50505,0.80707,0.96768,4.9569
pmc_gauss_k2,0.05,fix_pmc_gauss_k2__r0.05_k6_rep2,pmc_state_K2|true,990,1.4576,2.1245,1.1176,0.79388,0.78467,0.4798,0.79091,0.96162,5.0224
pmc_gauss_k2,0.05,fix_pmc_gauss_k2__r0.05_k6_rep2,pmc_state_K2|clean,990,1.2886,1.6605,1.0249,0.72144,0.72016,0.51212,0.81414,0.9697,5.0032
pmc_gauss_k2,0.05,fix_pmc_gauss_k2__r0.05_k6_rep2,pmc_state_K2|raw+gate,990,1.4097,1.9872,1.1297,0.76224,0.84203,0.50909,0.85354,0.9899,9.5013
pmc_gauss_k2,0.05,fix_pmc_gauss_k2__r0.05_k6_rep2,pmc_state_K2|raw,990,1.4097,1.9872,1.1297,0.76224,0.84203,0.50909,0.85354,0.9899,9.5013
pmc_gauss_k2,0.05,fix_pmc_gauss_k2__r0.05_k6_rep2,pmc_state_K2|robust+gate,990,1.4069,1.9794,1.1276,0.76155,0.83965,0.50606,0.85556,0.9899,9.4447
pmc_gauss_k2,0.05,fix_pmc_gauss_k2__r0.05_k6_rep2,pmc_state_K2|robust,990,1.4069,1.9794,1.1276,0.76155,0.83965,0.50606,0.85556,0.9899,9.4447
pmc_gauss_k2,0.05,fix_pmc_gauss_k2__r0.05_k6_rep2,pmc_state_K2|hampel+gate,990,1.289,1.6615,1.0265,0.72251,0.72105,0.51212,0.81212,0.96869,4.9887
pmc_gauss_k2,0.05,fix_pmc_gauss_k2__r0.05_k6_rep2,ar1|raw,990,1.4256,2.0324,1.1595,0.85989,0.85989,0.68485,0.96667,0.99899,8.8554
pmc_gauss_k2,0.05,fix_pmc_gauss_k2__r0.05_k6_rep2,ar1|raw+gate,990,1.4171,2.0083,1.152,0.85608,0.85608,0.69091,0.96768,0.99899,8.8564
pmc_gauss_k2,0.05,fix_pmc_gauss_k2__r0.05_k6_rep2,ar1|robust+gate,990,1.3146,1.7282,1.036,0.73486,0.73486,0.48586,0.76667,0.94949,4.8438
pmc_gauss_k2,0.05,fix_pmc_gauss_k2__r0.05_k6_rep2,persistence|raw,990,2.5405,6.4543,1.6942,1.279,,0.4899,0.80101,0.96869,16.201
pmc_gauss_k2,0.05,fix_pmc_gauss_k2__r0.05_k6_rep2,ar1|clean,990,1.2862,1.6544,1.0259,0.72176,0.72176,0.51313,0.81616,0.9697,5.2198
pmc_gauss_k2,0.05,fix_pmc_gauss_k2__r0.05_k6_rep2,persistence|clean,990,1.7515,3.0677,1.3361,0.95945,,0.47071,0.75253,0.94646,6.7534
pmc_gauss_k2,0.05,fix_pmc_gauss_k2__r0.05_k6_rep3,pmc_state_K2|true+gate,990,1.3066,1.7073,1.0505,0.73302,0.7371,0.5,0.79596,0.95354,4.9665
pmc_gauss_k2,0.05,fix_pmc_gauss_k2__r0.05_k6_rep3,pmc_state_K2|true,990,1.414,1.9993,1.0997,0.77576,0.7726,0.49899,0.79293,0.95556,5.0471
pmc_gauss_k2,0.05,fix_pmc_gauss_k2__r0.05_k6_rep3,pmc_state_K2|clean,990,1.3082,1.7114,1.0567,0.7343,0.74044,0.48081,0.76061,0.9404,4.7365
pmc_gauss_k2,0.05,fix_pmc_gauss_k2__r0.05_k6_rep3,pmc_state_K2|raw+gate,990,1.3826,1.9115,1.1198,0.76098,0.83457,0.48485,0.83232,0.97273,9.6846
pmc_gauss_k2,0.05,fix_pmc_gauss_k2__r0.05_k6_rep3,pmc_state_K2|raw,990,1.3826,1.9115,1.1198,0.76098,0.83457,0.48485,0.83232,0.97273,9.6846
pmc_gauss_k2,0.05,fix_pmc_gauss_k2__r0.05_k6_rep3,pmc_state_K2|robust+gate,990,1.3826,1.9115,1.1198,0.76098,0.83457,0.48485,0.83232,0.97273,9.6846
pmc_gauss_k2,0.05,fix_pmc_gauss_k2__r0.05_k6_rep3,pmc_state_K2|robust,990,1.3826,1.9115,1.1198,0.76098,0.83457,0.48485,0.83232,0.97273,9.6846
pmc_gauss_k2,0.05,fix_pmc_gauss_k2__r0.05_k6_rep3,pmc_state_K2|hampel+gate,990,1.3134,1.7251,1.0643,0.73794,0.74425,0.47071,0.75556,0.92828,4.6833
pmc_gauss_k2,0.05,fix_pmc_gauss_k2__r0.05_k6_rep3,ar1|raw,990,1.4277,2.0383,1.1919,0.8623,0.8623,0.68182,0.97576,1,8.8375
pmc_gauss_k2,0.05,fix_pmc_gauss_k2__r0.05_k6_rep3,ar1|raw+gate,990,1.4229,2.0247,1.188,0.86027,0.86027,0.68283,0.97677,1,8.8385
pmc_gauss_k2,0.05,fix_pmc_gauss_k2__r0.05_k6_rep3,ar1|robust+gate,990,1.369,1.8742,1.0959,0.77634,0.77634,0.43737,0.72626,0.90303,4.5272
pmc_gauss_k2,0.05,fix_pmc_gauss_k2__r0.05_k6_rep3,persistence|raw,990,2.2908,5.248,1.5333,1.1598,,0.52828,0.84747,0.98384,16.59
pmc_gauss_k2,0.05,fix_pmc_gauss_k2__r0.05_k6_rep3,ar1|clean,990,1.3086,1.7125,1.0599,0.74053,0.74053,0.46465,0.77374,0.94949,4.8831
pmc_gauss_k2,0.05,fix_pmc_gauss_k2__r0.05_k6_rep3,persistence|clean,990,1.6225,2.6325,1.2475,0.89441,,0.48788,0.79394,0.96061,6.8196
pmc_gauss_k2,0.05,fix_pmc_gauss_k2__r0.05_k6_rep4,pmc_state_K2|true+gate,990,1.343,1.8035,1.1102,0.7528,0.7596,0.44949,0.78384,0.95152,4.9743
pmc_gauss_k2,0.05,fix_pmc_gauss_k2__r0.05_k6_rep4,pmc_state_K2|true,990,1.4802,2.1911,1.1822,0.81341,0.81307,0.43636,0.77172,0.94444,5.0392
pmc_gauss_k2,0.05,fix_pmc_gauss_k2__r0.05_k6_rep4,pmc_state_K2|clean,990,1.339,1.793,1.1042,0.74848,0.75561,0.46364,0.79495,0.95354,5.0798
pmc_gauss_k2,0.05,fix_pmc_gauss_k2__r0.05_k6_rep4,pmc_state_K2|raw+gate,990,1.413,1.9966,1.1559,0.77372,0.86391,0.47778,0.87677,0.98788,10.326
pmc_gauss_k2,0.05,fix_pmc_gauss_k2__r0.05_k6_rep4,pmc_state_K2|raw,990,1.413,1.9966,1.1559,0.77372,0.86391,0.47778,0.87677,0.98788,10.326
pmc_gauss_k2,0.05,fix_pmc_gauss_k2__r0.05_k6_rep4,pmc_state_K2|robust+gate,990,1.413,1.9966,1.1559,0.77372,0.86391,0.47778,0.87677,0.98788,10.326
pmc_gauss_k2,0.05,fix_pmc_gauss_k2__r0.05_k6_rep4,pmc_state_K2|robust,990,1.413,1.9966,1.1559,0.77372,0.86391,0.47778,0.87677,0.98788,10.326
pmc_gauss_k2,0.05,fix_pmc_gauss_k2__r0.05_k6_rep4,pmc_state_K2|hampel+gate,990,1.3423,1.8018,1.1096,0.75143,0.75829,0.46061,0.79293,0.95253,5.072
pmc_gauss_k2,0.05,fix_pmc_gauss_k2__r0.05_k6_rep4,ar1|raw,990,1.5263,2.3297,1.2657,0.9225,0.9225,0.67778,0.97172,1,9.4896
pmc_gauss_k2,0.05,fix_pmc_gauss_k2__r0.05_k6_rep4,ar1|raw+gate,990,1.5248,2.3252,1.2631,0.92179,0.92179,0.67778,0.97172,1,9.4901
pmc_gauss_k2,0.05,fix_pmc_gauss_k2__r0.05_k6_rep4,ar1|robust+gate,990,1.3305,1.7702,1.0917,0.75299,0.75299,0.43434,0.77778,0.94747,4.8665
pmc_gauss_k2,0.05,fix_pmc_gauss_k2__r0.05_k6_rep4,persistence|raw,990,2.3632,5.5847,1.5119,1.1607,,0.54343,0.87778,0.97778,17.293
pmc_gauss_k2,0.05,fix_pmc_gauss_k2__r0.05_k6_rep4,ar1|clean,990,1.3467,1.8135,1.1116,0.76316,0.76316,0.45556,0.80606,0.96768,5.2832
pmc_gauss_k2,0.05,fix_pmc_gauss_k2__r0.05_k6_rep4,persistence|clean,990,1.5555,2.4197,1.1841,0.85391,,0.52727,0.84141,0.97071,6.9799
pmc_gauss_k2,0.05,fix_pmc_gauss_k2__r0.05_k6_rep5,pmc_state_K2|true+gate,990,1.3836,1.9144,1.101,0.76672,0.76927,0.46667,0.78687,0.93838,4.9768
pmc_gauss_k2,0.05,fix_pmc_gauss_k2__r0.05_k6_rep5,pmc_state_K2|true,990,1.4702,2.1615,1.1467,0.80963,0.80342,0.46465,0.78283,0.93535,5.011
pmc_gauss_k2,0.05,fix_pmc_gauss_k2__r0.05_k6_rep5,pmc_state_K2|clean,990,1.3832,1.9133,1.0992,0.76594,0.76855,0.44545,0.76768,0.93232,4.8648
pmc_gauss_k2,0.05,fix_pmc_gauss_k2__r0.05_k6_rep5,pmc_state_K2|raw+gate,990,1.4053,1.9749,1.1081,0.77635,0.83592,0.47374,0.84848,0.97475,9.6407
pmc_gauss_k2,0.05,fix_pmc_gauss_k2__r0.05_k6_rep5,pmc_state_K2|raw,990,1.4053,1.9749,1.1081,0.77635,0.83592,0.47374,0.84848,0.97475,9.6407
pmc_gauss_k2,0.05,fix_pmc_gauss_k2__r0.05_k6_rep5,pmc_state_K2|robust+gate,990,1.4053,1.9749,1.1081,0.77635,0.83592,0.47374,0.84848,0.97475,9.6407
pmc_gauss_k2,0.05,fix_pmc_gauss_k2__r0.05_k6_rep5,pmc_state_K2|robust,990,1.4053,1.9749,1.1081,0.77635,0.83592,0.47374,0.84848,0.97475,9.6407
pmc_gauss_k2,0.05,fix_pmc_gauss_k2__r0.05_k6_rep5,pmc_state_K2|hampel+gate,990,1.3838,1.9149,1.0995,0.76674,0.76917,0.44646,0.76869,0.92929,4.8343
pmc_gauss_k2,0.05,fix_pmc_gauss_k2__r0.05_k6_rep5,ar1|raw,990,1.445,2.0881,1.1649,0.8675,0.8675,0.70303,0.95253,0.99798,8.8915
pmc_gauss_k2,0.05,fix_pmc_gauss_k2__r0.05_k6_rep5,ar1|raw+gate,990,1.4441,2.0855,1.1643,0.86708,0.86708,0.70404,0.95253,0.99798,8.8922
pmc_gauss_k2,0.05,fix_pmc_gauss_k2__r0.05_k6_rep5,ar1|robust+gate,990,1.3998,1.9594,1.1235,0.78856,0.78856,0.39091,0.72828,0.91313,4.6569
pmc_gauss_k2,0.05,fix_pmc_gauss_k2__r0.05_k6_rep5,persistence|raw,990,2.4004,5.7619,1.6055,1.204,,0.49495,0.83131,0.97879,16.531
pmc_gauss_k2,0.05,fix_pmc_gauss_k2__r0.05_k6_rep5,ar1|clean,990,1.3801,1.9048,1.0994,0.76997,0.76997,0.44646,0.77778,0.94141,4.9768
pmc_gauss_k2,0.05,fix_pmc_gauss_k2__r0.05_k6_rep5,persistence|clean,990,1.7578,3.09,1.3333,0.95316,,0.4596,0.76465,0.94141,6.4606
pmc_gauss_k2,0.05,fix_pmc_gauss_k2__r0.05_k6_rep6,pmc_state_K2|true+gate,990,1.3741,1.8882,1.091,0.76702,0.77055,0.49293,0.79192,0.9404,5.0433
pmc_gauss_k2,0.05,fix_pmc_gauss_k2__r0.05_k6_rep6,pmc_state_K2|true,990,1.5827,2.5049,1.1811,0.84209,0.83846,0.4899,0.78081,0.93737,5.1124
pmc_gauss_k2,0.05,fix_pmc_gauss_k2__r0.05_k6_rep6,pmc_state_K2|clean,990,1.379,1.9015,1.0874,0.76869,0.77099,0.49899,0.79394,0.94242,5.0869
pmc_gauss_k2,0.05,fix_pmc_gauss_k2__r0.05_k6_rep6,pmc_state_K2|raw+gate,990,1.458,2.1259,1.1496,0.79536,0.87083,0.4899,0.83232,0.97475,10.005
pmc_gauss_k2,0.05,fix_pmc_gauss_k2__r0.05_k6_rep6,pmc_state_K2|raw,990,1.458,2.1259,1.1496,0.79536,0.87083,0.4899,0.83232,0.97475,10.005
pmc_gauss_k2,0.05,fix_pmc_gauss_k2__r0.05_k6_rep6,pmc_state_K2|robust+gate,990,1.458,2.1259,1.1496,0.79536,0.87083,0.4899,0.83232,0.97475,10.005
pmc_gauss_k2,0.05,fix_pmc_gauss_k2__r0.05_k6_rep6,pmc_state_K2|robust,990,1.458,2.1259,1.1496,0.79536,0.87083,0.4899,0.83232,0.97475,10.005
pmc_gauss_k2,0.05,fix_pmc_gauss_k2__r0.05_k6_rep6,pmc_state_K2|hampel+gate,990,1.3773,1.8969,1.0891,0.76867,0.771,0.4899,0.79293,0.94343,5.0869
pmc_gauss_k2,0.05,fix_pmc_gauss_k2__r0.05_k6_rep6,ar1|raw,990,1.5033,2.2599,1.2299,0.9036,0.9036,0.68485,0.96869,0.99798,9.2399
pmc_gauss_k2,0.05,fix_pmc_gauss_k2__r0.05_k6_rep6,ar1|raw+gate,990,1.4948,2.2344,1.2279,0.90102,0.90102,0.68485,0.9697,0.99899,9.2405
pmc_gauss_k2,0.05,fix_pmc_gauss_k2__r0.05_k6_rep6,ar1|robust+gate,990,1.493,2.229,1.149,0.83286,0.83286,0.45556,0.74444,0.88687,4.773
pmc_gauss_k2,0.05,fix_pmc_gauss_k2__r0.05_k6_rep6,persistence|raw,990,2.7082,7.3341,1.7576,1.3379,,0.46566,0.8,0.97778,17.28
pmc_gauss_k2,0.05,fix_pmc_gauss_k2__r0.05_k6_rep6,ar1|clean,990,1.3768,1.8955,1.0818,0.7678,0.7678,0.49495,0.80404,0.93333,5.1269
pmc_gauss_k2,0.05,fix_pmc_gauss_k2__r0.05_k6_rep6,persistence|clean,990,1.8268,3.3373,1.3876,1.0028,,0.44747,0.74141,0.91212,6.4137
pmc_gauss_k2,0.05,fix_pmc_gauss_k2__r0.05_k6_rep7,pmc_state_K2|true+gate,990,1.313,1.724,1.0509,0.73363,0.73644,0.49192,0.80606,0.94141,4.9907
pmc_gauss_k2,0.05,fix_pmc_gauss_k2__r0.05_k6_rep7,pmc_state_K2|true,990,1.5642,2.4468,1.1727,0.84051,0.82584,0.47778,0.79495,0.93737,5.171
pmc_gauss_k2,0.05,fix_pmc_gauss_k2__r0.05_k6_rep7,pmc_state_K2|clean,990,1.309,1.7136,1.0482,0.7314,0.73376,0.52525,0.82424,0.95354,5.1565
pmc_gauss_k2,0.05,fix_pmc_gauss_k2__r0.05_k6_rep7,pmc_state_K2|raw+gate,990,1.4125,1.9951,1.1234,0.76955,0.86159,0.5202,0.87273,0.98384,10.358
pmc_gauss_k2,0.05,fix_pmc_gauss_k2__r0.05_k6_rep7,pmc_state_K2|raw,990,1.4125,1.9951,1.1234,0.76955,0.86159,0.5202,0.87273,0.98384,10.358
pmc_gauss_k2,0.05,fix_pmc_gauss_k2__r0.05_k6_rep7,pmc_state_K2|robust+gate,990,1.4125,1.9951,1.1234,0.76955,0.86159,0.5202,0.87273,0.98384,10.358
pmc_gauss_k2,0.05,fix_pmc_gauss_k2__r0.05_k6_rep7,pmc_state_K2|robust,990,1.4125,1.9951,1.1234,0.76955,0.86159,0.5202,0.87273,0.98384,10.358
pmc_gauss_k2,0.05,fix_pmc_gauss_k2__r0.05_k6_rep7,pmc_state_K2|hampel+gate,990,1.3126,1.7228,1.0542,0.73511,0.73724,0.52424,0.82424,0.95253,5.1333
pmc_gauss_k2,0.05,fix_pmc_gauss_k2__r0.05_k6_rep7,ar1|raw,990,1.4582,2.1264,1.2054,0.89497,0.89497,0.71414,0.9798,1,9.5646
pmc_gauss_k2,0.05,fix_pmc_gauss_k2__r0.05_k6_rep7,ar1|raw+gate,990,1.4418,2.0787,1.192,0.88808,0.88808,0.7202,0.98283,1,9.5673
pmc_gauss_k2,0.05,fix_pmc_gauss_k2__r0.05_k6_rep7,ar1|robust+gate,990,1.3697,1.876,1.0703,0.7602,0.7602,0.48687,0.79899,0.93434,5.0593
pmc_gauss_k2,0.05,fix_pmc_gauss_k2__r0.05_k6_rep7,persistence|raw,990,2.9571,8.7447,1.8803,1.4557,,0.50707,0.83838,0.96364,17.7
pmc_gauss_k2,0.05,fix_pmc_gauss_k2__r0.05_k6_rep7,ar1|clean,990,1.3123,1.7221,1.0464,0.73454,0.73454,0.51414,0.82727,0.9596,5.3642
pmc_gauss_k2,0.05,fix_pmc_gauss_k2__r0.05_k6_rep7,persistence|clean,990,1.6948,2.8723,1.2722,0.91784,,0.50101,0.83737,0.95354,7.0771
pmc_gauss_k2,0.05,fix_pmc_gauss_k2__r0.05_k6_rep8,pmc_state_K2|true+gate,990,1.3154,1.7303,1.0553,0.73582,0.73898,0.49091,0.79495,0.94646,4.9865
pmc_gauss_k2,0.05,fix_pmc_gauss_k2__r0.05_k6_rep8,pmc_state_K2|true,990,1.4515,2.107,1.1186,0.79108,0.78818,0.47677,0.77576,0.93838,4.9855
pmc_gauss_k2,0.05,fix_pmc_gauss_k2__r0.05_k6_rep8,pmc_state_K2|clean,990,1.3117,1.7204,1.0559,0.73331,0.73782,0.47273,0.79495,0.94343,4.8989
pmc_gauss_k2,0.05,fix_pmc_gauss_k2__r0.05_k6_rep8,pmc_state_K2|raw+gate,990,1.4291,2.0423,1.1367,0.76412,0.85061,0.48586,0.83131,0.96566,9.6376
pmc_gauss_k2,0.05,fix_pmc_gauss_k2__r0.05_k6_rep8,pmc_state_K2|raw,990,1.4291,2.0423,1.1367,0.76412,0.85061,0.48586,0.83131,0.96566,9.6376
pmc_gauss_k2,0.05,fix_pmc_gauss_k2__r0.05_k6_rep8,pmc_state_K2|robust+gate,990,1.4291,2.0423,1.1367,0.76412,0.85061,0.48586,0.83131,0.96566,9.6376
pmc_gauss_k2,0.05,fix_pmc_gauss_k2__r0.05_k6_rep8,pmc_state_K2|robust,990,1.4291,2.0423,1.1367,0.76412,0.85061,0.48586,0.83131,0.96566,9.6376
pmc_gauss_k2,0.05,fix_pmc_gauss_k2__r0.05_k6_rep8,pmc_state_K2|hampel+gate,990,1.3241,1.7533,1.0656,0.74124,0.74546,0.46768,0.78182,0.9404,4.8479
pmc_gauss_k2,0.05,fix_pmc_gauss_k2__r0.05_k6_rep8,ar1|raw,990,1.5114,2.2842,1.2286,0.89872,0.89872,0.66667,0.94848,0.99899,8.9054
pmc_gauss_k2,0.05,fix_pmc_gauss_k2__r0.05_k6_rep8,ar1|raw+gate,990,1.5053,2.266,1.2235,0.89589,0.89589,0.67071,0.94949,0.99899,8.906
pmc_gauss_k2,0.05,fix_pmc_gauss_k2__r0.05_k6_rep8,ar1|robust+gate,990,1.348,1.8172,1.0702,0.75783,0.75783,0.44646,0.75758,0.91919,4.6704
pmc_gauss_k2,0.05,fix_pmc_gauss_k2__r0.05_k6_rep8,persistence|raw,990,2.2834,5.2138,1.5178,1.1529,,0.54242,0.8202,0.98283,16.428
pmc_gauss_k2,0.05,fix_pmc_gauss_k2__r0.05_k6_rep8,ar1|clean,990,1.3131,1.7241,1.0592,0.74013,0.74013,0.4697,0.7899,0.94747,5.0203
pmc_gauss_k2,0.05,fix_pmc_gauss_k2__r0.05_k6_rep8,persistence|clean,990,1.6388,2.6857,1.2344,0.89137,,0.5202,0.8,0.93535,6.5667
pmc_gauss_k2,0.05,fix_pmc_gauss_k2__r0.05_k6_rep9,pmc_state_K2|true+gate,990,1.3346,1.7812,1.0725,0.75174,0.75032,0.48081,0.79899,0.93535,4.9453
pmc_gauss_k2,0.05,fix_pmc_gauss_k2__r0.05_k6_rep9,pmc_state_K2|true,990,1.4032,1.9691,1.096,0.769,0.76735,0.47374,0.79596,0.93333,4.9351
pmc_gauss_k2,0.05,fix_pmc_gauss_k2__r0.05_k6_rep9,pmc_state_K2|clean,990,1.3428,1.8031,1.0763,0.75837,0.75479,0.49394,0.8,0.93838,4.9786
pmc_gauss_k2,0.05,fix_pmc_gauss_k2__r0.05_k6_rep9,pmc_state_K2|raw+gate,990,1.4118,1.9932,1.1224,0.78049,0.86512,0.50707,0.84949,0.97475,10.548
pmc_gauss_k2,0.05,fix_pmc_gauss_k2__r0.05_k6_rep9,pmc_state_K2|raw,990,1.4118,1.9932,1.1224,0.78049,0.86512,0.50707,0.84949,0.97475,10.548
pmc_gauss_k2,0.05,fix_pmc_gauss_k2__r0.05_k6_rep9,pmc_state_K2|robust+gate,990,1.4118,1.9932,1.1224,0.78049,0.86512,0.50707,0.84949,0.97475,10.548
pmc_gauss_k2,0.05,fix_pmc_gauss_k2__r0.05_k6_rep9,pmc_state_K2|robust,990,1.4118,1.9932,1.1224,0.78049,0.86512,0.50707,0.84949,0.97475,10.548
pmc_gauss_k2,0.05,fix_pmc_gauss_k2__r0.05_k6_rep9,pmc_state_K2|hampel+gate,990,1.3424,1.802,1.0764,0.75762,0.75416,0.48788,0.80101,0.93838,4.9573
pmc_gauss_k2,0.05,fix_pmc_gauss_k2__r0.05_k6_rep9,ar1|raw,990,1.4133,1.9975,1.1346,0.87666,0.87666,0.76465,0.97273,1,9.6653
pmc_gauss_k2,0.05,fix_pmc_gauss_k2__r0.05_k6_rep9,ar1|raw+gate,990,1.4067,1.9789,1.1316,0.87431,0.87431,0.76465,0.97475,1,9.6656
pmc_gauss_k2,0.05,fix_pmc_gauss_k2__r0.05_k6_rep9,ar1|robust+gate,990,1.4008,1.9622,1.1179,0.79153,0.79153,0.43838,0.73535,0.90101,4.7318
pmc_gauss_k2,0.05,fix_pmc_gauss_k2__r0.05_k6_rep9,persistence|raw,990,2.0161,4.0645,1.3888,1.0516,,0.53434,0.84141,0.9899,17.486
pmc_gauss_k2,0.05,fix_pmc_gauss_k2__r0.05_k6_rep9,ar1|clean,990,1.3423,1.8019,1.0789,0.75572,0.75572,0.48081,0.79798,0.94242,5.1616
pmc_gauss_k2,0.05,fix_pmc_gauss_k2__r0.05_k6_rep9,persistence|clean,990,1.7197,2.9573,1.3022,0.9489,,0.49293,0.74747,0.93333,6.4734
hmc_in_gauss_k2,0,fix_hmc_in_gauss_k2__r0.00_k6_rep0,pmm|raw,990,1.3875,1.9252,1.1292,0.78877,0.78877,0.47273,0.78889,0.95354,5.3776
hmc_in_gauss_k2,0,fix_hmc_in_gauss_k2__r0.00_k6_rep0,pmm_default|raw,990,1.3875,1.9252,1.1292,0.78877,0.78877,0.47273,0.78889,0.95354,5.3776
hmc_in_gauss_k2,0,fix_hmc_in_gauss_k2__r0.00_k6_rep1,pmm|raw,990,1.3206,1.7441,1.0991,0.75571,0.75571,0.46162,0.82424,0.96869,5.3875
hmc_in_gauss_k2,0,fix_hmc_in_gauss_k2__r0.00_k6_rep1,pmm_default|raw,990,1.3206,1.7441,1.0991,0.75571,0.75571,0.46162,0.82424,0.96869,5.3875
hmc_in_gauss_k2,0,fix_hmc_in_gauss_k2__r0.00_k6_rep2,pmm|raw,990,1.343,1.8036,1.0772,0.75904,0.75904,0.49798,0.81313,0.95051,5.4117
hmc_in_gauss_k2,0,fix_hmc_in_gauss_k2__r0.00_k6_rep2,pmm_default|raw,990,1.343,1.8036,1.0772,0.75904,0.75904,0.49798,0.81313,0.95051,5.4117
hmc_in_gauss_k2,0,fix_hmc_in_gauss_k2__r0.00_k6_rep3,pmm|raw,990,1.4324,2.0519,1.1641,0.81676,0.81676,0.45051,0.76162,0.94949,5.3185
hmc_in_gauss_k2,0,fix_hmc_in_gauss_k2__r0.00_k6_rep3,pmm_default|raw,990,1.4324,2.0519,1.1641,0.81676,0.81676,0.45051,0.76162,0.94949,5.3185
hmc_in_gauss_k2,0,fix_hmc_in_gauss_k2__r0.00_k6_rep4,pmm|raw,990,1.3609,1.8521,1.1074,0.77527,0.77527,0.4798,0.79697,0.95354,5.3564
hmc_in_gauss_k2,0,fix_hmc_in_gauss_k2__r0.00_k6_rep4,pmm_default|raw,990,1.3609,1.8521,1.1074,0.77527,0.77527,0.4798,0.79697,0.95354,5.3564
hmc_in_gauss_k2,0,fix_hmc_in_gauss_k2__r0.00_k6_rep5,pmm|raw,990,1.3795,1.9031,1.1449,0.78852,0.78852,0.43333,0.77172,0.95354,5.2333
hmc_in_gauss_k2,0,fix_hmc_in_gauss_k2__r0.00_k6_rep5,pmm_default|raw,990,1.3795,1.9031,1.1449,0.78852,0.78852,0.43333,0.77172,0.95354,5.2333
hmc_in_gauss_k2,0,fix_hmc_in_gauss_k2__r0.00_k6_rep6,pmm|raw,990,1.3304,1.7701,1.1079,0.76266,0.76266,0.46465,0.80303,0.97576,5.4151
hmc_in_gauss_k2,0,fix_hmc_in_gauss_k2__r0.00_k6_rep6,pmm_default|raw,990,1.3304,1.7701,1.1079,0.76266,0.76266,0.46465,0.80303,0.97576,5.4151
hmc_in_gauss_k2,0,fix_hmc_in_gauss_k2__r0.00_k6_rep7,pmm|raw,990,1.3655,1.8647,1.1151,0.77677,0.77677,0.45354,0.80404,0.9596,5.4489
hmc_in_gauss_k2,0,fix_hmc_in_gauss_k2__r0.00_k6_rep7,pmm_default|raw,990,1.3655,1.8647,1.1151,0.77677,0.77677,0.45354,0.80404,0.9596,5.4489
hmc_in_gauss_k2,0,fix_hmc_in_gauss_k2__r0.00_k6_rep8,pmm|raw,990,1.319,1.7397,1.0775,0.75068,0.75068,0.48889,0.81515,0.9697,5.4662
hmc_in_gauss_k2,0,fix_hmc_in_gauss_k2__r0.00_k6_rep8,pmm_default|raw,990,1.319,1.7397,1.0775,0.75068,0.75068,0.48889,0.81515,0.9697,5.4662
hmc_in_gauss_k2,0,fix_hmc_in_gauss_k2__r0.00_k6_rep9,pmm|raw,990,1.3474,1.8154,1.0928,0.76555,0.76555,0.4697,0.80202,0.95152,5.3033
hmc_in_gauss_k2,0,fix_hmc_in_gauss_k2__r0.00_k6_rep9,pmm_default|raw,990,1.3474,1.8154,1.0928,0.76555,0.76555,0.4697,0.80202,0.95152,5.3033
hmc_in_gauss_k2,0.01,fix_hmc_in_gauss_k2__r0.01_k6_rep0,pmm|raw,990,1.3925,1.939,1.1353,0.79585,0.79585,0.54141,0.8798,0.98081,6.4128
hmc_in_gauss_k2,0.01,fix_hmc_in_gauss_k2__r0.01_k6_rep0,pmm_default|raw,990,1.3925,1.939,1.1353,0.79585,0.79585,0.54141,0.8798,0.98081,6.4128
hmc_in_gauss_k2,0.01,fix_hmc_in_gauss_k2__r0.01_k6_rep1,pmm|raw,990,1.3292,1.7668,1.1072,0.76567,0.76567,0.54343,0.89192,0.99394,6.3531
hmc_in_gauss_k2,0.01,fix_hmc_in_gauss_k2__r0.01_k6_rep1,pmm_default|raw,990,1.3292,1.7668,1.1072,0.76567,0.76567,0.54343,0.89192,0.99394,6.3531
hmc_in_gauss_k2,0.01,fix_hmc_in_gauss_k2__r0.01_k6_rep2,pmm|raw,990,1.3442,1.8068,1.0793,0.76841,0.76841,0.58788,0.88081,0.98788,6.4428
hmc_in_gauss_k2,0.01,fix_hmc_in_gauss_k2__r0.01_k6_rep2,pmm_default|raw,990,1.3442,1.8068,1.0793,0.76841,0.76841,0.58788,0.88081,0.98788,6.4428
hmc_in_gauss_k2,0.01,fix_hmc_in_gauss_k2__r0.01_k6_rep3,pmm|raw,990,1.4397,2.0727,1.1685,0.82187,0.82187,0.53535,0.85657,0.98081,6.4359
hmc_in_gauss_k2,0.01,fix_hmc_in_gauss_k2__r0.01_k6_rep3,pmm_default|raw,990,1.4397,2.0727,1.1685,0.82187,0.82187,0.53535,0.85657,0.98081,6.4359
hmc_in_gauss_k2,0.01,fix_hmc_in_gauss_k2__r0.01_k6_rep4,pmm|raw,990,1.3666,1.8676,1.1124,0.78243,0.78243,0.54141,0.87677,0.98586,6.2971
hmc_in_gauss_k2,0.01,fix_hmc_in_gauss_k2__r0.01_k6_rep4,pmm_default|raw,990,1.3666,1.8676,1.1124,0.78243,0.78243,0.54141,0.87677,0.98586,6.2971
hmc_in_gauss_k2,0.01,fix_hmc_in_gauss_k2__r0.01_k6_rep5,pmm|raw,990,1.3794,1.9028,1.1477,0.7891,0.7891,0.49293,0.8596,0.98485,6.0631
hmc_in_gauss_k2,0.01,fix_hmc_in_gauss_k2__r0.01_k6_rep5,pmm_default|raw,990,1.3794,1.9028,1.1477,0.7891,0.7891,0.49293,0.8596,0.98485,6.0631
hmc_in_gauss_k2,0.01,fix_hmc_in_gauss_k2__r0.01_k6_rep6,pmm|raw,990,1.3348,1.7816,1.1151,0.77232,0.77232,0.54242,0.90101,1,6.5184
hmc_in_gauss_k2,0.01,fix_hmc_in_gauss_k2__r0.01_k6_rep6,pmm_default|raw,990,1.3348,1.7816,1.1151,0.77232,0.77232,0.54242,0.90101,1,6.5184
hmc_in_gauss_k2,0.01,fix_hmc_in_gauss_k2__r0.01_k6_rep7,pmm|raw,990,1.3775,1.8976,1.1228,0.7869,0.7869,0.53636,0.86768,0.98788,6.2957
hmc_in_gauss_k2,0.01,fix_hmc_in_gauss_k2__r0.01_k6_rep7,pmm_default|raw,990,1.3775,1.8976,1.1228,0.7869,0.7869,0.53636,0.86768,0.98788,6.2957
hmc_in_gauss_k2,0.01,fix_hmc_in_gauss_k2__r0.01_k6_rep8,pmm|raw,990,1.3307,1.7708,1.0859,0.76537,0.76537,0.57475,0.89192,0.99091,6.5265
hmc_in_gauss_k2,0.01,fix_hmc_in_gauss_k2__r0.01_k6_rep8,pmm_default|raw,990,1.3307,1.7708,1.0859,0.76537,0.76537,0.57475,0.89192,0.99091,6.5265
hmc_in_gauss_k2,0.01,fix_hmc_in_gauss_k2__r0.01_k6_rep9,pmm|raw,990,1.3428,1.8032,1.0944,0.76902,0.76902,0.55455,0.8798,0.99192,6.3368
hmc_in_gauss_k2,0.01,fix_hmc_in_gauss_k2__r0.01_k6_rep9,pmm_default|raw,990,1.3428,1.8032,1.0944,0.76902,0.76902,0.55455,0.8798,0.99192,6.3368
hmc_in_gauss_k2,0.05,fix_hmc_in_gauss_k2__r0.05_k6_rep0,pmm|raw,990,1.4854,2.2065,1.2166,0.89508,0.89508,0.70303,0.96768,1,9.1982
hmc_in_gauss_k2,0.05,fix_hmc_in_gauss_k2__r0.05_k6_rep0,pmm_default|raw,990,1.4854,2.2065,1.2166,0.89508,0.89508,0.70303,0.96768,1,9.1982
hmc_in_gauss_k2,0.05,fix_hmc_in_gauss_k2__r0.05_k6_rep1,pmm|raw,990,1.4108,1.9905,1.1685,0.8585,0.8585,0.71818,0.9697,1,8.989
hmc_in_gauss_k2,0.05,fix_hmc_in_gauss_k2__r0.05_k6_rep1,pmm_default|raw,990,1.4108,1.9905,1.1685,0.8585,0.8585,0.71818,0.9697,1,8.989
hmc_in_gauss_k2,0.05,fix_hmc_in_gauss_k2__r0.05_k6_rep2,pmm|raw,990,1.3696,1.8757,1.093,0.84535,0.84535,0.76162,0.96667,1,9.227
hmc_in_gauss_k2,0.05,fix_hmc_in_gauss_k2__r0.05_k6_rep2,pmm_default|raw,990,1.3696,1.8757,1.093,0.84535,0.84535,0.76162,0.96667,1,9.227
hmc_in_gauss_k2,0.05,fix_hmc_in_gauss_k2__r0.05_k6_rep3,pmm|raw,990,1.4996,2.2487,1.2102,0.89151,0.89151,0.6697,0.95253,0.99798,8.8624
hmc_in_gauss_k2,0.05,fix_hmc_in_gauss_k2__r0.05_k6_rep3,pmm_default|raw,990,1.4996,2.2487,1.2102,0.89151,0.89151,0.6697,0.95253,0.99798,8.8624
hmc_in_gauss_k2,0.05,fix_hmc_in_gauss_k2__r0.05_k6_rep4,pmm|raw,990,1.4514,2.1065,1.1796,0.87727,0.87727,0.69394,0.96364,1,9.0726
hmc_in_gauss_k2,0.05,fix_hmc_in_gauss_k2__r0.05_k6_rep4,pmm_default|raw,990,1.4514,2.1065,1.1796,0.87727,0.87727,0.69394,0.96364,1,9.0726
hmc_in_gauss_k2,0.05,fix_hmc_in_gauss_k2__r0.05_k6_rep5,pmm|raw,990,1.4489,2.0993,1.1906,0.87415,0.87415,0.6899,0.97374,0.99899,8.9851
hmc_in_gauss_k2,0.05,fix_hmc_in_gauss_k2__r0.05_k6_rep5,pmm_default|raw,990,1.4489,2.0993,1.1906,0.87415,0.87415,0.6899,0.97374,0.99899,8.9851
hmc_in_gauss_k2,0.05,fix_hmc_in_gauss_k2__r0.05_k6_rep6,pmm|raw,990,1.4156,2.004,1.1804,0.86522,0.86522,0.69798,0.97879,1,9.1127
hmc_in_gauss_k2,0.05,fix_hmc_in_gauss_k2__r0.05_k6_rep6,pmm_default|raw,990,1.4156,2.004,1.1804,0.86522,0.86522,0.69798,0.97879,1,9.1127
hmc_in_gauss_k2,0.05,fix_hmc_in_gauss_k2__r0.05_k6_rep7,pmm|raw,990,1.4463,2.0918,1.1794,0.87175,0.87175,0.69596,0.96263,0.99798,9.0021
hmc_in_gauss_k2,0.05,fix_hmc_in_gauss_k2__r0.05_k6_rep7,pmm_default|raw,990,1.4463,2.0918,1.1794,0.87175,0.87175,0.69596,0.96263,0.99798,9.0021
hmc_in_gauss_k2,0.05,fix_hmc_in_gauss_k2__r0.05_k6_rep8,pmm|raw,990,1.4282,2.0399,1.1544,0.86891,0.86891,0.72424,0.96768,0.99899,9.1703
hmc_in_gauss_k2,0.05,fix_hmc_in_gauss_k2__r0.05_k6_rep8,pmm_default|raw,990,1.4282,2.0399,1.1544,0.86891,0.86891,0.72424,0.96768,0.99899,9.1703
hmc_in_gauss_k2,0.05,fix_hmc_in_gauss_k2__r0.05_k6_rep9,pmm|raw,990,1.4023,1.9664,1.1456,0.8416,0.8416,0.69596,0.95556,0.99798,8.5896
hmc_in_gauss_k2,0.05,fix_hmc_in_gauss_k2__r0.05_k6_rep9,pmm_default|raw,990,1.4023,1.9664,1.1456,0.8416,0.8416,0.69596,0.95556,0.99798,8.5896
pmc_gauss_k2,0,fix_pmc_gauss_k2__r0.00_k6_rep0,pmm|raw,990,1.329,1.7662,1.0627,0.74694,0.74694,0.47879,0.79697,0.94646,5.0604
pmc_gauss_k2,0,fix_pmc_gauss_k2__r0.00_k6_rep0,pmm_default|raw,990,1.329,1.7662,1.0627,0.74694,0.74694,0.47879,0.79697,0.94646,5.0604
pmc_gauss_k2,0,fix_pmc_gauss_k2__r0.00_k6_rep1,pmm|raw,990,1.3316,1.7732,1.0507,0.74358,0.74358,0.50707,0.78889,0.94444,5.109
pmc_gauss_k2,0,fix_pmc_gauss_k2__r0.00_k6_rep1,pmm_default|raw,990,1.3316,1.7732,1.0507,0.74358,0.74358,0.50707,0.78889,0.94444,5.109
pmc_gauss_k2,0,fix_pmc_gauss_k2__r0.00_k6_rep2,pmm|raw,990,1.3079,1.7106,1.0348,0.7322,0.7322,0.51212,0.79899,0.96263,5.1403
pmc_gauss_k2,0,fix_pmc_gauss_k2__r0.00_k6_rep2,pmm_default|raw,990,1.3079,1.7106,1.0348,0.7322,0.7322,0.51212,0.79899,0.96263,5.1403
pmc_gauss_k2,0,fix_pmc_gauss_k2__r0.00_k6_rep3,pmm|raw,990,1.3127,1.7232,1.0685,0.74412,0.74412,0.45354,0.77273,0.95152,4.9203
pmc_gauss_k2,0,fix_pmc_gauss_k2__r0.00_k6_rep3,pmm_default|raw,990,1.3127,1.7232,1.0685,0.74412,0.74412,0.45354,0.77273,0.95152,4.9203
pmc_gauss_k2,0,fix_pmc_gauss_k2__r0.00_k6_rep4,pmm|raw,990,1.3417,1.8001,1.1069,0.76023,0.76023,0.45253,0.80707,0.96768,5.2612
pmc_gauss_k2,0,fix_pmc_gauss_k2__r0.00_k6_rep4,pmm_default|raw,990,1.3417,1.8001,1.1069,0.76023,0.76023,0.45253,0.80707,0.96768,5.2612
pmc_gauss_k2,0,fix_pmc_gauss_k2__r0.00_k6_rep5,pmm|raw,990,1.3889,1.9291,1.106,0.77509,0.77509,0.44343,0.77374,0.93838,4.9465
pmc_gauss_k2,0,fix_pmc_gauss_k2__r0.00_k6_rep5,pmm_default|raw,990,1.3806,1.906,1.0995,0.7701,0.7701,0.44747,0.78182,0.94141,4.9732
pmc_gauss_k2,0,fix_pmc_gauss_k2__r0.00_k6_rep6,pmm|raw,990,1.3894,1.9305,1.085,0.77384,0.77384,0.47879,0.79596,0.92828,5.0689
pmc_gauss_k2,0,fix_pmc_gauss_k2__r0.00_k6_rep6,pmm_default|raw,990,1.3894,1.9305,1.085,0.77384,0.77384,0.47879,0.79596,0.92828,5.0689
pmc_gauss_k2,0,fix_pmc_gauss_k2__r0.00_k6_rep7,pmm|raw,990,1.2992,1.6879,1.038,0.72802,0.72802,0.51313,0.83636,0.96566,5.3874
pmc_gauss_k2,0,fix_pmc_gauss_k2__r0.00_k6_rep7,pmm_default|raw,990,1.3064,1.7068,1.0431,0.73178,0.73178,0.51111,0.83434,0.96263,5.3923
pmc_gauss_k2,0,fix_pmc_gauss_k2__r0.00_k6_rep8,pmm|raw,990,1.3103,1.717,1.0525,0.73727,0.73727,0.47576,0.78687,0.94444,4.9818
pmc_gauss_k2,0,fix_pmc_gauss_k2__r0.00_k6_rep8,pmm_default|raw,990,1.3103,1.717,1.0525,0.73727,0.73727,0.47576,0.78687,0.94444,4.9818
pmc_gauss_k2,0,fix_pmc_gauss_k2__r0.00_k6_rep9,pmm|raw,990,1.3451,1.8094,1.0804,0.75718,0.75718,0.4798,0.79394,0.94343,5.1459
pmc_gauss_k2,0,fix_pmc_gauss_k2__r0.00_k6_rep9,pmm_default|raw,990,1.3451,1.8094,1.0804,0.75718,0.75718,0.4798,0.79394,0.94343,5.1459
pmc_gauss_k2,0.01,fix_pmc_gauss_k2__r0.01_k6_rep0,pmm|raw,990,1.2831,1.6464,1.0372,0.73483,0.73483,0.58384,0.88889,0.99293,6.202
pmc_gauss_k2,0.01,fix_pmc_gauss_k2__r0.01_k6_rep0,pmm_default|raw,990,1.2831,1.6464,1.0372,0.73483,0.73483,0.58384,0.88889,0.99293,6.202
pmc_gauss_k2,0.01,fix_pmc_gauss_k2__r0.01_k6_rep1,pmm|raw,990,1.3953,1.947,1.1053,0.78779,0.78779,0.56465,0.85152,0.97475,6.2288
pmc_gauss_k2,0.01,fix_pmc_gauss_k2__r0.01_k6_rep1,pmm_default|raw,990,1.3953,1.947,1.1053,0.78779,0.78779,0.56465,0.85152,0.97475,6.2288
pmc_gauss_k2,0.01,fix_pmc_gauss_k2__r0.01_k6_rep2,pmm|raw,990,1.3096,1.7151,1.0482,0.7489,0.7489,0.59596,0.89899,0.99091,6.4232
pmc_gauss_k2,0.01,fix_pmc_gauss_k2__r0.01_k6_rep2,pmm_default|raw,990,1.3096,1.7151,1.0482,0.7489,0.7489,0.59596,0.89899,0.99091,6.4232
pmc_gauss_k2,0.01,fix_pmc_gauss_k2__r0.01_k6_rep3,pmm|raw,990,1.3284,1.7647,1.0904,0.75835,0.75835,0.53737,0.85657,0.98384,5.9829
pmc_gauss_k2,0.01,fix_pmc_gauss_k2__r0.01_k6_rep3,pmm_default|raw,990,1.3284,1.7647,1.0904,0.75835,0.75835,0.53737,0.85657,0.98384,5.9829
pmc_gauss_k2,0.01,fix_pmc_gauss_k2__r0.01_k6_rep4,pmm|raw,990,1.3532,1.8312,1.1235,0.77622,0.77622,0.54444,0.88081,0.99192,6.4153
pmc_gauss_k2,0.01,fix_pmc_gauss_k2__r0.01_k6_rep4,pmm_default|raw,990,1.3532,1.8312,1.1235,0.77622,0.77622,0.54444,0.88081,0.99192,6.4153
pmc_gauss_k2,0.01,fix_pmc_gauss_k2__r0.01_k6_rep5,pmm|raw,990,1.4277,2.0383,1.1406,0.80051,0.80051,0.53535,0.84444,0.96869,5.9981
pmc_gauss_k2,0.01,fix_pmc_gauss_k2__r0.01_k6_rep5,pmm_default|raw,990,1.4277,2.0383,1.1406,0.80051,0.80051,0.53535,0.84444,0.96869,5.9981
pmc_gauss_k2,0.01,fix_pmc_gauss_k2__r0.01_k6_rep6,pmm|raw,990,1.4363,2.0629,1.1468,0.81012,0.81012,0.52929,0.83535,0.96667,6.0657
pmc_gauss_k2,0.01,fix_pmc_gauss_k2__r0.01_k6_rep6,pmm_default|raw,990,1.4363,2.0629,1.1468,0.81012,0.81012,0.52929,0.83535,0.96667,6.0657
pmc_gauss_k2,0.01,fix_pmc_gauss_k2__r0.01_k6_rep7,pmm|raw,990,1.3317,1.7735,1.0766,0.76304,0.76304,0.59495,0.89091,0.99192,6.5955
pmc_gauss_k2,0.01,fix_pmc_gauss_k2__r0.01_k6_rep7,pmm_default|raw,990,1.3317,1.7735,1.0766,0.76304,0.76304,0.59495,0.89091,0.99192,6.5955
pmc_gauss_k2,0.01,fix_pmc_gauss_k2__r0.01_k6_rep8,pmm|raw,990,1.3699,1.8765,1.1057,0.77522,0.77522,0.52929,0.85051,0.97576,5.9673
pmc_gauss_k2,0.01,fix_pmc_gauss_k2__r0.01_k6_rep8,pmm_default|raw,990,1.3699,1.8765,1.1057,0.77522,0.77522,0.52929,0.85051,0.97576,5.9673
pmc_gauss_k2,0.01,fix_pmc_gauss_k2__r0.01_k6_rep9,pmm|raw,990,1.3316,1.7732,1.0753,0.75959,0.75959,0.57677,0.88283,0.98788,6.3176
pmc_gauss_k2,0.01,fix_pmc_gauss_k2__r0.01_k6_rep9,pmm_default|raw,990,1.3316,1.7732,1.0753,0.75959,0.75959,0.57677,0.88283,0.98788,6.3176
pmc_gauss_k2,0.05,fix_pmc_gauss_k2__r0.05_k6_rep0,pmm|raw,990,1.3582,1.8446,1.0997,0.83229,0.83229,0.71515,0.9798,1,8.8941
pmc_gauss_k2,0.05,fix_pmc_gauss_k2__r0.05_k6_rep0,pmm_default|raw,990,1.3582,1.8446,1.0997,0.83229,0.83229,0.71515,0.9798,1,8.8941
pmc_gauss_k2,0.05,fix_pmc_gauss_k2__r0.05_k6_rep1,pmm|raw,990,1.4295,2.0434,1.1598,0.86801,0.86801,0.70909,0.9697,1,9.1094
pmc_gauss_k2,0.05,fix_pmc_gauss_k2__r0.05_k6_rep1,pmm_default|raw,990,1.4295,2.0434,1.1598,0.86801,0.86801,0.70909,0.9697,1,9.1094
pmc_gauss_k2,0.05,fix_pmc_gauss_k2__r0.05_k6_rep2,pmm|raw,990,1.4087,1.9844,1.1285,0.84719,0.84719,0.68687,0.96465,1,8.705
pmc_gauss_k2,0.05,fix_pmc_gauss_k2__r0.05_k6_rep2,pmm_default|raw,990,1.4087,1.9844,1.1285,0.84719,0.84719,0.68687,0.96465,1,8.705
pmc_gauss_k2,0.05,fix_pmc_gauss_k2__r0.05_k6_rep3,pmm|raw,990,1.4102,1.9886,1.1723,0.85337,0.85337,0.68485,0.97475,1,8.8051
pmc_gauss_k2,0.05,fix_pmc_gauss_k2__r0.05_k6_rep3,pmm_default|raw,990,1.4102,1.9886,1.1723,0.85337,0.85337,0.68485,0.97475,1,8.8051
pmc_gauss_k2,0.05,fix_pmc_gauss_k2__r0.05_k6_rep4,pmm|raw,990,1.4753,2.1765,1.2207,0.89737,0.89737,0.68485,0.9798,1,9.3825
pmc_gauss_k2,0.05,fix_pmc_gauss_k2__r0.05_k6_rep4,pmm_default|raw,990,1.4753,2.1765,1.2207,0.89737,0.89737,0.68485,0.9798,1,9.3825
pmc_gauss_k2,0.05,fix_pmc_gauss_k2__r0.05_k6_rep5,pmm|raw,990,1.4228,2.0244,1.1522,0.8542,0.8542,0.73333,0.96364,0.99596,8.8059
pmc_gauss_k2,0.05,fix_pmc_gauss_k2__r0.05_k6_rep5,pmm_default|raw,990,1.4228,2.0244,1.1522,0.8542,0.8542,0.73333,0.96364,0.99596,8.8059
pmc_gauss_k2,0.05,fix_pmc_gauss_k2__r0.05_k6_rep6,pmm|raw,990,1.4955,2.2367,1.1998,0.89518,0.89518,0.69697,0.95758,0.99697,9.1266
pmc_gauss_k2,0.05,fix_pmc_gauss_k2__r0.05_k6_rep6,pmm_default|raw,990,1.4955,2.2367,1.1998,0.89518,0.89518,0.69697,0.95758,0.99697,9.1266
pmc_gauss_k2,0.05,fix_pmc_gauss_k2__r0.05_k6_rep7,pmm|raw,990,1.4595,2.1303,1.1885,0.89205,0.89205,0.71212,0.97475,1,9.4739
pmc_gauss_k2,0.05,fix_pmc_gauss_k2__r0.05_k6_rep7,pmm_default|raw,990,1.4595,2.1303,1.1885,0.89205,0.89205,0.71212,0.97475,1,9.4739
pmc_gauss_k2,0.05,fix_pmc_gauss_k2__r0.05_k6_rep8,pmm|raw,990,1.4843,2.2032,1.19,0.88202,0.88202,0.68889,0.94444,0.99899,8.8181
pmc_gauss_k2,0.05,fix_pmc_gauss_k2__r0.05_k6_rep8,pmm_default|raw,990,1.4843,2.2032,1.19,0.88202,0.88202,0.68889,0.94444,0.99899,8.8181
pmc_gauss_k2,0.05,fix_pmc_gauss_k2__r0.05_k6_rep9,pmm|raw,990,1.4381,2.0681,1.1491,0.88092,0.88092,0.73232,0.97172,1,9.4998
pmc_gauss_k2,0.05,fix_pmc_gauss_k2__r0.05_k6_rep9,pmm_default|raw,990,1.4381,2.0681,1.1491,0.88092,0.88092,0.73232,0.97172,1,9.4998
