study,rate,variant,method,h,n,rmse,mse,mae,crps,crps_gauss,cov50,cov80,cov95,w95
aotizhongxin,0,clean,hmc_in_K3|raw+gate,1,90,0.59089,0.34916,0.47476,0.3336,0.33132,0.41111,0.75556,0.92222,2.3653
aotizhongxin,0,clean,hmc_in_K3|raw+gate,2,89,0.70979,0.5038,0.57228,0.40346,0.40271,0.33708,0.73034,0.91011,2.6592
aotizhongxin,0,clean,hmc_in_K3|raw+gate,3,89,0.80045,0.64072,0.64523,0.44899,0.45262,0.39326,0.69663,0.86517,2.8288
aotizhongxin,0,clean,hmc_in_K3|raw+gate,4,90,0.90209,0.81376,0.7444,0.51221,0.51762,0.34444,0.63333,0.86667,2.9593
aotizhongxin,0,clean,hmc_in_K3|raw+gate,5,88,1.0342,1.0695,0.85981,0.59186,0.60057,0.26136,0.625,0.81818,3.0925
aotizhongxin,0,clean,hmc_in_K3|raw+gate,6,90,1.0873,1.1822,0.90403,0.62389,0.63388,0.26667,0.61111,0.8,3.1819
aotizhongxin,0,clean,hmc_in_K3|raw+gate,7,91,1.1131,1.2391,0.95672,0.64984,0.66118,0.27473,0.57143,0.84615,3.2954
aotizhongxin,0,clean,hmc_in_K3|raw+gate,8,90,1.1536,1.3308,0.97872,0.67175,0.68322,0.27778,0.56667,0.84444,3.3907
aotizhongxin,0,clean,hmc_in_K3|raw+gate,9,90,1.1419,1.304,0.9866,0.65993,0.67558,0.27778,0.55556,0.87778,3.4611
aotizhongxin,0,clean,hmc_in_K3|raw+gate,10,89,1.1498,1.3219,1.0036,0.6672,0.68266,0.23596,0.59551,0.88764,3.5141
aotizhongxin,0,clean,hmc_in_K3|raw+gate,11,90,1.1152,1.2437,0.93635,0.63705,0.65078,0.35556,0.57778,0.87778,3.558
aotizhongxin,0,clean,hmc_in_K3|raw+gate,12,90,1.1148,1.2427,0.93396,0.63182,0.64324,0.34444,0.64444,0.88889,3.593
aotizhongxin,0,clean,hmc_in_K3|raw+gate,13,91,1.037,1.0753,0.87329,0.59038,0.59987,0.37363,0.71429,0.9011,3.6206
aotizhongxin,0,clean,hmc_in_K3|raw+gate,14,90,1.0612,1.1263,0.8788,0.60653,0.6112,0.4,0.73333,0.88889,3.6462
aotizhongxin,0,clean,hmc_in_K3|raw+gate,15,91,1.0349,1.071,0.87903,0.59432,0.59881,0.3956,0.75824,0.9011,3.6656
aotizhongxin,0,clean,hmc_in_K3|raw+gate,16,91,1.0706,1.1462,0.89454,0.61293,0.61583,0.41758,0.75824,0.9011,3.6833
aotizhongxin,0,clean,hmc_in_K3|raw+gate,17,90,1.0312,1.0634,0.85112,0.59251,0.59042,0.44444,0.77778,0.88889,3.6996
aotizhongxin,0,clean,hmc_in_K3|raw+gate,18,90,1.0434,1.0888,0.86823,0.60153,0.60103,0.41111,0.75556,0.92222,3.7138
aotizhongxin,0,clean,hmc_in_K3|raw+gate,19,90,1.0675,1.1396,0.89988,0.62155,0.62173,0.4,0.73333,0.93333,3.7223
aotizhongxin,0,clean,hmc_in_K3|raw+gate,20,91,1.1174,1.2485,0.95129,0.65318,0.65351,0.35165,0.71429,0.91209,3.7334
aotizhongxin,0,clean,hmc_in_K3|raw+gate,21,90,1.0495,1.1014,0.90885,0.61804,0.61578,0.38889,0.72222,0.96667,3.744
aotizhongxin,0,clean,hmc_in_K3|raw+gate,22,89,1.1719,1.3733,0.98893,0.68944,0.68562,0.33708,0.75281,0.89888,3.7533
aotizhongxin,0,clean,hmc_in_K3|raw+gate,23,88,1.1583,1.3416,0.99604,0.68324,0.6827,0.38636,0.71591,0.90909,3.7592
aotizhongxin,0,clean,hmc_in_K3|raw+gate,24,90,1.2068,1.4563,1.0212,0.70739,0.70704,0.37778,0.72222,0.88889,3.7645
aotizhongxin,0,clean,hmc_in_K3|raw,1,90,0.59089,0.34916,0.47476,0.3336,0.33132,0.41111,0.75556,0.92222,2.3653
aotizhongxin,0,clean,hmc_in_K3|raw,2,89,0.70979,0.5038,0.57228,0.40346,0.40271,0.33708,0.73034,0.91011,2.6592
aotizhongxin,0,clean,hmc_in_K3|raw,3,89,0.80045,0.64072,0.64523,0.44899,0.45262,0.39326,0.69663,0.86517,2.8288
aotizhongxin,0,clean,hmc_in_K3|raw,4,90,0.90209,0.81376,0.7444,0.51221,0.51762,0.34444,0.63333,0.86667,2.9593
aotizhongxin,0,clean,hmc_in_K3|raw,5,88,1.0342,1.0695,0.85981,0.59186,0.60057,0.26136,0.625,0.81818,3.0925
aotizhongxin,0,clean,hmc_in_K3|raw,6,90,1.0873,1.1822,0.90403,0.62389,0.63388,0.26667,0.61111,0.8,3.1819
aotizhongxin,0,clean,hmc_in_K3|raw,7,91,1.1131,1.2391,0.95672,0.64984,0.66118,0.27473,0.57143,0.84615,3.2954
aotizhongxin,0,clean,hmc_in_K3|raw,8,90,1.1536,1.3308,0.97872,0.67175,0.68322,0.27778,0.56667,0.84444,3.3907
aotizhongxin,0,clean,hmc_in_K3|raw,9,90,1.1419,1.304,0.9866,0.65993,0.67558,0.27778,0.55556,0.87778,3.4611
aotizhongxin,0,clean,hmc_in_K3|raw,10,89,1.1498,1.3219,1.0036,0.6672,0.68266,0.23596,0.59551,0.88764,3.5141
aotizhongxin,0,clean,hmc_in_K3|raw,11,90,1.1152,1.2437,0.93635,0.63705,0.65078,0.35556,0.57778,0.87778,3.558
aotizhongxin,0,clean,hmc_in_K3|raw,12,90,1.1148,1.2427,0.93396,0.63182,0.64324,0.34444,0.64444,0.88889,3.593
aotizhongxin,0,clean,hmc_in_K3|raw,13,91,1.037,1.0753,0.87329,0.59038,0.59987,0.37363,0.71429,0.9011,3.6206
aotizhongxin,0,clean,hmc_in_K3|raw,14,90,1.0612,1.1263,0.8788,0.60653,0.6112,0.4,0.73333,0.88889,3.6462
aotizhongxin,0,clean,hmc_in_K3|raw,15,91,1.0349,1.071,0.87903,0.59432,0.59881,0.3956,0.75824,0.9011,3.6656
aotizhongxin,0,clean,hmc_in_K3|raw,16,91,1.0706,1.1462,0.89454,0.61293,0.61583,0.41758,0.75824,0.9011,3.6833
aotizhongxin,0,clean,hmc_in_K3|raw,17,90,1.0312,1.0634,0.85112,0.59251,0.59042,0.44444,0.77778,0.88889,3.6996
aotizhongxin,0,clean,hmc_in_K3|raw,18,90,1.0434,1.0888,0.86823,0.60153,0.60103,0.41111,0.75556,0.92222,3.7138
aotizhongxin,0,clean,hmc_in_K3|raw,19,90,1.0675,1.1396,0.89988,0.62155,0.62173,0.4,0.73333,0.93333,3.7223
aotizhongxin,0,clean,hmc_in_K3|raw,20,91,1.1174,1.2485,0.95129,0.65318,0.65351,0.35165,0.71429,0.91209,3.7334
aotizhongxin,0,clean,hmc_in_K3|raw,21,90,1.0495,1.1014,0.90885,0.61804,0.61578,0.38889,0.72222,0.96667,3.744
aotizhongxin,0,clean,hmc_in_K3|raw,22,89,1.1719,1.3733,0.98893,0.68944,0.68562,0.33708,0.75281,0.89888,3.7533
aotizhongxin,0,clean,hmc_in_K3|raw,23,88,1.1583,1.3416,0.99604,0.68324,0.6827,0.38636,0.71591,0.90909,3.7592
aotizhongxin,0,clean,hmc_in_K3|raw,24,90,1.2068,1.4563,1.0212,0.70739,0.70704,0.37778,0.72222,0.88889,3.7645
aotizhongxin,0,clean,hmc_in_K3|robust+gate,1,90,0.59084,0.34909,0.47485,0.33375,0.33148,0.41111,0.75556,0.92222,2.3526
aotizhongxin,0,clean,hmc_in_K3|robust+gate,2,89,0.70984,0.50387,0.57235,0.40373,0.40314,0.32584,0.73034,0.91011,2.6408
aotizhongxin,0,clean,hmc_in_K3|robust+gate,3,89,0.80069,0.6411,0.64519,0.4494,0.4532,0.39326,0.68539,0.86517,2.8034
aotizhongxin,0,clean,hmc_in_K3|robust+gate,4,90,0.90233,0.8142,0.74401,0.51283,0.51836,0.34444,0.63333,0.84444,2.925
aotizhongxin,0,clean,hmc_in_K3|robust+gate,5,88,1.0346,1.0703,0.85953,0.59262,0.60147,0.26136,0.61364,0.81818,3.0515
aotizhongxin,0,clean,hmc_in_K3|robust+gate,6,90,1.0879,1.1835,0.90385,0.6249,0.63502,0.26667,0.61111,0.8,3.1296
aotizhongxin,0,clean,hmc_in_K3|robust+gate,7,91,1.1132,1.2393,0.95621,0.65073,0.66218,0.27473,0.57143,0.83516,3.2325
aotizhongxin,0,clean,hmc_in_K3|robust+gate,8,90,1.1538,1.3312,0.97791,0.67269,0.68415,0.27778,0.55556,0.84444,3.3344
aotizhongxin,0,clean,hmc_in_K3|robust+gate,9,90,1.1425,1.3052,0.98618,0.661,0.67663,0.26667,0.55556,0.87778,3.4144
aotizhongxin,0,clean,hmc_in_K3|robust+gate,10,89,1.1502,1.323,1.0035,0.66825,0.68366,0.23596,0.58427,0.86517,3.4737
aotizhongxin,0,clean,hmc_in_K3|robust+gate,11,90,1.1154,1.2442,0.93556,0.63797,0.65154,0.35556,0.57778,0.87778,3.5223
aotizhongxin,0,clean,hmc_in_K3|robust+gate,12,90,1.1144,1.242,0.93272,0.63229,0.64358,0.34444,0.63333,0.87778,3.5604
aotizhongxin,0,clean,hmc_in_K3|robust+gate,13,91,1.0363,1.0739,0.87183,0.59048,0.59975,0.37363,0.71429,0.9011,3.5903
aotizhongxin,0,clean,hmc_in_K3|robust+gate,14,90,1.0606,1.1249,0.87764,0.60663,0.61111,0.4,0.73333,0.88889,3.618
aotizhongxin,0,clean,hmc_in_K3|robust+gate,15,91,1.0339,1.069,0.87735,0.59412,0.59845,0.38462,0.74725,0.9011,3.6388
aotizhongxin,0,clean,hmc_in_K3|robust+gate,16,91,1.0697,1.1444,0.89339,0.61281,0.61554,0.41758,0.75824,0.9011,3.6577
aotizhongxin,0,clean,hmc_in_K3|robust+gate,17,90,1.0305,1.062,0.85036,0.59259,0.59032,0.44444,0.76667,0.88889,3.6752
aotizhongxin,0,clean,hmc_in_K3|robust+gate,18,90,1.0431,1.088,0.86807,0.60182,0.60119,0.41111,0.75556,0.91111,3.6905
aotizhongxin,0,clean,hmc_in_K3|robust+gate,19,90,1.0671,1.1388,0.89837,0.62173,0.62176,0.4,0.73333,0.93333,3.6995
aotizhongxin,0,clean,hmc_in_K3|robust+gate,20,91,1.1167,1.2471,0.9501,0.65337,0.65362,0.35165,0.71429,0.91209,3.7113
aotizhongxin,0,clean,hmc_in_K3|robust+gate,21,90,1.0495,1.1014,0.90834,0.61844,0.61612,0.38889,0.72222,0.96667,3.7226
aotizhongxin,0,clean,hmc_in_K3|robust+gate,22,89,1.1719,1.3733,0.98949,0.69017,0.68625,0.33708,0.74157,0.89888,3.7326
aotizhongxin,0,clean,hmc_in_K3|robust+gate,23,88,1.1589,1.343,0.99682,0.6843,0.68366,0.38636,0.71591,0.90909,3.7389
aotizhongxin,0,clean,hmc_in_K3|robust+gate,24,90,1.2073,1.4575,1.0221,0.70858,0.70817,0.37778,0.71111,0.88889,3.7446
aotizhongxin,0,clean,hmc_in_K3|robust,1,90,0.59084,0.34909,0.47485,0.33375,0.33148,0.41111,0.75556,0.92222,2.3526
aotizhongxin,0,clean,hmc_in_K3|robust,2,89,0.70984,0.50387,0.57235,0.40373,0.40314,0.32584,0.73034,0.91011,2.6408
aotizhongxin,0,clean,hmc_in_K3|robust,3,89,0.80069,0.6411,0.64519,0.4494,0.4532,0.39326,0.68539,0.86517,2.8034
aotizhongxin,0,clean,hmc_in_K3|robust,4,90,0.90233,0.8142,0.74401,0.51283,0.51836,0.34444,0.63333,0.84444,2.925
aotizhongxin,0,clean,hmc_in_K3|robust,5,88,1.0346,1.0703,0.85953,0.59262,0.60147,0.26136,0.61364,0.81818,3.0515
aotizhongxin,0,clean,hmc_in_K3|robust,6,90,1.0879,1.1835,0.90385,0.6249,0.63502,0.26667,0.61111,0.8,3.1296
aotizhongxin,0,clean,hmc_in_K3|robust,7,91,1.1132,1.2393,0.95621,0.65073,0.66218,0.27473,0.57143,0.83516,3.2325
aotizhongxin,0,clean,hmc_in_K3|robust,8,90,1.1538,1.3312,0.97791,0.67269,0.68415,0.27778,0.55556,0.84444,3.3344
aotizhongxin,0,clean,hmc_in_K3|robust,9,90,1.1425,1.3052,0.98618,0.661,0.67663,0.26667,0.55556,0.87778,3.4144
aotizhongxin,0,clean,hmc_in_K3|robust,10,89,1.1502,1.323,1.0035,0.66825,0.68366,0.23596,0.58427,0.86517,3.4737
aotizhongxin,0,clean,hmc_in_K3|robust,11,90,1.1154,1.2442,0.93556,0.63797,0.65154,0.35556,0.57778,0.87778,3.5223
aotizhongxin,0,clean,hmc_in_K3|robust,12,90,1.1144,1.242,0.93272,0.63229,0.64358,0.34444,0.63333,0.87778,3.5604
aotizhongxin,0,clean,hmc_in_K3|robust,13,91,1.0363,1.0739,0.87183,0.59048,0.59975,0.37363,0.71429,0.9011,3.5903
aotizhongxin,0,clean,hmc_in_K3|robust,14,90,1.0606,1.1249,0.87764,0.60663,0.61111,0.4,0.73333,0.88889,3.618
aotizhongxin,0,clean,hmc_in_K3|robust,15,91,1.0339,1.069,0.87735,0.59412,0.59845,0.38462,0.74725,0.9011,3.6388
aotizhongxin,0,clean,hmc_in_K3|robust,16,91,1.0697,1.1444,0.89339,0.61281,0.61554,0.41758,0.75824,0.9011,3.6577
aotizhongxin,0,clean,hmc_in_K3|robust,17,90,1.0305,1.062,0.85036,0.59259,0.59032,0.44444,0.76667,0.88889,3.6752
aotizhongxin,0,clean,hmc_in_K3|robust,18,90,1.0431,1.088,0.86807,0.60182,0.60119,0.41111,0.75556,0.91111,3.6905
aotizhongxin,0,clean,hmc_in_K3|robust,19,90,1.0671,1.1388,0.89837,0.62173,0.62176,0.4,0.73333,0.93333,3.6995
aotizhongxin,0,clean,hmc_in_K3|robust,20,91,1.1167,1.2471,0.9501,0.65337,0.65362,0.35165,0.71429,0.91209,3.7113
aotizhongxin,0,clean,hmc_in_K3|robust,21,90,1.0495,1.1014,0.90834,0.61844,0.61612,0.38889,0.72222,0.96667,3.7226
aotizhongxin,0,clean,hmc_in_K3|robust,22,89,1.1719,1.3733,0.98949,0.69017,0.68625,0.33708,0.74157,0.89888,3.7326
aotizhongxin,0,clean,hmc_in_K3|robust,23,88,1.1589,1.343,0.99682,0.6843,0.68366,0.38636,0.71591,0.90909,3.7389
aotizhongxin,0,clean,hmc_in_K3|robust,24,90,1.2073,1.4575,1.0221,0.70858,0.70817,0.37778,0.71111,0.88889,3.7446
mote20,0,clean,hmc_in_K3|raw+gate,1,106,1.3171,1.7348,1.0497,0.7376,0.73307,0.43396,0.76415,0.9434,4.8091
mote20,0,clean,hmc_in_K3|raw+gate,2,109,1.2958,1.6792,1.0343,0.72385,0.71975,0.43119,0.79817,0.93578,4.8158
mote20,0,clean,hmc_in_K3|raw+gate,3,105,1.3424,1.8021,1.0597,0.74738,0.74304,0.46667,0.78095,0.93333,4.8947
mote20,0,clean,hmc_in_K3|raw+gate,4,108,1.3726,1.8841,1.1018,0.76571,0.76162,0.41667,0.77778,0.92593,4.8561
mote20,0,clean,hmc_in_K3|raw+gate,5,98,1.3304,1.77,1.0631,0.74268,0.73815,0.45918,0.77551,0.93878,4.895
mote20,0,clean,hmc_in_K3|raw+gate,7,106,1.3761,1.8936,1.0979,0.76982,0.76587,0.42453,0.76415,0.92453,4.9707
mote20,0,clean,hmc_in_K3|raw+gate,9,105,1.3166,1.7333,1.0475,0.73585,0.73208,0.44762,0.7619,0.94286,5.0146
mote20,0,clean,hmc_in_K3|raw+gate,10,109,1.3573,1.8422,1.0836,0.75649,0.75396,0.43119,0.75229,0.92661,5.0059
mote20,0,clean,hmc_in_K3|raw+gate,11,106,1.3561,1.839,1.0859,0.76052,0.75635,0.41509,0.76415,0.93396,5.0584
mote20,0,clean,hmc_in_K3|raw+gate,12,97,1.3453,1.8099,1.063,0.74763,0.74513,0.4433,0.79381,0.92784,5.0857
mote20,0,clean,hmc_in_K3|raw+gate,13,107,1.3893,1.9303,1.0979,0.77747,0.77414,0.43925,0.74766,0.92523,5.1463
mote20,0,clean,hmc_in_K3|raw+gate,14,105,1.348,1.817,1.068,0.75512,0.75278,0.42857,0.7619,0.94286,5.1675
mote20,0,clean,hmc_in_K3|raw+gate,15,103,1.3978,1.9537,1.1211,0.78692,0.78356,0.40777,0.75728,0.93204,5.2226
mote20,0,clean,hmc_in_K3|raw+gate,16,109,1.3616,1.8539,1.0801,0.76391,0.76059,0.44954,0.77064,0.93578,5.2734
mote20,0,clean,hmc_in_K3|raw+gate,17,104,1.3347,1.7815,1.0589,0.74732,0.74339,0.44231,0.80769,0.93269,5.2828
mote20,0,clean,hmc_in_K3|raw+gate,18,108,1.3341,1.7798,1.0377,0.73931,0.73806,0.47222,0.82407,0.93519,5.3678
mote20,0,clean,hmc_in_K3|raw+gate,19,99,1.3487,1.8189,1.0521,0.75023,0.74831,0.45455,0.78788,0.92929,5.3541
mote20,0,clean,hmc_in_K3|raw+gate,20,97,1.4048,1.9733,1.1123,0.79,0.78595,0.41237,0.7732,0.93814,5.4431
mote20,0,clean,hmc_in_K3|raw+gate,22,103,1.3756,1.8923,1.071,0.7639,0.7652,0.4466,0.79612,0.93204,5.5615
mote20,0,clean,hmc_in_K3|raw+gate,23,107,1.4222,2.0227,1.1181,0.79548,0.79443,0.42991,0.78505,0.92523,5.6093
mote20,0,clean,hmc_in_K3|raw+gate,24,111,1.4166,2.0069,1.1193,0.7945,0.7922,0.43243,0.77477,0.93694,5.6741
mote20,0,clean,hmc_in_K3|raw+gate,6,102,1.3368,1.7869,1.0552,0.74206,0.73792,0.45098,0.78431,0.93137,4.9082
mote20,0,clean,hmc_in_K3|raw+gate,8,104,1.3833,1.9134,1.0964,0.77178,0.76808,0.42308,0.75,0.92308,4.976
mote20,0,clean,hmc_in_K3|raw+gate,21,100,1.3414,1.7993,1.0497,0.75319,0.74882,0.48,0.79,0.95,5.4747
mote20,0,clean,hmc_in_K3|raw,1,106,1.3171,1.7348,1.0497,0.7376,0.73307,0.43396,0.76415,0.9434,4.8091
mote20,0,clean,hmc_in_K3|raw,2,109,1.2958,1.6792,1.0343,0.72385,0.71975,0.43119,0.79817,0.93578,4.8158
mote20,0,clean,hmc_in_K3|raw,3,105,1.3424,1.8021,1.0597,0.74738,0.74304,0.46667,0.78095,0.93333,4.8947
mote20,0,clean,hmc_in_K3|raw,4,108,1.3726,1.8841,1.1018,0.76571,0.76162,0.41667,0.77778,0.92593,4.8561
mote20,0,clean,hmc_in_K3|raw,5,98,1.3304,1.77,1.0631,0.74268,0.73815,0.45918,0.77551,0.93878,4.895
mote20,0,clean,hmc_in_K3|raw,7,106,1.3761,1.8936,1.0979,0.76982,0.76587,0.42453,0.76415,0.92453,4.9707
mote20,0,clean,hmc_in_K3|raw,9,105,1.3166,1.7333,1.0475,0.73585,0.73208,0.44762,0.7619,0.94286,5.0146
mote20,0,clean,hmc_in_K3|raw,10,109,1.3573,1.8422,1.0836,0.75649,0.75396,0.43119,0.75229,0.92661,5.0059
mote20,0,clean,hmc_in_K3|raw,11,106,1.3561,1.839,1.0859,0.76052,0.75635,0.41509,0.76415,0.93396,5.0584
mote20,0,clean,hmc_in_K3|raw,12,97,1.3453,1.8099,1.063,0.74763,0.74513,0.4433,0.79381,0.92784,5.0857
mote20,0,clean,hmc_in_K3|raw,13,107,1.3893,1.9303,1.0979,0.77747,0.77414,0.43925,0.74766,0.92523,5.1463
mote20,0,clean,hmc_in_K3|raw,14,105,1.348,1.817,1.068,0.75512,0.75278,0.42857,0.7619,0.94286,5.1675
mote20,0,clean,hmc_in_K3|raw,15,103,1.3978,1.9537,1.1211,0.78692,0.78356,0.40777,0.75728,0.93204,5.2226
mote20,0,clean,hmc_in_K3|raw,16,109,1.3616,1.8539,1.0801,0.76391,0.76059,0.44954,0.77064,0.93578,5.2734
mote20,0,clean,hmc_in_K3|raw,17,104,1.3347,1.7815,1.0589,0.74732,0.74339,0.44231,0.80769,0.93269,5.2828
mote20,0,clean,hmc_in_K3|raw,18,108,1.3341,1.7798,1.0377,0.73931,0.73806,0.47222,0.82407,0.93519,5.3678
mote20,0,clean,hmc_in_K3|raw,19,99,1.3487,1.8189,1.0521,0.75023,0.74831,0.45455,0.78788,0.92929,5.3541
mote20,0,clean,hmc_in_K3|raw,20,97,1.4048,1.9733,1.1123,0.79,0.78595,0.41237,0.7732,0.93814,5.4431
mote20,0,clean,hmc_in_K3|raw,22,103,1.3756,1.8923,1.071,0.7639,0.7652,0.4466,0.79612,0.93204,5.5615
mote20,0,clean,hmc_in_K3|raw,23,107,1.4222,2.0227,1.1181,0.79548,0.79443,0.42991,0.78505,0.92523,5.6093
mote20,0,clean,hmc_in_K3|raw,24,111,1.4166,2.0069,1.1193,0.7945,0.7922,0.43243,0.77477,0.93694,5.6741
mote20,0,clean,hmc_in_K3|raw,6,102,1.3368,1.7869,1.0552,0.74206,0.73792,0.45098,0.78431,0.93137,4.9082
mote20,0,clean,hmc_in_K3|raw,8,104,1.3833,1.9134,1.0964,0.77178,0.76808,0.42308,0.75,0.92308,4.976
mote20,0,clean,hmc_in_K3|raw,21,100,1.3414,1.7993,1.0497,0.75319,0.74882,0.48,0.79,0.95,5.4747
mote20,0,clean,hmc_in_K3|robust+gate,1,106,1.3349,1.7821,1.0512,0.75381,0.74885,0.41509,0.70755,0.88679,4.171
mote20,0,clean,hmc_in_K3|robust+gate,2,109,1.3219,1.7473,1.0454,0.74693,0.74463,0.38532,0.70642,0.89908,4.1451
mote20,0,clean,hmc_in_K3|robust+gate,3,105,1.3634,1.8589,1.0665,0.76653,0.76133,0.40952,0.69524,0.89524,4.2336
mote20,0,clean,hmc_in_K3|robust+gate,4,108,1.3941,1.9435,1.1087,0.79058,0.78523,0.36111,0.69444,0.87963,4.2409
mote20,0,clean,hmc_in_K3|robust+gate,5,98,1.3454,1.8102,1.0654,0.76103,0.75544,0.41837,0.67347,0.88776,4.2676
mote20,0,clean,hmc_in_K3|robust+gate,7,106,1.3969,1.9512,1.1037,0.79247,0.78692,0.38679,0.67925,0.87736,4.3311
mote20,0,clean,hmc_in_K3|robust+gate,9,105,1.3353,1.7829,1.0536,0.75279,0.74736,0.4,0.69524,0.90476,4.3906
mote20,0,clean,hmc_in_K3|robust+gate,10,109,1.3719,1.882,1.0847,0.77501,0.76948,0.37615,0.68807,0.88991,4.419
mote20,0,clean,hmc_in_K3|robust+gate,11,106,1.3751,1.891,1.0933,0.77967,0.77376,0.35849,0.69811,0.88679,4.4534
mote20,0,clean,hmc_in_K3|robust+gate,12,97,1.3791,1.9018,1.0849,0.77409,0.77094,0.38144,0.71134,0.8866,4.4688
mote20,0,clean,hmc_in_K3|robust+gate,13,107,1.4083,1.9834,1.1043,0.79818,0.79249,0.37383,0.69159,0.8785,4.5296
mote20,0,clean,hmc_in_K3|robust+gate,14,105,1.3614,1.8533,1.0708,0.77085,0.76575,0.39048,0.71429,0.89524,4.5575
mote20,0,clean,hmc_in_K3|robust+gate,15,103,1.4119,1.9934,1.1264,0.80701,0.80003,0.35922,0.68932,0.87379,4.5984
mote20,0,clean,hmc_in_K3|robust+gate,16,109,1.3755,1.8921,1.0843,0.77989,0.77427,0.38532,0.70642,0.88073,4.6407
mote20,0,clean,hmc_in_K3|robust+gate,17,104,1.346,1.8116,1.0616,0.75951,0.75327,0.38462,0.73077,0.89423,4.6863
mote20,0,clean,hmc_in_K3|robust+gate,18,108,1.3498,1.8219,1.0408,0.7526,0.74862,0.41667,0.75,0.88889,4.743
mote20,0,clean,hmc_in_K3|robust+gate,19,99,1.3788,1.9011,1.0701,0.77176,0.76876,0.42424,0.72727,0.87879,4.778
mote20,0,clean,hmc_in_K3|robust+gate,20,97,1.4203,2.0172,1.117,0.80672,0.79981,0.37113,0.71134,0.87629,4.8544
mote20,0,clean,hmc_in_K3|robust+gate,22,103,1.3913,1.9358,1.0752,0.78139,0.77811,0.42718,0.71845,0.8835,4.9651
mote20,0,clean,hmc_in_K3|robust+gate,23,107,1.4376,2.0668,1.1224,0.81349,0.80804,0.38318,0.71028,0.86916,5.025
mote20,0,clean,hmc_in_K3|robust+gate,24,111,1.4329,2.0532,1.1244,0.81265,0.80674,0.38739,0.7027,0.87387,5.0799
mote20,0,clean,hmc_in_K3|robust+gate,6,102,1.3552,1.8365,1.0609,0.75966,0.75413,0.40196,0.73529,0.88235,4.2987
mote20,0,clean,hmc_in_K3|robust+gate,8,104,1.4041,1.9716,1.1027,0.79467,0.78922,0.39423,0.68269,0.86538,4.358
mote20,0,clean,hmc_in_K3|robust+gate,21,100,1.3535,1.832,1.05,0.7638,0.75651,0.41,0.72,0.89,4.9089
mote20,0,clean,hmc_in_K3|robust,1,106,1.3253,1.7565,1.0478,0.75259,0.74823,0.41509,0.70755,0.88679,4.1442
mote20,0,clean,hmc_in_K3|robust,2,109,1.3183,1.7379,1.0441,0.74647,0.74443,0.38532,0.70642,0.89908,4.1344
mote20,0,clean,hmc_in_K3|robust,3,105,1.3536,1.8323,1.0628,0.76523,0.76065,0.40952,0.69524,0.89524,4.2051
mote20,0,clean,hmc_in_K3|robust,4,108,1.3849,1.918,1.1052,0.7893,0.78454,0.36111,0.69444,0.87963,4.213
mote20,0,clean,hmc_in_K3|robust,5,98,1.3383,1.7909,1.0627,0.76006,0.75488,0.41837,0.67347,0.88776,4.2479
mote20,0,clean,hmc_in_K3|robust,7,106,1.3879,1.9263,1.1001,0.79117,0.78617,0.38679,0.67925,0.87736,4.3023
mote20,0,clean,hmc_in_K3|robust,9,105,1.326,1.7584,1.05,0.75147,0.74656,0.4,0.69524,0.90476,4.3615
mote20,0,clean,hmc_in_K3|robust,10,109,1.3633,1.8585,1.0812,0.77374,0.7687,0.37615,0.68807,0.88991,4.391
mote20,0,clean,hmc_in_K3|robust,11,106,1.3663,1.8669,1.0897,0.77836,0.77294,0.35849,0.69811,0.88679,4.4246
mote20,0,clean,hmc_in_K3|robust,12,97,1.3696,1.8758,1.081,0.77266,0.77003,0.38144,0.71134,0.8866,4.4374
mote20,0,clean,hmc_in_K3|robust,13,107,1.3999,1.9598,1.1008,0.79688,0.79165,0.37383,0.69159,0.8785,4.5011
mote20,0,clean,hmc_in_K3|robust,14,105,1.3554,1.8371,1.0683,0.76994,0.76512,0.39048,0.71429,0.89524,4.5395
mote20,0,clean,hmc_in_K3|robust,15,103,1.4061,1.977,1.1239,0.80608,0.79937,0.35922,0.68932,0.87379,4.5802
mote20,0,clean,hmc_in_K3|robust,16,109,1.3699,1.8767,1.082,0.77901,0.77364,0.38532,0.70642,0.88073,4.6236
mote20,0,clean,hmc_in_K3|robust,17,104,1.3401,1.7958,1.0591,0.75859,0.75258,0.38462,0.73077,0.89423,4.6684
mote20,0,clean,hmc_in_K3|robust,18,108,1.3415,1.7996,1.0373,0.7513,0.74769,0.41667,0.75,0.88889,4.7155
mote20,0,clean,hmc_in_K3|robust,19,99,1.37,1.8769,1.0663,0.77034,0.76772,0.42424,0.72727,0.87879,4.7482
mote20,0,clean,hmc_in_K3|robust,20,97,1.4116,1.9925,1.1131,0.80528,0.79875,0.37113,0.71134,0.87629,4.8243
mote20,0,clean,hmc_in_K3|robust,22,103,1.3831,1.9128,1.0715,0.78002,0.77707,0.42718,0.71845,0.8835,4.9375
mote20,0,clean,hmc_in_K3|robust,23,107,1.4298,2.0444,1.1189,0.81218,0.80704,0.38318,0.71028,0.86916,4.9987
mote20,0,clean,hmc_in_K3|robust,24,111,1.4254,2.0316,1.121,0.81138,0.80577,0.38739,0.7027,0.87387,5.055
mote20,0,clean,hmc_in_K3|robust,6,102,1.3455,1.8103,1.0572,0.75831,0.75336,0.40196,0.73529,0.88235,4.2689
mote20,0,clean,hmc_in_K3|robust,8,104,1.3951,1.9463,1.099,0.79334,0.78844,0.39423,0.68269,0.86538,4.3287
mote20,0,clean,hmc_in_K3|robust,21,100,1.3447,1.8081,1.0462,0.7624,0.75546,0.41,0.72,0.89,4.8801
tsnh4,0,clean,hmc_in_K3|raw+gate,1,93,0.30356,0.092151,0.25755,0.18485,0.17336,0.41935,0.83871,1,1.3886
tsnh4,0,clean,hmc_in_K3|raw+gate,2,93,0.29815,0.088895,0.25205,0.18143,0.1715,0.53763,0.83871,1,1.5083
tsnh4,0,clean,hmc_in_K3|raw+gate,3,93,0.31579,0.099723,0.26131,0.1901,0.18076,0.46237,0.84946,1,1.667
tsnh4,0,clean,hmc_in_K3|raw+gate,4,93,0.33176,0.11006,0.27413,0.19844,0.18921,0.46237,0.87097,1,1.7992
tsnh4,0,clean,hmc_in_K3|raw+gate,5,93,0.33971,0.1154,0.27693,0.20226,0.19346,0.47312,0.89247,1,1.8893
tsnh4,0,clean,hmc_in_K3|raw+gate,6,93,0.34113,0.11637,0.28484,0.20717,0.1976,0.47312,0.88172,1,1.9616
tsnh4,0,clean,hmc_in_K3|raw+gate,7,93,0.3692,0.13631,0.30178,0.22242,0.21104,0.45161,0.88172,1,2.0227
tsnh4,0,clean,hmc_in_K3|raw+gate,8,93,0.38853,0.15095,0.30898,0.23058,0.2189,0.44086,0.84946,1,2.0746
tsnh4,0,clean,hmc_in_K3|raw+gate,9,93,0.40284,0.16228,0.32307,0.24028,0.22781,0.39785,0.83871,1,2.1203
tsnh4,0,clean,hmc_in_K3|raw+gate,10,93,0.42393,0.17972,0.32566,0.24591,0.23502,0.44086,0.83871,1,2.1613
tsnh4,0,clean,hmc_in_K3|raw+gate,11,93,0.44193,0.1953,0.33444,0.2532,0.24309,0.45161,0.84946,1,2.1976
tsnh4,0,clean,hmc_in_K3|raw+gate,12,93,0.47198,0.22276,0.3553,0.26545,0.25555,0.45161,0.84946,1,2.23
tsnh4,0,clean,hmc_in_K3|raw+gate,13,93,0.48019,0.23058,0.35344,0.26711,0.25849,0.49462,0.84946,1,2.2593
tsnh4,0,clean,hmc_in_K3|raw+gate,14,93,0.48775,0.2379,0.34501,0.268,0.26098,0.55914,0.86022,1,2.2863
tsnh4,0,clean,hmc_in_K3|raw+gate,15,93,0.50405,0.25407,0.3525,0.27586,0.26934,0.53763,0.86022,0.97849,2.3121
tsnh4,0,clean,hmc_in_K3|raw+gate,16,93,0.52024,0.27065,0.36522,0.28323,0.27656,0.56989,0.84946,0.97849,2.3371
tsnh4,0,clean,hmc_in_K3|raw+gate,17,93,0.53098,0.28194,0.37071,0.28944,0.28234,0.55914,0.84946,0.98925,2.3622
tsnh4,0,clean,hmc_in_K3|raw+gate,18,93,0.53702,0.28839,0.37536,0.29514,0.28643,0.55914,0.84946,1,2.3881
tsnh4,0,clean,hmc_in_K3|raw+gate,19,93,0.56729,0.32182,0.39877,0.31205,0.30166,0.53763,0.8172,0.97849,2.416
tsnh4,0,clean,hmc_in_K3|raw+gate,20,93,0.58414,0.34122,0.408,0.31999,0.30932,0.56989,0.80645,0.96774,2.4466
tsnh4,0,clean,hmc_in_K3|raw+gate,21,93,0.58963,0.34766,0.41037,0.32385,0.31324,0.6129,0.7957,0.98925,2.481
tsnh4,0,clean,hmc_in_K3|raw+gate,22,93,0.59665,0.356,0.40733,0.32322,0.31448,0.65591,0.80645,0.96774,2.5211
tsnh4,0,clean,hmc_in_K3|raw+gate,23,93,0.59875,0.3585,0.4068,0.32361,0.31597,0.65591,0.7957,0.97849,2.5659
tsnh4,0,clean,hmc_in_K3|raw+gate,24,93,0.60793,0.36958,0.42027,0.32702,0.31939,0.64516,0.80645,0.95699,2.6095
tsnh4,0,clean,hmc_in_K3|raw,1,93,0.30356,0.092151,0.25755,0.18485,0.17336,0.41935,0.83871,1,1.3886
tsnh4,0,clean,hmc_in_K3|raw,2,93,0.29815,0.088895,0.25205,0.18143,0.1715,0.53763,0.83871,1,1.5083
tsnh4,0,clean,hmc_in_K3|raw,3,93,0.31579,0.099723,0.26131,0.1901,0.18076,0.46237,0.84946,1,1.667
tsnh4,0,clean,hmc_in_K3|raw,4,93,0.33176,0.11006,0.27413,0.19844,0.18921,0.46237,0.87097,1,1.7992
tsnh4,0,clean,hmc_in_K3|raw,5,93,0.33971,0.1154,0.27693,0.20226,0.19346,0.47312,0.89247,1,1.8893
tsnh4,0,clean,hmc_in_K3|raw,6,93,0.34113,0.11637,0.28484,0.20717,0.1976,0.47312,0.88172,1,1.9616
tsnh4,0,clean,hmc_in_K3|raw,7,93,0.3692,0.13631,0.30178,0.22242,0.21104,0.45161,0.88172,1,2.0227
tsnh4,0,clean,hmc_in_K3|raw,8,93,0.38853,0.15095,0.30898,0.23058,0.2189,0.44086,0.84946,1,2.0746
tsnh4,0,clean,hmc_in_K3|raw,9,93,0.40284,0.16228,0.32307,0.24028,0.22781,0.39785,0.83871,1,2.1203
tsnh4,0,clean,hmc_in_K3|raw,10,93,0.42393,0.17972,0.32566,0.24591,0.23502,0.44086,0.83871,1,2.1613
tsnh4,0,clean,hmc_in_K3|raw,11,93,0.44193,0.1953,0.33444,0.2532,0.24309,0.45161,0.84946,1,2.1976
tsnh4,0,clean,hmc_in_K3|raw,12,93,0.47198,0.22276,0.3553,0.26545,0.25555,0.45161,0.84946,1,2.23
tsnh4,0,clean,hmc_in_K3|raw,13,93,0.48019,0.23058,0.35344,0.26711,0.25849,0.49462,0.84946,1,2.2593
tsnh4,0,clean,hmc_in_K3|raw,14,93,0.48775,0.2379,0.34501,0.268,0.26098,0.55914,0.86022,1,2.2863
tsnh4,0,clean,hmc_in_K3|raw,15,93,0.50405,0.25407,0.3525,0.27586,0.26934,0.53763,0.86022,0.97849,2.3121
tsnh4,0,clean,hmc_in_K3|raw,16,93,0.52024,0.27065,0.36522,0.28323,0.27656,0.56989,0.84946,0.97849,2.3371
tsnh4,0,clean,hmc_in_K3|raw,17,93,0.53098,0.28194,0.37071,0.28944,0.28234,0.55914,0.84946,0.98925,2.3622
tsnh4,0,clean,hmc_in_K3|raw,18,93,0.53702,0.28839,0.37536,0.29514,0.28643,0.55914,0.84946,1,2.3881
tsnh4,0,clean,hmc_in_K3|raw,19,93,0.56729,0.32182,0.39877,0.31205,0.30166,0.53763,0.8172,0.97849,2.416
tsnh4,0,clean,hmc_in_K3|raw,20,93,0.58414,0.34122,0.408,0.31999,0.30932,0.56989,0.80645,0.96774,2.4466
tsnh4,0,clean,hmc_in_K3|raw,21,93,0.58963,0.34766,0.41037,0.32385,0.31324,0.6129,0.7957,0.98925,2.481
tsnh4,0,clean,hmc_in_K3|raw,22,93,0.59665,0.356,0.40733,0.32322,0.31448,0.65591,0.80645,0.96774,2.5211
tsnh4,0,clean,hmc_in_K3|raw,23,93,0.59875,0.3585,0.4068,0.32361,0.31597,0.65591,0.7957,0.97849,2.5659
tsnh4,0,clean,hmc_in_K3|raw,24,93,0.60793,0.36958,0.42027,0.32702,0.31939,0.64516,0.80645,0.95699,2.6095
tsnh4,0,clean,hmc_in_K3|robust+gate,1,93,0.30369,0.092227,0.25814,0.18493,0.17344,0.43011,0.83871,1,1.3857
tsnh4,0,clean,hmc_in_K3|robust+gate,2,93,0.29828,0.088972,0.25265,0.18154,0.17146,0.53763,0.83871,1,1.498
tsnh4,0,clean,hmc_in_K3|robust+gate,3,93,0.31614,0.099945,0.26189,0.19026,0.1807,0.47312,0.83871,1,1.6363
tsnh4,0,clean,hmc_in_K3|robust+gate,4,93,0.33232,0.11044,0.27463,0.19864,0.18915,0.46237,0.87097,1,1.7728
tsnh4,0,clean,hmc_in_K3|robust+gate,5,93,0.34033,0.11582,0.27739,0.2025,0.19338,0.45161,0.89247,1,1.8653
tsnh4,0,clean,hmc_in_K3|robust+gate,6,93,0.34185,0.11686,0.28549,0.2074,0.19749,0.47312,0.87097,1,1.9362
tsnh4,0,clean,hmc_in_K3|robust+gate,7,93,0.37019,0.13704,0.30257,0.22274,0.21104,0.45161,0.87097,1,1.9965
tsnh4,0,clean,hmc_in_K3|robust+gate,8,93,0.38984,0.15197,0.31043,0.231,0.21904,0.44086,0.83871,1,2.0487
tsnh4,0,clean,hmc_in_K3|robust+gate,9,93,0.4041,0.16329,0.3245,0.24076,0.228,0.39785,0.83871,1,2.0941
tsnh4,0,clean,hmc_in_K3|robust+gate,10,93,0.42507,0.18068,0.32665,0.24632,0.2351,0.44086,0.82796,1,2.1348
tsnh4,0,clean,hmc_in_K3|robust+gate,11,93,0.4434,0.1966,0.3352,0.25377,0.24331,0.46237,0.83871,1,2.1718
tsnh4,0,clean,hmc_in_K3|robust+gate,12,93,0.47314,0.22386,0.35569,0.26593,0.25567,0.45161,0.84946,1,2.2051
tsnh4,0,clean,hmc_in_K3|robust+gate,13,93,0.48094,0.2313,0.35351,0.26741,0.25834,0.49462,0.84946,1,2.2353
tsnh4,0,clean,hmc_in_K3|robust+gate,14,93,0.4887,0.23883,0.34501,0.26831,0.26078,0.55914,0.86022,1,2.2629
tsnh4,0,clean,hmc_in_K3|robust+gate,15,93,0.50511,0.25514,0.35272,0.27619,0.26917,0.54839,0.86022,0.97849,2.2886
tsnh4,0,clean,hmc_in_K3|robust+gate,16,93,0.52152,0.27198,0.36556,0.28363,0.27645,0.56989,0.84946,0.97849,2.3132
tsnh4,0,clean,hmc_in_K3|robust+gate,17,93,0.53239,0.28343,0.37165,0.28991,0.28229,0.55914,0.84946,0.97849,2.3372
tsnh4,0,clean,hmc_in_K3|robust+gate,18,93,0.53845,0.28993,0.37684,0.29568,0.28647,0.55914,0.82796,1,2.3613
tsnh4,0,clean,hmc_in_K3|robust+gate,19,93,0.56897,0.32373,0.39948,0.31273,0.30189,0.53763,0.82796,0.97849,2.3862
tsnh4,0,clean,hmc_in_K3|robust+gate,20,93,0.586,0.34339,0.40958,0.32065,0.30959,0.55914,0.80645,0.96774,2.4129
tsnh4,0,clean,hmc_in_K3|robust+gate,21,93,0.59141,0.34977,0.41204,0.32445,0.31345,0.6129,0.7957,0.97849,2.4423
tsnh4,0,clean,hmc_in_K3|robust+gate,22,93,0.59859,0.35831,0.40908,0.32374,0.31457,0.65591,0.80645,0.96774,2.4754
tsnh4,0,clean,hmc_in_K3|robust+gate,23,93,0.60088,0.36105,0.40849,0.32418,0.31611,0.65591,0.7957,0.97849,2.5137
tsnh4,0,clean,hmc_in_K3|robust+gate,24,93,0.60971,0.37175,0.42059,0.3274,0.3193,0.64516,0.80645,0.94624,2.5565
tsnh4,0,clean,hmc_in_K3|robust,1,93,0.30369,0.092227,0.25814,0.18493,0.17344,0.43011,0.83871,1,1.3857
tsnh4,0,clean,hmc_in_K3|robust,2,93,0.29828,0.088972,0.25265,0.18154,0.17146,0.53763,0.83871,1,1.498
tsnh4,0,clean,hmc_in_K3|robust,3,93,0.31614,0.099945,0.26189,0.19026,0.1807,0.47312,0.83871,1,1.6363
tsnh4,0,clean,hmc_in_K3|robust,4,93,0.33232,0.11044,0.27463,0.19864,0.18915,0.46237,0.87097,1,1.7728
tsnh4,0,clean,hmc_in_K3|robust,5,93,0.34033,0.11582,0.27739,0.2025,0.19338,0.45161,0.89247,1,1.8653
tsnh4,0,clean,hmc_in_K3|robust,6,93,0.34185,0.11686,0.28549,0.2074,0.19749,0.47312,0.87097,1,1.9362
tsnh4,0,clean,hmc_in_K3|robust,7,93,0.37019,0.13704,0.30257,0.22274,0.21104,0.45161,0.87097,1,1.9965
tsnh4,0,clean,hmc_in_K3|robust,8,93,0.38984,0.15197,0.31043,0.231,0.21904,0.44086,0.83871,1,2.0487
tsnh4,0,clean,hmc_in_K3|robust,9,93,0.4041,0.16329,0.3245,0.24076,0.228,0.39785,0.83871,1,2.0941
tsnh4,0,clean,hmc_in_K3|robust,10,93,0.42507,0.18068,0.32665,0.24632,0.2351,0.44086,0.82796,1,2.1348
tsnh4,0,clean,hmc_in_K3|robust,11,93,0.4434,0.1966,0.3352,0.25377,0.24331,0.46237,0.83871,1,2.1718
tsnh4,0,clean,hmc_in_K3|robust,12,93,0.47314,0.22386,0.35569,0.26593,0.25567,0.45161,0.84946,1,2.2051
tsnh4,0,clean,hmc_in_K3|robust,13,93,0.48094,0.2313,0.35351,0.26741,0.25834,0.49462,0.84946,1,2.2353
tsnh4,0,clean,hmc_in_K3|robust,14,93,0.4887,0.23883,0.34501,0.26831,0.26078,0.55914,0.86022,1,2.2629
tsnh4,0,clean,hmc_in_K3|robust,15,93,0.50511,0.25514,0.35272,0.27619,0.26917,0.54839,0.86022,0.97849,2.2886
tsnh4,0,clean,hmc_in_K3|robust,16,93,0.52152,0.27198,0.36556,0.28363,0.27645,0.56989,0.84946,0.97849,2.3132
tsnh4,0,clean,hmc_in_K3|robust,17,93,0.53239,0.28343,0.37165,0.28991,0.28229,0.55914,0.84946,0.97849,2.3372
tsnh4,0,clean,hmc_in_K3|robust,18,93,0.53845,0.28993,0.37684,0.29568,0.28647,0.55914,0.82796,1,2.3613
tsnh4,0,clean,hmc_in_K3|robust,19,93,0.56897,0.32373,0.39948,0.31273,0.30189,0.53763,0.82796,0.97849,2.3862
tsnh4,0,clean,hmc_in_K3|robust,20,93,0.586,0.34339,0.40958,0.32065,0.30959,0.55914,0.80645,0.96774,2.4129
tsnh4,0,clean,hmc_in_K3|robust,21,93,0.59141,0.34977,0.41204,0.32445,0.31345,0.6129,0.7957,0.97849,2.4423
tsnh4,0,clean,hmc_in_K3|robust,22,93,0.59859,0.35831,0.40908,0.32374,0.31457,0.65591,0.80645,0.96774,2.4754
tsnh4,0,clean,hmc_in_K3|robust,23,93,0.60088,0.36105,0.40849,0.32418,0.31611,0.65591,0.7957,0.97849,2.5137
tsnh4,0,clean,hmc_in_K3|robust,24,93,0.60971,0.37175,0.42059,0.3274,0.3193,0.64516,0.80645,0.94624,2.5565
aotizhongxin,0.01,spikes_r0.01_k6_s0,hmc_in_K3|raw+gate,1,90,0.7329,0.53714,0.57348,0.41932,0.42506,0.52222,0.78889,0.93333,3.0578
aotizhongxin,0.01,spikes_r0.01_k6_s0,hmc_in_K3|raw+gate,2,89,0.77345,0.59823,0.63142,0.45522,0.45113,0.48315,0.76404,0.92135,3.3308
aotizhongxin,0.01,spikes_r0.01_k6_s0,hmc_in_K3|raw+gate,3,89,0.84321,0.711,0.70019,0.49908,0.48881,0.39326,0.75281,0.92135,3.5018
aotizhongxin,0.01,spikes_r0.01_k6_s0,hmc_in_K3|raw+gate,4,90,0.93836,0.88052,0.80351,0.55703,0.542,0.35556,0.73333,0.91111,3.6013
aotizhongxin,0.01,spikes_r0.01_k6_s0,hmc_in_K3|raw+gate,5,88,1.0619,1.1277,0.90268,0.62691,0.6084,0.34091,0.63636,0.89773,3.6723
aotizhongxin,0.01,spikes_r0.01_k6_s0,hmc_in_K3|raw+gate,6,90,1.1066,1.2246,0.92611,0.64951,0.63241,0.4,0.64444,0.88889,3.7181
aotizhongxin,0.01,spikes_r0.01_k6_s0,hmc_in_K3|raw+gate,7,91,1.1551,1.3343,0.98257,0.68105,0.6639,0.30769,0.61538,0.89011,3.7516
aotizhongxin,0.01,spikes_r0.01_k6_s0,hmc_in_K3|raw+gate,8,90,1.1816,1.3963,0.9997,0.69206,0.67895,0.35556,0.58889,0.88889,3.7798
aotizhongxin,0.01,spikes_r0.01_k6_s0,hmc_in_K3|raw+gate,9,90,1.1557,1.3357,0.99644,0.67432,0.66666,0.34444,0.63333,0.91111,3.8019
aotizhongxin,0.01,spikes_r0.01_k6_s0,hmc_in_K3|raw+gate,10,89,1.1651,1.3576,1.0019,0.67889,0.67351,0.34831,0.64045,0.91011,3.8212
aotizhongxin,0.01,spikes_r0.01_k6_s0,hmc_in_K3|raw+gate,11,90,1.1448,1.3106,0.95772,0.66306,0.65883,0.34444,0.67778,0.91111,3.8343
aotizhongxin,0.01,spikes_r0.01_k6_s0,hmc_in_K3|raw+gate,12,90,1.1581,1.3413,0.97778,0.66424,0.66237,0.32222,0.7,0.88889,3.8464
aotizhongxin,0.01,spikes_r0.01_k6_s0,hmc_in_K3|raw+gate,13,91,1.0898,1.1876,0.92284,0.62421,0.62769,0.41758,0.73626,0.92308,3.8559
aotizhongxin,0.01,spikes_r0.01_k6_s0,hmc_in_K3|raw+gate,14,90,1.1106,1.2334,0.92542,0.63246,0.63521,0.45556,0.73333,0.9,3.8648
aotizhongxin,0.01,spikes_r0.01_k6_s0,hmc_in_K3|raw+gate,15,91,1.0867,1.181,0.91904,0.62262,0.62565,0.40659,0.75824,0.91209,3.8713
aotizhongxin,0.01,spikes_r0.01_k6_s0,hmc_in_K3|raw+gate,16,91,1.1154,1.2442,0.92481,0.63699,0.63841,0.43956,0.72527,0.9011,3.8773
aotizhongxin,0.01,spikes_r0.01_k6_s0,hmc_in_K3|raw+gate,17,90,1.067,1.1386,0.88166,0.61195,0.61081,0.5,0.78889,0.92222,3.8831
aotizhongxin,0.01,spikes_r0.01_k6_s0,hmc_in_K3|raw+gate,18,90,1.0777,1.1614,0.89334,0.62104,0.61855,0.5,0.78889,0.93333,3.8873
aotizhongxin,0.01,spikes_r0.01_k6_s0,hmc_in_K3|raw+gate,19,90,1.1032,1.217,0.9464,0.63996,0.63951,0.43333,0.72222,0.94444,3.8894
aotizhongxin,0.01,spikes_r0.01_k6_s0,hmc_in_K3|raw+gate,20,91,1.1588,1.3427,0.97873,0.67049,0.66814,0.42857,0.73626,0.91209,3.8932
aotizhongxin,0.01,spikes_r0.01_k6_s0,hmc_in_K3|raw+gate,21,90,1.0824,1.1715,0.93607,0.6309,0.62968,0.43333,0.8,0.97778,3.8965
aotizhongxin,0.01,spikes_r0.01_k6_s0,hmc_in_K3|raw+gate,22,89,1.2026,1.4462,1.0011,0.69569,0.69138,0.44944,0.75281,0.93258,3.8992
aotizhongxin,0.01,spikes_r0.01_k6_s0,hmc_in_K3|raw+gate,23,88,1.1741,1.3785,0.99342,0.68345,0.6797,0.39773,0.69318,0.95455,3.9005
aotizhongxin,0.01,spikes_r0.01_k6_s0,hmc_in_K3|raw+gate,24,90,1.2208,1.4903,1.0153,0.70348,0.69857,0.42222,0.68889,0.88889,3.902
aotizhongxin,0.01,spikes_r0.01_k6_s0,hmc_in_K3|raw,1,90,0.7329,0.53714,0.57348,0.41932,0.42506,0.52222,0.78889,0.93333,3.0578
aotizhongxin,0.01,spikes_r0.01_k6_s0,hmc_in_K3|raw,2,89,0.77345,0.59823,0.63142,0.45522,0.45113,0.48315,0.76404,0.92135,3.3308
aotizhongxin,0.01,spikes_r0.01_k6_s0,hmc_in_K3|raw,3,89,0.84321,0.711,0.70019,0.49908,0.48881,0.39326,0.75281,0.92135,3.5018
aotizhongxin,0.01,spikes_r0.01_k6_s0,hmc_in_K3|raw,4,90,0.93836,0.88052,0.80351,0.55703,0.542,0.35556,0.73333,0.91111,3.6013
aotizhongxin,0.01,spikes_r0.01_k6_s0,hmc_in_K3|raw,5,88,1.0619,1.1277,0.90268,0.62691,0.6084,0.34091,0.63636,0.89773,3.6723
aotizhongxin,0.01,spikes_r0.01_k6_s0,hmc_in_K3|raw,6,90,1.1066,1.2246,0.92611,0.64951,0.63241,0.4,0.64444,0.88889,3.7181
aotizhongxin,0.01,spikes_r0.01_k6_s0,hmc_in_K3|raw,7,91,1.1551,1.3343,0.98257,0.68105,0.6639,0.30769,0.61538,0.89011,3.7516
aotizhongxin,0.01,spikes_r0.01_k6_s0,hmc_in_K3|raw,8,90,1.1816,1.3963,0.9997,0.69206,0.67895,0.35556,0.58889,0.88889,3.7798
aotizhongxin,0.01,spikes_r0.01_k6_s0,hmc_in_K3|raw,9,90,1.1557,1.3357,0.99644,0.67432,0.66666,0.34444,0.63333,0.91111,3.8019
aotizhongxin,0.01,spikes_r0.01_k6_s0,hmc_in_K3|raw,10,89,1.1651,1.3576,1.0019,0.67889,0.67351,0.34831,0.64045,0.91011,3.8212
aotizhongxin,0.01,spikes_r0.01_k6_s0,hmc_in_K3|raw,11,90,1.1448,1.3106,0.95772,0.66306,0.65883,0.34444,0.67778,0.91111,3.8343
aotizhongxin,0.01,spikes_r0.01_k6_s0,hmc_in_K3|raw,12,90,1.1581,1.3413,0.97778,0.66424,0.66237,0.32222,0.7,0.88889,3.8464
aotizhongxin,0.01,spikes_r0.01_k6_s0,hmc_in_K3|raw,13,91,1.0898,1.1876,0.92284,0.62421,0.62769,0.41758,0.73626,0.92308,3.8559
aotizhongxin,0.01,spikes_r0.01_k6_s0,hmc_in_K3|raw,14,90,1.1106,1.2334,0.92542,0.63246,0.63521,0.45556,0.73333,0.9,3.8648
aotizhongxin,0.01,spikes_r0.01_k6_s0,hmc_in_K3|raw,15,91,1.0867,1.181,0.91904,0.62262,0.62565,0.40659,0.75824,0.91209,3.8713
aotizhongxin,0.01,spikes_r0.01_k6_s0,hmc_in_K3|raw,16,91,1.1154,1.2442,0.92481,0.63699,0.63841,0.43956,0.72527,0.9011,3.8773
aotizhongxin,0.01,spikes_r0.01_k6_s0,hmc_in_K3|raw,17,90,1.067,1.1386,0.88166,0.61195,0.61081,0.5,0.78889,0.92222,3.8831
aotizhongxin,0.01,spikes_r0.01_k6_s0,hmc_in_K3|raw,18,90,1.0777,1.1614,0.89334,0.62104,0.61855,0.5,0.78889,0.93333,3.8873
aotizhongxin,0.01,spikes_r0.01_k6_s0,hmc_in_K3|raw,19,90,1.1032,1.217,0.9464,0.63996,0.63951,0.43333,0.72222,0.94444,3.8894
aotizhongxin,0.01,spikes_r0.01_k6_s0,hmc_in_K3|raw,20,91,1.1588,1.3427,0.97873,0.67049,0.66814,0.42857,0.73626,0.91209,3.8932
aotizhongxin,0.01,spikes_r0.01_k6_s0,hmc_in_K3|raw,21,90,1.0824,1.1715,0.93607,0.6309,0.62968,0.43333,0.8,0.97778,3.8965
aotizhongxin,0.01,spikes_r0.01_k6_s0,hmc_in_K3|raw,22,89,1.2026,1.4462,1.0011,0.69569,0.69138,0.44944,0.75281,0.93258,3.8992
aotizhongxin,0.01,spikes_r0.01_k6_s0,hmc_in_K3|raw,23,88,1.1741,1.3785,0.99342,0.68345,0.6797,0.39773,0.69318,0.95455,3.9005
aotizhongxin,0.01,spikes_r0.01_k6_s0,hmc_in_K3|raw,24,90,1.2208,1.4903,1.0153,0.70348,0.69857,0.42222,0.68889,0.88889,3.902
aotizhongxin,0.01,spikes_r0.01_k6_s0,hmc_in_K3|robust+gate,1,90,0.73334,0.53779,0.57392,0.41957,0.42521,0.52222,0.78889,0.93333,3.0531
aotizhongxin,0.01,spikes_r0.01_k6_s0,hmc_in_K3|robust+gate,2,89,0.77387,0.59888,0.63187,0.45543,0.45121,0.47191,0.76404,0.92135,3.3237
aotizhongxin,0.01,spikes_r0.01_k6_s0,hmc_in_K3|robust+gate,3,89,0.84345,0.71141,0.7003,0.49928,0.48881,0.39326,0.75281,0.92135,3.4956
aotizhongxin,0.01,spikes_r0.01_k6_s0,hmc_in_K3|robust+gate,4,90,0.93843,0.88065,0.8034,0.55722,0.54194,0.35556,0.73333,0.91111,3.5958
aotizhongxin,0.01,spikes_r0.01_k6_s0,hmc_in_K3|robust+gate,5,88,1.062,1.1278,0.9024,0.62718,0.60837,0.34091,0.63636,0.89773,3.6672
aotizhongxin,0.01,spikes_r0.01_k6_s0,hmc_in_K3|robust+gate,6,90,1.1066,1.2246,0.92588,0.64976,0.63234,0.37778,0.64444,0.88889,3.7133
aotizhongxin,0.01,spikes_r0.01_k6_s0,hmc_in_K3|robust+gate,7,91,1.155,1.3341,0.98238,0.68131,0.66382,0.30769,0.61538,0.89011,3.7471
aotizhongxin,0.01,spikes_r0.01_k6_s0,hmc_in_K3|robust+gate,8,90,1.1816,1.3961,0.99946,0.69227,0.67885,0.35556,0.58889,0.88889,3.7755
aotizhongxin,0.01,spikes_r0.01_k6_s0,hmc_in_K3|robust+gate,9,90,1.1558,1.3358,0.99634,0.67464,0.66663,0.34444,0.63333,0.91111,3.7978
aotizhongxin,0.01,spikes_r0.01_k6_s0,hmc_in_K3|robust+gate,10,89,1.1652,1.3576,1.0017,0.67916,0.67345,0.33708,0.62921,0.91011,3.8173
aotizhongxin,0.01,spikes_r0.01_k6_s0,hmc_in_K3|robust+gate,11,90,1.1447,1.3103,0.9572,0.66316,0.65869,0.34444,0.67778,0.91111,3.8306
aotizhongxin,0.01,spikes_r0.01_k6_s0,hmc_in_K3|robust+gate,12,90,1.1577,1.3403,0.97719,0.66413,0.66208,0.32222,0.7,0.88889,3.8428
aotizhongxin,0.01,spikes_r0.01_k6_s0,hmc_in_K3|robust+gate,13,91,1.0892,1.1863,0.92196,0.62391,0.62727,0.41758,0.73626,0.92308,3.8524
aotizhongxin,0.01,spikes_r0.01_k6_s0,hmc_in_K3|robust+gate,14,90,1.1099,1.232,0.92448,0.63208,0.63477,0.45556,0.71111,0.9,3.8615
aotizhongxin,0.01,spikes_r0.01_k6_s0,hmc_in_K3|robust+gate,15,91,1.0859,1.1792,0.91823,0.62209,0.62511,0.41758,0.75824,0.91209,3.8681
aotizhongxin,0.01,spikes_r0.01_k6_s0,hmc_in_K3|robust+gate,16,91,1.1147,1.2425,0.92403,0.6365,0.63792,0.43956,0.72527,0.9011,3.8742
aotizhongxin,0.01,spikes_r0.01_k6_s0,hmc_in_K3|robust+gate,17,90,1.0664,1.1371,0.881,0.61158,0.61042,0.5,0.78889,0.92222,3.8801
aotizhongxin,0.01,spikes_r0.01_k6_s0,hmc_in_K3|robust+gate,18,90,1.0772,1.1604,0.89279,0.62088,0.6183,0.5,0.78889,0.93333,3.8844
aotizhongxin,0.01,spikes_r0.01_k6_s0,hmc_in_K3|robust+gate,19,90,1.1028,1.2161,0.9457,0.63972,0.63925,0.43333,0.72222,0.94444,3.8866
aotizhongxin,0.01,spikes_r0.01_k6_s0,hmc_in_K3|robust+gate,20,91,1.1583,1.3417,0.97831,0.67027,0.66789,0.41758,0.73626,0.91209,3.8905
aotizhongxin,0.01,spikes_r0.01_k6_s0,hmc_in_K3|robust+gate,21,90,1.0822,1.1711,0.93579,0.63081,0.62956,0.43333,0.8,0.97778,3.8938
aotizhongxin,0.01,spikes_r0.01_k6_s0,hmc_in_K3|robust+gate,22,89,1.2024,1.4458,1.0009,0.6957,0.69133,0.44944,0.75281,0.93258,3.8967
aotizhongxin,0.01,spikes_r0.01_k6_s0,hmc_in_K3|robust+gate,23,88,1.1741,1.3785,0.99325,0.68355,0.67973,0.39773,0.69318,0.95455,3.8979
aotizhongxin,0.01,spikes_r0.01_k6_s0,hmc_in_K3|robust+gate,24,90,1.2208,1.4903,1.0153,0.70362,0.69861,0.42222,0.68889,0.88889,3.8995
aotizhongxin,0.01,spikes_r0.01_k6_s0,hmc_in_K3|robust,1,90,0.73334,0.53779,0.57392,0.41957,0.42521,0.52222,0.78889,0.93333,3.0531
aotizhongxin,0.01,spikes_r0.01_k6_s0,hmc_in_K3|robust,2,89,0.77387,0.59888,0.63187,0.45543,0.45121,0.47191,0.76404,0.92135,3.3237
aotizhongxin,0.01,spikes_r0.01_k6_s0,hmc_in_K3|robust,3,89,0.84345,0.71141,0.7003,0.49928,0.48881,0.39326,0.75281,0.92135,3.4956
aotizhongxin,0.01,spikes_r0.01_k6_s0,hmc_in_K3|robust,4,90,0.93843,0.88065,0.8034,0.55722,0.54194,0.35556,0.73333,0.91111,3.5958
aotizhongxin,0.01,spikes_r0.01_k6_s0,hmc_in_K3|robust,5,88,1.062,1.1278,0.9024,0.62718,0.60837,0.34091,0.63636,0.89773,3.6672
aotizhongxin,0.01,spikes_r0.01_k6_s0,hmc_in_K3|robust,6,90,1.1066,1.2246,0.92588,0.64976,0.63234,0.37778,0.64444,0.88889,3.7133
aotizhongxin,0.01,spikes_r0.01_k6_s0,hmc_in_K3|robust,7,91,1.155,1.3341,0.98238,0.68131,0.66382,0.30769,0.61538,0.89011,3.7471
aotizhongxin,0.01,spikes_r0.01_k6_s0,hmc_in_K3|robust,8,90,1.1816,1.3961,0.99946,0.69227,0.67885,0.35556,0.58889,0.88889,3.7755
aotizhongxin,0.01,spikes_r0.01_k6_s0,hmc_in_K3|robust,9,90,1.1558,1.3358,0.99634,0.67464,0.66663,0.34444,0.63333,0.91111,3.7978
aotizhongxin,0.01,spikes_r0.01_k6_s0,hmc_in_K3|robust,10,89,1.1652,1.3576,1.0017,0.67916,0.67345,0.33708,0.62921,0.91011,3.8173
aotizhongxin,0.01,spikes_r0.01_k6_s0,hmc_in_K3|robust,11,90,1.1447,1.3103,0.9572,0.66316,0.65869,0.34444,0.67778,0.91111,3.8306
aotizhongxin,0.01,spikes_r0.01_k6_s0,hmc_in_K3|robust,12,90,1.1577,1.3403,0.97719,0.66413,0.66208,0.32222,0.7,0.88889,3.8428
aotizhongxin,0.01,spikes_r0.01_k6_s0,hmc_in_K3|robust,13,91,1.0892,1.1863,0.92196,0.62391,0.62727,0.41758,0.73626,0.92308,3.8524
aotizhongxin,0.01,spikes_r0.01_k6_s0,hmc_in_K3|robust,14,90,1.1099,1.232,0.92448,0.63208,0.63477,0.45556,0.71111,0.9,3.8615
aotizhongxin,0.01,spikes_r0.01_k6_s0,hmc_in_K3|robust,15,91,1.0859,1.1792,0.91823,0.62209,0.62511,0.41758,0.75824,0.91209,3.8681
aotizhongxin,0.01,spikes_r0.01_k6_s0,hmc_in_K3|robust,16,91,1.1147,1.2425,0.92403,0.6365,0.63792,0.43956,0.72527,0.9011,3.8742
aotizhongxin,0.01,spikes_r0.01_k6_s0,hmc_in_K3|robust,17,90,1.0664,1.1371,0.881,0.61158,0.61042,0.5,0.78889,0.92222,3.8801
aotizhongxin,0.01,spikes_r0.01_k6_s0,hmc_in_K3|robust,18,90,1.0772,1.1604,0.89279,0.62088,0.6183,0.5,0.78889,0.93333,3.8844
aotizhongxin,0.01,spikes_r0.01_k6_s0,hmc_in_K3|robust,19,90,1.1028,1.2161,0.9457,0.63972,0.63925,0.43333,0.72222,0.94444,3.8866
aotizhongxin,0.01,spikes_r0.01_k6_s0,hmc_in_K3|robust,20,91,1.1583,1.3417,0.97831,0.67027,0.66789,0.41758,0.73626,0.91209,3.8905
aotizhongxin,0.01,spikes_r0.01_k6_s0,hmc_in_K3|robust,21,90,1.0822,1.1711,0.93579,0.63081,0.62956,0.43333,0.8,0.97778,3.8938
aotizhongxin,0.01,spikes_r0.01_k6_s0,hmc_in_K3|robust,22,89,1.2024,1.4458,1.0009,0.6957,0.69133,0.44944,0.75281,0.93258,3.8967
aotizhongxin,0.01,spikes_r0.01_k6_s0,hmc_in_K3|robust,23,88,1.1741,1.3785,0.99325,0.68355,0.67973,0.39773,0.69318,0.95455,3.8979
aotizhongxin,0.01,spikes_r0.01_k6_s0,hmc_in_K3|robust,24,90,1.2208,1.4903,1.0153,0.70362,0.69861,0.42222,0.68889,0.88889,3.8995
aotizhongxin,0.01,spikes_r0.01_k6_s0,hmc_in_K3|hampel+gate,1,90,0.59166,0.35006,0.47751,0.33459,0.33218,0.41111,0.75556,0.92222,2.3573
aotizhongxin,0.01,spikes_r0.01_k6_s0,hmc_in_K3|hampel+gate,2,89,0.71072,0.50513,0.57498,0.40468,0.404,0.32584,0.73034,0.91011,2.6485
aotizhongxin,0.01,spikes_r0.01_k6_s0,hmc_in_K3|hampel+gate,3,89,0.80141,0.64226,0.64767,0.4502,0.45398,0.39326,0.68539,0.86517,2.8119
aotizhongxin,0.01,spikes_r0.01_k6_s0,hmc_in_K3|hampel+gate,4,90,0.90304,0.81549,0.74641,0.51365,0.51916,0.34444,0.63333,0.84444,2.9322
aotizhongxin,0.01,spikes_r0.01_k6_s0,hmc_in_K3|hampel+gate,5,88,1.0352,1.0717,0.86188,0.59346,0.60229,0.26136,0.61364,0.81818,3.0578
aotizhongxin,0.01,spikes_r0.01_k6_s0,hmc_in_K3|hampel+gate,6,90,1.0886,1.1851,0.90614,0.62573,0.63584,0.26667,0.61111,0.8,3.1349
aotizhongxin,0.01,spikes_r0.01_k6_s0,hmc_in_K3|hampel+gate,7,91,1.114,1.241,0.95833,0.65156,0.66299,0.27473,0.57143,0.83516,3.2372
aotizhongxin,0.01,spikes_r0.01_k6_s0,hmc_in_K3|hampel+gate,8,90,1.1546,1.3331,0.98004,0.67358,0.68501,0.27778,0.56667,0.84444,3.3388
aotizhongxin,0.01,spikes_r0.01_k6_s0,hmc_in_K3|hampel+gate,9,90,1.1433,1.307,0.98824,0.6618,0.67743,0.26667,0.55556,0.87778,3.4187
aotizhongxin,0.01,spikes_r0.01_k6_s0,hmc_in_K3|hampel+gate,10,89,1.1511,1.3251,1.0056,0.6691,0.68452,0.23596,0.58427,0.86517,3.4778
aotizhongxin,0.01,spikes_r0.01_k6_s0,hmc_in_K3|hampel+gate,11,90,1.1166,1.2468,0.9376,0.63905,0.65257,0.34444,0.57778,0.87778,3.5263
aotizhongxin,0.01,spikes_r0.01_k6_s0,hmc_in_K3|hampel+gate,12,90,1.1157,1.2449,0.93501,0.6335,0.64472,0.33333,0.64444,0.87778,3.5643
aotizhongxin,0.01,spikes_r0.01_k6_s0,hmc_in_K3|hampel+gate,13,91,1.0376,1.0766,0.87403,0.5916,0.60081,0.36264,0.71429,0.9011,3.5941
aotizhongxin,0.01,spikes_r0.01_k6_s0,hmc_in_K3|hampel+gate,14,90,1.0619,1.1276,0.87944,0.60775,0.61216,0.38889,0.73333,0.88889,3.6217
aotizhongxin,0.01,spikes_r0.01_k6_s0,hmc_in_K3|hampel+gate,15,91,1.0352,1.0716,0.87927,0.59518,0.59943,0.37363,0.74725,0.9011,3.6424
aotizhongxin,0.01,spikes_r0.01_k6_s0,hmc_in_K3|hampel+gate,16,91,1.071,1.147,0.89517,0.61389,0.61652,0.40659,0.75824,0.9011,3.6614
aotizhongxin,0.01,spikes_r0.01_k6_s0,hmc_in_K3|hampel+gate,17,90,1.0317,1.0645,0.85208,0.59361,0.59125,0.44444,0.76667,0.88889,3.6787
aotizhongxin,0.01,spikes_r0.01_k6_s0,hmc_in_K3|hampel+gate,18,90,1.0443,1.0907,0.86953,0.60284,0.60212,0.41111,0.75556,0.91111,3.694
aotizhongxin,0.01,spikes_r0.01_k6_s0,hmc_in_K3|hampel+gate,19,90,1.0681,1.1408,0.89996,0.62253,0.62252,0.4,0.73333,0.93333,3.703
aotizhongxin,0.01,spikes_r0.01_k6_s0,hmc_in_K3|hampel+gate,20,91,1.1173,1.2484,0.95166,0.6538,0.65413,0.35165,0.71429,0.91209,3.7148
aotizhongxin,0.01,spikes_r0.01_k6_s0,hmc_in_K3|hampel+gate,21,90,1.0501,1.1026,0.90987,0.61886,0.61663,0.38889,0.72222,0.96667,3.7261
aotizhongxin,0.01,spikes_r0.01_k6_s0,hmc_in_K3|hampel+gate,22,89,1.1725,1.3748,0.99103,0.69069,0.68682,0.33708,0.74157,0.89888,3.736
aotizhongxin,0.01,spikes_r0.01_k6_s0,hmc_in_K3|hampel+gate,23,88,1.1595,1.3445,0.99834,0.68477,0.6842,0.38636,0.71591,0.90909,3.7423
aotizhongxin,0.01,spikes_r0.01_k6_s0,hmc_in_K3|hampel+gate,24,90,1.2078,1.4587,1.0236,0.70898,0.70864,0.37778,0.71111,0.88889,3.7479
mote20,0,raw,hmc_in_K3|raw+gate,1,106,1.3029,1.6974,1.0342,0.72833,0.72437,0.45283,0.74528,0.9434,4.7365
mote20,0,raw,hmc_in_K3|raw+gate,2,109,1.288,1.659,1.0262,0.72059,0.7171,0.44037,0.74312,0.94495,4.7219
mote20,0,raw,hmc_in_K3|raw+gate,3,105,1.3243,1.7537,1.0384,0.73725,0.7337,0.46667,0.77143,0.93333,4.901
mote20,0,raw,hmc_in_K3|raw+gate,4,108,1.363,1.8578,1.0945,0.765,0.75999,0.42593,0.72222,0.92593,4.8321
mote20,0,raw,hmc_in_K3|raw+gate,5,98,1.3015,1.6938,1.028,0.72502,0.72222,0.46939,0.7551,0.93878,4.8509
mote20,0,raw,hmc_in_K3|raw+gate,7,106,1.361,1.8524,1.0827,0.76142,0.75718,0.42453,0.73585,0.92453,4.9168
mote20,0,raw,hmc_in_K3|raw+gate,9,105,1.3002,1.6906,1.0389,0.72773,0.72404,0.4381,0.7619,0.94286,4.9746
mote20,0,raw,hmc_in_K3|raw+gate,10,109,1.3395,1.7942,1.0671,0.74801,0.74493,0.44037,0.73394,0.92661,4.9893
mote20,0,raw,hmc_in_K3|raw+gate,11,106,1.3302,1.7694,1.0546,0.74484,0.74182,0.4434,0.71698,0.93396,5.0472
mote20,0,raw,hmc_in_K3|raw+gate,12,97,1.337,1.7876,1.058,0.7486,0.74475,0.4433,0.72165,0.92784,5.0887
mote20,0,raw,hmc_in_K3|raw+gate,13,107,1.3684,1.8725,1.0841,0.76735,0.76324,0.42991,0.70093,0.92523,5.1195
mote20,0,raw,hmc_in_K3|raw+gate,14,105,1.3197,1.7417,1.0426,0.73841,0.73688,0.4381,0.75238,0.94286,5.192
mote20,0,raw,hmc_in_K3|raw+gate,15,103,1.3772,1.8967,1.1096,0.78218,0.77569,0.40777,0.70874,0.93204,5.329
mote20,0,raw,hmc_in_K3|raw+gate,16,109,1.3351,1.7824,1.0595,0.75013,0.74707,0.43119,0.74312,0.93578,5.3278
mote20,0,raw,hmc_in_K3|raw+gate,17,104,1.3114,1.7198,1.0382,0.73869,0.73375,0.43269,0.76923,0.93269,5.3993
mote20,0,raw,hmc_in_K3|raw+gate,18,108,1.3147,1.7285,1.024,0.73118,0.7301,0.46296,0.78704,0.93519,5.4633
mote20,0,raw,hmc_in_K3|raw+gate,19,99,1.3292,1.7667,1.0436,0.74527,0.74248,0.43434,0.76768,0.92929,5.5398
mote20,0,raw,hmc_in_K3|raw+gate,20,97,1.3684,1.8724,1.076,0.76542,0.76488,0.4433,0.75258,0.93814,5.6466
mote20,0,raw,hmc_in_K3|raw+gate,22,103,1.355,1.8361,1.0658,0.7601,0.75835,0.41748,0.76699,0.93204,5.7723
mote20,0,raw,hmc_in_K3|raw+gate,23,107,1.3999,1.9597,1.1112,0.78772,0.78415,0.41121,0.74766,0.93458,5.8689
mote20,0,raw,hmc_in_K3|raw+gate,24,111,1.3887,1.9285,1.1013,0.78169,0.77942,0.41441,0.76577,0.94595,5.9478
mote20,0,raw,hmc_in_K3|raw+gate,6,102,1.3276,1.7626,1.0476,0.73973,0.73472,0.46078,0.7451,0.93137,4.8764
mote20,0,raw,hmc_in_K3|raw+gate,8,104,1.367,1.8686,1.0798,0.76037,0.75772,0.45192,0.73077,0.92308,4.9008
mote20,0,raw,hmc_in_K3|raw+gate,21,100,1.3157,1.7311,1.037,0.74536,0.73932,0.47,0.77,0.95,5.7299
mote20,0,raw,hmc_in_K3|raw,1,106,1.3029,1.6974,1.0342,0.72833,0.72437,0.45283,0.74528,0.9434,4.7365
mote20,0,raw,hmc_in_K3|raw,2,109,1.288,1.659,1.0262,0.72059,0.7171,0.44037,0.74312,0.94495,4.7219
mote20,0,raw,hmc_in_K3|raw,3,105,1.3243,1.7537,1.0384,0.73725,0.7337,0.46667,0.77143,0.93333,4.901
mote20,0,raw,hmc_in_K3|raw,4,108,1.363,1.8578,1.0945,0.765,0.75999,0.42593,0.72222,0.92593,4.8321
mote20,0,raw,hmc_in_K3|raw,5,98,1.3015,1.6938,1.028,0.72502,0.72222,0.46939,0.7551,0.93878,4.8509
mote20,0,raw,hmc_in_K3|raw,7,106,1.361,1.8524,1.0827,0.76142,0.75718,0.42453,0.73585,0.92453,4.9168
mote20,0,raw,hmc_in_K3|raw,9,105,1.3002,1.6906,1.0389,0.72773,0.72404,0.4381,0.7619,0.94286,4.9746
mote20,0,raw,hmc_in_K3|raw,10,109,1.3395,1.7942,1.0671,0.74801,0.74493,0.44037,0.73394,0.92661,4.9893
mote20,0,raw,hmc_in_K3|raw,11,106,1.3302,1.7694,1.0546,0.74484,0.74182,0.4434,0.71698,0.93396,5.0472
mote20,0,raw,hmc_in_K3|raw,12,97,1.337,1.7876,1.058,0.7486,0.74475,0.4433,0.72165,0.92784,5.0887
mote20,0,raw,hmc_in_K3|raw,13,107,1.3684,1.8725,1.0841,0.76735,0.76324,0.42991,0.70093,0.92523,5.1195
mote20,0,raw,hmc_in_K3|raw,14,105,1.3197,1.7417,1.0426,0.73841,0.73688,0.4381,0.75238,0.94286,5.192
mote20,0,raw,hmc_in_K3|raw,15,103,1.3772,1.8967,1.1096,0.78218,0.77569,0.40777,0.70874,0.93204,5.329
mote20,0,raw,hmc_in_K3|raw,16,109,1.3351,1.7824,1.0595,0.75013,0.74707,0.43119,0.74312,0.93578,5.3278
mote20,0,raw,hmc_in_K3|raw,17,104,1.3114,1.7198,1.0382,0.73869,0.73375,0.43269,0.76923,0.93269,5.3993
mote20,0,raw,hmc_in_K3|raw,18,108,1.3147,1.7285,1.024,0.73118,0.7301,0.46296,0.78704,0.93519,5.4633
mote20,0,raw,hmc_in_K3|raw,19,99,1.3292,1.7667,1.0436,0.74527,0.74248,0.43434,0.76768,0.92929,5.5398
mote20,0,raw,hmc_in_K3|raw,20,97,1.3684,1.8724,1.076,0.76542,0.76488,0.4433,0.75258,0.93814,5.6466
mote20,0,raw,hmc_in_K3|raw,22,103,1.355,1.8361,1.0658,0.7601,0.75835,0.41748,0.76699,0.93204,5.7723
mote20,0,raw,hmc_in_K3|raw,23,107,1.3999,1.9597,1.1112,0.78772,0.78415,0.41121,0.74766,0.93458,5.8689
mote20,0,raw,hmc_in_K3|raw,24,111,1.3887,1.9285,1.1013,0.78169,0.77942,0.41441,0.76577,0.94595,5.9478
mote20,0,raw,hmc_in_K3|raw,6,102,1.3276,1.7626,1.0476,0.73973,0.73472,0.46078,0.7451,0.93137,4.8764
mote20,0,raw,hmc_in_K3|raw,8,104,1.367,1.8686,1.0798,0.76037,0.75772,0.45192,0.73077,0.92308,4.9008
mote20,0,raw,hmc_in_K3|raw,21,100,1.3157,1.7311,1.037,0.74536,0.73932,0.47,0.77,0.95,5.7299
mote20,0,raw,hmc_in_K3|robust+gate,1,106,1.3349,1.7821,1.0512,0.75381,0.74885,0.41509,0.70755,0.88679,4.171
mote20,0,raw,hmc_in_K3|robust+gate,2,109,1.3219,1.7473,1.0454,0.74693,0.74463,0.38532,0.70642,0.89908,4.1451
mote20,0,raw,hmc_in_K3|robust+gate,3,105,1.3634,1.8589,1.0665,0.76653,0.76133,0.40952,0.69524,0.89524,4.2336
mote20,0,raw,hmc_in_K3|robust+gate,4,108,1.3941,1.9435,1.1087,0.79058,0.78523,0.36111,0.69444,0.87963,4.2409
mote20,0,raw,hmc_in_K3|robust+gate,5,98,1.3454,1.8102,1.0654,0.76103,0.75544,0.41837,0.67347,0.88776,4.2676
mote20,0,raw,hmc_in_K3|robust+gate,7,106,1.3969,1.9512,1.1037,0.79247,0.78692,0.38679,0.67925,0.87736,4.3311
mote20,0,raw,hmc_in_K3|robust+gate,9,105,1.3353,1.7829,1.0536,0.75279,0.74736,0.4,0.69524,0.90476,4.3906
mote20,0,raw,hmc_in_K3|robust+gate,10,109,1.3719,1.882,1.0847,0.77501,0.76948,0.37615,0.68807,0.88991,4.419
mote20,0,raw,hmc_in_K3|robust+gate,11,106,1.3751,1.891,1.0933,0.77967,0.77376,0.35849,0.69811,0.88679,4.4534
mote20,0,raw,hmc_in_K3|robust+gate,12,97,1.3791,1.9018,1.0849,0.77409,0.77094,0.38144,0.71134,0.8866,4.4688
mote20,0,raw,hmc_in_K3|robust+gate,13,107,1.4083,1.9834,1.1043,0.79818,0.79249,0.37383,0.69159,0.8785,4.5296
mote20,0,raw,hmc_in_K3|robust+gate,14,105,1.3614,1.8533,1.0708,0.77085,0.76575,0.39048,0.71429,0.89524,4.5575
mote20,0,raw,hmc_in_K3|robust+gate,15,103,1.4119,1.9934,1.1264,0.80701,0.80003,0.35922,0.68932,0.87379,4.5984
mote20,0,raw,hmc_in_K3|robust+gate,16,109,1.3755,1.8921,1.0843,0.77989,0.77427,0.38532,0.70642,0.88073,4.6407
mote20,0,raw,hmc_in_K3|robust+gate,17,104,1.346,1.8116,1.0616,0.75951,0.75327,0.38462,0.73077,0.89423,4.6863
mote20,0,raw,hmc_in_K3|robust+gate,18,108,1.3498,1.8219,1.0408,0.7526,0.74862,0.41667,0.75,0.88889,4.743
mote20,0,raw,hmc_in_K3|robust+gate,19,99,1.3788,1.9011,1.0701,0.77176,0.76876,0.42424,0.72727,0.87879,4.778
mote20,0,raw,hmc_in_K3|robust+gate,20,97,1.4203,2.0172,1.117,0.80672,0.79981,0.37113,0.71134,0.87629,4.8544
mote20,0,raw,hmc_in_K3|robust+gate,22,103,1.3913,1.9358,1.0752,0.78139,0.77811,0.42718,0.71845,0.8835,4.9651
mote20,0,raw,hmc_in_K3|robust+gate,23,107,1.4376,2.0668,1.1224,0.81349,0.80804,0.38318,0.71028,0.86916,5.025
mote20,0,raw,hmc_in_K3|robust+gate,24,111,1.4329,2.0532,1.1244,0.81265,0.80674,0.38739,0.7027,0.87387,5.0799
mote20,0,raw,hmc_in_K3|robust+gate,6,102,1.3552,1.8365,1.0609,0.75966,0.75413,0.40196,0.73529,0.88235,4.2987
mote20,0,raw,hmc_in_K3|robust+gate,8,104,1.4041,1.9716,1.1027,0.79467,0.78922,0.39423,0.68269,0.86538,4.358
mote20,0,raw,hmc_in_K3|robust+gate,21,100,1.3535,1.832,1.05,0.7638,0.75651,0.41,0.72,0.89,4.9089
mote20,0,raw,hmc_in_K3|robust,1,106,1.3253,1.7565,1.0478,0.75259,0.74823,0.41509,0.70755,0.88679,4.1442
mote20,0,raw,hmc_in_K3|robust,2,109,1.3183,1.7379,1.0441,0.74647,0.74443,0.38532,0.70642,0.89908,4.1344
mote20,0,raw,hmc_in_K3|robust,3,105,1.3536,1.8323,1.0628,0.76523,0.76065,0.40952,0.69524,0.89524,4.2051
mote20,0,raw,hmc_in_K3|robust,4,108,1.3849,1.918,1.1052,0.7893,0.78454,0.36111,0.69444,0.87963,4.213
mote20,0,raw,hmc_in_K3|robust,5,98,1.3383,1.7909,1.0627,0.76006,0.75488,0.41837,0.67347,0.88776,4.2479
mote20,0,raw,hmc_in_K3|robust,7,106,1.3879,1.9263,1.1001,0.79117,0.78617,0.38679,0.67925,0.87736,4.3023
mote20,0,raw,hmc_in_K3|robust,9,105,1.326,1.7584,1.05,0.75147,0.74656,0.4,0.69524,0.90476,4.3615
mote20,0,raw,hmc_in_K3|robust,10,109,1.3633,1.8585,1.0812,0.77374,0.7687,0.37615,0.68807,0.88991,4.391
mote20,0,raw,hmc_in_K3|robust,11,106,1.3663,1.8669,1.0897,0.77836,0.77294,0.35849,0.69811,0.88679,4.4246
mote20,0,raw,hmc_in_K3|robust,12,97,1.3696,1.8758,1.081,0.77266,0.77003,0.38144,0.71134,0.8866,4.4374
mote20,0,raw,hmc_in_K3|robust,13,107,1.3999,1.9598,1.1008,0.79688,0.79165,0.37383,0.69159,0.8785,4.5011
mote20,0,raw,hmc_in_K3|robust,14,105,1.3554,1.8371,1.0683,0.76994,0.76512,0.39048,0.71429,0.89524,4.5395
mote20,0,raw,hmc_in_K3|robust,15,103,1.4061,1.977,1.1239,0.80608,0.79937,0.35922,0.68932,0.87379,4.5802
mote20,0,raw,hmc_in_K3|robust,16,109,1.3699,1.8767,1.082,0.77901,0.77364,0.38532,0.70642,0.88073,4.6236
mote20,0,raw,hmc_in_K3|robust,17,104,1.3401,1.7958,1.0591,0.75859,0.75258,0.38462,0.73077,0.89423,4.6684
mote20,0,raw,hmc_in_K3|robust,18,108,1.3415,1.7996,1.0373,0.7513,0.74769,0.41667,0.75,0.88889,4.7155
mote20,0,raw,hmc_in_K3|robust,19,99,1.37,1.8769,1.0663,0.77034,0.76772,0.42424,0.72727,0.87879,4.7482
mote20,0,raw,hmc_in_K3|robust,20,97,1.4116,1.9925,1.1131,0.80528,0.79875,0.37113,0.71134,0.87629,4.8243
mote20,0,raw,hmc_in_K3|robust,22,103,1.3831,1.9128,1.0715,0.78002,0.77707,0.42718,0.71845,0.8835,4.9375
mote20,0,raw,hmc_in_K3|robust,23,107,1.4298,2.0444,1.1189,0.81218,0.80704,0.38318,0.71028,0.86916,4.9987
mote20,0,raw,hmc_in_K3|robust,24,111,1.4254,2.0316,1.121,0.81138,0.80577,0.38739,0.7027,0.87387,5.055
mote20,0,raw,hmc_in_K3|robust,6,102,1.3455,1.8103,1.0572,0.75831,0.75336,0.40196,0.73529,0.88235,4.2689
mote20,0,raw,hmc_in_K3|robust,8,104,1.3951,1.9463,1.099,0.79334,0.78844,0.39423,0.68269,0.86538,4.3287
mote20,0,raw,hmc_in_K3|robust,21,100,1.3447,1.8081,1.0462,0.7624,0.75546,0.41,0.72,0.89,4.8801
mote20,0,raw,hmc_in_K3|hampel+gate,1,106,1.3349,1.7821,1.0512,0.75381,0.74885,0.41509,0.70755,0.88679,4.171
mote20,0,raw,hmc_in_K3|hampel+gate,2,109,1.3219,1.7473,1.0454,0.74693,0.74463,0.38532,0.70642,0.89908,4.1451
mote20,0,raw,hmc_in_K3|hampel+gate,3,105,1.3634,1.8589,1.0665,0.76653,0.76133,0.40952,0.69524,0.89524,4.2336
mote20,0,raw,hmc_in_K3|hampel+gate,4,108,1.3941,1.9435,1.1087,0.79058,0.78523,0.36111,0.69444,0.87963,4.2409
mote20,0,raw,hmc_in_K3|hampel+gate,5,98,1.3454,1.8102,1.0654,0.76103,0.75544,0.41837,0.67347,0.88776,4.2676
mote20,0,raw,hmc_in_K3|hampel+gate,7,106,1.3969,1.9512,1.1037,0.79247,0.78692,0.38679,0.67925,0.87736,4.3311
mote20,0,raw,hmc_in_K3|hampel+gate,9,105,1.3353,1.7829,1.0536,0.75279,0.74736,0.4,0.69524,0.90476,4.3906
mote20,0,raw,hmc_in_K3|hampel+gate,10,109,1.3719,1.882,1.0847,0.77501,0.76948,0.37615,0.68807,0.88991,4.419
mote20,0,raw,hmc_in_K3|hampel+gate,11,106,1.3751,1.891,1.0933,0.77967,0.77376,0.35849,0.69811,0.88679,4.4534
mote20,0,raw,hmc_in_K3|hampel+gate,12,97,1.3791,1.9018,1.0849,0.77409,0.77094,0.38144,0.71134,0.8866,4.4688
mote20,0,raw,hmc_in_K3|hampel+gate,13,107,1.4083,1.9834,1.1043,0.79818,0.79249,0.37383,0.69159,0.8785,4.5296
mote20,0,raw,hmc_in_K3|hampel+gate,14,105,1.3614,1.8533,1.0708,0.77085,0.76575,0.39048,0.71429,0.89524,4.5575
mote20,0,raw,hmc_in_K3|hampel+gate,15,103,1.4119,1.9934,1.1264,0.80701,0.80003,0.35922,0.68932,0.87379,4.5984
mote20,0,raw,hmc_in_K3|hampel+gate,16,109,1.3755,1.8921,1.0843,0.77989,0.77427,0.38532,0.70642,0.88073,4.6407
mote20,0,raw,hmc_in_K3|hampel+gate,17,104,1.346,1.8116,1.0616,0.75951,0.75327,0.38462,0.73077,0.89423,4.6863
mote20,0,raw,hmc_in_K3|hampel+gate,18,108,1.3498,1.8219,1.0408,0.7526,0.74862,0.41667,0.75,0.88889,4.743
mote20,0,raw,hmc_in_K3|hampel+gate,19,99,1.3788,1.9011,1.0701,0.77176,0.76876,0.42424,0.72727,0.87879,4.778
mote20,0,raw,hmc_in_K3|hampel+gate,20,97,1.4203,2.0172,1.117,0.80672,0.79981,0.37113,0.71134,0.87629,4.8544
mote20,0,raw,hmc_in_K3|hampel+gate,22,103,1.3913,1.9358,1.0752,0.78139,0.77811,0.42718,0.71845,0.8835,4.9651
mote20,0,raw,hmc_in_K3|hampel+gate,23,107,1.4376,2.0668,1.1224,0.81349,0.80804,0.38318,0.71028,0.86916,5.025
mote20,0,raw,hmc_in_K3|hampel+gate,24,111,1.4329,2.0532,1.1244,0.81265,0.80674,0.38739,0.7027,0.87387,5.0799
mote20,0,raw,hmc_in_K3|hampel+gate,6,102,1.3552,1.8365,1.0609,0.75966,0.75413,0.40196,0.73529,0.88235,4.2987
mote20,0,raw,hmc_in_K3|hampel+gate,8,104,1.4041,1.9716,1.1027,0.79467,0.78922,0.39423,0.68269,0.86538,4.358
mote20,0,raw,hmc_in_K3|hampel+gate,21,100,1.3535,1.832,1.05,0.7638,0.75651,0.41,0.72,0.89,4.9089
aotizhongxin,0.01,spikes_r0.01_k6_s1,hmc_in_K3|raw+gate,1,90,0.74236,0.5511,0.58134,0.42039,0.42764,0.47778,0.77778,0.92222,3.0555
aotizhongxin,0.01,spikes_r0.01_k6_s1,hmc_in_K3|raw+gate,2,89,0.78208,0.61164,0.63772,0.45439,0.45355,0.47191,0.76404,0.92135,3.3246
aotizhongxin,0.01,spikes_r0.01_k6_s1,hmc_in_K3|raw+gate,3,89,0.85067,0.72364,0.71092,0.49815,0.4906,0.39326,0.75281,0.91011,3.4877
aotizhongxin,0.01,spikes_r0.01_k6_s1,hmc_in_K3|raw+gate,4,90,0.94556,0.89408,0.81119,0.55731,0.54493,0.33333,0.73333,0.91111,3.5819
aotizhongxin,0.01,spikes_r0.01_k6_s1,hmc_in_K3|raw+gate,5,88,1.0681,1.1408,0.91041,0.62696,0.61138,0.29545,0.61364,0.88636,3.6504
aotizhongxin,0.01,spikes_r0.01_k6_s1,hmc_in_K3|raw+gate,6,90,1.1124,1.2373,0.93154,0.64948,0.63554,0.41111,0.64444,0.86667,3.6937
aotizhongxin,0.01,spikes_r0.01_k6_s1,hmc_in_K3|raw+gate,7,91,1.1627,1.3519,0.9883,0.6824,0.66911,0.31868,0.61538,0.89011,3.7251
aotizhongxin,0.01,spikes_r0.01_k6_s1,hmc_in_K3|raw+gate,8,90,1.189,1.4137,1.0069,0.69346,0.68434,0.35556,0.6,0.86667,3.7521
aotizhongxin,0.01,spikes_r0.01_k6_s1,hmc_in_K3|raw+gate,9,90,1.1623,1.351,1.0033,0.6758,0.67115,0.34444,0.64444,0.9,3.773
aotizhongxin,0.01,spikes_r0.01_k6_s1,hmc_in_K3|raw+gate,10,89,1.172,1.3735,1.0086,0.68054,0.67832,0.32584,0.64045,0.91011,3.7914
aotizhongxin,0.01,spikes_r0.01_k6_s1,hmc_in_K3|raw+gate,11,90,1.1507,1.3241,0.96463,0.66465,0.66264,0.34444,0.67778,0.9,3.8035
aotizhongxin,0.01,spikes_r0.01_k6_s1,hmc_in_K3|raw+gate,12,90,1.1634,1.3534,0.98113,0.66524,0.66541,0.32222,0.7,0.88889,3.8148
aotizhongxin,0.01,spikes_r0.01_k6_s1,hmc_in_K3|raw+gate,13,91,1.0948,1.1986,0.92706,0.62497,0.63011,0.41758,0.71429,0.91209,3.8235
aotizhongxin,0.01,spikes_r0.01_k6_s1,hmc_in_K3|raw+gate,14,90,1.1146,1.2423,0.92812,0.63328,0.63718,0.42222,0.71111,0.9,3.832
aotizhongxin,0.01,spikes_r0.01_k6_s1,hmc_in_K3|raw+gate,15,91,1.0901,1.1883,0.9213,0.623,0.62737,0.41758,0.76923,0.9011,3.8379
aotizhongxin,0.01,spikes_r0.01_k6_s1,hmc_in_K3|raw+gate,16,91,1.1176,1.249,0.92679,0.63702,0.63971,0.43956,0.72527,0.89011,3.8434
aotizhongxin,0.01,spikes_r0.01_k6_s1,hmc_in_K3|raw+gate,17,90,1.0698,1.1445,0.88304,0.61195,0.61148,0.48889,0.78889,0.91111,3.8489
aotizhongxin,0.01,spikes_r0.01_k6_s1,hmc_in_K3|raw+gate,18,90,1.0801,1.1666,0.89492,0.62131,0.61934,0.47778,0.78889,0.92222,3.8529
aotizhongxin,0.01,spikes_r0.01_k6_s1,hmc_in_K3|raw+gate,19,90,1.1054,1.2219,0.94837,0.64053,0.64094,0.43333,0.73333,0.93333,3.8545
aotizhongxin,0.01,spikes_r0.01_k6_s1,hmc_in_K3|raw+gate,20,91,1.1601,1.3458,0.98058,0.67114,0.66952,0.42857,0.72527,0.91209,3.8581
aotizhongxin,0.01,spikes_r0.01_k6_s1,hmc_in_K3|raw+gate,21,90,1.0824,1.1717,0.93793,0.6312,0.62993,0.43333,0.8,0.97778,3.8612
aotizhongxin,0.01,spikes_r0.01_k6_s1,hmc_in_K3|raw+gate,22,89,1.2023,1.4456,1.0026,0.69637,0.69189,0.4382,0.74157,0.93258,3.8639
aotizhongxin,0.01,spikes_r0.01_k6_s1,hmc_in_K3|raw+gate,23,88,1.1734,1.3769,0.99476,0.68355,0.6801,0.38636,0.68182,0.95455,3.8648
aotizhongxin,0.01,spikes_r0.01_k6_s1,hmc_in_K3|raw+gate,24,90,1.2203,1.4891,1.0157,0.70337,0.6989,0.41111,0.7,0.88889,3.8662
aotizhongxin,0.01,spikes_r0.01_k6_s1,hmc_in_K3|raw,1,90,0.74236,0.5511,0.58134,0.42039,0.42764,0.47778,0.77778,0.92222,3.0555
aotizhongxin,0.01,spikes_r0.01_k6_s1,hmc_in_K3|raw,2,89,0.78208,0.61164,0.63772,0.45439,0.45355,0.47191,0.76404,0.92135,3.3246
aotizhongxin,0.01,spikes_r0.01_k6_s1,hmc_in_K3|raw,3,89,0.85067,0.72364,0.71092,0.49815,0.4906,0.39326,0.75281,0.91011,3.4877
aotizhongxin,0.01,spikes_r0.01_k6_s1,hmc_in_K3|raw,4,90,0.94556,0.89408,0.81119,0.55731,0.54493,0.33333,0.73333,0.91111,3.5819
aotizhongxin,0.01,spikes_r0.01_k6_s1,hmc_in_K3|raw,5,88,1.0681,1.1408,0.91041,0.62696,0.61138,0.29545,0.61364,0.88636,3.6504
aotizhongxin,0.01,spikes_r0.01_k6_s1,hmc_in_K3|raw,6,90,1.1124,1.2373,0.93154,0.64948,0.63554,0.41111,0.64444,0.86667,3.6937
aotizhongxin,0.01,spikes_r0.01_k6_s1,hmc_in_K3|raw,7,91,1.1627,1.3519,0.9883,0.6824,0.66911,0.31868,0.61538,0.89011,3.7251
aotizhongxin,0.01,spikes_r0.01_k6_s1,hmc_in_K3|raw,8,90,1.189,1.4137,1.0069,0.69346,0.68434,0.35556,0.6,0.86667,3.7521
aotizhongxin,0.01,spikes_r0.01_k6_s1,hmc_in_K3|raw,9,90,1.1623,1.351,1.0033,0.6758,0.67115,0.34444,0.64444,0.9,3.773
aotizhongxin,0.01,spikes_r0.01_k6_s1,hmc_in_K3|raw,10,89,1.172,1.3735,1.0086,0.68054,0.67832,0.32584,0.64045,0.91011,3.7914
aotizhongxin,0.01,spikes_r0.01_k6_s1,hmc_in_K3|raw,11,90,1.1507,1.3241,0.96463,0.66465,0.66264,0.34444,0.67778,0.9,3.8035
aotizhongxin,0.01,spikes_r0.01_k6_s1,hmc_in_K3|raw,12,90,1.1634,1.3534,0.98113,0.66524,0.66541,0.32222,0.7,0.88889,3.8148
aotizhongxin,0.01,spikes_r0.01_k6_s1,hmc_in_K3|raw,13,91,1.0948,1.1986,0.92706,0.62497,0.63011,0.41758,0.71429,0.91209,3.8235
aotizhongxin,0.01,spikes_r0.01_k6_s1,hmc_in_K3|raw,14,90,1.1146,1.2423,0.92812,0.63328,0.63718,0.42222,0.71111,0.9,3.832
aotizhongxin,0.01,spikes_r0.01_k6_s1,hmc_in_K3|raw,15,91,1.0901,1.1883,0.9213,0.623,0.62737,0.41758,0.76923,0.9011,3.8379
aotizhongxin,0.01,spikes_r0.01_k6_s1,hmc_in_K3|raw,16,91,1.1176,1.249,0.92679,0.63702,0.63971,0.43956,0.72527,0.89011,3.8434
aotizhongxin,0.01,spikes_r0.01_k6_s1,hmc_in_K3|raw,17,90,1.0698,1.1445,0.88304,0.61195,0.61148,0.48889,0.78889,0.91111,3.8489
aotizhongxin,0.01,spikes_r0.01_k6_s1,hmc_in_K3|raw,18,90,1.0801,1.1666,0.89492,0.62131,0.61934,0.47778,0.78889,0.92222,3.8529
aotizhongxin,0.01,spikes_r0.01_k6_s1,hmc_in_K3|raw,19,90,1.1054,1.2219,0.94837,0.64053,0.64094,0.43333,0.73333,0.93333,3.8545
aotizhongxin,0.01,spikes_r0.01_k6_s1,hmc_in_K3|raw,20,91,1.1601,1.3458,0.98058,0.67114,0.66952,0.42857,0.72527,0.91209,3.8581
aotizhongxin,0.01,spikes_r0.01_k6_s1,hmc_in_K3|raw,21,90,1.0824,1.1717,0.93793,0.6312,0.62993,0.43333,0.8,0.97778,3.8612
aotizhongxin,0.01,spikes_r0.01_k6_s1,hmc_in_K3|raw,22,89,1.2023,1.4456,1.0026,0.69637,0.69189,0.4382,0.74157,0.93258,3.8639
aotizhongxin,0.01,spikes_r0.01_k6_s1,hmc_in_K3|raw,23,88,1.1734,1.3769,0.99476,0.68355,0.6801,0.38636,0.68182,0.95455,3.8648
aotizhongxin,0.01,spikes_r0.01_k6_s1,hmc_in_K3|raw,24,90,1.2203,1.4891,1.0157,0.70337,0.6989,0.41111,0.7,0.88889,3.8662
aotizhongxin,0.01,spikes_r0.01_k6_s1,hmc_in_K3|robust+gate,1,90,0.74271,0.55161,0.58166,0.42059,0.42772,0.47778,0.77778,0.92222,3.0507
aotizhongxin,0.01,spikes_r0.01_k6_s1,hmc_in_K3|robust+gate,2,89,0.78237,0.6121,0.63792,0.45457,0.45357,0.46067,0.75281,0.92135,3.3177
aotizhongxin,0.01,spikes_r0.01_k6_s1,hmc_in_K3|robust+gate,3,89,0.85087,0.72398,0.711,0.49835,0.49057,0.39326,0.75281,0.91011,3.4818
aotizhongxin,0.01,spikes_r0.01_k6_s1,hmc_in_K3|robust+gate,4,90,0.94563,0.89422,0.81112,0.55753,0.54487,0.33333,0.73333,0.91111,3.5766
aotizhongxin,0.01,spikes_r0.01_k6_s1,hmc_in_K3|robust+gate,5,88,1.0682,1.141,0.91019,0.62726,0.61135,0.29545,0.61364,0.88636,3.6456
aotizhongxin,0.01,spikes_r0.01_k6_s1,hmc_in_K3|robust+gate,6,90,1.1124,1.2373,0.93138,0.64977,0.63548,0.4,0.64444,0.86667,3.6892
aotizhongxin,0.01,spikes_r0.01_k6_s1,hmc_in_K3|robust+gate,7,91,1.1626,1.3516,0.98816,0.68265,0.66901,0.31868,0.61538,0.89011,3.7209
aotizhongxin,0.01,spikes_r0.01_k6_s1,hmc_in_K3|robust+gate,8,90,1.1888,1.4133,1.0065,0.69363,0.68419,0.36667,0.6,0.86667,3.7481
aotizhongxin,0.01,spikes_r0.01_k6_s1,hmc_in_K3|robust+gate,9,90,1.1623,1.3509,1.003,0.67606,0.67106,0.34444,0.64444,0.9,3.7691
aotizhongxin,0.01,spikes_r0.01_k6_s1,hmc_in_K3|robust+gate,10,89,1.1719,1.3733,1.0083,0.68073,0.6782,0.32584,0.64045,0.91011,3.7878
aotizhongxin,0.01,spikes_r0.01_k6_s1,hmc_in_K3|robust+gate,11,90,1.1505,1.3237,0.96416,0.66473,0.66248,0.34444,0.67778,0.9,3.8
aotizhongxin,0.01,spikes_r0.01_k6_s1,hmc_in_K3|robust+gate,12,90,1.1629,1.3524,0.98055,0.66514,0.66512,0.32222,0.7,0.88889,3.8115
aotizhongxin,0.01,spikes_r0.01_k6_s1,hmc_in_K3|robust+gate,13,91,1.0942,1.1974,0.9262,0.62471,0.62972,0.41758,0.71429,0.91209,3.8203
aotizhongxin,0.01,spikes_r0.01_k6_s1,hmc_in_K3|robust+gate,14,90,1.114,1.241,0.92734,0.63296,0.6368,0.42222,0.71111,0.9,3.8289
aotizhongxin,0.01,spikes_r0.01_k6_s1,hmc_in_K3|robust+gate,15,91,1.0894,1.1867,0.92054,0.62256,0.62691,0.41758,0.76923,0.9011,3.835
aotizhongxin,0.01,spikes_r0.01_k6_s1,hmc_in_K3|robust+gate,16,91,1.1169,1.2475,0.92615,0.63661,0.63929,0.45055,0.72527,0.89011,3.8406
aotizhongxin,0.01,spikes_r0.01_k6_s1,hmc_in_K3|robust+gate,17,90,1.0692,1.1432,0.88251,0.61164,0.61115,0.48889,0.78889,0.91111,3.8462
aotizhongxin,0.01,spikes_r0.01_k6_s1,hmc_in_K3|robust+gate,18,90,1.0797,1.1658,0.89448,0.6212,0.61915,0.47778,0.78889,0.92222,3.8503
aotizhongxin,0.01,spikes_r0.01_k6_s1,hmc_in_K3|robust+gate,19,90,1.105,1.2211,0.94778,0.64034,0.64073,0.43333,0.73333,0.93333,3.8519
aotizhongxin,0.01,spikes_r0.01_k6_s1,hmc_in_K3|robust+gate,20,91,1.1597,1.345,0.98019,0.67098,0.66933,0.42857,0.71429,0.91209,3.8556
aotizhongxin,0.01,spikes_r0.01_k6_s1,hmc_in_K3|robust+gate,21,90,1.0823,1.1713,0.93765,0.63116,0.62985,0.43333,0.8,0.97778,3.8588
aotizhongxin,0.01,spikes_r0.01_k6_s1,hmc_in_K3|robust+gate,22,89,1.2022,1.4453,1.0024,0.69641,0.69188,0.4382,0.74157,0.93258,3.8616
aotizhongxin,0.01,spikes_r0.01_k6_s1,hmc_in_K3|robust+gate,23,88,1.1734,1.3769,0.99462,0.68366,0.68014,0.38636,0.68182,0.95455,3.8626
aotizhongxin,0.01,spikes_r0.01_k6_s1,hmc_in_K3|robust+gate,24,90,1.2203,1.489,1.0156,0.70349,0.69893,0.41111,0.7,0.88889,3.864
aotizhongxin,0.01,spikes_r0.01_k6_s1,hmc_in_K3|robust,1,90,0.74271,0.55161,0.58166,0.42059,0.42772,0.47778,0.77778,0.92222,3.0507
aotizhongxin,0.01,spikes_r0.01_k6_s1,hmc_in_K3|robust,2,89,0.78237,0.6121,0.63792,0.45457,0.45357,0.46067,0.75281,0.92135,3.3177
aotizhongxin,0.01,spikes_r0.01_k6_s1,hmc_in_K3|robust,3,89,0.85087,0.72398,0.711,0.49835,0.49057,0.39326,0.75281,0.91011,3.4818
aotizhongxin,0.01,spikes_r0.01_k6_s1,hmc_in_K3|robust,4,90,0.94563,0.89422,0.81112,0.55753,0.54487,0.33333,0.73333,0.91111,3.5766
aotizhongxin,0.01,spikes_r0.01_k6_s1,hmc_in_K3|robust,5,88,1.0682,1.141,0.91019,0.62726,0.61135,0.29545,0.61364,0.88636,3.6456
aotizhongxin,0.01,spikes_r0.01_k6_s1,hmc_in_K3|robust,6,90,1.1124,1.2373,0.93138,0.64977,0.63548,0.4,0.64444,0.86667,3.6892
aotizhongxin,0.01,spikes_r0.01_k6_s1,hmc_in_K3|robust,7,91,1.1626,1.3516,0.98816,0.68265,0.66901,0.31868,0.61538,0.89011,3.7209
aotizhongxin,0.01,spikes_r0.01_k6_s1,hmc_in_K3|robust,8,90,1.1888,1.4133,1.0065,0.69363,0.68419,0.36667,0.6,0.86667,3.7481
aotizhongxin,0.01,spikes_r0.01_k6_s1,hmc_in_K3|robust,9,90,1.1623,1.3509,1.003,0.67606,0.67106,0.34444,0.64444,0.9,3.7691
aotizhongxin,0.01,spikes_r0.01_k6_s1,hmc_in_K3|robust,10,89,1.1719,1.3733,1.0083,0.68073,0.6782,0.32584,0.64045,0.91011,3.7878
aotizhongxin,0.01,spikes_r0.01_k6_s1,hmc_in_K3|robust,11,90,1.1505,1.3237,0.96416,0.66473,0.66248,0.34444,0.67778,0.9,3.8
aotizhongxin,0.01,spikes_r0.01_k6_s1,hmc_in_K3|robust,12,90,1.1629,1.3524,0.98055,0.66514,0.66512,0.32222,0.7,0.88889,3.8115
aotizhongxin,0.01,spikes_r0.01_k6_s1,hmc_in_K3|robust,13,91,1.0942,1.1974,0.9262,0.62471,0.62972,0.41758,0.71429,0.91209,3.8203
aotizhongxin,0.01,spikes_r0.01_k6_s1,hmc_in_K3|robust,14,90,1.114,1.241,0.92734,0.63296,0.6368,0.42222,0.71111,0.9,3.8289
aotizhongxin,0.01,spikes_r0.01_k6_s1,hmc_in_K3|robust,15,91,1.0894,1.1867,0.92054,0.62256,0.62691,0.41758,0.76923,0.9011,3.835
aotizhongxin,0.01,spikes_r0.01_k6_s1,hmc_in_K3|robust,16,91,1.1169,1.2475,0.92615,0.63661,0.63929,0.45055,0.72527,0.89011,3.8406
aotizhongxin,0.01,spikes_r0.01_k6_s1,hmc_in_K3|robust,17,90,1.0692,1.1432,0.88251,0.61164,0.61115,0.48889,0.78889,0.91111,3.8462
aotizhongxin,0.01,spikes_r0.01_k6_s1,hmc_in_K3|robust,18,90,1.0797,1.1658,0.89448,0.6212,0.61915,0.47778,0.78889,0.92222,3.8503
aotizhongxin,0.01,spikes_r0.01_k6_s1,hmc_in_K3|robust,19,90,1.105,1.2211,0.94778,0.64034,0.64073,0.43333,0.73333,0.93333,3.8519
aotizhongxin,0.01,spikes_r0.01_k6_s1,hmc_in_K3|robust,20,91,1.1597,1.345,0.98019,0.67098,0.66933,0.42857,0.71429,0.91209,3.8556
aotizhongxin,0.01,spikes_r0.01_k6_s1,hmc_in_K3|robust,21,90,1.0823,1.1713,0.93765,0.63116,0.62985,0.43333,0.8,0.97778,3.8588
aotizhongxin,0.01,spikes_r0.01_k6_s1,hmc_in_K3|robust,22,89,1.2022,1.4453,1.0024,0.69641,0.69188,0.4382,0.74157,0.93258,3.8616
aotizhongxin,0.01,spikes_r0.01_k6_s1,hmc_in_K3|robust,23,88,1.1734,1.3769,0.99462,0.68366,0.68014,0.38636,0.68182,0.95455,3.8626
aotizhongxin,0.01,spikes_r0.01_k6_s1,hmc_in_K3|robust,24,90,1.2203,1.489,1.0156,0.70349,0.69893,0.41111,0.7,0.88889,3.864
aotizhongxin,0.01,spikes_r0.01_k6_s1,hmc_in_K3|hampel+gate,1,90,0.5917,0.35011,0.47709,0.33446,0.33221,0.41111,0.75556,0.92222,2.3539
aotizhongxin,0.01,spikes_r0.01_k6_s1,hmc_in_K3|hampel+gate,2,89,0.7107,0.5051,0.57432,0.40462,0.40402,0.32584,0.73034,0.91011,2.642
aotizhongxin,0.01,spikes_r0.01_k6_s1,hmc_in_K3|hampel+gate,3,89,0.80157,0.64251,0.64708,0.45044,0.45419,0.38202,0.68539,0.86517,2.8063
aotizhongxin,0.01,spikes_r0.01_k6_s1,hmc_in_K3|hampel+gate,4,90,0.90311,0.8156,0.74599,0.51391,0.51939,0.33333,0.63333,0.84444,2.927
aotizhongxin,0.01,spikes_r0.01_k6_s1,hmc_in_K3|hampel+gate,5,88,1.0352,1.0717,0.86124,0.59373,0.6025,0.26136,0.61364,0.81818,3.052
aotizhongxin,0.01,spikes_r0.01_k6_s1,hmc_in_K3|hampel+gate,6,90,1.0885,1.1848,0.90546,0.62591,0.63595,0.25556,0.61111,0.8,3.1294
aotizhongxin,0.01,spikes_r0.01_k6_s1,hmc_in_K3|hampel+gate,7,91,1.1141,1.2411,0.95795,0.65184,0.66322,0.26374,0.57143,0.83516,3.2321
aotizhongxin,0.01,spikes_r0.01_k6_s1,hmc_in_K3|hampel+gate,8,90,1.1553,1.3346,0.97972,0.67404,0.68547,0.27778,0.55556,0.84444,3.3336
aotizhongxin,0.01,spikes_r0.01_k6_s1,hmc_in_K3|hampel+gate,9,90,1.144,1.3087,0.98779,0.6623,0.67789,0.26667,0.55556,0.86667,3.4131
aotizhongxin,0.01,spikes_r0.01_k6_s1,hmc_in_K3|hampel+gate,10,89,1.1517,1.3265,1.005,0.66953,0.6849,0.23596,0.59551,0.86517,3.472
aotizhongxin,0.01,spikes_r0.01_k6_s1,hmc_in_K3|hampel+gate,11,90,1.1169,1.2475,0.93718,0.63926,0.65275,0.35556,0.57778,0.87778,3.5204
aotizhongxin,0.01,spikes_r0.01_k6_s1,hmc_in_K3|hampel+gate,12,90,1.1158,1.245,0.93435,0.63355,0.64475,0.34444,0.62222,0.87778,3.5583
aotizhongxin,0.01,spikes_r0.01_k6_s1,hmc_in_K3|hampel+gate,13,91,1.0376,1.0766,0.8734,0.59162,0.60083,0.36264,0.71429,0.9011,3.588
aotizhongxin,0.01,spikes_r0.01_k6_s1,hmc_in_K3|hampel+gate,14,90,1.0618,1.1274,0.87928,0.60766,0.61211,0.4,0.73333,0.88889,3.6155
aotizhongxin,0.01,spikes_r0.01_k6_s1,hmc_in_K3|hampel+gate,15,91,1.0352,1.0717,0.87901,0.59515,0.59947,0.38462,0.74725,0.9011,3.6361
aotizhongxin,0.01,spikes_r0.01_k6_s1,hmc_in_K3|hampel+gate,16,91,1.071,1.1469,0.8949,0.6138,0.61651,0.41758,0.75824,0.9011,3.655
aotizhongxin,0.01,spikes_r0.01_k6_s1,hmc_in_K3|hampel+gate,17,90,1.0307,1.0623,0.85053,0.59264,0.59042,0.44444,0.76667,0.88889,3.6715
aotizhongxin,0.01,spikes_r0.01_k6_s1,hmc_in_K3|hampel+gate,18,90,1.0443,1.0905,0.86938,0.60274,0.60209,0.41111,0.75556,0.91111,3.6875
aotizhongxin,0.01,spikes_r0.01_k6_s1,hmc_in_K3|hampel+gate,19,90,1.0685,1.1416,0.89978,0.62272,0.62276,0.4,0.72222,0.93333,3.6965
aotizhongxin,0.01,spikes_r0.01_k6_s1,hmc_in_K3|hampel+gate,20,91,1.1181,1.2502,0.95144,0.65438,0.65463,0.35165,0.71429,0.91209,3.7083
aotizhongxin,0.01,spikes_r0.01_k6_s1,hmc_in_K3|hampel+gate,21,90,1.0507,1.1039,0.90963,0.61931,0.61702,0.38889,0.72222,0.96667,3.7195
aotizhongxin,0.01,spikes_r0.01_k6_s1,hmc_in_K3|hampel+gate,22,89,1.173,1.3759,0.99054,0.69104,0.68715,0.33708,0.74157,0.89888,3.7293
aotizhongxin,0.01,spikes_r0.01_k6_s1,hmc_in_K3|hampel+gate,23,88,1.1598,1.3452,0.99773,0.68508,0.68446,0.38636,0.70455,0.90909,3.7356
aotizhongxin,0.01,spikes_r0.01_k6_s1,hmc_in_K3|hampel+gate,24,90,1.2081,1.4596,1.0229,0.70932,0.70889,0.37778,0.71111,0.88889,3.7412
aotizhongxin,0.01,spikes_r0.01_k6_s2,hmc_in_K3|raw+gate,1,90,0.7367,0.54273,0.58015,0.41763,0.42518,0.51111,0.77778,0.92222,3.045
aotizhongxin,0.01,spikes_r0.01_k6_s2,hmc_in_K3|raw+gate,2,89,0.77903,0.60689,0.63758,0.45251,0.45211,0.47191,0.76404,0.92135,3.3201
aotizhongxin,0.01,spikes_r0.01_k6_s2,hmc_in_K3|raw+gate,3,89,0.84672,0.71694,0.70518,0.49529,0.48861,0.39326,0.76404,0.91011,3.4863
aotizhongxin,0.01,spikes_r0.01_k6_s2,hmc_in_K3|raw+gate,4,90,0.94039,0.88434,0.80574,0.55351,0.54214,0.35556,0.74444,0.91111,3.5821
aotizhongxin,0.01,spikes_r0.01_k6_s2,hmc_in_K3|raw+gate,5,88,1.0641,1.1323,0.90532,0.62355,0.60906,0.29545,0.625,0.88636,3.6515
aotizhongxin,0.01,spikes_r0.01_k6_s2,hmc_in_K3|raw+gate,6,90,1.1079,1.2275,0.92758,0.64613,0.63305,0.41111,0.64444,0.86667,3.6954
aotizhongxin,0.01,spikes_r0.01_k6_s2,hmc_in_K3|raw+gate,7,91,1.1585,1.3422,0.98472,0.67937,0.66669,0.31868,0.61538,0.89011,3.7274
aotizhongxin,0.01,spikes_r0.01_k6_s2,hmc_in_K3|raw+gate,8,90,1.1856,1.4056,1.0052,0.6909,0.68228,0.35556,0.6,0.86667,3.7547
aotizhongxin,0.01,spikes_r0.01_k6_s2,hmc_in_K3|raw+gate,9,90,1.1606,1.347,1.002,0.67395,0.67,0.33333,0.65556,0.9,3.7758
aotizhongxin,0.01,spikes_r0.01_k6_s2,hmc_in_K3|raw+gate,10,89,1.1694,1.3676,1.0075,0.67846,0.67679,0.32584,0.64045,0.91011,3.7945
aotizhongxin,0.01,spikes_r0.01_k6_s2,hmc_in_K3|raw+gate,11,90,1.1476,1.317,0.9594,0.66186,0.66059,0.34444,0.68889,0.91111,3.8067
aotizhongxin,0.01,spikes_r0.01_k6_s2,hmc_in_K3|raw+gate,12,90,1.1617,1.3495,0.97601,0.66348,0.66413,0.32222,0.7,0.88889,3.8182
aotizhongxin,0.01,spikes_r0.01_k6_s2,hmc_in_K3|raw+gate,13,91,1.0939,1.1965,0.92204,0.62406,0.62931,0.41758,0.71429,0.91209,3.827
aotizhongxin,0.01,spikes_r0.01_k6_s2,hmc_in_K3|raw+gate,14,90,1.1138,1.2405,0.92825,0.63282,0.63659,0.45556,0.73333,0.9,3.8357
aotizhongxin,0.01,spikes_r0.01_k6_s2,hmc_in_K3|raw+gate,15,91,1.0893,1.1865,0.92159,0.62265,0.62677,0.42857,0.76923,0.9011,3.8417
aotizhongxin,0.01,spikes_r0.01_k6_s2,hmc_in_K3|raw+gate,16,91,1.1173,1.2483,0.9272,0.63708,0.63943,0.45055,0.72527,0.89011,3.8473
aotizhongxin,0.01,spikes_r0.01_k6_s2,hmc_in_K3|raw+gate,17,90,1.0693,1.1433,0.88361,0.61183,0.61116,0.5,0.78889,0.92222,3.853
aotizhongxin,0.01,spikes_r0.01_k6_s2,hmc_in_K3|raw+gate,18,90,1.0783,1.1627,0.8907,0.61979,0.61811,0.48889,0.78889,0.92222,3.8569
aotizhongxin,0.01,spikes_r0.01_k6_s2,hmc_in_K3|raw+gate,19,90,1.1037,1.2181,0.9445,0.63916,0.63966,0.43333,0.73333,0.93333,3.8586
aotizhongxin,0.01,spikes_r0.01_k6_s2,hmc_in_K3|raw+gate,20,91,1.1582,1.3413,0.97747,0.66967,0.66815,0.42857,0.72527,0.91209,3.8623
aotizhongxin,0.01,spikes_r0.01_k6_s2,hmc_in_K3|raw+gate,21,90,1.0801,1.1667,0.93477,0.62942,0.62843,0.43333,0.8,0.97778,3.8654
aotizhongxin,0.01,spikes_r0.01_k6_s2,hmc_in_K3|raw+gate,22,89,1.2,1.4401,0.9997,0.69449,0.69032,0.4382,0.75281,0.92135,3.8681
aotizhongxin,0.01,spikes_r0.01_k6_s2,hmc_in_K3|raw+gate,23,88,1.172,1.3736,0.99228,0.68238,0.67911,0.38636,0.68182,0.94318,3.8691
aotizhongxin,0.01,spikes_r0.01_k6_s2,hmc_in_K3|raw+gate,24,90,1.2199,1.4881,1.015,0.7032,0.69867,0.41111,0.7,0.88889,3.8706
aotizhongxin,0.01,spikes_r0.01_k6_s2,hmc_in_K3|raw,1,90,0.7367,0.54273,0.58015,0.41763,0.42518,0.51111,0.77778,0.92222,3.045
aotizhongxin,0.01,spikes_r0.01_k6_s2,hmc_in_K3|raw,2,89,0.77903,0.60689,0.63758,0.45251,0.45211,0.47191,0.76404,0.92135,3.3201
aotizhongxin,0.01,spikes_r0.01_k6_s2,hmc_in_K3|raw,3,89,0.84672,0.71694,0.70518,0.49529,0.48861,0.39326,0.76404,0.91011,3.4863
aotizhongxin,0.01,spikes_r0.01_k6_s2,hmc_in_K3|raw,4,90,0.94039,0.88434,0.80574,0.55351,0.54214,0.35556,0.74444,0.91111,3.5821
aotizhongxin,0.01,spikes_r0.01_k6_s2,hmc_in_K3|raw,5,88,1.0641,1.1323,0.90532,0.62355,0.60906,0.29545,0.625,0.88636,3.6515
aotizhongxin,0.01,spikes_r0.01_k6_s2,hmc_in_K3|raw,6,90,1.1079,1.2275,0.92758,0.64613,0.63305,0.41111,0.64444,0.86667,3.6954
aotizhongxin,0.01,spikes_r0.01_k6_s2,hmc_in_K3|raw,7,91,1.1585,1.3422,0.98472,0.67937,0.66669,0.31868,0.61538,0.89011,3.7274
aotizhongxin,0.01,spikes_r0.01_k6_s2,hmc_in_K3|raw,8,90,1.1856,1.4056,1.0052,0.6909,0.68228,0.35556,0.6,0.86667,3.7547
aotizhongxin,0.01,spikes_r0.01_k6_s2,hmc_in_K3|raw,9,90,1.1606,1.347,1.002,0.67395,0.67,0.33333,0.65556,0.9,3.7758
aotizhongxin,0.01,spikes_r0.01_k6_s2,hmc_in_K3|raw,10,89,1.1694,1.3676,1.0075,0.67846,0.67679,0.32584,0.64045,0.91011,3.7945
aotizhongxin,0.01,spikes_r0.01_k6_s2,hmc_in_K3|raw,11,90,1.1476,1.317,0.9594,0.66186,0.66059,0.34444,0.68889,0.91111,3.8067
aotizhongxin,0.01,spikes_r0.01_k6_s2,hmc_in_K3|raw,12,90,1.1617,1.3495,0.97601,0.66348,0.66413,0.32222,0.7,0.88889,3.8182
aotizhongxin,0.01,spikes_r0.01_k6_s2,hmc_in_K3|raw,13,91,1.0939,1.1965,0.92204,0.62406,0.62931,0.41758,0.71429,0.91209,3.827
aotizhongxin,0.01,spikes_r0.01_k6_s2,hmc_in_K3|raw,14,90,1.1138,1.2405,0.92825,0.63282,0.63659,0.45556,0.73333,0.9,3.8357
aotizhongxin,0.01,spikes_r0.01_k6_s2,hmc_in_K3|raw,15,91,1.0893,1.1865,0.92159,0.62265,0.62677,0.42857,0.76923,0.9011,3.8417
aotizhongxin,0.01,spikes_r0.01_k6_s2,hmc_in_K3|raw,16,91,1.1173,1.2483,0.9272,0.63708,0.63943,0.45055,0.72527,0.89011,3.8473
aotizhongxin,0.01,spikes_r0.01_k6_s2,hmc_in_K3|raw,17,90,1.0693,1.1433,0.88361,0.61183,0.61116,0.5,0.78889,0.92222,3.853
aotizhongxin,0.01,spikes_r0.01_k6_s2,hmc_in_K3|raw,18,90,1.0783,1.1627,0.8907,0.61979,0.61811,0.48889,0.78889,0.92222,3.8569
aotizhongxin,0.01,spikes_r0.01_k6_s2,hmc_in_K3|raw,19,90,1.1037,1.2181,0.9445,0.63916,0.63966,0.43333,0.73333,0.93333,3.8586
aotizhongxin,0.01,spikes_r0.01_k6_s2,hmc_in_K3|raw,20,91,1.1582,1.3413,0.97747,0.66967,0.66815,0.42857,0.72527,0.91209,3.8623
aotizhongxin,0.01,spikes_r0.01_k6_s2,hmc_in_K3|raw,21,90,1.0801,1.1667,0.93477,0.62942,0.62843,0.43333,0.8,0.97778,3.8654
aotizhongxin,0.01,spikes_r0.01_k6_s2,hmc_in_K3|raw,22,89,1.2,1.4401,0.9997,0.69449,0.69032,0.4382,0.75281,0.92135,3.8681
aotizhongxin,0.01,spikes_r0.01_k6_s2,hmc_in_K3|raw,23,88,1.172,1.3736,0.99228,0.68238,0.67911,0.38636,0.68182,0.94318,3.8691
aotizhongxin,0.01,spikes_r0.01_k6_s2,hmc_in_K3|raw,24,90,1.2199,1.4881,1.015,0.7032,0.69867,0.41111,0.7,0.88889,3.8706
aotizhongxin,0.01,spikes_r0.01_k6_s2,hmc_in_K3|robust+gate,1,90,0.74469,0.55456,0.58922,0.42092,0.42689,0.48889,0.77778,0.92222,3.0238
aotizhongxin,0.01,spikes_r0.01_k6_s2,hmc_in_K3|robust+gate,2,89,0.78955,0.62338,0.64621,0.45602,0.45538,0.46067,0.75281,0.92135,3.2881
aotizhongxin,0.01,spikes_r0.01_k6_s2,hmc_in_K3|robust+gate,3,89,0.85682,0.73414,0.71392,0.49861,0.49223,0.39326,0.74157,0.91011,3.454
aotizhongxin,0.01,spikes_r0.01_k6_s2,hmc_in_K3|robust+gate,4,90,0.94972,0.90197,0.81283,0.55684,0.54692,0.34444,0.74444,0.91111,3.5501
aotizhongxin,0.01,spikes_r0.01_k6_s2,hmc_in_K3|robust+gate,5,88,1.0725,1.1503,0.91282,0.62699,0.61489,0.29545,0.625,0.88636,3.6204
aotizhongxin,0.01,spikes_r0.01_k6_s2,hmc_in_K3|robust+gate,6,90,1.1158,1.245,0.93511,0.64938,0.6389,0.38889,0.62222,0.85556,3.6646
aotizhongxin,0.01,spikes_r0.01_k6_s2,hmc_in_K3|robust+gate,7,91,1.1651,1.3575,0.99228,0.68257,0.67305,0.31868,0.61538,0.89011,3.6968
aotizhongxin,0.01,spikes_r0.01_k6_s2,hmc_in_K3|robust+gate,8,90,1.1915,1.4196,1.0116,0.69377,0.68836,0.36667,0.58889,0.86667,3.7246
aotizhongxin,0.01,spikes_r0.01_k6_s2,hmc_in_K3|robust+gate,9,90,1.1668,1.3614,1.0089,0.677,0.67568,0.33333,0.63333,0.9,3.7461
aotizhongxin,0.01,spikes_r0.01_k6_s2,hmc_in_K3|robust+gate,10,89,1.1755,1.3819,1.0143,0.68133,0.68238,0.31461,0.62921,0.91011,3.7653
aotizhongxin,0.01,spikes_r0.01_k6_s2,hmc_in_K3|robust+gate,11,90,1.1517,1.3264,0.96287,0.66391,0.66423,0.34444,0.68889,0.87778,3.7778
aotizhongxin,0.01,spikes_r0.01_k6_s2,hmc_in_K3|robust+gate,12,90,1.1629,1.3523,0.97761,0.66429,0.66593,0.32222,0.7,0.88889,3.7896
aotizhongxin,0.01,spikes_r0.01_k6_s2,hmc_in_K3|robust+gate,13,91,1.0939,1.1966,0.92267,0.62373,0.62957,0.41758,0.73626,0.91209,3.7986
aotizhongxin,0.01,spikes_r0.01_k6_s2,hmc_in_K3|robust+gate,14,90,1.1121,1.2367,0.92578,0.63174,0.63576,0.45556,0.71111,0.88889,3.8076
aotizhongxin,0.01,spikes_r0.01_k6_s2,hmc_in_K3|robust+gate,15,91,1.0867,1.1808,0.91932,0.62091,0.62538,0.43956,0.76923,0.9011,3.8138
aotizhongxin,0.01,spikes_r0.01_k6_s2,hmc_in_K3|robust+gate,16,91,1.1143,1.2416,0.92536,0.63535,0.63801,0.46154,0.72527,0.89011,3.8197
aotizhongxin,0.01,spikes_r0.01_k6_s2,hmc_in_K3|robust+gate,17,90,1.067,1.1385,0.88169,0.61069,0.60956,0.5,0.78889,0.88889,3.8257
aotizhongxin,0.01,spikes_r0.01_k6_s2,hmc_in_K3|robust+gate,18,90,1.0771,1.16,0.89054,0.61963,0.61745,0.48889,0.78889,0.92222,3.8299
aotizhongxin,0.01,spikes_r0.01_k6_s2,hmc_in_K3|robust+gate,19,90,1.1016,1.2135,0.9432,0.63853,0.63906,0.43333,0.73333,0.93333,3.8316
aotizhongxin,0.01,spikes_r0.01_k6_s2,hmc_in_K3|robust+gate,20,91,1.1554,1.3349,0.97713,0.66909,0.66773,0.41758,0.7033,0.9011,3.8355
aotizhongxin,0.01,spikes_r0.01_k6_s2,hmc_in_K3|robust+gate,21,90,1.0781,1.1624,0.93417,0.62937,0.62776,0.44444,0.8,0.96667,3.8389
aotizhongxin,0.01,spikes_r0.01_k6_s2,hmc_in_K3|robust+gate,22,89,1.1974,1.4338,0.99917,0.69467,0.69018,0.4382,0.75281,0.92135,3.8418
aotizhongxin,0.01,spikes_r0.01_k6_s2,hmc_in_K3|robust+gate,23,88,1.1708,1.3707,0.99269,0.68296,0.67979,0.38636,0.69318,0.93182,3.8429
aotizhongxin,0.01,spikes_r0.01_k6_s2,hmc_in_K3|robust+gate,24,90,1.2186,1.485,1.0163,0.70392,0.69953,0.42222,0.67778,0.87778,3.8445
aotizhongxin,0.01,spikes_r0.01_k6_s2,hmc_in_K3|robust,1,90,0.74469,0.55456,0.58922,0.42092,0.42689,0.48889,0.77778,0.92222,3.0238
aotizhongxin,0.01,spikes_r0.01_k6_s2,hmc_in_K3|robust,2,89,0.78955,0.62338,0.64621,0.45602,0.45538,0.46067,0.75281,0.92135,3.2881
aotizhongxin,0.01,spikes_r0.01_k6_s2,hmc_in_K3|robust,3,89,0.85682,0.73414,0.71392,0.49861,0.49223,0.39326,0.74157,0.91011,3.454
aotizhongxin,0.01,spikes_r0.01_k6_s2,hmc_in_K3|robust,4,90,0.94972,0.90197,0.81283,0.55684,0.54692,0.34444,0.74444,0.91111,3.5501
aotizhongxin,0.01,spikes_r0.01_k6_s2,hmc_in_K3|robust,5,88,1.0725,1.1503,0.91282,0.62699,0.61489,0.29545,0.625,0.88636,3.6204
aotizhongxin,0.01,spikes_r0.01_k6_s2,hmc_in_K3|robust,6,90,1.1158,1.245,0.93511,0.64938,0.6389,0.38889,0.62222,0.85556,3.6646
aotizhongxin,0.01,spikes_r0.01_k6_s2,hmc_in_K3|robust,7,91,1.1651,1.3575,0.99228,0.68257,0.67305,0.31868,0.61538,0.89011,3.6968
aotizhongxin,0.01,spikes_r0.01_k6_s2,hmc_in_K3|robust,8,90,1.1915,1.4196,1.0116,0.69377,0.68836,0.36667,0.58889,0.86667,3.7246
aotizhongxin,0.01,spikes_r0.01_k6_s2,hmc_in_K3|robust,9,90,1.1668,1.3614,1.0089,0.677,0.67568,0.33333,0.63333,0.9,3.7461
aotizhongxin,0.01,spikes_r0.01_k6_s2,hmc_in_K3|robust,10,89,1.1755,1.3819,1.0143,0.68133,0.68238,0.31461,0.62921,0.91011,3.7653
aotizhongxin,0.01,spikes_r0.01_k6_s2,hmc_in_K3|robust,11,90,1.1517,1.3264,0.96287,0.66391,0.66423,0.34444,0.68889,0.87778,3.7778
aotizhongxin,0.01,spikes_r0.01_k6_s2,hmc_in_K3|robust,12,90,1.1629,1.3523,0.97761,0.66429,0.66593,0.32222,0.7,0.88889,3.7896
aotizhongxin,0.01,spikes_r0.01_k6_s2,hmc_in_K3|robust,13,91,1.0939,1.1966,0.92267,0.62373,0.62957,0.41758,0.73626,0.91209,3.7986
aotizhongxin,0.01,spikes_r0.01_k6_s2,hmc_in_K3|robust,14,90,1.1121,1.2367,0.92578,0.63174,0.63576,0.45556,0.71111,0.88889,3.8076
aotizhongxin,0.01,spikes_r0.01_k6_s2,hmc_in_K3|robust,15,91,1.0867,1.1808,0.91932,0.62091,0.62538,0.43956,0.76923,0.9011,3.8138
aotizhongxin,0.01,spikes_r0.01_k6_s2,hmc_in_K3|robust,16,91,1.1143,1.2416,0.92536,0.63535,0.63801,0.46154,0.72527,0.89011,3.8197
aotizhongxin,0.01,spikes_r0.01_k6_s2,hmc_in_K3|robust,17,90,1.067,1.1385,0.88169,0.61069,0.60956,0.5,0.78889,0.88889,3.8257
aotizhongxin,0.01,spikes_r0.01_k6_s2,hmc_in_K3|robust,18,90,1.0771,1.16,0.89054,0.61963,0.61745,0.48889,0.78889,0.92222,3.8299
aotizhongxin,0.01,spikes_r0.01_k6_s2,hmc_in_K3|robust,19,90,1.1016,1.2135,0.9432,0.63853,0.63906,0.43333,0.73333,0.93333,3.8316
aotizhongxin,0.01,spikes_r0.01_k6_s2,hmc_in_K3|robust,20,91,1.1554,1.3349,0.97713,0.66909,0.66773,0.41758,0.7033,0.9011,3.8355
aotizhongxin,0.01,spikes_r0.01_k6_s2,hmc_in_K3|robust,21,90,1.0781,1.1624,0.93417,0.62937,0.62776,0.44444,0.8,0.96667,3.8389
aotizhongxin,0.01,spikes_r0.01_k6_s2,hmc_in_K3|robust,22,89,1.1974,1.4338,0.99917,0.69467,0.69018,0.4382,0.75281,0.92135,3.8418
aotizhongxin,0.01,spikes_r0.01_k6_s2,hmc_in_K3|robust,23,88,1.1708,1.3707,0.99269,0.68296,0.67979,0.38636,0.69318,0.93182,3.8429
aotizhongxin,0.01,spikes_r0.01_k6_s2,hmc_in_K3|robust,24,90,1.2186,1.485,1.0163,0.70392,0.69953,0.42222,0.67778,0.87778,3.8445
aotizhongxin,0.01,spikes_r0.01_k6_s2,hmc_in_K3|hampel+gate,1,90,0.60563,0.36678,0.48417,0.34053,0.33808,0.41111,0.74444,0.92222,2.3588
aotizhongxin,0.01,spikes_r0.01_k6_s2,hmc_in_K3|hampel+gate,2,89,0.7244,0.52476,0.58132,0.41056,0.40998,0.32584,0.73034,0.89888,2.6457
aotizhongxin,0.01,spikes_r0.01_k6_s2,hmc_in_K3|hampel+gate,3,89,0.81414,0.66283,0.65375,0.45592,0.45981,0.39326,0.68539,0.8764,2.8073
aotizhongxin,0.01,spikes_r0.01_k6_s2,hmc_in_K3|hampel+gate,4,90,0.91538,0.83792,0.75183,0.51905,0.52476,0.34444,0.63333,0.83333,2.9282
aotizhongxin,0.01,spikes_r0.01_k6_s2,hmc_in_K3|hampel+gate,5,88,1.0454,1.0928,0.86718,0.5986,0.60759,0.26136,0.61364,0.81818,3.0545
aotizhongxin,0.01,spikes_r0.01_k6_s2,hmc_in_K3|hampel+gate,6,90,1.0984,1.2064,0.91087,0.63054,0.6408,0.26667,0.61111,0.78889,3.1325
aotizhongxin,0.01,spikes_r0.01_k6_s2,hmc_in_K3|hampel+gate,7,91,1.1225,1.2601,0.96269,0.65593,0.66748,0.27473,0.57143,0.82418,3.235
aotizhongxin,0.01,spikes_r0.01_k6_s2,hmc_in_K3|hampel+gate,8,90,1.162,1.3502,0.98395,0.67757,0.6891,0.27778,0.55556,0.84444,3.3367
aotizhongxin,0.01,spikes_r0.01_k6_s2,hmc_in_K3|hampel+gate,9,90,1.1493,1.321,0.99195,0.66553,0.68111,0.26667,0.55556,0.87778,3.417
aotizhongxin,0.01,spikes_r0.01_k6_s2,hmc_in_K3|hampel+gate,10,89,1.1578,1.3405,1.009,0.67272,0.68813,0.23596,0.59551,0.86517,3.4763
aotizhongxin,0.01,spikes_r0.01_k6_s2,hmc_in_K3|hampel+gate,11,90,1.1217,1.2582,0.94045,0.64196,0.65545,0.35556,0.57778,0.87778,3.525
aotizhongxin,0.01,spikes_r0.01_k6_s2,hmc_in_K3|hampel+gate,12,90,1.1176,1.2489,0.93729,0.63499,0.64611,0.34444,0.63333,0.87778,3.5632
aotizhongxin,0.01,spikes_r0.01_k6_s2,hmc_in_K3|hampel+gate,13,91,1.0375,1.0765,0.87606,0.59176,0.60091,0.36264,0.71429,0.9011,3.593
aotizhongxin,0.01,spikes_r0.01_k6_s2,hmc_in_K3|hampel+gate,14,90,1.0602,1.1241,0.87631,0.60646,0.61102,0.4,0.73333,0.88889,3.6207
aotizhongxin,0.01,spikes_r0.01_k6_s2,hmc_in_K3|hampel+gate,15,91,1.0329,1.067,0.87343,0.59337,0.59785,0.38462,0.74725,0.9011,3.6415
aotizhongxin,0.01,spikes_r0.01_k6_s2,hmc_in_K3|hampel+gate,16,91,1.0683,1.1414,0.88978,0.61156,0.61453,0.42857,0.75824,0.9011,3.6604
aotizhongxin,0.01,spikes_r0.01_k6_s2,hmc_in_K3|hampel+gate,17,90,1.0302,1.0613,0.84785,0.59234,0.59019,0.44444,0.76667,0.88889,3.6779
aotizhongxin,0.01,spikes_r0.01_k6_s2,hmc_in_K3|hampel+gate,18,90,1.0446,1.0913,0.87141,0.6032,0.60252,0.41111,0.75556,0.91111,3.6931
aotizhongxin,0.01,spikes_r0.01_k6_s2,hmc_in_K3|hampel+gate,19,90,1.0678,1.1402,0.90149,0.62239,0.62241,0.4,0.73333,0.93333,3.7022
aotizhongxin,0.01,spikes_r0.01_k6_s2,hmc_in_K3|hampel+gate,20,91,1.1173,1.2483,0.95292,0.65396,0.6542,0.35165,0.71429,0.91209,3.714
aotizhongxin,0.01,spikes_r0.01_k6_s2,hmc_in_K3|hampel+gate,21,90,1.0509,1.1045,0.91105,0.61967,0.61731,0.38889,0.72222,0.96667,3.7252
aotizhongxin,0.01,spikes_r0.01_k6_s2,hmc_in_K3|hampel+gate,22,89,1.1731,1.3761,0.99211,0.69128,0.68731,0.33708,0.74157,0.89888,3.7352
aotizhongxin,0.01,spikes_r0.01_k6_s2,hmc_in_K3|hampel+gate,23,88,1.1601,1.3458,0.99937,0.68537,0.68469,0.38636,0.71591,0.90909,3.7415
aotizhongxin,0.01,spikes_r0.01_k6_s2,hmc_in_K3|hampel+gate,24,90,1.208,1.4591,1.0245,0.70925,0.70885,0.37778,0.71111,0.88889,3.7471
aotizhongxin,0.05,spikes_r0.05_k6_s0,hmc_in_K3|raw+gate,1,90,0.79304,0.62891,0.59434,0.43614,0.52667,0.53333,0.83333,0.96667,8.0123
aotizhongxin,0.05,spikes_r0.05_k6_s0,hmc_in_K3|raw+gate,2,89,0.77007,0.59301,0.59077,0.46238,0.52225,0.50562,0.80899,0.97753,8.3656
aotizhongxin,0.05,spikes_r0.05_k6_s0,hmc_in_K3|raw+gate,3,89,0.81163,0.65875,0.65096,0.50046,0.5407,0.46067,0.80899,0.98876,8.5018
aotizhongxin,0.05,spikes_r0.05_k6_s0,hmc_in_K3|raw+gate,4,90,0.89372,0.79873,0.73673,0.55241,0.57425,0.4,0.8,1,8.5692
aotizhongxin,0.05,spikes_r0.05_k6_s0,hmc_in_K3|raw+gate,5,88,1.0145,1.0293,0.81349,0.6183,0.62106,0.38636,0.71591,0.96591,8.619
aotizhongxin,0.05,spikes_r0.05_k6_s0,hmc_in_K3|raw+gate,6,90,1.0637,1.1314,0.82942,0.64045,0.64152,0.44444,0.74444,0.95556,8.6465
aotizhongxin,0.05,spikes_r0.05_k6_s0,hmc_in_K3|raw+gate,7,91,1.1408,1.3015,0.90791,0.67788,0.67677,0.37363,0.68132,0.94505,8.6631
aotizhongxin,0.05,spikes_r0.05_k6_s0,hmc_in_K3|raw+gate,8,90,1.1801,1.3927,0.94861,0.69675,0.69583,0.42222,0.67778,0.95556,8.6787
aotizhongxin,0.05,spikes_r0.05_k6_s0,hmc_in_K3|raw+gate,9,90,1.1428,1.3059,0.93034,0.67572,0.68123,0.38889,0.73333,0.97778,8.6892
aotizhongxin,0.05,spikes_r0.05_k6_s0,hmc_in_K3|raw+gate,10,89,1.1574,1.3396,0.94543,0.68294,0.68972,0.37079,0.67416,0.96629,8.6991
aotizhongxin,0.05,spikes_r0.05_k6_s0,hmc_in_K3|raw+gate,11,90,1.1655,1.3584,0.95866,0.67449,0.69323,0.33333,0.71111,0.95556,8.7031
aotizhongxin,0.05,spikes_r0.05_k6_s0,hmc_in_K3|raw+gate,12,90,1.2167,1.4804,0.99635,0.68672,0.71435,0.37778,0.72222,0.95556,8.7076
aotizhongxin,0.05,spikes_r0.05_k6_s0,hmc_in_K3|raw+gate,13,91,1.1561,1.3365,0.9498,0.65245,0.68996,0.43956,0.78022,0.97802,8.7101
aotizhongxin,0.05,spikes_r0.05_k6_s0,hmc_in_K3|raw+gate,14,90,1.1962,1.4308,0.97054,0.66533,0.70624,0.44444,0.77778,0.95556,8.7135
aotizhongxin,0.05,spikes_r0.05_k6_s0,hmc_in_K3|raw+gate,15,91,1.179,1.39,0.96664,0.65859,0.70113,0.46154,0.79121,0.97802,8.7146
aotizhongxin,0.05,spikes_r0.05_k6_s0,hmc_in_K3|raw+gate,16,91,1.2086,1.4608,0.96345,0.67086,0.71258,0.46154,0.78022,0.94505,8.7161
aotizhongxin,0.05,spikes_r0.05_k6_s0,hmc_in_K3|raw+gate,17,90,1.1536,1.3309,0.92578,0.64144,0.68679,0.46667,0.81111,0.96667,8.718
aotizhongxin,0.05,spikes_r0.05_k6_s0,hmc_in_K3|raw+gate,18,90,1.1536,1.3309,0.91808,0.64439,0.68761,0.48889,0.81111,0.96667,8.7186
aotizhongxin,0.05,spikes_r0.05_k6_s0,hmc_in_K3|raw+gate,19,90,1.1902,1.4165,0.98678,0.66754,0.70923,0.46667,0.77778,0.98889,8.7173
aotizhongxin,0.05,spikes_r0.05_k6_s0,hmc_in_K3|raw+gate,20,91,1.2511,1.5653,1.0286,0.69783,0.73546,0.45055,0.75824,0.95604,8.7185
aotizhongxin,0.05,spikes_r0.05_k6_s0,hmc_in_K3|raw+gate,21,90,1.1666,1.3609,0.98363,0.65452,0.69957,0.42222,0.81111,1,8.7193
aotizhongxin,0.05,spikes_r0.05_k6_s0,hmc_in_K3|raw+gate,22,89,1.2935,1.6731,1.0589,0.71789,0.75511,0.42697,0.76404,0.96629,8.7198
aotizhongxin,0.05,spikes_r0.05_k6_s0,hmc_in_K3|raw+gate,23,88,1.2434,1.5461,1.0223,0.69965,0.73393,0.42045,0.73864,0.98864,8.7191
aotizhongxin,0.05,spikes_r0.05_k6_s0,hmc_in_K3|raw+gate,24,90,1.2888,1.6609,1.0204,0.71786,0.74974,0.43333,0.76667,0.94444,8.719
aotizhongxin,0.05,spikes_r0.05_k6_s0,hmc_in_K3|raw,1,90,0.79304,0.62891,0.59434,0.43614,0.52667,0.53333,0.83333,0.96667,8.0123
aotizhongxin,0.05,spikes_r0.05_k6_s0,hmc_in_K3|raw,2,89,0.77007,0.59301,0.59077,0.46238,0.52225,0.50562,0.80899,0.97753,8.3656
aotizhongxin,0.05,spikes_r0.05_k6_s0,hmc_in_K3|raw,3,89,0.81163,0.65875,0.65096,0.50046,0.5407,0.46067,0.80899,0.98876,8.5018
aotizhongxin,0.05,spikes_r0.05_k6_s0,hmc_in_K3|raw,4,90,0.89372,0.79873,0.73673,0.55241,0.57425,0.4,0.8,1,8.5692
aotizhongxin,0.05,spikes_r0.05_k6_s0,hmc_in_K3|raw,5,88,1.0145,1.0293,0.81349,0.6183,0.62106,0.38636,0.71591,0.96591,8.619
aotizhongxin,0.05,spikes_r0.05_k6_s0,hmc_in_K3|raw,6,90,1.0637,1.1314,0.82942,0.64045,0.64152,0.44444,0.74444,0.95556,8.6465
aotizhongxin,0.05,spikes_r0.05_k6_s0,hmc_in_K3|raw,7,91,1.1408,1.3015,0.90791,0.67788,0.67677,0.37363,0.68132,0.94505,8.6631
aotizhongxin,0.05,spikes_r0.05_k6_s0,hmc_in_K3|raw,8,90,1.1801,1.3927,0.94861,0.69675,0.69583,0.42222,0.67778,0.95556,8.6787
aotizhongxin,0.05,spikes_r0.05_k6_s0,hmc_in_K3|raw,9,90,1.1428,1.3059,0.93034,0.67572,0.68123,0.38889,0.73333,0.97778,8.6892
aotizhongxin,0.05,spikes_r0.05_k6_s0,hmc_in_K3|raw,10,89,1.1574,1.3396,0.94543,0.68294,0.68972,0.37079,0.67416,0.96629,8.6991
aotizhongxin,0.05,spikes_r0.05_k6_s0,hmc_in_K3|raw,11,90,1.1655,1.3584,0.95866,0.67449,0.69323,0.33333,0.71111,0.95556,8.7031
aotizhongxin,0.05,spikes_r0.05_k6_s0,hmc_in_K3|raw,12,90,1.2167,1.4804,0.99635,0.68672,0.71435,0.37778,0.72222,0.95556,8.7076
aotizhongxin,0.05,spikes_r0.05_k6_s0,hmc_in_K3|raw,13,91,1.1561,1.3365,0.9498,0.65245,0.68996,0.43956,0.78022,0.97802,8.7101
aotizhongxin,0.05,spikes_r0.05_k6_s0,hmc_in_K3|raw,14,90,1.1962,1.4308,0.97054,0.66533,0.70624,0.44444,0.77778,0.95556,8.7135
aotizhongxin,0.05,spikes_r0.05_k6_s0,hmc_in_K3|raw,15,91,1.179,1.39,0.96664,0.65859,0.70113,0.46154,0.79121,0.97802,8.7146
aotizhongxin,0.05,spikes_r0.05_k6_s0,hmc_in_K3|raw,16,91,1.2086,1.4608,0.96345,0.67086,0.71258,0.46154,0.78022,0.94505,8.7161
aotizhongxin,0.05,spikes_r0.05_k6_s0,hmc_in_K3|raw,17,90,1.1536,1.3309,0.92578,0.64144,0.68679,0.46667,0.81111,0.96667,8.718
aotizhongxin,0.05,spikes_r0.05_k6_s0,hmc_in_K3|raw,18,90,1.1536,1.3309,0.91808,0.64439,0.68761,0.48889,0.81111,0.96667,8.7186
aotizhongxin,0.05,spikes_r0.05_k6_s0,hmc_in_K3|raw,19,90,1.1902,1.4165,0.98678,0.66754,0.70923,0.46667,0.77778,0.98889,8.7173
aotizhongxin,0.05,spikes_r0.05_k6_s0,hmc_in_K3|raw,20,91,1.2511,1.5653,1.0286,0.69783,0.73546,0.45055,0.75824,0.95604,8.7185
aotizhongxin,0.05,spikes_r0.05_k6_s0,hmc_in_K3|raw,21,90,1.1666,1.3609,0.98363,0.65452,0.69957,0.42222,0.81111,1,8.7193
aotizhongxin,0.05,spikes_r0.05_k6_s0,hmc_in_K3|raw,22,89,1.2935,1.6731,1.0589,0.71789,0.75511,0.42697,0.76404,0.96629,8.7198
aotizhongxin,0.05,spikes_r0.05_k6_s0,hmc_in_K3|raw,23,88,1.2434,1.5461,1.0223,0.69965,0.73393,0.42045,0.73864,0.98864,8.7191
aotizhongxin,0.05,spikes_r0.05_k6_s0,hmc_in_K3|raw,24,90,1.2888,1.6609,1.0204,0.71786,0.74974,0.43333,0.76667,0.94444,8.719
aotizhongxin,0.05,spikes_r0.05_k6_s0,hmc_in_K3|robust+gate,1,90,0.79297,0.6288,0.59438,0.43617,0.52652,0.53333,0.83333,0.96667,8.0096
aotizhongxin,0.05,spikes_r0.05_k6_s0,hmc_in_K3|robust+gate,2,89,0.77003,0.59295,0.59075,0.46235,0.52206,0.50562,0.80899,0.97753,8.3616
aotizhongxin,0.05,spikes_r0.05_k6_s0,hmc_in_K3|robust+gate,3,89,0.81151,0.65856,0.65096,0.50043,0.5405,0.46067,0.80899,0.98876,8.4984
aotizhongxin,0.05,spikes_r0.05_k6_s0,hmc_in_K3|robust+gate,4,90,0.89351,0.79836,0.73645,0.55237,0.57403,0.4,0.8,1,8.5661
aotizhongxin,0.05,spikes_r0.05_k6_s0,hmc_in_K3|robust+gate,5,88,1.0143,1.0289,0.81317,0.6183,0.62086,0.38636,0.71591,0.96591,8.616
aotizhongxin,0.05,spikes_r0.05_k6_s0,hmc_in_K3|robust+gate,6,90,1.0634,1.1309,0.8291,0.64044,0.64131,0.44444,0.75556,0.95556,8.6436
aotizhongxin,0.05,spikes_r0.05_k6_s0,hmc_in_K3|robust+gate,7,91,1.1405,1.3008,0.90747,0.67785,0.67654,0.37363,0.68132,0.94505,8.6604
aotizhongxin,0.05,spikes_r0.05_k6_s0,hmc_in_K3|robust+gate,8,90,1.1798,1.392,0.94813,0.69671,0.69561,0.42222,0.67778,0.95556,8.676
aotizhongxin,0.05,spikes_r0.05_k6_s0,hmc_in_K3|robust+gate,9,90,1.1425,1.3054,0.93008,0.67572,0.68104,0.38889,0.73333,0.96667,8.6867
aotizhongxin,0.05,spikes_r0.05_k6_s0,hmc_in_K3|robust+gate,10,89,1.1572,1.3391,0.94518,0.68291,0.68953,0.37079,0.67416,0.96629,8.6966
aotizhongxin,0.05,spikes_r0.05_k6_s0,hmc_in_K3|robust+gate,11,90,1.1652,1.3578,0.95835,0.6744,0.69304,0.33333,0.71111,0.95556,8.7007
aotizhongxin,0.05,spikes_r0.05_k6_s0,hmc_in_K3|robust+gate,12,90,1.2164,1.4796,0.99603,0.68657,0.71414,0.37778,0.72222,0.95556,8.7053
aotizhongxin,0.05,spikes_r0.05_k6_s0,hmc_in_K3|robust+gate,13,91,1.1557,1.3356,0.94944,0.65224,0.68973,0.42857,0.78022,0.97802,8.7079
aotizhongxin,0.05,spikes_r0.05_k6_s0,hmc_in_K3|robust+gate,14,90,1.1958,1.43,0.9702,0.66513,0.70603,0.44444,0.77778,0.95556,8.7113
aotizhongxin,0.05,spikes_r0.05_k6_s0,hmc_in_K3|robust+gate,15,91,1.1787,1.3893,0.96624,0.65837,0.70092,0.46154,0.79121,0.97802,8.7125
aotizhongxin,0.05,spikes_r0.05_k6_s0,hmc_in_K3|robust+gate,16,91,1.2083,1.4601,0.96304,0.67065,0.7124,0.46154,0.78022,0.94505,8.7139
aotizhongxin,0.05,spikes_r0.05_k6_s0,hmc_in_K3|robust+gate,17,90,1.1534,1.3303,0.92553,0.64126,0.68663,0.46667,0.81111,0.96667,8.7159
aotizhongxin,0.05,spikes_r0.05_k6_s0,hmc_in_K3|robust+gate,18,90,1.1535,1.3305,0.91785,0.64429,0.6875,0.48889,0.81111,0.96667,8.7165
aotizhongxin,0.05,spikes_r0.05_k6_s0,hmc_in_K3|robust+gate,19,90,1.1901,1.4163,0.98653,0.66744,0.70913,0.45556,0.77778,0.98889,8.7153
aotizhongxin,0.05,spikes_r0.05_k6_s0,hmc_in_K3|robust+gate,20,91,1.251,1.565,1.0284,0.69775,0.73538,0.45055,0.75824,0.95604,8.7165
aotizhongxin,0.05,spikes_r0.05_k6_s0,hmc_in_K3|robust+gate,21,90,1.1666,1.3609,0.98363,0.65449,0.69953,0.42222,0.81111,1,8.7173
aotizhongxin,0.05,spikes_r0.05_k6_s0,hmc_in_K3|robust+gate,22,89,1.2935,1.6732,1.0589,0.71791,0.75511,0.42697,0.76404,0.96629,8.7178
aotizhongxin,0.05,spikes_r0.05_k6_s0,hmc_in_K3|robust+gate,23,88,1.2435,1.5463,1.0223,0.69969,0.73394,0.42045,0.73864,0.98864,8.7171
aotizhongxin,0.05,spikes_r0.05_k6_s0,hmc_in_K3|robust+gate,24,90,1.2888,1.6611,1.0204,0.7179,0.74975,0.43333,0.76667,0.94444,8.7171
aotizhongxin,0.05,spikes_r0.05_k6_s0,hmc_in_K3|robust,1,90,0.79297,0.6288,0.59438,0.43617,0.52652,0.53333,0.83333,0.96667,8.0096
aotizhongxin,0.05,spikes_r0.05_k6_s0,hmc_in_K3|robust,2,89,0.77003,0.59295,0.59075,0.46235,0.52206,0.50562,0.80899,0.97753,8.3616
aotizhongxin,0.05,spikes_r0.05_k6_s0,hmc_in_K3|robust,3,89,0.81151,0.65856,0.65096,0.50043,0.5405,0.46067,0.80899,0.98876,8.4984
aotizhongxin,0.05,spikes_r0.05_k6_s0,hmc_in_K3|robust,4,90,0.89351,0.79836,0.73645,0.55237,0.57403,0.4,0.8,1,8.5661
aotizhongxin,0.05,spikes_r0.05_k6_s0,hmc_in_K3|robust,5,88,1.0143,1.0289,0.81317,0.6183,0.62086,0.38636,0.71591,0.96591,8.616
aotizhongxin,0.05,spikes_r0.05_k6_s0,hmc_in_K3|robust,6,90,1.0634,1.1309,0.8291,0.64044,0.64131,0.44444,0.75556,0.95556,8.6436
aotizhongxin,0.05,spikes_r0.05_k6_s0,hmc_in_K3|robust,7,91,1.1405,1.3008,0.90747,0.67785,0.67654,0.37363,0.68132,0.94505,8.6604
aotizhongxin,0.05,spikes_r0.05_k6_s0,hmc_in_K3|robust,8,90,1.1798,1.392,0.94813,0.69671,0.69561,0.42222,0.67778,0.95556,8.676
aotizhongxin,0.05,spikes_r0.05_k6_s0,hmc_in_K3|robust,9,90,1.1425,1.3054,0.93008,0.67572,0.68104,0.38889,0.73333,0.96667,8.6867
aotizhongxin,0.05,spikes_r0.05_k6_s0,hmc_in_K3|robust,10,89,1.1572,1.3391,0.94518,0.68291,0.68953,0.37079,0.67416,0.96629,8.6966
aotizhongxin,0.05,spikes_r0.05_k6_s0,hmc_in_K3|robust,11,90,1.1652,1.3578,0.95835,0.6744,0.69304,0.33333,0.71111,0.95556,8.7007
aotizhongxin,0.05,spikes_r0.05_k6_s0,hmc_in_K3|robust,12,90,1.2164,1.4796,0.99603,0.68657,0.71414,0.37778,0.72222,0.95556,8.7053
aotizhongxin,0.05,spikes_r0.05_k6_s0,hmc_in_K3|robust,13,91,1.1557,1.3356,0.94944,0.65224,0.68973,0.42857,0.78022,0.97802,8.7079
aotizhongxin,0.05,spikes_r0.05_k6_s0,hmc_in_K3|robust,14,90,1.1958,1.43,0.9702,0.66513,0.70603,0.44444,0.77778,0.95556,8.7113
aotizhongxin,0.05,spikes_r0.05_k6_s0,hmc_in_K3|robust,15,91,1.1787,1.3893,0.96624,0.65837,0.70092,0.46154,0.79121,0.97802,8.7125
aotizhongxin,0.05,spikes_r0.05_k6_s0,hmc_in_K3|robust,16,91,1.2083,1.4601,0.96304,0.67065,0.7124,0.46154,0.78022,0.94505,8.7139
aotizhongxin,0.05,spikes_r0.05_k6_s0,hmc_in_K3|robust,17,90,1.1534,1.3303,0.92553,0.64126,0.68663,0.46667,0.81111,0.96667,8.7159
aotizhongxin,0.05,spikes_r0.05_k6_s0,hmc_in_K3|robust,18,90,1.1535,1.3305,0.91785,0.64429,0.6875,0.48889,0.81111,0.96667,8.7165
aotizhongxin,0.05,spikes_r0.05_k6_s0,hmc_in_K3|robust,19,90,1.1901,1.4163,0.98653,0.66744,0.70913,0.45556,0.77778,0.98889,8.7153
aotizhongxin,0.05,spikes_r0.05_k6_s0,hmc_in_K3|robust,20,91,1.251,1.565,1.0284,0.69775,0.73538,0.45055,0.75824,0.95604,8.7165
aotizhongxin,0.05,spikes_r0.05_k6_s0,hmc_in_K3|robust,21,90,1.1666,1.3609,0.98363,0.65449,0.69953,0.42222,0.81111,1,8.7173
aotizhongxin,0.05,spikes_r0.05_k6_s0,hmc_in_K3|robust,22,89,1.2935,1.6732,1.0589,0.71791,0.75511,0.42697,0.76404,0.96629,8.7178
aotizhongxin,0.05,spikes_r0.05_k6_s0,hmc_in_K3|robust,23,88,1.2435,1.5463,1.0223,0.69969,0.73394,0.42045,0.73864,0.98864,8.7171
aotizhongxin,0.05,spikes_r0.05_k6_s0,hmc_in_K3|robust,24,90,1.2888,1.6611,1.0204,0.7179,0.74975,0.43333,0.76667,0.94444,8.7171
aotizhongxin,0.05,spikes_r0.05_k6_s0,hmc_in_K3|hampel+gate,1,90,0.59705,0.35646,0.48317,0.33806,0.3358,0.4,0.75556,0.92222,2.3711
aotizhongxin,0.05,spikes_r0.05_k6_s0,hmc_in_K3|hampel+gate,2,89,0.71524,0.51157,0.57968,0.40787,0.40716,0.31461,0.73034,0.91011,2.6559
aotizhongxin,0.05,spikes_r0.05_k6_s0,hmc_in_K3|hampel+gate,3,89,0.80538,0.64864,0.6523,0.45338,0.45695,0.38202,0.68539,0.8764,2.8171
aotizhongxin,0.05,spikes_r0.05_k6_s0,hmc_in_K3|hampel+gate,4,90,0.90658,0.82188,0.75066,0.51674,0.5219,0.33333,0.62222,0.84444,2.936
aotizhongxin,0.05,spikes_r0.05_k6_s0,hmc_in_K3|hampel+gate,5,88,1.0395,1.0805,0.86576,0.59718,0.60561,0.26136,0.60227,0.81818,3.0611
aotizhongxin,0.05,spikes_r0.05_k6_s0,hmc_in_K3|hampel+gate,6,90,1.0929,1.1944,0.91003,0.62946,0.63914,0.26667,0.6,0.8,3.1391
aotizhongxin,0.05,spikes_r0.05_k6_s0,hmc_in_K3|hampel+gate,7,91,1.1182,1.2505,0.96189,0.65531,0.66626,0.26374,0.54945,0.83516,3.2418
aotizhongxin,0.05,spikes_r0.05_k6_s0,hmc_in_K3|hampel+gate,8,90,1.159,1.3433,0.98351,0.67726,0.68828,0.26667,0.55556,0.84444,3.3423
aotizhongxin,0.05,spikes_r0.05_k6_s0,hmc_in_K3|hampel+gate,9,90,1.1476,1.3169,0.99158,0.66538,0.68055,0.27778,0.55556,0.85556,3.4208
aotizhongxin,0.05,spikes_r0.05_k6_s0,hmc_in_K3|hampel+gate,10,89,1.1545,1.3328,1.0088,0.67228,0.68717,0.23596,0.57303,0.86517,3.4791
aotizhongxin,0.05,spikes_r0.05_k6_s0,hmc_in_K3|hampel+gate,11,90,1.1189,1.252,0.9402,0.64125,0.65444,0.35556,0.57778,0.87778,3.527
aotizhongxin,0.05,spikes_r0.05_k6_s0,hmc_in_K3|hampel+gate,12,90,1.1168,1.2473,0.93698,0.63471,0.64577,0.34444,0.63333,0.87778,3.5647
aotizhongxin,0.05,spikes_r0.05_k6_s0,hmc_in_K3|hampel+gate,13,91,1.0379,1.0772,0.87587,0.59191,0.60126,0.37363,0.71429,0.9011,3.5943
aotizhongxin,0.05,spikes_r0.05_k6_s0,hmc_in_K3|hampel+gate,14,90,1.0605,1.1246,0.87663,0.6062,0.6112,0.4,0.73333,0.88889,3.6218
aotizhongxin,0.05,spikes_r0.05_k6_s0,hmc_in_K3|hampel+gate,15,91,1.0308,1.0625,0.87343,0.59164,0.59607,0.38462,0.74725,0.9011,3.6424
aotizhongxin,0.05,spikes_r0.05_k6_s0,hmc_in_K3|hampel+gate,16,91,1.0662,1.1368,0.89012,0.61021,0.61295,0.41758,0.75824,0.9011,3.6612
aotizhongxin,0.05,spikes_r0.05_k6_s0,hmc_in_K3|hampel+gate,17,90,1.027,1.0548,0.84728,0.59008,0.58786,0.41111,0.76667,0.88889,3.6786
aotizhongxin,0.05,spikes_r0.05_k6_s0,hmc_in_K3|hampel+gate,18,90,1.0401,1.0817,0.86531,0.59962,0.59907,0.41111,0.75556,0.9,3.6938
aotizhongxin,0.05,spikes_r0.05_k6_s0,hmc_in_K3|hampel+gate,19,90,1.0646,1.1334,0.89551,0.6198,0.61992,0.4,0.73333,0.93333,3.7028
aotizhongxin,0.05,spikes_r0.05_k6_s0,hmc_in_K3|hampel+gate,20,91,1.1146,1.2423,0.94729,0.65165,0.65198,0.35165,0.71429,0.91209,3.7146
aotizhongxin,0.05,spikes_r0.05_k6_s0,hmc_in_K3|hampel+gate,21,90,1.0474,1.097,0.90578,0.61687,0.61461,0.38889,0.72222,0.96667,3.7259
aotizhongxin,0.05,spikes_r0.05_k6_s0,hmc_in_K3|hampel+gate,22,89,1.1699,1.3687,0.98712,0.68857,0.68467,0.33708,0.74157,0.89888,3.7359
aotizhongxin,0.05,spikes_r0.05_k6_s0,hmc_in_K3|hampel+gate,23,88,1.1571,1.3388,0.9943,0.68276,0.68216,0.38636,0.71591,0.90909,3.7422
aotizhongxin,0.05,spikes_r0.05_k6_s0,hmc_in_K3|hampel+gate,24,90,1.2052,1.4525,1.0201,0.70695,0.70656,0.37778,0.71111,0.88889,3.7478
aotizhongxin,0.05,spikes_r0.05_k6_s1,hmc_in_K3|raw+gate,1,90,0.78917,0.62279,0.60029,0.4423,0.52234,0.55556,0.84444,0.96667,7.8905
aotizhongxin,0.05,spikes_r0.05_k6_s1,hmc_in_K3|raw+gate,2,89,0.77621,0.6025,0.60207,0.46746,0.52895,0.50562,0.83146,0.98876,8.4527
aotizhongxin,0.05,spikes_r0.05_k6_s1,hmc_in_K3|raw+gate,3,89,0.80896,0.65442,0.64307,0.49828,0.54366,0.47191,0.82022,0.98876,8.5666
aotizhongxin,0.05,spikes_r0.05_k6_s1,hmc_in_K3|raw+gate,4,90,0.88816,0.78883,0.73141,0.54804,0.57574,0.4,0.76667,1,8.6248
aotizhongxin,0.05,spikes_r0.05_k6_s1,hmc_in_K3|raw+gate,5,88,1.0014,1.0027,0.81185,0.60888,0.61897,0.38636,0.75,0.96591,8.6682
aotizhongxin,0.05,spikes_r0.05_k6_s1,hmc_in_K3|raw+gate,6,90,1.0539,1.1107,0.83174,0.63319,0.64014,0.44444,0.75556,0.95556,8.691
aotizhongxin,0.05,spikes_r0.05_k6_s1,hmc_in_K3|raw+gate,7,91,1.1305,1.278,0.8974,0.66825,0.67419,0.38462,0.7033,0.94505,8.706
aotizhongxin,0.05,spikes_r0.05_k6_s1,hmc_in_K3|raw+gate,8,90,1.1658,1.3591,0.94359,0.68626,0.69155,0.43333,0.71111,0.94444,8.7197
aotizhongxin,0.05,spikes_r0.05_k6_s1,hmc_in_K3|raw+gate,9,90,1.1313,1.2799,0.92633,0.6677,0.67841,0.41111,0.73333,0.96667,8.729
aotizhongxin,0.05,spikes_r0.05_k6_s1,hmc_in_K3|raw+gate,10,89,1.1474,1.3164,0.93277,0.67424,0.68689,0.38202,0.68539,0.96629,8.7372
aotizhongxin,0.05,spikes_r0.05_k6_s1,hmc_in_K3|raw+gate,11,90,1.1605,1.3468,0.95113,0.66859,0.69264,0.33333,0.73333,0.95556,8.7413
aotizhongxin,0.05,spikes_r0.05_k6_s1,hmc_in_K3|raw+gate,12,90,1.2143,1.4744,0.98812,0.68126,0.71466,0.41111,0.74444,0.95556,8.7453
aotizhongxin,0.05,spikes_r0.05_k6_s1,hmc_in_K3|raw+gate,13,91,1.1566,1.3377,0.94286,0.64963,0.69207,0.47253,0.78022,0.97802,8.7477
aotizhongxin,0.05,spikes_r0.05_k6_s1,hmc_in_K3|raw+gate,14,90,1.199,1.4376,0.96873,0.66354,0.70933,0.46667,0.77778,0.95556,8.7506
aotizhongxin,0.05,spikes_r0.05_k6_s1,hmc_in_K3|raw+gate,15,91,1.1832,1.4,0.96933,0.65836,0.70499,0.45055,0.8022,0.97802,8.7517
aotizhongxin,0.05,spikes_r0.05_k6_s1,hmc_in_K3|raw+gate,16,91,1.2147,1.4755,0.97042,0.67205,0.71734,0.48352,0.76923,0.94505,8.753
aotizhongxin,0.05,spikes_r0.05_k6_s1,hmc_in_K3|raw+gate,17,90,1.1609,1.3476,0.93323,0.64308,0.69222,0.51111,0.82222,0.96667,8.7547
aotizhongxin,0.05,spikes_r0.05_k6_s1,hmc_in_K3|raw+gate,18,90,1.1582,1.3414,0.92392,0.64435,0.69172,0.48889,0.81111,0.96667,8.7553
aotizhongxin,0.05,spikes_r0.05_k6_s1,hmc_in_K3|raw+gate,19,90,1.1948,1.4276,0.99029,0.66697,0.71316,0.46667,0.77778,0.98889,8.7545
aotizhongxin,0.05,spikes_r0.05_k6_s1,hmc_in_K3|raw+gate,20,91,1.2557,1.5768,1.0318,0.69714,0.73925,0.42857,0.78022,0.95604,8.7554
aotizhongxin,0.05,spikes_r0.05_k6_s1,hmc_in_K3|raw+gate,21,90,1.1701,1.3692,0.98406,0.65301,0.70307,0.42222,0.81111,1,8.7561
aotizhongxin,0.05,spikes_r0.05_k6_s1,hmc_in_K3|raw+gate,22,89,1.2974,1.6833,1.0608,0.71672,0.75854,0.42697,0.76404,0.96629,8.7566
aotizhongxin,0.05,spikes_r0.05_k6_s1,hmc_in_K3|raw+gate,23,88,1.2464,1.5536,1.0244,0.69817,0.73694,0.43182,0.75,0.98864,8.7561
aotizhongxin,0.05,spikes_r0.05_k6_s1,hmc_in_K3|raw+gate,24,90,1.2915,1.668,1.021,0.71617,0.75248,0.44444,0.77778,0.94444,8.756
aotizhongxin,0.05,spikes_r0.05_k6_s1,hmc_in_K3|raw,1,90,0.78917,0.62279,0.60029,0.4423,0.52234,0.55556,0.84444,0.96667,7.8905
aotizhongxin,0.05,spikes_r0.05_k6_s1,hmc_in_K3|raw,2,89,0.77621,0.6025,0.60207,0.46746,0.52895,0.50562,0.83146,0.98876,8.4527
aotizhongxin,0.05,spikes_r0.05_k6_s1,hmc_in_K3|raw,3,89,0.80896,0.65442,0.64307,0.49828,0.54366,0.47191,0.82022,0.98876,8.5666
aotizhongxin,0.05,spikes_r0.05_k6_s1,hmc_in_K3|raw,4,90,0.88816,0.78883,0.73141,0.54804,0.57574,0.4,0.76667,1,8.6248
aotizhongxin,0.05,spikes_r0.05_k6_s1,hmc_in_K3|raw,5,88,1.0014,1.0027,0.81185,0.60888,0.61897,0.38636,0.75,0.96591,8.6682
aotizhongxin,0.05,spikes_r0.05_k6_s1,hmc_in_K3|raw,6,90,1.0539,1.1107,0.83174,0.63319,0.64014,0.44444,0.75556,0.95556,8.691
aotizhongxin,0.05,spikes_r0.05_k6_s1,hmc_in_K3|raw,7,91,1.1305,1.278,0.8974,0.66825,0.67419,0.38462,0.7033,0.94505,8.706
aotizhongxin,0.05,spikes_r0.05_k6_s1,hmc_in_K3|raw,8,90,1.1658,1.3591,0.94359,0.68626,0.69155,0.43333,0.71111,0.94444,8.7197
aotizhongxin,0.05,spikes_r0.05_k6_s1,hmc_in_K3|raw,9,90,1.1313,1.2799,0.92633,0.6677,0.67841,0.41111,0.73333,0.96667,8.729
aotizhongxin,0.05,spikes_r0.05_k6_s1,hmc_in_K3|raw,10,89,1.1474,1.3164,0.93277,0.67424,0.68689,0.38202,0.68539,0.96629,8.7372
aotizhongxin,0.05,spikes_r0.05_k6_s1,hmc_in_K3|raw,11,90,1.1605,1.3468,0.95113,0.66859,0.69264,0.33333,0.73333,0.95556,8.7413
aotizhongxin,0.05,spikes_r0.05_k6_s1,hmc_in_K3|raw,12,90,1.2143,1.4744,0.98812,0.68126,0.71466,0.41111,0.74444,0.95556,8.7453
aotizhongxin,0.05,spikes_r0.05_k6_s1,hmc_in_K3|raw,13,91,1.1566,1.3377,0.94286,0.64963,0.69207,0.47253,0.78022,0.97802,8.7477
aotizhongxin,0.05,spikes_r0.05_k6_s1,hmc_in_K3|raw,14,90,1.199,1.4376,0.96873,0.66354,0.70933,0.46667,0.77778,0.95556,8.7506
aotizhongxin,0.05,spikes_r0.05_k6_s1,hmc_in_K3|raw,15,91,1.1832,1.4,0.96933,0.65836,0.70499,0.45055,0.8022,0.97802,8.7517
aotizhongxin,0.05,spikes_r0.05_k6_s1,hmc_in_K3|raw,16,91,1.2147,1.4755,0.97042,0.67205,0.71734,0.48352,0.76923,0.94505,8.753
aotizhongxin,0.05,spikes_r0.05_k6_s1,hmc_in_K3|raw,17,90,1.1609,1.3476,0.93323,0.64308,0.69222,0.51111,0.82222,0.96667,8.7547
aotizhongxin,0.05,spikes_r0.05_k6_s1,hmc_in_K3|raw,18,90,1.1582,1.3414,0.92392,0.64435,0.69172,0.48889,0.81111,0.96667,8.7553
aotizhongxin,0.05,spikes_r0.05_k6_s1,hmc_in_K3|raw,19,90,1.1948,1.4276,0.99029,0.66697,0.71316,0.46667,0.77778,0.98889,8.7545
aotizhongxin,0.05,spikes_r0.05_k6_s1,hmc_in_K3|raw,20,91,1.2557,1.5768,1.0318,0.69714,0.73925,0.42857,0.78022,0.95604,8.7554
aotizhongxin,0.05,spikes_r0.05_k6_s1,hmc_in_K3|raw,21,90,1.1701,1.3692,0.98406,0.65301,0.70307,0.42222,0.81111,1,8.7561
aotizhongxin,0.05,spikes_r0.05_k6_s1,hmc_in_K3|raw,22,89,1.2974,1.6833,1.0608,0.71672,0.75854,0.42697,0.76404,0.96629,8.7566
aotizhongxin,0.05,spikes_r0.05_k6_s1,hmc_in_K3|raw,23,88,1.2464,1.5536,1.0244,0.69817,0.73694,0.43182,0.75,0.98864,8.7561
aotizhongxin,0.05,spikes_r0.05_k6_s1,hmc_in_K3|raw,24,90,1.2915,1.668,1.021,0.71617,0.75248,0.44444,0.77778,0.94444,8.756
aotizhongxin,0.05,spikes_r0.05_k6_s1,hmc_in_K3|robust+gate,1,90,0.78917,0.62279,0.60029,0.4423,0.52234,0.55556,0.84444,0.96667,7.8905
aotizhongxin,0.05,spikes_r0.05_k6_s1,hmc_in_K3|robust+gate,2,89,0.77621,0.6025,0.60207,0.46746,0.52895,0.50562,0.83146,0.98876,8.4527
aotizhongxin,0.05,spikes_r0.05_k6_s1,hmc_in_K3|robust+gate,3,89,0.80896,0.65442,0.64307,0.49828,0.54366,0.47191,0.82022,0.98876,8.5666
aotizhongxin,0.05,spikes_r0.05_k6_s1,hmc_in_K3|robust+gate,4,90,0.88816,0.78883,0.73141,0.54804,0.57574,0.4,0.76667,1,8.6248
aotizhongxin,0.05,spikes_r0.05_k6_s1,hmc_in_K3|robust+gate,5,88,1.0014,1.0027,0.81185,0.60888,0.61897,0.38636,0.75,0.96591,8.6682
aotizhongxin,0.05,spikes_r0.05_k6_s1,hmc_in_K3|robust+gate,6,90,1.0539,1.1107,0.83174,0.63319,0.64014,0.44444,0.75556,0.95556,8.691
aotizhongxin,0.05,spikes_r0.05_k6_s1,hmc_in_K3|robust+gate,7,91,1.1305,1.278,0.8974,0.66825,0.67419,0.38462,0.7033,0.94505,8.706
aotizhongxin,0.05,spikes_r0.05_k6_s1,hmc_in_K3|robust+gate,8,90,1.1658,1.3591,0.94359,0.68626,0.69155,0.43333,0.71111,0.94444,8.7197
aotizhongxin,0.05,spikes_r0.05_k6_s1,hmc_in_K3|robust+gate,9,90,1.1313,1.2799,0.92633,0.6677,0.67841,0.41111,0.73333,0.96667,8.729
aotizhongxin,0.05,spikes_r0.05_k6_s1,hmc_in_K3|robust+gate,10,89,1.1474,1.3164,0.93277,0.67424,0.68689,0.38202,0.68539,0.96629,8.7372
aotizhongxin,0.05,spikes_r0.05_k6_s1,hmc_in_K3|robust+gate,11,90,1.1605,1.3468,0.95113,0.66859,0.69264,0.33333,0.73333,0.95556,8.7413
aotizhongxin,0.05,spikes_r0.05_k6_s1,hmc_in_K3|robust+gate,12,90,1.2143,1.4744,0.98812,0.68126,0.71466,0.41111,0.74444,0.95556,8.7453
aotizhongxin,0.05,spikes_r0.05_k6_s1,hmc_in_K3|robust+gate,13,91,1.1566,1.3377,0.94286,0.64963,0.69207,0.47253,0.78022,0.97802,8.7477
aotizhongxin,0.05,spikes_r0.05_k6_s1,hmc_in_K3|robust+gate,14,90,1.199,1.4376,0.96873,0.66354,0.70933,0.46667,0.77778,0.95556,8.7506
aotizhongxin,0.05,spikes_r0.05_k6_s1,hmc_in_K3|robust+gate,15,91,1.1832,1.4,0.96933,0.65836,0.70499,0.45055,0.8022,0.97802,8.7517
aotizhongxin,0.05,spikes_r0.05_k6_s1,hmc_in_K3|robust+gate,16,91,1.2147,1.4755,0.97042,0.67205,0.71734,0.48352,0.76923,0.94505,8.753
aotizhongxin,0.05,spikes_r0.05_k6_s1,hmc_in_K3|robust+gate,17,90,1.1609,1.3476,0.93323,0.64308,0.69222,0.51111,0.82222,0.96667,8.7547
aotizhongxin,0.05,spikes_r0.05_k6_s1,hmc_in_K3|robust+gate,18,90,1.1582,1.3414,0.92392,0.64435,0.69172,0.48889,0.81111,0.96667,8.7553
aotizhongxin,0.05,spikes_r0.05_k6_s1,hmc_in_K3|robust+gate,19,90,1.1948,1.4276,0.99029,0.66697,0.71316,0.46667,0.77778,0.98889,8.7545
aotizhongxin,0.05,spikes_r0.05_k6_s1,hmc_in_K3|robust+gate,20,91,1.2557,1.5768,1.0318,0.69714,0.73925,0.42857,0.78022,0.95604,8.7554
aotizhongxin,0.05,spikes_r0.05_k6_s1,hmc_in_K3|robust+gate,21,90,1.1701,1.3692,0.98406,0.65301,0.70307,0.42222,0.81111,1,8.7561
aotizhongxin,0.05,spikes_r0.05_k6_s1,hmc_in_K3|robust+gate,22,89,1.2974,1.6833,1.0608,0.71672,0.75854,0.42697,0.76404,0.96629,8.7566
aotizhongxin,0.05,spikes_r0.05_k6_s1,hmc_in_K3|robust+gate,23,88,1.2464,1.5536,1.0244,0.69817,0.73694,0.43182,0.75,0.98864,8.7561
aotizhongxin,0.05,spikes_r0.05_k6_s1,hmc_in_K3|robust+gate,24,90,1.2915,1.668,1.021,0.71617,0.75248,0.44444,0.77778,0.94444,8.756
aotizhongxin,0.05,spikes_r0.05_k6_s1,hmc_in_K3|robust,1,90,0.78917,0.62279,0.60029,0.4423,0.52234,0.55556,0.84444,0.96667,7.8905
aotizhongxin,0.05,spikes_r0.05_k6_s1,hmc_in_K3|robust,2,89,0.77621,0.6025,0.60207,0.46746,0.52895,0.50562,0.83146,0.98876,8.4527
aotizhongxin,0.05,spikes_r0.05_k6_s1,hmc_in_K3|robust,3,89,0.80896,0.65442,0.64307,0.49828,0.54366,0.47191,0.82022,0.98876,8.5666
aotizhongxin,0.05,spikes_r0.05_k6_s1,hmc_in_K3|robust,4,90,0.88816,0.78883,0.73141,0.54804,0.57574,0.4,0.76667,1,8.6248
aotizhongxin,0.05,spikes_r0.05_k6_s1,hmc_in_K3|robust,5,88,1.0014,1.0027,0.81185,0.60888,0.61897,0.38636,0.75,0.96591,8.6682
aotizhongxin,0.05,spikes_r0.05_k6_s1,hmc_in_K3|robust,6,90,1.0539,1.1107,0.83174,0.63319,0.64014,0.44444,0.75556,0.95556,8.691
aotizhongxin,0.05,spikes_r0.05_k6_s1,hmc_in_K3|robust,7,91,1.1305,1.278,0.8974,0.66825,0.67419,0.38462,0.7033,0.94505,8.706
aotizhongxin,0.05,spikes_r0.05_k6_s1,hmc_in_K3|robust,8,90,1.1658,1.3591,0.94359,0.68626,0.69155,0.43333,0.71111,0.94444,8.7197
aotizhongxin,0.05,spikes_r0.05_k6_s1,hmc_in_K3|robust,9,90,1.1313,1.2799,0.92633,0.6677,0.67841,0.41111,0.73333,0.96667,8.729
aotizhongxin,0.05,spikes_r0.05_k6_s1,hmc_in_K3|robust,10,89,1.1474,1.3164,0.93277,0.67424,0.68689,0.38202,0.68539,0.96629,8.7372
aotizhongxin,0.05,spikes_r0.05_k6_s1,hmc_in_K3|robust,11,90,1.1605,1.3468,0.95113,0.66859,0.69264,0.33333,0.73333,0.95556,8.7413
aotizhongxin,0.05,spikes_r0.05_k6_s1,hmc_in_K3|robust,12,90,1.2143,1.4744,0.98812,0.68126,0.71466,0.41111,0.74444,0.95556,8.7453
aotizhongxin,0.05,spikes_r0.05_k6_s1,hmc_in_K3|robust,13,91,1.1566,1.3377,0.94286,0.64963,0.69207,0.47253,0.78022,0.97802,8.7477
aotizhongxin,0.05,spikes_r0.05_k6_s1,hmc_in_K3|robust,14,90,1.199,1.4376,0.96873,0.66354,0.70933,0.46667,0.77778,0.95556,8.7506
aotizhongxin,0.05,spikes_r0.05_k6_s1,hmc_in_K3|robust,15,91,1.1832,1.4,0.96933,0.65836,0.70499,0.45055,0.8022,0.97802,8.7517
aotizhongxin,0.05,spikes_r0.05_k6_s1,hmc_in_K3|robust,16,91,1.2147,1.4755,0.97042,0.67205,0.71734,0.48352,0.76923,0.94505,8.753
aotizhongxin,0.05,spikes_r0.05_k6_s1,hmc_in_K3|robust,17,90,1.1609,1.3476,0.93323,0.64308,0.69222,0.51111,0.82222,0.96667,8.7547
aotizhongxin,0.05,spikes_r0.05_k6_s1,hmc_in_K3|robust,18,90,1.1582,1.3414,0.92392,0.64435,0.69172,0.48889,0.81111,0.96667,8.7553
aotizhongxin,0.05,spikes_r0.05_k6_s1,hmc_in_K3|robust,19,90,1.1948,1.4276,0.99029,0.66697,0.71316,0.46667,0.77778,0.98889,8.7545
aotizhongxin,0.05,spikes_r0.05_k6_s1,hmc_in_K3|robust,20,91,1.2557,1.5768,1.0318,0.69714,0.73925,0.42857,0.78022,0.95604,8.7554
aotizhongxin,0.05,spikes_r0.05_k6_s1,hmc_in_K3|robust,21,90,1.1701,1.3692,0.98406,0.65301,0.70307,0.42222,0.81111,1,8.7561
aotizhongxin,0.05,spikes_r0.05_k6_s1,hmc_in_K3|robust,22,89,1.2974,1.6833,1.0608,0.71672,0.75854,0.42697,0.76404,0.96629,8.7566
aotizhongxin,0.05,spikes_r0.05_k6_s1,hmc_in_K3|robust,23,88,1.2464,1.5536,1.0244,0.69817,0.73694,0.43182,0.75,0.98864,8.7561
aotizhongxin,0.05,spikes_r0.05_k6_s1,hmc_in_K3|robust,24,90,1.2915,1.668,1.021,0.71617,0.75248,0.44444,0.77778,0.94444,8.756
aotizhongxin,0.05,spikes_r0.05_k6_s1,hmc_in_K3|hampel+gate,1,90,0.58997,0.34806,0.47331,0.33382,0.33135,0.41111,0.73333,0.92222,2.375
aotizhongxin,0.05,spikes_r0.05_k6_s1,hmc_in_K3|hampel+gate,2,89,0.71067,0.50506,0.57167,0.40412,0.40317,0.34831,0.73034,0.89888,2.6517
aotizhongxin,0.05,spikes_r0.05_k6_s1,hmc_in_K3|hampel+gate,3,89,0.80096,0.64154,0.64549,0.44942,0.45294,0.38202,0.69663,0.8764,2.8102
aotizhongxin,0.05,spikes_r0.05_k6_s1,hmc_in_K3|hampel+gate,4,90,0.90259,0.81467,0.74352,0.5126,0.51794,0.34444,0.62222,0.84444,2.929
aotizhongxin,0.05,spikes_r0.05_k6_s1,hmc_in_K3|hampel+gate,5,88,1.0343,1.0698,0.85945,0.59217,0.60084,0.27273,0.625,0.82955,3.0544
aotizhongxin,0.05,spikes_r0.05_k6_s1,hmc_in_K3|hampel+gate,6,90,1.0878,1.1833,0.90378,0.62492,0.63479,0.25556,0.61111,0.8,3.1319
aotizhongxin,0.05,spikes_r0.05_k6_s1,hmc_in_K3|hampel+gate,7,91,1.1124,1.2375,0.956,0.65033,0.66165,0.27473,0.57143,0.83516,3.2325
aotizhongxin,0.05,spikes_r0.05_k6_s1,hmc_in_K3|hampel+gate,8,90,1.1529,1.3293,0.97705,0.67231,0.6837,0.27778,0.56667,0.84444,3.3331
aotizhongxin,0.05,spikes_r0.05_k6_s1,hmc_in_K3|hampel+gate,9,90,1.1424,1.3051,0.98585,0.66115,0.67661,0.26667,0.56667,0.87778,3.4143
aotizhongxin,0.05,spikes_r0.05_k6_s1,hmc_in_K3|hampel+gate,10,89,1.15,1.3226,1.0035,0.66825,0.68349,0.22472,0.58427,0.88764,3.4744
aotizhongxin,0.05,spikes_r0.05_k6_s1,hmc_in_K3|hampel+gate,11,90,1.1148,1.2427,0.93519,0.63742,0.65095,0.35556,0.57778,0.87778,3.5237
aotizhongxin,0.05,spikes_r0.05_k6_s1,hmc_in_K3|hampel+gate,12,90,1.1134,1.2397,0.93198,0.63138,0.64272,0.35556,0.64444,0.87778,3.5623
aotizhongxin,0.05,spikes_r0.05_k6_s1,hmc_in_K3|hampel+gate,13,91,1.0349,1.0711,0.87006,0.58947,0.59877,0.37363,0.71429,0.9011,3.5926
aotizhongxin,0.05,spikes_r0.05_k6_s1,hmc_in_K3|hampel+gate,14,90,1.0593,1.122,0.87585,0.60572,0.61022,0.4,0.73333,0.88889,3.6206
aotizhongxin,0.05,spikes_r0.05_k6_s1,hmc_in_K3|hampel+gate,15,91,1.0328,1.0668,0.87579,0.59346,0.59777,0.3956,0.74725,0.9011,3.6417
aotizhongxin,0.05,spikes_r0.05_k6_s1,hmc_in_K3|hampel+gate,16,91,1.0692,1.1433,0.89225,0.61239,0.61515,0.41758,0.75824,0.9011,3.6609
aotizhongxin,0.05,spikes_r0.05_k6_s1,hmc_in_K3|hampel+gate,17,90,1.0305,1.0619,0.85009,0.59249,0.5903,0.44444,0.76667,0.88889,3.6787
aotizhongxin,0.05,spikes_r0.05_k6_s1,hmc_in_K3|hampel+gate,18,90,1.043,1.0878,0.86799,0.60184,0.60122,0.41111,0.75556,0.91111,3.6941
aotizhongxin,0.05,spikes_r0.05_k6_s1,hmc_in_K3|hampel+gate,19,90,1.0667,1.1379,0.89768,0.62138,0.62142,0.4,0.73333,0.93333,3.7034
aotizhongxin,0.05,spikes_r0.05_k6_s1,hmc_in_K3|hampel+gate,20,91,1.1161,1.2457,0.94936,0.653,0.65324,0.35165,0.71429,0.91209,3.7154
aotizhongxin,0.05,spikes_r0.05_k6_s1,hmc_in_K3|hampel+gate,21,90,1.0491,1.1006,0.90789,0.61817,0.61586,0.38889,0.72222,0.96667,3.7268
aotizhongxin,0.05,spikes_r0.05_k6_s1,hmc_in_K3|hampel+gate,22,89,1.1712,1.3718,0.9897,0.68973,0.68584,0.34831,0.74157,0.89888,3.7369
aotizhongxin,0.05,spikes_r0.05_k6_s1,hmc_in_K3|hampel+gate,23,88,1.1588,1.3427,0.9968,0.68414,0.68353,0.38636,0.71591,0.90909,3.7434
aotizhongxin,0.05,spikes_r0.05_k6_s1,hmc_in_K3|hampel+gate,24,90,1.2071,1.457,1.0224,0.70854,0.70814,0.37778,0.72222,0.88889,3.7492
aotizhongxin,0.05,spikes_r0.05_k6_s2,hmc_in_K3|raw+gate,1,90,0.80052,0.64083,0.59163,0.43956,0.53739,0.57778,0.82222,0.96667,8.0364
aotizhongxin,0.05,spikes_r0.05_k6_s2,hmc_in_K3|raw+gate,2,89,0.7673,0.58874,0.57475,0.4588,0.529,0.53933,0.80899,0.98876,8.5093
aotizhongxin,0.05,spikes_r0.05_k6_s2,hmc_in_K3|raw+gate,3,89,0.80802,0.65289,0.63445,0.49691,0.54684,0.47191,0.83146,0.98876,8.6274
aotizhongxin,0.05,spikes_r0.05_k6_s2,hmc_in_K3|raw+gate,4,90,0.88805,0.78863,0.73003,0.54867,0.57902,0.4,0.78889,1,8.6861
aotizhongxin,0.05,spikes_r0.05_k6_s2,hmc_in_K3|raw+gate,5,88,1.0023,1.0046,0.80596,0.61152,0.62227,0.40909,0.75,0.96591,8.7296
aotizhongxin,0.05,spikes_r0.05_k6_s2,hmc_in_K3|raw+gate,6,90,1.0568,1.1168,0.82142,0.6364,0.64412,0.44444,0.75556,0.95556,8.7527
aotizhongxin,0.05,spikes_r0.05_k6_s2,hmc_in_K3|raw+gate,7,91,1.1469,1.3154,0.90837,0.68017,0.68385,0.38462,0.7033,0.94505,8.7665
aotizhongxin,0.05,spikes_r0.05_k6_s2,hmc_in_K3|raw+gate,8,90,1.1902,1.4166,0.95709,0.70365,0.70473,0.41111,0.68889,0.94444,8.7795
aotizhongxin,0.05,spikes_r0.05_k6_s2,hmc_in_K3|raw+gate,9,90,1.1516,1.3262,0.93341,0.68223,0.6896,0.38889,0.73333,0.96667,8.7882
aotizhongxin,0.05,spikes_r0.05_k6_s2,hmc_in_K3|raw+gate,10,89,1.1664,1.3604,0.94622,0.68866,0.69773,0.38202,0.69663,0.96629,8.7962
aotizhongxin,0.05,spikes_r0.05_k6_s2,hmc_in_K3|raw+gate,11,90,1.177,1.3853,0.96387,0.68089,0.70236,0.34444,0.71111,0.95556,8.7992
aotizhongxin,0.05,spikes_r0.05_k6_s2,hmc_in_K3|raw+gate,12,90,1.2304,1.514,1.0024,0.69301,0.72426,0.38889,0.74444,0.95556,8.8026
aotizhongxin,0.05,spikes_r0.05_k6_s2,hmc_in_K3|raw+gate,13,91,1.1711,1.3715,0.95718,0.65964,0.70063,0.47253,0.79121,0.97802,8.8044
aotizhongxin,0.05,spikes_r0.05_k6_s2,hmc_in_K3|raw+gate,14,90,1.2115,1.4679,0.9836,0.67239,0.71709,0.46667,0.76667,0.95556,8.8069
aotizhongxin,0.05,spikes_r0.05_k6_s2,hmc_in_K3|raw+gate,15,91,1.1947,1.4274,0.98112,0.66586,0.71211,0.43956,0.79121,0.97802,8.8076
aotizhongxin,0.05,spikes_r0.05_k6_s2,hmc_in_K3|raw+gate,16,91,1.2233,1.4965,0.97918,0.67735,0.723,0.47253,0.76923,0.94505,8.8085
aotizhongxin,0.05,spikes_r0.05_k6_s2,hmc_in_K3|raw+gate,17,90,1.1673,1.3627,0.93715,0.64643,0.69679,0.5,0.82222,0.96667,8.8098
aotizhongxin,0.05,spikes_r0.05_k6_s2,hmc_in_K3|raw+gate,18,90,1.1655,1.3584,0.92682,0.64814,0.69667,0.5,0.81111,0.96667,8.8101
aotizhongxin,0.05,spikes_r0.05_k6_s2,hmc_in_K3|raw+gate,19,90,1.2024,1.4458,0.99709,0.6717,0.7183,0.45556,0.77778,0.98889,8.809
aotizhongxin,0.05,spikes_r0.05_k6_s2,hmc_in_K3|raw+gate,20,91,1.263,1.5952,1.0395,0.70157,0.74417,0.41758,0.78022,0.95604,8.8097
aotizhongxin,0.05,spikes_r0.05_k6_s2,hmc_in_K3|raw+gate,21,90,1.1765,1.3841,0.99055,0.65662,0.70757,0.4,0.81111,1,8.8102
aotizhongxin,0.05,spikes_r0.05_k6_s2,hmc_in_K3|raw+gate,22,89,1.3037,1.6996,1.0655,0.71982,0.76275,0.42697,0.76404,0.96629,8.8104
aotizhongxin,0.05,spikes_r0.05_k6_s2,hmc_in_K3|raw+gate,23,88,1.2515,1.5663,1.0267,0.70079,0.74067,0.42045,0.75,0.98864,8.8098
aotizhongxin,0.05,spikes_r0.05_k6_s2,hmc_in_K3|raw+gate,24,90,1.2968,1.6816,1.0239,0.71884,0.75628,0.43333,0.77778,0.94444,8.8096
aotizhongxin,0.05,spikes_r0.05_k6_s2,hmc_in_K3|raw,1,90,0.80052,0.64083,0.59163,0.43956,0.53739,0.57778,0.82222,0.96667,8.0364
aotizhongxin,0.05,spikes_r0.05_k6_s2,hmc_in_K3|raw,2,89,0.7673,0.58874,0.57475,0.4588,0.529,0.53933,0.80899,0.98876,8.5093
aotizhongxin,0.05,spikes_r0.05_k6_s2,hmc_in_K3|raw,3,89,0.80802,0.65289,0.63445,0.49691,0.54684,0.47191,0.83146,0.98876,8.6274
aotizhongxin,0.05,spikes_r0.05_k6_s2,hmc_in_K3|raw,4,90,0.88805,0.78863,0.73003,0.54867,0.57902,0.4,0.78889,1,8.6861
aotizhongxin,0.05,spikes_r0.05_k6_s2,hmc_in_K3|raw,5,88,1.0023,1.0046,0.80596,0.61152,0.62227,0.40909,0.75,0.96591,8.7296
aotizhongxin,0.05,spikes_r0.05_k6_s2,hmc_in_K3|raw,6,90,1.0568,1.1168,0.82142,0.6364,0.64412,0.44444,0.75556,0.95556,8.7527
aotizhongxin,0.05,spikes_r0.05_k6_s2,hmc_in_K3|raw,7,91,1.1469,1.3154,0.90837,0.68017,0.68385,0.38462,0.7033,0.94505,8.7665
aotizhongxin,0.05,spikes_r0.05_k6_s2,hmc_in_K3|raw,8,90,1.1902,1.4166,0.95709,0.70365,0.70473,0.41111,0.68889,0.94444,8.7795
aotizhongxin,0.05,spikes_r0.05_k6_s2,hmc_in_K3|raw,9,90,1.1516,1.3262,0.93341,0.68223,0.6896,0.38889,0.73333,0.96667,8.7882
aotizhongxin,0.05,spikes_r0.05_k6_s2,hmc_in_K3|raw,10,89,1.1664,1.3604,0.94622,0.68866,0.69773,0.38202,0.69663,0.96629,8.7962
aotizhongxin,0.05,spikes_r0.05_k6_s2,hmc_in_K3|raw,11,90,1.177,1.3853,0.96387,0.68089,0.70236,0.34444,0.71111,0.95556,8.7992
aotizhongxin,0.05,spikes_r0.05_k6_s2,hmc_in_K3|raw,12,90,1.2304,1.514,1.0024,0.69301,0.72426,0.38889,0.74444,0.95556,8.8026
aotizhongxin,0.05,spikes_r0.05_k6_s2,hmc_in_K3|raw,13,91,1.1711,1.3715,0.95718,0.65964,0.70063,0.47253,0.79121,0.97802,8.8044
aotizhongxin,0.05,spikes_r0.05_k6_s2,hmc_in_K3|raw,14,90,1.2115,1.4679,0.9836,0.67239,0.71709,0.46667,0.76667,0.95556,8.8069
aotizhongxin,0.05,spikes_r0.05_k6_s2,hmc_in_K3|raw,15,91,1.1947,1.4274,0.98112,0.66586,0.71211,0.43956,0.79121,0.97802,8.8076
aotizhongxin,0.05,spikes_r0.05_k6_s2,hmc_in_K3|raw,16,91,1.2233,1.4965,0.97918,0.67735,0.723,0.47253,0.76923,0.94505,8.8085
aotizhongxin,0.05,spikes_r0.05_k6_s2,hmc_in_K3|raw,17,90,1.1673,1.3627,0.93715,0.64643,0.69679,0.5,0.82222,0.96667,8.8098
aotizhongxin,0.05,spikes_r0.05_k6_s2,hmc_in_K3|raw,18,90,1.1655,1.3584,0.92682,0.64814,0.69667,0.5,0.81111,0.96667,8.8101
aotizhongxin,0.05,spikes_r0.05_k6_s2,hmc_in_K3|raw,19,90,1.2024,1.4458,0.99709,0.6717,0.7183,0.45556,0.77778,0.98889,8.809
aotizhongxin,0.05,spikes_r0.05_k6_s2,hmc_in_K3|raw,20,91,1.263,1.5952,1.0395,0.70157,0.74417,0.41758,0.78022,0.95604,8.8097
aotizhongxin,0.05,spikes_r0.05_k6_s2,hmc_in_K3|raw,21,90,1.1765,1.3841,0.99055,0.65662,0.70757,0.4,0.81111,1,8.8102
aotizhongxin,0.05,spikes_r0.05_k6_s2,hmc_in_K3|raw,22,89,1.3037,1.6996,1.0655,0.71982,0.76275,0.42697,0.76404,0.96629,8.8104
aotizhongxin,0.05,spikes_r0.05_k6_s2,hmc_in_K3|raw,23,88,1.2515,1.5663,1.0267,0.70079,0.74067,0.42045,0.75,0.98864,8.8098
aotizhongxin,0.05,spikes_r0.05_k6_s2,hmc_in_K3|raw,24,90,1.2968,1.6816,1.0239,0.71884,0.75628,0.43333,0.77778,0.94444,8.8096
aotizhongxin,0.05,spikes_r0.05_k6_s2,hmc_in_K3|robust+gate,1,90,0.80083,0.64133,0.59187,0.43973,0.53744,0.57778,0.82222,0.96667,8.0336
aotizhongxin,0.05,spikes_r0.05_k6_s2,hmc_in_K3|robust+gate,2,89,0.76745,0.58897,0.57489,0.45891,0.52896,0.53933,0.80899,0.98876,8.5049
aotizhongxin,0.05,spikes_r0.05_k6_s2,hmc_in_K3|robust+gate,3,89,0.80796,0.6528,0.63455,0.49698,0.54672,0.47191,0.83146,0.98876,8.624
aotizhongxin,0.05,spikes_r0.05_k6_s2,hmc_in_K3|robust+gate,4,90,0.88779,0.78817,0.72977,0.54867,0.57882,0.4,0.78889,1,8.6831
aotizhongxin,0.05,spikes_r0.05_k6_s2,hmc_in_K3|robust+gate,5,88,1.002,1.004,0.80551,0.61156,0.62206,0.39773,0.75,0.96591,8.7268
aotizhongxin,0.05,spikes_r0.05_k6_s2,hmc_in_K3|robust+gate,6,90,1.0564,1.116,0.82105,0.63641,0.64388,0.44444,0.75556,0.95556,8.7501
aotizhongxin,0.05,spikes_r0.05_k6_s2,hmc_in_K3|robust+gate,7,91,1.1465,1.3145,0.90789,0.68016,0.6836,0.38462,0.7033,0.94505,8.7641
aotizhongxin,0.05,spikes_r0.05_k6_s2,hmc_in_K3|robust+gate,8,90,1.1899,1.4158,0.95665,0.70363,0.7045,0.41111,0.68889,0.94444,8.7772
aotizhongxin,0.05,spikes_r0.05_k6_s2,hmc_in_K3|robust+gate,9,90,1.1513,1.3256,0.93314,0.68227,0.6894,0.38889,0.73333,0.96667,8.7859
aotizhongxin,0.05,spikes_r0.05_k6_s2,hmc_in_K3|robust+gate,10,89,1.1661,1.3597,0.94594,0.68863,0.69752,0.38202,0.69663,0.96629,8.7941
aotizhongxin,0.05,spikes_r0.05_k6_s2,hmc_in_K3|robust+gate,11,90,1.1766,1.3845,0.96349,0.68076,0.70214,0.34444,0.72222,0.95556,8.7971
aotizhongxin,0.05,spikes_r0.05_k6_s2,hmc_in_K3|robust+gate,12,90,1.23,1.5128,1.002,0.69276,0.72399,0.38889,0.74444,0.95556,8.8006
aotizhongxin,0.05,spikes_r0.05_k6_s2,hmc_in_K3|robust+gate,13,91,1.1706,1.3702,0.95667,0.65931,0.70033,0.47253,0.79121,0.97802,8.8024
aotizhongxin,0.05,spikes_r0.05_k6_s2,hmc_in_K3|robust+gate,14,90,1.211,1.4666,0.98309,0.67205,0.71681,0.46667,0.76667,0.95556,8.805
aotizhongxin,0.05,spikes_r0.05_k6_s2,hmc_in_K3|robust+gate,15,91,1.1942,1.4262,0.98058,0.66547,0.71182,0.43956,0.79121,0.97802,8.8057
aotizhongxin,0.05,spikes_r0.05_k6_s2,hmc_in_K3|robust+gate,16,91,1.2228,1.4953,0.97853,0.67699,0.72274,0.47253,0.76923,0.94505,8.8066
aotizhongxin,0.05,spikes_r0.05_k6_s2,hmc_in_K3|robust+gate,17,90,1.1669,1.3617,0.9367,0.64612,0.69656,0.5,0.82222,0.96667,8.808
aotizhongxin,0.05,spikes_r0.05_k6_s2,hmc_in_K3|robust+gate,18,90,1.1652,1.3577,0.92647,0.64796,0.69651,0.5,0.81111,0.96667,8.8083
aotizhongxin,0.05,spikes_r0.05_k6_s2,hmc_in_K3|robust+gate,19,90,1.2022,1.4453,0.99676,0.67151,0.71816,0.45556,0.77778,0.98889,8.8072
aotizhongxin,0.05,spikes_r0.05_k6_s2,hmc_in_K3|robust+gate,20,91,1.2628,1.5947,1.0394,0.70141,0.74405,0.41758,0.78022,0.95604,8.8079
aotizhongxin,0.05,spikes_r0.05_k6_s2,hmc_in_K3|robust+gate,21,90,1.1764,1.3838,0.99049,0.65651,0.7075,0.4,0.81111,1,8.8084
aotizhongxin,0.05,spikes_r0.05_k6_s2,hmc_in_K3|robust+gate,22,89,1.3037,1.6995,1.0655,0.71978,0.76272,0.42697,0.76404,0.96629,8.8087
aotizhongxin,0.05,spikes_r0.05_k6_s2,hmc_in_K3|robust+gate,23,88,1.2515,1.5663,1.0266,0.70078,0.74065,0.42045,0.75,0.98864,8.808
aotizhongxin,0.05,spikes_r0.05_k6_s2,hmc_in_K3|robust+gate,24,90,1.2968,1.6817,1.0238,0.71885,0.75627,0.43333,0.77778,0.94444,8.8079
aotizhongxin,0.05,spikes_r0.05_k6_s2,hmc_in_K3|robust,1,90,0.80083,0.64133,0.59187,0.43973,0.53744,0.57778,0.82222,0.96667,8.0336
aotizhongxin,0.05,spikes_r0.05_k6_s2,hmc_in_K3|robust,2,89,0.76745,0.58897,0.57489,0.45891,0.52896,0.53933,0.80899,0.98876,8.5049
aotizhongxin,0.05,spikes_r0.05_k6_s2,hmc_in_K3|robust,3,89,0.80796,0.6528,0.63455,0.49698,0.54672,0.47191,0.83146,0.98876,8.624
aotizhongxin,0.05,spikes_r0.05_k6_s2,hmc_in_K3|robust,4,90,0.88779,0.78817,0.72977,0.54867,0.57882,0.4,0.78889,1,8.6831
aotizhongxin,0.05,spikes_r0.05_k6_s2,hmc_in_K3|robust,5,88,1.002,1.004,0.80551,0.61156,0.62206,0.39773,0.75,0.96591,8.7268
aotizhongxin,0.05,spikes_r0.05_k6_s2,hmc_in_K3|robust,6,90,1.0564,1.116,0.82105,0.63641,0.64388,0.44444,0.75556,0.95556,8.7501
aotizhongxin,0.05,spikes_r0.05_k6_s2,hmc_in_K3|robust,7,91,1.1465,1.3145,0.90789,0.68016,0.6836,0.38462,0.7033,0.94505,8.7641
aotizhongxin,0.05,spikes_r0.05_k6_s2,hmc_in_K3|robust,8,90,1.1899,1.4158,0.95665,0.70363,0.7045,0.41111,0.68889,0.94444,8.7772
aotizhongxin,0.05,spikes_r0.05_k6_s2,hmc_in_K3|robust,9,90,1.1513,1.3256,0.93314,0.68227,0.6894,0.38889,0.73333,0.96667,8.7859
aotizhongxin,0.05,spikes_r0.05_k6_s2,hmc_in_K3|robust,10,89,1.1661,1.3597,0.94594,0.68863,0.69752,0.38202,0.69663,0.96629,8.7941
aotizhongxin,0.05,spikes_r0.05_k6_s2,hmc_in_K3|robust,11,90,1.1766,1.3845,0.96349,0.68076,0.70214,0.34444,0.72222,0.95556,8.7971
aotizhongxin,0.05,spikes_r0.05_k6_s2,hmc_in_K3|robust,12,90,1.23,1.5128,1.002,0.69276,0.72399,0.38889,0.74444,0.95556,8.8006
aotizhongxin,0.05,spikes_r0.05_k6_s2,hmc_in_K3|robust,13,91,1.1706,1.3702,0.95667,0.65931,0.70033,0.47253,0.79121,0.97802,8.8024
aotizhongxin,0.05,spikes_r0.05_k6_s2,hmc_in_K3|robust,14,90,1.211,1.4666,0.98309,0.67205,0.71681,0.46667,0.76667,0.95556,8.805
aotizhongxin,0.05,spikes_r0.05_k6_s2,hmc_in_K3|robust,15,91,1.1942,1.4262,0.98058,0.66547,0.71182,0.43956,0.79121,0.97802,8.8057
aotizhongxin,0.05,spikes_r0.05_k6_s2,hmc_in_K3|robust,16,91,1.2228,1.4953,0.97853,0.67699,0.72274,0.47253,0.76923,0.94505,8.8066
aotizhongxin,0.05,spikes_r0.05_k6_s2,hmc_in_K3|robust,17,90,1.1669,1.3617,0.9367,0.64612,0.69656,0.5,0.82222,0.96667,8.808
aotizhongxin,0.05,spikes_r0.05_k6_s2,hmc_in_K3|robust,18,90,1.1652,1.3577,0.92647,0.64796,0.69651,0.5,0.81111,0.96667,8.8083
aotizhongxin,0.05,spikes_r0.05_k6_s2,hmc_in_K3|robust,19,90,1.2022,1.4453,0.99676,0.67151,0.71816,0.45556,0.77778,0.98889,8.8072
aotizhongxin,0.05,spikes_r0.05_k6_s2,hmc_in_K3|robust,20,91,1.2628,1.5947,1.0394,0.70141,0.74405,0.41758,0.78022,0.95604,8.8079
aotizhongxin,0.05,spikes_r0.05_k6_s2,hmc_in_K3|robust,21,90,1.1764,1.3838,0.99049,0.65651,0.7075,0.4,0.81111,1,8.8084
aotizhongxin,0.05,spikes_r0.05_k6_s2,hmc_in_K3|robust,22,89,1.3037,1.6995,1.0655,0.71978,0.76272,0.42697,0.76404,0.96629,8.8087
aotizhongxin,0.05,spikes_r0.05_k6_s2,hmc_in_K3|robust,23,88,1.2515,1.5663,1.0266,0.70078,0.74065,0.42045,0.75,0.98864,8.808
aotizhongxin,0.05,spikes_r0.05_k6_s2,hmc_in_K3|robust,24,90,1.2968,1.6817,1.0238,0.71885,0.75627,0.43333,0.77778,0.94444,8.8079
aotizhongxin,0.05,spikes_r0.05_k6_s2,hmc_in_K3|hampel+gate,1,90,0.59452,0.35345,0.47793,0.33567,0.33379,0.4,0.75556,0.92222,2.364
aotizhongxin,0.05,spikes_r0.05_k6_s2,hmc_in_K3|hampel+gate,2,89,0.71063,0.505,0.57417,0.40431,0.40384,0.32584,0.73034,0.91011,2.6481
aotizhongxin,0.05,spikes_r0.05_k6_s2,hmc_in_K3|hampel+gate,3,89,0.80105,0.64169,0.64669,0.44983,0.45364,0.39326,0.69663,0.8764,2.8132
aotizhongxin,0.05,spikes_r0.05_k6_s2,hmc_in_K3|hampel+gate,4,90,0.90207,0.81373,0.74546,0.51298,0.51846,0.34444,0.62222,0.85556,2.938
aotizhongxin,0.05,spikes_r0.05_k6_s2,hmc_in_K3|hampel+gate,5,88,1.0346,1.0705,0.86104,0.59309,0.6019,0.26136,0.61364,0.81818,3.0664
aotizhongxin,0.05,spikes_r0.05_k6_s2,hmc_in_K3|hampel+gate,6,90,1.088,1.1838,0.90549,0.62529,0.6353,0.26667,0.61111,0.8,3.1471
aotizhongxin,0.05,spikes_r0.05_k6_s2,hmc_in_K3|hampel+gate,7,91,1.1141,1.2412,0.95745,0.65141,0.6627,0.27473,0.56044,0.83516,3.2525
aotizhongxin,0.05,spikes_r0.05_k6_s2,hmc_in_K3|hampel+gate,8,90,1.1547,1.3333,0.98023,0.67343,0.68478,0.26667,0.56667,0.84444,3.3511
aotizhongxin,0.05,spikes_r0.05_k6_s2,hmc_in_K3|hampel+gate,9,90,1.1431,1.3066,0.98733,0.66155,0.6771,0.26667,0.55556,0.87778,3.4262
aotizhongxin,0.05,spikes_r0.05_k6_s2,hmc_in_K3|hampel+gate,10,89,1.1509,1.3246,1.0047,0.66887,0.6842,0.23596,0.58427,0.8764,3.4824
aotizhongxin,0.05,spikes_r0.05_k6_s2,hmc_in_K3|hampel+gate,11,90,1.1162,1.2459,0.93684,0.63844,0.65204,0.35556,0.57778,0.87778,3.5287
aotizhongxin,0.05,spikes_r0.05_k6_s2,hmc_in_K3|hampel+gate,12,90,1.1152,1.2436,0.93379,0.63274,0.64409,0.34444,0.64444,0.87778,3.5654
aotizhongxin,0.05,spikes_r0.05_k6_s2,hmc_in_K3|hampel+gate,13,91,1.0368,1.075,0.87283,0.59073,0.60011,0.37363,0.71429,0.9011,3.5942
aotizhongxin,0.05,spikes_r0.05_k6_s2,hmc_in_K3|hampel+gate,14,90,1.061,1.1258,0.87827,0.60684,0.6114,0.4,0.73333,0.88889,3.6211
aotizhongxin,0.05,spikes_r0.05_k6_s2,hmc_in_K3|hampel+gate,15,91,1.0339,1.069,0.87778,0.594,0.59841,0.38462,0.74725,0.9011,3.6413
aotizhongxin,0.05,spikes_r0.05_k6_s2,hmc_in_K3|hampel+gate,16,91,1.0695,1.1438,0.89296,0.6126,0.61539,0.41758,0.75824,0.9011,3.6598
aotizhongxin,0.05,spikes_r0.05_k6_s2,hmc_in_K3|hampel+gate,17,90,1.0301,1.0612,0.84972,0.59231,0.59004,0.43333,0.76667,0.88889,3.6768
aotizhongxin,0.05,spikes_r0.05_k6_s2,hmc_in_K3|hampel+gate,18,90,1.0427,1.0873,0.86766,0.60157,0.60093,0.41111,0.75556,0.91111,3.6918
aotizhongxin,0.05,spikes_r0.05_k6_s2,hmc_in_K3|hampel+gate,19,90,1.0668,1.1381,0.89782,0.62133,0.62146,0.4,0.73333,0.93333,3.7007
aotizhongxin,0.05,spikes_r0.05_k6_s2,hmc_in_K3|hampel+gate,20,91,1.1164,1.2463,0.94974,0.65299,0.65332,0.35165,0.71429,0.91209,3.7123
aotizhongxin,0.05,spikes_r0.05_k6_s2,hmc_in_K3|hampel+gate,21,90,1.0488,1.1,0.90805,0.61789,0.61568,0.38889,0.72222,0.96667,3.7235
aotizhongxin,0.05,spikes_r0.05_k6_s2,hmc_in_K3|hampel+gate,22,89,1.1716,1.3727,0.98899,0.68986,0.686,0.33708,0.74157,0.89888,3.7333
aotizhongxin,0.05,spikes_r0.05_k6_s2,hmc_in_K3|hampel+gate,23,88,1.1586,1.3423,0.99649,0.68395,0.68339,0.38636,0.71591,0.90909,3.7395
aotizhongxin,0.05,spikes_r0.05_k6_s2,hmc_in_K3|hampel+gate,24,90,1.207,1.4569,1.022,0.70838,0.70797,0.37778,0.71111,0.88889,3.7451
tsnh4,0,clean,pmc_state_K2|raw+gate,1,93,0.08876,0.0078784,0.070879,0.049822,0.049963,0.43011,0.68817,0.95699,0.33334
tsnh4,0,clean,pmc_state_K2|raw+gate,2,93,0.11387,0.012966,0.093688,0.065004,0.064902,0.47312,0.78495,0.97849,0.46412
tsnh4,0,clean,pmc_state_K2|raw+gate,3,93,0.13021,0.016955,0.10644,0.072672,0.07328,0.48387,0.8172,0.97849,0.5655
tsnh4,0,clean,pmc_state_K2|raw+gate,4,93,0.1558,0.024273,0.11592,0.085737,0.086406,0.58065,0.76344,0.95699,0.65196
tsnh4,0,clean,pmc_state_K2|raw+gate,5,93,0.17811,0.031725,0.13602,0.098137,0.098395,0.55914,0.8172,0.95699,0.72894
tsnh4,0,clean,pmc_state_K2|raw+gate,6,93,0.18611,0.034636,0.14501,0.10373,0.10399,0.56989,0.82796,0.95699,0.79868
tsnh4,0,clean,pmc_state_K2|raw+gate,7,93,0.22535,0.050782,0.1664,0.12164,0.12169,0.50538,0.8172,0.91398,0.8636
tsnh4,0,clean,pmc_state_K2|raw+gate,8,93,0.25512,0.065086,0.17805,0.13393,0.13398,0.56989,0.8172,0.90323,0.92358
tsnh4,0,clean,pmc_state_K2|raw+gate,9,93,0.27211,0.074043,0.19446,0.14633,0.14618,0.6129,0.76344,0.91398,0.98059
tsnh4,0,clean,pmc_state_K2|raw+gate,10,93,0.30751,0.094564,0.21855,0.16341,0.16321,0.5914,0.75269,0.91398,1.0344
tsnh4,0,clean,pmc_state_K2|raw+gate,11,93,0.33088,0.10948,0.23914,0.17703,0.17644,0.56989,0.74194,0.92473,1.0855
tsnh4,0,clean,pmc_state_K2|raw+gate,12,93,0.37439,0.14017,0.26313,0.19964,0.19863,0.51613,0.75269,0.86022,1.1343
tsnh4,0,clean,pmc_state_K2|raw+gate,13,93,0.39242,0.154,0.27436,0.20744,0.20675,0.55914,0.75269,0.84946,1.1814
tsnh4,0,clean,pmc_state_K2|raw+gate,14,93,0.40574,0.16462,0.28984,0.21712,0.21591,0.49462,0.76344,0.87097,1.2262
tsnh4,0,clean,pmc_state_K2|raw+gate,15,93,0.42576,0.18127,0.30648,0.2285,0.22717,0.47312,0.75269,0.87097,1.2698
tsnh4,0,clean,pmc_state_K2|raw+gate,16,93,0.44682,0.19965,0.31773,0.24029,0.23879,0.52688,0.73118,0.87097,1.3113
tsnh4,0,clean,pmc_state_K2|raw+gate,17,93,0.46237,0.21379,0.3384,0.25285,0.25058,0.49462,0.74194,0.84946,1.3518
tsnh4,0,clean,pmc_state_K2|raw+gate,18,93,0.47718,0.2277,0.34961,0.26215,0.25957,0.50538,0.70968,0.8172,1.3907
tsnh4,0,clean,pmc_state_K2|raw+gate,19,93,0.5099,0.26,0.36748,0.28119,0.27828,0.47312,0.67742,0.82796,1.4288
tsnh4,0,clean,pmc_state_K2|raw+gate,20,93,0.52864,0.27946,0.38204,0.2917,0.28855,0.48387,0.67742,0.83871,1.4653
tsnh4,0,clean,pmc_state_K2|raw+gate,21,93,0.54261,0.29443,0.39755,0.30252,0.29904,0.47312,0.65591,0.8172,1.5006
tsnh4,0,clean,pmc_state_K2|raw+gate,22,93,0.55639,0.30957,0.40425,0.30849,0.30559,0.47312,0.64516,0.83871,1.535
tsnh4,0,clean,pmc_state_K2|raw+gate,23,93,0.56552,0.31982,0.41481,0.31376,0.31121,0.49462,0.65591,0.84946,1.5688
tsnh4,0,clean,pmc_state_K2|raw+gate,24,93,0.58609,0.34351,0.43869,0.32699,0.324,0.44086,0.6129,0.88172,1.6013
tsnh4,0,clean,pmc_state_K2|raw,1,93,0.08876,0.0078784,0.070879,0.049822,0.049963,0.43011,0.68817,0.95699,0.33334
tsnh4,0,clean,pmc_state_K2|raw,2,93,0.11387,0.012966,0.093688,0.065004,0.064902,0.47312,0.78495,0.97849,0.46412
tsnh4,0,clean,pmc_state_K2|raw,3,93,0.13021,0.016955,0.10644,0.072672,0.07328,0.48387,0.8172,0.97849,0.5655
tsnh4,0,clean,pmc_state_K2|raw,4,93,0.1558,0.024273,0.11592,0.085737,0.086406,0.58065,0.76344,0.95699,0.65196
tsnh4,0,clean,pmc_state_K2|raw,5,93,0.17811,0.031725,0.13602,0.098137,0.098395,0.55914,0.8172,0.95699,0.72894
tsnh4,0,clean,pmc_state_K2|raw,6,93,0.18611,0.034636,0.14501,0.10373,0.10399,0.56989,0.82796,0.95699,0.79868
tsnh4,0,clean,pmc_state_K2|raw,7,93,0.22535,0.050782,0.1664,0.12164,0.12169,0.50538,0.8172,0.91398,0.8636
tsnh4,0,clean,pmc_state_K2|raw,8,93,0.25512,0.065086,0.17805,0.13393,0.13398,0.56989,0.8172,0.90323,0.92358
tsnh4,0,clean,pmc_state_K2|raw,9,93,0.27211,0.074043,0.19446,0.14633,0.14618,0.6129,0.76344,0.91398,0.98059
tsnh4,0,clean,pmc_state_K2|raw,10,93,0.30751,0.094564,0.21855,0.16341,0.16321,0.5914,0.75269,0.91398,1.0344
tsnh4,0,clean,pmc_state_K2|raw,11,93,0.33088,0.10948,0.23914,0.17703,0.17644,0.56989,0.74194,0.92473,1.0855
tsnh4,0,clean,pmc_state_K2|raw,12,93,0.37439,0.14017,0.26313,0.19964,0.19863,0.51613,0.75269,0.86022,1.1343
tsnh4,0,clean,pmc_state_K2|raw,13,93,0.39242,0.154,0.27436,0.20744,0.20675,0.55914,0.75269,0.84946,1.1814
tsnh4,0,clean,pmc_state_K2|raw,14,93,0.40574,0.16462,0.28984,0.21712,0.21591,0.49462,0.76344,0.87097,1.2262
tsnh4,0,clean,pmc_state_K2|raw,15,93,0.42576,0.18127,0.30648,0.2285,0.22717,0.47312,0.75269,0.87097,1.2698
tsnh4,0,clean,pmc_state_K2|raw,16,93,0.44682,0.19965,0.31773,0.24029,0.23879,0.52688,0.73118,0.87097,1.3113
tsnh4,0,clean,pmc_state_K2|raw,17,93,0.46237,0.21379,0.3384,0.25285,0.25058,0.49462,0.74194,0.84946,1.3518
tsnh4,0,clean,pmc_state_K2|raw,18,93,0.47718,0.2277,0.34961,0.26215,0.25957,0.50538,0.70968,0.8172,1.3907
tsnh4,0,clean,pmc_state_K2|raw,19,93,0.5099,0.26,0.36748,0.28119,0.27828,0.47312,0.67742,0.82796,1.4288
tsnh4,0,clean,pmc_state_K2|raw,20,93,0.52864,0.27946,0.38204,0.2917,0.28855,0.48387,0.67742,0.83871,1.4653
tsnh4,0,clean,pmc_state_K2|raw,21,93,0.54261,0.29443,0.39755,0.30252,0.29904,0.47312,0.65591,0.8172,1.5006
tsnh4,0,clean,pmc_state_K2|raw,22,93,0.55639,0.30957,0.40425,0.30849,0.30559,0.47312,0.64516,0.83871,1.535
tsnh4,0,clean,pmc_state_K2|raw,23,93,0.56552,0.31982,0.41481,0.31376,0.31121,0.49462,0.65591,0.84946,1.5688
tsnh4,0,clean,pmc_state_K2|raw,24,93,0.58609,0.34351,0.43869,0.32699,0.324,0.44086,0.6129,0.88172,1.6013
tsnh4,0,clean,pmc_state_K2|robust+gate,1,93,0.092879,0.0086265,0.073466,0.052108,0.051954,0.4086,0.67742,0.94624,0.32367
tsnh4,0,clean,pmc_state_K2|robust+gate,2,93,0.11766,0.013843,0.096342,0.067266,0.067325,0.45161,0.74194,0.95699,0.44767
tsnh4,0,clean,pmc_state_K2|robust+gate,3,93,0.13563,0.018394,0.10901,0.075077,0.075152,0.46237,0.8172,0.96774,0.54371
tsnh4,0,clean,pmc_state_K2|robust+gate,4,93,0.15989,0.025566,0.11854,0.087995,0.088164,0.56989,0.75269,0.94624,0.62439
tsnh4,0,clean,pmc_state_K2|robust+gate,5,93,0.18015,0.032454,0.13855,0.099542,0.09949,0.52688,0.77419,0.92473,0.69571
tsnh4,0,clean,pmc_state_K2|robust+gate,6,93,0.1896,0.035949,0.14795,0.10579,0.10575,0.54839,0.7957,0.93548,0.76037
tsnh4,0,clean,pmc_state_K2|robust+gate,7,93,0.22894,0.052413,0.16903,0.12397,0.12377,0.50538,0.80645,0.90323,0.81956
tsnh4,0,clean,pmc_state_K2|robust+gate,8,93,0.25762,0.06637,0.18097,0.13582,0.13557,0.52688,0.80645,0.90323,0.87457
tsnh4,0,clean,pmc_state_K2|robust+gate,9,93,0.27521,0.075741,0.19782,0.14862,0.14832,0.60215,0.75269,0.90323,0.92632
tsnh4,0,clean,pmc_state_K2|robust+gate,10,93,0.31051,0.096418,0.22169,0.16583,0.16569,0.58065,0.74194,0.88172,0.97518
tsnh4,0,clean,pmc_state_K2|robust+gate,11,93,0.33381,0.11143,0.24284,0.17955,0.17917,0.53763,0.73118,0.89247,1.0211
tsnh4,0,clean,pmc_state_K2|robust+gate,12,93,0.37659,0.14182,0.26708,0.20159,0.20113,0.48387,0.73118,0.83871,1.0654
tsnh4,0,clean,pmc_state_K2|robust+gate,13,93,0.39426,0.15544,0.27624,0.20865,0.20847,0.53763,0.73118,0.83871,1.1076
tsnh4,0,clean,pmc_state_K2|robust+gate,14,93,0.4075,0.16606,0.2911,0.21803,0.21776,0.50538,0.75269,0.84946,1.148
tsnh4,0,clean,pmc_state_K2|robust+gate,15,93,0.42802,0.1832,0.308,0.22989,0.22967,0.45161,0.73118,0.84946,1.1868
tsnh4,0,clean,pmc_state_K2|robust+gate,16,93,0.44996,0.20247,0.32139,0.24259,0.24232,0.50538,0.72043,0.8172,1.2243
tsnh4,0,clean,pmc_state_K2|robust+gate,17,93,0.4656,0.21679,0.34146,0.25513,0.25458,0.47312,0.72043,0.80645,1.2606
tsnh4,0,clean,pmc_state_K2|robust+gate,18,93,0.48013,0.23052,0.35069,0.26385,0.2632,0.50538,0.69892,0.7957,1.2955
tsnh4,0,clean,pmc_state_K2|robust+gate,19,93,0.51308,0.26325,0.36859,0.28317,0.28229,0.47312,0.66667,0.7957,1.3294
tsnh4,0,clean,pmc_state_K2|robust+gate,20,93,0.5323,0.28334,0.38377,0.29402,0.29308,0.48387,0.64516,0.80645,1.3623
tsnh4,0,clean,pmc_state_K2|robust+gate,21,93,0.54656,0.29873,0.39924,0.3051,0.30418,0.48387,0.64516,0.78495,1.3942
tsnh4,0,clean,pmc_state_K2|robust+gate,22,93,0.56086,0.31456,0.40589,0.31142,0.31117,0.46237,0.62366,0.7957,1.4252
tsnh4,0,clean,pmc_state_K2|robust+gate,23,93,0.57061,0.32559,0.4165,0.31729,0.31734,0.48387,0.62366,0.82796,1.4553
tsnh4,0,clean,pmc_state_K2|robust+gate,24,93,0.59127,0.3496,0.44007,0.33067,0.33054,0.43011,0.58065,0.82796,1.4847
tsnh4,0,clean,pmc_state_K2|robust,1,93,0.088549,0.0078409,0.070804,0.049902,0.04976,0.41935,0.68817,0.95699,0.32231
tsnh4,0,clean,pmc_state_K2|robust,2,93,0.11377,0.012945,0.093678,0.065074,0.065146,0.46237,0.75269,0.96774,0.44644
tsnh4,0,clean,pmc_state_K2|robust,3,93,0.13021,0.016955,0.10634,0.072637,0.072717,0.46237,0.8172,0.97849,0.54254
tsnh4,0,clean,pmc_state_K2|robust,4,93,0.15589,0.024302,0.11587,0.085681,0.085864,0.56989,0.76344,0.95699,0.62322
tsnh4,0,clean,pmc_state_K2|robust,5,93,0.17843,0.031837,0.13606,0.09815,0.098088,0.53763,0.78495,0.92473,0.69458
tsnh4,0,clean,pmc_state_K2|robust,6,93,0.1865,0.034781,0.14528,0.10369,0.10367,0.55914,0.80645,0.94624,0.7592
tsnh4,0,clean,pmc_state_K2|robust,7,93,0.22564,0.050914,0.16635,0.12168,0.12151,0.50538,0.8172,0.91398,0.81838
tsnh4,0,clean,pmc_state_K2|robust,8,93,0.25563,0.065348,0.1783,0.13402,0.13377,0.53763,0.8172,0.90323,0.87336
tsnh4,0,clean,pmc_state_K2|robust,9,93,0.2729,0.074475,0.19514,0.14661,0.14633,0.6129,0.76344,0.90323,0.92511
tsnh4,0,clean,pmc_state_K2|robust,10,93,0.30855,0.095206,0.21901,0.16393,0.1638,0.5914,0.75269,0.88172,0.97393
tsnh4,0,clean,pmc_state_K2|robust,11,93,0.33214,0.11032,0.24016,0.17781,0.17743,0.54839,0.74194,0.89247,1.0199
tsnh4,0,clean,pmc_state_K2|robust,12,93,0.37595,0.14134,0.26513,0.2008,0.20027,0.49462,0.73118,0.83871,1.0642
tsnh4,0,clean,pmc_state_K2|robust,13,93,0.39424,0.15543,0.2762,0.20868,0.20841,0.53763,0.73118,0.83871,1.1063
tsnh4,0,clean,pmc_state_K2|robust,14,93,0.40798,0.16645,0.29267,0.21871,0.21836,0.49462,0.75269,0.84946,1.1466
tsnh4,0,clean,pmc_state_K2|robust,15,93,0.42833,0.18347,0.30906,0.23036,0.23005,0.44086,0.73118,0.84946,1.1854
tsnh4,0,clean,pmc_state_K2|robust,16,93,0.44979,0.20231,0.32077,0.24241,0.24203,0.50538,0.72043,0.8172,1.2229
tsnh4,0,clean,pmc_state_K2|robust,17,93,0.46578,0.21695,0.34211,0.25543,0.25478,0.46237,0.72043,0.80645,1.2592
tsnh4,0,clean,pmc_state_K2|robust,18,93,0.48095,0.23131,0.35338,0.265,0.26428,0.49462,0.69892,0.7957,1.2941
tsnh4,0,clean,pmc_state_K2|robust,19,93,0.51397,0.26417,0.37127,0.28445,0.28351,0.46237,0.66667,0.7957,1.328
tsnh4,0,clean,pmc_state_K2|robust,20,93,0.53319,0.28429,0.38646,0.29531,0.29431,0.47312,0.64516,0.80645,1.3608
tsnh4,0,clean,pmc_state_K2|robust,21,93,0.54764,0.29991,0.40193,0.30661,0.30564,0.47312,0.64516,0.78495,1.3927
tsnh4,0,clean,pmc_state_K2|robust,22,93,0.56181,0.31563,0.40858,0.31278,0.31248,0.45161,0.62366,0.7957,1.4237
tsnh4,0,clean,pmc_state_K2|robust,23,93,0.57122,0.32629,0.41919,0.31823,0.31819,0.47312,0.62366,0.82796,1.4538
tsnh4,0,clean,pmc_state_K2|robust,24,93,0.59217,0.35067,0.44276,0.33199,0.3318,0.41935,0.58065,0.82796,1.4832
aotizhongxin,0,clean,pmc_pair_K3|raw+gate,1,90,0.39581,0.15666,0.26136,0.19875,0.19985,0.43333,0.7,0.9,1.3361
aotizhongxin,0,clean,pmc_pair_K3|raw+gate,2,89,0.60599,0.36722,0.42343,0.32016,0.3208,0.39326,0.62921,0.8764,1.795
aotizhongxin,0,clean,pmc_pair_K3|raw+gate,3,89,0.72345,0.52339,0.5237,0.3858,0.38942,0.37079,0.64045,0.86517,2.1152
aotizhongxin,0,clean,pmc_pair_K3|raw+gate,4,90,0.85293,0.72748,0.6342,0.46142,0.4651,0.31111,0.62222,0.8,2.3479
aotizhongxin,0,clean,pmc_pair_K3|raw+gate,5,88,0.96279,0.92696,0.75259,0.53232,0.53701,0.22727,0.54545,0.82955,2.5514
aotizhongxin,0,clean,pmc_pair_K3|raw+gate,6,90,1.0403,1.0822,0.80921,0.57211,0.57931,0.24444,0.55556,0.81111,2.7074
aotizhongxin,0,clean,pmc_pair_K3|raw+gate,7,91,1.046,1.0942,0.8373,0.59333,0.60267,0.27473,0.51648,0.81319,2.8436
aotizhongxin,0,clean,pmc_pair_K3|raw+gate,8,90,1.0884,1.1847,0.87988,0.61595,0.62516,0.25556,0.55556,0.76667,2.9582
aotizhongxin,0,clean,pmc_pair_K3|raw+gate,9,90,1.0901,1.1884,0.88694,0.61397,0.62602,0.25556,0.55556,0.83333,3.0555
aotizhongxin,0,clean,pmc_pair_K3|raw+gate,10,89,1.101,1.2121,0.90571,0.61973,0.63276,0.26966,0.57303,0.82022,3.1415
aotizhongxin,0,clean,pmc_pair_K3|raw+gate,11,90,1.0791,1.1645,0.84685,0.59768,0.60922,0.32222,0.62222,0.88889,3.2136
aotizhongxin,0,clean,pmc_pair_K3|raw+gate,12,90,1.0839,1.1749,0.85412,0.59373,0.60474,0.36667,0.7,0.9,3.2805
aotizhongxin,0,clean,pmc_pair_K3|raw+gate,13,91,0.99692,0.99386,0.79952,0.54814,0.5573,0.37363,0.74725,0.93407,3.3376
aotizhongxin,0,clean,pmc_pair_K3|raw+gate,14,90,1.0225,1.0456,0.8195,0.56835,0.57354,0.36667,0.76667,0.9,3.3945
aotizhongxin,0,clean,pmc_pair_K3|raw+gate,15,91,0.99455,0.98914,0.80913,0.55483,0.55999,0.35165,0.79121,0.92308,3.4394
aotizhongxin,0,clean,pmc_pair_K3|raw+gate,16,91,1.0369,1.0752,0.83082,0.57579,0.58085,0.3956,0.78022,0.89011,3.481
aotizhongxin,0,clean,pmc_pair_K3|raw+gate,17,90,0.99721,0.99442,0.78276,0.5499,0.5523,0.41111,0.82222,0.91111,3.5231
aotizhongxin,0,clean,pmc_pair_K3|raw+gate,18,90,1.0084,1.0169,0.81162,0.56519,0.56898,0.41111,0.74444,0.92222,3.5602
aotizhongxin,0,clean,pmc_pair_K3|raw+gate,19,90,1.0374,1.0763,0.83364,0.58692,0.58892,0.44444,0.73333,0.93333,3.5856
aotizhongxin,0,clean,pmc_pair_K3|raw+gate,20,91,1.0784,1.163,0.89079,0.62228,0.6231,0.37363,0.7033,0.93407,3.6153
aotizhongxin,0,clean,pmc_pair_K3|raw+gate,21,90,1.0279,1.0567,0.86866,0.59975,0.59666,0.38889,0.73333,0.95556,3.6436
aotizhongxin,0,clean,pmc_pair_K3|raw+gate,22,89,1.1698,1.3684,0.98277,0.68801,0.68309,0.34831,0.66292,0.89888,3.6677
aotizhongxin,0,clean,pmc_pair_K3|raw+gate,23,88,1.1641,1.355,0.99618,0.68483,0.6847,0.36364,0.67045,0.90909,3.6867
aotizhongxin,0,clean,pmc_pair_K3|raw+gate,24,90,1.2136,1.4729,1.02,0.70893,0.70992,0.36667,0.61111,0.9,3.7032
aotizhongxin,0,clean,pmc_pair_K3|raw,1,90,0.396,0.15681,0.26171,0.19889,0.20001,0.43333,0.68889,0.9,1.328
aotizhongxin,0,clean,pmc_pair_K3|raw,2,89,0.60603,0.36727,0.42378,0.32014,0.32062,0.38202,0.62921,0.8764,1.7883
aotizhongxin,0,clean,pmc_pair_K3|raw,3,89,0.72343,0.52335,0.52334,0.38571,0.38915,0.37079,0.64045,0.86517,2.1096
aotizhongxin,0,clean,pmc_pair_K3|raw,4,90,0.85284,0.72734,0.63384,0.4613,0.46485,0.31111,0.62222,0.8,2.3434
aotizhongxin,0,clean,pmc_pair_K3|raw,5,88,0.96271,0.92681,0.75223,0.53219,0.53676,0.22727,0.54545,0.82955,2.5473
aotizhongxin,0,clean,pmc_pair_K3|raw,6,90,1.0402,1.082,0.80887,0.57198,0.57908,0.24444,0.55556,0.81111,2.7039
aotizhongxin,0,clean,pmc_pair_K3|raw,7,91,1.0459,1.0939,0.83697,0.5932,0.60246,0.27473,0.51648,0.81319,2.8404
aotizhongxin,0,clean,pmc_pair_K3|raw,8,90,1.0884,1.1845,0.87954,0.61582,0.62496,0.25556,0.55556,0.76667,2.9554
aotizhongxin,0,clean,pmc_pair_K3|raw,9,90,1.0902,1.1886,0.88726,0.61411,0.62613,0.25556,0.55556,0.83333,3.053
aotizhongxin,0,clean,pmc_pair_K3|raw,10,89,1.1012,1.2127,0.90603,0.62005,0.63312,0.26966,0.57303,0.82022,3.1392
aotizhongxin,0,clean,pmc_pair_K3|raw,11,90,1.0795,1.1654,0.84716,0.5981,0.60971,0.32222,0.62222,0.88889,3.2115
aotizhongxin,0,clean,pmc_pair_K3|raw,12,90,1.0843,1.1757,0.85442,0.5941,0.60517,0.36667,0.7,0.9,3.2786
aotizhongxin,0,clean,pmc_pair_K3|raw,13,91,0.99705,0.9941,0.79981,0.54827,0.55738,0.37363,0.74725,0.93407,3.336
aotizhongxin,0,clean,pmc_pair_K3|raw,14,90,1.0229,1.0463,0.81979,0.56867,0.5739,0.36667,0.76667,0.9,3.3932
aotizhongxin,0,clean,pmc_pair_K3|raw,15,91,0.99489,0.98981,0.8094,0.55515,0.56033,0.35165,0.79121,0.92308,3.4382
aotizhongxin,0,clean,pmc_pair_K3|raw,16,91,1.0373,1.0759,0.83109,0.57611,0.58119,0.3956,0.78022,0.89011,3.4799
aotizhongxin,0,clean,pmc_pair_K3|raw,17,90,0.99756,0.99513,0.78303,0.55021,0.55263,0.41111,0.82222,0.91111,3.5221
aotizhongxin,0,clean,pmc_pair_K3|raw,18,90,1.0087,1.0176,0.81187,0.56546,0.56927,0.41111,0.74444,0.92222,3.5594
aotizhongxin,0,clean,pmc_pair_K3|raw,19,90,1.0378,1.077,0.83389,0.58722,0.58923,0.44444,0.73333,0.93333,3.5848
aotizhongxin,0,clean,pmc_pair_K3|raw,20,91,1.0788,1.1637,0.89103,0.62258,0.62342,0.37363,0.7033,0.93407,3.6146
aotizhongxin,0,clean,pmc_pair_K3|raw,21,90,1.0283,1.0575,0.86889,0.60006,0.59698,0.38889,0.73333,0.95556,3.643
aotizhongxin,0,clean,pmc_pair_K3|raw,22,89,1.1701,1.3692,0.983,0.68831,0.6834,0.34831,0.66292,0.89888,3.6671
aotizhongxin,0,clean,pmc_pair_K3|raw,23,88,1.1644,1.3558,0.9964,0.6851,0.68498,0.36364,0.67045,0.90909,3.6861
aotizhongxin,0,clean,pmc_pair_K3|raw,24,90,1.2139,1.4735,1.0202,0.70917,0.71017,0.36667,0.61111,0.9,3.7027
aotizhongxin,0,clean,pmc_pair_K3|robust+gate,1,90,0.39622,0.15699,0.26387,0.1998,0.20186,0.45556,0.72222,0.91111,1.3448
aotizhongxin,0,clean,pmc_pair_K3|robust+gate,2,89,0.61033,0.3725,0.42462,0.32134,0.32409,0.38202,0.65169,0.8764,1.7824
aotizhongxin,0,clean,pmc_pair_K3|robust+gate,3,89,0.72745,0.52918,0.52961,0.38978,0.39486,0.39326,0.64045,0.85393,2.1062
aotizhongxin,0,clean,pmc_pair_K3|robust+gate,4,90,0.85953,0.73879,0.64111,0.46853,0.47315,0.31111,0.6,0.81111,2.3469
aotizhongxin,0,clean,pmc_pair_K3|robust+gate,5,88,0.96537,0.93194,0.75759,0.537,0.5411,0.22727,0.52273,0.81818,2.5502
aotizhongxin,0,clean,pmc_pair_K3|robust+gate,6,90,1.0507,1.104,0.81683,0.58152,0.58798,0.24444,0.54444,0.81111,2.7002
aotizhongxin,0,clean,pmc_pair_K3|robust+gate,7,91,1.0528,1.1084,0.84413,0.60209,0.61,0.27473,0.49451,0.81319,2.832
aotizhongxin,0,clean,pmc_pair_K3|robust+gate,8,90,1.0945,1.1979,0.88909,0.62419,0.63178,0.26667,0.54444,0.78889,2.948
aotizhongxin,0,clean,pmc_pair_K3|robust+gate,9,90,1.0955,1.2,0.89386,0.62218,0.63194,0.24444,0.54444,0.83333,3.0476
aotizhongxin,0,clean,pmc_pair_K3|robust+gate,10,89,1.1072,1.2258,0.91073,0.62722,0.63825,0.23596,0.60674,0.82022,3.1405
aotizhongxin,0,clean,pmc_pair_K3|robust+gate,11,90,1.0858,1.1789,0.85276,0.60593,0.61533,0.31111,0.62222,0.86667,3.2121
aotizhongxin,0,clean,pmc_pair_K3|robust+gate,12,90,1.0929,1.1944,0.85719,0.60057,0.60989,0.34444,0.68889,0.91111,3.2804
aotizhongxin,0,clean,pmc_pair_K3|robust+gate,13,91,1.0081,1.0164,0.80396,0.55648,0.56458,0.35165,0.72527,0.92308,3.3393
aotizhongxin,0,clean,pmc_pair_K3|robust+gate,14,90,1.0313,1.0636,0.82493,0.57653,0.58016,0.34444,0.75556,0.88889,3.3961
aotizhongxin,0,clean,pmc_pair_K3|robust+gate,15,91,1.0083,1.0167,0.81936,0.56471,0.56847,0.36264,0.76923,0.92308,3.4433
aotizhongxin,0,clean,pmc_pair_K3|robust+gate,16,91,1.0511,1.1048,0.84072,0.58585,0.58962,0.37363,0.78022,0.91209,3.4884
aotizhongxin,0,clean,pmc_pair_K3|robust+gate,17,90,1.0141,1.0283,0.79455,0.5606,0.56212,0.38889,0.81111,0.91111,3.5327
aotizhongxin,0,clean,pmc_pair_K3|robust+gate,18,90,1.026,1.0526,0.82745,0.57739,0.58009,0.38889,0.74444,0.92222,3.5691
aotizhongxin,0,clean,pmc_pair_K3|robust+gate,19,90,1.0568,1.1167,0.84907,0.59911,0.60096,0.42222,0.73333,0.92222,3.5958
aotizhongxin,0,clean,pmc_pair_K3|robust+gate,20,91,1.0932,1.195,0.90509,0.63365,0.63424,0.36264,0.68132,0.91209,3.6289
aotizhongxin,0,clean,pmc_pair_K3|robust+gate,21,90,1.0425,1.0868,0.88148,0.61018,0.60726,0.37778,0.71111,0.93333,3.6562
aotizhongxin,0,clean,pmc_pair_K3|robust+gate,22,89,1.176,1.3829,0.98754,0.69255,0.68768,0.32584,0.62921,0.88764,3.6856
aotizhongxin,0,clean,pmc_pair_K3|robust+gate,23,88,1.1732,1.3765,1.0064,0.69202,0.69104,0.31818,0.67045,0.90909,3.709
aotizhongxin,0,clean,pmc_pair_K3|robust+gate,24,90,1.2209,1.4905,1.0296,0.71561,0.71579,0.35556,0.61111,0.9,3.7264
aotizhongxin,0,clean,pmc_pair_K3|robust,1,90,0.39622,0.15699,0.26387,0.1998,0.20186,0.45556,0.72222,0.91111,1.3448
aotizhongxin,0,clean,pmc_pair_K3|robust,2,89,0.61033,0.3725,0.42462,0.32134,0.32409,0.38202,0.65169,0.8764,1.7824
aotizhongxin,0,clean,pmc_pair_K3|robust,3,89,0.72745,0.52918,0.52961,0.38978,0.39486,0.39326,0.64045,0.85393,2.1062
aotizhongxin,0,clean,pmc_pair_K3|robust,4,90,0.85953,0.73879,0.64111,0.46853,0.47315,0.31111,0.6,0.81111,2.3469
aotizhongxin,0,clean,pmc_pair_K3|robust,5,88,0.96537,0.93194,0.75759,0.537,0.5411,0.22727,0.52273,0.81818,2.5502
aotizhongxin,0,clean,pmc_pair_K3|robust,6,90,1.0507,1.104,0.81683,0.58152,0.58798,0.24444,0.54444,0.81111,2.7002
aotizhongxin,0,clean,pmc_pair_K3|robust,7,91,1.0528,1.1084,0.84413,0.60209,0.61,0.27473,0.49451,0.81319,2.832
aotizhongxin,0,clean,pmc_pair_K3|robust,8,90,1.0945,1.1979,0.88909,0.62419,0.63178,0.26667,0.54444,0.78889,2.948
aotizhongxin,0,clean,pmc_pair_K3|robust,9,90,1.0955,1.2,0.89386,0.62218,0.63194,0.24444,0.54444,0.83333,3.0476
aotizhongxin,0,clean,pmc_pair_K3|robust,10,89,1.1072,1.2258,0.91073,0.62722,0.63825,0.23596,0.60674,0.82022,3.1405
aotizhongxin,0,clean,pmc_pair_K3|robust,11,90,1.0858,1.1789,0.85276,0.60593,0.61533,0.31111,0.62222,0.86667,3.2121
aotizhongxin,0,clean,pmc_pair_K3|robust,12,90,1.0929,1.1944,0.85719,0.60057,0.60989,0.34444,0.68889,0.91111,3.2804
aotizhongxin,0,clean,pmc_pair_K3|robust,13,91,1.0081,1.0164,0.80396,0.55648,0.56458,0.35165,0.72527,0.92308,3.3393
aotizhongxin,0,clean,pmc_pair_K3|robust,14,90,1.0313,1.0636,0.82493,0.57653,0.58016,0.34444,0.75556,0.88889,3.3961
aotizhongxin,0,clean,pmc_pair_K3|robust,15,91,1.0083,1.0167,0.81936,0.56471,0.56847,0.36264,0.76923,0.92308,3.4433
aotizhongxin,0,clean,pmc_pair_K3|robust,16,91,1.0511,1.1048,0.84072,0.58585,0.58962,0.37363,0.78022,0.91209,3.4884
aotizhongxin,0,clean,pmc_pair_K3|robust,17,90,1.0141,1.0283,0.79455,0.5606,0.56212,0.38889,0.81111,0.91111,3.5327
aotizhongxin,0,clean,pmc_pair_K3|robust,18,90,1.026,1.0526,0.82745,0.57739,0.58009,0.38889,0.74444,0.92222,3.5691
aotizhongxin,0,clean,pmc_pair_K3|robust,19,90,1.0568,1.1167,0.84907,0.59911,0.60096,0.42222,0.73333,0.92222,3.5958
aotizhongxin,0,clean,pmc_pair_K3|robust,20,91,1.0932,1.195,0.90509,0.63365,0.63424,0.36264,0.68132,0.91209,3.6289
aotizhongxin,0,clean,pmc_pair_K3|robust,21,90,1.0425,1.0868,0.88148,0.61018,0.60726,0.37778,0.71111,0.93333,3.6562
aotizhongxin,0,clean,pmc_pair_K3|robust,22,89,1.176,1.3829,0.98754,0.69255,0.68768,0.32584,0.62921,0.88764,3.6856
aotizhongxin,0,clean,pmc_pair_K3|robust,23,88,1.1732,1.3765,1.0064,0.69202,0.69104,0.31818,0.67045,0.90909,3.709
aotizhongxin,0,clean,pmc_pair_K3|robust,24,90,1.2209,1.4905,1.0296,0.71561,0.71579,0.35556,0.61111,0.9,3.7264
mote20,0,clean,ar1|raw,1,106,0.02095,0.00043889,0.01444,0.015351,0.015351,0.91509,0.9717,1,0.20355
mote20,0,clean,ar1|raw,2,109,0.030151,0.00090907,0.020043,0.021346,0.021346,0.89908,0.97248,1,0.27775
mote20,0,clean,ar1|raw,3,105,0.043762,0.0019151,0.027627,0.027884,0.027884,0.88571,0.95238,0.98095,0.3381
mote20,0,clean,ar1|raw,4,108,0.058701,0.0034459,0.034125,0.034326,0.034326,0.86111,0.94444,0.97222,0.38654
mote20,0,clean,ar1|raw,5,98,0.068395,0.0046779,0.040566,0.039167,0.039167,0.89796,0.94898,0.96939,0.43161
mote20,0,clean,ar1|raw,7,106,0.12076,0.014584,0.060326,0.055656,0.055656,0.82075,0.92453,0.95283,0.50676
mote20,0,clean,ar1|raw,9,105,0.21531,0.04636,0.080189,0.0719,0.0719,0.8381,0.93333,0.9619,0.5734
mote20,0,clean,ar1|raw,10,109,0.25023,0.062614,0.094697,0.082897,0.082897,0.82569,0.92661,0.95413,0.60408
mote20,0,clean,ar1|raw,11,106,0.28119,0.07907,0.10407,0.092141,0.092141,0.80189,0.89623,0.9434,0.63266
mote20,0,clean,ar1|raw,12,97,0.31108,0.096771,0.11063,0.098721,0.098721,0.81443,0.91753,0.94845,0.6594
mote20,0,clean,ar1|raw,13,107,0.30246,0.091482,0.10992,0.095426,0.095426,0.84112,0.91589,0.96262,0.68702
mote20,0,clean,ar1|raw,14,105,0.33312,0.11097,0.12978,0.11159,0.11159,0.80952,0.88571,0.94286,0.71196
mote20,0,clean,ar1|raw,15,103,0.35172,0.12371,0.13823,0.11745,0.11745,0.7767,0.8932,0.93204,0.73692
mote20,0,clean,ar1|raw,16,109,0.35303,0.12463,0.14086,0.11967,0.11967,0.76147,0.89908,0.93578,0.76096
mote20,0,clean,ar1|raw,17,104,0.36904,0.13619,0.14749,0.12632,0.12632,0.75962,0.89423,0.93269,0.78342
mote20,0,clean,ar1|raw,18,108,0.19508,0.038054,0.11651,0.095774,0.095774,0.77778,0.89815,0.9537,0.80676
mote20,0,clean,ar1|raw,19,99,0.39372,0.15502,0.16601,0.14066,0.14066,0.73737,0.86869,0.93939,0.82834
mote20,0,clean,ar1|raw,20,97,0.41323,0.17076,0.18278,0.15099,0.15099,0.70103,0.87629,0.92784,0.84947
mote20,0,clean,ar1|raw,22,103,0.40989,0.16801,0.17739,0.14738,0.14738,0.72816,0.86408,0.94175,0.89026
mote20,0,clean,ar1|raw,23,107,0.43204,0.18666,0.1926,0.15881,0.15881,0.72897,0.86916,0.91589,0.91067
mote20,0,clean,ar1|raw,24,111,0.42629,0.18172,0.18818,0.15464,0.15464,0.73874,0.87387,0.92793,0.9299
mote20,0,clean,ar1|raw,6,102,0.080033,0.0064053,0.04775,0.044785,0.044785,0.85294,0.92157,0.96078,0.46994
mote20,0,clean,ar1|raw,8,104,0.18129,0.032865,0.072557,0.066486,0.066486,0.82692,0.93269,0.96154,0.5413
mote20,0,clean,ar1|raw,21,100,0.42181,0.17792,0.18237,0.15276,0.15276,0.75,0.87,0.93,0.8703
mote20,0,clean,ar1|raw+gate,1,106,3.3844,11.454,1.6774,1.5269,1.5269,0.70755,0.74528,0.74528,1.209
mote20,0,clean,ar1|raw+gate,2,109,3.42,11.696,1.7363,1.5813,1.5813,0.69725,0.72477,0.73394,1.2989
mote20,0,clean,ar1|raw+gate,3,105,3.4552,11.938,1.7873,1.63,1.63,0.67619,0.72381,0.72381,1.3559
mote20,0,clean,ar1|raw+gate,4,108,3.4684,12.03,1.7496,1.6066,1.6066,0.67593,0.73148,0.74074,1.3033
mote20,0,clean,ar1|raw+gate,5,98,3.4667,12.018,1.8006,1.6486,1.6486,0.69388,0.71429,0.72449,1.3857
mote20,0,clean,ar1|raw+gate,7,106,3.499,12.243,1.8233,1.6726,1.6726,0.64151,0.70755,0.71698,1.4186
mote20,0,clean,ar1|raw+gate,9,105,3.3554,11.259,1.7265,1.5754,1.5754,0.65714,0.71429,0.73333,1.4623
mote20,0,clean,ar1|raw+gate,10,109,3.4664,12.016,1.8354,1.6697,1.6697,0.6422,0.69725,0.7156,1.562
mote20,0,clean,ar1|raw+gate,11,106,3.4132,11.65,1.7802,1.6244,1.6244,0.63208,0.68868,0.71698,1.5199
mote20,0,clean,ar1|raw+gate,12,97,3.3947,11.524,1.7538,1.5976,1.5976,0.65979,0.71134,0.72165,1.5558
mote20,0,clean,ar1|raw+gate,13,107,3.459,11.965,1.7873,1.6234,1.6234,0.6729,0.70093,0.72897,1.6087
mote20,0,clean,ar1|raw+gate,14,105,3.4804,12.113,1.8686,1.701,1.701,0.62857,0.67619,0.69524,1.6265
mote20,0,clean,ar1|raw+gate,15,103,3.5373,12.512,1.8946,1.7215,1.7215,0.60194,0.67961,0.69903,1.6732
mote20,0,clean,ar1|raw+gate,16,109,3.3932,11.514,1.7682,1.6085,1.6085,0.62385,0.70642,0.7156,1.6097
mote20,0,clean,ar1|raw+gate,17,104,3.2328,10.451,1.6382,1.4863,1.4863,0.63462,0.72115,0.73077,1.5769
mote20,0,clean,ar1|raw+gate,18,108,3.3014,10.899,1.6648,1.5138,1.5138,0.64815,0.71296,0.74074,1.5887
mote20,0,clean,ar1|raw+gate,19,99,3.3069,10.936,1.6927,1.544,1.544,0.62626,0.70707,0.72727,1.5827
mote20,0,clean,ar1|raw+gate,20,97,3.365,11.323,1.7528,1.5909,1.5909,0.58763,0.71134,0.72165,1.6516
mote20,0,clean,ar1|raw+gate,22,103,3.3981,11.547,1.7928,1.6327,1.6327,0.61165,0.69903,0.71845,1.6785
mote20,0,clean,ar1|raw+gate,23,107,3.465,12.006,1.8776,1.6991,1.6991,0.58879,0.68224,0.70093,1.7858
mote20,0,clean,ar1|raw+gate,24,111,3.4931,12.202,1.8885,1.7138,1.7138,0.61261,0.69369,0.71171,1.7835
mote20,0,clean,ar1|raw+gate,6,102,3.3231,11.043,1.6601,1.5129,1.5129,0.66667,0.72549,0.7451,1.3832
mote20,0,clean,ar1|raw+gate,8,104,3.5703,12.747,1.8906,1.7296,1.7296,0.63462,0.70192,0.71154,1.5089
mote20,0,clean,ar1|raw+gate,21,100,3.3198,11.021,1.7335,1.574,1.574,0.63,0.71,0.72,1.6663
mote20,0,clean,ar1|robust+gate,1,106,5.8733,34.496,5.232,4.9788,4.9788,0.066038,0.084906,0.084906,1.7626
mote20,0,clean,ar1|robust+gate,2,109,5.9294,35.158,5.2743,5.0241,5.0241,0.045872,0.073394,0.082569,1.742
mote20,0,clean,ar1|robust+gate,3,105,5.9802,35.763,5.2886,5.0426,5.0426,0.057143,0.095238,0.10476,1.7141
mote20,0,clean,ar1|robust+gate,4,108,5.8854,34.638,5.1558,4.9105,4.9105,0.064815,0.092593,0.10185,1.7096
mote20,0,clean,ar1|robust+gate,5,98,5.8207,33.881,5.1124,4.869,4.869,0.061224,0.10204,0.10204,1.6982
mote20,0,clean,ar1|robust+gate,7,106,5.9737,35.685,5.3082,5.0558,5.0558,0.04717,0.066038,0.075472,1.7593
mote20,0,clean,ar1|robust+gate,9,105,5.8598,34.338,5.1811,4.9291,4.9291,0.038095,0.085714,0.085714,1.7573
mote20,0,clean,ar1|robust+gate,10,109,5.8579,34.315,5.18,4.9307,4.9307,0.027523,0.073394,0.082569,1.737
mote20,0,clean,ar1|robust+gate,11,106,5.8756,34.522,5.1718,4.929,4.929,0.037736,0.084906,0.09434,1.6947
mote20,0,clean,ar1|robust+gate,12,97,5.8686,34.44,5.132,4.8807,4.8807,0.030928,0.092784,0.10309,1.754
mote20,0,clean,ar1|robust+gate,13,107,5.9359,35.235,5.274,5.0188,5.0188,0.0093458,0.065421,0.074766,1.7764
mote20,0,clean,ar1|robust+gate,14,105,5.8975,34.781,5.2278,4.9764,4.9764,0.038095,0.07619,0.085714,1.7537
mote20,0,clean,ar1|robust+gate,15,103,5.9171,35.012,5.2061,4.9619,4.9619,0.058252,0.067961,0.097087,1.7044
mote20,0,clean,ar1|robust+gate,16,109,5.8998,34.808,5.2419,4.9932,4.9932,0.027523,0.055046,0.082569,1.7334
mote20,0,clean,ar1|robust+gate,17,104,5.7137,32.646,5.0177,4.7691,4.7691,0.038462,0.067308,0.096154,1.7349
mote20,0,clean,ar1|robust+gate,18,108,5.8649,34.397,5.2125,4.9578,4.9578,0.027778,0.055556,0.083333,1.775
mote20,0,clean,ar1|robust+gate,19,99,5.777,33.374,5.0355,4.7862,4.7862,0.010101,0.070707,0.10101,1.7394
mote20,0,clean,ar1|robust+gate,20,97,5.877,34.539,5.1921,4.9473,4.9473,0.020619,0.061856,0.092784,1.7075
mote20,0,clean,ar1|robust+gate,22,103,5.9393,35.275,5.3087,5.0494,5.0494,0.029126,0.058252,0.067961,1.8079
mote20,0,clean,ar1|robust+gate,23,107,5.9119,34.951,5.2518,4.9968,4.9968,0.018692,0.056075,0.065421,1.7769
mote20,0,clean,ar1|robust+gate,24,111,5.9115,34.946,5.2431,4.9928,4.9928,0.027027,0.072072,0.09009,1.7466
mote20,0,clean,ar1|robust+gate,6,102,5.7942,33.573,5.0888,4.8373,4.8373,0.068627,0.078431,0.088235,1.7545
mote20,0,clean,ar1|robust+gate,8,104,5.9287,35.149,5.2481,4.9952,4.9952,0.048077,0.076923,0.086538,1.7643
mote20,0,clean,ar1|robust+gate,21,100,5.6389,31.797,4.9417,4.6887,4.6887,0.04,0.07,0.1,1.766
mote20,0,clean,persistence|raw,1,106,0.021048,0.00044303,0.014523,0.010894,,0.58491,0.83019,0.96226,0.13477
mote20,0,clean,persistence|raw,2,109,0.030338,0.00092037,0.020216,0.015382,,0.59633,0.83486,0.98165,0.20198
mote20,0,clean,persistence|raw,3,105,0.044031,0.0019387,0.027827,0.021168,,0.53333,0.84762,0.9619,0.26003
mote20,0,clean,persistence|raw,4,108,0.05902,0.0034834,0.034435,0.026751,,0.60185,0.86111,0.94444,0.32084
mote20,0,clean,persistence|raw,5,98,0.068592,0.0047048,0.040733,0.031198,,0.52041,0.88776,0.95918,0.37482
mote20,0,clean,persistence|raw,7,106,0.12111,0.014667,0.060682,0.047626,,0.60377,0.82075,0.9434,0.47712
mote20,0,clean,persistence|raw,9,105,0.21562,0.046494,0.080365,0.062769,,0.59048,0.84762,0.9619,0.58017
mote20,0,clean,persistence|raw,10,109,0.25076,0.062879,0.095449,0.072999,,0.56881,0.83486,0.94495,0.62958
mote20,0,clean,persistence|raw,11,106,0.28166,0.079333,0.10473,0.08243,,0.62264,0.82075,0.95283,0.68923
mote20,0,clean,persistence|raw,12,97,0.31153,0.097049,0.11124,0.089119,,0.58763,0.84536,0.92784,0.73273
mote20,0,clean,persistence|raw,13,107,0.30303,0.091827,0.11081,0.084244,,0.60748,0.86916,0.95327,0.79095
mote20,0,clean,persistence|raw,14,105,0.33346,0.11119,0.13066,0.10237,,0.53333,0.8381,0.95238,0.84681
mote20,0,clean,persistence|raw,15,103,0.35212,0.12399,0.13891,0.10796,,0.53398,0.84466,0.95146,0.89766
mote20,0,clean,persistence|raw,16,109,0.35348,0.12495,0.14178,0.10918,,0.54128,0.84404,0.95413,0.94533
mote20,0,clean,persistence|raw,17,104,0.3695,0.13653,0.14825,0.11512,,0.59615,0.83654,0.95192,1.0016
mote20,0,clean,persistence|raw,18,108,0.19623,0.038506,0.11786,0.083325,,0.58333,0.83333,0.97222,1.0615
mote20,0,clean,persistence|raw,19,99,0.39432,0.15549,0.16641,0.12948,,0.56566,0.83838,0.94949,1.1129
mote20,0,clean,persistence|raw,20,97,0.41397,0.17137,0.18387,0.13979,,0.51546,0.84536,0.94845,1.1815
mote20,0,clean,persistence|raw,22,103,0.41052,0.16853,0.17808,0.13698,,0.52427,0.81553,0.95146,1.2604
mote20,0,clean,persistence|raw,23,107,0.43267,0.1872,0.1935,0.14701,,0.53271,0.82243,0.94393,1.3322
mote20,0,clean,persistence|raw,24,111,0.42677,0.18213,0.18944,0.14157,,0.52252,0.83784,0.96396,1.3797
mote20,0,clean,persistence|raw,6,102,0.080514,0.0064825,0.048251,0.036242,,0.62745,0.84314,0.96078,0.4253
mote20,0,clean,persistence|raw,8,104,0.18158,0.032972,0.072816,0.057372,,0.61538,0.82692,0.96154,0.52845
mote20,0,clean,persistence|raw,21,100,0.42259,0.17859,0.18355,0.14059,,0.54,0.86,0.94,1.223
mote20,0,raw,ar1|raw,1,106,0.2213,0.048976,0.16937,0.26924,0.26924,1,1,1,4.2528
mote20,0,raw,ar1|raw,2,109,0.36626,0.13415,0.30107,0.37372,0.37372,1,1,1,5.6729
mote20,0,raw,ar1|raw,3,105,0.53781,0.28924,0.45016,0.46654,0.46654,1,1,1,6.7424
mote20,0,raw,ar1|raw,4,108,0.67081,0.44999,0.55342,0.53977,0.53977,0.96296,1,1,7.5399
mote20,0,raw,ar1|raw,5,98,0.8074,0.65189,0.66944,0.61008,0.61008,0.93878,1,1,8.2269
mote20,0,raw,ar1|raw,7,106,1.0837,1.1744,0.90784,0.7424,0.7424,0.83962,1,1,9.2543
mote20,0,raw,ar1|raw,9,105,1.2983,1.6855,1.0884,0.84924,0.84924,0.8,1,1,10.036
mote20,0,raw,ar1|raw,10,109,1.4027,1.9677,1.1677,0.89999,0.89999,0.74312,1,1,10.355
mote20,0,raw,ar1|raw,11,106,1.5222,2.3171,1.2776,0.9569,0.9569,0.71698,1,1,10.631
mote20,0,raw,ar1|raw,12,97,1.6309,2.6597,1.3624,1.009,1.009,0.69072,1,1,10.871
mote20,0,raw,ar1|raw,13,107,1.7267,2.9815,1.4371,1.0563,1.0563,0.69159,0.99065,1,11.099
mote20,0,raw,ar1|raw,14,105,1.8132,3.2877,1.5244,1.1001,1.1001,0.66667,0.99048,1,11.29
mote20,0,raw,ar1|raw,15,103,1.9249,3.7051,1.6281,1.1549,1.1549,0.64078,0.99029,1,11.466
mote20,0,raw,ar1|raw,16,109,1.9728,3.8919,1.6588,1.1803,1.1803,0.63303,0.98165,1,11.623
mote20,0,raw,ar1|raw,17,104,1.9798,3.9194,1.6549,1.185,1.185,0.64423,0.98077,1,11.759
mote20,0,raw,ar1|raw,18,108,2.0864,4.3532,1.7425,1.2381,1.2381,0.62037,0.96296,1,11.889
mote20,0,raw,ar1|raw,19,99,2.173,4.7221,1.8077,1.2814,1.2814,0.59596,0.94949,1,12
mote20,0,raw,ar1|raw,20,97,2.2528,5.075,1.8838,1.323,1.323,0.58763,0.94845,1,12.1
mote20,0,raw,ar1|raw,22,103,2.3957,5.7392,2.0042,1.3987,1.3987,0.53398,0.93204,1,12.272
mote20,0,raw,ar1|raw,23,107,2.4544,6.0241,2.0461,1.4281,1.4281,0.53271,0.8972,1,12.348
mote20,0,raw,ar1|raw,24,111,2.516,6.33,2.1105,1.4618,1.4618,0.54054,0.89189,1,12.414
mote20,0,raw,ar1|raw,6,102,0.91459,0.83647,0.754,0.66681,0.66681,0.90196,1,1,8.7703
mote20,0,raw,ar1|raw,8,104,1.2033,1.4479,0.99899,0.80081,0.80081,0.78846,1,1,9.6736
mote20,0,raw,ar1|raw,21,100,2.213,4.8975,1.8491,1.304,1.304,0.6,0.95,1,12.191
mote20,0,raw,ar1|raw+gate,1,106,0.2213,0.048976,0.16937,0.26924,0.26924,1,1,1,4.2528
mote20,0,raw,ar1|raw+gate,2,109,0.36626,0.13415,0.30107,0.37372,0.37372,1,1,1,5.6729
mote20,0,raw,ar1|raw+gate,3,105,0.53781,0.28924,0.45016,0.46654,0.46654,1,1,1,6.7424
mote20,0,raw,ar1|raw+gate,4,108,0.67081,0.44999,0.55342,0.53977,0.53977,0.96296,1,1,7.5399
mote20,0,raw,ar1|raw+gate,5,98,0.8074,0.65189,0.66944,0.61008,0.61008,0.93878,1,1,8.2269
mote20,0,raw,ar1|raw+gate,7,106,1.0837,1.1744,0.90784,0.7424,0.7424,0.83962,1,1,9.2543
mote20,0,raw,ar1|raw+gate,9,105,1.2983,1.6855,1.0884,0.84924,0.84924,0.8,1,1,10.036
mote20,0,raw,ar1|raw+gate,10,109,1.4027,1.9677,1.1677,0.89999,0.89999,0.74312,1,1,10.355
mote20,0,raw,ar1|raw+gate,11,106,1.5222,2.3171,1.2776,0.9569,0.9569,0.71698,1,1,10.631
mote20,0,raw,ar1|raw+gate,12,97,1.6309,2.6597,1.3624,1.009,1.009,0.69072,1,1,10.871
mote20,0,raw,ar1|raw+gate,13,107,1.7267,2.9815,1.4371,1.0563,1.0563,0.69159,0.99065,1,11.099
mote20,0,raw,ar1|raw+gate,14,105,1.8132,3.2877,1.5244,1.1001,1.1001,0.66667,0.99048,1,11.29
mote20,0,raw,ar1|raw+gate,15,103,1.9249,3.7051,1.6281,1.1549,1.1549,0.64078,0.99029,1,11.466
mote20,0,raw,ar1|raw+gate,16,109,1.9728,3.8919,1.6588,1.1803,1.1803,0.63303,0.98165,1,11.623
mote20,0,raw,ar1|raw+gate,17,104,1.9798,3.9194,1.6549,1.185,1.185,0.64423,0.98077,1,11.759
mote20,0,raw,ar1|raw+gate,18,108,2.0864,4.3532,1.7425,1.2381,1.2381,0.62037,0.96296,1,11.889
mote20,0,raw,ar1|raw+gate,19,99,2.173,4.7221,1.8077,1.2814,1.2814,0.59596,0.94949,1,12
mote20,0,raw,ar1|raw+gate,20,97,2.2528,5.075,1.8838,1.323,1.323,0.58763,0.94845,1,12.1
mote20,0,raw,ar1|raw+gate,22,103,2.3957,5.7392,2.0042,1.3987,1.3987,0.53398,0.93204,1,12.272
mote20,0,raw,ar1|raw+gate,23,107,2.4544,6.0241,2.0461,1.4281,1.4281,0.53271,0.8972,1,12.348
mote20,0,raw,ar1|raw+gate,24,111,2.516,6.33,2.1105,1.4618,1.4618,0.54054,0.89189,1,12.414
mote20,0,raw,ar1|raw+gate,6,102,0.91459,0.83647,0.754,0.66681,0.66681,0.90196,1,1,8.7703
mote20,0,raw,ar1|raw+gate,8,104,1.2033,1.4479,0.99899,0.80081,0.80081,0.78846,1,1,9.6736
mote20,0,raw,ar1|raw+gate,21,100,2.213,4.8975,1.8491,1.304,1.304,0.6,0.95,1,12.191
mote20,0,raw,ar1|robust+gate,1,106,5.8733,34.496,5.232,4.9788,4.9788,0.066038,0.084906,0.084906,1.7626
mote20,0,raw,ar1|robust+gate,2,109,5.9294,35.158,5.2743,5.0241,5.0241,0.045872,0.073394,0.082569,1.742
mote20,0,raw,ar1|robust+gate,3,105,5.9802,35.763,5.2886,5.0426,5.0426,0.057143,0.095238,0.10476,1.7141
mote20,0,raw,ar1|robust+gate,4,108,5.8854,34.638,5.1558,4.9105,4.9105,0.064815,0.092593,0.10185,1.7096
mote20,0,raw,ar1|robust+gate,5,98,5.8207,33.881,5.1124,4.869,4.869,0.061224,0.10204,0.10204,1.6982
mote20,0,raw,ar1|robust+gate,7,106,5.9737,35.685,5.3082,5.0558,5.0558,0.04717,0.066038,0.075472,1.7593
mote20,0,raw,ar1|robust+gate,9,105,5.8598,34.338,5.1811,4.9291,4.9291,0.038095,0.085714,0.085714,1.7573
mote20,0,raw,ar1|robust+gate,10,109,5.8579,34.315,5.18,4.9307,4.9307,0.027523,0.073394,0.082569,1.737
mote20,0,raw,ar1|robust+gate,11,106,5.8756,34.522,5.1718,4.929,4.929,0.037736,0.084906,0.09434,1.6947
mote20,0,raw,ar1|robust+gate,12,97,5.8686,34.44,5.132,4.8807,4.8807,0.030928,0.092784,0.10309,1.754
mote20,0,raw,ar1|robust+gate,13,107,5.9359,35.235,5.274,5.0188,5.0188,0.0093458,0.065421,0.074766,1.7764
mote20,0,raw,ar1|robust+gate,14,105,5.8975,34.781,5.2278,4.9764,4.9764,0.038095,0.07619,0.085714,1.7537
mote20,0,raw,ar1|robust+gate,15,103,5.9171,35.012,5.2061,4.9619,4.9619,0.058252,0.067961,0.097087,1.7044
mote20,0,raw,ar1|robust+gate,16,109,5.8998,34.808,5.2419,4.9932,4.9932,0.027523,0.055046,0.082569,1.7334
mote20,0,raw,ar1|robust+gate,17,104,5.7137,32.646,5.0177,4.7691,4.7691,0.038462,0.067308,0.096154,1.7349
mote20,0,raw,ar1|robust+gate,18,108,5.8649,34.397,5.2125,4.9578,4.9578,0.027778,0.055556,0.083333,1.775
mote20,0,raw,ar1|robust+gate,19,99,5.777,33.374,5.0355,4.7862,4.7862,0.010101,0.070707,0.10101,1.7394
mote20,0,raw,ar1|robust+gate,20,97,5.877,34.539,5.1921,4.9473,4.9473,0.020619,0.061856,0.092784,1.7075
mote20,0,raw,ar1|robust+gate,22,103,5.9393,35.275,5.3087,5.0494,5.0494,0.029126,0.058252,0.067961,1.8079
mote20,0,raw,ar1|robust+gate,23,107,5.9119,34.951,5.2518,4.9968,4.9968,0.018692,0.056075,0.065421,1.7769
mote20,0,raw,ar1|robust+gate,24,111,5.9115,34.946,5.2431,4.9928,4.9928,0.027027,0.072072,0.09009,1.7466
mote20,0,raw,ar1|robust+gate,6,102,5.7942,33.573,5.0888,4.8373,4.8373,0.068627,0.078431,0.088235,1.7545
mote20,0,raw,ar1|robust+gate,8,104,5.9287,35.149,5.2481,4.9952,4.9952,0.048077,0.076923,0.086538,1.7643
mote20,0,raw,ar1|robust+gate,21,100,5.6389,31.797,4.9417,4.6887,4.6887,0.04,0.07,0.1,1.766
mote20,0,raw,persistence|raw,1,106,0.021048,0.00044303,0.014523,0.010895,,0.58491,0.83019,0.96226,0.13503
mote20,0,raw,persistence|raw,2,109,0.030338,0.00092037,0.020216,0.015385,,0.59633,0.83486,0.98165,0.20323
mote20,0,raw,persistence|raw,3,105,0.044031,0.0019387,0.027827,0.021172,,0.53333,0.84762,0.9619,0.26157
mote20,0,raw,persistence|raw,4,108,0.05902,0.0034834,0.034435,0.026757,,0.60185,0.86111,0.94444,0.32253
mote20,0,raw,persistence|raw,5,98,0.068592,0.0047048,0.040733,0.031203,,0.52041,0.88776,0.95918,0.3765
mote20,0,raw,persistence|raw,7,106,0.12111,0.014667,0.060682,0.04763,,0.60377,0.82075,0.9434,0.47928
mote20,0,raw,persistence|raw,9,105,0.21562,0.046494,0.080365,0.062778,,0.59048,0.84762,0.9619,0.58222
mote20,0,raw,persistence|raw,10,109,0.25076,0.062879,0.095449,0.073004,,0.56881,0.83486,0.95413,0.6329
mote20,0,raw,persistence|raw,11,106,0.28166,0.079333,0.10473,0.082437,,0.62264,0.82075,0.95283,0.69232
mote20,0,raw,persistence|raw,12,97,0.31153,0.097049,0.11124,0.089122,,0.58763,0.84536,0.92784,0.73467
mote20,0,raw,persistence|raw,13,107,0.30303,0.091827,0.11081,0.084254,,0.60748,0.8785,0.95327,0.79444
mote20,0,raw,persistence|raw,14,105,0.33346,0.11119,0.13066,0.10238,,0.53333,0.8381,0.95238,0.85077
mote20,0,raw,persistence|raw,15,103,0.35212,0.12399,0.13891,0.10797,,0.53398,0.84466,0.95146,0.90512
mote20,0,raw,persistence|raw,16,109,0.35348,0.12495,0.14178,0.10919,,0.54128,0.84404,0.95413,0.94849
mote20,0,raw,persistence|raw,17,104,0.3695,0.13653,0.14825,0.11512,,0.59615,0.83654,0.95192,1.0042
mote20,0,raw,persistence|raw,18,108,0.19623,0.038506,0.11786,0.083337,,0.58333,0.83333,0.97222,1.0639
mote20,0,raw,persistence|raw,19,99,0.39432,0.15549,0.16641,0.12949,,0.56566,0.83838,0.94949,1.1192
mote20,0,raw,persistence|raw,20,97,0.41397,0.17137,0.18387,0.13979,,0.51546,0.84536,0.94845,1.1859
mote20,0,raw,persistence|raw,22,103,0.41052,0.16853,0.17808,0.13699,,0.52427,0.81553,0.95146,1.2698
mote20,0,raw,persistence|raw,23,107,0.43267,0.1872,0.1935,0.14702,,0.54206,0.82243,0.94393,1.3359
mote20,0,raw,persistence|raw,24,111,0.42677,0.18213,0.18944,0.14157,,0.52252,0.83784,0.96396,1.3854
mote20,0,raw,persistence|raw,6,102,0.080514,0.0064825,0.048251,0.036251,,0.62745,0.84314,0.96078,0.42635
mote20,0,raw,persistence|raw,8,104,0.18158,0.032972,0.072816,0.057378,,0.61538,0.82692,0.96154,0.53043
mote20,0,raw,persistence|raw,21,100,0.42259,0.17859,0.18355,0.1406,,0.54,0.86,0.94,1.2272
aotizhongxin,0,clean,ar1|raw,1,90,0.39655,0.15725,0.26351,0.20618,0.20618,0.64444,0.8,0.9,1.3374
aotizhongxin,0,clean,ar1|raw,2,89,0.5947,0.35366,0.42515,0.31844,0.31844,0.52809,0.76404,0.89888,1.841
aotizhongxin,0,clean,ar1|raw,3,89,0.7107,0.5051,0.52143,0.38935,0.38935,0.49438,0.74157,0.86517,2.1958
aotizhongxin,0,clean,ar1|raw,4,90,0.84581,0.71539,0.65249,0.47333,0.47333,0.45556,0.73333,0.83333,2.4781
aotizhongxin,0,clean,ar1|raw,5,88,0.95313,0.90846,0.76715,0.54316,0.54316,0.31818,0.69318,0.85227,2.6992
aotizhongxin,0,clean,ar1|raw,6,90,1.0107,1.0216,0.81415,0.57636,0.57636,0.32222,0.7,0.85556,2.8823
aotizhongxin,0,clean,ar1|raw,7,91,1.0111,1.0223,0.84498,0.58926,0.58926,0.30769,0.67033,0.86813,3.0369
aotizhongxin,0,clean,ar1|raw,8,90,1.0606,1.1248,0.88674,0.61668,0.61668,0.28889,0.68889,0.87778,3.1647
aotizhongxin,0,clean,ar1|raw,9,90,1.0603,1.1242,0.89166,0.61854,0.61854,0.28889,0.7,0.88889,3.2788
aotizhongxin,0,clean,ar1|raw,10,89,1.0705,1.146,0.91142,0.62502,0.62502,0.30337,0.68539,0.92135,3.3777
aotizhongxin,0,clean,ar1|raw,11,90,1.0541,1.1111,0.87159,0.6064,0.6064,0.33333,0.74444,0.91111,3.4637
aotizhongxin,0,clean,ar1|raw,12,90,1.0702,1.1452,0.88843,0.60883,0.60883,0.35556,0.74444,0.91111,3.5389
aotizhongxin,0,clean,ar1|raw,13,91,0.99634,0.9927,0.83804,0.57011,0.57011,0.36264,0.76923,0.94505,3.607
aotizhongxin,0,clean,ar1|raw,14,90,1.016,1.0323,0.84677,0.58008,0.58008,0.36667,0.78889,0.91111,3.6629
aotizhongxin,0,clean,ar1|raw,15,91,1.0035,1.007,0.84273,0.57359,0.57359,0.36264,0.79121,0.93407,3.7157
aotizhongxin,0,clean,ar1|raw,16,91,1.0473,1.0969,0.86547,0.59468,0.59468,0.3956,0.81319,0.9011,3.7607
aotizhongxin,0,clean,ar1|raw,17,90,0.99814,0.99628,0.80744,0.56075,0.56075,0.41111,0.85556,0.93333,3.8006
aotizhongxin,0,clean,ar1|raw,18,90,1.0139,1.028,0.84176,0.57841,0.57841,0.37778,0.8,0.93333,3.8358
aotizhongxin,0,clean,ar1|raw,19,90,1.0374,1.0762,0.86903,0.59738,0.59738,0.38889,0.78889,0.95556,3.8671
aotizhongxin,0,clean,ar1|raw,20,91,1.0842,1.1755,0.91305,0.62768,0.62768,0.36264,0.76923,0.94505,3.8949
aotizhongxin,0,clean,ar1|raw,21,90,1.0225,1.0454,0.87766,0.59423,0.59423,0.37778,0.75556,0.97778,3.9196
aotizhongxin,0,clean,ar1|raw,22,89,1.1445,1.3099,0.96778,0.66793,0.66793,0.35955,0.70787,0.93258,3.9416
aotizhongxin,0,clean,ar1|raw,23,88,1.1383,1.2958,0.97847,0.66696,0.66696,0.34091,0.69318,0.94318,3.9611
aotizhongxin,0,clean,ar1|raw,24,90,1.1867,1.4082,1.0031,0.6887,0.6887,0.36667,0.71111,0.92222,3.9785
aotizhongxin,0,clean,ar1|raw+gate,1,90,0.56865,0.32336,0.34204,0.27179,0.27179,0.6,0.75556,0.85556,1.3808
aotizhongxin,0,clean,ar1|raw+gate,2,89,0.64638,0.41781,0.45535,0.34135,0.34135,0.52809,0.74157,0.88764,1.8737
aotizhongxin,0,clean,ar1|raw+gate,3,89,0.76296,0.58211,0.55796,0.41613,0.41613,0.48315,0.7191,0.85393,2.2218
aotizhongxin,0,clean,ar1|raw+gate,4,90,0.87972,0.77392,0.68545,0.49626,0.49626,0.44444,0.7,0.82222,2.4993
aotizhongxin,0,clean,ar1|raw+gate,5,88,0.99458,0.98919,0.80046,0.57045,0.57045,0.30682,0.67045,0.82955,2.7174
aotizhongxin,0,clean,ar1|raw+gate,6,90,1.0756,1.157,0.84496,0.60423,0.60423,0.32222,0.68889,0.84444,2.8975
aotizhongxin,0,clean,ar1|raw+gate,7,91,1.0943,1.1975,0.87807,0.6245,0.6245,0.31868,0.67033,0.84615,3.0498
aotizhongxin,0,clean,ar1|raw+gate,8,90,1.1376,1.2941,0.93689,0.65586,0.65586,0.26667,0.68889,0.86667,3.176
aotizhongxin,0,clean,ar1|raw+gate,9,90,1.1372,1.2932,0.94294,0.65674,0.65674,0.26667,0.68889,0.87778,3.2886
aotizhongxin,0,clean,ar1|raw+gate,10,89,1.1313,1.2797,0.96114,0.66295,0.66295,0.2809,0.66292,0.89888,3.3863
aotizhongxin,0,clean,ar1|raw+gate,11,90,1.1184,1.2507,0.9181,0.64417,0.64417,0.32222,0.71111,0.9,3.4712
aotizhongxin,0,clean,ar1|raw+gate,12,90,1.1326,1.2827,0.93242,0.64407,0.64407,0.33333,0.72222,0.9,3.5455
aotizhongxin,0,clean,ar1|raw+gate,13,91,1.0571,1.1174,0.8792,0.60255,0.60255,0.34066,0.75824,0.92308,3.6128
aotizhongxin,0,clean,ar1|raw+gate,14,90,1.0693,1.1433,0.88614,0.61044,0.61044,0.35556,0.76667,0.88889,3.668
aotizhongxin,0,clean,ar1|raw+gate,15,91,1.0626,1.1292,0.87585,0.60064,0.60064,0.35165,0.78022,0.92308,3.7202
aotizhongxin,0,clean,ar1|raw+gate,16,91,1.1,1.21,0.89276,0.61805,0.61805,0.38462,0.81319,0.9011,3.7647
aotizhongxin,0,clean,ar1|raw+gate,17,90,1.0466,1.0954,0.83224,0.58248,0.58248,0.4,0.85556,0.92222,3.8041
aotizhongxin,0,clean,ar1|raw+gate,18,90,1.0567,1.1165,0.86502,0.59771,0.59771,0.36667,0.8,0.92222,3.839
aotizhongxin,0,clean,ar1|raw+gate,19,90,1.0736,1.1526,0.89435,0.61814,0.61814,0.38889,0.77778,0.93333,3.8699
aotizhongxin,0,clean,ar1|raw+gate,20,91,1.1233,1.2619,0.93323,0.64637,0.64637,0.36264,0.75824,0.93407,3.8974
aotizhongxin,0,clean,ar1|raw+gate,21,90,1.0439,1.0898,0.89104,0.60584,0.60584,0.37778,0.75556,0.96667,3.9218
aotizhongxin,0,clean,ar1|raw+gate,22,89,1.1799,1.3921,0.98059,0.68249,0.68249,0.37079,0.70787,0.92135,3.9436
aotizhongxin,0,clean,ar1|raw+gate,23,88,1.1679,1.3639,0.99072,0.68048,0.68048,0.35227,0.68182,0.93182,3.9629
aotizhongxin,0,clean,ar1|raw+gate,24,90,1.2153,1.477,1.0145,0.70201,0.70201,0.37778,0.71111,0.9,3.9801
aotizhongxin,0,clean,ar1|robust+gate,1,90,0.68525,0.46957,0.37419,0.3131,0.3131,0.51111,0.65556,0.71111,0.91447
aotizhongxin,0,clean,ar1|robust+gate,2,89,0.74229,0.551,0.49016,0.39531,0.39531,0.4382,0.60674,0.73034,1.2376
aotizhongxin,0,clean,ar1|robust+gate,3,89,0.83568,0.69836,0.58086,0.46068,0.46068,0.40449,0.61798,0.7191,1.4772
aotizhongxin,0,clean,ar1|robust+gate,4,90,0.92778,0.86077,0.67326,0.52841,0.52841,0.36667,0.58889,0.71111,1.6782
aotizhongxin,0,clean,ar1|robust+gate,5,88,1.0482,1.0988,0.78979,0.61337,0.61337,0.26136,0.53409,0.67045,1.844
aotizhongxin,0,clean,ar1|robust+gate,6,90,1.1593,1.344,0.83973,0.65682,0.65682,0.32222,0.53333,0.68889,1.9868
aotizhongxin,0,clean,ar1|robust+gate,7,91,1.1777,1.387,0.86835,0.68159,0.68159,0.28571,0.54945,0.67033,2.1135
aotizhongxin,0,clean,ar1|robust+gate,8,90,1.2016,1.4439,0.91687,0.70558,0.70558,0.25556,0.54444,0.68889,2.2236
aotizhongxin,0,clean,ar1|robust+gate,9,90,1.208,1.4593,0.94352,0.71723,0.71723,0.26667,0.54444,0.72222,2.3268
aotizhongxin,0,clean,ar1|robust+gate,10,89,1.204,1.4495,0.95687,0.72321,0.72321,0.25843,0.51685,0.69663,2.4208
aotizhongxin,0,clean,ar1|robust+gate,11,90,1.1931,1.4235,0.9025,0.68943,0.68943,0.34444,0.57778,0.76667,2.5063
aotizhongxin,0,clean,ar1|robust+gate,12,90,1.1938,1.4251,0.89902,0.68094,0.68094,0.34444,0.6,0.74444,2.5849
aotizhongxin,0,clean,ar1|robust+gate,13,91,1.105,1.2211,0.84904,0.6272,0.6272,0.34066,0.62637,0.81319,2.6599
aotizhongxin,0,clean,ar1|robust+gate,14,90,1.1187,1.2515,0.87217,0.64083,0.64083,0.34444,0.65556,0.78889,2.7244
aotizhongxin,0,clean,ar1|robust+gate,15,91,1.1196,1.2534,0.86216,0.63069,0.63069,0.30769,0.68132,0.83516,2.7886
aotizhongxin,0,clean,ar1|robust+gate,16,91,1.1578,1.3406,0.88412,0.64924,0.64924,0.32967,0.63736,0.83516,2.846
aotizhongxin,0,clean,ar1|robust+gate,17,90,1.1107,1.2337,0.83791,0.61517,0.61517,0.38889,0.68889,0.85556,2.8997
aotizhongxin,0,clean,ar1|robust+gate,18,90,1.1197,1.2536,0.87284,0.63835,0.63835,0.35556,0.63333,0.83333,2.9495
aotizhongxin,0,clean,ar1|robust+gate,19,90,1.1448,1.3106,0.88869,0.6587,0.6587,0.41111,0.58889,0.81111,2.996
aotizhongxin,0,clean,ar1|robust+gate,20,91,1.186,1.4066,0.93743,0.69223,0.69223,0.35165,0.6044,0.79121,3.0393
aotizhongxin,0,clean,ar1|robust+gate,21,90,1.122,1.2589,0.92101,0.66079,0.66079,0.32222,0.61111,0.82222,3.0801
aotizhongxin,0,clean,ar1|robust+gate,22,89,1.2771,1.6311,1.0283,0.75373,0.75373,0.26966,0.58427,0.77528,3.1182
aotizhongxin,0,clean,ar1|robust+gate,23,88,1.2687,1.6096,1.0438,0.75812,0.75812,0.29545,0.56818,0.76136,3.154
aotizhongxin,0,clean,ar1|robust+gate,24,90,1.3113,1.7195,1.0649,0.78001,0.78001,0.31111,0.55556,0.76667,3.1873
aotizhongxin,0,clean,persistence|raw,1,90,0.41009,0.16817,0.26277,0.20972,,0.45556,0.7,0.88889,1.4231
aotizhongxin,0,clean,persistence|raw,2,89,0.63886,0.40814,0.43961,0.33902,,0.42697,0.61798,0.88764,2.137
aotizhongxin,0,clean,persistence|raw,3,89,0.77695,0.60365,0.54056,0.41361,,0.42697,0.68539,0.82022,2.4825
aotizhongxin,0,clean,persistence|raw,4,90,0.92662,0.85863,0.66447,0.50462,,0.41111,0.65556,0.82222,2.9127
aotizhongxin,0,clean,persistence|raw,5,88,1.0318,1.0646,0.75913,0.56925,,0.375,0.61364,0.81818,3.1641
aotizhongxin,0,clean,persistence|raw,6,90,1.109,1.2299,0.81559,0.61438,,0.42222,0.57778,0.84444,3.4158
aotizhongxin,0,clean,persistence|raw,7,91,1.0845,1.1762,0.83213,0.61117,,0.37363,0.6044,0.85714,3.6647
aotizhongxin,0,clean,persistence|raw,8,90,1.1451,1.3112,0.86977,0.63813,,0.35556,0.63333,0.82222,3.8621
aotizhongxin,0,clean,persistence|raw,9,90,1.1802,1.3928,0.89878,0.65905,,0.38889,0.64444,0.84444,4.0098
aotizhongxin,0,clean,persistence|raw,10,89,1.1988,1.4372,0.89855,0.66215,,0.4382,0.64045,0.8427,4.1923
aotizhongxin,0,clean,persistence|raw,11,90,1.1943,1.4264,0.86344,0.64548,,0.5,0.7,0.85556,4.4215
aotizhongxin,0,clean,persistence|raw,12,90,1.2008,1.4419,0.86424,0.64992,,0.48889,0.68889,0.9,4.5279
aotizhongxin,0,clean,persistence|raw,13,91,1.1347,1.2876,0.83292,0.61866,,0.50549,0.73626,0.9011,4.6244
aotizhongxin,0,clean,persistence|raw,14,90,1.1585,1.342,0.86558,0.63761,,0.45556,0.75556,0.92222,4.6966
aotizhongxin,0,clean,persistence|raw,15,91,1.159,1.3434,0.89058,0.64599,,0.41758,0.76923,0.95604,4.8002
aotizhongxin,0,clean,persistence|raw,16,91,1.2221,1.4935,0.93755,0.684,,0.43956,0.73626,0.95604,4.899
aotizhongxin,0,clean,persistence|raw,17,90,1.1997,1.4394,0.92581,0.67116,,0.38889,0.76667,0.95556,4.9337
aotizhongxin,0,clean,persistence|raw,18,90,1.2404,1.5386,0.97353,0.7019,,0.43333,0.74444,0.93333,4.9695
aotizhongxin,0,clean,persistence|raw,19,90,1.2691,1.6107,0.97034,0.70895,,0.46667,0.75556,0.93333,5.0202
aotizhongxin,0,clean,persistence|raw,20,91,1.2865,1.6551,1.0321,0.73849,,0.41758,0.74725,0.96703,5.0669
aotizhongxin,0,clean,persistence|raw,21,90,1.2951,1.6772,1.0551,0.74551,,0.4,0.78889,0.94444,5.1176
aotizhongxin,0,clean,persistence|raw,22,89,1.3959,1.9486,1.1204,0.8082,,0.40449,0.70787,0.94382,5.1814
aotizhongxin,0,clean,persistence|raw,23,88,1.4538,2.1136,1.1703,0.84109,,0.38636,0.65909,0.92045,5.213
aotizhongxin,0,clean,persistence|raw,24,90,1.4894,2.2183,1.2057,0.85895,,0.37778,0.7,0.92222,5.2379
tsnh4,0,clean,ar1|raw,1,93,0.087858,0.007719,0.070281,0.0499,0.0499,0.53763,0.82796,0.98925,0.39161
tsnh4,0,clean,ar1|raw,2,93,0.11198,0.01254,0.092147,0.064447,0.064447,0.51613,0.90323,0.97849,0.55195
tsnh4,0,clean,ar1|raw,3,93,0.12834,0.016472,0.10507,0.074225,0.074225,0.63441,0.92473,0.98925,0.67372
tsnh4,0,clean,ar1|raw,4,93,0.15337,0.023523,0.11474,0.087361,0.087361,0.66667,0.88172,0.97849,0.77533
tsnh4,0,clean,ar1|raw,5,93,0.17554,0.030815,0.13474,0.099652,0.099652,0.62366,0.92473,0.97849,0.86394
tsnh4,0,clean,ar1|raw,6,93,0.18343,0.033647,0.14392,0.10534,0.10534,0.64516,0.89247,0.98925,0.94323
tsnh4,0,clean,ar1|raw,7,93,0.22298,0.049718,0.16588,0.12335,0.12335,0.64516,0.88172,0.97849,1.0154
tsnh4,0,clean,ar1|raw,8,93,0.25253,0.063771,0.17903,0.13611,0.13611,0.66667,0.88172,0.95699,1.0819
tsnh4,0,clean,ar1|raw,9,93,0.26957,0.072668,0.19523,0.14839,0.14839,0.65591,0.82796,0.94624,1.1437
tsnh4,0,clean,ar1|raw,10,93,0.30308,0.091858,0.21523,0.16456,0.16456,0.65591,0.7957,0.93548,1.2016
tsnh4,0,clean,ar1|raw,11,93,0.32634,0.1065,0.23642,0.17809,0.17809,0.62366,0.7957,0.94624,1.2561
tsnh4,0,clean,ar1|raw,12,93,0.36741,0.13499,0.2599,0.19881,0.19881,0.58065,0.80645,0.87097,1.3076
tsnh4,0,clean,ar1|raw,13,93,0.38342,0.14701,0.26766,0.20596,0.20596,0.63441,0.80645,0.88172,1.3565
tsnh4,0,clean,ar1|raw,14,93,0.39525,0.15622,0.28156,0.21408,0.21408,0.6129,0.77419,0.88172,1.4031
tsnh4,0,clean,ar1|raw,15,93,0.41517,0.17237,0.29772,0.22538,0.22538,0.5914,0.78495,0.88172,1.4476
tsnh4,0,clean,ar1|raw,16,93,0.43548,0.18964,0.30947,0.23649,0.23649,0.5914,0.76344,0.88172,1.4901
tsnh4,0,clean,ar1|raw,17,93,0.45075,0.20317,0.32956,0.24757,0.24757,0.5914,0.76344,0.84946,1.531
tsnh4,0,clean,ar1|raw,18,93,0.46527,0.21648,0.33893,0.25591,0.25591,0.60215,0.76344,0.83871,1.5702
tsnh4,0,clean,ar1|raw,19,93,0.4984,0.2484,0.3596,0.27466,0.27466,0.58065,0.74194,0.84946,1.608
tsnh4,0,clean,ar1|raw,20,93,0.51687,0.26715,0.37089,0.28465,0.28465,0.53763,0.72043,0.84946,1.6445
tsnh4,0,clean,ar1|raw,21,93,0.53028,0.2812,0.38458,0.29411,0.29411,0.51613,0.74194,0.86022,1.6796
tsnh4,0,clean,ar1|raw,22,93,0.54254,0.29435,0.38777,0.29911,0.29911,0.54839,0.72043,0.86022,1.7136
tsnh4,0,clean,ar1|raw,23,93,0.55183,0.30452,0.39847,0.30476,0.30476,0.55914,0.70968,0.87097,1.7465
tsnh4,0,clean,ar1|raw,24,93,0.56959,0.32444,0.42094,0.31598,0.31598,0.50538,0.70968,0.88172,1.7783
tsnh4,0,clean,ar1|raw+gate,1,93,0.097797,0.0095642,0.0738,0.052988,0.052988,0.53763,0.8172,0.97849,0.39333
tsnh4,0,clean,ar1|raw+gate,2,93,0.12144,0.014748,0.095642,0.067544,0.067544,0.51613,0.89247,0.96774,0.55326
tsnh4,0,clean,ar1|raw+gate,3,93,0.13742,0.018885,0.10855,0.077283,0.077283,0.63441,0.91398,0.97849,0.67481
tsnh4,0,clean,ar1|raw+gate,4,93,0.16229,0.026337,0.11819,0.090465,0.090465,0.66667,0.87097,0.96774,0.77628
tsnh4,0,clean,ar1|raw+gate,5,93,0.18369,0.033743,0.13816,0.10271,0.10271,0.62366,0.91398,0.96774,0.86479
tsnh4,0,clean,ar1|raw+gate,6,93,0.19145,0.036654,0.14733,0.10834,0.10834,0.64516,0.88172,0.97849,0.94401
tsnh4,0,clean,ar1|raw+gate,7,93,0.23123,0.053468,0.16926,0.12649,0.12649,0.64516,0.88172,0.96774,1.0161
tsnh4,0,clean,ar1|raw+gate,8,93,0.26148,0.068372,0.18238,0.13931,0.13931,0.66667,0.88172,0.94624,1.0826
tsnh4,0,clean,ar1|raw+gate,9,93,0.27821,0.077399,0.19856,0.15157,0.15157,0.65591,0.82796,0.93548,1.1443
tsnh4,0,clean,ar1|raw+gate,10,93,0.31191,0.097286,0.21854,0.16775,0.16775,0.65591,0.7957,0.93548,1.2022
tsnh4,0,clean,ar1|raw+gate,11,93,0.33392,0.1115,0.2397,0.18123,0.18123,0.62366,0.7957,0.93548,1.2566
tsnh4,0,clean,ar1|raw+gate,12,93,0.37518,0.14076,0.26317,0.20197,0.20197,0.58065,0.80645,0.87097,1.3081
tsnh4,0,clean,ar1|raw+gate,13,93,0.39132,0.15313,0.27091,0.2091,0.2091,0.63441,0.80645,0.88172,1.357
tsnh4,0,clean,ar1|raw+gate,14,93,0.40316,0.16254,0.28478,0.21721,0.21721,0.6129,0.77419,0.88172,1.4035
tsnh4,0,clean,ar1|raw+gate,15,93,0.42244,0.17846,0.30092,0.22848,0.22848,0.5914,0.78495,0.88172,1.448
tsnh4,0,clean,ar1|raw+gate,16,93,0.44155,0.19496,0.31265,0.23951,0.23951,0.5914,0.76344,0.87097,1.4906
tsnh4,0,clean,ar1|raw+gate,17,93,0.45679,0.20866,0.33271,0.25057,0.25057,0.5914,0.76344,0.83871,1.5314
tsnh4,0,clean,ar1|raw+gate,18,93,0.47085,0.2217,0.34207,0.25886,0.25886,0.60215,0.76344,0.82796,1.5707
tsnh4,0,clean,ar1|raw+gate,19,93,0.50382,0.25383,0.36272,0.2776,0.2776,0.58065,0.74194,0.83871,1.6084
tsnh4,0,clean,ar1|raw+gate,20,93,0.52223,0.27272,0.37399,0.28758,0.28758,0.53763,0.72043,0.83871,1.6448
tsnh4,0,clean,ar1|raw+gate,21,93,0.53563,0.2869,0.38765,0.29703,0.29703,0.51613,0.74194,0.84946,1.68
tsnh4,0,clean,ar1|raw+gate,22,93,0.54741,0.29966,0.39082,0.30196,0.30196,0.54839,0.72043,0.84946,1.714
tsnh4,0,clean,ar1|raw+gate,23,93,0.5564,0.30958,0.4015,0.30755,0.30755,0.55914,0.70968,0.86022,1.7468
tsnh4,0,clean,ar1|raw+gate,24,93,0.57378,0.32922,0.42395,0.3187,0.3187,0.50538,0.70968,0.87097,1.7787
tsnh4,0,clean,ar1|robust+gate,1,93,0.097939,0.009592,0.07394,0.053158,0.053158,0.46237,0.75269,0.90323,0.31273
tsnh4,0,clean,ar1|robust+gate,2,93,0.12189,0.014856,0.096108,0.067244,0.067244,0.48387,0.77419,0.95699,0.44041
tsnh4,0,clean,ar1|robust+gate,3,93,0.13799,0.019042,0.10886,0.076126,0.076126,0.50538,0.83871,0.95699,0.53781
tsnh4,0,clean,ar1|robust+gate,4,93,0.16311,0.026606,0.11863,0.088986,0.088986,0.60215,0.7957,0.92473,0.61942
tsnh4,0,clean,ar1|robust+gate,5,93,0.18486,0.034174,0.13843,0.10162,0.10162,0.58065,0.7957,0.93548,0.69086
tsnh4,0,clean,ar1|robust+gate,6,93,0.19281,0.037174,0.14806,0.10695,0.10695,0.54839,0.80645,0.94624,0.75504
tsnh4,0,clean,ar1|robust+gate,7,93,0.23247,0.054042,0.16953,0.12535,0.12535,0.51613,0.80645,0.93548,0.81368
tsnh4,0,clean,ar1|robust+gate,8,93,0.26323,0.069288,0.1834,0.13823,0.13823,0.55914,0.7957,0.91398,0.8679
tsnh4,0,clean,ar1|robust+gate,9,93,0.28047,0.078665,0.20044,0.15154,0.15154,0.62366,0.74194,0.88172,0.9185
tsnh4,0,clean,ar1|robust+gate,10,93,0.31488,0.099152,0.22069,0.16882,0.16882,0.55914,0.76344,0.87097,0.96605
tsnh4,0,clean,ar1|robust+gate,11,93,0.33729,0.11376,0.24222,0.18347,0.18347,0.53763,0.72043,0.86022,1.011
tsnh4,0,clean,ar1|robust+gate,12,93,0.37937,0.14392,0.26762,0.20547,0.20547,0.51613,0.70968,0.83871,1.0536
tsnh4,0,clean,ar1|robust+gate,13,93,0.39624,0.157,0.27518,0.21243,0.21243,0.55914,0.74194,0.83871,1.0943
tsnh4,0,clean,ar1|robust+gate,14,93,0.40904,0.16731,0.29104,0.22197,0.22197,0.52688,0.73118,0.83871,1.1331
tsnh4,0,clean,ar1|robust+gate,15,93,0.42897,0.18401,0.307,0.23431,0.23431,0.47312,0.72043,0.82796,1.1703
tsnh4,0,clean,ar1|robust+gate,16,93,0.44887,0.20148,0.32016,0.24593,0.24593,0.51613,0.73118,0.80645,1.2061
tsnh4,0,clean,ar1|robust+gate,17,93,0.465,0.21623,0.34073,0.25867,0.25867,0.49462,0.70968,0.7957,1.2406
tsnh4,0,clean,ar1|robust+gate,18,93,0.47978,0.23019,0.35073,0.26758,0.26758,0.50538,0.70968,0.78495,1.2738
tsnh4,0,clean,ar1|robust+gate,19,93,0.51336,0.26354,0.37296,0.28753,0.28753,0.46237,0.67742,0.77419,1.3059
tsnh4,0,clean,ar1|robust+gate,20,93,0.53276,0.28384,0.38415,0.29845,0.29845,0.47312,0.68817,0.78495,1.337
tsnh4,0,clean,ar1|robust+gate,21,93,0.54717,0.2994,0.39788,0.30942,0.30942,0.44086,0.64516,0.77419,1.3671
tsnh4,0,clean,ar1|robust+gate,22,93,0.55983,0.31341,0.40177,0.31462,0.31462,0.46237,0.64516,0.7957,1.3963
tsnh4,0,clean,ar1|robust+gate,23,93,0.56936,0.32418,0.41257,0.32067,0.32067,0.47312,0.64516,0.78495,1.4246
tsnh4,0,clean,ar1|robust+gate,24,93,0.58766,0.34534,0.43576,0.33383,0.33383,0.41935,0.60215,0.8172,1.4522
tsnh4,0,clean,persistence|raw,1,93,0.08823,0.0077845,0.070642,0.050373,,0.4086,0.75269,0.98925,0.35702
tsnh4,0,clean,persistence|raw,2,93,0.11329,0.012835,0.093405,0.065052,,0.47312,0.80645,0.97849,0.53276
tsnh4,0,clean,persistence|raw,3,93,0.13009,0.016924,0.10613,0.074061,,0.47312,0.87097,0.98925,0.67521
tsnh4,0,clean,persistence|raw,4,93,0.15592,0.024312,0.11651,0.08687,,0.56989,0.8172,1,0.82988
tsnh4,0,clean,persistence|raw,5,93,0.17917,0.032101,0.13632,0.099441,,0.56989,0.86022,1,0.9842
tsnh4,0,clean,persistence|raw,6,93,0.18773,0.035242,0.14615,0.10569,,0.52688,0.87097,1,1.1321
tsnh4,0,clean,persistence|raw,7,93,0.22693,0.051496,0.16706,0.1231,,0.51613,0.86022,0.98925,1.2884
tsnh4,0,clean,persistence|raw,8,93,0.25798,0.066555,0.18187,0.13591,,0.5914,0.86022,0.97849,1.422
tsnh4,0,clean,persistence|raw,9,93,0.27664,0.076527,0.20052,0.14918,,0.5914,0.8172,1,1.5476
tsnh4,0,clean,persistence|raw,10,93,0.31223,0.097488,0.22242,0.16732,,0.5914,0.80645,0.98925,1.6722
tsnh4,0,clean,persistence|raw,11,93,0.33675,0.1134,0.24564,0.18186,,0.5914,0.83871,1,1.8058
tsnh4,0,clean,persistence|raw,12,93,0.38022,0.14456,0.27426,0.20377,,0.58065,0.82796,0.98925,1.8994
tsnh4,0,clean,persistence|raw,13,93,0.3984,0.15872,0.28082,0.21273,,0.5914,0.82796,0.97849,2.0152
tsnh4,0,clean,persistence|raw,14,93,0.41312,0.17067,0.30106,0.22383,,0.58065,0.82796,0.98925,2.1099
tsnh4,0,clean,persistence|raw,15,93,0.43506,0.18928,0.31724,0.23598,,0.51613,0.82796,1,2.2331
tsnh4,0,clean,persistence|raw,16,93,0.45784,0.20962,0.33228,0.24759,,0.58065,0.83871,0.98925,2.3301
tsnh4,0,clean,persistence|raw,17,93,0.4758,0.22639,0.35385,0.25995,,0.53763,0.80645,1,2.401
tsnh4,0,clean,persistence|raw,18,93,0.49261,0.24266,0.36656,0.26879,,0.53763,0.83871,0.98925,2.5019
tsnh4,0,clean,persistence|raw,19,93,0.52756,0.27832,0.38931,0.28651,,0.52688,0.84946,0.98925,2.545
tsnh4,0,clean,persistence|raw,20,93,0.54904,0.30145,0.40174,0.29665,,0.53763,0.82796,0.98925,2.6161
tsnh4,0,clean,persistence|raw,21,93,0.56552,0.31981,0.41679,0.30797,,0.49462,0.82796,1,2.6632
tsnh4,0,clean,persistence|raw,22,93,0.58053,0.33701,0.42299,0.31531,,0.50538,0.82796,0.98925,2.7166
tsnh4,0,clean,persistence|raw,23,93,0.59164,0.35004,0.43339,0.32232,,0.50538,0.82796,1,2.766
tsnh4,0,clean,persistence|raw,24,93,0.61223,0.37483,0.45688,0.33607,,0.45161,0.86022,0.98925,2.7565
aotizhongxin,0.01,spikes_r0.01_k6_s0,ar1|raw,1,90,0.48436,0.23461,0.36893,0.30903,0.30903,0.85556,0.97778,0.98889,3.6539
aotizhongxin,0.01,spikes_r0.01_k6_s0,ar1|raw,2,89,0.68566,0.47013,0.55269,0.41682,0.41682,0.74157,0.96629,1,4.3997
aotizhongxin,0.01,spikes_r0.01_k6_s0,ar1|raw,3,89,0.83186,0.69199,0.689,0.49167,0.49167,0.62921,0.95506,1,4.6968
aotizhongxin,0.01,spikes_r0.01_k6_s0,ar1|raw,4,90,0.97686,0.95425,0.8412,0.56913,0.56913,0.47778,0.91111,1,4.8256
aotizhongxin,0.01,spikes_r0.01_k6_s0,ar1|raw,5,88,1.1087,1.2293,0.94713,0.6384,0.6384,0.47727,0.85227,0.98864,4.8814
aotizhongxin,0.01,spikes_r0.01_k6_s0,ar1|raw,6,90,1.1704,1.3698,0.97712,0.66919,0.66919,0.47778,0.84444,0.96667,4.9062
aotizhongxin,0.01,spikes_r0.01_k6_s0,ar1|raw,7,91,1.2452,1.5505,1.0428,0.71367,0.71367,0.3956,0.84615,0.95604,4.9174
aotizhongxin,0.01,spikes_r0.01_k6_s0,ar1|raw,8,90,1.2793,1.6366,1.0852,0.73723,0.73723,0.36667,0.77778,0.96667,4.9223
aotizhongxin,0.01,spikes_r0.01_k6_s0,ar1|raw,9,90,1.2366,1.5292,1.057,0.71369,0.71369,0.37778,0.8,0.97778,4.9246
aotizhongxin,0.01,spikes_r0.01_k6_s0,ar1|raw,10,89,1.2452,1.5506,1.0706,0.72162,0.72162,0.41573,0.78652,0.98876,4.9256
aotizhongxin,0.01,spikes_r0.01_k6_s0,ar1|raw,11,90,1.2277,1.5073,1.0475,0.70887,0.70887,0.4,0.78889,0.98889,4.9261
aotizhongxin,0.01,spikes_r0.01_k6_s0,ar1|raw,12,90,1.2592,1.5855,1.0633,0.72234,0.72234,0.45556,0.78889,0.96667,4.9263
aotizhongxin,0.01,spikes_r0.01_k6_s0,ar1|raw,13,91,1.1959,1.4302,1.0204,0.68924,0.68924,0.48352,0.82418,0.98901,4.9264
aotizhongxin,0.01,spikes_r0.01_k6_s0,ar1|raw,14,90,1.2099,1.464,1.0159,0.69317,0.69317,0.46667,0.83333,0.97778,4.9265
aotizhongxin,0.01,spikes_r0.01_k6_s0,ar1|raw,15,91,1.1871,1.4093,1.0033,0.68414,0.68414,0.42857,0.82418,0.97802,4.9265
aotizhongxin,0.01,spikes_r0.01_k6_s0,ar1|raw,16,91,1.2045,1.4508,0.99814,0.68967,0.68967,0.43956,0.8022,0.97802,4.9265
aotizhongxin,0.01,spikes_r0.01_k6_s0,ar1|raw,17,90,1.1459,1.3131,0.94289,0.65204,0.65204,0.48889,0.84444,0.96667,4.9265
aotizhongxin,0.01,spikes_r0.01_k6_s0,ar1|raw,18,90,1.136,1.2904,0.92942,0.64703,0.64703,0.5,0.84444,0.97778,4.9265
aotizhongxin,0.01,spikes_r0.01_k6_s0,ar1|raw,19,90,1.1557,1.3356,0.99392,0.66866,0.66866,0.46667,0.83333,1,4.9265
aotizhongxin,0.01,spikes_r0.01_k6_s0,ar1|raw,20,91,1.208,1.4593,1.0232,0.69492,0.69492,0.42857,0.82418,0.97802,4.9265
aotizhongxin,0.01,spikes_r0.01_k6_s0,ar1|raw,21,90,1.1149,1.243,0.96489,0.64692,0.64692,0.41111,0.82222,1,4.9265
aotizhongxin,0.01,spikes_r0.01_k6_s0,ar1|raw,22,89,1.2299,1.5127,1.0289,0.70479,0.70479,0.44944,0.82022,0.96629,4.9265
aotizhongxin,0.01,spikes_r0.01_k6_s0,ar1|raw,23,88,1.1894,1.4147,1.012,0.687,0.687,0.43182,0.81818,0.98864,4.9265
aotizhongxin,0.01,spikes_r0.01_k6_s0,ar1|raw,24,90,1.2367,1.5294,1.0186,0.70502,0.70502,0.46667,0.82222,0.95556,4.9265
aotizhongxin,0.01,spikes_r0.01_k6_s0,ar1|raw+gate,1,90,0.48436,0.23461,0.36893,0.30903,0.30903,0.85556,0.97778,0.98889,3.6539
aotizhongxin,0.01,spikes_r0.01_k6_s0,ar1|raw+gate,2,89,0.68566,0.47013,0.55269,0.41682,0.41682,0.74157,0.96629,1,4.3997
aotizhongxin,0.01,spikes_r0.01_k6_s0,ar1|raw+gate,3,89,0.83186,0.69199,0.689,0.49167,0.49167,0.62921,0.95506,1,4.6968
aotizhongxin,0.01,spikes_r0.01_k6_s0,ar1|raw+gate,4,90,0.97686,0.95425,0.8412,0.56913,0.56913,0.47778,0.91111,1,4.8256
aotizhongxin,0.01,spikes_r0.01_k6_s0,ar1|raw+gate,5,88,1.1087,1.2293,0.94713,0.6384,0.6384,0.47727,0.85227,0.98864,4.8814
aotizhongxin,0.01,spikes_r0.01_k6_s0,ar1|raw+gate,6,90,1.1704,1.3698,0.97712,0.66919,0.66919,0.47778,0.84444,0.96667,4.9062
aotizhongxin,0.01,spikes_r0.01_k6_s0,ar1|raw+gate,7,91,1.2452,1.5505,1.0428,0.71367,0.71367,0.3956,0.84615,0.95604,4.9174
aotizhongxin,0.01,spikes_r0.01_k6_s0,ar1|raw+gate,8,90,1.2793,1.6366,1.0852,0.73723,0.73723,0.36667,0.77778,0.96667,4.9223
aotizhongxin,0.01,spikes_r0.01_k6_s0,ar1|raw+gate,9,90,1.2366,1.5292,1.057,0.71369,0.71369,0.37778,0.8,0.97778,4.9246
aotizhongxin,0.01,spikes_r0.01_k6_s0,ar1|raw+gate,10,89,1.2452,1.5506,1.0706,0.72162,0.72162,0.41573,0.78652,0.98876,4.9256
aotizhongxin,0.01,spikes_r0.01_k6_s0,ar1|raw+gate,11,90,1.2277,1.5073,1.0475,0.70887,0.70887,0.4,0.78889,0.98889,4.9261
aotizhongxin,0.01,spikes_r0.01_k6_s0,ar1|raw+gate,12,90,1.2592,1.5855,1.0633,0.72234,0.72234,0.45556,0.78889,0.96667,4.9263
aotizhongxin,0.01,spikes_r0.01_k6_s0,ar1|raw+gate,13,91,1.1959,1.4302,1.0204,0.68924,0.68924,0.48352,0.82418,0.98901,4.9264
aotizhongxin,0.01,spikes_r0.01_k6_s0,ar1|raw+gate,14,90,1.2099,1.464,1.0159,0.69317,0.69317,0.46667,0.83333,0.97778,4.9265
aotizhongxin,0.01,spikes_r0.01_k6_s0,ar1|raw+gate,15,91,1.1871,1.4093,1.0033,0.68414,0.68414,0.42857,0.82418,0.97802,4.9265
aotizhongxin,0.01,spikes_r0.01_k6_s0,ar1|raw+gate,16,91,1.2045,1.4508,0.99814,0.68967,0.68967,0.43956,0.8022,0.97802,4.9265
aotizhongxin,0.01,spikes_r0.01_k6_s0,ar1|raw+gate,17,90,1.1459,1.3131,0.94289,0.65204,0.65204,0.48889,0.84444,0.96667,4.9265
aotizhongxin,0.01,spikes_r0.01_k6_s0,ar1|raw+gate,18,90,1.136,1.2904,0.92942,0.64703,0.64703,0.5,0.84444,0.97778,4.9265
aotizhongxin,0.01,spikes_r0.01_k6_s0,ar1|raw+gate,19,90,1.1557,1.3356,0.99392,0.66866,0.66866,0.46667,0.83333,1,4.9265
aotizhongxin,0.01,spikes_r0.01_k6_s0,ar1|raw+gate,20,91,1.208,1.4593,1.0232,0.69492,0.69492,0.42857,0.82418,0.97802,4.9265
aotizhongxin,0.01,spikes_r0.01_k6_s0,ar1|raw+gate,21,90,1.1149,1.243,0.96489,0.64692,0.64692,0.41111,0.82222,1,4.9265
aotizhongxin,0.01,spikes_r0.01_k6_s0,ar1|raw+gate,22,89,1.2299,1.5127,1.0289,0.70479,0.70479,0.44944,0.82022,0.96629,4.9265
aotizhongxin,0.01,spikes_r0.01_k6_s0,ar1|raw+gate,23,88,1.1894,1.4147,1.012,0.687,0.687,0.43182,0.81818,0.98864,4.9265
aotizhongxin,0.01,spikes_r0.01_k6_s0,ar1|raw+gate,24,90,1.2367,1.5294,1.0186,0.70502,0.70502,0.46667,0.82222,0.95556,4.9265
aotizhongxin,0.01,spikes_r0.01_k6_s0,ar1|robust+gate,1,90,0.68515,0.46943,0.3742,0.31299,0.31299,0.51111,0.65556,0.71111,0.9172
aotizhongxin,0.01,spikes_r0.01_k6_s0,ar1|robust+gate,2,89,0.74215,0.55078,0.49011,0.39512,0.39512,0.4382,0.60674,0.73034,1.2412
aotizhongxin,0.01,spikes_r0.01_k6_s0,ar1|robust+gate,3,89,0.83547,0.69801,0.58079,0.46043,0.46043,0.40449,0.61798,0.7191,1.4815
aotizhongxin,0.01,spikes_r0.01_k6_s0,ar1|robust+gate,4,90,0.92754,0.86034,0.67325,0.52814,0.52814,0.36667,0.58889,0.71111,1.6828
aotizhongxin,0.01,spikes_r0.01_k6_s0,ar1|robust+gate,5,88,1.048,1.0983,0.78979,0.61304,0.61304,0.26136,0.53409,0.67045,1.849
aotizhongxin,0.01,spikes_r0.01_k6_s0,ar1|robust+gate,6,90,1.159,1.3432,0.83969,0.65645,0.65645,0.32222,0.53333,0.68889,1.992
aotizhongxin,0.01,spikes_r0.01_k6_s0,ar1|robust+gate,7,91,1.1774,1.3863,0.86843,0.68126,0.68126,0.28571,0.54945,0.67033,2.119
aotizhongxin,0.01,spikes_r0.01_k6_s0,ar1|robust+gate,8,90,1.2013,1.4431,0.91695,0.70524,0.70524,0.25556,0.54444,0.68889,2.2292
aotizhongxin,0.01,spikes_r0.01_k6_s0,ar1|robust+gate,9,90,1.2076,1.4584,0.94353,0.71681,0.71681,0.26667,0.54444,0.72222,2.3325
aotizhongxin,0.01,spikes_r0.01_k6_s0,ar1|robust+gate,10,89,1.2036,1.4485,0.95693,0.72278,0.72278,0.25843,0.51685,0.70787,2.4265
aotizhongxin,0.01,spikes_r0.01_k6_s0,ar1|robust+gate,11,90,1.1926,1.4224,0.90244,0.68906,0.68906,0.34444,0.57778,0.76667,2.5121
aotizhongxin,0.01,spikes_r0.01_k6_s0,ar1|robust+gate,12,90,1.1934,1.4242,0.89908,0.68062,0.68062,0.34444,0.6,0.75556,2.5908
aotizhongxin,0.01,spikes_r0.01_k6_s0,ar1|robust+gate,13,91,1.1046,1.2202,0.84909,0.62692,0.62692,0.34066,0.62637,0.81319,2.6658
aotizhongxin,0.01,spikes_r0.01_k6_s0,ar1|robust+gate,14,90,1.1183,1.2506,0.87215,0.64052,0.64052,0.33333,0.65556,0.78889,2.7302
aotizhongxin,0.01,spikes_r0.01_k6_s0,ar1|robust+gate,15,91,1.1191,1.2524,0.86216,0.63037,0.63037,0.30769,0.68132,0.83516,2.7944
aotizhongxin,0.01,spikes_r0.01_k6_s0,ar1|robust+gate,16,91,1.1574,1.3395,0.88405,0.64889,0.64889,0.32967,0.63736,0.83516,2.8518
aotizhongxin,0.01,spikes_r0.01_k6_s0,ar1|robust+gate,17,90,1.1102,1.2325,0.83767,0.61481,0.61481,0.38889,0.68889,0.85556,2.9054
aotizhongxin,0.01,spikes_r0.01_k6_s0,ar1|robust+gate,18,90,1.1191,1.2523,0.87257,0.6379,0.6379,0.35556,0.63333,0.83333,2.9551
aotizhongxin,0.01,spikes_r0.01_k6_s0,ar1|robust+gate,19,90,1.1442,1.3092,0.88845,0.65828,0.65828,0.41111,0.6,0.81111,3.0016
aotizhongxin,0.01,spikes_r0.01_k6_s0,ar1|robust+gate,20,91,1.1855,1.4053,0.93722,0.69179,0.69179,0.35165,0.6044,0.79121,3.0448
aotizhongxin,0.01,spikes_r0.01_k6_s0,ar1|robust+gate,21,90,1.1214,1.2574,0.9207,0.66028,0.66028,0.32222,0.61111,0.82222,3.0855
aotizhongxin,0.01,spikes_r0.01_k6_s0,ar1|robust+gate,22,89,1.2764,1.6293,1.0279,0.75313,0.75313,0.26966,0.58427,0.78652,3.1236
aotizhongxin,0.01,spikes_r0.01_k6_s0,ar1|robust+gate,23,88,1.2679,1.6075,1.0434,0.75745,0.75745,0.29545,0.56818,0.76136,3.1593
aotizhongxin,0.01,spikes_r0.01_k6_s0,ar1|robust+gate,24,90,1.3105,1.7174,1.0645,0.77932,0.77932,0.31111,0.55556,0.76667,3.1925
aotizhongxin,0.01,spikes_r0.01_k6_s0,persistence|raw,1,90,0.41009,0.16817,0.26277,0.20983,,0.46667,0.7,0.94444,1.9401
aotizhongxin,0.01,spikes_r0.01_k6_s0,persistence|raw,2,89,0.63886,0.40814,0.43961,0.3381,,0.4382,0.62921,0.93258,2.6464
aotizhongxin,0.01,spikes_r0.01_k6_s0,persistence|raw,3,89,0.77695,0.60365,0.54056,0.412,,0.42697,0.68539,0.89888,3.0651
aotizhongxin,0.01,spikes_r0.01_k6_s0,persistence|raw,4,90,0.92662,0.85863,0.66447,0.50197,,0.41111,0.67778,0.87778,3.5271
aotizhongxin,0.01,spikes_r0.01_k6_s0,persistence|raw,5,88,1.0318,1.0646,0.75913,0.56613,,0.38636,0.625,0.88636,3.8316
aotizhongxin,0.01,spikes_r0.01_k6_s0,persistence|raw,6,90,1.109,1.2299,0.81559,0.61103,,0.43333,0.58889,0.91111,4.1749
aotizhongxin,0.01,spikes_r0.01_k6_s0,persistence|raw,7,91,1.0845,1.1762,0.83213,0.6087,,0.38462,0.61538,0.95604,4.4061
aotizhongxin,0.01,spikes_r0.01_k6_s0,persistence|raw,8,90,1.1451,1.3112,0.86977,0.63547,,0.35556,0.63333,0.93333,4.6271
aotizhongxin,0.01,spikes_r0.01_k6_s0,persistence|raw,9,90,1.1802,1.3928,0.89878,0.65641,,0.4,0.65556,0.92222,4.7952
aotizhongxin,0.01,spikes_r0.01_k6_s0,persistence|raw,10,89,1.1988,1.4372,0.89855,0.66005,,0.4382,0.64045,0.91011,4.9153
aotizhongxin,0.01,spikes_r0.01_k6_s0,persistence|raw,11,90,1.1943,1.4264,0.86344,0.64409,,0.51111,0.7,0.9,5.0115
aotizhongxin,0.01,spikes_r0.01_k6_s0,persistence|raw,12,90,1.2008,1.4419,0.86424,0.64894,,0.48889,0.71111,0.91111,5.1225
aotizhongxin,0.01,spikes_r0.01_k6_s0,persistence|raw,13,91,1.1347,1.2876,0.83292,0.61877,,0.51648,0.78022,0.94505,5.1943
aotizhongxin,0.01,spikes_r0.01_k6_s0,persistence|raw,14,90,1.1585,1.342,0.86558,0.63759,,0.46667,0.77778,0.95556,5.2807
aotizhongxin,0.01,spikes_r0.01_k6_s0,persistence|raw,15,91,1.159,1.3434,0.89058,0.64616,,0.41758,0.81319,0.95604,5.4144
aotizhongxin,0.01,spikes_r0.01_k6_s0,persistence|raw,16,91,1.2221,1.4935,0.93755,0.68367,,0.43956,0.74725,0.96703,5.541
aotizhongxin,0.01,spikes_r0.01_k6_s0,persistence|raw,17,90,1.1997,1.4394,0.92581,0.67134,,0.41111,0.77778,0.97778,5.6225
aotizhongxin,0.01,spikes_r0.01_k6_s0,persistence|raw,18,90,1.2404,1.5386,0.97353,0.70168,,0.43333,0.75556,0.95556,5.6266
aotizhongxin,0.01,spikes_r0.01_k6_s0,persistence|raw,19,90,1.2691,1.6107,0.97034,0.7088,,0.46667,0.78889,0.96667,5.6371
aotizhongxin,0.01,spikes_r0.01_k6_s0,persistence|raw,20,91,1.2865,1.6551,1.0321,0.73782,,0.41758,0.76923,0.96703,5.6784
aotizhongxin,0.01,spikes_r0.01_k6_s0,persistence|raw,21,90,1.2951,1.6772,1.0551,0.74492,,0.42222,0.81111,0.96667,5.7354
aotizhongxin,0.01,spikes_r0.01_k6_s0,persistence|raw,22,89,1.3959,1.9486,1.1204,0.80629,,0.41573,0.75281,0.95506,5.7837
aotizhongxin,0.01,spikes_r0.01_k6_s0,persistence|raw,23,88,1.4538,2.1136,1.1703,0.83874,,0.38636,0.70455,0.95455,5.7722
aotizhongxin,0.01,spikes_r0.01_k6_s0,persistence|raw,24,90,1.4894,2.2183,1.2057,0.85655,,0.38889,0.72222,0.94444,5.8073
aotizhongxin,0.01,spikes_r0.01_k6_s1,ar1|raw,1,90,0.47674,0.22728,0.36341,0.30027,0.30027,0.85556,0.96667,0.98889,3.4981
aotizhongxin,0.01,spikes_r0.01_k6_s1,ar1|raw,2,89,0.67667,0.45788,0.54452,0.40807,0.40807,0.74157,0.96629,1,4.2336
aotizhongxin,0.01,spikes_r0.01_k6_s1,ar1|raw,3,89,0.82278,0.67697,0.68179,0.484,0.484,0.60674,0.92135,1,4.535
aotizhongxin,0.01,spikes_r0.01_k6_s1,ar1|raw,4,90,0.96972,0.94035,0.83575,0.56376,0.56376,0.46667,0.88889,1,4.6697
aotizhongxin,0.01,spikes_r0.01_k6_s1,ar1|raw,5,88,1.1033,1.2172,0.94435,0.63514,0.63514,0.46591,0.85227,0.98864,4.7298
aotizhongxin,0.01,spikes_r0.01_k6_s1,ar1|raw,6,90,1.1662,1.36,0.97502,0.667,0.667,0.45556,0.82222,0.96667,4.7574
aotizhongxin,0.01,spikes_r0.01_k6_s1,ar1|raw,7,91,1.2413,1.5407,1.0415,0.71245,0.71245,0.3956,0.84615,0.95604,4.7702
aotizhongxin,0.01,spikes_r0.01_k6_s1,ar1|raw,8,90,1.2765,1.6294,1.0846,0.73708,0.73708,0.34444,0.76667,0.95556,4.7761
aotizhongxin,0.01,spikes_r0.01_k6_s1,ar1|raw,9,90,1.2352,1.5256,1.0577,0.71407,0.71407,0.37778,0.75556,0.97778,4.7789
aotizhongxin,0.01,spikes_r0.01_k6_s1,ar1|raw,10,89,1.2444,1.5485,1.0713,0.72255,0.72255,0.41573,0.76404,0.98876,4.7802
aotizhongxin,0.01,spikes_r0.01_k6_s1,ar1|raw,11,90,1.2268,1.5049,1.0475,0.70936,0.70936,0.4,0.78889,0.96667,4.7808
aotizhongxin,0.01,spikes_r0.01_k6_s1,ar1|raw,12,90,1.2578,1.5822,1.0632,0.72261,0.72261,0.44444,0.76667,0.96667,4.7811
aotizhongxin,0.01,spikes_r0.01_k6_s1,ar1|raw,13,91,1.1949,1.4277,1.0204,0.68922,0.68922,0.48352,0.82418,0.98901,4.7812
aotizhongxin,0.01,spikes_r0.01_k6_s1,ar1|raw,14,90,1.2086,1.4606,1.0155,0.69288,0.69288,0.45556,0.82222,0.96667,4.7813
aotizhongxin,0.01,spikes_r0.01_k6_s1,ar1|raw,15,91,1.1859,1.4063,1.0027,0.68389,0.68389,0.42857,0.81319,0.97802,4.7813
aotizhongxin,0.01,spikes_r0.01_k6_s1,ar1|raw,16,91,1.2033,1.4479,0.99783,0.68935,0.68935,0.42857,0.8022,0.96703,4.7813
aotizhongxin,0.01,spikes_r0.01_k6_s1,ar1|raw,17,90,1.1449,1.3107,0.94242,0.65102,0.65102,0.45556,0.84444,0.96667,4.7813
aotizhongxin,0.01,spikes_r0.01_k6_s1,ar1|raw,18,90,1.1351,1.2885,0.92947,0.64604,0.64604,0.47778,0.82222,0.96667,4.7813
aotizhongxin,0.01,spikes_r0.01_k6_s1,ar1|raw,19,90,1.1545,1.3329,0.99354,0.66824,0.66824,0.4,0.83333,0.98889,4.7813
aotizhongxin,0.01,spikes_r0.01_k6_s1,ar1|raw,20,91,1.2067,1.4561,1.0227,0.69475,0.69475,0.41758,0.82418,0.95604,4.7813
aotizhongxin,0.01,spikes_r0.01_k6_s1,ar1|raw,21,90,1.1136,1.2401,0.96439,0.64612,0.64612,0.38889,0.81111,1,4.7813
aotizhongxin,0.01,spikes_r0.01_k6_s1,ar1|raw,22,89,1.2284,1.5089,1.0282,0.70452,0.70452,0.42697,0.82022,0.96629,4.7813
aotizhongxin,0.01,spikes_r0.01_k6_s1,ar1|raw,23,88,1.1883,1.4121,1.0119,0.68694,0.68694,0.43182,0.80682,0.98864,4.7813
aotizhongxin,0.01,spikes_r0.01_k6_s1,ar1|raw,24,90,1.2357,1.5269,1.0189,0.70497,0.70497,0.43333,0.81111,0.94444,4.7813
aotizhongxin,0.01,spikes_r0.01_k6_s1,ar1|raw+gate,1,90,0.47674,0.22728,0.36341,0.30027,0.30027,0.85556,0.96667,0.98889,3.4981
aotizhongxin,0.01,spikes_r0.01_k6_s1,ar1|raw+gate,2,89,0.67667,0.45788,0.54452,0.40807,0.40807,0.74157,0.96629,1,4.2336
aotizhongxin,0.01,spikes_r0.01_k6_s1,ar1|raw+gate,3,89,0.82278,0.67697,0.68179,0.484,0.484,0.60674,0.92135,1,4.535
aotizhongxin,0.01,spikes_r0.01_k6_s1,ar1|raw+gate,4,90,0.96972,0.94035,0.83575,0.56376,0.56376,0.46667,0.88889,1,4.6697
aotizhongxin,0.01,spikes_r0.01_k6_s1,ar1|raw+gate,5,88,1.1033,1.2172,0.94435,0.63514,0.63514,0.46591,0.85227,0.98864,4.7298
aotizhongxin,0.01,spikes_r0.01_k6_s1,ar1|raw+gate,6,90,1.1662,1.36,0.97502,0.667,0.667,0.45556,0.82222,0.96667,4.7574
aotizhongxin,0.01,spikes_r0.01_k6_s1,ar1|raw+gate,7,91,1.2413,1.5407,1.0415,0.71245,0.71245,0.3956,0.84615,0.95604,4.7702
aotizhongxin,0.01,spikes_r0.01_k6_s1,ar1|raw+gate,8,90,1.2765,1.6294,1.0846,0.73708,0.73708,0.34444,0.76667,0.95556,4.7761
aotizhongxin,0.01,spikes_r0.01_k6_s1,ar1|raw+gate,9,90,1.2352,1.5256,1.0577,0.71407,0.71407,0.37778,0.75556,0.97778,4.7789
aotizhongxin,0.01,spikes_r0.01_k6_s1,ar1|raw+gate,10,89,1.2444,1.5485,1.0713,0.72255,0.72255,0.41573,0.76404,0.98876,4.7802
aotizhongxin,0.01,spikes_r0.01_k6_s1,ar1|raw+gate,11,90,1.2268,1.5049,1.0475,0.70936,0.70936,0.4,0.78889,0.96667,4.7808
aotizhongxin,0.01,spikes_r0.01_k6_s1,ar1|raw+gate,12,90,1.2578,1.5822,1.0632,0.72261,0.72261,0.44444,0.76667,0.96667,4.7811
aotizhongxin,0.01,spikes_r0.01_k6_s1,ar1|raw+gate,13,91,1.1949,1.4277,1.0204,0.68922,0.68922,0.48352,0.82418,0.98901,4.7812
aotizhongxin,0.01,spikes_r0.01_k6_s1,ar1|raw+gate,14,90,1.2086,1.4606,1.0155,0.69288,0.69288,0.45556,0.82222,0.96667,4.7813
aotizhongxin,0.01,spikes_r0.01_k6_s1,ar1|raw+gate,15,91,1.1859,1.4063,1.0027,0.68389,0.68389,0.42857,0.81319,0.97802,4.7813
aotizhongxin,0.01,spikes_r0.01_k6_s1,ar1|raw+gate,16,91,1.2033,1.4479,0.99783,0.68935,0.68935,0.42857,0.8022,0.96703,4.7813
aotizhongxin,0.01,spikes_r0.01_k6_s1,ar1|raw+gate,17,90,1.1449,1.3107,0.94242,0.65102,0.65102,0.45556,0.84444,0.96667,4.7813
aotizhongxin,0.01,spikes_r0.01_k6_s1,ar1|raw+gate,18,90,1.1351,1.2885,0.92947,0.64604,0.64604,0.47778,0.82222,0.96667,4.7813
aotizhongxin,0.01,spikes_r0.01_k6_s1,ar1|raw+gate,19,90,1.1545,1.3329,0.99354,0.66824,0.66824,0.4,0.83333,0.98889,4.7813
aotizhongxin,0.01,spikes_r0.01_k6_s1,ar1|raw+gate,20,91,1.2067,1.4561,1.0227,0.69475,0.69475,0.41758,0.82418,0.95604,4.7813
aotizhongxin,0.01,spikes_r0.01_k6_s1,ar1|raw+gate,21,90,1.1136,1.2401,0.96439,0.64612,0.64612,0.38889,0.81111,1,4.7813
aotizhongxin,0.01,spikes_r0.01_k6_s1,ar1|raw+gate,22,89,1.2284,1.5089,1.0282,0.70452,0.70452,0.42697,0.82022,0.96629,4.7813
aotizhongxin,0.01,spikes_r0.01_k6_s1,ar1|raw+gate,23,88,1.1883,1.4121,1.0119,0.68694,0.68694,0.43182,0.80682,0.98864,4.7813
aotizhongxin,0.01,spikes_r0.01_k6_s1,ar1|raw+gate,24,90,1.2357,1.5269,1.0189,0.70497,0.70497,0.43333,0.81111,0.94444,4.7813
aotizhongxin,0.01,spikes_r0.01_k6_s1,ar1|robust+gate,1,90,0.68518,0.46947,0.3742,0.31301,0.31301,0.51111,0.65556,0.71111,0.91681
aotizhongxin,0.01,spikes_r0.01_k6_s1,ar1|robust+gate,2,89,0.74216,0.5508,0.49009,0.39513,0.39513,0.4382,0.60674,0.73034,1.2407
aotizhongxin,0.01,spikes_r0.01_k6_s1,ar1|robust+gate,3,89,0.83548,0.69802,0.58075,0.46044,0.46044,0.40449,0.61798,0.7191,1.4808
aotizhongxin,0.01,spikes_r0.01_k6_s1,ar1|robust+gate,4,90,0.92754,0.86033,0.67321,0.52814,0.52814,0.36667,0.58889,0.71111,1.6821
aotizhongxin,0.01,spikes_r0.01_k6_s1,ar1|robust+gate,5,88,1.048,1.0982,0.78972,0.61304,0.61304,0.26136,0.53409,0.67045,1.8482
aotizhongxin,0.01,spikes_r0.01_k6_s1,ar1|robust+gate,6,90,1.159,1.3432,0.83962,0.65644,0.65644,0.32222,0.53333,0.68889,1.9912
aotizhongxin,0.01,spikes_r0.01_k6_s1,ar1|robust+gate,7,91,1.1774,1.3863,0.86835,0.68125,0.68125,0.28571,0.54945,0.67033,2.1181
aotizhongxin,0.01,spikes_r0.01_k6_s1,ar1|robust+gate,8,90,1.2013,1.4431,0.91687,0.70523,0.70523,0.25556,0.54444,0.68889,2.2283
aotizhongxin,0.01,spikes_r0.01_k6_s1,ar1|robust+gate,9,90,1.2076,1.4584,0.94344,0.71681,0.71681,0.26667,0.54444,0.72222,2.3315
aotizhongxin,0.01,spikes_r0.01_k6_s1,ar1|robust+gate,10,89,1.2035,1.4485,0.95684,0.72278,0.72278,0.25843,0.51685,0.70787,2.4256
aotizhongxin,0.01,spikes_r0.01_k6_s1,ar1|robust+gate,11,90,1.1927,1.4224,0.90237,0.68906,0.68906,0.34444,0.57778,0.76667,2.5111
aotizhongxin,0.01,spikes_r0.01_k6_s1,ar1|robust+gate,12,90,1.1934,1.4242,0.89904,0.68064,0.68064,0.34444,0.6,0.75556,2.5898
aotizhongxin,0.01,spikes_r0.01_k6_s1,ar1|robust+gate,13,91,1.1047,1.2203,0.84907,0.62694,0.62694,0.34066,0.62637,0.81319,2.6647
aotizhongxin,0.01,spikes_r0.01_k6_s1,ar1|robust+gate,14,90,1.1184,1.2508,0.87213,0.64056,0.64056,0.34444,0.65556,0.78889,2.7292
aotizhongxin,0.01,spikes_r0.01_k6_s1,ar1|robust+gate,15,91,1.1192,1.2526,0.86214,0.63041,0.63041,0.30769,0.68132,0.83516,2.7933
aotizhongxin,0.01,spikes_r0.01_k6_s1,ar1|robust+gate,16,91,1.1574,1.3396,0.88402,0.64894,0.64894,0.32967,0.63736,0.83516,2.8508
aotizhongxin,0.01,spikes_r0.01_k6_s1,ar1|robust+gate,17,90,1.1103,1.2327,0.83766,0.61484,0.61484,0.38889,0.68889,0.85556,2.9043
aotizhongxin,0.01,spikes_r0.01_k6_s1,ar1|robust+gate,18,90,1.1192,1.2525,0.87254,0.63794,0.63794,0.35556,0.63333,0.83333,2.9541
aotizhongxin,0.01,spikes_r0.01_k6_s1,ar1|robust+gate,19,90,1.1443,1.3094,0.88843,0.65834,0.65834,0.41111,0.6,0.81111,3.0005
aotizhongxin,0.01,spikes_r0.01_k6_s1,ar1|robust+gate,20,91,1.1856,1.4056,0.9372,0.69186,0.69186,0.35165,0.6044,0.79121,3.0437
aotizhongxin,0.01,spikes_r0.01_k6_s1,ar1|robust+gate,21,90,1.1215,1.2577,0.9207,0.66035,0.66035,0.32222,0.61111,0.82222,3.0844
aotizhongxin,0.01,spikes_r0.01_k6_s1,ar1|robust+gate,22,89,1.2765,1.6296,1.0279,0.75323,0.75323,0.26966,0.58427,0.78652,3.1225
aotizhongxin,0.01,spikes_r0.01_k6_s1,ar1|robust+gate,23,88,1.268,1.6078,1.0434,0.75754,0.75754,0.29545,0.56818,0.76136,3.1582
aotizhongxin,0.01,spikes_r0.01_k6_s1,ar1|robust+gate,24,90,1.3106,1.7177,1.0645,0.7794,0.7794,0.31111,0.55556,0.76667,3.1914
aotizhongxin,0.01,spikes_r0.01_k6_s1,persistence|raw,1,90,0.41009,0.16817,0.26277,0.20985,,0.46667,0.7,0.94444,1.8324
aotizhongxin,0.01,spikes_r0.01_k6_s1,persistence|raw,2,89,0.63886,0.40814,0.43961,0.33797,,0.4382,0.62921,0.93258,2.5558
aotizhongxin,0.01,spikes_r0.01_k6_s1,persistence|raw,3,89,0.77695,0.60365,0.54056,0.4122,,0.42697,0.68539,0.89888,3.0109
aotizhongxin,0.01,spikes_r0.01_k6_s1,persistence|raw,4,90,0.92662,0.85863,0.66447,0.50202,,0.41111,0.66667,0.87778,3.439
aotizhongxin,0.01,spikes_r0.01_k6_s1,persistence|raw,5,88,1.0318,1.0646,0.75913,0.56608,,0.39773,0.61364,0.875,3.7621
aotizhongxin,0.01,spikes_r0.01_k6_s1,persistence|raw,6,90,1.109,1.2299,0.81559,0.61099,,0.43333,0.58889,0.9,4.0149
aotizhongxin,0.01,spikes_r0.01_k6_s1,persistence|raw,7,91,1.0845,1.1762,0.83213,0.60857,,0.38462,0.61538,0.93407,4.2198
aotizhongxin,0.01,spikes_r0.01_k6_s1,persistence|raw,8,90,1.1451,1.3112,0.86977,0.63546,,0.35556,0.63333,0.93333,4.4398
aotizhongxin,0.01,spikes_r0.01_k6_s1,persistence|raw,9,90,1.1802,1.3928,0.89878,0.65656,,0.4,0.65556,0.91111,4.6908
aotizhongxin,0.01,spikes_r0.01_k6_s1,persistence|raw,10,89,1.1988,1.4372,0.89855,0.65992,,0.4382,0.64045,0.91011,4.857
aotizhongxin,0.01,spikes_r0.01_k6_s1,persistence|raw,11,90,1.1943,1.4264,0.86344,0.64409,,0.51111,0.7,0.88889,4.9056
aotizhongxin,0.01,spikes_r0.01_k6_s1,persistence|raw,12,90,1.2008,1.4419,0.86424,0.64892,,0.48889,0.7,0.91111,5.0333
aotizhongxin,0.01,spikes_r0.01_k6_s1,persistence|raw,13,91,1.1347,1.2876,0.83292,0.6186,,0.51648,0.76923,0.93407,5.0832
aotizhongxin,0.01,spikes_r0.01_k6_s1,persistence|raw,14,90,1.1585,1.342,0.86558,0.6375,,0.47778,0.76667,0.95556,5.1933
aotizhongxin,0.01,spikes_r0.01_k6_s1,persistence|raw,15,91,1.159,1.3434,0.89058,0.64603,,0.41758,0.81319,0.95604,5.3091
aotizhongxin,0.01,spikes_r0.01_k6_s1,persistence|raw,16,91,1.2221,1.4935,0.93755,0.68367,,0.43956,0.74725,0.96703,5.3816
aotizhongxin,0.01,spikes_r0.01_k6_s1,persistence|raw,17,90,1.1997,1.4394,0.92581,0.67125,,0.4,0.77778,0.96667,5.4954
aotizhongxin,0.01,spikes_r0.01_k6_s1,persistence|raw,18,90,1.2404,1.5386,0.97353,0.70162,,0.43333,0.75556,0.95556,5.481
aotizhongxin,0.01,spikes_r0.01_k6_s1,persistence|raw,19,90,1.2691,1.6107,0.97034,0.70893,,0.46667,0.78889,0.96667,5.524
aotizhongxin,0.01,spikes_r0.01_k6_s1,persistence|raw,20,91,1.2865,1.6551,1.0321,0.73809,,0.41758,0.75824,0.96703,5.6001
aotizhongxin,0.01,spikes_r0.01_k6_s1,persistence|raw,21,90,1.2951,1.6772,1.0551,0.74514,,0.42222,0.81111,0.96667,5.6425
aotizhongxin,0.01,spikes_r0.01_k6_s1,persistence|raw,22,89,1.3959,1.9486,1.1204,0.80696,,0.41573,0.75281,0.94382,5.6719
aotizhongxin,0.01,spikes_r0.01_k6_s1,persistence|raw,23,88,1.4538,2.1136,1.1703,0.83925,,0.38636,0.69318,0.95455,5.6832
aotizhongxin,0.01,spikes_r0.01_k6_s1,persistence|raw,24,90,1.4894,2.2183,1.2057,0.85692,,0.38889,0.72222,0.94444,5.7342
aotizhongxin,0.01,spikes_r0.01_k6_s2,ar1|raw,1,90,0.63994,0.40952,0.40029,0.33417,0.33417,0.84444,0.95556,0.97778,3.4682
aotizhongxin,0.01,spikes_r0.01_k6_s2,ar1|raw,2,89,0.71638,0.51321,0.55916,0.42104,0.42104,0.74157,0.95506,0.98876,4.2152
aotizhongxin,0.01,spikes_r0.01_k6_s2,ar1|raw,3,89,0.82376,0.67858,0.68204,0.48442,0.48442,0.61798,0.93258,1,4.5285
aotizhongxin,0.01,spikes_r0.01_k6_s2,ar1|raw,4,90,0.95829,0.91832,0.82407,0.55735,0.55735,0.48889,0.9,1,4.6719
aotizhongxin,0.01,spikes_r0.01_k6_s2,ar1|raw,5,88,1.0924,1.1933,0.92922,0.62842,0.62842,0.47727,0.85227,0.98864,4.7376
aotizhongxin,0.01,spikes_r0.01_k6_s2,ar1|raw,6,90,1.1558,1.3359,0.96407,0.66047,0.66047,0.47778,0.83333,0.96667,4.7685
aotizhongxin,0.01,spikes_r0.01_k6_s2,ar1|raw,7,91,1.2329,1.52,1.0339,0.70703,0.70703,0.3956,0.84615,0.95604,4.7833
aotizhongxin,0.01,spikes_r0.01_k6_s2,ar1|raw,8,90,1.2704,1.6139,1.0792,0.73299,0.73299,0.34444,0.77778,0.95556,4.7902
aotizhongxin,0.01,spikes_r0.01_k6_s2,ar1|raw,9,90,1.2313,1.5162,1.0543,0.71157,0.71157,0.38889,0.75556,0.97778,4.7936
aotizhongxin,0.01,spikes_r0.01_k6_s2,ar1|raw,10,89,1.2413,1.5407,1.069,0.72051,0.72051,0.41573,0.77528,0.98876,4.7952
aotizhongxin,0.01,spikes_r0.01_k6_s2,ar1|raw,11,90,1.2246,1.4995,1.0457,0.70793,0.70793,0.4,0.78889,0.97778,4.796
aotizhongxin,0.01,spikes_r0.01_k6_s2,ar1|raw,12,90,1.2564,1.5785,1.0618,0.72169,0.72169,0.44444,0.76667,0.96667,4.7963
aotizhongxin,0.01,spikes_r0.01_k6_s2,ar1|raw,13,91,1.194,1.4255,1.0207,0.68869,0.68869,0.48352,0.82418,0.98901,4.7965
aotizhongxin,0.01,spikes_r0.01_k6_s2,ar1|raw,14,90,1.2078,1.4587,1.0154,0.69245,0.69245,0.45556,0.82222,0.96667,4.7966
aotizhongxin,0.01,spikes_r0.01_k6_s2,ar1|raw,15,91,1.1852,1.4048,1.0025,0.68351,0.68351,0.42857,0.82418,0.97802,4.7966
aotizhongxin,0.01,spikes_r0.01_k6_s2,ar1|raw,16,91,1.2027,1.4465,0.99781,0.68903,0.68903,0.43956,0.8022,0.96703,4.7966
aotizhongxin,0.01,spikes_r0.01_k6_s2,ar1|raw,17,90,1.1444,1.3096,0.94232,0.65081,0.65081,0.46667,0.84444,0.96667,4.7966
aotizhongxin,0.01,spikes_r0.01_k6_s2,ar1|raw,18,90,1.1346,1.2874,0.92938,0.64587,0.64587,0.48889,0.82222,0.96667,4.7966
aotizhongxin,0.01,spikes_r0.01_k6_s2,ar1|raw,19,90,1.154,1.3316,0.99339,0.66791,0.66791,0.42222,0.83333,0.98889,4.7967
aotizhongxin,0.01,spikes_r0.01_k6_s2,ar1|raw,20,91,1.2061,1.4546,1.0226,0.69437,0.69437,0.42857,0.82418,0.95604,4.7967
aotizhongxin,0.01,spikes_r0.01_k6_s2,ar1|raw,21,90,1.113,1.2389,0.96411,0.64582,0.64582,0.4,0.81111,1,4.7967
aotizhongxin,0.01,spikes_r0.01_k6_s2,ar1|raw,22,89,1.2277,1.5072,1.0278,0.70409,0.70409,0.4382,0.82022,0.96629,4.7967
aotizhongxin,0.01,spikes_r0.01_k6_s2,ar1|raw,23,88,1.1879,1.411,1.0118,0.68664,0.68664,0.43182,0.80682,0.98864,4.7967
aotizhongxin,0.01,spikes_r0.01_k6_s2,ar1|raw,24,90,1.2352,1.5258,1.0191,0.70473,0.70473,0.44444,0.81111,0.94444,4.7967
aotizhongxin,0.01,spikes_r0.01_k6_s2,ar1|raw+gate,1,90,0.47333,0.22404,0.36123,0.29812,0.29812,0.85556,0.96667,0.98889,3.4765
aotizhongxin,0.01,spikes_r0.01_k6_s2,ar1|raw+gate,2,89,0.67089,0.45009,0.53992,0.40506,0.40506,0.74157,0.96629,1,4.2188
aotizhongxin,0.01,spikes_r0.01_k6_s2,ar1|raw+gate,3,89,0.81594,0.66576,0.67638,0.48064,0.48064,0.61798,0.93258,1,4.5301
aotizhongxin,0.01,spikes_r0.01_k6_s2,ar1|raw+gate,4,90,0.96391,0.92913,0.83098,0.56069,0.56069,0.47778,0.9,1,4.6727
aotizhongxin,0.01,spikes_r0.01_k6_s2,ar1|raw+gate,5,88,1.0984,1.2064,0.94136,0.63249,0.63249,0.46591,0.85227,0.98864,4.7379
aotizhongxin,0.01,spikes_r0.01_k6_s2,ar1|raw+gate,6,90,1.1621,1.3505,0.97237,0.66482,0.66482,0.46667,0.83333,0.96667,4.7687
aotizhongxin,0.01,spikes_r0.01_k6_s2,ar1|raw+gate,7,91,1.2374,1.5312,1.0395,0.71031,0.71031,0.38462,0.84615,0.95604,4.7833
aotizhongxin,0.01,spikes_r0.01_k6_s2,ar1|raw+gate,8,90,1.2736,1.622,1.0832,0.73534,0.73534,0.34444,0.77778,0.95556,4.7902
aotizhongxin,0.01,spikes_r0.01_k6_s2,ar1|raw+gate,9,90,1.2333,1.521,1.0571,0.713,0.713,0.37778,0.75556,0.97778,4.7936
aotizhongxin,0.01,spikes_r0.01_k6_s2,ar1|raw+gate,10,89,1.243,1.5452,1.0709,0.72176,0.72176,0.41573,0.77528,0.98876,4.7952
aotizhongxin,0.01,spikes_r0.01_k6_s2,ar1|raw+gate,11,90,1.2256,1.5021,1.047,0.70869,0.70869,0.4,0.78889,0.97778,4.796
aotizhongxin,0.01,spikes_r0.01_k6_s2,ar1|raw+gate,12,90,1.2567,1.5792,1.0627,0.72191,0.72191,0.44444,0.76667,0.96667,4.7963
aotizhongxin,0.01,spikes_r0.01_k6_s2,ar1|raw+gate,13,91,1.1939,1.4255,1.0201,0.68867,0.68867,0.48352,0.82418,0.98901,4.7965
aotizhongxin,0.01,spikes_r0.01_k6_s2,ar1|raw+gate,14,90,1.2076,1.4584,1.015,0.69235,0.69235,0.45556,0.82222,0.96667,4.7966
aotizhongxin,0.01,spikes_r0.01_k6_s2,ar1|raw+gate,15,91,1.1851,1.4044,1.0022,0.68341,0.68341,0.42857,0.82418,0.97802,4.7966
aotizhongxin,0.01,spikes_r0.01_k6_s2,ar1|raw+gate,16,91,1.2026,1.4462,0.9976,0.68895,0.68895,0.43956,0.8022,0.96703,4.7966
aotizhongxin,0.01,spikes_r0.01_k6_s2,ar1|raw+gate,17,90,1.1443,1.3094,0.94218,0.65077,0.65077,0.46667,0.84444,0.96667,4.7966
aotizhongxin,0.01,spikes_r0.01_k6_s2,ar1|raw+gate,18,90,1.1347,1.2874,0.92948,0.64588,0.64588,0.48889,0.82222,0.96667,4.7966
aotizhongxin,0.01,spikes_r0.01_k6_s2,ar1|raw+gate,19,90,1.154,1.3316,0.99332,0.66791,0.66791,0.42222,0.83333,0.98889,4.7967
aotizhongxin,0.01,spikes_r0.01_k6_s2,ar1|raw+gate,20,91,1.2061,1.4546,1.0225,0.69437,0.69437,0.42857,0.82418,0.95604,4.7967
aotizhongxin,0.01,spikes_r0.01_k6_s2,ar1|raw+gate,21,90,1.1131,1.2389,0.96415,0.64582,0.64582,0.4,0.81111,1,4.7967
aotizhongxin,0.01,spikes_r0.01_k6_s2,ar1|raw+gate,22,89,1.2277,1.5072,1.0278,0.70409,0.70409,0.4382,0.82022,0.96629,4.7967
aotizhongxin,0.01,spikes_r0.01_k6_s2,ar1|raw+gate,23,88,1.1879,1.411,1.0118,0.68664,0.68664,0.43182,0.80682,0.98864,4.7967
aotizhongxin,0.01,spikes_r0.01_k6_s2,ar1|raw+gate,24,90,1.2352,1.5258,1.0191,0.70473,0.70473,0.44444,0.81111,0.94444,4.7967
aotizhongxin,0.01,spikes_r0.01_k6_s2,ar1|robust+gate,1,90,0.68921,0.47501,0.37907,0.31718,0.31718,0.51111,0.65556,0.7,0.92232
aotizhongxin,0.01,spikes_r0.01_k6_s2,ar1|robust+gate,2,89,0.74724,0.55837,0.49491,0.39938,0.39938,0.4382,0.60674,0.7191,1.2458
aotizhongxin,0.01,spikes_r0.01_k6_s2,ar1|robust+gate,3,89,0.84061,0.70663,0.58547,0.46463,0.46463,0.40449,0.61798,0.7191,1.4859
aotizhongxin,0.01,spikes_r0.01_k6_s2,ar1|robust+gate,4,90,0.93314,0.87074,0.67778,0.53224,0.53224,0.36667,0.61111,0.71111,1.6872
aotizhongxin,0.01,spikes_r0.01_k6_s2,ar1|robust+gate,5,88,1.0529,1.1086,0.79432,0.61711,0.61711,0.26136,0.53409,0.67045,1.8533
aotizhongxin,0.01,spikes_r0.01_k6_s2,ar1|robust+gate,6,90,1.1639,1.3546,0.844,0.66037,0.66037,0.32222,0.53333,0.68889,1.9963
aotizhongxin,0.01,spikes_r0.01_k6_s2,ar1|robust+gate,7,91,1.1821,1.3973,0.87261,0.68502,0.68502,0.28571,0.54945,0.67033,2.1233
aotizhongxin,0.01,spikes_r0.01_k6_s2,ar1|robust+gate,8,90,1.2056,1.4536,0.92106,0.70891,0.70891,0.25556,0.54444,0.68889,2.2335
aotizhongxin,0.01,spikes_r0.01_k6_s2,ar1|robust+gate,9,90,1.2112,1.4669,0.94753,0.72022,0.72022,0.26667,0.54444,0.71111,2.3368
aotizhongxin,0.01,spikes_r0.01_k6_s2,ar1|robust+gate,10,89,1.2078,1.4589,0.96088,0.72626,0.72626,0.25843,0.51685,0.69663,2.4309
aotizhongxin,0.01,spikes_r0.01_k6_s2,ar1|robust+gate,11,90,1.1962,1.4308,0.90623,0.69228,0.69228,0.34444,0.57778,0.75556,2.5164
aotizhongxin,0.01,spikes_r0.01_k6_s2,ar1|robust+gate,12,90,1.1949,1.4277,0.90276,0.68252,0.68252,0.33333,0.6,0.75556,2.5951
aotizhongxin,0.01,spikes_r0.01_k6_s2,ar1|robust+gate,13,91,1.1048,1.2206,0.85099,0.62719,0.62719,0.34066,0.62637,0.81319,2.6701
aotizhongxin,0.01,spikes_r0.01_k6_s2,ar1|robust+gate,14,90,1.1174,1.2485,0.86871,0.63935,0.63935,0.33333,0.65556,0.78889,2.7345
aotizhongxin,0.01,spikes_r0.01_k6_s2,ar1|robust+gate,15,91,1.1177,1.2492,0.85885,0.6287,0.6287,0.31868,0.69231,0.83516,2.7987
aotizhongxin,0.01,spikes_r0.01_k6_s2,ar1|robust+gate,16,91,1.1555,1.3352,0.88083,0.64683,0.64683,0.34066,0.63736,0.83516,2.8561
aotizhongxin,0.01,spikes_r0.01_k6_s2,ar1|robust+gate,17,90,1.1091,1.2302,0.83446,0.61367,0.61367,0.38889,0.68889,0.85556,2.9097
aotizhongxin,0.01,spikes_r0.01_k6_s2,ar1|robust+gate,18,90,1.1198,1.2539,0.87566,0.6387,0.6387,0.35556,0.63333,0.83333,2.9595
aotizhongxin,0.01,spikes_r0.01_k6_s2,ar1|robust+gate,19,90,1.1442,1.3092,0.88958,0.65831,0.65831,0.41111,0.6,0.81111,3.0059
aotizhongxin,0.01,spikes_r0.01_k6_s2,ar1|robust+gate,20,91,1.1855,1.4054,0.93867,0.69182,0.69182,0.35165,0.6044,0.79121,3.0491
aotizhongxin,0.01,spikes_r0.01_k6_s2,ar1|robust+gate,21,90,1.1222,1.2594,0.92353,0.66122,0.66122,0.31111,0.61111,0.82222,3.0898
aotizhongxin,0.01,spikes_r0.01_k6_s2,ar1|robust+gate,22,89,1.2772,1.6311,1.0306,0.75402,0.75402,0.25843,0.58427,0.78652,3.1279
aotizhongxin,0.01,spikes_r0.01_k6_s2,ar1|robust+gate,23,88,1.2686,1.6093,1.0462,0.75828,0.75828,0.29545,0.56818,0.76136,3.1636
aotizhongxin,0.01,spikes_r0.01_k6_s2,ar1|robust+gate,24,90,1.3108,1.7182,1.0671,0.77969,0.77969,0.31111,0.55556,0.76667,3.1968
aotizhongxin,0.01,spikes_r0.01_k6_s2,persistence|raw,1,90,0.76855,0.59067,0.32744,0.27291,,0.46667,0.7,0.93333,1.8306
aotizhongxin,0.01,spikes_r0.01_k6_s2,persistence|raw,2,89,0.89589,0.80262,0.49999,0.39717,,0.4382,0.62921,0.92135,2.5528
aotizhongxin,0.01,spikes_r0.01_k6_s2,persistence|raw,3,89,0.98904,0.9782,0.59789,0.46834,,0.42697,0.68539,0.8764,2.9912
aotizhongxin,0.01,spikes_r0.01_k6_s2,persistence|raw,4,90,1.0929,1.1943,0.71586,0.55302,,0.41111,0.67778,0.86667,3.4144
aotizhongxin,0.01,spikes_r0.01_k6_s2,persistence|raw,5,88,1.1866,1.4079,0.81169,0.61801,,0.38636,0.61364,0.86364,3.7527
aotizhongxin,0.01,spikes_r0.01_k6_s2,persistence|raw,6,90,1.24,1.5376,0.8627,0.65783,,0.43333,0.58889,0.88889,4.0185
aotizhongxin,0.01,spikes_r0.01_k6_s2,persistence|raw,7,91,1.2168,1.4806,0.87872,0.65439,,0.38462,0.61538,0.93407,4.3137
aotizhongxin,0.01,spikes_r0.01_k6_s2,persistence|raw,8,90,1.2748,1.6251,0.91782,0.68256,,0.35556,0.63333,0.9,4.4792
aotizhongxin,0.01,spikes_r0.01_k6_s2,persistence|raw,9,90,1.3172,1.735,0.95116,0.70736,,0.4,0.64444,0.91111,4.6947
aotizhongxin,0.01,spikes_r0.01_k6_s2,persistence|raw,10,89,1.3217,1.7469,0.94596,0.70618,,0.4382,0.64045,0.89888,4.8321
aotizhongxin,0.01,spikes_r0.01_k6_s2,persistence|raw,11,90,1.3271,1.7612,0.91469,0.6934,,0.51111,0.68889,0.88889,4.9301
aotizhongxin,0.01,spikes_r0.01_k6_s2,persistence|raw,12,90,1.3667,1.8677,0.92943,0.70838,,0.47778,0.68889,0.9,5.0095
aotizhongxin,0.01,spikes_r0.01_k6_s2,persistence|raw,13,91,1.3306,1.7704,0.90471,0.6818,,0.50549,0.76923,0.92308,5.0811
aotizhongxin,0.01,spikes_r0.01_k6_s2,persistence|raw,14,90,1.3721,1.8827,0.93817,0.70362,,0.45556,0.75556,0.94444,5.1709
aotizhongxin,0.01,spikes_r0.01_k6_s2,persistence|raw,15,91,1.3791,1.902,0.96237,0.71204,,0.41758,0.8022,0.94505,5.305
aotizhongxin,0.01,spikes_r0.01_k6_s2,persistence|raw,16,91,1.4408,2.0758,1.0093,0.75012,,0.43956,0.73626,0.95604,5.3996
aotizhongxin,0.01,spikes_r0.01_k6_s2,persistence|raw,17,90,1.4085,1.9838,0.9984,0.73681,,0.4,0.76667,0.95556,5.469
aotizhongxin,0.01,spikes_r0.01_k6_s2,persistence|raw,18,90,1.4122,1.9944,1.0433,0.76206,,0.42222,0.74444,0.94444,5.4596
aotizhongxin,0.01,spikes_r0.01_k6_s2,persistence|raw,19,90,1.4496,2.1014,1.0429,0.7712,,0.45556,0.77778,0.95556,5.5261
aotizhongxin,0.01,spikes_r0.01_k6_s2,persistence|raw,20,91,1.4621,2.1378,1.1039,0.79936,,0.40659,0.74725,0.95604,5.5901
aotizhongxin,0.01,spikes_r0.01_k6_s2,persistence|raw,21,90,1.4544,2.1154,1.1221,0.80339,,0.41111,0.8,0.95556,5.6206
aotizhongxin,0.01,spikes_r0.01_k6_s2,persistence|raw,22,89,1.5459,2.3898,1.1879,0.86509,,0.40449,0.74157,0.93258,5.6572
aotizhongxin,0.01,spikes_r0.01_k6_s2,persistence|raw,23,88,1.6005,2.5617,1.2388,0.89844,,0.375,0.68182,0.94318,5.6775
aotizhongxin,0.01,spikes_r0.01_k6_s2,persistence|raw,24,90,1.6372,2.6803,1.2765,0.91665,,0.37778,0.71111,0.93333,5.7021
aotizhongxin,0.05,spikes_r0.05_k6_s0,ar1|raw,1,90,0.95149,0.90534,0.74477,0.58841,0.58841,0.8,0.96667,0.98889,6.5769
aotizhongxin,0.05,spikes_r0.05_k6_s0,ar1|raw,2,89,1.0105,1.0212,0.81791,0.62637,0.62637,0.7191,0.97753,1,6.879
aotizhongxin,0.05,spikes_r0.05_k6_s0,ar1|raw,3,89,1.0461,1.0944,0.84302,0.64219,0.64219,0.69663,0.97753,1,6.9067
aotizhongxin,0.05,spikes_r0.05_k6_s0,ar1|raw,4,90,1.0914,1.1912,0.89906,0.66339,0.66339,0.65556,0.98889,1,6.9093
aotizhongxin,0.05,spikes_r0.05_k6_s0,ar1|raw,5,88,1.1646,1.3563,0.94434,0.69203,0.69203,0.68182,0.94318,1,6.9096
aotizhongxin,0.05,spikes_r0.05_k6_s0,ar1|raw,6,90,1.1956,1.4296,0.95516,0.70332,0.70332,0.68889,0.94444,1,6.9096
aotizhongxin,0.05,spikes_r0.05_k6_s0,ar1|raw,7,91,1.2689,1.6102,1.0116,0.7377,0.7377,0.64835,0.94505,1,6.9096
aotizhongxin,0.05,spikes_r0.05_k6_s0,ar1|raw,8,90,1.2924,1.6704,1.0491,0.75107,0.75107,0.63333,0.93333,1,6.9096
aotizhongxin,0.05,spikes_r0.05_k6_s0,ar1|raw,9,90,1.2321,1.5181,0.98876,0.72336,0.72336,0.64444,0.96667,1,6.9096
aotizhongxin,0.05,spikes_r0.05_k6_s0,ar1|raw,10,89,1.2379,1.5324,1.0109,0.72794,0.72794,0.66292,0.94382,1,6.9096
aotizhongxin,0.05,spikes_r0.05_k6_s0,ar1|raw,11,90,1.2406,1.539,1.0172,0.72921,0.72921,0.61111,0.92222,1,6.9096
aotizhongxin,0.05,spikes_r0.05_k6_s0,ar1|raw,12,90,1.2959,1.6794,1.0498,0.75327,0.75327,0.65556,0.92222,1,6.9096
aotizhongxin,0.05,spikes_r0.05_k6_s0,ar1|raw,13,91,1.2329,1.52,1.0121,0.7264,0.7264,0.62637,0.95604,1,6.9096
aotizhongxin,0.05,spikes_r0.05_k6_s0,ar1|raw,14,90,1.2642,1.5982,1.03,0.73908,0.73908,0.63333,0.92222,1,6.9096
aotizhongxin,0.05,spikes_r0.05_k6_s0,ar1|raw,15,91,1.243,1.5452,1.0242,0.73206,0.73206,0.59341,0.95604,1,6.9096
aotizhongxin,0.05,spikes_r0.05_k6_s0,ar1|raw,16,91,1.2641,1.5979,1.0297,0.73944,0.73944,0.61538,0.94505,1,6.9096
aotizhongxin,0.05,spikes_r0.05_k6_s0,ar1|raw,17,90,1.203,1.4473,0.97118,0.70888,0.70888,0.65556,0.95556,1,6.9096
aotizhongxin,0.05,spikes_r0.05_k6_s0,ar1|raw,18,90,1.1897,1.4154,0.94983,0.70299,0.70299,0.66667,0.95556,1,6.9096
aotizhongxin,0.05,spikes_r0.05_k6_s0,ar1|raw,19,90,1.2207,1.4901,1.0188,0.72344,0.72344,0.61111,0.94444,1,6.9096
aotizhongxin,0.05,spikes_r0.05_k6_s0,ar1|raw,20,91,1.2783,1.6341,1.0522,0.74829,0.74829,0.61538,0.94505,1,6.9096
aotizhongxin,0.05,spikes_r0.05_k6_s0,ar1|raw,21,90,1.1855,1.4054,0.99593,0.70792,0.70792,0.61111,1,1,6.9096
aotizhongxin,0.05,spikes_r0.05_k6_s0,ar1|raw,22,89,1.3084,1.7119,1.0687,0.76176,0.76176,0.5618,0.94382,1,6.9096
aotizhongxin,0.05,spikes_r0.05_k6_s0,ar1|raw,23,88,1.2526,1.569,1.0318,0.73775,0.73775,0.56818,0.97727,1,6.9096
aotizhongxin,0.05,spikes_r0.05_k6_s0,ar1|raw,24,90,1.2976,1.6836,1.0324,0.75324,0.75324,0.61111,0.93333,1,6.9096
aotizhongxin,0.05,spikes_r0.05_k6_s0,ar1|raw+gate,1,90,0.91585,0.83877,0.71493,0.57448,0.57448,0.82222,0.96667,0.98889,6.5836
aotizhongxin,0.05,spikes_r0.05_k6_s0,ar1|raw+gate,2,89,1.0122,1.0246,0.82157,0.62716,0.62716,0.7191,0.97753,1,6.8796
aotizhongxin,0.05,spikes_r0.05_k6_s0,ar1|raw+gate,3,89,1.0478,1.0979,0.8472,0.64298,0.64298,0.69663,0.97753,1,6.9068
aotizhongxin,0.05,spikes_r0.05_k6_s0,ar1|raw+gate,4,90,1.0921,1.1926,0.90033,0.6637,0.6637,0.65556,0.98889,1,6.9093
aotizhongxin,0.05,spikes_r0.05_k6_s0,ar1|raw+gate,5,88,1.1648,1.3568,0.94474,0.69214,0.69214,0.68182,0.94318,1,6.9096
aotizhongxin,0.05,spikes_r0.05_k6_s0,ar1|raw+gate,6,90,1.1957,1.4297,0.95528,0.70335,0.70335,0.68889,0.94444,1,6.9096
aotizhongxin,0.05,spikes_r0.05_k6_s0,ar1|raw+gate,7,91,1.2689,1.6102,1.0116,0.73771,0.73771,0.64835,0.94505,1,6.9096
aotizhongxin,0.05,spikes_r0.05_k6_s0,ar1|raw+gate,8,90,1.2924,1.6704,1.0491,0.75107,0.75107,0.63333,0.93333,1,6.9096
aotizhongxin,0.05,spikes_r0.05_k6_s0,ar1|raw+gate,9,90,1.2321,1.5181,0.98876,0.72336,0.72336,0.64444,0.96667,1,6.9096
aotizhongxin,0.05,spikes_r0.05_k6_s0,ar1|raw+gate,10,89,1.2379,1.5324,1.0109,0.72794,0.72794,0.66292,0.94382,1,6.9096
aotizhongxin,0.05,spikes_r0.05_k6_s0,ar1|raw+gate,11,90,1.2406,1.539,1.0172,0.72921,0.72921,0.61111,0.92222,1,6.9096
aotizhongxin,0.05,spikes_r0.05_k6_s0,ar1|raw+gate,12,90,1.2959,1.6794,1.0498,0.75327,0.75327,0.65556,0.92222,1,6.9096
aotizhongxin,0.05,spikes_r0.05_k6_s0,ar1|raw+gate,13,91,1.2329,1.52,1.0121,0.7264,0.7264,0.62637,0.95604,1,6.9096
aotizhongxin,0.05,spikes_r0.05_k6_s0,ar1|raw+gate,14,90,1.2642,1.5982,1.03,0.73908,0.73908,0.63333,0.92222,1,6.9096
aotizhongxin,0.05,spikes_r0.05_k6_s0,ar1|raw+gate,15,91,1.243,1.5452,1.0242,0.73206,0.73206,0.59341,0.95604,1,6.9096
aotizhongxin,0.05,spikes_r0.05_k6_s0,ar1|raw+gate,16,91,1.2641,1.5979,1.0297,0.73944,0.73944,0.61538,0.94505,1,6.9096
aotizhongxin,0.05,spikes_r0.05_k6_s0,ar1|raw+gate,17,90,1.203,1.4473,0.97118,0.70888,0.70888,0.65556,0.95556,1,6.9096
aotizhongxin,0.05,spikes_r0.05_k6_s0,ar1|raw+gate,18,90,1.1897,1.4154,0.94983,0.70299,0.70299,0.66667,0.95556,1,6.9096
aotizhongxin,0.05,spikes_r0.05_k6_s0,ar1|raw+gate,19,90,1.2207,1.4901,1.0188,0.72344,0.72344,0.61111,0.94444,1,6.9096
aotizhongxin,0.05,spikes_r0.05_k6_s0,ar1|raw+gate,20,91,1.2783,1.6341,1.0522,0.74829,0.74829,0.61538,0.94505,1,6.9096
aotizhongxin,0.05,spikes_r0.05_k6_s0,ar1|raw+gate,21,90,1.1855,1.4054,0.99593,0.70792,0.70792,0.61111,1,1,6.9096
aotizhongxin,0.05,spikes_r0.05_k6_s0,ar1|raw+gate,22,89,1.3084,1.7119,1.0687,0.76176,0.76176,0.5618,0.94382,1,6.9096
aotizhongxin,0.05,spikes_r0.05_k6_s0,ar1|raw+gate,23,88,1.2526,1.569,1.0318,0.73775,0.73775,0.56818,0.97727,1,6.9096
aotizhongxin,0.05,spikes_r0.05_k6_s0,ar1|raw+gate,24,90,1.2976,1.6836,1.0324,0.75324,0.75324,0.61111,0.93333,1,6.9096
aotizhongxin,0.05,spikes_r0.05_k6_s0,ar1|robust+gate,1,90,0.72934,0.53194,0.39046,0.32906,0.32906,0.51111,0.66667,0.72222,0.93606
aotizhongxin,0.05,spikes_r0.05_k6_s0,ar1|robust+gate,2,89,0.78653,0.61863,0.50625,0.4098,0.4098,0.42697,0.61798,0.74157,1.2556
aotizhongxin,0.05,spikes_r0.05_k6_s0,ar1|robust+gate,3,89,0.87753,0.77005,0.5965,0.47476,0.47476,0.39326,0.61798,0.73034,1.4934
aotizhongxin,0.05,spikes_r0.05_k6_s0,ar1|robust+gate,4,90,0.9686,0.93819,0.68837,0.54198,0.54198,0.36667,0.58889,0.72222,1.6929
aotizhongxin,0.05,spikes_r0.05_k6_s0,ar1|robust+gate,5,88,1.0931,1.1949,0.80489,0.62751,0.62751,0.26136,0.54545,0.68182,1.8581
aotizhongxin,0.05,spikes_r0.05_k6_s0,ar1|robust+gate,6,90,1.1928,1.4227,0.8541,0.67055,0.67055,0.32222,0.53333,0.68889,1.9999
aotizhongxin,0.05,spikes_r0.05_k6_s0,ar1|robust+gate,7,91,1.206,1.4544,0.88231,0.69673,0.69673,0.2967,0.53846,0.67033,2.1261
aotizhongxin,0.05,spikes_r0.05_k6_s0,ar1|robust+gate,8,90,1.2286,1.5095,0.93726,0.72391,0.72391,0.25556,0.53333,0.68889,2.2358
aotizhongxin,0.05,spikes_r0.05_k6_s0,ar1|robust+gate,9,90,1.2328,1.5198,0.96331,0.73517,0.73517,0.26667,0.53333,0.71111,2.3385
aotizhongxin,0.05,spikes_r0.05_k6_s0,ar1|robust+gate,10,89,1.2324,1.5189,0.97645,0.74099,0.74099,0.25843,0.51685,0.70787,2.4322
aotizhongxin,0.05,spikes_r0.05_k6_s0,ar1|robust+gate,11,90,1.2246,1.4996,0.92128,0.70567,0.70567,0.33333,0.57778,0.76667,2.5173
aotizhongxin,0.05,spikes_r0.05_k6_s0,ar1|robust+gate,12,90,1.2234,1.4966,0.91732,0.69652,0.69652,0.33333,0.6,0.75556,2.5957
aotizhongxin,0.05,spikes_r0.05_k6_s0,ar1|robust+gate,13,91,1.1324,1.2824,0.86663,0.6416,0.6416,0.32967,0.62637,0.81319,2.6704
aotizhongxin,0.05,spikes_r0.05_k6_s0,ar1|robust+gate,14,90,1.1435,1.3076,0.88688,0.65489,0.65489,0.34444,0.65556,0.78889,2.7346
aotizhongxin,0.05,spikes_r0.05_k6_s0,ar1|robust+gate,15,91,1.139,1.2974,0.87635,0.64328,0.64328,0.30769,0.67033,0.82418,2.7986
aotizhongxin,0.05,spikes_r0.05_k6_s0,ar1|robust+gate,16,91,1.1739,1.378,0.89793,0.66095,0.66095,0.32967,0.63736,0.82418,2.8558
aotizhongxin,0.05,spikes_r0.05_k6_s0,ar1|robust+gate,17,90,1.1275,1.2713,0.85133,0.62668,0.62668,0.38889,0.68889,0.84444,2.9093
aotizhongxin,0.05,spikes_r0.05_k6_s0,ar1|robust+gate,18,90,1.1367,1.2922,0.88594,0.64977,0.64977,0.35556,0.63333,0.82222,2.9589
aotizhongxin,0.05,spikes_r0.05_k6_s0,ar1|robust+gate,19,90,1.1633,1.3533,0.90144,0.66995,0.66995,0.41111,0.6,0.8,3.0052
aotizhongxin,0.05,spikes_r0.05_k6_s0,ar1|robust+gate,20,91,1.2017,1.4441,0.94974,0.70308,0.70308,0.35165,0.59341,0.78022,3.0483
aotizhongxin,0.05,spikes_r0.05_k6_s0,ar1|robust+gate,21,90,1.1383,1.2957,0.93306,0.6713,0.6713,0.32222,0.61111,0.81111,3.0889
aotizhongxin,0.05,spikes_r0.05_k6_s0,ar1|robust+gate,22,89,1.2933,1.6725,1.04,0.76414,0.76414,0.2809,0.58427,0.77528,3.1269
aotizhongxin,0.05,spikes_r0.05_k6_s0,ar1|robust+gate,23,88,1.2834,1.6472,1.0555,0.76849,0.76849,0.29545,0.55682,0.75,3.1626
aotizhongxin,0.05,spikes_r0.05_k6_s0,ar1|robust+gate,24,90,1.3245,1.7543,1.076,0.78956,0.78956,0.31111,0.54444,0.75556,3.1957
aotizhongxin,0.05,spikes_r0.05_k6_s0,persistence|raw,1,90,1.2242,1.4988,0.46645,0.41547,,0.46667,0.71111,1,13.051
aotizhongxin,0.05,spikes_r0.05_k6_s0,persistence|raw,2,89,1.308,1.7108,0.63859,0.52972,,0.46067,0.69663,0.98876,12.99
aotizhongxin,0.05,spikes_r0.05_k6_s0,persistence|raw,3,89,1.3513,1.8259,0.72765,0.59296,,0.42697,0.69663,1,13
aotizhongxin,0.05,spikes_r0.05_k6_s0,persistence|raw,4,90,1.4173,2.0088,0.84053,0.66926,,0.41111,0.71111,1,12.964
aotizhongxin,0.05,spikes_r0.05_k6_s0,persistence|raw,5,88,1.5055,2.2666,0.94313,0.73709,,0.39773,0.65909,1,12.957
aotizhongxin,0.05,spikes_r0.05_k6_s0,persistence|raw,6,90,1.5412,2.3752,0.99091,0.77409,,0.43333,0.62222,1,12.987
aotizhongxin,0.05,spikes_r0.05_k6_s0,persistence|raw,7,91,1.5506,2.4043,1.0201,0.78241,,0.43956,0.65934,1,12.935
aotizhongxin,0.05,spikes_r0.05_k6_s0,persistence|raw,8,90,1.6381,2.6834,1.0703,0.81799,,0.38889,0.71111,0.98889,12.962
aotizhongxin,0.05,spikes_r0.05_k6_s0,persistence|raw,9,90,1.6551,2.7394,1.0925,0.83429,,0.41111,0.71111,0.98889,12.956
aotizhongxin,0.05,spikes_r0.05_k6_s0,persistence|raw,10,89,1.6959,2.8761,1.1028,0.84717,,0.47191,0.7191,0.98876,12.982
aotizhongxin,0.05,spikes_r0.05_k6_s0,persistence|raw,11,90,1.6735,2.8007,1.0678,0.82902,,0.5,0.77778,0.98889,12.85
aotizhongxin,0.05,spikes_r0.05_k6_s0,persistence|raw,12,90,1.6863,2.8437,1.0728,0.83636,,0.51111,0.78889,0.97778,12.897
aotizhongxin,0.05,spikes_r0.05_k6_s0,persistence|raw,13,91,1.6449,2.7058,1.0424,0.80857,,0.51648,0.8022,0.97802,12.874
aotizhongxin,0.05,spikes_r0.05_k6_s0,persistence|raw,14,90,1.6892,2.8533,1.0724,0.83038,,0.48889,0.8,0.97778,12.91
aotizhongxin,0.05,spikes_r0.05_k6_s0,persistence|raw,15,91,1.7278,2.9855,1.0966,0.84159,,0.42857,0.83516,0.97802,12.9
aotizhongxin,0.05,spikes_r0.05_k6_s0,persistence|raw,16,91,1.7676,3.1245,1.1407,0.87468,,0.43956,0.81319,0.97802,12.865
aotizhongxin,0.05,spikes_r0.05_k6_s0,persistence|raw,17,90,1.7444,3.043,1.1252,0.86109,,0.41111,0.83333,0.97778,12.849
aotizhongxin,0.05,spikes_r0.05_k6_s0,persistence|raw,18,90,1.7781,3.1615,1.174,0.89112,,0.43333,0.83333,0.97778,12.892
aotizhongxin,0.05,spikes_r0.05_k6_s0,persistence|raw,19,90,1.793,3.2148,1.1697,0.89731,,0.48889,0.83333,0.97778,12.844
aotizhongxin,0.05,spikes_r0.05_k6_s0,persistence|raw,20,91,1.8127,3.2857,1.2327,0.92595,,0.41758,0.84615,0.97802,12.846
aotizhongxin,0.05,spikes_r0.05_k6_s0,persistence|raw,21,90,1.8179,3.3047,1.2578,0.93364,,0.41111,0.83333,0.97778,12.812
aotizhongxin,0.05,spikes_r0.05_k6_s0,persistence|raw,22,89,1.9181,3.6791,1.3345,0.99918,,0.40449,0.79775,0.96629,12.767
aotizhongxin,0.05,spikes_r0.05_k6_s0,persistence|raw,23,88,1.955,3.8219,1.3776,1.0275,,0.39773,0.80682,0.97727,12.816
aotizhongxin,0.05,spikes_r0.05_k6_s0,persistence|raw,24,90,1.9877,3.9508,1.4157,1.0447,,0.41111,0.8,0.96667,12.816
aotizhongxin,0.05,spikes_r0.05_k6_s1,ar1|raw,1,90,1.0565,1.1161,0.83702,0.6376,0.6376,0.74444,0.94444,1,6.6973
aotizhongxin,0.05,spikes_r0.05_k6_s1,ar1|raw,2,89,1.0235,1.0475,0.84387,0.63585,0.63585,0.73034,0.98876,1,6.981
aotizhongxin,0.05,spikes_r0.05_k6_s1,ar1|raw,3,89,1.0494,1.1013,0.84669,0.64654,0.64654,0.7191,0.97753,1,7.0049
aotizhongxin,0.05,spikes_r0.05_k6_s1,ar1|raw,4,90,1.092,1.1925,0.89576,0.66621,0.66621,0.67778,0.98889,1,7.007
aotizhongxin,0.05,spikes_r0.05_k6_s1,ar1|raw,5,88,1.164,1.3549,0.93972,0.69394,0.69394,0.70455,0.94318,1,7.0072
aotizhongxin,0.05,spikes_r0.05_k6_s1,ar1|raw,6,90,1.1951,1.4282,0.95067,0.70515,0.70515,0.72222,0.94444,1,7.0072
aotizhongxin,0.05,spikes_r0.05_k6_s1,ar1|raw,7,91,1.2693,1.6111,1.0088,0.73957,0.73957,0.64835,0.94505,1,7.0072
aotizhongxin,0.05,spikes_r0.05_k6_s1,ar1|raw,8,90,1.2931,1.672,1.0472,0.75291,0.75291,0.63333,0.93333,1,7.0072
aotizhongxin,0.05,spikes_r0.05_k6_s1,ar1|raw,9,90,1.2324,1.5188,0.98494,0.72529,0.72529,0.64444,0.96667,1,7.0072
aotizhongxin,0.05,spikes_r0.05_k6_s1,ar1|raw,10,89,1.2384,1.5336,1.0072,0.72992,0.72992,0.66292,0.94382,1,7.0072
aotizhongxin,0.05,spikes_r0.05_k6_s1,ar1|raw,11,90,1.2427,1.5443,1.016,0.73203,0.73203,0.63333,0.92222,1,7.0072
aotizhongxin,0.05,spikes_r0.05_k6_s1,ar1|raw,12,90,1.2997,1.6893,1.0501,0.75675,0.75675,0.65556,0.92222,1,7.0072
aotizhongxin,0.05,spikes_r0.05_k6_s1,ar1|raw,13,91,1.2369,1.53,1.0126,0.73021,0.73021,0.62637,0.95604,1,7.0072
aotizhongxin,0.05,spikes_r0.05_k6_s1,ar1|raw,14,90,1.2694,1.6114,1.0319,0.74339,0.74339,0.64444,0.92222,1,7.0072
aotizhongxin,0.05,spikes_r0.05_k6_s1,ar1|raw,15,91,1.2484,1.5586,1.028,0.73651,0.73651,0.6044,0.95604,1,7.0072
aotizhongxin,0.05,spikes_r0.05_k6_s1,ar1|raw,16,91,1.2697,1.6122,1.0332,0.74399,0.74399,0.61538,0.94505,1,7.0072
aotizhongxin,0.05,spikes_r0.05_k6_s1,ar1|raw,17,90,1.2086,1.4608,0.97494,0.71369,0.71369,0.65556,0.95556,1,7.0072
aotizhongxin,0.05,spikes_r0.05_k6_s1,ar1|raw,18,90,1.1951,1.4284,0.95354,0.70774,0.70774,0.66667,0.95556,1,7.0072
aotizhongxin,0.05,spikes_r0.05_k6_s1,ar1|raw,19,90,1.2268,1.505,1.0219,0.72828,0.72828,0.62222,0.94444,1,7.0072
aotizhongxin,0.05,spikes_r0.05_k6_s1,ar1|raw,20,91,1.2847,1.6504,1.055,0.75311,0.75311,0.61538,0.94505,1,7.0072
aotizhongxin,0.05,spikes_r0.05_k6_s1,ar1|raw,21,90,1.192,1.4209,0.99897,0.71306,0.71306,0.61111,1,1,7.0072
aotizhongxin,0.05,spikes_r0.05_k6_s1,ar1|raw,22,89,1.3153,1.7299,1.0723,0.76679,0.76679,0.57303,0.94382,1,7.0072
aotizhongxin,0.05,spikes_r0.05_k6_s1,ar1|raw,23,88,1.2586,1.584,1.0345,0.74243,0.74243,0.56818,0.97727,1,7.0072
aotizhongxin,0.05,spikes_r0.05_k6_s1,ar1|raw,24,90,1.3033,1.6986,1.0355,0.75776,0.75776,0.62222,0.93333,1,7.0072
aotizhongxin,0.05,spikes_r0.05_k6_s1,ar1|raw+gate,1,90,0.95399,0.9101,0.74821,0.59564,0.59564,0.8,0.95556,1,6.7131
aotizhongxin,0.05,spikes_r0.05_k6_s1,ar1|raw+gate,2,89,1.0208,1.042,0.83492,0.63463,0.63463,0.7191,0.98876,1,6.9823
aotizhongxin,0.05,spikes_r0.05_k6_s1,ar1|raw+gate,3,89,1.0514,1.1054,0.84951,0.64741,0.64741,0.70787,0.97753,1,7.0051
aotizhongxin,0.05,spikes_r0.05_k6_s1,ar1|raw+gate,4,90,1.0928,1.1943,0.8971,0.66659,0.66659,0.67778,0.98889,1,7.007
aotizhongxin,0.05,spikes_r0.05_k6_s1,ar1|raw+gate,5,88,1.1643,1.3557,0.9402,0.69412,0.69412,0.70455,0.94318,1,7.0072
aotizhongxin,0.05,spikes_r0.05_k6_s1,ar1|raw+gate,6,90,1.1952,1.4285,0.95081,0.7052,0.7052,0.72222,0.94444,1,7.0072
aotizhongxin,0.05,spikes_r0.05_k6_s1,ar1|raw+gate,7,91,1.2693,1.6112,1.0088,0.73959,0.73959,0.64835,0.94505,1,7.0072
aotizhongxin,0.05,spikes_r0.05_k6_s1,ar1|raw+gate,8,90,1.2931,1.6721,1.0472,0.75291,0.75291,0.63333,0.93333,1,7.0072
aotizhongxin,0.05,spikes_r0.05_k6_s1,ar1|raw+gate,9,90,1.2324,1.5188,0.98494,0.7253,0.7253,0.64444,0.96667,1,7.0072
aotizhongxin,0.05,spikes_r0.05_k6_s1,ar1|raw+gate,10,89,1.2384,1.5336,1.0072,0.72992,0.72992,0.66292,0.94382,1,7.0072
aotizhongxin,0.05,spikes_r0.05_k6_s1,ar1|raw+gate,11,90,1.2427,1.5443,1.016,0.73203,0.73203,0.63333,0.92222,1,7.0072
aotizhongxin,0.05,spikes_r0.05_k6_s1,ar1|raw+gate,12,90,1.2997,1.6893,1.0501,0.75675,0.75675,0.65556,0.92222,1,7.0072
aotizhongxin,0.05,spikes_r0.05_k6_s1,ar1|raw+gate,13,91,1.2369,1.53,1.0126,0.73021,0.73021,0.62637,0.95604,1,7.0072
aotizhongxin,0.05,spikes_r0.05_k6_s1,ar1|raw+gate,14,90,1.2694,1.6114,1.0319,0.74339,0.74339,0.64444,0.92222,1,7.0072
aotizhongxin,0.05,spikes_r0.05_k6_s1,ar1|raw+gate,15,91,1.2484,1.5586,1.028,0.73651,0.73651,0.6044,0.95604,1,7.0072
aotizhongxin,0.05,spikes_r0.05_k6_s1,ar1|raw+gate,16,91,1.2697,1.6122,1.0332,0.74399,0.74399,0.61538,0.94505,1,7.0072
aotizhongxin,0.05,spikes_r0.05_k6_s1,ar1|raw+gate,17,90,1.2086,1.4608,0.97494,0.71369,0.71369,0.65556,0.95556,1,7.0072
aotizhongxin,0.05,spikes_r0.05_k6_s1,ar1|raw+gate,18,90,1.1951,1.4284,0.95354,0.70774,0.70774,0.66667,0.95556,1,7.0072
aotizhongxin,0.05,spikes_r0.05_k6_s1,ar1|raw+gate,19,90,1.2268,1.505,1.0219,0.72828,0.72828,0.62222,0.94444,1,7.0072
aotizhongxin,0.05,spikes_r0.05_k6_s1,ar1|raw+gate,20,91,1.2847,1.6504,1.055,0.75311,0.75311,0.61538,0.94505,1,7.0072
aotizhongxin,0.05,spikes_r0.05_k6_s1,ar1|raw+gate,21,90,1.192,1.4209,0.99897,0.71306,0.71306,0.61111,1,1,7.0072
aotizhongxin,0.05,spikes_r0.05_k6_s1,ar1|raw+gate,22,89,1.3153,1.7299,1.0723,0.76679,0.76679,0.57303,0.94382,1,7.0072
aotizhongxin,0.05,spikes_r0.05_k6_s1,ar1|raw+gate,23,88,1.2586,1.584,1.0345,0.74243,0.74243,0.56818,0.97727,1,7.0072
aotizhongxin,0.05,spikes_r0.05_k6_s1,ar1|raw+gate,24,90,1.3033,1.6986,1.0355,0.75776,0.75776,0.62222,0.93333,1,7.0072
aotizhongxin,0.05,spikes_r0.05_k6_s1,ar1|robust+gate,1,90,0.70524,0.49736,0.39353,0.32898,0.32898,0.51111,0.64444,0.68889,0.94503
aotizhongxin,0.05,spikes_r0.05_k6_s1,ar1|robust+gate,2,89,0.75966,0.57708,0.50905,0.40963,0.40963,0.4382,0.58427,0.69663,1.262
aotizhongxin,0.05,spikes_r0.05_k6_s1,ar1|robust+gate,3,89,0.855,0.73102,0.59942,0.47418,0.47418,0.38202,0.59551,0.70787,1.4982
aotizhongxin,0.05,spikes_r0.05_k6_s1,ar1|robust+gate,4,90,0.94725,0.89728,0.69122,0.5419,0.5419,0.35556,0.57778,0.7,1.6968
aotizhongxin,0.05,spikes_r0.05_k6_s1,ar1|robust+gate,5,88,1.0671,1.1387,0.80652,0.62674,0.62674,0.26136,0.52273,0.65909,1.8612
aotizhongxin,0.05,spikes_r0.05_k6_s1,ar1|robust+gate,6,90,1.1762,1.3835,0.85564,0.66898,0.66898,0.31111,0.52222,0.67778,2.0024
aotizhongxin,0.05,spikes_r0.05_k6_s1,ar1|robust+gate,7,91,1.1947,1.4273,0.88381,0.69399,0.69399,0.2967,0.53846,0.67033,2.1281
aotizhongxin,0.05,spikes_r0.05_k6_s1,ar1|robust+gate,8,90,1.2197,1.4877,0.9321,0.71754,0.71754,0.25556,0.53333,0.7,2.2374
aotizhongxin,0.05,spikes_r0.05_k6_s1,ar1|robust+gate,9,90,1.2249,1.5004,0.9583,0.72874,0.72874,0.26667,0.52222,0.71111,2.3397
aotizhongxin,0.05,spikes_r0.05_k6_s1,ar1|robust+gate,10,89,1.217,1.4812,0.9715,0.733,0.733,0.24719,0.50562,0.7191,2.4331
aotizhongxin,0.05,spikes_r0.05_k6_s1,ar1|robust+gate,11,90,1.2011,1.4426,0.91157,0.6943,0.6943,0.33333,0.57778,0.77778,2.5179
aotizhongxin,0.05,spikes_r0.05_k6_s1,ar1|robust+gate,12,90,1.199,1.4376,0.90112,0.68267,0.68267,0.35556,0.6,0.75556,2.596
aotizhongxin,0.05,spikes_r0.05_k6_s1,ar1|robust+gate,13,91,1.1091,1.23,0.84263,0.62721,0.62721,0.36264,0.62637,0.81319,2.6703
aotizhongxin,0.05,spikes_r0.05_k6_s1,ar1|robust+gate,14,90,1.1214,1.2574,0.86575,0.64074,0.64074,0.34444,0.65556,0.77778,2.7343
aotizhongxin,0.05,spikes_r0.05_k6_s1,ar1|robust+gate,15,91,1.125,1.2655,0.86386,0.63295,0.63295,0.30769,0.67033,0.82418,2.798
aotizhongxin,0.05,spikes_r0.05_k6_s1,ar1|robust+gate,16,91,1.1629,1.3523,0.88458,0.65171,0.65171,0.32967,0.64835,0.83516,2.855
aotizhongxin,0.05,spikes_r0.05_k6_s1,ar1|robust+gate,17,90,1.1182,1.2503,0.84713,0.62053,0.62053,0.4,0.68889,0.85556,2.9083
aotizhongxin,0.05,spikes_r0.05_k6_s1,ar1|robust+gate,18,90,1.1281,1.2726,0.88268,0.6449,0.6449,0.34444,0.63333,0.83333,2.9577
aotizhongxin,0.05,spikes_r0.05_k6_s1,ar1|robust+gate,19,90,1.151,1.3249,0.89968,0.66449,0.66449,0.4,0.6,0.81111,3.0038
aotizhongxin,0.05,spikes_r0.05_k6_s1,ar1|robust+gate,20,91,1.1917,1.4202,0.94826,0.69682,0.69682,0.34066,0.6044,0.79121,3.0467
aotizhongxin,0.05,spikes_r0.05_k6_s1,ar1|robust+gate,21,90,1.1276,1.2715,0.92802,0.66548,0.66548,0.31111,0.6,0.82222,3.0871
aotizhongxin,0.05,spikes_r0.05_k6_s1,ar1|robust+gate,22,89,1.2824,1.6444,1.0372,0.75772,0.75772,0.26966,0.58427,0.78652,3.125
aotizhongxin,0.05,spikes_r0.05_k6_s1,ar1|robust+gate,23,88,1.276,1.6281,1.0558,0.76421,0.76421,0.28409,0.56818,0.76136,3.1605
aotizhongxin,0.05,spikes_r0.05_k6_s1,ar1|robust+gate,24,90,1.3191,1.7401,1.0763,0.78698,0.78698,0.28889,0.55556,0.76667,3.1934
aotizhongxin,0.05,spikes_r0.05_k6_s1,persistence|raw,1,90,1.7846,3.1847,0.72339,0.64502,,0.46667,0.67778,0.98889,13.092
aotizhongxin,0.05,spikes_r0.05_k6_s1,persistence|raw,2,89,1.7809,3.1717,0.86229,0.73154,,0.46067,0.69663,0.98876,13.097
aotizhongxin,0.05,spikes_r0.05_k6_s1,persistence|raw,3,89,1.7901,3.2045,0.93643,0.77855,,0.40449,0.67416,0.98876,13.066
aotizhongxin,0.05,spikes_r0.05_k6_s1,persistence|raw,4,90,1.814,3.2905,1.0342,0.84105,,0.4,0.7,0.98889,13.036
aotizhongxin,0.05,spikes_r0.05_k6_s1,persistence|raw,5,88,1.8108,3.2788,1.0981,0.87693,,0.40909,0.64773,1,13.053
aotizhongxin,0.05,spikes_r0.05_k6_s1,persistence|raw,6,90,1.8666,3.4843,1.1607,0.92297,,0.42222,0.62222,1,13.024
aotizhongxin,0.05,spikes_r0.05_k6_s1,persistence|raw,7,91,1.8285,3.3433,1.1638,0.91176,,0.43956,0.67033,1,13.047
aotizhongxin,0.05,spikes_r0.05_k6_s1,persistence|raw,8,90,1.858,3.4521,1.1975,0.9348,,0.43333,0.68889,1,13.023
aotizhongxin,0.05,spikes_r0.05_k6_s1,persistence|raw,9,90,1.8994,3.6079,1.2379,0.96465,,0.41111,0.68889,1,13.122
aotizhongxin,0.05,spikes_r0.05_k6_s1,persistence|raw,10,89,1.9222,3.6949,1.2441,0.97158,,0.46067,0.69663,1,13.017
aotizhongxin,0.05,spikes_r0.05_k6_s1,persistence|raw,11,90,1.9595,3.8396,1.2267,0.96918,,0.48889,0.76667,0.98889,13.075
aotizhongxin,0.05,spikes_r0.05_k6_s1,persistence|raw,12,90,2.0071,4.0284,1.2424,0.98691,,0.51111,0.77778,0.97778,13.045
aotizhongxin,0.05,spikes_r0.05_k6_s1,persistence|raw,13,91,1.9895,3.958,1.2225,0.96784,,0.50549,0.78022,0.96703,13.006
aotizhongxin,0.05,spikes_r0.05_k6_s1,persistence|raw,14,90,2.0379,4.153,1.2755,1.0028,,0.46667,0.76667,0.96667,13.031
aotizhongxin,0.05,spikes_r0.05_k6_s1,persistence|raw,15,91,2.0262,4.1056,1.3043,1.01,,0.3956,0.8022,0.96703,13.104
aotizhongxin,0.05,spikes_r0.05_k6_s1,persistence|raw,16,91,2.0484,4.1957,1.343,1.0394,,0.41758,0.76923,0.97802,13.015
aotizhongxin,0.05,spikes_r0.05_k6_s1,persistence|raw,17,90,2.0128,4.0515,1.3246,1.0245,,0.41111,0.78889,0.98889,13.017
aotizhongxin,0.05,spikes_r0.05_k6_s1,persistence|raw,18,90,2.0313,4.126,1.3696,1.0519,,0.38889,0.8,1,12.966
aotizhongxin,0.05,spikes_r0.05_k6_s1,persistence|raw,19,90,2.0707,4.2879,1.3801,1.0656,,0.45556,0.8,0.98889,12.977
aotizhongxin,0.05,spikes_r0.05_k6_s1,persistence|raw,20,91,2.0881,4.36,1.4442,1.0932,,0.38462,0.82418,0.97802,12.943
aotizhongxin,0.05,spikes_r0.05_k6_s1,persistence|raw,21,90,2.1153,4.4746,1.4652,1.1031,,0.37778,0.8,0.97778,12.92
aotizhongxin,0.05,spikes_r0.05_k6_s1,persistence|raw,22,89,2.1873,4.7843,1.5354,1.1624,,0.37079,0.77528,0.97753,13.02
aotizhongxin,0.05,spikes_r0.05_k6_s1,persistence|raw,23,88,2.1953,4.8195,1.5698,1.1809,,0.36364,0.77273,0.97727,12.943
aotizhongxin,0.05,spikes_r0.05_k6_s1,persistence|raw,24,90,2.1842,4.7706,1.5822,1.1799,,0.38889,0.77778,0.97778,12.918
aotizhongxin,0.05,spikes_r0.05_k6_s2,ar1|raw,1,90,1.026,1.0528,0.78872,0.62253,0.62253,0.8,0.95556,1,6.7609
aotizhongxin,0.05,spikes_r0.05_k6_s2,ar1|raw,2,89,1.021,1.0424,0.8321,0.63577,0.63577,0.7191,0.97753,1,7.041
aotizhongxin,0.05,spikes_r0.05_k6_s2,ar1|raw,3,89,1.05,1.1026,0.84204,0.64844,0.64844,0.7191,0.97753,1,7.0642
aotizhongxin,0.05,spikes_r0.05_k6_s2,ar1|raw,4,90,1.0922,1.1929,0.89454,0.66791,0.66791,0.7,0.98889,1,7.0661
aotizhongxin,0.05,spikes_r0.05_k6_s2,ar1|raw,5,88,1.1641,1.3551,0.93814,0.69545,0.69545,0.70455,0.94318,1,7.0663
aotizhongxin,0.05,spikes_r0.05_k6_s2,ar1|raw,6,90,1.195,1.428,0.94907,0.70651,0.70651,0.73333,0.94444,1,7.0663
aotizhongxin,0.05,spikes_r0.05_k6_s2,ar1|raw,7,91,1.2695,1.6117,1.0078,0.74086,0.74086,0.65934,0.94505,1,7.0663
aotizhongxin,0.05,spikes_r0.05_k6_s2,ar1|raw,8,90,1.2934,1.6728,1.0465,0.75414,0.75414,0.64444,0.93333,1,7.0663
aotizhongxin,0.05,spikes_r0.05_k6_s2,ar1|raw,9,90,1.2325,1.5192,0.98358,0.72661,0.72661,0.64444,0.96667,1,7.0663
aotizhongxin,0.05,spikes_r0.05_k6_s2,ar1|raw,10,89,1.2386,1.5342,1.0059,0.73123,0.73123,0.66292,0.94382,1,7.0663
aotizhongxin,0.05,spikes_r0.05_k6_s2,ar1|raw,11,90,1.2436,1.5464,1.0156,0.73363,0.73363,0.64444,0.92222,1,7.0663
aotizhongxin,0.05,spikes_r0.05_k6_s2,ar1|raw,12,90,1.3012,1.6931,1.0503,0.75854,0.75854,0.65556,0.92222,1,7.0663
aotizhongxin,0.05,spikes_r0.05_k6_s2,ar1|raw,13,91,1.2385,1.5338,1.0128,0.73216,0.73216,0.62637,0.95604,1,7.0663
aotizhongxin,0.05,spikes_r0.05_k6_s2,ar1|raw,14,90,1.2713,1.6163,1.0327,0.74551,0.74551,0.64444,0.92222,1,7.0663
aotizhongxin,0.05,spikes_r0.05_k6_s2,ar1|raw,15,91,1.2505,1.5636,1.0296,0.73867,0.73867,0.6044,0.95604,1,7.0663
aotizhongxin,0.05,spikes_r0.05_k6_s2,ar1|raw,16,91,1.2718,1.6175,1.0345,0.74619,0.74619,0.61538,0.94505,1,7.0663
aotizhongxin,0.05,spikes_r0.05_k6_s2,ar1|raw,17,90,1.2107,1.4658,0.97631,0.71605,0.71605,0.65556,0.95556,1,7.0663
aotizhongxin,0.05,spikes_r0.05_k6_s2,ar1|raw,18,90,1.1972,1.4332,0.95491,0.7101,0.7101,0.66667,0.95556,1,7.0663
aotizhongxin,0.05,spikes_r0.05_k6_s2,ar1|raw,19,90,1.2291,1.5106,1.0229,0.7306,0.7306,0.62222,0.94444,1,7.0663
aotizhongxin,0.05,spikes_r0.05_k6_s2,ar1|raw,20,91,1.287,1.6565,1.0561,0.75537,0.75537,0.61538,0.94505,1,7.0663
aotizhongxin,0.05,spikes_r0.05_k6_s2,ar1|raw,21,90,1.1944,1.4266,1.0002,0.71551,0.71551,0.61111,1,1,7.0663
aotizhongxin,0.05,spikes_r0.05_k6_s2,ar1|raw,22,89,1.3178,1.7366,1.0736,0.7691,0.7691,0.57303,0.94382,1,7.0663
aotizhongxin,0.05,spikes_r0.05_k6_s2,ar1|raw,23,88,1.2608,1.5896,1.0357,0.74465,0.74465,0.57955,0.97727,1,7.0663
aotizhongxin,0.05,spikes_r0.05_k6_s2,ar1|raw,24,90,1.3054,1.7042,1.0366,0.75993,0.75993,0.62222,0.93333,1,7.0663
aotizhongxin,0.05,spikes_r0.05_k6_s2,ar1|raw+gate,1,90,0.98395,0.96815,0.74829,0.60528,0.60528,0.82222,0.95556,1,6.7705
aotizhongxin,0.05,spikes_r0.05_k6_s2,ar1|raw+gate,2,89,1.0239,1.0483,0.82992,0.63703,0.63703,0.7191,0.97753,1,7.0418
aotizhongxin,0.05,spikes_r0.05_k6_s2,ar1|raw+gate,3,89,1.0526,1.1079,0.84584,0.64957,0.64957,0.7191,0.97753,1,7.0643
aotizhongxin,0.05,spikes_r0.05_k6_s2,ar1|raw+gate,4,90,1.0932,1.195,0.8961,0.66834,0.66834,0.68889,0.98889,1,7.0661
aotizhongxin,0.05,spikes_r0.05_k6_s2,ar1|raw+gate,5,88,1.1644,1.3558,0.9386,0.6956,0.6956,0.70455,0.94318,1,7.0663
aotizhongxin,0.05,spikes_r0.05_k6_s2,ar1|raw+gate,6,90,1.1951,1.4282,0.9492,0.70655,0.70655,0.73333,0.94444,1,7.0663
aotizhongxin,0.05,spikes_r0.05_k6_s2,ar1|raw+gate,7,91,1.2695,1.6117,1.0078,0.74088,0.74088,0.65934,0.94505,1,7.0663
aotizhongxin,0.05,spikes_r0.05_k6_s2,ar1|raw+gate,8,90,1.2934,1.6729,1.0465,0.75414,0.75414,0.64444,0.93333,1,7.0663
aotizhongxin,0.05,spikes_r0.05_k6_s2,ar1|raw+gate,9,90,1.2325,1.5192,0.98358,0.72661,0.72661,0.64444,0.96667,1,7.0663
aotizhongxin,0.05,spikes_r0.05_k6_s2,ar1|raw+gate,10,89,1.2386,1.5342,1.0059,0.73123,0.73123,0.66292,0.94382,1,7.0663
aotizhongxin,0.05,spikes_r0.05_k6_s2,ar1|raw+gate,11,90,1.2436,1.5464,1.0156,0.73363,0.73363,0.64444,0.92222,1,7.0663
aotizhongxin,0.05,spikes_r0.05_k6_s2,ar1|raw+gate,12,90,1.3012,1.6931,1.0503,0.75854,0.75854,0.65556,0.92222,1,7.0663
aotizhongxin,0.05,spikes_r0.05_k6_s2,ar1|raw+gate,13,91,1.2385,1.5338,1.0128,0.73216,0.73216,0.62637,0.95604,1,7.0663
aotizhongxin,0.05,spikes_r0.05_k6_s2,ar1|raw+gate,14,90,1.2713,1.6163,1.0327,0.74551,0.74551,0.64444,0.92222,1,7.0663
aotizhongxin,0.05,spikes_r0.05_k6_s2,ar1|raw+gate,15,91,1.2505,1.5636,1.0296,0.73867,0.73867,0.6044,0.95604,1,7.0663
aotizhongxin,0.05,spikes_r0.05_k6_s2,ar1|raw+gate,16,91,1.2718,1.6175,1.0345,0.74619,0.74619,0.61538,0.94505,1,7.0663
aotizhongxin,0.05,spikes_r0.05_k6_s2,ar1|raw+gate,17,90,1.2107,1.4658,0.97631,0.71605,0.71605,0.65556,0.95556,1,7.0663
aotizhongxin,0.05,spikes_r0.05_k6_s2,ar1|raw+gate,18,90,1.1972,1.4332,0.95491,0.7101,0.7101,0.66667,0.95556,1,7.0663
aotizhongxin,0.05,spikes_r0.05_k6_s2,ar1|raw+gate,19,90,1.2291,1.5106,1.0229,0.7306,0.7306,0.62222,0.94444,1,7.0663
aotizhongxin,0.05,spikes_r0.05_k6_s2,ar1|raw+gate,20,91,1.287,1.6565,1.0561,0.75537,0.75537,0.61538,0.94505,1,7.0663
aotizhongxin,0.05,spikes_r0.05_k6_s2,ar1|raw+gate,21,90,1.1944,1.4266,1.0002,0.71551,0.71551,0.61111,1,1,7.0663
aotizhongxin,0.05,spikes_r0.05_k6_s2,ar1|raw+gate,22,89,1.3178,1.7366,1.0736,0.7691,0.7691,0.57303,0.94382,1,7.0663
aotizhongxin,0.05,spikes_r0.05_k6_s2,ar1|raw+gate,23,88,1.2608,1.5896,1.0357,0.74465,0.74465,0.57955,0.97727,1,7.0663
aotizhongxin,0.05,spikes_r0.05_k6_s2,ar1|raw+gate,24,90,1.3054,1.7042,1.0366,0.75993,0.75993,0.62222,0.93333,1,7.0663
aotizhongxin,0.05,spikes_r0.05_k6_s2,ar1|robust+gate,1,90,0.77783,0.60502,0.40649,0.3416,0.3416,0.53333,0.65556,0.72222,0.96827
aotizhongxin,0.05,spikes_r0.05_k6_s2,ar1|robust+gate,2,89,0.78842,0.6216,0.52247,0.42226,0.42226,0.4382,0.59551,0.7191,1.2907
aotizhongxin,0.05,spikes_r0.05_k6_s2,ar1|robust+gate,3,89,0.88658,0.78603,0.61212,0.48778,0.48778,0.40449,0.64045,0.7191,1.5304
aotizhongxin,0.05,spikes_r0.05_k6_s2,ar1|robust+gate,4,90,0.97207,0.94492,0.7038,0.55419,0.55419,0.36667,0.61111,0.7,1.7313
aotizhongxin,0.05,spikes_r0.05_k6_s2,ar1|robust+gate,5,88,1.1087,1.2292,0.82024,0.63939,0.63939,0.27273,0.53409,0.69318,1.8978
aotizhongxin,0.05,spikes_r0.05_k6_s2,ar1|robust+gate,6,90,1.2099,1.4638,0.86852,0.68133,0.68133,0.32222,0.53333,0.67778,2.0403
aotizhongxin,0.05,spikes_r0.05_k6_s2,ar1|robust+gate,7,91,1.2246,1.4995,0.89693,0.70509,0.70509,0.28571,0.54945,0.67033,2.167
aotizhongxin,0.05,spikes_r0.05_k6_s2,ar1|robust+gate,8,90,1.24,1.5375,0.93741,0.72178,0.72178,0.25556,0.55556,0.7,2.2772
aotizhongxin,0.05,spikes_r0.05_k6_s2,ar1|robust+gate,9,90,1.2245,1.4995,0.95499,0.7277,0.7277,0.27778,0.53333,0.72222,2.3802
aotizhongxin,0.05,spikes_r0.05_k6_s2,ar1|robust+gate,10,89,1.227,1.5054,0.96851,0.73353,0.73353,0.2809,0.52809,0.69663,2.4741
aotizhongxin,0.05,spikes_r0.05_k6_s2,ar1|robust+gate,11,90,1.216,1.4788,0.91309,0.70075,0.70075,0.34444,0.57778,0.75556,2.5592
aotizhongxin,0.05,spikes_r0.05_k6_s2,ar1|robust+gate,12,90,1.2269,1.5053,0.91323,0.6939,0.6939,0.35556,0.6,0.76667,2.6376
aotizhongxin,0.05,spikes_r0.05_k6_s2,ar1|robust+gate,13,91,1.1372,1.2933,0.85937,0.63724,0.63724,0.34066,0.65934,0.81319,2.7121
aotizhongxin,0.05,spikes_r0.05_k6_s2,ar1|robust+gate,14,90,1.15,1.3225,0.88188,0.65046,0.65046,0.33333,0.66667,0.78889,2.7762
aotizhongxin,0.05,spikes_r0.05_k6_s2,ar1|robust+gate,15,91,1.144,1.3086,0.87164,0.63863,0.63863,0.30769,0.69231,0.84615,2.8398
aotizhongxin,0.05,spikes_r0.05_k6_s2,ar1|robust+gate,16,91,1.1799,1.3921,0.89303,0.65866,0.65866,0.35165,0.65934,0.83516,2.8968
aotizhongxin,0.05,spikes_r0.05_k6_s2,ar1|robust+gate,17,90,1.1417,1.3034,0.8498,0.62669,0.62669,0.38889,0.68889,0.85556,2.9499
aotizhongxin,0.05,spikes_r0.05_k6_s2,ar1|robust+gate,18,90,1.1492,1.3206,0.88355,0.64875,0.64875,0.35556,0.63333,0.83333,2.9991
aotizhongxin,0.05,spikes_r0.05_k6_s2,ar1|robust+gate,19,90,1.1625,1.3513,0.89803,0.66821,0.66821,0.42222,0.6,0.81111,3.045
aotizhongxin,0.05,spikes_r0.05_k6_s2,ar1|robust+gate,20,91,1.2083,1.4599,0.94459,0.70093,0.70093,0.36264,0.6044,0.79121,3.0876
aotizhongxin,0.05,spikes_r0.05_k6_s2,ar1|robust+gate,21,90,1.1365,1.2915,0.92668,0.66792,0.66792,0.34444,0.61111,0.82222,3.1278
aotizhongxin,0.05,spikes_r0.05_k6_s2,ar1|robust+gate,22,89,1.2874,1.6575,1.033,0.75971,0.75971,0.29213,0.59551,0.77528,3.1654
aotizhongxin,0.05,spikes_r0.05_k6_s2,ar1|robust+gate,23,88,1.2769,1.6306,1.0491,0.76289,0.76289,0.31818,0.56818,0.75,3.2006
aotizhongxin,0.05,spikes_r0.05_k6_s2,ar1|robust+gate,24,90,1.3278,1.763,1.0701,0.78609,0.78609,0.31111,0.57778,0.76667,3.2331
aotizhongxin,0.05,spikes_r0.05_k6_s2,persistence|raw,1,90,1.55,2.4025,0.60084,0.53649,,0.47778,0.71111,0.98889,13.082
aotizhongxin,0.05,spikes_r0.05_k6_s2,persistence|raw,2,89,1.527,2.3317,0.73363,0.61567,,0.44944,0.7191,0.98876,13.082
aotizhongxin,0.05,spikes_r0.05_k6_s2,persistence|raw,3,89,1.5433,2.3819,0.81276,0.66986,,0.42697,0.69663,1,13.09
aotizhongxin,0.05,spikes_r0.05_k6_s2,persistence|raw,4,90,1.5673,2.4565,0.90906,0.73134,,0.41111,0.7,1,13.094
aotizhongxin,0.05,spikes_r0.05_k6_s2,persistence|raw,5,88,1.6167,2.6138,0.99627,0.78378,,0.39773,0.67045,1,13.113
aotizhongxin,0.05,spikes_r0.05_k6_s2,persistence|raw,6,90,1.666,2.7757,1.0522,0.82725,,0.43333,0.63333,1,13.117
aotizhongxin,0.05,spikes_r0.05_k6_s2,persistence|raw,7,91,1.7208,2.9612,1.1054,0.85783,,0.43956,0.68132,1,13.084
aotizhongxin,0.05,spikes_r0.05_k6_s2,persistence|raw,8,90,1.8515,3.4281,1.1884,0.91911,,0.4,0.68889,0.98889,13.087
aotizhongxin,0.05,spikes_r0.05_k6_s2,persistence|raw,9,90,1.9012,3.6146,1.2248,0.94778,,0.38889,0.68889,0.98889,13.103
aotizhongxin,0.05,spikes_r0.05_k6_s2,persistence|raw,10,89,1.9328,3.7358,1.2337,0.95789,,0.44944,0.69663,0.98876,12.995
aotizhongxin,0.05,spikes_r0.05_k6_s2,persistence|raw,11,90,1.919,3.6826,1.1959,0.94006,,0.48889,0.76667,0.98889,13.1
aotizhongxin,0.05,spikes_r0.05_k6_s2,persistence|raw,12,90,1.9204,3.688,1.2001,0.94523,,0.48889,0.77778,0.98889,13.195
aotizhongxin,0.05,spikes_r0.05_k6_s2,persistence|raw,13,91,1.8852,3.5542,1.1635,0.91541,,0.50549,0.78022,0.97802,13.187
aotizhongxin,0.05,spikes_r0.05_k6_s2,persistence|raw,14,90,1.8805,3.5364,1.185,0.92635,,0.47778,0.77778,0.97778,13.16
aotizhongxin,0.05,spikes_r0.05_k6_s2,persistence|raw,15,91,1.87,3.4968,1.198,0.92598,,0.42857,0.82418,0.97802,13.137
aotizhongxin,0.05,spikes_r0.05_k6_s2,persistence|raw,16,91,1.892,3.5797,1.244,0.957,,0.41758,0.79121,0.97802,13.167
aotizhongxin,0.05,spikes_r0.05_k6_s2,persistence|raw,17,90,1.8876,3.5631,1.2375,0.94823,,0.41111,0.81111,0.96667,13.036
aotizhongxin,0.05,spikes_r0.05_k6_s2,persistence|raw,18,90,1.9029,3.6212,1.2855,0.97456,,0.41111,0.81111,0.96667,13.153
aotizhongxin,0.05,spikes_r0.05_k6_s2,persistence|raw,19,90,1.9218,3.6933,1.2784,0.98171,,0.46667,0.81111,0.97778,13.221
aotizhongxin,0.05,spikes_r0.05_k6_s2,persistence|raw,20,91,1.9302,3.7258,1.3354,1.0056,,0.3956,0.84615,0.97802,13.151
aotizhongxin,0.05,spikes_r0.05_k6_s2,persistence|raw,21,90,1.915,3.6671,1.3337,0.99397,,0.4,0.82222,0.97778,13.065
aotizhongxin,0.05,spikes_r0.05_k6_s2,persistence|raw,22,89,2.0292,4.1176,1.4218,1.0674,,0.39326,0.79775,0.97753,13.069
aotizhongxin,0.05,spikes_r0.05_k6_s2,persistence|raw,23,88,2.0794,4.324,1.4719,1.1008,,0.40909,0.79545,0.96591,13.091
aotizhongxin,0.05,spikes_r0.05_k6_s2,persistence|raw,24,90,2.1054,4.4328,1.5024,1.1138,,0.4,0.81111,0.97778,13.092
aotizhongxin,0,clean,pmm|raw,1,90,0.39635,0.1571,0.26457,0.20634,0.20634,0.63333,0.8,0.9,1.3359
aotizhongxin,0,clean,pmm|raw,2,89,0.59462,0.35357,0.42477,0.31845,0.31845,0.52809,0.75281,0.89888,1.8225
aotizhongxin,0,clean,pmm|raw,3,89,0.71062,0.50499,0.52097,0.38939,0.38939,0.49438,0.74157,0.86517,2.1753
aotizhongxin,0,clean,pmm|raw,4,90,0.84584,0.71544,0.65162,0.47348,0.47348,0.45556,0.72222,0.82222,2.4533
aotizhongxin,0,clean,pmm|raw,5,88,0.95283,0.90789,0.76569,0.54329,0.54329,0.31818,0.68182,0.85227,2.673
aotizhongxin,0,clean,pmm|raw,6,90,1.011,1.0222,0.81249,0.57667,0.57667,0.32222,0.68889,0.84444,2.8548
aotizhongxin,0,clean,pmm|raw,7,91,1.011,1.0222,0.84314,0.58943,0.58943,0.31868,0.67033,0.85714,3.0088
aotizhongxin,0,clean,pmm|raw,8,90,1.0605,1.1247,0.88501,0.61676,0.61676,0.28889,0.68889,0.86667,3.1364
aotizhongxin,0,clean,pmm|raw,9,90,1.0604,1.1243,0.89021,0.61868,0.61868,0.28889,0.7,0.88889,3.2505
aotizhongxin,0,clean,pmm|raw,10,89,1.0703,1.1456,0.90955,0.62496,0.62496,0.30337,0.68539,0.92135,3.3496
aotizhongxin,0,clean,pmm|raw,11,90,1.0539,1.1106,0.86942,0.60609,0.60609,0.33333,0.74444,0.91111,3.436
aotizhongxin,0,clean,pmm|raw,12,90,1.0698,1.1444,0.88611,0.6084,0.6084,0.35556,0.74444,0.91111,3.5117
aotizhongxin,0,clean,pmm|raw,13,91,0.99557,0.99116,0.83587,0.5694,0.5694,0.37363,0.78022,0.94505,3.5805
aotizhongxin,0,clean,pmm|raw,14,90,1.0154,1.0311,0.84521,0.57951,0.57951,0.35556,0.78889,0.91111,3.637
aotizhongxin,0,clean,pmm|raw,15,91,1.0029,1.0058,0.84036,0.57294,0.57294,0.37363,0.76923,0.93407,3.6905
aotizhongxin,0,clean,pmm|raw,16,91,1.047,1.0962,0.86374,0.59422,0.59422,0.3956,0.81319,0.9011,3.7362
aotizhongxin,0,clean,pmm|raw,17,90,0.99779,0.99558,0.80611,0.56022,0.56022,0.4,0.85556,0.93333,3.7767
aotizhongxin,0,clean,pmm|raw,18,90,1.0137,1.0275,0.84082,0.57816,0.57816,0.38889,0.8,0.93333,3.8127
aotizhongxin,0,clean,pmm|raw,19,90,1.0373,1.0759,0.86699,0.59707,0.59707,0.38889,0.77778,0.95556,3.8447
aotizhongxin,0,clean,pmm|raw,20,91,1.0839,1.1747,0.91104,0.62745,0.62745,0.36264,0.76923,0.93407,3.8732
aotizhongxin,0,clean,pmm|raw,21,90,1.0226,1.0457,0.87673,0.59428,0.59428,0.37778,0.75556,0.97778,3.8985
aotizhongxin,0,clean,pmm|raw,22,89,1.1449,1.3108,0.96782,0.66843,0.66843,0.35955,0.70787,0.93258,3.9212
aotizhongxin,0,clean,pmm|raw,23,88,1.139,1.2974,0.97878,0.66755,0.66755,0.35227,0.70455,0.94318,3.9413
aotizhongxin,0,clean,pmm|raw,24,90,1.1873,1.4096,1.003,0.68925,0.68925,0.36667,0.71111,0.91111,3.9593
aotizhongxin,0,clean,pmm_default|raw,1,90,0.39762,0.1581,0.26495,0.20692,0.20692,0.63333,0.8,0.88889,1.336
aotizhongxin,0,clean,pmm_default|raw,2,89,0.59544,0.35454,0.42557,0.31897,0.31897,0.52809,0.75281,0.89888,1.827
aotizhongxin,0,clean,pmm_default|raw,3,89,0.71162,0.5064,0.52152,0.38993,0.38993,0.49438,0.74157,0.86517,2.1751
aotizhongxin,0,clean,pmm_default|raw,4,90,0.84655,0.71664,0.65197,0.47386,0.47386,0.45556,0.72222,0.82222,2.4534
aotizhongxin,0,clean,pmm_default|raw,5,88,0.95377,0.90968,0.76619,0.54381,0.54381,0.31818,0.68182,0.85227,2.6719
aotizhongxin,0,clean,pmm_default|raw,6,90,1.0117,1.0235,0.81299,0.57713,0.57713,0.32222,0.68889,0.84444,2.8534
aotizhongxin,0,clean,pmm_default|raw,7,91,1.0113,1.0228,0.84352,0.58972,0.58972,0.31868,0.67033,0.85714,3.0071
aotizhongxin,0,clean,pmm_default|raw,8,90,1.0607,1.1251,0.8851,0.61693,0.61693,0.28889,0.68889,0.86667,3.1345
aotizhongxin,0,clean,pmm_default|raw,9,90,1.0606,1.1249,0.89035,0.61891,0.61891,0.28889,0.7,0.88889,3.2485
aotizhongxin,0,clean,pmm_default|raw,10,89,1.0707,1.1463,0.90971,0.6252,0.6252,0.30337,0.68539,0.92135,3.3475
aotizhongxin,0,clean,pmm_default|raw,11,90,1.0542,1.1113,0.86923,0.60625,0.60625,0.33333,0.74444,0.91111,3.4339
aotizhongxin,0,clean,pmm_default|raw,12,90,1.0699,1.1447,0.88586,0.60843,0.60843,0.35556,0.74444,0.91111,3.5096
aotizhongxin,0,clean,pmm_default|raw,13,91,0.99551,0.99104,0.83559,0.56932,0.56932,0.37363,0.78022,0.94505,3.5784
aotizhongxin,0,clean,pmm_default|raw,14,90,1.0154,1.031,0.84494,0.57944,0.57944,0.35556,0.78889,0.91111,3.6349
aotizhongxin,0,clean,pmm_default|raw,15,91,1.0027,1.0054,0.84009,0.57282,0.57282,0.37363,0.76923,0.93407,3.6885
aotizhongxin,0,clean,pmm_default|raw,16,91,1.0468,1.0959,0.86355,0.59412,0.59412,0.3956,0.81319,0.9011,3.7343
aotizhongxin,0,clean,pmm_default|raw,17,90,0.99769,0.99538,0.80603,0.56017,0.56017,0.4,0.85556,0.93333,3.7749
aotizhongxin,0,clean,pmm_default|raw,18,90,1.0137,1.0276,0.8408,0.5782,0.5782,0.38889,0.8,0.93333,3.811
aotizhongxin,0,clean,pmm_default|raw,19,90,1.0373,1.076,0.86685,0.59705,0.59705,0.38889,0.76667,0.95556,3.8431
aotizhongxin,0,clean,pmm_default|raw,20,91,1.0837,1.1745,0.91081,0.6274,0.6274,0.36264,0.76923,0.93407,3.8716
aotizhongxin,0,clean,pmm_default|raw,21,90,1.0227,1.0458,0.87664,0.59429,0.59429,0.37778,0.75556,0.97778,3.8971
aotizhongxin,0,clean,pmm_default|raw,22,89,1.1449,1.3108,0.96778,0.66847,0.66847,0.35955,0.69663,0.93258,3.9198
aotizhongxin,0,clean,pmm_default|raw,23,88,1.1391,1.2975,0.97896,0.66763,0.66763,0.35227,0.70455,0.94318,3.94
aotizhongxin,0,clean,pmm_default|raw,24,90,1.1873,1.4097,1.0031,0.68932,0.68932,0.36667,0.71111,0.91111,3.9581
tsnh4,0,clean,pmm|raw,1,93,0.086941,0.0075588,0.06913,0.049341,0.049341,0.55914,0.84946,0.97849,0.38788
tsnh4,0,clean,pmm|raw,2,93,0.10982,0.012061,0.090064,0.063298,0.063298,0.58065,0.90323,0.97849,0.5624
tsnh4,0,clean,pmm|raw,3,93,0.12043,0.014503,0.09774,0.071126,0.071126,0.72043,0.94624,0.98925,0.70446
tsnh4,0,clean,pmm|raw,4,93,0.14087,0.019845,0.10567,0.08301,0.08301,0.72043,0.92473,1,0.83005
tsnh4,0,clean,pmm|raw,5,93,0.15831,0.025061,0.12257,0.093462,0.093462,0.72043,0.94624,0.98925,0.94501
tsnh4,0,clean,pmm|raw,6,93,0.15834,0.025072,0.128,0.097142,0.097142,0.74194,0.96774,1,1.0522
tsnh4,0,clean,pmm|raw,7,93,0.19065,0.036348,0.14315,0.11194,0.11194,0.78495,0.94624,0.97849,1.1531
tsnh4,0,clean,pmm|raw,8,93,0.21669,0.046955,0.14919,0.12381,0.12381,0.73118,0.93548,0.97849,1.2488
tsnh4,0,clean,pmm|raw,9,93,0.22988,0.052847,0.1655,0.13415,0.13415,0.73118,0.91398,0.98925,1.34
tsnh4,0,clean,pmm|raw,10,93,0.26484,0.070142,0.19559,0.15126,0.15126,0.74194,0.91398,0.97849,1.4269
tsnh4,0,clean,pmm|raw,11,93,0.28906,0.083553,0.21785,0.16474,0.16474,0.68817,0.90323,0.97849,1.5101
tsnh4,0,clean,pmm|raw,12,93,0.33318,0.11101,0.24388,0.18621,0.18621,0.68817,0.84946,0.96774,1.5898
tsnh4,0,clean,pmm|raw,13,93,0.35002,0.12251,0.25487,0.19492,0.19492,0.70968,0.87097,0.96774,1.6661
tsnh4,0,clean,pmm|raw,14,93,0.36437,0.13276,0.27745,0.20477,0.20477,0.70968,0.87097,0.96774,1.7392
tsnh4,0,clean,pmm|raw,15,93,0.38191,0.14586,0.29041,0.21447,0.21447,0.67742,0.87097,0.96774,1.8094
tsnh4,0,clean,pmm|raw,16,93,0.4041,0.16329,0.30143,0.22617,0.22617,0.67742,0.86022,0.95699,1.8768
tsnh4,0,clean,pmm|raw,17,93,0.41868,0.1753,0.31721,0.23587,0.23587,0.66667,0.83871,0.97849,1.9414
tsnh4,0,clean,pmm|raw,18,93,0.43299,0.18748,0.3316,0.24395,0.24395,0.65591,0.83871,0.97849,2.0033
tsnh4,0,clean,pmm|raw,19,93,0.46817,0.21918,0.35327,0.26192,0.26192,0.66667,0.83871,0.96774,2.0628
tsnh4,0,clean,pmm|raw,20,93,0.48492,0.23514,0.36742,0.27071,0.27071,0.65591,0.83871,0.96774,2.1199
tsnh4,0,clean,pmm|raw,21,93,0.49718,0.24718,0.38023,0.27912,0.27912,0.60215,0.83871,0.94624,2.1746
tsnh4,0,clean,pmm|raw,22,93,0.51378,0.26397,0.38891,0.28696,0.28696,0.5914,0.83871,0.95699,2.2271
tsnh4,0,clean,pmm|raw,23,93,0.52548,0.27613,0.40161,0.2938,0.2938,0.6129,0.83871,0.93548,2.2775
tsnh4,0,clean,pmm|raw,24,93,0.54685,0.29904,0.4228,0.30519,0.30519,0.55914,0.84946,0.92473,2.3258
tsnh4,0,clean,pmm_default|raw,1,93,0.087238,0.0076105,0.069789,0.049582,0.049582,0.52688,0.83871,0.98925,0.39003
tsnh4,0,clean,pmm_default|raw,2,93,0.11137,0.012404,0.091562,0.064078,0.064078,0.53763,0.90323,0.97849,0.54821
tsnh4,0,clean,pmm_default|raw,3,93,0.1273,0.016205,0.10465,0.073652,0.073652,0.62366,0.93548,0.98925,0.66745
tsnh4,0,clean,pmm_default|raw,4,93,0.15236,0.023213,0.11439,0.086743,0.086743,0.65591,0.88172,0.97849,0.7661
tsnh4,0,clean,pmm_default|raw,5,93,0.17371,0.030175,0.13442,0.098628,0.098628,0.62366,0.90323,0.97849,0.85148
tsnh4,0,clean,pmm_default|raw,6,93,0.18161,0.032983,0.14275,0.10416,0.10416,0.62366,0.88172,0.98925,0.92724
tsnh4,0,clean,pmm_default|raw,7,93,0.22154,0.049079,0.16575,0.12248,0.12248,0.63441,0.87097,0.96774,0.99569
tsnh4,0,clean,pmm_default|raw,8,93,0.25027,0.062635,0.17755,0.13462,0.13462,0.65591,0.88172,0.94624,1.0582
tsnh4,0,clean,pmm_default|raw,9,93,0.26627,0.070901,0.19205,0.14622,0.14622,0.66667,0.83871,0.91398,1.1159
tsnh4,0,clean,pmm_default|raw,10,93,0.2986,0.08916,0.21322,0.16153,0.16153,0.6129,0.83871,0.92473,1.1694
tsnh4,0,clean,pmm_default|raw,11,93,0.32109,0.1031,0.23263,0.1746,0.1746,0.62366,0.80645,0.93548,1.2194
tsnh4,0,clean,pmm_default|raw,12,93,0.36083,0.1302,0.25541,0.1943,0.1943,0.5914,0.8172,0.88172,1.2663
tsnh4,0,clean,pmm_default|raw,13,93,0.37541,0.14093,0.25946,0.20056,0.20056,0.68817,0.80645,0.86022,1.3105
tsnh4,0,clean,pmm_default|raw,14,93,0.3858,0.14884,0.27055,0.20756,0.20756,0.64516,0.7957,0.87097,1.3522
tsnh4,0,clean,pmm_default|raw,15,93,0.40418,0.16336,0.2872,0.21789,0.21789,0.63441,0.7957,0.87097,1.3918
tsnh4,0,clean,pmm_default|raw,16,93,0.4233,0.17918,0.29857,0.2284,0.2284,0.62366,0.78495,0.89247,1.4293
tsnh4,0,clean,pmm_default|raw,17,93,0.43657,0.19059,0.31365,0.23824,0.23824,0.62366,0.76344,0.83871,1.465
tsnh4,0,clean,pmm_default|raw,18,93,0.44994,0.20245,0.32258,0.24564,0.24564,0.60215,0.76344,0.82796,1.4991
tsnh4,0,clean,pmm_default|raw,19,93,0.48177,0.2321,0.34475,0.26402,0.26402,0.60215,0.75269,0.8172,1.5316
tsnh4,0,clean,pmm_default|raw,20,93,0.49854,0.24854,0.35352,0.27283,0.27283,0.60215,0.73118,0.84946,1.5626
tsnh4,0,clean,pmm_default|raw,21,93,0.50983,0.25993,0.36618,0.28089,0.28089,0.56989,0.75269,0.8172,1.5924
tsnh4,0,clean,pmm_default|raw,22,93,0.52083,0.27126,0.37092,0.28531,0.28531,0.56989,0.74194,0.86022,1.6209
tsnh4,0,clean,pmm_default|raw,23,93,0.52902,0.27986,0.3794,0.29059,0.29059,0.5914,0.72043,0.86022,1.6482
tsnh4,0,clean,pmm_default|raw,24,93,0.54561,0.29769,0.40402,0.3012,0.3012,0.51613,0.72043,0.88172,1.6745
mote20,0,clean,pmm|raw,1,106,0.018991,0.00036066,0.013764,0.013282,0.013282,0.89623,0.9717,1,0.16966
mote20,0,clean,pmm|raw,2,109,0.027035,0.00073088,0.018548,0.019361,0.019361,0.90826,0.98165,1,0.25323
mote20,0,clean,pmm|raw,3,105,0.034965,0.0012226,0.024212,0.025331,0.025331,0.88571,0.99048,0.99048,0.33567
mote20,0,clean,pmm|raw,4,108,0.04652,0.0021641,0.030068,0.031907,0.031907,0.89815,0.98148,0.99074,0.41209
mote20,0,clean,pmm|raw,5,98,0.054488,0.002969,0.03525,0.037897,0.037897,0.87755,0.97959,0.9898,0.49235
mote20,0,clean,pmm|raw,7,106,0.10537,0.011103,0.051713,0.055281,0.055281,0.88679,0.9717,0.99057,0.64545
mote20,0,clean,pmm|raw,9,105,0.20282,0.041136,0.066591,0.074706,0.074706,0.88571,0.99048,0.99048,0.80169
mote20,0,clean,pmm|raw,10,109,0.23546,0.055442,0.075224,0.084513,0.084513,0.90826,0.97248,0.98165,0.87979
mote20,0,clean,pmm|raw,11,106,0.26814,0.071898,0.088525,0.096031,0.096031,0.86792,0.96226,0.98113,0.95561
mote20,0,clean,pmm|raw,12,97,0.29861,0.089168,0.09585,0.10521,0.10521,0.8866,0.96907,0.96907,1.0293
mote20,0,clean,pmm|raw,13,107,0.29037,0.084317,0.091787,0.10491,0.10491,0.91589,0.97196,0.98131,1.1081
mote20,0,clean,pmm|raw,14,105,0.31929,0.10195,0.11194,0.12012,0.12012,0.89524,0.9619,0.97143,1.1813
mote20,0,clean,pmm|raw,15,103,0.33596,0.11287,0.11578,0.12635,0.12635,0.90291,0.96117,0.97087,1.2565
mote20,0,clean,pmm|raw,16,109,0.33574,0.11272,0.11549,0.12972,0.12972,0.90826,0.95413,0.97248,1.3306
mote20,0,clean,pmm|raw,17,104,0.35042,0.12279,0.12353,0.13768,0.13768,0.90385,0.96154,0.97115,1.4011
mote20,0,clean,pmm|raw,18,108,0.15747,0.024796,0.08666,0.10943,0.10943,0.92593,0.98148,0.99074,1.4757
mote20,0,clean,pmm|raw,19,99,0.37124,0.13782,0.1372,0.15195,0.15195,0.89899,0.9596,0.9697,1.5458
mote20,0,clean,pmm|raw,20,97,0.38891,0.15125,0.14867,0.16117,0.16117,0.8866,0.95876,0.96907,1.6153
mote20,0,clean,pmm|raw,22,103,0.38436,0.14774,0.144,0.16251,0.16251,0.90291,0.97087,0.98058,1.7517
mote20,0,clean,pmm|raw,23,107,0.407,0.16565,0.15822,0.17467,0.17467,0.88785,0.96262,0.97196,1.8209
mote20,0,clean,pmm|raw,24,111,0.4009,0.16072,0.15302,0.17364,0.17364,0.91892,0.97297,0.97297,1.8866
mote20,0,clean,pmm|raw,6,102,0.059573,0.003549,0.036585,0.042848,0.042848,0.91176,0.98039,1,0.56734
mote20,0,clean,pmm|raw,8,104,0.16872,0.028466,0.061258,0.067625,0.067625,0.875,0.98077,0.98077,0.72425
mote20,0,clean,pmm|raw,21,100,0.39604,0.15685,0.14801,0.16479,0.16479,0.92,0.96,0.97,1.6846
mote20,0,clean,pmm_default|raw,1,106,0.024672,0.00060872,0.016087,0.017076,0.017076,0.90566,0.9717,1,0.2209
mote20,0,clean,pmm_default|raw,2,109,0.030689,0.00094179,0.02074,0.020366,0.020366,0.86239,0.95413,1,0.25107
mote20,0,clean,pmm_default|raw,3,105,0.046534,0.0021654,0.028704,0.028135,0.028135,0.89524,0.94286,0.98095,0.32623
mote20,0,clean,pmm_default|raw,4,108,0.058958,0.0034761,0.034733,0.032949,0.032949,0.86111,0.93519,0.96296,0.34721
mote20,0,clean,pmm_default|raw,5,98,0.070206,0.0049289,0.03959,0.038436,0.038436,0.85714,0.92857,0.95918,0.40445
mote20,0,clean,pmm_default|raw,7,106,0.12223,0.01494,0.061026,0.055137,0.055137,0.79245,0.90566,0.95283,0.4688
mote20,0,clean,pmm_default|raw,9,105,0.21599,0.04665,0.080975,0.071086,0.071086,0.81905,0.90476,0.9619,0.52614
mote20,0,clean,pmm_default|raw,10,109,0.25037,0.062684,0.095055,0.081272,0.081272,0.78899,0.89908,0.94495,0.54072
mote20,0,clean,pmm_default|raw,11,106,0.28153,0.079262,0.10545,0.091335,0.091335,0.79245,0.89623,0.93396,0.57765
mote20,0,clean,pmm_default|raw,12,97,0.3112,0.096848,0.11106,0.096963,0.096963,0.76289,0.89691,0.93814,0.58941
mote20,0,clean,pmm_default|raw,13,107,0.3031,0.091872,0.11114,0.094442,0.094442,0.7757,0.90654,0.94393,0.62523
mote20,0,clean,pmm_default|raw,14,105,0.33325,0.11105,0.13026,0.11004,0.11004,0.7619,0.84762,0.93333,0.63648
mote20,0,clean,pmm_default|raw,15,103,0.35207,0.12396,0.13852,0.11612,0.11612,0.75728,0.8932,0.93204,0.66884
mote20,0,clean,pmm_default|raw,16,109,0.35316,0.12473,0.14136,0.11804,0.11804,0.69725,0.88073,0.93578,0.68015
mote20,0,clean,pmm_default|raw,17,104,0.36984,0.13678,0.1484,0.1252,0.1252,0.73077,0.875,0.93269,0.70965
mote20,0,clean,pmm_default|raw,18,108,0.19532,0.038148,0.11703,0.09383,0.09383,0.73148,0.88889,0.9537,0.72104
mote20,0,clean,pmm_default|raw,19,99,0.39446,0.1556,0.16696,0.1395,0.1395,0.71717,0.85859,0.91919,0.74904
mote20,0,clean,pmm_default|raw,20,97,0.4134,0.1709,0.18322,0.14979,0.14979,0.6701,0.86598,0.91753,0.75876
mote20,0,clean,pmm_default|raw,22,103,0.41009,0.16818,0.17785,0.14595,0.14595,0.69903,0.86408,0.91262,0.79525
mote20,0,clean,pmm_default|raw,23,107,0.43294,0.18744,0.19381,0.15779,0.15779,0.70093,0.85981,0.90654,0.82156
mote20,0,clean,pmm_default|raw,24,111,0.42654,0.18194,0.18878,0.1532,0.1532,0.69369,0.87387,0.91892,0.83065
mote20,0,clean,pmm_default|raw,6,102,0.080372,0.0064597,0.048162,0.043312,0.043312,0.80392,0.90196,0.96078,0.42135
mote20,0,clean,pmm_default|raw,8,104,0.18139,0.032903,0.072812,0.064774,0.064774,0.82692,0.91346,0.95192,0.48471
mote20,0,clean,pmm_default|raw,21,100,0.42279,0.17875,0.18331,0.1518,0.1518,0.69,0.87,0.92,0.78622
mote20,0,raw,pmm|raw,1,106,0.066414,0.0044108,0.041691,0.18963,0.18963,1,1,1,3.144
mote20,0,raw,pmm|raw,2,109,0.087064,0.0075801,0.056339,0.20226,0.20226,1,1,1,3.3333
mote20,0,raw,pmm|raw,3,105,0.11568,0.013382,0.072462,0.20846,0.20846,1,1,1,3.3943
mote20,0,raw,pmm|raw,4,108,0.12937,0.016737,0.079985,0.21204,0.21204,1,1,1,3.4306
mote20,0,raw,pmm|raw,5,98,0.14223,0.020229,0.086928,0.21545,0.21545,0.9898,1,1,3.4633
mote20,0,raw,pmm|raw,7,106,0.18028,0.032499,0.1081,0.22393,0.22393,0.98113,1,1,3.522
mote20,0,raw,pmm|raw,9,105,0.2537,0.064364,0.12399,0.23694,0.23694,0.98095,0.99048,0.99048,3.5805
mote20,0,raw,pmm|raw,10,109,0.28982,0.083995,0.13739,0.24437,0.24437,0.97248,0.99083,0.99083,3.6095
mote20,0,raw,pmm|raw,11,106,0.31697,0.10047,0.14492,0.25003,0.25003,0.9717,0.99057,0.99057,3.6375
mote20,0,raw,pmm|raw,12,97,0.34522,0.11918,0.15222,0.25609,0.25609,0.96907,0.98969,0.98969,3.6647
mote20,0,raw,pmm|raw,13,107,0.32693,0.10688,0.14229,0.25277,0.25277,0.98131,0.99065,0.99065,3.6937
mote20,0,raw,pmm|raw,14,105,0.37108,0.1377,0.1717,0.26486,0.26486,0.95238,0.99048,0.99048,3.7206
mote20,0,raw,pmm|raw,15,103,0.389,0.15132,0.17991,0.26969,0.26969,0.95146,0.99029,0.99029,3.7484
mote20,0,raw,pmm|raw,16,109,0.39081,0.15274,0.1823,0.27161,0.27161,0.95413,0.99083,0.99083,3.7757
mote20,0,raw,pmm|raw,17,104,0.40694,0.1656,0.19176,0.27677,0.27677,0.95192,0.99038,0.99038,3.8019
mote20,0,raw,pmm|raw,18,108,0.2485,0.061754,0.15536,0.25237,0.25237,0.96296,1,1,3.8297
mote20,0,raw,pmm|raw,19,99,0.43195,0.18658,0.20732,0.2864,0.2864,0.94949,0.9798,0.9899,3.8558
mote20,0,raw,pmm|raw,20,97,0.45248,0.20474,0.2206,0.29304,0.29304,0.92784,0.97938,0.98969,3.8819
mote20,0,raw,pmm|raw,22,103,0.44694,0.19975,0.21837,0.29292,0.29292,0.93204,0.99029,0.99029,3.9335
mote20,0,raw,pmm|raw,23,107,0.47424,0.2249,0.23609,0.30204,0.30204,0.91589,0.98131,0.99065,3.96
mote20,0,raw,pmm|raw,24,111,0.47079,0.22164,0.22956,0.30167,0.30167,0.91892,0.98198,0.99099,3.9852
mote20,0,raw,pmm|raw,6,102,0.14714,0.02165,0.090018,0.21771,0.21771,0.9902,1,1,3.4924
mote20,0,raw,pmm|raw,8,104,0.22826,0.0521,0.11783,0.2323,0.2323,0.97115,0.99038,1,3.5516
mote20,0,raw,pmm|raw,21,100,0.46039,0.21196,0.21772,0.29572,0.29572,0.93,0.98,0.99,3.9081
mote20,0,raw,pmm_default|raw,1,106,0.047266,0.0022341,0.030507,0.20635,0.20635,1,1,1,3.4444
mote20,0,raw,pmm_default|raw,2,109,0.05552,0.0030824,0.038133,0.20964,0.20964,1,1,1,3.4932
mote20,0,raw,pmm_default|raw,3,105,0.074814,0.0055971,0.051902,0.2196,0.2196,1,1,1,3.6433
mote20,0,raw,pmm_default|raw,4,108,0.090233,0.008142,0.062706,0.22735,0.22735,1,1,1,3.7569
mote20,0,raw,pmm_default|raw,5,98,0.10818,0.011704,0.075816,0.23581,0.23581,1,1,1,3.8765
mote20,0,raw,pmm_default|raw,7,106,0.15505,0.02404,0.10231,0.253,0.253,0.99057,1,1,4.0923
mote20,0,raw,pmm_default|raw,9,105,0.24197,0.058548,0.12475,0.275,0.275,0.99048,0.99048,1,4.2997
mote20,0,raw,pmm_default|raw,10,109,0.27092,0.073399,0.13185,0.28429,0.28429,0.99083,0.99083,0.99083,4.3993
mote20,0,raw,pmm_default|raw,11,106,0.30483,0.092924,0.14994,0.29457,0.29457,0.99057,0.99057,0.99057,4.494
mote20,0,raw,pmm_default|raw,12,97,0.33609,0.11295,0.16362,0.30434,0.30434,0.98969,0.98969,0.98969,4.5843
mote20,0,raw,pmm_default|raw,13,107,0.32926,0.10841,0.15978,0.30802,0.30802,0.99065,0.99065,0.99065,4.679
mote20,0,raw,pmm_default|raw,14,105,0.36786,0.13532,0.19236,0.32054,0.32054,0.98095,0.99048,0.99048,4.7656
mote20,0,raw,pmm_default|raw,15,103,0.38872,0.1511,0.2034,0.32904,0.32904,0.97087,0.99029,0.99029,4.8534
mote20,0,raw,pmm_default|raw,16,109,0.39187,0.15356,0.2058,0.33433,0.33433,0.97248,0.99083,0.99083,4.9387
mote20,0,raw,pmm_default|raw,17,104,0.40721,0.16582,0.21239,0.34173,0.34173,0.97115,0.99038,0.99038,5.019
mote20,0,raw,pmm_default|raw,18,108,0.26494,0.070192,0.18269,0.32535,0.32535,0.99074,1,1,5.1032
mote20,0,raw,pmm_default|raw,19,99,0.43729,0.19122,0.23941,0.35736,0.35736,0.9697,0.9899,0.9899,5.1815
mote20,0,raw,pmm_default|raw,20,97,0.45627,0.20818,0.24989,0.36551,0.36551,0.96907,0.98969,0.98969,5.2585
mote20,0,raw,pmm_default|raw,22,103,0.46705,0.21814,0.26123,0.37538,0.37538,0.97087,0.99029,0.99029,5.4083
mote20,0,raw,pmm_default|raw,23,107,0.49016,0.24026,0.27785,0.38488,0.38488,0.96262,0.99065,0.99065,5.4836
mote20,0,raw,pmm_default|raw,24,111,0.49416,0.2442,0.27976,0.38936,0.38936,0.95495,0.99099,0.99099,5.5548
mote20,0,raw,pmm_default|raw,6,102,0.11468,0.01315,0.076789,0.24265,0.24265,1,1,1,3.9839
mote20,0,raw,pmm_default|raw,8,104,0.20875,0.043578,0.11492,0.26527,0.26527,0.99038,0.99038,1,4.1983
mote20,0,raw,pmm_default|raw,21,100,0.4622,0.21363,0.24951,0.3703,0.3703,0.97,0.99,0.99,5.3349
aotizhongxin,0.01,spikes_r0.01_k6_s0,pmm|raw,1,90,0.62186,0.38672,0.44249,0.34783,0.34783,0.74444,0.92222,0.96667,3.326
aotizhongxin,0.01,spikes_r0.01_k6_s0,pmm|raw,2,89,0.69094,0.4774,0.53251,0.39426,0.39426,0.62921,0.91011,0.97753,3.5105
aotizhongxin,0.01,spikes_r0.01_k6_s0,pmm|raw,3,89,0.7934,0.62949,0.63486,0.45058,0.45058,0.58427,0.88764,0.97753,3.6842
aotizhongxin,0.01,spikes_r0.01_k6_s0,pmm|raw,4,90,0.90053,0.81095,0.73521,0.51175,0.51175,0.52222,0.84444,0.94444,3.8374
aotizhongxin,0.01,spikes_r0.01_k6_s0,pmm|raw,5,88,1.0106,1.0213,0.83651,0.57214,0.57214,0.46591,0.81818,0.93182,3.9652
aotizhongxin,0.01,spikes_r0.01_k6_s0,pmm|raw,6,90,1.0702,1.1453,0.86388,0.59958,0.59958,0.48889,0.81111,0.92222,4.076
aotizhongxin,0.01,spikes_r0.01_k6_s0,pmm|raw,7,91,1.0881,1.184,0.89837,0.61877,0.61877,0.48352,0.79121,0.93407,4.1728
aotizhongxin,0.01,spikes_r0.01_k6_s0,pmm|raw,8,90,1.1304,1.2777,0.93882,0.64463,0.64463,0.44444,0.8,0.92222,4.2549
aotizhongxin,0.01,spikes_r0.01_k6_s0,pmm|raw,9,90,1.1184,1.2507,0.95468,0.64298,0.64298,0.4,0.82222,0.94444,4.3298
aotizhongxin,0.01,spikes_r0.01_k6_s0,pmm|raw,10,89,1.1314,1.28,0.97965,0.65294,0.65294,0.37079,0.80899,0.95506,4.3957
aotizhongxin,0.01,spikes_r0.01_k6_s0,pmm|raw,11,90,1.1159,1.2452,0.93376,0.63782,0.63782,0.43333,0.81111,0.94444,4.454
aotizhongxin,0.01,spikes_r0.01_k6_s0,pmm|raw,12,90,1.1262,1.2684,0.94273,0.63921,0.63921,0.44444,0.84444,0.95556,4.5055
aotizhongxin,0.01,spikes_r0.01_k6_s0,pmm|raw,13,91,1.0496,1.1017,0.88434,0.60066,0.60066,0.49451,0.83516,0.97802,4.5526
aotizhongxin,0.01,spikes_r0.01_k6_s0,pmm|raw,14,90,1.0685,1.1417,0.88569,0.60931,0.60931,0.54444,0.83333,0.97778,4.5916
aotizhongxin,0.01,spikes_r0.01_k6_s0,pmm|raw,15,91,1.053,1.1088,0.88306,0.60101,0.60101,0.51648,0.89011,0.96703,4.6287
aotizhongxin,0.01,spikes_r0.01_k6_s0,pmm|raw,16,91,1.0937,1.1961,0.89345,0.61995,0.61995,0.54945,0.84615,0.96703,4.6605
aotizhongxin,0.01,spikes_r0.01_k6_s0,pmm|raw,17,90,1.0428,1.0875,0.84582,0.59027,0.59027,0.52222,0.88889,0.95556,4.6889
aotizhongxin,0.01,spikes_r0.01_k6_s0,pmm|raw,18,90,1.0497,1.1018,0.87062,0.5993,0.5993,0.56667,0.86667,0.96667,4.7141
aotizhongxin,0.01,spikes_r0.01_k6_s0,pmm|raw,19,90,1.0822,1.1712,0.9009,0.62155,0.62155,0.45556,0.83333,0.98889,4.7365
aotizhongxin,0.01,spikes_r0.01_k6_s0,pmm|raw,20,91,1.1325,1.2825,0.94527,0.65052,0.65052,0.45055,0.8022,0.97802,4.7566
aotizhongxin,0.01,spikes_r0.01_k6_s0,pmm|raw,21,90,1.0613,1.1263,0.90883,0.61537,0.61537,0.44444,0.84444,1,4.7744
aotizhongxin,0.01,spikes_r0.01_k6_s0,pmm|raw,22,89,1.1921,1.4212,0.99358,0.68477,0.68477,0.41573,0.80899,0.97753,4.7904
aotizhongxin,0.01,spikes_r0.01_k6_s0,pmm|raw,23,88,1.1696,1.3681,0.9973,0.67663,0.67663,0.44318,0.76136,0.98864,4.8046
aotizhongxin,0.01,spikes_r0.01_k6_s0,pmm|raw,24,90,1.22,1.4885,1.0206,0.6986,0.6986,0.41111,0.81111,0.96667,4.8173
aotizhongxin,0.01,spikes_r0.01_k6_s0,pmm_default|raw,1,90,0.62188,0.38673,0.4425,0.34783,0.34783,0.74444,0.92222,0.96667,3.326
aotizhongxin,0.01,spikes_r0.01_k6_s0,pmm_default|raw,2,89,0.69094,0.4774,0.53251,0.39426,0.39426,0.62921,0.91011,0.97753,3.5105
aotizhongxin,0.01,spikes_r0.01_k6_s0,pmm_default|raw,3,89,0.7934,0.62948,0.63485,0.45058,0.45058,0.58427,0.88764,0.97753,3.6843
aotizhongxin,0.01,spikes_r0.01_k6_s0,pmm_default|raw,4,90,0.90052,0.81094,0.73521,0.51175,0.51175,0.52222,0.84444,0.94444,3.8375
aotizhongxin,0.01,spikes_r0.01_k6_s0,pmm_default|raw,5,88,1.0106,1.0213,0.83651,0.57214,0.57214,0.46591,0.81818,0.93182,3.9652
aotizhongxin,0.01,spikes_r0.01_k6_s0,pmm_default|raw,6,90,1.0702,1.1452,0.86388,0.59958,0.59958,0.48889,0.81111,0.92222,4.0761
aotizhongxin,0.01,spikes_r0.01_k6_s0,pmm_default|raw,7,91,1.0881,1.184,0.89837,0.61877,0.61877,0.48352,0.79121,0.93407,4.1729
aotizhongxin,0.01,spikes_r0.01_k6_s0,pmm_default|raw,8,90,1.1304,1.2777,0.93882,0.64463,0.64463,0.44444,0.8,0.92222,4.2549
aotizhongxin,0.01,spikes_r0.01_k6_s0,pmm_default|raw,9,90,1.1184,1.2507,0.95468,0.64298,0.64298,0.4,0.82222,0.94444,4.3298
aotizhongxin,0.01,spikes_r0.01_k6_s0,pmm_default|raw,10,89,1.1314,1.28,0.97965,0.65293,0.65293,0.37079,0.80899,0.95506,4.3958
aotizhongxin,0.01,spikes_r0.01_k6_s0,pmm_default|raw,11,90,1.1159,1.2452,0.93376,0.63782,0.63782,0.43333,0.81111,0.94444,4.454
aotizhongxin,0.01,spikes_r0.01_k6_s0,pmm_default|raw,12,90,1.1262,1.2684,0.94274,0.63921,0.63921,0.44444,0.84444,0.95556,4.5055
aotizhongxin,0.01,spikes_r0.01_k6_s0,pmm_default|raw,13,91,1.0496,1.1017,0.88435,0.60066,0.60066,0.49451,0.83516,0.97802,4.5527
aotizhongxin,0.01,spikes_r0.01_k6_s0,pmm_default|raw,14,90,1.0685,1.1417,0.88569,0.60931,0.60931,0.54444,0.83333,0.97778,4.5916
aotizhongxin,0.01,spikes_r0.01_k6_s0,pmm_default|raw,15,91,1.053,1.1088,0.88307,0.60101,0.60101,0.51648,0.89011,0.96703,4.6288
aotizhongxin,0.01,spikes_r0.01_k6_s0,pmm_default|raw,16,91,1.0937,1.1961,0.89345,0.61996,0.61996,0.54945,0.84615,0.96703,4.6606
aotizhongxin,0.01,spikes_r0.01_k6_s0,pmm_default|raw,17,90,1.0428,1.0875,0.84583,0.59027,0.59027,0.52222,0.88889,0.95556,4.6889
aotizhongxin,0.01,spikes_r0.01_k6_s0,pmm_default|raw,18,90,1.0497,1.1018,0.87062,0.5993,0.5993,0.56667,0.86667,0.96667,4.7141
aotizhongxin,0.01,spikes_r0.01_k6_s0,pmm_default|raw,19,90,1.0822,1.1712,0.90091,0.62156,0.62156,0.45556,0.83333,0.98889,4.7366
aotizhongxin,0.01,spikes_r0.01_k6_s0,pmm_default|raw,20,91,1.1325,1.2825,0.94527,0.65052,0.65052,0.45055,0.8022,0.97802,4.7566
aotizhongxin,0.01,spikes_r0.01_k6_s0,pmm_default|raw,21,90,1.0613,1.1263,0.90883,0.61537,0.61537,0.44444,0.84444,1,4.7745
aotizhongxin,0.01,spikes_r0.01_k6_s0,pmm_default|raw,22,89,1.1921,1.4212,0.99358,0.68477,0.68477,0.41573,0.80899,0.97753,4.7904
aotizhongxin,0.01,spikes_r0.01_k6_s0,pmm_default|raw,23,88,1.1696,1.3681,0.99729,0.67663,0.67663,0.44318,0.76136,0.98864,4.8046
aotizhongxin,0.01,spikes_r0.01_k6_s0,pmm_default|raw,24,90,1.22,1.4885,1.0206,0.6986,0.6986,0.41111,0.81111,0.96667,4.8173
aotizhongxin,0.01,spikes_r0.01_k6_s1,pmm|raw,1,90,0.53664,0.28799,0.39745,0.31502,0.31502,0.73333,0.94444,0.97778,3.2006
aotizhongxin,0.01,spikes_r0.01_k6_s1,pmm|raw,2,89,0.64493,0.41593,0.49465,0.36956,0.36956,0.67416,0.92135,0.98876,3.3977
aotizhongxin,0.01,spikes_r0.01_k6_s1,pmm|raw,3,89,0.74941,0.56162,0.60069,0.42669,0.42669,0.60674,0.8764,0.98876,3.569
aotizhongxin,0.01,spikes_r0.01_k6_s1,pmm|raw,4,90,0.86319,0.74511,0.70862,0.48991,0.48991,0.53333,0.84444,0.95556,3.7201
aotizhongxin,0.01,spikes_r0.01_k6_s1,pmm|raw,5,88,0.98587,0.97195,0.8201,0.55969,0.55969,0.43182,0.79545,0.94318,3.8459
aotizhongxin,0.01,spikes_r0.01_k6_s1,pmm|raw,6,90,1.0483,1.0989,0.85312,0.59011,0.59011,0.47778,0.8,0.92222,3.9549
aotizhongxin,0.01,spikes_r0.01_k6_s1,pmm|raw,7,91,1.0657,1.1357,0.88327,0.608,0.608,0.46154,0.78022,0.94505,4.0499
aotizhongxin,0.01,spikes_r0.01_k6_s1,pmm|raw,8,90,1.1024,1.2153,0.91099,0.62667,0.62667,0.43333,0.8,0.92222,4.1303
aotizhongxin,0.01,spikes_r0.01_k6_s1,pmm|raw,9,90,1.0903,1.1888,0.9193,0.62414,0.62414,0.43333,0.81111,0.94444,4.2036
aotizhongxin,0.01,spikes_r0.01_k6_s1,pmm|raw,10,89,1.1,1.2101,0.9402,0.63184,0.63184,0.38202,0.8427,0.95506,4.2681
aotizhongxin,0.01,spikes_r0.01_k6_s1,pmm|raw,11,90,1.0841,1.1752,0.90308,0.61809,0.61809,0.43333,0.82222,0.95556,4.325
aotizhongxin,0.01,spikes_r0.01_k6_s1,pmm|raw,12,90,1.1004,1.2109,0.91598,0.6215,0.6215,0.44444,0.84444,0.94444,4.3752
aotizhongxin,0.01,spikes_r0.01_k6_s1,pmm|raw,13,91,1.0246,1.0498,0.86494,0.58513,0.58513,0.51648,0.84615,0.96703,4.4211
aotizhongxin,0.01,spikes_r0.01_k6_s1,pmm|raw,14,90,1.05,1.1024,0.87031,0.59802,0.59802,0.5,0.84444,0.96667,4.459
aotizhongxin,0.01,spikes_r0.01_k6_s1,pmm|raw,15,91,1.0357,1.0726,0.87081,0.59032,0.59032,0.50549,0.87912,0.96703,4.4951
aotizhongxin,0.01,spikes_r0.01_k6_s1,pmm|raw,16,91,1.075,1.1557,0.88087,0.60832,0.60832,0.54945,0.85714,0.95604,4.526
aotizhongxin,0.01,spikes_r0.01_k6_s1,pmm|raw,17,90,1.0298,1.0605,0.83981,0.58179,0.58179,0.5,0.88889,0.95556,4.5535
aotizhongxin,0.01,spikes_r0.01_k6_s1,pmm|raw,18,90,1.0414,1.0845,0.85665,0.59274,0.59274,0.53333,0.85556,0.96667,4.5779
aotizhongxin,0.01,spikes_r0.01_k6_s1,pmm|raw,19,90,1.0654,1.135,0.88843,0.61179,0.61179,0.45556,0.81111,0.98889,4.5996
aotizhongxin,0.01,spikes_r0.01_k6_s1,pmm|raw,20,91,1.1171,1.248,0.9294,0.64064,0.64064,0.48352,0.8022,0.97802,4.6189
aotizhongxin,0.01,spikes_r0.01_k6_s1,pmm|raw,21,90,1.0457,1.0934,0.89436,0.60598,0.60598,0.45556,0.85556,1,4.6361
aotizhongxin,0.01,spikes_r0.01_k6_s1,pmm|raw,22,89,1.1773,1.386,0.9809,0.67713,0.67713,0.42697,0.82022,0.96629,4.6515
aotizhongxin,0.01,spikes_r0.01_k6_s1,pmm|raw,23,88,1.1558,1.3358,0.98583,0.66855,0.66855,0.43182,0.77273,0.98864,4.6652
aotizhongxin,0.01,spikes_r0.01_k6_s1,pmm|raw,24,90,1.202,1.4448,1.0014,0.68766,0.68766,0.42222,0.78889,0.96667,4.6774
aotizhongxin,0.01,spikes_r0.01_k6_s1,pmm_default|raw,1,90,0.53664,0.28798,0.39744,0.31501,0.31501,0.73333,0.94444,0.97778,3.2005
aotizhongxin,0.01,spikes_r0.01_k6_s1,pmm_default|raw,2,89,0.64493,0.41593,0.49465,0.36955,0.36955,0.67416,0.92135,0.98876,3.3976
aotizhongxin,0.01,spikes_r0.01_k6_s1,pmm_default|raw,3,89,0.74941,0.56162,0.60069,0.42669,0.42669,0.60674,0.8764,0.98876,3.5689
aotizhongxin,0.01,spikes_r0.01_k6_s1,pmm_default|raw,4,90,0.86319,0.7451,0.70861,0.48991,0.48991,0.53333,0.84444,0.95556,3.7201
aotizhongxin,0.01,spikes_r0.01_k6_s1,pmm_default|raw,5,88,0.98587,0.97194,0.8201,0.55969,0.55969,0.43182,0.79545,0.94318,3.8459
aotizhongxin,0.01,spikes_r0.01_k6_s1,pmm_default|raw,6,90,1.0483,1.0988,0.85312,0.59011,0.59011,0.47778,0.8,0.92222,3.9549
aotizhongxin,0.01,spikes_r0.01_k6_s1,pmm_default|raw,7,91,1.0657,1.1357,0.88327,0.608,0.608,0.46154,0.78022,0.94505,4.0499
aotizhongxin,0.01,spikes_r0.01_k6_s1,pmm_default|raw,8,90,1.1024,1.2153,0.91099,0.62667,0.62667,0.43333,0.8,0.92222,4.1303
aotizhongxin,0.01,spikes_r0.01_k6_s1,pmm_default|raw,9,90,1.0903,1.1888,0.91929,0.62414,0.62414,0.43333,0.81111,0.94444,4.2036
aotizhongxin,0.01,spikes_r0.01_k6_s1,pmm_default|raw,10,89,1.1,1.2101,0.9402,0.63184,0.63184,0.38202,0.8427,0.95506,4.2681
aotizhongxin,0.01,spikes_r0.01_k6_s1,pmm_default|raw,11,90,1.0841,1.1752,0.90308,0.61809,0.61809,0.43333,0.82222,0.95556,4.325
aotizhongxin,0.01,spikes_r0.01_k6_s1,pmm_default|raw,12,90,1.1004,1.2109,0.91598,0.6215,0.6215,0.44444,0.84444,0.94444,4.3752
aotizhongxin,0.01,spikes_r0.01_k6_s1,pmm_default|raw,13,91,1.0246,1.0498,0.86494,0.58513,0.58513,0.51648,0.84615,0.96703,4.4211
aotizhongxin,0.01,spikes_r0.01_k6_s1,pmm_default|raw,14,90,1.05,1.1024,0.87031,0.59802,0.59802,0.5,0.84444,0.96667,4.4591
aotizhongxin,0.01,spikes_r0.01_k6_s1,pmm_default|raw,15,91,1.0357,1.0726,0.87081,0.59032,0.59032,0.50549,0.87912,0.96703,4.4951
aotizhongxin,0.01,spikes_r0.01_k6_s1,pmm_default|raw,16,91,1.075,1.1557,0.88087,0.60832,0.60832,0.54945,0.85714,0.95604,4.526
aotizhongxin,0.01,spikes_r0.01_k6_s1,pmm_default|raw,17,90,1.0298,1.0605,0.83981,0.58179,0.58179,0.5,0.88889,0.95556,4.5535
aotizhongxin,0.01,spikes_r0.01_k6_s1,pmm_default|raw,18,90,1.0414,1.0845,0.85665,0.59274,0.59274,0.53333,0.85556,0.96667,4.5779
aotizhongxin,0.01,spikes_r0.01_k6_s1,pmm_default|raw,19,90,1.0654,1.135,0.88843,0.61179,0.61179,0.45556,0.81111,0.98889,4.5996
aotizhongxin,0.01,spikes_r0.01_k6_s1,pmm_default|raw,20,91,1.1171,1.248,0.9294,0.64064,0.64064,0.48352,0.8022,0.97802,4.6189
aotizhongxin,0.01,spikes_r0.01_k6_s1,pmm_default|raw,21,90,1.0457,1.0934,0.89436,0.60598,0.60598,0.45556,0.85556,1,4.6362
aotizhongxin,0.01,spikes_r0.01_k6_s1,pmm_default|raw,22,89,1.1773,1.386,0.9809,0.67713,0.67713,0.42697,0.82022,0.96629,4.6515
aotizhongxin,0.01,spikes_r0.01_k6_s1,pmm_default|raw,23,88,1.1558,1.3358,0.98583,0.66855,0.66855,0.43182,0.77273,0.98864,4.6652
aotizhongxin,0.01,spikes_r0.01_k6_s1,pmm_default|raw,24,90,1.202,1.4448,1.0014,0.68766,0.68766,0.42222,0.78889,0.96667,4.6774
aotizhongxin,0.01,spikes_r0.01_k6_s2,pmm|raw,1,90,0.54842,0.30076,0.40101,0.31733,0.31733,0.75556,0.94444,0.96667,3.1849
aotizhongxin,0.01,spikes_r0.01_k6_s2,pmm|raw,2,89,0.64925,0.42152,0.50296,0.37248,0.37248,0.65169,0.91011,0.98876,3.3969
aotizhongxin,0.01,spikes_r0.01_k6_s2,pmm|raw,3,89,0.73882,0.54586,0.58727,0.42152,0.42152,0.59551,0.88764,0.98876,3.579
aotizhongxin,0.01,spikes_r0.01_k6_s2,pmm|raw,4,90,0.84936,0.72141,0.69714,0.48248,0.48248,0.53333,0.86667,0.95556,3.7382
aotizhongxin,0.01,spikes_r0.01_k6_s2,pmm|raw,5,88,0.97197,0.94473,0.80898,0.55109,0.55109,0.44318,0.80682,0.94318,3.8698
aotizhongxin,0.01,spikes_r0.01_k6_s2,pmm|raw,6,90,1.0299,1.0608,0.83879,0.57822,0.57822,0.5,0.82222,0.92222,3.983
aotizhongxin,0.01,spikes_r0.01_k6_s2,pmm|raw,7,91,1.0473,1.0969,0.8707,0.59668,0.59668,0.48352,0.79121,0.94505,4.081
aotizhongxin,0.01,spikes_r0.01_k6_s2,pmm|raw,8,90,1.0903,1.1888,0.90756,0.62004,0.62004,0.43333,0.81111,0.92222,4.1635
aotizhongxin,0.01,spikes_r0.01_k6_s2,pmm|raw,9,90,1.0842,1.1754,0.92501,0.62119,0.62119,0.37778,0.82222,0.94444,4.2381
aotizhongxin,0.01,spikes_r0.01_k6_s2,pmm|raw,10,89,1.0895,1.187,0.93911,0.62649,0.62649,0.34831,0.83146,0.95506,4.3035
aotizhongxin,0.01,spikes_r0.01_k6_s2,pmm|raw,11,90,1.0732,1.1518,0.89593,0.61237,0.61237,0.43333,0.82222,0.95556,4.3607
aotizhongxin,0.01,spikes_r0.01_k6_s2,pmm|raw,12,90,1.0996,1.2092,0.92252,0.62271,0.62271,0.45556,0.84444,0.94444,4.411
aotizhongxin,0.01,spikes_r0.01_k6_s2,pmm|raw,13,91,1.0269,1.0546,0.87634,0.58773,0.58773,0.49451,0.85714,0.97802,4.4566
aotizhongxin,0.01,spikes_r0.01_k6_s2,pmm|raw,14,90,1.0538,1.1105,0.8836,0.60157,0.60157,0.51111,0.83333,0.96667,4.4941
aotizhongxin,0.01,spikes_r0.01_k6_s2,pmm|raw,15,91,1.0445,1.091,0.8798,0.59655,0.59655,0.48352,0.89011,0.96703,4.5296
aotizhongxin,0.01,spikes_r0.01_k6_s2,pmm|raw,16,91,1.0834,1.1738,0.89057,0.61413,0.61413,0.51648,0.84615,0.96703,4.5598
aotizhongxin,0.01,spikes_r0.01_k6_s2,pmm|raw,17,90,1.0328,1.0666,0.84405,0.58414,0.58414,0.51111,0.88889,0.95556,4.5864
aotizhongxin,0.01,spikes_r0.01_k6_s2,pmm|raw,18,90,1.0417,1.0851,0.8632,0.59381,0.59381,0.54444,0.85556,0.96667,4.61
aotizhongxin,0.01,spikes_r0.01_k6_s2,pmm|raw,19,90,1.0689,1.1424,0.90741,0.61543,0.61543,0.42222,0.83333,0.98889,4.6309
aotizhongxin,0.01,spikes_r0.01_k6_s2,pmm|raw,20,91,1.12,1.2543,0.94766,0.64379,0.64379,0.45055,0.82418,0.97802,4.6494
aotizhongxin,0.01,spikes_r0.01_k6_s2,pmm|raw,21,90,1.0461,1.0942,0.90113,0.60697,0.60697,0.43333,0.85556,1,4.6657
aotizhongxin,0.01,spikes_r0.01_k6_s2,pmm|raw,22,89,1.1745,1.3796,0.98357,0.67647,0.67647,0.39326,0.82022,0.96629,4.6802
aotizhongxin,0.01,spikes_r0.01_k6_s2,pmm|raw,23,88,1.1573,1.3392,0.98673,0.66979,0.66979,0.40909,0.77273,0.98864,4.6931
aotizhongxin,0.01,spikes_r0.01_k6_s2,pmm|raw,24,90,1.2083,1.46,1.0168,0.69255,0.69255,0.4,0.78889,0.96667,4.7045
aotizhongxin,0.01,spikes_r0.01_k6_s2,pmm_default|raw,1,90,0.54842,0.30076,0.40101,0.31733,0.31733,0.75556,0.94444,0.96667,3.185
aotizhongxin,0.01,spikes_r0.01_k6_s2,pmm_default|raw,2,89,0.64925,0.42152,0.50296,0.37248,0.37248,0.65169,0.91011,0.98876,3.3969
aotizhongxin,0.01,spikes_r0.01_k6_s2,pmm_default|raw,3,89,0.73882,0.54586,0.58727,0.42152,0.42152,0.59551,0.88764,0.98876,3.579
aotizhongxin,0.01,spikes_r0.01_k6_s2,pmm_default|raw,4,90,0.84936,0.7214,0.69714,0.48248,0.48248,0.53333,0.86667,0.95556,3.7382
aotizhongxin,0.01,spikes_r0.01_k6_s2,pmm_default|raw,5,88,0.97197,0.94473,0.80898,0.55108,0.55108,0.44318,0.80682,0.94318,3.8698
aotizhongxin,0.01,spikes_r0.01_k6_s2,pmm_default|raw,6,90,1.0299,1.0608,0.83879,0.57822,0.57822,0.5,0.82222,0.92222,3.983
aotizhongxin,0.01,spikes_r0.01_k6_s2,pmm_default|raw,7,91,1.0473,1.0969,0.8707,0.59668,0.59668,0.48352,0.79121,0.94505,4.081
aotizhongxin,0.01,spikes_r0.01_k6_s2,pmm_default|raw,8,90,1.0903,1.1888,0.90756,0.62004,0.62004,0.43333,0.81111,0.92222,4.1635
aotizhongxin,0.01,spikes_r0.01_k6_s2,pmm_default|raw,9,90,1.0842,1.1754,0.92501,0.62119,0.62119,0.37778,0.82222,0.94444,4.2382
aotizhongxin,0.01,spikes_r0.01_k6_s2,pmm_default|raw,10,89,1.0895,1.187,0.93911,0.62649,0.62649,0.34831,0.83146,0.95506,4.3035
aotizhongxin,0.01,spikes_r0.01_k6_s2,pmm_default|raw,11,90,1.0732,1.1518,0.89593,0.61237,0.61237,0.43333,0.82222,0.95556,4.3607
aotizhongxin,0.01,spikes_r0.01_k6_s2,pmm_default|raw,12,90,1.0996,1.2092,0.92252,0.62271,0.62271,0.45556,0.84444,0.94444,4.411
aotizhongxin,0.01,spikes_r0.01_k6_s2,pmm_default|raw,13,91,1.0269,1.0546,0.87634,0.58773,0.58773,0.49451,0.85714,0.97802,4.4566
aotizhongxin,0.01,spikes_r0.01_k6_s2,pmm_default|raw,14,90,1.0538,1.1105,0.8836,0.60157,0.60157,0.51111,0.83333,0.96667,4.4941
aotizhongxin,0.01,spikes_r0.01_k6_s2,pmm_default|raw,15,91,1.0445,1.091,0.8798,0.59655,0.59655,0.48352,0.89011,0.96703,4.5296
aotizhongxin,0.01,spikes_r0.01_k6_s2,pmm_default|raw,16,91,1.0834,1.1738,0.89057,0.61413,0.61413,0.51648,0.84615,0.96703,4.5598
aotizhongxin,0.01,spikes_r0.01_k6_s2,pmm_default|raw,17,90,1.0328,1.0666,0.84405,0.58414,0.58414,0.51111,0.88889,0.95556,4.5865
aotizhongxin,0.01,spikes_r0.01_k6_s2,pmm_default|raw,18,90,1.0417,1.0851,0.8632,0.59381,0.59381,0.54444,0.85556,0.96667,4.61
aotizhongxin,0.01,spikes_r0.01_k6_s2,pmm_default|raw,19,90,1.0689,1.1424,0.90741,0.61543,0.61543,0.42222,0.83333,0.98889,4.6309
aotizhongxin,0.01,spikes_r0.01_k6_s2,pmm_default|raw,20,91,1.12,1.2543,0.94766,0.64379,0.64379,0.45055,0.82418,0.97802,4.6494
aotizhongxin,0.01,spikes_r0.01_k6_s2,pmm_default|raw,21,90,1.0461,1.0942,0.90113,0.60697,0.60697,0.43333,0.85556,1,4.6657
aotizhongxin,0.01,spikes_r0.01_k6_s2,pmm_default|raw,22,89,1.1746,1.3796,0.98357,0.67647,0.67647,0.39326,0.82022,0.96629,4.6802
aotizhongxin,0.01,spikes_r0.01_k6_s2,pmm_default|raw,23,88,1.1573,1.3392,0.98673,0.66979,0.66979,0.40909,0.77273,0.98864,4.6931
aotizhongxin,0.01,spikes_r0.01_k6_s2,pmm_default|raw,24,90,1.2083,1.46,1.0168,0.69255,0.69255,0.4,0.78889,0.96667,4.7045
aotizhongxin,0.05,spikes_r0.05_k6_s0,pmm|raw,1,90,0.74069,0.54862,0.55079,0.49626,0.49626,0.84444,0.97778,1,6.136
aotizhongxin,0.05,spikes_r0.05_k6_s0,pmm|raw,2,89,0.69487,0.48284,0.52055,0.48473,0.48473,0.86517,1,1,6.1895
aotizhongxin,0.05,spikes_r0.05_k6_s0,pmm|raw,3,89,0.74622,0.55685,0.57119,0.50497,0.50497,0.8427,1,1,6.2667
aotizhongxin,0.05,spikes_r0.05_k6_s0,pmm|raw,4,90,0.82744,0.68466,0.65524,0.53711,0.53711,0.81111,0.98889,1,6.3364
aotizhongxin,0.05,spikes_r0.05_k6_s0,pmm|raw,5,88,0.94356,0.89031,0.72592,0.58179,0.58179,0.77273,0.94318,1,6.3962
aotizhongxin,0.05,spikes_r0.05_k6_s0,pmm|raw,6,90,1.02,1.0404,0.75663,0.60942,0.60942,0.8,0.92222,1,6.4494
aotizhongxin,0.05,spikes_r0.05_k6_s0,pmm|raw,7,91,1.0697,1.1443,0.82739,0.63553,0.63553,0.75824,0.92308,1,6.4969
aotizhongxin,0.05,spikes_r0.05_k6_s0,pmm|raw,8,90,1.1216,1.258,0.86078,0.66,0.66,0.72222,0.91111,1,6.5379
aotizhongxin,0.05,spikes_r0.05_k6_s0,pmm|raw,9,90,1.1088,1.2295,0.87213,0.65636,0.65636,0.72222,0.92222,1,6.576
aotizhongxin,0.05,spikes_r0.05_k6_s0,pmm|raw,10,89,1.1201,1.2546,0.90033,0.66556,0.66556,0.68539,0.94382,1,6.6101
aotizhongxin,0.05,spikes_r0.05_k6_s0,pmm|raw,11,90,1.1311,1.2794,0.90381,0.67028,0.67028,0.67778,0.94444,1,6.6406
aotizhongxin,0.05,spikes_r0.05_k6_s0,pmm|raw,12,90,1.1717,1.3729,0.93572,0.68723,0.68723,0.68889,0.94444,0.98889,6.6679
aotizhongxin,0.05,spikes_r0.05_k6_s0,pmm|raw,13,91,1.1041,1.219,0.88846,0.65992,0.65992,0.69231,0.94505,1,6.6931
aotizhongxin,0.05,spikes_r0.05_k6_s0,pmm|raw,14,90,1.1519,1.327,0.92736,0.68087,0.68087,0.7,0.92222,1,6.7142
aotizhongxin,0.05,spikes_r0.05_k6_s0,pmm|raw,15,91,1.146,1.3133,0.91559,0.67847,0.67847,0.69231,0.91209,1,6.7345
aotizhongxin,0.05,spikes_r0.05_k6_s0,pmm|raw,16,91,1.1768,1.3849,0.92881,0.69133,0.69133,0.71429,0.9011,1,6.7521
aotizhongxin,0.05,spikes_r0.05_k6_s0,pmm|raw,17,90,1.1245,1.2645,0.90008,0.66767,0.66767,0.73333,0.94444,1,6.7678
aotizhongxin,0.05,spikes_r0.05_k6_s0,pmm|raw,18,90,1.1287,1.2739,0.90456,0.67178,0.67178,0.72222,0.95556,1,6.7819
aotizhongxin,0.05,spikes_r0.05_k6_s0,pmm|raw,19,90,1.1637,1.3541,0.9556,0.69177,0.69177,0.66667,0.95556,1,6.7946
aotizhongxin,0.05,spikes_r0.05_k6_s0,pmm|raw,20,91,1.2207,1.49,0.99011,0.71768,0.71768,0.62637,0.94505,1,6.806
aotizhongxin,0.05,spikes_r0.05_k6_s0,pmm|raw,21,90,1.1418,1.3037,0.95569,0.68489,0.68489,0.63333,1,1,6.8162
aotizhongxin,0.05,spikes_r0.05_k6_s0,pmm|raw,22,89,1.2843,1.6495,1.0509,0.75008,0.75008,0.59551,0.94382,1,6.8254
aotizhongxin,0.05,spikes_r0.05_k6_s0,pmm|raw,23,88,1.2451,1.5504,1.0235,0.73237,0.73237,0.60227,0.96591,1,6.8336
aotizhongxin,0.05,spikes_r0.05_k6_s0,pmm|raw,24,90,1.2886,1.6605,1.0315,0.74867,0.74867,0.64444,0.92222,1,6.841
aotizhongxin,0.05,spikes_r0.05_k6_s0,pmm_default|raw,1,90,0.74069,0.54862,0.55079,0.49626,0.49626,0.84444,0.97778,1,6.136
aotizhongxin,0.05,spikes_r0.05_k6_s0,pmm_default|raw,2,89,0.69487,0.48284,0.52055,0.48473,0.48473,0.86517,1,1,6.1895
aotizhongxin,0.05,spikes_r0.05_k6_s0,pmm_default|raw,3,89,0.74622,0.55685,0.57119,0.50497,0.50497,0.8427,1,1,6.2667
aotizhongxin,0.05,spikes_r0.05_k6_s0,pmm_default|raw,4,90,0.82744,0.68466,0.65524,0.53711,0.53711,0.81111,0.98889,1,6.3364
aotizhongxin,0.05,spikes_r0.05_k6_s0,pmm_default|raw,5,88,0.94356,0.89031,0.72592,0.58179,0.58179,0.77273,0.94318,1,6.3962
aotizhongxin,0.05,spikes_r0.05_k6_s0,pmm_default|raw,6,90,1.02,1.0404,0.75663,0.60942,0.60942,0.8,0.92222,1,6.4494
aotizhongxin,0.05,spikes_r0.05_k6_s0,pmm_default|raw,7,91,1.0697,1.1443,0.82739,0.63553,0.63553,0.75824,0.92308,1,6.4969
aotizhongxin,0.05,spikes_r0.05_k6_s0,pmm_default|raw,8,90,1.1216,1.258,0.86078,0.66,0.66,0.72222,0.91111,1,6.5379
aotizhongxin,0.05,spikes_r0.05_k6_s0,pmm_default|raw,9,90,1.1088,1.2295,0.87213,0.65636,0.65636,0.72222,0.92222,1,6.576
aotizhongxin,0.05,spikes_r0.05_k6_s0,pmm_default|raw,10,89,1.1201,1.2546,0.90033,0.66556,0.66556,0.68539,0.94382,1,6.6101
aotizhongxin,0.05,spikes_r0.05_k6_s0,pmm_default|raw,11,90,1.1311,1.2794,0.90381,0.67028,0.67028,0.67778,0.94444,1,6.6406
aotizhongxin,0.05,spikes_r0.05_k6_s0,pmm_default|raw,12,90,1.1717,1.3729,0.93572,0.68723,0.68723,0.68889,0.94444,0.98889,6.6679
aotizhongxin,0.05,spikes_r0.05_k6_s0,pmm_default|raw,13,91,1.1041,1.219,0.88846,0.65992,0.65992,0.69231,0.94505,1,6.6931
aotizhongxin,0.05,spikes_r0.05_k6_s0,pmm_default|raw,14,90,1.1519,1.327,0.92736,0.68087,0.68087,0.7,0.92222,1,6.7142
aotizhongxin,0.05,spikes_r0.05_k6_s0,pmm_default|raw,15,91,1.146,1.3133,0.91559,0.67847,0.67847,0.69231,0.91209,1,6.7345
aotizhongxin,0.05,spikes_r0.05_k6_s0,pmm_default|raw,16,91,1.1768,1.3849,0.92881,0.69133,0.69133,0.71429,0.9011,1,6.7521
aotizhongxin,0.05,spikes_r0.05_k6_s0,pmm_default|raw,17,90,1.1245,1.2645,0.90008,0.66767,0.66767,0.73333,0.94444,1,6.7678
aotizhongxin,0.05,spikes_r0.05_k6_s0,pmm_default|raw,18,90,1.1287,1.2739,0.90456,0.67178,0.67178,0.72222,0.95556,1,6.7819
aotizhongxin,0.05,spikes_r0.05_k6_s0,pmm_default|raw,19,90,1.1637,1.3541,0.9556,0.69177,0.69177,0.66667,0.95556,1,6.7946
aotizhongxin,0.05,spikes_r0.05_k6_s0,pmm_default|raw,20,91,1.2207,1.49,0.99011,0.71768,0.71768,0.62637,0.94505,1,6.806
aotizhongxin,0.05,spikes_r0.05_k6_s0,pmm_default|raw,21,90,1.1418,1.3037,0.95569,0.68489,0.68489,0.63333,1,1,6.8162
aotizhongxin,0.05,spikes_r0.05_k6_s0,pmm_default|raw,22,89,1.2843,1.6495,1.0509,0.75008,0.75008,0.59551,0.94382,1,6.8254
aotizhongxin,0.05,spikes_r0.05_k6_s0,pmm_default|raw,23,88,1.2451,1.5504,1.0235,0.73237,0.73237,0.60227,0.96591,1,6.8336
aotizhongxin,0.05,spikes_r0.05_k6_s0,pmm_default|raw,24,90,1.2886,1.6605,1.0315,0.74867,0.74867,0.64444,0.92222,1,6.841
aotizhongxin,0.05,spikes_r0.05_k6_s1,pmm|raw,1,90,0.77693,0.60362,0.58329,0.51314,0.51314,0.87778,0.95556,1,6.2707
aotizhongxin,0.05,spikes_r0.05_k6_s1,pmm|raw,2,89,0.72545,0.52628,0.56134,0.49966,0.49966,0.91011,0.98876,1,6.3239
aotizhongxin,0.05,spikes_r0.05_k6_s1,pmm|raw,3,89,0.75986,0.57739,0.58416,0.51353,0.51353,0.8764,0.97753,1,6.3995
aotizhongxin,0.05,spikes_r0.05_k6_s1,pmm|raw,4,90,0.84164,0.70836,0.67063,0.54562,0.54562,0.83333,0.97778,1,6.4676
aotizhongxin,0.05,spikes_r0.05_k6_s1,pmm|raw,5,88,0.93568,0.8755,0.72832,0.58063,0.58063,0.80682,0.95455,1,6.5259
aotizhongxin,0.05,spikes_r0.05_k6_s1,pmm|raw,6,90,1.0025,1.0051,0.75894,0.60469,0.60469,0.83333,0.93333,0.98889,6.5777
aotizhongxin,0.05,spikes_r0.05_k6_s1,pmm|raw,7,91,1.0696,1.1441,0.80856,0.63521,0.63521,0.78022,0.92308,0.98901,6.6238
aotizhongxin,0.05,spikes_r0.05_k6_s1,pmm|raw,8,90,1.1145,1.242,0.85392,0.65698,0.65698,0.76667,0.92222,0.98889,6.6634
aotizhongxin,0.05,spikes_r0.05_k6_s1,pmm|raw,9,90,1.0948,1.1986,0.86684,0.6518,0.6518,0.76667,0.92222,0.98889,6.7002
aotizhongxin,0.05,spikes_r0.05_k6_s1,pmm|raw,10,89,1.0949,1.1989,0.88112,0.65536,0.65536,0.75281,0.93258,1,6.7329
aotizhongxin,0.05,spikes_r0.05_k6_s1,pmm|raw,11,90,1.1091,1.2302,0.88173,0.66144,0.66144,0.78889,0.92222,1,6.7622
aotizhongxin,0.05,spikes_r0.05_k6_s1,pmm|raw,12,90,1.1583,1.3417,0.91058,0.6817,0.6817,0.73333,0.92222,0.98889,6.7882
aotizhongxin,0.05,spikes_r0.05_k6_s1,pmm|raw,13,91,1.0856,1.1786,0.86623,0.65378,0.65378,0.75824,0.94505,1,6.8123
aotizhongxin,0.05,spikes_r0.05_k6_s1,pmm|raw,14,90,1.129,1.2746,0.89733,0.67321,0.67321,0.73333,0.94444,1,6.8324
aotizhongxin,0.05,spikes_r0.05_k6_s1,pmm|raw,15,91,1.1193,1.2528,0.88364,0.66812,0.66812,0.74725,0.93407,1,6.8516
aotizhongxin,0.05,spikes_r0.05_k6_s1,pmm|raw,16,91,1.1599,1.3453,0.88248,0.68359,0.68359,0.75824,0.9011,1,6.8682
aotizhongxin,0.05,spikes_r0.05_k6_s1,pmm|raw,17,90,1.1072,1.2258,0.8453,0.66038,0.66038,0.74444,0.95556,1,6.883
aotizhongxin,0.05,spikes_r0.05_k6_s1,pmm|raw,18,90,1.1129,1.2386,0.86599,0.66578,0.66578,0.74444,0.94444,1,6.8963
aotizhongxin,0.05,spikes_r0.05_k6_s1,pmm|raw,19,90,1.1505,1.3236,0.93446,0.68767,0.68767,0.71111,0.97778,1,6.9081
aotizhongxin,0.05,spikes_r0.05_k6_s1,pmm|raw,20,91,1.2114,1.4676,0.98327,0.71405,0.71405,0.68132,0.94505,1,6.9188
aotizhongxin,0.05,spikes_r0.05_k6_s1,pmm|raw,21,90,1.1351,1.2885,0.94184,0.68398,0.68398,0.71111,0.98889,1,6.9283
aotizhongxin,0.05,spikes_r0.05_k6_s1,pmm|raw,22,89,1.2678,1.6072,1.027,0.74262,0.74262,0.64045,0.93258,1,6.9368
aotizhongxin,0.05,spikes_r0.05_k6_s1,pmm|raw,23,88,1.2262,1.5036,1.0026,0.72415,0.72415,0.61364,0.96591,1,6.9444
aotizhongxin,0.05,spikes_r0.05_k6_s1,pmm|raw,24,90,1.275,1.6257,1.0145,0.74283,0.74283,0.63333,0.92222,1,6.9512
aotizhongxin,0.05,spikes_r0.05_k6_s1,pmm_default|raw,1,90,0.77693,0.60362,0.58329,0.51314,0.51314,0.87778,0.95556,1,6.2707
aotizhongxin,0.05,spikes_r0.05_k6_s1,pmm_default|raw,2,89,0.72545,0.52628,0.56134,0.49966,0.49966,0.91011,0.98876,1,6.3239
aotizhongxin,0.05,spikes_r0.05_k6_s1,pmm_default|raw,3,89,0.75986,0.57739,0.58416,0.51353,0.51353,0.8764,0.97753,1,6.3995
aotizhongxin,0.05,spikes_r0.05_k6_s1,pmm_default|raw,4,90,0.84164,0.70836,0.67063,0.54562,0.54562,0.83333,0.97778,1,6.4676
aotizhongxin,0.05,spikes_r0.05_k6_s1,pmm_default|raw,5,88,0.93568,0.8755,0.72832,0.58063,0.58063,0.80682,0.95455,1,6.5259
aotizhongxin,0.05,spikes_r0.05_k6_s1,pmm_default|raw,6,90,1.0025,1.0051,0.75894,0.60469,0.60469,0.83333,0.93333,0.98889,6.5777
aotizhongxin,0.05,spikes_r0.05_k6_s1,pmm_default|raw,7,91,1.0696,1.1441,0.80856,0.63521,0.63521,0.78022,0.92308,0.98901,6.6238
aotizhongxin,0.05,spikes_r0.05_k6_s1,pmm_default|raw,8,90,1.1145,1.242,0.85392,0.65698,0.65698,0.76667,0.92222,0.98889,6.6634
aotizhongxin,0.05,spikes_r0.05_k6_s1,pmm_default|raw,9,90,1.0948,1.1986,0.86684,0.6518,0.6518,0.76667,0.92222,0.98889,6.7002
aotizhongxin,0.05,spikes_r0.05_k6_s1,pmm_default|raw,10,89,1.0949,1.1989,0.88112,0.65536,0.65536,0.75281,0.93258,1,6.7329
aotizhongxin,0.05,spikes_r0.05_k6_s1,pmm_default|raw,11,90,1.1091,1.2302,0.88173,0.66144,0.66144,0.78889,0.92222,1,6.7622
aotizhongxin,0.05,spikes_r0.05_k6_s1,pmm_default|raw,12,90,1.1583,1.3417,0.91058,0.6817,0.6817,0.73333,0.92222,0.98889,6.7882
aotizhongxin,0.05,spikes_r0.05_k6_s1,pmm_default|raw,13,91,1.0856,1.1786,0.86623,0.65378,0.65378,0.75824,0.94505,1,6.8123
aotizhongxin,0.05,spikes_r0.05_k6_s1,pmm_default|raw,14,90,1.129,1.2746,0.89733,0.67321,0.67321,0.73333,0.94444,1,6.8324
aotizhongxin,0.05,spikes_r0.05_k6_s1,pmm_default|raw,15,91,1.1193,1.2528,0.88364,0.66812,0.66812,0.74725,0.93407,1,6.8516
aotizhongxin,0.05,spikes_r0.05_k6_s1,pmm_default|raw,16,91,1.1599,1.3453,0.88248,0.68359,0.68359,0.75824,0.9011,1,6.8682
aotizhongxin,0.05,spikes_r0.05_k6_s1,pmm_default|raw,17,90,1.1072,1.2258,0.8453,0.66038,0.66038,0.74444,0.95556,1,6.883
aotizhongxin,0.05,spikes_r0.05_k6_s1,pmm_default|raw,18,90,1.1129,1.2386,0.86599,0.66578,0.66578,0.74444,0.94444,1,6.8963
aotizhongxin,0.05,spikes_r0.05_k6_s1,pmm_default|raw,19,90,1.1505,1.3236,0.93446,0.68767,0.68767,0.71111,0.97778,1,6.9081
aotizhongxin,0.05,spikes_r0.05_k6_s1,pmm_default|raw,20,91,1.2114,1.4676,0.98327,0.71405,0.71405,0.68132,0.94505,1,6.9188
aotizhongxin,0.05,spikes_r0.05_k6_s1,pmm_default|raw,21,90,1.1351,1.2885,0.94184,0.68398,0.68398,0.71111,0.98889,1,6.9283
aotizhongxin,0.05,spikes_r0.05_k6_s1,pmm_default|raw,22,89,1.2678,1.6072,1.027,0.74262,0.74262,0.64045,0.93258,1,6.9368
aotizhongxin,0.05,spikes_r0.05_k6_s1,pmm_default|raw,23,88,1.2262,1.5036,1.0026,0.72415,0.72415,0.61364,0.96591,1,6.9444
aotizhongxin,0.05,spikes_r0.05_k6_s1,pmm_default|raw,24,90,1.275,1.6257,1.0145,0.74283,0.74283,0.63333,0.92222,1,6.9512
aotizhongxin,0.05,spikes_r0.05_k6_s2,pmm|raw,1,90,0.7825,0.61231,0.55225,0.51522,0.51522,0.86667,0.98889,1,6.3219
aotizhongxin,0.05,spikes_r0.05_k6_s2,pmm|raw,2,89,0.7342,0.53905,0.55748,0.5048,0.5048,0.8764,0.98876,1,6.3714
aotizhongxin,0.05,spikes_r0.05_k6_s2,pmm|raw,3,89,0.78934,0.62306,0.6091,0.52728,0.52728,0.83146,1,1,6.4568
aotizhongxin,0.05,spikes_r0.05_k6_s2,pmm|raw,4,90,0.86861,0.75448,0.69794,0.55967,0.55967,0.78889,1,1,6.5313
aotizhongxin,0.05,spikes_r0.05_k6_s2,pmm|raw,5,88,0.98572,0.97165,0.77896,0.60469,0.60469,0.77273,0.97727,1,6.5944
aotizhongxin,0.05,spikes_r0.05_k6_s2,pmm|raw,6,90,1.0469,1.096,0.78914,0.6261,0.6261,0.8,0.93333,1,6.6497
aotizhongxin,0.05,spikes_r0.05_k6_s2,pmm|raw,7,91,1.1044,1.2196,0.86105,0.65588,0.65588,0.74725,0.93407,1,6.6984
aotizhongxin,0.05,spikes_r0.05_k6_s2,pmm|raw,8,90,1.1689,1.3664,0.9211,0.68696,0.68696,0.71111,0.91111,1,6.7398
aotizhongxin,0.05,spikes_r0.05_k6_s2,pmm|raw,9,90,1.1475,1.3167,0.93158,0.68082,0.68082,0.73333,0.93333,1,6.7777
aotizhongxin,0.05,spikes_r0.05_k6_s2,pmm|raw,10,89,1.1591,1.3436,0.9435,0.6887,0.6887,0.68539,0.93258,1,6.8111
aotizhongxin,0.05,spikes_r0.05_k6_s2,pmm|raw,11,90,1.1546,1.333,0.93026,0.68595,0.68595,0.72222,0.94444,1,6.8405
aotizhongxin,0.05,spikes_r0.05_k6_s2,pmm|raw,12,90,1.194,1.4257,0.94952,0.70095,0.70095,0.74444,0.93333,0.98889,6.8665
aotizhongxin,0.05,spikes_r0.05_k6_s2,pmm|raw,13,91,1.1233,1.2618,0.89199,0.67255,0.67255,0.72527,0.94505,1,6.8902
aotizhongxin,0.05,spikes_r0.05_k6_s2,pmm|raw,14,90,1.1625,1.3513,0.91762,0.6889,0.6889,0.72222,0.93333,1,6.9097
aotizhongxin,0.05,spikes_r0.05_k6_s2,pmm|raw,15,91,1.1431,1.3067,0.90969,0.68167,0.68167,0.73626,0.93407,1,6.9282
aotizhongxin,0.05,spikes_r0.05_k6_s2,pmm|raw,16,91,1.1763,1.3838,0.92202,0.69492,0.69492,0.72527,0.92308,1,6.9439
aotizhongxin,0.05,spikes_r0.05_k6_s2,pmm|raw,17,90,1.132,1.2815,0.90401,0.67537,0.67537,0.74444,0.95556,1,6.9579
aotizhongxin,0.05,spikes_r0.05_k6_s2,pmm|raw,18,90,1.1395,1.2985,0.91171,0.68087,0.68087,0.73333,0.94444,1,6.9702
aotizhongxin,0.05,spikes_r0.05_k6_s2,pmm|raw,19,90,1.1739,1.378,0.96029,0.70083,0.70083,0.67778,0.96667,1,6.9811
aotizhongxin,0.05,spikes_r0.05_k6_s2,pmm|raw,20,91,1.2339,1.5225,0.9972,0.727,0.727,0.63736,0.94505,1,6.9907
aotizhongxin,0.05,spikes_r0.05_k6_s2,pmm|raw,21,90,1.1493,1.3208,0.96022,0.69265,0.69265,0.66667,0.98889,1,6.9992
aotizhongxin,0.05,spikes_r0.05_k6_s2,pmm|raw,22,89,1.2876,1.6579,1.0477,0.75467,0.75467,0.59551,0.93258,1,7.0068
aotizhongxin,0.05,spikes_r0.05_k6_s2,pmm|raw,23,88,1.2477,1.5567,1.0325,0.73757,0.73757,0.59091,0.96591,1,7.0134
aotizhongxin,0.05,spikes_r0.05_k6_s2,pmm|raw,24,90,1.294,1.6745,1.0306,0.75468,0.75468,0.6,0.93333,1,7.0193
aotizhongxin,0.05,spikes_r0.05_k6_s2,pmm_default|raw,1,90,0.7825,0.61231,0.55225,0.51522,0.51522,0.86667,0.98889,1,6.3219
aotizhongxin,0.05,spikes_r0.05_k6_s2,pmm_default|raw,2,89,0.7342,0.53905,0.55748,0.5048,0.5048,0.8764,0.98876,1,6.3714
aotizhongxin,0.05,spikes_r0.05_k6_s2,pmm_default|raw,3,89,0.78934,0.62306,0.6091,0.52728,0.52728,0.83146,1,1,6.4568
aotizhongxin,0.05,spikes_r0.05_k6_s2,pmm_default|raw,4,90,0.86861,0.75448,0.69794,0.55967,0.55967,0.78889,1,1,6.5313
aotizhongxin,0.05,spikes_r0.05_k6_s2,pmm_default|raw,5,88,0.98572,0.97165,0.77896,0.60469,0.60469,0.77273,0.97727,1,6.5944
aotizhongxin,0.05,spikes_r0.05_k6_s2,pmm_default|raw,6,90,1.0469,1.096,0.78914,0.6261,0.6261,0.8,0.93333,1,6.6497
aotizhongxin,0.05,spikes_r0.05_k6_s2,pmm_default|raw,7,91,1.1044,1.2196,0.86105,0.65588,0.65588,0.74725,0.93407,1,6.6984
aotizhongxin,0.05,spikes_r0.05_k6_s2,pmm_default|raw,8,90,1.1689,1.3664,0.9211,0.68696,0.68696,0.71111,0.91111,1,6.7398
aotizhongxin,0.05,spikes_r0.05_k6_s2,pmm_default|raw,9,90,1.1475,1.3167,0.93158,0.68082,0.68082,0.73333,0.93333,1,6.7777
aotizhongxin,0.05,spikes_r0.05_k6_s2,pmm_default|raw,10,89,1.1591,1.3436,0.9435,0.6887,0.6887,0.68539,0.93258,1,6.8111
aotizhongxin,0.05,spikes_r0.05_k6_s2,pmm_default|raw,11,90,1.1546,1.333,0.93026,0.68595,0.68595,0.72222,0.94444,1,6.8405
aotizhongxin,0.05,spikes_r0.05_k6_s2,pmm_default|raw,12,90,1.194,1.4257,0.94952,0.70095,0.70095,0.74444,0.93333,0.98889,6.8665
aotizhongxin,0.05,spikes_r0.05_k6_s2,pmm_default|raw,13,91,1.1233,1.2618,0.89199,0.67255,0.67255,0.72527,0.94505,1,6.8902
aotizhongxin,0.05,spikes_r0.05_k6_s2,pmm_default|raw,14,90,1.1625,1.3513,0.91762,0.6889,0.6889,0.72222,0.93333,1,6.9097
aotizhongxin,0.05,spikes_r0.05_k6_s2,pmm_default|raw,15,91,1.1431,1.3067,0.90969,0.68167,0.68167,0.73626,0.93407,1,6.9282
aotizhongxin,0.05,spikes_r0.05_k6_s2,pmm_default|raw,16,91,1.1763,1.3838,0.92202,0.69492,0.69492,0.72527,0.92308,1,6.9439
aotizhongxin,0.05,spikes_r0.05_k6_s2,pmm_default|raw,17,90,1.132,1.2815,0.90401,0.67537,0.67537,0.74444,0.95556,1,6.9579
aotizhongxin,0.05,spikes_r0.05_k6_s2,pmm_default|raw,18,90,1.1395,1.2985,0.91171,0.68087,0.68087,0.73333,0.94444,1,6.9702
aotizhongxin,0.05,spikes_r0.05_k6_s2,pmm_default|raw,19,90,1.1739,1.378,0.96029,0.70083,0.70083,0.67778,0.96667,1,6.9811
aotizhongxin,0.05,spikes_r0.05_k6_s2,pmm_default|raw,20,91,1.2339,1.5225,0.9972,0.727,0.727,0.63736,0.94505,1,6.9907
aotizhongxin,0.05,spikes_r0.05_k6_s2,pmm_default|raw,21,90,1.1493,1.3208,0.96022,0.69265,0.69265,0.66667,0.98889,1,6.9992
aotizhongxin,0.05,spikes_r0.05_k6_s2,pmm_default|raw,22,89,1.2876,1.6579,1.0477,0.75467,0.75467,0.59551,0.93258,1,7.0068
aotizhongxin,0.05,spikes_r0.05_k6_s2,pmm_default|raw,23,88,1.2477,1.5567,1.0325,0.73757,0.73757,0.59091,0.96591,1,7.0134
aotizhongxin,0.05,spikes_r0.05_k6_s2,pmm_default|raw,24,90,1.294,1.6745,1.0306,0.75468,0.75468,0.6,0.93333,1,7.0193
aotizhongxin,0.01,spikes_r0.01_k6_s0,pmc_pair_K3|raw+gate,1,90,0.38323,0.14687,0.2539,0.19708,0.24681,0.45556,0.72222,0.94444,1.5041
aotizhongxin,0.01,spikes_r0.01_k6_s0,pmc_pair_K3|raw+gate,2,89,0.57945,0.33577,0.3873,0.31262,0.32928,0.40449,0.7191,0.93258,2.0067
aotizhongxin,0.01,spikes_r0.01_k6_s0,pmc_pair_K3|raw+gate,3,89,0.69322,0.48055,0.49003,0.37946,0.38731,0.38202,0.66292,0.91011,2.3503
aotizhongxin,0.01,spikes_r0.01_k6_s0,pmc_pair_K3|raw+gate,4,90,0.82482,0.68034,0.60406,0.45834,0.45468,0.36667,0.62222,0.88889,2.6071
aotizhongxin,0.01,spikes_r0.01_k6_s0,pmc_pair_K3|raw+gate,5,88,0.92911,0.86325,0.7142,0.52508,0.51135,0.25,0.59091,0.89773,2.8196
aotizhongxin,0.01,spikes_r0.01_k6_s0,pmc_pair_K3|raw+gate,6,90,1.014,1.0283,0.77278,0.56879,0.55544,0.24444,0.54444,0.87778,2.988
aotizhongxin,0.01,spikes_r0.01_k6_s0,pmc_pair_K3|raw+gate,7,91,1.0228,1.0461,0.81027,0.59084,0.57378,0.26374,0.53846,0.87912,3.1334
aotizhongxin,0.01,spikes_r0.01_k6_s0,pmc_pair_K3|raw+gate,8,90,1.0691,1.143,0.85183,0.61503,0.59665,0.25556,0.56667,0.91111,3.2603
aotizhongxin,0.01,spikes_r0.01_k6_s0,pmc_pair_K3|raw+gate,9,90,1.0669,1.1382,0.85698,0.6122,0.59751,0.27778,0.58889,0.93333,3.3664
aotizhongxin,0.01,spikes_r0.01_k6_s0,pmc_pair_K3|raw+gate,10,89,1.0783,1.1628,0.8742,0.61775,0.60451,0.25843,0.61798,0.92135,3.4668
aotizhongxin,0.01,spikes_r0.01_k6_s0,pmc_pair_K3|raw+gate,11,90,1.0641,1.1322,0.82671,0.59637,0.59157,0.35556,0.65556,0.94444,3.54
aotizhongxin,0.01,spikes_r0.01_k6_s0,pmc_pair_K3|raw+gate,12,90,1.0796,1.1656,0.83955,0.59274,0.5937,0.36667,0.67778,0.94444,3.6102
aotizhongxin,0.01,spikes_r0.01_k6_s0,pmc_pair_K3|raw+gate,13,91,0.99575,0.99151,0.78767,0.54878,0.55522,0.37363,0.73626,0.94505,3.6673
aotizhongxin,0.01,spikes_r0.01_k6_s0,pmc_pair_K3|raw+gate,14,90,1.0254,1.0515,0.81223,0.56769,0.57251,0.36667,0.77778,0.94444,3.7297
aotizhongxin,0.01,spikes_r0.01_k6_s0,pmc_pair_K3|raw+gate,15,91,1.001,1.002,0.80394,0.55554,0.56116,0.35165,0.78022,0.94505,3.7732
aotizhongxin,0.01,spikes_r0.01_k6_s0,pmc_pair_K3|raw+gate,16,91,1.0434,1.0887,0.82522,0.57571,0.58186,0.35165,0.76923,0.92308,3.8182
aotizhongxin,0.01,spikes_r0.01_k6_s0,pmc_pair_K3|raw+gate,17,90,1.0053,1.0107,0.78498,0.55151,0.55961,0.37778,0.81111,0.92222,3.8645
aotizhongxin,0.01,spikes_r0.01_k6_s0,pmc_pair_K3|raw+gate,18,90,1.018,1.0364,0.81289,0.56889,0.57429,0.41111,0.78889,0.93333,3.9016
aotizhongxin,0.01,spikes_r0.01_k6_s0,pmc_pair_K3|raw+gate,19,90,1.0538,1.1106,0.83943,0.59497,0.5962,0.44444,0.71111,0.95556,3.9236
aotizhongxin,0.01,spikes_r0.01_k6_s0,pmc_pair_K3|raw+gate,20,91,1.0963,1.2018,0.89545,0.63033,0.62664,0.38462,0.7033,0.95604,3.957
aotizhongxin,0.01,spikes_r0.01_k6_s0,pmc_pair_K3|raw+gate,21,90,1.041,1.0837,0.87342,0.60431,0.59947,0.37778,0.71111,0.97778,3.9859
aotizhongxin,0.01,spikes_r0.01_k6_s0,pmc_pair_K3|raw+gate,22,89,1.1759,1.3828,0.98012,0.68533,0.67443,0.34831,0.66292,0.92135,4.0193
aotizhongxin,0.01,spikes_r0.01_k6_s0,pmc_pair_K3|raw+gate,23,88,1.167,1.3619,0.98485,0.68231,0.67182,0.34091,0.67045,0.95455,4.0407
aotizhongxin,0.01,spikes_r0.01_k6_s0,pmc_pair_K3|raw+gate,24,90,1.2167,1.4802,1.0097,0.70763,0.69633,0.32222,0.63333,0.92222,4.0589
aotizhongxin,0.01,spikes_r0.01_k6_s0,pmc_pair_K3|raw,1,90,0.38368,0.14721,0.25442,0.19728,0.24696,0.45556,0.72222,0.94444,1.5017
aotizhongxin,0.01,spikes_r0.01_k6_s0,pmc_pair_K3|raw,2,89,0.58002,0.33642,0.38778,0.31294,0.32953,0.40449,0.7191,0.93258,2.0056
aotizhongxin,0.01,spikes_r0.01_k6_s0,pmc_pair_K3|raw,3,89,0.6934,0.4808,0.49043,0.37956,0.38738,0.38202,0.66292,0.91011,2.3497
aotizhongxin,0.01,spikes_r0.01_k6_s0,pmc_pair_K3|raw,4,90,0.82472,0.68017,0.6037,0.45826,0.4546,0.36667,0.62222,0.88889,2.6069
aotizhongxin,0.01,spikes_r0.01_k6_s0,pmc_pair_K3|raw,5,88,0.92919,0.86339,0.71452,0.52513,0.51139,0.25,0.59091,0.89773,2.8195
aotizhongxin,0.01,spikes_r0.01_k6_s0,pmc_pair_K3|raw,6,90,1.0141,1.0284,0.77306,0.56886,0.55549,0.24444,0.54444,0.87778,2.9878
aotizhongxin,0.01,spikes_r0.01_k6_s0,pmc_pair_K3|raw,7,91,1.0228,1.0461,0.81004,0.59083,0.57377,0.26374,0.53846,0.87912,3.1333
aotizhongxin,0.01,spikes_r0.01_k6_s0,pmc_pair_K3|raw,8,90,1.0689,1.1426,0.85162,0.61488,0.59651,0.25556,0.56667,0.91111,3.2603
aotizhongxin,0.01,spikes_r0.01_k6_s0,pmc_pair_K3|raw,9,90,1.0667,1.1379,0.85679,0.6121,0.59742,0.27778,0.58889,0.93333,3.3663
aotizhongxin,0.01,spikes_r0.01_k6_s0,pmc_pair_K3|raw,10,89,1.0782,1.1625,0.87403,0.61765,0.60443,0.25843,0.61798,0.92135,3.4667
aotizhongxin,0.01,spikes_r0.01_k6_s0,pmc_pair_K3|raw,11,90,1.064,1.1321,0.82655,0.59631,0.59152,0.35556,0.65556,0.94444,3.5399
aotizhongxin,0.01,spikes_r0.01_k6_s0,pmc_pair_K3|raw,12,90,1.0796,1.1655,0.8394,0.59269,0.59366,0.36667,0.67778,0.94444,3.6102
aotizhongxin,0.01,spikes_r0.01_k6_s0,pmc_pair_K3|raw,13,91,0.99562,0.99126,0.78754,0.5487,0.55514,0.37363,0.73626,0.94505,3.6673
aotizhongxin,0.01,spikes_r0.01_k6_s0,pmc_pair_K3|raw,14,90,1.0253,1.0513,0.81211,0.56761,0.57243,0.36667,0.77778,0.94444,3.7297
aotizhongxin,0.01,spikes_r0.01_k6_s0,pmc_pair_K3|raw,15,91,1.0009,1.0019,0.80383,0.55548,0.56112,0.35165,0.78022,0.94505,3.7731
aotizhongxin,0.01,spikes_r0.01_k6_s0,pmc_pair_K3|raw,16,91,1.0433,1.0884,0.82512,0.57563,0.58179,0.35165,0.76923,0.92308,3.8182
aotizhongxin,0.01,spikes_r0.01_k6_s0,pmc_pair_K3|raw,17,90,1.0053,1.0105,0.78488,0.55146,0.55956,0.37778,0.81111,0.92222,3.8645
aotizhongxin,0.01,spikes_r0.01_k6_s0,pmc_pair_K3|raw,18,90,1.018,1.0363,0.81279,0.56886,0.57426,0.41111,0.78889,0.93333,3.9016
aotizhongxin,0.01,spikes_r0.01_k6_s0,pmc_pair_K3|raw,19,90,1.0538,1.1105,0.83934,0.59493,0.59617,0.44444,0.71111,0.95556,3.9236
aotizhongxin,0.01,spikes_r0.01_k6_s0,pmc_pair_K3|raw,20,91,1.0962,1.2017,0.89537,0.63029,0.6266,0.38462,0.7033,0.95604,3.957
aotizhongxin,0.01,spikes_r0.01_k6_s0,pmc_pair_K3|raw,21,90,1.041,1.0836,0.87334,0.60429,0.59946,0.37778,0.71111,0.97778,3.9859
aotizhongxin,0.01,spikes_r0.01_k6_s0,pmc_pair_K3|raw,22,89,1.1759,1.3828,0.98004,0.68532,0.67442,0.34831,0.66292,0.92135,4.0193
aotizhongxin,0.01,spikes_r0.01_k6_s0,pmc_pair_K3|raw,23,88,1.167,1.3619,0.98477,0.68231,0.67182,0.34091,0.67045,0.95455,4.0407
aotizhongxin,0.01,spikes_r0.01_k6_s0,pmc_pair_K3|raw,24,90,1.2166,1.4802,1.0096,0.70762,0.69632,0.32222,0.63333,0.92222,4.0589
aotizhongxin,0.01,spikes_r0.01_k6_s0,pmc_pair_K3|robust+gate,1,90,0.3846,0.14792,0.2549,0.19762,0.2423,0.46667,0.74444,0.92222,1.4654
aotizhongxin,0.01,spikes_r0.01_k6_s0,pmc_pair_K3|robust+gate,2,89,0.58448,0.34161,0.39256,0.31442,0.32792,0.40449,0.69663,0.93258,1.9561
aotizhongxin,0.01,spikes_r0.01_k6_s0,pmc_pair_K3|robust+gate,3,89,0.69896,0.48854,0.49559,0.38162,0.38712,0.38202,0.66292,0.91011,2.2927
aotizhongxin,0.01,spikes_r0.01_k6_s0,pmc_pair_K3|robust+gate,4,90,0.83114,0.69079,0.60886,0.46103,0.45602,0.35556,0.62222,0.87778,2.5435
aotizhongxin,0.01,spikes_r0.01_k6_s0,pmc_pair_K3|robust+gate,5,88,0.93604,0.87616,0.72036,0.52855,0.51437,0.25,0.57955,0.875,2.7517
aotizhongxin,0.01,spikes_r0.01_k6_s0,pmc_pair_K3|robust+gate,6,90,1.0201,1.0406,0.77835,0.57198,0.55858,0.23333,0.54444,0.87778,2.9156
aotizhongxin,0.01,spikes_r0.01_k6_s0,pmc_pair_K3|robust+gate,7,91,1.0278,1.0563,0.81488,0.59397,0.57718,0.26374,0.52747,0.86813,3.058
aotizhongxin,0.01,spikes_r0.01_k6_s0,pmc_pair_K3|robust+gate,8,90,1.0736,1.1526,0.85681,0.61778,0.59973,0.26667,0.56667,0.87778,3.1834
aotizhongxin,0.01,spikes_r0.01_k6_s0,pmc_pair_K3|robust+gate,9,90,1.0722,1.1497,0.86125,0.61522,0.60075,0.26667,0.57778,0.9,3.2878
aotizhongxin,0.01,spikes_r0.01_k6_s0,pmc_pair_K3|robust+gate,10,89,1.0837,1.1744,0.87854,0.62093,0.6078,0.25843,0.60674,0.92135,3.3871
aotizhongxin,0.01,spikes_r0.01_k6_s0,pmc_pair_K3|robust+gate,11,90,1.0687,1.142,0.83002,0.59917,0.5937,0.33333,0.65556,0.93333,3.4623
aotizhongxin,0.01,spikes_r0.01_k6_s0,pmc_pair_K3|robust+gate,12,90,1.0825,1.1719,0.84114,0.59515,0.59497,0.35556,0.67778,0.94444,3.5339
aotizhongxin,0.01,spikes_r0.01_k6_s0,pmc_pair_K3|robust+gate,13,91,0.99835,0.9967,0.7901,0.55089,0.5557,0.37363,0.73626,0.93407,3.5916
aotizhongxin,0.01,spikes_r0.01_k6_s0,pmc_pair_K3|robust+gate,14,90,1.0278,1.0564,0.81533,0.57028,0.57325,0.33333,0.76667,0.93333,3.6544
aotizhongxin,0.01,spikes_r0.01_k6_s0,pmc_pair_K3|robust+gate,15,91,1.0028,1.0057,0.8057,0.55781,0.56153,0.36264,0.76923,0.94505,3.6997
aotizhongxin,0.01,spikes_r0.01_k6_s0,pmc_pair_K3|robust+gate,16,91,1.0453,1.0927,0.82754,0.57827,0.5825,0.36264,0.76923,0.92308,3.7448
aotizhongxin,0.01,spikes_r0.01_k6_s0,pmc_pair_K3|robust+gate,17,90,1.0073,1.0147,0.78723,0.55412,0.55998,0.36667,0.81111,0.92222,3.7929
aotizhongxin,0.01,spikes_r0.01_k6_s0,pmc_pair_K3|robust+gate,18,90,1.0205,1.0413,0.81593,0.57176,0.57524,0.4,0.76667,0.93333,3.8318
aotizhongxin,0.01,spikes_r0.01_k6_s0,pmc_pair_K3|robust+gate,19,90,1.0553,1.1138,0.84004,0.59708,0.59675,0.44444,0.72222,0.95556,3.8543
aotizhongxin,0.01,spikes_r0.01_k6_s0,pmc_pair_K3|robust+gate,20,91,1.0965,1.2023,0.89551,0.63172,0.62706,0.38462,0.68132,0.94505,3.8891
aotizhongxin,0.01,spikes_r0.01_k6_s0,pmc_pair_K3|robust+gate,21,90,1.0431,1.0881,0.87486,0.60631,0.60038,0.37778,0.7,0.96667,3.9197
aotizhongxin,0.01,spikes_r0.01_k6_s0,pmc_pair_K3|robust+gate,22,89,1.1764,1.384,0.98087,0.68687,0.67549,0.33708,0.65169,0.91011,3.954
aotizhongxin,0.01,spikes_r0.01_k6_s0,pmc_pair_K3|robust+gate,23,88,1.1691,1.3669,0.98787,0.68452,0.67369,0.32955,0.65909,0.94318,3.9755
aotizhongxin,0.01,spikes_r0.01_k6_s0,pmc_pair_K3|robust+gate,24,90,1.2182,1.4839,1.0127,0.70983,0.69828,0.3,0.62222,0.91111,3.9954
aotizhongxin,0.01,spikes_r0.01_k6_s0,pmc_pair_K3|robust,1,90,0.38512,0.14832,0.2558,0.19773,0.24255,0.46667,0.74444,0.92222,1.4553
aotizhongxin,0.01,spikes_r0.01_k6_s0,pmc_pair_K3|robust,2,89,0.58505,0.34229,0.39277,0.31455,0.32815,0.40449,0.69663,0.93258,1.9438
aotizhongxin,0.01,spikes_r0.01_k6_s0,pmc_pair_K3|robust,3,89,0.69913,0.48879,0.49566,0.38145,0.38709,0.38202,0.66292,0.91011,2.28
aotizhongxin,0.01,spikes_r0.01_k6_s0,pmc_pair_K3|robust,4,90,0.83098,0.69053,0.60789,0.46061,0.45576,0.35556,0.62222,0.87778,2.5312
aotizhongxin,0.01,spikes_r0.01_k6_s0,pmc_pair_K3|robust,5,88,0.93602,0.87614,0.72001,0.52822,0.51417,0.25,0.57955,0.875,2.7399
aotizhongxin,0.01,spikes_r0.01_k6_s0,pmc_pair_K3|robust,6,90,1.02,1.0405,0.77793,0.57165,0.55836,0.23333,0.54444,0.87778,2.9048
aotizhongxin,0.01,spikes_r0.01_k6_s0,pmc_pair_K3|robust,7,91,1.0276,1.056,0.81391,0.59353,0.57686,0.26374,0.52747,0.86813,3.048
aotizhongxin,0.01,spikes_r0.01_k6_s0,pmc_pair_K3|robust,8,90,1.0732,1.1518,0.85583,0.61718,0.59925,0.26667,0.56667,0.87778,3.1741
aotizhongxin,0.01,spikes_r0.01_k6_s0,pmc_pair_K3|robust,9,90,1.072,1.1491,0.86027,0.61467,0.60034,0.27778,0.57778,0.9,3.2791
aotizhongxin,0.01,spikes_r0.01_k6_s0,pmc_pair_K3|robust,10,89,1.0834,1.1737,0.87757,0.62036,0.60737,0.25843,0.60674,0.92135,3.379
aotizhongxin,0.01,spikes_r0.01_k6_s0,pmc_pair_K3|robust,11,90,1.0684,1.1414,0.82907,0.59865,0.59328,0.33333,0.65556,0.93333,3.4548
aotizhongxin,0.01,spikes_r0.01_k6_s0,pmc_pair_K3|robust,12,90,1.0822,1.1711,0.8402,0.59465,0.59454,0.35556,0.67778,0.94444,3.5269
aotizhongxin,0.01,spikes_r0.01_k6_s0,pmc_pair_K3|robust,13,91,0.99794,0.99589,0.78919,0.55036,0.55525,0.37363,0.73626,0.93407,3.5853
aotizhongxin,0.01,spikes_r0.01_k6_s0,pmc_pair_K3|robust,14,90,1.0274,1.0555,0.81443,0.56976,0.5728,0.33333,0.76667,0.93333,3.6484
aotizhongxin,0.01,spikes_r0.01_k6_s0,pmc_pair_K3|robust,15,91,1.0025,1.0049,0.80483,0.55732,0.56112,0.36264,0.76923,0.94505,3.6941
aotizhongxin,0.01,spikes_r0.01_k6_s0,pmc_pair_K3|robust,16,91,1.0449,1.0918,0.82669,0.57778,0.58205,0.36264,0.76923,0.92308,3.7397
aotizhongxin,0.01,spikes_r0.01_k6_s0,pmc_pair_K3|robust,17,90,1.0069,1.0138,0.78639,0.55365,0.55955,0.36667,0.81111,0.92222,3.788
aotizhongxin,0.01,spikes_r0.01_k6_s0,pmc_pair_K3|robust,18,90,1.02,1.0404,0.81511,0.57133,0.57483,0.4,0.76667,0.93333,3.8273
aotizhongxin,0.01,spikes_r0.01_k6_s0,pmc_pair_K3|robust,19,90,1.0551,1.1131,0.83924,0.59665,0.5964,0.44444,0.72222,0.95556,3.8501
aotizhongxin,0.01,spikes_r0.01_k6_s0,pmc_pair_K3|robust,20,91,1.0964,1.2021,0.89475,0.63141,0.62683,0.38462,0.68132,0.94505,3.8852
aotizhongxin,0.01,spikes_r0.01_k6_s0,pmc_pair_K3|robust,21,90,1.043,1.0879,0.87408,0.60603,0.60018,0.37778,0.7,0.96667,3.9164
aotizhongxin,0.01,spikes_r0.01_k6_s0,pmc_pair_K3|robust,22,89,1.1763,1.3837,0.98012,0.68658,0.67528,0.33708,0.65169,0.91011,3.9508
aotizhongxin,0.01,spikes_r0.01_k6_s0,pmc_pair_K3|robust,23,88,1.1691,1.3667,0.98713,0.68426,0.67349,0.32955,0.65909,0.94318,3.9725
aotizhongxin,0.01,spikes_r0.01_k6_s0,pmc_pair_K3|robust,24,90,1.2181,1.4837,1.012,0.70959,0.6981,0.3,0.62222,0.91111,3.9926
aotizhongxin,0.01,spikes_r0.01_k6_s0,pmc_pair_K3|hampel+gate,1,90,0.39179,0.1535,0.2596,0.1975,0.19942,0.45556,0.72222,0.91111,1.3357
aotizhongxin,0.01,spikes_r0.01_k6_s0,pmc_pair_K3|hampel+gate,2,89,0.6066,0.36797,0.42454,0.31869,0.32178,0.41573,0.64045,0.86517,1.7928
aotizhongxin,0.01,spikes_r0.01_k6_s0,pmc_pair_K3|hampel+gate,3,89,0.72697,0.52848,0.53008,0.38845,0.39403,0.38202,0.64045,0.8427,2.1043
aotizhongxin,0.01,spikes_r0.01_k6_s0,pmc_pair_K3|hampel+gate,4,90,0.85816,0.73644,0.64038,0.46805,0.47181,0.32222,0.62222,0.8,2.3338
aotizhongxin,0.01,spikes_r0.01_k6_s0,pmc_pair_K3|hampel+gate,5,88,0.96775,0.93654,0.7569,0.53968,0.54292,0.25,0.56818,0.79545,2.5303
aotizhongxin,0.01,spikes_r0.01_k6_s0,pmc_pair_K3|hampel+gate,6,90,1.0502,1.103,0.81514,0.58257,0.58876,0.25556,0.52222,0.8,2.6776
aotizhongxin,0.01,spikes_r0.01_k6_s0,pmc_pair_K3|hampel+gate,7,91,1.0559,1.1148,0.84499,0.60373,0.61021,0.26374,0.50549,0.8022,2.8099
aotizhongxin,0.01,spikes_r0.01_k6_s0,pmc_pair_K3|hampel+gate,8,90,1.0993,1.2084,0.88737,0.62695,0.63286,0.23333,0.53333,0.8,2.9289
aotizhongxin,0.01,spikes_r0.01_k6_s0,pmc_pair_K3|hampel+gate,9,90,1.1003,1.2106,0.8923,0.62535,0.63296,0.23333,0.55556,0.83333,3.0274
aotizhongxin,0.01,spikes_r0.01_k6_s0,pmc_pair_K3|hampel+gate,10,89,1.1114,1.2353,0.91033,0.6313,0.63959,0.24719,0.58427,0.79775,3.119
aotizhongxin,0.01,spikes_r0.01_k6_s0,pmc_pair_K3|hampel+gate,11,90,1.0898,1.1878,0.85133,0.60914,0.61606,0.31111,0.63333,0.82222,3.1916
aotizhongxin,0.01,spikes_r0.01_k6_s0,pmc_pair_K3|hampel+gate,12,90,1.0937,1.1962,0.85596,0.6029,0.6096,0.35556,0.7,0.9,3.2606
aotizhongxin,0.01,spikes_r0.01_k6_s0,pmc_pair_K3|hampel+gate,13,91,1.0081,1.0163,0.80022,0.5574,0.56309,0.36264,0.71429,0.92308,3.3167
aotizhongxin,0.01,spikes_r0.01_k6_s0,pmc_pair_K3|hampel+gate,14,90,1.0319,1.0648,0.82315,0.57596,0.57842,0.33333,0.74444,0.91111,3.3784
aotizhongxin,0.01,spikes_r0.01_k6_s0,pmc_pair_K3|hampel+gate,15,91,1.0038,1.0076,0.81121,0.56115,0.56391,0.36264,0.75824,0.91209,3.4246
aotizhongxin,0.01,spikes_r0.01_k6_s0,pmc_pair_K3|hampel+gate,16,91,1.0443,1.0906,0.83244,0.58168,0.58466,0.35165,0.76923,0.9011,3.4711
aotizhongxin,0.01,spikes_r0.01_k6_s0,pmc_pair_K3|hampel+gate,17,90,1.008,1.016,0.78824,0.55706,0.55831,0.4,0.8,0.91111,3.5169
aotizhongxin,0.01,spikes_r0.01_k6_s0,pmc_pair_K3|hampel+gate,18,90,1.0201,1.0405,0.81987,0.57344,0.57604,0.38889,0.74444,0.92222,3.5577
aotizhongxin,0.01,spikes_r0.01_k6_s0,pmc_pair_K3|hampel+gate,19,90,1.0495,1.1015,0.84114,0.59447,0.5954,0.42222,0.71111,0.93333,3.5849
aotizhongxin,0.01,spikes_r0.01_k6_s0,pmc_pair_K3|hampel+gate,20,91,1.0879,1.1836,0.89774,0.62971,0.62941,0.37363,0.65934,0.91209,3.6202
aotizhongxin,0.01,spikes_r0.01_k6_s0,pmc_pair_K3|hampel+gate,21,90,1.0389,1.0793,0.87601,0.60678,0.60305,0.36667,0.7,0.92222,3.6532
aotizhongxin,0.01,spikes_r0.01_k6_s0,pmc_pair_K3|hampel+gate,22,89,1.1775,1.3864,0.98752,0.69415,0.68855,0.33708,0.64045,0.89888,3.6846
aotizhongxin,0.01,spikes_r0.01_k6_s0,pmc_pair_K3|hampel+gate,23,88,1.1748,1.3801,1.0047,0.69355,0.69178,0.31818,0.64773,0.90909,3.7084
aotizhongxin,0.01,spikes_r0.01_k6_s0,pmc_pair_K3|hampel+gate,24,90,1.2233,1.4965,1.0301,0.7188,0.71808,0.3,0.58889,0.87778,3.7294
aotizhongxin,0.05,spikes_r0.05_k6_s0,pmc_pair_K3|raw+gate,1,90,0.46573,0.2169,0.35876,0.20725,0.39627,0.44444,0.81111,0.96667,7.0419
aotizhongxin,0.05,spikes_r0.05_k6_s0,pmc_pair_K3|raw+gate,2,89,0.55688,0.31011,0.39309,0.31104,0.42551,0.4382,0.75281,0.96629,7.5231
aotizhongxin,0.05,spikes_r0.05_k6_s0,pmc_pair_K3|raw+gate,3,89,0.64519,0.41627,0.45855,0.37437,0.45634,0.39326,0.75281,0.96629,7.7395
aotizhongxin,0.05,spikes_r0.05_k6_s0,pmc_pair_K3|raw+gate,4,90,0.76902,0.59139,0.55181,0.44888,0.49988,0.36667,0.74444,0.96667,7.9096
aotizhongxin,0.05,spikes_r0.05_k6_s0,pmc_pair_K3|raw+gate,5,88,0.85534,0.73161,0.62946,0.5118,0.53323,0.29545,0.67045,0.97727,8.0436
aotizhongxin,0.05,spikes_r0.05_k6_s0,pmc_pair_K3|raw+gate,6,90,0.96185,0.92515,0.6698,0.55385,0.57016,0.3,0.65556,0.97778,8.1507
aotizhongxin,0.05,spikes_r0.05_k6_s0,pmc_pair_K3|raw+gate,7,91,0.99472,0.98946,0.72894,0.58122,0.59131,0.30769,0.63736,0.95604,8.2406
aotizhongxin,0.05,spikes_r0.05_k6_s0,pmc_pair_K3|raw+gate,8,90,1.0464,1.095,0.7619,0.60695,0.61289,0.25556,0.65556,0.95556,8.3117
aotizhongxin,0.05,spikes_r0.05_k6_s0,pmc_pair_K3|raw+gate,9,90,1.0384,1.0783,0.77715,0.60495,0.61239,0.28889,0.66667,0.96667,8.3746
aotizhongxin,0.05,spikes_r0.05_k6_s0,pmc_pair_K3|raw+gate,10,89,1.0557,1.1145,0.79057,0.61244,0.62089,0.29213,0.68539,0.95506,8.4309
aotizhongxin,0.05,spikes_r0.05_k6_s0,pmc_pair_K3|raw+gate,11,90,1.074,1.1535,0.80307,0.59848,0.62834,0.37778,0.67778,0.95556,8.4755
aotizhongxin,0.05,spikes_r0.05_k6_s0,pmc_pair_K3|raw+gate,12,90,1.1225,1.2599,0.82176,0.60212,0.64679,0.43333,0.72222,0.95556,8.5164
aotizhongxin,0.05,spikes_r0.05_k6_s0,pmc_pair_K3|raw+gate,13,91,1.0437,1.0894,0.78579,0.55918,0.61863,0.3956,0.76923,0.94505,8.556
aotizhongxin,0.05,spikes_r0.05_k6_s0,pmc_pair_K3|raw+gate,14,90,1.0931,1.195,0.8262,0.58161,0.64128,0.41111,0.78889,0.94444,8.5847
aotizhongxin,0.05,spikes_r0.05_k6_s0,pmc_pair_K3|raw+gate,15,91,1.0735,1.1524,0.81482,0.56945,0.63407,0.40659,0.8022,0.95604,8.6166
aotizhongxin,0.05,spikes_r0.05_k6_s0,pmc_pair_K3|raw+gate,16,91,1.1186,1.2512,0.82746,0.5885,0.65243,0.41758,0.78022,0.93407,8.6423
aotizhongxin,0.05,spikes_r0.05_k6_s0,pmc_pair_K3|raw+gate,17,90,1.0774,1.1609,0.79495,0.5625,0.6334,0.43333,0.82222,0.93333,8.6657
aotizhongxin,0.05,spikes_r0.05_k6_s0,pmc_pair_K3|raw+gate,18,90,1.0803,1.167,0.80214,0.57642,0.6394,0.42222,0.81111,0.95556,8.6844
aotizhongxin,0.05,spikes_r0.05_k6_s0,pmc_pair_K3|raw+gate,19,90,1.1338,1.2854,0.86767,0.60644,0.66491,0.44444,0.75556,0.96667,8.7043
aotizhongxin,0.05,spikes_r0.05_k6_s0,pmc_pair_K3|raw+gate,20,91,1.1829,1.3992,0.92208,0.64663,0.69251,0.36264,0.72527,0.94505,8.7199
aotizhongxin,0.05,spikes_r0.05_k6_s0,pmc_pair_K3|raw+gate,21,90,1.1246,1.2648,0.91151,0.62241,0.66888,0.36667,0.73333,0.96667,8.7313
aotizhongxin,0.05,spikes_r0.05_k6_s0,pmc_pair_K3|raw+gate,22,89,1.2771,1.631,1.0257,0.71171,0.74004,0.32584,0.7191,0.94382,8.7435
aotizhongxin,0.05,spikes_r0.05_k6_s0,pmc_pair_K3|raw+gate,23,88,1.2471,1.5552,0.99354,0.70237,0.72659,0.36364,0.70455,0.95455,8.7561
aotizhongxin,0.05,spikes_r0.05_k6_s0,pmc_pair_K3|raw+gate,24,90,1.296,1.6797,1.0216,0.72695,0.74686,0.37778,0.68889,0.92222,8.7673
aotizhongxin,0.05,spikes_r0.05_k6_s0,pmc_pair_K3|raw,1,90,0.46573,0.2169,0.35876,0.20725,0.39627,0.44444,0.81111,0.96667,7.0419
aotizhongxin,0.05,spikes_r0.05_k6_s0,pmc_pair_K3|raw,2,89,0.55688,0.31011,0.39309,0.31104,0.42551,0.4382,0.75281,0.96629,7.5231
aotizhongxin,0.05,spikes_r0.05_k6_s0,pmc_pair_K3|raw,3,89,0.64519,0.41627,0.45855,0.37437,0.45634,0.39326,0.75281,0.96629,7.7395
aotizhongxin,0.05,spikes_r0.05_k6_s0,pmc_pair_K3|raw,4,90,0.76902,0.59139,0.55181,0.44888,0.49988,0.36667,0.74444,0.96667,7.9096
aotizhongxin,0.05,spikes_r0.05_k6_s0,pmc_pair_K3|raw,5,88,0.85534,0.73161,0.62946,0.5118,0.53323,0.29545,0.67045,0.97727,8.0436
aotizhongxin,0.05,spikes_r0.05_k6_s0,pmc_pair_K3|raw,6,90,0.96185,0.92515,0.6698,0.55385,0.57016,0.3,0.65556,0.97778,8.1507
aotizhongxin,0.05,spikes_r0.05_k6_s0,pmc_pair_K3|raw,7,91,0.99472,0.98946,0.72894,0.58122,0.59131,0.30769,0.63736,0.95604,8.2406
aotizhongxin,0.05,spikes_r0.05_k6_s0,pmc_pair_K3|raw,8,90,1.0464,1.095,0.7619,0.60695,0.61289,0.25556,0.65556,0.95556,8.3117
aotizhongxin,0.05,spikes_r0.05_k6_s0,pmc_pair_K3|raw,9,90,1.0384,1.0783,0.77715,0.60495,0.61239,0.28889,0.66667,0.96667,8.3746
aotizhongxin,0.05,spikes_r0.05_k6_s0,pmc_pair_K3|raw,10,89,1.0557,1.1145,0.79057,0.61244,0.62089,0.29213,0.68539,0.95506,8.4309
aotizhongxin,0.05,spikes_r0.05_k6_s0,pmc_pair_K3|raw,11,90,1.074,1.1535,0.80307,0.59848,0.62834,0.37778,0.67778,0.95556,8.4755
aotizhongxin,0.05,spikes_r0.05_k6_s0,pmc_pair_K3|raw,12,90,1.1225,1.2599,0.82176,0.60212,0.64679,0.43333,0.72222,0.95556,8.5164
aotizhongxin,0.05,spikes_r0.05_k6_s0,pmc_pair_K3|raw,13,91,1.0437,1.0894,0.78579,0.55918,0.61863,0.3956,0.76923,0.94505,8.556
aotizhongxin,0.05,spikes_r0.05_k6_s0,pmc_pair_K3|raw,14,90,1.0931,1.195,0.8262,0.58161,0.64128,0.41111,0.78889,0.94444,8.5847
aotizhongxin,0.05,spikes_r0.05_k6_s0,pmc_pair_K3|raw,15,91,1.0735,1.1524,0.81482,0.56945,0.63407,0.40659,0.8022,0.95604,8.6166
aotizhongxin,0.05,spikes_r0.05_k6_s0,pmc_pair_K3|raw,16,91,1.1186,1.2512,0.82746,0.5885,0.65243,0.41758,0.78022,0.93407,8.6423
aotizhongxin,0.05,spikes_r0.05_k6_s0,pmc_pair_K3|raw,17,90,1.0774,1.1609,0.79495,0.5625,0.6334,0.43333,0.82222,0.93333,8.6657
aotizhongxin,0.05,spikes_r0.05_k6_s0,pmc_pair_K3|raw,18,90,1.0803,1.167,0.80214,0.57642,0.6394,0.42222,0.81111,0.95556,8.6844
aotizhongxin,0.05,spikes_r0.05_k6_s0,pmc_pair_K3|raw,19,90,1.1338,1.2854,0.86767,0.60644,0.66491,0.44444,0.75556,0.96667,8.7043
aotizhongxin,0.05,spikes_r0.05_k6_s0,pmc_pair_K3|raw,20,91,1.1829,1.3992,0.92208,0.64663,0.69251,0.36264,0.72527,0.94505,8.7199
aotizhongxin,0.05,spikes_r0.05_k6_s0,pmc_pair_K3|raw,21,90,1.1246,1.2648,0.91151,0.62241,0.66888,0.36667,0.73333,0.96667,8.7313
aotizhongxin,0.05,spikes_r0.05_k6_s0,pmc_pair_K3|raw,22,89,1.2771,1.631,1.0257,0.71171,0.74004,0.32584,0.7191,0.94382,8.7435
aotizhongxin,0.05,spikes_r0.05_k6_s0,pmc_pair_K3|raw,23,88,1.2471,1.5552,0.99354,0.70237,0.72659,0.36364,0.70455,0.95455,8.7561
aotizhongxin,0.05,spikes_r0.05_k6_s0,pmc_pair_K3|raw,24,90,1.296,1.6797,1.0216,0.72695,0.74686,0.37778,0.68889,0.92222,8.7673
aotizhongxin,0.05,spikes_r0.05_k6_s0,pmc_pair_K3|robust+gate,1,90,0.46069,0.21224,0.35567,0.2055,0.39316,0.46667,0.82222,0.96667,7.0414
aotizhongxin,0.05,spikes_r0.05_k6_s0,pmc_pair_K3|robust+gate,2,89,0.56035,0.314,0.39177,0.31255,0.42447,0.41573,0.73034,0.96629,7.5108
aotizhongxin,0.05,spikes_r0.05_k6_s0,pmc_pair_K3|robust+gate,3,89,0.65114,0.42398,0.46177,0.37674,0.45644,0.40449,0.74157,0.97753,7.7145
aotizhongxin,0.05,spikes_r0.05_k6_s0,pmc_pair_K3|robust+gate,4,90,0.77707,0.60383,0.55801,0.45122,0.50085,0.36667,0.74444,0.96667,7.8677
aotizhongxin,0.05,spikes_r0.05_k6_s0,pmc_pair_K3|robust+gate,5,88,0.86291,0.74462,0.63605,0.51408,0.53454,0.28409,0.63636,0.97727,7.9979
aotizhongxin,0.05,spikes_r0.05_k6_s0,pmc_pair_K3|robust+gate,6,90,0.97115,0.94313,0.67581,0.55676,0.57214,0.28889,0.63333,0.97778,8.0895
aotizhongxin,0.05,spikes_r0.05_k6_s0,pmc_pair_K3|robust+gate,7,91,1.0043,1.0086,0.73684,0.5843,0.59358,0.30769,0.61538,0.95604,8.1747
aotizhongxin,0.05,spikes_r0.05_k6_s0,pmc_pair_K3|robust+gate,8,90,1.0571,1.1174,0.77286,0.61065,0.61565,0.27778,0.63333,0.95556,8.2462
aotizhongxin,0.05,spikes_r0.05_k6_s0,pmc_pair_K3|robust+gate,9,90,1.0508,1.1042,0.7901,0.60936,0.61578,0.26667,0.62222,0.96667,8.3077
aotizhongxin,0.05,spikes_r0.05_k6_s0,pmc_pair_K3|robust+gate,10,89,1.0692,1.1431,0.80171,0.61743,0.62462,0.26966,0.67416,0.95506,8.3629
aotizhongxin,0.05,spikes_r0.05_k6_s0,pmc_pair_K3|robust+gate,11,90,1.0867,1.181,0.81106,0.60383,0.63164,0.34444,0.66667,0.96667,8.4093
aotizhongxin,0.05,spikes_r0.05_k6_s0,pmc_pair_K3|robust+gate,12,90,1.1337,1.2852,0.82915,0.60737,0.64967,0.41111,0.71111,0.95556,8.4515
aotizhongxin,0.05,spikes_r0.05_k6_s0,pmc_pair_K3|robust+gate,13,91,1.0549,1.1128,0.79358,0.56427,0.62101,0.38462,0.76923,0.94505,8.4898
aotizhongxin,0.05,spikes_r0.05_k6_s0,pmc_pair_K3|robust+gate,14,90,1.1039,1.2186,0.83262,0.58674,0.64374,0.4,0.8,0.93333,8.523
aotizhongxin,0.05,spikes_r0.05_k6_s0,pmc_pair_K3|robust+gate,15,91,1.0827,1.1722,0.82041,0.57321,0.63541,0.40659,0.79121,0.95604,8.5543
aotizhongxin,0.05,spikes_r0.05_k6_s0,pmc_pair_K3|robust+gate,16,91,1.1272,1.2705,0.83373,0.59171,0.65357,0.42857,0.79121,0.93407,8.5818
aotizhongxin,0.05,spikes_r0.05_k6_s0,pmc_pair_K3|robust+gate,17,90,1.087,1.1815,0.80057,0.56593,0.63461,0.43333,0.81111,0.93333,8.6074
aotizhongxin,0.05,spikes_r0.05_k6_s0,pmc_pair_K3|robust+gate,18,90,1.0885,1.1848,0.80823,0.5795,0.64035,0.42222,0.77778,0.94444,8.63
aotizhongxin,0.05,spikes_r0.05_k6_s0,pmc_pair_K3|robust+gate,19,90,1.1426,1.3056,0.87179,0.60996,0.66603,0.42222,0.72222,0.95556,8.6505
aotizhongxin,0.05,spikes_r0.05_k6_s0,pmc_pair_K3|robust+gate,20,91,1.1908,1.418,0.92756,0.65139,0.69417,0.36264,0.72527,0.94505,8.6693
aotizhongxin,0.05,spikes_r0.05_k6_s0,pmc_pair_K3|robust+gate,21,90,1.1339,1.2858,0.9171,0.6281,0.67093,0.36667,0.72222,0.96667,8.6851
aotizhongxin,0.05,spikes_r0.05_k6_s0,pmc_pair_K3|robust+gate,22,89,1.2888,1.661,1.0335,0.72074,0.74441,0.32584,0.70787,0.92135,8.7001
aotizhongxin,0.05,spikes_r0.05_k6_s0,pmc_pair_K3|robust+gate,23,88,1.2595,1.5864,1.0012,0.71097,0.73103,0.34091,0.68182,0.94318,8.7153
aotizhongxin,0.05,spikes_r0.05_k6_s0,pmc_pair_K3|robust+gate,24,90,1.308,1.7109,1.0285,0.73601,0.75158,0.34444,0.67778,0.92222,8.7285
aotizhongxin,0.05,spikes_r0.05_k6_s0,pmc_pair_K3|robust,1,90,0.46099,0.21251,0.35614,0.20528,0.39329,0.46667,0.82222,0.96667,7.0368
aotizhongxin,0.05,spikes_r0.05_k6_s0,pmc_pair_K3|robust,2,89,0.56062,0.31429,0.39229,0.31231,0.42451,0.41573,0.73034,0.96629,7.5045
aotizhongxin,0.05,spikes_r0.05_k6_s0,pmc_pair_K3|robust,3,89,0.65152,0.42447,0.46232,0.37658,0.45648,0.39326,0.74157,0.97753,7.7078
aotizhongxin,0.05,spikes_r0.05_k6_s0,pmc_pair_K3|robust,4,90,0.77742,0.60439,0.55857,0.45113,0.50089,0.35556,0.74444,0.96667,7.8614
aotizhongxin,0.05,spikes_r0.05_k6_s0,pmc_pair_K3|robust,5,88,0.86323,0.74517,0.63661,0.51401,0.53457,0.27273,0.63636,0.97727,7.9919
aotizhongxin,0.05,spikes_r0.05_k6_s0,pmc_pair_K3|robust,6,90,0.97127,0.94336,0.67634,0.55655,0.57207,0.28889,0.63333,0.97778,8.0843
aotizhongxin,0.05,spikes_r0.05_k6_s0,pmc_pair_K3|robust,7,91,1.0044,1.0088,0.73733,0.58408,0.59351,0.30769,0.61538,0.95604,8.1701
aotizhongxin,0.05,spikes_r0.05_k6_s0,pmc_pair_K3|robust,8,90,1.057,1.1173,0.77241,0.61055,0.61549,0.27778,0.63333,0.95556,8.242
aotizhongxin,0.05,spikes_r0.05_k6_s0,pmc_pair_K3|robust,9,90,1.0507,1.1039,0.78967,0.60935,0.6156,0.26667,0.62222,0.96667,8.304
aotizhongxin,0.05,spikes_r0.05_k6_s0,pmc_pair_K3|robust,10,89,1.069,1.1427,0.80129,0.61746,0.62443,0.26966,0.67416,0.95506,8.3596
aotizhongxin,0.05,spikes_r0.05_k6_s0,pmc_pair_K3|robust,11,90,1.0868,1.1812,0.81145,0.60369,0.63161,0.34444,0.66667,0.96667,8.4064
aotizhongxin,0.05,spikes_r0.05_k6_s0,pmc_pair_K3|robust,12,90,1.1338,1.2855,0.82951,0.60726,0.64966,0.41111,0.71111,0.95556,8.4489
aotizhongxin,0.05,spikes_r0.05_k6_s0,pmc_pair_K3|robust,13,91,1.055,1.1131,0.7939,0.56418,0.62099,0.38462,0.76923,0.94505,8.4875
aotizhongxin,0.05,spikes_r0.05_k6_s0,pmc_pair_K3|robust,14,90,1.1041,1.2191,0.83292,0.58683,0.64379,0.4,0.8,0.93333,8.521
aotizhongxin,0.05,spikes_r0.05_k6_s0,pmc_pair_K3|robust,15,91,1.0829,1.1726,0.82068,0.57332,0.63547,0.40659,0.79121,0.95604,8.5525
aotizhongxin,0.05,spikes_r0.05_k6_s0,pmc_pair_K3|robust,16,91,1.1274,1.271,0.83398,0.59186,0.65363,0.42857,0.79121,0.93407,8.5802
aotizhongxin,0.05,spikes_r0.05_k6_s0,pmc_pair_K3|robust,17,90,1.0871,1.1819,0.80079,0.56602,0.63465,0.43333,0.81111,0.93333,8.606
aotizhongxin,0.05,spikes_r0.05_k6_s0,pmc_pair_K3|robust,18,90,1.0886,1.1851,0.80843,0.57952,0.64036,0.41111,0.77778,0.94444,8.6287
aotizhongxin,0.05,spikes_r0.05_k6_s0,pmc_pair_K3|robust,19,90,1.1427,1.3058,0.87198,0.60998,0.66603,0.41111,0.72222,0.95556,8.6494
aotizhongxin,0.05,spikes_r0.05_k6_s0,pmc_pair_K3|robust,20,91,1.1909,1.4182,0.92772,0.65143,0.69419,0.36264,0.72527,0.94505,8.6683
aotizhongxin,0.05,spikes_r0.05_k6_s0,pmc_pair_K3|robust,21,90,1.134,1.286,0.91725,0.62814,0.67094,0.36667,0.72222,0.96667,8.6842
aotizhongxin,0.05,spikes_r0.05_k6_s0,pmc_pair_K3|robust,22,89,1.2888,1.6611,1.0337,0.72074,0.74441,0.32584,0.70787,0.92135,8.6993
aotizhongxin,0.05,spikes_r0.05_k6_s0,pmc_pair_K3|robust,23,88,1.2596,1.5865,1.0014,0.71095,0.73102,0.34091,0.68182,0.94318,8.7146
aotizhongxin,0.05,spikes_r0.05_k6_s0,pmc_pair_K3|robust,24,90,1.308,1.7109,1.0286,0.73593,0.75155,0.34444,0.67778,0.92222,8.7279
aotizhongxin,0.05,spikes_r0.05_k6_s0,pmc_pair_K3|hampel+gate,1,90,0.46056,0.21212,0.35461,0.20553,0.39343,0.46667,0.81111,0.96667,7.0523
aotizhongxin,0.05,spikes_r0.05_k6_s0,pmc_pair_K3|hampel+gate,2,89,0.55973,0.3133,0.39085,0.31264,0.42452,0.41573,0.73034,0.96629,7.5234
aotizhongxin,0.05,spikes_r0.05_k6_s0,pmc_pair_K3|hampel+gate,3,89,0.65064,0.42334,0.46074,0.37659,0.45646,0.40449,0.74157,0.97753,7.7303
aotizhongxin,0.05,spikes_r0.05_k6_s0,pmc_pair_K3|hampel+gate,4,90,0.77651,0.60297,0.55688,0.45091,0.50074,0.36667,0.74444,0.97778,7.8855
aotizhongxin,0.05,spikes_r0.05_k6_s0,pmc_pair_K3|hampel+gate,5,88,0.86229,0.74355,0.63554,0.51372,0.53443,0.28409,0.64773,0.97727,8.0167
aotizhongxin,0.05,spikes_r0.05_k6_s0,pmc_pair_K3|hampel+gate,6,90,0.97091,0.94267,0.67561,0.55628,0.57203,0.3,0.63333,0.97778,8.1102
aotizhongxin,0.05,spikes_r0.05_k6_s0,pmc_pair_K3|hampel+gate,7,91,1.0042,1.0084,0.73734,0.58385,0.5936,0.30769,0.62637,0.95604,8.1959
aotizhongxin,0.05,spikes_r0.05_k6_s0,pmc_pair_K3|hampel+gate,8,90,1.0572,1.1176,0.77312,0.61025,0.61575,0.27778,0.63333,0.95556,8.2671
aotizhongxin,0.05,spikes_r0.05_k6_s0,pmc_pair_K3|hampel+gate,9,90,1.0505,1.1036,0.79022,0.60883,0.61575,0.26667,0.64444,0.96667,8.3285
aotizhongxin,0.05,spikes_r0.05_k6_s0,pmc_pair_K3|hampel+gate,10,89,1.0689,1.1425,0.80206,0.61691,0.62462,0.26966,0.67416,0.95506,8.3833
aotizhongxin,0.05,spikes_r0.05_k6_s0,pmc_pair_K3|hampel+gate,11,90,1.0862,1.1798,0.81145,0.6033,0.63154,0.35556,0.66667,0.96667,8.429
aotizhongxin,0.05,spikes_r0.05_k6_s0,pmc_pair_K3|hampel+gate,12,90,1.1332,1.2842,0.82942,0.60692,0.64961,0.41111,0.72222,0.95556,8.4706
aotizhongxin,0.05,spikes_r0.05_k6_s0,pmc_pair_K3|hampel+gate,13,91,1.0545,1.112,0.79346,0.56398,0.62103,0.38462,0.76923,0.95604,8.5085
aotizhongxin,0.05,spikes_r0.05_k6_s0,pmc_pair_K3|hampel+gate,14,90,1.1035,1.2176,0.83298,0.58633,0.64369,0.4,0.8,0.93333,8.5405
aotizhongxin,0.05,spikes_r0.05_k6_s0,pmc_pair_K3|hampel+gate,15,91,1.0823,1.1713,0.82041,0.57294,0.63545,0.37363,0.79121,0.95604,8.5719
aotizhongxin,0.05,spikes_r0.05_k6_s0,pmc_pair_K3|hampel+gate,16,91,1.1267,1.2694,0.8333,0.59127,0.65351,0.42857,0.79121,0.93407,8.5985
aotizhongxin,0.05,spikes_r0.05_k6_s0,pmc_pair_K3|hampel+gate,17,90,1.0864,1.1803,0.80012,0.56553,0.63454,0.43333,0.82222,0.93333,8.6233
aotizhongxin,0.05,spikes_r0.05_k6_s0,pmc_pair_K3|hampel+gate,18,90,1.0879,1.1835,0.80716,0.57898,0.64025,0.42222,0.77778,0.94444,8.6458
aotizhongxin,0.05,spikes_r0.05_k6_s0,pmc_pair_K3|hampel+gate,19,90,1.142,1.3041,0.87227,0.60963,0.66596,0.42222,0.73333,0.96667,8.6656
aotizhongxin,0.05,spikes_r0.05_k6_s0,pmc_pair_K3|hampel+gate,20,91,1.1904,1.4171,0.92739,0.65105,0.69414,0.36264,0.72527,0.94505,8.6831
aotizhongxin,0.05,spikes_r0.05_k6_s0,pmc_pair_K3|hampel+gate,21,90,1.1331,1.2839,0.91671,0.62757,0.67073,0.36667,0.72222,0.96667,8.6982
aotizhongxin,0.05,spikes_r0.05_k6_s0,pmc_pair_K3|hampel+gate,22,89,1.2882,1.6595,1.033,0.72011,0.74413,0.32584,0.7191,0.93258,8.713
aotizhongxin,0.05,spikes_r0.05_k6_s0,pmc_pair_K3|hampel+gate,23,88,1.2585,1.5838,1.0007,0.71014,0.73063,0.36364,0.68182,0.94318,8.7275
aotizhongxin,0.05,spikes_r0.05_k6_s0,pmc_pair_K3|hampel+gate,24,90,1.3072,1.7088,1.0279,0.73512,0.75124,0.34444,0.67778,0.92222,8.7393
