study,rate,method,h,n,rmse,mse,mae,crps,crps_gauss,cov50,cov80,cov95,w95
hmc_in_gauss_k2,0,hmc_in_K2|true+gate,1,990,1.1946,1.4271,0.95721,0.66958,0.67183,0.50101,0.8202,0.94949,4.8916
hmc_in_gauss_k2,0,hmc_in_K2|true+gate,2,990,1.3092,1.7139,1.0561,0.73862,0.7411,0.47475,0.80707,0.95859,5.0804
hmc_in_gauss_k2,0,hmc_in_K2|true+gate,3,990,1.3112,1.7193,1.0683,0.74432,0.74503,0.49192,0.82727,0.95859,5.1696
hmc_in_gauss_k2,0,hmc_in_K2|true+gate,4,990,1.3649,1.8629,1.1232,0.77678,0.77975,0.48687,0.79495,0.94848,5.2181
hmc_in_gauss_k2,0,hmc_in_K2|true+gate,5,990,1.3724,1.8834,1.1181,0.7784,0.78029,0.51818,0.80505,0.95051,5.2464
hmc_in_gauss_k2,0,hmc_in_K2|true+gate,6,990,1.4225,2.0235,1.1605,0.80795,0.80887,0.50101,0.80101,0.93636,5.2635
hmc_in_gauss_k2,0,hmc_in_K2|true+gate,7,990,1.4037,1.9705,1.1571,0.80241,0.80402,0.48586,0.79697,0.95657,5.2741
hmc_in_gauss_k2,0,hmc_in_K2|true+gate,8,990,1.4246,2.0296,1.1862,0.81464,0.81672,0.47475,0.8,0.94242,5.2807
hmc_in_gauss_k2,0,hmc_in_K2|true+gate,9,990,1.3465,1.8132,1.0984,0.76767,0.76726,0.53939,0.8101,0.95455,5.2849
hmc_in_gauss_k2,0,hmc_in_K2|true+gate,10,990,1.3605,1.8508,1.1205,0.77742,0.77763,0.52222,0.8101,0.95859,5.2876
hmc_in_gauss_k2,0,hmc_in_K2|true,1,990,1.1946,1.427,0.95719,0.66957,0.67181,0.50101,0.8202,0.94949,4.8916
hmc_in_gauss_k2,0,hmc_in_K2|true,2,990,1.3092,1.7139,1.0561,0.73862,0.7411,0.47475,0.80707,0.95859,5.0804
hmc_in_gauss_k2,0,hmc_in_K2|true,3,990,1.3112,1.7193,1.0683,0.74432,0.74503,0.49192,0.82727,0.95859,5.1696
hmc_in_gauss_k2,0,hmc_in_K2|true,4,990,1.3649,1.8629,1.1232,0.77678,0.77975,0.48687,0.79495,0.94848,5.2181
hmc_in_gauss_k2,0,hmc_in_K2|true,5,990,1.3724,1.8834,1.1181,0.7784,0.78029,0.51818,0.80505,0.95051,5.2464
hmc_in_gauss_k2,0,hmc_in_K2|true,6,990,1.4225,2.0235,1.1605,0.80795,0.80888,0.50101,0.80101,0.93636,5.2635
hmc_in_gauss_k2,0,hmc_in_K2|true,7,990,1.4037,1.9705,1.1571,0.80241,0.80402,0.48586,0.79697,0.95657,5.2741
hmc_in_gauss_k2,0,hmc_in_K2|true,8,990,1.4246,2.0296,1.1862,0.81465,0.81672,0.47475,0.8,0.94242,5.2807
hmc_in_gauss_k2,0,hmc_in_K2|true,9,990,1.3465,1.8132,1.0984,0.76767,0.76726,0.53939,0.8101,0.95455,5.2849
hmc_in_gauss_k2,0,hmc_in_K2|true,10,990,1.3605,1.8508,1.1205,0.77742,0.77763,0.52222,0.8101,0.95859,5.2876
hmc_in_gauss_k2,0,hmc_in_K2|clean,1,990,1.1953,1.4287,0.95796,0.67012,0.67238,0.50202,0.82121,0.94949,4.8856
hmc_in_gauss_k2,0,hmc_in_K2|clean,2,990,1.3113,1.7194,1.0583,0.73988,0.7423,0.47071,0.80505,0.95556,5.0726
hmc_in_gauss_k2,0,hmc_in_K2|clean,3,990,1.3123,1.7221,1.0687,0.74516,0.74578,0.48889,0.82727,0.95859,5.1603
hmc_in_gauss_k2,0,hmc_in_K2|clean,4,990,1.3663,1.8669,1.1237,0.77789,0.78081,0.48283,0.79798,0.94343,5.2078
hmc_in_gauss_k2,0,hmc_in_K2|clean,5,990,1.3727,1.8844,1.118,0.77852,0.78045,0.51818,0.80808,0.95051,5.2353
hmc_in_gauss_k2,0,hmc_in_K2|clean,6,990,1.4238,2.0271,1.1612,0.80879,0.80983,0.50202,0.79697,0.93434,5.2519
hmc_in_gauss_k2,0,hmc_in_K2|clean,7,990,1.4043,1.9721,1.1577,0.80295,0.80453,0.48586,0.79697,0.95556,5.262
hmc_in_gauss_k2,0,hmc_in_K2|clean,8,990,1.4256,2.0323,1.1877,0.81507,0.81724,0.4697,0.79394,0.9404,5.2684
hmc_in_gauss_k2,0,hmc_in_K2|clean,9,990,1.3468,1.8139,1.0988,0.76814,0.76758,0.53636,0.80404,0.95556,5.2723
hmc_in_gauss_k2,0,hmc_in_K2|clean,10,990,1.3611,1.8525,1.1216,0.77795,0.77815,0.52525,0.8101,0.95859,5.2748
hmc_in_gauss_k2,0,hmc_in_K2|raw+gate,1,990,1.1953,1.4288,0.95798,0.67013,0.6724,0.50202,0.82121,0.94949,4.8856
hmc_in_gauss_k2,0,hmc_in_K2|raw+gate,2,990,1.3113,1.7194,1.0582,0.73988,0.7423,0.47071,0.80505,0.95556,5.0727
hmc_in_gauss_k2,0,hmc_in_K2|raw+gate,3,990,1.3123,1.7222,1.0687,0.74517,0.74578,0.48889,0.82727,0.95859,5.1604
hmc_in_gauss_k2,0,hmc_in_K2|raw+gate,4,990,1.3663,1.8669,1.1237,0.77789,0.78081,0.48283,0.79798,0.94343,5.2078
hmc_in_gauss_k2,0,hmc_in_K2|raw+gate,5,990,1.3727,1.8844,1.118,0.77852,0.78045,0.51818,0.80808,0.95051,5.2353
hmc_in_gauss_k2,0,hmc_in_K2|raw+gate,6,990,1.4238,2.0271,1.1612,0.80879,0.80983,0.50202,0.79697,0.93434,5.2519
hmc_in_gauss_k2,0,hmc_in_K2|raw+gate,7,990,1.4043,1.9721,1.1577,0.80295,0.80453,0.48586,0.79697,0.95556,5.262
hmc_in_gauss_k2,0,hmc_in_K2|raw+gate,8,990,1.4256,2.0323,1.1877,0.81506,0.81724,0.4697,0.79394,0.9404,5.2684
hmc_in_gauss_k2,0,hmc_in_K2|raw+gate,9,990,1.3468,1.8139,1.0988,0.76814,0.76758,0.53636,0.80404,0.95556,5.2723
hmc_in_gauss_k2,0,hmc_in_K2|raw+gate,10,990,1.3611,1.8525,1.1216,0.77795,0.77815,0.52525,0.8101,0.95859,5.2748
hmc_in_gauss_k2,0,hmc_in_K2|raw,1,990,1.1953,1.4287,0.95796,0.67012,0.67238,0.50202,0.82121,0.94949,4.8856
hmc_in_gauss_k2,0,hmc_in_K2|raw,2,990,1.3113,1.7194,1.0583,0.73988,0.7423,0.47071,0.80505,0.95556,5.0726
hmc_in_gauss_k2,0,hmc_in_K2|raw,3,990,1.3123,1.7221,1.0687,0.74516,0.74578,0.48889,0.82727,0.95859,5.1603
hmc_in_gauss_k2,0,hmc_in_K2|raw,4,990,1.3663,1.8669,1.1237,0.77789,0.78081,0.48283,0.79798,0.94343,5.2078
hmc_in_gauss_k2,0,hmc_in_K2|raw,5,990,1.3727,1.8844,1.118,0.77852,0.78045,0.51818,0.80808,0.95051,5.2353
hmc_in_gauss_k2,0,hmc_in_K2|raw,6,990,1.4238,2.0271,1.1612,0.80879,0.80983,0.50202,0.79697,0.93434,5.2519
hmc_in_gauss_k2,0,hmc_in_K2|raw,7,990,1.4043,1.9721,1.1577,0.80295,0.80453,0.48586,0.79697,0.95556,5.262
hmc_in_gauss_k2,0,hmc_in_K2|raw,8,990,1.4256,2.0323,1.1877,0.81507,0.81724,0.4697,0.79394,0.9404,5.2684
hmc_in_gauss_k2,0,hmc_in_K2|raw,9,990,1.3468,1.8139,1.0988,0.76814,0.76758,0.53636,0.80404,0.95556,5.2723
hmc_in_gauss_k2,0,hmc_in_K2|raw,10,990,1.3611,1.8525,1.1216,0.77795,0.77815,0.52525,0.8101,0.95859,5.2748
hmc_in_gauss_k2,0,hmc_in_K2|robust+gate,1,990,1.1951,1.4282,0.95779,0.66993,0.6722,0.5,0.81818,0.94848,4.8646
hmc_in_gauss_k2,0,hmc_in_K2|robust+gate,2,990,1.311,1.7187,1.0581,0.73976,0.74219,0.46768,0.80404,0.95556,5.0516
hmc_in_gauss_k2,0,hmc_in_K2|robust+gate,3,990,1.3121,1.7217,1.0685,0.74504,0.74568,0.48586,0.82525,0.95657,5.1392
hmc_in_gauss_k2,0,hmc_in_K2|robust+gate,4,990,1.3662,1.8666,1.1238,0.77794,0.78091,0.48081,0.79697,0.94343,5.1865
hmc_in_gauss_k2,0,hmc_in_K2|robust+gate,5,990,1.3727,1.8843,1.118,0.77848,0.78042,0.51616,0.8,0.94848,5.2139
hmc_in_gauss_k2,0,hmc_in_K2|robust+gate,6,990,1.4238,2.0273,1.1613,0.80884,0.80993,0.49798,0.79697,0.93333,5.2304
hmc_in_gauss_k2,0,hmc_in_K2|robust+gate,7,990,1.4044,1.9724,1.1578,0.80305,0.80467,0.48384,0.79394,0.95455,5.2405
hmc_in_gauss_k2,0,hmc_in_K2|robust+gate,8,990,1.4255,2.0319,1.1875,0.81503,0.81723,0.46768,0.79192,0.93939,5.2468
hmc_in_gauss_k2,0,hmc_in_K2|robust+gate,9,990,1.3468,1.8138,1.0988,0.76802,0.76751,0.53434,0.80303,0.95455,5.2507
hmc_in_gauss_k2,0,hmc_in_K2|robust+gate,10,990,1.3611,1.8527,1.1216,0.77796,0.77823,0.52121,0.8101,0.95556,5.2532
hmc_in_gauss_k2,0,hmc_in_K2|robust,1,990,1.1952,1.4286,0.95788,0.67004,0.67231,0.5,0.81818,0.94848,4.8644
hmc_in_gauss_k2,0,hmc_in_K2|robust,2,990,1.3112,1.7191,1.0582,0.73986,0.74228,0.46768,0.80404,0.95556,5.0516
hmc_in_gauss_k2,0,hmc_in_K2|robust,3,990,1.3121,1.7217,1.0686,0.74505,0.74568,0.48586,0.82525,0.95657,5.1391
hmc_in_gauss_k2,0,hmc_in_K2|robust,4,990,1.3663,1.8667,1.1238,0.77796,0.78093,0.48081,0.79697,0.94343,5.1864
hmc_in_gauss_k2,0,hmc_in_K2|robust,5,990,1.3727,1.8844,1.118,0.7785,0.78044,0.51616,0.8,0.94848,5.2139
hmc_in_gauss_k2,0,hmc_in_K2|robust,6,990,1.4238,2.0273,1.1613,0.80883,0.80992,0.49798,0.79697,0.93333,5.2304
hmc_in_gauss_k2,0,hmc_in_K2|robust,7,990,1.4044,1.9724,1.1578,0.80304,0.80467,0.48384,0.79394,0.95455,5.2405
hmc_in_gauss_k2,0,hmc_in_K2|robust,8,990,1.4255,2.032,1.1876,0.81504,0.81725,0.46768,0.79192,0.93939,5.2468
hmc_in_gauss_k2,0,hmc_in_K2|robust,9,990,1.3468,1.8139,1.0988,0.76803,0.76753,0.53434,0.80303,0.95455,5.2507
hmc_in_gauss_k2,0,hmc_in_K2|robust,10,990,1.3611,1.8527,1.1216,0.77795,0.77822,0.52121,0.8101,0.95556,5.2532
hmc_in_gauss_k2,0,hmc_in_K2|hampel+gate,1,990,1.195,1.4281,0.95775,0.66992,0.67217,0.5,0.81818,0.94848,4.8635
hmc_in_gauss_k2,0,hmc_in_K2|hampel+gate,2,990,1.311,1.7187,1.0581,0.73975,0.74218,0.46768,0.80404,0.95556,5.0505
hmc_in_gauss_k2,0,hmc_in_K2|hampel+gate,3,990,1.3121,1.7217,1.0686,0.74504,0.74568,0.48586,0.82525,0.95657,5.138
hmc_in_gauss_k2,0,hmc_in_K2|hampel+gate,4,990,1.3662,1.8666,1.1237,0.77793,0.7809,0.48081,0.79697,0.94343,5.1853
hmc_in_gauss_k2,0,hmc_in_K2|hampel+gate,5,990,1.3727,1.8844,1.118,0.77849,0.78044,0.51616,0.8,0.94848,5.2127
hmc_in_gauss_k2,0,hmc_in_K2|hampel+gate,6,990,1.4238,2.0273,1.1614,0.80883,0.80994,0.49798,0.79596,0.93333,5.2292
hmc_in_gauss_k2,0,hmc_in_K2|hampel+gate,7,990,1.4044,1.9725,1.1578,0.80305,0.80469,0.48384,0.79394,0.95455,5.2393
hmc_in_gauss_k2,0,hmc_in_K2|hampel+gate,8,990,1.4255,2.032,1.1876,0.81503,0.81725,0.46667,0.79192,0.93939,5.2456
hmc_in_gauss_k2,0,hmc_in_K2|hampel+gate,9,990,1.3468,1.8138,1.0988,0.76801,0.76749,0.53434,0.80303,0.95455,5.2495
hmc_in_gauss_k2,0,hmc_in_K2|hampel+gate,10,990,1.3611,1.8526,1.1216,0.77794,0.77821,0.52121,0.8101,0.95556,5.252
hmc_in_gauss_k2,0,ar1|raw,1,990,1.2479,1.5571,1.0136,0.70762,0.70762,0.49394,0.82222,0.95152,5.0762
hmc_in_gauss_k2,0,ar1|raw,2,990,1.3741,1.8882,1.1296,0.78286,0.78286,0.4596,0.80707,0.97071,5.4619
hmc_in_gauss_k2,0,ar1|raw,3,990,1.3599,1.8493,1.1183,0.7756,0.7756,0.47879,0.8101,0.96869,5.5209
hmc_in_gauss_k2,0,ar1|raw,4,990,1.4182,2.0112,1.1793,0.81361,0.81361,0.44848,0.78586,0.96061,5.5303
hmc_in_gauss_k2,0,ar1|raw,5,990,1.412,1.9937,1.1613,0.80496,0.80496,0.46162,0.79091,0.9596,5.5319
hmc_in_gauss_k2,0,ar1|raw,6,990,1.4421,2.0796,1.1787,0.82145,0.82145,0.44747,0.78889,0.95051,5.5321
hmc_in_gauss_k2,0,ar1|raw,7,990,1.4238,2.0272,1.1748,0.81608,0.81608,0.44444,0.78283,0.96768,5.5322
hmc_in_gauss_k2,0,ar1|raw,8,990,1.4352,2.0597,1.1961,0.82311,0.82311,0.43232,0.78687,0.95455,5.5322
hmc_in_gauss_k2,0,ar1|raw,9,990,1.3552,1.8364,1.1049,0.77226,0.77226,0.47879,0.79495,0.96768,5.5322
hmc_in_gauss_k2,0,ar1|raw,10,990,1.3636,1.8594,1.1251,0.7796,0.7796,0.49293,0.79495,0.96768,5.5322
hmc_in_gauss_k2,0,ar1|raw+gate,1,990,1.2479,1.5571,1.0136,0.70762,0.70762,0.49394,0.82222,0.95152,5.0762
hmc_in_gauss_k2,0,ar1|raw+gate,2,990,1.3741,1.8882,1.1296,0.78286,0.78286,0.4596,0.80707,0.97071,5.4619
hmc_in_gauss_k2,0,ar1|raw+gate,3,990,1.3599,1.8493,1.1183,0.7756,0.7756,0.47879,0.8101,0.96869,5.5209
hmc_in_gauss_k2,0,ar1|raw+gate,4,990,1.4182,2.0112,1.1793,0.81361,0.81361,0.44848,0.78586,0.96061,5.5303
hmc_in_gauss_k2,0,ar1|raw+gate,5,990,1.412,1.9937,1.1613,0.80496,0.80496,0.46162,0.79091,0.9596,5.5319
hmc_in_gauss_k2,0,ar1|raw+gate,6,990,1.4421,2.0796,1.1787,0.82145,0.82145,0.44747,0.78889,0.95051,5.5321
hmc_in_gauss_k2,0,ar1|raw+gate,7,990,1.4238,2.0272,1.1748,0.81608,0.81608,0.44444,0.78283,0.96768,5.5322
hmc_in_gauss_k2,0,ar1|raw+gate,8,990,1.4352,2.0597,1.1961,0.82311,0.82311,0.43232,0.78687,0.95455,5.5322
hmc_in_gauss_k2,0,ar1|raw+gate,9,990,1.3552,1.8364,1.1049,0.77226,0.77226,0.47879,0.79495,0.96768,5.5322
hmc_in_gauss_k2,0,ar1|raw+gate,10,990,1.3636,1.8594,1.1251,0.7796,0.7796,0.49293,0.79495,0.96768,5.5322
hmc_in_gauss_k2,0,ar1|robust+gate,1,990,1.2477,1.5568,1.0133,0.70746,0.70746,0.49091,0.81818,0.95051,5.0574
hmc_in_gauss_k2,0,ar1|robust+gate,2,990,1.3735,1.8864,1.1288,0.78243,0.78243,0.46061,0.80707,0.9697,5.4476
hmc_in_gauss_k2,0,ar1|robust+gate,3,990,1.3594,1.8481,1.1179,0.77532,0.77532,0.47879,0.80909,0.96768,5.5082
hmc_in_gauss_k2,0,ar1|robust+gate,4,990,1.4179,2.0103,1.179,0.81351,0.81351,0.44747,0.78485,0.9596,5.5181
hmc_in_gauss_k2,0,ar1|robust+gate,5,990,1.4118,1.993,1.1611,0.80483,0.80483,0.46061,0.79091,0.9596,5.5197
hmc_in_gauss_k2,0,ar1|robust+gate,6,990,1.442,2.0794,1.1786,0.82145,0.82145,0.44646,0.78687,0.94949,5.52
hmc_in_gauss_k2,0,ar1|robust+gate,7,990,1.4237,2.027,1.1747,0.81611,0.81611,0.44343,0.78283,0.96768,5.52
hmc_in_gauss_k2,0,ar1|robust+gate,8,990,1.435,2.0591,1.196,0.82305,0.82305,0.43232,0.78485,0.95455,5.5201
hmc_in_gauss_k2,0,ar1|robust+gate,9,990,1.3551,1.8362,1.1049,0.77217,0.77217,0.47879,0.79495,0.96768,5.5201
hmc_in_gauss_k2,0,ar1|robust+gate,10,990,1.3637,1.8597,1.1251,0.77968,0.77968,0.49091,0.79495,0.96667,5.5201
hmc_in_gauss_k2,0,persistence|raw,1,990,1.4661,2.1495,1.166,0.82787,,0.50707,0.81818,0.96061,6.0809
hmc_in_gauss_k2,0,persistence|raw,2,990,1.6156,2.6101,1.2685,0.90633,,0.53535,0.80606,0.95455,6.4917
hmc_in_gauss_k2,0,persistence|raw,3,990,1.6953,2.8739,1.3712,0.96186,,0.48586,0.8101,0.96263,6.8531
hmc_in_gauss_k2,0,persistence|raw,4,990,1.6975,2.8815,1.3505,0.9603,,0.51313,0.80404,0.95253,6.9992
hmc_in_gauss_k2,0,persistence|raw,5,990,1.7696,3.1313,1.4201,0.99811,,0.50404,0.81313,0.96162,7.1758
hmc_in_gauss_k2,0,persistence|raw,6,990,1.8346,3.3657,1.4841,1.0406,,0.48788,0.79899,0.95859,7.2458
hmc_in_gauss_k2,0,persistence|raw,7,990,1.7963,3.2266,1.4306,1.0173,,0.51313,0.82323,0.96061,7.3792
hmc_in_gauss_k2,0,persistence|raw,8,990,1.8766,3.5216,1.5149,1.064,,0.4697,0.80101,0.95455,7.4251
hmc_in_gauss_k2,0,persistence|raw,9,990,1.772,3.14,1.4207,1.0039,,0.53434,0.84444,0.96162,7.4889
hmc_in_gauss_k2,0,persistence|raw,10,990,1.8575,3.4503,1.4973,1.0532,,0.5101,0.8303,0.95657,7.5487
hmc_in_gauss_k2,0,ar1|clean,1,990,1.2479,1.5571,1.0136,0.70762,0.70762,0.49394,0.82222,0.95152,5.0762
hmc_in_gauss_k2,0,ar1|clean,2,990,1.3741,1.8882,1.1296,0.78286,0.78286,0.4596,0.80707,0.97071,5.4619
hmc_in_gauss_k2,0,ar1|clean,3,990,1.3599,1.8493,1.1183,0.7756,0.7756,0.47879,0.8101,0.96869,5.5209
hmc_in_gauss_k2,0,ar1|clean,4,990,1.4182,2.0112,1.1793,0.81361,0.81361,0.44848,0.78586,0.96061,5.5303
hmc_in_gauss_k2,0,ar1|clean,5,990,1.412,1.9937,1.1613,0.80496,0.80496,0.46162,0.79091,0.9596,5.5319
hmc_in_gauss_k2,0,ar1|clean,6,990,1.4421,2.0796,1.1787,0.82145,0.82145,0.44747,0.78889,0.95051,5.5321
hmc_in_gauss_k2,0,ar1|clean,7,990,1.4238,2.0272,1.1748,0.81608,0.81608,0.44444,0.78283,0.96768,5.5322
hmc_in_gauss_k2,0,ar1|clean,8,990,1.4352,2.0597,1.1961,0.82311,0.82311,0.43232,0.78687,0.95455,5.5322
hmc_in_gauss_k2,0,ar1|clean,9,990,1.3552,1.8364,1.1049,0.77226,0.77226,0.47879,0.79495,0.96768,5.5322
hmc_in_gauss_k2,0,ar1|clean,10,990,1.3636,1.8594,1.1251,0.7796,0.7796,0.49293,0.79495,0.96768,5.5322
hmc_in_gauss_k2,0,persistence|clean,1,990,1.4661,2.1495,1.166,0.82787,,0.50707,0.81818,0.96061,6.0809
hmc_in_gauss_k2,0,persistence|clean,2,990,1.6156,2.6101,1.2685,0.90633,,0.53535,0.80606,0.95455,6.4917
hmc_in_gauss_k2,0,persistence|clean,3,990,1.6953,2.8739,1.3712,0.96186,,0.48586,0.8101,0.96263,6.8531
hmc_in_gauss_k2,0,persistence|clean,4,990,1.6975,2.8815,1.3505,0.9603,,0.51313,0.80404,0.95253,6.9992
hmc_in_gauss_k2,0,persistence|clean,5,990,1.7696,3.1313,1.4201,0.99811,,0.50404,0.81313,0.96162,7.1758
hmc_in_gauss_k2,0,persistence|clean,6,990,1.8346,3.3657,1.4841,1.0406,,0.48788,0.79899,0.95859,7.2458
hmc_in_gauss_k2,0,persistence|clean,7,990,1.7963,3.2266,1.4306,1.0173,,0.51313,0.82323,0.96061,7.3792
hmc_in_gauss_k2,0,persistence|clean,8,990,1.8766,3.5216,1.5149,1.064,,0.4697,0.80101,0.95455,7.4251
hmc_in_gauss_k2,0,persistence|clean,9,990,1.772,3.14,1.4207,1.0039,,0.53434,0.84444,0.96162,7.4889
hmc_in_gauss_k2,0,persistence|clean,10,990,1.8575,3.4503,1.4973,1.0532,,0.5101,0.8303,0.95657,7.5487
hmc_in_gauss_k2,0.01,hmc_in_K2|true+gate,1,990,1.1939,1.4255,0.95713,0.66922,0.67153,0.50202,0.82121,0.94949,4.893
hmc_in_gauss_k2,0.01,hmc_in_K2|true+gate,2,990,1.3085,1.7121,1.0558,0.73827,0.74076,0.47475,0.80707,0.9596,5.0811
hmc_in_gauss_k2,0.01,hmc_in_K2|true+gate,3,990,1.311,1.7187,1.0685,0.74425,0.74497,0.49192,0.82727,0.95859,5.1699
hmc_in_gauss_k2,0.01,hmc_in_K2|true+gate,4,990,1.3646,1.8621,1.1233,0.77659,0.77958,0.48788,0.79495,0.94848,5.2183
hmc_in_gauss_k2,0.01,hmc_in_K2|true+gate,5,990,1.3726,1.8839,1.1183,0.77856,0.78043,0.51717,0.80505,0.95051,5.2465
hmc_in_gauss_k2,0.01,hmc_in_K2|true+gate,6,990,1.4227,2.024,1.1607,0.80806,0.80898,0.50101,0.80101,0.93636,5.2636
hmc_in_gauss_k2,0.01,hmc_in_K2|true+gate,7,990,1.404,1.9711,1.1573,0.80254,0.80415,0.48485,0.79596,0.95657,5.2742
hmc_in_gauss_k2,0.01,hmc_in_K2|true+gate,8,990,1.4246,2.0294,1.186,0.8146,0.81667,0.47374,0.8,0.94242,5.2808
hmc_in_gauss_k2,0.01,hmc_in_K2|true+gate,9,990,1.3465,1.813,1.0983,0.76763,0.76722,0.53838,0.8101,0.95455,5.285
hmc_in_gauss_k2,0.01,hmc_in_K2|true+gate,10,990,1.3605,1.851,1.1205,0.77745,0.77766,0.52222,0.8101,0.95859,5.2876
hmc_in_gauss_k2,0.01,hmc_in_K2|true,1,990,1.1942,1.4262,0.95674,0.66928,0.67158,0.50303,0.82121,0.94949,4.8912
hmc_in_gauss_k2,0.01,hmc_in_K2|true,2,990,1.3047,1.7023,1.0528,0.73599,0.73857,0.47475,0.80909,0.9596,5.0802
hmc_in_gauss_k2,0.01,hmc_in_K2|true,3,990,1.3106,1.7177,1.0687,0.74423,0.74489,0.4899,0.82626,0.95859,5.1695
hmc_in_gauss_k2,0.01,hmc_in_K2|true,4,990,1.3633,1.8585,1.1222,0.77569,0.77874,0.48788,0.79596,0.94848,5.218
hmc_in_gauss_k2,0.01,hmc_in_K2|true,5,990,1.3727,1.8843,1.1177,0.77845,0.78036,0.51818,0.80505,0.95051,5.2463
hmc_in_gauss_k2,0.01,hmc_in_K2|true,6,990,1.4218,2.0214,1.1595,0.80732,0.80832,0.50202,0.80101,0.93636,5.2635
hmc_in_gauss_k2,0.01,hmc_in_K2|true,7,990,1.4033,1.9694,1.1565,0.80202,0.80369,0.48788,0.79697,0.95657,5.2741
hmc_in_gauss_k2,0.01,hmc_in_K2|true,8,990,1.4238,2.0273,1.1854,0.81416,0.81628,0.47576,0.8,0.94242,5.2807
hmc_in_gauss_k2,0.01,hmc_in_K2|true,9,990,1.3463,1.8126,1.0981,0.76747,0.76709,0.53939,0.8101,0.95455,5.2849
hmc_in_gauss_k2,0.01,hmc_in_K2|true,10,990,1.3603,1.8505,1.1204,0.77737,0.77758,0.52222,0.8101,0.95859,5.2876
hmc_in_gauss_k2,0.01,hmc_in_K2|clean,1,990,1.1953,1.4287,0.95796,0.67012,0.67238,0.50202,0.82121,0.94949,4.8856
hmc_in_gauss_k2,0.01,hmc_in_K2|clean,2,990,1.3113,1.7194,1.0583,0.73988,0.7423,0.47071,0.80505,0.95556,5.0726
hmc_in_gauss_k2,0.01,hmc_in_K2|clean,3,990,1.3123,1.7221,1.0687,0.74516,0.74578,0.48889,0.82727,0.95859,5.1603
hmc_in_gauss_k2,0.01,hmc_in_K2|clean,4,990,1.3663,1.8669,1.1237,0.77789,0.78081,0.48283,0.79798,0.94343,5.2078
hmc_in_gauss_k2,0.01,hmc_in_K2|clean,5,990,1.3727,1.8844,1.118,0.77852,0.78045,0.51818,0.80808,0.95051,5.2353
hmc_in_gauss_k2,0.01,hmc_in_K2|clean,6,990,1.4238,2.0271,1.1612,0.80879,0.80983,0.50202,0.79697,0.93434,5.2519
hmc_in_gauss_k2,0.01,hmc_in_K2|clean,7,990,1.4043,1.9721,1.1577,0.80295,0.80453,0.48586,0.79697,0.95556,5.262
hmc_in_gauss_k2,0.01,hmc_in_K2|clean,8,990,1.4256,2.0323,1.1877,0.81507,0.81724,0.4697,0.79394,0.9404,5.2684
hmc_in_gauss_k2,0.01,hmc_in_K2|clean,9,990,1.3468,1.8139,1.0988,0.76814,0.76758,0.53636,0.80404,0.95556,5.2723
hmc_in_gauss_k2,0.01,hmc_in_K2|clean,10,990,1.3611,1.8525,1.1216,0.77795,0.77815,0.52525,0.8101,0.95859,5.2748
hmc_in_gauss_k2,0.01,hmc_in_K2|raw+gate,1,990,1.2052,1.4524,0.96518,0.68925,0.69108,0.5899,0.87778,0.98283,5.9857
hmc_in_gauss_k2,0.01,hmc_in_K2|raw+gate,2,990,1.3171,1.7348,1.0629,0.75334,0.75249,0.56263,0.86566,0.98081,6.1153
hmc_in_gauss_k2,0.01,hmc_in_K2|raw+gate,3,990,1.3128,1.7234,1.0699,0.7548,0.75314,0.55455,0.89192,0.98485,6.1827
hmc_in_gauss_k2,0.01,hmc_in_K2|raw+gate,4,990,1.3699,1.8766,1.1278,0.78637,0.78673,0.53838,0.85758,0.97576,6.2219
hmc_in_gauss_k2,0.01,hmc_in_K2|raw+gate,5,990,1.3688,1.8737,1.1102,0.78583,0.78241,0.56364,0.86869,0.96869,6.246
hmc_in_gauss_k2,0.01,hmc_in_K2|raw+gate,6,990,1.4277,2.0383,1.1639,0.81639,0.81462,0.55051,0.8596,0.96667,6.2613
hmc_in_gauss_k2,0.01,hmc_in_K2|raw+gate,7,990,1.4074,1.9808,1.16,0.80991,0.80823,0.53232,0.86465,0.97879,6.2711
hmc_in_gauss_k2,0.01,hmc_in_K2|raw+gate,8,990,1.4259,2.0331,1.186,0.82194,0.81832,0.5303,0.86263,0.97475,6.2775
hmc_in_gauss_k2,0.01,hmc_in_K2|raw+gate,9,990,1.3476,1.8161,1.0968,0.77885,0.77434,0.58485,0.86263,0.98081,6.2817
hmc_in_gauss_k2,0.01,hmc_in_K2|raw+gate,10,990,1.3616,1.8539,1.1221,0.78619,0.78362,0.5697,0.89192,0.98182,6.2845
hmc_in_gauss_k2,0.01,hmc_in_K2|raw,1,990,1.2055,1.4532,0.96581,0.68918,0.69136,0.59192,0.87778,0.98283,5.9914
hmc_in_gauss_k2,0.01,hmc_in_K2|raw,2,990,1.3153,1.73,1.0613,0.75208,0.75154,0.56364,0.86768,0.98081,6.1189
hmc_in_gauss_k2,0.01,hmc_in_K2|raw,3,990,1.3149,1.729,1.0721,0.75587,0.75425,0.55455,0.89293,0.98485,6.1853
hmc_in_gauss_k2,0.01,hmc_in_K2|raw,4,990,1.3697,1.8762,1.128,0.78613,0.78665,0.53737,0.85657,0.97576,6.2239
hmc_in_gauss_k2,0.01,hmc_in_K2|raw,5,990,1.3698,1.8763,1.1106,0.78617,0.78285,0.56263,0.8697,0.9697,6.2475
hmc_in_gauss_k2,0.01,hmc_in_K2|raw,6,990,1.4279,2.0388,1.1637,0.81633,0.81469,0.55152,0.86061,0.96667,6.2625
hmc_in_gauss_k2,0.01,hmc_in_K2|raw,7,990,1.4079,1.9821,1.16,0.80991,0.80833,0.53232,0.86566,0.97879,6.2721
hmc_in_gauss_k2,0.01,hmc_in_K2|raw,8,990,1.4263,2.0344,1.1861,0.82208,0.81854,0.5303,0.86263,0.97475,6.2783
hmc_in_gauss_k2,0.01,hmc_in_K2|raw,9,990,1.3481,1.8173,1.097,0.779,0.77454,0.58384,0.86263,0.98081,6.2823
hmc_in_gauss_k2,0.01,hmc_in_K2|raw,10,990,1.3619,1.8548,1.1225,0.78637,0.78381,0.57071,0.89192,0.98182,6.285
hmc_in_gauss_k2,0.01,hmc_in_K2|robust+gate,1,990,1.1943,1.4263,0.95776,0.66954,0.67188,0.5,0.8202,0.94747,4.8683
hmc_in_gauss_k2,0.01,hmc_in_K2|robust+gate,2,990,1.3104,1.7172,1.0579,0.73948,0.74194,0.46667,0.80404,0.95657,5.0544
hmc_in_gauss_k2,0.01,hmc_in_K2|robust+gate,3,990,1.312,1.7213,1.0688,0.74509,0.74572,0.48586,0.82525,0.95657,5.1415
hmc_in_gauss_k2,0.01,hmc_in_K2|robust+gate,4,990,1.3662,1.8664,1.124,0.77788,0.78086,0.48182,0.79697,0.94343,5.1886
hmc_in_gauss_k2,0.01,hmc_in_K2|robust+gate,5,990,1.3729,1.8849,1.1183,0.77868,0.78058,0.51616,0.80101,0.94949,5.2159
hmc_in_gauss_k2,0.01,hmc_in_K2|robust+gate,6,990,1.424,2.0277,1.1614,0.8089,0.80997,0.5,0.79798,0.93333,5.2323
hmc_in_gauss_k2,0.01,hmc_in_K2|robust+gate,7,990,1.4046,1.973,1.158,0.80321,0.80481,0.48384,0.79394,0.95455,5.2424
hmc_in_gauss_k2,0.01,hmc_in_K2|robust+gate,8,990,1.4254,2.0318,1.1875,0.81503,0.81723,0.46869,0.79293,0.93939,5.2487
hmc_in_gauss_k2,0.01,hmc_in_K2|robust+gate,9,990,1.3467,1.8135,1.0987,0.76792,0.76743,0.53333,0.80303,0.95556,5.2526
hmc_in_gauss_k2,0.01,hmc_in_K2|robust+gate,10,990,1.3613,1.8533,1.1217,0.77806,0.77836,0.52222,0.8101,0.95556,5.2551
hmc_in_gauss_k2,0.01,hmc_in_K2|robust,1,990,1.1948,1.4276,0.95742,0.66978,0.67211,0.50101,0.81919,0.94747,4.8662
hmc_in_gauss_k2,0.01,hmc_in_K2|robust,2,990,1.3068,1.7078,1.055,0.73732,0.73985,0.46667,0.80505,0.95657,5.0533
hmc_in_gauss_k2,0.01,hmc_in_K2|robust,3,990,1.3116,1.7204,1.0692,0.74511,0.74566,0.48384,0.82424,0.95657,5.1409
hmc_in_gauss_k2,0.01,hmc_in_K2|robust,4,990,1.3649,1.8629,1.123,0.77702,0.78006,0.48182,0.79697,0.94343,5.1882
hmc_in_gauss_k2,0.01,hmc_in_K2|robust,5,990,1.373,1.8852,1.1178,0.77859,0.78052,0.51717,0.80101,0.94949,5.2157
hmc_in_gauss_k2,0.01,hmc_in_K2|robust,6,990,1.4231,2.0251,1.1603,0.80815,0.80931,0.5,0.79798,0.93333,5.2322
hmc_in_gauss_k2,0.01,hmc_in_K2|robust,7,990,1.404,1.9712,1.1572,0.80269,0.80435,0.48485,0.79495,0.95455,5.2423
hmc_in_gauss_k2,0.01,hmc_in_K2|robust,8,990,1.4247,2.0298,1.187,0.81464,0.81686,0.4697,0.79293,0.93939,5.2486
hmc_in_gauss_k2,0.01,hmc_in_K2|robust,9,990,1.3465,1.8132,1.0985,0.76778,0.76732,0.53434,0.80303,0.95556,5.2526
hmc_in_gauss_k2,0.01,hmc_in_K2|robust,10,990,1.3612,1.8528,1.1216,0.77798,0.77827,0.52222,0.8101,0.95657,5.255
hmc_in_gauss_k2,0.01,hmc_in_K2|hampel+gate,1,990,1.1943,1.4263,0.95776,0.66954,0.67188,0.5,0.8202,0.94747,4.8683
hmc_in_gauss_k2,0.01,hmc_in_K2|hampel+gate,2,990,1.3104,1.7172,1.0579,0.73948,0.74194,0.46667,0.80404,0.95657,5.0544
hmc_in_gauss_k2,0.01,hmc_in_K2|hampel+gate,3,990,1.312,1.7213,1.0688,0.74509,0.74572,0.48586,0.82525,0.95657,5.1415
hmc_in_gauss_k2,0.01,hmc_in_K2|hampel+gate,4,990,1.3662,1.8664,1.124,0.77788,0.78086,0.48182,0.79697,0.94343,5.1886
hmc_in_gauss_k2,0.01,hmc_in_K2|hampel+gate,5,990,1.3729,1.8849,1.1183,0.77868,0.78058,0.51616,0.80101,0.94949,5.2159
hmc_in_gauss_k2,0.01,hmc_in_K2|hampel+gate,6,990,1.424,2.0277,1.1614,0.8089,0.80997,0.5,0.79798,0.93333,5.2323
hmc_in_gauss_k2,0.01,hmc_in_K2|hampel+gate,7,990,1.4046,1.973,1.158,0.80321,0.80481,0.48384,0.79394,0.95455,5.2424
hmc_in_gauss_k2,0.01,hmc_in_K2|hampel+gate,8,990,1.4254,2.0318,1.1875,0.81503,0.81723,0.46869,0.79293,0.93939,5.2487
hmc_in_gauss_k2,0.01,hmc_in_K2|hampel+gate,9,990,1.3467,1.8135,1.0987,0.76792,0.76743,0.53333,0.80303,0.95556,5.2526
hmc_in_gauss_k2,0.01,hmc_in_K2|hampel+gate,10,990,1.3613,1.8533,1.1217,0.77806,0.77836,0.52222,0.8101,0.95556,5.2551
hmc_in_gauss_k2,0.01,ar1|raw,1,990,1.2724,1.619,1.0387,0.73126,0.73126,0.57475,0.89798,0.98687,6.2037
hmc_in_gauss_k2,0.01,ar1|raw,2,990,1.3922,1.9383,1.1515,0.79774,0.79774,0.51717,0.88384,0.98485,6.4542
hmc_in_gauss_k2,0.01,ar1|raw,3,990,1.3677,1.8705,1.1292,0.78584,0.78584,0.54545,0.89091,0.98889,6.4749
hmc_in_gauss_k2,0.01,ar1|raw,4,990,1.426,2.0334,1.1873,0.81961,0.81961,0.51111,0.86162,0.99091,6.4767
hmc_in_gauss_k2,0.01,ar1|raw,5,990,1.4132,1.997,1.159,0.80846,0.80846,0.54242,0.86566,0.98485,6.4768
hmc_in_gauss_k2,0.01,ar1|raw,6,990,1.4456,2.0896,1.1811,0.82534,0.82534,0.51717,0.86263,0.98485,6.4769
hmc_in_gauss_k2,0.01,ar1|raw,7,990,1.425,2.0307,1.1762,0.81834,0.81834,0.5202,0.84949,0.99192,6.4769
hmc_in_gauss_k2,0.01,ar1|raw,8,990,1.4356,2.061,1.1946,0.82392,0.82392,0.51111,0.87071,0.98687,6.4769
hmc_in_gauss_k2,0.01,ar1|raw,9,990,1.3558,1.8381,1.1032,0.77867,0.77867,0.56465,0.87576,0.99192,6.4769
hmc_in_gauss_k2,0.01,ar1|raw,10,990,1.3634,1.8587,1.1257,0.78463,0.78463,0.55354,0.88586,0.99192,6.4769
hmc_in_gauss_k2,0.01,ar1|raw+gate,1,990,1.2649,1.5999,1.0329,0.72746,0.72746,0.57778,0.9,0.98788,6.2052
hmc_in_gauss_k2,0.01,ar1|raw+gate,2,990,1.3948,1.9456,1.154,0.79927,0.79927,0.51616,0.88283,0.98485,6.4543
hmc_in_gauss_k2,0.01,ar1|raw+gate,3,990,1.3678,1.871,1.1293,0.78592,0.78592,0.54444,0.8899,0.98889,6.4749
hmc_in_gauss_k2,0.01,ar1|raw+gate,4,990,1.4262,2.0342,1.1876,0.81976,0.81976,0.51111,0.86162,0.99091,6.4767
hmc_in_gauss_k2,0.01,ar1|raw+gate,5,990,1.4132,1.997,1.159,0.80847,0.80847,0.54242,0.86566,0.98485,6.4768
hmc_in_gauss_k2,0.01,ar1|raw+gate,6,990,1.4456,2.0897,1.1812,0.82536,0.82536,0.51717,0.86263,0.98485,6.4769
hmc_in_gauss_k2,0.01,ar1|raw+gate,7,990,1.425,2.0307,1.1762,0.81834,0.81834,0.5202,0.84949,0.99192,6.4769
hmc_in_gauss_k2,0.01,ar1|raw+gate,8,990,1.4356,2.061,1.1946,0.82392,0.82392,0.51111,0.87071,0.98687,6.4769
hmc_in_gauss_k2,0.01,ar1|raw+gate,9,990,1.3558,1.8381,1.1032,0.77867,0.77867,0.56465,0.87576,0.99192,6.4769
hmc_in_gauss_k2,0.01,ar1|raw+gate,10,990,1.3634,1.8587,1.1257,0.78463,0.78463,0.55354,0.88586,0.99192,6.4769
hmc_in_gauss_k2,0.01,ar1|robust+gate,1,990,1.2487,1.5592,1.0151,0.70822,0.70822,0.48889,0.82121,0.95051,5.0609
hmc_in_gauss_k2,0.01,ar1|robust+gate,2,990,1.3725,1.8836,1.1286,0.78194,0.78194,0.4596,0.80707,0.97071,5.45
hmc_in_gauss_k2,0.01,ar1|robust+gate,3,990,1.359,1.847,1.1177,0.77516,0.77516,0.47576,0.81212,0.96768,5.5104
hmc_in_gauss_k2,0.01,ar1|robust+gate,4,990,1.4178,2.0102,1.1789,0.81345,0.81345,0.44747,0.78586,0.9596,5.5202
hmc_in_gauss_k2,0.01,ar1|robust+gate,5,990,1.4117,1.9928,1.1609,0.80477,0.80477,0.46162,0.79091,0.95859,5.5219
hmc_in_gauss_k2,0.01,ar1|robust+gate,6,990,1.4419,2.0791,1.1785,0.82136,0.82136,0.44747,0.78889,0.94949,5.5222
hmc_in_gauss_k2,0.01,ar1|robust+gate,7,990,1.4237,2.027,1.1746,0.81609,0.81609,0.44444,0.78283,0.96768,5.5222
hmc_in_gauss_k2,0.01,ar1|robust+gate,8,990,1.435,2.0591,1.196,0.82305,0.82305,0.43232,0.78485,0.95354,5.5222
hmc_in_gauss_k2,0.01,ar1|robust+gate,9,990,1.3551,1.8362,1.1048,0.77215,0.77215,0.47879,0.79495,0.96768,5.5222
hmc_in_gauss_k2,0.01,ar1|robust+gate,10,990,1.3639,1.8601,1.1252,0.77976,0.77976,0.49091,0.79495,0.96768,5.5222
hmc_in_gauss_k2,0.01,persistence|raw,1,990,1.5669,2.4553,1.1998,0.86092,,0.51717,0.83434,0.97475,6.8509
hmc_in_gauss_k2,0.01,persistence|raw,2,990,1.6842,2.8364,1.2916,0.92879,,0.54242,0.82121,0.96465,7.208
hmc_in_gauss_k2,0.01,persistence|raw,3,990,1.7805,3.1702,1.4023,0.99013,,0.49091,0.82121,0.97677,7.5962
hmc_in_gauss_k2,0.01,persistence|raw,4,990,1.7714,3.1379,1.3759,0.98564,,0.5202,0.82626,0.97273,7.7484
hmc_in_gauss_k2,0.01,persistence|raw,5,990,1.8607,3.4621,1.4519,1.0284,,0.5202,0.82424,0.96869,7.9259
hmc_in_gauss_k2,0.01,persistence|raw,6,990,1.8995,3.6081,1.5088,1.0643,,0.49293,0.81818,0.97475,7.9475
hmc_in_gauss_k2,0.01,persistence|raw,7,990,1.8666,3.484,1.4563,1.0424,,0.5202,0.83737,0.97273,8.1328
hmc_in_gauss_k2,0.01,persistence|raw,8,990,1.9474,3.7923,1.5399,1.0883,,0.48788,0.81414,0.96768,8.1339
hmc_in_gauss_k2,0.01,persistence|raw,9,990,1.8661,3.4822,1.4502,1.0341,,0.54848,0.85152,0.97576,8.1831
hmc_in_gauss_k2,0.01,persistence|raw,10,990,1.9368,3.7513,1.5254,1.0807,,0.51818,0.84141,0.97475,8.2541
hmc_in_gauss_k2,0.01,ar1|clean,1,990,1.2479,1.5571,1.0136,0.70762,0.70762,0.49394,0.82222,0.95152,5.0762
hmc_in_gauss_k2,0.01,ar1|clean,2,990,1.3741,1.8882,1.1296,0.78286,0.78286,0.4596,0.80707,0.97071,5.4619
hmc_in_gauss_k2,0.01,ar1|clean,3,990,1.3599,1.8493,1.1183,0.7756,0.7756,0.47879,0.8101,0.96869,5.5209
hmc_in_gauss_k2,0.01,ar1|clean,4,990,1.4182,2.0112,1.1793,0.81361,0.81361,0.44848,0.78586,0.96061,5.5303
hmc_in_gauss_k2,0.01,ar1|clean,5,990,1.412,1.9937,1.1613,0.80496,0.80496,0.46162,0.79091,0.9596,5.5319
hmc_in_gauss_k2,0.01,ar1|clean,6,990,1.4421,2.0796,1.1787,0.82145,0.82145,0.44747,0.78889,0.95051,5.5321
hmc_in_gauss_k2,0.01,ar1|clean,7,990,1.4238,2.0272,1.1748,0.81608,0.81608,0.44444,0.78283,0.96768,5.5322
hmc_in_gauss_k2,0.01,ar1|clean,8,990,1.4352,2.0597,1.1961,0.82311,0.82311,0.43232,0.78687,0.95455,5.5322
hmc_in_gauss_k2,0.01,ar1|clean,9,990,1.3552,1.8364,1.1049,0.77226,0.77226,0.47879,0.79495,0.96768,5.5322
hmc_in_gauss_k2,0.01,ar1|clean,10,990,1.3636,1.8594,1.1251,0.7796,0.7796,0.49293,0.79495,0.96768,5.5322
hmc_in_gauss_k2,0.01,persistence|clean,1,990,1.4661,2.1495,1.166,0.82787,,0.50707,0.81818,0.96061,6.0809
hmc_in_gauss_k2,0.01,persistence|clean,2,990,1.6156,2.6101,1.2685,0.90633,,0.53535,0.80606,0.95455,6.4917
hmc_in_gauss_k2,0.01,persistence|clean,3,990,1.6953,2.8739,1.3712,0.96186,,0.48586,0.8101,0.96263,6.8531
hmc_in_gauss_k2,0.01,persistence|clean,4,990,1.6975,2.8815,1.3505,0.9603,,0.51313,0.80404,0.95253,6.9992
hmc_in_gauss_k2,0.01,persistence|clean,5,990,1.7696,3.1313,1.4201,0.99811,,0.50404,0.81313,0.96162,7.1758
hmc_in_gauss_k2,0.01,persistence|clean,6,990,1.8346,3.3657,1.4841,1.0406,,0.48788,0.79899,0.95859,7.2458
hmc_in_gauss_k2,0.01,persistence|clean,7,990,1.7963,3.2266,1.4306,1.0173,,0.51313,0.82323,0.96061,7.3792
hmc_in_gauss_k2,0.01,persistence|clean,8,990,1.8766,3.5216,1.5149,1.064,,0.4697,0.80101,0.95455,7.4251
hmc_in_gauss_k2,0.01,persistence|clean,9,990,1.772,3.14,1.4207,1.0039,,0.53434,0.84444,0.96162,7.4889
hmc_in_gauss_k2,0.01,persistence|clean,10,990,1.8575,3.4503,1.4973,1.0532,,0.5101,0.8303,0.95657,7.5487
hmc_in_gauss_k2,0.05,hmc_in_K2|true+gate,1,990,1.2041,1.4499,0.96531,0.67516,0.67744,0.50202,0.81717,0.94848,4.9022
hmc_in_gauss_k2,0.05,hmc_in_K2|true+gate,2,990,1.3186,1.7387,1.0639,0.74415,0.7465,0.47778,0.80404,0.95758,5.0854
hmc_in_gauss_k2,0.05,hmc_in_K2|true+gate,3,990,1.3149,1.729,1.0727,0.74687,0.7474,0.48788,0.82626,0.95859,5.1723
hmc_in_gauss_k2,0.05,hmc_in_K2|true+gate,4,990,1.3679,1.8711,1.1259,0.77892,0.78173,0.48182,0.79495,0.94848,5.2197
hmc_in_gauss_k2,0.05,hmc_in_K2|true+gate,5,990,1.3741,1.8881,1.1201,0.77971,0.78146,0.51515,0.80707,0.95051,5.2473
hmc_in_gauss_k2,0.05,hmc_in_K2|true+gate,6,990,1.4243,2.0285,1.1616,0.80903,0.8099,0.50101,0.79798,0.93636,5.2641
hmc_in_gauss_k2,0.05,hmc_in_K2|true+gate,7,990,1.405,1.9739,1.1572,0.80279,0.80443,0.48384,0.79697,0.95657,5.2745
hmc_in_gauss_k2,0.05,hmc_in_K2|true+gate,8,990,1.4254,2.0319,1.1871,0.81525,0.81726,0.47374,0.79899,0.94343,5.281
hmc_in_gauss_k2,0.05,hmc_in_K2|true+gate,9,990,1.3474,1.8154,1.0986,0.76816,0.76772,0.5404,0.80909,0.95455,5.2851
hmc_in_gauss_k2,0.05,hmc_in_K2|true+gate,10,990,1.3608,1.8519,1.1208,0.77771,0.77789,0.52121,0.8101,0.95859,5.2877
hmc_in_gauss_k2,0.05,hmc_in_K2|true,1,990,1.239,1.535,0.99426,0.69797,0.69863,0.4899,0.80202,0.94242,4.8827
hmc_in_gauss_k2,0.05,hmc_in_K2|true,2,990,1.3472,1.8149,1.0856,0.76196,0.76297,0.4697,0.78687,0.95657,5.0762
hmc_in_gauss_k2,0.05,hmc_in_K2|true,3,990,1.3327,1.7761,1.0842,0.75725,0.75696,0.48788,0.82121,0.95455,5.1673
hmc_in_gauss_k2,0.05,hmc_in_K2|true,4,990,1.3818,1.9093,1.1411,0.78905,0.79075,0.47778,0.79091,0.94848,5.2168
hmc_in_gauss_k2,0.05,hmc_in_K2|true,5,990,1.3795,1.903,1.123,0.78279,0.78433,0.51414,0.80606,0.94949,5.2456
hmc_in_gauss_k2,0.05,hmc_in_K2|true,6,990,1.4309,2.0474,1.1675,0.81332,0.81375,0.50101,0.79798,0.93737,5.263
hmc_in_gauss_k2,0.05,hmc_in_K2|true,7,990,1.4062,1.9774,1.1597,0.8041,0.80554,0.48283,0.79596,0.95758,5.2738
hmc_in_gauss_k2,0.05,hmc_in_K2|true,8,990,1.4258,2.033,1.1869,0.81561,0.81757,0.47273,0.8,0.94545,5.2806
hmc_in_gauss_k2,0.05,hmc_in_K2|true,9,990,1.3487,1.8191,1.1003,0.76915,0.76859,0.53636,0.8101,0.95455,5.2848
hmc_in_gauss_k2,0.05,hmc_in_K2|true,10,990,1.3602,1.8502,1.1206,0.77739,0.77757,0.5202,0.81111,0.95859,5.2875
hmc_in_gauss_k2,0.05,hmc_in_K2|clean,1,990,1.1953,1.4287,0.95796,0.67012,0.67238,0.50202,0.82121,0.94949,4.8856
hmc_in_gauss_k2,0.05,hmc_in_K2|clean,2,990,1.3113,1.7194,1.0583,0.73988,0.7423,0.47071,0.80505,0.95556,5.0726
hmc_in_gauss_k2,0.05,hmc_in_K2|clean,3,990,1.3123,1.7221,1.0687,0.74516,0.74578,0.48889,0.82727,0.95859,5.1603
hmc_in_gauss_k2,0.05,hmc_in_K2|clean,4,990,1.3663,1.8669,1.1237,0.77789,0.78081,0.48283,0.79798,0.94343,5.2078
hmc_in_gauss_k2,0.05,hmc_in_K2|clean,5,990,1.3727,1.8844,1.118,0.77852,0.78045,0.51818,0.80808,0.95051,5.2353
hmc_in_gauss_k2,0.05,hmc_in_K2|clean,6,990,1.4238,2.0271,1.1612,0.80879,0.80983,0.50202,0.79697,0.93434,5.2519
hmc_in_gauss_k2,0.05,hmc_in_K2|clean,7,990,1.4043,1.9721,1.1577,0.80295,0.80453,0.48586,0.79697,0.95556,5.262
hmc_in_gauss_k2,0.05,hmc_in_K2|clean,8,990,1.4256,2.0323,1.1877,0.81507,0.81724,0.4697,0.79394,0.9404,5.2684
hmc_in_gauss_k2,0.05,hmc_in_K2|clean,9,990,1.3468,1.8139,1.0988,0.76814,0.76758,0.53636,0.80404,0.95556,5.2723
hmc_in_gauss_k2,0.05,hmc_in_K2|clean,10,990,1.3611,1.8525,1.1216,0.77795,0.77815,0.52525,0.8101,0.95859,5.2748
hmc_in_gauss_k2,0.05,hmc_in_K2|raw+gate,1,990,1.4284,2.0403,1.1776,0.80502,0.87015,0.48182,0.85556,0.98283,10.96
hmc_in_gauss_k2,0.05,hmc_in_K2|raw+gate,2,990,1.4691,2.1582,1.2131,0.82967,0.88498,0.46364,0.84343,0.98081,11.162
hmc_in_gauss_k2,0.05,hmc_in_K2|raw+gate,3,990,1.417,2.0079,1.1713,0.79943,0.8632,0.49798,0.85556,0.98788,11.162
hmc_in_gauss_k2,0.05,hmc_in_K2|raw+gate,4,990,1.4842,2.2029,1.2289,0.83386,0.89288,0.46566,0.82828,0.97879,11.162
hmc_in_gauss_k2,0.05,hmc_in_K2|raw+gate,5,990,1.4594,2.13,1.1798,0.81991,0.87952,0.49394,0.84141,0.97576,11.162
hmc_in_gauss_k2,0.05,hmc_in_K2|raw+gate,6,990,1.5028,2.2585,1.2244,0.83777,0.89861,0.47576,0.83333,0.97172,11.162
hmc_in_gauss_k2,0.05,hmc_in_K2|raw+gate,7,990,1.4768,2.1808,1.2179,0.83081,0.88967,0.47778,0.82929,0.98586,11.162
hmc_in_gauss_k2,0.05,hmc_in_K2|raw+gate,8,990,1.4826,2.1982,1.2177,0.83642,0.89155,0.4697,0.83838,0.97778,11.162
hmc_in_gauss_k2,0.05,hmc_in_K2|raw+gate,9,990,1.4079,1.9822,1.1371,0.78864,0.85839,0.52626,0.84949,0.98586,11.162
hmc_in_gauss_k2,0.05,hmc_in_K2|raw+gate,10,990,1.4124,1.9948,1.162,0.7952,0.86182,0.50505,0.86162,0.98586,11.162
hmc_in_gauss_k2,0.05,hmc_in_K2|raw,1,990,1.4284,2.0403,1.1776,0.80502,0.87015,0.48182,0.85556,0.98283,10.96
hmc_in_gauss_k2,0.05,hmc_in_K2|raw,2,990,1.4691,2.1582,1.2131,0.82967,0.88498,0.46364,0.84343,0.98081,11.162
hmc_in_gauss_k2,0.05,hmc_in_K2|raw,3,990,1.417,2.0079,1.1713,0.79943,0.8632,0.49798,0.85556,0.98788,11.162
hmc_in_gauss_k2,0.05,hmc_in_K2|raw,4,990,1.4842,2.2029,1.2289,0.83386,0.89288,0.46566,0.82828,0.97879,11.162
hmc_in_gauss_k2,0.05,hmc_in_K2|raw,5,990,1.4594,2.13,1.1798,0.81991,0.87952,0.49394,0.84141,0.97576,11.162
hmc_in_gauss_k2,0.05,hmc_in_K2|raw,6,990,1.5028,2.2585,1.2244,0.83777,0.89861,0.47576,0.83333,0.97172,11.162
hmc_in_gauss_k2,0.05,hmc_in_K2|raw,7,990,1.4768,2.1808,1.2179,0.83081,0.88967,0.47778,0.82929,0.98586,11.162
hmc_in_gauss_k2,0.05,hmc_in_K2|raw,8,990,1.4826,2.1982,1.2177,0.83642,0.89155,0.4697,0.83838,0.97778,11.162
hmc_in_gauss_k2,0.05,hmc_in_K2|raw,9,990,1.4079,1.9822,1.1371,0.78864,0.85839,0.52626,0.84949,0.98586,11.162
hmc_in_gauss_k2,0.05,hmc_in_K2|raw,10,990,1.4124,1.9948,1.162,0.7952,0.86182,0.50505,0.86162,0.98586,11.162
hmc_in_gauss_k2,0.05,hmc_in_K2|robust+gate,1,990,1.4275,2.0376,1.1772,0.80478,0.86855,0.48283,0.85455,0.98283,10.924
hmc_in_gauss_k2,0.05,hmc_in_K2|robust+gate,2,990,1.4685,2.1566,1.2129,0.8295,0.88367,0.46364,0.84343,0.98081,11.127
hmc_in_gauss_k2,0.05,hmc_in_K2|robust+gate,3,990,1.4163,2.006,1.1705,0.79923,0.86172,0.49697,0.85455,0.98788,11.127
hmc_in_gauss_k2,0.05,hmc_in_K2|robust+gate,4,990,1.4833,2.2002,1.2284,0.83368,0.89165,0.46566,0.82727,0.97879,11.127
hmc_in_gauss_k2,0.05,hmc_in_K2|robust+gate,5,990,1.4588,2.1282,1.1794,0.81973,0.8781,0.49394,0.84141,0.97576,11.127
hmc_in_gauss_k2,0.05,hmc_in_K2|robust+gate,6,990,1.502,2.2559,1.2238,0.83756,0.89719,0.47576,0.83333,0.97172,11.127
hmc_in_gauss_k2,0.05,hmc_in_K2|robust+gate,7,990,1.4759,2.1783,1.2172,0.83059,0.88821,0.47778,0.82828,0.98586,11.127
hmc_in_gauss_k2,0.05,hmc_in_K2|robust+gate,8,990,1.4822,2.1969,1.2177,0.83626,0.89026,0.4697,0.83737,0.97778,11.127
hmc_in_gauss_k2,0.05,hmc_in_K2|robust+gate,9,990,1.407,1.9795,1.1364,0.78841,0.85683,0.52626,0.84949,0.98586,11.127
hmc_in_gauss_k2,0.05,hmc_in_K2|robust+gate,10,990,1.4111,1.9912,1.1611,0.79495,0.86028,0.50505,0.86162,0.98586,11.127
hmc_in_gauss_k2,0.05,hmc_in_K2|robust,1,990,1.4275,2.0376,1.1772,0.80478,0.86855,0.48283,0.85455,0.98283,10.924
hmc_in_gauss_k2,0.05,hmc_in_K2|robust,2,990,1.4685,2.1566,1.2129,0.8295,0.88367,0.46364,0.84343,0.98081,11.127
hmc_in_gauss_k2,0.05,hmc_in_K2|robust,3,990,1.4163,2.006,1.1705,0.79923,0.86172,0.49697,0.85455,0.98788,11.127
hmc_in_gauss_k2,0.05,hmc_in_K2|robust,4,990,1.4833,2.2002,1.2284,0.83368,0.89165,0.46566,0.82727,0.97879,11.127
hmc_in_gauss_k2,0.05,hmc_in_K2|robust,5,990,1.4588,2.1282,1.1794,0.81973,0.8781,0.49394,0.84141,0.97576,11.127
hmc_in_gauss_k2,0.05,hmc_in_K2|robust,6,990,1.502,2.2559,1.2238,0.83756,0.89719,0.47576,0.83333,0.97172,11.127
hmc_in_gauss_k2,0.05,hmc_in_K2|robust,7,990,1.4759,2.1783,1.2172,0.83059,0.88821,0.47778,0.82828,0.98586,11.127
hmc_in_gauss_k2,0.05,hmc_in_K2|robust,8,990,1.4822,2.1969,1.2177,0.83626,0.89026,0.4697,0.83737,0.97778,11.127
hmc_in_gauss_k2,0.05,hmc_in_K2|robust,9,990,1.407,1.9795,1.1364,0.78841,0.85683,0.52626,0.84949,0.98586,11.127
hmc_in_gauss_k2,0.05,hmc_in_K2|robust,10,990,1.4111,1.9912,1.1611,0.79495,0.86028,0.50505,0.86162,0.98586,11.127
hmc_in_gauss_k2,0.05,hmc_in_K2|hampel+gate,1,990,1.2043,1.4503,0.96601,0.67544,0.67775,0.5,0.81818,0.94848,4.8785
hmc_in_gauss_k2,0.05,hmc_in_K2|hampel+gate,2,990,1.3206,1.744,1.0663,0.74542,0.74775,0.47071,0.79899,0.95455,5.0586
hmc_in_gauss_k2,0.05,hmc_in_K2|hampel+gate,3,990,1.315,1.7293,1.0724,0.74721,0.74764,0.48384,0.82727,0.95657,5.1434
hmc_in_gauss_k2,0.05,hmc_in_K2|hampel+gate,4,990,1.369,1.8741,1.126,0.77982,0.7827,0.4798,0.79596,0.94343,5.1893
hmc_in_gauss_k2,0.05,hmc_in_K2|hampel+gate,5,990,1.3741,1.8883,1.1197,0.77971,0.7815,0.5101,0.80505,0.94848,5.216
hmc_in_gauss_k2,0.05,hmc_in_K2|hampel+gate,6,990,1.4257,2.0326,1.1623,0.80996,0.81103,0.50202,0.79394,0.93434,5.232
hmc_in_gauss_k2,0.05,hmc_in_K2|hampel+gate,7,990,1.4057,1.9761,1.1577,0.80345,0.80512,0.47879,0.79192,0.95455,5.2418
hmc_in_gauss_k2,0.05,hmc_in_K2|hampel+gate,8,990,1.4262,2.034,1.1883,0.81563,0.81779,0.46566,0.79091,0.9404,5.248
hmc_in_gauss_k2,0.05,hmc_in_K2|hampel+gate,9,990,1.3475,1.8158,1.099,0.76861,0.76801,0.53636,0.80202,0.95556,5.2518
hmc_in_gauss_k2,0.05,hmc_in_K2|hampel+gate,10,990,1.3619,1.8546,1.1224,0.77845,0.77873,0.52121,0.81212,0.95455,5.2542
hmc_in_gauss_k2,0.05,ar1|raw,1,990,1.4059,1.9764,1.1458,0.85577,0.85577,0.7202,0.96263,1,9.0177
hmc_in_gauss_k2,0.05,ar1|raw,2,990,1.4653,2.147,1.2082,0.88324,0.88324,0.6899,0.96566,0.99899,9.0753
hmc_in_gauss_k2,0.05,ar1|raw,3,990,1.4168,2.0074,1.171,0.86315,0.86315,0.7101,0.97374,0.99899,9.0762
hmc_in_gauss_k2,0.05,ar1|raw,4,990,1.4843,2.203,1.2289,0.89293,0.89293,0.6798,0.96768,0.99899,9.0762
hmc_in_gauss_k2,0.05,ar1|raw,5,990,1.4595,2.1301,1.1798,0.87958,0.87958,0.70707,0.95758,0.99899,9.0762
hmc_in_gauss_k2,0.05,ar1|raw,6,990,1.5029,2.2587,1.2244,0.89866,0.89866,0.68384,0.95253,0.99697,9.0762
hmc_in_gauss_k2,0.05,ar1|raw,7,990,1.4769,2.1811,1.218,0.88974,0.88974,0.67778,0.96667,1,9.0762
hmc_in_gauss_k2,0.05,ar1|raw,8,990,1.4826,2.1982,1.2178,0.8916,0.8916,0.69394,0.96667,1,9.0762
hmc_in_gauss_k2,0.05,ar1|raw,9,990,1.408,1.9825,1.1372,0.85846,0.85846,0.72323,0.97273,0.99899,9.0762
hmc_in_gauss_k2,0.05,ar1|raw,10,990,1.4125,1.9951,1.162,0.86191,0.86191,0.70505,0.97273,1,9.0762
hmc_in_gauss_k2,0.05,ar1|raw+gate,1,990,1.3939,1.9428,1.1405,0.85107,0.85107,0.72323,0.96667,1,9.0193
hmc_in_gauss_k2,0.05,ar1|raw+gate,2,990,1.465,2.1462,1.2088,0.88324,0.88324,0.69091,0.96667,1,9.0753
hmc_in_gauss_k2,0.05,ar1|raw+gate,3,990,1.4167,2.0072,1.171,0.86312,0.86312,0.7101,0.97374,0.99899,9.0762
hmc_in_gauss_k2,0.05,ar1|raw+gate,4,990,1.4842,2.203,1.2289,0.89293,0.89293,0.68081,0.96768,0.99899,9.0762
hmc_in_gauss_k2,0.05,ar1|raw+gate,5,990,1.4595,2.1301,1.1798,0.87958,0.87958,0.70707,0.95758,0.99899,9.0762
hmc_in_gauss_k2,0.05,ar1|raw+gate,6,990,1.5029,2.2587,1.2244,0.89866,0.89866,0.68384,0.95253,0.99697,9.0762
hmc_in_gauss_k2,0.05,ar1|raw+gate,7,990,1.4769,2.1811,1.218,0.88974,0.88974,0.67778,0.96667,1,9.0762
hmc_in_gauss_k2,0.05,ar1|raw+gate,8,990,1.4826,2.1982,1.2178,0.8916,0.8916,0.69394,0.96667,1,9.0762
hmc_in_gauss_k2,0.05,ar1|raw+gate,9,990,1.408,1.9825,1.1372,0.85846,0.85846,0.72323,0.97273,0.99899,9.0762
hmc_in_gauss_k2,0.05,ar1|raw+gate,10,990,1.4125,1.9951,1.162,0.86191,0.86191,0.70505,0.97273,1,9.0762
hmc_in_gauss_k2,0.05,ar1|robust+gate,1,990,1.2584,1.5836,1.0242,0.71384,0.71384,0.48485,0.81818,0.94848,5.0698
hmc_in_gauss_k2,0.05,ar1|robust+gate,2,990,1.379,1.9015,1.1343,0.78588,0.78588,0.45455,0.80404,0.96869,5.4467
hmc_in_gauss_k2,0.05,ar1|robust+gate,3,990,1.3605,1.8509,1.119,0.77601,0.77601,0.47475,0.8101,0.9697,5.506
hmc_in_gauss_k2,0.05,ar1|robust+gate,4,990,1.4182,2.0112,1.1793,0.81365,0.81365,0.44747,0.78485,0.95859,5.5157
hmc_in_gauss_k2,0.05,ar1|robust+gate,5,990,1.4115,1.9924,1.1607,0.80477,0.80477,0.46263,0.78889,0.95859,5.5174
hmc_in_gauss_k2,0.05,ar1|robust+gate,6,990,1.4422,2.0801,1.1787,0.82158,0.82158,0.44646,0.78485,0.95051,5.5176
hmc_in_gauss_k2,0.05,ar1|robust+gate,7,990,1.4238,2.0271,1.1747,0.81607,0.81607,0.44545,0.78081,0.96768,5.5177
hmc_in_gauss_k2,0.05,ar1|robust+gate,8,990,1.4349,2.0589,1.1958,0.82302,0.82302,0.43535,0.78384,0.95253,5.5177
hmc_in_gauss_k2,0.05,ar1|robust+gate,9,990,1.355,1.8359,1.1047,0.77219,0.77219,0.47778,0.79394,0.96768,5.5177
hmc_in_gauss_k2,0.05,ar1|robust+gate,10,990,1.364,1.8606,1.1255,0.77991,0.77991,0.48687,0.79495,0.96667,5.5177
hmc_in_gauss_k2,0.05,persistence|raw,1,990,2.4196,5.8545,1.5501,1.1831,,0.53939,0.85455,0.97576,16.82
hmc_in_gauss_k2,0.05,persistence|raw,2,990,2.4999,6.2494,1.6576,1.2544,,0.54242,0.83737,0.97273,16.552
hmc_in_gauss_k2,0.05,persistence|raw,3,990,2.55,6.5025,1.737,1.2935,,0.50101,0.84848,0.97475,16.602
hmc_in_gauss_k2,0.05,persistence|raw,4,990,2.59,6.7081,1.738,1.3112,,0.53333,0.85253,0.96768,16.561
hmc_in_gauss_k2,0.05,persistence|raw,5,990,2.5948,6.733,1.7802,1.3271,,0.53838,0.84444,0.97374,16.402
hmc_in_gauss_k2,0.05,persistence|raw,6,990,2.6308,6.9211,1.8487,1.368,,0.5101,0.83939,0.97576,16.503
hmc_in_gauss_k2,0.05,persistence|raw,7,990,2.5864,6.6893,1.774,1.334,,0.53737,0.85455,0.97677,16.475
hmc_in_gauss_k2,0.05,persistence|raw,8,990,2.6035,6.778,1.8445,1.3619,,0.50303,0.84848,0.97778,16.528
hmc_in_gauss_k2,0.05,persistence|raw,9,990,2.5444,6.4741,1.7692,1.3207,,0.55758,0.86263,0.97677,16.571
hmc_in_gauss_k2,0.05,persistence|raw,10,990,2.5627,6.5677,1.8226,1.3474,,0.53838,0.85354,0.98283,16.503
hmc_in_gauss_k2,0.05,ar1|clean,1,990,1.2479,1.5571,1.0136,0.70762,0.70762,0.49394,0.82222,0.95152,5.0762
hmc_in_gauss_k2,0.05,ar1|clean,2,990,1.3741,1.8882,1.1296,0.78286,0.78286,0.4596,0.80707,0.97071,5.4619
hmc_in_gauss_k2,0.05,ar1|clean,3,990,1.3599,1.8493,1.1183,0.7756,0.7756,0.47879,0.8101,0.96869,5.5209
hmc_in_gauss_k2,0.05,ar1|clean,4,990,1.4182,2.0112,1.1793,0.81361,0.81361,0.44848,0.78586,0.96061,5.5303
hmc_in_gauss_k2,0.05,ar1|clean,5,990,1.412,1.9937,1.1613,0.80496,0.80496,0.46162,0.79091,0.9596,5.5319
hmc_in_gauss_k2,0.05,ar1|clean,6,990,1.4421,2.0796,1.1787,0.82145,0.82145,0.44747,0.78889,0.95051,5.5321
hmc_in_gauss_k2,0.05,ar1|clean,7,990,1.4238,2.0272,1.1748,0.81608,0.81608,0.44444,0.78283,0.96768,5.5322
hmc_in_gauss_k2,0.05,ar1|clean,8,990,1.4352,2.0597,1.1961,0.82311,0.82311,0.43232,0.78687,0.95455,5.5322
hmc_in_gauss_k2,0.05,ar1|clean,9,990,1.3552,1.8364,1.1049,0.77226,0.77226,0.47879,0.79495,0.96768,5.5322
hmc_in_gauss_k2,0.05,ar1|clean,10,990,1.3636,1.8594,1.1251,0.7796,0.7796,0.49293,0.79495,0.96768,5.5322
hmc_in_gauss_k2,0.05,persistence|clean,1,990,1.4661,2.1495,1.166,0.82787,,0.50707,0.81818,0.96061,6.0809
hmc_in_gauss_k2,0.05,persistence|clean,2,990,1.6156,2.6101,1.2685,0.90633,,0.53535,0.80606,0.95455,6.4917
hmc_in_gauss_k2,0.05,persistence|clean,3,990,1.6953,2.8739,1.3712,0.96186,,0.48586,0.8101,0.96263,6.8531
hmc_in_gauss_k2,0.05,persistence|clean,4,990,1.6975,2.8815,1.3505,0.9603,,0.51313,0.80404,0.95253,6.9992
hmc_in_gauss_k2,0.05,persistence|clean,5,990,1.7696,3.1313,1.4201,0.99811,,0.50404,0.81313,0.96162,7.1758
hmc_in_gauss_k2,0.05,persistence|clean,6,990,1.8346,3.3657,1.4841,1.0406,,0.48788,0.79899,0.95859,7.2458
hmc_in_gauss_k2,0.05,persistence|clean,7,990,1.7963,3.2266,1.4306,1.0173,,0.51313,0.82323,0.96061,7.3792
hmc_in_gauss_k2,0.05,persistence|clean,8,990,1.8766,3.5216,1.5149,1.064,,0.4697,0.80101,0.95455,7.4251
hmc_in_gauss_k2,0.05,persistence|clean,9,990,1.772,3.14,1.4207,1.0039,,0.53434,0.84444,0.96162,7.4889
hmc_in_gauss_k2,0.05,persistence|clean,10,990,1.8575,3.4503,1.4973,1.0532,,0.5101,0.8303,0.95657,7.5487
pmc_gauss_k2,0,pmc_state_K2|true+gate,1,990,0.9262,0.85784,0.67039,0.48171,0.49189,0.46162,0.78081,0.94646,3.8335
pmc_gauss_k2,0,pmc_state_K2|true+gate,2,990,1.1447,1.3104,0.87778,0.62528,0.63155,0.49091,0.8,0.94747,4.549
pmc_gauss_k2,0,pmc_state_K2|true+gate,3,990,1.2635,1.5965,1.0077,0.70703,0.70922,0.49091,0.79596,0.95556,4.874
pmc_gauss_k2,0,pmc_state_K2|true+gate,4,990,1.3474,1.8154,1.0899,0.76229,0.76461,0.48283,0.78081,0.94646,5.0498
pmc_gauss_k2,0,pmc_state_K2|true+gate,5,990,1.3741,1.8882,1.1285,0.78129,0.78306,0.48283,0.80202,0.95051,5.1491
pmc_gauss_k2,0,pmc_state_K2|true+gate,6,990,1.3916,1.9366,1.1426,0.79012,0.79183,0.50202,0.8,0.94444,5.2098
pmc_gauss_k2,0,pmc_state_K2|true+gate,7,990,1.4232,2.0255,1.1635,0.80993,0.81123,0.49192,0.79495,0.94444,5.2448
pmc_gauss_k2,0,pmc_state_K2|true+gate,8,990,1.4456,2.0898,1.1843,0.82306,0.82453,0.48788,0.79697,0.9404,5.264
pmc_gauss_k2,0,pmc_state_K2|true+gate,9,990,1.4259,2.0331,1.1696,0.81215,0.81308,0.50606,0.79697,0.94343,5.2759
pmc_gauss_k2,0,pmc_state_K2|true+gate,10,990,1.4125,1.9953,1.1714,0.80642,0.80769,0.50101,0.79899,0.94545,5.2845
pmc_gauss_k2,0,pmc_state_K2|true,1,990,0.9262,0.85785,0.67039,0.48172,0.4919,0.46162,0.78081,0.94646,3.8335
pmc_gauss_k2,0,pmc_state_K2|true,2,990,1.1447,1.3104,0.87778,0.62529,0.63155,0.49091,0.8,0.94747,4.549
pmc_gauss_k2,0,pmc_state_K2|true,3,990,1.2635,1.5965,1.0077,0.70704,0.70922,0.4899,0.79596,0.95556,4.874
pmc_gauss_k2,0,pmc_state_K2|true,4,990,1.3474,1.8154,1.0898,0.76228,0.76461,0.48283,0.78081,0.94646,5.0498
pmc_gauss_k2,0,pmc_state_K2|true,5,990,1.3741,1.8882,1.1285,0.78128,0.78306,0.48283,0.80202,0.95051,5.1491
pmc_gauss_k2,0,pmc_state_K2|true,6,990,1.3916,1.9366,1.1426,0.79012,0.79183,0.50202,0.8,0.94444,5.2098
pmc_gauss_k2,0,pmc_state_K2|true,7,990,1.4232,2.0255,1.1635,0.80993,0.81123,0.49192,0.79495,0.94444,5.2448
pmc_gauss_k2,0,pmc_state_K2|true,8,990,1.4456,2.0898,1.1843,0.82306,0.82453,0.48788,0.79697,0.9404,5.264
pmc_gauss_k2,0,pmc_state_K2|true,9,990,1.4259,2.0331,1.1696,0.81215,0.81308,0.50606,0.79697,0.94343,5.2759
pmc_gauss_k2,0,pmc_state_K2|true,10,990,1.4125,1.9953,1.1714,0.80642,0.80769,0.50101,0.79899,0.94545,5.2845
pmc_gauss_k2,0,pmc_state_K2|clean,1,990,0.92755,0.86034,0.67236,0.48232,0.49297,0.4596,0.78687,0.95354,3.8468
pmc_gauss_k2,0,pmc_state_K2|clean,2,990,1.1483,1.3185,0.88159,0.62791,0.63412,0.49495,0.80101,0.94848,4.5656
pmc_gauss_k2,0,pmc_state_K2|clean,3,990,1.2679,1.6075,1.0129,0.70987,0.71165,0.49697,0.79091,0.95556,4.8935
pmc_gauss_k2,0,pmc_state_K2|clean,4,990,1.3506,1.8242,1.0934,0.76466,0.76677,0.4798,0.78182,0.95051,5.0718
pmc_gauss_k2,0,pmc_state_K2|clean,5,990,1.3784,1.9001,1.1315,0.78471,0.78595,0.48384,0.79697,0.95051,5.1744
pmc_gauss_k2,0,pmc_state_K2|clean,6,990,1.3933,1.9412,1.1441,0.79172,0.79324,0.50404,0.79596,0.94646,5.2356
pmc_gauss_k2,0,pmc_state_K2|clean,7,990,1.426,2.0336,1.1666,0.81207,0.81314,0.49596,0.79293,0.94444,5.2718
pmc_gauss_k2,0,pmc_state_K2|clean,8,990,1.4494,2.1008,1.1868,0.82516,0.8265,0.48788,0.79192,0.93636,5.2927
pmc_gauss_k2,0,pmc_state_K2|clean,9,990,1.4277,2.0384,1.1685,0.81303,0.81369,0.50808,0.79293,0.94444,5.3054
pmc_gauss_k2,0,pmc_state_K2|clean,10,990,1.4136,1.9984,1.1704,0.80752,0.80817,0.50505,0.79899,0.94747,5.3138
pmc_gauss_k2,0,pmc_state_K2|raw+gate,1,990,0.92922,0.86345,0.67393,0.48335,0.4939,0.45859,0.78586,0.95253,3.8458
pmc_gauss_k2,0,pmc_state_K2|raw+gate,2,990,1.1491,1.3205,0.88272,0.6285,0.63467,0.49394,0.8,0.94848,4.5646
pmc_gauss_k2,0,pmc_state_K2|raw+gate,3,990,1.2682,1.6083,1.0137,0.71,0.71184,0.49596,0.79091,0.95556,4.8927
pmc_gauss_k2,0,pmc_state_K2|raw+gate,4,990,1.3509,1.8249,1.094,0.76483,0.76695,0.47879,0.78182,0.95051,5.0711
pmc_gauss_k2,0,pmc_state_K2|raw+gate,5,990,1.3788,1.9011,1.1319,0.785,0.78622,0.48283,0.79697,0.95051,5.1739
pmc_gauss_k2,0,pmc_state_K2|raw+gate,6,990,1.3934,1.9414,1.1444,0.79175,0.79329,0.50404,0.79596,0.94646,5.2352
pmc_gauss_k2,0,pmc_state_K2|raw+gate,7,990,1.4261,2.0336,1.1669,0.81205,0.81314,0.49596,0.79293,0.94444,5.2715
pmc_gauss_k2,0,pmc_state_K2|raw+gate,8,990,1.4494,2.1009,1.1869,0.82517,0.82652,0.48788,0.79192,0.93636,5.2925
pmc_gauss_k2,0,pmc_state_K2|raw+gate,9,990,1.4278,2.0387,1.1686,0.8131,0.81376,0.50707,0.79293,0.94444,5.3053
pmc_gauss_k2,0,pmc_state_K2|raw+gate,10,990,1.4135,1.998,1.1703,0.80746,0.80811,0.50505,0.79899,0.94747,5.3137
pmc_gauss_k2,0,pmc_state_K2|raw,1,990,0.92755,0.86034,0.67236,0.48232,0.49297,0.4596,0.78687,0.95354,3.8468
pmc_gauss_k2,0,pmc_state_K2|raw,2,990,1.1483,1.3185,0.88159,0.62791,0.63412,0.49495,0.80101,0.94848,4.5656
pmc_gauss_k2,0,pmc_state_K2|raw,3,990,1.2679,1.6075,1.0129,0.70987,0.71165,0.49697,0.79091,0.95556,4.8935
pmc_gauss_k2,0,pmc_state_K2|raw,4,990,1.3506,1.8242,1.0934,0.76466,0.76677,0.4798,0.78182,0.95051,5.0718
pmc_gauss_k2,0,pmc_state_K2|raw,5,990,1.3784,1.9001,1.1315,0.78471,0.78595,0.48384,0.79697,0.95051,5.1744
pmc_gauss_k2,0,pmc_state_K2|raw,6,990,1.3933,1.9412,1.1441,0.79172,0.79324,0.50404,0.79596,0.94646,5.2356
pmc_gauss_k2,0,pmc_state_K2|raw,7,990,1.426,2.0336,1.1666,0.81207,0.81314,0.49596,0.79293,0.94444,5.2718
pmc_gauss_k2,0,pmc_state_K2|raw,8,990,1.4494,2.1008,1.1868,0.82516,0.8265,0.48788,0.79192,0.93636,5.2927
pmc_gauss_k2,0,pmc_state_K2|raw,9,990,1.4277,2.0384,1.1685,0.81303,0.81369,0.50808,0.79293,0.94444,5.3054
pmc_gauss_k2,0,pmc_state_K2|raw,10,990,1.4136,1.9984,1.1704,0.80752,0.80817,0.50505,0.79899,0.94747,5.3138
pmc_gauss_k2,0,pmc_state_K2|robust+gate,1,990,0.93378,0.87195,0.67692,0.48558,0.49607,0.45556,0.78384,0.94848,3.8316
pmc_gauss_k2,0,pmc_state_K2|robust+gate,2,990,1.152,1.3271,0.88497,0.63021,0.63607,0.4899,0.80101,0.94646,4.5434
pmc_gauss_k2,0,pmc_state_K2|robust+gate,3,990,1.2709,1.6151,1.0159,0.71174,0.71345,0.49495,0.7899,0.95455,4.8682
pmc_gauss_k2,0,pmc_state_K2|robust+gate,4,990,1.3516,1.8268,1.0947,0.76549,0.76748,0.47778,0.7798,0.94747,5.0445
pmc_gauss_k2,0,pmc_state_K2|robust+gate,5,990,1.3795,1.903,1.1324,0.78569,0.7868,0.48081,0.79697,0.94848,5.1462
pmc_gauss_k2,0,pmc_state_K2|robust+gate,6,990,1.3943,1.9441,1.1447,0.7924,0.79389,0.50505,0.79495,0.94242,5.2065
pmc_gauss_k2,0,pmc_state_K2|robust+gate,7,990,1.4268,2.0359,1.1674,0.81261,0.8137,0.49596,0.79293,0.94343,5.2424
pmc_gauss_k2,0,pmc_state_K2|robust+gate,8,990,1.4497,2.1017,1.1873,0.8255,0.8269,0.48485,0.79192,0.93636,5.2632
pmc_gauss_k2,0,pmc_state_K2|robust+gate,9,990,1.4282,2.0396,1.169,0.81339,0.81411,0.50303,0.78687,0.94343,5.2757
pmc_gauss_k2,0,pmc_state_K2|robust+gate,10,990,1.4137,1.9985,1.1705,0.80757,0.80829,0.50404,0.79798,0.94545,5.2839
pmc_gauss_k2,0,pmc_state_K2|robust,1,990,0.92757,0.86039,0.67269,0.48234,0.49307,0.45758,0.78586,0.95051,3.8341
pmc_gauss_k2,0,pmc_state_K2|robust,2,990,1.1479,1.3177,0.88178,0.62776,0.63382,0.49192,0.80303,0.94747,4.5459
pmc_gauss_k2,0,pmc_state_K2|robust,3,990,1.2679,1.6076,1.0135,0.71,0.7118,0.49596,0.79091,0.95556,4.8704
pmc_gauss_k2,0,pmc_state_K2|robust,4,990,1.3502,1.8231,1.0929,0.76453,0.76655,0.4798,0.78081,0.94747,5.0463
pmc_gauss_k2,0,pmc_state_K2|robust,5,990,1.3779,1.8986,1.131,0.78453,0.78575,0.48182,0.79798,0.94848,5.1476
pmc_gauss_k2,0,pmc_state_K2|robust,6,990,1.393,1.9404,1.1437,0.79159,0.79312,0.50505,0.79596,0.94343,5.2076
pmc_gauss_k2,0,pmc_state_K2|robust,7,990,1.4259,2.0332,1.1666,0.81202,0.81314,0.49596,0.79293,0.94343,5.2433
pmc_gauss_k2,0,pmc_state_K2|robust,8,990,1.4493,2.1004,1.1867,0.82516,0.82658,0.48485,0.79192,0.93636,5.2638
pmc_gauss_k2,0,pmc_state_K2|robust,9,990,1.4277,2.0383,1.1685,0.81304,0.81378,0.50404,0.78788,0.94343,5.2762
pmc_gauss_k2,0,pmc_state_K2|robust,10,990,1.4136,1.9982,1.1703,0.80744,0.80817,0.50404,0.79798,0.94545,5.2843
pmc_gauss_k2,0,pmc_state_K2|hampel+gate,1,990,0.93378,0.87195,0.67692,0.48558,0.49607,0.45556,0.78384,0.94848,3.8316
pmc_gauss_k2,0,pmc_state_K2|hampel+gate,2,990,1.152,1.3271,0.88497,0.63021,0.63607,0.4899,0.80101,0.94646,4.5434
pmc_gauss_k2,0,pmc_state_K2|hampel+gate,3,990,1.2709,1.6151,1.0159,0.71174,0.71345,0.49495,0.7899,0.95455,4.8682
pmc_gauss_k2,0,pmc_state_K2|hampel+gate,4,990,1.3516,1.8268,1.0947,0.76549,0.76748,0.47778,0.7798,0.94747,5.0445
pmc_gauss_k2,0,pmc_state_K2|hampel+gate,5,990,1.3795,1.903,1.1324,0.78569,0.7868,0.48081,0.79697,0.94848,5.1462
pmc_gauss_k2,0,pmc_state_K2|hampel+gate,6,990,1.3943,1.9441,1.1447,0.7924,0.79389,0.50505,0.79495,0.94242,5.2065
pmc_gauss_k2,0,pmc_state_K2|hampel+gate,7,990,1.4268,2.0359,1.1674,0.81261,0.8137,0.49596,0.79293,0.94343,5.2424
pmc_gauss_k2,0,pmc_state_K2|hampel+gate,8,990,1.4497,2.1017,1.1873,0.8255,0.8269,0.48485,0.79192,0.93636,5.2632
pmc_gauss_k2,0,pmc_state_K2|hampel+gate,9,990,1.4282,2.0396,1.169,0.81339,0.81411,0.50303,0.78687,0.94343,5.2757
pmc_gauss_k2,0,pmc_state_K2|hampel+gate,10,990,1.4137,1.9985,1.1705,0.80757,0.80829,0.50404,0.79798,0.94545,5.2839
pmc_gauss_k2,0,ar1|raw,1,990,0.9279,0.86101,0.67323,0.49397,0.49397,0.57778,0.86364,0.93838,3.5908
pmc_gauss_k2,0,ar1|raw,2,990,1.1496,1.3216,0.88084,0.63696,0.63696,0.54141,0.81616,0.94646,4.5171
pmc_gauss_k2,0,ar1|raw,3,990,1.2697,1.612,1.015,0.71506,0.71506,0.49697,0.80303,0.95051,4.9789
pmc_gauss_k2,0,ar1|raw,4,990,1.3526,1.8294,1.0958,0.76872,0.76872,0.47475,0.77374,0.95354,5.2306
pmc_gauss_k2,0,ar1|raw,5,990,1.3792,1.9021,1.133,0.78733,0.78733,0.45758,0.7899,0.95556,5.373
pmc_gauss_k2,0,ar1|raw,6,990,1.3951,1.9462,1.146,0.79474,0.79474,0.47172,0.7899,0.95657,5.4552
pmc_gauss_k2,0,ar1|raw,7,990,1.4268,2.0357,1.1682,0.81398,0.81398,0.46061,0.7798,0.94848,5.5032
pmc_gauss_k2,0,ar1|raw,8,990,1.4497,2.1017,1.1876,0.82692,0.82692,0.44747,0.78586,0.94747,5.5315
pmc_gauss_k2,0,ar1|raw,9,990,1.428,2.0391,1.1695,0.81388,0.81388,0.4697,0.78384,0.95758,5.5483
pmc_gauss_k2,0,ar1|raw,10,990,1.4125,1.9952,1.1698,0.80755,0.80755,0.46263,0.79495,0.96061,5.5582
pmc_gauss_k2,0,ar1|raw+gate,1,990,1.0365,1.0743,0.7312,0.53976,0.53976,0.56263,0.84242,0.91919,3.6155
pmc_gauss_k2,0,ar1|raw+gate,2,990,1.2028,1.4466,0.92021,0.66538,0.66538,0.52626,0.79697,0.93636,4.5295
pmc_gauss_k2,0,ar1|raw+gate,3,990,1.3057,1.705,1.0405,0.73488,0.73488,0.48788,0.79091,0.94242,4.9858
pmc_gauss_k2,0,ar1|raw+gate,4,990,1.3692,1.8746,1.1065,0.77808,0.77808,0.47172,0.7697,0.94949,5.2345
pmc_gauss_k2,0,ar1|raw+gate,5,990,1.3913,1.9357,1.1433,0.79394,0.79394,0.45657,0.78788,0.95253,5.3753
pmc_gauss_k2,0,ar1|raw+gate,6,990,1.4029,1.9681,1.1516,0.79929,0.79929,0.47172,0.78586,0.95556,5.4565
pmc_gauss_k2,0,ar1|raw+gate,7,990,1.4323,2.0515,1.1701,0.8167,0.8167,0.46364,0.77778,0.94848,5.504
pmc_gauss_k2,0,ar1|raw+gate,8,990,1.453,2.1113,1.1897,0.82883,0.82883,0.44646,0.78485,0.94747,5.532
pmc_gauss_k2,0,ar1|raw+gate,9,990,1.4315,2.0493,1.1723,0.81589,0.81589,0.46869,0.78384,0.95758,5.5485
pmc_gauss_k2,0,ar1|raw+gate,10,990,1.4141,1.9996,1.1696,0.80825,0.80825,0.46263,0.79495,0.9596,5.5584
pmc_gauss_k2,0,ar1|robust+gate,1,990,1.0725,1.1503,0.74268,0.55231,0.55231,0.49293,0.78687,0.89394,3.0745
pmc_gauss_k2,0,ar1|robust+gate,2,990,1.2395,1.5364,0.92756,0.67976,0.67976,0.48283,0.74646,0.89495,3.959
pmc_gauss_k2,0,ar1|robust+gate,3,990,1.3419,1.8007,1.0534,0.75333,0.75333,0.45556,0.7404,0.90202,4.4608
pmc_gauss_k2,0,ar1|robust+gate,4,990,1.4022,1.9661,1.1182,0.79679,0.79679,0.4303,0.72525,0.90808,4.7724
pmc_gauss_k2,0,ar1|robust+gate,5,990,1.4277,2.0382,1.1567,0.81373,0.81373,0.43737,0.74242,0.91818,4.9739
pmc_gauss_k2,0,ar1|robust+gate,6,990,1.4229,2.0248,1.1552,0.80972,0.80972,0.44242,0.75152,0.93131,5.107
pmc_gauss_k2,0,ar1|robust+gate,7,990,1.4493,2.1005,1.1745,0.82572,0.82572,0.44747,0.75152,0.92929,5.1961
pmc_gauss_k2,0,ar1|robust+gate,8,990,1.4692,2.1584,1.1943,0.83844,0.83844,0.42828,0.75051,0.93232,5.2563
pmc_gauss_k2,0,ar1|robust+gate,9,990,1.4428,2.0817,1.176,0.82268,0.82268,0.45657,0.76061,0.93838,5.2973
pmc_gauss_k2,0,ar1|robust+gate,10,990,1.4185,2.012,1.1692,0.81123,0.81123,0.4404,0.77071,0.94646,5.3252
pmc_gauss_k2,0,persistence|raw,1,990,0.98226,0.96483,0.67683,0.50353,,0.47879,0.78081,0.94444,4.1022
pmc_gauss_k2,0,persistence|raw,2,990,1.2994,1.6883,0.93599,0.69481,,0.50505,0.78485,0.95051,5.6385
pmc_gauss_k2,0,persistence|raw,3,990,1.5145,2.2938,1.1293,0.82735,,0.49596,0.77879,0.94848,6.3215
pmc_gauss_k2,0,persistence|raw,4,990,1.6488,2.7187,1.2682,0.91527,,0.47576,0.78586,0.94848,6.7087
pmc_gauss_k2,0,persistence|raw,5,990,1.7507,3.065,1.3638,0.98029,,0.47677,0.78687,0.94949,7.0217
pmc_gauss_k2,0,persistence|raw,6,990,1.7946,3.2207,1.3978,1.0043,,0.49394,0.79394,0.94444,7.1929
pmc_gauss_k2,0,persistence|raw,7,990,1.8867,3.5597,1.4788,1.062,,0.4899,0.78384,0.93838,7.3391
pmc_gauss_k2,0,persistence|raw,8,990,1.933,3.7363,1.528,1.0906,,0.49293,0.78788,0.94141,7.4179
pmc_gauss_k2,0,persistence|raw,9,990,1.9056,3.6315,1.5221,1.0773,,0.49293,0.78687,0.94747,7.4775
pmc_gauss_k2,0,persistence|raw,10,990,1.9071,3.6369,1.534,1.0815,,0.49596,0.80505,0.95051,7.5307
pmc_gauss_k2,0,ar1|clean,1,990,0.9279,0.86101,0.67323,0.49397,0.49397,0.57778,0.86364,0.93838,3.5908
pmc_gauss_k2,0,ar1|clean,2,990,1.1496,1.3216,0.88084,0.63696,0.63696,0.54141,0.81616,0.94646,4.5171
pmc_gauss_k2,0,ar1|clean,3,990,1.2697,1.612,1.015,0.71506,0.71506,0.49697,0.80303,0.95051,4.9789
pmc_gauss_k2,0,ar1|clean,4,990,1.3526,1.8294,1.0958,0.76872,0.76872,0.47475,0.77374,0.95354,5.2306
pmc_gauss_k2,0,ar1|clean,5,990,1.3792,1.9021,1.133,0.78733,0.78733,0.45758,0.7899,0.95556,5.373
pmc_gauss_k2,0,ar1|clean,6,990,1.3951,1.9462,1.146,0.79474,0.79474,0.47172,0.7899,0.95657,5.4552
pmc_gauss_k2,0,ar1|clean,7,990,1.4268,2.0357,1.1682,0.81398,0.81398,0.46061,0.7798,0.94848,5.5032
pmc_gauss_k2,0,ar1|clean,8,990,1.4497,2.1017,1.1876,0.82692,0.82692,0.44747,0.78586,0.94747,5.5315
pmc_gauss_k2,0,ar1|clean,9,990,1.428,2.0391,1.1695,0.81388,0.81388,0.4697,0.78384,0.95758,5.5483
pmc_gauss_k2,0,ar1|clean,10,990,1.4125,1.9952,1.1698,0.80755,0.80755,0.46263,0.79495,0.96061,5.5582
pmc_gauss_k2,0,persistence|clean,1,990,0.98226,0.96483,0.67683,0.50353,,0.47879,0.78081,0.94444,4.1022
pmc_gauss_k2,0,persistence|clean,2,990,1.2994,1.6883,0.93599,0.69481,,0.50505,0.78485,0.95051,5.6385
pmc_gauss_k2,0,persistence|clean,3,990,1.5145,2.2938,1.1293,0.82735,,0.49596,0.77879,0.94848,6.3215
pmc_gauss_k2,0,persistence|clean,4,990,1.6488,2.7187,1.2682,0.91527,,0.47576,0.78586,0.94848,6.7087
pmc_gauss_k2,0,persistence|clean,5,990,1.7507,3.065,1.3638,0.98029,,0.47677,0.78687,0.94949,7.0217
pmc_gauss_k2,0,persistence|clean,6,990,1.7946,3.2207,1.3978,1.0043,,0.49394,0.79394,0.94444,7.1929
pmc_gauss_k2,0,persistence|clean,7,990,1.8867,3.5597,1.4788,1.062,,0.4899,0.78384,0.93838,7.3391
pmc_gauss_k2,0,persistence|clean,8,990,1.933,3.7363,1.528,1.0906,,0.49293,0.78788,0.94141,7.4179
pmc_gauss_k2,0,persistence|clean,9,990,1.9056,3.6315,1.5221,1.0773,,0.49293,0.78687,0.94747,7.4775
pmc_gauss_k2,0,persistence|clean,10,990,1.9071,3.6369,1.534,1.0815,,0.49596,0.80505,0.95051,7.5307
pmc_gauss_k2,0.01,pmc_state_K2|true+gate,1,990,0.93167,0.86801,0.67474,0.48464,0.49471,0.46162,0.78081,0.94646,3.844
pmc_gauss_k2,0.01,pmc_state_K2|true+gate,2,990,1.1482,1.3184,0.88079,0.62711,0.63328,0.48889,0.80101,0.94747,4.5544
pmc_gauss_k2,0.01,pmc_state_K2|true+gate,3,990,1.2666,1.6043,1.0101,0.70871,0.71078,0.49091,0.79596,0.95455,4.8772
pmc_gauss_k2,0.01,pmc_state_K2|true+gate,4,990,1.349,1.8198,1.0912,0.76329,0.76554,0.48283,0.78081,0.94646,5.0518
pmc_gauss_k2,0.01,pmc_state_K2|true+gate,5,990,1.3744,1.889,1.1291,0.78181,0.78349,0.48283,0.80202,0.95051,5.1504
pmc_gauss_k2,0.01,pmc_state_K2|true+gate,6,990,1.3919,1.9375,1.1433,0.79055,0.79219,0.50202,0.8,0.94444,5.2107
pmc_gauss_k2,0.01,pmc_state_K2|true+gate,7,990,1.4233,2.0257,1.164,0.81013,0.81139,0.49192,0.79495,0.94444,5.2454
pmc_gauss_k2,0.01,pmc_state_K2|true+gate,8,990,1.4457,2.09,1.1846,0.82316,0.82461,0.48889,0.79798,0.9404,5.2644
pmc_gauss_k2,0.01,pmc_state_K2|true+gate,9,990,1.4261,2.0337,1.1697,0.81231,0.81323,0.50606,0.79697,0.94343,5.2761
pmc_gauss_k2,0.01,pmc_state_K2|true+gate,10,990,1.4129,1.9962,1.1716,0.80659,0.80785,0.50101,0.79899,0.94545,5.2847
pmc_gauss_k2,0.01,pmc_state_K2|true,1,990,1.1363,1.2912,0.73697,0.54174,0.54372,0.45152,0.76869,0.94444,3.8787
pmc_gauss_k2,0.01,pmc_state_K2|true,2,990,1.2308,1.5149,0.91573,0.65776,0.65738,0.4798,0.79798,0.94747,4.5846
pmc_gauss_k2,0.01,pmc_state_K2|true,3,990,1.3084,1.7119,1.0326,0.72879,0.72576,0.48586,0.79596,0.95152,4.9021
pmc_gauss_k2,0.01,pmc_state_K2|true,4,990,1.3685,1.8727,1.1047,0.77494,0.77399,0.48283,0.77778,0.94444,5.0723
pmc_gauss_k2,0.01,pmc_state_K2|true,5,990,1.3899,1.9319,1.142,0.79095,0.79097,0.48081,0.80303,0.95051,5.1673
pmc_gauss_k2,0.01,pmc_state_K2|true,6,990,1.4037,1.9703,1.153,0.79821,0.79861,0.49899,0.79798,0.94343,5.224
pmc_gauss_k2,0.01,pmc_state_K2|true,7,990,1.4315,2.0491,1.1716,0.81552,0.8161,0.48788,0.79394,0.94444,5.2559
pmc_gauss_k2,0.01,pmc_state_K2|true,8,990,1.4493,2.1006,1.1853,0.82577,0.8268,0.48687,0.79596,0.93939,5.2726
pmc_gauss_k2,0.01,pmc_state_K2|true,9,990,1.4287,2.0411,1.1706,0.81363,0.81456,0.50808,0.79596,0.94343,5.2825
pmc_gauss_k2,0.01,pmc_state_K2|true,10,990,1.4118,1.9931,1.1711,0.80554,0.80699,0.50202,0.80303,0.94545,5.2893
pmc_gauss_k2,0.01,pmc_state_K2|clean,1,990,0.92755,0.86034,0.67236,0.48232,0.49297,0.4596,0.78687,0.95354,3.8468
pmc_gauss_k2,0.01,pmc_state_K2|clean,2,990,1.1483,1.3185,0.88159,0.62791,0.63412,0.49495,0.80101,0.94848,4.5656
pmc_gauss_k2,0.01,pmc_state_K2|clean,3,990,1.2679,1.6075,1.0129,0.70987,0.71165,0.49697,0.79091,0.95556,4.8935
pmc_gauss_k2,0.01,pmc_state_K2|clean,4,990,1.3506,1.8242,1.0934,0.76466,0.76677,0.4798,0.78182,0.95051,5.0718
pmc_gauss_k2,0.01,pmc_state_K2|clean,5,990,1.3784,1.9001,1.1315,0.78471,0.78595,0.48384,0.79697,0.95051,5.1744
pmc_gauss_k2,0.01,pmc_state_K2|clean,6,990,1.3933,1.9412,1.1441,0.79172,0.79324,0.50404,0.79596,0.94646,5.2356
pmc_gauss_k2,0.01,pmc_state_K2|clean,7,990,1.426,2.0336,1.1666,0.81207,0.81314,0.49596,0.79293,0.94444,5.2718
pmc_gauss_k2,0.01,pmc_state_K2|clean,8,990,1.4494,2.1008,1.1868,0.82516,0.8265,0.48788,0.79192,0.93636,5.2927
pmc_gauss_k2,0.01,pmc_state_K2|clean,9,990,1.4277,2.0384,1.1685,0.81303,0.81369,0.50808,0.79293,0.94444,5.3054
pmc_gauss_k2,0.01,pmc_state_K2|clean,10,990,1.4136,1.9984,1.1704,0.80752,0.80817,0.50505,0.79899,0.94747,5.3138
pmc_gauss_k2,0.01,pmc_state_K2|raw+gate,1,990,0.96667,0.93444,0.69786,0.49594,0.51612,0.47576,0.8,0.9697,4.4578
pmc_gauss_k2,0.01,pmc_state_K2|raw+gate,2,990,1.1603,1.3463,0.8927,0.63545,0.64866,0.50101,0.79495,0.9798,5.5763
pmc_gauss_k2,0.01,pmc_state_K2|raw+gate,3,990,1.2798,1.6379,1.0174,0.71584,0.72204,0.48081,0.81717,0.98182,6.0364
pmc_gauss_k2,0.01,pmc_state_K2|raw+gate,4,990,1.3646,1.8623,1.0979,0.77225,0.77536,0.46869,0.80404,0.98081,6.2706
pmc_gauss_k2,0.01,pmc_state_K2|raw+gate,5,990,1.3908,1.9342,1.1378,0.79299,0.79373,0.46162,0.81919,0.9798,6.4036
pmc_gauss_k2,0.01,pmc_state_K2|raw+gate,6,990,1.4032,1.9691,1.1478,0.79907,0.80047,0.48081,0.82727,0.98182,6.4855
pmc_gauss_k2,0.01,pmc_state_K2|raw+gate,7,990,1.4369,2.0648,1.1733,0.81919,0.8202,0.47778,0.81616,0.98081,6.5384
pmc_gauss_k2,0.01,pmc_state_K2|raw+gate,8,990,1.4584,2.1268,1.1915,0.8314,0.83216,0.47273,0.81919,0.98586,6.5732
pmc_gauss_k2,0.01,pmc_state_K2|raw+gate,9,990,1.4351,2.0596,1.1725,0.81807,0.81997,0.48586,0.83232,0.98384,6.5963
pmc_gauss_k2,0.01,pmc_state_K2|raw+gate,10,990,1.4163,2.0058,1.1715,0.81033,0.81229,0.48485,0.82727,0.99091,6.6119
pmc_gauss_k2,0.01,pmc_state_K2|raw,1,990,1.028,1.0569,0.72374,0.51116,0.53164,0.47475,0.79697,0.9697,4.5095
pmc_gauss_k2,0.01,pmc_state_K2|raw,2,990,1.1737,1.3775,0.89912,0.63983,0.65496,0.50303,0.79394,0.9798,5.63
pmc_gauss_k2,0.01,pmc_state_K2|raw,3,990,1.2832,1.6466,1.0184,0.71747,0.72451,0.48384,0.81818,0.9798,6.0866
pmc_gauss_k2,0.01,pmc_state_K2|raw,4,990,1.3652,1.8638,1.0978,0.77271,0.77646,0.47172,0.80404,0.98081,6.3112
pmc_gauss_k2,0.01,pmc_state_K2|raw,5,990,1.3914,1.9359,1.1388,0.79315,0.79443,0.45859,0.81919,0.98081,6.4241
pmc_gauss_k2,0.01,pmc_state_K2|raw,6,990,1.4034,1.9696,1.1482,0.79915,0.8008,0.48182,0.82727,0.98182,6.4951
pmc_gauss_k2,0.01,pmc_state_K2|raw,7,990,1.4373,2.0658,1.1741,0.81944,0.82058,0.47778,0.81616,0.98081,6.5412
pmc_gauss_k2,0.01,pmc_state_K2|raw,8,990,1.4585,2.1271,1.1912,0.8314,0.83223,0.47172,0.81818,0.98586,6.5744
pmc_gauss_k2,0.01,pmc_state_K2|raw,9,990,1.4357,2.0611,1.1728,0.81836,0.82024,0.48485,0.83131,0.98384,6.5968
pmc_gauss_k2,0.01,pmc_state_K2|raw,10,990,1.4164,2.0062,1.1715,0.81038,0.81235,0.48485,0.82727,0.99091,6.6121
pmc_gauss_k2,0.01,pmc_state_K2|robust+gate,1,990,0.93948,0.88262,0.68119,0.48853,0.49899,0.45253,0.78586,0.94848,3.8446
pmc_gauss_k2,0.01,pmc_state_K2|robust+gate,2,990,1.1553,1.3346,0.8874,0.63195,0.6378,0.49192,0.79899,0.94545,4.5503
pmc_gauss_k2,0.01,pmc_state_K2|robust+gate,3,990,1.2734,1.6216,1.0182,0.71319,0.71486,0.49293,0.79192,0.95455,4.8724
pmc_gauss_k2,0.01,pmc_state_K2|robust+gate,4,990,1.3531,1.8308,1.0964,0.76644,0.76839,0.47576,0.7798,0.94747,5.0469
pmc_gauss_k2,0.01,pmc_state_K2|robust+gate,5,990,1.3797,1.9035,1.1333,0.78615,0.78719,0.48283,0.79495,0.94848,5.1471
pmc_gauss_k2,0.01,pmc_state_K2|robust+gate,6,990,1.3946,1.945,1.1456,0.79288,0.79431,0.50404,0.79394,0.94343,5.2066
pmc_gauss_k2,0.01,pmc_state_K2|robust+gate,7,990,1.4266,2.0352,1.1677,0.81268,0.81378,0.49697,0.7899,0.94444,5.2418
pmc_gauss_k2,0.01,pmc_state_K2|robust+gate,8,990,1.4497,2.1015,1.1876,0.82557,0.82699,0.48687,0.79091,0.93535,5.262
pmc_gauss_k2,0.01,pmc_state_K2|robust+gate,9,990,1.4284,2.0404,1.1694,0.81353,0.8143,0.50303,0.78889,0.94343,5.274
pmc_gauss_k2,0.01,pmc_state_K2|robust+gate,10,990,1.414,1.9994,1.1707,0.80772,0.80843,0.50404,0.79495,0.94646,5.282
pmc_gauss_k2,0.01,pmc_state_K2|robust,1,990,1.1297,1.2763,0.73749,0.54078,0.54267,0.44545,0.7798,0.94848,3.887
pmc_gauss_k2,0.01,pmc_state_K2|robust,2,990,1.2284,1.5091,0.91748,0.65872,0.65797,0.48485,0.79697,0.94646,4.5879
pmc_gauss_k2,0.01,pmc_state_K2|robust,3,990,1.3102,1.7167,1.0369,0.73075,0.72758,0.49293,0.79091,0.95253,4.9034
pmc_gauss_k2,0.01,pmc_state_K2|robust,4,990,1.3702,1.8775,1.1078,0.77686,0.77575,0.47677,0.78182,0.94747,5.0729
pmc_gauss_k2,0.01,pmc_state_K2|robust,5,990,1.3928,1.9398,1.1445,0.79415,0.79366,0.48182,0.79596,0.94848,5.1683
pmc_gauss_k2,0.01,pmc_state_K2|robust,6,990,1.405,1.974,1.1543,0.80015,0.80028,0.50202,0.79394,0.94343,5.2236
pmc_gauss_k2,0.01,pmc_state_K2|robust,7,990,1.4337,2.0555,1.1745,0.8179,0.81825,0.49293,0.78889,0.94545,5.2553
pmc_gauss_k2,0.01,pmc_state_K2|robust,8,990,1.4533,2.112,1.1887,0.8284,0.82932,0.48687,0.79091,0.93434,5.2726
pmc_gauss_k2,0.01,pmc_state_K2|robust,9,990,1.4316,2.0494,1.1708,0.81525,0.81598,0.50505,0.78687,0.94343,5.2822
pmc_gauss_k2,0.01,pmc_state_K2|robust,10,990,1.4137,1.9985,1.1708,0.80714,0.80798,0.50303,0.79798,0.94646,5.2882
pmc_gauss_k2,0.01,pmc_state_K2|hampel+gate,1,990,0.93948,0.88262,0.68119,0.48853,0.49899,0.45253,0.78586,0.94848,3.8446
pmc_gauss_k2,0.01,pmc_state_K2|hampel+gate,2,990,1.1553,1.3346,0.8874,0.63195,0.6378,0.49192,0.79899,0.94545,4.5503
pmc_gauss_k2,0.01,pmc_state_K2|hampel+gate,3,990,1.2734,1.6216,1.0182,0.71319,0.71486,0.49293,0.79192,0.95455,4.8724
pmc_gauss_k2,0.01,pmc_state_K2|hampel+gate,4,990,1.3531,1.8308,1.0964,0.76644,0.76839,0.47576,0.7798,0.94747,5.0469
pmc_gauss_k2,0.01,pmc_state_K2|hampel+gate,5,990,1.3797,1.9035,1.1333,0.78615,0.78719,0.48283,0.79495,0.94848,5.1471
pmc_gauss_k2,0.01,pmc_state_K2|hampel+gate,6,990,1.3946,1.945,1.1456,0.79288,0.79431,0.50404,0.79394,0.94343,5.2066
pmc_gauss_k2,0.01,pmc_state_K2|hampel+gate,7,990,1.4266,2.0352,1.1677,0.81268,0.81378,0.49697,0.7899,0.94444,5.2418
pmc_gauss_k2,0.01,pmc_state_K2|hampel+gate,8,990,1.4497,2.1015,1.1876,0.82557,0.82699,0.48687,0.79091,0.93535,5.262
pmc_gauss_k2,0.01,pmc_state_K2|hampel+gate,9,990,1.4284,2.0404,1.1694,0.81353,0.8143,0.50303,0.78889,0.94343,5.274
pmc_gauss_k2,0.01,pmc_state_K2|hampel+gate,10,990,1.414,1.9994,1.1707,0.80772,0.80843,0.50404,0.79495,0.94646,5.282
pmc_gauss_k2,0.01,ar1|raw,1,990,1.1136,1.2402,0.8064,0.60854,0.60854,0.69495,0.92929,0.97374,5.4301
pmc_gauss_k2,0.01,ar1|raw,2,990,1.2354,1.5262,0.99212,0.71066,0.71066,0.59091,0.90101,0.98788,6.2041
pmc_gauss_k2,0.01,ar1|raw,3,990,1.3193,1.7405,1.0799,0.76005,0.76005,0.57778,0.88687,0.99293,6.4236
pmc_gauss_k2,0.01,ar1|raw,4,990,1.3959,1.9487,1.1539,0.80178,0.80178,0.54242,0.87374,0.99091,6.4903
pmc_gauss_k2,0.01,ar1|raw,5,990,1.4011,1.9632,1.1629,0.80583,0.80583,0.5101,0.87374,0.98889,6.511
pmc_gauss_k2,0.01,ar1|raw,6,990,1.415,2.0023,1.1682,0.81177,0.81177,0.54444,0.86263,0.98788,6.5176
pmc_gauss_k2,0.01,ar1|raw,7,990,1.4324,2.0518,1.1826,0.82154,0.82154,0.53939,0.8596,0.98182,6.5197
pmc_gauss_k2,0.01,ar1|raw,8,990,1.4523,2.1092,1.1963,0.83138,0.83138,0.51313,0.8596,0.98586,6.5204
pmc_gauss_k2,0.01,ar1|raw,9,990,1.4351,2.0595,1.1781,0.82125,0.82125,0.53636,0.8596,0.98889,6.5206
pmc_gauss_k2,0.01,ar1|raw,10,990,1.4181,2.0109,1.176,0.8141,0.8141,0.5303,0.86364,0.99192,6.5206
pmc_gauss_k2,0.01,ar1|raw+gate,1,990,0.98205,0.96442,0.75975,0.56722,0.56722,0.70303,0.9404,0.98586,5.4397
pmc_gauss_k2,0.01,ar1|raw+gate,2,990,1.2061,1.4546,0.97692,0.69827,0.69827,0.59495,0.90707,0.99293,6.2069
pmc_gauss_k2,0.01,ar1|raw+gate,3,990,1.312,1.7212,1.0771,0.75695,0.75695,0.57778,0.8899,0.99495,6.4245
pmc_gauss_k2,0.01,ar1|raw+gate,4,990,1.3947,1.9451,1.1529,0.80129,0.80129,0.54242,0.87374,0.99192,6.4906
pmc_gauss_k2,0.01,ar1|raw+gate,5,990,1.3995,1.9585,1.1609,0.80498,0.80498,0.51313,0.87273,0.9899,6.5111
pmc_gauss_k2,0.01,ar1|raw+gate,6,990,1.4139,1.9992,1.1678,0.81123,0.81123,0.54343,0.86263,0.98788,6.5176
pmc_gauss_k2,0.01,ar1|raw+gate,7,990,1.4317,2.0499,1.1822,0.8212,0.8212,0.5404,0.8596,0.98283,6.5197
pmc_gauss_k2,0.01,ar1|raw+gate,8,990,1.4521,2.1085,1.1966,0.83126,0.83126,0.51313,0.8596,0.98586,6.5204
pmc_gauss_k2,0.01,ar1|raw+gate,9,990,1.4348,2.0587,1.178,0.82108,0.82108,0.53636,0.8596,0.98889,6.5206
pmc_gauss_k2,0.01,ar1|raw+gate,10,990,1.4181,2.0109,1.176,0.81407,0.81407,0.5303,0.86364,0.99192,6.5206
pmc_gauss_k2,0.01,ar1|robust+gate,1,990,1.0728,1.1509,0.74354,0.55307,0.55307,0.49495,0.78889,0.89495,3.0923
pmc_gauss_k2,0.01,ar1|robust+gate,2,990,1.2391,1.5355,0.92815,0.6798,0.6798,0.48182,0.74848,0.89495,3.9726
pmc_gauss_k2,0.01,ar1|robust+gate,3,990,1.3418,1.8005,1.0539,0.75342,0.75342,0.45455,0.7404,0.90202,4.4718
pmc_gauss_k2,0.01,ar1|robust+gate,4,990,1.4018,1.9649,1.1178,0.79658,0.79658,0.43131,0.72525,0.90808,4.7815
pmc_gauss_k2,0.01,ar1|robust+gate,5,990,1.4266,2.0352,1.1564,0.8133,0.8133,0.43838,0.74242,0.91818,4.9815
pmc_gauss_k2,0.01,ar1|robust+gate,6,990,1.4218,2.0216,1.1546,0.80922,0.80922,0.44444,0.75253,0.93131,5.1135
pmc_gauss_k2,0.01,ar1|robust+gate,7,990,1.4486,2.0985,1.1742,0.82539,0.82539,0.44646,0.75152,0.93131,5.2018
pmc_gauss_k2,0.01,ar1|robust+gate,8,990,1.4688,2.1574,1.194,0.83823,0.83823,0.42929,0.74949,0.9303,5.2614
pmc_gauss_k2,0.01,ar1|robust+gate,9,990,1.4427,2.0813,1.1759,0.82259,0.82259,0.45758,0.76263,0.93737,5.3019
pmc_gauss_k2,0.01,ar1|robust+gate,10,990,1.4183,2.0116,1.1693,0.81114,0.81114,0.44242,0.77172,0.94747,5.3295
pmc_gauss_k2,0.01,persistence|raw,1,990,1.3524,1.8289,0.77354,0.59548,,0.48081,0.79091,0.95758,5.4573
pmc_gauss_k2,0.01,persistence|raw,2,990,1.5773,2.4877,1.0215,0.77503,,0.51313,0.79091,0.95859,6.6622
pmc_gauss_k2,0.01,persistence|raw,3,990,1.7616,3.1033,1.217,0.9074,,0.49596,0.78283,0.95455,7.1884
pmc_gauss_k2,0.01,persistence|raw,4,990,1.8754,3.5173,1.3531,0.99189,,0.48182,0.79495,0.9596,7.5875
pmc_gauss_k2,0.01,persistence|raw,5,990,1.9852,3.9409,1.4493,1.0577,,0.47778,0.79394,0.95556,7.8439
pmc_gauss_k2,0.01,persistence|raw,6,990,2.0354,4.1429,1.4876,1.0859,,0.49596,0.79495,0.95859,7.975
pmc_gauss_k2,0.01,persistence|raw,7,990,2.1219,4.5024,1.5704,1.1443,,0.5,0.78788,0.94949,8.0976
pmc_gauss_k2,0.01,persistence|raw,8,990,2.1512,4.6277,1.6121,1.1673,,0.50101,0.79798,0.94848,8.1355
pmc_gauss_k2,0.01,persistence|raw,9,990,2.1368,4.5659,1.6078,1.157,,0.49899,0.79899,0.95455,8.2219
pmc_gauss_k2,0.01,persistence|raw,10,990,2.1031,4.4232,1.6053,1.1489,,0.50101,0.81414,0.95758,8.2782
pmc_gauss_k2,0.01,ar1|clean,1,990,0.9279,0.86101,0.67323,0.49397,0.49397,0.57778,0.86364,0.93838,3.5908
pmc_gauss_k2,0.01,ar1|clean,2,990,1.1496,1.3216,0.88084,0.63696,0.63696,0.54141,0.81616,0.94646,4.5171
pmc_gauss_k2,0.01,ar1|clean,3,990,1.2697,1.612,1.015,0.71506,0.71506,0.49697,0.80303,0.95051,4.9789
pmc_gauss_k2,0.01,ar1|clean,4,990,1.3526,1.8294,1.0958,0.76872,0.76872,0.47475,0.77374,0.95354,5.2306
pmc_gauss_k2,0.01,ar1|clean,5,990,1.3792,1.9021,1.133,0.78733,0.78733,0.45758,0.7899,0.95556,5.373
pmc_gauss_k2,0.01,ar1|clean,6,990,1.3951,1.9462,1.146,0.79474,0.79474,0.47172,0.7899,0.95657,5.4552
pmc_gauss_k2,0.01,ar1|clean,7,990,1.4268,2.0357,1.1682,0.81398,0.81398,0.46061,0.7798,0.94848,5.5032
pmc_gauss_k2,0.01,ar1|clean,8,990,1.4497,2.1017,1.1876,0.82692,0.82692,0.44747,0.78586,0.94747,5.5315
pmc_gauss_k2,0.01,ar1|clean,9,990,1.428,2.0391,1.1695,0.81388,0.81388,0.4697,0.78384,0.95758,5.5483
pmc_gauss_k2,0.01,ar1|clean,10,990,1.4125,1.9952,1.1698,0.80755,0.80755,0.46263,0.79495,0.96061,5.5582
pmc_gauss_k2,0.01,persistence|clean,1,990,0.98226,0.96483,0.67683,0.50353,,0.47879,0.78081,0.94444,4.1022
pmc_gauss_k2,0.01,persistence|clean,2,990,1.2994,1.6883,0.93599,0.69481,,0.50505,0.78485,0.95051,5.6385
pmc_gauss_k2,0.01,persistence|clean,3,990,1.5145,2.2938,1.1293,0.82735,,0.49596,0.77879,0.94848,6.3215
pmc_gauss_k2,0.01,persistence|clean,4,990,1.6488,2.7187,1.2682,0.91527,,0.47576,0.78586,0.94848,6.7087
pmc_gauss_k2,0.01,persistence|clean,5,990,1.7507,3.065,1.3638,0.98029,,0.47677,0.78687,0.94949,7.0217
pmc_gauss_k2,0.01,persistence|clean,6,990,1.7946,3.2207,1.3978,1.0043,,0.49394,0.79394,0.94444,7.1929
pmc_gauss_k2,0.01,persistence|clean,7,990,1.8867,3.5597,1.4788,1.062,,0.4899,0.78384,0.93838,7.3391
pmc_gauss_k2,0.01,persistence|clean,8,990,1.933,3.7363,1.528,1.0906,,0.49293,0.78788,0.94141,7.4179
pmc_gauss_k2,0.01,persistence|clean,9,990,1.9056,3.6315,1.5221,1.0773,,0.49293,0.78687,0.94747,7.4775
pmc_gauss_k2,0.01,persistence|clean,10,990,1.9071,3.6369,1.534,1.0815,,0.49596,0.80505,0.95051,7.5307
pmc_gauss_k2,0.05,pmc_state_K2|true+gate,1,990,0.9475,0.89776,0.68421,0.49238,0.50224,0.46162,0.77778,0.94646,3.8647
pmc_gauss_k2,0.05,pmc_state_K2|true+gate,2,990,1.1561,1.3366,0.88907,0.63254,0.63821,0.48687,0.79596,0.94646,4.5631
pmc_gauss_k2,0.05,pmc_state_K2|true+gate,3,990,1.2697,1.6122,1.0143,0.71119,0.71312,0.49091,0.79091,0.95556,4.8817
pmc_gauss_k2,0.05,pmc_state_K2|true+gate,4,990,1.35,1.8224,1.092,0.76413,0.76624,0.48586,0.77879,0.94747,5.0541
pmc_gauss_k2,0.05,pmc_state_K2|true+gate,5,990,1.3739,1.8875,1.1281,0.781,0.78283,0.48384,0.80101,0.95051,5.1518
pmc_gauss_k2,0.05,pmc_state_K2|true+gate,6,990,1.3933,1.9412,1.1431,0.79114,0.79278,0.50505,0.79798,0.94444,5.2115
pmc_gauss_k2,0.05,pmc_state_K2|true+gate,7,990,1.4246,2.0294,1.1648,0.81088,0.81214,0.49293,0.79293,0.94343,5.2458
pmc_gauss_k2,0.05,pmc_state_K2|true+gate,8,990,1.4465,2.0923,1.1858,0.82377,0.82519,0.48182,0.79596,0.9404,5.2646
pmc_gauss_k2,0.05,pmc_state_K2|true+gate,9,990,1.4263,2.0342,1.1703,0.81239,0.81333,0.50606,0.79798,0.94343,5.2763
pmc_gauss_k2,0.05,pmc_state_K2|true+gate,10,990,1.4126,1.9954,1.1715,0.80644,0.80772,0.5,0.79899,0.94545,5.2847
pmc_gauss_k2,0.05,pmc_state_K2|true,1,990,1.5914,2.5326,0.91302,0.70187,0.68341,0.43434,0.73737,0.93838,3.9903
pmc_gauss_k2,0.05,pmc_state_K2|true,2,990,1.5263,2.3296,1.0535,0.77201,0.75641,0.45051,0.78081,0.93939,4.6688
pmc_gauss_k2,0.05,pmc_state_K2|true,3,990,1.4762,2.1792,1.1264,0.79966,0.78851,0.46667,0.77576,0.94949,4.9685
pmc_gauss_k2,0.05,pmc_state_K2|true,4,990,1.463,2.1405,1.1644,0.81969,0.8135,0.47778,0.76364,0.9404,5.1259
pmc_gauss_k2,0.05,pmc_state_K2|true,5,990,1.4262,2.0341,1.1628,0.80957,0.80668,0.4798,0.79899,0.94949,5.21
pmc_gauss_k2,0.05,pmc_state_K2|true,6,990,1.4294,2.0431,1.169,0.81154,0.81059,0.50303,0.8,0.9404,5.2575
pmc_gauss_k2,0.05,pmc_state_K2|true,7,990,1.4484,2.0979,1.182,0.82483,0.82459,0.49091,0.7899,0.94242,5.2821
pmc_gauss_k2,0.05,pmc_state_K2|true,8,990,1.4581,2.1259,1.1936,0.83116,0.83171,0.4899,0.7899,0.9404,5.2929
pmc_gauss_k2,0.05,pmc_state_K2|true,9,990,1.4322,2.0511,1.1752,0.81681,0.8173,0.49899,0.79596,0.94242,5.298
pmc_gauss_k2,0.05,pmc_state_K2|true,10,990,1.4142,2,1.1704,0.80825,0.80893,0.49899,0.80202,0.94343,5.3008
pmc_gauss_k2,0.05,pmc_state_K2|clean,1,990,0.92755,0.86034,0.67236,0.48232,0.49297,0.4596,0.78687,0.95354,3.8468
pmc_gauss_k2,0.05,pmc_state_K2|clean,2,990,1.1483,1.3185,0.88159,0.62791,0.63412,0.49495,0.80101,0.94848,4.5656
pmc_gauss_k2,0.05,pmc_state_K2|clean,3,990,1.2679,1.6075,1.0129,0.70987,0.71165,0.49697,0.79091,0.95556,4.8935
pmc_gauss_k2,0.05,pmc_state_K2|clean,4,990,1.3506,1.8242,1.0934,0.76466,0.76677,0.4798,0.78182,0.95051,5.0718
pmc_gauss_k2,0.05,pmc_state_K2|clean,5,990,1.3784,1.9001,1.1315,0.78471,0.78595,0.48384,0.79697,0.95051,5.1744
pmc_gauss_k2,0.05,pmc_state_K2|clean,6,990,1.3933,1.9412,1.1441,0.79172,0.79324,0.50404,0.79596,0.94646,5.2356
pmc_gauss_k2,0.05,pmc_state_K2|clean,7,990,1.426,2.0336,1.1666,0.81207,0.81314,0.49596,0.79293,0.94444,5.2718
pmc_gauss_k2,0.05,pmc_state_K2|clean,8,990,1.4494,2.1008,1.1868,0.82516,0.8265,0.48788,0.79192,0.93636,5.2927
pmc_gauss_k2,0.05,pmc_state_K2|clean,9,990,1.4277,2.0384,1.1685,0.81303,0.81369,0.50808,0.79293,0.94444,5.3054
pmc_gauss_k2,0.05,pmc_state_K2|clean,10,990,1.4136,1.9984,1.1704,0.80752,0.80817,0.50505,0.79899,0.94747,5.3138
pmc_gauss_k2,0.05,pmc_state_K2|raw+gate,1,990,1.0735,1.1524,0.80694,0.53034,0.68604,0.48687,0.85657,0.96465,9.0075
pmc_gauss_k2,0.05,pmc_state_K2|raw+gate,2,990,1.2703,1.6136,0.98148,0.66891,0.77687,0.5202,0.83737,0.97879,9.6162
pmc_gauss_k2,0.05,pmc_state_K2|raw+gate,3,990,1.3747,1.8897,1.0881,0.74477,0.83065,0.50303,0.84444,0.97879,9.8636
pmc_gauss_k2,0.05,pmc_state_K2|raw+gate,4,990,1.45,2.1026,1.1554,0.7953,0.8697,0.49596,0.82929,0.97273,10.001
pmc_gauss_k2,0.05,pmc_state_K2|raw+gate,5,990,1.4492,2.1003,1.1759,0.80772,0.87349,0.48687,0.86667,0.97475,10.085
pmc_gauss_k2,0.05,pmc_state_K2|raw+gate,6,990,1.4537,2.1133,1.1721,0.81326,0.87735,0.5,0.85859,0.97677,10.138
pmc_gauss_k2,0.05,pmc_state_K2|raw+gate,7,990,1.4846,2.204,1.2127,0.83238,0.89304,0.50808,0.8596,0.9798,10.173
pmc_gauss_k2,0.05,pmc_state_K2|raw+gate,8,990,1.5054,2.2661,1.2261,0.84442,0.90306,0.4899,0.8404,0.98687,10.195
pmc_gauss_k2,0.05,pmc_state_K2|raw+gate,9,990,1.4856,2.207,1.2131,0.83183,0.89461,0.50404,0.85657,0.98586,10.21
pmc_gauss_k2,0.05,pmc_state_K2|raw+gate,10,990,1.4675,2.1535,1.2013,0.82453,0.88788,0.5,0.85354,0.98889,10.219
pmc_gauss_k2,0.05,pmc_state_K2|raw,1,990,1.0735,1.1524,0.80694,0.53034,0.68604,0.48687,0.85657,0.96465,9.0075
pmc_gauss_k2,0.05,pmc_state_K2|raw,2,990,1.2703,1.6136,0.98148,0.66891,0.77687,0.5202,0.83737,0.97879,9.6162
pmc_gauss_k2,0.05,pmc_state_K2|raw,3,990,1.3747,1.8897,1.0881,0.74477,0.83065,0.50303,0.84444,0.97879,9.8636
pmc_gauss_k2,0.05,pmc_state_K2|raw,4,990,1.45,2.1026,1.1554,0.7953,0.8697,0.49596,0.82929,0.97273,10.001
pmc_gauss_k2,0.05,pmc_state_K2|raw,5,990,1.4492,2.1003,1.1759,0.80772,0.87349,0.48687,0.86667,0.97475,10.085
pmc_gauss_k2,0.05,pmc_state_K2|raw,6,990,1.4537,2.1133,1.1721,0.81326,0.87735,0.5,0.85859,0.97677,10.138
pmc_gauss_k2,0.05,pmc_state_K2|raw,7,990,1.4846,2.204,1.2127,0.83238,0.89304,0.50808,0.8596,0.9798,10.173
pmc_gauss_k2,0.05,pmc_state_K2|raw,8,990,1.5054,2.2661,1.2261,0.84442,0.90306,0.4899,0.8404,0.98687,10.195
pmc_gauss_k2,0.05,pmc_state_K2|raw,9,990,1.4856,2.207,1.2131,0.83183,0.89461,0.50404,0.85657,0.98586,10.21
pmc_gauss_k2,0.05,pmc_state_K2|raw,10,990,1.4675,2.1535,1.2013,0.82453,0.88788,0.5,0.85354,0.98889,10.219
pmc_gauss_k2,0.05,pmc_state_K2|robust+gate,1,990,1.0733,1.152,0.80698,0.5303,0.68586,0.48586,0.85657,0.96465,9.0031
pmc_gauss_k2,0.05,pmc_state_K2|robust+gate,2,990,1.2699,1.6127,0.98127,0.66884,0.7766,0.5202,0.83838,0.97879,9.6116
pmc_gauss_k2,0.05,pmc_state_K2|robust+gate,3,990,1.3743,1.8887,1.0878,0.74468,0.83036,0.50303,0.84444,0.97879,9.8583
pmc_gauss_k2,0.05,pmc_state_K2|robust+gate,4,990,1.4497,2.1016,1.1551,0.79521,0.86944,0.49495,0.82929,0.97273,9.995
pmc_gauss_k2,0.05,pmc_state_K2|robust+gate,5,990,1.449,2.0995,1.1757,0.80765,0.87323,0.48687,0.86768,0.97475,10.079
pmc_gauss_k2,0.05,pmc_state_K2|robust+gate,6,990,1.4535,2.1126,1.1719,0.8132,0.87712,0.5,0.85859,0.97677,10.132
pmc_gauss_k2,0.05,pmc_state_K2|robust+gate,7,990,1.4843,2.2033,1.2125,0.83232,0.89282,0.50808,0.8596,0.9798,10.167
pmc_gauss_k2,0.05,pmc_state_K2|robust+gate,8,990,1.5051,2.2654,1.2259,0.84435,0.90284,0.4899,0.8404,0.98687,10.189
pmc_gauss_k2,0.05,pmc_state_K2|robust+gate,9,990,1.4853,2.2062,1.2129,0.83176,0.89439,0.50404,0.85657,0.98586,10.203
pmc_gauss_k2,0.05,pmc_state_K2|robust+gate,10,990,1.4673,2.1528,1.2011,0.82446,0.88766,0.49899,0.85354,0.98889,10.212
pmc_gauss_k2,0.05,pmc_state_K2|robust,1,990,1.0733,1.152,0.80698,0.5303,0.68586,0.48586,0.85657,0.96465,9.0031
pmc_gauss_k2,0.05,pmc_state_K2|robust,2,990,1.2699,1.6127,0.98127,0.66884,0.7766,0.5202,0.83838,0.97879,9.6116
pmc_gauss_k2,0.05,pmc_state_K2|robust,3,990,1.3743,1.8887,1.0878,0.74468,0.83036,0.50303,0.84444,0.97879,9.8583
pmc_gauss_k2,0.05,pmc_state_K2|robust,4,990,1.4497,2.1016,1.1551,0.79521,0.86944,0.49495,0.82929,0.97273,9.995
pmc_gauss_k2,0.05,pmc_state_K2|robust,5,990,1.449,2.0995,1.1757,0.80765,0.87323,0.48687,0.86768,0.97475,10.079
pmc_gauss_k2,0.05,pmc_state_K2|robust,6,990,1.4535,2.1126,1.1719,0.8132,0.87712,0.5,0.85859,0.97677,10.132
pmc_gauss_k2,0.05,pmc_state_K2|robust,7,990,1.4843,2.2033,1.2125,0.83232,0.89282,0.50808,0.8596,0.9798,10.167
pmc_gauss_k2,0.05,pmc_state_K2|robust,8,990,1.5051,2.2654,1.2259,0.84435,0.90284,0.4899,0.8404,0.98687,10.189
pmc_gauss_k2,0.05,pmc_state_K2|robust,9,990,1.4853,2.2062,1.2129,0.83176,0.89439,0.50404,0.85657,0.98586,10.203
pmc_gauss_k2,0.05,pmc_state_K2|robust,10,990,1.4673,2.1528,1.2011,0.82446,0.88766,0.49899,0.85354,0.98889,10.212
pmc_gauss_k2,0.05,pmc_state_K2|hampel+gate,1,990,0.95498,0.91199,0.69066,0.49622,0.50641,0.45354,0.78384,0.94949,3.8637
pmc_gauss_k2,0.05,pmc_state_K2|hampel+gate,2,990,1.1631,1.3527,0.89563,0.63738,0.64266,0.48687,0.79394,0.94545,4.5579
pmc_gauss_k2,0.05,pmc_state_K2|hampel+gate,3,990,1.2766,1.6298,1.0224,0.71561,0.71704,0.4899,0.7899,0.95455,4.8759
pmc_gauss_k2,0.05,pmc_state_K2|hampel+gate,4,990,1.3542,1.8339,1.0976,0.76741,0.76918,0.47576,0.77677,0.94848,5.0485
pmc_gauss_k2,0.05,pmc_state_K2|hampel+gate,5,990,1.3797,1.9036,1.1332,0.78559,0.78678,0.4798,0.8,0.94848,5.1479
pmc_gauss_k2,0.05,pmc_state_K2|hampel+gate,6,990,1.3961,1.9492,1.1458,0.79351,0.79494,0.50707,0.79495,0.94141,5.207
pmc_gauss_k2,0.05,pmc_state_K2|hampel+gate,7,990,1.4279,2.0388,1.1685,0.81333,0.81443,0.49596,0.78586,0.94444,5.242
pmc_gauss_k2,0.05,pmc_state_K2|hampel+gate,8,990,1.4504,2.1037,1.1884,0.82611,0.82749,0.48182,0.7899,0.93434,5.2623
pmc_gauss_k2,0.05,pmc_state_K2|hampel+gate,9,990,1.4286,2.0408,1.1704,0.81363,0.81438,0.50202,0.7899,0.94141,5.2745
pmc_gauss_k2,0.05,pmc_state_K2|hampel+gate,10,990,1.4138,1.9988,1.1708,0.80775,0.80845,0.50303,0.79495,0.94343,5.2825
pmc_gauss_k2,0.05,ar1|raw,1,990,1.3301,1.7693,1.0541,0.81626,0.81626,0.7596,0.96768,0.99697,8.9021
pmc_gauss_k2,0.05,ar1|raw,2,990,1.4241,2.0281,1.1687,0.8695,0.8695,0.70303,0.97273,1,9.1812
pmc_gauss_k2,0.05,ar1|raw,3,990,1.4484,2.0979,1.1901,0.88069,0.88069,0.7101,0.97273,1,9.1991
pmc_gauss_k2,0.05,ar1|raw,4,990,1.4996,2.2488,1.2306,0.9025,0.9025,0.6798,0.96263,1,9.2002
pmc_gauss_k2,0.05,ar1|raw,5,990,1.4666,2.1509,1.2079,0.88817,0.88817,0.69192,0.9697,1,9.2003
pmc_gauss_k2,0.05,ar1|raw,6,990,1.4667,2.1513,1.1976,0.88804,0.88804,0.69495,0.96465,0.99899,9.2003
pmc_gauss_k2,0.05,ar1|raw,7,990,1.4804,2.1917,1.2219,0.8945,0.8945,0.68081,0.96869,1,9.2003
pmc_gauss_k2,0.05,ar1|raw,8,990,1.4999,2.2498,1.2299,0.90258,0.90258,0.6798,0.97071,0.99899,9.2003
pmc_gauss_k2,0.05,ar1|raw,9,990,1.4864,2.2095,1.219,0.89602,0.89602,0.69596,0.96566,0.99899,9.2003
pmc_gauss_k2,0.05,ar1|raw,10,990,1.4702,2.1614,1.2098,0.88968,0.88968,0.69495,0.9697,1,9.2003
pmc_gauss_k2,0.05,ar1|raw+gate,1,990,1.2767,1.6301,1.0218,0.79699,0.79699,0.77071,0.97677,0.99798,8.9109
pmc_gauss_k2,0.05,ar1|raw+gate,2,990,1.4179,2.0106,1.1662,0.86709,0.86709,0.70909,0.97475,1,9.1818
pmc_gauss_k2,0.05,ar1|raw+gate,3,990,1.4466,2.0927,1.1893,0.87994,0.87994,0.71111,0.97273,1,9.1991
pmc_gauss_k2,0.05,ar1|raw+gate,4,990,1.4992,2.2475,1.2305,0.90232,0.90232,0.6798,0.96263,1,9.2002
pmc_gauss_k2,0.05,ar1|raw+gate,5,990,1.4665,2.1507,1.2079,0.88815,0.88815,0.69192,0.9697,1,9.2003
pmc_gauss_k2,0.05,ar1|raw+gate,6,990,1.4667,2.1513,1.1975,0.88804,0.88804,0.69495,0.96465,0.99899,9.2003
pmc_gauss_k2,0.05,ar1|raw+gate,7,990,1.4804,2.1917,1.2219,0.89449,0.89449,0.68081,0.96869,1,9.2003
pmc_gauss_k2,0.05,ar1|raw+gate,8,990,1.4999,2.2498,1.2299,0.90258,0.90258,0.6798,0.97071,0.99899,9.2003
pmc_gauss_k2,0.05,ar1|raw+gate,9,990,1.4864,2.2095,1.219,0.89602,0.89602,0.69596,0.96566,0.99899,9.2003
pmc_gauss_k2,0.05,ar1|raw+gate,10,990,1.4702,2.1614,1.2098,0.88968,0.88968,0.69495,0.9697,1,9.2003
pmc_gauss_k2,0.05,ar1|robust+gate,1,990,1.0757,1.1571,0.7509,0.55734,0.55734,0.49596,0.78788,0.89495,3.1423
pmc_gauss_k2,0.05,ar1|robust+gate,2,990,1.2446,1.5491,0.9356,0.68377,0.68377,0.48485,0.74747,0.89697,4.0112
pmc_gauss_k2,0.05,ar1|robust+gate,3,990,1.3508,1.8245,1.0619,0.75833,0.75833,0.45354,0.74242,0.90101,4.502
pmc_gauss_k2,0.05,ar1|robust+gate,4,990,1.4049,1.9737,1.1222,0.79843,0.79843,0.43232,0.72828,0.90909,4.8053
pmc_gauss_k2,0.05,ar1|robust+gate,5,990,1.4276,2.0381,1.1576,0.81364,0.81364,0.4404,0.74646,0.91919,5.0002
pmc_gauss_k2,0.05,ar1|robust+gate,6,990,1.4234,2.0262,1.1552,0.80974,0.80974,0.44242,0.75455,0.93131,5.1282
pmc_gauss_k2,0.05,ar1|robust+gate,7,990,1.4495,2.1012,1.1749,0.82578,0.82578,0.44848,0.75657,0.93333,5.2134
pmc_gauss_k2,0.05,ar1|robust+gate,8,990,1.4679,2.1548,1.1929,0.83756,0.83756,0.42727,0.75455,0.9303,5.2707
pmc_gauss_k2,0.05,ar1|robust+gate,9,990,1.4421,2.0796,1.1758,0.82215,0.82215,0.45657,0.7596,0.93838,5.3094
pmc_gauss_k2,0.05,ar1|robust+gate,10,990,1.418,2.0106,1.1689,0.81079,0.81079,0.44444,0.77273,0.94747,5.3357
pmc_gauss_k2,0.05,persistence|raw,1,990,2.0371,4.1497,1.0236,0.83837,,0.50909,0.84141,0.97677,17.031
pmc_gauss_k2,0.05,persistence|raw,2,990,2.2439,5.0352,1.2833,1.0215,,0.51717,0.83838,0.97374,16.936
pmc_gauss_k2,0.05,persistence|raw,3,990,2.375,5.6405,1.4669,1.1423,,0.5202,0.84444,0.97374,17.008
pmc_gauss_k2,0.05,persistence|raw,4,990,2.4529,6.0165,1.5962,1.218,,0.50909,0.82828,0.97778,16.882
pmc_gauss_k2,0.05,persistence|raw,5,990,2.4758,6.1298,1.6661,1.259,,0.51616,0.82727,0.97778,16.804
pmc_gauss_k2,0.05,persistence|raw,6,990,2.532,6.411,1.7103,1.2918,,0.52121,0.83131,0.97879,16.854
pmc_gauss_k2,0.05,persistence|raw,7,990,2.6082,6.8026,1.7955,1.349,,0.52323,0.81616,0.97576,16.83
pmc_gauss_k2,0.05,persistence|raw,8,990,2.6188,6.8582,1.8386,1.3696,,0.50707,0.82828,0.98081,16.827
pmc_gauss_k2,0.05,persistence|raw,9,990,2.577,6.6409,1.8258,1.3531,,0.50707,0.84141,0.98182,16.837
pmc_gauss_k2,0.05,persistence|raw,10,990,2.5608,6.5579,1.8302,1.3497,,0.5202,0.8404,0.97879,16.69
pmc_gauss_k2,0.05,ar1|clean,1,990,0.9279,0.86101,0.67323,0.49397,0.49397,0.57778,0.86364,0.93838,3.5908
pmc_gauss_k2,0.05,ar1|clean,2,990,1.1496,1.3216,0.88084,0.63696,0.63696,0.54141,0.81616,0.94646,4.5171
pmc_gauss_k2,0.05,ar1|clean,3,990,1.2697,1.612,1.015,0.71506,0.71506,0.49697,0.80303,0.95051,4.9789
pmc_gauss_k2,0.05,ar1|clean,4,990,1.3526,1.8294,1.0958,0.76872,0.76872,0.47475,0.77374,0.95354,5.2306
pmc_gauss_k2,0.05,ar1|clean,5,990,1.3792,1.9021,1.133,0.78733,0.78733,0.45758,0.7899,0.95556,5.373
pmc_gauss_k2,0.05,ar1|clean,6,990,1.3951,1.9462,1.146,0.79474,0.79474,0.47172,0.7899,0.95657,5.4552
pmc_gauss_k2,0.05,ar1|clean,7,990,1.4268,2.0357,1.1682,0.81398,0.81398,0.46061,0.7798,0.94848,5.5032
pmc_gauss_k2,0.05,ar1|clean,8,990,1.4497,2.1017,1.1876,0.82692,0.82692,0.44747,0.78586,0.94747,5.5315
pmc_gauss_k2,0.05,ar1|clean,9,990,1.428,2.0391,1.1695,0.81388,0.81388,0.4697,0.78384,0.95758,5.5483
pmc_gauss_k2,0.05,ar1|clean,10,990,1.4125,1.9952,1.1698,0.80755,0.80755,0.46263,0.79495,0.96061,5.5582
pmc_gauss_k2,0.05,persistence|clean,1,990,0.98226,0.96483,0.67683,0.50353,,0.47879,0.78081,0.94444,4.1022
pmc_gauss_k2,0.05,persistence|clean,2,990,1.2994,1.6883,0.93599,0.69481,,0.50505,0.78485,0.95051,5.6385
pmc_gauss_k2,0.05,persistence|clean,3,990,1.5145,2.2938,1.1293,0.82735,,0.49596,0.77879,0.94848,6.3215
pmc_gauss_k2,0.05,persistence|clean,4,990,1.6488,2.7187,1.2682,0.91527,,0.47576,0.78586,0.94848,6.7087
pmc_gauss_k2,0.05,persistence|clean,5,990,1.7507,3.065,1.3638,0.98029,,0.47677,0.78687,0.94949,7.0217
pmc_gauss_k2,0.05,persistence|clean,6,990,1.7946,3.2207,1.3978,1.0043,,0.49394,0.79394,0.94444,7.1929
pmc_gauss_k2,0.05,persistence|clean,7,990,1.8867,3.5597,1.4788,1.062,,0.4899,0.78384,0.93838,7.3391
pmc_gauss_k2,0.05,persistence|clean,8,990,1.933,3.7363,1.528,1.0906,,0.49293,0.78788,0.94141,7.4179
pmc_gauss_k2,0.05,persistence|clean,9,990,1.9056,3.6315,1.5221,1.0773,,0.49293,0.78687,0.94747,7.4775
pmc_gauss_k2,0.05,persistence|clean,10,990,1.9071,3.6369,1.534,1.0815,,0.49596,0.80505,0.95051,7.5307
hmc_in_gauss_k2,0,pmm|raw,1,990,1.2163,1.4795,0.98412,0.68902,0.68902,0.49798,0.82626,0.95051,4.9482
hmc_in_gauss_k2,0,pmm|raw,2,990,1.3336,1.7786,1.0808,0.75624,0.75624,0.46162,0.80101,0.95253,5.1605
hmc_in_gauss_k2,0,pmm|raw,3,990,1.3218,1.7471,1.0778,0.75229,0.75229,0.47172,0.81515,0.96566,5.2965
hmc_in_gauss_k2,0,pmm|raw,4,990,1.3673,1.8695,1.1246,0.78198,0.78198,0.46364,0.79293,0.96162,5.3807
hmc_in_gauss_k2,0,pmm|raw,5,990,1.3762,1.894,1.119,0.78225,0.78225,0.48182,0.79697,0.95859,5.4342
hmc_in_gauss_k2,0,pmm|raw,6,990,1.424,2.0277,1.1623,0.81018,0.81018,0.45657,0.78788,0.94444,5.4684
hmc_in_gauss_k2,0,pmm|raw,7,990,1.4065,1.9783,1.159,0.80571,0.80571,0.44949,0.77576,0.96162,5.4905
hmc_in_gauss_k2,0,pmm|raw,8,990,1.4265,2.0348,1.1884,0.81767,0.81767,0.42121,0.78485,0.95556,5.5049
hmc_in_gauss_k2,0,pmm|raw,9,990,1.3447,1.8082,1.0975,0.76655,0.76655,0.48687,0.79596,0.96465,5.5142
hmc_in_gauss_k2,0,pmm|raw,10,990,1.3609,1.852,1.1218,0.77785,0.77785,0.48182,0.80404,0.97071,5.5204
hmc_in_gauss_k2,0,pmm_default|raw,1,990,1.2163,1.4795,0.98412,0.68902,0.68902,0.49798,0.82626,0.95051,4.9482
hmc_in_gauss_k2,0,pmm_default|raw,2,990,1.3336,1.7786,1.0808,0.75624,0.75624,0.46162,0.80101,0.95253,5.1605
hmc_in_gauss_k2,0,pmm_default|raw,3,990,1.3218,1.7471,1.0778,0.75229,0.75229,0.47172,0.81515,0.96566,5.2965
hmc_in_gauss_k2,0,pmm_default|raw,4,990,1.3673,1.8695,1.1246,0.78198,0.78198,0.46364,0.79293,0.96162,5.3807
hmc_in_gauss_k2,0,pmm_default|raw,5,990,1.3762,1.894,1.119,0.78225,0.78225,0.48182,0.79697,0.95859,5.4342
hmc_in_gauss_k2,0,pmm_default|raw,6,990,1.424,2.0277,1.1623,0.81018,0.81018,0.45657,0.78788,0.94444,5.4684
hmc_in_gauss_k2,0,pmm_default|raw,7,990,1.4065,1.9783,1.159,0.80571,0.80571,0.44949,0.77576,0.96162,5.4905
hmc_in_gauss_k2,0,pmm_default|raw,8,990,1.4265,2.0348,1.1884,0.81767,0.81767,0.42121,0.78485,0.95556,5.5049
hmc_in_gauss_k2,0,pmm_default|raw,9,990,1.3447,1.8082,1.0975,0.76655,0.76655,0.48687,0.79596,0.96465,5.5142
hmc_in_gauss_k2,0,pmm_default|raw,10,990,1.3609,1.852,1.1218,0.77785,0.77785,0.48182,0.80404,0.97071,5.5204
hmc_in_gauss_k2,0.01,pmm|raw,1,990,1.2335,1.5215,1.0017,0.70916,0.70916,0.58889,0.90101,0.98788,6.0816
hmc_in_gauss_k2,0.01,pmm|raw,2,990,1.3343,1.7804,1.0851,0.76243,0.76243,0.54747,0.89394,0.98586,6.2259
hmc_in_gauss_k2,0.01,pmm|raw,3,990,1.3248,1.7551,1.0841,0.76063,0.76063,0.54343,0.88586,0.98687,6.3175
hmc_in_gauss_k2,0.01,pmm|raw,4,990,1.3742,1.8884,1.1339,0.78961,0.78961,0.53131,0.87172,0.99192,6.3741
hmc_in_gauss_k2,0.01,pmm|raw,5,990,1.3815,1.9086,1.1219,0.78941,0.78941,0.55657,0.87374,0.98283,6.4101
hmc_in_gauss_k2,0.01,pmm|raw,6,990,1.4297,2.0441,1.1668,0.81595,0.81595,0.53131,0.86566,0.98081,6.4333
hmc_in_gauss_k2,0.01,pmm|raw,7,990,1.4123,1.9945,1.1637,0.81089,0.81089,0.5202,0.86364,0.9899,6.4483
hmc_in_gauss_k2,0.01,pmm|raw,8,990,1.4288,2.0415,1.189,0.8199,0.8199,0.51313,0.86869,0.99091,6.4581
hmc_in_gauss_k2,0.01,pmm|raw,9,990,1.3489,1.8195,1.0986,0.77512,0.77512,0.56667,0.86566,0.99394,6.4645
hmc_in_gauss_k2,0.01,pmm|raw,10,990,1.3621,1.8553,1.1238,0.78383,0.78383,0.55152,0.89596,0.99394,6.4687
hmc_in_gauss_k2,0.01,pmm_default|raw,1,990,1.2335,1.5215,1.0017,0.70916,0.70916,0.58889,0.90101,0.98788,6.0816
hmc_in_gauss_k2,0.01,pmm_default|raw,2,990,1.3343,1.7804,1.0851,0.76243,0.76243,0.54747,0.89394,0.98586,6.2259
hmc_in_gauss_k2,0.01,pmm_default|raw,3,990,1.3248,1.7551,1.0841,0.76063,0.76063,0.54343,0.88586,0.98687,6.3175
hmc_in_gauss_k2,0.01,pmm_default|raw,4,990,1.3742,1.8884,1.1339,0.78961,0.78961,0.53131,0.87172,0.99192,6.3741
hmc_in_gauss_k2,0.01,pmm_default|raw,5,990,1.3815,1.9086,1.1219,0.78941,0.78941,0.55657,0.87374,0.98283,6.4101
hmc_in_gauss_k2,0.01,pmm_default|raw,6,990,1.4297,2.0441,1.1668,0.81595,0.81595,0.53131,0.86566,0.98081,6.4333
hmc_in_gauss_k2,0.01,pmm_default|raw,7,990,1.4123,1.9945,1.1637,0.81089,0.81089,0.5202,0.86364,0.9899,6.4483
hmc_in_gauss_k2,0.01,pmm_default|raw,8,990,1.4288,2.0415,1.189,0.8199,0.8199,0.51313,0.86869,0.99091,6.4581
hmc_in_gauss_k2,0.01,pmm_default|raw,9,990,1.3489,1.8195,1.0986,0.77512,0.77512,0.56667,0.86566,0.99394,6.4645
hmc_in_gauss_k2,0.01,pmm_default|raw,10,990,1.3621,1.8553,1.1238,0.78383,0.78383,0.55152,0.89596,0.99394,6.4687
hmc_in_gauss_k2,0.05,pmm|raw,1,990,1.3444,1.8075,1.088,0.82652,0.82652,0.73232,0.9697,1,8.9112
hmc_in_gauss_k2,0.05,pmm|raw,2,990,1.4391,2.0711,1.1692,0.86692,0.86692,0.70101,0.96061,0.99899,8.9432
hmc_in_gauss_k2,0.05,pmm|raw,3,990,1.3941,1.9435,1.1425,0.84978,0.84978,0.72626,0.97172,0.99899,8.9897
hmc_in_gauss_k2,0.05,pmm|raw,4,990,1.4656,2.148,1.2105,0.88286,0.88286,0.69192,0.96869,0.99899,9.0184
hmc_in_gauss_k2,0.05,pmm|raw,5,990,1.4445,2.0867,1.1631,0.87152,0.87152,0.71818,0.95657,0.99899,9.0373
hmc_in_gauss_k2,0.05,pmm|raw,6,990,1.5016,2.2549,1.2188,0.89701,0.89701,0.68687,0.95152,0.99697,9.0498
hmc_in_gauss_k2,0.05,pmm|raw,7,990,1.4678,2.1543,1.2129,0.88541,0.88541,0.68081,0.97172,1,9.0581
hmc_in_gauss_k2,0.05,pmm|raw,8,990,1.4804,2.1916,1.2142,0.89016,0.89016,0.69293,0.96566,1,9.0637
hmc_in_gauss_k2,0.05,pmm|raw,9,990,1.4062,1.9775,1.1379,0.85762,0.85762,0.7202,0.9697,0.99899,9.0676
hmc_in_gauss_k2,0.05,pmm|raw,10,990,1.4121,1.9941,1.1614,0.86154,0.86154,0.7,0.97273,1,9.0702
hmc_in_gauss_k2,0.05,pmm_default|raw,1,990,1.3444,1.8075,1.088,0.82652,0.82652,0.73232,0.9697,1,8.9112
hmc_in_gauss_k2,0.05,pmm_default|raw,2,990,1.4391,2.0711,1.1692,0.86692,0.86692,0.70101,0.96061,0.99899,8.9432
hmc_in_gauss_k2,0.05,pmm_default|raw,3,990,1.3941,1.9435,1.1425,0.84978,0.84978,0.72626,0.97172,0.99899,8.9897
hmc_in_gauss_k2,0.05,pmm_default|raw,4,990,1.4656,2.148,1.2105,0.88286,0.88286,0.69192,0.96869,0.99899,9.0184
hmc_in_gauss_k2,0.05,pmm_default|raw,5,990,1.4445,2.0867,1.1631,0.87152,0.87152,0.71818,0.95657,0.99899,9.0373
hmc_in_gauss_k2,0.05,pmm_default|raw,6,990,1.5016,2.2549,1.2188,0.89701,0.89701,0.68687,0.95152,0.99697,9.0498
hmc_in_gauss_k2,0.05,pmm_default|raw,7,990,1.4678,2.1543,1.2129,0.88541,0.88541,0.68081,0.97172,1,9.0581
hmc_in_gauss_k2,0.05,pmm_default|raw,8,990,1.4804,2.1916,1.2142,0.89016,0.89016,0.69293,0.96566,1,9.0637
hmc_in_gauss_k2,0.05,pmm_default|raw,9,990,1.4062,1.9775,1.1379,0.85762,0.85762,0.7202,0.9697,0.99899,9.0676
hmc_in_gauss_k2,0.05,pmm_default|raw,10,990,1.4121,1.9941,1.1614,0.86154,0.86154,0.7,0.97273,1,9.0702
pmc_gauss_k2,0,pmm|raw,1,990,0.92895,0.86295,0.67484,0.49515,0.49515,0.57374,0.86566,0.94141,3.587
pmc_gauss_k2,0,pmm|raw,2,990,1.1541,1.3319,0.88448,0.63922,0.63922,0.53232,0.80707,0.94444,4.4894
pmc_gauss_k2,0,pmm|raw,3,990,1.2755,1.6268,1.0168,0.71754,0.71754,0.49091,0.80202,0.94949,4.9438
pmc_gauss_k2,0,pmm|raw,4,990,1.3578,1.8438,1.0986,0.77168,0.77168,0.4596,0.76768,0.95455,5.1926
pmc_gauss_k2,0,pmm|raw,5,990,1.3893,1.9302,1.1391,0.79291,0.79291,0.45051,0.78788,0.95455,5.3374
pmc_gauss_k2,0,pmm|raw,6,990,1.4039,1.971,1.1489,0.79897,0.79897,0.4596,0.78788,0.95253,5.4228
pmc_gauss_k2,0,pmm|raw,7,990,1.4399,2.0733,1.1813,0.82131,0.82131,0.44747,0.78283,0.94444,5.475
pmc_gauss_k2,0,pmm|raw,8,990,1.4606,2.1334,1.1971,0.83283,0.83283,0.45152,0.78283,0.94545,5.5069
pmc_gauss_k2,0,pmm|raw,9,990,1.4368,2.0643,1.1738,0.81842,0.81842,0.47172,0.77677,0.95051,5.5271
pmc_gauss_k2,0,pmm|raw,10,990,1.4177,2.0098,1.1706,0.81046,0.81046,0.45758,0.79091,0.95556,5.5397
pmc_gauss_k2,0,pmm_default|raw,1,990,0.92905,0.86313,0.67424,0.4951,0.4951,0.57374,0.86465,0.94141,3.5872
pmc_gauss_k2,0,pmm_default|raw,2,990,1.154,1.3318,0.88449,0.63921,0.63921,0.53232,0.80707,0.94444,4.4911
pmc_gauss_k2,0,pmm_default|raw,3,990,1.2755,1.627,1.0171,0.71757,0.71757,0.4899,0.80101,0.94949,4.9467
pmc_gauss_k2,0,pmm_default|raw,4,990,1.3582,1.8446,1.0989,0.77175,0.77175,0.46061,0.7697,0.95455,5.1962
pmc_gauss_k2,0,pmm_default|raw,5,990,1.3888,1.9288,1.1386,0.79243,0.79243,0.45455,0.78485,0.95556,5.3414
pmc_gauss_k2,0,pmm_default|raw,6,990,1.4033,1.9692,1.1483,0.79858,0.79858,0.4596,0.78889,0.95354,5.4268
pmc_gauss_k2,0,pmm_default|raw,7,990,1.4387,2.0698,1.1801,0.82057,0.82057,0.44646,0.78182,0.94444,5.479
pmc_gauss_k2,0,pmm_default|raw,8,990,1.4599,2.1315,1.1965,0.83238,0.83238,0.45354,0.78384,0.94444,5.5108
pmc_gauss_k2,0,pmm_default|raw,9,990,1.4372,2.0656,1.1741,0.81867,0.81867,0.47172,0.78081,0.94949,5.5308
pmc_gauss_k2,0,pmm_default|raw,10,990,1.4183,2.0115,1.1717,0.811,0.811,0.45455,0.79495,0.95556,5.5432
pmc_gauss_k2,0.01,pmm|raw,1,990,1.0731,1.1516,0.7972,0.59822,0.59822,0.68283,0.91616,0.97374,5.33
pmc_gauss_k2,0.01,pmm|raw,2,990,1.217,1.481,0.95643,0.69133,0.69133,0.60303,0.88485,0.98081,5.8299
pmc_gauss_k2,0.01,pmm|raw,3,990,1.3079,1.7105,1.05,0.74489,0.74489,0.56768,0.87071,0.98081,6.0951
pmc_gauss_k2,0.01,pmm|raw,4,990,1.3761,1.8936,1.1206,0.78621,0.78621,0.54747,0.86263,0.98586,6.2536
pmc_gauss_k2,0.01,pmm|raw,5,990,1.3986,1.9561,1.1496,0.80069,0.80069,0.53434,0.86869,0.98182,6.3514
pmc_gauss_k2,0.01,pmm|raw,6,990,1.4092,1.9859,1.1572,0.80582,0.80582,0.5404,0.86465,0.98182,6.4128
pmc_gauss_k2,0.01,pmm|raw,7,990,1.4365,2.0636,1.1787,0.82175,0.82175,0.52929,0.85455,0.9798,6.4517
pmc_gauss_k2,0.01,pmm|raw,8,990,1.4552,2.1175,1.1901,0.8315,0.8315,0.51919,0.84949,0.98384,6.4766
pmc_gauss_k2,0.01,pmm|raw,9,990,1.4368,2.0643,1.1759,0.82155,0.82155,0.54141,0.85253,0.98687,6.4925
pmc_gauss_k2,0.01,pmm|raw,10,990,1.4159,2.0047,1.1738,0.8126,0.8126,0.52626,0.85657,0.9899,6.5028
pmc_gauss_k2,0.01,pmm_default|raw,1,990,1.0731,1.1516,0.7972,0.59822,0.59822,0.68283,0.91616,0.97374,5.33
pmc_gauss_k2,0.01,pmm_default|raw,2,990,1.217,1.481,0.95643,0.69133,0.69133,0.60303,0.88485,0.98081,5.8299
pmc_gauss_k2,0.01,pmm_default|raw,3,990,1.3079,1.7105,1.05,0.74489,0.74489,0.56768,0.87071,0.98081,6.0951
pmc_gauss_k2,0.01,pmm_default|raw,4,990,1.3761,1.8936,1.1206,0.78621,0.78621,0.54747,0.86263,0.98586,6.2536
pmc_gauss_k2,0.01,pmm_default|raw,5,990,1.3986,1.9561,1.1496,0.80069,0.80069,0.53434,0.86869,0.98182,6.3514
pmc_gauss_k2,0.01,pmm_default|raw,6,990,1.4092,1.9859,1.1572,0.80582,0.80582,0.5404,0.86465,0.98182,6.4128
pmc_gauss_k2,0.01,pmm_default|raw,7,990,1.4365,2.0636,1.1787,0.82175,0.82175,0.52929,0.85455,0.9798,6.4517
pmc_gauss_k2,0.01,pmm_default|raw,8,990,1.4552,2.1175,1.1901,0.8315,0.8315,0.51919,0.84949,0.98384,6.4766
pmc_gauss_k2,0.01,pmm_default|raw,9,990,1.4368,2.0643,1.1759,0.82155,0.82155,0.54141,0.85253,0.98687,6.4925
pmc_gauss_k2,0.01,pmm_default|raw,10,990,1.4159,2.0047,1.1738,0.8126,0.8126,0.52626,0.85657,0.9899,6.5028
pmc_gauss_k2,0.05,pmm|raw,1,990,1.2561,1.5777,0.97812,0.78096,0.78096,0.7697,0.97576,0.99798,8.7154
pmc_gauss_k2,0.05,pmm|raw,2,990,1.3562,1.8392,1.0848,0.82812,0.82812,0.73333,0.97071,0.99798,8.8656
pmc_gauss_k2,0.05,pmm|raw,3,990,1.418,2.0107,1.1516,0.85969,0.85969,0.71616,0.96768,0.99899,8.9949
pmc_gauss_k2,0.05,pmm|raw,4,990,1.4773,2.1825,1.1983,0.88765,0.88765,0.68788,0.96566,0.99899,9.0696
pmc_gauss_k2,0.05,pmm|raw,5,990,1.458,2.1257,1.1945,0.88109,0.88109,0.69697,0.96566,1,9.116
pmc_gauss_k2,0.05,pmm|raw,6,990,1.4624,2.1385,1.1919,0.88386,0.88386,0.69596,0.96162,0.99899,9.1452
pmc_gauss_k2,0.05,pmm|raw,7,990,1.484,2.2023,1.2164,0.89442,0.89442,0.6798,0.96768,1,9.164
pmc_gauss_k2,0.05,pmm|raw,8,990,1.5033,2.2599,1.2253,0.90298,0.90298,0.67071,0.96869,0.99899,9.1762
pmc_gauss_k2,0.05,pmm|raw,9,990,1.486,2.2083,1.2148,0.89534,0.89534,0.6899,0.96465,1,9.1842
pmc_gauss_k2,0.05,pmm|raw,10,990,1.4681,2.1554,1.205,0.88849,0.88849,0.70404,0.97273,1,9.1895
pmc_gauss_k2,0.05,pmm_default|raw,1,990,1.2561,1.5777,0.97812,0.78096,0.78096,0.7697,0.97576,0.99798,8.7154
pmc_gauss_k2,0.05,pmm_default|raw,2,990,1.3562,1.8392,1.0848,0.82812,0.82812,0.73333,0.97071,0.99798,8.8656
pmc_gauss_k2,0.05,pmm_default|raw,3,990,1.418,2.0107,1.1516,0.85969,0.85969,0.71616,0.96768,0.99899,8.9949
pmc_gauss_k2,0.05,pmm_default|raw,4,990,1.4773,2.1825,1.1983,0.88765,0.88765,0.68788,0.96566,0.99899,9.0696
pmc_gauss_k2,0.05,pmm_default|raw,5,990,1.458,2.1257,1.1945,0.88109,0.88109,0.69697,0.96566,1,9.116
pmc_gauss_k2,0.05,pmm_default|raw,6,990,1.4624,2.1385,1.1919,0.88386,0.88386,0.69596,0.96162,0.99899,9.1452
pmc_gauss_k2,0.05,pmm_default|raw,7,990,1.484,2.2023,1.2164,0.89442,0.89442,0.6798,0.96768,1,9.164
pmc_gauss_k2,0.05,pmm_default|raw,8,990,1.5033,2.2599,1.2253,0.90298,0.90298,0.67071,0.96869,0.99899,9.1762
pmc_gauss_k2,0.05,pmm_default|raw,9,990,1.486,2.2083,1.2148,0.89534,0.89534,0.6899,0.96465,1,9.1842
pmc_gauss_k2,0.05,pmm_default|raw,10,990,1.4681,2.1554,1.205,0.88849,0.88849,0.70404,0.97273,1,9.1895
