case,N,r,M,rates0_c0,rates1_c0,rates0_c0.1,rates1_c0.1,rates0_c1,rates1_c1,rates0_c10,rates1_c10,onset0_c0,onset1_c0,persistence0_c0,persistence1_c0,onset0_c0.1,onset1_c0.1,persistence0_c0.1,persistence1_c0.1,onset0_c1,onset1_c1,persistence0_c1,persistence1_c1,onset0_c10,onset1_c10,persistence0_c10,persistence1_c10
"state-(0.02,0.3)",500,0,71,0.020295050617825078,0.31083179080627016,0.02036621452472798,0.3107405355125366,0.02098644109153399,0.3099227722188209,0.026334848193928326,0.30220242000375824,,,,,,,,,,,,,,,,
"state-(0.02,0.3)",500,1,73,0.016111288433701357,0.31308690827489055,0.016181052867088822,0.31299218506733373,0.0168141724495232,0.31213172119419663,0.0227107867280125,0.3039515474184925,,,,,,,,,,,,,,,,
"state-(0.02,0.3)",500,2,82,0.041771617460156826,0.2878174875361388,0.041844943589818835,0.28777169075696474,0.04235576044021622,0.28725321276602434,0.04731867122021712,0.2824109445269117,,,,,,,,,,,,,,,,
"state-(0.02,0.3)",500,3,82,0.05239272688444893,0.325987579871755,0.05244961436799982,0.3258867287504678,0.05294967785343688,0.32500040796479174,0.05770684182462498,0.31652945904332735,,,,,,,,,,,,,,,,
"state-(0.02,0.3)",500,4,54,0.007431595122404093,0.27209447440319595,0.0074848740129782295,0.27198808048391543,0.007996481600984399,0.27102204747158454,0.012618173076843396,0.2620677604062903,,,,,,,,,,,,,,,,
"state-(0.02,0.3)",500,5,66,0.03158554917746904,0.32145970391337,0.03162719325738132,0.32133595197164305,0.03197111453748041,0.3202644022415902,0.03530143140553627,0.3101293307063962,,,,,,,,,,,,,,,,
"state-(0.02,0.3)",500,6,64,0.035635866561578425,0.2992900102889184,0.03567010559690904,0.2991877700605087,0.03599593688270546,0.29822825152357446,0.039121865230160556,0.28917411901396056,,,,,,,,,,,,,,,,
"state-(0.02,0.3)",500,7,72,0.006969019850261414,0.31059145523758086,0.007070673366482948,0.3104814967656514,0.00802247380341638,0.30948020959952016,0.015140736272250165,0.30108734265173764,,,,,,,,,,,,,,,,
"state-(0.02,0.3)",500,8,89,0.010692165889802641,0.33281072306578896,0.010790523424211112,0.33274640933474603,0.011669267714386365,0.33217268630544106,0.019277415798849992,0.3266355514683001,,,,,,,,,,,,,,,,
"state-(0.02,0.3)",500,9,87,0.015054939434573644,0.2729152423142737,0.015168059048079401,0.2728741473753378,0.016170480141351903,0.27250953366877034,0.024995116494344927,0.26902420329107746,,,,,,,,,,,,,,,,
"state-(0.02,0.3)",500,10,77,0.02606455293995678,0.25974880515921867,0.02614439257675358,0.25970022033739865,0.026847890061592706,0.25925779738493,0.033324917933324864,0.2551496401226839,,,,,,,,,,,,,,,,
"state-(0.02,0.3)",500,11,68,0.024640370391123902,0.27327952713779785,0.024696836731049512,0.27320914747893044,0.025155785316130923,0.27256362546346,0.02953883798043311,0.2664525612279592,,,,,,,,,,,,,,,,
"state-(0.02,0.3)",500,12,88,0.023692917630051713,0.302237101252373,0.023737102023369715,0.3021844935075476,0.02456962589079825,0.30164214750448387,0.03224307376280773,0.2965177814310758,,,,,,,,,,,,,,,,
"state-(0.02,0.3)",500,13,107,0.04435144102885424,0.30500822038636793,0.04447299397830372,0.30497274529523033,0.04555813065823375,0.3046548231504998,0.05562475936270933,0.3016014470528979,,,,,,,,,,,,,,,,
"state-(0.02,0.3)",500,14,61,0.017383012344008207,0.22428511875930462,0.01744123869397116,0.22423604820084744,0.017964482902854705,0.22380102750833375,0.02278435864888578,0.21966047193586316,,,,,,,,,,,,,,,,
"state-(0.02,0.3)",500,15,63,0.018371304297661442,0.24534124762497167,0.018527302723932795,0.2452188044901121,0.01920754903571662,0.24449383408835831,0.02560883226928701,0.2378080266521211,,,,,,,,,,,,,,,,
"state-(0.02,0.3)",500,16,81,0.013843015012393323,0.3280664498890128,0.013923495188244345,0.3279769345570011,0.01466329194044943,0.3271943189195214,0.021207709679817575,0.3199212642406702,,,,,,,,,,,,,,,,
"state-(0.02,0.3)",500,17,82,0.026721489211515057,0.3404945530805981,0.02678483577279095,0.34039852438416307,0.027350634382784927,0.33953870839979877,0.032747016597431185,0.33141736622895024,,,,,,,,,,,,,,,,
"state-(0.02,0.3)",500,18,105,0.0072795172116624385,0.34791313577702865,0.007512939501055627,0.3478384195134368,0.00934105592481714,0.34721177705962275,0.0234667529412785,0.34177636852557,,,,,,,,,,,,,,,,
"state-(0.02,0.3)",500,19,74,0.03353354821587929,0.30832501271558965,0.033589675754074955,0.3082342458065894,0.03408731836996482,0.3074238996543939,0.038747963286430376,0.29973415178657237,,,,,,,,,,,,,,,,
"state-(0.02,0.3)",500,20,90,0.043982200069806784,0.2869179105983712,0.04411763706265711,0.2868480627382737,0.045310061188995485,0.2862290038808932,0.05537381859953261,0.28073309893301174,,,,,,,,,,,,,,,,
"state-(0.02,0.3)",500,21,80,0.0056244774862557545,0.2546632350357356,0.005731525787758136,0.254622818736259,0.006744193840572925,0.25423678276150363,0.01578890107040551,0.2507432859478683,,,,,,,,,,,,,,,,
"state-(0.02,0.3)",500,22,61,0.009833043830121003,0.2832026319869635,0.00988515614047873,0.2831131343845889,0.010346281654023199,0.28231539205582773,0.014541530479521622,0.2748817803620337,,,,,,,,,,,,,,,,
"state-(0.02,0.3)",500,23,95,0.014848492163084396,0.2996717276456345,0.015013360975056787,0.29961684075100037,0.01661744608320061,0.29905893379436377,0.029399485683278215,0.2940968713012901,,,,,,,,,,,,,,,,
"state-(0.02,0.3)",500,24,85,0.028311700117600324,0.30254068842216175,0.02837512053796211,0.3024909925593171,0.029088089842532572,0.3019075463240575,0.03578239498263058,0.2963372948145602,,,,,,,,,,,,,,,,
"state-(0.02,0.3)",500,25,87,0.011270277014723879,0.3269392711945139,0.0113862623662276,0.3268687790458088,0.012458485160103835,0.3262493670171753,0.02107284094178212,0.3203399203635299,,,,,,,,,,,,,,,,
"state-(0.02,0.3)",500,26,82,0.019675618076139975,0.27518513894595825,0.019708480769523994,0.27515637002976695,0.020656565247460505,0.2746773699888294,0.028978254327201074,0.2702639255780375,,,,,,,,,,,,,,,,
"state-(0.02,0.3)",500,27,93,0.03532579666773626,0.3391710767884266,0.03540138953169546,0.3391049171277851,0.03607654855633143,0.3385114391174634,0.04241382930337122,0.3328045799387321,,,,,,,,,,,,,,,,
"state-(0.02,0.3)",500,28,82,0.006980437082460773,0.3343747511534621,0.007077540383766165,0.33428533684431067,0.007867392458420268,0.3334945296975632,0.01459738930523125,0.3263645635642705,,,,,,,,,,,,,,,,
"state-(0.02,0.3)",500,29,53,0.020899975265010307,0.2963694394500218,0.020932090329863047,0.2962363277551308,0.021215025917585402,0.29504313643762786,0.02395693867293694,0.2839066868890389,,,,,,,,,,,,,,,,
"state-(0.02,0.3)",500,30,68,0.0052772923499350005,0.31292749295655403,0.005365757946202427,0.3128153778234202,0.006211829257790296,0.31179059481536625,0.01285253159085814,0.3028760436867417,,,,,,,,,,,,,,,,
"state-(0.02,0.3)",500,31,90,0.020542014755674007,0.3095655069528805,0.0206370809333433,0.30951062969412213,0.021482966581905866,0.3090197970590269,0.02921894721825233,0.3043631848144667,,,,,,,,,,,,,,,,
"state-(0.02,0.3)",500,32,70,0.034874209257850924,0.23489431688793927,0.03492948134080482,0.23485132115465346,0.03542413941949387,0.2344661634054749,0.04011253923848786,0.23078336321975296,,,,,,,,,,,,,,,,
"state-(0.02,0.3)",500,33,63,0.020502177878188033,0.26428731625361923,0.02056366347780912,0.2642057355627148,0.021371727822678113,0.26330694991434545,0.028157751133797548,0.2552129164095335,,,,,,,,,,,,,,,,
"state-(0.02,0.3)",500,34,61,0.02577583586622686,0.2753199364813259,0.025821811701134838,0.27522419847098184,0.02623117675839968,0.27437222097246866,0.030205375688609103,0.26620482619470986,,,,,,,,,,,,,,,,
"state-(0.02,0.3)",500,35,98,0.00496354167242825,0.360227466503538,0.0051786026171938455,0.36012682456623263,0.007168207011686501,0.3592113022843426,0.021871359205355715,0.3511473359344873,,,,,,,,,,,,,,,,
"state-(0.02,0.3)",500,36,98,0.0540607960214697,0.2698860488098402,0.05416549874912303,0.2698576222385358,0.05516716378882819,0.26956016882478223,0.0643369607693658,0.2667486052083653,,,,,,,,,,,,,,,,
"state-(0.02,0.3)",500,37,89,0.02127445697334213,0.2958284009981116,0.021395048624575808,0.2957760411467817,0.022451864651479102,0.2953065844254401,0.031322989029318335,0.2908001291233891,,,,,,,,,,,,,,,,
"state-(0.02,0.3)",500,38,50,0.012458943682214674,0.2905437867698015,0.012497142953003032,0.29040886744385247,0.012836478983935062,0.28920390979841104,0.01592652984926363,0.2779866533810806,,,,,,,,,,,,,,,,
"state-(0.02,0.3)",500,39,64,0.015451757173848397,0.3058936676866743,0.01551690000133554,0.305778304375051,0.016128438031630922,0.30473136989150934,0.02152650928783685,0.2950853119534287,,,,,,,,,,,,,,,,
"state-(0.02,0.3)",500,40,65,0.032892178512857355,0.25802049500379864,0.03293659434918845,0.25795337567457216,0.033335496497805504,0.2573526737439029,0.03709638917278302,0.2516462166086559,,,,,,,,,,,,,,,,
"state-(0.02,0.3)",500,41,102,0.0194697857290586,0.3376313163513359,0.01960341543063578,0.33757164767234143,0.02078178854110229,0.3370394450087933,0.031114503226814073,0.33206873186949715,,,,,,,,,,,,,,,,
"state-(0.02,0.3)",500,42,68,0.01635854419366587,0.30073829378726946,0.016424450506256776,0.3006628894963613,0.016919077057400155,0.2998356472707774,0.021598770648993643,0.2921984042683327,,,,,,,,,,,,,,,,
"state-(0.02,0.3)",500,43,75,0.011752881652954343,0.34850403656847145,0.01184097950276908,0.3483864774564182,0.012425746999309298,0.34740269836627097,0.017898910833105672,0.3381143784299369,,,,,,,,,,,,,,,,
"state-(0.02,0.3)",500,44,83,0.035176742915770075,0.28311811822763266,0.035249473787005346,0.2830661615927506,0.03589935848126562,0.28260064198826024,0.04198966260612324,0.27813978693680613,,,,,,,,,,,,,,,,
"state-(0.02,0.3)",500,45,49,0.015610655463347068,0.2555194556251023,0.015647733845824977,0.2554139606224779,0.015978634119886106,0.25447073306342477,0.019085880992472763,0.24563065787191848,,,,,,,,,,,,,,,,
"state-(0.02,0.3)",500,46,57,0.014581099243875432,0.3104720011306681,0.014646835166694187,0.31031481354662377,0.015250983561413809,0.30889681576395994,0.020474071013554414,0.29604103874531007,,,,,,,,,,,,,,,,
"state-(0.02,0.3)",500,47,102,0.021460184658331,0.3528564869387454,0.021605293048746525,0.3527726420347355,0.02290791681091765,0.3520097440163955,0.0337466204661314,0.34529171009391385,,,,,,,,,,,,,,,,
"state-(0.02,0.3)",500,48,85,0.03125988738016937,0.3190929769004867,0.0313278597625596,0.3190249808260805,0.03193486863648684,0.3184153980020318,0.0376442077766325,0.3125792963289373,,,,,,,,,,,,,,,,
"state-(0.02,0.3)",500,49,78,0.0260873135371712,0.2806168481918561,0.026186453783622426,0.28054119682981143,0.02713865353603207,0.2798418581814838,0.03547371629671353,0.273464664165189,,,,,,,,,,,,,,,,
"state-(0.02,0.3)",500,50,82,0.0300378769090896,0.30447387927274877,0.030114888398597998,0.30440652816044167,0.030825311192598178,0.30379598352796067,0.03728963435886726,0.2979567585470814,,,,,,,,,,,,,,,,
"state-(0.02,0.3)",500,51,64,0.013088788233586546,0.3350632773948006,0.01313885695011763,0.3349331510582549,0.013535541115716823,0.3337933382471076,0.017349569959846826,0.3230718319625765,,,,,,,,,,,,,,,,
"state-(0.02,0.3)",500,52,83,0.028427446612205105,0.28917860686110614,0.028493180435791448,0.28912892697218423,0.029265444163515394,0.2885661824884286,0.03626882335709852,0.28330047271818176,,,,,,,,,,,,,,,,
"state-(0.02,0.3)",500,53,78,0.02651371123840181,0.28927844742355674,0.026576514819007087,0.2892169937069384,0.02720041423895492,0.28860423094544074,0.0329122682843914,0.2828988266693602,,,,,,,,,,,,,,,,
"state-(0.02,0.3)",500,54,70,0.009542634663389171,0.32085688548168345,0.009609797984234513,0.3207563949702622,0.010211283751347916,0.3198599023437789,0.015571854715882976,0.3115055222681597,,,,,,,,,,,,,,,,
"state-(0.02,0.3)",500,55,98,0.011687579364694705,0.32269848193253275,0.011824993240608657,0.32264194778262667,0.013110583912283025,0.3221597816763455,0.02422163417134142,0.31767997134605586,,,,,,,,,,,,,,,,
"state-(0.02,0.3)",500,56,87,0.02143486098277445,0.30155265458737457,0.021517064619842263,0.30153573613999907,0.02223462503353479,0.3010283928033253,0.02895007743649753,0.296348294787711,,,,,,,,,,,,,,,,
"state-(0.02,0.3)",500,57,83,0.002413971905194781,0.284325150896323,0.002668819981244353,0.2842813469680239,0.0043581389958475955,0.28388171504789983,0.014631457213997667,0.2798921918213293,,,,,,,,,,,,,,,,
"state-(0.02,0.3)",500,58,88,0.003294949124356439,0.32482732240200096,0.0034276631460946464,0.3247446828655959,0.004512531944565859,0.3240275182192545,0.012638075935659167,0.31822239080428083,,,,,,,,,,,,,,,,
"state-(0.02,0.3)",500,59,89,0.028283237972398876,0.29408530467429495,0.028366585118231778,0.294037569106111,0.029110226447012732,0.293610679222756,0.036042150191921474,0.2895390875099749,,,,,,,,,,,,,,,,
"state-(0.02,0.3)",500,60,82,0.01038892961519087,0.25735291859542175,0.010532811914401531,0.2573066041909971,0.012004811773170535,0.25687076925121566,0.02266389401069661,0.25323330756354234,,,,,,,,,,,,,,,,
"state-(0.02,0.3)",500,61,100,0.01377151454566496,0.2856561119129459,0.01398770860892798,0.2856195136742993,0.016031550721945537,0.2851130160370993,0.030827319239229066,0.28136834765669544,,,,,,,,,,,,,,,,
"state-(0.02,0.3)",500,62,93,0.019312708449986518,0.32268633498727534,0.0194226354886284,0.3226209635283559,0.020412763166731955,0.32203106960891986,0.029011830309027924,0.31657592456755623,,,,,,,,,,,,,,,,
"state-(0.02,0.3)",500,63,58,0.029928913195318162,0.26649804826370355,0.029970274741574283,0.2664003431353177,0.03033881587779941,0.2655275858018308,0.033719862368550776,0.25738856106180313,,,,,,,,,,,,,,,,
"state-(0.02,0.3)",500,64,88,0.00875796525742211,0.29252472417538306,0.008867915896057718,0.29246967395100193,0.009832012586405895,0.29198600712712475,0.018207087438983333,0.2875259107258951,,,,,,,,,,,,,,,,
"state-(0.02,0.3)",500,65,86,0.03010654344747887,0.27187506891908453,0.030186956166864023,0.27183533724571035,0.03090546604812945,0.27147959113545117,0.0376306955186665,0.2680870778556812,,,,,,,,,,,,,,,,
"state-(0.02,0.3)",500,66,66,0.0011705718314675743,0.2542840558222378,0.0014812731617646667,0.2541989897587383,0.0030931140152033383,0.25357920706993553,0.01045337844013732,0.24860382835520217,,,,,,,,,,,,,,,,
"state-(0.02,0.3)",500,67,95,0.031872041400277405,0.29268765433946764,0.0319665485395479,0.2926425898522515,0.03324529527472751,0.29219070286884474,0.04419647884734315,0.2881122189276222,,,,,,,,,,,,,,,,
"state-(0.02,0.3)",500,68,88,0.03909358721660704,0.3337916458991658,0.039167133476428,0.3337102334466877,0.03987374886464308,0.33296489234709414,0.04653453369630586,0.3258459734906969,,,,,,,,,,,,,,,,
"state-(0.02,0.3)",500,69,74,0.013671190674755643,0.29474534289854576,0.01374583489882553,0.29466829811630724,0.014439002549128393,0.2939966044076309,0.020672731219961254,0.2876867831093857,,,,,,,,,,,,,,,,
"state-(0.02,0.3)",500,70,71,0.013151086107580454,0.2788116213900805,0.013229460933714491,0.27874216086687437,0.013926574681619588,0.27812002115242507,0.020356333114132787,0.2721663575785203,,,,,,,,,,,,,,,,
"state-(0.02,0.3)",500,71,82,0.013414785721263676,0.276029295186022,0.01350723157359801,0.27597914510598875,0.014542784775272214,0.2755058955431731,0.023345533492206198,0.2711440387197156,,,,,,,,,,,,,,,,
"state-(0.02,0.3)",500,72,55,0.014344616562766222,0.3222446475366419,0.014331768434141462,0.3220857619912216,0.014716476979426891,0.32069467715348793,0.018288323096923284,0.30772079234981453,,,,,,,,,,,,,,,,
"state-(0.02,0.3)",500,73,93,0.015382430605360419,0.3277221333905827,0.015480420193590402,0.32765877630583556,0.01636196659787708,0.3270907441308485,0.02446424396482218,0.32175050073554273,,,,,,,,,,,,,,,,
"state-(0.02,0.3)",500,74,72,0.018798218747337173,0.276605269807787,0.0188758448336152,0.2765359077970085,0.019563796810091807,0.2759174343643231,0.02572806347028645,0.270151885564145,,,,,,,,,,,,,,,,
"state-(0.02,0.3)",500,75,91,0.014121588828596104,0.322669771949407,0.014367487565272,0.3225656567952108,0.015772301125917217,0.32181890464963936,0.027268933598719274,0.3151703204151398,,,,,,,,,,,,,,,,
"state-(0.02,0.3)",500,76,91,0.00883518473419311,0.2963785970635996,0.009092203918286213,0.2962838238270815,0.011393640427353953,0.2954292737942021,0.02664793196044375,0.28926002101027704,,,,,,,,,,,,,,,,
"state-(0.02,0.3)",500,77,89,0.012849734034978787,0.28310702314326247,0.01296134317377501,0.28307044630400746,0.013948516781426421,0.2827409768569058,0.0227066673443927,0.2795058565058778,,,,,,,,,,,,,,,,
"state-(0.02,0.3)",500,78,76,0.008706673765575577,0.2847421782325006,0.008786982240456823,0.28467796740782125,0.009524875152989838,0.28408300050410484,0.016152765287956238,0.27864098933228737,,,,,,,,,,,,,,,,
"state-(0.02,0.3)",500,79,77,0.030663066164568736,0.32139409649963435,0.030723412864966097,0.32130250793185466,0.031259810673316804,0.3204833270048188,0.03630605218299044,0.31272535579750477,,,,,,,,,,,,,,,,
"state-(0.02,0.3)",500,80,78,0.033435035303448296,0.27911609651023,0.033502667491411314,0.27905460252534625,0.034165873637267315,0.2784413366387431,0.04024637681617401,0.2727147165355024,,,,,,,,,,,,,,,,
"state-(0.02,0.3)",500,81,77,0.014526094464237702,0.28660760012933734,0.014650155816180408,0.2865222543064197,0.01590108859407562,0.2856892141541074,0.024403022545645497,0.27929823203959053,,,,,,,,,,,,,,,,
"state-(0.02,0.3)",500,82,79,0.01490253585098881,0.2837166878284827,0.014979018761286904,0.283663176727931,0.015683810644661865,0.2831515725620612,0.022214252975263655,0.2783266858475459,,,,,,,,,,,,,,,,
"state-(0.02,0.3)",500,83,85,0.002579756314441886,0.2811426793224947,0.002951947226253402,0.28112301351034075,0.005179938899674088,0.2808330712950735,0.017080682993156675,0.2771064638293533,,,,,,,,,,,,,,,,
"state-(0.02,0.3)",500,84,63,0.009912605314508655,0.3599388650076301,0.009957234854299201,0.35978880352823495,0.010365131953720682,0.3584496555990075,0.014121035617267349,0.3459179679844358,,,,,,,,,,,,,,,,
"state-(0.02,0.3)",500,85,51,0.01821625996492875,0.295704869602849,0.018242799205220917,0.2955886496110519,0.018506064563492974,0.29433325179767855,0.02105056232932833,0.2824816190595863,,,,,,,,,,,,,,,,
"state-(0.02,0.3)",500,86,97,0.028053416878496697,0.34376956523150115,0.028152621315584842,0.34370234828065355,0.029105062890004585,0.34301757568141616,0.037848891111761825,0.33646694435762436,,,,,,,,,,,,,,,,
"state-(0.02,0.3)",500,87,71,0.019673333708612337,0.29174229529884715,0.019767054687519717,0.2916392861500942,0.020712621284676658,0.2906547196357016,0.029054406527942146,0.28158376258282114,,,,,,,,,,,,,,,,
"state-(0.02,0.3)",500,88,76,0.007879836322842872,0.28047109155266026,0.007953693478140428,0.2804156265626003,0.00860895665336399,0.279915948192231,0.014522029257607183,0.27533628049083764,,,,,,,,,,,,,,,,
"state-(0.02,0.3)",500,89,112,0.005950601620495104,0.34036658794677677,0.006153137441501756,0.34030284047264076,0.008032077475692023,0.3397628910003678,0.023150998864173735,0.33534492657064335,,,,,,,,,,,,,,,,
"state-(0.02,0.3)",500,90,59,0.014915292076963987,0.31188366513475957,0.014962631371506272,0.31175577718805675,0.015407494996143929,0.3105819804780243,0.019512540708327197,0.29964258606932476,,,,,,,,,,,,,,,,
"state-(0.02,0.3)",500,91,71,0.02925772098635793,0.297322385898725,0.02931253560842696,0.2972337989912413,0.029802484508685088,0.2964395068104817,0.03438947790846341,0.2889984525191202,,,,,,,,,,,,,,,,
"state-(0.02,0.3)",500,92,60,0.005748469449180828,0.2751805986268323,0.005824088857524567,0.27508836697498584,0.006686550625393267,0.27433254724881084,0.013148837013168638,0.26728921741748896,,,,,,,,,,,,,,,,
"state-(0.02,0.3)",500,93,65,0.028879248065000068,0.31805150424530093,0.028920089692028618,0.317935404969356,0.02927807640654354,0.3169107511985323,0.032692838861279896,0.3071909540711313,,,,,,,,,,,,,,,,
"state-(0.02,0.3)",500,94,63,0.037102254358237836,0.2186994660049278,0.037150060589057315,0.21865207255788258,0.03757343380080461,0.21822874768001976,0.04152087755011176,0.21425361363995535,,,,,,,,,,,,,,,,
"state-(0.02,0.3)",500,95,95,0.014732481373991194,0.32705582030078534,0.014921934633286994,0.3269803711429892,0.01678054843028873,0.32629086608596336,0.02974360614763689,0.3203515357988677,,,,,,,,,,,,,,,,
"state-(0.02,0.3)",500,96,69,0.018845946320578347,0.2618758971192427,0.018904330904402876,0.2618196911499375,0.019423846626617967,0.26131673558252627,0.02428575346449757,0.25653531286040904,,,,,,,,,,,,,,,,
"state-(0.02,0.3)",500,97,89,0.04076763558701756,0.33421745255850416,0.0408395283854498,0.334141986064741,0.04149131320948647,0.33347208008140883,0.047474772064948836,0.32700579617522857,,,,,,,,,,,,,,,,
"state-(0.02,0.3)",500,98,77,0.02923281421273802,0.2798672257474793,0.029320113749599017,0.27979649427656267,0.03006055499393107,0.2791751565001576,0.03679927380458052,0.2733365116257558,,,,,,,,,,,,,,,,
"state-(0.02,0.3)",500,99,81,0.013710798763104295,0.28852534553618886,0.013786523279153655,0.2884707925138104,0.01452105444011499,0.28795688061108954,0.021255661592224494,0.28315481672940573,,,,,,,,,,,,,,,,
"state-(0.02,0.3)",2000,0,314,0.01707599526659732,0.2937413089403524,0.017097688962555053,0.29372493510308684,0.017281319809594745,0.2935777210308102,0.019168308690875723,0.29212830253715455,,,,,,,,,,,,,,,,
"state-(0.02,0.3)",2000,1,347,0.017406809442874434,0.301922883443156,0.01742333141821475,0.30191010622916886,0.017657184863192274,0.30177528941010767,0.01997413567553338,0.30043455036909933,,,,,,,,,,,,,,,,
"state-(0.02,0.3)",2000,2,379,0.021897125036302114,0.3247782653264877,0.021927002608443165,0.3247644840256054,0.022156767138409684,0.3246313042009161,0.024428184425546565,0.32332742214800686,,,,,,,,,,,,,,,,
"state-(0.02,0.3)",2000,3,298,0.019723891221643176,0.3082977078140454,0.019740295633074674,0.3082774903910207,0.019885852153283146,0.3080960116666528,0.021317070545030688,0.3063079931730636,,,,,,,,,,,,,,,,
"state-(0.02,0.3)",2000,4,336,0.020455591223050993,0.27384973855016137,0.020481228774369947,0.27383765830112405,0.0207046831692464,0.2737332069910531,0.02292672732045673,0.27267027561568635,,,,,,,,,,,,,,,,
"state-(0.02,0.3)",2000,5,312,0.017034536230995108,0.29353501208354454,0.017048499107997665,0.29352464514624527,0.01721425153270422,0.2933767647924655,0.01884828672083472,0.2918995081872781,,,,,,,,,,,,,,,,
"state-(0.02,0.3)",2000,6,339,0.025180250572584686,0.2888563799186797,0.025207577225738083,0.2888410509704297,0.02544863311421214,0.28870440929550345,0.027803257100584556,0.2873570079536562,,,,,,,,,,,,,,,,
"state-(0.02,0.3)",2000,7,368,0.015989383226457335,0.31324786802410676,0.016023363412139852,0.31323186073115583,0.0163227979289058,0.3130896199001611,0.019198898106348818,0.311699367971459,,,,,,,,,,,,,,,,
"state-(0.02,0.3)",2000,8,375,0.026459787685120868,0.32432523074946146,0.026484733461624783,0.3243094541478732,0.026702553808649762,0.32416285765783226,0.028880233476305774,0.3227614224966702,,,,,,,,,,,,,,,,
"state-(0.02,0.3)",2000,9,323,0.019324814629642653,0.2814888483833371,0.0193436002031904,0.2814746297545276,0.019550970783092005,0.28134853397844717,0.021567786558135314,0.28011241820950095,,,,,,,,,,,,,,,,
"state-(0.02,0.3)",2000,10,319,0.023012247076939416,0.30724137270156926,0.023033795122487724,0.30722188598566436,0.023216995177936097,0.3070478322070932,0.02508945349455916,0.30532881674198853,,,,,,,,,,,,,,,,
"state-(0.02,0.3)",2000,11,379,0.019321022989064227,0.317626818589148,0.019349452311176164,0.3176132667418412,0.01960278281214989,0.31749033845665786,0.022080832589061506,0.31628541131523097,,,,,,,,,,,,,,,,
"state-(0.02,0.3)",2000,12,361,0.026720596351750333,0.2927913087580995,0.02674434275918638,0.2927765982242717,0.026965876862719926,0.29266770908677564,0.029124611466657024,0.2915944382532374,,,,,,,,,,,,,,,,
"state-(0.02,0.3)",2000,13,314,0.024925768488952463,0.32068532968952845,0.02494121714958267,0.320664621158676,0.025068130657973763,0.3204816872226804,0.026438395010862197,0.31864311541684365,,,,,,,,,,,,,,,,
"state-(0.02,0.3)",2000,14,293,0.01292266667194936,0.27989630731616355,0.012946849948445907,0.2798773605343368,0.013157603084495154,0.27971008637561084,0.015229601958385684,0.27805594891952823,,,,,,,,,,,,,,,,
"state-(0.02,0.3)",2000,15,327,0.025123560899166696,0.300933615469711,0.025144895288884774,0.3009162002422539,0.025326700282331242,0.3007625778207969,0.027184140067102274,0.29922563831026217,,,,,,,,,,,,,,,,
"state-(0.02,0.3)",2000,16,329,0.013499302455837744,0.3172321688291135,0.013522321031571825,0.31721398642140636,0.013720512294921716,0.3170512536919167,0.01569405193308434,0.3154482521999238,,,,,,,,,,,,,,,,
"state-(0.02,0.3)",2000,17,327,0.026261165574003657,0.3151884406650399,0.02628101102737163,0.31516865903205166,0.02643985551797002,0.3149954878168652,0.02817513366015506,0.31324748409382264,,,,,,,,,,,,,,,,
"state-(0.02,0.3)",2000,18,346,0.014348112621448472,0.3006868744717058,0.01437463695317231,0.30067133222367726,0.01461026732011257,0.3005324919219032,0.0169131014119893,0.29916573029819016,,,,,,,,,,,,,,,,
"state-(0.02,0.3)",2000,19,326,0.008570984528695348,0.28576024433045877,0.008598549638639721,0.2857444669696788,0.0089829134951569,0.2856002330807374,0.012526311633051252,0.28424844953693607,,,,,,,,,,,,,,,,
"state-(0.02,0.3)",2000,20,353,0.012451893931117333,0.3347236244994212,0.012478225360289459,0.3347037821984707,0.012710448383284532,0.3345265765552087,0.014957188432089425,0.3327885985898182,,,,,,,,,,,,,,,,
"state-(0.02,0.3)",2000,21,318,0.021473925184383055,0.30949034971047396,0.02149516824691953,0.30947156718650254,0.021678530197595133,0.30930077978366266,0.023524278463764363,0.30763642652423295,,,,,,,,,,,,,,,,
"state-(0.02,0.3)",2000,22,311,0.018485236869018592,0.3160234639420044,0.018503373980657323,0.31600373017830286,0.018659828769747675,0.31582558400417465,0.02025048780081215,0.31407185924193837,,,,,,,,,,,,,,,,
"state-(0.02,0.3)",2000,23,333,0.029176373197119496,0.30682068903652104,0.029196450809539826,0.3068033662104265,0.02936609469178782,0.3066479470262183,0.031130912499676974,0.3051118774949598,,,,,,,,,,,,,,,,
"state-(0.02,0.3)",2000,24,304,0.014864277371049702,0.2713684068846177,0.01487738522556881,0.27135285184107144,0.015067491657786213,0.2712234578254779,0.01693231463182906,0.26995993475223157,,,,,,,,,,,,,,,,
"state-(0.02,0.3)",2000,25,324,0.014093225376558723,0.31219913026761353,0.014114959281028986,0.3121811789352516,0.014304707808587027,0.312018689114804,0.01619749079447503,0.3104329337884414,,,,,,,,,,,,,,,,
"state-(0.02,0.3)",2000,26,310,0.022371620517097034,0.27712124048808073,0.022391664213789804,0.27710595366397656,0.02256914870725756,0.27697232201264904,0.024322521696896825,0.27562614382174583,,,,,,,,,,,,,,,,
"state-(0.02,0.3)",2000,27,299,0.021631041529845203,0.27494704116117474,0.021648747925700457,0.274932100568359,0.02180223252128404,0.27479993142556375,0.023365135409759857,0.27347349528601284,,,,,,,,,,,,,,,,
"state-(0.02,0.3)",2000,28,301,0.022808829009610114,0.30587797492452284,0.022823377827226106,0.3058584647851974,0.02295218739569215,0.3056840443237532,0.024238927237014332,0.30395377232874293,,,,,,,,,,,,,,,,
"state-(0.02,0.3)",2000,29,309,0.017785884055926487,0.3069640395474926,0.01780051508479249,0.3069506834618488,0.017964701650855168,0.30677217670362655,0.01957876091652602,0.30498560160856397,,,,,,,,,,,,,,,,
"state-(0.02,0.3)",2000,30,295,0.020068713606745708,0.2908505482453407,0.020087542410910465,0.29083193579045014,0.02025497432872633,0.2906643092888965,0.021898442446196775,0.28901799760260727,,,,,,,,,,,,,,,,
"state-(0.02,0.3)",2000,31,338,0.016861761481177826,0.291599838011409,0.016890288370281965,0.2915842454202303,0.017139653705482896,0.29144730549503994,0.01956901065252191,0.29008971233627767,,,,,,,,,,,,,,,,
"state-(0.02,0.3)",2000,32,358,0.025740588202479004,0.3094118225184568,0.025762719842099206,0.3093979413926872,0.02596137351012153,0.3092732038106332,0.027898278260607368,0.3080429542037251,,,,,,,,,,,,,,,,
"state-(0.02,0.3)",2000,33,296,0.018739339435668204,0.2848176472079517,0.018768113486582715,0.2848008435519538,0.018923609431654602,0.2846391241640353,0.02056531414252956,0.28306497802870006,,,,,,,,,,,,,,,,
"state-(0.02,0.3)",2000,34,297,0.016448767158008335,0.29416032253000035,0.01646953128494257,0.29414205395909904,0.0166540156122742,0.29397580119042316,0.018442742213230112,0.2923584653212917,,,,,,,,,,,,,,,,
"state-(0.02,0.3)",2000,35,336,0.028817212297309148,0.29642151379251047,0.028838172235173317,0.29640596163614197,0.029023489926995636,0.29626706429176514,0.03085792707166327,0.2948912891073445,,,,,,,,,,,,,,,,
"state-(0.02,0.3)",2000,36,299,0.01641871362127036,0.28527130808906814,0.01643628707152124,0.28525536657600153,0.016591377218477827,0.28511045095942994,0.018130883959472804,0.2836995906057971,,,,,,,,,,,,,,,,
"state-(0.02,0.3)",2000,37,309,0.020380723916167347,0.29380690228579176,0.02039776628935623,0.29379037588612683,0.02054635316640499,0.2936419039156857,0.022048267239207758,0.2921763869750164,,,,,,,,,,,,,,,,
"state-(0.02,0.3)",2000,38,330,0.01988437757593857,0.3050694148306507,0.01991745588034312,0.30505955807066737,0.020080161297767546,0.30491164047490354,0.021805717989922275,0.3035073359117119,,,,,,,,,,,,,,,,
"state-(0.02,0.3)",2000,39,290,0.013895817692284988,0.30946907299092347,0.013912890389414151,0.309447173477912,0.01406041301226226,0.3092537056768107,0.015546325058498395,0.3073202377508888,,,,,,,,,,,,,,,,
"state-(0.02,0.3)",2000,40,250,0.01635483365546513,0.27864180015870216,0.016368238041688837,0.27861961789925654,0.01648626883723938,0.27842158849634646,0.017661248566451588,0.2764644490926554,,,,,,,,,,,,,,,,
"state-(0.02,0.3)",2000,41,293,0.023936692178058133,0.2966040210622277,0.02394327168022341,0.29658529067811984,0.02408264435361391,0.2964124669191762,0.02548157487406602,0.29470535069413706,,,,,,,,,,,,,,,,
"state-(0.02,0.3)",2000,42,295,0.023262756865590452,0.3064584219388018,0.023276311207793554,0.3064374484734513,0.023433766348267722,0.30623281552659687,0.0249838666846353,0.3042146206689821,,,,,,,,,,,,,,,,
"state-(0.02,0.3)",2000,43,328,0.011665908891040992,0.2964235791553129,0.011691648248873154,0.29640730027428097,0.011912132368279106,0.29626355998352655,0.014120157770328092,0.29483903745565476,,,,,,,,,,,,,,,,
"state-(0.02,0.3)",2000,44,366,0.02999651032106149,0.2930513388106239,0.030024673625014955,0.2930382891419304,0.030272160414749137,0.29292360770649617,0.03271463344956963,0.2917753928103451,,,,,,,,,,,,,,,,
"state-(0.02,0.3)",2000,45,378,0.02811194230846873,0.34239061777863045,0.02813423958954633,0.3423726711294375,0.028331775545458435,0.34221219047871515,0.030293668663896288,0.3406205406362232,,,,,,,,,,,,,,,,
"state-(0.02,0.3)",2000,46,320,0.008810282650327732,0.3030603578979486,0.008830104579925984,0.30304089356630426,0.00906159167550634,0.30288003066740765,0.011266572814374536,0.3013351208460426,,,,,,,,,,,,,,,,
"state-(0.02,0.3)",2000,47,318,0.018358448273540322,0.2923281229644495,0.01837729972897941,0.2923127600838816,0.01854438458423509,0.29217707993281705,0.020199087957908354,0.2908169458872712,,,,,,,,,,,,,,,,
"state-(0.02,0.3)",2000,48,277,0.019057217323837895,0.3187686758904461,0.019072137465220237,0.318742232360462,0.019202780005254723,0.31850405188057956,0.020504015066613597,0.3161641838169386,,,,,,,,,,,,,,,,
"state-(0.02,0.3)",2000,49,331,0.02252065296849301,0.3165823219089749,0.02254298649928328,0.31656315332957397,0.02274084329047544,0.3163910898149274,0.024682723671193608,0.31469620781845126,,,,,,,,,,,,,,,,
"state-(0.02,0.3)",2000,50,278,0.020200305881401374,0.2897996179366496,0.020216768796120412,0.28977776792362075,0.020360748382919652,0.28958619905824123,0.021794142844949724,0.2876648444137337,,,,,,,,,,,,,,,,
"state-(0.02,0.3)",2000,51,308,0.018792348139493282,0.2948654627311751,0.01880165641716422,0.2948460724407927,0.018959054171825925,0.2946950646053885,0.02052462509165923,0.29321515868550274,,,,,,,,,,,,,,,,
"state-(0.02,0.3)",2000,52,294,0.015432748076007167,0.2842636260915629,0.015448757503738482,0.28424741841904033,0.015592513505072821,0.2841017688236275,0.01700025942843398,0.28266372251600874,,,,,,,,,,,,,,,,
"state-(0.02,0.3)",2000,53,304,0.017096782855101755,0.3174829410541522,0.01711010048671934,0.3174533728694233,0.017275380665109186,0.31725781138497344,0.01890513373814866,0.31536570805888176,,,,,,,,,,,,,,,,
"state-(0.02,0.3)",2000,54,350,0.011570851189079974,0.2889055233177397,0.011612875043074705,0.2888898430704441,0.011978952112852027,0.28875020180208105,0.01535585529528289,0.28742464844086213,,,,,,,,,,,,,,,,
"state-(0.02,0.3)",2000,55,323,0.01879667418870942,0.2933865864221208,0.01881722078864324,0.29337102858752284,0.019001593626602083,0.29323128782414826,0.020794356644651308,0.29185743205068565,,,,,,,,,,,,,,,,
"state-(0.02,0.3)",2000,56,290,0.014437915365964697,0.33032852475144847,0.01445360885027973,0.3303014827231053,0.014587078716398274,0.33006073877789327,0.015961398215139765,0.3276738462209111,,,,,,,,,,,,,,,,
"state-(0.02,0.3)",2000,57,330,0.020747433677368945,0.29883822011282457,0.020763886002340328,0.29882328634104843,0.020945847280744265,0.29868647252209785,0.02273911065524819,0.2973360803454069,,,,,,,,,,,,,,,,
"state-(0.02,0.3)",2000,58,356,0.016981574395721552,0.29436413989262583,0.017013847507062623,0.2943481161597984,0.017294042414617492,0.2942102538388878,0.020066127419922034,0.29281500327816484,,,,,,,,,,,,,,,,
"state-(0.02,0.3)",2000,59,322,0.013410211184003871,0.29376410058771074,0.013435383371515628,0.29374859404961484,0.013648570348249817,0.29360851000654575,0.01578118098746095,0.29224839380221396,,,,,,,,,,,,,,,,
"state-(0.02,0.3)",2000,60,337,0.014571579950641423,0.3182494383211001,0.01459897912189047,0.3182293267029776,0.014830468241088482,0.3180551019313578,0.017161852730706476,0.3163007326345733,,,,,,,,,,,,,,,,
"state-(0.02,0.3)",2000,61,376,0.02942413591330739,0.3049862576729477,0.029449322558222572,0.30497380756101644,0.029675352684279403,0.3048619263512359,0.03187590767869279,0.30375909969142884,,,,,,,,,,,,,,,,
"state-(0.02,0.3)",2000,62,338,0.028288567658712075,0.3132928592161223,0.02830916837793488,0.3132756471220335,0.028483474149230942,0.3131217755904502,0.030281129646705103,0.3115971673047662,,,,,,,,,,,,,,,,
"state-(0.02,0.3)",2000,63,282,0.014327519819155022,0.2865842731688913,0.01434707338776001,0.28656382912830997,0.014519655984292166,0.2863809218974254,0.016208426446325613,0.28458849009315323,,,,,,,,,,,,,,,,
"state-(0.02,0.3)",2000,64,335,0.022923920159352875,0.29415861330539333,0.022948053915478685,0.29414376298850003,0.023159434671086828,0.29400899509606704,0.025249581489321053,0.2926940356525948,,,,,,,,,,,,,,,,
"state-(0.02,0.3)",2000,65,284,0.016662715983606517,0.29647358822097925,0.016680698341022857,0.29645232935659277,0.016840111140023217,0.29626100623571056,0.018404369963191516,0.29438346908035035,,,,,,,,,,,,,,,,
"state-(0.02,0.3)",2000,66,307,0.02103818895745127,0.29873473717310417,0.021042552982778462,0.29872013775988426,0.02120248469902369,0.29855848888703546,0.022811125987935884,0.2969533690137804,,,,,,,,,,,,,,,,
"state-(0.02,0.3)",2000,67,284,0.024426053460175227,0.27118592611222986,0.02443688316736666,0.2711728824569194,0.024576109881484964,0.2710228734101936,0.025937454252744123,0.2695485835384572,,,,,,,,,,,,,,,,
"state-(0.02,0.3)",2000,68,324,0.018790344052733762,0.30622139037696594,0.01881267097340725,0.3062034088688241,0.01900937363760465,0.30604388156868084,0.020947445728704786,0.3044548448236969,,,,,,,,,,,,,,,,
"state-(0.02,0.3)",2000,69,289,0.018818182386059434,0.31680166798295134,0.01883606445107907,0.3167759372712547,0.018988241596083335,0.31654708934765724,0.020551756016787923,0.3142726355319219,,,,,,,,,,,,,,,,
"state-(0.02,0.3)",2000,70,359,0.02351878103035467,0.314791156950285,0.023540689986768507,0.3147760924559217,0.02373740330340558,0.31464069524734306,0.0256607568530408,0.31330340449282335,,,,,,,,,,,,,,,,
"state-(0.02,0.3)",2000,71,362,0.014789501050153859,0.2880903917999737,0.01481659674935987,0.28807712149532033,0.015099383226564803,0.2879764424127751,0.017823900010807966,0.2869992227666074,,,,,,,,,,,,,,,,
"state-(0.02,0.3)",2000,72,317,0.021257766080251494,0.27925730949457234,0.02127902678232417,0.2792426694117636,0.021460771341933964,0.2791110400527108,0.023321499500306774,0.2778166590250458,,,,,,,,,,,,,,,,
"state-(0.02,0.3)",2000,73,354,0.01667417122979342,0.3061561427462457,0.016697393211218586,0.30614002537500834,0.01691736651957047,0.30601438092550287,0.019059162227435623,0.304776906411598,,,,,,,,,,,,,,,,
"state-(0.02,0.3)",2000,74,368,0.02105238539905475,0.31215171417390936,0.021073279745082503,0.3121397105361171,0.021295878635691226,0.3120156446307054,0.023478586376218018,0.31078543730217556,,,,,,,,,,,,,,,,
"state-(0.02,0.3)",2000,75,261,0.022343222288236878,0.27758637919292184,0.02235554459445833,0.27756657120004535,0.022466224794347754,0.27738856949738455,0.02355514698484472,0.27561953778434023,,,,,,,,,,,,,,,,
"state-(0.02,0.3)",2000,76,341,0.008517423406883124,0.30343758324007025,0.008543530071899515,0.3034223867946827,0.008815284864987198,0.30327143643628535,0.011353045071296225,0.3018147280846879,,,,,,,,,,,,,,,,
"state-(0.02,0.3)",2000,77,267,0.018060694856964366,0.29864962569591424,0.018074212255444307,0.298626850282847,0.01819286828045787,0.29842134912713525,0.01938161816388428,0.29640211506105296,,,,,,,,,,,,,,,,
"state-(0.02,0.3)",2000,78,356,0.023105013518619034,0.3085426943620048,0.02313561705054299,0.30852619393243896,0.02340243093828536,0.30837966916190407,0.026026591928441114,0.3069297519010874,,,,,,,,,,,,,,,,
"state-(0.02,0.3)",2000,79,304,0.02505942819319208,0.2811190040092635,0.02505024032584228,0.28106664604288156,0.025210270248802805,0.28094343576235176,0.026684403876957325,0.2795677451949349,,,,,,,,,,,,,,,,
"state-(0.02,0.3)",2000,80,329,0.012256632309311257,0.28658068858454305,0.012278572971169714,0.2865667851388421,0.012502797815537148,0.28644457796531897,0.014662739330246827,0.28524759297433133,,,,,,,,,,,,,,,,
"state-(0.02,0.3)",2000,81,302,0.01282481500142875,0.2959765193226747,0.012847113433050698,0.29595766114712063,0.013038304574173917,0.2957901600965583,0.014934882062594097,0.29413694051751227,,,,,,,,,,,,,,,,
"state-(0.02,0.3)",2000,82,326,0.017452696443108057,0.2918239944323468,0.017479218756728074,0.291806983423422,0.01771017008654722,0.29165737586698864,0.019997319008519893,0.29016322604109956,,,,,,,,,,,,,,,,
"state-(0.02,0.3)",2000,83,335,0.020697831175768688,0.297829967279236,0.020719018417137795,0.29781487230865017,0.020902407196098947,0.29768291897362714,0.022756477762138336,0.296349690123418,,,,,,,,,,,,,,,,
"state-(0.02,0.3)",2000,84,272,0.022370691164108347,0.2881129003321313,0.02238472076449729,0.28809180208538754,0.02250705323461204,0.28790025981173356,0.023742737489316927,0.2860298192054121,,,,,,,,,,,,,,,,
"state-(0.02,0.3)",2000,85,295,0.017823952781331684,0.27152493739621053,0.01784207224324221,0.27151024357731723,0.01800249605270536,0.2713755233005757,0.019586819644620966,0.2700759695582444,,,,,,,,,,,,,,,,
"state-(0.02,0.3)",2000,86,329,0.02517247644911031,0.3006544475649383,0.025192115805145736,0.3006378043355543,0.02536440753720388,0.3004908150440221,0.027087129070413742,0.2990190722827879,,,,,,,,,,,,,,,,
"state-(0.02,0.3)",2000,87,352,0.019229651108153733,0.3027262212724635,0.019258041530810035,0.3027117870019813,0.01949490639929018,0.30258828634780277,0.021939607317934828,0.30130979045109346,,,,,,,,,,,,,,,,
"state-(0.02,0.3)",2000,88,320,0.00571590824925939,0.3011155576428702,0.005743051566830717,0.30109709116832567,0.005981304848037227,0.30093353733420874,0.00817210623067289,0.29938027765815606,,,,,,,,,,,,,,,,
"state-(0.02,0.3)",2000,89,286,0.027637735435896888,0.3070823647046074,0.027651292071807086,0.30705904037394544,0.027768040447253596,0.30685314422757504,0.02896413252119406,0.30479017000908026,,,,,,,,,,,,,,,,
"state-(0.02,0.3)",2000,90,271,0.02295938977853654,0.2867308794045029,0.02297194215686238,0.2867108733464356,0.023084721208570975,0.28653107269898503,0.024192646054264234,0.28475772527630616,,,,,,,,,,,,,,,,
"state-(0.02,0.3)",2000,91,332,0.014548751787104804,0.308533143391099,0.014571570251610853,0.3085166456631176,0.01476598023613603,0.3083675996516454,0.016743997191368806,0.306910831082345,,,,,,,,,,,,,,,,
"state-(0.02,0.3)",2000,92,351,0.01393400713320471,0.296492672165918,0.013964527208590247,0.29647713372043466,0.014233189301164243,0.2963408443853814,0.016854450531915418,0.29498654736412544,,,,,,,,,,,,,,,,
"state-(0.02,0.3)",2000,93,266,0.02247675045619881,0.2916488613932059,0.02249220733576107,0.2916248702169771,0.022625448833855876,0.2914109672603907,0.023976765385082175,0.28929533874926955,,,,,,,,,,,,,,,,
"state-(0.02,0.3)",2000,94,305,0.019426780976957807,0.2734180868376988,0.01944918160541204,0.27340219246770386,0.01964173043145874,0.27326341817483973,0.021569366514973425,0.27187813307002767,,,,,,,,,,,,,,,,
"state-(0.02,0.3)",2000,95,352,0.029616286311196328,0.30871150023430505,0.02962841772950317,0.3086921923438801,0.029827543899038102,0.308556616391256,0.03181490691913809,0.3072335509084688,,,,,,,,,,,,,,,,
"state-(0.02,0.3)",2000,96,358,0.03688977760816916,0.2911638809840348,0.03691123030080023,0.29115136597946206,0.03710390388000993,0.2910388908423231,0.038992241593257315,0.28992894668741026,,,,,,,,,,,,,,,,
"state-(0.02,0.3)",2000,97,311,0.02056583883145483,0.3135606338674781,0.020582247664505633,0.31354192401543624,0.020724397446685555,0.3133656444804651,0.022165750114163545,0.3117022036078802,,,,,,,,,,,,,,,,
"state-(0.02,0.3)",2000,98,318,0.0190080021658457,0.31439156605856644,0.019029566105904786,0.31437181211426546,0.019195897809547877,0.31419192611370217,0.021084716881482665,0.31243998712025034,,,,,,,,,,,,,,,,
"state-(0.02,0.3)",2000,99,336,0.02502317576637738,0.30741577897426914,0.025045536424703727,0.30739809069853014,0.025241198953368762,0.3072402630727864,0.027178053668731023,0.3056861551094062,,,,,,,,,,,,,,,,
"state-(0,0.2)",500,0,68,1.4485368449923153e-08,0.22454021639162008,0.00010209180932633365,0.22450544749895643,0.0010047942461653345,0.22419475882013418,0.008884442706817614,0.22125752437382623,,,,,,,,,,,,,,,,
"state-(0,0.2)",500,1,43,1.007475975668682e-08,0.20010547801809142,4.191115317344654e-05,0.2000428001609358,0.0004157991149670107,0.1994825329643789,0.003880534638297193,0.1942223431931969,,,,,,,,,,,,,,,,
"state-(0,0.2)",500,2,57,1.231984531402161e-08,0.20561801578024666,6.570537701879441e-05,0.20557935636895652,0.0006556284623755322,0.2052319661290997,0.006419565168306305,0.2018062961281451,,,,,,,,,,,,,,,,
"state-(0,0.2)",500,3,68,3.119719041053612e-08,0.21447662236188003,0.00011111829665556424,0.2144362517825823,0.0011936038610097085,0.21403325038266507,0.01789220686903211,0.20694909817381327,,,,,,,,,,,,,,,,
"state-(0,0.2)",500,4,45,0.0029711573941100028,0.20533488172102332,0.0030151248140764452,0.205265466409509,0.0033914693353070662,0.2046715687431275,0.006613701909959595,0.1993600178509174,,,,,,,,,,,,,,,,
"state-(0,0.2)",500,5,62,1.5740394698407468e-09,0.2514867835789504,5.886863946271552e-05,0.25143405752429854,0.0005846665451101695,0.2509604243807621,0.005499160516493189,0.24633333362673243,,,,,,,,,,,,,,,,
"state-(0,0.2)",500,6,71,8.586021266596781e-09,0.21084869838564893,0.00011745661361215904,0.21081873921627287,0.0011640877611539943,0.2105508369921339,0.010713266329908544,0.2080274022716455,,,,,,,,,,,,,,,,
"state-(0,0.2)",500,7,71,4.123540634640836e-08,0.22275028031550959,0.0001266758217476241,0.22271206163671534,0.0012394827051321602,0.22237271206110984,0.010624203186047024,0.2192856396866261,,,,,,,,,,,,,,,,
"state-(0,0.2)",500,8,49,4.08052117717195e-09,0.203272453162001,4.871523655355781e-05,0.2032213662356829,0.000484507353428834,0.20276398371920157,0.004604538856821593,0.19841296010469237,,,,,,,,,,,,,,,,
"state-(0,0.2)",500,9,57,0.006097775396016744,0.20445591425119422,0.006185347966597152,0.20440471339917063,0.007190666656705205,0.20389931931017904,0.01391953450840216,0.19987144273239063,,,,,,,,,,,,,,,,
"state-(0,0.2)",500,10,55,5.031943335027326e-11,0.19731772103617812,6.041130210192304e-05,0.19728092483381088,0.0006009100254077155,0.19695119560234114,0.005709089433656993,0.1937946165407595,,,,,,,,,,,,,,,,
"state-(0,0.2)",500,11,41,2.096262868123527e-08,0.2049105613440025,5.148863258399027e-05,0.20483073254647974,0.0005088045124354412,0.20411753607856478,0.004597943392502234,0.19745876772135953,,,,,,,,,,,,,,,,
"state-(0,0.2)",500,12,30,0.0040776469211095045,0.1853118978618611,0.004108454969083945,0.1852112306988858,0.004390771217193884,0.18431664152160965,0.006806077557161144,0.1762534388307695,,,,,,,,,,,,,,,,
"state-(0,0.2)",500,13,38,0.0081543061497174,0.14827014940187244,0.008186603485260808,0.1482359190239328,0.00847356914661546,0.14793199624145992,0.011169519643468871,0.14505360744935367,,,,,,,,,,,,,,,,
"state-(0,0.2)",500,14,33,5.599481906730819e-11,0.18535673362852415,2.5030155373503762e-05,0.18528204338182805,0.0002495621786970499,0.18461378425442185,0.002423993696514615,0.17830118292222366,,,,,,,,,,,,,,,,
"state-(0,0.2)",500,15,69,1.3713244119673351e-08,0.208955623351854,0.00011123367312571979,0.20892352940071043,0.0011036206076235253,0.20863622894569253,0.010243974287019019,0.2059090402224708,,,,,,,,,,,,,,,,
"state-(0,0.2)",500,16,47,3.573595242972464e-09,0.19343783650369845,4.249169778979825e-05,0.19339224352985745,0.00042485822858882855,0.19298280954834526,0.00423988824318751,0.18897548952295873,,,,,,,,,,,,,,,,
"state-(0,0.2)",500,17,49,1.642192092192213e-09,0.1732794003911497,5.469841670753541e-05,0.1732471070856714,0.0005440843647406444,0.1729578267061772,0.005170396431636441,0.17019054862150668,,,,,,,,,,,,,,,,
"state-(0,0.2)",500,18,57,0.00025134056890545407,0.20525891195325224,0.0008993104151438721,0.20503754501549828,0.002833576369887672,0.20424757499397378,0.010570448732166945,0.19998326436609234,,,,,,,,,,,,,,,,
"state-(0,0.2)",500,19,60,0.004922073563953492,0.22349664341101286,0.0050382732901599475,0.22342675652531513,0.005992595401431068,0.2228356577642313,0.012652111942275095,0.2180940082321529,,,,,,,,,,,,,,,,
"state-(0,0.2)",500,20,33,4.239381831961645e-08,0.19711101000622877,3.958760012986174e-05,0.19701809064256107,0.0003854425027450556,0.19619046887179847,0.0032436774463951165,0.18858688662014342,,,,,,,,,,,,,,,,
"state-(0,0.2)",500,21,44,1.663683318926909e-09,0.22725915520990408,3.777134999334079e-05,0.22717450104182468,0.000376045267520468,0.22641715026781586,0.0036054981773702786,0.21926793914944068,,,,,,,,,,,,,,,,
"state-(0,0.2)",500,22,62,3.844230792775923e-06,0.20289186780454602,0.0004343798299080524,0.2028013209346371,0.0022555853805487918,0.20232230563788653,0.01051968068723758,0.19923106912698071,,,,,,,,,,,,,,,,
"state-(0,0.2)",500,23,43,1.1407073435075676e-06,0.20103310306207509,0.00018731993456657625,0.20087244266247362,0.0011925931204525412,0.19988293027357287,0.005761153876605244,0.19386743903656972,,,,,,,,,,,,,,,,
"state-(0,0.2)",500,24,44,2.5770872050625854e-08,0.22507520257109812,3.4041328766316886e-05,0.22499766910669916,0.0003391233411581483,0.2243036800527818,0.003288676561521583,0.2177284877279843,,,,,,,,,,,,,,,,
"state-(0,0.2)",500,25,43,2.610680506749621e-09,0.15458993185187225,4.403703656820929e-05,0.15456221257199376,0.0004382540737566773,0.15431451247748945,0.004185539329309649,0.15193150697423588,,,,,,,,,,,,,,,,
"state-(0,0.2)",500,26,45,2.3781689255412562e-08,0.18806459805795495,6.177278441250163e-05,0.18801120061151746,0.0006032972188739146,0.1875363655832366,0.005156662518756554,0.18318569916698332,,,,,,,,,,,,,,,,
"state-(0,0.2)",500,27,53,1.0156012862791064e-08,0.19593660212738798,6.942808890495167e-05,0.19589053970258766,0.00068563193712699,0.19547916392113973,0.006229462981898996,0.1916431545358033,,,,,,,,,,,,,,,,
"state-(0,0.2)",500,28,58,1.7566144307408873e-08,0.2619795381595884,7.349824430692366e-05,0.26190135907334644,0.0007228150402472374,0.2612004600908783,0.006538622417074296,0.25439756026097665,,,,,,,,,,,,,,,,
"state-(0,0.2)",500,29,24,3.1129802925982744e-09,0.1435296759193225,1.7172057031089182e-05,0.1434692646244996,0.0001710405166414465,0.1429287102870154,0.0016503566435742262,0.13784439690167652,,,,,,,,,,,,,,,,
"state-(0,0.2)",500,30,47,0.002107269743754494,0.17283381605530415,0.002248350594850434,0.17276147576515913,0.003334042599906372,0.17218162673674534,0.009478607462295867,0.16825373281667524,,,,,,,,,,,,,,,,
"state-(0,0.2)",500,31,33,4.5600685799590056e-09,0.2262076077997492,2.3920038729558638e-05,0.22608221769278114,0.00023837324330233501,0.22496219669313275,0.0023089615673581687,0.21456633252700297,,,,,,,,,,,,,,,,
"state-(0,0.2)",500,32,55,3.2931899916298213e-09,0.23021530628553694,4.9057003951752365e-05,0.23015946961123904,0.0004886176215025665,0.22965920019476027,0.004702038401497988,0.2248707820093238,,,,,,,,,,,,,,,,
"state-(0,0.2)",500,33,58,0.000945057668070291,0.20816842435726954,0.001197561232931242,0.20802563117624295,0.002505421736398822,0.20724777684897355,0.008779460121190958,0.20312821998960437,,,,,,,,,,,,,,,,
"state-(0,0.2)",500,34,48,1.5669811574195877e-05,0.216622649919962,0.0004399819827742588,0.21639138466922525,0.0018281389326157604,0.21538686024843992,0.0073853928037348375,0.20922234882529717,,,,,,,,,,,,,,,,
"state-(0,0.2)",500,35,55,4.884725593378528e-09,0.21388191475582619,5.215100172833878e-05,0.2138366856472296,0.0005189581224165886,0.21343236148259806,0.004954943599516538,0.20955790159965806,,,,,,,,,,,,,,,,
"state-(0,0.2)",500,36,41,4.4345282439090543e-10,0.19182725881866486,3.2531077646466545e-05,0.1917720664185188,0.0003242298075552281,0.19127772679693983,0.0031395156102264794,0.1865596915798036,,,,,,,,,,,,,,,,
"state-(0,0.2)",500,37,43,1.9339820837136126e-09,0.2037535954395894,3.358978549209632e-05,0.20369335019900478,0.0003347469080288245,0.203153840885188,0.003238102334098157,0.19801325080569696,,,,,,,,,,,,,,,,
"state-(0,0.2)",500,38,43,0.00029396959730561024,0.2009266516958274,0.0006871468657840216,0.20065522521482826,0.0020061592997003426,0.1995283730811565,0.007282795397569526,0.19309488171040093,,,,,,,,,,,,,,,,
"state-(0,0.2)",500,39,63,2.96044725750317e-09,0.23136568612586836,6.86889935986376e-05,0.2313214588428217,0.0006844505133779606,0.23091105326286446,0.006615749545701261,0.22705633673826983,,,,,,,,,,,,,,,,
"state-(0,0.2)",500,40,41,1.77125203913986e-08,0.22402384252385205,4.3926801359398563e-05,0.22393609028443837,0.0004337110227730585,0.22315116285466377,0.0039157375346032565,0.21574593017875404,,,,,,,,,,,,,,,,
"state-(0,0.2)",500,41,46,8.053917749953038e-09,0.20976767588411366,3.921259099481038e-05,0.20970873695746753,0.0003904894622123839,0.2091804454124748,0.003757703869480494,0.2041372021928321,,,,,,,,,,,,,,,,
"state-(0,0.2)",500,42,67,6.729197799377029e-09,0.21377975782191216,8.46900935431639e-05,0.21374889230101127,0.0008418456745710951,0.21347231147079715,0.007951933913576513,0.21082007663967198,,,,,,,,,,,,,,,,
"state-(0,0.2)",500,43,45,0.0008557758259329481,0.20980285277342958,0.0010256967172636508,0.2096189466585948,0.002034676621449219,0.20841734201926965,0.006788135796616158,0.20140140056313197,,,,,,,,,,,,,,,,
"state-(0,0.2)",500,44,50,0.007376898033645715,0.18449944096555895,0.0074891706887452066,0.18441256783103888,0.008680237240129281,0.18348674470722248,0.015357998297253034,0.17814328561963938,,,,,,,,,,,,,,,,
"state-(0,0.2)",500,45,42,6.878366543619525e-08,0.21152245810001857,6.655199536804656e-05,0.21143178203257107,0.0007451912919077074,0.21058355652817656,0.007488571716349506,0.2026188688443185,,,,,,,,,,,,,,,,
"state-(0,0.2)",500,46,46,6.800209198776663e-12,0.16600329128405936,5.047464134374736e-05,0.16597077929412432,0.0005028035657117447,0.1656791765118488,0.004838947582049075,0.16285562346613355,,,,,,,,,,,,,,,,
"state-(0,0.2)",500,47,45,1.8236174806175727e-09,0.1664982922167222,4.787351252274457e-05,0.16646569576040585,0.00047571801445198673,0.1661738518824318,0.004486344831090039,0.1633950976268734,,,,,,,,,,,,,,,,
"state-(0,0.2)",500,48,44,0.005167918519621361,0.16170407041783105,0.005217776908690716,0.1616657736024215,0.005658167602701451,0.16132579553559961,0.009578152506130654,0.1582540082197107,,,,,,,,,,,,,,,,
"state-(0,0.2)",500,49,52,1.4785020932117693e-07,0.20894185132234558,0.00011594058981654244,0.20888282364326793,0.0011687891672841834,0.20833889730164912,0.008986439998307245,0.20305862758593432,,,,,,,,,,,,,,,,
"state-(0,0.2)",500,50,29,4.3561002793193514e-09,0.21312234732949611,1.848287307130089e-05,0.2130031425495067,0.00018435850803792968,0.21190138806442538,0.001797972098711399,0.20168860358128937,,,,,,,,,,,,,,,,
"state-(0,0.2)",500,51,40,3.230590132885485e-09,0.17496157535260806,3.338546721917031e-05,0.1749158968269682,0.0003326589254214187,0.174506705457193,0.0032140761264308343,0.17059595971687674,,,,,,,,,,,,,,,,
"state-(0,0.2)",500,52,52,1.161243862279366e-06,0.21256201414140766,0.00024343321498807176,0.2124318396692911,0.0016151926511044116,0.21159663622632865,0.007889866600128482,0.20642761924171038,,,,,,,,,,,,,,,,
"state-(0,0.2)",500,53,37,5.712387838739166e-08,0.14286512530101642,6.179379288399176e-05,0.1428254609259682,0.0006056435312619313,0.14247277658678306,0.005206910050641757,0.13927112651327841,,,,,,,,,,,,,,,,
"state-(0,0.2)",500,54,62,8.648379763589413e-09,0.2375187019620484,6.994570083333434e-05,0.23746656990285592,0.0006946845000552437,0.23699972874264866,0.006524521650100853,0.2325491489093922,,,,,,,,,,,,,,,,
"state-(0,0.2)",500,55,57,1.4193238899693512e-08,0.192379975924817,8.285280646528259e-05,0.19234951807300404,0.0008151621977543349,0.19207663735892705,0.0072058408509475735,0.1894577308066722,,,,,,,,,,,,,,,,
"state-(0,0.2)",500,56,67,2.065090765687746e-09,0.2374398927580636,7.043364556031231e-05,0.2373985995700564,0.0007010933314684236,0.23702829842859405,0.006703965107035188,0.23345237207956354,,,,,,,,,,,,,,,,
"state-(0,0.2)",500,57,51,1.4630267449199618e-08,0.1901924267510279,5.623705724408834e-05,0.19015525189175445,0.0005590136182064651,0.18982166850262988,0.005293484463434254,0.18660696220998024,,,,,,,,,,,,,,,,
"state-(0,0.2)",500,58,69,0.004945745864665821,0.21341657072685707,0.005064720508298621,0.21337364304957918,0.00609559265228558,0.21299261055974336,0.014298229454061678,0.20999504828818405,,,,,,,,,,,,,,,,
"state-(0,0.2)",500,59,50,1.8510656646055374e-13,0.2122985013480116,4.505298037769057e-05,0.2122423491914247,0.0004485586221667166,0.2117501285742715,0.0043031440374037225,0.20696885956491434,,,,,,,,,,,,,,,,
"state-(0,0.2)",500,60,33,2.0863459391821e-07,0.2010641760265658,7.348811202256448e-05,0.2009247958014298,0.0006086587846919569,0.1997883767121355,0.0036202808923208266,0.19103796836864176,,,,,,,,,,,,,,,,
"state-(0,0.2)",500,61,66,1.6944770579691432e-08,0.20987533957753068,0.00010639299667972098,0.20984048842283665,0.0010522933027263823,0.20952861607733061,0.009559992339990966,0.2065720176206915,,,,,,,,,,,,,,,,
"state-(0,0.2)",500,62,27,0.009724789635102447,0.10965601138581303,0.009753425211074376,0.10961846130053574,0.010005842111217321,0.10928629747915747,0.012298767600291546,0.10624620655003894,,,,,,,,,,,,,,,,
"state-(0,0.2)",500,63,41,6.396670008906536e-09,0.19357591521671474,3.778076767885314e-05,0.1935169150445165,0.0003747329163178928,0.19298905156337776,0.0034948194842751553,0.1879967606395969,,,,,,,,,,,,,,,,
"state-(0,0.2)",500,64,45,5.632871781400901e-11,0.18184511044822896,4.04401706297089e-05,0.18180403963040556,0.0004027779145192232,0.18143601779254698,0.0038735011710702124,0.1779167764352033,,,,,,,,,,,,,,,,
"state-(0,0.2)",500,65,52,1.0367711114504024e-10,0.1931837083864986,5.01878001038854e-05,0.1931472369893348,0.000499664175479811,0.19282033037241628,0.004786538623188588,0.18967864939750673,,,,,,,,,,,,,,,,
"state-(0,0.2)",500,66,65,2.084030691752617e-07,0.20075393860092922,0.00020360607111707908,0.20070385296382115,0.0017241725159140916,0.2003129824323505,0.010894866821719367,0.1975803022185984,,,,,,,,,,,,,,,,
"state-(0,0.2)",500,67,54,1.4744024611000131e-08,0.22399030645942736,6.012237550987186e-05,0.22392996443443378,0.0005970929802853425,0.22338977957767764,0.005611970760679091,0.2182577305785568,,,,,,,,,,,,,,,,
"state-(0,0.2)",500,68,84,3.8443515430494347e-07,0.21678143225055696,0.00045729370947885614,0.21672516486220764,0.004082623951663682,0.21626747427048026,0.026406554505607544,0.2131369701099474,,,,,,,,,,,,,,,,
"state-(0,0.2)",500,69,54,5.852387659786033e-08,0.1865259505999749,0.00010364021729777632,0.18648566057704746,0.0009995597558784548,0.18612921200303495,0.008018767079713184,0.18293948652721373,,,,,,,,,,,,,,,,
"state-(0,0.2)",500,70,60,0.00432020885977452,0.2682979805488747,0.004418267550233944,0.26818519838827765,0.005275999709342769,0.2671604311062543,0.011341876734574135,0.25907117070978053,,,,,,,,,,,,,,,,
"state-(0,0.2)",500,71,58,2.0326173363474767e-08,0.17580873090525884,0.00011011439335911143,0.17577750488676508,0.0010939585677042958,0.1754972956202044,0.010358311721497792,0.17276733569663896,,,,,,,,,,,,,,,,
"state-(0,0.2)",500,72,65,4.1483777117175614e-08,0.21957825959028568,0.0001277949335683948,0.21952929236084978,0.0012092889785069538,0.21910699877307102,0.009268055669562071,0.21563327037838156,,,,,,,,,,,,,,,,
"state-(0,0.2)",500,73,62,1.3554649999956572e-08,0.20457640452414544,9.395180384271657e-05,0.20453858776230627,0.0009323234633356581,0.20420013801913495,0.008649520116504127,0.20099600522523126,,,,,,,,,,,,,,,,
"state-(0,0.2)",500,74,39,3.5178053429460573e-09,0.19058359261823057,3.232599107150115e-05,0.19052186373708335,0.0003220587313722443,0.18996921625429963,0.0031081307081115513,0.18471693141342302,,,,,,,,,,,,,,,,
"state-(0,0.2)",500,75,57,1.7974351047748127e-12,0.21966051998556574,5.0218940620019895e-05,0.21961549245914772,0.0005013121047388349,0.21921162197235036,0.004922411747481819,0.2153058047210477,,,,,,,,,,,,,,,,
"state-(0,0.2)",500,76,46,6.655501011977178e-13,0.17050118038164702,4.185881543175077e-05,0.17047069801603065,0.00041690198758941754,0.17019744326802472,0.004007591452823275,0.16756808665108594,,,,,,,,,,,,,,,,
"state-(0,0.2)",500,77,51,3.458514702152218e-14,0.18352775006813168,5.3262618981777454e-05,0.18349150732141334,0.0005321096184774846,0.18316571133709722,0.005259127872525728,0.1799516021349086,,,,,,,,,,,,,,,,
"state-(0,0.2)",500,78,46,7.897610464526335e-09,0.196850889877396,4.585436619266503e-05,0.1967970952552572,0.00045717262288488895,0.19631484861317275,0.004442846129863368,0.1916748415058098,,,,,,,,,,,,,,,,
"state-(0,0.2)",500,79,52,5.344444302905846e-09,0.19581612865546782,5.272925899695087e-05,0.19577672446040947,0.0005247162078669776,0.19542364255000613,0.005008805633480572,0.1920394275340001,,,,,,,,,,,,,,,,
"state-(0,0.2)",500,80,88,2.7483466457841875e-07,0.22776900443837433,0.00040442708493366753,0.22774481257441703,0.0037729250740280228,0.22753193983187742,0.025262128812242643,0.22567111553378777,,,,,,,,,,,,,,,,
"state-(0,0.2)",500,81,55,1.5959596110285288e-09,0.19762036074982325,5.548818609822936e-05,0.19758404255627443,0.0005523813908219572,0.19725853827271422,0.00528762367528329,0.1941360357093521,,,,,,,,,,,,,,,,
"state-(0,0.2)",500,82,35,6.780869968187322e-11,0.18279105128008152,2.6481226774343278e-05,0.18272733619776757,0.00026385767582385043,0.18215712045040394,0.002547304264679335,0.1767566951321217,,,,,,,,,,,,,,,,
"state-(0,0.2)",500,83,40,0.0028823469908248324,0.19792189184428632,0.002915674848845435,0.1978521780310993,0.0032083578857542393,0.19723616091013085,0.00579953901667082,0.19165798201072934,,,,,,,,,,,,,,,,
"state-(0,0.2)",500,84,33,0.006249642737424383,0.18397823873700575,0.006374606949080433,0.18377972835994374,0.007307861827936068,0.18221392176303086,0.012200781482120785,0.1720411018997372,,,,,,,,,,,,,,,,
"state-(0,0.2)",500,85,61,1.0246992837278301e-10,0.27910851609272286,5.067502377900371e-05,0.27903902673933034,0.0005060354014676927,0.2783232245907602,0.004992015291008855,0.27138776387533853,,,,,,,,,,,,,,,,
"state-(0,0.2)",500,86,47,6.029451346978638e-09,0.17997705642915784,5.126027758728794e-05,0.17993680281963573,0.0005097840078464312,0.17957633532579279,0.004839482782587751,0.17614146504921013,,,,,,,,,,,,,,,,
"state-(0,0.2)",500,87,42,2.1398666489940997e-09,0.2025784288880371,3.308108766683952e-05,0.20251407157175205,0.000330026712864424,0.20193776909655445,0.0032237205453728014,0.19644896048100915,,,,,,,,,,,,,,,,
"state-(0,0.2)",500,88,46,0.005512475080529086,0.1691274170215872,0.005587343243853394,0.16907808991789922,0.006233401923446732,0.16864899616916593,0.011126430685288952,0.16509367358760635,,,,,,,,,,,,,,,,
"state-(0,0.2)",500,89,43,5.51627003711272e-08,0.19073448739097398,6.777144038296183e-05,0.1906659418751225,0.0006632222634533557,0.19005726406174675,0.00568215806389713,0.18456811207325372,,,,,,,,,,,,,,,,
"state-(0,0.2)",500,90,58,0.0025357999855801826,0.18131905222610553,0.0027506359613420476,0.18126971474539003,0.004410931058048719,0.1808700322408789,0.012899229020430352,0.17827383024747118,,,,,,,,,,,,,,,,
"state-(0,0.2)",500,91,39,0.0035125175942029444,0.17517711761890678,0.003552723611106808,0.17512152809673295,0.003926928836600476,0.1745816835403465,0.0071506816772266574,0.16978850092721315,,,,,,,,,,,,,,,,
"state-(0,0.2)",500,92,41,4.3731511056288134e-07,0.18042533073976397,0.00013928450372465752,0.18032029750173634,0.0012033995032053155,0.17948074673929884,0.007213538236882527,0.17376830061383494,,,,,,,,,,,,,,,,
"state-(0,0.2)",500,93,42,3.845340299042782e-09,0.19575543478028984,3.804139462020041e-05,0.19569578572585383,0.0003783702847851239,0.1951618688099284,0.003601137637218066,0.19009484090893106,,,,,,,,,,,,,,,,
"state-(0,0.2)",500,94,69,8.273138509695919e-11,0.21148133412109346,8.741676983381603e-05,0.21145401621182003,0.0008692932841785391,0.2112091741134163,0.008234279491659781,0.20885795684299238,,,,,,,,,,,,,,,,
"state-(0,0.2)",500,95,53,5.410535778948926e-09,0.18627718765964313,5.8054763584044156e-05,0.1862444926919057,0.0005778838671930468,0.1859512783965278,0.00552906248392353,0.1831190441945808,,,,,,,,,,,,,,,,
"state-(0,0.2)",500,96,44,9.334555741645196e-08,0.15564501791236843,9.836681314256333e-05,0.15559316904605894,0.0009185263976628574,0.15515487243355433,0.006612163978012524,0.15189928780375092,,,,,,,,,,,,,,,,
"state-(0,0.2)",500,97,58,2.5281173137533106e-05,0.17124545629822274,0.0007705620443620164,0.1712320166680394,0.0030041272280757897,0.1710696253204502,0.012332627671741373,0.16938778594263382,,,,,,,,,,,,,,,,
"state-(0,0.2)",500,98,69,0.00746696582642912,0.2301820535818796,0.0076284286987493306,0.23011748066143994,0.008992352457455884,0.22956394010265446,0.018121031953505236,0.22541292932858722,,,,,,,,,,,,,,,,
"state-(0,0.2)",500,99,51,0.012650843050433501,0.18701209804819005,0.012709811333554009,0.1869665618197857,0.013230732708038349,0.1865620238295643,0.01782534966262121,0.1828643368516366,,,,,,,,,,,,,,,,
"state-(0,0.2)",2000,0,209,0.0036906942408981955,0.2049087255807488,0.003703662078710673,0.20489744678040597,0.0038473940596583,0.2047719056990024,0.005176953949492691,0.20357897169818448,,,,,,,,,,,,,,,,
"state-(0,0.2)",2000,1,204,5.81113283838646e-09,0.21594475851562106,1.1494823406083387e-05,0.21593118916915552,0.00011476479398466114,0.21580921216884316,0.0011347148119701255,0.2146038077990774,,,,,,,,,,,,,,,,
"state-(0,0.2)",2000,2,159,1.0073052975189309e-08,0.19188562041460525,9.062515135209428e-06,0.19187036562896218,9.033457128266487e-05,0.1917332743773966,0.0008846739788260506,0.19038182092686026,,,,,,,,,,,,,,,,
"state-(0,0.2)",2000,3,182,0.0004489617904155397,0.1970182928119531,0.0004788439091328669,0.19699117215960235,0.0007308705744810423,0.19676188269684045,0.002179444299098594,0.19524370216792936,,,,,,,,,,,,,,,,
"state-(0,0.2)",2000,4,185,9.540894544960299e-09,0.1911139535408538,1.291968348510734e-05,0.1911015974710744,0.00012881383352233452,0.19099055763304382,0.0012598661290110877,0.18989602832870064,,,,,,,,,,,,,,,,
"state-(0,0.2)",2000,5,162,5.914234089002195e-08,0.17759686990279205,1.4974333639540426e-05,0.17758217334581197,0.0001455333525870027,0.17745161034009277,0.0012514811551514622,0.17624198791332887,,,,,,,,,,,,,,,,
"state-(0,0.2)",2000,6,148,0.0003395818076298294,0.1966764991002066,0.0003536172657410749,0.19664909932495298,0.0004840015943314541,0.19638990048763938,0.0013006647740932697,0.194486884462273,,,,,,,,,,,,,,,,
"state-(0,0.2)",2000,7,246,0.0027769684756061646,0.19558021233403786,0.0027972699896301797,0.19557251089338953,0.0029894486101411616,0.19549782902410784,0.004787709053255072,0.19479884404161582,,,,,,,,,,,,,,,,
"state-(0,0.2)",2000,8,221,5.382071389172276e-07,0.20925872907244344,5.2610113259872285e-05,0.20923401044846224,0.00040829671180337936,0.2090524647589597,0.00243917669370357,0.2077917768170221,,,,,,,,,,,,,,,,
"state-(0,0.2)",2000,9,197,8.855279456231277e-09,0.19410453620627632,1.2728624532597444e-05,0.19409353769717505,0.00012732808442482334,0.19399447142412507,0.0012852328631738784,0.19299560182017242,,,,,,,,,,,,,,,,
"state-(0,0.2)",2000,10,180,0.00011003542110750595,0.20323977016397607,0.00016595211602458152,0.20317498511557003,0.000428080990499362,0.20285027713337872,0.0016668185468635213,0.2011088700608031,,,,,,,,,,,,,,,,
"state-(0,0.2)",2000,11,190,4.7321082910139255e-09,0.20886049024155237,1.1165833268627872e-05,0.20884594847851504,0.00011146830793588901,0.20871524261268665,0.0011002665960337455,0.20742475017553721,,,,,,,,,,,,,,,,
"state-(0,0.2)",2000,12,224,1.3034805952766248e-06,0.19471252354950597,7.891698408776369e-05,0.19468511396869387,0.0005768276077009569,0.1944980261156898,0.003180940445070212,0.19333838765487688,,,,,,,,,,,,,,,,
"state-(0,0.2)",2000,13,221,6.482516322175631e-09,0.19298813042171686,1.5437396949749365e-05,0.19297985015013802,0.0001540374988604614,0.1929054183258686,0.0015136932458429642,0.1921698444011074,,,,,,,,,,,,,,,,
"state-(0,0.2)",2000,14,267,5.6252236307960284e-08,0.2383230032263768,3.286814668780297e-05,0.23830831553822004,0.0004045714730298025,0.23814637853243337,0.0044015088003059345,0.23628538908138325,,,,,,,,,,,,,,,,
"state-(0,0.2)",2000,15,210,3.737677759068761e-08,0.1905097802560832,2.173844532736153e-05,0.19049743249928708,0.000211651467389234,0.19038816172100545,0.0018264337189839947,0.18941258843109685,,,,,,,,,,,,,,,,
"state-(0,0.2)",2000,16,203,4.883275279662582e-07,0.18956521578654972,4.9864678223136285e-05,0.18954300722575743,0.000411535499561449,0.18937284202755236,0.0025424621248748714,0.18819636598021738,,,,,,,,,,,,,,,,
"state-(0,0.2)",2000,17,195,4.720145119375206e-08,0.19026407545192459,2.0843837410791314e-05,0.1902489529309546,0.00019986058161710233,0.19011720357140563,0.0016317415224679232,0.1889943598024747,,,,,,,,,,,,,,,,
"state-(0,0.2)",2000,18,235,1.719411616747368e-08,0.2154839027325655,1.8867557648050174e-05,0.21547220661119315,0.00018793011463086743,0.21536714455804054,0.0018279622436331222,0.21433446063371503,,,,,,,,,,,,,,,,
"state-(0,0.2)",2000,19,177,6.428484886981101e-08,0.206214157081148,1.650002370785747e-05,0.2061975302827747,0.00015968247530247418,0.20604898086605322,0.0013378509781034145,0.20462836406475085,,,,,,,,,,,,,,,,
"state-(0,0.2)",2000,20,216,0.00028514727083478117,0.21003068719582071,0.00037353638855471737,0.20997599292793398,0.0008437717739654013,0.20966997865983095,0.0029147841597072835,0.20810670159197533,,,,,,,,,,,,,,,,
"state-(0,0.2)",2000,21,201,0.0003741839309335081,0.19251412894409764,0.0004239146593219651,0.19248496274008686,0.0007759369010201992,0.19227262257161445,0.002580940494424091,0.1910218500847374,,,,,,,,,,,,,,,,
"state-(0,0.2)",2000,22,202,0.0008529643607647966,0.19679268836260352,0.0008971471706108519,0.19676774021107057,0.0012766846887077342,0.19655630898361892,0.003314090930312194,0.19518781163766707,,,,,,,,,,,,,,,,
"state-(0,0.2)",2000,23,189,0.0008986546222584442,0.22018609814878604,0.0009192350086528096,0.22016126169316919,0.0011080510047396712,0.21993623001973409,0.0023992212712662343,0.21816453715149295,,,,,,,,,,,,,,,,
"state-(0,0.2)",2000,24,188,6.608192251961445e-09,0.21050878927611003,1.0471889515281105e-05,0.21049401807454474,0.00010461681643550545,0.21036118147257538,0.0010418998393902348,0.20904334992378845,,,,,,,,,,,,,,,,
"state-(0,0.2)",2000,25,174,0.00035083397870553273,0.20570527858584448,0.0003704886523815536,0.20567793738462184,0.0005396927004172777,0.2054373737904725,0.0015787651422555118,0.20375851893805227,,,,,,,,,,,,,,,,
"state-(0,0.2)",2000,26,191,7.752653537355495e-09,0.19966838784490043,1.1960888268398922e-05,0.1996561607077301,0.00011934851958060103,0.19954622734948965,0.0011749746375710728,0.19845783937336042,,,,,,,,,,,,,,,,
"state-(0,0.2)",2000,27,205,0.00022633274941463429,0.2259988492457906,0.00030126109647503124,0.2259707496148479,0.0006849473598113268,0.2257792348398718,0.0023569966615429303,0.2243110352657791,,,,,,,,,,,,,,,,
"state-(0,0.2)",2000,28,188,0.00055377478406381,0.2081274743691414,0.0005806049104245687,0.20810302147373338,0.0008107950076240087,0.20789272340797216,0.0022145247202007,0.20634400302044387,,,,,,,,,,,,,,,,
"state-(0,0.2)",2000,29,190,8.575571660105018e-05,0.1951604602493328,0.00016271715802095366,0.19510408645801378,0.0004829904120521153,0.19484916787614034,0.0019604193923178042,0.19346940414228242,,,,,,,,,,,,,,,,
"state-(0,0.2)",2000,30,165,9.705460728621536e-09,0.1882019204905968,1.0221100846609528e-05,0.18818793953352117,0.00010189021446963152,0.18806229585431022,0.0009968547224802205,0.18682373242120312,,,,,,,,,,,,,,,,
"state-(0,0.2)",2000,31,191,4.135393174200944e-09,0.2064216147632607,1.1444471699465975e-05,0.2064081108375631,0.00011413418565788668,0.2062867022447563,0.0011174860653062138,0.205084756070683,,,,,,,,,,,,,,,,
"state-(0,0.2)",2000,32,206,4.17681821637459e-09,0.18818709120513163,1.338448610209236e-05,0.18817799221062145,0.0001336422939445535,0.1880961922567187,0.0013201388535512,0.1872870906602586,,,,,,,,,,,,,,,,
"state-(0,0.2)",2000,33,193,1.0875627773297396e-07,0.21209020806437678,2.4034267135742787e-05,0.21207138426631075,0.00023370862733288963,0.211903593003766,0.0019985897176584603,0.21032134456934626,,,,,,,,,,,,,,,,
"state-(0,0.2)",2000,34,184,2.6520045523465805e-08,0.18411826069204726,1.4262670781008224e-05,0.18410697932520492,0.0001411777785007443,0.18400581179832765,0.0013217025823740707,0.18302276651950822,,,,,,,,,,,,,,,,
"state-(0,0.2)",2000,35,185,2.984818001906525e-09,0.20638617171367385,1.1032085138926295e-05,0.2063710763027618,0.00011014804352445927,0.20623539948666664,0.001087231431794253,0.2048963515618405,,,,,,,,,,,,,,,,
"state-(0,0.2)",2000,36,165,1.59038702845952e-07,0.1791569153468014,2.195815783466354e-05,0.17913743824948528,0.0002050875284223569,0.1789701789308429,0.0015414023752746333,0.17760544550203425,,,,,,,,,,,,,,,,
"state-(0,0.2)",2000,37,162,0.0012546509496887011,0.1860079399485953,0.0012669056949806818,0.1859908408243843,0.001390045468542216,0.18582648691961545,0.00240279406300731,0.18438019610174905,,,,,,,,,,,,,,,,
"state-(0,0.2)",2000,38,156,0.0003187016627392709,0.18304568270478527,0.0003561501694800445,0.18301667854982714,0.0006405055320985738,0.18278725355875458,0.002013921215167483,0.1812411042162853,,,,,,,,,,,,,,,,
"state-(0,0.2)",2000,39,227,0.0007157786562885111,0.2085895181403715,0.0007522562548262178,0.20856966756507994,0.0010819326956827335,0.20839436829800864,0.0032810202802511625,0.20711017795275224,,,,,,,,,,,,,,,,
"state-(0,0.2)",2000,40,211,0.002392352507509602,0.1960774490535464,0.002443675056814607,0.19605176634823535,0.0029184579851008656,0.1958163519300443,0.005638404572028152,0.194289621077382,,,,,,,,,,,,,,,,
"state-(0,0.2)",2000,41,180,4.701833302666338e-08,0.20019970261712344,1.5820838542742605e-05,0.20018072449438257,0.00015250236254589464,0.20001430656313754,0.0012725769913596962,0.19856248517097622,,,,,,,,,,,,,,,,
"state-(0,0.2)",2000,42,202,0.00013358811779152688,0.19470295795559836,0.00023445232570353262,0.1946683169171377,0.0006635377086668902,0.19448526579183745,0.002565169420345636,0.19331185548445348,,,,,,,,,,,,,,,,
"state-(0,0.2)",2000,43,153,3.312991162099251e-09,0.19730357840173823,8.661588217311441e-06,0.1972856467707601,8.643951821635351e-05,0.1971244893238958,0.0008504042758883627,0.19553509969922928,,,,,,,,,,,,,,,,
"state-(0,0.2)",2000,44,174,0.0017627526687987397,0.21139344236365626,0.0017769035667485166,0.21137118544964673,0.001897725074223181,0.2111765007229593,0.002962397067725817,0.20938663937631347,,,,,,,,,,,,,,,,
"state-(0,0.2)",2000,45,188,7.114898711587745e-08,0.21782086282368915,1.8696201360725435e-05,0.2177999206209611,0.00018195738660404658,0.2176138150693104,0.0015583182045723271,0.2158979528427935,,,,,,,,,,,,,,,,
"state-(0,0.2)",2000,46,177,1.2582400934027258e-06,0.19035284526507765,5.745906924427203e-05,0.19032321726785278,0.00043413862926494927,0.19010491282800435,0.0024146360583700986,0.18858684008936047,,,,,,,,,,,,,,,,
"state-(0,0.2)",2000,47,183,7.1557189442396675e-09,0.1978421671422077,1.1295452257053204e-05,0.1978291160953749,0.00011257061314104139,0.19771179285396698,0.0010971652444739998,0.19655178936375556,,,,,,,,,,,,,,,,
"state-(0,0.2)",2000,48,231,0.0017011831295455364,0.19674849154348753,0.0017265342191731038,0.19673626094150132,0.0020263896017675394,0.1966040852274046,0.004186223024214404,0.1955745117101027,,,,,,,,,,,,,,,,
"state-(0,0.2)",2000,49,196,0.0008237277740185586,0.2175614636409548,0.0008565878575955807,0.21753320195881082,0.001145297472463516,0.21728526526773392,0.0028762000331652134,0.2155065251816536,,,,,,,,,,,,,,,,
"state-(0,0.2)",2000,50,249,0.0007723445759494154,0.20493573516795038,0.0008058110309002618,0.20492069173522162,0.001102552991971327,0.20478511448883413,0.0031463116400308176,0.20389285048625322,,,,,,,,,,,,,,,,
"state-(0,0.2)",2000,51,186,0.0025366585400874056,0.1940562585716399,0.002555518663437276,0.19403921730236534,0.0027144032783089833,0.1938910880834365,0.004113707397062649,0.19253144625968047,,,,,,,,,,,,,,,,
"state-(0,0.2)",2000,52,186,2.8564423268712037e-08,0.1881977919607023,1.656222038981239e-05,0.18818380545416452,0.00016437645189060224,0.18805844385821743,0.0015605488738972147,0.1868486307959825,,,,,,,,,,,,,,,,
"state-(0,0.2)",2000,53,238,7.798979631482002e-07,0.20190699957727287,7.368561011590602e-05,0.20188775543472662,0.0006418004568042882,0.2017295264953553,0.004220178143289409,0.2004875147427196,,,,,,,,,,,,,,,,
"state-(0,0.2)",2000,54,224,0.0014948528741687062,0.21747990336090517,0.001528860868350742,0.2174598413594751,0.0018570742373547318,0.21727437000927158,0.00413937846496197,0.21582743431203547,,,,,,,,,,,,,,,,
"state-(0,0.2)",2000,55,172,0.0006236997049887614,0.1833370848204423,0.0006391387544909914,0.18332006125864903,0.0007821911976091867,0.18316280047969255,0.0018481169069104414,0.18192343567861316,,,,,,,,,,,,,,,,
"state-(0,0.2)",2000,56,249,0.0028519613906222087,0.23164210180090608,0.002880205735916131,0.23162626033931524,0.0031456346108843986,0.23148188800546476,0.005293996484480044,0.2302107133049039,,,,,,,,,,,,,,,,
"state-(0,0.2)",2000,57,186,7.067591115723737e-09,0.19903594589786258,1.2083662463915394e-05,0.19902257569230175,0.00012037513251698398,0.19890245356771455,0.0011681807698571594,0.19772087242182482,,,,,,,,,,,,,,,,
"state-(0,0.2)",2000,58,209,4.911787378929493e-07,0.2027728519757082,4.746508664561834e-05,0.20274719645258346,0.00037255648314651554,0.20255838265834036,0.0021929344054333264,0.20128279566857618,,,,,,,,,,,,,,,,
"state-(0,0.2)",2000,59,179,0.000592612459898125,0.1892824069630337,0.0006280104671547889,0.18925501577373013,0.0009323840667661597,0.18901958204705846,0.002521356296382998,0.18755197334668944,,,,,,,,,,,,,,,,
"state-(0,0.2)",2000,60,238,1.085612113683046e-07,0.19747459002117473,3.326785612212702e-05,0.19746251863817357,0.00032489715678638747,0.19735575163407398,0.0028372862755468207,0.19639704866986654,,,,,,,,,,,,,,,,
"state-(0,0.2)",2000,61,245,3.1424290839588524e-08,0.21350625164084833,2.374119315151164e-05,0.21349429551068394,0.00023452802776414134,0.213387554901246,0.002167205123045822,0.21237878143884592,,,,,,,,,,,,,,,,
"state-(0,0.2)",2000,62,207,5.824999668166234e-08,0.19986387004910433,2.1375925154446976e-05,0.19985048327877475,0.0002102655386743966,0.19973089340198585,0.0018978801001367747,0.198596593988135,,,,,,,,,,,,,,,,
"state-(0,0.2)",2000,63,215,0.00019035382183383174,0.18400084750736462,0.00028997188237263994,0.18396184037230776,0.0007607750946584974,0.18376911575222596,0.002975967724110725,0.18275743721789758,,,,,,,,,,,,,,,,
"state-(0,0.2)",2000,64,215,6.852072888038637e-09,0.19900963742330335,1.3974538451770186e-05,0.19899964845682297,0.00013944950839552646,0.19891074946509357,0.0013727260034560092,0.19802492229776106,,,,,,,,,,,,,,,,
"state-(0,0.2)",2000,65,176,2.192081872217401e-08,0.18467378127922068,1.543908690741547e-05,0.18466058028480994,0.0001526831293056564,0.18454225109933042,0.0014241877343778662,0.18339760436698002,,,,,,,,,,,,,,,,
"state-(0,0.2)",2000,66,176,0.00047088801946399756,0.19330453725083022,0.000492334423535056,0.19328067355807546,0.0006839204237074582,0.1930669760730651,0.001898276365663906,0.19158830167600216,,,,,,,,,,,,,,,,
"state-(0,0.2)",2000,67,223,3.420306773144208e-08,0.20326969459819663,2.1471865297520415e-05,0.20325695781869432,0.00021282445905764598,0.2031429630745564,0.0020008131281895585,0.20205395491106434,,,,,,,,,,,,,,,,
"state-(0,0.2)",2000,68,172,0.00027214909389944807,0.19615871383685976,0.0003362594867718797,0.1961073486951394,0.0006934334214678886,0.1957942329499742,0.0022441083214342866,0.19402813065823854,,,,,,,,,,,,,,,,
"state-(0,0.2)",2000,69,234,1.7633100456878746e-09,0.20362132982283418,1.6032252255472968e-05,0.2036124705124932,0.00016072523815520426,0.20353244281014835,0.0016494617474127752,0.2027026381650364,,,,,,,,,,,,,,,,
"state-(0,0.2)",2000,70,212,5.5085910344323395e-09,0.19446107349853703,1.4798368701193245e-05,0.1944510380997336,0.00014781850946805127,0.19436076776876884,0.001466765091269836,0.193462858424246,,,,,,,,,,,,,,,,
"state-(0,0.2)",2000,71,202,5.042596394487661e-10,0.18350446294289788,1.2705698287216413e-05,0.18349588758721744,0.0001269163603177905,0.18341878708493853,0.0012556838383004905,0.1826554077935916,,,,,,,,,,,,,,,,
"state-(0,0.2)",2000,72,227,7.212906252073724e-06,0.2165266427275783,0.0001367722917609372,0.21647293857446145,0.0007164493096752712,0.21621513317512148,0.003338729320851665,0.21481217810916098,,,,,,,,,,,,,,,,
"state-(0,0.2)",2000,73,240,0.0009956382347529322,0.21426754793210415,0.00101783085750528,0.2142543330958208,0.0012403126728288338,0.21412468297290205,0.0029993001049537804,0.21308940786549183,,,,,,,,,,,,,,,,
"state-(0,0.2)",2000,74,221,4.882889474103002e-07,0.2050393543409599,5.324573570592784e-05,0.20501052755249868,0.0004190224488968546,0.2048048807539869,0.0024944668366393107,0.20351797943122865,,,,,,,,,,,,,,,,
"state-(0,0.2)",2000,75,201,6.123400883288209e-05,0.1971048990540994,0.00015008859032228437,0.19705988037904798,0.00048732480868489945,0.19686600003055463,0.0020354833335919373,0.19574828825950627,,,,,,,,,,,,,,,,
"state-(0,0.2)",2000,76,190,0.0008232055529471629,0.20319822238135077,0.0008369151998508603,0.20318292472118404,0.0009923952760768535,0.20302551127729618,0.002189227739600371,0.20171408972964477,,,,,,,,,,,,,,,,
"state-(0,0.2)",2000,77,164,0.0012074964551671587,0.16904468903165998,0.0012201014708681118,0.16903242170495922,0.0013595730222423818,0.1689167816874639,0.002474470162422533,0.1678935729621143,,,,,,,,,,,,,,,,
"state-(0,0.2)",2000,78,179,0.0007726173360081642,0.1907275635808078,0.0007895748700981904,0.19070990008588296,0.0009479723750269335,0.1905484635775279,0.0021755070099474566,0.18922327173715053,,,,,,,,,,,,,,,,
"state-(0,0.2)",2000,79,185,1.316272418683239e-07,0.2020450159362893,2.5389514257188845e-05,0.2020206425926721,0.0002344291522039358,0.20181444406941365,0.0017234487554315865,0.20018671836731045,,,,,,,,,,,,,,,,
"state-(0,0.2)",2000,80,220,1.0819217219823862e-08,0.19845843037015762,1.6634115119324874e-05,0.19844829270290865,0.00016597794320471573,0.19835716451843446,0.0016338832734074766,0.19745663116190337,,,,,,,,,,,,,,,,
"state-(0,0.2)",2000,81,189,0.002152797454431373,0.2170720789728923,0.002164580561067847,0.21705370037349614,0.0023128891883451193,0.2168675979281486,0.0036270391532608683,0.21514769373807505,,,,,,,,,,,,,,,,
"state-(0,0.2)",2000,82,200,4.406819370741135e-09,0.19539515505400123,1.2335274802028327e-05,0.1953841675170703,0.00012330043002598277,0.1952853194003396,0.0012314175019916263,0.19430088042914592,,,,,,,,,,,,,,,,
"state-(0,0.2)",2000,83,198,1.523896459203404e-06,0.19853754603233362,6.965283245879679e-05,0.19850312950498578,0.0005116236301046891,0.19826514198488868,0.002720622281322738,0.19680154128036698,,,,,,,,,,,,,,,,
"state-(0,0.2)",2000,84,193,0.000244889076113673,0.20018447082467306,0.00028327314009816827,0.2001521025407925,0.000540306843190848,0.19992469387342487,0.0018760568746446038,0.19856122722898967,,,,,,,,,,,,,,,,
"state-(0,0.2)",2000,85,210,2.923314784150358e-08,0.19642104147894277,1.846630813872917e-05,0.19640921676147816,0.00018364818345426923,0.1963030988880466,0.00176897611479733,0.195269166211405,,,,,,,,,,,,,,,,
"state-(0,0.2)",2000,86,229,8.261636213999993e-10,0.22174097223044492,1.3808761397407124e-05,0.22172899443939534,0.00013797329883155778,0.2216212981326231,0.0013689932683793684,0.22055453882548345,,,,,,,,,,,,,,,,
"state-(0,0.2)",2000,87,197,0.0028679263897583586,0.21805601467290303,0.0028779270031501084,0.21803936415029818,0.0030096133784619263,0.2178774251442184,0.004210856126094873,0.21635215449249462,,,,,,,,,,,,,,,,
"state-(0,0.2)",2000,88,224,0.0011677433904946882,0.20940795221811417,0.0011885013219453792,0.20939386069850302,0.0013826740790603058,0.20925618755649225,0.0029907556569943885,0.20809785035328776,,,,,,,,,,,,,,,,
"state-(0,0.2)",2000,89,207,3.6549019666471034e-08,0.20407667305580893,2.095229449881291e-05,0.20406477300318623,0.0002060603432772446,0.20395772663977832,0.001850892602560977,0.20289238200824028,,,,,,,,,,,,,,,,
"state-(0,0.2)",2000,90,211,0.0013616210448338182,0.20345063931068702,0.001393708594982781,0.2034298579478208,0.001705059967933462,0.2032331283730889,0.0038681507445619554,0.20176208379452706,,,,,,,,,,,,,,,,
"state-(0,0.2)",2000,91,176,9.124118223103562e-09,0.17347265110343507,1.153896220750967e-05,0.17346212751348972,0.00011547135857052468,0.17336736024848162,0.001168836630469548,0.17241534985215987,,,,,,,,,,,,,,,,
"state-(0,0.2)",2000,92,204,2.2378801046259736e-07,0.20576551601809973,3.297322695144902e-05,0.2057477465162462,0.00029153110193900724,0.205598001101236,0.0019856379701073783,0.20436053433328885,,,,,,,,,,,,,,,,
"state-(0,0.2)",2000,93,211,0.000280728027828189,0.21666970386024778,0.00033058104596676255,0.21662851411205664,0.0006470098141180478,0.21635795189337975,0.002292923690155186,0.21482254820326196,,,,,,,,,,,,,,,,
"state-(0,0.2)",2000,94,175,0.00047060608135758136,0.18894055789235875,0.0005047969812586694,0.1889112042625743,0.0007884098563875412,0.18866464790944157,0.0022549382461552313,0.18715881146118035,,,,,,,,,,,,,,,,
"state-(0,0.2)",2000,95,203,0.0024679329137515843,0.1940597176958269,0.002484302946241675,0.19404751913487023,0.00265665146568171,0.19393408818562916,0.0042015615015183186,0.19288289170199843,,,,,,,,,,,,,,,,
"state-(0,0.2)",2000,96,190,0.0015381498583854883,0.188559781861039,0.0015542621148031993,0.18854592596086947,0.0016936493448150964,0.1884247305607239,0.0029216479417788596,0.18732208426399008,,,,,,,,,,,,,,,,
"state-(0,0.2)",2000,97,215,0.0008537512884295855,0.2110479745956593,0.0008725124564922677,0.21103293151686867,0.0010619188079377159,0.21087916670542212,0.0025389421087383067,0.2096569302261452,,,,,,,,,,,,,,,,
"state-(0,0.2)",2000,98,213,0.000931252465786534,0.20437574303940678,0.0009489133413406331,0.20436217410557525,0.00113943809639342,0.20421165810210568,0.002813464132820322,0.20288606759609326,,,,,,,,,,,,,,,,
"state-(0,0.2)",2000,99,196,1.7591020509801237e-09,0.20154089258783453,1.1549052655939302e-05,0.20152870948997081,0.00011571163614340342,0.20141895317426578,0.0011810614162226258,0.20031016164640872,,,,,,,,,,,,,,,,
markov-few-bursts,500,0,42,,,,,,,,,2.319522830243569e-16,0.033086165820526606,0.2134606624794152,0.9644901649885003,9.037657796438411e-06,0.03308108886889166,0.2659008442617486,0.9632060791508131,9.507986419089269e-05,0.03301963038663563,0.4313107492854645,0.9548446113892244,0.001031235821005238,0.032292492586959404,0.6710374067138244,0.9045800463370445
markov-few-bursts,500,1,42,,,,,,,,,0.00920781613654867,0.01671517009218916,0.9753874232923682,0.7539377997294958,0.009221936992585817,0.01672382137912461,0.9746862950595464,0.7548829556167841,0.00931131143900075,0.016814521051046378,0.9682704405942852,0.762984783907846,0.009142286843751353,0.01767822885296788,0.9193510770973453,0.8064098577069682
markov-few-bursts,500,2,39,,,,,,,,,0.00783315536995846,0.009692006783291664,0.9512391515051752,0.8118171835581979,0.007746837207282789,0.009899900249299544,0.9504022632266114,0.8159305798800606,0.007262722056035405,0.011062386826142556,0.9443684718190628,0.8371080587833453,0.006313812253803649,0.013296238311195143,0.9167055890606333,0.8737640251827901
markov-few-bursts,500,3,27,,,,,,,,,0.003238118164923908,0.02611881433658978,2.5672456142155945e-05,0.8396693551168625,0.0032151810118054777,0.026157931171506457,0.11585529276316714,0.8380333178366621,0.0029941150312265213,0.026531436800439154,0.5773005127499897,0.8191225694483154,0.003127024744802472,0.026282949805480287,0.7284912436691533,0.7935600002291339
markov-few-bursts,500,4,46,,,,,,,,,0.012398871834760848,0.013521315356180667,0.9377496069261735,0.8125604109506894,0.012378043768138459,0.013534009762088293,0.9371277971092011,0.8131570358529315,0.012180836586921208,0.013654385584918473,0.9317605010003638,0.8182028057127058,0.011255648664174863,0.014269527078655789,0.9009958963810468,0.8405663192977002
markov-few-bursts,500,5,50,,,,,,,,,0.004479938576478713,0.024786702340918912,1.1839141956390209e-05,0.891048631585401,0.004483132747733844,0.0247873615989288,0.10470100994989831,0.8907046787657001,0.00458086409742739,0.02473340127991879,0.5023227073305173,0.8876936174484178,0.005202064507951548,0.024366750460739085,0.7824237073090916,0.8761266830363894
markov-few-bursts,500,6,99,,,,,,,,,2.319522830243569e-16,0.04541520687796321,0.7435140388609471,0.9286276626004341,1.4024999866438502e-05,0.04542566987133364,0.7745082646625449,0.9272590297767835,0.00015615096210650165,0.04534561974226976,0.8281041208979408,0.9235537587076688,0.00189958103679906,0.04373672633367946,0.8854802220103808,0.9145193721951661
markov-few-bursts,500,7,46,,,,,,,,,0.0044717699334737016,0.011928886333010159,0.7085347933012727,0.9647419978297667,0.004476524811877391,0.011931387190357478,0.7136802742480864,0.9644905867040202,0.004519574262534352,0.011952116522458473,0.7525381843587383,0.9621710786377196,0.004817212390422047,0.012024085963700543,0.8468677387081215,0.9464807634606724
markov-few-bursts,500,8,58,,,,,,,,,0.0038452775866859193,0.02981483764170353,5.327621246505701e-06,0.902508752782979,0.003849941616328985,0.029811433962695158,0.10344011268754306,0.9023529641650845,0.003926704405854399,0.029729920079217376,0.5099969144704514,0.9006290548927042,0.004426993569983765,0.029108444575702063,0.8488471631753923,0.8851656118865289
markov-few-bursts,500,9,47,,,,,,,,,0.0029516371535553317,0.034900404805289914,0.5167443440873873,0.9224130745982858,0.002971898319502135,0.034850569116865265,0.5329316905323053,0.9219860118098262,0.0032972023737202383,0.03414856324673265,0.6509192937727539,0.9177394138379268,0.004678394009369081,0.03091268562460108,0.8384899290757337,0.889038376950433
markov-few-bursts,500,10,68,,,,,,,,,2.319522830243569e-16,0.03515231070537858,0.6375024075742446,0.916714076426375,7.569342358129591e-06,0.03514948375970901,0.655512840185152,0.9163734385657537,7.643933494297892e-05,0.035106143754141186,0.7408496427011567,0.9140523683250061,0.0007573647170478566,0.034399131515270166,0.8616801482363248,0.9039935937727502
markov-few-bursts,500,11,54,,,,,,,,,0.0043249851873524295,0.03589536218630422,0.5397359590572636,0.9405643706841542,0.004348892903257515,0.03587242185303553,0.5502850127929925,0.9399582279364176,0.004503937479736373,0.035734100613060246,0.6166503012038621,0.9349516850979287,0.0053990484977674115,0.03476780631076557,0.7667340595678358,0.9047333607458248
markov-few-bursts,500,12,108,,,,,,,,,0.016862352615999658,0.03752813148207891,0.9434189152271093,0.8673521180872822,0.016860959836982357,0.037530366142124655,0.9432458932288823,0.8675462650516387,0.016845408132490015,0.03755220894519149,0.9416926606607771,0.8692704491876956,0.016731264523352395,0.03765396675723166,0.9285532810377916,0.881642697591286
markov-few-bursts,500,13,59,,,,,,,,,2.319522830243569e-16,0.033429282640044015,0.15559729039385004,0.8993906118271682,8.72052090422287e-06,0.03342728676623988,0.3117346080686476,0.8987289982838793,9.105998023903252e-05,0.033383534434110185,0.6374002743819904,0.8952169243175886,0.0008914784567708898,0.032755771205840875,0.8197630932713376,0.8847784832956113
markov-few-bursts,500,14,56,,,,,,,,,2.319522830243569e-16,0.025015783424183598,0.4030135875810179,0.9999999999999998,3.5978505127801986e-06,0.024997663633073527,0.46811691733201805,0.9998772251037343,4.8764627472516514e-05,0.024804708959363417,0.6683721955544697,0.998724328068076,0.0006351173235573374,0.02267171409413877,0.8889608444786786,0.985512904488376
markov-few-bursts,500,15,50,,,,,,,,,2.268457110053524e-13,0.030657666729257804,0.4536034748275831,0.8898004662256874,1.0087221082317267e-05,0.030649579616903552,0.49110153950972857,0.8892282713620211,0.00010176018868514928,0.03057238786466953,0.6288544834710246,0.8861050103141667,0.0009350767691386821,0.029848399031921994,0.8021208758279985,0.8745166421400895
markov-few-bursts,500,16,48,,,,,,,,,4.407719727497639e-13,0.02035791764028291,1.6389770388346834e-05,0.9412200609947386,2.1580654814903838e-05,0.020349215771983824,0.10363217341246815,0.9405210592381795,0.0001766535562280864,0.020289646460879957,0.581079029379567,0.9329921104013621,0.001159264392462552,0.019969150036855142,0.8530717198530702,0.907210512142331
markov-few-bursts,500,17,56,,,,,,,,,0.011574319345578375,0.014610351168261754,0.3532650896885415,0.9405597895380283,0.011581213184978317,0.014606275880714297,0.3710322196043412,0.9403991109248565,0.011668527634446878,0.014549207653711751,0.49990978412752163,0.9388389263567513,0.013228830125091918,0.013531044028816417,0.8000442005086658,0.924125043468378
markov-few-bursts,500,18,81,,,,,,,,,2.319522830243569e-16,0.03693860110564512,0.00014671432286226965,0.959235324223921,1.259483197258274e-05,0.03691664855089858,0.13477299646498764,0.9585343113548754,0.00015043546452625763,0.03672870656198382,0.5758307591571246,0.953336400600184,0.0020949934747718966,0.03496080131318999,0.8542348591463218,0.9348271766587934
markov-few-bursts,500,19,24,,,,,,,,,0.004146512812998099,0.02582012808475293,0.00010432156085063254,0.8075076469654707,0.004201728351271435,0.0257631229128777,0.1744211383883005,0.8018199201945416,0.004495571792062082,0.025462411167894623,0.4366584537704425,0.7850149316387354,0.005387250330743629,0.02457959475456101,0.6269410287907281,0.7484607478023048
markov-few-bursts,500,20,35,,,,,,,,,0.003959532767261252,0.027416648167014723,0.9111081578057274,0.7775228972465156,0.003938432628022703,0.027456395685133746,0.9103982562411065,0.7793433915861833,0.0038927299130221524,0.027484630464111887,0.9058542752673232,0.7881068444149103,0.003851822355001237,0.026965886407673584,0.8802106117908828,0.8220208992990502
markov-few-bursts,500,21,36,,,,,,,,,2.319522830243569e-16,0.023284554610806234,0.10872525668063565,0.8643681711975776,7.2109131584641575e-06,0.02328066444859977,0.2351786674197033,0.8632589677257317,7.457334325089694e-05,0.023235970923564626,0.5289236967861243,0.8580655549600381,0.0007112122076917694,0.022842315272521955,0.7807663539176893,0.843343427943228
markov-few-bursts,500,22,89,,,,,,,,,0.004675506482458527,0.045614036176669766,0.8787883590112078,0.8874873326202921,0.004687379299818677,0.045601073643463746,0.8788591950347189,0.8874716081498176,0.004793390325911092,0.04548541026729405,0.8794249899813124,0.8873399023124964,0.005782552148441169,0.04441256505238888,0.8819021163942091,0.8865137054876728
markov-few-bursts,500,23,72,,,,,,,,,2.319522830243569e-16,0.04610920786886103,0.12982593807332024,0.8896127888056803,9.793779189702461e-06,0.046098536030431465,0.27070853527204974,0.8893036497601174,9.927493501652064e-05,0.045973058447901165,0.581842955193907,0.8877689830084956,0.0009588818948845594,0.044814952932885364,0.828029127107525,0.8818845231511246
markov-few-bursts,500,24,37,,,,,,,,,2.319522830243569e-16,0.028247992741201232,0.45150103715606493,0.9566716628104917,5.752262043031831e-06,0.028241030026593953,0.4754711081003851,0.9555230403799043,5.822810969931038e-05,0.02817639379195896,0.5845101023588531,0.9468735666698321,0.0005859315379938253,0.02752987708299224,0.7431558351920715,0.9028413837021505
markov-few-bursts,500,25,77,,,,,,,,,1.3081593806419573e-14,0.040975675875300696,0.8611986278384683,0.9514858935881445,7.263766846995469e-06,0.04096117654294425,0.8618910506962623,0.95136982459584,7.247312336625067e-05,0.04082923112791137,0.8672830193819234,0.9503899306895298,0.0007040661047970114,0.03948820481767878,0.8905952344416954,0.9436697406947387
markov-few-bursts,500,26,45,,,,,,,,,2.319522830243569e-16,0.03015857526794287,7.081807023369761e-05,0.9071942286637279,1.131336667469957e-05,0.030159906712149947,0.14212416258311203,0.9056124072442762,0.004061657865292085,0.02646716466722425,0.6453082888545753,0.8900395878606625,0.007809191966652673,0.022967188602723693,0.7990537364242665,0.8631731575070383
markov-few-bursts,500,27,38,,,,,,,,,5.459633809467187e-11,0.023075720908206542,0.9999997090030482,0.8427646756380829,1.7135205360574145e-05,0.023055611158356547,0.9967523131978353,0.8433429980708526,0.00014491702221189446,0.02290660557127625,0.9696704139966782,0.8477708283273337,0.000865889282591275,0.022114202850940498,0.8860403659789164,0.8564725913180138
markov-few-bursts,500,28,105,,,,,,,,,3.170390672635951e-07,0.04569435022001583,0.9654152534487795,0.8317109960584986,6.743755636821844e-05,0.04565677465090899,0.9651341512457772,0.8319876936331493,0.0006416246089492555,0.0453354624011812,0.9626670284306825,0.8344358505802517,0.004505800212567912,0.04319872677862461,0.9427754989004442,0.8541441989076123
markov-few-bursts,500,29,44,,,,,,,,,0.023403748730816777,0.010151832210325108,0.8324019523123952,0.8429680789775817,0.023397173722178304,0.010155671362666367,0.83240767304033,0.8429311020203537,0.0233442404250747,0.01018626921929419,0.8324983524971636,0.842580995442999,0.02283581818627242,0.010487850450944903,0.8328372877763888,0.8402430200682351
markov-few-bursts,500,30,22,,,,,,,,,0.004333321574433549,0.01627710582679074,6.211358293559839e-05,0.8568972339725711,0.004472488248969113,0.01614577263863838,0.09435241835352287,0.8553675954535014,0.004814424832453365,0.01582795022186271,0.3466772640005774,0.8487324594218194,0.005688138982466502,0.015065834219542275,0.6600744177560106,0.8166783951542862
markov-few-bursts,500,31,100,,,,,,,,,2.319522830243569e-16,0.05533226208929938,0.00013614921346205653,0.9547476437878435,2.8110015323230207e-05,0.05531640317558159,0.10559454246737623,0.954282215959129,0.0005066276320672045,0.05496789465670782,0.39401885668918274,0.9519357543178124,0.007416131002817205,0.04945198863867205,0.7436040119052407,0.9385810025638684
markov-few-bursts,500,32,33,,,,,,,,,2.319522830243569e-16,0.025341770580903818,0.7526809580306824,0.8589167708430839,6.0066083392536195e-06,0.025337290845515056,0.7583335479758667,0.8580342787862627,5.9250264018533304e-05,0.02528932423057166,0.7808568737770604,0.853500091471765,0.0005608759057090506,0.02476252034027608,0.8055034927988588,0.8389942089754143
markov-few-bursts,500,33,18,,,,,,,,,2.319522830243569e-16,0.032805453028824406,0.32104889260022196,0.8768533189111867,3.0458511035407536e-06,0.0327745539572031,0.4555612962173433,0.868835312459112,3.290150788469938e-05,0.03254123918965368,0.6922004550674464,0.8276173936343616,0.0003397347547062406,0.030709686190608404,0.7523554843353597,0.7857162177280019
markov-few-bursts,500,34,19,,,,,,,,,1.1048009822301688e-10,0.016029554552298955,0.999999469553295,0.8199507321326573,7.65448480490605e-06,0.01601463138814778,0.989398653089438,0.8210697988299266,5.2894048349004554e-05,0.015924620341814962,0.916046643173895,0.827141671908715,0.00040861514645481147,0.015304530764762632,0.8386007242390465,0.8288064154609688
markov-few-bursts,500,35,58,,,,,,,,,2.319522830243569e-16,0.03429551928489768,0.9999780603141285,0.8457278294605091,7.361012149325456e-06,0.034290879441268525,0.9935044274148357,0.8484923601628093,7.449364861621024e-05,0.03422473044575779,0.9501379698373977,0.8625503750987648,0.0007313567710644929,0.033425423315417827,0.8809544084303805,0.8739341863665979
markov-few-bursts,500,36,55,,,,,,,,,1.02581425751485e-14,0.024354628585425385,0.999999960779038,0.833910410399156,8.349891689759927e-06,0.02434879021080485,0.999106879715257,0.8345086562184111,8.300412748058297e-05,0.024306099108428892,0.9912146958548629,0.8396548470483576,0.000774403030931308,0.023931135222277737,0.930859058167358,0.8693338357737598
markov-few-bursts,500,37,37,,,,,,,,,0.0062576366851646095,0.028261177464189068,3.542559863120839e-06,0.9090367773824718,0.006327666072440144,0.02809703243242715,0.05358449733388833,0.9087746186929273,0.006840903812403777,0.026881414836199845,0.3063960982645678,0.9078470123165056,0.007598340275311823,0.02498923143650288,0.6834908778627162,0.8880838942082585
markov-few-bursts,500,38,12,,,,,,,,,0.00661673345078541,0.010479162405636388,0.8569442956132662,0.36098126695438215,0.0066170607982928035,0.01048499918431124,0.8531949591137755,0.37406585432235917,0.006595375843393317,0.010565073050376218,0.8205248086673279,0.4667722302439209,0.006134062321985882,0.01140243670268948,0.6853963150091262,0.63634543890536
markov-few-bursts,500,39,58,,,,,,,,,0.01460992680882578,0.04270068457747815,0.6955260122770152,0.906646550747653,0.014683024290181078,0.04252180014107017,0.6978131570419372,0.9060983707011736,0.015230119248168321,0.04117109135024036,0.7143020755571556,0.9015970668732051,0.017643066474931902,0.0349675055964746,0.7732895569810451,0.8734300078623399
markov-few-bursts,500,40,31,,,,,,,,,2.319522830243569e-16,0.02792947260671842,4.145957531539628e-05,0.9271783507141449,5.136964179996207e-06,0.027916266844716753,0.09409658454283033,0.9261829695414351,5.2792837200388265e-05,0.027800442557994343,0.40405058568140856,0.9195530857847725,0.0005259929605306406,0.02677221969365332,0.7368220889667589,0.8841981286257667
markov-few-bursts,500,41,51,,,,,,,,,0.01737197578771453,0.026529006852075744,0.8112151442653941,0.7975907212069895,0.017372758373586997,0.026529376827769242,0.8110818759795192,0.797621319427497,0.0173818370187222,0.026530860459587323,0.8099888764331162,0.7978663595078285,0.017713998104568415,0.02632505889681519,0.8052992957401102,0.7983548606968984
markov-few-bursts,500,42,22,,,,,,,,,2.319522830243569e-16,0.030931939517270357,0.2812980396314255,0.8009508383269053,5.353036349960214e-06,0.030922080239903383,0.3251282173543996,0.7989872240414821,5.5064159284676045e-05,0.03083033001398284,0.4711014091870552,0.7895020058793272,0.0005532125770491367,0.02993339700194075,0.6518063407755856,0.7590969554440077
markov-few-bursts,500,43,17,,,,,,,,,0.0034802004161334906,0.019750337988472935,0.6066148216339298,0.7385787263054443,0.00348508610079883,0.019743198088226607,0.6104278403439529,0.7378361977101846,0.003524413694323877,0.019684855939585504,0.6335616425500803,0.7325519794234512,0.003822616710151662,0.01925195259837009,0.6780595768411526,0.7136355251858706
markov-few-bursts,500,44,8,,,,,,,,,2.319522830243569e-16,0.02559877164690378,0.23469860988510235,0.5483848638392126,2.8813738686994274e-06,0.025588701838152213,0.2701557527761778,0.5454902214532983,2.9143269073065e-05,0.025490116399536453,0.38217153340673476,0.5345424197660672,0.00028622047991367527,0.024558383838467545,0.4785759803705106,0.5136401374009474
markov-few-bursts,500,45,103,,,,,,,,,2.319522830243569e-16,0.0274627863831855,0.7996996799896541,0.9536591845245971,8.967028284387686e-06,0.02746006063642562,0.8051455364906213,0.9535373825920422,9.009549388374031e-05,0.02744019500815128,0.8480191409945425,0.9521817953059195,0.000877549482745109,0.027030428371804027,0.9083512834015188,0.9477435879853643
markov-few-bursts,500,46,39,,,,,,,,,2.473629058330739e-08,0.02611670655367629,0.9820956675412846,0.7927322449030761,1.37158936017134e-05,0.026110762652313227,0.9646480629189921,0.79574178353305,0.00011606528900203839,0.026053597683212533,0.9097605774791048,0.8037402051546725,0.0009646463405911531,0.025619875695821574,0.8336818642216787,0.8109064896440137
markov-few-bursts,500,47,22,,,,,,,,,2.319522830243569e-16,0.01697394429172979,0.4218094936119759,0.8300628229828478,4.277223277229868e-06,0.016965636100955247,0.5575876147714944,0.8281019632761488,4.2557403198491155e-05,0.016912762356735948,0.7912663538801868,0.81943038594285,0.000408002690666229,0.016600239093155375,0.8037388418643644,0.8143625675600837
markov-few-bursts,500,48,99,,,,,,,,,2.5047326749712507e-10,0.049800455384454455,0.9416187964793926,0.8765803123296834,1.9766463537851698e-05,0.04978642522166606,0.9411141049487176,0.8766736988224242,0.00019709770626299004,0.04966089120697795,0.9367348850347804,0.8774884044137726,0.0018620240690293435,0.048520825740073784,0.9118598192114657,0.8813923087019527
markov-few-bursts,500,49,20,,,,,,,,,0.004566737346572701,0.018988110749911392,1.207929158180616e-07,0.779168936701282,0.004569903463441356,0.018986432928065487,0.07074549781182136,0.7787799226221551,0.004611038922801972,0.01896182158146027,0.38108051216148664,0.7753509941938456,0.004987548651568904,0.01875469023899376,0.6628989092490589,0.7575084045561029
markov-few-bursts,500,50,40,,,,,,,,,0.008346426110638515,0.02181568518696738,0.5929748108253142,0.9515269523731781,0.008359551978082818,0.02181332281841124,0.5974518563228901,0.950818796322829,0.008462273118516082,0.02179487145258587,0.631231448642528,0.9446350300490669,0.009098646811066292,0.02143256448162607,0.7532151943238835,0.8992564003211378
markov-few-bursts,500,51,63,,,,,,,,,0.006146888930290383,0.02139357115741284,0.5858282097626345,0.9422464312491168,0.006210647814463123,0.02132844830656808,0.599890138284649,0.9420171362771751,0.006622022655763091,0.020906769585297805,0.6815955510532625,0.9401707875135551,0.007805058471953647,0.019706868827450943,0.8374832082426685,0.9284323189323717
markov-few-bursts,500,52,57,,,,,,,,,2.319522830243569e-16,0.014804123536874937,0.43690320333535204,0.9857768991229886,6.049791087645995e-06,0.014801942806602167,0.5982199918136677,0.9838135600378255,6.047447690185647e-05,0.014784107080527674,0.7536240896209104,0.9790370414529029,0.000582204379985006,0.014605016963691833,0.8670182583329237,0.9632828215436067
markov-few-bursts,500,53,62,,,,,,,,,2.319522830243569e-16,0.025713580414223725,0.9999998592295465,0.8839921722175744,2.4641290254150622e-06,0.025710857596853248,0.9981632547631692,0.8843756036099824,7.877291794276131e-05,0.025682889643734604,0.9837248622736331,0.8871227115953155,0.0009423085889775977,0.025388847383960876,0.9226764891941638,0.8945465777172329
markov-few-bursts,500,54,38,,,,,,,,,0.006824376992189654,0.02742614802932346,0.7979524382516914,0.8234295839055288,0.006828643106984359,0.0274188189983861,0.7980494612084058,0.8233463979233566,0.006866623640440031,0.027353547570373043,0.7988499312273188,0.8226365806641707,0.007217332426119765,0.02675327965629762,0.8030495875232199,0.8179847642795282
markov-few-bursts,500,55,75,,,,,,,,,2.319522830243569e-16,0.04282261033820608,0.9999999999782829,0.6650055937118039,2.6026826451619605e-06,0.042808300033943925,0.9996947294924176,0.6666909256783908,9.781466572239139e-05,0.042671603843664224,0.9971996603000151,0.6806695767475245,0.0012209379388843666,0.04144416552462108,0.9745588962390668,0.7670477690277451
markov-few-bursts,500,56,94,,,,,,,,,0.0013940188043109504,0.06288608442342748,5.6416492939329055e-06,0.904696041881759,0.0014219075659197234,0.06284912457233226,0.08936370247194977,0.9045697144009549,0.001660166294403634,0.06251304246030503,0.500047678545713,0.9033901727659682,0.0032757083526101494,0.05995261906938376,0.8562065082306265,0.8937622061284253
markov-few-bursts,500,57,27,,,,,,,,,1.1482200279822797e-15,0.01974958000223927,0.8185213420802638,0.8660104670482477,3.7310159101486046e-06,0.019744054443191668,0.8191365315283458,0.8657441010149745,3.7223903395263516e-05,0.01969366077325981,0.8234478875601055,0.8636625212622075,0.0003615156146673092,0.019224985248083453,0.8350740415418133,0.8538234942010663
markov-few-bursts,500,58,12,,,,,,,,,0.006310983065373331,0.025807530721142793,0.31418727644552397,0.448499772698445,0.0063188515484696225,0.02579585308371284,0.3182225495222827,0.4481313028424111,0.006375471707065218,0.02570983191840926,0.3442309430455992,0.44537999330190686,0.006720985530523566,0.02516515641776971,0.4002767652951738,0.434231105668542
markov-few-bursts,500,59,93,,,,,,,,,0.004918915733585603,0.05493242319839353,0.0002778491547382865,0.9355913601311598,0.005015150793350079,0.05489948277817854,0.2725715370219749,0.9337991585974027,0.005517995737293919,0.0546065250018508,0.5693137479302971,0.928628226986764,0.00817055282732346,0.05267787388216638,0.772910581214028,0.9132909069123952
markov-few-bursts,500,60,39,,,,,,,,,1.071399859801741e-15,0.033891929336246254,0.8502565501635114,0.789476568706121,8.953341414536959e-06,0.03390611779486866,0.8384873702280266,0.7905066568190761,8.873587752459324e-05,0.03382890334167142,0.8115176124458686,0.7923904570719206,0.0008495228517619853,0.03323530671333313,0.7917662690209544,0.7922519056719902
markov-few-bursts,500,61,49,,,,,,,,,9.754429880499219e-13,0.02911029085234418,0.6438244598883844,0.8495073698275718,1.4073721866017827e-05,0.0291058057881442,0.6578885008842376,0.8491391056012841,0.0001556765745701479,0.02905119407921118,0.7228102643020863,0.8469369069099836,0.0016766581222526736,0.02835391568806928,0.8083060229639722,0.8403128299217175
markov-few-bursts,500,62,18,,,,,,,,,2.319522830243569e-16,0.026227970595274867,1.0825662580342062e-05,0.8744211279790267,3.2922794494798278e-06,0.026215870100702972,0.0866836613153931,0.8727951690308783,3.279455813271429e-05,0.02610736622790474,0.4232269364779505,0.8605332553279801,0.00032302099849664553,0.025080347200839397,0.6854163940492543,0.8182968890008973
markov-few-bursts,500,63,46,,,,,,,,,0.009439746567155512,0.024988823363400584,0.8745571045289146,0.8000206313936816,0.009441479638916622,0.024988404397489332,0.8740260427789839,0.8001930593330713,0.009458444151446246,0.02498399737727697,0.8695929217740105,0.8016289712385417,0.009773274423116826,0.02477134918181735,0.8459573415349719,0.8091750922991358
markov-few-bursts,500,64,40,,,,,,,,,2.319522830243569e-16,0.028177093752588707,0.6251173530929881,0.87639725328385,1.065047535839161e-05,0.028167778336131252,0.638295506860742,0.8749679174834557,0.00011898311672983059,0.028082134023209557,0.6927529159830894,0.867632104889017,0.0014326762063817894,0.027103177329584706,0.7837907395240387,0.8439227407263241
markov-few-bursts,500,65,48,,,,,,,,,1.1180787227436658e-12,0.029427147155166384,0.999999935773234,0.7863793469304136,2.5073262649003575e-05,0.029415931520256546,0.9948956420849557,0.7874509599607783,0.0002653671636375198,0.02931304866887063,0.945147019256291,0.7957918321771599,0.0022826196356508064,0.028626927158701986,0.823658661116227,0.8059771092203747
markov-few-bursts,500,66,35,,,,,,,,,3.4304747076984696e-05,0.02626193531000294,4.7789444203758946e-05,0.9238322913208027,0.00011456381693183154,0.026222442619840827,0.1383430956066777,0.9213866449016204,0.0003376116821816711,0.02615789294447481,0.4874080344290275,0.9072369901340458,0.0014705737892023675,0.025506199204554533,0.7065728478717951,0.8662118320082229
markov-few-bursts,500,67,51,,,,,,,,,0.004135312243614699,0.03193403524816203,0.6491188485804268,0.890064510171912,0.004147699852015084,0.03192301716350483,0.6523303522366964,0.8898112690603016,0.004264264544394862,0.03182178182404388,0.6785949314363212,0.887470624892991,0.005075969081049547,0.031099817954540546,0.7654608045707451,0.8738924417419603
markov-few-bursts,500,68,30,,,,,,,,,0.0033029470078816286,0.02183509521749547,0.6868030642416016,0.9281697582801383,0.0033131796197415613,0.021817427049949063,0.6894430914985499,0.927139406447138,0.0034043480682938772,0.021658750813450436,0.710841243700048,0.9181266520622876,0.003857991795579616,0.020852777601834144,0.7792652896810259,0.8735974896426784
markov-few-bursts,500,69,16,,,,,,,,,2.319522830243569e-16,0.012267877132267688,0.999999999968177,0.7042558129311565,1.4947812551574994e-06,0.012265661236347359,0.9962214353886972,0.7155463355705811,2.9026565942729014e-05,0.01224610353531234,0.953046286257671,0.7640316939081023,0.000289895762193993,0.012065651311538321,0.8149974844575798,0.7965369421460555
markov-few-bursts,500,70,31,,,,,,,,,5.1884575237346677e-08,0.0345292321731993,0.4703243420087414,0.7838245958300225,1.387813458595129e-05,0.03451679145862306,0.486080230299664,0.7830104664777817,0.00018696663049987708,0.03435539239074934,0.5662190940461083,0.77791652651465,0.002188862475707845,0.03242948691849513,0.6954958764710811,0.7592647916890344
markov-few-bursts,500,71,76,,,,,,,,,0.00384373093942098,0.0349025903556852,0.8831241816879247,0.8804922437451059,0.003858858382893694,0.03489303163546171,0.8831091246440333,0.8804771349169205,0.003992274912321006,0.0348089115836972,0.8829729400428149,0.8803466189733865,0.005133140648956537,0.034100124440040576,0.8816390641596908,0.8794587020721996
markov-few-bursts,500,72,48,,,,,,,,,0.008976416164397497,0.029452379751540494,0.3799200390146554,0.8901031550029705,0.009000009895921552,0.029421349162266408,0.39288918986365634,0.8900534036048887,0.009117974950450908,0.029264064736316306,0.4822096102021498,0.8892101738739693,0.009260426196471468,0.02903360674318726,0.7279661725419135,0.8790872202678649
markov-few-bursts,500,73,52,,,,,,,,,0.007917048111174066,0.018847849537067182,0.8256522581619967,0.9641693476238935,0.007939254359049007,0.018790799805662575,0.8265956168014532,0.9638299813770959,0.00811535225862916,0.018337865513324506,0.8339538509394483,0.9608904898258128,0.00905917702559769,0.015933214881691023,0.8662780005968858,0.9392465550684359
markov-few-bursts,500,74,63,,,,,,,,,2.319522830243569e-16,0.04452759429046382,0.7907509081753752,0.865586794289954,1.2800630687879359e-05,0.044521098032242995,0.8002143745090298,0.8646927658436693,0.0001266315157229439,0.044385481097915624,0.8122433557296828,0.8636558442313248,0.0011838165789378329,0.04312751650841052,0.841343589439795,0.8595109489687327
markov-few-bursts,500,75,63,,,,,,,,,0.007410663433587876,0.05003314188731493,1.0016873143895558e-05,0.8954738331592945,0.00742477602943775,0.05001013815222126,0.050962767652027126,0.8950137556411017,0.007625281268436878,0.0497116040791432,0.3251730527334761,0.8911389409210446,0.008777327764564052,0.04788625633332733,0.6844384547800373,0.8717593182554229
markov-few-bursts,500,76,48,,,,,,,,,2.319522830243569e-16,0.028569365041405108,0.3384836517065549,0.8819153316827393,8.828765891377621e-06,0.028566592055780576,0.39483494988996537,0.881296759099663,9.546231789253153e-05,0.02852187110549659,0.5810137085423145,0.8781805435528939,0.0009973245099982907,0.027939978146512345,0.7897137346453764,0.8672675730025808
markov-few-bursts,500,77,100,,,,,,,,,1.2016623552547323e-15,0.042782188486886585,0.9999999826135616,0.8615681794865269,1.803629060496633e-06,0.042774123343247795,0.9994444192596945,0.8618399437338145,9.065720136601496e-05,0.042696935987147557,0.9949201781100946,0.8644516269553804,0.001453393481028835,0.04199151897511614,0.9560141597334166,0.8817793045760045
markov-few-bursts,500,78,23,,,,,,,,,2.319522830243569e-16,0.012066447959584494,0.99999999995078,0.7314705286841751,1.452715870298933e-06,0.012060598865868119,0.9984894577970878,0.7430209359093699,3.5207569345689074e-05,0.0120175826192986,0.9823955572470193,0.7965357919792908,0.00032406930635338745,0.011813167173671186,0.8859725663009972,0.8508403052363586
markov-few-bursts,500,79,41,,,,,,,,,0.004127294819411979,0.023009436121734603,0.6005639165971717,0.8408857132517316,0.004132737422774003,0.023008282877717542,0.6173253795591805,0.8405861416101853,0.004145793019495196,0.02302122099033326,0.7015480272114188,0.8383766736550147,0.004751755769133156,0.022768610204490065,0.7979910305235536,0.8325447139024946
markov-few-bursts,500,80,31,,,,,,,,,0.004159331518867989,0.024816639540606974,0.5852310189778206,0.8752113547985727,0.004183167085910945,0.024799439637683083,0.5892817068872163,0.8742903997933523,0.004359684719987383,0.024675280314163443,0.6182034513835889,0.8666079724668896,0.00527512530320449,0.024033970328716577,0.7076195873438631,0.8233096665320785
markov-few-bursts,500,81,77,,,,,,,,,2.319522830243569e-16,0.048026587500070946,0.686095251517646,0.9078557541553193,1.0833353095142712e-05,0.048010187501227965,0.6985860551662108,0.9073691264814802,0.00011263174486294664,0.047858669498873546,0.753555561422375,0.904605520685771,0.0011720391609933278,0.04635838260176648,0.8357179299060956,0.8965036999587985
markov-few-bursts,500,82,26,,,,,,,,,2.319522830243569e-16,0.019140256703519445,0.9999999978721861,0.8427985439253436,3.6157010377811713e-06,0.019135271837089515,0.9688615167835509,0.8432237768453817,3.849021231474401e-05,0.019092734118956494,0.8700840602234797,0.8440001440298123,0.00037124495038170423,0.01866334030463239,0.8374584462053205,0.8414264518949474
markov-few-bursts,500,83,25,,,,,,,,,5.6310174771546815e-15,0.023094826842235232,0.3854096408875273,0.8166518986005067,7.037423234759317e-06,0.023090641745013494,0.4145066323719054,0.8154265890537784,7.10362960132457e-05,0.023052040629765562,0.5302541917477637,0.8090134631188237,0.0006940055859553538,0.022668289749528624,0.6880742541474457,0.7874145762515825
markov-few-bursts,500,84,45,,,,,,,,,0.006231571470846936,0.02386438420753587,0.7839809133057326,0.9010760427109935,0.006242524330563098,0.023848184746206567,0.7850499430918222,0.9008216825778441,0.006330424465464355,0.023717764180518713,0.7932365715491901,0.8987224029197041,0.006843115639202744,0.022922494341130507,0.8263513411399531,0.8862201102916464
markov-few-bursts,500,85,55,,,,,,,,,0.017138531591040052,0.017969199094430035,0.9272410300868991,0.7735352494805595,0.017119815040168376,0.01798849371872435,0.9268613270157304,0.7745337866444851,0.016778903262677242,0.01831882751660795,0.9229315889765582,0.7852554811660274,0.015228757421522104,0.0197699205522962,0.8972098164964575,0.8251743383217678
markov-few-bursts,500,86,29,,,,,,,,,0.005219521391610755,0.011687271892829395,0.9999999516400088,0.7498617494419498,0.005188735601899719,0.011714121820399895,0.9982422805397819,0.7520108365180289,0.00506388340874155,0.011836978639959451,0.9846922743044119,0.7650558376637998,0.004691614582931215,0.012239711607532669,0.9171116873649713,0.8127276797440085
markov-few-bursts,500,87,72,,,,,,,,,1.3120968381958148e-12,0.04517924627341743,0.9262849183337777,0.8663163426438032,7.945453736669233e-06,0.04516413834857125,0.9260467760923435,0.8664382652121287,7.922888860699018e-05,0.045029996049904944,0.9240777294090665,0.8673823454325422,0.0007674785023218762,0.043761035513762744,0.9099151536872969,0.8738307412025408
markov-few-bursts,500,88,23,,,,,,,,,1.3095008994877906e-12,0.027316829385176062,0.999999258737648,0.6843690379612316,7.162819948015872e-06,0.027311346122457312,0.9386508035868795,0.687059679655811,7.070935054043308e-05,0.02726842592060068,0.7198483534244663,0.691447074704122,0.0006793474109553542,0.026874528916145404,0.6906088802487347,0.6905679880395336
markov-few-bursts,500,89,54,,,,,,,,,0.011470766471653349,0.03732464805062244,0.7165408308859308,0.8678439107296912,0.011478629793480778,0.03731290498332426,0.7172015119113335,0.8676277833746797,0.01154944225961513,0.03720467820286831,0.722878806129027,0.8657035677793852,0.012127772979585392,0.03632047127204633,0.7552630408473961,0.8518361370149474
markov-few-bursts,500,90,34,,,,,,,,,0.005858904830101462,0.02166317312363275,0.8413022496917832,0.8575666717306278,0.005862036002263586,0.021653251115157663,0.841337843471059,0.8574871355179985,0.005889890444836447,0.02156512808017691,0.8416234843428159,0.8568080696636593,0.006144409121893088,0.02077533295173011,0.8428573565542138,0.8523520360139418
markov-few-bursts,500,91,59,,,,,,,,,0.007254650551843129,0.06140212535012337,0.6242651949073796,0.8232198298635565,0.007281481021598193,0.061358907467938706,0.6271649164728486,0.8230107787496594,0.007500986076222674,0.06100271885261515,0.6490836110373943,0.8213057484214984,0.008879947823708222,0.05865349853227512,0.7295724720182223,0.8117002876569542
markov-few-bursts,500,92,43,,,,,,,,,9.012183900088067e-13,0.017597265810768415,0.9022152531914087,0.9083798036897873,5.262533671291688e-06,0.0175926747894375,0.9021514298623057,0.9083518094449398,5.2391951214856516e-05,0.017551075540674643,0.901617976945631,0.9081107366006499,0.0005027307554801747,0.017160505676894637,0.9000860777073199,0.9057611034520766
markov-few-bursts,500,93,38,,,,,,,,,0.0038894825638742738,0.01940706175075207,1.2569446174892694e-05,0.9187344411663354,0.003903755333394384,0.01938803971150878,0.09429468168629526,0.9182864641060365,0.0040723224587113785,0.01917356083402492,0.41332624576313154,0.9155531193642008,0.004535071369971727,0.018583939672614295,0.7480905570985804,0.9015083034742878
markov-few-bursts,500,94,45,,,,,,,,,0.0037333265364939442,0.020541057825317215,0.9228703856086815,0.8649687475582448,0.0037362008900233066,0.020536890176441825,0.9225825114038048,0.8650467721718174,0.0037623631159284174,0.020498977205952045,0.9201585627790169,0.8657123336369127,0.004035930935373825,0.020113937889771356,0.9056265735599147,0.8700138068705437
markov-few-bursts,500,95,37,,,,,,,,,0.00498827033141286,0.01687972477774087,9.000089654605577e-05,0.9663271469278576,0.0051611499189005506,0.016693918071128522,0.16408900103636917,0.9645530681047958,0.006574125400134407,0.01517095052735754,0.6283283540999259,0.9483942238722024,0.008114403779873132,0.013485941094626678,0.8430979523566678,0.8794078094724043
markov-few-bursts,500,96,21,,,,,,,,,2.319522830243569e-16,0.04323251830574899,0.16380984041953575,0.7129268050796583,5.264603319139736e-06,0.0432146515903335,0.2242723942717331,0.7110072363535633,5.3953739383765324e-05,0.04304225255424215,0.41011514204240956,0.7034586431471948,0.0005340286626557739,0.04148252655877833,0.6118101516072144,0.6828518285145724
markov-few-bursts,500,97,15,,,,,,,,,2.012310528128589e-08,0.014720594353864112,0.6767871933448685,0.8261884605258715,5.173033046356541e-06,0.014715376609912975,0.6837900911340238,0.8253123434148489,5.928489001494857e-05,0.014653938387672998,0.7193368987287324,0.8195606781796781,0.0007373790706604751,0.013775575982136983,0.7717577515569509,0.7984786151202198
markov-few-bursts,500,98,29,,,,,,,,,2.319522830243569e-16,0.021472129741218517,0.7961625411645218,0.8780664903685782,3.4214947507306985e-06,0.021465512082329094,0.7979545695058634,0.8778121184345278,3.412842798088078e-05,0.02140620674743607,0.8095997350026226,0.8759044933667233,0.00033150590563183353,0.020842458711954615,0.8371494973986748,0.8669802392935375
markov-few-bursts,500,99,25,,,,,,,,,2.319522830243569e-16,0.02075339114107821,0.9999999999786764,0.7940669080557391,4.75697170871995e-06,0.020749188773183908,0.9596037940382043,0.79485259285595,4.8940792538945986e-05,0.020713998066430823,0.8270694355069999,0.7963407512947994,0.00047203379284870846,0.020381019454038172,0.7923937618579759,0.7945193015289127
markov-few-bursts,2000,0,109,,,,,,,,,0.0033194637963339024,0.022026018438005033,0.35814632389412665,0.8857763749088086,0.0033314883340905036,0.022011550481105667,0.3630447898942318,0.8855958281560523,0.003456664742758095,0.021861864259813128,0.4055769270571689,0.8839089486825188,0.004060150023188521,0.021129679258909014,0.5791653594201434,0.8716209355017428
markov-few-bursts,2000,1,113,,,,,,,,,0.004961792511320044,0.028010863237271748,0.5965808002480473,0.8033090995700986,0.004965808040484514,0.02800531572380757,0.5975334941688711,0.8031722473127915,0.005010470951920611,0.0279444354092028,0.6062266207358195,0.8018604839126799,0.005298724420486002,0.02754029038913639,0.6554098890618673,0.7927558706556168
markov-few-bursts,2000,2,249,,,,,,,,,0.0033944008646464123,0.04290753898842237,0.5422334213968647,0.9233478823137727,0.0034023125687296487,0.04289560837873401,0.5453809100340216,0.9232441361840394,0.0034883422836932613,0.04276870800178096,0.5769608332768429,0.9221067762982101,0.003989537878504536,0.041986437793671345,0.7022827676594976,0.9142920660654604
markov-few-bursts,2000,3,133,,,,,,,,,0.001637280460931969,0.019272598010856172,0.0001171771804818386,0.9504414995861856,0.001638342192865413,0.019270110814468725,0.06910603048640633,0.9502005989742905,0.001658959607002011,0.019228589425310912,0.3993534392386467,0.9480660100694905,0.001765701357997091,0.018983556204361714,0.7389398759817694,0.9373216058205036
markov-few-bursts,2000,4,164,,,,,,,,,0.0026500013288588,0.03256192694375363,0.8481407855571437,0.7884043775751598,0.0026528611405028006,0.032559097566441826,0.8477721308110636,0.7885422661822307,0.0026790185364505273,0.03253318549783036,0.8448512738209277,0.7895977214007434,0.002930272436538383,0.032281949776314676,0.8258175888165453,0.7960894255249111
markov-few-bursts,2000,5,219,,,,,,,,,0.0015899108020516737,0.036935890917068295,0.00043150733812592204,0.8845551081823333,0.001670154299697613,0.03686527564468068,0.07718930250782677,0.884167786686623,0.0026072058393768333,0.036037827513076395,0.43937868734803154,0.8799534566308974,0.00362416922338943,0.0351323045992998,0.6748003977089735,0.8717348877549748
markov-few-bursts,2000,6,230,,,,,,,,,0.0034372787001706023,0.029115307342970024,0.4633922935498988,0.9013480406863174,0.003443059999902608,0.02911025288135238,0.46980936200351975,0.9012395835579671,0.0034839038753994764,0.029073865148479653,0.5229837421714888,0.9001892052357382,0.003583496514625679,0.028990500175348023,0.7393396283487003,0.8915209477500124
markov-few-bursts,2000,7,180,,,,,,,,,0.001484785026299402,0.03160206275613085,0.5304187908266962,0.8806454976282605,0.0015251527986105606,0.031560720875935165,0.5440408399488749,0.8801308606389164,0.0020571126549388404,0.031013422047645067,0.6846861800340068,0.8715841770121188,0.003160717562696542,0.029854664588056287,0.8152527945874429,0.8487046927987801
markov-few-bursts,2000,8,106,,,,,,,,,0.0032840386421529285,0.021918799157791723,0.5399732915688702,0.8282749227611547,0.0032855136094130594,0.021917086772962415,0.5429617778847006,0.8281370208355111,0.003299276150722579,0.021901089634915914,0.5713663120932302,0.826608067848003,0.003402648293136192,0.0217776940862151,0.6863315706365956,0.8167036417073112
markov-few-bursts,2000,9,196,,,,,,,,,0.0032159058199338173,0.03767656450207411,0.3845530750177158,0.8676903379008821,0.0032289791175716988,0.037659365476580456,0.39236072974302827,0.8675935681452632,0.0033444642298274996,0.03750620757408076,0.45816671704426054,0.866622576568959,0.004072963033458724,0.03651108516606758,0.7741505066245777,0.8501215072637687
markov-few-bursts,2000,10,190,,,,,,,,,0.004259498854060217,0.03467819969207309,0.21778666072575006,0.8784213550396592,0.004294757863186903,0.03463760423337157,0.23783717543512473,0.8781691605933323,0.004536009446125389,0.03435760557880176,0.3732771509386113,0.8758492224563398,0.006389223256987815,0.03222016520011002,0.7644915812173206,0.8484947431531246
markov-few-bursts,2000,11,131,,,,,,,,,0.007658800770247633,0.02194574553748301,0.4015543719240938,0.9020730711503502,0.007665513878764953,0.021935469101679813,0.40516443585958567,0.9018736428796872,0.007761486219792512,0.021790664093729047,0.4429028487141556,0.899665813470128,0.008666250591306688,0.020422201273553653,0.6888137764128508,0.8706837455917318
markov-few-bursts,2000,12,244,,,,,,,,,0.0010896811943386245,0.04004099078831143,0.0007736690991312429,0.9095487998871603,0.0011399714871994182,0.03999225695931718,0.07025560792216795,0.9090576699849886,0.0012792670915101074,0.03985340728340183,0.2639903991084146,0.9072093803863767,0.001720313197392338,0.03940014311676428,0.5800787246510711,0.900592492526138
markov-few-bursts,2000,13,201,,,,,,,,,1.7393550084356886e-06,0.026377513369819392,0.7978422705506365,0.8960823904526956,1.0804453227349395e-05,0.026368985301699937,0.7994946253492283,0.8959263993537204,8.5289698176156e-05,0.026298935173454094,0.8116925716458467,0.8946798701399352,0.0005703670140357259,0.025843777143993288,0.8484476639758896,0.8896642361753986
markov-few-bursts,2000,14,145,,,,,,,,,0.007530270345386045,0.02391118229299416,0.7840699815406926,0.8210436102785305,0.007532136600696992,0.023908982400310887,0.7841656681902377,0.8209914972394832,0.007546927286012171,0.023891351507085493,0.7848966703562527,0.8205915114013379,0.007692371219034803,0.023718378593434328,0.7906929219218454,0.8171763641995127
markov-few-bursts,2000,15,161,,,,,,,,,2.319522830243569e-16,0.024712734773510006,0.006615146947534369,0.9150061700587369,1.592968823429271e-06,0.02471364855095281,0.19690606570626817,0.9138261757807814,1.9497596535360547e-05,0.024700029652848364,0.4960776322801805,0.910219359687577,0.0002864338901904325,0.024398551368372677,0.7377905387635803,0.9007180407604357
markov-few-bursts,2000,16,206,,,,,,,,,0.0008161930085847351,0.030597692929057792,0.7215510954404522,0.9117490583774025,0.0008182254931895377,0.030594194933268457,0.7235118970278072,0.9116398403639215,0.000837609400943764,0.030560551123677226,0.7439464235076664,0.9103415681181247,0.0009941949526858247,0.03028636417797475,0.8095260792609712,0.9042063674549645
markov-few-bursts,2000,17,141,,,,,,,,,0.0010827076732891554,0.03017666940979186,0.0003078637597702573,0.8832941857034243,0.0010843427464972651,0.03017460617939416,0.07787354435627582,0.8823304969045381,0.0013877399446204771,0.029820295197073087,0.4036668776164515,0.8756707097218261,0.0020026059025572123,0.029064815116458625,0.6582942117032741,0.8601471299058167
markov-few-bursts,2000,18,243,,,,,,,,,0.0011078136525208557,0.031240323150756557,0.8170189248097951,0.898226102474931,0.0011121353856092151,0.031236103637123248,0.8175620147744871,0.89816977445255,0.0011495962684635915,0.031199431627028484,0.8219101812106527,0.8977085578145532,0.0014664175483250536,0.030886191517656134,0.8454483428508028,0.8947094367420453
markov-few-bursts,2000,19,165,,,,,,,,,0.002203026240395799,0.03558716423429458,0.3878446398744695,0.8374211079024947,0.00221268896519399,0.03557693512230853,0.39585265461688196,0.8372596674134709,0.0022989578061469733,0.0354867210149907,0.46295144874813793,0.8356390065125802,0.002680337357741634,0.03507823235331704,0.6655296413255956,0.8263510289075643
markov-few-bursts,2000,20,182,,,,,,,,,0.0028947055345190666,0.03351649095837764,0.21915835735295558,0.9007825211621103,0.0029331843837039954,0.0334700292366678,0.24276665327774574,0.9003803441609258,0.0032732447180242375,0.03305572364403917,0.4102540432834989,0.8964737553114641,0.004371822002474819,0.03168892928382882,0.653724647492837,0.8834162131332729
markov-few-bursts,2000,21,212,,,,,,,,,0.004366305467198936,0.025839214964735353,0.5138367140003807,0.8978553170224663,0.004376746007829258,0.025832563043241292,0.52003427799596,0.8977196696014912,0.0044784454667118065,0.02576815366546277,0.5762586713937364,0.8962329244936975,0.004964974506632062,0.025470236609148742,0.7612119876124835,0.8854823759917324
markov-few-bursts,2000,22,221,,,,,,,,,0.004281476763535083,0.03633468899544846,0.6261247148039678,0.8723220692190138,0.004290969172211101,0.036326521451873525,0.6294078182761701,0.8721040725756373,0.00437560075921558,0.036253745745894496,0.6577567293975624,0.8699877983882316,0.004780509139328861,0.03590267939998114,0.7425960255162731,0.860450658942397
markov-few-bursts,2000,23,191,,,,,,,,,0.0018855061940558169,0.03629337957909466,0.00015926129306614736,0.8949027831031018,0.001893976588836623,0.03628320836021853,0.05241878256182826,0.8945276295485142,0.0019514676807156361,0.03621192277739221,0.2846033596772238,0.8920641282843682,0.002406094910598409,0.03563468126511718,0.6500635628812051,0.8803334024556637
markov-few-bursts,2000,24,161,,,,,,,,,2.319522830243569e-16,0.0253343994986675,0.0003894144118869609,0.9092065830019453,1.5847216916827666e-06,0.025331757906633865,0.08076616261135043,0.9086079199677715,1.6135934019546165e-05,0.025311336764087023,0.36787517749665466,0.9050985693884583,0.00016809684055196412,0.025141070581349366,0.7018804802690044,0.8923487677855592
markov-few-bursts,2000,25,300,,,,,,,,,1.2467292277366871e-05,0.04228074293034114,0.1413231800796893,0.9143242215151997,6.884589340841648e-05,0.04223146980327937,0.20999154094037298,0.9139585919276763,0.0004044650919211847,0.04193223178317373,0.40129444588365615,0.9124859314770434,0.002435056912133933,0.04003590281194419,0.7413820140303441,0.9040445986028207
markov-few-bursts,2000,26,86,,,,,,,,,0.0036869166036876465,0.016410993206148434,0.4816372364956023,0.8657565836625954,0.003693342354653634,0.01640170215081331,0.4874654234475549,0.8654480507775602,0.0037601160674659274,0.016305731773307706,0.5369730572948683,0.862404352505275,0.0040493693857798375,0.015878920272515456,0.6807524205691083,0.8467812758770706
markov-few-bursts,2000,27,269,,,,,,,,,0.0023188840239484693,0.038022830674768145,0.40898079679338073,0.9223054423848344,0.0023304498300599883,0.03801245794776513,0.42031532656182974,0.9221204538154223,0.0024164390085639094,0.037935524058292834,0.4966700649415847,0.9206183002015604,0.0028643895047565883,0.0375239445747765,0.6833685048300021,0.9131955755881884
markov-few-bursts,2000,28,236,,,,,,,,,0.0036446273205493814,0.03742475118680826,0.555783727966731,0.9134683144638578,0.003654998023454232,0.037410702209810305,0.5605556025966859,0.9133205514263949,0.0037631990341643645,0.03726443695768425,0.6051881641380552,0.9117180779615162,0.004356574375430249,0.03643043472021936,0.749611518240207,0.901942389257639
markov-few-bursts,2000,29,200,,,,,,,,,0.0013052072172857919,0.029438610733854106,0.14751851893779508,0.8925335287390753,0.00143569557968393,0.029341021143319452,0.20153461654380717,0.8921368390459362,0.0017218605124999387,0.029129354105279188,0.3794392172453144,0.8900068536361961,0.002134356937767525,0.028831407959137027,0.6660677524378602,0.8813764365018395
markov-few-bursts,2000,30,176,,,,,,,,,0.0025804319945018877,0.034875317990234196,0.0001546191719772344,0.8666076074354075,0.0025619116294995827,0.034891173035914054,0.05754327962884991,0.8658061241408603,0.0025235907192390854,0.03492204316510074,0.36062479133436104,0.8593203355257523,0.002743770262343306,0.0347160153988964,0.6268302821678428,0.8448996252690116
markov-few-bursts,2000,31,276,,,,,,,,,3.604609420530371e-07,0.03643944163978943,0.27367725011753363,0.9134331546274445,2.4026998112233126e-05,0.036419166782111156,0.3197622668720956,0.9131875956079877,9.967053157659633e-05,0.0363546294383227,0.5212812647893684,0.9113093620669338,0.0006185400587714012,0.035903988302376684,0.7706274905431154,0.9038921288337614
markov-few-bursts,2000,32,275,,,,,,,,,0.005517396274035654,0.0248320081134699,0.846760938345786,0.9336861563699479,0.0055238653147382496,0.024823671861617647,0.8471696025759062,0.9336271097085849,0.0055784489126253925,0.02475315595727733,0.8505362266291999,0.9331254407708031,0.005960565316025354,0.02425156008699345,0.8700161054621802,0.9295492403612755
markov-few-bursts,2000,33,237,,,,,,,,,0.002489996888030506,0.028152640891380382,0.5614936461148846,0.9428406360544448,0.002509838391038797,0.02812752272781958,0.5690863021236895,0.9427022463618365,0.002748557118068242,0.02782615592920237,0.6448647827951705,0.940898600126542,0.003421322888983174,0.026932035048397633,0.7929582504970742,0.93185503886546
markov-few-bursts,2000,34,265,,,,,,,,,0.0017291768191426435,0.028005408523771265,0.5834556547018178,0.942101668766897,0.0017342546886030235,0.027999711140171604,0.5882687533322614,0.942031452344151,0.0017804946411328567,0.027948317542304875,0.6318023340261502,0.9412939724372241,0.0020141761245639047,0.027681657898659427,0.7805993288197358,0.9362668874771024
markov-few-bursts,2000,35,146,,,,,,,,,0.003877562103091545,0.019114453704015107,0.4243056105096104,0.9077062398667171,0.0038960795075628045,0.01909558164679288,0.4317690584122143,0.9075715282243398,0.004061362380553509,0.018927050892007836,0.49137271096959345,0.9063146294010603,0.005215424300778994,0.01774939416050222,0.7417376898398286,0.8920019935393798
markov-few-bursts,2000,36,135,,,,,,,,,0.0027116044664047515,0.03208270144725642,0.4884713804373262,0.8393170580383122,0.002723096159098585,0.0320683151087464,0.4930097357246833,0.8390757933496341,0.002830379879528383,0.031934183371422696,0.5307129508581132,0.8368284216231423,0.0033060182826247786,0.03131339206150254,0.6581617969416447,0.8248013074683453
markov-few-bursts,2000,37,148,,,,,,,,,0.00188029952147312,0.028955193783407086,0.6572499508526772,0.8545069620244639,0.0018842734931967323,0.02894935283918742,0.6605598949430418,0.8543328782741171,0.0019245272021788647,0.02888938881206892,0.6935442882157207,0.8522349833877519,0.002129622155110514,0.028568649723643258,0.7810443750815682,0.8434828154574601
markov-few-bursts,2000,38,160,,,,,,,,,7.517491536160556e-09,0.032671371122715016,0.8872247484641786,0.8033551285405732,2.2475753987550826e-06,0.03266848568898922,0.8869774615738779,0.8034829326213121,2.2042881107658426e-05,0.03264245790753702,0.8848975703320191,0.8045246725727899,0.0002139175179999993,0.03238862859627055,0.8685533958044809,0.8122629419323856
markov-few-bursts,2000,39,160,,,,,,,,,0.001898750431701074,0.023373599758723124,0.7597143958454785,0.8718274945643456,0.0019008913442608564,0.02337142734245204,0.7608229403746534,0.8717440555145156,0.0019207533124927373,0.023351008757274527,0.7711526779605562,0.8708821969026999,0.0021062966508828677,0.023163466389302674,0.8110984805248178,0.8667404721739619
markov-few-bursts,2000,40,198,,,,,,,,,0.002261172270374777,0.024060468528903624,0.0003288725723955206,0.9250372786061221,0.0023219722180094883,0.024006133755915565,0.14302493567339056,0.9244907272814378,0.0027893154935917518,0.023579724284893532,0.4619489111951734,0.9221302917828099,0.003889186129319079,0.02255210559976885,0.7070554912844284,0.915692823817197
markov-few-bursts,2000,41,171,,,,,,,,,0.0014447310053185979,0.029059976831904484,0.7177687600173223,0.8402385229969723,0.0014496503266309523,0.02905615629922843,0.7195654424909785,0.8401088164371285,0.0014956697769546391,0.029020369901320328,0.7346926182291315,0.8389102109496137,0.001827310807675275,0.028766715220443117,0.7838125890231359,0.8338078340383349
markov-few-bursts,2000,42,251,,,,,,,,,0.0010133547868882477,0.0266682642971928,0.47622572468227486,0.9414127769434917,0.0010270520364256386,0.02665785586356536,0.49460070924417965,0.9411363726971874,0.001104180087592748,0.02659970837378422,0.5968471106984107,0.9390390054423375,0.0014264158493583969,0.02635932883779352,0.763291502511042,0.9311135002233558
markov-few-bursts,2000,43,250,,,,,,,,,0.004679989563523509,0.03673396356210991,0.6359738721572783,0.896255186576931,0.004684516635591214,0.036729084520862425,0.6371929944545793,0.8962104143139874,0.00473437612662098,0.03667539889176483,0.6497948596988744,0.8957010477784745,0.005094185746337078,0.03627966887225303,0.7237849893528338,0.8914944358200314
markov-few-bursts,2000,44,292,,,,,,,,,0.0027949591217831214,0.03793192250171386,0.8412642890590183,0.9029488800436072,0.0028002061024974983,0.037926530037334455,0.8414395595991139,0.9029108645515316,0.0028458971658575586,0.037879503994655145,0.8429209037804116,0.9025861290968646,0.00324533471020511,0.03746619065260672,0.8535641942775332,0.8999861591357602
markov-few-bursts,2000,45,205,,,,,,,,,0.007643026671344872,0.02650548174028722,0.6503023711445731,0.8813424672002789,0.007646821993493795,0.02650244990688061,0.6515296823301142,0.8812728750420363,0.007686541922906392,0.026470444052835367,0.6635911308834375,0.8805291361426341,0.007947797613687106,0.026264058102361064,0.7319461695131194,0.8747558307057465
markov-few-bursts,2000,46,239,,,,,,,,,1.5224260630045817e-07,0.028909759814777742,0.788589743793153,0.9043430592584734,4.6700987113106405e-06,0.028906543286476075,0.7893162025212592,0.9042760119639438,4.65868018494846e-05,0.02887656262446891,0.7951810016847425,0.9037161424293814,0.0005408464781982081,0.028516231661940502,0.8293170892398666,0.8994261280492906
markov-few-bursts,2000,47,193,,,,,,,,,0.001224267799861732,0.029865748158825506,0.7316093822936269,0.8953933722350093,0.0012301695398167505,0.029859021429098537,0.7337279069535471,0.895237604268649,0.001294881688844639,0.029786340371158963,0.7544767574176079,0.8935040193197988,0.0016893049065886641,0.029324491795604243,0.817286890530106,0.8851787671599558
markov-few-bursts,2000,48,248,,,,,,,,,0.007185145786973333,0.03815086068879091,0.5181554107966974,0.8921851750393143,0.007198079616539193,0.03813722696622024,0.5230388940037228,0.8920433087984768,0.007328407429598686,0.038000487993899656,0.5665266663642348,0.8906002355548965,0.008050493068498329,0.03722739393167082,0.7101561806671368,0.8821309908377267
markov-few-bursts,2000,49,197,,,,,,,,,0.0032550118522050786,0.02773826562183247,0.2790180544627682,0.917579931523192,0.003270422832465882,0.02772201171349962,0.2988763022671309,0.9173571030831135,0.0033887079674527775,0.027597705967588034,0.433856650461798,0.9154109548218158,0.0038471217209578245,0.027104767021881044,0.6962957484096906,0.9053975567570689
markov-few-bursts,2000,50,149,,,,,,,,,0.002765038302771978,0.030909641433628673,0.7564450532332517,0.8378995979183106,0.0027678847311348944,0.03090528794309943,0.756889128014311,0.8378187004311506,0.0027922382489870123,0.03086778145335006,0.7604944389692613,0.8371519475288343,0.003001239333738464,0.030540375278847127,0.7821206363785245,0.8324201708277608
markov-few-bursts,2000,51,172,,,,,,,,,1.0486359925873031e-07,0.031616619095188175,0.7768849587694727,0.8649905239340889,4.448278902954997e-06,0.031611714318474475,0.7776849183014006,0.8648835752462106,4.3366552432790415e-05,0.031567560936010326,0.7839847503796562,0.864012633039932,0.0004292704096107084,0.03113044142555496,0.8131610327681762,0.8590529268198936
markov-few-bursts,2000,52,223,,,,,,,,,0.0031289568799348784,0.0306100911207221,0.7267564789925137,0.9041431998361592,0.003138494746084671,0.03059998094061438,0.7281020514488609,0.9040267488274459,0.00323070439752893,0.03050235939875955,0.7401324668059328,0.9029112902557408,0.003803716065739903,0.029890428482841264,0.7942184543503203,0.8959527741460275
markov-few-bursts,2000,53,158,,,,,,,,,3.569213528247793e-08,0.034717953563035274,0.5956599599874263,0.879972702847222,4.07815454356448e-06,0.03471103749105923,0.601466298206434,0.8796229083582262,6.230887756652332e-05,0.034618085074529785,0.6448093486020787,0.8765931867100503,0.0007217289981819826,0.03360361416497785,0.7576906220282399,0.8628140656174809
markov-few-bursts,2000,54,167,,,,,,,,,0.0032630515627536734,0.024091105966986333,0.8230288338718257,0.8666455208155109,0.003261864692444961,0.024092275621783166,0.822828450587831,0.8667036636035925,0.003288406170658633,0.024062183242747667,0.8250433017055075,0.8662303258189468,0.003564573333802356,0.023750796610358314,0.8413532707347015,0.8618102607365988
markov-few-bursts,2000,55,198,,,,,,,,,0.0043162892930254425,0.026321423893603674,0.6728880489477329,0.9154229092680216,0.004330238019619181,0.0263039813150644,0.6748606249495274,0.9153227085444177,0.004481821406317554,0.026115532354514286,0.693316880450385,0.9143139551165005,0.005267490157727264,0.025124671900059837,0.7734743277528104,0.9070296423216203
markov-few-bursts,2000,56,201,,,,,,,,,0.005556496535774934,0.02974708134118047,0.5673830949581735,0.8948633166043921,0.005563081155013301,0.029739355550494805,0.5695905751769623,0.894783945799492,0.005623458319403336,0.0296685068738536,0.5889287140980101,0.8940378472025796,0.006015537446397477,0.029201235032068108,0.7011734623279652,0.8873088211312067
markov-few-bursts,2000,57,220,,,,,,,,,2.319522830243569e-16,0.032557318757595204,0.32668350959053033,0.9097180505303921,3.0521528677676854e-06,0.032555840318400864,0.39002562367306653,0.9089539276189605,3.67471360134507e-05,0.032534877494217795,0.6372034935772951,0.903588218226897,0.0007391815627071859,0.0318442129216065,0.8190144385284935,0.8892143083505614
markov-few-bursts,2000,58,165,,,,,,,,,0.0005307832962200364,0.024798394914038093,0.5479522672960799,0.9108788625332763,0.0005528294598500772,0.024772878640263507,0.5560121970265841,0.9107060839934481,0.0007240181868524248,0.02457361562854789,0.6109409835746419,0.9092849897548292,0.0013385980466442326,0.02382375733776361,0.7559294032086283,0.9015250199119793
markov-few-bursts,2000,59,134,,,,,,,,,0.001271958628276858,0.02774449476345939,0.5441372904578317,0.868513614509722,0.0012805391704926031,0.027733757122724238,0.5484146436639987,0.8683206431188089,0.0013658781750598968,0.02762716334012311,0.583476488335572,0.8665430530917678,0.0017929791054505698,0.027073788921016882,0.6960961451229363,0.8575491714878736
markov-few-bursts,2000,60,143,,,,,,,,,1.177081450879508e-09,0.023605548117459414,0.8018475660092861,0.8826291589282748,1.7212711203731311e-06,0.02360310808531102,0.8026025598440139,0.8825292061745503,1.7050896518825714e-05,0.02358126048808154,0.8085011057633584,0.8817187758110135,0.00016247048241041726,0.023369936946419586,0.8346880279019393,0.8772201876302548
markov-few-bursts,2000,61,194,,,,,,,,,0.004642460431978028,0.03484251297073229,0.13037590803962942,0.8944502306135846,0.0047098741851948865,0.03477278743105493,0.15551052531724877,0.8942178648891222,0.00500546572987006,0.03446192874272394,0.2870603991794,0.8924051838249828,0.006317697057032959,0.03301225564906498,0.6669824502073989,0.8737723029052764
markov-few-bursts,2000,62,191,,,,,,,,,2.319522830243569e-16,0.02692417518330246,0.6458700857078025,0.9140060653212889,1.470538459410334e-06,0.026921139618690443,0.6576966009290132,0.9135606482896783,1.5219741130336702e-05,0.026895388885152912,0.7182405424702866,0.9107026814390743,0.00016960480574719603,0.02666867714611728,0.8207204421096329,0.9015793429032818
markov-few-bursts,2000,63,254,,,,,,,,,9.745321907843174e-05,0.034670809416426605,0.0004022845398788747,0.917613535156399,0.0001344576357564031,0.03463286603502899,0.09530832062471666,0.9173162441143978,0.0004297986439499016,0.034328544496627825,0.4336518615256163,0.9154503409610661,0.0024011789162113753,0.032250647743394825,0.7752436483032532,0.9070387977804937
markov-few-bursts,2000,64,227,,,,,,,,,2.319522830243569e-16,0.034188593287688245,0.6453772398988421,0.8828730578905365,2.667320521220795e-06,0.03418630482837194,0.6594063609094327,0.8824990125788412,2.797112379691683e-05,0.0341638120894324,0.7272064010335235,0.8801549442086012,0.0003003907698952402,0.03391080353982762,0.8217813120270877,0.8739903572571359
markov-few-bursts,2000,65,101,,,,,,,,,0.0011525794213379126,0.015267002223423582,0.3648079943159976,0.9112406806442693,0.0011675516052928484,0.015253236827970954,0.3819174953420588,0.9109163809265709,0.0012750773356500027,0.015154579443912783,0.4959805363981339,0.9081241254963751,0.001704637095963849,0.014761590530875,0.7476208967166694,0.8911098254728198
markov-few-bursts,2000,66,171,,,,,,,,,0.0006525488486332915,0.029985395835943285,0.8877286157149071,0.8316160418456389,0.0006557688626989805,0.029981596752593168,0.8875483719595173,0.8316723215326408,0.0007112687198963617,0.02991788784978589,0.8863019876943745,0.8319628650456199,0.0011386638498901663,0.029421116015815648,0.876815689761433,0.8343200495976592
markov-few-bursts,2000,67,107,,,,,,,,,2.319522830243569e-16,0.020163741981602538,0.00027109181591150323,0.8694302091455844,9.492290422320519e-07,0.02016271817622147,0.16392785053865588,0.8685539171816036,9.613075506968324e-06,0.020150677345615074,0.6144421629715798,0.8623974114732951,9.66655635598336e-05,0.02002109818450208,0.7670925186924386,0.8556531746881079
markov-few-bursts,2000,68,156,,,,,,,,,0.003293766876873315,0.029394875094175796,1.1525632318693891e-05,0.8875856369303277,0.003298153128758956,0.029389775532414338,0.017779663712689263,0.8873857078827948,0.003343928280741658,0.029337707635111482,0.14751145735027318,0.8856699337726933,0.003672543448974379,0.028966296892910144,0.5357083257253495,0.8741521847645943
markov-few-bursts,2000,69,125,,,,,,,,,1.7936188470541067e-07,0.026619767473794572,0.5853960180963861,0.8640051036041719,4.0719139955622986e-06,0.026613716074244512,0.5948836314847085,0.8635775424110198,8.823406428609657e-05,0.02649508818889643,0.6750209533381981,0.8587377734945967,0.001179663563076192,0.025017711802552463,0.8285258809882565,0.8328449263724842
markov-few-bursts,2000,70,196,,,,,,,,,0.0004187001609887188,0.032882262773925,0.6449288425314689,0.9010257738010874,0.00043148320884340527,0.032866702297955325,0.6484997584927212,0.9008649602931084,0.000531919492283247,0.03274387007145518,0.6749106102888337,0.8995488291037058,0.0009713601952597684,0.03218135002000804,0.7633419169830556,0.8926545105761158
markov-few-bursts,2000,71,189,,,,,,,,,2.319522830243569e-16,0.03432988931378869,0.0007219210795222512,0.9294807918040275,1.57725827813541e-06,0.03432716818687333,0.11021443359862698,0.9289662286330695,2.2134030664957337e-05,0.03428844534418386,0.4272998905332438,0.9261897782045815,0.0009328084221309347,0.032808007959815984,0.764264099278567,0.9122054777145607
markov-few-bursts,2000,72,144,,,,,,,,,0.001349144775670378,0.01888040291146501,0.11251627585620345,0.8912870378594787,0.0014099047320435794,0.018836143061387214,0.19906293085893237,0.890746425064119,0.001605930721236251,0.01869415494481351,0.44146506147517256,0.8883712233823711,0.002299833223606681,0.018196841911585562,0.7326852914003692,0.8792340471651969
markov-few-bursts,2000,73,140,,,,,,,,,0.008937209656447292,0.019650489215081706,0.6076990584286632,0.8352473510747488,0.008941098981280877,0.019647653142923407,0.6090708867031773,0.8351743051812813,0.009039690457719539,0.019576251586969785,0.6257873475348867,0.8341330729279541,0.009537971264902922,0.01921983384089952,0.7013934046152251,0.8275011508916339
markov-few-bursts,2000,74,183,,,,,,,,,0.0030602296888387463,0.03470813782920966,0.7232021265504769,0.8644687334448494,0.0030659069327417005,0.03470021588213063,0.7239688352548205,0.864385787188155,0.003170910637133119,0.034560879486732816,0.7336389321233633,0.8632154333675844,0.0037021086110649534,0.033827838774292275,0.7751976540859179,0.8568132327038531
markov-few-bursts,2000,75,139,,,,,,,,,0.005515183040855419,0.024919520760265306,0.4175249037377086,0.9034667086312919,0.005523757140818539,0.024907037685085114,0.42173701965929783,0.9032937787066856,0.005605560030213289,0.024788412260980705,0.45955744588906206,0.9015876569074184,0.00587980414449014,0.024357769402363807,0.620678927378229,0.8886198391013548
markov-few-bursts,2000,76,207,,,,,,,,,0.002826021258021322,0.028842973892812988,0.827275728388158,0.8715751487071522,0.002830797084886729,0.02883870020704158,0.8274623319984428,0.871530394871394,0.002857285158976115,0.028814888839082727,0.8283683722259444,0.871335817972918,0.0032254680859229506,0.028485578324041933,0.8390567674005452,0.8684061642091467
markov-few-bursts,2000,77,257,,,,,,,,,0.003725085817025506,0.037803925197308616,0.4265865896051732,0.8976270960263123,0.003744902020597199,0.037783875152068616,0.43653104249408753,0.8974887291691703,0.003959233984572864,0.03756815028472895,0.5244784254968372,0.8959506777947718,0.004757789741453553,0.0367361818697319,0.7481053088759164,0.8868321816863324
markov-few-bursts,2000,78,165,,,,,,,,,2.319522830243569e-16,0.03506727772023102,0.3774941586666347,0.89951344169983,1.7722970122236073e-06,0.035063428070902264,0.3930262739107841,0.8992243396904015,1.8129471161890077e-05,0.03502709163319063,0.49442170579513145,0.8967879697100061,0.00021955100183538003,0.03460166714635545,0.7331739809690206,0.8817607538467372
markov-few-bursts,2000,79,174,,,,,,,,,0.0046723236492451975,0.03127006372723226,0.4828332119362762,0.8948241473219438,0.004683089675098744,0.03125737419393772,0.48698111760638685,0.8946607769471355,0.0048040580196534646,0.031116285475908504,0.5271707242717296,0.892887909114909,0.005496450147574504,0.030285346475658,0.6758754328055855,0.8813362472511985
markov-few-bursts,2000,80,248,,,,,,,,,0.00624563611263681,0.029208803067283125,0.8228102189115151,0.9135600931436006,0.006253894868156937,0.029197668363239095,0.8231955911657963,0.9134749104851257,0.006323078250709383,0.02910410537103342,0.826379769050174,0.9127523545533572,0.006826465339192136,0.028412906221269425,0.8460077296192099,0.9073888441355913
markov-few-bursts,2000,81,161,,,,,,,,,2.319522830243569e-16,0.025341730427394012,0.42159562329466627,0.8756804077256466,2.6061548975536854e-06,0.025341390907484444,0.4621370766672214,0.8746774005753654,3.092425627650779e-05,0.025329082893938173,0.5843146354911226,0.8703747776522865,0.0008306872803949657,0.024801239495272857,0.7505273581490071,0.8564313911893339
markov-few-bursts,2000,82,250,,,,,,,,,0.002378454802752393,0.026921265178927394,0.7087193087748052,0.933374291360944,0.0023834473858723284,0.026916551999432922,0.7123508995865063,0.9332119257896466,0.0024365690075094123,0.026866269092966077,0.7495955214608399,0.9312028349668731,0.0027244770126372045,0.026596636930062843,0.8384001838461311,0.9217257786010966
markov-few-bursts,2000,83,143,,,,,,,,,0.002969778141446631,0.027775504675012455,0.10802873787574362,0.8905211729592464,0.0030594561946299293,0.027659861723084676,0.16117492475995454,0.8899531859074271,0.003525297146698977,0.027053690366590916,0.4141460431905352,0.8853635639561874,0.004378942691820847,0.02589471382453045,0.6688408283486734,0.8710486853026662
markov-few-bursts,2000,84,163,,,,,,,,,0.007301030744340191,0.026353856447345045,0.8037579450684093,0.8428174810874343,0.007302968404257544,0.02635081699095339,0.8038726156436293,0.8427615141555004,0.007318655571713746,0.026325811597883587,0.8047543236849176,0.8423283087345073,0.007466191265201629,0.026090663808746264,0.8113479273393884,0.8388025833944813
markov-few-bursts,2000,85,198,,,,,,,,,0.0019780860483741393,0.03500567008601709,0.002368097593839556,0.9150336536214367,0.002076866304354421,0.03487565673179984,0.08210855288179154,0.9146807057370577,0.002483288582442076,0.0343295867329902,0.3592638438588651,0.9123117585127003,0.004472102007867088,0.03157425424424023,0.7361291648021715,0.8968969787026122
markov-few-bursts,2000,86,162,,,,,,,,,0.0016650194447488343,0.026239500378679993,0.00019450211278087214,0.925907874427422,0.0017330360188700417,0.026138794065334668,0.06789989814336914,0.9257851099467699,0.001963512121119414,0.02578717713501201,0.3891837378331654,0.9231675282348814,0.0026215961879300404,0.02475437996238766,0.7781565082405949,0.9032179986995723
markov-few-bursts,2000,87,201,,,,,,,,,0.004433905398119373,0.024927329860917426,0.8487962465626636,0.8753137719327694,0.004438718608690042,0.024922381862390812,0.8490807213083817,0.875264097480833,0.004470246945588531,0.02488998022690506,0.8506148816777547,0.8750090957835879,0.004789207920061786,0.02456206029717168,0.8617169736939922,0.8726650075945821
markov-few-bursts,2000,88,188,,,,,,,,,0.007864392914575993,0.025377504862032434,0.48213875843608955,0.9060851400690996,0.007870176069664586,0.02537170590463804,0.4846375664853772,0.9060070167473362,0.007936292115035645,0.025305731580133713,0.5086441943222072,0.9052085815821028,0.00834970905520782,0.024890839721681886,0.6346767645365617,0.8988454113813789
markov-few-bursts,2000,89,205,,,,,,,,,0.0005759093570981376,0.03605002761036573,0.5931365707903038,0.8927164065107673,0.0005859945492456646,0.03603694288305148,0.59996612090774,0.8925254249738126,0.0007029291467169607,0.03588683102286527,0.6546389268610368,0.8906698366904661,0.0016224309869667917,0.0346657766019699,0.7894382813979505,0.8812978797803263
markov-few-bursts,2000,90,192,,,,,,,,,0.001822523453382377,0.02816032201583634,0.002518171326998922,0.9419239216109342,0.001869003160851367,0.0281016868227584,0.13355497435238378,0.9412167865242748,0.002068839590038334,0.027842261797521792,0.5430546795754253,0.935201063899995,0.0030769500591595737,0.026537617651090983,0.8123919416542804,0.9089828578817367
markov-few-bursts,2000,91,335,,,,,,,,,0.0008760024368272398,0.049727488561644155,0.2022260059129556,0.929912205693169,0.00100272140361001,0.049588178834930316,0.24225695570705424,0.9296561062211168,0.0014768831489127305,0.04905661646989041,0.4546767919951382,0.9275071041887777,0.004174628900392875,0.04601851855231914,0.7971253687012378,0.9126340432125662
markov-few-bursts,2000,92,239,,,,,,,,,0.0011056687179774418,0.04240863896519468,0.6256935280618949,0.9061634562156065,0.0011179773061950461,0.042389179638514476,0.6300014900572903,0.9060394060297446,0.0012855284447556088,0.04213393383783908,0.674801903097271,0.9044908421078994,0.002012418977453462,0.04093350274305164,0.7876000862746971,0.8969528186328628
markov-few-bursts,2000,93,224,,,,,,,,,0.0013657615706386622,0.0323018109553376,5.1262899377292494e-05,0.8990181144306729,0.0013547761604361553,0.032311819530310835,0.054768313387959844,0.8988004772250592,0.0012877378110023783,0.03237062803231859,0.4396062412430643,0.8964126397591807,0.0015530661438439535,0.03203928678151583,0.8230060010054636,0.8845252029560029
markov-few-bursts,2000,94,216,,,,,,,,,2.319522830243569e-16,0.026714836380303555,0.4588585766994931,0.9157087967342606,2.231242828058598e-06,0.02671486197878189,0.49637098896525395,0.9151869813752334,2.4291428925278913e-05,0.02670654299656285,0.6397882331579114,0.9120966995283806,0.0002831111289822813,0.02653186662649892,0.7998403648247064,0.9030646727399986
markov-few-bursts,2000,95,90,,,,,,,,,0.005211981958702077,0.013661766219865366,0.7663292877296445,0.8607307399344052,0.005214821047229282,0.013656803631233576,0.7666282408944334,0.8605867636383692,0.005227994342839966,0.013632475438807563,0.7687148045302303,0.8595116122244804,0.005403302724464296,0.013321261575054665,0.7848366944359325,0.8502563286148449
markov-few-bursts,2000,96,178,,,,,,,,,2.319522830243569e-16,0.030936857404175153,0.21661386539563404,0.9083965951896882,1.4381929408100058e-06,0.030936590278713913,0.3333065358050957,0.9070239528780208,1.5143768813850543e-05,0.030935365525970763,0.7022990159959532,0.894958842959476,0.00015553374284955505,0.030728144686240477,0.7949619030032207,0.8845351093926473
markov-few-bursts,2000,97,177,,,,,,,,,0.0006715703506474009,0.03681224743089652,0.707997704767166,0.854633706717653,0.0006871110983221206,0.0367937736611584,0.7095452946806049,0.8544464010168059,0.0009028684876216638,0.03654074894803056,0.7259287537117538,0.8522690952958956,0.0017226798739241474,0.03555420492870408,0.7726132403120338,0.8440855164537738
markov-few-bursts,2000,98,214,,,,,,,,,0.004849975988499158,0.032154280447041,0.3241346810398116,0.9177956031344211,0.004877094068679265,0.032117679498409636,0.33734290053923927,0.9176501430573841,0.005066944994061499,0.031859900414112984,0.43348231075278837,0.9162526877903162,0.005611032495109322,0.031068616979965026,0.7092128783966123,0.904670265289772
markov-few-bursts,2000,99,278,,,,,,,,,0.0012078150495186883,0.043484645262571134,0.0001224980011720091,0.9133198449699996,0.0012162022549577125,0.043474495120839,0.0531282015801522,0.913088798943433,0.0012910646386580856,0.043384688937853876,0.3149301266625307,0.9114381359734216,0.0025892046837308197,0.04183786133041148,0.7493855417765463,0.8999376812801705
