model,scenario,N,r,M,bursts,LR,ll0,ll1,it0,it1,tr0_maxgap,tr1_max,tr1_argmax,tr1_first,LL0_th1,P0,P1,L1step0,nev0,nev1,th0_mu0,th1_mu0,th0_mu1,th1_mu1,th0_s0,th1_s0,th0_s1,th1_s1,th0_A00,th1_A00,th0_A11,th1_A11,alt_onset0,alt_onset1,alt_persistence0,alt_persistence1,seconds
hmc_dn,markov-null,500,0,47,10,6.1977520630650815,-619.8047660535874,-616.7058900220549,32,34,0.0,3.1052490802272814,9,2.2737367544323206e-13,-619.9628335195812,-616.7018001573156,-616.6718163013659,-618.1314275448107,35,46,-0.5533271080826629,-0.6235553676278074,1.285567091670405,1.2577176766140319,1.1337541849022366,1.0997393912930697,0.9503737032470974,0.9516718660562007,0.9074837900477425,0.9114032300100765,0.8661855613691872,0.8769997095076906,0.0392400906747942,0.00020106702865761565,0.81769696800136,0.6868866489203772,4.100613832473755
hmc_dn,markov-null,500,1,40,7,1.2219002004719641,-573.6202636262756,-573.0093135260396,46,38,0.07702420807163435,0.6146442993695018,4,3.410605131648481e-13,-573.6422614951636,-572.9870653819501,-573.0045405299326,-573.0808140114721,12,13,-1.0662345580651678,-1.0642816115496592,1.160681938870178,1.1654680764590553,0.9983176437253088,0.9980905816118285,0.8211409992008426,0.8179563315052256,0.9266931174930617,0.926298062605129,0.8992798180848306,0.8991908948497556,0.018607842513076154,0.010349839494873597,0.7729862754471883,0.9007760364933227,3.4682958126068115
hmc_dn,markov-null,500,2,41,11,0.3743178362974504,-617.2682382344619,-617.0810793163132,63,43,0.08453741844084561,0.18966913573888178,10,3.410605131648481e-13,-617.2860250806566,-617.07762322386,-617.0808005902172,-617.1535973796315,13,11,-1.0471611898065518,-1.0408275748090927,0.8034763044495518,0.7911684082868662,0.8347861134595066,0.8384811153365572,1.108852927579157,1.1203061441301323,0.8798624694369169,0.8799284288515503,0.891449124848649,0.8906213380935002,0.03149022081947788,0.017062981769357152,0.714585995597519,0.7492555768715914,4.132550954818726
hmc_dn,markov-null,500,3,30,11,3.328903142446052,-649.3242469907061,-647.6597954194831,35,25,0.0,1.664451571223026,24,4.547473508864641e-13,-649.3339763641984,-647.6552262310586,-647.6407323204202,-648.013859812359,11,14,-1.0005800264008604,-0.9937964246147839,1.3742781807797666,1.3942068025722252,1.0414725056486778,1.0413327852282717,0.9499263747651788,0.9390320792835876,0.9272437504727715,0.9262505825430061,0.8735095599231713,0.8734058370859594,0.01913778744083763,0.030560343771788533,0.4673353969874873,0.8214580814254313,2.5767977237701416
hmc_dn,markov-null,500,4,55,10,1.4179961444679066,-606.5469723403646,-605.8379742681307,23,44,0.0025912907577776423,0.7089980722339533,43,-5.684341886080801e-13,-606.5435959784517,-605.9350233138106,-605.8337660117056,-606.165943084613,13,13,-0.979822308642534,-0.9498943721254439,1.1028991507406598,1.1207886325095893,0.9066417741992552,0.9227340655556571,0.960422654757471,0.9569162030669377,0.923056082794885,0.9274365693791815,0.9287201599372639,0.9257926685581943,0.0333665082233556,0.01237784006602842,0.8482934992813008,0.7236921316364242,2.986539840698242
hmc_dn,markov-null,500,5,43,6,5.4684894809090565,-596.3356847514867,-593.6014400110322,36,72,0.22743277336678602,2.7342447404545283,71,1.1368683772161603e-12,-596.5238338538084,-594.1206788192324,-593.4093714265333,-596.0983479293052,41,47,-0.6052336019202431,-0.6256093783305876,1.2698849693271765,1.2340321133772607,1.2370422703871504,1.2326310132975633,1.0108697663934338,1.0199627781119989,0.9345232456428504,0.9224810333479075,0.8159358890058261,0.8355227889058667,0.00014699658228252443,0.037927139232065414,0.6474032200888861,0.9959000853128378,5.317387104034424
hmc_dn,markov-null,500,6,24,6,0.5654495938840682,-582.6273438904648,-582.3446190935227,58,48,0.024828019470874096,0.2827247969420341,47,9.094947017729282e-13,-582.5909628952188,-582.3924084318629,-582.344328660114,-582.4541571476019,13,11,-0.7810904513165776,-0.8137934212291408,1.0466712733025607,1.0229630666961853,0.9670925533314025,0.9543033579455178,1.0414724869478906,1.0436962161836156,0.8933860420830741,0.8921037440882724,0.8952115575546656,0.8991282453492845,0.017536543847857116,0.00786059975188275,0.7291933378314965,0.7643295800534871,3.903792142868042
hmc_dn,markov-null,500,7,52,8,-0.9562368820709253,-563.7715156828865,-564.249634123922,62,36,0.2435263088249826,0.03521374213210038,1,5.684341886080801e-13,-564.423739688392,-563.671977960526,-564.2487370066359,-563.7362984451155,14,12,-0.8895118355767317,-0.9726196699308578,-0.11150838460676722,-0.09571725933728709,0.9422754564954876,0.9294047812407352,1.2954929364381271,1.2820114478711055,0.778178368748089,0.7832847679656033,0.932810647301374,0.9342504575681335,0.029841469461436936,0.014050175942544547,0.8732706630828437,0.8324175884848055,3.577134132385254
hmc_dn,markov-null,500,8,56,7,0.03581642090216519,-539.0875046757658,-539.0695964653147,59,35,0.02157753816265995,0.026423546508567597,2,1.1368683772161603e-13,-539.1047888933496,-539.0540736362843,-539.0694552766153,-539.0639128717708,11,10,-0.8894993108462672,-0.8990255836364914,0.831346611911175,0.8295644168485862,1.136081639171211,1.132401660022041,0.7594539655129127,0.7590727960266288,0.9282172803805,0.9287131297231276,0.9217130513491396,0.9224895720355399,0.016325633617966052,0.014701292286070127,0.8852976381283619,0.8549521656612619,3.527099847793579
hmc_dn,markov-null,500,9,56,6,3.4341050935057638,-511.3160667848734,-509.5990142381205,112,66,0.7481612386249594,1.7170525467528819,65,-5.684341886080802e-14,-510.8057294170536,-510.76505618077977,-509.588570895831,-511.1735313146163,13,11,-0.4100954313948221,-0.6987195416846577,0.416471896418427,0.582001182180651,1.153020408349301,1.0005483784295979,1.2508127763150023,1.1778653507427648,0.902021995296907,0.8988747126265033,0.9080489249365615,0.9247585506419669,0.01594554352692187,0.01089453362609182,0.7469779395487758,0.9589907746207041,6.720423936843872
hmc_dn,markov-null,500,10,31,7,8.830948208905056,-555.6767016530987,-551.2612275486462,36,19,0.12756869813625826,4.415474104452528,18,1.1368683772161603e-13,-555.4923958820541,-551.5174847334415,-551.207044833127,-553.3034609247358,45,50,-0.6591183820430924,-0.7295490936355887,1.274046142476227,1.2584988645570974,1.1637795498992156,1.1389921983622926,0.926728958263288,0.9278482898176963,0.8645536320942051,0.8670431225936708,0.9259145457777349,0.9264114950577504,0.04433770481761535,0.000200838042643467,0.8535079758619639,0.5991522112073586,4.0968358516693115
hmc_dn,markov-null,500,11,42,12,11.724319511849217,-589.6802146055247,-583.8180548496001,149,39,1.2336260790589222,5.86389356022778,25,1.1368683772161603e-13,-588.4880624671531,-587.517468874969,-583.1855849158866,-589.1320302525778,48,51,-1.7414017785805656,-1.3647858457576738,0.5474038438215872,0.7835075291712625,0.6013166476222187,0.7342150376262842,1.189441209665069,1.073904769433489,0.6849262769352015,0.8597594390923803,0.9571370276679352,0.9587374931868183,0.03340985862417486,0.023783314472585682,0.16347057484226085,0.8242139441306692,8.527080059051514
hmc_dn,markov-null,500,12,52,11,5.723672513208157,-610.9136771839437,-608.0518409273396,37,52,0.0,2.8618362566040787,51,5.684341886080801e-13,-611.1159816483811,-608.1142494499317,-608.028435477568,-608.8606602434043,19,52,-1.1474681481906837,-1.0592590748731028,0.8897778365062172,0.9204752717821801,1.0250830326566713,1.0728156614341786,1.0694088820279624,1.0763618825129615,0.9017200047628952,0.9088108143518622,0.9047162557731202,0.8961686584266436,0.04693501743442764,0.0010552487232153103,0.7583674663989299,0.8661819421335777,4.66458797454834
hmc_dn,markov-null,500,13,30,9,2.8786207588366324,-605.3708872818064,-603.9315769023881,17,12,0.0,1.4394862900556973,5,-1.1368683772161603e-13,-605.3763873136195,-603.9221471139274,-603.9179286118176,-604.0920618043659,10,9,-1.1564152595430386,-1.1557603132745726,1.1103788440076292,1.1117178514256727,0.8869038519524071,0.8870202436852109,0.8908291805816407,0.8899826557709447,0.9112177077586313,0.9128996022364937,0.8914700862156494,0.892067177389162,0.016909014060178158,0.021715932737631498,0.79870441782969,0.48650430219954155,1.651318073272705
hmc_dn,markov-null,500,14,81,11,0.5194269083417566,-601.3070117690203,-601.0472983148494,76,445,0.11636592404113344,0.2597134541708783,444,-3.410605131648481e-13,-602.0605179203645,-600.9977903708287,-600.9815935891818,-601.1576590411945,14,21,-1.2442726874065564,-1.118205809226747,0.7317846524882405,0.5136170660461189,0.8388392382736428,0.8083889901311113,1.3087680500704915,1.4374011796168888,0.7724059211635043,0.6153785852678297,0.920878349662168,0.9072650094981981,0.02615500605329776,0.02582901117966361,0.9788877177514236,0.8327398969204372,29.810897827148438
hmc_dn,markov-null,500,15,47,10,3.378394033628183,-627.1973149542368,-625.5081179374228,49,33,0.3825454588186403,1.6891970168140915,32,-1.1368683772161603e-13,-627.0647402228616,-625.6850593950256,-625.5079333671127,-625.87002055521,14,11,-0.7751402016511459,-0.8124978875303981,1.3500324766549974,1.3234855053393433,1.0118566526850448,0.9946467334935548,0.8691797670313726,0.8778171103256844,0.9100165068510963,0.9077747272046786,0.8950844579008136,0.8962932301566275,0.03548626808970213,0.007194360611148039,0.7811336426007394,0.7910771768091027,3.5397861003875732
hmc_dn,markov-null,500,16,25,7,3.380865935457223,-603.6071872009578,-601.9167542332292,107,106,0.0661331816332904,1.6904329677286114,105,1.0231815394945443e-12,-603.4547186279349,-602.5175385049437,-601.9017126433176,-602.8552340116969,24,16,-1.164945964285356,-1.0002829050299127,0.7063278473326602,0.8985233170259197,0.8186377150686975,0.9061621575320737,1.1799798364854646,1.1315820267676455,0.8853053383329113,0.9154203467401408,0.9157574477176156,0.9098687653440112,0.02011609537187943,0.008784223966239055,0.5444789754174552,0.8552797376499509,7.779533863067627
hmc_dn,markov-null,500,17,43,10,1.349700315950031,-627.7744259388882,-627.0995757809131,42,25,0.0,0.6748501579750155,24,-3.410605131648481e-13,-627.8564221357551,-627.1316133695364,-627.0727765467363,-627.4229334835989,14,12,-1.0419072859565819,-1.0146969264998935,0.9919196312231183,1.0266135591308556,0.8814115175201187,0.8859546337911709,1.3256116139124743,1.3161378493064029,0.7936208528989948,0.8070324310244764,0.9045541382512482,0.8979452678427771,0.023326801279857583,0.021021900383205443,0.9047298486647618,0.663690281264286,3.321640968322754
hmc_dn,markov-null,500,18,18,5,4.465523890364466,-619.9725140402575,-617.7397520950752,57,41,0.058718735006323186,2.2554287793309413,5,-1.1368683772161603e-13,-620.0544254820998,-617.6694118515159,-617.7239005200764,-618.2812764371827,45,49,-1.290347316783941,-1.3076245871742032,1.0098362356453454,0.998960492212714,0.9445126203767689,0.9333954873367851,1.0022559654615928,1.0029812457924736,0.9026352996642072,0.9038244976657724,0.8824056061199956,0.8854190639243997,0.019197357148309637,6.538812182941196e-05,0.7038901525595547,0.7656141517675387,5.0281641483306885
hmc_dn,markov-null,500,19,22,8,4.796705846281611,-639.2002956987559,-636.8019427756151,42,19,0.031759832161014856,2.3983529231408056,18,2.2737367544323206e-13,-639.2196030665989,-636.7708282469533,-636.700497173007,-638.1374463215121,13,13,-1.3279265353423824,-1.324269754445616,0.8113585220720785,0.8134148535151835,0.794792652874331,0.7966581085801607,1.013805002500097,1.0135640987449863,0.8771336807737785,0.8839033108353466,0.9196959862800135,0.9208623096292499,0.020733948954011105,0.013765796396793617,0.8399694021152286,0.28497640709752614,2.280163049697876
hmc_dn,markov-null,500,20,45,10,0.4895269628350434,-608.5217268153973,-608.2769633339798,33,37,0.0,0.2447634814175217,36,-1.1368683772161603e-12,-608.5331091380409,-608.2930481269597,-608.2737548403486,-608.3508288740877,12,10,-1.0401013318176253,-1.0277482229082129,0.9409890282093651,0.9482107318092021,1.0797763534961857,1.0862350633639595,0.8965992319654889,0.8964854630861064,0.9132150985465195,0.9136660300890884,0.8454424558264247,0.8384291064339903,0.02186739598303012,0.02188560019894777,0.8335308434276896,0.7115903192256695,2.844092845916748
hmc_dn,markov-null,500,21,40,6,0.3632188245474026,-559.9046890450097,-559.723079632736,43,20,0.00017684426205732962,0.1816094122737013,19,-1.1368683772161603e-13,-559.9173433321353,-559.7192244551308,-559.7198022102593,-559.7835689762422,13,11,-0.7912205778233126,-0.7896929202434126,1.212933195132213,1.2197242718578973,1.0388244137955014,1.038870484200931,1.165024649152202,1.1630509736557615,0.9422317199544463,0.944025325245303,0.8529945102510107,0.8526571288237795,0.013764150105891406,0.010934382908250457,0.8740942734514987,0.7711877433396019,2.766948938369751
hmc_dn,markov-null,500,22,35,9,2.4656428098403467,-596.1554157659721,-594.9225943610519,53,12,0.0019211666186720322,1.2328214049201733,11,0.0,-596.1919698182778,-594.928111395844,-594.9055792532389,-595.2434354863352,11,11,-1.3771784057313208,-1.3867290499573737,0.29469291412269355,0.29568124683210456,0.5812955537407831,0.5733397293012168,1.2736741081457452,1.2716908125629445,0.8172632269054808,0.8262124522712003,0.944601141184558,0.9448426444330674,0.029856083606302115,0.016109569886824045,0.8998365768945158,0.6442680169638072,3.3489511013031006
hmc_dn,markov-null,500,23,68,8,6.119150612813883,-564.3887391607151,-561.3291638543081,29,107,0.005196447639377766,3.0628328996706387,64,-1.2505552149377763e-12,-565.4052556384418,-563.2889333771318,-561.1748512916948,-563.9338848043644,19,49,-0.7705125720388797,-0.23906800501900233,1.039385964703809,0.10653092743844825,1.0467984184358108,1.4018673424005195,1.0978184585045843,1.358317517168505,0.8773214474500797,0.7824501092559292,0.8105848856662142,0.8319028610896299,0.04164066494511749,0.0003289247543170163,0.7385976353027176,0.9924395960244287,10.668971061706543
hmc_dn,markov-null,500,24,53,10,2.749560115324357,-563.7525333072349,-562.3777532495727,65,42,0.0,1.3747800576621785,41,-4.547473508864641e-13,-563.7647762312155,-562.3968945443249,-562.3545837308642,-563.0298820430442,51,49,-1.1955975943107249,-1.2127652408106169,0.7159190440825973,0.707856684858148,0.7937340003966538,0.788341912970394,1.056190797049649,1.0581507410945095,0.8236444733369361,0.8208087876008054,0.9445494441476977,0.947571960937827,0.0004338873255293967,0.02924533027097126,0.8202867299111763,0.8094054920401073,10.561927795410156
hmc_dn,markov-null,500,25,84,7,2.611914127824548,-527.7003083458211,-526.3943512819088,59,48,0.35461442761163653,1.305957063912274,47,1.1368683772161603e-13,-527.4153857669182,-526.825554947722,-526.3767284019707,-527.2134463219877,53,40,-0.3890299555775843,-0.45864765184293255,1.5128722335108156,1.484340575933636,1.1654934207373358,1.1302974273851765,0.6701074025883584,0.676510180504571,0.9338139711748283,0.9325861945528858,0.7969305035193387,0.8198045403415961,0.02322629169736945,0.0004569088021032327,0.9121058654979888,0.9302487899786528,11.39850115776062
hmc_dn,markov-null,500,26,66,11,7.235955563443667,-590.0372984607021,-586.4193206789803,44,44,0.11729596487776917,3.6179777817218337,43,5.684341886080801e-13,-590.1988202415222,-586.5362126365402,-586.4146398501758,-587.4671119489775,27,19,-0.8340802911986415,-0.8534890239989454,1.2509351868075613,1.2565011300781166,1.0268446156328175,1.0094038490578825,0.8299060550420025,0.8207424291004269,0.8986460954181016,0.8967733261274314,0.8767798689274364,0.8841041761891657,0.002008094112779225,0.0550401780158783,0.8844146854118002,0.8077096587879884,9.211443901062012
hmc_dn,markov-null,500,27,53,11,4.452802374091107,-598.1748501982117,-595.9484490111662,56,41,0.0,2.2264011870455533,40,-1.1368683772161603e-13,-598.0163324332284,-596.2028327219402,-595.6648884301086,-597.239986391915,55,52,-1.0297240914962096,-0.9463075927192052,0.8191841370453492,0.9384649529432323,0.9614483524928367,0.9758058273233347,1.1355927132501134,1.1130174824980312,0.8804966366744057,0.8907676800908406,0.8923300646875931,0.8920849495061787,0.010459244121022985,0.040439853205418465,0.4770832358949642,0.8648375894120074,11.42833161354065
hmc_dn,markov-null,500,28,45,8,0.17320434409612062,-631.0312102177019,-630.9446080456538,50,35,0.0,0.08660217204806031,34,5.684341886080801e-13,-631.0186644502023,-630.9572733983483,-630.9436908338934,-630.9869764235102,14,46,-0.8417952783412455,-0.8417792934270876,1.1233913498103087,1.128919714232484,1.1309963876735423,1.13007218144422,1.0953743712907742,1.0919662208656589,0.8911604384973437,0.8922438670122568,0.8160173108435558,0.8159982157255801,0.01572152998965815,0.02038334406913709,0.8418328905332708,0.7885258996353098,9.174518823623657
hmc_dn,markov-null,500,29,39,9,2.1007217882756777,-577.7664930149292,-576.7161321207914,71,109,0.07514828519776984,1.0503608941378388,108,1.1368683772161603e-13,-578.0302890743945,-576.1794714656206,-576.0254832399497,-577.6834264812268,36,38,0.08590509662078272,0.10171960116210055,0.22531335626319676,0.18036178720192306,1.3662338384119639,1.3753394056112456,0.8735544483067718,0.8388286618411172,0.914852221385429,0.9104152738057316,0.7591500731273736,0.7889586085946129,0.012073014107215133,0.039473522785220344,0.4597212416783939,0.9620803603811858,15.307843923568726
hmc_dn,markov-null,500,30,57,13,3.4467204627571846,-578.5880974350673,-576.8647372036887,60,36,0.0,1.7652285408644275,5,3.410605131648481e-13,-578.844496812203,-576.8598674344831,-576.8635027303828,-576.9415750548966,11,11,-0.8954486314351952,-1.0284537828315303,1.2626674921524845,1.2128153012225196,1.1498552716948967,1.0782440947078042,0.8383960519082674,0.843965632886799,0.9457090546675232,0.9426445682419038,0.9339888799713121,0.9409249839825354,0.04340670385017067,0.014376480615234147,0.704198742742344,0.8314760710915216,8.634889841079712
hmc_dn,markov-null,500,31,19,6,0.3160141279765867,-563.1708830135892,-563.0128759496009,38,22,0.3293377619772855,0.15893480228442058,4,5.684341886080801e-13,-563.1712150525649,-563.0249690433869,-563.0099407542489,-563.0514224829813,11,10,-1.1496330489991915,-1.1580919283465216,0.6372567251518837,0.6404967777396792,1.057805373084675,1.0484301356052943,0.821790988591741,0.8211390340829815,0.9218562641689614,0.9218905115825878,0.9350870532039417,0.9353566456737826,0.014755836982551403,0.010416107785725546,0.6596559568575087,0.762199007063978,5.407588243484497
hmc_dn,markov-null,500,32,17,5,0.4168131079018167,-567.5960335182915,-567.3876269643406,66,344,0.0,0.20840655395090835,343,-2.2737367544323206e-13,-567.509204173309,-567.5221967525194,-567.3838238635066,-567.5718915195017,14,13,-0.9359718397004996,-0.9874032150025429,0.7607601420223024,0.6657548733376136,0.9990080692680566,0.9944734890996314,1.0237720936169812,1.060754892464648,0.9289623425532378,0.922664251348044,0.9247971840880261,0.9299210905165288,0.0153284760094512,0.005908681200256309,0.7352336036337768,0.6458237261321039,19.056716918945312
hmc_dn,markov-null,500,33,29,7,3.0711233472318327,-598.6027217143325,-597.0671600407165,56,19,0.0,1.5355616736159163,18,-5.684341886080801e-13,-598.6325622431506,-596.8372301254982,-596.8072623866507,-597.6969954669322,65,39,-0.4630838303546325,-0.4753028925590525,1.644103346461769,1.6375847329057593,1.1351568954842317,1.127796092229901,0.563878756451319,0.568276081351171,0.9510222081519456,0.9521567093484459,0.8296030813981036,0.834060577858863,0.019180855684684087,0.0002093136843883425,0.782969656039505,0.503733353744271,9.122827053070068
hmc_dn,markov-null,500,34,31,5,4.1842660518873345,-525.7420270258863,-523.6498939999426,128,102,0.04219371876297373,2.0921330259436672,101,1.1368683772161603e-13,-525.6993282079357,-523.8081785218907,-523.6310460480141,-524.1301553178823,51,46,-1.1715831040809412,-1.095356867954816,0.5087921857889943,0.5839670494325736,0.7431924098062203,0.7749508606011454,0.9311199003626912,0.9014351538687074,0.9095627180471109,0.9198285005547809,0.9495716626871784,0.9470360747588528,7.77689638579063e-05,0.017941496765267864,0.7877029865771504,0.8421846161214467,14.297902822494507
hmc_dn,markov-null,500,35,56,8,6.496332104790099,-578.552271117237,-575.3041050648419,70,84,0.5422812962023045,3.2481660523950495,83,6.821210263296962e-13,-578.0535787979454,-576.0712808645537,-575.2813952249659,-576.6317850857531,46,52,-0.48223871408872837,-0.5864693406637307,1.5660605323581778,1.4503794043882792,1.0380870119557428,0.9906931930181025,0.8192555614143516,0.8467595797527807,0.945279858910843,0.9390629433260143,0.864001718597193,0.8751094352344968,0.027384289120817563,0.00015409272290769642,0.8760223661100772,0.7893114163181997,10.348800897598267
hmc_dn,markov-null,500,36,47,6,2.7549989985723187,-574.0946355446433,-572.7171360453572,218,116,0.0,1.6626152144327762,12,-1.1368683772161603e-13,-574.7006683738562,-572.3398245703776,-572.685910117666,-573.1564756412992,62,46,-1.6425846168444072,-1.428482508751256,0.536631979994969,0.8659537550173199,0.7968717025266825,0.9020466374059933,1.2010419789474083,0.9884796629501514,0.8499633574323322,0.8968449364218377,0.9397853468175935,0.9268027922875925,0.00019801991170640762,0.02256018130204899,0.949021904500347,0.8310549293158371,15.234703063964844
hmc_dn,markov-null,500,37,35,13,1.4518935912869892,-685.8272552365196,-685.1013084408761,117,25,0.840956065676437,0.7259467956434946,24,-1.1368683772161603e-13,-685.846858445433,-685.1026594217317,-685.0718332969245,-685.4179539583685,19,13,-0.6175064177311043,-0.6372702378640465,1.543861765746526,1.5562149369835538,1.4523750809125697,1.4381799598681495,0.8800124514692403,0.8718382618167835,0.8922437477368155,0.8890263355183718,0.7801302103755999,0.7836839657698166,0.029857551538949423,0.02352807074079351,0.5358457106758105,0.819192482924584,5.756775856018066
hmc_dn,markov-null,500,38,35,9,7.12452282442996,-590.0197374387127,-586.4574760264977,37,103,0.1492272200894149,3.606585273893529,13,5.684341886080801e-13,-589.7558853136586,-586.7427126129049,-586.4289826220183,-587.2864356734764,50,51,-1.068290049350319,-1.0484604173025773,0.8933803976645159,0.929426224427509,0.8751860878985742,0.8835706673099496,0.9556100548336111,0.9353731734262829,0.9235247502665446,0.9205795563435194,0.9155313394749729,0.9127251928688787,0.0005871741599218054,0.041648553059586986,0.7117439240109587,0.7473275030507017,6.94884991645813
hmc_dn,markov-null,500,39,31,7,0.9531016082412407,-650.8260775527942,-650.3495267486736,39,24,0.02865229659880697,0.47655080412062034,23,-1.1368683772161603e-13,-650.9306811865334,-650.2716542346892,-650.1714688185883,-650.638202991537,22,57,-0.7856919802205538,-0.745518625100753,0.6909117956601419,0.6793638476976345,1.1776978126860078,1.1918031529526392,1.4943979868665558,1.5263075955739402,0.8962920383473016,0.8923855370316903,0.8216238917709151,0.8142523192645503,0.009027962550796272,0.02490845584762138,0.6602810726712229,0.9093586442338029,3.672222137451172
hmc_dn,markov-null,500,40,68,13,2.139335788353492,-568.3097990783215,-567.2401311841447,71,59,0.10630370180905402,1.069667894176746,58,4.547473508864641e-13,-568.2295166019526,-567.4512834084372,-567.2311883423912,-567.9175854744552,12,34,-1.1392989418509765,-1.0899237156607406,0.7263763053781203,0.7700956859422121,0.878818278779383,0.8964823003142512,0.9539923593240806,0.9407185234467317,0.8911145294637225,0.887659287008271,0.9118051847762312,0.9092059902909766,0.019895433634520256,0.03811894609793516,0.6661684918571511,0.8840808879427896,5.643410921096802
hmc_dn,markov-null,500,41,22,7,-0.17934824746225786,-620.1388364070548,-620.2285105307859,83,59,0.0,0.10555241603299237,1,0.0,-620.3750152075118,-620.0212598939432,-620.2273090808391,-620.0332885195454,12,10,-0.8877133831121198,-0.9253423613761516,1.4037537349136773,1.3496315137495238,1.0714827031097984,1.0528309397825824,1.0742020789081803,1.0923736871949608,0.9206360370825849,0.9183247351668566,0.8566186186617373,0.8641433622594226,0.016256126519781356,0.011757993515219079,0.6377896449461187,0.7218023182316956,4.990777015686035
hmc_dn,markov-null,500,42,33,7,1.902071178167489,-590.2181129605306,-589.2670773714468,56,51,0.0,1.0009535800077174,4,-4.547473508864641e-13,-590.3488714442324,-589.1855330692528,-589.249911396363,-589.4101640352571,14,21,-0.9477005859729883,-0.9760741426787651,1.2520863508657363,1.2287933282316246,0.9349525585131871,0.9178701534333661,0.8845459773817376,0.892993870811549,0.9214305090507566,0.915992682115838,0.8963990220632589,0.8960356601353865,0.02178027783604531,0.0066015694003032374,0.7252881138719193,0.9004691074072074,4.320152997970581
hmc_dn,markov-null,500,43,13,4,2.9726250907735903,-609.7188062898248,-608.232493744438,88,31,0.017506384189800883,1.487302203785248,12,-4.547473508864641e-13,-609.7790603199347,-608.1288103148163,-608.1260124218602,-609.1238293599291,35,49,-0.5966408687232762,-0.5836523190835998,1.1633553630506142,1.1590047897425269,1.2347825589517585,1.2449303002197607,0.6394298877477728,0.6378320518313905,0.883235556191625,0.8861405099968919,0.86938431225478,0.874661571117581,6.000315193805255e-05,0.01760571526239876,0.5103296359795495,0.7322884732366151,5.232408046722412
hmc_dn,markov-null,500,44,42,7,-0.13017014262095472,-619.7276278165234,-619.7927128878339,77,88,0.0,0.230310410675429,5,-1.5916157281026244e-12,-620.174051092979,-619.450632625501,-619.7821815896037,-619.623469993368,11,11,-1.0152564688692767,-0.9918046498996103,0.9274445765584212,0.9814508141050671,0.9952741741159056,0.9947436253755414,1.1773239585744766,1.1571617413740196,0.8679234374178856,0.8791090356805134,0.8795800369062996,0.8732386960101435,0.020320536830769825,0.00979765652898046,0.9025558213001998,0.7519811394858392,5.904545783996582
hmc_dn,markov-null,500,45,56,10,8.230675182733648,-603.9656886108573,-599.8503510194905,69,124,0.15337873462726748,4.115337591366824,123,1.1368683772161603e-12,-604.8425183218578,-599.4435695677682,-599.1666611075124,-602.1315237628683,53,41,-1.309724474540594,-1.3524069312440548,0.9462404361311257,0.8791940188163374,0.7500041577976696,0.7345647941365149,0.8828049317639809,0.9312278598541743,0.880895221270533,0.8822914417918978,0.9124408075000878,0.9021914279686392,0.050697492234198296,0.002223495357793852,0.9665843690925644,0.4038481684223419,9.387422800064087
hmc_dn,markov-null,500,46,33,5,1.8535618017715478,-551.973353374304,-551.0465724734182,46,41,0.0,0.9617065101339222,5,5.684341886080801e-13,-552.133853446165,-550.9903200241747,-551.0343147744842,-551.2792934942983,12,12,-1.0843046372259895,-1.051308342352082,0.8450723332188634,0.8719809339096296,0.8046268152201311,0.8207571634778849,0.9220310021561067,0.9126174302498286,0.9061650337270152,0.9084782671268846,0.9263658506830772,0.9246852259922537,0.017852913413986905,0.004670412531372578,0.7584857935492522,0.9311610250530771,3.486510753631592
hmc_dn,markov-null,500,47,43,10,2.0048560820514467,-645.2798727360581,-644.2774446950324,33,32,0.02640635484044651,1.0031916559132696,12,-5.684341886080801e-13,-645.2961879102609,-644.2812759143334,-644.272857346374,-644.6271561848124,19,12,-1.1057018529741218,-1.0933305467565682,1.2827296423785675,1.2941799607685995,0.8718813840701923,0.8792735801101943,1.0194579680034188,1.0164187876146005,0.8871787436020785,0.8887470883893644,0.8721786130703619,0.871193759809342,0.033587416034261845,0.00858564689079182,0.7164962942064305,0.8455333276385614,2.843791961669922
hmc_dn,markov-null,500,48,57,13,2.2518708595935095,-610.559297614155,-609.4333621843582,27,38,0.0006659481985025195,1.1259354297967548,37,0.0,-610.611812631597,-609.4717021296558,-609.4248525135317,-609.8528999414254,26,11,-1.01222465713328,-1.004878137169695,1.0992974828068507,1.1098040745583957,0.8356107620297039,0.839168542406751,0.9824575336266635,0.9777099868076587,0.9096628366742351,0.9049749864547195,0.902197046642589,0.904369219949039,0.015294469526461041,0.044352839358975577,0.6559628609042186,0.8372328086839418,3.313957691192627
hmc_dn,markov-null,500,49,49,12,2.7702723419276936,-618.7037756686452,-617.3186394976814,122,253,0.012140496576080295,1.3851361709638468,252,-2.2737367544323206e-13,-618.771272346287,-617.1726306255105,-616.9385100535759,-618.3395500115932,46,38,-0.4977062349853489,-0.5372712959338408,0.6341126381757454,0.6680934651561012,1.1861251220252909,1.1701039749629691,1.2399252741491957,1.222299756625004,0.7508538647889967,0.7417456851387105,0.8563400543350734,0.8647637638429262,0.005688978157932737,0.03782044099003554,0.4075227301690316,0.8660788819054219,26.215816974639893
hmc_dn,markov-null,500,50,70,11,1.8053020806139557,-571.9251833855506,-571.0225323452436,41,38,0.0,0.9026510403069778,37,-1.0231815394945443e-12,-572.4713078425309,-571.262904610038,-571.0131427845117,-571.6317905700788,11,11,-0.6612359796769478,-0.697369433359381,1.3628141634597308,1.343471941440555,0.9590369515057962,0.9302531143525462,0.6460716755680219,0.654131934216479,0.9464503970004446,0.9402325292554444,0.8284768050591429,0.8590096021659194,0.018542715923140305,0.04533057209177433,0.725739709320822,0.9426196074623515,3.3244359493255615
hmc_dn,markov-null,500,51,86,11,7.510861366905601,-517.7306434279913,-513.9752127445385,49,35,0.09326253983095967,3.767446478644956,6,-2.2737367544323206e-13,-517.901666657666,-513.8736299669739,-513.9472659144581,-514.7531011288158,50,61,-1.397345819434668,-1.4246792801062709,0.7520031857395366,0.7344816313691044,0.7920138249554964,0.7826018203414906,1.0099946087088687,1.012040226627544,0.9123510006843378,0.9078305873677753,0.9528932324471738,0.954198403717223,0.00024344584873272607,0.042299565757849523,0.8858595171877992,0.8696264487027252,8.533146858215332
hmc_dn,markov-null,500,52,34,5,0.729200222496047,-596.2912445960284,-595.9266444847804,28,19,0.0,0.3646001112480235,18,-4.547473508864641e-13,-596.2678114026971,-595.9624036445642,-595.9245369054238,-596.0513343276623,12,44,-1.2812241023424649,-1.2881580435768818,0.9589307476026663,0.9537903764190233,0.8729291785315684,0.870227885358228,1.1456809199249969,1.1459616256152525,0.9007653303451532,0.9029633929450522,0.9198625939934424,0.9202266428078678,0.015503249532834761,0.006734426123145129,0.8755563684415936,0.7931099639729616,4.251953363418579
hmc_dn,markov-null,500,53,44,8,3.674424879651042,-588.9113909602358,-587.0741785204103,11,102,0.0,1.837212439825521,101,-4.547473508864641e-13,-588.9827238456551,-586.9984186455622,-586.7408993508906,-587.9807698173056,35,49,-1.1944221109944677,-1.2023199154887583,0.9216563817688437,0.8963838494980895,0.8790113310772933,0.8782586684581905,0.8671653107656511,0.8883771567357084,0.8999533867188493,0.8958786017848278,0.9001738158967562,0.9079847711698571,0.0007548788910353764,0.03384694784242823,0.5692212599362305,0.8558083596812692,10.507486820220947
hmc_dn,markov-null,500,54,53,10,0.029123663186510385,-595.0826828281098,-595.0681209965165,40,96,0.0,0.30563164826492084,6,-3.410605131648481e-13,-595.8525822848052,-594.7165290599235,-595.0535021328956,-594.9751909266329,12,12,-0.72863132563503,-0.7786710679037907,1.2193498305606525,1.197419171219074,1.0962288464424985,1.0679429849924942,0.8173284845613682,0.8130408148522502,0.9255337570912477,0.9180918079514581,0.8208032763577117,0.8434423803952471,0.014391135067747621,0.03916785902906944,0.6970150607177988,0.9040367319371247,11.146456956863403
hmc_dn,markov-null,500,55,49,8,6.097542207093056,-603.5671946460084,-600.5184235424618,33,43,0.01103963250727702,3.048771103546528,42,-1.1368683772161603e-13,-603.7006847094367,-600.7775374987526,-600.5051519565669,-602.1189155136426,17,17,-0.7230983666680221,-0.7491197168933301,1.671750790865091,1.6614338285704582,1.158930556281484,1.14054580477946,0.6664217765713017,0.670281149787615,0.9444304886727262,0.9383010770541291,0.8820327900242048,0.8901960383919151,0.0015719536365240822,0.048136123283155974,0.7196691069147467,0.9227870966679349,7.53639817237854
hmc_dn,markov-null,500,56,51,14,0.19151893111347817,-580.2618859523648,-580.166126486808,152,62,0.08430324765993191,0.17690124948103403,4,9.094947017729282e-13,-580.3912438160984,-580.0729385242664,-580.1647658723699,-580.1341978748544,11,10,-0.8762973987079631,-0.8293790746283607,1.1959822618797569,1.2472236819073943,0.9920658190281626,1.0149265866168131,0.878219523739189,0.8571769350884044,0.9374489265841314,0.9412629761251233,0.9046155734276627,0.9029226528009695,0.029611264404665466,0.03317358274754454,0.6836360531515117,0.7921638617114662,17.86268377304077
hmc_dn,markov-null,500,57,38,6,1.4792865474610153,-643.7640879105072,-643.0244446367767,47,49,0.0019137376239086734,0.7424735684793404,13,-7.958078640513122e-13,-643.8334532083344,-643.0145453917938,-643.0095109970598,-643.3378949871654,15,13,-1.2510374830320563,-1.2926092637797888,1.0892954850688954,1.0373101830960005,0.9300765452397716,0.9142027447766433,1.1330797864773137,1.1587236272802242,0.8597456495599741,0.8566137859928427,0.89835967249478,0.8973426610572848,0.02329632730546197,0.0055079414258975435,0.9024970719788727,0.7452241465374378,8.871043920516968
hmc_dn,markov-null,500,58,31,8,4.050679854087775,-604.4980257982812,-602.4726858712373,73,62,0.0,2.0253399270438877,61,1.1368683772161603e-13,-604.4587149012955,-602.4898097099815,-602.4007400816408,-603.6769626868041,18,25,-0.9251265164139602,-0.9465154466373655,0.723121201799032,0.7340253736380937,0.8892596500583199,0.8780654815767782,1.0638678221419438,1.0487338788961764,0.8532716286177576,0.8484687772236723,0.877863375721122,0.8756233917804729,0.03381892013338316,0.003593347827425258,0.61335238386726,0.9105224787264571,11.1079580783844
hmc_dn,markov-null,500,59,18,9,1.7299685853663505,-616.6109785866635,-615.7459942939803,61,55,0.0,0.8649842926831752,54,-1.1368683772161603e-13,-616.4238518449766,-615.8338327872813,-615.4875697226173,-616.4013974496222,37,34,-0.8007598532861611,-0.7506171408783349,1.329871268707686,1.3114256531510056,1.151490802173919,1.1943473398708335,0.7369625680397331,0.7379227787511569,0.9242723926915384,0.9257687690233866,0.7861930037383987,0.7657024885629719,0.024408170937827343,0.001023070605310574,0.5226171744461391,0.3271563098080109,10.723160982131958
hmc_dn,markov-null,500,60,50,11,0.5262662816758166,-585.2870237079434,-585.0238905671055,35,53,0.01040419502351142,0.2631331408379083,52,5.684341886080801e-13,-585.2481933395527,-585.0793340989939,-584.977977730994,-585.2801552222742,20,12,-0.9251388902806482,-0.9382785186684397,1.0404561179282528,1.0554966050065253,1.3057644323074762,1.2935326998139554,0.888930753019267,0.8830630345689794,0.9386498839273957,0.9412239732297611,0.859645933275836,0.859577155937624,0.024694515674790665,0.023684099197154557,0.820887792642859,0.584030498580138,6.7705018520355225
hmc_dn,markov-null,500,61,36,11,3.6530263793117683,-603.3254240745185,-601.4989108848627,75,82,0.0,2.2208561438992547,6,4.547473508864641e-13,-604.3650402715023,-600.9187226328314,-601.4736970250624,-601.9479579841322,52,45,-1.0092801593812977,-0.833831634277211,0.875292321294396,1.0184188842082094,0.8986606461972245,0.953471220467133,1.0484052097717522,0.9940581028055937,0.8167351863320843,0.8515534525170482,0.9134493777951181,0.9041899583384634,0.00026007488320429155,0.039412896953639504,0.6685819493383794,0.6999021200937565,10.552299976348877
hmc_dn,markov-null,500,62,33,9,1.226912657557932,-585.7939637356208,-585.1805074068418,29,102,0.0,0.613456328778966,101,4.547473508864641e-13,-585.8522060290252,-585.2128871986625,-585.1709954348468,-585.3084473662678,17,21,-1.729747094447931,-1.7811795930385204,0.7170122781434878,0.6843102713707734,0.9953823443387982,0.9948996567432967,1.0336979962960542,1.0560173574756704,0.8463290061942829,0.8352538346756835,0.959213710554515,0.9613920336958028,0.002902991169288284,0.023043249705500923,0.8230704518377328,0.734095774988706,7.9597718715667725
hmc_dn,markov-null,500,63,32,7,0.727511458337176,-616.4972971070678,-616.1335413778992,33,18,0.03649635514182137,0.363755729168588,17,-3.410605131648481e-13,-616.5210748720064,-616.1405404142087,-616.1209034996709,-616.3319609471441,11,12,-1.2938008844928968,-1.3005856485026703,1.0215218216643358,1.0203833511810734,0.8215427604439263,0.8146663753437025,0.9362881347816531,0.9359502722778217,0.8812436173893814,0.8807737584571362,0.926788165988067,0.9245517724897707,0.012557155245653522,0.016349854768718006,0.8839234981090603,0.7004747282220436,3.8193018436431885
hmc_dn,markov-null,500,64,32,9,5.729347933509871,-571.6381437275988,-568.7734697608439,23,26,0.07711894092722105,2.8646739667549355,25,1.1368683772161603e-13,-571.6405380208445,-568.7758057275465,-568.7622319632501,-569.6222536179308,12,13,-1.0144543307461342,-1.0151327705727233,1.4909322051780296,1.4879966985284638,0.8654022657147304,0.8668341022485293,0.7433546535059734,0.7450582406864074,0.9306239036277955,0.930632366406814,0.9172644426632727,0.9163290978386701,0.0046564830733950595,0.03663657101204199,0.8458918673466508,0.565433703447096,3.8794610500335693
hmc_dn,markov-null,500,65,43,10,0.05029847714672542,-599.5649957155774,-599.5398464770041,39,46,0.041988062981204166,0.04231314800904329,4,-6.821210263296962e-13,-599.6121704298571,-599.5141069302716,-599.539347060692,-599.5365849469944,12,12,-0.7914148197661232,-0.7760137614743775,0.9321274728874173,0.9530718123490344,0.9959338135771079,0.9980833281579111,1.0197518098090042,1.0148298943445637,0.9008726918738732,0.9039649899592459,0.8881517137738963,0.8864774108610178,0.025308607952558154,0.017538993544258363,0.7700610746569759,0.8042025108187623,4.761449098587036
hmc_dn,markov-null,500,66,46,7,1.4835730116051309,-585.9179641816268,-585.1761776758242,45,34,0.008546942263365054,0.7417865058025654,33,5.684341886080801e-13,-586.0032161628244,-585.1772082186579,-585.1598423079429,-585.4241620830135,56,49,-0.8570546269355879,-0.8288264155401555,1.272661914113685,1.2912695747111476,1.0987977434221892,1.1138095293565757,0.9296168618899062,0.9318414218418085,0.932696397953168,0.9371576333728971,0.855786216356031,0.851707100007893,0.021852168368557447,0.0005919674941951785,0.8447105938878589,0.848532152449923,5.991897106170654
hmc_dn,markov-null,500,67,30,8,1.6350809657781156,-613.624714077064,-612.807173594175,79,68,0.0,1.1081285659819287,7,4.547473508864641e-13,-614.6503115167521,-612.1216032456252,-612.7874288445065,-612.9150714207387,50,51,-1.0757748308625168,-0.9688592833348895,0.9044847897743551,1.0354689432070283,1.0033670244135335,1.0511622051348573,1.1280357547268371,1.0932169835033625,0.8976233394602694,0.9115711678906774,0.8786071315397108,0.8785247140605855,0.00022784225648883385,0.042467018965085486,0.7090661455861069,0.7331694329228755,8.561863899230957
hmc_dn,markov-null,500,68,50,7,2.6658570990516637,-539.7124449453808,-538.3795163958549,34,18,1.6841125388266391,1.3354600773915308,5,6.821210263296962e-13,-539.7305974113079,-538.2271645208186,-538.2403320497377,-538.595633085121,41,58,-0.8201995558101409,-0.8206143135483235,1.63532363945329,1.639777550038516,1.0397259757595414,1.0381486334346866,0.6499562695835841,0.6484191154352111,0.9744784931797452,0.9745146836343739,0.8802468884201006,0.8803900784822243,0.018907923989333143,0.0002979662990169967,0.8491984764658738,0.9629244435664644,4.254481077194214
hmc_dn,markov-null,500,69,31,12,6.47374811063105,-604.0224655906453,-600.7855915353298,63,25,0.0,3.236874055315525,24,3.410605131648481e-13,-604.054956204061,-600.9176198530673,-600.7836242636855,-601.9505847465505,28,11,-0.6015999022210234,-0.5757377705674837,1.7470590593708608,1.807156173991681,1.1381150762478118,1.147202248586141,0.7971697125957303,0.7719530352949943,0.9438634426447838,0.9441816857154643,0.814828330314212,0.8149534829785143,0.009546765980335074,0.08383604121978303,0.5766829569489416,0.6477579686527201,4.533275842666626
hmc_dn,markov-null,500,70,41,7,3.1554226289729286,-561.7969329266508,-560.2192216121643,21,25,3.823440636097075e-06,1.5777113144864643,24,0.0,-561.7843345869732,-560.3132121354191,-560.1400086823301,-560.6495744344999,19,18,-0.7439939360606057,-0.7711098018624296,1.6481303549158621,1.6231998432903452,1.1960612635597083,1.1802722823488714,0.8288790182531102,0.8313593104989995,0.9614841147159852,0.9582828726615459,0.8656567676164643,0.875451746099673,0.015146904396210048,0.014491043752814682,0.770249064731091,0.9845144831646627,2.8585050106048584
hmc_dn,markov-null,500,71,53,6,2.42172108063437,-566.3719155188268,-565.1610549785096,49,48,0.0,1.210860540317185,47,6.821210263296962e-13,-566.3082054055463,-565.3555043989305,-565.1430296957263,-565.8108330236931,19,11,-1.1881594050979039,-1.198095008688914,0.8459669079835709,0.7910951302295549,1.0775835733785675,1.079972377003947,1.0551470616766125,1.0880773969768291,0.9337684799692825,0.935803421957848,0.8904692987141497,0.8923741077977503,0.012802071992492387,0.013461126429618022,0.9489743886433318,0.7118809306970063,4.792322158813477
hmc_dn,markov-null,500,72,96,12,0.515882649033756,-565.5732905596757,-565.3153492351588,122,35,0.0,0.257941324516878,34,1.5916157281026244e-12,-565.6050856133758,-565.3849827341965,-565.3122522626671,-565.5098618209811,12,12,-1.0809079915966042,-1.0754824138726686,0.8029827392685842,0.7970660316661518,1.0327789836390697,1.0369568731229022,0.9575042572461927,0.9638477929600592,0.8305844277087883,0.8351342291923339,0.9078309756172019,0.9021006054619528,0.0411179708699732,0.02284216671153314,0.92394984716049,0.8365190452983908,7.5124852657318115
hmc_dn,markov-null,500,73,38,11,-0.10760969834223033,-653.8943516976752,-653.9481565468463,119,54,0.0,0.43820266526506657,3,-7.958078640513122e-13,-654.6921011173896,-653.3451507642825,-653.9478284466513,-653.5652813637876,14,11,-0.6179114141371999,-0.7191770750761164,0.9057603281639974,0.807859484675196,1.1067195658985514,1.1056857579386714,0.996099337339379,1.0232320774162496,0.8428608410436993,0.8226194753864199,0.8587265570393374,0.872669948791642,0.042399179178081135,0.010815942810570254,0.6935585758120808,0.7264155428701368,7.309805870056152
hmc_dn,markov-null,500,74,38,11,0.30265417911209624,-632.6683578000293,-632.5170307104733,14,13,0.0018104126939988419,0.15132708955604812,12,3.410605131648481e-13,-632.6683597704838,-632.5206385460414,-632.5160137339502,-632.5618703326535,11,10,-1.2032507038854225,-1.2041910911129459,1.2441149302164995,1.2437614739719804,0.8356966633052237,0.8349027877708162,0.6675808051441986,0.6675661371828897,0.8834651597291178,0.8829605965774385,0.8808579891842767,0.8821449373677416,0.02092911716234125,0.026679956382141434,0.654571305896267,0.74434903309369,1.6871581077575684
hmc_dn,markov-null,500,75,52,10,5.380091821746419,-584.7190801572065,-582.0290342463333,77,64,0.5736496923014442,2.6900459108732093,63,-2.2737367544323206e-13,-584.8085774417134,-581.4458940896639,-581.3870292781733,-583.953491365054,58,46,-0.9213400088716355,-0.9392219676034239,0.31581776926593685,0.3296600629960046,0.6574616858528585,0.6442504478136172,1.4801675642983552,1.4766236131983548,0.8258106244309575,0.8192164576548515,0.9272190291185838,0.9336089735571667,0.0025458715359574793,0.029669473934671946,0.3103641434387134,0.8925729285696413,7.8540778160095215
hmc_dn,markov-null,500,76,42,11,2.5497789849641777,-552.7481534335785,-551.4732639410964,30,31,0.38867145209161436,1.2748894924820888,30,-4.547473508864641e-13,-552.4686502110744,-551.8396247869445,-551.4682869454984,-552.0385639593043,12,10,-1.4492067702469602,-1.4208871277398423,0.9587960067524496,0.985298361387308,0.9444198177312854,0.9540444708906494,0.796663492446564,0.7785801848931407,0.9223527679244747,0.9220276267651294,0.9365702753656514,0.9342640991407164,0.033541504832737115,0.01563662490555913,0.6619541147498489,0.8299487868877817,3.028946876525879
hmc_dn,markov-null,500,77,43,8,1.6381031752976014,-573.9479470848095,-573.1288954971607,69,73,0.0,0.8190515876488007,72,9.094947017729282e-13,-574.0504286064081,-572.6749779669369,-572.6276969772155,-573.7052416752532,49,44,-0.8692117176246728,-0.8493388161961533,0.7381191864736172,0.7825648452370619,0.7572656708512714,0.7602407964443801,1.0211020708441172,1.0015932306020146,0.8331196146824349,0.8386657388051508,0.9035251886719778,0.9062139892758484,0.010857777945456044,0.02157782730073459,0.5081573455877002,0.8925120375484277,7.337417840957642
hmc_dn,markov-null,500,78,58,12,16.63036007123651,-610.643776462837,-602.3285964272187,89,30,0.0,8.315180035618255,29,-9.094947017729282e-13,-609.4807100085359,-605.1242437198912,-602.3265170159076,-605.6734556858394,19,13,-0.9914878918799039,-0.5816964437064981,1.21242642392733,1.3331900033416388,1.1440693131920203,1.411588282456863,1.019574986055276,0.8646450219809187,0.9457371330813347,0.959396386855165,0.9360201386452733,0.9167130840872135,0.0041192990242512545,0.08216334159773615,0.8604740198918617,0.7442348662837373,5.4329493045806885
hmc_dn,markov-null,500,79,25,5,0.9387800183703803,-581.9947981290507,-581.5254081198655,28,34,0.0,0.46939000918519014,33,-3.410605131648481e-13,-581.9990240142558,-581.52820066317,-581.5233607029344,-581.6503624122854,16,17,-0.731986854021115,-0.7377527316865532,1.2142075570731548,1.211410223485652,1.1206087370410385,1.1183545239566755,0.5976391043148456,0.5969458156398154,0.9312293248992205,0.9312967773619,0.8506325782309901,0.8507003154931497,0.014370640317349883,0.002079496520905881,0.7853445505517745,0.8303161101345115,3.004703998565674
hmc_dn,markov-null,500,80,48,6,1.8467707888707992,-557.8378628007966,-556.9144774063612,53,25,0.0,0.9286879087559328,5,4.547473508864641e-13,-557.8954543873598,-556.8931732997426,-556.9125619090433,-557.1526086506097,13,11,-0.9626425415415589,-0.975992958502216,1.1540098722422178,1.1552455539142072,0.9456282658391062,0.9354396946301982,0.9031106898153586,0.892633080657146,0.9350349487492636,0.9345895193507059,0.8823855461365097,0.8843976567615892,0.0068856249902579545,0.024573132277495257,0.9152863613884412,0.8204163618550282,3.321646213531494
hmc_dn,markov-null,500,81,42,12,2.659367001220744,-639.4519866258897,-638.1223031252794,69,70,0.1651221885144878,1.329683500610372,69,0.0,-639.6670178950358,-638.3112248164776,-638.0763128268349,-639.0388983420603,23,12,-1.3811202653847243,-1.391831763288149,0.8860541629254095,0.8933295576357911,0.8491069181843434,0.8335754086067225,1.172072165242196,1.1656318780877801,0.8274279264396799,0.8406513313330997,0.9231268696766138,0.9208858014707748,0.03213594282834718,0.02339395390451611,0.9106767000594129,0.5079501871328188,6.100444316864014
hmc_dn,markov-null,500,82,26,8,2.575605518673683,-572.9609904592484,-571.6731876999115,56,78,0.006855362245005381,1.2878027593368415,77,2.2737367544323206e-13,-572.9637320051748,-571.7249043051194,-571.4782721553867,-572.0815238832128,13,78,-1.116796017907782,-1.0745408025616916,0.9059827306594415,0.9142884423685917,1.1940205200608383,1.20812347413963,1.0828525240844258,1.0899840597196253,0.9437474141498582,0.9436935700065102,0.9572929726183941,0.9539835246382103,0.028835959392205558,0.007540017459535438,0.7762653277793838,0.5083163125404563,7.377500772476196
hmc_dn,markov-null,500,83,82,13,8.216007532448657,-592.8781246065947,-588.7701208403704,89,53,0.0,4.112590143035277,23,1.1368683772161603e-12,-593.3602800884062,-589.2793396581773,-588.7370571351313,-590.2152857000657,17,52,-0.7643262399002384,-0.6487859217264187,1.1697505091531153,1.1220345530347702,1.0462014483168844,1.1215295316392495,0.8735123762053121,0.9438689508029965,0.9085582376285857,0.9055833778764542,0.9121364566965632,0.9038382384459283,0.0004639714041125976,0.06274288345218838,0.8814290692929763,0.8040062981825653,7.471930742263794
hmc_dn,markov-null,500,84,61,10,2.4867500933762585,-594.7648794712197,-593.5215044245316,37,36,0.018753455103933447,1.2433750466881293,35,-1.1368683772161603e-13,-594.6947966215034,-593.68082025328,-593.5195717155761,-594.0111026090178,12,12,-1.020542855128972,-1.0528857329368866,1.0413013188104254,1.0098623702956702,0.8617525780966607,0.8462470089762444,0.8547083366828443,0.8705288644177561,0.8760442322393001,0.8771767440405092,0.8768774161298468,0.8777792790571605,0.03603221280018636,0.009861273931727931,0.8714714821833968,0.7651875286819652,3.468219041824341
hmc_dn,markov-null,500,85,21,5,1.1244735631562435,-559.6219804532839,-559.0597436717057,31,21,0.15477364242099156,0.5622367815781217,20,3.410605131648481e-13,-559.660018441891,-558.9667680815297,-558.9639293629161,-559.3688672365432,15,11,-0.628715057323721,-0.6318621777968978,1.392890056062304,1.4101832281973823,1.0268509176764722,1.0208857224384986,0.9408572220692089,0.9291408350417382,0.9426493140975419,0.9409825809004743,0.8595395133636039,0.8590309881132175,0.009542250160475416,0.012072933654362433,0.6804414299042955,0.9386932984777665,2.5469460487365723
hmc_dn,markov-null,500,86,21,4,3.763576534546246,-614.3673278489774,-612.4855395817043,33,22,0.22213010937105082,1.881788267273123,21,3.410605131648481e-13,-614.3613326132031,-612.5023309845841,-612.4717381202918,-612.9266851104602,48,46,-1.0156702131665096,-1.0242004434115968,1.2685697139738112,1.270170779254388,1.004729990367126,0.9970370534776508,0.9918944702257477,0.9874970231132277,0.9130284713942012,0.9143238987798952,0.8859407374577292,0.8869757308643804,0.015051035483715084,5.2555305656026044e-05,0.805300436241955,0.8269412194859641,4.681120872497559
hmc_dn,markov-null,500,87,58,8,6.807294814646866,-600.9469001921098,-597.5432527847863,78,136,1.2237081364388587,3.403647407323433,135,4.547473508864641e-13,-599.2149269962072,-600.7161730616643,-597.4308767784124,-600.8731695230579,34,49,-0.6424426223157949,-1.143913005761212,1.1110318320018875,0.96021143130317,1.3537215544371197,1.056396633477165,1.1930488012388845,1.1852310658114387,0.9161941142637462,0.9110085115933758,0.8127175066773581,0.8931565669149653,0.035095852160781205,0.0007187316510492255,0.9005974619611571,0.665950217988208,10.47978687286377
hmc_dn,markov-null,500,88,56,8,1.0287244374158035,-588.7473245137792,-588.2329622950713,60,39,0.06786368377890994,0.5204508373379895,7,7.958078640513122e-13,-588.7626793925834,-588.2358943951908,-588.2303000953264,-588.3722590914382,26,10,-1.01284040858337,-1.0139840554681379,0.9851028097623082,0.9902157983231129,0.855733135523967,0.8532149055138495,0.8770265664972371,0.8728024131929091,0.9120912683513182,0.9145563535245674,0.8822363017684584,0.8811914449235819,0.015549918653384504,0.020860816467569283,0.9076696670739708,0.7844957348226153,4.966361999511719
hmc_dn,markov-null,500,89,55,8,-1.2687669913023,-583.8516037071709,-584.485987202822,226,146,0.5130685242518211,0.7752961532828522,5,-3.410605131648481e-13,-585.4569706212837,-582.750262048389,-584.4700873709132,-583.3972131723941,44,45,-0.7304508616838141,-0.28391672156962267,0.7074073492957443,0.6585725722958828,1.1083045983728035,1.3019315200797807,1.18752074807086,1.228126739801964,0.859919315023051,0.8867307629560047,0.9153452677561069,0.8870005685804622,0.0009912146122034564,0.03635718508686587,0.8337239378873692,0.8872366204184817,15.645560026168823
hmc_dn,markov-null,500,90,52,13,0.16290352178475587,-610.7509732576561,-610.6695214967638,69,48,0.0,0.08145176089237793,47,4.547473508864641e-13,-610.7387463725264,-610.6842286848731,-610.6694854238136,-610.7037178586436,10,8,-1.1018190741159672,-1.1171613738697175,0.7630168544260558,0.7449443078450666,0.9751739273907856,0.9693300733427263,1.19162112846666,1.1974371076593449,0.9172047173090098,0.9157350854168648,0.9383238334888345,0.9386945918714689,0.0338203488912797,0.025353934243539454,0.7562617898486867,0.7400757056788213,5.150300741195679
hmc_dn,markov-null,500,91,80,14,2.864688485763736,-611.1086080790269,-609.676263836145,61,66,0.193150586278648,1.432344242881868,65,-5.684341886080801e-13,-611.1450797247658,-609.9489059360458,-609.6674628625259,-610.4643895932154,12,14,-0.7463129574328264,-0.7586465193842209,1.1002677667209477,1.055774959785992,1.1575808334838913,1.1701199660736512,0.7925386343376906,0.7965024786846188,0.9251382192656341,0.9161984980618468,0.846797489257912,0.8590531394859046,0.0312027491577417,0.03549630753836415,0.7106467902556562,0.9347147013536474,5.62807297706604
hmc_dn,markov-null,500,92,31,8,2.178990321012634,-592.4098879900271,-591.3203928295208,39,34,0.04037406053225823,1.1019979998569625,6,0.0,-592.578366429083,-591.2360885930292,-591.291494881222,-591.5334916737402,13,28,-0.8045990302365933,-0.7663765924000259,1.2941268573608473,1.3233171822537844,1.003249022244595,1.0215042579342561,0.8747491487703954,0.8648599254913053,0.8993714945427352,0.9028438914537189,0.8829650571536025,0.8744774559340832,0.01374213791270135,0.021173711349631318,0.908184668210709,0.6214066930506664,3.5673158168792725
hmc_dn,markov-null,500,93,41,9,5.304819091483296,-586.3214938400029,-583.6690842942612,118,84,0.08505009441728362,2.696830988324905,10,2.2737367544323206e-13,-586.4530290109997,-583.5934874609999,-583.5356488971837,-585.4114345940031,17,19,-0.763705095178678,-0.7295159565022695,0.9919630125882184,1.061513131930401,0.9267457573418967,0.9322582346166872,0.9781122765588015,0.9468510685515511,0.89937306414528,0.9124170121232118,0.8859376822623144,0.8804182796882397,0.017281458761044536,0.02247178362582217,0.8933840942662032,0.3555632473602966,8.014111995697021
hmc_dn,markov-null,500,94,35,9,0.8717151904384082,-624.6882524188879,-624.2523948236687,36,77,0.009140200782780994,0.4358575952192041,76,-3.410605131648481e-13,-624.749529935375,-623.5448409433725,-623.4991849992037,-624.5537971958528,48,49,-1.2040657349541726,-1.2031069569930288,0.9784700643651161,0.9758824879459762,0.8595816501824226,0.8606935248324802,0.9387703076808275,0.9418073630649922,0.8842415162531607,0.8886715523960858,0.8852584199119229,0.8825944165329784,0.017225609981775285,0.02138296547114626,0.8419837273562976,0.5213694911467581,6.069314956665039
hmc_dn,markov-null,500,95,32,8,5.617624320856294,-591.9000380831495,-589.0912259227214,42,24,0.0,2.808812160428147,23,4.547473508864641e-13,-591.9723811247201,-588.5100164270264,-588.4782199233344,-590.6379674873087,44,34,-0.8878579544067935,-0.8972339861628321,1.234871599737839,1.2348965039877444,0.9594145926913432,0.9521231254625424,0.8314573571824568,0.8276972037634356,0.9046335821088489,0.9093578462329935,0.8787919694135641,0.8789221043449946,0.019634492257790577,0.01382728703866385,0.8991423772967132,0.27748437561367517,4.112200021743774
hmc_dn,markov-null,500,96,40,7,0.11431628554691997,-591.3174737176307,-591.2603155748573,37,38,0.0,0.057158142773459986,37,0.0,-591.3288236714911,-591.2568851200128,-591.2594462929239,-591.2856464348954,19,38,-1.116911711116956,-1.1161096477871268,1.1457220344240417,1.146142995112541,0.8517026475911411,0.8524159658571947,0.9001561101468457,0.8999902058152998,0.8947479168493422,0.8967278482307153,0.8904980916055352,0.89050724284035,0.01693706595466273,0.013284489493915055,0.8469525890603282,0.7857779568269984,4.001332998275757
hmc_dn,markov-null,500,97,29,8,1.5283658557898434,-584.3679226961725,-583.6037397682776,21,40,0.0,0.7647065964503099,19,-2.2737367544323206e-13,-584.4412239470112,-583.6925388715877,-583.5588701856831,-584.0051119526572,13,13,-1.2545996733473386,-1.286283576918854,0.8370941540048682,0.7825151196754234,0.734456478487719,0.7264565625544852,0.871543751394834,0.9026881121115816,0.8857591072397212,0.879708285818142,0.8975456483025475,0.8996693608754698,0.009026721267619595,0.023481349884431478,0.900476933339518,0.6622226407475589,2.797791004180908
hmc_dn,markov-null,500,98,23,6,0.9608626429023843,-612.4646309017659,-611.9841995803147,149,37,1.265277568769534,0.8391130199546524,1,6.821210263296962e-13,-613.0142582932075,-611.5540739164193,-611.9838624737276,-611.6255140113225,11,10,-0.8272585321833839,-0.779807683298762,1.2927791138339306,1.3466968050466177,0.9026635270909372,0.9263825263738913,0.8496891342455943,0.8326846842572281,0.9159480232774467,0.9207693588416098,0.8728437258149,0.8698224532452885,0.006025199639296991,0.023626662296037763,0.7192788392458098,0.7539104494226848,6.9687371253967285
hmc_dn,markov-null,500,99,116,14,0.30686850446682,-542.6748053331283,-542.5213710808949,45,44,0.0,0.15343425223341,43,2.2737367544323206e-13,-542.7219203492806,-542.5347449763002,-542.5209691516736,-542.5829814849657,20,10,-1.4579622916409383,-1.4600696706927179,0.8703416212376149,0.8630740662796055,1.0227627881073593,1.024805322549545,1.0433701671126094,1.0469853148486847,0.9132372235522492,0.9087228538510024,0.9122415661548968,0.9152941575229026,0.03025766663810924,0.04192963984421265,0.8492809220574811,0.8997026995826187,4.481036901473999
hmc_dn,markov-null,500,100,45,13,0.14877802938076456,-613.3354708992862,-613.2610818845958,40,46,0.0010192000887627728,0.07438901469038228,45,3.410605131648481e-13,-613.3506339561483,-613.2522981825897,-613.2609078513993,-613.2705479396733,19,11,-1.0673567130224915,-1.0521847129000195,0.8141442123729984,0.8233137926240996,1.1318502161531652,1.1374401253397257,0.9531769068170856,0.9510244395017842,0.8994152477450977,0.9002692912333627,0.8835187699565481,0.8817217308456496,0.024614637961175335,0.033002674848675,0.7210753512819743,0.6955230499274386,3.793041944503784
hmc_dn,markov-null,500,101,59,10,0.6993161167754351,-575.7570349355107,-575.4073768771229,89,40,0.0,0.37761288456135844,4,4.547473508864641e-13,-575.8818304884531,-575.3621777866954,-575.402092364748,-575.4288350093739,17,12,-1.251955300608927,-1.185684543719113,0.8699333753612688,0.9156987667709426,0.8217171390965708,0.8398416010669478,1.1532448435904705,1.1358724063278776,0.8667608639451776,0.8785767239934231,0.9615301886676353,0.9613529388587471,0.010264831191782384,0.026949422757332628,0.7762973362425983,0.834856633865104,5.927235126495361
hmc_dn,markov-null,500,102,16,4,0.42315497316030815,-599.7923145451956,-599.5807370586155,19,28,0.0,0.21157748658015407,27,-4.547473508864641e-13,-599.7974054554345,-599.5750119502696,-599.5712429389766,-599.686882538978,16,12,-1.0748697421559168,-1.067673432642152,1.2250025067555579,1.225270101445017,1.2354523017168304,1.2395174157211004,0.8881186544186772,0.8905741231588066,0.9350721075386295,0.9347001014476809,0.919831884214731,0.9207375537459057,0.004771828310075277,0.012456098408702876,0.6945751199349169,0.8135090077839247,2.505963087081909
hmc_dn,markov-null,500,103,54,9,4.3750328681792325,-601.6287727693988,-599.4412563353092,219,102,0.05127159822984595,2.1875164340896163,101,3.410605131648481e-13,-601.6663418817704,-599.5515304112483,-599.3863473034129,-600.7074857350891,14,12,-0.7196718262087518,-0.7629155249651844,1.078280426308285,1.0246172667795514,1.0317880155961356,1.0113245904862835,0.9793579278897403,1.0063931350045208,0.8937447792973517,0.8953169577794847,0.857743716032173,0.8606658332628209,0.015180774699662862,0.025537774649987688,0.9400054940828556,0.5588375657079631,14.040027856826782
hmc_dn,markov-null,500,104,39,8,1.5035495585880199,-555.856565127941,-555.104790348647,72,73,0.06017821461472295,0.8718361765584177,7,-2.2737367544323206e-13,-556.1907612011336,-554.8987125811989,-555.0860409441259,-555.4837177813603,51,44,-0.7988892909517826,-0.768351064355124,1.0785116601988092,1.2126558855547143,1.1008426760960819,1.0934824917245085,1.0135194580288935,0.9679863793567932,0.931812661192651,0.9390439630500216,0.8365039532277599,0.823359435547957,0.023172986172070552,0.0003265143426451202,0.8005042460338264,0.7648066339573031,7.917303085327148
hmc_dn,markov-null,500,105,43,7,2.9893450932991072,-583.1383639344182,-581.6436913877686,120,67,0.08252498506169559,1.5045180968353407,12,3.410605131648481e-13,-583.2027841031987,-581.6461003756168,-581.6164847267761,-582.3980391521051,12,11,-0.9682923381241066,-0.9708005140496954,0.8261484363025002,0.8340620741165732,1.0302289009215317,1.0242840621806721,1.0211014660791393,1.0156256520880103,0.8066231320620302,0.7965194593301582,0.9166720075269537,0.9160612543610758,0.02348979318684971,0.01181720832461162,0.6428515812962323,0.940709729485047,8.723006963729858
hmc_dn,markov-null,500,106,53,7,0.5817465876543793,-563.562710411,-563.2718371171728,48,29,0.0,0.3305146517735693,2,-4.547473508864641e-13,-563.6755135478342,-563.1988782220031,-563.2699121717405,-563.2723812280882,11,10,-0.9151401656849326,-0.9442127429220284,0.7080802657166407,0.7049533957226931,1.1186217662937423,1.1047553677336044,0.9575671352382228,0.9480468534401055,0.9502758604879852,0.9501333569517686,0.8866835549284171,0.8919698621229012,0.013445290354627387,0.019527264569235585,0.911387983875671,0.8133153067214437,3.4446418285369873
hmc_dn,markov-null,500,107,46,10,2.6439732579333395,-617.1655009410131,-615.8435143120464,222,75,0.2829820227966593,1.3219866289666697,74,4.547473508864641e-13,-616.75073809626,-616.6347779368815,-615.8387807848072,-616.9272042497513,20,11,-0.8252958479755823,-0.8920949212481422,0.612869274592948,0.9425704408843669,1.2089809548190151,1.1337800985220428,1.2284272671044745,1.0480017220199704,0.903963443665459,0.9177340932361242,0.826030304502093,0.8238883478743445,0.01413575421785856,0.03885767692240754,0.8447747008582527,0.6788419958704529,13.621367931365967
hmc_dn,markov-null,500,108,46,8,6.2862671465959465,-583.6959786131221,-580.5528450398241,149,71,0.7020285757740794,3.1431335732979733,70,-3.410605131648481e-13,-582.3408123971742,-582.1663964359333,-580.5378740092228,-582.5896955261238,16,22,-0.9813412082510644,-1.0172024344212565,1.2411719058648418,0.9850280650844452,0.8936060430876783,0.8900487052373595,1.070328856404098,1.2339180446367737,0.9410118708626452,0.9314952948475053,0.9187103997649467,0.9259512696935978,0.008698847904574885,0.0270685053970702,0.9380768284960787,0.7141972358833125,11.189349889755249
hmc_dn,markov-null,500,109,36,10,0.797471094437924,-641.0390760339815,-640.6403404867625,38,35,0.0,0.398735547218962,34,1.1368683772161603e-13,-640.9219216257185,-640.7700725618873,-640.6394226404542,-640.847540412554,11,10,-1.3364604433607883,-1.3535660107199665,1.1012645125199183,1.0786493104055819,0.8640739193304418,0.857632154045613,1.1266687780663684,1.1386253981680587,0.8963621448594521,0.8953051894426847,0.9273548422882498,0.9277203242178196,0.028928796683606924,0.01655795801881924,0.7608729109373698,0.6755089917065294,4.240240097045898
hmc_dn,markov-null,500,110,28,7,2.2776783861445438,-584.2377439075785,-583.0989047145063,41,47,0.0,1.139816610014691,16,-1.1368683772161603e-13,-584.2208368273192,-583.118253759674,-583.0812156412304,-583.5722598514448,18,17,-0.9927871547671221,-0.9972203522147036,0.9469737215431306,0.9483042052512038,0.9606985576447291,0.9559266932657036,0.7217758506764536,0.7210051744080425,0.9047028471718712,0.9059141972188565,0.8789696410672437,0.8770848528808473,0.02517920202922565,0.0021860055086632127,0.7737275537003133,0.6352934528808684,4.468277931213379
hmc_dn,markov-null,500,111,38,11,-1.4201295688733353,-603.4665188333595,-604.1765836177962,40,130,0.04622372037522382,2.2873934707835133,17,-4.547473508864641e-13,-606.402339653754,-601.500912719033,-604.0278552259857,-602.8647039923814,45,49,-0.9207847484354205,0.06756254745307105,1.0787370128588607,0.8690130869484038,1.1133229772505948,1.5715458419994857,1.1710074376115904,1.0105843634600817,0.8950860375092174,0.9282400117545336,0.9207255988116746,0.754659799323533,0.005345692174449322,0.09383634384451232,0.5249783389825442,0.8981210266429308,9.377031087875366
hmc_dn,markov-null,500,112,55,12,0.38778871053045805,-633.8075245446432,-633.613630189378,72,64,0.13133631087282538,0.19389435526522902,63,-2.2737367544323206e-13,-633.8122503243442,-633.6418126916386,-633.6102621808305,-633.73940549224,11,38,-0.952114148712225,-0.9499647549639579,1.0069112524840622,1.0025000764640368,1.143593913266698,1.146149412520423,0.9399877178312733,0.9434305034839612,0.8789961275774315,0.8770188572066442,0.825669809759072,0.831451510558163,0.02194764660444452,0.0334478770894518,0.7389286481704155,0.8417648086245341,6.702693939208984
hmc_dn,markov-null,500,113,51,10,0.5951510607724231,-631.3958550651291,-631.0982795347429,16,48,0.013457784839602027,0.29757553038621154,47,-2.2737367544323206e-13,-631.4285856808917,-631.1724291639612,-631.0977585711283,-631.2690740596161,13,12,-1.0166950897253433,-0.9770440457702592,1.2169215427332483,1.2582902110060066,0.9053323841455059,0.9251151490902751,0.9737504397404522,0.9581737814024864,0.8652521648292935,0.8726766755999785,0.8533143892150455,0.8453889668341701,0.030194327644187238,0.012671998342790246,0.8193452783929973,0.7780487468815249,3.574096202850342
hmc_dn,markov-null,500,114,68,11,0.6726716639088863,-586.9556891699607,-586.6193533380062,37,35,0.0,0.33633583195444317,34,5.684341886080801e-13,-586.9965787110832,-586.6427627493189,-586.6160178862517,-586.7910779679096,12,24,-0.8212092271757885,-0.807514574197771,1.4134422241623485,1.4325824582111135,1.1871813694193498,1.189355676466928,0.9999195802543369,0.9938898269929268,0.9295964855755442,0.9338786927540498,0.8922055016580868,0.889675949857307,0.02961389190781879,0.018215181903233353,0.8676481974438811,0.7477763029285602,3.9743590354919434
hmc_dn,markov-null,500,115,58,8,1.185896319967469,-594.8998996277325,-594.3069514677487,28,50,0.0002058282875623263,0.5929481599837345,49,-3.410605131648481e-13,-594.9787948524332,-594.3528566310898,-594.2167790161328,-594.7578820704147,44,42,-1.275431365522316,-1.289265431423566,0.937043797206703,0.9318155276874984,0.8638273789698013,0.8615045730013527,1.3219880961330481,1.3200347987169494,0.8337671994114693,0.8321425184672888,0.9277123195064149,0.9343498108993794,0.01940207193709018,0.017133482980283898,0.6148264617161608,0.9013714118016415,5.761237859725952
hmc_dn,markov-null,500,116,34,8,3.8291379363508895,-575.9543669916505,-574.0397980234751,43,65,0.0,1.9145689681754448,64,-2.2737367544323206e-13,-576.0751530416558,-573.8276024999643,-573.7710386053584,-575.355870954389,42,42,-0.6529335006551567,-0.6699619456618887,0.9755276527353349,0.9550873917579487,1.140079434188419,1.1416571648357823,0.8018743589324269,0.8122230835755021,0.895295225566048,0.898431456267094,0.8895680022192718,0.8886405767523476,0.03311404732524329,0.00016083729599291802,0.8575718030571036,0.5408260477039779,6.463099002838135
hmc_dn,markov-null,500,117,46,11,1.5501521106807559,-590.2781229131385,-589.5030468577982,49,33,0.046743542932745186,0.7750760553403779,32,7.958078640513122e-13,-590.2610463681798,-589.5562705836853,-589.4941914945822,-589.8337586506892,12,10,-1.0281991494870035,-1.0220689701638457,0.9963751295188824,1.0015767503135957,1.1689091474076831,1.16943669965912,0.7451441644526421,0.7426176028115646,0.8940665677303792,0.8989772792233381,0.8923959088050839,0.8922514023907262,0.01932263766309801,0.02888247593926375,0.8381409795972083,0.6270484220671616,3.9420430660247803
hmc_dn,markov-null,500,118,32,8,7.53654158889799,-582.5993207012624,-578.8310499068134,52,36,0.0,3.768270794448995,35,-2.2737367544323206e-13,-582.4510104145882,-579.096620382477,-578.5816820382825,-580.9458181989571,59,36,-1.2462874037335263,-1.2242409115795265,1.4697400411786832,1.530380800444058,0.9875282692746769,0.9960961760763154,0.8442732141659864,0.8011580204137224,0.9473620879043326,0.9472634697003128,0.8795448099268145,0.8884194649066413,0.00010121771352517582,0.05839011961194204,0.5014938006068893,0.8391143103584124,6.0260491371154785
hmc_dn,markov-null,500,119,45,11,8.602106321349765,-598.2399233931956,-593.9388702325207,56,50,0.0,4.301053160674883,49,2.2737367544323206e-13,-598.2298802794867,-594.3854548661411,-593.8173210716025,-596.2610620959978,14,13,-0.9607618648572297,-1.0802659579252012,0.9686232449124594,0.8851283987592262,0.819633531868086,0.7791112895346125,0.9976829038012318,1.027000899189052,0.8521914612254419,0.8427035063211757,0.9222240918729057,0.9220379665021867,0.057385912093943656,0.009740418056919418,0.9399445002948418,0.4389121787672903,5.30338191986084
hmc_dn,markov-null,500,120,43,10,1.8016229767836194,-583.4453909761833,-582.5445794877915,44,24,0.0,0.9039384293182593,5,-5.684341886080801e-13,-583.4764763376412,-582.5366006408717,-582.5389452531117,-582.6789548470435,15,12,-1.5421107707267798,-1.52971141643212,0.5902844014571633,0.5955971634339388,0.709780225703276,0.7222343202707859,1.2559907146446103,1.2542774708166808,0.8947842715396045,0.8995791975594036,0.9685889654444335,0.9688049726710598,0.009979134017025049,0.025277693493284542,0.8699373027845828,0.712766568964061,3.64632511138916
hmc_dn,markov-null,500,121,48,11,2.0422447321257096,-633.3456623498257,-632.3245399837629,21,46,0.0,1.0211223660628548,45,-1.1368683772161603e-13,-633.4018646397062,-632.050395937619,-631.88672037959,-632.6645736688299,63,42,-0.9403939598541766,-0.9115962621199243,1.3961266212396963,1.4238956325319962,1.0181669229299846,1.0347262406150912,0.6847773405769372,0.6712448084952691,0.9273815498997299,0.9288742086033733,0.8466160426744385,0.8412292090586718,0.030581299662521634,0.010505734639573277,0.7492329477809916,0.9188991512106758,6.492491960525513
hmc_dn,markov-null,500,122,30,6,3.0229887065654566,-594.5274492133494,-593.0159548600667,63,49,0.0,1.5114943532827283,48,0.0,-594.2985546222303,-593.4184146807125,-593.0149510247804,-593.4878275538185,13,12,-0.8066715377354372,-0.8996467392228482,1.2448153592595395,1.1867345184715283,1.0234059713533772,0.9793084013132733,0.828722489830841,0.8429716030289031,0.9101024068854046,0.9042696144606713,0.8829256204718273,0.8917300337354194,0.021016959360807386,0.003738485531153331,0.7832883256839753,0.8292577464479229,6.43555212020874
hmc_dn,markov-null,500,123,57,11,0.5347209134317836,-569.7820799242437,-569.5147194675278,25,23,0.00010476947051074603,0.2673604567158918,22,4.547473508864641e-13,-569.7776228749314,-569.5313241207116,-569.5114614053315,-569.6130146416226,12,11,-1.2489359170794083,-1.2478646742527815,0.9716647148676346,0.9711551130790192,0.7675261239420418,0.7688824192271897,0.8944120019729711,0.8951206090158614,0.8739191940214837,0.8711948924445971,0.9404049580330899,0.9412037133223218,0.02447502013414246,0.02465585522865198,0.7211462554042704,0.8399858921454625,3.347762107849121
hmc_dn,markov-null,500,124,30,6,2.913885642902187,-606.643353633462,-605.1864108120109,53,54,0.6429310978031708,1.4569428214510936,53,-1.0231815394945443e-12,-606.7937657560503,-605.0119763166839,-604.9363293314975,-606.2858930759041,50,43,-0.5891619018098796,-0.5822544412269668,1.5613565190196872,1.5927583646900694,1.1296219676788952,1.127643737088433,0.8596317695037783,0.8371299841256093,0.9233369064227377,0.9185297651246208,0.8346945154468266,0.8368663738617237,0.008986689041370139,0.020646514324030085,0.6037319978676537,0.9829886653439396,8.466445207595825
hmc_dn,markov-null,500,125,27,4,1.6027637603247058,-577.4839107246746,-576.6825288445123,299,104,2.3309257616053856,0.8790638022853727,5,-9.094947017729282e-13,-577.6407551702113,-576.5407295208121,-576.667228774413,-576.9233662439381,43,48,-1.530262343005973,-1.5476584601644507,0.6143614825715452,0.6104461983498322,0.7799520818403085,0.7714560651880763,1.1634859919721257,1.1598270039689365,0.8747258497099429,0.8723715649645685,0.9377814896414369,0.9386682495950825,9.953427192016556e-05,0.012529828763446446,0.8742638067230639,0.8447269852721205,21.427794933319092
hmc_dn,markov-null,500,126,41,8,8.041946225666152,-547.9542747697014,-543.9333016568684,33,28,0.0721165678946818,4.031724326099493,12,5.684341886080801e-13,-548.4557229037963,-544.354435538518,-543.7748699427824,-547.5356716255809,17,11,-0.6179492259073414,-0.5842012847850004,0.7719725715936709,0.835903621154672,1.1788858287916257,1.1897994964265608,1.0258920278592996,0.9895813864611024,0.9533531692485999,0.9631299895556357,0.8831638760567326,0.9132802746608253,0.01370417285768223,0.028071834700124264,0.26960036688095534,0.9306450204966286,4.2209320068359375
hmc_dn,markov-null,500,127,22,8,1.0643873165588502,-625.9721005455743,-625.4399068872949,174,134,0.7943942583649459,0.5321936582794251,133,-1.1368683772161603e-13,-625.7170127193459,-625.5469885605734,-625.2555456801555,-625.8424684912726,56,46,-0.6287323464939403,-0.6699404074529145,1.4557149375212417,1.3936906981303347,1.0447205390455276,1.0232700559325159,0.8775262744782217,0.8998885853326,0.9275221190748083,0.9256825609652122,0.7850298366661659,0.8012255414900106,0.018135640178592354,0.01293190386540477,0.6633169889604202,0.4308847115254557,17.02691102027893
hmc_dn,markov-null,500,128,35,10,1.223368789381766,-638.4931341197176,-637.8814497250268,85,112,0.0,0.611684394690883,111,1.1368683772161603e-12,-638.522193529384,-637.9194195664086,-637.8762054673057,-638.3188465595296,19,16,-0.4647097378189292,-0.5576084467685952,0.7050501154244708,0.7407462897130863,1.402048303918714,1.367909401862694,1.121376353681929,1.1071930607971496,0.8194646156618136,0.8208361989828528,0.8017804007411797,0.8138007621586161,0.03813288472116347,0.004608316538954721,0.6869706892925035,0.755814631686027,10.54324722290039
hmc_dn,markov-null,500,129,27,5,1.7823630820300878,-600.7183684711573,-599.8271869301423,47,38,0.023372745896267588,0.8930927300725671,14,-7.958078640513122e-13,-600.8123230910431,-599.7587532205233,-599.7838223595559,-600.4086475519615,13,12,-1.1523952395746297,-1.173792811055642,0.9577740485835262,0.9478723673952012,1.133062106338214,1.1236888705048624,0.8066285606962945,0.8102651068222925,0.900149219395607,0.8972861860622063,0.8962203076771439,0.9009055402903318,0.01583046499845878,0.005264870559784523,0.6344751568558713,0.9357766768513436,5.042926788330078
hmc_dn,markov-null,500,130,38,9,1.0668360329957522,-606.7028516629364,-606.1694336464385,37,25,0.03303852121257478,0.5334180164978761,24,1.1368683772161603e-13,-606.6717337794012,-606.201905544729,-606.1607534314628,-606.4091875650039,12,12,-0.6998080754299902,-0.715752874632225,1.4073927378520394,1.3965034256877444,1.0872762281856767,1.079519472007989,0.9390141737586806,0.940254107001603,0.9229060037021892,0.9213952376682124,0.8784808940408866,0.8820385539018362,0.022238749700526778,0.014976661385482893,0.6965838510891725,0.8708659228490542,3.8743417263031006
hmc_dn,markov-null,500,131,29,9,2.2785856658194916,-614.1252326799932,-612.9859398470835,72,35,0.9466531002690317,1.2274543291413238,2,-5.684341886080801e-13,-614.3179180405126,-612.8314394624006,-612.9855680375246,-612.9663744288247,11,20,-1.4208559938306529,-1.447206535333062,0.7014553922253162,0.6837774083946706,0.8114817354329674,0.797943337531289,0.9149550815164571,0.9249091075071942,0.853072959395489,0.8535767760995024,0.925033038613142,0.9270435910056362,0.03747589712820273,0.010091578607971542,0.6989731655485003,0.7213795427866769,5.564746856689453
hmc_dn,markov-null,500,132,89,13,1.4765011366716863,-596.6986063700209,-595.9603558016851,41,34,0.013626689661634828,0.7979409564071602,3,-4.547473508864641e-13,-596.8271895028321,-595.8923755853342,-595.9597795817217,-596.0001165277205,12,12,-0.9703232487775136,-0.9218384657288067,1.0447323952748757,1.0726446845160005,0.9883326899942722,1.0129801224870647,1.014769904348046,1.0102535874337113,0.9056997933426766,0.9124728536835277,0.9102156357427693,0.9093872518520902,0.02087822480989193,0.041596102634851057,0.8863213535989695,0.8074459742720439,4.213860034942627
hmc_dn,markov-null,500,133,40,8,1.7811414886386956,-597.6240366695256,-596.7334659252062,458,85,0.6655815570329651,0.8932932472808943,18,-3.410605131648481e-13,-597.6819457229637,-596.7290566515312,-596.7039477730672,-597.2617217292774,12,14,-1.2047129410321693,-1.1788880431162343,0.6941628539986351,0.7166625980519812,0.9785173378073923,0.9935137999211562,1.1644182388684796,1.157963338815921,0.8909682626279235,0.8926527054711203,0.9009226274455422,0.9044031248993603,0.012096844920318638,0.02216523428029512,0.5886245583414865,0.8787519662272979,22.218710899353027
hmc_dn,markov-null,500,134,20,6,1.764349283390402,-599.5970990062066,-598.7149243645114,72,52,0.0077391939209974225,0.882174641695201,51,-2.2737367544323206e-13,-599.6482994441343,-598.6942229978107,-598.6972567380295,-599.0183269961649,55,84,-1.2300444905524164,-1.2423609608862167,1.0044375044750895,0.9876592182750952,0.9175158651840254,0.914523518311665,1.0158971308389384,1.0268085662589015,0.8768765277981853,0.8729785712972477,0.9284250644468679,0.9297430683505291,0.0005628976748936757,0.01931445666513608,0.7378518896133249,0.6899887976170768,9.645895957946777
hmc_dn,markov-null,500,135,47,10,2.4222725840843395,-618.2743768467179,-617.0632405546758,26,53,0.0,1.2111362920421698,52,0.0,-618.3372996825195,-617.0642309339548,-617.0503049977996,-617.617103601727,56,19,-0.8033892567839136,-0.815295137862334,1.1647159772061015,1.1921291423767855,1.168146191277815,1.155970993918286,0.9782557473956137,0.9523706812141695,0.8927212276616695,0.8989428992611606,0.8370923543828752,0.8369163535449475,0.034711291835664015,0.0030411624388193633,0.8014066273968005,0.71572541836567,5.913936138153076
hmc_dn,markov-null,500,136,20,9,4.113967694160465,-576.5265039869082,-574.469520139828,45,41,0.010928894642006526,2.0569838470802324,40,-2.2737367544323206e-13,-576.5392740307045,-574.7503091055742,-574.2931010151676,-576.0707977103265,40,43,-1.1299627511792931,-1.1803037250089097,0.5795074703241064,0.6893483121920223,1.2065576836524416,1.123640001121767,1.1044067277219112,1.0483924851446838,0.8638498343596096,0.8730871000362129,0.8963503613017206,0.8998258006023496,0.00017766458904090764,0.03427665125192531,0.4230305054096054,0.5741785518034106,7.020857810974121
hmc_dn,markov-null,500,137,59,9,2.176271874228405,-568.343886945863,-567.2557510087488,114,65,0.06475258856454502,1.0881359371142025,64,5.684341886080801e-13,-568.2334581763547,-567.4579380641858,-567.2547384710887,-567.7476592082514,11,11,-0.7285204382722481,-0.7595965236616016,0.9063971332482552,0.8168619208711861,0.80718144491698,0.8028353049100133,1.0063500912895937,1.0484258258023296,0.8781082526338976,0.8666127388548422,0.9057305340930517,0.9063621596274627,0.03738117142896081,0.009479128808397927,0.8752925036429074,0.8060854198316504,7.561953067779541
hmc_dn,markov-null,500,138,69,13,-0.0030392008748094668,-582.656526737786,-582.6580463382234,41,21,0.09582840810838889,0.0002230851921467547,1,1.1368683772161603e-13,-582.6583046794561,-582.6562668756507,-582.6580442345846,-582.6563003043238,9,41,-1.1238009818087444,-1.1239835052034235,1.1650674444367435,1.1647107357498743,0.909259711688466,0.9092168054803578,1.0039716614455214,1.0042242671043873,0.9165172152854577,0.9164668689054714,0.9314771783631828,0.9314876952059228,0.030144022985595334,0.029765595721186866,0.8092021382481315,0.8106829935532401,5.746658086776733
hmc_dn,markov-null,500,139,38,9,4.125565307999295,-621.7137326050463,-619.6509499510466,105,97,0.2797053359278152,2.0627826539996477,96,-1.7053025658242404e-12,-621.500793918805,-620.1553818583628,-619.3664222217338,-621.0964066881629,53,44,-1.29913958378777,-1.125132329875589,0.6937831604042621,0.8652348070545973,0.9135508572174362,0.9442673672036521,1.2495282642553391,1.178708568026591,0.8149436653734734,0.8666006781367438,0.9521823824578904,0.948534598235866,0.007117404803681633,0.024392550685624858,0.3792854805979935,0.8145619669318365,21.614331007003784
hmc_dn,markov-null,500,140,127,14,1.9400807956665176,-548.8158350200913,-547.845794622258,78,99,0.6475169633757787,0.9700403978332588,98,-1.1368683772161603e-13,-548.3803203617435,-548.3548885199327,-547.8454973642082,-548.5018904248715,23,11,-1.1018310159760065,-1.176187844864793,1.2361234482552288,1.1531647108719307,1.1925063015987205,1.1712911624839097,0.9643811435193693,0.998888386273393,0.9240963913863696,0.9197708947366866,0.8938805134802094,0.893053891766472,0.049780046071898315,0.0213798061792172,0.8997688354790361,0.8695187848710217,19.553990125656128
hmc_dn,markov-null,500,141,53,9,5.809904488478878,-572.319852749115,-569.4149005048755,36,35,0.0009254254175630194,2.904952244239439,34,0.0,-572.4123276097653,-569.2993488801745,-569.1367829903945,-571.3317431333214,61,53,-0.6536187072600669,-0.7249361995047541,1.071389130564662,0.9987747846504363,0.9693199398238258,0.9402406435236251,0.8470238099347733,0.8606885417457895,0.9349381794272853,0.934437506935424,0.8634370637957467,0.8719040285184109,0.03144526716396297,0.00023894558522445091,0.8987876192000633,0.449793990484879,12.70386004447937
hmc_dn,markov-null,500,142,20,6,3.202414528840336,-625.2783752774271,-623.677168013007,44,27,0.0,1.601207264420168,26,1.1368683772161603e-13,-625.2851378035917,-623.2079324182388,-623.1854788820883,-624.6636030426488,43,49,-0.782874794688933,-0.774892854797474,1.397731846850839,1.410243077178092,1.2366937572177155,1.2364654770750194,0.8246894214116679,0.8197618165087516,0.9204615526636464,0.9225706060102299,0.8730776552150205,0.8691283972402751,0.011956133417294177,0.013109186508964763,0.8428691351811829,0.2961916767135442,4.954536199569702
hmc_dn,markov-null,500,143,36,8,-0.7480802018171744,-607.9430091962379,-608.3170492971465,278,152,0.0,0.08144793175972609,4,0.0,-608.6392017210047,-607.7957297150322,-608.3119368255781,-607.8989217164988,11,14,-0.26571251829922315,-0.3166142767939665,0.5957704189509463,0.6849039950006826,1.3379517164697472,1.3188722177504184,1.4811895131642954,1.4618986011005526,0.7481956312442617,0.7758463291481071,0.846825361437763,0.8385158528120455,0.027958236219566304,0.009466225664482327,0.7132976625599089,0.8325952826308899,17.118488788604736
hmc_dn,markov-null,500,144,5,3,0.9914124043459651,-582.7913921119607,-582.2956859097877,40,43,0.0,0.49570620217298256,42,-2.2737367544323206e-13,-582.8455805427097,-582.204307033511,-582.2369207567965,-582.511692930615,40,39,-0.8336098110904719,-0.7599877294807098,0.8822596418825023,0.9047805936899926,0.9042827115557356,0.9346939690793484,1.0967049746044548,1.125625395114154,0.8852720135825357,0.8901114683143542,0.8758231142024825,0.8648504033542223,0.01096221337787412,0.00013710458088740727,0.405976176672454,0.39696282309605013,4.969241142272949
hmc_dn,markov-null,500,145,58,9,4.258542109272639,-536.2240924898699,-534.0948214352336,72,59,0.006791486958377391,2.1309724793878786,17,3.410605131648481e-13,-536.2357045811586,-534.0978178219265,-534.0490862578346,-535.2376714464756,15,14,-0.6316765164061187,-0.6427207701311367,0.44070369411985866,0.4432102669776426,0.8112214267306452,0.8084256315243952,1.0615315368822562,1.054048249453076,0.8986912062312594,0.8964362695178492,0.8774907216968407,0.885739579232903,0.02320450518037259,0.016556215863323134,0.6999972276549472,0.9752197149946356,10.344544887542725
hmc_dn,markov-null,500,146,37,10,1.7929410902886502,-663.7930612539733,-662.896590708829,66,92,0.2643806667017543,0.8964705451443251,91,-6.821210263296962e-13,-663.4176330792823,-663.3634560034118,-662.882605313732,-663.6037470850437,10,11,-1.182041282808265,-1.1433427477630909,1.2016245998762694,1.2495421691558874,1.038495601774478,1.0474415740459262,1.0815726560666572,1.0599403876458626,0.8659379723049834,0.8730400725709095,0.8871497172579126,0.8890524292530342,0.02013506740202141,0.022802610792798408,0.5633691495134121,0.8015840764734513,7.070742845535278
hmc_dn,markov-null,500,147,50,12,0.20610669965662964,-633.5120335402793,-633.408980190451,34,41,0.0,0.369854387173973,3,1.0231815394945443e-12,-634.0690453319834,-633.0067435524157,-633.4077320407278,-633.2749504082544,13,13,-1.2517625353183497,-1.288663336446092,0.9912824911448086,0.9445491028067727,0.9336873429447632,0.9156802381494721,1.147477574339863,1.1536180450553486,0.8722387220664995,0.8677603251996959,0.8136650045036705,0.8249578069369351,0.01498893636686906,0.04196559251697757,0.7983084934035197,0.7125309135028849,5.350716829299927
hmc_dn,markov-null,500,148,71,10,0.7029512055696614,-576.2043395585106,-575.8528639557258,59,79,0.08847046960028138,0.3514756027848307,78,-1.0231815394945443e-12,-576.1324069274708,-575.9924280823586,-575.8525531157865,-576.1064275653557,16,13,-1.2844671005696124,-1.2434295222839835,0.6561582522868908,0.6501833724025636,0.8743322280234687,0.8939197238252333,1.2978951091350601,1.3314461457377098,0.8971145123555185,0.898186479566586,0.8754248953421072,0.8678388590905115,0.03136144665346831,0.012361478844770422,0.8460418834200032,0.8728750927183153,9.962177038192749
hmc_dn,markov-null,500,149,40,8,0.3498680423813312,-597.7637328360831,-597.5887988148925,67,41,0.0,0.19735999694012207,2,-3.410605131648481e-13,-597.8454052084157,-597.5256744865629,-597.5853908505284,-597.5815143061154,13,10,-0.7546812823678049,-0.7832642274016052,1.457895606522244,1.4582826055882,1.1459906360627703,1.1235993415427548,0.918853457959239,0.9135626927230797,0.9343317001527356,0.9342032577020998,0.9171184407077513,0.9179425671921325,0.013838249942955362,0.02141449045477684,0.8319833835530877,0.7412706097734767,4.229907989501953
hmc_dn,markov-null,500,150,57,9,3.7195689994928216,-579.4203229831257,-577.5605384833793,46,25,0.030929704918605694,1.8597844997464108,24,-1.1368683772161603e-13,-579.4872776566856,-577.5827688305576,-577.5597641024826,-578.0769098459617,14,11,-0.5482609688461964,-0.5590973663324585,1.3609463166911884,1.3593558577619036,1.092167538336801,1.0853154621033192,0.6098229926508777,0.610413805117503,0.949608299803074,0.9470161267663268,0.8810292323182807,0.8869513645782278,0.007531079256917422,0.05018995802084359,0.8163887557431914,0.8679739949282247,3.32440185546875
hmc_dn,markov-null,500,151,57,10,1.8475031994680648,-607.3692306622074,-606.4454790624734,63,38,0.0,0.9237515997340324,37,7.958078640513122e-13,-607.3860549736821,-606.6975539189709,-606.439886512728,-606.9618232831702,12,13,-0.9373692102135459,-1.003668667509563,0.6754083246953572,0.5690231076697846,1.018754093750821,1.0074848638800924,1.056795508868966,1.078171281623681,0.8979112670541586,0.8855931332685412,0.8439754156260986,0.8627626112588018,0.03070221794166612,0.012518902582615796,0.7565346436277942,0.9091140494578923,5.814612150192261
hmc_dn,markov-null,500,152,87,13,6.716337711324513,-581.8804701372538,-578.5223012815916,65,75,0.49576272855352954,3.3581688556622566,74,-5.684341886080801e-13,-582.1148640119123,-578.9352466766633,-578.5078923591925,-580.2714056614697,15,16,-1.4769772357781097,-1.4640219822976743,0.39133396087265193,0.3678156392655638,0.8127446343073577,0.8258047733156217,1.1056093011486416,1.122739705329168,0.8509736815822557,0.8684702884085813,0.9546282071285084,0.948212092792367,0.07874837279326344,0.014697517208386546,0.9698512894858393,0.7402911763741916,11.794578790664673
hmc_dn,markov-null,500,153,49,10,3.514760065991595,-616.3410627919394,-614.5836827589436,172,149,0.0,1.7573800329957976,148,4.547473508864641e-13,-616.2318435441687,-615.3812814769176,-614.4249937012545,-616.325235675515,35,61,-0.5026397145178549,-0.3355075237334142,0.21419512876895896,0.09078088750831322,1.0265721351707127,0.9976516519186476,1.4328129400963474,1.5135245332601606,0.8257365165380395,0.8264982006665984,0.8556892976548601,0.8469661461516649,0.045269880475405894,0.0016301467749130552,0.6104143707339929,0.9557256704276842,13.88208794593811
hmc_dn,markov-null,500,154,53,9,8.362885511162176,-595.3775066241666,-591.1960638685855,71,119,0.011101466660534243,4.181442755581088,118,0.0,-593.0136799133155,-595.0749690777026,-591.14876300438,-595.2729432578793,41,51,-0.8837570575175121,-0.20837097297971197,0.9499625207505165,0.28321596798968357,1.2818979693482233,1.7184174444681408,1.023190956819079,1.2436917379007535,0.877141309014078,0.8531005238209348,0.8918489246223863,0.8844032850055977,0.047594856157460515,0.0007900076246901048,0.9183884263779268,0.6508379910835582,9.691277027130127
hmc_dn,markov-null,500,155,102,15,0.690889899059357,-552.733610897594,-552.3881659480643,149,117,0.23262010940021582,0.3454449495296785,116,-2.2737367544323206e-13,-552.5307604688056,-552.624867584112,-552.388060177222,-552.6345922980096,14,9,-0.9867413345196159,-1.0321480978369197,1.4124801545007233,1.3506462582218504,0.9426906036693996,0.920734905051936,0.8094070767757601,0.8492152086233754,0.9591280350089879,0.9582954371713002,0.9447422064044257,0.9486499741881881,0.04017084433410181,0.03305722781992414,0.8522563697269472,0.883741299541437,18.768205165863037
hmc_dn,markov-null,500,156,56,12,0.5008431493802163,-582.4962921649854,-582.2458705902953,45,48,0.03887950890737102,0.2504215746901082,47,3.410605131648481e-13,-582.5789819896535,-582.2360093034018,-582.2390936259678,-582.3444258858482,12,11,-0.900237339555559,-0.9217784865661747,0.953490808366209,0.938987312161422,0.9295243429390099,0.9190772932459367,0.9070974571016789,0.9111530568139935,0.9023095655356607,0.8999589716747484,0.9022755876538053,0.9079055783642248,0.03072938526582372,0.023255895497634554,0.7026453024812208,0.8440208312387356,4.625277042388916
hmc_dn,markov-null,500,157,50,9,3.331353641179703,-634.7304039320547,-633.0647271114649,120,97,0.12347115385796315,1.6656768205898516,96,-2.2737367544323206e-13,-634.7084200433495,-633.5291665944826,-632.919663957051,-634.365398892084,49,48,-0.9381229344266064,-0.7727374392513929,0.4338664798930706,0.3862906483213603,1.0010249459696443,1.0530350541450184,1.3020652438468414,1.3458963487356186,0.7295992632782845,0.736056245117884,0.8886151404519943,0.8831030414616187,0.0009190317160080373,0.028188011411763064,0.9624046130553154,0.7438011781415016,9.609349250793457
hmc_dn,markov-null,500,158,43,11,1.6478224970969677,-629.2989294898244,-628.475018241276,41,37,0.17660726616429656,0.8239112485484839,36,-1.4779288903810084e-12,-629.1447607022745,-628.6541970719263,-628.4743754089674,-628.7495797767837,12,13,-1.4762149007865217,-1.4548135040800463,0.6456483637936044,0.6653231810843969,0.8267875105203414,0.8382431724899186,1.2472601996605397,1.2441169461187394,0.8884668912689142,0.8868549048468107,0.9199903332301138,0.9169529155229282,0.012719465111654078,0.03240994175384756,0.7781079209448668,0.7206269166029842,5.140267848968506
hmc_dn,markov-null,500,159,22,7,2.4120516464909088,-598.5308764018931,-597.3248505786477,36,16,0.000863282958448508,1.2060258232454544,15,0.0,-598.5197180285418,-597.3225996390861,-597.2864145171332,-597.779617465961,52,39,-1.2774791000849968,-1.2852608149026117,0.6552719763674733,0.6591101456922969,0.6095072089670461,0.607669459088138,1.2582419024820355,1.25423187944701,0.7859176096701395,0.7899313674737247,0.9411916757866563,0.9425165472255997,0.00020955758135176078,0.01875495977551625,0.7572080813318502,0.669095452235607,3.2804548740386963
hmc_dn,markov-null,500,160,31,5,0.13007546505536993,-591.5433928576374,-591.4783551251097,25,55,0.032768767673360344,0.06503773252768497,54,3.410605131648481e-13,-591.5335820336579,-591.4999923664595,-591.4782925807516,-591.5088238534072,23,11,-1.1976642019959172,-1.1932695407780574,0.8964535907741771,0.8990635290183933,0.7075957115379952,0.7104226815125908,0.9112893764219997,0.9110811720234089,0.8827917704444039,0.8839323241464211,0.9064895756394532,0.90567222369917,0.013454597283303641,0.00827984542429338,0.8382715449298583,0.8354742963505346,3.348879814147949
hmc_dn,markov-null,500,161,57,10,1.4071282924141997,-578.7001020989698,-577.9965379527627,28,28,0.0,0.7035641462070998,27,3.410605131648481e-13,-578.6664858267283,-578.0963235014484,-577.991395262115,-578.290919164454,11,10,-1.210186304004059,-1.1997008362927994,1.194972230593308,1.2033150615481025,0.887381882704776,0.8932986316055261,0.8522614098926996,0.8472046470650673,0.895902822913754,0.901264162912429,0.9142548695911145,0.9121673889218885,0.01982792076296147,0.02433372924165297,0.885067203542038,0.7165665440619395,2.5500810146331787
hmc_dn,markov-null,500,162,17,8,2.1662067918939556,-617.0711535379434,-615.9880501419964,35,30,0.09358903700922383,1.0831033959469778,29,3.410605131648481e-13,-616.9893736716637,-615.8675120836737,-615.7727003878139,-616.4503729517633,45,53,-1.3934351425015534,-1.369911901161275,0.6103038253750159,0.6313485880825496,1.1619133463995193,1.1620007079973578,1.0858210759948,1.0796088011842135,0.9242468467738472,0.9256897993469224,0.9507250004674973,0.9498309652243364,0.01414729928808102,0.01821943968680795,0.2203288046152681,0.6163934318053321,6.692345857620239
hmc_dn,markov-null,500,163,29,10,3.326521834058667,-625.0719384245465,-623.4086775075172,51,154,0.1440032910991249,1.6632609170293335,153,2.2737367544323206e-13,-625.4051620469126,-623.7979975490707,-623.3324905948969,-624.2608479349009,14,56,-0.7304773547864648,-0.66919400019735,0.6239907404923931,0.5880664990868185,1.1698015882762274,1.2393191294970416,1.01805009468816,1.0172631541954524,0.8633952235294586,0.8678019160387094,0.9206099768943262,0.9154466535154488,0.056741798886437426,0.0005432427374240317,0.6923488077706527,0.48209685264362917,7.502009868621826
hmc_dn,markov-null,500,164,22,7,4.292560371649188,-621.5513423615143,-619.4050621756897,60,32,0.0,2.146280185824594,31,-6.821210263296962e-13,-621.5573170597694,-618.9992164828319,-618.9508685629111,-620.5555848916015,45,46,-1.2538948731517265,-1.2411488446635266,0.6863622092803099,0.706290417769664,0.9146186691487385,0.9172558539467355,0.8543835138501549,0.8429136412065827,0.8924551408825692,0.8905265960809889,0.8878612264081105,0.8883562178927654,0.005031983308039579,0.024355148462572727,0.3258654123196863,0.8380407978696264,4.28642201423645
hmc_dn,markov-null,500,165,49,11,1.37353811784169,-601.3560561120223,-600.6692870531015,54,51,0.0,0.7025873213201521,6,-2.2737367544323206e-13,-601.4050495524339,-600.6684426352543,-600.6674088534271,-600.8905168673676,12,9,-1.2415433490208938,-1.2250176811172324,0.9859875393843043,1.0149366006308371,0.8598367972771541,0.8653670354075945,0.9768102501362995,0.9604785118836567,0.9050112339806711,0.9024388865751723,0.9013804331983017,0.8991639217105022,0.014437660762626748,0.03468031703948075,0.7103718905945642,0.8334398839546968,3.6384029388427734
hmc_dn,markov-null,500,166,24,6,2.475744831388738,-609.0196898906433,-607.781817474949,52,34,0.0,1.237872415694369,33,1.3642420526593924e-12,-609.1359916862798,-607.7644601833683,-607.7099790888205,-608.5907645947328,15,12,-1.3536388151331056,-1.3562138454256847,0.7588532228019922,0.7668210477411004,0.8268945625071361,0.8198862875718808,1.1214019632244931,1.1155404693709654,0.788623026367261,0.8019779093465932,0.9364328717714555,0.93372619987402,0.030567183394741286,0.006996430969914515,0.9160593673031149,0.5635374152085766,2.9356439113616943
hmc_dn,markov-null,500,167,41,9,0.4620711498134824,-619.0741760241165,-618.8431404492097,55,77,0.013375538763057193,0.2310355749067412,76,3.410605131648481e-13,-619.0768236399466,-618.9242105763168,-618.8350732095355,-618.9888540814754,13,11,-1.4836099707840913,-1.4478027810694691,0.6645717197230914,0.697709634548951,0.8051209398574647,0.8198705829188468,1.1266434941894925,1.111625937879339,0.8853105509364693,0.8942008634875228,0.9485072516084944,0.9461250929253908,0.02125630914261529,0.01871791829652035,0.8458147326271674,0.6982979259031656,4.4551169872283936
hmc_dn,markov-null,500,168,33,8,0.5754387393001252,-607.4310649114126,-607.1433455417625,31,44,0.0,0.3031902546179026,4,9.094947017729282e-13,-607.4874010159491,-607.1255720077348,-607.1432973725792,-607.1676347822446,11,31,-1.018952393028383,-1.0706152480330284,1.0600031652760564,1.035622091138492,1.0447983503135625,1.021182977612553,0.8548592346288503,0.8609714476591974,0.8876792732797616,0.8854160776440049,0.8997807043798407,0.9035213238147246,0.02373208374031044,0.011365730989307009,0.7594166528508648,0.7536849944019787,5.003806829452515
hmc_dn,markov-null,500,169,46,10,0.40125666822859785,-597.7530407064655,-597.5524123723512,23,25,0.0,0.20062833411429892,24,-4.547473508864641e-13,-597.7799909943462,-597.5476933410197,-597.5474252160759,-597.6393339964853,18,11,-1.132423779405224,-1.125849144172075,1.2942619961551989,1.3017685131360444,1.0178089249495224,1.0191806190439687,1.021774036109161,1.0172467286473914,0.885389807732912,0.8862598925327927,0.9246027660902306,0.9267076694149949,0.016846261503869128,0.02525531375185212,0.6965608327351538,0.8112717163534005,3.3717153072357178
hmc_dn,markov-null,500,170,28,6,0.9799442613343672,-613.4636477260208,-612.9736755953536,44,37,0.0,0.4899721306671836,36,-4.547473508864641e-13,-613.3541940917967,-613.102586238861,-612.9679410616117,-613.1542701223655,12,42,-1.19825484833839,-1.2214411648463301,0.6935751330070037,0.6676258859062665,0.8921573419424527,0.8800497676809211,1.1076148200845841,1.1110644687183713,0.8917642281262466,0.8888287240244339,0.8553397981890419,0.8592408324545008,0.01575513092502979,0.008783660363065696,0.745204328947365,0.8612702478827613,3.2555482387542725
hmc_dn,markov-null,500,171,42,8,2.2687397565546235,-558.4287467910336,-557.2943769127563,44,35,0.3872534714768108,1.1343698782773117,34,-1.0231815394945443e-12,-558.2410103565239,-557.5286098613235,-557.2860439538782,-557.6893513002121,15,13,-1.4492221237066898,-1.42553141337781,0.8339494061103132,0.8482833644420089,0.8585845174347534,0.8688641688979616,0.9402645668086241,0.9361088465110495,0.8873452959744168,0.8873866209205565,0.9334563350999424,0.9304956027183804,0.006465998887350333,0.02437997577298842,0.8871049930524487,0.7806779465595404,2.922766923904419
hmc_dn,markov-null,500,172,76,14,1.4607856059317328,-577.6376516241239,-576.907258821158,61,43,0.018959369674803384,0.7303928029658664,42,-1.1368683772161603e-13,-577.6311317157799,-576.9459730372772,-576.9062907042345,-577.123513108885,15,13,-0.7511304834310569,-0.7753632470223815,1.1287871961712512,1.0918416605579622,1.06979083734522,1.06055266787817,0.9118428831819003,0.9284117625759098,0.9273603903713714,0.9263828498905167,0.8392669664667147,0.845341903389337,0.04191403165590788,0.014755830293902825,0.8028226236843282,0.8480710566232833,6.858826398849487
hmc_dn,markov-null,500,173,92,12,6.696908416389306,-577.2695069939134,-573.9210527857188,97,16,0.33413424740041364,3.348454372031142,14,-7.958078640513122e-13,-577.6535386918306,-573.9410815726023,-573.7990546372456,-575.3806570355752,52,51,-1.1528715899588269,-1.175012213761101,1.0297910933995853,0.9862065206176316,0.7754429365466455,0.7631601404609785,1.1278257868169816,1.1518783686304028,0.8697410288577626,0.8719629026766235,0.9109421343757397,0.8999783463952605,0.039544651432398985,0.02169391495777024,0.9942090069497064,0.752807288534356,6.16292929649353
hmc_dn,markov-null,500,174,37,6,6.864703655102858,-541.7654724467541,-538.3331206192026,35,25,0.022056886701022904,3.440206906649223,4,1.1368683772161603e-13,-541.8434873814277,-538.1708202425706,-538.2053400605121,-538.792316026877,31,26,-1.033643293081479,-1.0488442041362376,1.1315170536530355,1.1259434513077735,0.903265659423939,0.8917738197824173,0.669456333303468,0.6710914464507993,0.9204983347799925,0.9174982830346353,0.9065362560413273,0.9094263409599254,0.02072745405586044,0.004337305985894079,0.7262464856561383,0.9883572929914614,3.1953320503234863
hmc_dn,markov-null,500,175,32,7,4.532517713941161,-632.2034490724776,-629.937190215507,30,25,0.01202369103862111,2.2662588569705804,24,-6.821210263296962e-13,-632.191287053727,-629.9876541239679,-629.9159975688655,-630.6336724362327,13,12,-1.1967562986051492,-1.1700066326561624,1.0984722877973363,1.1318585507674552,0.8600396722365473,0.8745506652441805,1.050169031459834,1.0374178609022364,0.8788010297864137,0.8795523071767184,0.8722450500313084,0.8726147830702127,0.0040045476524741205,0.02724134686243011,0.5907443588861949,0.8630514937538727,2.32148814201355
hmc_dn,markov-null,500,176,34,7,1.235617701617457,-568.4166802402528,-567.7988713894441,84,37,0.0,0.6178088508087285,36,5.684341886080801e-13,-568.3585135263413,-567.3449048119985,-567.2242210045329,-568.2591782716706,51,47,-0.6498704326099,-0.6534373139603327,1.55417698813714,1.5447122549738936,0.8878702220466835,0.8868720807335702,0.8330438607331905,0.84018188408887,0.9300210150593498,0.932846295777916,0.8867873073648893,0.8881673847721638,0.01685269934354406,0.0117752656317717,0.8385418744740805,0.5504303383422259,6.653479814529419
hmc_dn,markov-null,500,177,55,12,2.552708023420564,-579.6348518673216,-578.3584978556113,31,38,0.002254932164873935,1.276354011710282,37,-1.1368683772161603e-13,-579.6409993468528,-578.4640994355758,-578.3578557959844,-578.5754569812225,21,43,-0.9206930960833509,-0.9704735278883709,1.3576800238119615,1.299270128747819,0.9491502249088941,0.9292742666412234,0.9379721320573956,0.9654089552659333,0.9394912773723556,0.9358112832900237,0.9304942006149528,0.9301209493287974,0.04074844592513911,0.01246068481148138,0.7935940454807494,0.7517579064605757,4.124526739120483
hmc_dn,markov-null,500,178,30,9,0.5907733460610416,-619.487569092452,-619.1921824194214,26,31,0.003622124821959005,0.2953866730305208,30,4.547473508864641e-13,-619.4615279813139,-619.2496684138661,-619.1921134040647,-619.3039027161723,12,10,-0.982787432621558,-0.9889671886401825,1.5140455317223163,1.4989545954009298,1.003936736916369,1.0013283293684965,0.7987149244821753,0.8073639770732958,0.9335662912834016,0.9328436855734176,0.8199129602991699,0.8251387755595249,0.014882331928843423,0.030710883203641647,0.6957514802745353,0.7017645533848459,2.5191240310668945
hmc_dn,markov-null,500,179,39,9,2.173542847371664,-592.9093668818834,-591.8225954581976,215,89,0.14124596439285142,1.0893066012322379,35,-1.1368683772161603e-12,-593.3188274324542,-591.4167992474868,-591.5929671622438,-592.547524909954,90,76,0.006712301275314029,0.031203059597610355,-0.277953476286133,-0.30055812685291716,1.63735457855668,1.6625654598807877,1.1025218952639873,1.093317930903184,0.9153883972778722,0.9139478141138887,0.6781487499628992,0.7456265584511803,0.02585817347422087,0.0006993174526444903,0.707755933892546,0.9562355681351887,16.232643842697144
hmc_dn,markov-null,500,180,39,11,6.2118282572837416,-544.5205631793289,-541.414649050687,49,296,0.10101032100106977,3.1059141286418708,295,-4.547473508864641e-13,-542.4083577482592,-544.1310057801489,-541.1950584603806,-544.3093773847952,11,45,-0.33648280143513,0.1542745945625162,1.2480834608786,1.4702477947448802,0.9954030249935132,1.1873526826791214,0.8085389093278328,0.5720076593205836,0.9255844879325873,0.941396151862767,0.8861879095957997,0.5268432493633886,0.016938309317241582,0.08005718105460317,0.6797441744721558,0.905881696594541,16.24113178253174
hmc_dn,markov-null,500,181,56,10,5.212834677482078,-613.8532927740099,-611.2468754352689,63,41,0.2514395767161659,2.6071971214691985,19,9.094947017729282e-13,-613.9196195679428,-611.3243131300615,-611.223491206535,-612.3085476934837,56,56,-1.1324985241703973,-1.144673572535423,0.8119093108930364,0.7943977137338726,0.8180737094956536,0.8154766805929001,0.8350353660279011,0.8457069551258865,0.8584242406938611,0.8534871366803162,0.8922407295053031,0.8982594751208963,0.0003198119947460721,0.03975161737677311,0.8404818203899115,0.8160346724561803,13.443586587905884
hmc_dn,markov-null,500,182,48,13,1.443015341372984,-639.1122163502296,-638.3907086795431,39,33,0.09997027740757858,0.7495942250380949,5,1.3642420526593924e-12,-639.2245322925048,-638.3211800223228,-638.3890636442029,-638.7161846687695,14,12,-0.5378571993461332,-0.5204004705030487,1.1937416338192892,1.2255039954532096,1.3140030409353727,1.3063145273179466,0.8840086945930011,0.8679704643272446,0.8662259151360955,0.8676627109026198,0.8578209437857315,0.8544487626923855,0.014059012855619805,0.04446023824584446,0.7649325038697888,0.6826909459946391,3.9194560050964355
hmc_dn,markov-null,500,183,83,15,-0.3569379309149099,-552.8274048002384,-553.0058737656958,81,94,0.1789296232591937,0.14202323773361059,1,7.958078640513122e-13,-553.2364451971262,-552.6671863004566,-553.0058037762537,-552.6853782547736,9,8,-0.8576471608545941,-0.9302913058932243,0.976673773856326,0.9486765150857293,0.8692564681808961,0.8281064094913823,0.8674779593753789,0.8733257775424095,0.9472155528399048,0.945326365342427,0.961599251764867,0.9631360869364434,0.04430649725266308,0.030743572406263412,0.8316841352111491,0.7992249204154954,8.358797073364258
hmc_dn,markov-null,500,184,25,4,4.790991997465426,-606.5029389955772,-604.1074429968445,39,43,0.0,2.395495998732713,42,-3.410605131648481e-13,-606.4164206581436,-604.2109745888114,-603.8936446261167,-605.5165162816594,47,35,-1.0394783755461536,-1.0792917754379925,0.978750392507373,0.9360742597387299,0.875919761130401,0.8663347792787488,0.9312524872623498,0.9483532288333104,0.8799731631827268,0.878586638723694,0.9013094833232268,0.9026067400850948,0.018710671979806994,5.21835468671747e-05,0.9203961857583105,0.6617537905004244,5.3059468269348145
hmc_dn,markov-null,500,185,54,8,1.9891616350562344,-561.9665191225539,-560.9719383050258,34,123,0.0,1.0105787985465895,25,-3.410605131648481e-13,-562.01896880101,-561.1138482409386,-560.8800835370846,-561.7615951648388,18,21,-0.680496839785758,-0.6270520236307687,0.7532231505968475,0.7955378395818278,0.9210598711499022,0.9351428944263173,1.0954248580923973,1.109565186626156,0.8818590226940067,0.883434263743168,0.8564374315310989,0.842752400943853,0.023768763996809692,0.009687825362915717,0.757473597354061,0.9742612117345077,7.3835289478302
hmc_dn,markov-null,500,186,61,11,0.5709558112412196,-589.6436590305661,-589.3581811249455,44,31,0.032807537529606634,0.2854779056206098,30,0.0,-589.6082579341481,-589.4276682305733,-589.3546532592142,-589.5699716091729,17,16,-0.8608236943015867,-0.8719894855279514,0.3843288377309728,0.39185193531781953,1.0735357339558387,1.0713935506357322,1.3988434162743644,1.395816268006082,0.6490232062551937,0.6610857905466782,0.919811200823557,0.9190556928751553,0.047178223372023056,0.01952569448799255,0.757960632112241,0.8340392605451337,3.939803123474121
hmc_dn,markov-null,500,187,29,7,1.0892574850099663,-628.7882257966706,-628.2435970541657,71,93,0.0,0.5518118725615295,15,-5.684341886080801e-13,-628.8629381581597,-628.231414503552,-628.2263253435916,-628.5333419251425,11,10,-1.2706257240085541,-1.2068386178656283,1.1378424108788676,1.1794367789651798,0.940648192968899,0.9775814790181706,0.9788625355788757,0.9606489549048446,0.8650214322357943,0.873205823005077,0.9002407276676033,0.8932944477282599,0.015867496531781256,0.013770080775046824,0.8696533045499915,0.6126323242929271,12.95038914680481
hmc_dn,markov-null,500,188,28,9,1.7719072642478295,-611.3117770989871,-610.4258234668632,44,86,0.0,0.8917959165955835,21,-6.821210263296962e-13,-611.5212893870705,-610.3764270609346,-610.3360879368076,-610.9550873969364,13,23,-1.1363257663235264,-1.0268151039013311,1.0182150458076729,1.073850844003332,0.9605587221472172,1.0109158358173433,0.7922513201665201,0.7658224128502259,0.8589343082309795,0.8657849149067769,0.9032091975234299,0.8962763361552681,0.020494750340116136,0.017876121586783107,0.36267854484142725,0.7908390467588514,6.220264911651611
hmc_dn,markov-null,500,189,45,7,1.7987201315102084,-570.7147223887077,-569.8153623229526,46,44,0.0,0.8993600657551042,43,-4.547473508864641e-13,-570.5213816493778,-570.0675883880895,-569.8132024081034,-570.1993368506213,13,11,-1.0896089104873425,-1.0593254796903184,0.948411394232252,0.9935473375017897,0.889141258010478,0.9047552822410238,0.918835797748232,0.9038956655622619,0.9301024842227037,0.9312616362702417,0.87675161478231,0.8754673902194889,0.008966463872139879,0.02739994209437622,0.8093862254263617,0.8791964316533912,4.335425853729248
hmc_dn,markov-null,500,190,36,8,0.4144826512108466,-616.8097664436609,-616.6025251180555,50,40,0.05899934758338077,0.20967006951229905,10,-7.958078640513122e-13,-616.8530746725447,-616.5741193454386,-616.5899527036959,-616.7085723660653,31,11,-0.960227183874429,-0.947080621435824,1.1881399155162065,1.2012292875606971,0.8915821120515569,0.8976484280949347,0.8113512870556177,0.8048370595628167,0.8877513753780776,0.8871720541706075,0.8765758139585476,0.8774419345308967,0.01563116775944048,0.018694048712915887,0.676788791267364,0.8411941794987993,4.685467958450317
hmc_dn,markov-null,500,191,25,6,0.49712694906497745,-568.6333507635273,-568.3847872889949,23,31,0.0,0.25696836740223716,5,0.0,-568.6513820652237,-568.3707199421608,-568.3810398819223,-568.4487815951362,12,10,-1.1233515596832795,-1.1063960058631694,0.9542131033073804,0.9709473564161126,0.9150400861615997,0.9222183574680183,0.9463422939095965,0.9390074039530957,0.9234594553279992,0.923861924003079,0.9305865288294825,0.9298589699933806,0.00928875411518051,0.015483064284663102,0.6898023229217858,0.814415795124014,2.825321912765503
hmc_dn,markov-null,500,192,73,11,7.266565421832183,-559.5903509645243,-555.9570682536082,29,35,0.001554542109772683,3.6332827109160917,34,-4.547473508864641e-13,-559.8070676566199,-555.9047982772171,-555.472665190389,-558.5750595917964,38,36,-1.0735702239958438,-1.069749401022836,0.9085500196747738,0.9515878227059014,0.9127859912142261,0.904502107202883,1.1256073516455756,1.0970468957844597,0.8961949062710279,0.905179388498748,0.944452125531695,0.9539945408872473,0.0002689562448760804,0.04066651208879529,0.44156585505583174,0.8871433126054443,4.699406862258911
hmc_dn,markov-null,500,193,24,7,2.6806458291375748,-620.2700581141772,-618.9297351996084,102,28,0.7330422430900398,1.3403229145687874,27,1.3642420526593924e-12,-619.9900543135516,-619.2750470970492,-618.908867227839,-619.7610746174468,32,46,-1.244049097837904,-1.1902702404455343,0.8084770938277765,0.8279513478132409,1.0162029197030213,1.0393022080303094,1.0892815089819048,1.0951224240997106,0.8655421334298193,0.8634795624108542,0.9008323198056923,0.8960204623623217,0.0010895832116477248,0.02539474210020426,0.6241142552035062,0.7322274266460725,7.080244779586792
hmc_dn,markov-null,500,194,57,13,2.35701752152022,-593.6492275742384,-592.4707188134782,58,95,0.03167523601450739,1.17850876076011,94,-9.094947017729282e-13,-593.8647206143986,-593.1862089874356,-592.0727268878588,-593.5284619212424,39,44,-0.7687286219038014,-0.9880198898501257,1.1217621746896551,1.0293914528573993,1.0744894892554984,0.9776321491724037,0.9577479779917455,0.9700418023630554,0.9028769431056487,0.8853120961859119,0.9153503973252531,0.934811612121323,0.013446038118726885,0.03900974830662673,0.4787107991591685,0.8254845834190782,8.906133890151978
hmc_dn,markov-null,500,195,55,12,0.8151936717927128,-592.0867463278119,-591.6791494919155,67,51,0.08811722920654574,0.4075968358963564,50,0.0,-592.0285064701633,-591.7513915082776,-591.677601553156,-591.8630059821929,15,13,-0.7707895329741278,-0.7883790268944177,1.4108880487082425,1.3894102511476525,1.0874326160014158,1.078152989624258,0.6301859705680849,0.6438396083856764,0.9471606143904834,0.9471063498691601,0.8294006762283654,0.8313884039160496,0.03155347385280588,0.012836242244342886,0.7912118966465468,0.7351554624740654,5.696518898010254
hmc_dn,markov-null,500,196,67,13,8.264275634821843,-571.3211226316334,-567.1889848142225,33,26,0.0,4.135274334268843,9,4.547473508864641e-13,-571.5395614159573,-567.4025776800647,-567.1691160653047,-569.3395488347613,13,18,-0.9832904719942075,-1.0035085297288617,0.8989824295593587,0.9154748477143668,0.9282377425192545,0.9076509055133798,0.9020109096160313,0.884139178012154,0.909632212326661,0.9085724840118606,0.8903106586834739,0.9037783438790241,0.030472546725416723,0.027722290754601846,0.5489642891341908,0.9539559601717995,3.274614095687866
hmc_dn,markov-null,500,197,45,9,11.852095104081627,-553.9654743306145,-548.0394267785737,170,44,0.0,5.926047552040814,43,-7.958078640513122e-13,-553.6405960837824,-548.9421492551759,-548.0184173490647,-550.8969059113571,57,50,-1.0825670265191312,-1.2811266768218614,0.6737122032880851,0.5609614265708802,0.8108217329273701,0.7294382251914135,1.0175382695750859,1.0538706592965479,0.8267176935118262,0.7726078583858907,0.9221756685951831,0.9245563322687461,0.08331859802053983,0.00022917528219315426,0.7906126797482285,0.7993734122976291,13.764969825744629
hmc_dn,markov-null,500,198,35,9,11.085085931764752,-573.3973880197152,-567.8548450538328,72,29,0.0,5.542542965882376,28,-4.547473508864641e-13,-573.5739142355694,-567.8348575306218,-567.6838313143614,-570.0498176775076,15,14,-0.9044497255182822,-0.8490293357468067,1.472394010553258,1.547251256594318,1.1121856504700909,1.1383875842997113,0.727631123997703,0.6851558011684885,0.9346581837719367,0.9367087201945458,0.8551724534996861,0.8567610812668542,0.01124730419490753,0.04053932237516425,0.29782036551911034,0.9331580220067054,4.408953666687012
hmc_dn,markov-null,500,199,40,6,2.390844378119482,-555.4117557704001,-554.2163335813403,54,31,0.0,1.195422189059741,30,2.2737367544323206e-13,-555.5968575359195,-554.1681617744359,-554.1962034792859,-554.849015274975,50,51,-0.811676572843815,-0.8349922889267518,1.1244446234943353,1.0976261699310008,1.0470610747046072,1.0444630229191496,0.9330379445807087,0.9453691143174484,0.9255353247824023,0.9204355058143842,0.9357269753935327,0.939846247135778,0.00021504260909741612,0.023330620985159607,0.7721160101334374,0.8723803169316382,5.311846733093262
