model,pattern,rate,method,n_reps,loglik_kind,crps_kind,n_missing_mean,n_gaps_mean,err_missing_mean,err_missing_sd,err_observed_mean,err_observed_sd,err_overall_mean,err_overall_sd,conf_missing_mean,conf_missing_sd,brier_missing_mean,brier_missing_sd,logloss_missing_mean,logloss_missing_sd,loglik_mean,loglik_sd,rmse_mean,rmse_sd,mae_mean,mae_sd,crps_mean,crps_sd,cov90_mean,cov90_sd,width90_mean,width90_sd,cov95_mean,cov95_sd,width95_mean,width95_sd,time_fill_s_mean,time_fill_s_sd,time_classify_s_mean,time_classify_s_sd,time_total_s_mean,time_total_s_sd
hmc_in_gauss_k2,mcar_b1,0.05,complete,20,complete-data,,100,95.1,0.0715,0.0270039,0.0635526,0.00738991,0.06395,0.00735008,0.939451,0.0120391,0.104944,0.0341939,0.17835,0.0566957,-3233.9,36.0304,nan,nan,nan,nan,nan,nan,nan,nan,nan,nan,nan,nan,nan,nan,0,0,0.00868383,0.000229663,0.00868383,0.000229663
hmc_in_gauss_k2,mcar_b1,0.05,marginalise,20,observed-data,samples,100,95.1,0.132,0.0330231,0.0652632,0.00721244,0.0686,0.00764096,0.869385,0.0154247,0.184417,0.0383296,0.303661,0.0584789,-3078.84,33.4438,1.17035,0.104317,0.928065,0.0852469,0.656543,0.0578714,0.8975,0.0322613,3.79806,0.0441234,0.946,0.0260364,4.52934,0.0455756,0.0548111,0.000814118,0.00866639,0.000162308,0.0634775,0.000877421
hmc_in_gauss_k2,mcar_b1,0.05,plugin,20,filled-series,gaussian,100,95.1,0.1305,0.0357587,0.0653158,0.00708168,0.068575,0.00764728,0.922581,0.0144522,0.193607,0.0478072,0.349232,0.101841,-3184.89,33.6179,1.17035,0.104317,0.928065,0.0852469,0.656561,0.0578208,0.903,0.0283029,3.81291,0.0452168,0.9475,0.0248945,4.54336,0.0538792,0.0135171,0.000313514,0.0085867,0.000207752,0.0221038,0.000373031
hmc_in_gauss_k2,mcar_b1,0.05,linear,20,filled-series,gaussian-sd-obs,100,95.1,0.1385,0.0366024,0.0662632,0.00673342,0.069875,0.00725454,0.926948,0.0151718,0.208795,0.0518209,0.38183,0.109136,-3200.12,34.5003,1.3152,0.0971765,1.05132,0.0882897,0.74539,0.0544938,0.919,0.0217401,4.63448,0.0403362,0.9655,0.0193241,5.52232,0.0480636,2.41542e-05,3.488e-06,0.00853956,0.0001376,0.00856371,0.000138247
hmc_in_gauss_k2,mcar_b1,0.05,locf,20,filled-series,gaussian-sd-obs,100,95.1,0.1585,0.0297843,0.0663158,0.00696146,0.070925,0.00695148,0.935219,0.0140278,0.25023,0.0468787,0.512365,0.114526,-3221.95,37.2917,1.53596,0.133194,1.22038,0.106624,0.868305,0.0778123,0.861,0.0378223,4.63448,0.0403362,0.927,0.027549,5.52232,0.0480636,2.01023e-05,1.6773e-06,0.00859265,0.000172095,0.00861275,0.000172761
hmc_in_gauss_k2,mcar_b1,0.05,mean,20,filled-series,gaussian-sd-obs,100,95.1,0.1325,0.033541,0.0652105,0.00707962,0.068575,0.00732924,0.870522,0.0152975,0.184202,0.0383995,0.302973,0.0582446,-3220.46,33.3655,1.4073,0.101798,1.16365,0.0893091,0.806682,0.0605799,0.9045,0.0370597,4.63448,0.0403362,0.961,0.0210013,5.52232,0.0480636,1.01771e-05,4.90481e-07,0.00863899,0.000187157,0.00864917,0.000187048
hmc_in_gauss_k2,mcar_b1,0.1,complete,20,complete-data,,200,177.4,0.0645,0.017837,0.0638889,0.00789181,0.06395,0.00735008,0.936603,0.00878002,0.0967149,0.0267937,0.165968,0.0426721,-3233.9,36.0304,nan,nan,nan,nan,nan,nan,nan,nan,nan,nan,nan,nan,nan,nan,0,0,0.00867891,0.000203921,0.00867891,0.000203921
hmc_in_gauss_k2,mcar_b1,0.1,marginalise,20,observed-data,samples,200,177.4,0.1485,0.0314182,0.0680278,0.00753479,0.076075,0.0087348,0.860301,0.0143062,0.19995,0.032671,0.320405,0.0462437,-2924.57,36.114,1.17476,0.0500761,0.927571,0.0421388,0.655369,0.0271324,0.90475,0.016016,3.83172,0.0398984,0.95275,0.0131264,4.56778,0.0411219,0.0569641,0.000837413,0.00860779,0.000155399,0.0655719,0.000916799
hmc_in_gauss_k2,mcar_b1,0.1,plugin,20,filled-series,gaussian,200,177.4,0.148,0.0306251,0.0684722,0.00768718,0.076425,0.00892848,0.918347,0.0136083,0.215454,0.0428446,0.384403,0.0832916,-3138.26,37.9204,1.17476,0.0500761,0.927571,0.0421388,0.656166,0.0266963,0.90575,0.0157509,3.84659,0.0414711,0.95275,0.0134238,4.5835,0.0494158,0.0136746,0.000262078,0.0086739,0.000296303,0.0223485,0.000418003
hmc_in_gauss_k2,mcar_b1,0.1,linear,20,filled-series,gaussian-sd-obs,200,177.4,0.151,0.0264873,0.0693056,0.00764693,0.077475,0.00811995,0.922145,0.0115975,0.224467,0.0395376,0.401495,0.0893775,-3167.76,37.0601,1.30946,0.061229,1.03374,0.0569514,0.737513,0.033556,0.92125,0.0144982,4.63869,0.04885,0.96175,0.0126984,5.52734,0.0582083,3.02646e-05,8.99159e-07,0.0085783,0.000266507,0.00860857,0.000266804
hmc_in_gauss_k2,mcar_b1,0.1,locf,20,filled-series,gaussian-sd-obs,200,177.4,0.17325,0.0330977,0.0701389,0.00755933,0.08045,0.0082922,0.935709,0.00784835,0.276694,0.050778,0.554221,0.116625,-3211.88,38.3362,1.554,0.08007,1.22118,0.0604175,0.872136,0.0447733,0.87025,0.0219734,4.63869,0.04885,0.92325,0.0190757,5.52734,0.0582083,1.93499e-05,1.05207e-06,0.00862675,0.000217829,0.0086461,0.000217509
hmc_in_gauss_k2,mcar_b1,0.1,mean,20,filled-series,gaussian-sd-obs,200,177.4,0.1505,0.0295982,0.068,0.00737116,0.07625,0.00791983,0.86185,0.0136643,0.201704,0.0336763,0.322893,0.0479501,-3207.67,35.9403,1.39737,0.0483221,1.15156,0.0544244,0.798303,0.0318381,0.9135,0.0143362,4.63869,0.04885,0.9625,0.00835086,5.52734,0.0582083,1.26793e-05,4.99741e-07,0.00853717,0.000177807,0.00854985,0.000177702
hmc_in_gauss_k2,mcar_b1,0.2,complete,20,complete-data,,400,308.65,0.062625,0.0126042,0.0642812,0.00788297,0.06395,0.00735008,0.935847,0.00700987,0.0944594,0.0148652,0.163139,0.0235985,-3233.9,36.0304,nan,nan,nan,nan,nan,nan,nan,nan,nan,nan,nan,nan,nan,nan,0,0,0.00856601,0.000174461,0.00856601,0.000174461
hmc_in_gauss_k2,mcar_b1,0.2,marginalise,20,observed-data,samples,400,308.65,0.144125,0.0256914,0.0715625,0.00830519,0.086075,0.0108873,0.853463,0.0086291,0.204344,0.0293762,0.331231,0.0404787,-2610.59,30.4349,1.18114,0.046783,0.942007,0.0345396,0.662504,0.0267283,0.902375,0.0134378,3.86945,0.0300552,0.95075,0.0083548,4.61177,0.0313155,0.0605398,0.00118675,0.00859156,0.000200272,0.0691313,0.00126317
hmc_in_gauss_k2,mcar_b1,0.2,plugin,20,filled-series,gaussian,400,308.65,0.1445,0.0269576,0.0714063,0.00871203,0.086025,0.011685,0.921258,0.00536071,0.217554,0.0406911,0.398961,0.0793125,-3039.73,31.9074,1.18114,0.046783,0.942007,0.0345396,0.663964,0.0252935,0.90275,0.0147991,3.88212,0.0297714,0.95075,0.00807449,4.62583,0.0354748,0.0136469,0.000405506,0.00864443,0.00023552,0.0222914,0.000524014
hmc_in_gauss_k2,mcar_b1,0.2,linear,20,filled-series,gaussian-sd-obs,400,308.65,0.148875,0.0262136,0.072125,0.00888847,0.087475,0.0116082,0.924673,0.00532671,0.230783,0.0373715,0.433219,0.0734465,-3100.18,33.8264,1.32603,0.0458743,1.05562,0.0396029,0.748978,0.0255648,0.919625,0.0164292,4.64002,0.0503702,0.96025,0.0116951,5.52893,0.0600198,4.18063e-05,2.83958e-06,0.00858673,0.000159172,0.00862854,0.000159325
hmc_in_gauss_k2,mcar_b1,0.2,locf,20,filled-series,gaussian-sd-obs,400,308.65,0.178375,0.0266468,0.0746562,0.00891405,0.0954,0.0113516,0.93756,0.00662859,0.289312,0.0392517,0.619137,0.102015,-3187.01,41.6305,1.59126,0.0851923,1.25486,0.0709621,0.895868,0.0514718,0.857375,0.0249272,4.64002,0.0503702,0.914625,0.0183403,5.52893,0.0600198,1.93874e-05,1.18469e-06,0.00862593,0.000204109,0.00864532,0.000204108
hmc_in_gauss_k2,mcar_b1,0.2,mean,20,filled-series,gaussian-sd-obs,400,308.65,0.145375,0.0239966,0.0719063,0.00844992,0.0866,0.0107491,0.854479,0.0085562,0.205921,0.0302705,0.333604,0.0412898,-3176.83,30.0674,1.40226,0.0416347,1.15816,0.0360079,0.802064,0.0247155,0.9105,0.0134409,4.64002,0.0503702,0.9635,0.00783884,5.52893,0.0600198,1.75103e-05,1.53771e-06,0.00855423,0.000190339,0.00857174,0.000190231
hmc_in_gauss_k2,mcar_b1,0.4,complete,20,complete-data,,800,450.6,0.0635,0.00916407,0.06425,0.0102452,0.06395,0.00735008,0.937389,0.00531116,0.0956829,0.0113171,0.164227,0.0178558,-3233.9,36.0304,nan,nan,nan,nan,nan,nan,nan,nan,nan,nan,nan,nan,nan,nan,0,0,0.00861331,0.000258362,0.00861331,0.000258362
hmc_in_gauss_k2,mcar_b1,0.4,marginalise,20,observed-data,samples,800,450.6,0.178062,0.0214464,0.0844167,0.0116983,0.121875,0.0138363,0.827578,0.00922281,0.247162,0.0279803,0.391239,0.0363798,-1979.75,29.7173,1.21824,0.0403004,0.969254,0.0334483,0.682646,0.0228002,0.900938,0.0110239,3.9781,0.025926,0.950688,0.00921665,4.73428,0.0255023,0.0671921,0.00100453,0.00865301,0.00018208,0.0758452,0.00109187
hmc_in_gauss_k2,mcar_b1,0.4,plugin,20,filled-series,gaussian,800,450.6,0.177312,0.0210782,0.0866667,0.0118254,0.122925,0.0136327,0.919045,0.00793333,0.275315,0.0366273,0.519404,0.0736542,-2853,32.0295,1.21824,0.0403004,0.969254,0.0334483,0.68368,0.0226088,0.9025,0.0116768,3.98677,0.0270398,0.950812,0.0085578,4.75053,0.03222,0.0136025,0.000256837,0.00856083,0.000151471,0.0221634,0.000359728
hmc_in_gauss_k2,mcar_b1,0.4,linear,20,filled-series,gaussian-sd-obs,800,450.6,0.181625,0.0223021,0.087625,0.0113209,0.125225,0.0139307,0.924101,0.00695788,0.289882,0.0393681,0.591353,0.0935952,-2962.96,40.364,1.3697,0.0564392,1.08644,0.046273,0.771169,0.0308931,0.908125,0.0113736,4.61846,0.0645741,0.952438,0.0104541,5.50323,0.0769448,5.45104e-05,1.05927e-05,0.00858226,0.000223687,0.00863677,0.000223406
hmc_in_gauss_k2,mcar_b1,0.4,locf,20,filled-series,gaussian-sd-obs,800,450.6,0.218,0.0266199,0.0925417,0.01041,0.142725,0.0142888,0.938149,0.00554067,0.365374,0.0466447,0.845983,0.141106,-3119.5,48.4935,1.61103,0.0757896,1.27336,0.0637507,0.908344,0.0466,0.849875,0.01732,4.61846,0.0645741,0.911813,0.0145349,5.50323,0.0769448,1.95875e-05,2.46962e-06,0.00856963,0.000184238,0.00858921,0.000183573
hmc_in_gauss_k2,mcar_b1,0.4,mean,20,filled-series,gaussian-sd-obs,800,450.6,0.179375,0.0245502,0.084125,0.0119681,0.122225,0.0148,0.829669,0.00983184,0.253213,0.0308855,0.39953,0.0406661,-3111.78,28.0097,1.41693,0.0285214,1.17251,0.023306,0.811272,0.0169705,0.904375,0.0139695,4.61846,0.0645741,0.960187,0.00766566,5.50323,0.0769448,2.12854e-05,8.81549e-07,0.00858472,0.000203363,0.008606,0.000203259
hmc_in_gauss_k2,mcar_b1,0.6,complete,20,complete-data,,1200,398.2,0.06575,0.00869773,0.06125,0.0110917,0.06395,0.00735008,0.936463,0.00480433,0.0987786,0.0102,0.1685,0.0153409,-3233.9,36.0304,nan,nan,nan,nan,nan,nan,nan,nan,nan,nan,nan,nan,nan,nan,0,0,0.00857597,0.000193291,0.00857597,0.000193291
hmc_in_gauss_k2,mcar_b1,0.6,marginalise,20,observed-data,samples,1200,398.2,0.224833,0.0248234,0.0963125,0.0123775,0.173425,0.0170157,0.780897,0.00858048,0.310173,0.0247397,0.474049,0.031027,-1333.92,19.8879,1.26567,0.030012,1.00858,0.0262529,0.709991,0.0180853,0.9015,0.00942654,4.14244,0.0222307,0.952292,0.00522082,4.90454,0.0208606,0.0778249,0.00197149,0.008729,0.000206319,0.0865539,0.00205643
hmc_in_gauss_k2,mcar_b1,0.6,plugin,20,filled-series,gaussian,1200,398.2,0.225333,0.0249391,0.0963125,0.0115599,0.173725,0.017557,0.915134,0.00553931,0.363175,0.0423727,0.700368,0.0815664,-2687.72,28.1777,1.26567,0.030012,1.00858,0.0262529,0.711439,0.0173628,0.902708,0.00868922,4.14965,0.0238572,0.952625,0.00446948,4.94461,0.0284276,0.0136925,0.000274487,0.0085684,0.000209719,0.0222609,0.000353355
hmc_in_gauss_k2,mcar_b1,0.6,linear,20,filled-series,gaussian-sd-obs,1200,398.2,0.235042,0.0234964,0.098,0.0131063,0.180225,0.0162865,0.927031,0.00543988,0.389954,0.0388046,0.882222,0.0888763,-2812.24,31.4571,1.43292,0.0354735,1.13588,0.030445,0.806216,0.020193,0.894708,0.0101064,4.64621,0.0675285,0.944,0.00657058,5.5363,0.0804651,4.87666e-05,1.59028e-06,0.00868822,0.000198273,0.00873699,0.000198272
hmc_in_gauss_k2,mcar_b1,0.6,locf,20,filled-series,gaussian-sd-obs,1200,398.2,0.285458,0.0261874,0.104375,0.0120477,0.213025,0.0171614,0.947531,0.00401592,0.504437,0.0460568,1.31655,0.118171,-3030.7,57.6888,1.7072,0.0533929,1.35056,0.0449328,0.966804,0.0331564,0.829,0.0158266,4.64621,0.0675285,0.894458,0.0105557,5.5363,0.0804651,2.00459e-05,3.90292e-06,0.00857458,0.000217726,0.00859462,0.000219506
hmc_in_gauss_k2,mcar_b1,0.6,mean,20,filled-series,gaussian-sd-obs,1200,398.2,0.243792,0.0355568,0.0970625,0.0114153,0.1851,0.023135,0.793048,0.0146506,0.335869,0.0459399,0.509631,0.0624435,-3027.88,18.6836,1.4082,0.0238438,1.1614,0.0221159,0.804938,0.014695,0.909667,0.0130686,4.64621,0.0675285,0.9625,0.00622436,5.5363,0.0804651,1.93979e-05,1.57716e-06,0.00864868,0.000203481,0.00866808,0.000203288
hmc_in_gauss_k2,mcar_b10,0.05,complete,20,complete-data,,100,9.75,0.06,0.0280976,0.0641579,0.00768588,0.06395,0.00735008,0.937155,0.0147499,0.0887635,0.0314883,0.150195,0.0503209,-3233.9,36.0304,nan,nan,nan,nan,nan,nan,nan,nan,nan,nan,nan,nan,nan,nan,0,0,0.00862514,0.000220267,0.00862514,0.000220267
hmc_in_gauss_k2,mcar_b10,0.05,marginalise,20,observed-data,samples,100,9.75,0.281,0.0771806,0.0645526,0.00748284,0.075375,0.00875526,0.719827,0.0229581,0.368937,0.0721742,0.548291,0.0830704,-3074.39,36.791,1.30701,0.126977,1.06217,0.102788,0.742289,0.0709082,0.903,0.038265,4.34541,0.0389001,0.961,0.0214966,5.10366,0.0333589,0.0550769,0.00112966,0.00872989,0.000248505,0.0638068,0.00127482
hmc_in_gauss_k2,mcar_b10,0.05,plugin,20,filled-series,gaussian,100,9.75,0.283,0.0795448,0.0645789,0.00752524,0.0755,0.0087374,0.914279,0.0243421,0.462927,0.139135,0.856279,0.290739,-3192.11,36.8066,1.30701,0.126977,1.06217,0.102788,0.743063,0.0708666,0.907,0.0371484,4.35401,0.0478275,0.9605,0.0260516,5.18812,0.0569899,0.0136075,0.000316012,0.00860119,0.000190721,0.0222086,0.000354805
hmc_in_gauss_k2,mcar_b10,0.05,linear,20,filled-series,gaussian-sd-obs,100,9.75,0.308,0.0908788,0.0648421,0.00741104,0.077,0.00955042,0.935479,0.0206107,0.519834,0.148025,1.23167,0.365018,-3198.07,37.7394,1.49855,0.134244,1.20639,0.113465,0.851964,0.0780694,0.8805,0.0428553,4.63396,0.0442254,0.9395,0.0292853,5.5217,0.0526978,1.4902e-05,1.04911e-06,0.0085609,0.00019078,0.0085758,0.000191048
hmc_in_gauss_k2,mcar_b10,0.05,locf,20,filled-series,gaussian-sd-obs,100,9.75,0.3465,0.108253,0.0649737,0.00756654,0.07905,0.00972504,0.948209,0.0381416,0.618493,0.184736,1.7128,0.539392,-3210.96,41.2961,1.73163,0.194681,1.38784,0.146994,0.993211,0.119145,0.8085,0.0557509,4.63396,0.0442254,0.8835,0.0531408,5.5217,0.0526978,1.94999e-05,1.92861e-06,0.00858181,0.000287926,0.00860131,0.000289143
hmc_in_gauss_k2,mcar_b10,0.05,mean,20,filled-series,gaussian-sd-obs,100,9.75,0.3075,0.0818133,0.0645,0.00750657,0.07665,0.00733969,0.743471,0.0241194,0.418009,0.104509,0.610669,0.130529,-3215.39,36.4854,1.41058,0.106957,1.17178,0.103299,0.80999,0.0651572,0.906,0.0290915,4.63396,0.0442254,0.963,0.0202874,5.5217,0.0526978,7.00425e-06,2.92696e-07,0.00859991,0.000226338,0.00860691,0.000226414
hmc_in_gauss_k2,mcar_b10,0.1,complete,20,complete-data,,200,18.35,0.07025,0.0247341,0.06325,0.00747809,0.06395,0.00735008,0.938406,0.0124345,0.101681,0.0311684,0.172774,0.04528,-3233.9,36.0304,nan,nan,nan,nan,nan,nan,nan,nan,nan,nan,nan,nan,nan,nan,0,0,0.00862607,0.000170168,0.00862607,0.000170168
hmc_in_gauss_k2,mcar_b10,0.1,marginalise,20,observed-data,samples,200,18.35,0.29875,0.072054,0.0634722,0.0076533,0.087,0.0101606,0.709076,0.022117,0.384573,0.0555735,0.56698,0.0635286,-2917.1,36.8527,1.31045,0.0725211,1.06229,0.0639953,0.741624,0.0428474,0.90675,0.0229,4.36023,0.0335483,0.95475,0.0129244,5.11629,0.028548,0.0561688,0.000554147,0.00860678,0.000171434,0.0647756,0.000647031
hmc_in_gauss_k2,mcar_b10,0.1,plugin,20,filled-series,gaussian,200,18.35,0.29775,0.0744007,0.0635556,0.0077136,0.086975,0.0105836,0.907952,0.017846,0.484665,0.121009,0.898236,0.230846,-3154.86,37.3766,1.31045,0.0725211,1.06229,0.0639953,0.74416,0.0427298,0.9085,0.0224839,4.37295,0.0426032,0.957,0.0114018,5.21069,0.0507649,0.0134353,0.000211293,0.0085229,0.000138541,0.0219582,0.000288674
hmc_in_gauss_k2,mcar_b10,0.1,linear,20,filled-series,gaussian-sd-obs,200,18.35,0.31475,0.0844561,0.0640556,0.00758341,0.089125,0.0105953,0.940759,0.0131722,0.55687,0.150581,1.40238,0.39936,-3167.88,37.0408,1.52617,0.109338,1.2182,0.0794277,0.864505,0.059951,0.8655,0.0285574,4.63505,0.0478183,0.929,0.0232605,5.523,0.056979,1.64105e-05,9.54031e-07,0.00854177,0.000173783,0.00855818,0.000174351
hmc_in_gauss_k2,mcar_b10,0.1,locf,20,filled-series,gaussian-sd-obs,200,18.35,0.348,0.0883682,0.0646111,0.00721457,0.09295,0.0116132,0.964507,0.0194741,0.6455,0.165263,1.83601,0.555862,-3188.83,42.1539,1.72195,0.153727,1.38084,0.130858,0.986832,0.0979773,0.818,0.0380235,4.63505,0.0478183,0.887,0.0333404,5.523,0.056979,1.86166e-05,6.27384e-07,0.00852437,0.000162614,0.00854298,0.000162884
hmc_in_gauss_k2,mcar_b10,0.1,mean,20,filled-series,gaussian-sd-obs,200,18.35,0.33,0.0625763,0.0638056,0.00770702,0.090425,0.00797904,0.73554,0.0268196,0.431715,0.0743727,0.625641,0.0928936,-3199.21,36.5152,1.40834,0.0587747,1.16898,0.0518881,0.806997,0.0354008,0.9095,0.0176143,4.63505,0.0478183,0.96325,0.0135019,5.523,0.056979,7.25835e-06,2.48112e-07,0.00855262,0.000156278,0.00855988,0.000156303
hmc_in_gauss_k2,mcar_b10,0.2,complete,20,complete-data,,400,31.4,0.06375,0.0179088,0.064,0.00740455,0.06395,0.00735008,0.939013,0.00789971,0.0991557,0.0249857,0.170759,0.0384432,-3233.9,36.0304,nan,nan,nan,nan,nan,nan,nan,nan,nan,nan,nan,nan,nan,nan,0,0,0.00866015,0.000221889,0.00866015,0.000221889
hmc_in_gauss_k2,mcar_b10,0.2,marginalise,20,observed-data,samples,400,31.4,0.3235,0.050324,0.0658125,0.00615086,0.11735,0.0120286,0.682103,0.0144701,0.413763,0.0356532,0.600387,0.0405245,-2593.39,31.3385,1.34926,0.0467687,1.09157,0.0418817,0.765367,0.0298034,0.90125,0.0157802,4.3977,0.0186383,0.951,0.0091551,5.14795,0.0157356,0.0600415,0.000616796,0.00862828,0.000143208,0.0686698,0.000590874
hmc_in_gauss_k2,mcar_b10,0.2,plugin,20,filled-series,gaussian,400,31.4,0.32375,0.0482489,0.0659375,0.00656915,0.1175,0.0119627,0.891935,0.020762,0.519428,0.0785362,0.9368,0.149189,-3081.6,33.5143,1.34926,0.0467687,1.09157,0.0418817,0.765464,0.0283221,0.902125,0.0155444,4.42189,0.024376,0.955125,0.00800801,5.26901,0.0290457,0.0134902,0.000209334,0.00850928,0.000209716,0.0219995,0.000345183
hmc_in_gauss_k2,mcar_b10,0.2,linear,20,filled-series,gaussian-sd-obs,400,31.4,0.33375,0.0562449,0.067,0.00652551,0.12035,0.0130788,0.942623,0.00889475,0.593971,0.101104,1.58251,0.305347,-3091.4,40.5932,1.59702,0.0979793,1.26853,0.0819784,0.903708,0.0587438,0.847875,0.0283688,4.63094,0.0461679,0.91375,0.0216506,5.51811,0.0550124,1.86354e-05,2.41381e-06,0.0085714,0.000146609,0.00859004,0.000146262
hmc_in_gauss_k2,mcar_b10,0.2,locf,20,filled-series,gaussian-sd-obs,400,31.4,0.392125,0.0487831,0.0679375,0.00708878,0.132775,0.0115342,0.963775,0.0108752,0.73198,0.0917278,2.21133,0.324099,-3157.99,53.0516,1.87593,0.124885,1.49651,0.10227,1.07906,0.0807102,0.779625,0.0355435,4.63094,0.0461679,0.85125,0.0280096,5.51811,0.0550124,1.90229e-05,6.58266e-07,0.00852373,0.000219079,0.00854275,0.000219332
hmc_in_gauss_k2,mcar_b10,0.2,mean,20,filled-series,gaussian-sd-obs,400,31.4,0.348875,0.0530546,0.0660625,0.00641269,0.122625,0.0120075,0.727122,0.0375081,0.453136,0.0590663,0.650938,0.0740925,-3157.19,30.5623,1.41408,0.0413609,1.17139,0.0352701,0.809492,0.0248918,0.909625,0.0128829,4.63094,0.0461679,0.960375,0.00859448,5.51811,0.0550124,7.7104e-06,3.76909e-07,0.00860292,0.000270657,0.00861063,0.00027082
hmc_in_gauss_k2,mcar_b10,0.4,complete,20,complete-data,,800,45.55,0.06275,0.00947295,0.06475,0.0100949,0.06395,0.00735008,0.937046,0.00637815,0.0956352,0.0121466,0.164693,0.0184333,-3233.9,36.0304,nan,nan,nan,nan,nan,nan,nan,nan,nan,nan,nan,nan,nan,nan,0,0,0.00870928,0.000234794,0.00870928,0.000234794
hmc_in_gauss_k2,mcar_b10,0.4,marginalise,20,observed-data,samples,800,45.55,0.365562,0.0405685,0.0683333,0.0103661,0.187225,0.0181147,0.638503,0.0135395,0.428179,0.0222924,0.615201,0.0247367,-1944.01,26.4966,1.36747,0.0299822,1.11613,0.0262822,0.777308,0.0180715,0.899125,0.0116635,4.44587,0.0156417,0.95025,0.00719329,5.18866,0.0132033,0.0665347,0.00104847,0.00866882,0.000217244,0.0752035,0.00112396
hmc_in_gauss_k2,mcar_b10,0.4,plugin,20,filled-series,gaussian,800,45.55,0.365563,0.0409317,0.0680417,0.00975682,0.18705,0.0178958,0.835838,0.0210404,0.525178,0.0535306,0.87667,0.0902662,-2959.11,26.9099,1.36747,0.0299822,1.11613,0.0262822,0.777819,0.0180533,0.904062,0.0106443,4.48566,0.0206154,0.957687,0.00706263,5.34499,0.0245648,0.0138002,0.000572336,0.00873917,0.000397675,0.0225394,0.000870326
hmc_in_gauss_k2,mcar_b10,0.4,linear,20,filled-series,gaussian-sd-obs,800,45.55,0.380812,0.0414861,0.07025,0.00913711,0.194475,0.0178999,0.943408,0.0132618,0.679578,0.0709574,1.77743,0.230487,-2928.96,46.8821,1.62197,0.0926208,1.29526,0.0736908,0.921607,0.0573551,0.842625,0.029208,4.60656,0.0589771,0.906,0.0225897,5.48905,0.0702755,2.17083e-05,1.22567e-06,0.00861502,0.00023609,0.00863673,0.000236199
hmc_in_gauss_k2,mcar_b10,0.4,locf,20,filled-series,gaussian-sd-obs,800,45.55,0.416187,0.0394378,0.0720833,0.0105288,0.209725,0.0171099,0.959802,0.0228254,0.781818,0.0846082,2.38344,0.340396,-3032.71,94.4389,1.89058,0.109327,1.50989,0.0936224,1.08986,0.0742799,0.771937,0.0334095,4.60656,0.0589771,0.846813,0.0296595,5.48905,0.0702755,1.9225e-05,9.75978e-07,0.00861542,0.000191662,0.00863464,0.000191827
hmc_in_gauss_k2,mcar_b10,0.4,mean,20,filled-series,gaussian-sd-obs,800,45.55,0.395813,0.0567649,0.0689583,0.00999954,0.1997,0.0254312,0.739317,0.0726383,0.521053,0.100139,0.739934,0.141885,-3065.52,31.2374,1.42376,0.0260917,1.17936,0.0264625,0.815452,0.0165729,0.902063,0.0105932,4.60656,0.0589771,0.959437,0.00912698,5.48905,0.0702755,8.52715e-06,3.31203e-07,0.0086938,0.000309758,0.00870233,0.000309881
hmc_in_gauss_k2,mcar_b10,0.6,complete,20,complete-data,,1200,41.85,0.0637083,0.00940276,0.0643125,0.0102876,0.06395,0.00735008,0.937062,0.0062682,0.0957809,0.011784,0.163639,0.0176522,-3233.9,36.0304,nan,nan,nan,nan,nan,nan,nan,nan,nan,nan,nan,nan,nan,nan,0,0,0.00861012,0.000224876,0.00861012,0.000224876
hmc_in_gauss_k2,mcar_b10,0.6,marginalise,20,observed-data,samples,1200,41.85,0.41,0.0380856,0.069,0.0113888,0.2736,0.0239493,0.59023,0.00974589,0.461814,0.0157874,0.651896,0.0176448,-1297.76,18.7647,1.38791,0.0248106,1.13809,0.0211814,0.7896,0.0140008,0.900167,0.00840583,4.49393,0.00889623,0.951542,0.00607744,5.22917,0.00749384,0.0768036,0.00213541,0.00863314,0.00020982,0.0854368,0.00223232
hmc_in_gauss_k2,mcar_b10,0.6,plugin,20,filled-series,gaussian,1200,41.85,0.411083,0.0382064,0.0689375,0.0116788,0.274225,0.0241674,0.748249,0.0260576,0.546785,0.0440432,0.864556,0.0790399,-2884.22,25.9104,1.38791,0.0248106,1.13809,0.0211814,0.791056,0.0144291,0.904792,0.00881865,4.55014,0.0119633,0.959583,0.00613267,5.42182,0.0142552,0.0135575,0.000238217,0.00853194,0.0002013,0.0220894,0.000342705
hmc_in_gauss_k2,mcar_b10,0.6,linear,20,filled-series,gaussian-sd-obs,1200,41.85,0.42725,0.0444994,0.070625,0.0118064,0.2846,0.0281011,0.95361,0.0079351,0.784581,0.0779215,2.13474,0.199458,-2757.84,49.0138,1.6797,0.053438,1.34965,0.0471908,0.959296,0.0336572,0.824333,0.0169291,4.60081,0.0908179,0.895125,0.012817,5.4822,0.108216,2.36646e-05,5.2695e-06,0.00859364,0.000140215,0.00861731,0.000141457
hmc_in_gauss_k2,mcar_b10,0.6,locf,20,filled-series,gaussian-sd-obs,1200,41.85,0.467958,0.0418614,0.072875,0.0112471,0.309925,0.025471,0.964729,0.0221654,0.885882,0.0802193,2.69859,0.26464,-2928.78,105.371,1.93309,0.110409,1.56184,0.0948519,1.12507,0.0742167,0.757375,0.0272594,4.60081,0.0908179,0.838375,0.0224837,5.4822,0.108216,1.96145e-05,1.79764e-06,0.00855112,0.000199055,0.00857073,0.000199831
hmc_in_gauss_k2,mcar_b10,0.6,mean,20,filled-series,gaussian-sd-obs,1200,41.85,0.440375,0.0450264,0.068625,0.0113548,0.291675,0.0290346,0.745274,0.111724,0.588983,0.140255,0.852878,0.2537,-2967.75,42.2562,1.41885,0.0179235,1.17378,0.0154952,0.812118,0.0108177,0.902458,0.0116932,4.60081,0.0908179,0.959833,0.00835348,5.4822,0.108216,8.2188e-06,4.03001e-07,0.00856657,0.000145987,0.00857479,0.000146095
hmc_in_gauss_k2,mcar_b50,0.05,complete,20,complete-data,,100,2.05,0.074,0.0438178,0.0634211,0.00773052,0.06395,0.00735008,0.935371,0.0176063,0.107821,0.0533336,0.181093,0.083646,-3233.9,36.0304,nan,nan,nan,nan,nan,nan,nan,nan,nan,nan,nan,nan,nan,nan,0,0,0.00856186,0.000243721,0.00856186,0.000243721
hmc_in_gauss_k2,mcar_b50,0.05,marginalise,20,observed-data,samples,100,2.05,0.435,0.117541,0.0635263,0.00791613,0.0821,0.011148,0.5599,0.0100033,0.478497,0.0369501,0.670108,0.0400423,-3072.39,36.1828,1.38708,0.101253,1.13482,0.0850439,0.792833,0.0591276,0.8935,0.0319992,4.52821,0.00876211,0.949,0.0235975,5.25811,0.00741992,0.0544407,0.000747071,0.00859806,0.000177222,0.0630387,0.000751124
hmc_in_gauss_k2,mcar_b50,0.05,plugin,20,filled-series,gaussian,100,2.05,0.4345,0.119052,0.0636053,0.00793668,0.08215,0.0112134,0.722769,0.0333387,0.550432,0.137288,0.828012,0.213246,-3208.16,36.3448,1.38708,0.101253,1.13482,0.0850439,0.791479,0.0583961,0.904,0.0315228,4.59577,0.0116367,0.96,0.0215211,5.4762,0.013866,0.0134345,0.000180993,0.00862884,0.000193412,0.0220633,0.000297028
hmc_in_gauss_k2,mcar_b50,0.05,linear,20,filled-series,gaussian-sd-obs,100,2.05,0.4395,0.114638,0.0637368,0.0078194,0.082525,0.0108597,0.947078,0.0435104,0.799144,0.221009,2.08866,0.66947,-3195.3,35.8978,1.65259,0.252452,1.33549,0.207821,0.950551,0.158874,0.838,0.0721548,4.63447,0.0460396,0.904,0.0636107,5.52231,0.0548596,1.34666e-05,3.96259e-07,0.00854508,0.000154707,0.00855855,0.000154773
hmc_in_gauss_k2,mcar_b50,0.05,locf,20,filled-series,gaussian-sd-obs,100,2.05,0.452,0.151052,0.0637632,0.00775081,0.083175,0.00773113,0.968266,0.046864,0.848106,0.285186,2.56245,1.13473,-3208.41,42.9321,1.85589,0.493807,1.5311,0.448882,1.1029,0.354012,0.7745,0.13862,4.63447,0.0460396,0.847,0.121226,5.52231,0.0548596,1.87832e-05,7.74209e-07,0.00858656,0.00025604,0.00860534,0.000256273
hmc_in_gauss_k2,mcar_b50,0.05,mean,20,filled-series,gaussian-sd-obs,100,2.05,0.4755,0.141141,0.0635526,0.00792124,0.08415,0.0114261,0.733841,0.0859875,0.616307,0.171923,0.843498,0.212108,-3212.62,35.5514,1.40858,0.100295,1.15887,0.0806381,0.805492,0.0583153,0.8995,0.0379022,4.63447,0.0460396,0.959,0.0229186,5.52231,0.0548596,6.66035e-06,3.66096e-07,0.00863536,0.000227692,0.00864202,0.000227727
hmc_in_gauss_k2,mcar_b50,0.1,complete,20,complete-data,,200,3.75,0.0705,0.0280929,0.0632222,0.00800747,0.06395,0.00735008,0.937368,0.0164424,0.106423,0.0387854,0.17819,0.0587944,-3233.9,36.0304,nan,nan,nan,nan,nan,nan,nan,nan,nan,nan,nan,nan,nan,nan,0,0,0.00869324,0.000230873,0.00869324,0.000230873
hmc_in_gauss_k2,mcar_b50,0.1,marginalise,20,observed-data,samples,200,3.75,0.42725,0.100361,0.0632222,0.00792796,0.099625,0.0122645,0.55847,0.0111757,0.474233,0.0260464,0.665479,0.0273593,-2911.76,34.5391,1.39247,0.0539901,1.14904,0.0542923,0.795283,0.0324651,0.90175,0.0139807,4.52862,0.0104293,0.9545,0.0134654,5.25842,0.00883442,0.0559027,0.000736895,0.00865434,0.000161176,0.064557,0.000765926
hmc_in_gauss_k2,mcar_b50,0.1,plugin,20,filled-series,gaussian,200,3.75,0.4285,0.0993015,0.0632222,0.00796067,0.09975,0.012206,0.718425,0.0334344,0.537443,0.100138,0.802822,0.147701,-3183.54,34.7907,1.39247,0.0539901,1.14904,0.0542923,0.796832,0.0333576,0.91175,0.0148922,4.59655,0.0137166,0.96425,0.0117288,5.47713,0.0163444,0.0135736,0.000253068,0.00866499,0.000187675,0.0222386,0.000332794
hmc_in_gauss_k2,mcar_b50,0.1,linear,20,filled-series,gaussian-sd-obs,200,3.75,0.40575,0.0855366,0.0631111,0.00809584,0.097375,0.010266,0.951985,0.024377,0.743529,0.167133,2.04698,0.645724,-3161.49,46.94,1.65136,0.227049,1.33121,0.190602,0.947194,0.143919,0.83425,0.0582028,4.63017,0.0437417,0.901,0.0489522,5.51719,0.0521215,1.46355e-05,6.39761e-07,0.00863184,0.000218051,0.00864647,0.00021793
hmc_in_gauss_k2,mcar_b50,0.1,locf,20,filled-series,gaussian-sd-obs,200,3.75,0.4515,0.0825275,0.0632778,0.00792037,0.1021,0.0106827,0.957418,0.0360081,0.845947,0.154012,2.47839,0.594842,-3169.59,46.6514,1.8042,0.206797,1.46676,0.176573,1.04666,0.13626,0.79475,0.0563466,4.63017,0.0437417,0.86575,0.0500861,5.51719,0.0521215,1.93084e-05,1.08337e-06,0.00858844,0.000195279,0.00860775,0.000195621
hmc_in_gauss_k2,mcar_b50,0.1,mean,20,filled-series,gaussian-sd-obs,200,3.75,0.4585,0.109534,0.06325,0.00791088,0.102775,0.0139647,0.730697,0.0900052,0.602322,0.166145,0.834788,0.226835,-3192.06,33.8353,1.42274,0.0512101,1.18162,0.0545262,0.816458,0.0329006,0.90275,0.0152587,4.63017,0.0437417,0.964,0.00867543,5.51719,0.0521215,6.85405e-06,6.9515e-07,0.00864532,0.000209394,0.00865217,0.000209489
hmc_in_gauss_k2,mcar_b50,0.2,complete,20,complete-data,,400,6.4,0.060375,0.014195,0.0648437,0.00880358,0.06395,0.00735008,0.936841,0.00925154,0.0936878,0.0209199,0.164958,0.0367306,-3233.9,36.0304,nan,nan,nan,nan,nan,nan,nan,nan,nan,nan,nan,nan,nan,nan,0,0,0.00861703,0.000184515,0.00861703,0.000184515
hmc_in_gauss_k2,mcar_b50,0.2,marginalise,20,observed-data,samples,400,6.4,0.460625,0.0831568,0.0651875,0.00881111,0.144275,0.01941,0.550339,0.0114303,0.486025,0.0198493,0.678071,0.0215558,-2589.1,34.5605,1.40546,0.0354114,1.15414,0.0337019,0.800979,0.0214995,0.897875,0.0142873,4.53442,0.00881613,0.94925,0.012277,5.26332,0.00741994,0.0599197,0.000703836,0.00862125,0.000179132,0.068541,0.000715898
hmc_in_gauss_k2,mcar_b50,0.2,plugin,20,filled-series,gaussian,400,6.4,0.460875,0.0831307,0.0652187,0.00879517,0.14435,0.0193874,0.687614,0.0389996,0.565597,0.0621308,0.839095,0.0960696,-3135.92,36.6807,1.40546,0.0354114,1.15414,0.0337019,0.802196,0.0212961,0.9045,0.0118544,4.60444,0.012004,0.95975,0.0120552,5.48653,0.0143037,0.013579,0.000308175,0.00868791,0.00027291,0.0222669,0.000447552
hmc_in_gauss_k2,mcar_b50,0.2,linear,20,filled-series,gaussian-sd-obs,400,6.4,0.476625,0.075895,0.06575,0.00896723,0.147925,0.0173662,0.953557,0.0188862,0.880718,0.151674,2.38177,0.546259,-3080.41,42.4064,1.72809,0.138282,1.4077,0.120325,0.996568,0.0886859,0.814,0.0387417,4.62814,0.0501442,0.889125,0.0328601,5.51477,0.0597505,1.53937e-05,7.25434e-07,0.00863138,0.000240573,0.00864677,0.000240493
hmc_in_gauss_k2,mcar_b50,0.2,locf,20,filled-series,gaussian-sd-obs,400,6.4,0.51075,0.0791073,0.065625,0.00878517,0.15465,0.0177809,0.967527,0.0287375,0.974841,0.153167,2.87331,0.543077,-3103.73,65.3005,1.89352,0.185828,1.54451,0.163286,1.10683,0.128688,0.765375,0.0594618,4.62814,0.0501442,0.847,0.0483722,5.51477,0.0597505,1.91645e-05,1.71632e-06,0.00868069,0.000291812,0.00869985,0.000291558
hmc_in_gauss_k2,mcar_b50,0.2,mean,20,filled-series,gaussian-sd-obs,400,6.4,0.473875,0.0732941,0.0652188,0.00867514,0.14695,0.0158437,0.732095,0.112681,0.621871,0.143563,0.860865,0.199993,-3148.62,37.4607,1.41884,0.037127,1.17151,0.0353068,0.811755,0.022528,0.903,0.0108397,4.62814,0.0501442,0.95925,0.0115023,5.51477,0.0597505,6.78955e-06,5.94731e-07,0.00865519,0.000370311,0.00866198,0.000370391
hmc_in_gauss_k2,mcar_b50,0.4,complete,20,complete-data,,800,9.7,0.0649375,0.00842415,0.0632917,0.0108602,0.06395,0.00735008,0.936051,0.00620096,0.0977854,0.0119616,0.166823,0.0196895,-3233.9,36.0304,nan,nan,nan,nan,nan,nan,nan,nan,nan,nan,nan,nan,nan,nan,0,0,0.00872766,0.000229079,0.00872766,0.000229079
hmc_in_gauss_k2,mcar_b50,0.4,marginalise,20,observed-data,samples,800,9.7,0.464125,0.0601425,0.0642083,0.0114308,0.224175,0.0259256,0.53852,0.00933759,0.481998,0.0114221,0.673765,0.0129041,-1939.46,28.7521,1.39546,0.0249599,1.15265,0.0240635,0.796429,0.0163983,0.90225,0.00875094,4.54155,0.00707275,0.952312,0.0065929,5.26925,0.00596297,0.0665317,0.000936351,0.00873182,0.00020282,0.0752635,0.000934631
hmc_in_gauss_k2,mcar_b50,0.4,plugin,20,filled-series,gaussian,800,9.7,0.464125,0.0594134,0.064125,0.0113474,0.224125,0.0256135,0.641885,0.0332009,0.523943,0.0414888,0.763642,0.0670594,-3042.82,31.767,1.39546,0.0249599,1.15265,0.0240635,0.797265,0.0153943,0.908125,0.0111324,4.61472,0.00957849,0.96275,0.00631675,5.49878,0.0114135,0.0136939,0.000336123,0.00867535,0.000252199,0.0223693,0.000483681
hmc_in_gauss_k2,mcar_b50,0.4,linear,20,filled-series,gaussian-sd-obs,800,9.7,0.477062,0.0490507,0.06475,0.0109127,0.229675,0.0224642,0.958165,0.0167897,0.886655,0.0890354,2.4678,0.338937,-2922.83,59.9415,1.74597,0.111703,1.41483,0.0932779,1.00549,0.0717141,0.809312,0.032063,4.6373,0.0646669,0.884625,0.0278332,5.52568,0.0770553,1.75874e-05,1.45859e-06,0.00861562,0.00022482,0.00863321,0.000224834
hmc_in_gauss_k2,mcar_b50,0.4,locf,20,filled-series,gaussian-sd-obs,800,9.7,0.492875,0.0225624,0.065,0.0108586,0.23615,0.0111699,0.972977,0.0291565,0.944443,0.0546814,2.92686,0.458691,-2997.35,130.013,1.93593,0.229241,1.5761,0.192279,1.13426,0.156327,0.755625,0.0661481,4.6373,0.0646669,0.839125,0.0583026,5.52568,0.0770553,1.93542e-05,2.12652e-06,0.0085601,0.000236823,0.00857946,0.000237395
hmc_in_gauss_k2,mcar_b50,0.4,mean,20,filled-series,gaussian-sd-obs,800,9.7,0.480625,0.046905,0.06425,0.0110782,0.2308,0.018619,0.740807,0.103855,0.612361,0.101554,0.84641,0.15228,-3058.13,31.6554,1.4095,0.0243159,1.16672,0.0252728,0.80643,0.0152739,0.908437,0.0121725,4.6373,0.0646669,0.962313,0.00757935,5.52568,0.0770553,6.9375e-06,9.99586e-07,0.00862063,0.000213334,0.00862756,0.000213523
hmc_in_gauss_k2,mcar_b50,0.6,complete,20,complete-data,,1200,8.3,0.065875,0.00755813,0.0610625,0.0110715,0.06395,0.00735008,0.935967,0.00559344,0.0981928,0.0105458,0.166862,0.0166334,-3233.9,36.0304,nan,nan,nan,nan,nan,nan,nan,nan,nan,nan,nan,nan,nan,nan,0,0,0.00870368,0.00025138,0.00870368,0.00025138
hmc_in_gauss_k2,mcar_b50,0.6,marginalise,20,observed-data,samples,1200,8.3,0.483875,0.044349,0.0621875,0.0121184,0.3152,0.0267957,0.520542,0.00662077,0.492249,0.00785323,0.684853,0.0085113,-1294.47,24.6446,1.40313,0.0189143,1.15689,0.0173107,0.800547,0.0100805,0.902083,0.00826949,4.55463,0.00446977,0.951458,0.0049624,5.28027,0.00375132,0.07898,0.00199523,0.00867921,0.000164092,0.0876592,0.00202349
hmc_in_gauss_k2,mcar_b50,0.6,plugin,20,filled-series,gaussian,1200,8.3,0.484083,0.0446468,0.062125,0.0122481,0.3153,0.0271513,0.576699,0.0252419,0.517722,0.023647,0.739334,0.0339335,-2971.89,24.9379,1.40313,0.0189143,1.15689,0.0173107,0.801633,0.0115528,0.909292,0.00765328,4.6326,0.00620949,0.963,0.00405914,5.52008,0.00739906,0.0135631,0.000279821,0.00868856,0.000235833,0.0222516,0.000386943
hmc_in_gauss_k2,mcar_b50,0.6,linear,20,filled-series,gaussian-sd-obs,1200,8.3,0.493333,0.0415534,0.0626875,0.0116435,0.321075,0.0260583,0.968291,0.0255882,0.938153,0.102542,2.73873,0.67314,-2772.32,105.151,1.80139,0.229545,1.46397,0.206139,1.0464,0.162284,0.788708,0.0774042,4.63423,0.0677969,0.867875,0.0636778,5.52203,0.0807849,1.88271e-05,1.02292e-06,0.0085872,0.000145901,0.00860603,0.000146042
hmc_in_gauss_k2,mcar_b50,0.6,locf,20,filled-series,gaussian-sd-obs,1200,8.3,0.512125,0.0573358,0.0631875,0.011567,0.33255,0.0361502,0.977235,0.0268229,0.987622,0.120356,3.19007,0.673415,-2898.99,269.242,2.00173,0.310144,1.64084,0.284002,1.18722,0.22969,0.732,0.0977183,4.63423,0.0677969,0.816958,0.0876139,5.52203,0.0807849,1.97019e-05,1.71862e-06,0.00853639,0.000182114,0.0085561,0.000181883
hmc_in_gauss_k2,mcar_b50,0.6,mean,20,filled-series,gaussian-sd-obs,1200,8.3,0.484542,0.0350214,0.0621875,0.0119613,0.3156,0.0212254,0.749748,0.119343,0.633179,0.126012,0.894125,0.228291,-2964.76,46.653,1.41199,0.0177021,1.16532,0.0170004,0.807266,0.0110159,0.906542,0.00802625,4.63423,0.0677969,0.961625,0.00609066,5.52203,0.0807849,6.6e-06,2.63082e-07,0.008613,0.000224611,0.0086196,0.000224649
hmc_in_gauss_k2,scattered,0.05,complete,20,complete-data,,100,1,0.0615,0.0243386,0.0640789,0.00752093,0.06395,0.00735008,0.939511,0.0168688,0.0903658,0.0292175,0.153528,0.0483614,-3233.9,36.0304,nan,nan,nan,nan,nan,nan,nan,nan,nan,nan,nan,nan,nan,nan,0,0,0.0086964,0.000304999,0.0086964,0.000304999
hmc_in_gauss_k2,scattered,0.05,marginalise,20,observed-data,samples,100,1,0.438,0.113397,0.0641053,0.00748347,0.0828,0.00959633,0.533852,0.00636014,0.482532,0.0267372,0.674473,0.0297448,-3074.1,35.8933,1.3839,0.0888872,1.14417,0.073929,0.787925,0.0515235,0.906,0.0305045,4.54492,0.00792682,0.951,0.0191669,5.27208,0.00677208,0.0544906,0.00104062,0.00857248,0.000158891,0.0630631,0.0010963
hmc_in_gauss_k2,scattered,0.05,plugin,20,filled-series,gaussian,100,1,0.438,0.113397,0.0641053,0.00748347,0.0828,0.00959633,0.626558,0.0125576,0.51018,0.0886384,0.743466,0.143098,-3212.5,36.0214,1.3839,0.0888872,1.14417,0.073929,0.791983,0.0514407,0.9115,0.0321632,4.61933,0.00999493,0.967,0.0192217,5.50428,0.0119097,0.0135363,0.000322855,0.00874656,0.000511838,0.0222828,0.000738896
hmc_in_gauss_k2,scattered,0.05,linear,20,filled-series,gaussian-sd-obs,100,1,0.454,0.0936623,0.0641316,0.00751977,0.083625,0.00780835,0.957956,0.0491579,0.860663,0.207206,2.62293,1.18427,-3207.73,43.871,1.82532,0.470312,1.51009,0.43654,1.08678,0.344624,0.775,0.140357,4.63565,0.047365,0.852,0.122328,5.52372,0.0564388,1.33416e-05,8.38129e-07,0.00855466,0.000268438,0.00856801,0.000268769
hmc_in_gauss_k2,scattered,0.05,locf,20,filled-series,gaussian-sd-obs,100,1,0.494,0.0983228,0.0640789,0.00755767,0.085575,0.00837175,0.967588,0.0646058,0.930872,0.196857,3.06266,1.62927,-3224.81,80.2303,2.02028,0.717143,1.71232,0.707989,1.25493,0.584501,0.718,0.219559,4.63565,0.047365,0.789,0.210286,5.52372,0.0564388,1.92459e-05,1.44858e-06,0.00855926,0.000221519,0.00857851,0.000222133
hmc_in_gauss_k2,scattered,0.05,mean,20,filled-series,gaussian-sd-obs,100,1,0.441,0.0997312,0.0641316,0.00748284,0.082975,0.00949719,0.729122,0.0852917,0.582988,0.135693,0.805056,0.183062,-3214.42,35.4202,1.40248,0.0777652,1.16084,0.0661688,0.803461,0.0453173,0.9075,0.0298901,4.63565,0.047365,0.9605,0.0157196,5.52372,0.0564388,6.4937e-06,3.73172e-07,0.00858673,0.00020688,0.00859322,0.000206928
hmc_in_gauss_k2,scattered,0.1,complete,20,complete-data,,200,1,0.0595,0.0287411,0.0644444,0.00759818,0.06395,0.00735008,0.936501,0.010472,0.0859268,0.0336304,0.150453,0.0512974,-3233.9,36.0304,nan,nan,nan,nan,nan,nan,nan,nan,nan,nan,nan,nan,nan,nan,0,0,0.00870407,0.000222086,0.00870407,0.000222086
hmc_in_gauss_k2,scattered,0.1,marginalise,20,observed-data,samples,200,1,0.506,0.083313,0.0644722,0.00758207,0.108625,0.0113878,0.517131,0.00265711,0.494708,0.0147722,0.687557,0.0164385,-2914.15,31.7359,1.39048,0.0587306,1.15173,0.0541867,0.795027,0.0338733,0.91075,0.0164856,4.55669,0.00279434,0.957,0.0145458,5.28199,0.00238446,0.0562317,0.000889897,0.00867749,0.000259332,0.0649092,0.000908657
hmc_in_gauss_k2,scattered,0.1,plugin,20,filled-series,gaussian,200,1,0.506,0.083313,0.0645,0.00761078,0.10865,0.0114215,0.563247,0.00763669,0.513872,0.0450545,0.734662,0.0714694,-3194.38,31.7857,1.39048,0.0587306,1.15173,0.0541867,0.796215,0.0340671,0.91725,0.0172043,4.63549,0.00357687,0.969,0.0113091,5.52353,0.0042621,0.0135019,0.000321025,0.00866484,0.000197945,0.0221668,0.000396835
hmc_in_gauss_k2,scattered,0.1,linear,20,filled-series,gaussian-sd-obs,200,1,0.481,0.104763,0.0645556,0.00752643,0.1062,0.0122575,0.97116,0.0235759,0.916422,0.193197,2.66976,0.800592,-3160.61,42.0983,1.77269,0.306909,1.44827,0.281112,1.03592,0.216763,0.794,0.0988433,4.63914,0.0412995,0.87075,0.0856596,5.52787,0.0492114,1.41603e-05,1.23644e-06,0.00865762,0.000217991,0.00867178,0.000218048
hmc_in_gauss_k2,scattered,0.1,locf,20,filled-series,gaussian-sd-obs,200,1,0.481,0.10942,0.0645556,0.00748965,0.1062,0.0134207,0.948573,0.0976091,0.88351,0.225816,2.6414,1.27969,-3189.01,107.49,1.83702,0.52718,1.52627,0.498192,1.10178,0.393858,0.76575,0.159821,4.63914,0.0412995,0.843,0.140482,5.52787,0.0492114,1.91187e-05,9.39644e-07,0.00853072,0.000197223,0.00854984,0.000197441
hmc_in_gauss_k2,scattered,0.1,mean,20,filled-series,gaussian-sd-obs,200,1,0.4845,0.114051,0.0644722,0.00758207,0.106475,0.0122318,0.736272,0.0942837,0.617294,0.164713,0.847555,0.224399,-3194.34,31.2798,1.39764,0.0662558,1.15632,0.0594048,0.800261,0.0384134,0.91525,0.0198332,4.63914,0.0412995,0.966,0.0141979,5.52787,0.0492114,6.43325e-06,2.82186e-07,0.0086257,0.00024698,0.00863213,0.000247107
hmc_in_gauss_k2,scattered,0.2,complete,20,complete-data,,400,1,0.061,0.0119318,0.0646875,0.00807169,0.06395,0.00735008,0.938708,0.00646355,0.0914901,0.0162315,0.155913,0.0268035,-3233.9,36.0304,nan,nan,nan,nan,nan,nan,nan,nan,nan,nan,nan,nan,nan,nan,0,0,0.00873186,0.000220989,0.00873186,0.000220989
hmc_in_gauss_k2,scattered,0.2,marginalise,20,observed-data,samples,400,1,0.510125,0.0816301,0.06475,0.00789893,0.153825,0.01672,0.50782,0.00170566,0.495404,0.00694786,0.688202,0.00763134,-2587.98,33.5534,1.41139,0.032003,1.16724,0.0306369,0.805732,0.0194906,0.903125,0.0115529,4.56351,0.00160321,0.951,0.00783884,5.28774,0.00136126,0.0604332,0.00168824,0.00869922,0.000447827,0.0691325,0.00178415
hmc_in_gauss_k2,scattered,0.2,plugin,20,filled-series,gaussian,400,1,0.508125,0.0834411,0.0646875,0.00796915,0.153375,0.0169898,0.529573,0.0052526,0.500516,0.0246891,0.701189,0.0377361,-3152.34,33.5374,1.41139,0.032003,1.16724,0.0306369,0.80684,0.0200374,0.910625,0.0109687,4.64485,0.00210235,0.961125,0.00661313,5.53468,0.0025051,0.0135875,0.000259395,0.00862123,0.000202519,0.0222087,0.00036148
hmc_in_gauss_k2,scattered,0.2,linear,20,filled-series,gaussian-sd-obs,400,1,0.49575,0.0793439,0.0647812,0.00808638,0.150975,0.0160259,0.973683,0.0330849,0.952768,0.170815,2.8843,0.953305,-3079.79,98.8918,1.82485,0.371541,1.50521,0.332116,1.07795,0.263076,0.77075,0.115146,4.63018,0.0503421,0.856,0.0992849,5.5172,0.0599863,1.47001e-05,6.71861e-07,0.00861208,0.000231555,0.00862678,0.00023159
hmc_in_gauss_k2,scattered,0.2,locf,20,filled-series,gaussian-sd-obs,400,1,0.48875,0.0857686,0.06475,0.00808161,0.14955,0.018236,0.996503,0.00361507,0.970513,0.171253,3.07565,0.754506,-3061.3,138.131,1.84188,0.359591,1.52187,0.336502,1.09025,0.262473,0.766125,0.116961,4.63018,0.0503421,0.851,0.0939184,5.5172,0.0599863,1.92563e-05,1.12703e-06,0.00860498,0.000232217,0.00862424,0.000232329
hmc_in_gauss_k2,scattered,0.2,mean,20,filled-series,gaussian-sd-obs,400,1,0.499625,0.0839536,0.0647188,0.00799999,0.1517,0.0181488,0.71862,0.112209,0.620276,0.147071,0.855125,0.217897,-3148.4,31.5011,1.4171,0.0351971,1.17221,0.035934,0.810637,0.0225854,0.907625,0.0136564,4.63018,0.0503421,0.959625,0.00840093,5.5172,0.0599863,6.4855e-06,5.78724e-07,0.00858212,0.000254954,0.0085886,0.000254986
hmc_in_gauss_k2,scattered,0.4,complete,20,complete-data,,800,1,0.0661875,0.0140281,0.0624583,0.00897314,0.06395,0.00735008,0.936649,0.00668752,0.0980224,0.0179527,0.165179,0.0269219,-3233.9,36.0304,nan,nan,nan,nan,nan,nan,nan,nan,nan,nan,nan,nan,nan,nan,0,0,0.00858924,0.000212102,0.00858924,0.000212102
hmc_in_gauss_k2,scattered,0.4,marginalise,20,observed-data,samples,800,1,0.5065,0.059213,0.0627083,0.00882694,0.240225,0.0249117,0.503796,0.00109764,0.498602,0.00312913,0.691556,0.0033775,-1938.59,26.8924,1.41629,0.0190201,1.17264,0.0199971,0.810595,0.0105619,0.899,0.00978049,4.56636,0.001055,0.9515,0.00707804,5.29013,0.000892021,0.0660596,0.000837342,0.00861426,0.000183924,0.0746738,0.000871494
hmc_in_gauss_k2,scattered,0.4,plugin,20,filled-series,gaussian,800,1,0.509938,0.0644275,0.0627083,0.00882694,0.2416,0.0270003,0.514586,0.00318495,0.506461,0.0115795,0.704064,0.0165809,-3070.64,26.8082,1.41629,0.0190201,1.17264,0.0199971,0.810614,0.0114264,0.90825,0.0100688,4.64877,0.00139074,0.964063,0.00571924,5.53935,0.00165717,0.0136697,0.000329093,0.00865482,0.000190346,0.0223245,0.00037633
hmc_in_gauss_k2,scattered,0.4,linear,20,filled-series,gaussian-sd-obs,800,1,0.489375,0.0567956,0.0626667,0.0087718,0.23335,0.0232679,0.956077,0.0432705,0.912574,0.123847,2.52031,0.991438,-2971.93,201.472,1.77044,0.409798,1.46371,0.365433,1.04438,0.291939,0.79425,0.12407,4.6176,0.0557791,0.873312,0.104067,5.50221,0.066465,1.63188e-05,6.00909e-07,0.00870114,0.0002937,0.00871746,0.000293967
hmc_in_gauss_k2,scattered,0.4,locf,20,filled-series,gaussian-sd-obs,800,1,0.494375,0.0560171,0.062625,0.00878294,0.235325,0.022681,0.956351,0.104411,0.924978,0.168737,2.7537,1.23374,-3056.07,580.085,1.86219,0.598838,1.56273,0.576528,1.12682,0.475611,0.764062,0.177399,4.6176,0.0557791,0.848,0.157777,5.50221,0.066465,1.95855e-05,1.30921e-06,0.00861563,0.000173484,0.00863521,0.000173508
hmc_in_gauss_k2,scattered,0.4,mean,20,filled-series,gaussian-sd-obs,800,1,0.490812,0.0567793,0.0625833,0.00884359,0.233875,0.0235667,0.754457,0.0892279,0.635782,0.0976668,0.869196,0.138432,-3057.21,26.2562,1.4186,0.0194382,1.17462,0.0203772,0.81224,0.0118197,0.903562,0.00938289,4.6176,0.0557791,0.961688,0.00623386,5.50221,0.066465,6.27305e-06,2.30804e-07,0.00856299,0.000228473,0.00856927,0.000228578
hmc_in_gauss_k2,scattered,0.6,complete,20,complete-data,,1200,1,0.0644167,0.0104577,0.06325,0.013587,0.06395,0.00735008,0.93634,0.00576487,0.0963733,0.0131218,0.163836,0.0206756,-3233.9,36.0304,nan,nan,nan,nan,nan,nan,nan,nan,nan,nan,nan,nan,nan,nan,0,0,0.00864093,0.000195512,0.00864093,0.000195512
hmc_in_gauss_k2,scattered,0.6,marginalise,20,observed-data,samples,1200,1,0.494792,0.0385453,0.063375,0.0136516,0.322225,0.0230979,0.502667,0.000683411,0.49827,0.00234965,0.691312,0.00257454,-1291.55,23.3833,1.40901,0.0187799,1.16441,0.0179293,0.804645,0.010823,0.901958,0.00944852,4.56706,0.000758416,0.952292,0.00639167,5.29072,0.000645353,0.0790167,0.00183281,0.00868619,0.000178464,0.0877029,0.00189492
hmc_in_gauss_k2,scattered,0.6,plugin,20,filled-series,gaussian,1200,1,0.49375,0.0385714,0.063375,0.0136516,0.3216,0.0231918,0.510077,0.00168512,0.499473,0.00812813,0.694773,0.0127913,-2991,23.7506,1.40901,0.0187799,1.16441,0.0179293,0.805971,0.0112395,0.910125,0.00916577,4.64977,0.000974892,0.964,0.00390494,5.54055,0.00116166,0.0136543,0.00026813,0.00856673,0.000213332,0.022221,0.000360109
hmc_in_gauss_k2,scattered,0.6,linear,20,filled-series,gaussian-sd-obs,1200,1,0.504875,0.0311444,0.0633125,0.0136225,0.32825,0.018093,0.975404,0.02855,0.969172,0.07471,2.90934,0.953966,-2833.74,480.198,1.84765,0.436598,1.52792,0.418165,1.09754,0.339809,0.770125,0.131546,4.62698,0.0666477,0.850125,0.121615,5.51338,0.0794157,1.84542e-05,6.12039e-07,0.00867489,0.000193508,0.00869335,0.000193763
hmc_in_gauss_k2,scattered,0.6,locf,20,filled-series,gaussian-sd-obs,1200,1,0.486,0.0374103,0.063625,0.0134684,0.31705,0.0224059,0.987584,0.0180415,0.948452,0.0772383,2.99936,1.24546,-3019.57,813.816,1.94427,0.631384,1.63818,0.613155,1.1887,0.50256,0.736708,0.18816,4.62698,0.0666477,0.82,0.171889,5.51338,0.0794157,2.02585e-05,4.03039e-06,0.0086273,0.000246912,0.00864756,0.000247612
hmc_in_gauss_k2,scattered,0.6,mean,20,filled-series,gaussian-sd-obs,1200,1,0.4985,0.0397319,0.0633125,0.0137606,0.324425,0.0249005,0.797191,0.109759,0.693146,0.127014,0.982193,0.223978,-2951.48,44.0372,1.41452,0.0223938,1.16908,0.0212782,0.809401,0.0137241,0.907042,0.0120351,4.62698,0.0666477,0.961583,0.00697164,5.51338,0.0794157,6.4417e-06,1.13864e-06,0.00863608,0.000175298,0.00864252,0.000175387
hmc_in_gauss_k2,aligned,0.05,complete,20,complete-data,,100,1,0.0795,0.0411,0.0631316,0.00704157,0.06395,0.00735008,0.933259,0.0220079,0.113388,0.0509754,0.189003,0.0764065,-3233.9,36.0304,nan,nan,nan,nan,nan,nan,nan,nan,nan,nan,nan,nan,nan,nan,0,0,0.00860307,0.000253414,0.00860307,0.000253414
hmc_in_gauss_k2,aligned,0.05,marginalise,20,observed-data,samples,100,1,0.473,0.125031,0.0632105,0.0072646,0.0837,0.0109921,0.528732,0.00947107,0.486911,0.0184958,0.678331,0.0196908,-3071.61,34.4345,1.39653,0.0977736,1.13917,0.0816296,0.797915,0.0520734,0.9055,0.035015,4.54957,0.00895597,0.9495,0.025021,5.276,0.00757589,0.0544747,0.000744333,0.00863508,0.000169995,0.0631098,0.000785734
hmc_in_gauss_k2,aligned,0.05,plugin,20,filled-series,gaussian,100,1,0.473,0.125031,0.0632105,0.0072646,0.0837,0.0109921,0.612783,0.0260973,0.526224,0.0650585,0.749521,0.0966067,-3210.63,34.9303,1.39653,0.0977736,1.13917,0.0816296,0.795621,0.0548959,0.911,0.0333877,4.62563,0.0119226,0.9605,0.0190498,5.51178,0.0142066,0.0136059,0.000240856,0.00863093,0.000318416,0.0222368,0.000439872
hmc_in_gauss_k2,aligned,0.05,linear,20,filled-series,gaussian-sd-obs,100,1,0.4755,0.132842,0.0632632,0.00719138,0.083875,0.01063,0.966607,0.037306,0.900777,0.254757,2.72157,1.36206,-3197.67,44.2083,1.79866,0.496392,1.46806,0.469104,1.06106,0.384006,0.7965,0.150762,4.63373,0.0413809,0.864,0.131125,5.52143,0.0493084,1.36501e-05,1.49525e-06,0.00859547,0.000180513,0.00860912,0.000180722
hmc_in_gauss_k2,aligned,0.05,locf,20,filled-series,gaussian-sd-obs,100,1,0.49,0.137955,0.0632368,0.00720895,0.084575,0.0111146,0.95739,0.106539,0.936077,0.30175,2.89772,1.52646,-3204.32,65.8351,1.88093,0.610869,1.56622,0.602367,1.13641,0.496092,0.7615,0.183196,4.63373,0.0413809,0.8365,0.171135,5.52143,0.0493084,1.95854e-05,2.21674e-06,0.00860969,0.000237421,0.00862927,0.000237837
hmc_in_gauss_k2,aligned,0.05,mean,20,filled-series,gaussian-sd-obs,100,1,0.5105,0.131888,0.0631579,0.00716783,0.085525,0.0080956,0.733396,0.0997886,0.659686,0.193993,0.894673,0.243494,-3211.77,34.4848,1.41299,0.106412,1.15693,0.0930982,0.806587,0.0612342,0.905,0.0367781,4.63373,0.0413809,0.9575,0.0219749,5.52143,0.0493084,6.5605e-06,2.02543e-07,0.00864302,0.000210401,0.00864958,0.000210437
hmc_in_gauss_k2,aligned,0.1,complete,20,complete-data,,200,1,0.072,0.0249947,0.0630556,0.00780176,0.06395,0.00735008,0.936094,0.0141061,0.102459,0.0294357,0.171648,0.0474668,-3233.9,36.0304,nan,nan,nan,nan,nan,nan,nan,nan,nan,nan,nan,nan,nan,nan,0,0,0.00871828,0.000267377,0.00871828,0.000267377
hmc_in_gauss_k2,aligned,0.1,marginalise,20,observed-data,samples,200,1,0.4795,0.135558,0.0631944,0.00798365,0.104825,0.014536,0.514287,0.00428588,0.496187,0.0115034,0.689004,0.0126466,-2907.79,31.0492,1.41802,0.0632866,1.16553,0.055282,0.808175,0.0346977,0.9025,0.0258793,4.55952,0.00440915,0.94925,0.0185866,5.28438,0.00373507,0.0569222,0.00129296,0.00870868,0.000231553,0.0656309,0.00133707
hmc_in_gauss_k2,aligned,0.1,plugin,20,filled-series,gaussian,200,1,0.4795,0.135558,0.0631667,0.00801254,0.1048,0.0145144,0.556586,0.0107555,0.521279,0.0401526,0.734979,0.0638598,-3188.72,31.6001,1.41802,0.0632866,1.16553,0.055282,0.809517,0.0372439,0.9085,0.0257058,4.63928,0.00578635,0.95975,0.0149098,5.52805,0.00689486,0.0136678,0.000438996,0.00861428,0.000272114,0.022282,0.000509133
hmc_in_gauss_k2,aligned,0.1,linear,20,filled-series,gaussian-sd-obs,200,1,0.52575,0.118035,0.0631944,0.00793876,0.10945,0.0135364,0.941012,0.0743632,0.956556,0.252111,2.62394,1.17094,-3166.07,59.3392,1.79795,0.399129,1.47485,0.335149,1.05629,0.272337,0.7945,0.114523,4.63009,0.0454812,0.86975,0.100033,5.51709,0.0541942,1.66418e-05,1.13697e-05,0.00865291,0.000268204,0.00866955,0.000270423
hmc_in_gauss_k2,aligned,0.1,locf,20,filled-series,gaussian-sd-obs,200,1,0.50675,0.117979,0.0632222,0.0080338,0.107575,0.0157332,0.956861,0.111529,0.969053,0.273582,2.92287,1.19176,-3172.94,124.032,1.87684,0.512657,1.56806,0.495383,1.12669,0.408187,0.7645,0.156246,4.63009,0.0454812,0.84475,0.144035,5.51709,0.0541942,1.95874e-05,1.43061e-06,0.00871211,0.000235029,0.0087317,0.000235298
hmc_in_gauss_k2,aligned,0.1,mean,20,filled-series,gaussian-sd-obs,200,1,0.476,0.11597,0.0630833,0.00795225,0.104375,0.0130181,0.732537,0.0958823,0.619145,0.169085,0.849279,0.218637,-3188.07,31.5431,1.42275,0.0599818,1.17094,0.0521511,0.812789,0.0355023,0.9045,0.022589,4.63009,0.0454812,0.96025,0.0136184,5.51709,0.0541942,6.8105e-06,3.93894e-07,0.0087493,0.000320954,0.00875611,0.000320758
hmc_in_gauss_k2,aligned,0.2,complete,20,complete-data,,400,1,0.067375,0.0179999,0.0630938,0.0088817,0.06395,0.00735008,0.937132,0.0118378,0.0975248,0.0204084,0.166236,0.0317052,-3233.9,36.0304,nan,nan,nan,nan,nan,nan,nan,nan,nan,nan,nan,nan,nan,nan,0,0,0.008645,0.000275417,0.008645,0.000275417
hmc_in_gauss_k2,aligned,0.2,marginalise,20,observed-data,samples,400,1,0.504,0.0833919,0.063375,0.00899196,0.1515,0.0201338,0.507016,0.0019678,0.496504,0.00663166,0.689316,0.00722364,-2585.03,28.4644,1.4119,0.0379102,1.16414,0.0316364,0.804175,0.0221097,0.9035,0.0172711,4.56416,0.00198034,0.949125,0.0125204,5.28828,0.00168472,0.0594034,0.000653189,0.0085388,0.000234815,0.0679422,0.000754215
hmc_in_gauss_k2,aligned,0.2,plugin,20,filled-series,gaussian,400,1,0.49675,0.0780102,0.063375,0.00899196,0.15005,0.0193825,0.527285,0.00564356,0.505377,0.0223802,0.705227,0.036087,-3149.78,28.7057,1.4119,0.0379102,1.16414,0.0316364,0.806282,0.0223075,0.909625,0.0178862,4.64577,0.00257655,0.9615,0.00964502,5.53577,0.00307015,0.0136197,0.000296232,0.00866072,0.000234804,0.0222804,0.000378682
hmc_in_gauss_k2,aligned,0.2,linear,20,filled-series,gaussian-sd-obs,400,1,0.5195,0.0743861,0.063375,0.00894611,0.1546,0.0188837,0.963649,0.0301962,0.985917,0.154546,2.71924,0.837696,-3066.61,69.2932,1.75502,0.284588,1.43794,0.238043,1.02291,0.189118,0.80175,0.0862375,4.62983,0.0504485,0.885625,0.0685559,5.51678,0.0601131,1.46293e-05,1.0531e-06,0.00862598,0.000197019,0.00864061,0.000197563
hmc_in_gauss_k2,aligned,0.2,locf,20,filled-series,gaussian-sd-obs,400,1,0.49175,0.0911372,0.0633438,0.00889974,0.149025,0.0216537,0.957162,0.111648,0.936907,0.23139,2.85628,1.19351,-3115,252.184,1.8634,0.527225,1.55257,0.517015,1.11828,0.422619,0.762375,0.159785,4.62983,0.0504485,0.84725,0.141463,5.51678,0.0601131,1.86688e-05,7.69021e-07,0.00858526,0.000246028,0.00860393,0.000246406
hmc_in_gauss_k2,aligned,0.2,mean,20,filled-series,gaussian-sd-obs,400,1,0.49875,0.0942927,0.0635312,0.00890436,0.150575,0.0202148,0.71332,0.128837,0.621868,0.142504,0.860161,0.212116,-3145.05,30.6004,1.41718,0.0382659,1.16815,0.0300547,0.809545,0.0222051,0.905625,0.0180437,4.62983,0.0504485,0.95975,0.0113236,5.51678,0.0601131,6.3042e-06,3.12821e-07,0.00856571,0.000177393,0.00857201,0.000177351
hmc_in_gauss_k2,aligned,0.4,complete,20,complete-data,,800,1,0.0644375,0.0103275,0.063625,0.0103812,0.06395,0.00735008,0.938081,0.00695987,0.0971843,0.0138553,0.167044,0.0225089,-3233.9,36.0304,nan,nan,nan,nan,nan,nan,nan,nan,nan,nan,nan,nan,nan,nan,0,0,0.00865006,0.000226015,0.00865006,0.000226015
hmc_in_gauss_k2,aligned,0.4,marginalise,20,observed-data,samples,800,1,0.499,0.0443105,0.063875,0.010573,0.237925,0.0204574,0.503658,0.00105993,0.497971,0.00313001,0.690917,0.00338739,-1938.19,25.2546,1.41293,0.0246628,1.16753,0.0232316,0.807483,0.015193,0.902625,0.010251,4.56648,0.00101,0.950875,0.00678742,5.29023,0.000854446,0.0667742,0.000868392,0.00873519,0.000256217,0.0755094,0.000975788
hmc_in_gauss_k2,aligned,0.4,plugin,20,filled-series,gaussian,800,1,0.497063,0.0472383,0.0639167,0.010569,0.237175,0.0216815,0.514209,0.0028945,0.502557,0.0103545,0.698793,0.0158598,-3070.38,25.7946,1.41293,0.0246628,1.16753,0.0232316,0.807925,0.0153712,0.910437,0.0106397,4.64894,0.00134204,0.963063,0.0062233,5.53955,0.00159914,0.0138133,0.000264295,0.00866407,0.0002888,0.0224773,0.000357188
hmc_in_gauss_k2,aligned,0.4,linear,20,filled-series,gaussian-sd-obs,800,1,0.505375,0.0389714,0.0639167,0.0104472,0.2405,0.0172741,0.958525,0.0434185,0.940773,0.0969921,2.54346,0.82781,-2920.5,124.211,1.72073,0.313168,1.4098,0.269399,1.00266,0.213295,0.807438,0.097497,4.62264,0.0657149,0.884062,0.0779073,5.50822,0.0783042,1.64771e-05,1.09084e-06,0.00870315,0.000189376,0.00871963,0.0001892
hmc_in_gauss_k2,aligned,0.4,locf,20,filled-series,gaussian-sd-obs,800,1,0.492875,0.0593622,0.06375,0.0104975,0.2354,0.0255789,0.95721,0.111483,0.929627,0.182454,2.8427,1.1488,-2997.55,511.295,1.85768,0.52877,1.5483,0.514109,1.11572,0.420683,0.761813,0.158454,4.62264,0.0657149,0.844813,0.141764,5.50822,0.0783042,1.91585e-05,6.16434e-07,0.00861419,0.000258204,0.00863335,0.000258151
hmc_in_gauss_k2,aligned,0.4,mean,20,filled-series,gaussian-sd-obs,800,1,0.511125,0.0581922,0.0639583,0.0104394,0.242825,0.0248709,0.76366,0.100275,0.668402,0.124873,0.921206,0.19815,-3053.49,32.4832,1.41743,0.0238949,1.17175,0.0230211,0.810932,0.0151914,0.9055,0.0136232,4.62264,0.0657149,0.960562,0.00641845,5.50822,0.0783042,6.402e-06,2.69157e-07,0.00867896,0.000221459,0.00868537,0.000221523
hmc_in_gauss_k2,aligned,0.6,complete,20,complete-data,,1200,1,0.0649583,0.008509,0.0624375,0.0133369,0.06395,0.00735008,0.937519,0.00592664,0.0977806,0.0112753,0.166788,0.0171426,-3233.9,36.0304,nan,nan,nan,nan,nan,nan,nan,nan,nan,nan,nan,nan,nan,nan,0,0,0.00888613,0.000256962,0.00888613,0.000256962
hmc_in_gauss_k2,aligned,0.6,marginalise,20,observed-data,samples,1200,1,0.49975,0.0428269,0.0625625,0.0137678,0.324875,0.0276538,0.502692,0.000541708,0.498164,0.00195208,0.691144,0.00211798,-1292.83,19.8117,1.41123,0.0221587,1.16614,0.0188056,0.806001,0.0141958,0.902208,0.0102036,4.56702,0.000546954,0.95175,0.0063459,5.29068,0.000463383,0.0803889,0.0021078,0.00880255,0.0004002,0.0891914,0.00219302
hmc_in_gauss_k2,aligned,0.6,plugin,20,filled-series,gaussian,1200,1,0.498875,0.0419249,0.0625625,0.0137678,0.32435,0.0270419,0.51012,0.00137523,0.50027,0.00650325,0.695203,0.0100416,-2992.24,20.0913,1.41123,0.0221587,1.16614,0.0188056,0.807005,0.0131134,0.909958,0.0102864,4.64972,0.000720981,0.9635,0.00520487,5.54048,0.000859102,0.013932,0.000520321,0.00897865,0.000684816,0.0229106,0.000989147
hmc_in_gauss_k2,aligned,0.6,linear,20,filled-series,gaussian-sd-obs,1200,1,0.496958,0.0472429,0.0625625,0.0136357,0.3232,0.0290038,0.974434,0.022473,0.954202,0.101458,2.75236,0.722156,-2739.8,284.246,1.76727,0.315953,1.44925,0.284406,1.0333,0.229352,0.798292,0.0971353,4.62316,0.0713035,0.875167,0.0839075,5.50883,0.0849633,1.88292e-05,6.6358e-07,0.00882101,0.000454584,0.00883984,0.000454737
hmc_in_gauss_k2,aligned,0.6,locf,20,filled-series,gaussian-sd-obs,1200,1,0.503417,0.042527,0.0625625,0.0136357,0.327075,0.0274913,0.957182,0.111586,0.948074,0.164099,2.90065,1.17605,-2881.79,767.245,1.8617,0.537833,1.5518,0.523075,1.11923,0.433838,0.76225,0.161726,4.62316,0.0713035,0.844208,0.14675,5.50883,0.0849633,2.08541e-05,1.6307e-06,0.00884624,0.000355467,0.00886709,0.000355517
hmc_in_gauss_k2,aligned,0.6,mean,20,filled-series,gaussian-sd-obs,1200,1,0.498417,0.0425674,0.062625,0.0136744,0.3241,0.0255706,0.737286,0.115162,0.628193,0.0845489,0.862757,0.136463,-2970.56,35.8553,1.4135,0.0221557,1.16814,0.018787,0.808585,0.0132074,0.906417,0.0123784,4.62316,0.0713035,0.961458,0.00702374,5.50883,0.0849633,6.51665e-06,4.05636e-07,0.00885464,0.000589196,0.00886116,0.000589321
hmc_dn_gauss_k2,mcar_b1,0.05,complete,20,complete-data,,100,94.9,0.114,0.0389872,0.120342,0.0173808,0.120025,0.0176355,0.880432,0.0127983,0.161751,0.0366601,0.262039,0.0514326,-2297.1,36.6457,nan,nan,nan,nan,nan,nan,nan,nan,nan,nan,nan,nan,nan,nan,0,0,0.00933558,0.000235882,0.00933558,0.000235882
hmc_dn_gauss_k2,mcar_b1,0.05,marginalise,20,observed-data,samples,100,94.9,0.1665,0.0413299,0.121053,0.0171645,0.123325,0.0174961,0.819115,0.0187219,0.231083,0.0419342,0.361065,0.056976,-2212.35,40.9839,0.712922,0.0789208,0.520666,0.0483447,0.35825,0.032874,0.9045,0.0417354,1.9925,0.0888006,0.953,0.031305,2.40021,0.0885757,0.164806,0.0127294,0.0230691,0.000566342,0.187875,0.0125781
hmc_dn_gauss_k2,mcar_b1,0.05,plugin,20,filled-series,gaussian,100,94.9,0.173,0.0394835,0.124842,0.0174865,0.12725,0.0176393,0.847163,0.0188337,0.240187,0.0489873,0.378265,0.0738422,-2258.71,44.1478,0.712922,0.0789208,0.520666,0.0483447,0.360743,0.0321149,0.93,0.037557,2.15488,0.109258,0.9615,0.0277726,2.5677,0.130189,0.023015,0.000768866,0.0093787,0.000223261,0.0323937,0.000863848
hmc_dn_gauss_k2,mcar_b1,0.05,linear,20,filled-series,gaussian-sd-obs,100,94.9,0.1805,0.0400625,0.124921,0.0175851,0.1277,0.0176765,0.859035,0.015883,0.252841,0.0552076,0.397904,0.0824796,-2257.55,44.0819,0.717349,0.0851302,0.520958,0.0513459,0.459363,0.0273219,0.986,0.013917,4.57403,0.149919,0.9945,0.00825578,5.45029,0.178639,2.34354e-05,1.26099e-06,0.00930124,0.000220453,0.00932467,0.000221107
hmc_dn_gauss_k2,mcar_b1,0.05,locf,20,filled-series,gaussian-sd-obs,100,94.9,0.1995,0.0529623,0.121632,0.0171432,0.125525,0.0178661,0.885792,0.0114503,0.31079,0.0794784,0.695926,0.254446,-2274.02,41.5316,0.99248,0.162939,0.674557,0.0871417,0.554183,0.0609184,0.9515,0.0245539,4.57403,0.149919,0.9675,0.0222131,5.45029,0.178639,2.00771e-05,1.70644e-06,0.00934828,0.00019103,0.00936835,0.000190662
hmc_dn_gauss_k2,mcar_b1,0.05,mean,20,filled-series,gaussian-sd-obs,100,94.9,0.464,0.0475062,0.129237,0.0177059,0.145975,0.0178447,0.773958,0.0139808,0.707698,0.0602654,1.51197,0.222777,-2477.3,46.8297,1.4143,0.0695603,1.1683,0.0666929,0.810916,0.042649,0.8945,0.0306894,4.57403,0.149919,0.9595,0.0182021,5.45029,0.178639,9.95005e-06,4.61551e-07,0.0093157,0.000247072,0.00932565,0.000247301
hmc_dn_gauss_k2,mcar_b1,0.1,complete,20,complete-data,,200,177.1,0.12375,0.0235011,0.119611,0.0175757,0.120025,0.0176355,0.873657,0.0133406,0.176273,0.0302497,0.281317,0.0457176,-2297.1,36.6457,nan,nan,nan,nan,nan,nan,nan,nan,nan,nan,nan,nan,nan,nan,0,0,0.0094811,0.000304571,0.0094811,0.000304571
hmc_dn_gauss_k2,mcar_b1,0.1,marginalise,20,observed-data,samples,200,177.1,0.194,0.0292269,0.122056,0.0165317,0.12925,0.0171192,0.805591,0.0110812,0.258797,0.0290295,0.398747,0.0414384,-2122.59,31.2315,0.750169,0.0632509,0.535595,0.0368784,0.374555,0.0284812,0.8925,0.0270234,2.0717,0.0623465,0.94425,0.0177908,2.50088,0.0690216,0.215776,0.0190777,0.0286017,0.000693592,0.244378,0.0188995
hmc_dn_gauss_k2,mcar_b1,0.1,plugin,20,filled-series,gaussian,200,177.1,0.20375,0.0259491,0.13125,0.0170691,0.1385,0.0173,0.836615,0.0118018,0.272958,0.0331715,0.424977,0.0542692,-2216.49,36.0762,0.750169,0.0632509,0.535595,0.0368784,0.377941,0.0280422,0.91875,0.0210185,2.23021,0.0700559,0.95425,0.0164056,2.65746,0.0834768,0.0284735,0.000497104,0.0094733,0.000329718,0.0379468,0.000698862
hmc_dn_gauss_k2,mcar_b1,0.1,linear,20,filled-series,gaussian-sd-obs,200,177.1,0.206,0.0242031,0.131139,0.017063,0.138625,0.0171571,0.847976,0.0131272,0.281128,0.0324874,0.438613,0.0543195,-2214.29,35.6768,0.752265,0.067785,0.535704,0.0379569,0.470207,0.0259276,0.98325,0.0110352,4.57955,0.150948,0.9925,0.0071635,5.45687,0.179866,3.11272e-05,1.14521e-06,0.00960745,0.000558445,0.00963858,0.000558525
hmc_dn_gauss_k2,mcar_b1,0.1,locf,20,filled-series,gaussian-sd-obs,200,177.1,0.2105,0.0290598,0.123889,0.0172961,0.13255,0.0178561,0.879093,0.012955,0.33531,0.045409,0.747067,0.139549,-2247.2,36.7283,1.02231,0.110059,0.70199,0.0600493,0.56732,0.044315,0.95125,0.0186995,4.57955,0.150948,0.96425,0.0141677,5.45687,0.179866,2.14501e-05,5.14209e-06,0.00946968,0.000320482,0.00949113,0.00032264
hmc_dn_gauss_k2,mcar_b1,0.1,mean,20,filled-series,gaussian-sd-obs,200,177.1,0.46225,0.035373,0.135667,0.0150282,0.168325,0.0140874,0.748935,0.0133044,0.679408,0.0517087,1.35698,0.15111,-2592.28,39.7255,1.38698,0.0659759,1.13366,0.0537334,0.792007,0.0384288,0.90225,0.0244128,4.57955,0.150948,0.96325,0.0144436,5.45687,0.179866,1.31939e-05,1.26975e-06,0.00935834,0.000237086,0.00937154,0.000236971
hmc_dn_gauss_k2,mcar_b1,0.2,complete,20,complete-data,,400,309.45,0.125625,0.0244932,0.118625,0.0200776,0.120025,0.0176355,0.87577,0.0113415,0.174795,0.0299354,0.280469,0.0454005,-2297.1,36.6457,nan,nan,nan,nan,nan,nan,nan,nan,nan,nan,nan,nan,nan,nan,0,0,0.00952927,0.000365764,0.00952927,0.000365764
hmc_dn_gauss_k2,mcar_b1,0.2,marginalise,20,observed-data,samples,400,309.45,0.201,0.0219958,0.123719,0.0204166,0.139175,0.0183305,0.800757,0.0111314,0.264362,0.0242126,0.407492,0.0364242,-1949.96,33.0403,0.759671,0.0440183,0.543679,0.0250351,0.379095,0.0179739,0.907,0.0191015,2.18674,0.0662915,0.95525,0.0135942,2.66134,0.0756325,0.296027,0.00609651,0.0380252,0.0012401,0.334052,0.00681762
hmc_dn_gauss_k2,mcar_b1,0.2,plugin,20,filled-series,gaussian,400,309.45,0.21275,0.0226951,0.139187,0.0208497,0.1539,0.0182747,0.833884,0.0128173,0.285917,0.025819,0.446163,0.0426652,-2137.7,37.9833,0.759671,0.0440183,0.543679,0.0250351,0.382966,0.0175971,0.9275,0.0156441,2.34785,0.0702996,0.963375,0.0113924,2.79763,0.0837671,0.0378673,0.00100239,0.00949283,0.000265179,0.0473601,0.00111773
hmc_dn_gauss_k2,mcar_b1,0.2,linear,20,filled-series,gaussian-sd-obs,400,309.45,0.21525,0.0202598,0.138719,0.0208155,0.154025,0.0179865,0.843986,0.0120022,0.293474,0.0275745,0.462819,0.0453688,-2133.57,37.7761,0.765685,0.0426465,0.543814,0.0244208,0.473357,0.0159418,0.983,0.00529399,4.58339,0.135576,0.992375,0.00375876,5.46145,0.161549,4.21228e-05,1.97662e-06,0.00939377,0.000195934,0.00943589,0.000196784
hmc_dn_gauss_k2,mcar_b1,0.2,locf,20,filled-series,gaussian-sd-obs,400,309.45,0.226625,0.021964,0.129687,0.0221022,0.149075,0.0199686,0.880377,0.0128999,0.353071,0.0342742,0.793551,0.0997892,-2200.38,38.3947,1.03777,0.0806101,0.709965,0.0415383,0.571822,0.0320779,0.951625,0.0103643,4.58339,0.135576,0.966375,0.00741065,5.46145,0.161549,2.01812e-05,1.34993e-06,0.0095001,0.000343215,0.00952028,0.00034322
hmc_dn_gauss_k2,mcar_b1,0.2,mean,20,filled-series,gaussian-sd-obs,400,309.45,0.487875,0.0359026,0.149062,0.0216862,0.216825,0.020786,0.742668,0.0135702,0.722545,0.0637141,1.42216,0.187201,-2808.95,60.2321,1.38523,0.0667772,1.13766,0.0601582,0.791568,0.0397007,0.90525,0.015684,4.58339,0.135576,0.96375,0.00975017,5.46145,0.161549,1.73521e-05,9.33725e-07,0.00954592,0.000379931,0.00956327,0.00038002
hmc_dn_gauss_k2,mcar_b1,0.4,complete,20,complete-data,,800,448.65,0.124438,0.0192733,0.117083,0.0188939,0.120025,0.0176355,0.876782,0.00841851,0.175285,0.0255398,0.282078,0.0384872,-2297.1,36.6457,nan,nan,nan,nan,nan,nan,nan,nan,nan,nan,nan,nan,nan,nan,0,0,0.00983184,0.000538305,0.00983184,0.000538305
hmc_dn_gauss_k2,mcar_b1,0.4,marginalise,20,observed-data,samples,800,448.65,0.211938,0.0242807,0.126917,0.0221127,0.160925,0.0204053,0.78392,0.00799695,0.290689,0.0259418,0.445427,0.0346947,-1549.23,30.5771,0.851009,0.0389064,0.612938,0.0226859,0.431718,0.0158995,0.899,0.0107345,2.48519,0.0439241,0.947438,0.00907276,3.05457,0.0512394,0.455456,0.00688834,0.0513617,0.00121978,0.506817,0.00693743
hmc_dn_gauss_k2,mcar_b1,0.4,plugin,20,filled-series,gaussian,800,448.65,0.232625,0.0255173,0.152542,0.0225227,0.184575,0.02046,0.818737,0.010508,0.321988,0.0301648,0.506988,0.0535444,-1906.39,36.7374,0.851009,0.0389064,0.612938,0.0226859,0.436801,0.0161247,0.916562,0.0103307,2.62499,0.0465959,0.953313,0.00965077,3.12787,0.0555224,0.05124,0.0011155,0.00949299,0.000294202,0.060733,0.00116654
hmc_dn_gauss_k2,mcar_b1,0.4,linear,20,filled-series,gaussian-sd-obs,800,448.65,0.232938,0.0255347,0.152042,0.0220653,0.1844,0.0204036,0.831242,0.0100228,0.327706,0.0315585,0.525049,0.0581798,-1899.19,36.4627,0.861439,0.041695,0.613686,0.0232027,0.508829,0.0174341,0.97425,0.00612909,4.57728,0.162327,0.986063,0.00533846,5.45416,0.193425,5.91481e-05,2.1547e-05,0.00948298,0.000274752,0.00954213,0.000271132
hmc_dn_gauss_k2,mcar_b1,0.4,locf,20,filled-series,gaussian-sd-obs,800,448.65,0.251063,0.0225448,0.134667,0.0221759,0.181225,0.0177627,0.887101,0.00790892,0.402634,0.0363201,0.92423,0.106312,-2048.36,38.9036,1.16164,0.0690891,0.808873,0.0406034,0.631206,0.0315777,0.93225,0.00956797,4.57728,0.162327,0.953,0.00910827,5.45416,0.193425,2.05436e-05,1.74129e-06,0.00967734,0.000572942,0.00969789,0.000573203
hmc_dn_gauss_k2,mcar_b1,0.4,mean,20,filled-series,gaussian-sd-obs,800,448.65,0.5465,0.0379027,0.187125,0.0268163,0.330875,0.0264037,0.716567,0.0087461,0.746803,0.0403814,1.33823,0.105101,-2882.91,77.7852,1.39317,0.0439506,1.14594,0.0400407,0.796395,0.0263316,0.903062,0.00874036,4.57728,0.162327,0.961562,0.00826051,5.45416,0.193425,2.5175e-05,1.12368e-05,0.00990347,0.000962768,0.00992865,0.000962463
hmc_dn_gauss_k2,mcar_b1,0.6,complete,20,complete-data,,1200,403.1,0.120833,0.018157,0.118813,0.0220625,0.120025,0.0176355,0.876171,0.010144,0.171799,0.0240739,0.276597,0.0372903,-2297.1,36.6457,nan,nan,nan,nan,nan,nan,nan,nan,nan,nan,nan,nan,nan,nan,0,0,0.00973757,0.000407091,0.00973757,0.000407091
hmc_dn_gauss_k2,mcar_b1,0.6,marginalise,20,observed-data,samples,1200,403.1,0.247667,0.017326,0.137375,0.0167749,0.20355,0.0151205,0.752837,0.00830007,0.331589,0.0159104,0.498878,0.0205123,-1106.26,17.1062,0.970801,0.0342978,0.71571,0.024452,0.506269,0.0169499,0.901417,0.0108488,2.99799,0.0526027,0.952417,0.00756985,3.6801,0.0563604,0.785035,0.113346,0.0559624,0.00176247,0.840997,0.113061
hmc_dn_gauss_k2,mcar_b1,0.6,plugin,20,filled-series,gaussian,1200,403.1,0.284208,0.0254771,0.177125,0.0187439,0.241375,0.020632,0.807477,0.0108175,0.385779,0.0270384,0.593245,0.0397379,-1630.64,27.8198,0.970801,0.0342978,0.71571,0.024452,0.511517,0.0163832,0.914875,0.0102394,3.08516,0.0517217,0.953,0.00782857,3.6762,0.0616302,0.0554291,0.0015712,0.00965344,0.000446322,0.0650825,0.00162583
hmc_dn_gauss_k2,mcar_b1,0.6,linear,20,filled-series,gaussian-sd-obs,1200,403.1,0.282708,0.0264629,0.176625,0.0194332,0.240275,0.0209589,0.832314,0.0104532,0.401543,0.0304139,0.652614,0.0524901,-1620.6,26.5326,1.01081,0.0432393,0.726006,0.0283398,0.572159,0.0196006,0.956292,0.00835731,4.59332,0.165133,0.975917,0.00596591,5.47328,0.196768,5.00604e-05,2.12398e-06,0.00950516,0.000334325,0.00955522,0.000334798
hmc_dn_gauss_k2,mcar_b1,0.6,locf,20,filled-series,gaussian-sd-obs,1200,403.1,0.290458,0.0229678,0.142625,0.0166074,0.231325,0.016275,0.896424,0.0113662,0.479151,0.034043,1.1516,0.105909,-1839.81,35.5603,1.33518,0.0692553,0.957334,0.0468755,0.72331,0.034778,0.904833,0.00989565,4.59332,0.165133,0.936042,0.00851072,5.47328,0.196768,2.05479e-05,1.82853e-06,0.00960186,0.00043556,0.00962241,0.000436501
hmc_dn_gauss_k2,mcar_b1,0.6,mean,20,filled-series,gaussian-sd-obs,1200,403.1,0.564042,0.0330274,0.210062,0.0195571,0.42245,0.0221941,0.699303,0.0134224,0.740161,0.0357749,1.21494,0.0780797,-2518.8,67.034,1.39053,0.0453938,1.1457,0.0403441,0.794891,0.0265053,0.906125,0.0117113,4.59332,0.165133,0.962792,0.00858086,5.47328,0.196768,2.12187e-05,5.22384e-06,0.00942402,0.000346016,0.00944524,0.000345112
hmc_dn_gauss_k2,mcar_b10,0.05,complete,20,complete-data,,100,9.65,0.141,0.0662452,0.118921,0.0171071,0.120025,0.0176355,0.864172,0.0351621,0.193168,0.0772362,0.298125,0.108905,-2297.1,36.6457,nan,nan,nan,nan,nan,nan,nan,nan,nan,nan,nan,nan,nan,nan,0,0,0.00958632,0.000383544,0.00958632,0.000383544
hmc_dn_gauss_k2,mcar_b10,0.05,marginalise,20,observed-data,samples,100,9.65,0.301,0.0860783,0.118553,0.0163161,0.127675,0.0163974,0.687401,0.0288253,0.383844,0.0718983,0.565338,0.0800313,-2185.68,30.7988,1.17259,0.175513,0.925685,0.138119,0.647367,0.0988595,0.901,0.0501472,3.90719,0.128505,0.953,0.0343511,4.65051,0.136552,0.143744,0.00201902,0.0195691,0.000599984,0.163313,0.00235262
hmc_dn_gauss_k2,mcar_b10,0.05,plugin,20,filled-series,gaussian,100,9.65,0.294,0.0997576,0.119316,0.0165541,0.12805,0.0171854,0.810549,0.0497936,0.433491,0.126289,0.671588,0.204581,-2231.9,31.1772,1.17259,0.175513,0.925685,0.138119,0.654992,0.0970156,0.9105,0.0540443,3.90064,0.124036,0.9525,0.0395867,4.6479,0.147797,0.0195205,0.000580778,0.00946386,0.000313474,0.0289843,0.000728053
hmc_dn_gauss_k2,mcar_b10,0.05,linear,20,filled-series,gaussian-sd-obs,100,9.65,0.2995,0.100863,0.119526,0.0161734,0.128525,0.0165756,0.848918,0.0519623,0.471957,0.145328,0.831767,0.305238,-2230.75,31.1066,1.24309,0.229912,0.954722,0.16521,0.699023,0.118607,0.9225,0.0548563,4.57671,0.145717,0.953,0.0447331,5.45348,0.173632,1.57292e-05,1.06548e-06,0.00943576,0.00026519,0.00945149,0.000265095
hmc_dn_gauss_k2,mcar_b10,0.05,locf,20,filled-series,gaussian-sd-obs,100,9.65,0.382,0.0913985,0.119158,0.0161703,0.1323,0.0147536,0.894159,0.0566838,0.648099,0.141561,1.70562,0.635177,-2243.73,30.9714,1.64088,0.300539,1.24485,0.222398,0.918245,0.177665,0.835,0.0700751,4.57671,0.145717,0.882,0.0621204,5.45348,0.173632,1.99333e-05,1.36613e-06,0.0095025,0.000336573,0.00952244,0.000336692
hmc_dn_gauss_k2,mcar_b10,0.05,mean,20,filled-series,gaussian-sd-obs,100,9.65,0.456,0.105202,0.118868,0.0158901,0.135725,0.0171974,0.693196,0.0352869,0.597833,0.0934489,0.869786,0.137564,-2254.61,32.0224,1.39402,0.16245,1.14481,0.158244,0.800416,0.0991829,0.896,0.0486015,4.57671,0.145717,0.953,0.0279285,5.45348,0.173632,7.2187e-06,3.80987e-07,0.00949318,0.000299499,0.0095004,0.000299482
hmc_dn_gauss_k2,mcar_b10,0.1,complete,20,complete-data,,200,17.45,0.12375,0.050233,0.119611,0.0197187,0.120025,0.0176355,0.881762,0.0261852,0.168628,0.0630105,0.272421,0.0883758,-2297.1,36.6457,nan,nan,nan,nan,nan,nan,nan,nan,nan,nan,nan,nan,nan,nan,0,0,0.00967413,0.000381763,0.00967413,0.000381763
hmc_dn_gauss_k2,mcar_b10,0.1,marginalise,20,observed-data,samples,200,17.45,0.3115,0.0551577,0.120194,0.017511,0.139325,0.0163267,0.68118,0.0218603,0.411698,0.0421287,0.59901,0.0469533,-2079.57,42.0759,1.21624,0.07029,0.945384,0.0580191,0.670795,0.0416103,0.90525,0.0254163,3.97737,0.0787319,0.95525,0.0172806,4.72123,0.0807565,0.173417,0.00394599,0.0213874,0.000513783,0.194804,0.00401404
hmc_dn_gauss_k2,mcar_b10,0.1,plugin,20,filled-series,gaussian,200,17.45,0.3255,0.0598441,0.12175,0.019236,0.142125,0.0186116,0.811692,0.0338892,0.471284,0.0826726,0.753018,0.142738,-2172.11,42.5414,1.21624,0.07029,0.945384,0.0580191,0.67464,0.03861,0.904,0.028405,3.97468,0.0830612,0.947,0.018666,4.73612,0.0989735,0.0212808,0.000567878,0.00954996,0.000364229,0.0308308,0.000777961
hmc_dn_gauss_k2,mcar_b10,0.1,linear,20,filled-series,gaussian-sd-obs,200,17.45,0.333,0.0636892,0.122083,0.0194297,0.143175,0.018873,0.863921,0.0382949,0.524382,0.0996196,1.07193,0.34004,-2169.96,42.3406,1.36712,0.157529,1.02981,0.125985,0.759609,0.0887514,0.89175,0.0382263,4.58264,0.156368,0.932,0.0315978,5.46055,0.186324,1.7698e-05,2.62213e-06,0.00949632,0.000309761,0.00951402,0.000310016
hmc_dn_gauss_k2,mcar_b10,0.1,locf,20,filled-series,gaussian-sd-obs,200,17.45,0.37725,0.0695186,0.122389,0.0182957,0.147875,0.0180612,0.908986,0.0282229,0.663962,0.101981,1.71402,0.457282,-2194.86,41.2739,1.67906,0.189305,1.28784,0.16457,0.942287,0.120918,0.821,0.0549785,4.58264,0.156368,0.87725,0.0370446,5.46055,0.186324,1.99583e-05,1.42966e-06,0.00947102,0.000317571,0.00949098,0.000317838
hmc_dn_gauss_k2,mcar_b10,0.1,mean,20,filled-series,gaussian-sd-obs,200,17.45,0.48,0.0801807,0.120833,0.0187191,0.15675,0.0187823,0.689989,0.0342361,0.606707,0.0709383,0.896276,0.110612,-2214.77,43.5626,1.37917,0.0777794,1.14353,0.0729651,0.791604,0.0467918,0.91275,0.0258271,4.58264,0.156368,0.96725,0.0180988,5.46055,0.186324,7.7918e-06,1.19459e-06,0.00943021,0.000303157,0.009438,0.000303287
hmc_dn_gauss_k2,mcar_b10,0.2,complete,20,complete-data,,400,31.8,0.117,0.0392328,0.120781,0.0190512,0.120025,0.0176355,0.877935,0.0199415,0.163171,0.0413451,0.262163,0.0588492,-2297.1,36.6457,nan,nan,nan,nan,nan,nan,nan,nan,nan,nan,nan,nan,nan,nan,0,0,0.00972114,0.000384245,0.00972114,0.000384245
hmc_dn_gauss_k2,mcar_b10,0.2,marginalise,20,observed-data,samples,400,31.8,0.331125,0.0434338,0.122625,0.0196009,0.164325,0.0156552,0.662597,0.0110409,0.418907,0.0250982,0.606757,0.0275309,-1851.9,34.4164,1.24993,0.0982731,0.98044,0.0852794,0.688625,0.0566649,0.901,0.0224985,4.02259,0.0781651,0.948625,0.01829,4.7602,0.079235,0.226561,0.00262272,0.0248181,0.000619536,0.251379,0.0028631
hmc_dn_gauss_k2,mcar_b10,0.2,plugin,20,filled-series,gaussian,400,31.8,0.327375,0.045164,0.124938,0.0187762,0.165425,0.0163017,0.789579,0.0160318,0.464093,0.0592222,0.720918,0.0844462,-2039.16,33.7452,1.24993,0.0982731,0.98044,0.0852794,0.692621,0.0565619,0.905375,0.0249641,4.03073,0.0806286,0.947875,0.0176269,4.80291,0.0960749,0.0249776,0.000552226,0.00949356,0.000342483,0.0344711,0.000560489
hmc_dn_gauss_k2,mcar_b10,0.2,linear,20,filled-series,gaussian-sd-obs,400,31.8,0.3345,0.0483858,0.126844,0.0170941,0.168375,0.0160836,0.855651,0.0191908,0.521188,0.0833295,1.01416,0.248288,-2035.08,33.8477,1.38415,0.143663,1.0415,0.11544,0.765793,0.0808871,0.89175,0.0322623,4.57161,0.144342,0.931375,0.0249008,5.44741,0.171994,1.98333e-05,1.49306e-06,0.0094284,0.000329124,0.00944824,0.000329729
hmc_dn_gauss_k2,mcar_b10,0.2,locf,20,filled-series,gaussian-sd-obs,400,31.8,0.389625,0.0597928,0.125938,0.0198851,0.178675,0.017129,0.898047,0.0267672,0.660129,0.109976,1.64264,0.389864,-2081.45,35.5771,1.68461,0.174665,1.29556,0.151688,0.946351,0.110689,0.82,0.0496236,4.57161,0.144342,0.879875,0.0382209,5.44741,0.171994,1.96812e-05,7.19378e-07,0.00947282,0.000379631,0.0094925,0.000379892
hmc_dn_gauss_k2,mcar_b10,0.2,mean,20,filled-series,gaussian-sd-obs,400,31.8,0.475625,0.0757457,0.126281,0.0220118,0.19615,0.0251663,0.687436,0.0206106,0.595403,0.0702536,0.86152,0.0990283,-2112.94,35.4903,1.39951,0.0935415,1.15027,0.0856266,0.800372,0.05554,0.90075,0.0262089,4.57161,0.144342,0.956875,0.0177867,5.44741,0.171994,8.0208e-06,3.79035e-07,0.0094987,0.000325384,0.00950672,0.00032554
hmc_dn_gauss_k2,mcar_b10,0.4,complete,20,complete-data,,800,46.3,0.126312,0.024039,0.115833,0.0211338,0.120025,0.0176355,0.875985,0.0115279,0.180388,0.0330411,0.289192,0.0511575,-2297.1,36.6457,nan,nan,nan,nan,nan,nan,nan,nan,nan,nan,nan,nan,nan,nan,0,0,0.00976376,0.000412758,0.00976376,0.000412758
hmc_dn_gauss_k2,mcar_b10,0.4,marginalise,20,observed-data,samples,800,46.3,0.378375,0.0413488,0.12225,0.0222527,0.2247,0.0209023,0.626923,0.0153825,0.447547,0.0262732,0.637035,0.0295433,-1405.27,38.1562,1.281,0.0569529,1.01498,0.0483513,0.713862,0.0321078,0.900625,0.0155147,4.16898,0.053691,0.951312,0.00845338,4.90427,0.0546188,0.346145,0.00434169,0.0313674,0.000562963,0.377512,0.00440091
hmc_dn_gauss_k2,mcar_b10,0.4,plugin,20,filled-series,gaussian,800,46.3,0.388687,0.0464168,0.124458,0.0251375,0.23015,0.0245882,0.752917,0.0306682,0.509302,0.054496,0.75905,0.0785461,-1786.19,39.6443,1.281,0.0569529,1.01498,0.0483513,0.715745,0.0321792,0.905062,0.0170259,4.19498,0.0563741,0.95375,0.0104661,4.99863,0.0671739,0.0313183,0.000972576,0.00943234,0.00027059,0.0407507,0.00111854
hmc_dn_gauss_k2,mcar_b10,0.4,linear,20,filled-series,gaussian-sd-obs,800,46.3,0.385875,0.0466811,0.127625,0.0253863,0.230925,0.0253851,0.864501,0.0283882,0.612078,0.0793664,1.23824,0.256342,-1779.09,39.7208,1.4718,0.132985,1.12959,0.0907193,0.820264,0.0722659,0.873875,0.0358471,4.59311,0.177143,0.92375,0.0298599,5.47303,0.211078,2.27082e-05,1.8803e-06,0.00944669,0.000315645,0.0094694,0.000315443
hmc_dn_gauss_k2,mcar_b10,0.4,locf,20,filled-series,gaussian-sd-obs,800,46.3,0.424375,0.052579,0.125,0.0220695,0.24475,0.0257265,0.891044,0.0315009,0.701709,0.0986161,1.75964,0.376158,-1851.75,45.3942,1.71031,0.175936,1.32835,0.136892,0.965039,0.106885,0.817313,0.0423085,4.59311,0.177143,0.881812,0.0367367,5.47303,0.211078,2.01979e-05,1.66802e-06,0.00947274,0.000350176,0.00949294,0.00035016
hmc_dn_gauss_k2,mcar_b10,0.4,mean,20,filled-series,gaussian-sd-obs,800,46.3,0.496125,0.0471122,0.126083,0.0214924,0.2741,0.0226016,0.663366,0.0303141,0.59065,0.052349,0.837465,0.063473,-1896.68,48.0875,1.38933,0.0538389,1.14228,0.0519284,0.794534,0.0323711,0.902187,0.0195209,4.59311,0.177143,0.962438,0.0116872,5.47303,0.211078,8.8875e-06,6.56745e-07,0.00956695,0.000427231,0.00957584,0.000427442
hmc_dn_gauss_k2,mcar_b10,0.6,complete,20,complete-data,,1200,41.55,0.121958,0.0223807,0.117125,0.0300769,0.120025,0.0176355,0.875087,0.0122835,0.171294,0.0276627,0.275021,0.0436656,-2297.1,36.6457,nan,nan,nan,nan,nan,nan,nan,nan,nan,nan,nan,nan,nan,nan,0,0,0.00962687,0.000361019,0.00962687,0.000361019
hmc_dn_gauss_k2,mcar_b10,0.6,marginalise,20,observed-data,samples,1200,41.55,0.416875,0.0417524,0.118188,0.0300342,0.2974,0.032321,0.579773,0.00959667,0.463324,0.0131931,0.65391,0.0142293,-943.547,19.702,1.32856,0.0545194,1.06576,0.0468714,0.745739,0.0312602,0.90225,0.0162269,4.3347,0.0322776,0.951583,0.00878554,5.06516,0.0324518,0.817993,0.13973,0.0370603,0.000855699,0.855054,0.139461
hmc_dn_gauss_k2,mcar_b10,0.6,plugin,20,filled-series,gaussian,1200,41.55,0.420292,0.0408948,0.122187,0.0283913,0.30105,0.0302002,0.679211,0.0184528,0.498178,0.0291863,0.721096,0.0423281,-1529.01,19.6569,1.32856,0.0545194,1.06576,0.0468714,0.748357,0.0309723,0.907042,0.0155091,4.38357,0.0353699,0.957083,0.00821183,5.22334,0.0421458,0.0373318,0.00109859,0.00943165,0.00047839,0.0467635,0.00110386
hmc_dn_gauss_k2,mcar_b10,0.6,linear,20,filled-series,gaussian-sd-obs,1200,41.55,0.427208,0.0388046,0.1255,0.0294729,0.306525,0.0295174,0.88493,0.0246503,0.704241,0.0729002,1.56578,0.29282,-1521.69,19.4131,1.61722,0.110864,1.26056,0.0884368,0.910635,0.0677128,0.83675,0.0308966,4.57335,0.185694,0.897,0.0256614,5.44949,0.221268,2.42397e-05,1.82488e-06,0.00971819,0.000460196,0.00974243,0.000460701
hmc_dn_gauss_k2,mcar_b10,0.6,locf,20,filled-series,gaussian-sd-obs,1200,41.55,0.472292,0.0515951,0.124562,0.0294753,0.3332,0.0375505,0.916036,0.0291842,0.829414,0.108452,2.27296,0.515416,-1590.14,28.0281,1.88381,0.173444,1.50285,0.15683,1.09113,0.120974,0.762375,0.055117,4.57335,0.185694,0.839792,0.044727,5.44949,0.221268,2.03271e-05,1.11454e-06,0.0095159,0.000308925,0.00953623,0.000309388
hmc_dn_gauss_k2,mcar_b10,0.6,mean,20,filled-series,gaussian-sd-obs,1200,41.55,0.495375,0.0269699,0.121688,0.0267089,0.3459,0.017393,0.638941,0.037043,0.563908,0.0318536,0.79021,0.0404011,-1629.14,25.4238,1.3956,0.0571369,1.14668,0.0508432,0.797767,0.03382,0.902083,0.0201901,4.57335,0.185694,0.959167,0.0136984,5.44949,0.221268,8.72715e-06,7.86563e-07,0.00941675,0.000402812,0.00942548,0.000402773
hmc_dn_gauss_k2,mcar_b50,0.05,complete,20,complete-data,,100,2,0.1385,0.115361,0.119053,0.0166406,0.120025,0.0176355,0.891956,0.0484053,0.194942,0.140867,0.312183,0.21212,-2297.1,36.6457,nan,nan,nan,nan,nan,nan,nan,nan,nan,nan,nan,nan,nan,nan,0,0,0.0101879,0.00104688,0.0101879,0.00104688
hmc_dn_gauss_k2,mcar_b50,0.05,marginalise,20,observed-data,samples,100,2,0.4495,0.122409,0.119263,0.016305,0.135775,0.0164896,0.559584,0.0121625,0.477002,0.0415282,0.668244,0.045123,-2184.22,36.3412,1.40631,0.216353,1.15441,0.197626,0.802655,0.126466,0.8785,0.071545,4.4391,0.0609403,0.934,0.043456,5.16657,0.0624715,0.146655,0.00372911,0.0198212,0.00124032,0.166477,0.00421413
hmc_dn_gauss_k2,mcar_b50,0.05,plugin,20,filled-series,gaussian,100,2,0.4465,0.123513,0.119421,0.0162615,0.135775,0.016908,0.694118,0.0454656,0.524532,0.117275,0.737761,0.150676,-2233.67,36.2842,1.40631,0.216353,1.15441,0.197626,0.805663,0.129733,0.886,0.0652445,4.50099,0.0620529,0.9505,0.0353144,5.36326,0.0739405,0.0201301,0.00159125,0.00992575,0.000571409,0.0300558,0.00172467
hmc_dn_gauss_k2,mcar_b50,0.05,linear,20,filled-series,gaussian-sd-obs,100,2,0.418,0.116601,0.1195,0.0159854,0.134425,0.0170851,0.908722,0.0743328,0.722434,0.212422,1.72771,0.904348,-2233.11,36.0468,1.71279,0.368705,1.35194,0.302336,0.984683,0.245195,0.8075,0.106814,4.56499,0.140144,0.8645,0.0943942,5.43952,0.166992,1.51605e-05,7.08919e-07,0.00994122,0.000822854,0.00995638,0.000822894
hmc_dn_gauss_k2,mcar_b50,0.05,locf,20,filled-series,gaussian-sd-obs,100,2,0.4675,0.157175,0.119,0.0168325,0.136425,0.0178549,0.939012,0.0637849,0.83491,0.265191,2.27855,1.09389,-2238.05,35.5111,1.99484,0.486866,1.62803,0.426227,1.19174,0.353983,0.732,0.130206,4.56499,0.140144,0.7995,0.123437,5.43952,0.166992,2.17832e-05,5.48593e-06,0.0100669,0.000957378,0.0100887,0.000958119
hmc_dn_gauss_k2,mcar_b50,0.05,mean,20,filled-series,gaussian-sd-obs,100,2,0.5125,0.120825,0.1195,0.0162889,0.13915,0.0171335,0.617027,0.034042,0.553667,0.0769759,0.766961,0.0951578,-2238.59,35.8297,1.45253,0.22808,1.21204,0.2135,0.841969,0.145651,0.8785,0.0682314,4.56499,0.140144,0.942,0.0425008,5.43952,0.166992,7.17505e-06,6.86626e-07,0.00987969,0.000565793,0.00988687,0.000565811
hmc_dn_gauss_k2,mcar_b50,0.1,complete,20,complete-data,,200,3.65,0.12625,0.0498121,0.119333,0.0191244,0.120025,0.0176355,0.878601,0.0325721,0.165756,0.0607875,0.263668,0.0901623,-2297.1,36.6457,nan,nan,nan,nan,nan,nan,nan,nan,nan,nan,nan,nan,nan,nan,0,0,0.00979304,0.000353665,0.00979304,0.000353665
hmc_dn_gauss_k2,mcar_b50,0.1,marginalise,20,observed-data,samples,200,3.65,0.4655,0.0765352,0.119694,0.0192142,0.154275,0.0195323,0.55273,0.0129414,0.484951,0.0234846,0.677736,0.0260914,-2069.6,36.3681,1.3513,0.143621,1.10595,0.12381,0.768541,0.079845,0.90025,0.043964,4.44999,0.0494474,0.95575,0.0245097,5.1768,0.0506,0.171176,0.00282197,0.021152,0.000621533,0.192328,0.00294964
hmc_dn_gauss_k2,mcar_b50,0.1,plugin,20,filled-series,gaussian,200,3.65,0.45775,0.0812157,0.119972,0.0193448,0.15375,0.0203712,0.670112,0.0409013,0.535922,0.0594677,0.750019,0.0759896,-2168.65,36.4398,1.3513,0.143621,1.10595,0.12381,0.771048,0.0832156,0.90425,0.0389424,4.51372,0.0511354,0.966,0.0194395,5.37842,0.0609316,0.0208566,0.000593461,0.009691,0.000364719,0.0305476,0.000645239
hmc_dn_gauss_k2,mcar_b50,0.1,linear,20,filled-series,gaussian-sd-obs,200,3.65,0.4685,0.0741283,0.119333,0.0189495,0.15425,0.0207215,0.88804,0.0550592,0.789021,0.147427,1.80474,0.508701,-2167.43,36.6909,1.71651,0.230485,1.37891,0.17707,0.988951,0.145228,0.80575,0.0774643,4.57943,0.141157,0.879,0.0684913,5.45673,0.168199,1.56854e-05,6.8302e-07,0.00971592,0.000370592,0.00973161,0.000370806
hmc_dn_gauss_k2,mcar_b50,0.1,locf,20,filled-series,gaussian-sd-obs,200,3.65,0.48725,0.0664806,0.119361,0.0190356,0.15615,0.0200034,0.932719,0.0653649,0.885878,0.15855,2.63586,1.20418,-2176.79,35.9246,2.00171,0.437006,1.62292,0.387345,1.18994,0.320015,0.73325,0.124629,4.57943,0.141157,0.8035,0.117374,5.45673,0.168199,2.03499e-05,1.04917e-06,0.00973927,0.00039519,0.00975962,0.000395114
hmc_dn_gauss_k2,mcar_b50,0.1,mean,20,filled-series,gaussian-sd-obs,200,3.65,0.486,0.106309,0.120222,0.0193791,0.1568,0.0188905,0.621475,0.0401759,0.550943,0.0732079,0.764757,0.0816666,-2177.76,37.5912,1.38545,0.143857,1.14455,0.125488,0.796129,0.0849487,0.90375,0.0424225,4.57943,0.141157,0.966,0.0189598,5.45673,0.168199,7.92925e-06,3.30016e-06,0.0095862,0.000354311,0.00959413,0.000355291
hmc_dn_gauss_k2,mcar_b50,0.2,complete,20,complete-data,,400,6.6,0.125375,0.0439443,0.118688,0.0213541,0.120025,0.0176355,0.874667,0.0166607,0.17525,0.0522649,0.28262,0.0811433,-2297.1,36.6457,nan,nan,nan,nan,nan,nan,nan,nan,nan,nan,nan,nan,nan,nan,0,0,0.00982375,0.00051979,0.00982375,0.00051979
hmc_dn_gauss_k2,mcar_b50,0.2,marginalise,20,observed-data,samples,400,6.6,0.447875,0.0696621,0.119125,0.0208371,0.184875,0.0217775,0.544177,0.0131142,0.479214,0.0143565,0.670977,0.0158341,-1841.66,36.4975,1.34356,0.105681,1.09669,0.0969382,0.762917,0.0605583,0.904375,0.0299218,4.45942,0.032061,0.95375,0.018398,5.18568,0.0321505,0.218586,0.00428664,0.0242321,0.00142704,0.242818,0.00469789
hmc_dn_gauss_k2,mcar_b50,0.2,plugin,20,filled-series,gaussian,400,6.6,0.44975,0.0714046,0.119125,0.0210355,0.18525,0.0232348,0.641758,0.0425643,0.500384,0.03043,0.704145,0.0377796,-2040.24,36.6434,1.34356,0.105681,1.09669,0.0969382,0.764825,0.062844,0.913,0.0267001,4.52571,0.0344053,0.964875,0.0140833,5.39272,0.0409964,0.0241201,0.00110306,0.0096474,0.000369116,0.0337675,0.00127215
hmc_dn_gauss_k2,mcar_b50,0.2,linear,20,filled-series,gaussian-sd-obs,400,6.6,0.45075,0.0605517,0.119438,0.0205175,0.1857,0.0192767,0.871219,0.0422205,0.732785,0.110371,1.59463,0.423187,-2039.09,36.8368,1.65885,0.160712,1.3299,0.127133,0.947996,0.0990789,0.825,0.0532311,4.58698,0.173421,0.894,0.0457064,5.46572,0.206644,1.71917e-05,1.56943e-06,0.00946726,0.00028353,0.00948445,0.00028391
hmc_dn_gauss_k2,mcar_b50,0.2,locf,20,filled-series,gaussian-sd-obs,400,6.6,0.476625,0.0730549,0.120156,0.0206523,0.19145,0.024331,0.903353,0.0578878,0.819231,0.140968,2.19624,0.701164,-2055.61,42.6055,1.86319,0.261218,1.50282,0.220695,1.08537,0.173308,0.76675,0.0810665,4.58698,0.173421,0.84825,0.0636401,5.46572,0.206644,2.04313e-05,1.33508e-06,0.00962702,0.000406747,0.00964745,0.00040725
hmc_dn_gauss_k2,mcar_b50,0.2,mean,20,filled-series,gaussian-sd-obs,400,6.6,0.506875,0.0793347,0.119719,0.0213364,0.19715,0.025808,0.609453,0.0423753,0.556485,0.0488512,0.769786,0.057876,-2055.93,38.8732,1.38022,0.107932,1.13928,0.0966791,0.791371,0.0664424,0.904,0.0347207,4.58698,0.173421,0.963625,0.0210024,5.46572,0.206644,7.24795e-06,1.07275e-06,0.00945896,0.00033351,0.0094662,0.000333637
hmc_dn_gauss_k2,mcar_b50,0.4,complete,20,complete-data,,800,10.25,0.121375,0.0308831,0.119125,0.0234185,0.120025,0.0176355,0.875164,0.0179761,0.17613,0.0414943,0.28684,0.0665669,-2297.1,36.6457,nan,nan,nan,nan,nan,nan,nan,nan,nan,nan,nan,nan,nan,nan,0,0,0.00974092,0.000407732,0.00974092,0.000407732
hmc_dn_gauss_k2,mcar_b50,0.4,marginalise,20,observed-data,samples,800,10.25,0.47725,0.0618567,0.120167,0.0220008,0.263,0.0297127,0.534844,0.00853377,0.4894,0.013212,0.681929,0.014061,-1387.8,26.1836,1.35986,0.0823512,1.11265,0.0774956,0.77301,0.0467461,0.905438,0.0224205,4.48607,0.0187015,0.956125,0.0123137,5.21171,0.0183058,0.332661,0.00606413,0.0295325,0.00232895,0.362194,0.00698545
hmc_dn_gauss_k2,mcar_b50,0.4,plugin,20,filled-series,gaussian,800,10.25,0.475562,0.0695917,0.120792,0.0223892,0.2627,0.0327291,0.615364,0.027388,0.517783,0.0408518,0.724568,0.0506432,-1786.71,25.9345,1.35986,0.0823512,1.11265,0.0774956,0.773891,0.0487629,0.911938,0.0224981,4.55636,0.0209342,0.964875,0.0112456,5.42923,0.0249446,0.029721,0.00109685,0.00959387,0.000700035,0.0393149,0.00138262
hmc_dn_gauss_k2,mcar_b50,0.4,linear,20,filled-series,gaussian-sd-obs,800,10.25,0.471187,0.0687954,0.120292,0.0218903,0.26065,0.0327145,0.891446,0.0341437,0.797638,0.128568,1.88014,0.414744,-1785.66,28.9913,1.72846,0.191154,1.38565,0.169155,0.993945,0.12485,0.806625,0.0544094,4.60085,0.171528,0.88025,0.0437709,5.48225,0.204388,1.8875e-05,1.32687e-06,0.00951184,0.000321784,0.00953071,0.00032238
hmc_dn_gauss_k2,mcar_b50,0.4,locf,20,filled-series,gaussian-sd-obs,800,10.25,0.491187,0.0601389,0.120542,0.022851,0.2688,0.0291703,0.90471,0.0512582,0.838655,0.102634,2.29595,0.499475,-1812.79,32.8003,1.90299,0.155186,1.53935,0.136871,1.10817,0.104017,0.763563,0.0479879,4.60085,0.171528,0.845563,0.0371596,5.48225,0.204388,1.95999e-05,1.20374e-06,0.00956821,0.000613285,0.00958781,0.00061351
hmc_dn_gauss_k2,mcar_b50,0.4,mean,20,filled-series,gaussian-sd-obs,800,10.25,0.491938,0.0553851,0.121625,0.0234357,0.26975,0.0181409,0.607998,0.0481246,0.54348,0.0460449,0.750601,0.0514989,-1810.48,27.7742,1.38293,0.0779458,1.13909,0.0723047,0.791333,0.0470193,0.906875,0.025779,4.60085,0.171528,0.962562,0.014075,5.48225,0.204388,7.1146e-06,7.17841e-07,0.00935928,0.000372115,0.00936639,0.000372226
hmc_dn_gauss_k2,mcar_b50,0.6,complete,20,complete-data,,1200,9.5,0.120333,0.0187305,0.119563,0.0253147,0.120025,0.0176355,0.875474,0.0118468,0.169491,0.0242208,0.272434,0.035159,-2297.1,36.6457,nan,nan,nan,nan,nan,nan,nan,nan,nan,nan,nan,nan,nan,nan,0,0,0.00963717,0.000382053,0.00963717,0.000382053
hmc_dn_gauss_k2,mcar_b50,0.6,marginalise,20,observed-data,samples,1200,9.5,0.4775,0.0348315,0.121187,0.023604,0.334975,0.0214086,0.522266,0.00502629,0.49195,0.00656142,0.684704,0.00724571,-919.305,24.7283,1.37133,0.0604446,1.1244,0.0533599,0.782456,0.0347499,0.905125,0.0193673,4.5187,0.0137765,0.953792,0.0115896,5.24359,0.0137435,0.8222,0.183866,0.0352089,0.0013617,0.857409,0.184061
hmc_dn_gauss_k2,mcar_b50,0.6,plugin,20,filled-series,gaussian,1200,9.5,0.472292,0.0364476,0.121,0.0232074,0.331775,0.0236668,0.575052,0.0170318,0.509559,0.0185293,0.70916,0.0237282,-1520.44,24.7433,1.37133,0.0604446,1.1244,0.0533599,0.781777,0.0360563,0.911958,0.0196577,4.59383,0.0148335,0.964625,0.00948404,5.47388,0.0176752,0.0352889,0.00105168,0.00929981,0.00029914,0.0445887,0.00122873
hmc_dn_gauss_k2,mcar_b50,0.6,linear,20,filled-series,gaussian-sd-obs,1200,9.5,0.479542,0.0405756,0.122312,0.0238598,0.33665,0.0265018,0.913126,0.0413374,0.833848,0.0816864,2.12906,0.628306,-1526.15,34.3435,1.80536,0.233864,1.45848,0.194416,1.04676,0.156294,0.788292,0.0656988,4.59673,0.18338,0.863958,0.0585084,5.47734,0.218511,2.00854e-05,8.94785e-07,0.00932731,0.000250959,0.00934739,0.000251027
hmc_dn_gauss_k2,mcar_b50,0.6,locf,20,filled-series,gaussian-sd-obs,1200,9.5,0.480875,0.0492862,0.12325,0.0252077,0.337825,0.033569,0.928325,0.042891,0.856756,0.0988272,2.51097,0.782124,-1558.52,50.078,1.96661,0.318281,1.59935,0.273985,1.15899,0.221844,0.747542,0.0882847,4.59673,0.18338,0.825458,0.0787533,5.47734,0.218511,1.96687e-05,5.45832e-07,0.00975636,0.000718432,0.00977603,0.000718532
hmc_dn_gauss_k2,mcar_b50,0.6,mean,20,filled-series,gaussian-sd-obs,1200,9.5,0.507458,0.0431647,0.12125,0.0224304,0.352975,0.0272723,0.608646,0.0551874,0.538894,0.032083,0.742595,0.0391804,-1543.47,26.3815,1.39213,0.0563534,1.14468,0.051648,0.795972,0.0346236,0.90275,0.0230038,4.59673,0.18338,0.96025,0.0139184,5.47734,0.218511,7.5083e-06,1.53413e-06,0.009568,0.000493662,0.00957551,0.000493321
hmc_dn_gauss_k2,scattered,0.05,complete,20,complete-data,,100,1,0.1205,0.0776277,0.12,0.0171891,0.120025,0.0176355,0.868193,0.0559741,0.167278,0.0993992,0.265368,0.140304,-2297.1,36.6457,nan,nan,nan,nan,nan,nan,nan,nan,nan,nan,nan,nan,nan,nan,0,0,0.00953878,0.0002951,0.00953878,0.0002951
hmc_dn_gauss_k2,scattered,0.05,marginalise,20,observed-data,samples,100,1,0.5105,0.164971,0.120342,0.0170949,0.13985,0.0164085,0.527405,0.00787169,0.493753,0.0255395,0.686194,0.0274672,-2183.28,37.8165,1.29143,0.196898,1.06544,0.186966,0.743713,0.110065,0.918,0.0481882,4.48873,0.0394296,0.9615,0.0313344,5.21311,0.0415723,0.140979,0.00279783,0.019746,0.00226788,0.160725,0.00337242
hmc_dn_gauss_k2,scattered,0.05,plugin,20,filled-series,gaussian,100,1,0.509,0.16852,0.120316,0.0170942,0.13975,0.0164353,0.597651,0.0290982,0.526863,0.0731423,0.726679,0.0876013,-2233.14,37.8276,1.29143,0.196898,1.06544,0.186966,0.742486,0.115585,0.925,0.0432252,4.56154,0.0391348,0.971,0.0242574,5.43541,0.046632,0.0190665,0.000729756,0.00961879,0.000306985,0.0286853,0.000889691
hmc_dn_gauss_k2,scattered,0.05,linear,20,filled-series,gaussian-sd-obs,100,1,0.515,0.138088,0.120289,0.0170413,0.140025,0.0171775,0.876042,0.103041,0.847961,0.27774,1.96101,1.38284,-2232.79,37.6069,1.60241,0.551814,1.30091,0.490425,0.945619,0.386212,0.83,0.160558,4.59,0.14684,0.8875,0.133135,5.46932,0.174971,1.43271e-05,7.91514e-07,0.00939755,0.000344099,0.00941188,0.000344626
hmc_dn_gauss_k2,scattered,0.05,locf,20,filled-series,gaussian-sd-obs,100,1,0.5235,0.13884,0.120158,0.0169793,0.140325,0.0166783,0.883087,0.164242,0.88592,0.329427,2.55767,2.32069,-2235.9,38.5796,1.7487,0.763289,1.47519,0.729603,1.07344,0.596256,0.795,0.198878,4.59,0.14684,0.8605,0.187012,5.46932,0.174971,2.46335e-05,1.65102e-05,0.0094923,0.000271769,0.00951693,0.000276407
hmc_dn_gauss_k2,scattered,0.05,mean,20,filled-series,gaussian-sd-obs,100,1,0.485,0.144313,0.120211,0.0171138,0.13845,0.0154357,0.599914,0.0365198,0.523974,0.0646841,0.727646,0.0779065,-2235.14,37.9331,1.31033,0.20031,1.09081,0.191869,0.756498,0.11865,0.926,0.0445327,4.59,0.14684,0.9715,0.0251888,5.46932,0.174971,6.8625e-06,8.32338e-07,0.00942034,0.000325429,0.0094272,0.000325627
hmc_dn_gauss_k2,scattered,0.1,complete,20,complete-data,,200,1,0.09775,0.0528273,0.1225,0.0184032,0.120025,0.0176355,0.884964,0.0314684,0.149875,0.066903,0.246056,0.0978078,-2297.1,36.6457,nan,nan,nan,nan,nan,nan,nan,nan,nan,nan,nan,nan,nan,nan,0,0,0.00967504,0.000314003,0.00967504,0.000314003
hmc_dn_gauss_k2,scattered,0.1,marginalise,20,observed-data,samples,200,1,0.46225,0.0882651,0.122278,0.0184221,0.156275,0.0204454,0.513125,0.00417941,0.49448,0.0141786,0.687154,0.015205,-2061.22,33.5919,1.40014,0.103693,1.16514,0.107859,0.801885,0.0635726,0.89575,0.0259694,4.52883,0.0179015,0.95325,0.0177167,5.25274,0.018539,0.165701,0.00356669,0.0202904,0.000593549,0.185991,0.00401952
hmc_dn_gauss_k2,scattered,0.1,plugin,20,filled-series,gaussian,200,1,0.4735,0.0768132,0.122306,0.0184277,0.157425,0.0202753,0.547201,0.0157423,0.502817,0.0351305,0.696307,0.0404711,-2161.56,33.6149,1.40014,0.103693,1.16514,0.107859,0.804559,0.0661271,0.90525,0.026131,4.60696,0.0177037,0.96575,0.0173414,5.48953,0.0210953,0.0202756,0.000550832,0.00949898,0.000410771,0.0297746,0.000749253
hmc_dn_gauss_k2,scattered,0.1,linear,20,filled-series,gaussian-sd-obs,200,1,0.46125,0.0765347,0.122361,0.0184018,0.15625,0.017506,0.891856,0.0894969,0.78631,0.177449,1.72597,0.757322,-2160.67,34.1875,1.67544,0.290335,1.37184,0.243581,0.975604,0.190693,0.8125,0.0938434,4.56838,0.157465,0.89025,0.0781947,5.44356,0.187631,1.46439e-05,7.23884e-07,0.00942375,0.000314659,0.00943839,0.000314775
hmc_dn_gauss_k2,scattered,0.1,locf,20,filled-series,gaussian-sd-obs,200,1,0.4755,0.0786883,0.122417,0.0186668,0.157725,0.0189802,0.924126,0.120235,0.866806,0.210439,2.59495,1.73091,-2167.04,36.749,1.96368,0.590649,1.66122,0.546829,1.20173,0.448526,0.73225,0.17575,4.56838,0.157465,0.81075,0.158283,5.44356,0.187631,2.03709e-05,2.64746e-06,0.00940375,0.000322555,0.00942412,0.000322809
hmc_dn_gauss_k2,scattered,0.1,mean,20,filled-series,gaussian-sd-obs,200,1,0.5315,0.0730555,0.122194,0.0184622,0.163125,0.0179435,0.599165,0.0525604,0.553782,0.0642344,0.755932,0.0699446,-2163.46,33.762,1.41684,0.0938581,1.18512,0.0987812,0.815991,0.0607813,0.89925,0.0351416,4.56838,0.157465,0.9605,0.0203845,5.44356,0.187631,6.6186e-06,3.98794e-07,0.0093584,0.000248648,0.00936502,0.000248781
hmc_dn_gauss_k2,scattered,0.2,complete,20,complete-data,,400,1,0.1185,0.0381169,0.120406,0.0181802,0.120025,0.0176355,0.882459,0.0210145,0.170245,0.0480977,0.274886,0.071389,-2297.1,36.6457,nan,nan,nan,nan,nan,nan,nan,nan,nan,nan,nan,nan,nan,nan,0,0,0.00965627,0.00039049,0.00965627,0.00039049
hmc_dn_gauss_k2,scattered,0.2,marginalise,20,observed-data,samples,400,1,0.4685,0.0692982,0.120125,0.0183225,0.1898,0.0159806,0.50736,0.00184698,0.497819,0.00509432,0.690851,0.0056297,-1835.95,38.7841,1.40293,0.115267,1.16134,0.109664,0.804339,0.0665145,0.897125,0.0356544,4.5526,0.00929135,0.95125,0.0185582,5.27639,0.00970289,0.212663,0.00399328,0.0230748,0.000612879,0.235738,0.00429022
hmc_dn_gauss_k2,scattered,0.2,plugin,20,filled-series,gaussian,400,1,0.46775,0.0787438,0.120156,0.0182509,0.189675,0.016683,0.526909,0.00753985,0.502161,0.012565,0.698005,0.0153694,-2037.33,38.7777,1.40293,0.115267,1.16134,0.109664,0.804492,0.070421,0.905,0.033057,4.63329,0.00926279,0.963875,0.0143379,5.5209,0.0110373,0.0231109,0.000736177,0.00943015,0.000369788,0.032541,0.000937781
hmc_dn_gauss_k2,scattered,0.2,linear,20,filled-series,gaussian-sd-obs,400,1,0.46375,0.0878452,0.120219,0.0183815,0.188925,0.0187457,0.920531,0.0754738,0.816925,0.18327,2.00472,0.947972,-2036.89,40.1953,1.7282,0.293412,1.40639,0.249372,1.00497,0.195094,0.798,0.0871802,4.56187,0.1295,0.875,0.0664316,5.4358,0.154308,1.54501e-05,7.84186e-07,0.0093332,0.000209143,0.00934865,0.000209139
hmc_dn_gauss_k2,scattered,0.2,locf,20,filled-series,gaussian-sd-obs,400,1,0.490625,0.0866097,0.120188,0.0183836,0.194275,0.0182724,0.91848,0.134287,0.861128,0.219625,2.71522,2.26717,-2048.17,48.9448,1.91423,0.650896,1.60416,0.615809,1.1672,0.511998,0.742375,0.180539,4.56187,0.1295,0.821875,0.167652,5.4358,0.154308,1.94437e-05,1.1276e-06,0.00940734,0.000327679,0.00942679,0.000328052
hmc_dn_gauss_k2,scattered,0.2,mean,20,filled-series,gaussian-sd-obs,400,1,0.483125,0.0870302,0.120188,0.0181846,0.192775,0.0248079,0.597832,0.0461915,0.526296,0.0548308,0.723326,0.0592686,-2039.79,38.7718,1.41151,0.116955,1.16854,0.109465,0.810325,0.0722301,0.892875,0.0371278,4.56187,0.1295,0.959,0.0165911,5.4358,0.154308,6.50605e-06,4.30198e-07,0.00943043,0.000375093,0.00943694,0.000375272
hmc_dn_gauss_k2,scattered,0.4,complete,20,complete-data,,800,1,0.119063,0.0332625,0.120667,0.0199425,0.120025,0.0176355,0.877098,0.0130956,0.173611,0.0425518,0.282732,0.0682442,-2297.1,36.6457,nan,nan,nan,nan,nan,nan,nan,nan,nan,nan,nan,nan,nan,nan,0,0,0.00989279,0.000410708,0.00989279,0.000410708
hmc_dn_gauss_k2,scattered,0.4,marginalise,20,observed-data,samples,800,1,0.508563,0.052386,0.120917,0.0200035,0.275975,0.0215916,0.503014,0.000954398,0.498588,0.00224247,0.691629,0.00236601,-1381.16,34.8966,1.3924,0.0587442,1.14646,0.0491107,0.794778,0.0335149,0.902313,0.0188191,4.55749,0.00360952,0.95225,0.0128093,5.28099,0.0038088,0.323423,0.00685334,0.0285845,0.000604846,0.352008,0.00713236
hmc_dn_gauss_k2,scattered,0.4,plugin,20,filled-series,gaussian,800,1,0.507812,0.0453602,0.120833,0.0200219,0.275625,0.0197836,0.51057,0.00352918,0.500286,0.00693576,0.69398,0.00830308,-1784.3,34.8402,1.3924,0.0587442,1.14646,0.0491107,0.795951,0.0340037,0.909375,0.0190502,4.63958,0.00351689,0.965,0.0121124,5.5284,0.00419064,0.0286527,0.00147496,0.0093485,0.00035578,0.0380012,0.00158243
hmc_dn_gauss_k2,scattered,0.4,linear,20,filled-series,gaussian-sd-obs,800,1,0.493,0.0368327,0.121125,0.0196688,0.269875,0.0192565,0.890812,0.0880278,0.825666,0.126273,1.70762,0.704618,-1779.28,34.7882,1.64266,0.230846,1.33853,0.198521,0.950295,0.153922,0.824187,0.0765114,4.56582,0.24646,0.896625,0.0604875,5.44051,0.293676,1.81396e-05,3.04503e-06,0.00933492,0.00029134,0.00935306,0.000292252
hmc_dn_gauss_k2,scattered,0.4,locf,20,filled-series,gaussian-sd-obs,800,1,0.490375,0.0423878,0.121625,0.019946,0.269125,0.0212051,0.869416,0.150672,0.793644,0.188294,1.81643,1.12562,-1785.6,39.4561,1.67937,0.364343,1.3825,0.318717,0.985555,0.254277,0.809875,0.119918,4.56582,0.24646,0.88125,0.101513,5.44051,0.293676,1.97021e-05,1.24608e-06,0.00948002,0.000757094,0.00949972,0.000757179
hmc_dn_gauss_k2,scattered,0.4,mean,20,filled-series,gaussian-sd-obs,800,1,0.516125,0.0412448,0.121167,0.0197469,0.27915,0.018113,0.604796,0.0708622,0.5347,0.0440471,0.731004,0.0521841,-1785.47,34.7352,1.39972,0.0615083,1.15257,0.0504508,0.801647,0.035921,0.898313,0.0315297,4.56582,0.24646,0.957938,0.0200463,5.44051,0.293676,6.3564e-06,2.82526e-07,0.00926932,0.000258039,0.00927568,0.000258059
hmc_dn_gauss_k2,scattered,0.6,complete,20,complete-data,,1200,1,0.1215,0.0237965,0.117813,0.0276458,0.120025,0.0176355,0.875811,0.0158073,0.173084,0.0295182,0.278701,0.046563,-2297.1,36.6457,nan,nan,nan,nan,nan,nan,nan,nan,nan,nan,nan,nan,nan,nan,0,0,0.00971358,0.000437422,0.00971358,0.000437422
hmc_dn_gauss_k2,scattered,0.6,marginalise,20,observed-data,samples,1200,1,0.492708,0.0411893,0.117875,0.0277237,0.342775,0.0261868,0.502531,0.000532984,0.499025,0.00227774,0.692118,0.00245715,-919.846,30.6976,1.39313,0.0556954,1.14661,0.0521109,0.797505,0.0328927,0.901708,0.0190154,4.56302,0.00372999,0.951958,0.01097,5.28659,0.00386924,0.829951,0.268527,0.0347066,0.00118304,0.864657,0.268529
hmc_dn_gauss_k2,scattered,0.6,plugin,20,filled-series,gaussian,1200,1,0.500958,0.0519406,0.11775,0.0275556,0.347675,0.0307679,0.509003,0.00230001,0.499798,0.00624023,0.693756,0.00785938,-1525.01,30.668,1.39313,0.0556954,1.14661,0.0521109,0.79639,0.0336542,0.908292,0.0197045,4.64551,0.00368156,0.964417,0.00986421,5.53546,0.00438685,0.0345639,0.000980092,0.00938984,0.000436804,0.0439537,0.00118855
hmc_dn_gauss_k2,scattered,0.6,linear,20,filled-series,gaussian-sd-obs,1200,1,0.502875,0.0443714,0.118063,0.0277959,0.34895,0.0234144,0.881434,0.107757,0.836476,0.147878,1.8824,0.90762,-1523.37,44.8144,1.71103,0.335246,1.39981,0.300172,1.00022,0.2399,0.801458,0.106795,4.55284,0.214628,0.876083,0.0938309,5.42504,0.255745,1.97021e-05,1.90143e-06,0.00952682,0.000346417,0.00954652,0.000346688
hmc_dn_gauss_k2,scattered,0.6,locf,20,filled-series,gaussian-sd-obs,1200,1,0.496292,0.039528,0.118063,0.0273485,0.345,0.024703,0.950304,0.0931299,0.915473,0.150134,2.70055,1.89691,-1544.76,89.2199,1.93785,0.599242,1.61961,0.586996,1.18044,0.47915,0.729208,0.177781,4.55284,0.214628,0.811542,0.163437,5.42504,0.255745,2.01957e-05,9.43981e-07,0.00947315,0.000423449,0.00949334,0.000423548
hmc_dn_gauss_k2,scattered,0.6,mean,20,filled-series,gaussian-sd-obs,1200,1,0.507542,0.0407186,0.117375,0.026956,0.351475,0.0260053,0.642669,0.0819504,0.560938,0.0605793,0.760837,0.0696455,-1525.98,30.383,1.40484,0.0553298,1.15537,0.0524792,0.80391,0.0339212,0.895125,0.0231656,4.55284,0.214628,0.956917,0.013728,5.42504,0.255745,6.31885e-06,3.55838e-07,0.00938309,0.000478976,0.00938941,0.00047899
hmc_dn_gauss_k2,aligned,0.05,complete,20,complete-data,,100,1,0.1385,0.0751332,0.119053,0.0184449,0.120025,0.0176355,0.868241,0.0434937,0.186878,0.0830701,0.292568,0.108854,-2297.1,36.6457,nan,nan,nan,nan,nan,nan,nan,nan,nan,nan,nan,nan,nan,nan,0,0,0.00952127,0.000344829,0.00952127,0.000344829
hmc_dn_gauss_k2,aligned,0.05,marginalise,20,observed-data,samples,100,1,0.4775,0.142971,0.119158,0.018218,0.137075,0.0185112,0.526511,0.00790387,0.489876,0.0260407,0.682584,0.0287912,-2185.66,31.9486,1.35745,0.247792,1.11005,0.213698,0.77435,0.130949,0.8955,0.0662908,4.49235,0.0409016,0.95,0.0485582,5.21694,0.0421454,0.140196,0.00274446,0.0188944,0.000335396,0.159091,0.0027991
hmc_dn_gauss_k2,aligned,0.05,plugin,20,filled-series,gaussian,100,1,0.4845,0.139792,0.119105,0.0181545,0.137375,0.0188672,0.594561,0.0333074,0.517345,0.0814137,0.721834,0.111446,-2235.55,31.9843,1.35745,0.247792,1.11005,0.213698,0.781921,0.139722,0.8995,0.0681697,4.56529,0.0401645,0.956,0.0421026,5.43988,0.0478589,0.0186932,0.000465161,0.00959506,0.000580354,0.0282883,0.00089716
hmc_dn_gauss_k2,aligned,0.05,linear,20,filled-series,gaussian-sd-obs,100,1,0.4805,0.14464,0.119289,0.0185699,0.13735,0.0206679,0.891385,0.0882482,0.830639,0.297833,1.96531,1.39074,-2235.11,32.2879,1.74625,0.475515,1.43773,0.412181,1.03472,0.318676,0.785,0.137132,4.57732,0.152595,0.857,0.119521,5.45421,0.181828,1.48979e-05,1.93611e-06,0.00943197,0.000290056,0.00944687,0.00028951
hmc_dn_gauss_k2,aligned,0.05,locf,20,filled-series,gaussian-sd-obs,100,1,0.5295,0.159422,0.119316,0.0183255,0.139825,0.0194072,0.862213,0.158875,0.843489,0.329424,2.33186,1.9793,-2238.38,33.8137,1.87048,0.624732,1.59434,0.603774,1.14998,0.461289,0.7415,0.179569,4.57732,0.152595,0.8275,0.158076,5.45421,0.181828,1.96752e-05,8.4076e-07,0.00942296,0.000418286,0.00944264,0.000418545
hmc_dn_gauss_k2,aligned,0.05,mean,20,filled-series,gaussian-sd-obs,100,1,0.513,0.157951,0.119132,0.0180491,0.138825,0.016668,0.609194,0.047851,0.560217,0.117389,0.761345,0.126569,-2237.68,32.1914,1.3792,0.246523,1.13866,0.216168,0.798364,0.141001,0.893,0.0659426,4.57732,0.152595,0.9555,0.0448946,5.45421,0.181828,6.7834e-06,6.52664e-07,0.00937941,0.000316376,0.0093862,0.000316502
hmc_dn_gauss_k2,aligned,0.1,complete,20,complete-data,,200,1,0.13025,0.0553809,0.118889,0.0190558,0.120025,0.0176355,0.872512,0.0321695,0.176436,0.063395,0.278029,0.0803212,-2297.1,36.6457,nan,nan,nan,nan,nan,nan,nan,nan,nan,nan,nan,nan,nan,nan,0,0,0.00979662,0.000427114,0.00979662,0.000427114
hmc_dn_gauss_k2,aligned,0.1,marginalise,20,observed-data,samples,200,1,0.492,0.113165,0.118972,0.0189218,0.156275,0.0210197,0.513848,0.00366519,0.496339,0.0140208,0.689163,0.0151603,-2073.85,30.9142,1.35767,0.152452,1.11668,0.144815,0.778683,0.0852362,0.905,0.042797,4.53493,0.0222695,0.95675,0.0293919,5.25909,0.0230097,0.164804,0.00427387,0.0201446,0.000741338,0.184949,0.00476877
hmc_dn_gauss_k2,aligned,0.1,plugin,20,filled-series,gaussian,200,1,0.49425,0.115306,0.118889,0.0189035,0.156425,0.0210334,0.550391,0.015585,0.505707,0.0425095,0.70588,0.0553111,-2174.27,30.9392,1.35767,0.152452,1.11668,0.144815,0.778531,0.092181,0.913,0.0432982,4.61305,0.0220608,0.965,0.0232832,5.49679,0.026287,0.0202263,0.000733168,0.00951159,0.000419828,0.0297379,0.000965934
hmc_dn_gauss_k2,aligned,0.1,linear,20,filled-series,gaussian-sd-obs,200,1,0.50575,0.102036,0.118972,0.019131,0.15765,0.0196503,0.896599,0.10689,0.854152,0.220346,2.09481,1.13061,-2174.71,32.8144,1.78925,0.380542,1.488,0.35403,1.06238,0.269767,0.78,0.118821,4.58259,0.148197,0.85825,0.0973231,5.4605,0.176588,1.46772e-05,9.63045e-07,0.00958311,0.000449541,0.00959779,0.000449769
hmc_dn_gauss_k2,aligned,0.1,locf,20,filled-series,gaussian-sd-obs,200,1,0.537,0.0954132,0.118917,0.0192429,0.160725,0.0184323,0.867972,0.155683,0.842473,0.217707,2.30754,1.75836,-2178.26,33.7487,1.83124,0.558336,1.54582,0.515563,1.1102,0.404119,0.76375,0.169285,4.58259,0.148197,0.84075,0.14822,5.4605,0.176588,1.97083e-05,1.78429e-06,0.00932311,0.000362899,0.00934282,0.000363309
hmc_dn_gauss_k2,aligned,0.1,mean,20,filled-series,gaussian-sd-obs,200,1,0.519,0.108792,0.118833,0.0190447,0.15885,0.0182808,0.602776,0.0498469,0.548973,0.0808124,0.748657,0.089362,-2176.63,30.9695,1.37543,0.147965,1.13386,0.14041,0.789892,0.0895516,0.9045,0.0383165,4.58259,0.148197,0.9635,0.0277252,5.4605,0.176588,7.30215e-06,3.22579e-06,0.00953267,0.0005343,0.00953997,0.000533896
hmc_dn_gauss_k2,aligned,0.2,complete,20,complete-data,,400,1,0.13675,0.046312,0.115844,0.019654,0.120025,0.0176355,0.876389,0.019435,0.192281,0.0531834,0.30597,0.0764128,-2297.1,36.6457,nan,nan,nan,nan,nan,nan,nan,nan,nan,nan,nan,nan,nan,nan,0,0,0.00962088,0.000498081,0.00962088,0.000498081
hmc_dn_gauss_k2,aligned,0.2,marginalise,20,observed-data,samples,400,1,0.52425,0.0615859,0.116281,0.0195566,0.197875,0.0192906,0.50632,0.00165133,0.49522,0.00442743,0.68811,0.00484396,-1846.66,26.0109,1.35646,0.115975,1.1165,0.106677,0.776908,0.0682391,0.90825,0.0330779,4.55213,0.0113349,0.95575,0.0193836,5.27581,0.0115837,0.211704,0.00474953,0.022685,0.000439137,0.234389,0.00496399
hmc_dn_gauss_k2,aligned,0.2,plugin,20,filled-series,gaussian,400,1,0.508875,0.0739064,0.116406,0.0195265,0.1949,0.0214234,0.523277,0.00686952,0.494742,0.0143083,0.68954,0.0201677,-2048.05,26.0329,1.35646,0.115975,1.1165,0.106677,0.775992,0.0696608,0.914875,0.0324997,4.63304,0.0114068,0.96525,0.0161998,5.52061,0.013592,0.0230781,0.00069094,0.0093503,0.000291922,0.0324284,0.000798293
hmc_dn_gauss_k2,aligned,0.2,linear,20,filled-series,gaussian-sd-obs,400,1,0.5095,0.0688658,0.116219,0.0198312,0.194875,0.0204437,0.91402,0.0639332,0.886176,0.147834,2.12109,0.92091,-2048.66,27.2941,1.78535,0.302688,1.46401,0.257672,1.04583,0.199441,0.784875,0.0832856,4.59599,0.178126,0.868375,0.0732303,5.47646,0.21225,1.52104e-05,7.71908e-07,0.00937634,0.000276004,0.00939155,0.000276254
hmc_dn_gauss_k2,aligned,0.2,locf,20,filled-series,gaussian-sd-obs,400,1,0.5205,0.072849,0.116375,0.0199007,0.1972,0.0206566,0.866443,0.157976,0.828275,0.204412,2.29227,1.76641,-2055.6,35.0202,1.82,0.560265,1.53351,0.519872,1.10071,0.405875,0.769,0.173128,4.59599,0.178126,0.84425,0.14669,5.47646,0.21225,1.9252e-05,1.32421e-06,0.0093076,0.000274492,0.00932685,0.000275147
hmc_dn_gauss_k2,aligned,0.2,mean,20,filled-series,gaussian-sd-obs,400,1,0.5155,0.0714723,0.116562,0.0194988,0.19635,0.0194403,0.598529,0.0585877,0.541484,0.060628,0.740247,0.0657758,-2050.23,26.0858,1.36765,0.108344,1.12793,0.0998108,0.783809,0.0658226,0.907375,0.0363596,4.59599,0.178126,0.962375,0.019356,5.47646,0.21225,6.39585e-06,1.99462e-07,0.00932157,0.000234502,0.00932797,0.000234566
hmc_dn_gauss_k2,aligned,0.4,complete,20,complete-data,,800,1,0.129312,0.0214502,0.113833,0.0238084,0.120025,0.0176355,0.871748,0.0141347,0.183463,0.0290025,0.295488,0.0498534,-2297.1,36.6457,nan,nan,nan,nan,nan,nan,nan,nan,nan,nan,nan,nan,nan,nan,0,0,0.00968462,0.000371192,0.00968462,0.000371192
hmc_dn_gauss_k2,aligned,0.4,marginalise,20,observed-data,samples,800,1,0.5015,0.0385609,0.113917,0.023589,0.26895,0.0158495,0.503619,0.0010959,0.498088,0.00331285,0.69115,0.00365811,-1391.41,23.6105,1.36331,0.0614715,1.11536,0.0530957,0.776129,0.0348991,0.9095,0.0203724,4.56085,0.00606858,0.954875,0.0131845,5.28435,0.00634535,0.327941,0.00856115,0.0287738,0.000905868,0.356715,0.00876932
hmc_dn_gauss_k2,aligned,0.4,plugin,20,filled-series,gaussian,800,1,0.487813,0.0540998,0.113833,0.023501,0.263425,0.0210046,0.513345,0.00448821,0.499239,0.00886019,0.693553,0.0122925,-1794.72,23.6498,1.36331,0.0614715,1.11536,0.0530957,0.777421,0.0353046,0.916063,0.0204404,4.64291,0.00599114,0.965188,0.0122022,5.53236,0.00713889,0.0289104,0.000726559,0.0094891,0.000512221,0.0383995,0.00107889
hmc_dn_gauss_k2,aligned,0.4,linear,20,filled-series,gaussian-sd-obs,800,1,0.497438,0.048559,0.114083,0.0239134,0.267425,0.0211201,0.8715,0.113037,0.806954,0.159317,1.85775,0.950725,-1794.52,25.6997,1.68457,0.308379,1.38222,0.267001,0.980468,0.207155,0.8205,0.0982908,4.62379,0.22198,0.89225,0.0770323,5.50958,0.264505,1.73814e-05,1.13968e-06,0.00948359,0.000541434,0.00950097,0.000541841
hmc_dn_gauss_k2,aligned,0.4,locf,20,filled-series,gaussian-sd-obs,800,1,0.513312,0.0372652,0.114083,0.0239134,0.273775,0.0191115,0.867192,0.157826,0.832094,0.201847,2.31638,1.72445,-1807.84,44.756,1.82339,0.567628,1.53173,0.523681,1.10069,0.412027,0.775,0.172098,4.62379,0.22198,0.849312,0.14701,5.50958,0.264505,1.96936e-05,6.69783e-07,0.00933305,0.000225516,0.00935274,0.000225521
hmc_dn_gauss_k2,aligned,0.4,mean,20,filled-series,gaussian-sd-obs,800,1,0.517,0.0366558,0.113833,0.0233762,0.2751,0.0221446,0.606977,0.0832617,0.545381,0.0558373,0.743765,0.0641965,-1796.76,24.3233,1.374,0.0614145,1.12552,0.0536255,0.784529,0.0360875,0.910812,0.0269694,4.62379,0.22198,0.96175,0.0179473,5.50958,0.264505,6.41455e-06,3.20388e-07,0.00939565,0.000282032,0.00940206,0.000281987
hmc_dn_gauss_k2,aligned,0.6,complete,20,complete-data,,1200,1,0.126208,0.019591,0.11075,0.030743,0.120025,0.0176355,0.873699,0.0108852,0.179044,0.0247285,0.288346,0.0402423,-2297.1,36.6457,nan,nan,nan,nan,nan,nan,nan,nan,nan,nan,nan,nan,nan,nan,0,0,0.0098972,0.000640836,0.0098972,0.000640836
hmc_dn_gauss_k2,aligned,0.6,marginalise,20,observed-data,samples,1200,1,0.509917,0.0276133,0.110625,0.03077,0.3502,0.0227101,0.502335,0.000754643,0.498412,0.00142767,0.691456,0.00157233,-922.29,19.1633,1.38129,0.0481529,1.13373,0.0419166,0.791136,0.02734,0.904792,0.0169943,4.56388,0.00421193,0.953292,0.0108197,5.28738,0.0043665,0.825837,0.279369,0.0347645,0.00110147,0.860601,0.279536
hmc_dn_gauss_k2,aligned,0.6,plugin,20,filled-series,gaussian,1200,1,0.500958,0.0323464,0.110625,0.0304746,0.344825,0.0252301,0.508622,0.00316798,0.499216,0.00597512,0.693152,0.00808163,-1527.54,19.1983,1.38129,0.0481529,1.13373,0.0419166,0.788618,0.0281269,0.911208,0.0172305,4.64641,0.00414847,0.9645,0.00963288,5.53654,0.00494321,0.034579,0.00101331,0.00946463,0.000572109,0.0440436,0.00133526
hmc_dn_gauss_k2,aligned,0.6,linear,20,filled-series,gaussian-sd-obs,1200,1,0.509083,0.0284645,0.110937,0.0311376,0.349825,0.0233983,0.914542,0.0791744,0.884623,0.127526,2.30948,1.14404,-1535.07,37.1494,1.83446,0.358593,1.51368,0.322907,1.0836,0.249896,0.773583,0.105083,4.60094,0.23139,0.853708,0.085063,5.48236,0.275718,1.91417e-05,1.05042e-06,0.00951514,0.000429101,0.00953429,0.000429494
hmc_dn_gauss_k2,aligned,0.6,locf,20,filled-series,gaussian-sd-obs,1200,1,0.498417,0.0294118,0.111125,0.0311139,0.3435,0.0212875,0.867614,0.157317,0.814393,0.196591,2.25927,1.65595,-1545.8,52.3784,1.83019,0.542507,1.52942,0.498474,1.1013,0.392581,0.77,0.164511,4.60094,0.23139,0.845125,0.139839,5.48236,0.275718,2.06292e-05,3.48241e-06,0.00942876,0.000448353,0.00944939,0.000447907
hmc_dn_gauss_k2,aligned,0.6,mean,20,filled-series,gaussian-sd-obs,1200,1,0.513,0.0269684,0.110688,0.0304772,0.352075,0.0211095,0.655962,0.102221,0.57488,0.0709062,0.781436,0.0916883,-1528.21,20.5348,1.39587,0.0506378,1.1457,0.0425621,0.797425,0.0294567,0.903167,0.0234592,4.60094,0.23139,0.958875,0.0165661,5.48236,0.275718,6.41875e-06,3.53556e-07,0.00948023,0.000429467,0.00948665,0.000429385
pmc_gauss_k2,mcar_b1,0.05,complete,20,complete-data,,100,94.9,0.1105,0.0260516,0.115053,0.0189215,0.114825,0.0185956,0.885006,0.0173763,0.163517,0.0338959,0.263824,0.0498674,-2325.33,49.4477,nan,nan,nan,nan,nan,nan,nan,nan,nan,nan,nan,nan,nan,nan,0,0,0.00975465,0.000377215,0.00975465,0.000377215
pmc_gauss_k2,mcar_b1,0.05,marginalise,20,observed-data,samples,100,94.9,0.1845,0.0369174,0.117947,0.0200814,0.121275,0.020001,0.813612,0.0212547,0.247855,0.0430668,0.382416,0.0631118,-2237.13,48.942,0.780912,0.0826178,0.55141,0.0582435,0.383399,0.0339169,0.896,0.0306766,2.05755,0.103741,0.9445,0.0218789,2.46989,0.115051,0.173519,0.00629121,0.0251609,0.00159089,0.19868,0.00710256
pmc_gauss_k2,mcar_b1,0.05,plugin,20,filled-series,gaussian,100,94.9,0.191,0.0361139,0.121368,0.0179008,0.12485,0.017709,0.843647,0.0187999,0.260809,0.0498294,0.409912,0.0912851,-2289.81,51.7423,0.780912,0.0826178,0.55141,0.0582435,0.385649,0.0353269,0.918,0.0260768,2.23314,0.116788,0.9545,0.020641,2.66095,0.139162,0.0249683,0.00230153,0.00978303,0.000563538,0.0347513,0.00270332
pmc_gauss_k2,mcar_b1,0.05,linear,20,filled-series,gaussian-sd-obs,100,94.9,0.1955,0.042112,0.121184,0.0181262,0.1249,0.0180187,0.855642,0.0174965,0.271472,0.0558915,0.431462,0.103501,-2288.62,51.6103,0.790201,0.0845128,0.553625,0.0563449,0.486402,0.0298775,0.978,0.0123969,4.63492,0.157307,0.9895,0.00825578,5.52285,0.187443,2.38187e-05,9.81673e-07,0.00954007,0.000406092,0.00956389,0.000406322
pmc_gauss_k2,mcar_b1,0.05,locf,20,filled-series,gaussian-sd-obs,100,94.9,0.1875,0.0378188,0.118132,0.0208442,0.1216,0.0209251,0.887616,0.0147555,0.300625,0.0517433,0.699522,0.155902,-2300.41,50.0574,0.996396,0.133235,0.667945,0.0711995,0.554878,0.0462229,0.955,0.0153897,4.63492,0.157307,0.9675,0.0140955,5.52285,0.187443,2.01313e-05,8.56636e-07,0.0095952,0.000424976,0.00961533,0.00042529
pmc_gauss_k2,mcar_b1,0.05,mean,20,filled-series,gaussian-sd-obs,100,94.9,0.444,0.0428461,0.125474,0.0217545,0.1414,0.0217338,0.768242,0.019279,0.670115,0.0724569,1.38825,0.272736,-2498.06,55.1987,1.40174,0.105568,1.16328,0.0921507,0.803412,0.0619549,0.911,0.029718,4.63492,0.157307,0.962,0.0221478,5.52285,0.187443,1.0302e-05,5.54826e-07,0.0095384,0.000335277,0.0095487,0.000335469
pmc_gauss_k2,mcar_b1,0.1,complete,20,complete-data,,200,178,0.11525,0.0274569,0.114778,0.0186808,0.114825,0.0185956,0.886363,0.01791,0.165287,0.030323,0.268425,0.0425978,-2325.33,49.4477,nan,nan,nan,nan,nan,nan,nan,nan,nan,nan,nan,nan,nan,nan,0,0,0.0101923,0.000579195,0.0101923,0.000579195
pmc_gauss_k2,mcar_b1,0.1,marginalise,20,observed-data,samples,200,178,0.18525,0.0337356,0.118806,0.0175148,0.12545,0.0173318,0.812904,0.0171805,0.248649,0.0315025,0.385112,0.0423951,-2151.47,48.5937,0.784829,0.0718401,0.548392,0.0449031,0.379929,0.0288682,0.89925,0.0195526,2.09938,0.0869593,0.9465,0.0175544,2.52867,0.0939619,0.234034,0.018393,0.0317449,0.00174098,0.265779,0.0189988
pmc_gauss_k2,mcar_b1,0.1,plugin,20,filled-series,gaussian,200,178,0.1965,0.0351725,0.126167,0.015544,0.1332,0.0156939,0.843481,0.0189758,0.26439,0.0360704,0.411007,0.0498307,-2251.9,55.8814,0.784829,0.0718401,0.548392,0.0449031,0.383932,0.0287812,0.92275,0.0194311,2.2703,0.0961308,0.95925,0.0149803,2.70523,0.114547,0.0312291,0.00249718,0.00999278,0.000587426,0.0412219,0.00281464
pmc_gauss_k2,mcar_b1,0.1,linear,20,filled-series,gaussian-sd-obs,200,178,0.19775,0.0309701,0.125806,0.0156539,0.133,0.0157881,0.855063,0.0181223,0.273438,0.0349353,0.427692,0.049084,-2249.38,55.5583,0.789966,0.0672858,0.549685,0.0417042,0.483918,0.0244101,0.9795,0.0107483,4.63426,0.144943,0.98875,0.00646346,5.52206,0.17271,3.1779e-05,1.43157e-06,0.00985044,0.000564648,0.00988222,0.000565484
pmc_gauss_k2,mcar_b1,0.1,locf,20,filled-series,gaussian-sd-obs,200,178,0.20625,0.0332801,0.119444,0.0174373,0.128125,0.0173781,0.889694,0.0166392,0.328494,0.0433481,0.756395,0.112479,-2278.67,51.5527,1.06117,0.0733283,0.708096,0.04686,0.579572,0.0306581,0.94625,0.0150329,4.63426,0.144943,0.963,0.0121828,5.52206,0.17271,2.09206e-05,1.50138e-06,0.00997896,0.000530331,0.00999988,0.000530067
pmc_gauss_k2,mcar_b1,0.1,mean,20,filled-series,gaussian-sd-obs,200,178,0.4665,0.025345,0.133083,0.0145726,0.166425,0.0133961,0.762314,0.0192736,0.6944,0.0521714,1.40039,0.206483,-2645.14,66.2563,1.40784,0.0923505,1.16646,0.0833214,0.806097,0.0546467,0.91,0.0215822,4.63426,0.144943,0.96325,0.0136955,5.52206,0.17271,1.33624e-05,3.94695e-07,0.0101791,0.000886693,0.0101925,0.000886718
pmc_gauss_k2,mcar_b1,0.2,complete,20,complete-data,,400,312.65,0.12,0.0240477,0.113531,0.018434,0.114825,0.0185956,0.884629,0.0129735,0.1692,0.0270576,0.270785,0.0392285,-2325.33,49.4477,nan,nan,nan,nan,nan,nan,nan,nan,nan,nan,nan,nan,nan,nan,0,0,0.00991786,0.00048483,0.00991786,0.00048483
pmc_gauss_k2,mcar_b1,0.2,marginalise,20,observed-data,samples,400,312.65,0.19325,0.0251979,0.119875,0.0165342,0.13455,0.0162221,0.806079,0.0155047,0.258324,0.0255995,0.398266,0.0329108,-1968.21,43.4077,0.802466,0.0511561,0.566154,0.0347847,0.395608,0.0212709,0.9,0.0161,2.19733,0.0536679,0.9495,0.0138981,2.66643,0.0574391,0.321958,0.0255342,0.0405432,0.00180916,0.362501,0.0257042
pmc_gauss_k2,mcar_b1,0.2,plugin,20,filled-series,gaussian,400,312.65,0.20925,0.0244559,0.132375,0.0152023,0.14775,0.0153344,0.836217,0.01812,0.279731,0.0259525,0.434065,0.0361016,-2162.61,56.0822,0.802466,0.0511561,0.566154,0.0347847,0.399518,0.021362,0.922,0.0134654,2.36437,0.0580098,0.958,0.0116303,2.81732,0.069123,0.0405364,0.00172105,0.00967674,0.000529541,0.0502131,0.0018218
pmc_gauss_k2,mcar_b1,0.2,linear,20,filled-series,gaussian-sd-obs,400,312.65,0.209,0.0268818,0.131813,0.0153132,0.14725,0.0160546,0.847274,0.0179994,0.285424,0.0286032,0.446511,0.0401991,-2158.16,55.5476,0.809309,0.0534481,0.567146,0.034814,0.490501,0.021984,0.979375,0.00627626,4.63593,0.151664,0.9895,0.00463113,5.52405,0.180718,4.2802e-05,2.83079e-06,0.00983663,0.000625164,0.00987943,0.00062453
pmc_gauss_k2,mcar_b1,0.2,locf,20,filled-series,gaussian-sd-obs,400,312.65,0.21425,0.0267678,0.122969,0.0149765,0.141225,0.015791,0.890225,0.0114694,0.341944,0.0372282,0.789914,0.107125,-2220.01,47.3451,1.07684,0.0845447,0.726948,0.0476133,0.58729,0.0345362,0.9475,0.00956281,4.63593,0.151664,0.96375,0.00919453,5.52405,0.180718,2.12854e-05,4.29225e-06,0.00969865,0.000365988,0.00971993,0.000366982
pmc_gauss_k2,mcar_b1,0.2,mean,20,filled-series,gaussian-sd-obs,400,312.65,0.485375,0.0282991,0.142,0.0153664,0.210675,0.0144307,0.74807,0.0159273,0.712557,0.0432367,1.40476,0.140833,-2845.76,84.6685,1.40666,0.0606872,1.1576,0.0571011,0.804324,0.0365264,0.90475,0.0131514,4.63593,0.151664,0.961625,0.00957227,5.52405,0.180718,1.78146e-05,1.20806e-06,0.00969271,0.000465379,0.00971052,0.000465551
pmc_gauss_k2,mcar_b1,0.4,complete,20,complete-data,,800,441.5,0.121375,0.0256267,0.110458,0.0160966,0.114825,0.0185956,0.883284,0.0129082,0.172135,0.0285911,0.274185,0.039984,-2325.33,49.4477,nan,nan,nan,nan,nan,nan,nan,nan,nan,nan,nan,nan,nan,nan,0,0,0.0102466,0.00078272,0.0102466,0.00078272
pmc_gauss_k2,mcar_b1,0.4,marginalise,20,observed-data,samples,800,441.5,0.217438,0.0227561,0.125292,0.018006,0.16215,0.0182642,0.784869,0.0108479,0.293489,0.0242423,0.448471,0.0319899,-1570.75,39.7897,0.887845,0.0528,0.635272,0.031578,0.447531,0.0208961,0.896,0.00967906,2.52453,0.049297,0.946688,0.00877604,3.10166,0.0488604,0.470882,0.0127279,0.0533818,0.00289356,0.524264,0.0148157
pmc_gauss_k2,mcar_b1,0.4,plugin,20,filled-series,gaussian,800,441.5,0.23775,0.0241146,0.148708,0.0187872,0.184325,0.0185984,0.822532,0.0119773,0.329597,0.027224,0.51608,0.0460206,-1934.65,57.0412,0.887845,0.0528,0.635272,0.031578,0.452363,0.0210259,0.916187,0.0100203,2.66305,0.051996,0.951562,0.00838893,3.17322,0.0619571,0.0527641,0.0022436,0.00955028,0.000515139,0.0623144,0.00245362
pmc_gauss_k2,mcar_b1,0.4,linear,20,filled-series,gaussian-sd-obs,800,441.5,0.239375,0.0230364,0.148417,0.0181951,0.1848,0.0179615,0.835646,0.0115379,0.336572,0.0280265,0.540229,0.0503792,-1926.71,56.0123,0.9063,0.0604888,0.639391,0.034882,0.528561,0.022198,0.969813,0.0106087,4.64608,0.144632,0.982125,0.007199,5.53615,0.172339,5.47042e-05,4.04396e-06,0.00976879,0.000565499,0.00982349,0.000567963
pmc_gauss_k2,mcar_b1,0.4,locf,20,filled-series,gaussian-sd-obs,800,441.5,0.251375,0.0262262,0.130792,0.0170793,0.179025,0.0173565,0.892947,0.0103769,0.411723,0.0376403,0.9661,0.0987372,-2077.2,51.2817,1.21339,0.0945317,0.838042,0.0570383,0.655093,0.0403388,0.92825,0.0149032,4.64608,0.144632,0.949,0.0134971,5.53615,0.172339,1.99249e-05,6.45377e-07,0.00974327,0.000831667,0.0097632,0.000831885
pmc_gauss_k2,mcar_b1,0.4,mean,20,filled-series,gaussian-sd-obs,800,441.5,0.533875,0.0300353,0.17475,0.0199123,0.3184,0.0186967,0.717954,0.0157031,0.729536,0.0396957,1.31131,0.117834,-2887.83,96.1296,1.4037,0.0600514,1.15545,0.0542856,0.802155,0.0351379,0.909188,0.0130616,4.64608,0.144632,0.964,0.00935942,5.53615,0.172339,2.15832e-05,1.47939e-06,0.00973475,0.000672557,0.00975634,0.000673109
pmc_gauss_k2,mcar_b1,0.6,complete,20,complete-data,,1200,398.6,0.118417,0.0205496,0.109438,0.0238811,0.114825,0.0185956,0.884216,0.0125047,0.167969,0.0223342,0.268723,0.0319921,-2325.33,49.4477,nan,nan,nan,nan,nan,nan,nan,nan,nan,nan,nan,nan,nan,nan,0,0,0.0100616,0.000644602,0.0100616,0.000644602
pmc_gauss_k2,mcar_b1,0.6,marginalise,20,observed-data,samples,1200,398.6,0.251125,0.0202313,0.13075,0.0243379,0.202975,0.0194351,0.752892,0.00917496,0.334305,0.0221015,0.502385,0.027628,-1105.24,24.7928,1.01162,0.0503545,0.742036,0.0369798,0.52503,0.0246717,0.896417,0.0113429,3.04902,0.0540266,0.94875,0.00847468,3.72738,0.055106,0.80252,0.19443,0.0568606,0.00224957,0.85938,0.194259
pmc_gauss_k2,mcar_b1,0.6,plugin,20,filled-series,gaussian,1200,398.6,0.275125,0.0253287,0.162438,0.0245635,0.23005,0.0223871,0.808985,0.0119241,0.381027,0.029357,0.588595,0.0441701,-1642.61,42.6421,1.01162,0.0503545,0.742036,0.0369798,0.53089,0.0248552,0.91225,0.010203,3.13343,0.0580504,0.950708,0.00789772,3.73371,0.0691714,0.0568965,0.00221909,0.00970234,0.000605293,0.0665989,0.00225355
pmc_gauss_k2,mcar_b1,0.6,linear,20,filled-series,gaussian-sd-obs,1200,398.6,0.275042,0.0261147,0.162187,0.0237028,0.2299,0.0226062,0.835356,0.0117357,0.395198,0.0328416,0.649959,0.0550592,-1631.57,41.4411,1.05048,0.0532138,0.752759,0.0367955,0.59099,0.0235489,0.950875,0.00937551,4.64624,0.158583,0.973792,0.0062154,5.53634,0.188964,4.86396e-05,1.23485e-06,0.00949787,0.000372551,0.00954651,0.000372721
pmc_gauss_k2,mcar_b1,0.6,locf,20,filled-series,gaussian-sd-obs,1200,398.6,0.304292,0.017066,0.136625,0.0261829,0.237225,0.0183851,0.904679,0.0128944,0.503684,0.0248364,1.22574,0.0990462,-1848.76,36.7735,1.39227,0.0725663,0.995483,0.0492066,0.752772,0.0350673,0.895667,0.0135471,4.64624,0.158583,0.9315,0.00971675,5.53634,0.188964,2.01687e-05,1.06924e-06,0.00972991,0.000392756,0.00975008,0.000392473
pmc_gauss_k2,mcar_b1,0.6,mean,20,filled-series,gaussian-sd-obs,1200,398.6,0.560875,0.0382565,0.185,0.0266094,0.410525,0.0291319,0.696374,0.0183015,0.726308,0.0332407,1.17474,0.080326,-2527.26,79.1918,1.40781,0.0537906,1.15908,0.0488948,0.804409,0.0316913,0.908,0.0134816,4.64624,0.158583,0.961167,0.0100124,5.53634,0.188964,1.93417e-05,1.27828e-06,0.00967905,0.000600851,0.00969839,0.000600736
pmc_gauss_k2,mcar_b10,0.05,complete,20,complete-data,,100,9.65,0.1065,0.0679222,0.115263,0.0178621,0.114825,0.0185956,0.886939,0.0364476,0.158333,0.0736482,0.251229,0.102104,-2325.33,49.4477,nan,nan,nan,nan,nan,nan,nan,nan,nan,nan,nan,nan,nan,nan,0,0,0.00985925,0.000485639,0.00985925,0.000485639
pmc_gauss_k2,mcar_b10,0.05,marginalise,20,observed-data,samples,100,9.65,0.3125,0.122469,0.115237,0.0180888,0.1251,0.0198173,0.699911,0.0277135,0.396292,0.0959264,0.58093,0.107757,-2213.25,47.8262,1.24154,0.216919,0.967591,0.162524,0.689694,0.120435,0.8855,0.0652505,3.92054,0.140616,0.944,0.035452,4.66607,0.144493,0.147136,0.00469809,0.0199565,0.000791546,0.167093,0.00507534
pmc_gauss_k2,mcar_b10,0.05,plugin,20,filled-series,gaussian,100,9.65,0.3395,0.138392,0.116579,0.0182661,0.127725,0.0207735,0.82829,0.0477923,0.474383,0.170453,0.747564,0.242881,-2259.12,47.4622,1.24154,0.216919,0.967591,0.162524,0.69034,0.120023,0.885,0.0664514,3.90961,0.142116,0.942,0.0398154,4.65858,0.169342,0.0199494,0.000831492,0.00973431,0.000524226,0.0296837,0.00111155
pmc_gauss_k2,mcar_b10,0.05,linear,20,filled-series,gaussian-sd-obs,100,9.65,0.348,0.132966,0.117053,0.0182708,0.1286,0.0202586,0.864726,0.0496078,0.514402,0.18703,0.953087,0.385247,-2258,47.5443,1.37242,0.249732,1.05029,0.196935,0.768308,0.135744,0.8975,0.0501445,4.63285,0.156245,0.9365,0.0381514,5.52038,0.186177,1.57604e-05,1.4178e-06,0.00950531,0.000352206,0.00952107,0.000352508
pmc_gauss_k2,mcar_b10,0.05,locf,20,filled-series,gaussian-sd-obs,100,9.65,0.3395,0.116324,0.116684,0.0189004,0.127825,0.0194085,0.909796,0.040014,0.582738,0.19814,1.60402,0.745912,-2271.13,47.5692,1.71905,0.313292,1.31609,0.236963,0.967263,0.184643,0.827,0.0788803,4.63285,0.156245,0.879,0.0768389,5.52038,0.186177,1.94418e-05,6.16031e-07,0.00964695,0.000438681,0.00966639,0.000438978
pmc_gauss_k2,mcar_b10,0.05,mean,20,filled-series,gaussian-sd-obs,100,9.65,0.4595,0.12318,0.116211,0.0185968,0.133375,0.0188978,0.712008,0.0256672,0.598266,0.13367,0.886427,0.185892,-2282.73,48.4345,1.41053,0.1607,1.16849,0.148596,0.809781,0.0977271,0.905,0.0466228,4.63285,0.156245,0.9605,0.0268475,5.52038,0.186177,6.92495e-06,2.86623e-07,0.00960671,0.0005852,0.00961364,0.000585289
pmc_gauss_k2,mcar_b10,0.1,complete,20,complete-data,,200,17.85,0.10325,0.0440178,0.116111,0.0211695,0.114825,0.0185956,0.89088,0.0251127,0.154315,0.056479,0.256556,0.10172,-2325.33,49.4477,nan,nan,nan,nan,nan,nan,nan,nan,nan,nan,nan,nan,nan,nan,0,0,0.00987018,0.000844914,0.00987018,0.000844914
pmc_gauss_k2,mcar_b10,0.1,marginalise,20,observed-data,samples,200,17.85,0.31375,0.06525,0.116917,0.0208763,0.1366,0.0189046,0.690218,0.0219828,0.407964,0.0493527,0.594278,0.0563868,-2103.27,47.4989,1.2537,0.151536,0.978771,0.129905,0.692243,0.0855222,0.8905,0.0408431,3.99009,0.11222,0.9455,0.0347888,4.73709,0.115898,0.1762,0.00543899,0.0220018,0.00078148,0.198202,0.00562543
pmc_gauss_k2,mcar_b10,0.1,plugin,20,filled-series,gaussian,200,17.85,0.326,0.0666412,0.118556,0.0205096,0.1393,0.0187388,0.822245,0.0306116,0.477035,0.0824731,0.767516,0.133327,-2195.78,47.7344,1.2537,0.151536,0.978771,0.129905,0.696758,0.0872611,0.894,0.0403472,3.98235,0.113803,0.94425,0.0258169,4.74527,0.135605,0.0221874,0.000864535,0.00982275,0.000743028,0.0320102,0.00102804
pmc_gauss_k2,mcar_b10,0.1,linear,20,filled-series,gaussian-sd-obs,200,17.85,0.32775,0.0687573,0.118667,0.0201194,0.139575,0.0188353,0.872233,0.0265753,0.522721,0.114048,1.05479,0.335412,-2193.53,47.7825,1.37886,0.188124,1.04794,0.156103,0.767104,0.109427,0.902,0.0470554,4.624,0.15689,0.9365,0.0324483,5.50984,0.186946,1.8298e-05,4.82844e-06,0.00956756,0.00055728,0.00958585,0.000558511
pmc_gauss_k2,mcar_b10,0.1,locf,20,filled-series,gaussian-sd-obs,200,17.85,0.37325,0.0727518,0.11825,0.0203129,0.14375,0.0194851,0.913724,0.0337471,0.647917,0.128978,1.68154,0.488936,-2218.32,49.4096,1.71397,0.216995,1.32882,0.17818,0.967151,0.133782,0.8245,0.0570295,4.624,0.15689,0.8845,0.0474868,5.50984,0.186946,1.99812e-05,7.53536e-07,0.00990267,0.000505902,0.00992265,0.000506122
pmc_gauss_k2,mcar_b10,0.1,mean,20,filled-series,gaussian-sd-obs,200,17.85,0.50425,0.0860733,0.118056,0.0219808,0.156675,0.0178136,0.692829,0.0294522,0.638653,0.0895576,0.929288,0.136361,-2242.25,50.2348,1.43176,0.149531,1.1932,0.133678,0.825004,0.0894695,0.897,0.0458659,4.624,0.15689,0.959,0.0279379,5.50984,0.186946,7.525e-06,3.79606e-07,0.00976189,0.000702529,0.00976941,0.000702394
pmc_gauss_k2,mcar_b10,0.2,complete,20,complete-data,,400,30.8,0.11325,0.0394126,0.115219,0.0181111,0.114825,0.0185956,0.890042,0.0192756,0.162459,0.048072,0.265269,0.0712408,-2325.33,49.4477,nan,nan,nan,nan,nan,nan,nan,nan,nan,nan,nan,nan,nan,nan,0,0,0.00988705,0.000505705,0.00988705,0.000505705
pmc_gauss_k2,mcar_b10,0.2,marginalise,20,observed-data,samples,400,30.8,0.34575,0.0596817,0.118281,0.0177738,0.163775,0.0201974,0.665784,0.0187683,0.422379,0.0355451,0.608893,0.0393535,-1876.92,46.4878,1.27634,0.0931851,1.004,0.0724622,0.706509,0.0506047,0.890625,0.0297564,4.05088,0.0663585,0.9465,0.0192183,4.79128,0.0651177,0.22955,0.00536161,0.0261894,0.000983712,0.25574,0.00571246
pmc_gauss_k2,mcar_b10,0.2,plugin,20,filled-series,gaussian,400,30.8,0.3525,0.0614785,0.120063,0.0165221,0.16655,0.0186772,0.800128,0.0320522,0.488278,0.0584754,0.747782,0.0943119,-2064.07,47.4909,1.27634,0.0931851,1.004,0.0724622,0.711083,0.0506374,0.8975,0.0298791,4.05788,0.0715,0.947125,0.0214334,4.83526,0.0851975,0.0256796,0.00111862,0.00971342,0.000675227,0.035393,0.00122854
pmc_gauss_k2,mcar_b10,0.2,linear,20,filled-series,gaussian-sd-obs,400,30.8,0.36325,0.0647114,0.121219,0.0161974,0.169625,0.0186377,0.866883,0.0242264,0.56374,0.0985009,1.09731,0.272659,-2059.65,47.3058,1.4404,0.137879,1.10216,0.10574,0.80384,0.0764816,0.877625,0.0332996,4.62137,0.159987,0.926875,0.0264435,5.5067,0.190637,1.99418e-05,3.19357e-06,0.00973193,0.000628071,0.00975187,0.000628442
pmc_gauss_k2,mcar_b10,0.2,locf,20,filled-series,gaussian-sd-obs,400,30.8,0.403875,0.0649771,0.119844,0.0180891,0.17665,0.021087,0.902452,0.0309434,0.697928,0.115079,1.90411,0.470176,-2105.2,48.7486,1.82388,0.196559,1.41442,0.152331,1.03542,0.121483,0.791125,0.0481601,4.62137,0.159987,0.860875,0.0449362,5.5067,0.190637,1.97731e-05,1.23443e-06,0.00965091,0.000440938,0.00967069,0.000441077
pmc_gauss_k2,mcar_b10,0.2,mean,20,filled-series,gaussian-sd-obs,400,30.8,0.467,0.0522368,0.119094,0.0171241,0.188675,0.0196035,0.683766,0.0227976,0.58679,0.0565725,0.855179,0.0951636,-2140.44,46.0436,1.42418,0.0880418,1.18076,0.0754916,0.817072,0.0518648,0.899875,0.0267478,4.62137,0.159987,0.95875,0.0166129,5.5067,0.190637,7.7957e-06,2.8457e-07,0.00970698,0.000967099,0.00971477,0.000967113
pmc_gauss_k2,mcar_b10,0.4,complete,20,complete-data,,800,45.6,0.119625,0.0308943,0.111625,0.0205684,0.114825,0.0185956,0.881168,0.0154075,0.171402,0.034077,0.273388,0.0477397,-2325.33,49.4477,nan,nan,nan,nan,nan,nan,nan,nan,nan,nan,nan,nan,nan,nan,0,0,0.00986677,0.000399462,0.00986677,0.000399462
pmc_gauss_k2,mcar_b10,0.4,marginalise,20,observed-data,samples,800,45.6,0.374812,0.0398605,0.117333,0.0187738,0.220325,0.0210946,0.626004,0.0174004,0.446367,0.0178022,0.635749,0.0198924,-1424.12,42.7595,1.29074,0.0540707,1.02402,0.0494988,0.718594,0.0292877,0.898375,0.0153098,4.17816,0.0511351,0.948,0.00981238,4.91412,0.0502702,0.353876,0.00887781,0.0322614,0.00172327,0.386138,0.0097221
pmc_gauss_k2,mcar_b10,0.4,plugin,20,filled-series,gaussian,800,45.6,0.38125,0.0452515,0.121333,0.0194917,0.2253,0.0256502,0.747177,0.0323275,0.498225,0.0391279,0.746034,0.0592567,-1806.01,42.3321,1.29074,0.0540707,1.02402,0.0494988,0.721571,0.0311623,0.903937,0.0143114,4.20537,0.0562275,0.951813,0.00954107,5.01101,0.0669992,0.0324763,0.00159029,0.0095046,0.000400586,0.0419809,0.00175532
pmc_gauss_k2,mcar_b10,0.4,linear,20,filled-series,gaussian-sd-obs,800,45.6,0.377625,0.0437601,0.123542,0.0196104,0.225175,0.0248867,0.868063,0.0236429,0.604217,0.0756014,1.25711,0.309707,-1799.22,42.1936,1.47422,0.128428,1.13434,0.0960362,0.821741,0.0700491,0.878937,0.0259278,4.65811,0.19361,0.928688,0.0226075,5.55048,0.2307,2.24644e-05,1.26202e-06,0.00968423,0.000602069,0.00970669,0.00060224
pmc_gauss_k2,mcar_b10,0.4,locf,20,filled-series,gaussian-sd-obs,800,45.6,0.418562,0.0486415,0.119,0.0202788,0.238825,0.0270561,0.917283,0.0238305,0.733359,0.085231,1.98763,0.449882,-1865.81,43.7191,1.76595,0.145537,1.37592,0.120889,0.999152,0.0913253,0.810688,0.0436031,4.65811,0.19361,0.873062,0.0380129,5.55048,0.2307,2.05313e-05,1.57148e-06,0.00988931,0.000583525,0.00990984,0.000584344
pmc_gauss_k2,mcar_b10,0.4,mean,20,filled-series,gaussian-sd-obs,800,45.6,0.474812,0.0494531,0.120583,0.0211184,0.262275,0.0260937,0.655554,0.0333385,0.567816,0.0376832,0.81178,0.0513502,-1915.28,48.9004,1.39871,0.0595913,1.14962,0.0574245,0.799115,0.0357009,0.908375,0.0206956,4.65811,0.19361,0.961688,0.0134156,5.55048,0.2307,9.35625e-06,2.26779e-06,0.00979243,0.000587453,0.00980179,0.000587128
pmc_gauss_k2,mcar_b10,0.6,complete,20,complete-data,,1200,40.05,0.111083,0.0171596,0.120438,0.0330328,0.114825,0.0185956,0.884057,0.0141547,0.163975,0.0221991,0.266308,0.0349666,-2325.33,49.4477,nan,nan,nan,nan,nan,nan,nan,nan,nan,nan,nan,nan,nan,nan,0,0,0.00989612,0.000392474,0.00989612,0.000392474
pmc_gauss_k2,mcar_b10,0.6,marginalise,20,observed-data,samples,1200,40.05,0.424917,0.0336584,0.123687,0.0307138,0.304425,0.0209424,0.579364,0.0107209,0.468322,0.0117978,0.659133,0.0132169,-945.476,33.7782,1.35055,0.0659279,1.08881,0.0613635,0.761381,0.0386806,0.900708,0.0167242,4.34562,0.0329691,0.949083,0.0115086,5.0762,0.0324736,0.850959,0.278805,0.0369356,0.00138384,0.887894,0.278845
pmc_gauss_k2,mcar_b10,0.6,plugin,20,filled-series,gaussian,1200,40.05,0.422958,0.029865,0.1255,0.0322444,0.303975,0.0210278,0.679251,0.0225313,0.510046,0.0272193,0.735659,0.037465,-1531.32,33.25,1.35055,0.0659279,1.08881,0.0613635,0.76138,0.0398534,0.903917,0.0163682,4.39534,0.0363616,0.956792,0.00982402,5.23737,0.0433276,0.0363498,0.000896847,0.00927041,0.000228865,0.0456202,0.000968363
pmc_gauss_k2,mcar_b10,0.6,linear,20,filled-series,gaussian-sd-obs,1200,40.05,0.428,0.0314285,0.125875,0.0330995,0.30715,0.0228716,0.882936,0.0191488,0.704494,0.0592437,1.55152,0.206559,-1524.18,34.1773,1.63481,0.0963846,1.27477,0.0792019,0.920034,0.0581321,0.840208,0.0327982,4.66807,0.190173,0.902125,0.0242768,5.56235,0.226605,2.28395e-05,8.49742e-07,0.00928763,0.000336074,0.00931047,0.000336633
pmc_gauss_k2,mcar_b10,0.6,locf,20,filled-series,gaussian-sd-obs,1200,40.05,0.453792,0.0409084,0.126438,0.0286806,0.32285,0.0265405,0.92418,0.0278053,0.801134,0.0780538,2.18668,0.441776,-1597.04,41.4581,1.87083,0.138065,1.48476,0.121445,1.07512,0.0943941,0.778167,0.0494373,4.66807,0.190173,0.855417,0.0391928,5.56235,0.226605,1.93209e-05,5.85733e-07,0.00927751,0.000319468,0.00929683,0.000319682
pmc_gauss_k2,mcar_b10,0.6,mean,20,filled-series,gaussian-sd-obs,1200,40.05,0.501625,0.042338,0.12775,0.033699,0.352075,0.0300925,0.650647,0.0532975,0.572692,0.0486009,0.799855,0.0648458,-1628.02,40.9762,1.40862,0.064856,1.16144,0.0602906,0.805837,0.0387677,0.909125,0.0211052,4.66807,0.190173,0.962208,0.0122989,5.56235,0.226605,8.3854e-06,5.2895e-07,0.0093538,0.000548409,0.00936219,0.000548695
pmc_gauss_k2,mcar_b50,0.05,complete,20,complete-data,,100,1.9,0.1135,0.0593185,0.114895,0.0195242,0.114825,0.0185956,0.876679,0.0433664,0.171067,0.06982,0.270931,0.0899763,-2325.33,49.4477,nan,nan,nan,nan,nan,nan,nan,nan,nan,nan,nan,nan,nan,nan,0,0,0.00962256,0.00037361,0.00962256,0.00037361
pmc_gauss_k2,mcar_b50,0.05,marginalise,20,observed-data,samples,100,1.9,0.4355,0.125173,0.114658,0.0195393,0.1307,0.0208076,0.557529,0.0125766,0.480489,0.0299474,0.672811,0.0332648,-2211.22,47.2184,1.31392,0.194527,1.08424,0.183675,0.750618,0.104844,0.921,0.0415363,4.46832,0.0677124,0.9585,0.0326505,5.19627,0.069033,0.138872,0.00252297,0.0188858,0.000492285,0.157758,0.00276509
pmc_gauss_k2,mcar_b50,0.05,plugin,20,filled-series,gaussian,100,1.9,0.4465,0.135774,0.114711,0.0194257,0.1313,0.0209136,0.682284,0.0392406,0.523215,0.101346,0.742202,0.1259,-2260.88,47.3513,1.31392,0.194527,1.08424,0.183675,0.75289,0.114336,0.928,0.0350338,4.53124,0.0693967,0.9685,0.0318343,5.39931,0.0826913,0.0188608,0.000665726,0.00936946,0.000456004,0.0282302,0.000901679
pmc_gauss_k2,mcar_b50,0.05,linear,20,filled-series,gaussian-sd-obs,100,1.9,0.4595,0.131488,0.114816,0.0195527,0.13205,0.0208616,0.901617,0.0706168,0.781767,0.262844,1.83379,0.982699,-2260.25,47.7269,1.68715,0.305311,1.35016,0.274848,0.971352,0.203207,0.8255,0.0970336,4.64243,0.152279,0.8835,0.0763837,5.5318,0.181452,1.41896e-05,1.12936e-06,0.00930415,0.0003721,0.00931834,0.000372049
pmc_gauss_k2,mcar_b50,0.05,locf,20,filled-series,gaussian-sd-obs,100,1.9,0.482,0.137443,0.114842,0.0194745,0.1332,0.0205775,0.928811,0.0998738,0.8762,0.286922,2.77862,1.61546,-2266.1,48.1944,1.95823,0.522159,1.59854,0.442724,1.16832,0.362333,0.754,0.152502,4.64243,0.152279,0.8225,0.135874,5.5318,0.181452,1.92166e-05,1.58788e-06,0.00935885,0.00026519,0.00937806,0.00026488
pmc_gauss_k2,mcar_b50,0.05,mean,20,filled-series,gaussian-sd-obs,100,1.9,0.494,0.136088,0.114684,0.0193395,0.13365,0.0195866,0.6338,0.0443429,0.556187,0.0614908,0.779507,0.079741,-2266.31,47.5173,1.34939,0.20499,1.1332,0.196194,0.780901,0.126238,0.926,0.0451197,4.64243,0.152279,0.969,0.0312713,5.5318,0.181452,6.45405e-06,2.53585e-07,0.00924737,0.000232301,0.00925382,0.000232276
pmc_gauss_k2,mcar_b50,0.1,complete,20,complete-data,,200,3.95,0.1195,0.0695455,0.114306,0.0190966,0.114825,0.0185956,0.883434,0.0267076,0.170557,0.0749762,0.267569,0.0960538,-2325.33,49.4477,nan,nan,nan,nan,nan,nan,nan,nan,nan,nan,nan,nan,nan,nan,0,0,0.00949889,0.000357687,0.00949889,0.000357687
pmc_gauss_k2,mcar_b50,0.1,marginalise,20,observed-data,samples,200,3.95,0.4485,0.105083,0.114417,0.0186991,0.147825,0.0204214,0.558713,0.0117882,0.480531,0.0257407,0.672508,0.0283289,-2097.85,44.573,1.35227,0.10761,1.09327,0.0932057,0.762961,0.0603876,0.90725,0.0303694,4.44803,0.0534553,0.95325,0.0232421,5.17544,0.0541988,0.162865,0.00328607,0.0201629,0.000441782,0.183028,0.00358082
pmc_gauss_k2,mcar_b50,0.1,plugin,20,filled-series,gaussian,200,3.95,0.44425,0.105796,0.1145,0.0186377,0.147475,0.020482,0.683689,0.0374954,0.529861,0.0846095,0.751658,0.111101,-2196.87,44.6051,1.35227,0.10761,1.09327,0.0932057,0.765403,0.0623039,0.915,0.0309499,4.51029,0.0545404,0.959,0.0235975,5.37434,0.0649889,0.0199769,0.000583341,0.00934804,0.000397431,0.0293249,0.000897507
pmc_gauss_k2,mcar_b50,0.1,linear,20,filled-series,gaussian-sd-obs,200,3.95,0.4505,0.0797348,0.114889,0.0189589,0.14845,0.0192627,0.886662,0.0513036,0.743422,0.156907,1.82456,0.806468,-2196.54,44.8476,1.67995,0.263762,1.33038,0.20551,0.957907,0.162348,0.8335,0.0635382,4.64455,0.173949,0.88725,0.0562063,5.53433,0.207273,1.48021e-05,1.11496e-06,0.00922862,0.000316101,0.00924342,0.00031614
pmc_gauss_k2,mcar_b50,0.1,locf,20,filled-series,gaussian-sd-obs,200,3.95,0.49,0.0673756,0.114528,0.0184541,0.152075,0.0209487,0.925622,0.0529409,0.87201,0.115008,2.68789,1.08358,-2207.47,46.1721,1.95292,0.392415,1.58199,0.310338,1.15489,0.262654,0.74625,0.103146,4.64455,0.173949,0.82575,0.0983184,5.53433,0.207273,1.84375e-05,8.59507e-07,0.00920854,0.000223049,0.00922698,0.000223492
pmc_gauss_k2,mcar_b50,0.1,mean,20,filled-series,gaussian-sd-obs,200,3.95,0.45175,0.0926833,0.114306,0.0183682,0.14805,0.0183539,0.62407,0.0320844,0.527244,0.0597457,0.740208,0.0743994,-2207.19,44.467,1.37727,0.107436,1.13553,0.097079,0.789085,0.0640381,0.91525,0.032746,4.64455,0.173949,0.96475,0.0219734,5.53433,0.207273,6.73965e-06,9.42359e-07,0.00919197,0.000278331,0.00919871,0.000278264
pmc_gauss_k2,mcar_b50,0.2,complete,20,complete-data,,400,6.75,0.1145,0.0408994,0.114906,0.0198734,0.114825,0.0185956,0.886667,0.0300182,0.160032,0.0450831,0.255741,0.0618606,-2325.33,49.4477,nan,nan,nan,nan,nan,nan,nan,nan,nan,nan,nan,nan,nan,nan,0,0,0.00975418,0.000477312,0.00975418,0.000477312
pmc_gauss_k2,mcar_b50,0.2,marginalise,20,observed-data,samples,400,6.75,0.443375,0.0808803,0.114375,0.0193904,0.180175,0.0225991,0.548077,0.00725826,0.482383,0.0216006,0.674254,0.0238172,-1857.39,44.2512,1.39365,0.0823867,1.13253,0.0886355,0.788042,0.0516082,0.89425,0.0202631,4.46366,0.0295857,0.945,0.0164036,5.19051,0.0300849,0.210391,0.00277704,0.0233735,0.000682017,0.233764,0.00299811
pmc_gauss_k2,mcar_b50,0.2,plugin,20,filled-series,gaussian,400,6.75,0.449625,0.0744907,0.114594,0.0197666,0.1816,0.0227455,0.656922,0.024984,0.518297,0.0602483,0.729841,0.0848304,-2055.99,44.0895,1.39365,0.0823867,1.13253,0.0886355,0.790058,0.0525947,0.902375,0.0186638,4.52924,0.031171,0.954625,0.0153098,5.39692,0.0371426,0.0230663,0.000523628,0.00920704,0.000248019,0.0322734,0.000653335
pmc_gauss_k2,mcar_b50,0.2,linear,20,filled-series,gaussian-sd-obs,400,6.75,0.4445,0.0715965,0.115156,0.0188002,0.181025,0.0195747,0.892901,0.0376601,0.744393,0.134546,1.8139,0.543768,-2054.9,44.406,1.72139,0.225579,1.36989,0.18332,0.982746,0.141176,0.818875,0.052091,4.61608,0.174972,0.887375,0.0498186,5.5004,0.208491,1.54728e-05,4.77686e-07,0.00929921,0.000432601,0.00931468,0.000432731
pmc_gauss_k2,mcar_b50,0.2,locf,20,filled-series,gaussian-sd-obs,400,6.75,0.470875,0.0711109,0.11475,0.0190355,0.185975,0.0189733,0.912914,0.0474585,0.833079,0.143417,2.25348,0.859376,-2068.57,42.8852,1.88904,0.297386,1.5253,0.251048,1.10134,0.20608,0.7705,0.0810726,4.61608,0.174972,0.847375,0.0776017,5.5004,0.208491,1.89207e-05,1.19471e-06,0.00933415,0.000284943,0.00935307,0.000285498
pmc_gauss_k2,mcar_b50,0.2,mean,20,filled-series,gaussian-sd-obs,400,6.75,0.48575,0.0514852,0.115344,0.0194417,0.189425,0.0182391,0.620066,0.0592229,0.542231,0.0421995,0.753085,0.0551474,-2072.85,45.5061,1.43046,0.082928,1.17713,0.0905036,0.817622,0.0542227,0.90025,0.0301084,4.61608,0.174972,0.953,0.0195273,5.5004,0.208491,6.5979e-06,3.30499e-07,0.00931481,0.000407044,0.00932141,0.00040722
pmc_gauss_k2,mcar_b50,0.4,complete,20,complete-data,,800,9.75,0.109875,0.0285128,0.118125,0.0230145,0.114825,0.0185956,0.888037,0.0151529,0.157579,0.0346147,0.253323,0.0484177,-2325.33,49.4477,nan,nan,nan,nan,nan,nan,nan,nan,nan,nan,nan,nan,nan,nan,0,0,0.00989588,0.000492652,0.00989588,0.000492652
pmc_gauss_k2,mcar_b50,0.4,marginalise,20,observed-data,samples,800,9.75,0.473563,0.0483499,0.119583,0.0236469,0.261175,0.0251335,0.534194,0.00737492,0.487805,0.0106428,0.680401,0.0118141,-1390.58,35.4721,1.39104,0.100141,1.14013,0.0854018,0.791206,0.0563735,0.897688,0.0248888,4.48592,0.0290074,0.947938,0.016259,5.21177,0.0293827,0.325844,0.00804363,0.0291773,0.000649864,0.355021,0.00811401
pmc_gauss_k2,mcar_b50,0.4,plugin,20,filled-series,gaussian,800,9.75,0.473813,0.0479025,0.12,0.0242233,0.261525,0.0261622,0.611268,0.0231496,0.510919,0.0355105,0.716621,0.0481386,-1789.27,36.0447,1.39104,0.100141,1.14013,0.0854018,0.792293,0.0574718,0.904937,0.0235482,4.5565,0.0312252,0.95825,0.0135627,5.4294,0.0372071,0.0292164,0.000992319,0.00931482,0.000344431,0.0385312,0.00119442
pmc_gauss_k2,mcar_b50,0.4,linear,20,filled-series,gaussian-sd-obs,800,9.75,0.47825,0.0497418,0.118792,0.0235539,0.262575,0.0275635,0.889994,0.0491687,0.797355,0.0961953,1.81192,0.510009,-1785.08,37.2717,1.71129,0.220058,1.37069,0.18718,0.983575,0.14369,0.811,0.0705216,4.61338,0.190856,0.8835,0.0563349,5.49718,0.227419,1.80479e-05,1.16926e-06,0.00943315,0.000543791,0.0094512,0.0005443
pmc_gauss_k2,mcar_b50,0.4,locf,20,filled-series,gaussian-sd-obs,800,9.75,0.493625,0.0448442,0.119375,0.0241067,0.269075,0.0224425,0.915433,0.0566206,0.869118,0.0964127,2.36199,0.543612,-1809.79,38.8785,1.9241,0.22497,1.54818,0.187836,1.12144,0.147908,0.755375,0.0698201,4.61338,0.190856,0.8365,0.0583019,5.49718,0.227419,1.90979e-05,6.91269e-07,0.00939083,0.000439557,0.00940993,0.000439876
pmc_gauss_k2,mcar_b50,0.4,mean,20,filled-series,gaussian-sd-obs,800,9.75,0.48025,0.0465762,0.120875,0.0242346,0.264625,0.0235355,0.631273,0.0791101,0.548746,0.0583136,0.758204,0.0735877,-1812.54,37.453,1.42012,0.0989659,1.17462,0.0894695,0.814223,0.059654,0.903,0.0318983,4.61338,0.190856,0.955875,0.0231809,5.49718,0.227419,8.78525e-06,8.81821e-06,0.00932965,0.00045004,0.00933843,0.000450213
pmc_gauss_k2,mcar_b50,0.6,complete,20,complete-data,,1200,8.95,0.116708,0.0284318,0.112,0.0326021,0.114825,0.0185956,0.886092,0.0150859,0.168218,0.0336237,0.270465,0.0476914,-2325.33,49.4477,nan,nan,nan,nan,nan,nan,nan,nan,nan,nan,nan,nan,nan,nan,0,0,0.00977773,0.000540485,0.00977773,0.000540485
pmc_gauss_k2,mcar_b50,0.6,marginalise,20,observed-data,samples,1200,8.95,0.484625,0.0441045,0.114,0.0336746,0.336375,0.0327992,0.520638,0.00454723,0.490621,0.00549555,0.68316,0.00589372,-944.23,30.1563,1.39718,0.0701392,1.15161,0.0639719,0.796795,0.040041,0.899208,0.0202117,4.51627,0.0179361,0.950292,0.012734,5.2409,0.0180754,0.783636,0.261204,0.0346352,0.0011632,0.818272,0.260781
pmc_gauss_k2,mcar_b50,0.6,plugin,20,filled-series,gaussian,1200,8.95,0.483375,0.0447095,0.11425,0.0327957,0.335725,0.0318865,0.569248,0.016117,0.503986,0.0165945,0.701127,0.018509,-1545.26,30.2549,1.39718,0.0701392,1.15161,0.0639719,0.797938,0.0420349,0.906542,0.0195757,4.59195,0.0188945,0.961208,0.0100564,5.47165,0.0225142,0.034876,0.00117738,0.00922016,0.000409318,0.0440961,0.00128764
pmc_gauss_k2,mcar_b50,0.6,linear,20,filled-series,gaussian-sd-obs,1200,8.95,0.483958,0.0483045,0.114312,0.0346611,0.3361,0.0322644,0.87899,0.055105,0.796158,0.0866419,1.7485,0.436149,-1541.42,31.1958,1.695,0.17308,1.3601,0.133223,0.972383,0.105677,0.817042,0.055393,4.61307,0.276061,0.888,0.0486156,5.49682,0.328947,2.01668e-05,1.71669e-06,0.00938089,0.000476951,0.00940105,0.000476806
pmc_gauss_k2,mcar_b50,0.6,locf,20,filled-series,gaussian-sd-obs,1200,8.95,0.507583,0.0441306,0.116188,0.0351979,0.351025,0.0324124,0.905106,0.0832929,0.875522,0.139701,2.42911,0.848894,-1574.38,49.435,1.92331,0.316909,1.55747,0.264184,1.12975,0.215818,0.756,0.0930386,4.61307,0.276061,0.83275,0.0865718,5.49682,0.328947,1.96396e-05,9.19025e-07,0.00949098,0.000437194,0.00951062,0.000437557
pmc_gauss_k2,mcar_b50,0.6,mean,20,filled-series,gaussian-sd-obs,1200,8.95,0.485167,0.0423243,0.116125,0.0328396,0.33755,0.0258691,0.603974,0.0746906,0.531817,0.0494006,0.735614,0.0623059,-1564.24,31.3195,1.41567,0.0702538,1.17235,0.0642816,0.812319,0.0435347,0.899542,0.0377835,4.61307,0.276061,0.956583,0.0219364,5.49682,0.328947,8.0271e-06,4.08439e-06,0.00938113,0.000405981,0.00938915,0.000405696
pmc_gauss_k2,scattered,0.05,complete,20,complete-data,,100,1,0.116,0.0890535,0.114763,0.0168823,0.114825,0.0185956,0.886744,0.055741,0.1539,0.0985963,0.248401,0.143347,-2325.33,49.4477,nan,nan,nan,nan,nan,nan,nan,nan,nan,nan,nan,nan,nan,nan,0,0,0.00969306,0.000723437,0.00969306,0.000723437
pmc_gauss_k2,scattered,0.05,marginalise,20,observed-data,samples,100,1,0.524,0.140727,0.115026,0.0167148,0.135475,0.0168956,0.526102,0.00990272,0.49906,0.0251619,0.692125,0.0278597,-2212.64,51.7983,1.4775,0.226256,1.228,0.233262,0.85349,0.148916,0.8625,0.0744718,4.48895,0.042673,0.9305,0.0490408,5.2136,0.0442618,0.138415,0.00335379,0.0187565,0.000319192,0.157172,0.00347637
pmc_gauss_k2,scattered,0.05,plugin,20,filled-series,gaussian,100,1,0.5045,0.129796,0.114947,0.0166772,0.134425,0.0174773,0.592907,0.0379024,0.525486,0.0539376,0.728623,0.0699758,-2262.5,51.7566,1.4775,0.226256,1.228,0.233262,0.856452,0.152475,0.8705,0.0717066,4.56183,0.0423699,0.9385,0.0402982,5.43576,0.0504868,0.0189409,0.000877332,0.00936947,0.000297093,0.0283104,0.000970903
pmc_gauss_k2,scattered,0.05,linear,20,filled-series,gaussian-sd-obs,100,1,0.4925,0.136993,0.114921,0.0170369,0.1338,0.0179922,0.890967,0.080175,0.842291,0.261263,1.80322,0.843745,-2261.85,51.7806,1.75667,0.394409,1.45058,0.368412,1.0399,0.279974,0.7865,0.122185,4.61833,0.161915,0.8595,0.11199,5.50308,0.192933,1.40644e-05,1.13228e-06,0.00927368,0.000273222,0.00928775,0.000273044
pmc_gauss_k2,scattered,0.05,locf,20,filled-series,gaussian-sd-obs,100,1,0.4815,0.15968,0.115184,0.0166753,0.1335,0.0175649,0.898764,0.1372,0.848297,0.33352,2.18657,1.77559,-2264.3,51.6632,1.83711,0.641942,1.52043,0.609122,1.11379,0.49479,0.7575,0.189622,4.61833,0.161915,0.83,0.172322,5.50308,0.192933,1.87688e-05,7.66125e-07,0.00935095,0.000365308,0.00936972,0.0003654
pmc_gauss_k2,scattered,0.05,mean,20,filled-series,gaussian-sd-obs,100,1,0.456,0.137435,0.114868,0.0165776,0.131925,0.0147276,0.610597,0.0531097,0.522261,0.081343,0.723297,0.0911795,-2264.56,51.6405,1.48359,0.233189,1.24287,0.244436,0.864354,0.159621,0.879,0.0754565,4.61833,0.161915,0.949,0.0452944,5.50308,0.192933,6.55625e-06,4.6583e-07,0.00926489,0.000205388,0.00927144,0.000205482
pmc_gauss_k2,scattered,0.1,complete,20,complete-data,,200,1,0.112,0.0447331,0.115139,0.0208368,0.114825,0.0185956,0.881839,0.0309698,0.162388,0.057504,0.261854,0.0876459,-2325.33,49.4477,nan,nan,nan,nan,nan,nan,nan,nan,nan,nan,nan,nan,nan,nan,0,0,0.00950251,0.000336303,0.00950251,0.000336303
pmc_gauss_k2,scattered,0.1,marginalise,20,observed-data,samples,200,1,0.4855,0.0750772,0.115167,0.0207017,0.1522,0.0204414,0.514343,0.00424262,0.490381,0.0114742,0.682825,0.0124749,-2097.74,46.8249,1.38732,0.113878,1.14953,0.108504,0.793927,0.0623951,0.9025,0.0340085,4.53818,0.0237055,0.95375,0.0270902,5.26267,0.0243587,0.161502,0.00319686,0.0201235,0.000636793,0.181626,0.00361095
pmc_gauss_k2,scattered,0.1,plugin,20,filled-series,gaussian,200,1,0.48575,0.078124,0.115139,0.0206693,0.1522,0.0210009,0.552344,0.0179329,0.496703,0.0307443,0.691369,0.0376583,-2198.2,46.8087,1.38732,0.113878,1.14953,0.108504,0.795665,0.0675644,0.90825,0.032738,4.61624,0.0236054,0.9655,0.0254383,5.50059,0.0281276,0.019829,0.000567826,0.00924383,0.000344613,0.0290729,0.000742918
pmc_gauss_k2,scattered,0.1,linear,20,filled-series,gaussian-sd-obs,200,1,0.504,0.0820077,0.115083,0.0204047,0.153975,0.0213729,0.922837,0.0825778,0.887112,0.179778,2.32062,1.24658,-2199.33,47.2277,1.81357,0.408046,1.50223,0.366261,1.07932,0.294481,0.7695,0.14074,4.63931,0.153613,0.855,0.118732,5.52808,0.183041,1.40792e-05,1.26464e-06,0.00922615,0.000278876,0.00924022,0.00027929
pmc_gauss_k2,scattered,0.1,locf,20,filled-series,gaussian-sd-obs,200,1,0.48125,0.0847112,0.115333,0.0205199,0.151925,0.0218718,0.929514,0.13329,0.859965,0.202531,2.68234,1.74411,-2203.52,48.5965,1.92434,0.548082,1.60537,0.522349,1.1658,0.414054,0.73575,0.16604,4.63931,0.153613,0.82175,0.146353,5.52808,0.183041,1.98438e-05,4.98893e-06,0.00920309,0.000257456,0.00922294,0.000257778
pmc_gauss_k2,scattered,0.1,mean,20,filled-series,gaussian-sd-obs,200,1,0.488,0.0723369,0.115167,0.0208783,0.15245,0.0219466,0.585875,0.057337,0.515556,0.0247926,0.713882,0.0309369,-2200.76,46.88,1.39349,0.116996,1.15982,0.1146,0.800859,0.0708818,0.91225,0.0330261,4.63931,0.153613,0.9655,0.0233903,5.52808,0.183041,6.6542e-06,1.08235e-06,0.00925796,0.000290361,0.00926461,0.000291018
pmc_gauss_k2,scattered,0.2,complete,20,complete-data,,400,1,0.120375,0.0468148,0.113437,0.0201623,0.114825,0.0185956,0.881889,0.0214003,0.172131,0.0534372,0.27884,0.0789708,-2325.33,49.4477,nan,nan,nan,nan,nan,nan,nan,nan,nan,nan,nan,nan,nan,nan,0,0,0.00964403,0.000431363,0.00964403,0.000431363
pmc_gauss_k2,scattered,0.2,marginalise,20,observed-data,samples,400,1,0.492625,0.0834908,0.113656,0.0202313,0.18945,0.02234,0.507514,0.00220294,0.495937,0.00632294,0.688824,0.00696739,-1863.73,44.9451,1.38998,0.0999883,1.14863,0.0838775,0.793832,0.0541773,0.90325,0.0300121,4.55402,0.0110794,0.952625,0.0190476,5.27791,0.0114277,0.20908,0.00391945,0.0227257,0.000724638,0.231806,0.00421435
pmc_gauss_k2,scattered,0.2,plugin,20,filled-series,gaussian,400,1,0.496,0.0860018,0.113594,0.0201963,0.190075,0.0236867,0.527534,0.0089664,0.501125,0.0174907,0.695343,0.0223497,-2065.15,44.982,1.38998,0.0999883,1.14863,0.0838775,0.795354,0.0570203,0.909375,0.0292997,4.63465,0.0109072,0.963375,0.0162884,5.52252,0.0129967,0.0226225,0.000561006,0.00926482,0.000260374,0.0318874,0.00065338
pmc_gauss_k2,scattered,0.2,linear,20,filled-series,gaussian-sd-obs,400,1,0.5085,0.084637,0.113625,0.0202133,0.1926,0.0223393,0.903631,0.0693001,0.87004,0.16555,2.00153,0.818877,-2064.32,47.6389,1.73932,0.261424,1.42646,0.235309,1.0124,0.181714,0.807125,0.0842665,4.64317,0.168286,0.881875,0.0674043,5.53268,0.200526,1.51062e-05,9.08798e-07,0.00925285,0.000276798,0.00926796,0.000276962
pmc_gauss_k2,scattered,0.2,locf,20,filled-series,gaussian-sd-obs,400,1,0.485625,0.0792434,0.113594,0.0201871,0.188,0.0252748,0.942194,0.0831296,0.874214,0.178358,2.81632,1.94922,-2077.92,56.2886,2.00062,0.620566,1.69327,0.598041,1.2313,0.481795,0.72025,0.200591,4.64317,0.168286,0.798625,0.180443,5.53268,0.200526,1.85292e-05,6.71634e-07,0.00935665,0.000239934,0.00937518,0.000240329
pmc_gauss_k2,scattered,0.2,mean,20,filled-series,gaussian-sd-obs,400,1,0.49775,0.085019,0.113469,0.0200641,0.190325,0.025472,0.594972,0.0672796,0.517809,0.0372247,0.714198,0.0409323,-2067.72,45.2362,1.39799,0.102426,1.15757,0.0849139,0.801227,0.058903,0.9085,0.0312503,4.64317,0.168286,0.963,0.018789,5.53268,0.200526,6.30825e-06,3.18425e-07,0.00929895,0.000339085,0.00930526,0.000339108
pmc_gauss_k2,scattered,0.4,complete,20,complete-data,,800,1,0.117,0.031517,0.113375,0.018625,0.114825,0.0185956,0.886249,0.0132405,0.168937,0.0348351,0.272643,0.0501824,-2325.33,49.4477,nan,nan,nan,nan,nan,nan,nan,nan,nan,nan,nan,nan,nan,nan,0,0,0.00960421,0.000400512,0.00960421,0.000400512
pmc_gauss_k2,scattered,0.4,marginalise,20,observed-data,samples,800,1,0.47225,0.0514983,0.113917,0.018522,0.25725,0.0246814,0.503653,0.00111723,0.499772,0.00374476,0.69298,0.00409755,-1393.08,34.2183,1.41798,0.0666189,1.16663,0.0529408,0.811352,0.0390266,0.896562,0.0216502,4.56075,0.0055318,0.946875,0.0157253,5.28433,0.00576673,0.31679,0.00557023,0.0281636,0.000382287,0.344954,0.00568938
pmc_gauss_k2,scattered,0.4,plugin,20,filled-series,gaussian,800,1,0.4975,0.0598793,0.113875,0.0184867,0.267325,0.0286348,0.513337,0.00447531,0.503267,0.00848454,0.698314,0.0107869,-1796.37,34.2492,1.41798,0.0666189,1.16663,0.0529408,0.810416,0.0379188,0.904,0.0212388,4.64279,0.00550797,0.958563,0.0137785,5.53223,0.00656315,0.0279787,0.000700821,0.00905908,0.000170722,0.0370378,0.000775507
pmc_gauss_k2,scattered,0.4,linear,20,filled-series,gaussian-sd-obs,800,1,0.508,0.0525038,0.114125,0.018497,0.271675,0.0246722,0.929254,0.0735963,0.899211,0.13654,2.24111,0.954252,-1797.34,37.4232,1.84469,0.342024,1.51794,0.299357,1.08558,0.232505,0.77525,0.0932664,4.60556,0.187236,0.857375,0.0794325,5.48786,0.223106,1.65e-05,1.25193e-06,0.0092064,0.00025073,0.0092229,0.000251083
pmc_gauss_k2,scattered,0.4,locf,20,filled-series,gaussian-sd-obs,800,1,0.518125,0.0563508,0.114208,0.0184654,0.275775,0.0240725,0.937403,0.0997961,0.932877,0.177618,2.7192,2.04173,-1814.75,61.3651,1.97032,0.663773,1.66441,0.644653,1.21174,0.540871,0.732812,0.198191,4.60556,0.187236,0.812188,0.187526,5.48786,0.223106,1.89812e-05,1.40459e-06,0.00935874,0.000436833,0.00937772,0.000437116
pmc_gauss_k2,scattered,0.4,mean,20,filled-series,gaussian-sd-obs,800,1,0.489938,0.0575207,0.11375,0.0185089,0.264225,0.026498,0.632677,0.0697717,0.541398,0.0449545,0.739305,0.0484158,-1798.21,34.7994,1.42697,0.0672249,1.1766,0.0537267,0.816807,0.0388749,0.897937,0.0272122,4.60556,0.187236,0.955812,0.0185328,5.48786,0.223106,6.0563e-06,2.09505e-07,0.00917841,0.000288756,0.00918446,0.000288705
pmc_gauss_k2,scattered,0.6,complete,20,complete-data,,1200,1,0.117083,0.0172708,0.111437,0.0325159,0.114825,0.0185956,0.885599,0.013842,0.166211,0.0207918,0.266106,0.0317971,-2325.33,49.4477,nan,nan,nan,nan,nan,nan,nan,nan,nan,nan,nan,nan,nan,nan,0,0,0.00982955,0.000394067,0.00982955,0.000394067
pmc_gauss_k2,scattered,0.6,marginalise,20,observed-data,samples,1200,1,0.490667,0.0462233,0.112,0.0322393,0.3392,0.0290835,0.502402,0.000756603,0.498162,0.00189368,0.691163,0.00202879,-926.615,37.3618,1.41581,0.0671567,1.16904,0.0575572,0.80809,0.0376234,0.898375,0.0208526,4.56247,0.00306269,0.94825,0.0135587,5.28591,0.00328908,0.789225,0.261823,0.0338313,0.000858077,0.823056,0.262068
pmc_gauss_k2,scattered,0.6,plugin,20,filled-series,gaussian,1200,1,0.504708,0.0458985,0.112,0.0322393,0.347625,0.0315331,0.508649,0.00290583,0.498218,0.0054159,0.691411,0.00622208,-1531.74,37.3862,1.41581,0.0671567,1.16904,0.0575572,0.810058,0.0394499,0.906,0.0197603,4.64495,0.00298653,0.960083,0.0108212,5.5348,0.00355867,0.0339065,0.00088828,0.00928609,0.000576613,0.0431926,0.00118972
pmc_gauss_k2,scattered,0.6,linear,20,filled-series,gaussian-sd-obs,1200,1,0.503333,0.0469158,0.111813,0.0322089,0.346725,0.0340203,0.889498,0.10402,0.843972,0.168269,1.92548,0.869118,-1528.18,44.5983,1.74219,0.264406,1.42942,0.224895,1.01798,0.177252,0.796417,0.09214,4.58264,0.24175,0.872708,0.0753646,5.46055,0.288063,1.8798e-05,2.07689e-06,0.0093016,0.000350894,0.0093204,0.000351346
pmc_gauss_k2,scattered,0.6,locf,20,filled-series,gaussian-sd-obs,1200,1,0.509417,0.0430644,0.111813,0.0322089,0.350375,0.0311748,0.915778,0.140268,0.895232,0.185745,2.34266,1.31854,-1538.45,61.9607,1.8547,0.411827,1.54093,0.381603,1.10865,0.307876,0.75325,0.139341,4.58264,0.24175,0.834875,0.123048,5.46055,0.288063,1.92647e-05,1.27114e-06,0.00931359,0.000351492,0.00933285,0.000352128
pmc_gauss_k2,scattered,0.6,mean,20,filled-series,gaussian-sd-obs,1200,1,0.493458,0.0428603,0.112188,0.0328019,0.34095,0.0272807,0.639199,0.0795107,0.541863,0.0428899,0.74049,0.0506818,-1532.8,37.3763,1.42287,0.0646184,1.1753,0.0564809,0.815403,0.0391143,0.897625,0.0320798,4.58264,0.24175,0.954,0.0199974,5.46055,0.288063,6.1313e-06,3.04467e-07,0.0093203,0.000495478,0.00932643,0.000495519
pmc_gauss_k2,aligned,0.05,complete,20,complete-data,,100,1,0.101,0.0736921,0.115553,0.0190949,0.114825,0.0185956,0.885692,0.0429175,0.154599,0.0953756,0.249807,0.130694,-2325.33,49.4477,nan,nan,nan,nan,nan,nan,nan,nan,nan,nan,nan,nan,nan,nan,0,0,0.00978724,0.000523542,0.00978724,0.000523542
pmc_gauss_k2,aligned,0.05,marginalise,20,observed-data,samples,100,1,0.444,0.137013,0.115658,0.0190815,0.132075,0.0175981,0.530735,0.00703787,0.488508,0.0218554,0.680845,0.0238914,-2209.55,46.5184,1.39944,0.203839,1.14426,0.177961,0.800253,0.118503,0.889,0.0493004,4.50524,0.0506781,0.9445,0.0408431,5.23057,0.05214,0.140512,0.0022142,0.0191904,0.000542829,0.159702,0.00235812
pmc_gauss_k2,aligned,0.05,plugin,20,filled-series,gaussian,100,1,0.424,0.138123,0.115684,0.0191156,0.1311,0.0192255,0.609421,0.0281267,0.495072,0.0560006,0.69678,0.0709346,-2259.51,46.5418,1.39944,0.203839,1.14426,0.177961,0.801675,0.119288,0.896,0.0489253,4.57798,0.0515407,0.955,0.0344124,5.455,0.0614145,0.0188371,0.000483296,0.009399,0.000312502,0.0282361,0.000722057
pmc_gauss_k2,aligned,0.05,linear,20,filled-series,gaussian-sd-obs,100,1,0.4775,0.121043,0.115684,0.0191385,0.133775,0.0166871,0.871148,0.0815701,0.753298,0.195964,1.60526,0.817349,-2259.19,46.4813,1.57353,0.277468,1.26629,0.241002,0.903338,0.176551,0.85,0.0811756,4.63025,0.15512,0.9125,0.0655242,5.51729,0.184837,1.39021e-05,5.94949e-07,0.00950094,0.00026535,0.00951484,0.000265601
pmc_gauss_k2,aligned,0.05,locf,20,filled-series,gaussian-sd-obs,100,1,0.5305,0.141402,0.115684,0.0190024,0.136425,0.0171773,0.917196,0.114826,0.9251,0.279471,3.15093,2.86795,-2266.09,48.2365,2.04474,0.854733,1.73387,0.828867,1.28697,0.696912,0.7125,0.239338,4.63025,0.15512,0.7885,0.231796,5.51729,0.184837,1.93208e-05,9.77659e-07,0.00952385,0.000326834,0.00954317,0.000327257
pmc_gauss_k2,aligned,0.05,mean,20,filled-series,gaussian-sd-obs,100,1,0.459,0.158343,0.115553,0.0190918,0.132725,0.0223763,0.606865,0.0586429,0.533786,0.0861112,0.742071,0.100287,-2261.85,46.7945,1.41714,0.224417,1.16741,0.203271,0.816225,0.132365,0.8935,0.0565941,4.63025,0.15512,0.955,0.0364908,5.51729,0.184837,6.75415e-06,4.20581e-07,0.00947415,0.000282784,0.0094809,0.000282785
pmc_gauss_k2,aligned,0.1,complete,20,complete-data,,200,1,0.104,0.0668974,0.116028,0.0184532,0.114825,0.0185956,0.886144,0.0309073,0.156972,0.0831157,0.250486,0.110594,-2325.33,49.4477,nan,nan,nan,nan,nan,nan,nan,nan,nan,nan,nan,nan,nan,nan,0,0,0.00973712,0.000397574,0.00973712,0.000397574
pmc_gauss_k2,aligned,0.1,marginalise,20,observed-data,samples,200,1,0.5025,0.10844,0.116,0.0185755,0.15465,0.017217,0.514407,0.00500233,0.492639,0.0090935,0.685044,0.00961828,-2094.3,46.5517,1.37859,0.164171,1.1432,0.147366,0.789365,0.0940111,0.90475,0.0420049,4.53701,0.0275089,0.955,0.027338,5.26127,0.0283476,0.165587,0.00325453,0.0203213,0.000606046,0.185908,0.00363653
pmc_gauss_k2,aligned,0.1,plugin,20,filled-series,gaussian,200,1,0.4985,0.105258,0.116,0.0186314,0.15425,0.0179168,0.552583,0.0199257,0.501422,0.0257504,0.69865,0.0313693,-2194.74,46.5321,1.37859,0.164171,1.1432,0.147366,0.791388,0.0969494,0.91075,0.0391782,4.61523,0.0279853,0.96375,0.0222944,5.49938,0.0333465,0.0203202,0.000586788,0.00943129,0.000305279,0.0297515,0.000735572
pmc_gauss_k2,aligned,0.1,linear,20,filled-series,gaussian-sd-obs,200,1,0.48725,0.09928,0.116111,0.0184855,0.153225,0.0168347,0.885443,0.104365,0.801143,0.172694,2.16464,1.56915,-2197.61,46.6947,1.79253,0.499659,1.47481,0.438317,1.06296,0.364107,0.7925,0.142039,4.63675,0.173868,0.86225,0.135913,5.52503,0.207177,1.44854e-05,9.04591e-07,0.00944909,0.000338591,0.00946357,0.000339086
pmc_gauss_k2,aligned,0.1,locf,20,filled-series,gaussian-sd-obs,200,1,0.49575,0.120463,0.116083,0.0185027,0.15405,0.0178936,0.917252,0.116102,0.865431,0.232091,2.85751,2.46087,-2206.03,51.4053,1.97987,0.7679,1.66983,0.742897,1.22695,0.617621,0.738,0.218339,4.63675,0.173868,0.813,0.204627,5.52503,0.207177,2.005e-05,2.38554e-06,0.00939022,0.000299329,0.00941027,0.000299308
pmc_gauss_k2,aligned,0.1,mean,20,filled-series,gaussian-sd-obs,200,1,0.478,0.122145,0.115889,0.0186033,0.1521,0.0242137,0.5942,0.0652591,0.527162,0.0714465,0.730051,0.0818131,-2197,46.5554,1.39408,0.172687,1.15863,0.157294,0.802237,0.10305,0.90925,0.051434,4.63675,0.173868,0.96025,0.0277429,5.52503,0.207177,6.5583e-06,3.46537e-07,0.00936593,0.000362155,0.00937249,0.000362285
pmc_gauss_k2,aligned,0.2,complete,20,complete-data,,400,1,0.111875,0.0400811,0.115562,0.020004,0.114825,0.0185956,0.88063,0.0235485,0.164029,0.044696,0.2652,0.0640393,-2325.33,49.4477,nan,nan,nan,nan,nan,nan,nan,nan,nan,nan,nan,nan,nan,nan,0,0,0.00961028,0.000354162,0.00961028,0.000354162
pmc_gauss_k2,aligned,0.2,marginalise,20,observed-data,samples,400,1,0.5065,0.067699,0.115781,0.0201228,0.193925,0.0181762,0.507411,0.00220785,0.495675,0.0052746,0.68862,0.00596886,-1866.76,44.1568,1.36671,0.0904621,1.12898,0.0849424,0.779058,0.0498722,0.912125,0.0204598,4.5525,0.0110603,0.95825,0.0173034,5.27636,0.0113611,0.207908,0.00379099,0.0227453,0.00062201,0.230654,0.00421815
pmc_gauss_k2,aligned,0.2,plugin,20,filled-series,gaussian,400,1,0.483,0.0726908,0.115687,0.0200902,0.18915,0.0195664,0.526931,0.00839925,0.496782,0.00928984,0.691894,0.0132881,-2068.14,44.1395,1.36671,0.0904621,1.12898,0.0849424,0.781057,0.053326,0.918,0.0198779,4.6333,0.0113522,0.968125,0.0155147,5.52092,0.0135269,0.0226442,0.000767813,0.00917238,0.00025798,0.0318165,0.000948686
pmc_gauss_k2,aligned,0.2,linear,20,filled-series,gaussian-sd-obs,400,1,0.49625,0.0742218,0.116031,0.0198714,0.192075,0.020571,0.899535,0.0824915,0.847987,0.156512,2.09086,1.22594,-2070.71,43.9086,1.74965,0.39108,1.42886,0.339741,1.02323,0.277468,0.8065,0.111395,4.66015,0.176883,0.8805,0.100484,5.55291,0.210769,1.47519e-05,5.85922e-07,0.00919608,0.000222718,0.00921083,0.00022286
pmc_gauss_k2,aligned,0.2,locf,20,filled-series,gaussian-sd-obs,400,1,0.496375,0.0798414,0.116187,0.0197412,0.192225,0.0207564,0.919031,0.113689,0.863868,0.191109,2.93061,2.69729,-2089.7,66.0074,1.98241,0.779065,1.69193,0.760624,1.2357,0.637754,0.73975,0.225372,4.66015,0.176883,0.816875,0.211249,5.55291,0.210769,1.85167e-05,7.14037e-07,0.0093148,0.000452451,0.00933332,0.000452696
pmc_gauss_k2,aligned,0.2,mean,20,filled-series,gaussian-sd-obs,400,1,0.473625,0.0694455,0.115375,0.0197854,0.187025,0.0246755,0.591904,0.0700881,0.517346,0.032,0.715913,0.0352124,-2070.22,44.0893,1.37622,0.100367,1.1354,0.0936316,0.787145,0.0588989,0.9155,0.0305067,4.66015,0.176883,0.965625,0.0193798,5.55291,0.210769,6.2229e-06,2.26362e-07,0.00922188,0.000299031,0.0092281,0.000299084
pmc_gauss_k2,aligned,0.4,complete,20,complete-data,,800,1,0.119562,0.0336714,0.111667,0.0235035,0.114825,0.0185956,0.88348,0.0149677,0.170024,0.0404028,0.272439,0.0585194,-2325.33,49.4477,nan,nan,nan,nan,nan,nan,nan,nan,nan,nan,nan,nan,nan,nan,0,0,0.00978371,0.000266959,0.00978371,0.000266959
pmc_gauss_k2,aligned,0.4,marginalise,20,observed-data,samples,800,1,0.5025,0.0428853,0.111667,0.0234832,0.268,0.0199552,0.503638,0.00133,0.497671,0.00317637,0.690702,0.00347145,-1397.98,37.7474,1.39303,0.0535493,1.15113,0.0537792,0.796479,0.031172,0.905813,0.0110938,4.56077,0.00540714,0.953063,0.00975417,5.28435,0.00563918,0.317514,0.0042615,0.0281662,0.00068628,0.345681,0.00419354
pmc_gauss_k2,aligned,0.4,plugin,20,filled-series,gaussian,800,1,0.494625,0.0419373,0.111625,0.0234855,0.264825,0.0201437,0.51325,0.00510869,0.497177,0.0067174,0.6911,0.00826768,-1801.28,37.7208,1.39303,0.0535493,1.15113,0.0537792,0.796407,0.0325692,0.91275,0.0122111,4.64287,0.00547339,0.963375,0.00868964,5.53232,0.00652194,0.027914,0.000538678,0.00918591,0.000286483,0.0370999,0.000671537
pmc_gauss_k2,aligned,0.4,linear,20,filled-series,gaussian-sd-obs,800,1,0.506938,0.0505243,0.111792,0.023552,0.26985,0.0249099,0.892364,0.0894611,0.854846,0.127901,2.04879,0.941727,-1804.82,42.1825,1.75825,0.306594,1.43447,0.245519,1.02442,0.204326,0.801187,0.0939664,4.65681,0.198727,0.878688,0.0820898,5.54894,0.236798,1.69145e-05,2.95866e-06,0.00921875,0.000243159,0.00923567,0.000243674
pmc_gauss_k2,aligned,0.4,locf,20,filled-series,gaussian-sd-obs,800,1,0.501687,0.0536762,0.112083,0.023526,0.267925,0.0198794,0.920417,0.112093,0.876842,0.167825,2.92943,2.61158,-1842.27,112.452,2.02929,0.778343,1.73508,0.772903,1.2689,0.650834,0.721625,0.223989,4.65681,0.198727,0.804125,0.213301,5.54894,0.236798,1.87166e-05,5.27674e-07,0.00928535,0.000314819,0.00930406,0.000314954
pmc_gauss_k2,aligned,0.4,mean,20,filled-series,gaussian-sd-obs,800,1,0.488687,0.0501601,0.111417,0.0233053,0.262325,0.0272287,0.606615,0.073764,0.528313,0.050916,0.72707,0.0618966,-1802.98,37.6866,1.4018,0.0547822,1.15724,0.0549842,0.801705,0.0332811,0.90925,0.0187188,4.65681,0.198727,0.962688,0.0126652,5.54894,0.236798,6.0959e-06,1.84242e-07,0.00916958,0.000410459,0.00917568,0.000410452
pmc_gauss_k2,aligned,0.6,complete,20,complete-data,,1200,1,0.116875,0.0208708,0.11175,0.0284073,0.114825,0.0185956,0.884471,0.0112024,0.165861,0.0223511,0.266787,0.0329728,-2325.33,49.4477,nan,nan,nan,nan,nan,nan,nan,nan,nan,nan,nan,nan,nan,nan,0,0,0.00985218,0.000334986,0.00985218,0.000334986
pmc_gauss_k2,aligned,0.6,marginalise,20,observed-data,samples,1200,1,0.479958,0.0305846,0.112187,0.0282781,0.33285,0.0203606,0.502562,0.000661754,0.497795,0.00126891,0.690793,0.0013968,-929.082,29.2355,1.40616,0.0535646,1.15942,0.0491977,0.802119,0.0304161,0.901208,0.0141666,4.56376,0.00457796,0.950292,0.00981657,5.28726,0.00469357,0.828926,0.206342,0.0344059,0.00103168,0.863332,0.206515
pmc_gauss_k2,aligned,0.6,plugin,20,filled-series,gaussian,1200,1,0.485167,0.0281309,0.112125,0.028363,0.33595,0.0176194,0.509394,0.00278031,0.496199,0.00389826,0.689623,0.00488155,-1534.31,29.351,1.40616,0.0535646,1.15942,0.0491977,0.803711,0.0318182,0.908083,0.0143731,4.6463,0.00468209,0.961125,0.00805353,5.53641,0.00557906,0.0340711,0.000861379,0.00929293,0.000248805,0.043364,0.00102781
pmc_gauss_k2,aligned,0.6,linear,20,filled-series,gaussian-sd-obs,1200,1,0.484125,0.0418334,0.112312,0.0280632,0.3354,0.0253593,0.92629,0.0687861,0.857175,0.105315,2.33502,1.54919,-1553.74,89.7149,1.86285,0.496563,1.54528,0.48029,1.11402,0.397152,0.76675,0.15002,4.62473,0.214631,0.84725,0.139729,5.51071,0.255748,1.85897e-05,5.35875e-07,0.00936088,0.000318299,0.00937946,0.000318546
pmc_gauss_k2,aligned,0.6,locf,20,filled-series,gaussian-sd-obs,1200,1,0.501292,0.0450645,0.112375,0.0281353,0.345725,0.0264488,0.920638,0.111776,0.871982,0.151311,2.91377,2.58333,-1594.83,162.434,2.05175,0.805852,1.7518,0.800066,1.28812,0.675835,0.71075,0.231038,4.62473,0.214631,0.793542,0.219514,5.51071,0.255748,1.96709e-05,1.131e-06,0.00938204,0.000336067,0.00940171,0.000336372
pmc_gauss_k2,aligned,0.6,mean,20,filled-series,gaussian-sd-obs,1200,1,0.501333,0.0429005,0.111812,0.028306,0.345525,0.0295824,0.635086,0.0887446,0.547945,0.0574792,0.751075,0.0800518,-1535.19,30.4488,1.41714,0.0528282,1.16843,0.0485634,0.810606,0.0321809,0.901833,0.0241259,4.62473,0.214631,0.958708,0.015091,5.51071,0.255748,6.29785e-06,2.54486e-07,0.0092704,0.000354395,0.0092767,0.000354494
pmc_pair_gauss_k2,mcar_b1,0.05,complete,20,complete-data,,100,94.7,0.1005,0.0360519,0.0956053,0.0132757,0.09585,0.0134791,0.904989,0.015253,0.148732,0.0449376,0.245476,0.0702708,-1460.44,94.1254,nan,nan,nan,nan,nan,nan,nan,nan,nan,nan,nan,nan,nan,nan,0,0,0.00967797,0.000448249,0.00967797,0.000448249
pmc_pair_gauss_k2,mcar_b1,0.05,marginalise,20,observed-data,samples,100,94.7,0.159,0.0402492,0.0995526,0.0149756,0.102525,0.0149486,0.851738,0.0147827,0.222995,0.0460775,0.359338,0.0640882,-1416.85,93.8536,0.486439,0.0661929,0.344569,0.037026,0.248341,0.0267959,0.9005,0.0326827,1.40378,0.0766017,0.944,0.0274149,1.75112,0.0915684,0.166952,0.00292929,0.025362,0.000580652,0.192314,0.00313953
pmc_pair_gauss_k2,mcar_b1,0.05,plugin,20,filled-series,gaussian,100,94.7,0.1665,0.0436825,0.101553,0.0138531,0.1048,0.0140847,0.898694,0.0148738,0.256749,0.0612534,0.481762,0.131816,-1415.97,95.8401,0.486439,0.0661929,0.344569,0.037026,0.249063,0.0266693,0.9165,0.0301357,1.47329,0.0732127,0.9445,0.0228208,1.75553,0.0872383,0.0251675,0.000759496,0.0093046,0.0002359,0.0344721,0.000749122
pmc_pair_gauss_k2,mcar_b1,0.05,linear,20,filled-series,gaussian-sd-obs,100,94.7,0.1695,0.046052,0.101947,0.0137947,0.105325,0.0141014,0.897243,0.0140434,0.258209,0.0616993,0.482566,0.141798,-1415.85,96.6536,0.503155,0.0621726,0.354899,0.0382136,0.368138,0.0199575,0.994,0.00598243,4.11793,0.207883,0.9985,0.00366348,4.90681,0.247708,2.31854e-05,1.13197e-06,0.009346,0.000289736,0.00936918,0.000290134
pmc_pair_gauss_k2,mcar_b1,0.05,locf,20,filled-series,gaussian-sd-obs,100,94.7,0.1795,0.0404547,0.0993421,0.0140001,0.10335,0.0140245,0.891379,0.0180197,0.281012,0.0561246,0.676678,0.253134,-1432.01,97.4035,0.643405,0.0923549,0.453978,0.0500309,0.412228,0.0316574,0.9875,0.00910465,4.11793,0.207883,0.995,0.00760886,4.90681,0.247708,1.93251e-05,7.47391e-07,0.00922009,0.00028752,0.00923941,0.000287553
pmc_pair_gauss_k2,mcar_b1,0.05,mean,20,filled-series,gaussian-sd-obs,100,94.7,0.51,0.0387977,0.118974,0.0126943,0.138525,0.0120934,0.869449,0.0353778,0.865775,0.0805154,2.02418,0.474528,-1734.4,109.334,1.23647,0.0982049,1.00142,0.0833453,0.702858,0.0554976,0.9055,0.0230503,4.11793,0.207883,0.957,0.0194936,4.90681,0.247708,9.8957e-06,2.93271e-07,0.00919713,0.000168592,0.00920703,0.000168653
pmc_pair_gauss_k2,mcar_b1,0.1,complete,20,complete-data,,200,176.9,0.09425,0.0320064,0.0960278,0.0122146,0.09585,0.0134791,0.901349,0.0153487,0.137526,0.0370548,0.227549,0.0548833,-1460.44,94.1254,nan,nan,nan,nan,nan,nan,nan,nan,nan,nan,nan,nan,nan,nan,0,0,0.00949813,0.000403629,0.00949813,0.000403629
pmc_pair_gauss_k2,mcar_b1,0.1,marginalise,20,observed-data,samples,200,176.9,0.1615,0.0375955,0.105583,0.0120259,0.111175,0.0134754,0.848666,0.0110538,0.227079,0.0480967,0.359513,0.063992,-1375.23,81.9427,0.485283,0.0436082,0.341999,0.0307013,0.247111,0.0208448,0.89575,0.0149803,1.41984,0.0710761,0.9455,0.0115736,1.76985,0.0854043,0.208214,0.00467066,0.0293363,0.000989454,0.237551,0.00498024
pmc_pair_gauss_k2,mcar_b1,0.1,plugin,20,filled-series,gaussian,200,176.9,0.1795,0.0418927,0.112028,0.0141551,0.118775,0.0154166,0.902015,0.0102137,0.282248,0.0575191,0.528025,0.102224,-1368.27,85.0835,0.485283,0.0436082,0.341999,0.0307013,0.247995,0.0201844,0.91675,0.0157509,1.48722,0.0674793,0.94875,0.0123411,1.77213,0.0804065,0.0288777,0.000704683,0.00925549,0.000235734,0.0381332,0.000802953
pmc_pair_gauss_k2,mcar_b1,0.1,linear,20,filled-series,gaussian-sd-obs,200,176.9,0.182,0.040046,0.112806,0.0140447,0.119725,0.0149054,0.900422,0.0101975,0.283215,0.0574321,0.532678,0.114927,-1365.96,86.75,0.497724,0.0456944,0.34645,0.0332806,0.366878,0.013617,0.99725,0.00412789,4.12094,0.220288,0.99925,0.0024468,4.91041,0.26249,4.12688e-05,4.58949e-05,0.00932927,0.00030697,0.00937054,0.000318797
pmc_pair_gauss_k2,mcar_b1,0.1,locf,20,filled-series,gaussian-sd-obs,200,176.9,0.19675,0.0442265,0.107528,0.0118819,0.11645,0.0130433,0.893653,0.0130076,0.304124,0.0637532,0.708833,0.168918,-1397.78,92.9677,0.650716,0.0617275,0.455358,0.0432464,0.415022,0.0210748,0.98975,0.00697269,4.12094,0.220288,0.9945,0.00559605,4.91041,0.26249,1.95833e-05,1.08896e-06,0.00941382,0.000340181,0.00943341,0.000340949
pmc_pair_gauss_k2,mcar_b1,0.1,mean,20,filled-series,gaussian-sd-obs,200,176.9,0.53625,0.032154,0.150694,0.0143359,0.18925,0.0139222,0.871148,0.0378143,0.904652,0.0913566,2.15232,0.610015,-1978.56,93.4141,1.23421,0.0834644,1.00318,0.0785761,0.702845,0.0492216,0.905,0.0257007,4.12094,0.220288,0.95375,0.0193224,4.91041,0.26249,1.49396e-05,8.57192e-06,0.00948036,0.000676544,0.0094953,0.000677255
pmc_pair_gauss_k2,mcar_b1,0.2,complete,20,complete-data,,400,312.6,0.09425,0.0188502,0.09625,0.0143471,0.09585,0.0134791,0.901619,0.0112651,0.139981,0.0210152,0.231088,0.0302404,-1460.44,94.1254,nan,nan,nan,nan,nan,nan,nan,nan,nan,nan,nan,nan,nan,nan,0,0,0.00974259,0.000446902,0.00974259,0.000446902
pmc_pair_gauss_k2,mcar_b1,0.2,marginalise,20,observed-data,samples,400,312.6,0.166125,0.0234868,0.109344,0.0149085,0.1207,0.0146937,0.835037,0.00786531,0.236035,0.0272828,0.375416,0.0383738,-1273.19,78.4642,0.51381,0.029782,0.364783,0.0185549,0.26228,0.0140534,0.900875,0.0134818,1.50294,0.0656875,0.94925,0.00946253,1.87128,0.0827944,0.287302,0.00975641,0.0367907,0.00104101,0.324093,0.0101229
pmc_pair_gauss_k2,mcar_b1,0.2,plugin,20,filled-series,gaussian,400,312.6,0.214125,0.0393222,0.134656,0.0173626,0.15055,0.0198447,0.894986,0.0086736,0.326938,0.0555164,0.596291,0.107674,-1262.92,88.2304,0.51381,0.029782,0.364783,0.0185549,0.263254,0.0135402,0.913625,0.0111354,1.56535,0.0613646,0.951,0.00796373,1.86523,0.0731204,0.036544,0.00117221,0.00941127,0.000341088,0.0459553,0.00123911
pmc_pair_gauss_k2,mcar_b1,0.2,linear,20,filled-series,gaussian-sd-obs,400,312.6,0.214625,0.0377167,0.136656,0.0181836,0.15225,0.0202715,0.893681,0.00790265,0.329436,0.0567928,0.598203,0.127069,-1258.93,91.269,0.529791,0.029495,0.372573,0.0206202,0.375768,0.0137714,0.994875,0.00409388,4.12546,0.219595,0.9975,0.00243332,4.91579,0.261664,4.29896e-05,2.79022e-06,0.00940837,0.00030851,0.00945136,0.000310288
pmc_pair_gauss_k2,mcar_b1,0.2,locf,20,filled-series,gaussian-sd-obs,400,312.6,0.224875,0.023972,0.124062,0.0121894,0.144225,0.0119047,0.890376,0.00938351,0.345116,0.0403818,0.754002,0.147279,-1329.4,105.565,0.694765,0.0455664,0.489577,0.0311559,0.430983,0.0157598,0.984,0.00859927,4.12546,0.219595,0.9935,0.00581513,4.91579,0.261664,1.98124e-05,9.5871e-07,0.00936186,0.000363683,0.00938167,0.000364271
pmc_pair_gauss_k2,mcar_b1,0.2,mean,20,filled-series,gaussian-sd-obs,400,312.6,0.553,0.0449825,0.196344,0.0196665,0.267675,0.0216371,0.867181,0.0365522,0.934134,0.105224,2.18896,0.594507,-2269.22,130.65,1.23931,0.0719316,1.00122,0.0630047,0.702895,0.0415295,0.9065,0.0156525,4.12546,0.219595,0.95675,0.0120879,4.91579,0.261664,1.72332e-05,5.9705e-07,0.00932534,0.000393476,0.00934258,0.000393643
pmc_pair_gauss_k2,mcar_b1,0.4,complete,20,complete-data,,800,445.5,0.09475,0.0164517,0.0965833,0.0133248,0.09585,0.0134791,0.903515,0.010493,0.139005,0.0186623,0.230151,0.026968,-1460.44,94.1254,nan,nan,nan,nan,nan,nan,nan,nan,nan,nan,nan,nan,nan,nan,0,0,0.00982711,0.000510896,0.00982711,0.000510896
pmc_pair_gauss_k2,mcar_b1,0.4,marginalise,20,observed-data,samples,800,445.5,0.198375,0.0238419,0.129417,0.0133747,0.157,0.0152177,0.811011,0.00996914,0.276324,0.0291847,0.429873,0.038894,-1057.14,54.1491,0.556746,0.0322921,0.399715,0.0227229,0.28633,0.0165077,0.897312,0.00940915,1.66273,0.0589076,0.948312,0.00651763,2.06959,0.0743348,0.43194,0.0109595,0.04631,0.00180689,0.47825,0.0115181
pmc_pair_gauss_k2,mcar_b1,0.4,plugin,20,filled-series,gaussian,800,445.5,0.281812,0.0288442,0.185625,0.018185,0.2241,0.0209207,0.908266,0.0118821,0.454561,0.0521794,0.916406,0.139585,-999.771,70.6713,0.556746,0.0322921,0.399715,0.0227229,0.288967,0.0159338,0.91,0.00934535,1.71552,0.0546418,0.946562,0.00951864,2.04416,0.0651097,0.0459943,0.00121152,0.00954838,0.000363735,0.0555427,0.00126872
pmc_pair_gauss_k2,mcar_b1,0.4,linear,20,filled-series,gaussian-sd-obs,800,445.5,0.282937,0.0301047,0.18925,0.0186376,0.226725,0.0215715,0.907247,0.0116933,0.458758,0.0524682,0.921906,0.138746,-991.499,72.5985,0.574399,0.0373953,0.408359,0.0257537,0.390223,0.0137947,0.993938,0.00422,4.12417,0.246618,0.997563,0.00238122,4.91425,0.293863,5.60791e-05,7.54407e-06,0.0094163,0.000342076,0.00947238,0.000347231
pmc_pair_gauss_k2,mcar_b1,0.4,locf,20,filled-series,gaussian-sd-obs,800,445.5,0.293312,0.0250764,0.160125,0.0139004,0.2134,0.0156555,0.907841,0.0100346,0.475283,0.0383803,1.08323,0.161644,-1141.07,99.9659,0.773509,0.0477805,0.548207,0.0344224,0.460904,0.0172264,0.977313,0.0110417,4.12417,0.246618,0.989812,0.00678954,4.91425,0.293863,2.07894e-05,4.03642e-06,0.00929808,0.000266215,0.00931887,0.000266468
pmc_pair_gauss_k2,mcar_b1,0.4,mean,20,filled-series,gaussian-sd-obs,800,445.5,0.596875,0.0368038,0.272792,0.032065,0.402425,0.0314543,0.86348,0.0309657,0.990793,0.083408,2.24173,0.480245,-2420.36,190.618,1.24803,0.0800709,1.00656,0.0662048,0.707911,0.045523,0.899875,0.0225142,4.12417,0.246618,0.952125,0.014623,4.91425,0.293863,2.14354e-05,8.54021e-07,0.00937489,0.000419037,0.00939632,0.000419694
pmc_pair_gauss_k2,mcar_b1,0.6,complete,20,complete-data,,1200,400.25,0.0965417,0.0174703,0.0948125,0.016708,0.09585,0.0134791,0.90183,0.01006,0.140387,0.0199544,0.231662,0.0279815,-1460.44,94.1254,nan,nan,nan,nan,nan,nan,nan,nan,nan,nan,nan,nan,nan,nan,0,0,0.00995565,0.000415099,0.00995565,0.000415099
pmc_pair_gauss_k2,mcar_b1,0.6,marginalise,20,observed-data,samples,1200,400.25,0.229208,0.0186544,0.145187,0.0174401,0.1956,0.0163615,0.772813,0.0110901,0.317165,0.0210754,0.483965,0.027265,-778.275,44.4132,0.633337,0.0319939,0.461899,0.0210033,0.331864,0.0159871,0.899667,0.0118667,1.97052,0.0733512,0.950708,0.00837828,2.43136,0.09015,0.718137,0.127033,0.0505579,0.00148088,0.768695,0.127136
pmc_pair_gauss_k2,mcar_b1,0.6,plugin,20,filled-series,gaussian,1200,400.25,0.390083,0.0346747,0.254125,0.0292677,0.3357,0.0307273,0.929838,0.00938169,0.678031,0.0578896,1.5511,0.160977,-635.144,93.7447,0.633337,0.0319939,0.461899,0.0210033,0.334003,0.0152161,0.90775,0.0101383,2.00501,0.0696573,0.94575,0.0083548,2.38911,0.0830018,0.0531478,0.0128196,0.0097024,0.00170856,0.0628502,0.0144691
pmc_pair_gauss_k2,mcar_b1,0.6,linear,20,filled-series,gaussian-sd-obs,1200,400.25,0.391125,0.034085,0.260625,0.0313603,0.338925,0.0311052,0.930814,0.00874439,0.685592,0.0586679,1.60563,0.173307,-616.078,102.226,0.666822,0.0372455,0.479297,0.0255364,0.422758,0.0177165,0.988292,0.00738199,4.14829,0.323096,0.994917,0.00357562,4.94299,0.384992,4.92189e-05,1.54693e-06,0.00933628,0.000536819,0.00938549,0.000537773
pmc_pair_gauss_k2,mcar_b1,0.6,locf,20,filled-series,gaussian-sd-obs,1200,400.25,0.366458,0.0299913,0.20475,0.0204296,0.301775,0.022828,0.925843,0.00805262,0.627243,0.0558773,1.48567,0.245863,-870.292,116.41,0.913606,0.0495109,0.652216,0.0321005,0.519475,0.0227519,0.958542,0.013256,4.14829,0.323096,0.977917,0.0084833,4.94299,0.384992,2.01562e-05,1.94961e-06,0.00921606,0.000294131,0.00923622,0.000294715
pmc_pair_gauss_k2,mcar_b1,0.6,mean,20,filled-series,gaussian-sd-obs,1200,400.25,0.483333,0.121065,0.45925,0.194259,0.4737,0.0186741,0.875454,0.0164757,1.03116,0.0822193,2.33203,0.396401,-1894.72,205.021,1.25358,0.0647481,1.01139,0.0525674,0.711046,0.0367517,0.900833,0.0241023,4.14829,0.323096,0.951375,0.0156237,4.94299,0.384992,1.93249e-05,1.1276e-06,0.00933509,0.000393099,0.00935442,0.00039336
pmc_pair_gauss_k2,mcar_b10,0.05,complete,20,complete-data,,100,9.35,0.1045,0.0550096,0.0953947,0.0129292,0.09585,0.0134791,0.898163,0.0215031,0.152756,0.0678938,0.250638,0.10405,-1460.44,94.1254,nan,nan,nan,nan,nan,nan,nan,nan,nan,nan,nan,nan,nan,nan,0,0,0.0100182,0.0021323,0.0100182,0.0021323
pmc_pair_gauss_k2,mcar_b10,0.05,marginalise,20,observed-data,samples,100,9.35,0.2945,0.0793045,0.0969474,0.0126277,0.106825,0.0127334,0.726053,0.0286658,0.378916,0.0690055,0.557811,0.0786516,-1391.61,94.4939,0.812607,0.15255,0.625079,0.119755,0.44645,0.087215,0.8885,0.046935,2.55179,0.190187,0.9435,0.0381514,3.09101,0.230863,0.149972,0.00296903,0.0224603,0.000606231,0.172432,0.00316612
pmc_pair_gauss_k2,mcar_b10,0.05,plugin,20,filled-series,gaussian,100,9.35,0.4235,0.0980481,0.101184,0.0142539,0.1173,0.0150109,0.946484,0.0208571,0.746673,0.175935,1.68444,0.492066,-1378.1,99.2622,0.812607,0.15255,0.625079,0.119755,0.447491,0.0821081,0.896,0.0419774,2.56801,0.182104,0.9395,0.0341012,3.05997,0.21699,0.0225269,0.00179562,0.0117753,0.0110875,0.0343022,0.0128366
pmc_pair_gauss_k2,mcar_b10,0.05,linear,20,filled-series,gaussian-sd-obs,100,9.35,0.4185,0.103124,0.101921,0.0147312,0.11775,0.0154481,0.948003,0.0243902,0.74404,0.182823,1.71185,0.566881,-1376.11,101.629,0.844798,0.161727,0.64565,0.125213,0.499178,0.0703604,0.9665,0.0334467,4.11677,0.211447,0.985,0.0190567,4.90544,0.251954,1.53292e-05,7.53271e-07,0.00978701,0.00193468,0.00980234,0.00193531
pmc_pair_gauss_k2,mcar_b10,0.05,locf,20,filled-series,gaussian-sd-obs,100,9.35,0.4165,0.116631,0.100289,0.0146091,0.1161,0.0150434,0.951205,0.0231389,0.759142,0.220033,1.84672,0.655778,-1386.6,100.535,1.04797,0.233542,0.790365,0.178158,0.594595,0.117126,0.9315,0.0568724,4.11677,0.211447,0.9575,0.0442332,4.90544,0.251954,1.91937e-05,8.4365e-07,0.0101859,0.00357103,0.0102051,0.00357122
pmc_pair_gauss_k2,mcar_b10,0.05,mean,20,filled-series,gaussian-sd-obs,100,9.35,0.517,0.116126,0.0995,0.0132087,0.120375,0.0124445,0.958498,0.0239607,0.981213,0.221026,2.47461,0.700094,-1400.63,98.7384,1.23025,0.215921,1.01826,0.194647,0.709552,0.126376,0.916,0.0600351,4.11677,0.211447,0.959,0.0346258,4.90544,0.251954,7.0062e-06,5.273e-07,0.00925456,0.000325145,0.00926156,0.000325336
pmc_pair_gauss_k2,mcar_b10,0.1,complete,20,complete-data,,200,17.65,0.10975,0.0444106,0.0943056,0.0130636,0.09585,0.0134791,0.897669,0.0195206,0.151515,0.0530755,0.245478,0.0769515,-1460.44,94.1254,nan,nan,nan,nan,nan,nan,nan,nan,nan,nan,nan,nan,nan,nan,0,0,0.00977254,0.000486809,0.00977254,0.000486809
pmc_pair_gauss_k2,mcar_b10,0.1,marginalise,20,observed-data,samples,200,17.65,0.26575,0.0630638,0.0967778,0.011402,0.113675,0.0115386,0.727683,0.0284441,0.373328,0.0561822,0.555755,0.0662495,-1332.79,85.414,0.788999,0.112803,0.600257,0.082985,0.429126,0.0610856,0.90625,0.0405188,2.5597,0.1367,0.94875,0.0274761,3.09212,0.163161,0.177997,0.00416985,0.0241173,0.000577295,0.202114,0.00443822
pmc_pair_gauss_k2,mcar_b10,0.1,plugin,20,filled-series,gaussian,200,17.65,0.41675,0.0733821,0.103306,0.0118298,0.13465,0.0150395,0.936246,0.0228967,0.737907,0.12685,1.70737,0.304744,-1300.87,93.0078,0.788999,0.112803,0.600257,0.082985,0.429843,0.0591905,0.912,0.0349962,2.5772,0.13083,0.947,0.0259757,3.07093,0.155893,0.023932,0.000847521,0.00930177,0.000334448,0.0332338,0.00104386
pmc_pair_gauss_k2,mcar_b10,0.1,linear,20,filled-series,gaussian-sd-obs,200,17.65,0.417,0.0722277,0.104417,0.0121174,0.135675,0.0154998,0.938083,0.0243312,0.739607,0.121053,1.73497,0.309508,-1297.51,97.4648,0.829524,0.132481,0.624534,0.102059,0.491129,0.0553448,0.97175,0.0256122,4.12247,0.221065,0.98575,0.0161632,4.91222,0.263415,1.68292e-05,7.19356e-07,0.00934139,0.000284443,0.00935821,0.000284758
pmc_pair_gauss_k2,mcar_b10,0.1,locf,20,filled-series,gaussian-sd-obs,200,17.65,0.42275,0.0610969,0.102389,0.0117466,0.134425,0.0138775,0.954315,0.0165927,0.779766,0.12299,2.02702,0.417242,-1322.82,97.692,1.12448,0.13827,0.854147,0.123548,0.63274,0.0754808,0.92275,0.0415956,4.12247,0.221065,0.96175,0.0311733,4.91222,0.263415,1.95585e-05,2.17739e-06,0.00934242,0.000398382,0.00936198,0.000399032
pmc_pair_gauss_k2,mcar_b10,0.1,mean,20,filled-series,gaussian-sd-obs,200,17.65,0.5575,0.10044,0.100639,0.0122438,0.146325,0.017142,0.966652,0.0125672,1.06709,0.189498,2.86471,0.614672,-1339.71,93.9796,1.22785,0.127012,0.998916,0.105421,0.701622,0.0766763,0.899,0.0607107,4.12247,0.221065,0.9575,0.0362194,4.91222,0.263415,7.54165e-06,7.3956e-07,0.00933255,0.00036529,0.00934009,0.000365497
pmc_pair_gauss_k2,mcar_b10,0.2,complete,20,complete-data,,400,32.85,0.088,0.026589,0.0978125,0.0127548,0.09585,0.0134791,0.904631,0.0128174,0.134645,0.0380699,0.223735,0.0574457,-1460.44,94.1254,nan,nan,nan,nan,nan,nan,nan,nan,nan,nan,nan,nan,nan,nan,0,0,0.00993654,0.000527422,0.00993654,0.000527422
pmc_pair_gauss_k2,mcar_b10,0.2,marginalise,20,observed-data,samples,400,32.85,0.28775,0.0613065,0.100594,0.0121302,0.138025,0.014901,0.715765,0.0153178,0.378526,0.0552509,0.559517,0.0647101,-1193.57,73.6149,0.818143,0.0752686,0.628401,0.0636368,0.446445,0.0452287,0.908,0.0293078,2.63511,0.114679,0.952875,0.0188008,3.17213,0.135812,0.238532,0.00529646,0.0282208,0.000881701,0.266753,0.00584378
pmc_pair_gauss_k2,mcar_b10,0.2,plugin,20,filled-series,gaussian,400,32.85,0.439375,0.0656089,0.118906,0.0157852,0.183,0.0192914,0.944707,0.0100549,0.786312,0.125535,1.94734,0.406743,-1125.39,89.5879,0.818143,0.0752686,0.628401,0.0636368,0.447058,0.0443443,0.907125,0.0286686,2.65556,0.10882,0.949375,0.0207091,3.1643,0.129667,0.0277844,0.00062986,0.00951632,0.000316922,0.0373007,0.000633531
pmc_pair_gauss_k2,mcar_b10,0.2,linear,20,filled-series,gaussian-sd-obs,400,32.85,0.440125,0.0659768,0.122375,0.0167565,0.185925,0.0198377,0.945673,0.00994872,0.791388,0.127058,2.02882,0.451234,-1115.48,98.2224,0.866178,0.0936804,0.656764,0.073621,0.505446,0.0444943,0.969625,0.0246458,4.10015,0.228935,0.98625,0.0140136,4.88563,0.272793,1.94897e-05,8.80646e-07,0.00958648,0.000354625,0.00960597,0.000354905
pmc_pair_gauss_k2,mcar_b10,0.2,locf,20,filled-series,gaussian-sd-obs,400,32.85,0.437875,0.0800299,0.117,0.0147088,0.181175,0.021676,0.953625,0.0133516,0.801548,0.156845,2.17321,0.496829,-1171.56,100.671,1.13615,0.129446,0.868543,0.102954,0.638997,0.0663568,0.9165,0.0414253,4.10015,0.228935,0.95525,0.0290972,4.88563,0.272793,1.98998e-05,1.32385e-06,0.00957873,0.000300814,0.00959863,0.000300971
pmc_pair_gauss_k2,mcar_b10,0.2,mean,20,filled-series,gaussian-sd-obs,400,32.85,0.533125,0.0722699,0.111,0.0133346,0.195425,0.0199191,0.965261,0.0154541,1.01793,0.143517,2.75698,0.481143,-1210.82,83.7891,1.27028,0.0946214,1.02926,0.0876541,0.723246,0.057507,0.892875,0.036394,4.10015,0.228935,0.946625,0.0262237,4.88563,0.272793,7.9749e-06,2.76846e-07,0.009564,0.000418536,0.00957198,0.000418635
pmc_pair_gauss_k2,mcar_b10,0.4,complete,20,complete-data,,800,46.05,0.10025,0.0229974,0.0929167,0.0182023,0.09585,0.0134791,0.902875,0.011175,0.143846,0.0280925,0.235763,0.0405636,-1460.44,94.1254,nan,nan,nan,nan,nan,nan,nan,nan,nan,nan,nan,nan,nan,nan,0,0,0.0101938,0.000790085,0.0101938,0.000790085
pmc_pair_gauss_k2,mcar_b10,0.4,marginalise,20,observed-data,samples,800,46.05,0.33625,0.0393052,0.0992083,0.0179005,0.194025,0.0215079,0.679263,0.0135588,0.418904,0.0236751,0.605439,0.0272871,-918.747,62.6944,0.924292,0.0451793,0.711456,0.0330498,0.502592,0.0226845,0.9025,0.021221,2.96647,0.105792,0.95,0.0178858,3.54469,0.120575,0.362764,0.00737739,0.0346985,0.00115486,0.397463,0.00738559
pmc_pair_gauss_k2,mcar_b10,0.4,plugin,20,filled-series,gaussian,800,46.05,0.500063,0.0448874,0.139292,0.0193881,0.2836,0.0206153,0.960991,0.00947493,0.931325,0.0891889,2.591,0.323252,-734.431,85.4831,0.924292,0.0451793,0.711456,0.0330498,0.504489,0.0228292,0.905375,0.0183268,2.98438,0.10319,0.950062,0.0149257,3.55611,0.122958,0.0345992,0.00230679,0.00977103,0.000783688,0.0443702,0.00260347
pmc_pair_gauss_k2,mcar_b10,0.4,linear,20,filled-series,gaussian-sd-obs,800,46.05,0.497937,0.0475316,0.143792,0.0190327,0.28545,0.0200951,0.959907,0.00942956,0.925627,0.0915275,2.59559,0.358404,-738.657,108.983,1.01421,0.0815092,0.76431,0.0577475,0.573166,0.0372117,0.94125,0.0267665,4.13353,0.277738,0.970875,0.0181011,4.9254,0.330946,2.32021e-05,2.0165e-06,0.0096372,0.000461945,0.0096604,0.000461709
pmc_pair_gauss_k2,mcar_b10,0.4,locf,20,filled-series,gaussian-sd-obs,800,46.05,0.49675,0.0490894,0.131042,0.0216546,0.277325,0.0240527,0.960416,0.0163594,0.929365,0.0971606,2.64458,0.340788,-838.455,149.818,1.32056,0.103386,1.00988,0.0769005,0.736339,0.0575694,0.877,0.0372456,4.13353,0.277738,0.925812,0.0327327,4.9254,0.330946,1.98875e-05,1.00136e-06,0.00960246,0.000381862,0.00962235,0.000382376
pmc_pair_gauss_k2,mcar_b10,0.4,mean,20,filled-series,gaussian-sd-obs,800,46.05,0.552687,0.0449475,0.12375,0.0174498,0.295325,0.0195733,0.975586,0.0116925,1.0677,0.0817888,3.18697,0.36882,-833.125,118.144,1.24354,0.107207,0.999082,0.0934249,0.706606,0.0624054,0.900125,0.0358815,4.13353,0.277738,0.949687,0.0223786,4.9254,0.330946,8.77915e-06,5.97042e-07,0.00954382,0.000303247,0.0095526,0.000303181
pmc_pair_gauss_k2,mcar_b10,0.6,complete,20,complete-data,,1200,42.25,0.0957083,0.021805,0.0960625,0.0214609,0.09585,0.0134791,0.903353,0.0109853,0.138404,0.027914,0.227787,0.0400654,-1460.44,94.1254,nan,nan,nan,nan,nan,nan,nan,nan,nan,nan,nan,nan,nan,nan,0,0,0.0101478,0.00037384,0.0101478,0.00037384
pmc_pair_gauss_k2,mcar_b10,0.6,marginalise,20,observed-data,samples,1200,42.25,0.369167,0.0322692,0.107625,0.0241769,0.26455,0.019264,0.629502,0.012694,0.445064,0.0186905,0.633461,0.020702,-630.864,48.1295,1.03312,0.0608463,0.808866,0.0481305,0.569537,0.0337729,0.905958,0.0173801,3.35411,0.0714605,0.9565,0.0127893,3.97551,0.0816942,0.797324,0.221659,0.0399322,0.00112199,0.837257,0.221794
pmc_pair_gauss_k2,mcar_b10,0.6,plugin,20,filled-series,gaussian,1200,42.25,0.522625,0.0483864,0.152562,0.0215382,0.3746,0.0291961,0.97705,0.00446498,1.00325,0.0939514,3.14516,0.33687,-290.148,73.0384,1.03312,0.0608463,0.808866,0.0481305,0.569496,0.0323229,0.910708,0.0172936,3.37314,0.0715068,0.957417,0.00948182,4.01934,0.0852056,0.0400678,0.00105243,0.00951726,0.000295768,0.0495851,0.0010725
pmc_pair_gauss_k2,mcar_b10,0.6,linear,20,filled-series,gaussian-sd-obs,1200,42.25,0.525917,0.0502362,0.161812,0.0220103,0.380275,0.0312984,0.975831,0.00539136,1.00899,0.0972529,3.19232,0.413462,-325.946,129.693,1.18443,0.10872,0.910387,0.0792704,0.663742,0.0554016,0.909958,0.0324538,4.16839,0.360266,0.951542,0.0237098,4.96695,0.429283,2.40499e-05,1.08906e-06,0.00952929,0.000426294,0.00955334,0.00042628
pmc_pair_gauss_k2,mcar_b10,0.6,locf,20,filled-series,gaussian-sd-obs,1200,42.25,0.523583,0.0548097,0.141,0.0241555,0.37055,0.0336229,0.977058,0.00708221,1.00919,0.108853,3.21349,0.457879,-470.696,147.816,1.4124,0.222103,1.09845,0.174872,0.796519,0.135784,0.85625,0.063243,4.16839,0.360266,0.91375,0.0505926,4.96695,0.429283,2.0152e-05,1.37169e-06,0.00993644,0.00185864,0.00995659,0.00185944
pmc_pair_gauss_k2,mcar_b10,0.6,mean,20,filled-series,gaussian-sd-obs,1200,42.25,0.554375,0.0513088,0.129312,0.0205255,0.38435,0.0321841,0.984027,0.0100637,1.08362,0.0978263,3.52654,0.459695,-373.737,156.328,1.25084,0.0878554,1.00864,0.0715623,0.710501,0.0497226,0.900625,0.0341435,4.16839,0.360266,0.952,0.0230233,4.96695,0.429283,8.60635e-06,4.69441e-07,0.00965851,0.000454243,0.00966712,0.000454572
pmc_pair_gauss_k2,mcar_b50,0.05,complete,20,complete-data,,100,1.95,0.1035,0.0699831,0.0954474,0.014014,0.09585,0.0134791,0.901612,0.0350148,0.137484,0.073428,0.221371,0.105996,-1460.44,94.1254,nan,nan,nan,nan,nan,nan,nan,nan,nan,nan,nan,nan,nan,nan,0,0,0.0100325,0.000428559,0.0100325,0.000428559
pmc_pair_gauss_k2,mcar_b50,0.05,marginalise,20,observed-data,samples,100,1.95,0.411,0.129692,0.0957368,0.0139949,0.1115,0.0156995,0.614319,0.02963,0.46515,0.0612035,0.655936,0.0653693,-1390.87,96.1311,1.16141,0.22471,0.927917,0.183472,0.651536,0.132654,0.8635,0.0773424,3.51293,0.17078,0.9395,0.0458229,4.1433,0.190637,0.153686,0.004162,0.0228893,0.000551467,0.176575,0.00431208
pmc_pair_gauss_k2,mcar_b50,0.05,plugin,20,filled-series,gaussian,100,1.95,0.501,0.157477,0.0966579,0.0144272,0.116875,0.0159694,0.978585,0.0159477,0.9671,0.313466,3.06262,1.05752,-1358.95,96.7931,1.16141,0.22471,0.927917,0.183472,0.654394,0.125656,0.8825,0.0621437,3.53538,0.171474,0.942,0.0486231,4.21267,0.204324,0.0233997,0.00245032,0.00973249,0.000397825,0.0331322,0.00244564
pmc_pair_gauss_k2,mcar_b50,0.05,linear,20,filled-series,gaussian-sd-obs,100,1.95,0.5225,0.147929,0.0970526,0.0143503,0.118325,0.0152818,0.974199,0.0339785,0.998246,0.282147,3.27319,1.10494,-1358.77,99.6031,1.28151,0.40933,1.02084,0.356014,0.742867,0.27349,0.866,0.138921,4.10067,0.194235,0.917,0.0995305,4.88625,0.231445,1.77228e-05,1.32775e-05,0.00983199,0.00128238,0.00984972,0.00128115
pmc_pair_gauss_k2,mcar_b50,0.05,locf,20,filled-series,gaussian-sd-obs,100,1.95,0.5025,0.15276,0.0971579,0.0139443,0.117425,0.0157391,0.990245,0.00579701,0.986941,0.30666,3.21789,1.17052,-1380.36,98.2417,1.52126,0.315792,1.23341,0.283768,0.885249,0.213195,0.818,0.110815,4.10067,0.194235,0.8835,0.0887501,4.88625,0.231445,2.01584e-05,1.47512e-06,0.00978849,0.000431784,0.00980865,0.000432507
pmc_pair_gauss_k2,mcar_b50,0.05,mean,20,filled-series,gaussian-sd-obs,100,1.95,0.5355,0.141848,0.0962632,0.0141781,0.118225,0.015167,0.992732,0.00495634,1.06038,0.281874,3.63876,0.957461,-1361.21,102.583,1.31038,0.315455,1.08183,0.281431,0.761276,0.213993,0.8785,0.105645,4.10067,0.194235,0.936,0.0894074,4.88625,0.231445,6.9062e-06,2.33345e-07,0.00967056,0.000338936,0.00967746,0.000338996
pmc_pair_gauss_k2,mcar_b50,0.1,complete,20,complete-data,,200,4,0.08675,0.0356989,0.0968611,0.0147959,0.09585,0.0134791,0.91256,0.0236954,0.130749,0.0481332,0.218438,0.0723214,-1460.44,94.1254,nan,nan,nan,nan,nan,nan,nan,nan,nan,nan,nan,nan,nan,nan,0,0,0.00994449,0.000425796,0.00994449,0.000425796
pmc_pair_gauss_k2,mcar_b50,0.1,marginalise,20,observed-data,samples,200,4,0.40125,0.0958463,0.0979167,0.0152058,0.12825,0.0176803,0.607553,0.0205997,0.455602,0.0402131,0.645954,0.043784,-1326.41,93.9114,1.03026,0.113639,0.819647,0.0924629,0.575485,0.05854,0.91,0.0434681,3.50856,0.100003,0.95575,0.032496,4.13648,0.115415,0.179046,0.00254304,0.0244974,0.000709774,0.203543,0.00295025
pmc_pair_gauss_k2,mcar_b50,0.1,plugin,20,filled-series,gaussian,200,4,0.53575,0.072371,0.0994167,0.0153532,0.14305,0.0135451,0.979487,0.0139929,1.03729,0.139926,3.35209,0.498665,-1264.39,98.3118,1.03026,0.113639,0.819647,0.0924629,0.578916,0.0629811,0.914,0.0437276,3.53086,0.0950777,0.96525,0.025468,4.20728,0.113292,0.0242907,0.000359895,0.00962602,0.000438653,0.0339167,0.000602525
pmc_pair_gauss_k2,mcar_b50,0.1,linear,20,filled-series,gaussian-sd-obs,200,4,0.54425,0.0834026,0.100194,0.0152073,0.1446,0.0151106,0.984433,0.0109198,1.05919,0.165251,3.37682,0.652091,-1269.98,105.66,1.1269,0.195662,0.876695,0.151731,0.63978,0.111807,0.92275,0.0622278,4.10636,0.222348,0.96,0.0566383,4.89303,0.264944,1.55729e-05,8.6624e-07,0.00962236,0.000359893,0.00963794,0.000360246
pmc_pair_gauss_k2,mcar_b50,0.1,locf,20,filled-series,gaussian-sd-obs,200,4,0.52325,0.105585,0.0991667,0.0151755,0.141575,0.017198,0.971421,0.0352461,1.01694,0.196309,3.22263,0.700764,-1294.94,120.637,1.47351,0.349427,1.18537,0.306509,0.856889,0.234292,0.82125,0.121805,4.10636,0.222348,0.88175,0.104683,4.89303,0.264944,2.03917e-05,2.57896e-06,0.00953481,0.000351603,0.0095552,0.000351285
pmc_pair_gauss_k2,mcar_b50,0.1,mean,20,filled-series,gaussian-sd-obs,200,4,0.5585,0.0881103,0.0989722,0.0159202,0.144925,0.0146425,0.992967,0.00230817,1.10584,0.174967,3.80561,0.711325,-1266.9,111.572,1.26806,0.195563,1.02841,0.162925,0.72545,0.117765,0.89675,0.0688109,4.10636,0.222348,0.94225,0.053692,4.89303,0.264944,6.8479e-06,2.67367e-07,0.00975834,0.000378171,0.00976519,0.000378112
pmc_pair_gauss_k2,mcar_b50,0.2,complete,20,complete-data,,400,6.35,0.091875,0.0283061,0.0968438,0.0164618,0.09585,0.0134791,0.907656,0.0171551,0.13392,0.0315346,0.220543,0.046727,-1460.44,94.1254,nan,nan,nan,nan,nan,nan,nan,nan,nan,nan,nan,nan,nan,nan,0,0,0.00978084,0.000484175,0.00978084,0.000484175
pmc_pair_gauss_k2,mcar_b50,0.2,marginalise,20,observed-data,samples,400,6.35,0.425875,0.0790331,0.0971562,0.0164117,0.1629,0.0200208,0.596543,0.023992,0.464856,0.0278379,0.655891,0.029434,-1170.29,81.5734,1.10038,0.0733939,0.875699,0.0568705,0.614157,0.0418219,0.915875,0.0270146,3.636,0.115835,0.95825,0.0169189,4.28352,0.13202,0.225373,0.0046009,0.0266965,0.000792706,0.252069,0.00456996
pmc_pair_gauss_k2,mcar_b50,0.2,plugin,20,filled-series,gaussian,400,6.35,0.510375,0.0913649,0.101625,0.0177269,0.183375,0.0219358,0.983515,0.00883355,0.99275,0.176182,3.27441,0.630754,-1038.97,92.8474,1.10038,0.0733939,0.875699,0.0568705,0.614692,0.0396267,0.918625,0.0233463,3.65745,0.114971,0.96175,0.0118405,4.35812,0.136997,0.0262419,0.000829519,0.00921526,0.00027587,0.0354572,0.000923762
pmc_pair_gauss_k2,mcar_b50,0.2,linear,20,filled-series,gaussian-sd-obs,400,6.35,0.49975,0.0928067,0.102813,0.0178138,0.1822,0.0229389,0.982535,0.0107516,0.969285,0.182979,3.25319,0.825971,-1073.44,141.822,1.36177,0.252772,1.07248,0.191001,0.771954,0.146229,0.860625,0.0767809,4.11074,0.220974,0.913,0.0619454,4.89825,0.263307,1.62415e-05,6.90539e-07,0.00922441,0.000281043,0.00924065,0.000281211
pmc_pair_gauss_k2,mcar_b50,0.2,locf,20,filled-series,gaussian-sd-obs,400,6.35,0.503,0.104481,0.100656,0.0170362,0.181125,0.0249573,0.984784,0.0111342,0.977202,0.196606,3.31823,0.846862,-1096.53,168.852,1.51936,0.3827,1.2112,0.343775,0.88174,0.270899,0.81675,0.135003,4.11074,0.220974,0.8765,0.110294,4.89825,0.263307,1.93521e-05,1.77943e-06,0.00928074,0.000293987,0.00930009,0.00029516
pmc_pair_gauss_k2,mcar_b50,0.2,mean,20,filled-series,gaussian-sd-obs,400,6.35,0.53075,0.0972351,0.0989063,0.0170717,0.185275,0.022552,0.993499,0.00331166,1.0501,0.192144,3.68787,0.718385,-1039.24,116.288,1.2633,0.0914929,1.02396,0.0822238,0.717807,0.0539553,0.89925,0.0290655,4.11074,0.220974,0.950625,0.0235483,4.89825,0.263307,6.7896e-06,2.41258e-07,0.00924444,0.000293524,0.00925123,0.000293595
pmc_pair_gauss_k2,mcar_b50,0.4,complete,20,complete-data,,800,9.2,0.0935625,0.021587,0.097375,0.016533,0.09585,0.0134791,0.90533,0.00873829,0.136318,0.0230158,0.225786,0.0298152,-1460.44,94.1254,nan,nan,nan,nan,nan,nan,nan,nan,nan,nan,nan,nan,nan,nan,0,0,0.00963948,0.000425249,0.00963948,0.000425249
pmc_pair_gauss_k2,mcar_b50,0.4,marginalise,20,observed-data,samples,800,9.2,0.411188,0.0481747,0.0972083,0.0168005,0.2228,0.0222056,0.586138,0.0112155,0.472118,0.0160287,0.663851,0.0171771,-881.554,79.288,1.1441,0.073075,0.909752,0.0687967,0.639036,0.0418227,0.903437,0.0237928,3.78792,0.105537,0.953812,0.0139458,4.46123,0.125091,0.33237,0.00603034,0.0311521,0.000839926,0.363522,0.00660162
pmc_pair_gauss_k2,mcar_b50,0.4,plugin,20,filled-series,gaussian,800,9.2,0.5305,0.0573817,0.107,0.0187266,0.2764,0.0263187,0.987945,0.00586238,1.03961,0.116907,3.57509,0.458815,-593.684,92.7316,1.1441,0.073075,0.909752,0.0687967,0.641107,0.0434687,0.908125,0.0206733,3.81208,0.107807,0.957437,0.0122573,4.54237,0.12846,0.030903,0.000601367,0.00901245,0.000218817,0.0399155,0.000746234
pmc_pair_gauss_k2,mcar_b50,0.4,linear,20,filled-series,gaussian-sd-obs,800,9.2,0.528062,0.0577504,0.109708,0.0197523,0.27705,0.0279298,0.986006,0.008648,1.02872,0.116717,3.54464,0.587632,-622.18,165.221,1.33568,0.131968,1.05291,0.119844,0.755456,0.0848912,0.863687,0.0577846,4.07464,0.304868,0.921187,0.0428363,4.85523,0.363273,1.73126e-05,8.30525e-07,0.00907244,0.000534954,0.00908976,0.000535421
pmc_pair_gauss_k2,mcar_b50,0.4,locf,20,filled-series,gaussian-sd-obs,800,9.2,0.519187,0.0541247,0.106125,0.0192936,0.27135,0.0259935,0.98375,0.0158852,1.01061,0.106683,3.60784,0.609565,-673.37,225.329,1.58885,0.251201,1.26724,0.223071,0.917822,0.172557,0.789875,0.0906246,4.07464,0.304868,0.858313,0.0743848,4.85523,0.363273,1.84106e-05,6.71539e-07,0.00892658,0.000138618,0.00894499,0.000138927
pmc_pair_gauss_k2,mcar_b50,0.4,mean,20,filled-series,gaussian-sd-obs,800,9.2,0.543375,0.057199,0.101375,0.0177854,0.278175,0.0268707,0.995603,0.00106661,1.0797,0.11469,3.8506,0.485757,-604.16,159.108,1.27899,0.086311,1.03208,0.074565,0.727393,0.050739,0.8865,0.0385694,4.07464,0.304868,0.94025,0.0253288,4.85523,0.363273,6.5145e-06,5.89656e-07,0.00898928,0.000454184,0.0089958,0.000454705
pmc_pair_gauss_k2,mcar_b50,0.6,complete,20,complete-data,,1200,9.35,0.0975417,0.0201338,0.0933125,0.0190751,0.09585,0.0134791,0.901211,0.0117791,0.142641,0.0249106,0.234587,0.0365181,-1460.44,94.1254,nan,nan,nan,nan,nan,nan,nan,nan,nan,nan,nan,nan,nan,nan,0,0,0.00983677,0.000361035,0.00983677,0.000361035
pmc_pair_gauss_k2,mcar_b50,0.6,marginalise,20,observed-data,samples,1200,9.35,0.439625,0.0441021,0.0965,0.0206458,0.302375,0.027569,0.571846,0.00739158,0.481696,0.0114602,0.673657,0.0121916,-582.862,52.0655,1.16706,0.0873368,0.9324,0.07584,0.658877,0.0512354,0.907,0.0272032,3.90825,0.0667357,0.953542,0.0192359,4.60386,0.0798287,0.863695,0.306178,0.037499,0.00113345,0.901194,0.306454
pmc_pair_gauss_k2,mcar_b50,0.6,plugin,20,filled-series,gaussian,1200,9.35,0.525333,0.047903,0.107438,0.0233835,0.358175,0.0281735,0.992713,0.00287377,1.03594,0.0945446,3.6413,0.347294,-129.937,71.3328,1.16706,0.0873368,0.9324,0.07584,0.657062,0.0497153,0.909625,0.0255173,3.93358,0.0688888,0.959333,0.0159279,4.68715,0.082086,0.0378426,0.0011914,0.00935969,0.000322697,0.0472023,0.00128895
pmc_pair_gauss_k2,mcar_b50,0.6,linear,20,filled-series,gaussian-sd-obs,1200,9.35,0.521167,0.0522739,0.112437,0.0220514,0.357675,0.031054,0.99049,0.00586028,1.02473,0.102152,3.64944,0.485852,-182.226,185.513,1.41929,0.182532,1.1326,0.15579,0.809142,0.113509,0.84925,0.061086,4.13588,0.38893,0.9085,0.042794,4.9282,0.463439,2.16437e-05,4.04275e-06,0.00933277,0.000380561,0.00935442,0.00038223
pmc_pair_gauss_k2,mcar_b50,0.6,locf,20,filled-series,gaussian-sd-obs,1200,9.35,0.528583,0.0474335,0.106688,0.0221919,0.359825,0.0276088,0.991816,0.00319504,1.04128,0.0938848,3.67271,0.547685,-287.238,236.355,1.57114,0.215215,1.26518,0.18923,0.908836,0.142917,0.798542,0.0846047,4.13588,0.38893,0.873917,0.0626522,4.9282,0.463439,1.99478e-05,1.50781e-06,0.00933717,0.000433154,0.00935711,0.000433491
pmc_pair_gauss_k2,mcar_b50,0.6,mean,20,filled-series,gaussian-sd-obs,1200,9.35,0.534833,0.0499697,0.101188,0.0226293,0.361375,0.0296909,0.996495,0.00143754,1.06362,0.0989826,3.91983,0.53755,-100.452,163.22,1.26188,0.086936,1.01634,0.0734264,0.717311,0.0510931,0.89525,0.04231,4.13588,0.38893,0.94625,0.0299262,4.9282,0.463439,7.09175e-06,6.26969e-07,0.00932814,0.00036512,0.00933523,0.000365558
pmc_pair_gauss_k2,scattered,0.05,complete,20,complete-data,,100,1,0.1305,0.0748665,0.0940263,0.0144987,0.09585,0.0134791,0.897659,0.0270022,0.18626,0.103279,0.300175,0.162322,-1460.44,94.1254,nan,nan,nan,nan,nan,nan,nan,nan,nan,nan,nan,nan,nan,nan,0,0,0.00989056,0.000786196,0.00989056,0.000786196
pmc_pair_gauss_k2,scattered,0.05,marginalise,20,observed-data,samples,100,1,0.4115,0.1435,0.0940789,0.0143304,0.10995,0.0180671,0.567218,0.0231987,0.474688,0.0371274,0.666286,0.0400115,-1382.2,92.3966,1.13783,0.197258,0.915263,0.188287,0.65178,0.122481,0.9005,0.0661318,3.79641,0.0673161,0.947,0.0497467,4.46243,0.0801663,0.151354,0.00534686,0.0224856,0.000782081,0.17384,0.00564487
pmc_pair_gauss_k2,scattered,0.05,plugin,20,filled-series,gaussian,100,1,0.5525,0.159138,0.0945,0.0141354,0.1174,0.0131615,0.992826,0.0110024,1.08985,0.318917,3.70215,1.10032,-1348.09,94.2393,1.13783,0.197258,0.915263,0.188287,0.647612,0.119587,0.905,0.065091,3.81739,0.0686508,0.9485,0.0438028,4.54871,0.0818025,0.0224458,0.00120636,0.00938054,0.000294788,0.0318264,0.00130724
pmc_pair_gauss_k2,scattered,0.05,linear,20,filled-series,gaussian-sd-obs,100,1,0.5445,0.167881,0.0946579,0.0139848,0.11715,0.0136893,0.99122,0.0144167,1.07468,0.335859,3.55787,1.26866,-1355.71,103.622,1.24742,0.29563,1.00096,0.269371,0.717803,0.178189,0.887,0.0804003,4.12371,0.203878,0.945,0.0552982,4.9137,0.242936,1.4102e-05,5.69859e-07,0.00960935,0.000766292,0.00962345,0.000766282
pmc_pair_gauss_k2,scattered,0.05,locf,20,filled-series,gaussian-sd-obs,100,1,0.57,0.155868,0.0945,0.0140589,0.118275,0.0118571,0.99051,0.012434,1.12085,0.303969,3.74488,1.64565,-1367.25,107.932,1.5974,0.609366,1.35089,0.585898,0.977458,0.453981,0.756,0.19877,4.12371,0.203878,0.854,0.170028,4.9137,0.242936,2.06187e-05,4.23853e-06,0.00957649,0.000552294,0.0095971,0.000555147
pmc_pair_gauss_k2,scattered,0.05,mean,20,filled-series,gaussian-sd-obs,100,1,0.559,0.158609,0.0945,0.0142433,0.117725,0.0129954,0.996085,0.00227488,1.10969,0.313901,3.96107,1.16527,-1345.4,99.4038,1.18867,0.243773,0.964301,0.223925,0.682916,0.144517,0.9085,0.071545,4.12371,0.203878,0.9525,0.0441141,4.9137,0.242936,6.9083e-06,8.21786e-07,0.00962616,0.000616148,0.00963307,0.000616203
pmc_pair_gauss_k2,scattered,0.1,complete,20,complete-data,,200,1,0.07875,0.0443632,0.09775,0.0129307,0.09585,0.0134791,0.905394,0.025762,0.123689,0.0545239,0.208519,0.083032,-1460.44,94.1254,nan,nan,nan,nan,nan,nan,nan,nan,nan,nan,nan,nan,nan,nan,0,0,0.00950311,0.000367414,0.00950311,0.000367414
pmc_pair_gauss_k2,scattered,0.1,marginalise,20,observed-data,samples,200,1,0.4225,0.105712,0.0977778,0.0129977,0.13025,0.0177819,0.566429,0.0140534,0.478239,0.034909,0.670301,0.0371263,-1319.77,97.5342,1.20553,0.198585,0.977783,0.177946,0.680114,0.117346,0.89875,0.0665676,3.99087,0.0575279,0.9495,0.0476804,4.69711,0.0712694,0.17396,0.00443732,0.0237492,0.000991755,0.197709,0.00514354
pmc_pair_gauss_k2,scattered,0.1,plugin,20,filled-series,gaussian,200,1,0.5535,0.102996,0.0983056,0.0132263,0.143825,0.0144653,0.992462,0.00679204,1.09335,0.200352,3.89494,0.734284,-1242.65,96.0287,1.20553,0.198585,0.977783,0.177946,0.687372,0.121818,0.90125,0.065612,4.01708,0.0617162,0.955,0.0486123,4.78665,0.0735394,0.0235814,0.00105677,0.00929577,0.000362566,0.0328772,0.00112566
pmc_pair_gauss_k2,scattered,0.1,linear,20,filled-series,gaussian-sd-obs,200,1,0.54725,0.109298,0.0985278,0.013264,0.1434,0.0156933,0.987961,0.0134418,1.07286,0.219521,3.81438,1.25955,-1258.15,105.634,1.48661,0.30401,1.2154,0.289955,0.866254,0.199744,0.8195,0.0875079,4.10942,0.221272,0.891,0.0683566,4.89667,0.263662,1.45291e-05,9.25566e-07,0.00932057,0.000322573,0.0093351,0.000322568
pmc_pair_gauss_k2,scattered,0.1,locf,20,filled-series,gaussian-sd-obs,200,1,0.55625,0.099814,0.0981111,0.013078,0.143925,0.014225,0.990021,0.0213262,1.09547,0.190361,3.56809,1.29323,-1291.38,109.163,1.52413,0.384707,1.27272,0.368505,0.9064,0.286822,0.80175,0.154241,4.10942,0.221272,0.8745,0.140318,4.89667,0.263662,1.94852e-05,1.10657e-06,0.00939533,0.000380555,0.00941481,0.000381094
pmc_pair_gauss_k2,scattered,0.1,mean,20,filled-series,gaussian-sd-obs,200,1,0.55875,0.10543,0.0980556,0.0129971,0.144125,0.0143021,0.997377,0.00136686,1.11294,0.210807,4.03068,0.886812,-1246.42,113.607,1.2637,0.183503,1.03545,0.165207,0.726849,0.110953,0.88625,0.067295,4.10942,0.221272,0.94975,0.0480262,4.89667,0.263662,8.3918e-06,6.97226e-06,0.00939601,0.000379023,0.0094044,0.000378079
pmc_pair_gauss_k2,scattered,0.2,complete,20,complete-data,,400,1,0.087875,0.030825,0.0978438,0.0156552,0.09585,0.0134791,0.907609,0.0194841,0.126972,0.0380378,0.20827,0.0570174,-1460.44,94.1254,nan,nan,nan,nan,nan,nan,nan,nan,nan,nan,nan,nan,nan,nan,0,0,0.00974419,0.000318775,0.00974419,0.000318775
pmc_pair_gauss_k2,scattered,0.2,marginalise,20,observed-data,samples,400,1,0.435125,0.0802196,0.0980312,0.015757,0.16545,0.0216466,0.558358,0.00744822,0.487642,0.0205595,0.680555,0.021426,-1173.39,70.2541,1.25699,0.141507,1.02739,0.126693,0.717993,0.0886479,0.8945,0.0554562,4.09359,0.0390401,0.952375,0.0312931,4.82528,0.0490158,0.224309,0.00426947,0.0262399,0.000486807,0.250549,0.00451517
pmc_pair_gauss_k2,scattered,0.2,plugin,20,filled-series,gaussian,400,1,0.546,0.0839698,0.0988125,0.0153078,0.18825,0.01956,0.996642,0.00351558,1.08637,0.166463,3.9687,0.605601,-1010.47,75.7998,1.25699,0.141507,1.02739,0.126693,0.716571,0.0871274,0.8995,0.0513348,4.12339,0.0430049,0.956875,0.0275164,4.91332,0.0512435,0.0258984,0.000694299,0.00938802,0.000385711,0.0352864,0.000783723
pmc_pair_gauss_k2,scattered,0.2,linear,20,filled-series,gaussian-sd-obs,400,1,0.5485,0.0838443,0.0990625,0.0154064,0.18895,0.0197337,0.996559,0.00498764,1.09038,0.166711,4.18535,0.98385,-1007.24,131.112,1.3778,0.239999,1.12038,0.214201,0.794338,0.156896,0.84625,0.0923576,4.07325,0.247076,0.911375,0.0675535,4.85357,0.29441,1.52563e-05,1.10673e-06,0.0092731,0.000296088,0.00928835,0.000296295
pmc_pair_gauss_k2,scattered,0.2,locf,20,filled-series,gaussian-sd-obs,400,1,0.54975,0.0851659,0.0988438,0.0154926,0.189025,0.0195895,0.994632,0.00636454,1.08992,0.166809,4.20049,1.18284,-1010.98,156.738,1.59823,0.424328,1.31089,0.391574,0.949136,0.31692,0.780375,0.1524,4.07325,0.247076,0.84675,0.134978,4.85357,0.29441,1.90417e-05,6.31709e-07,0.00946777,0.000499501,0.00948682,0.000499874
pmc_pair_gauss_k2,scattered,0.2,mean,20,filled-series,gaussian-sd-obs,400,1,0.55025,0.0841869,0.0981875,0.015832,0.1886,0.0193945,0.998624,0.000632232,1.098,0.167963,4.00964,0.695711,-1019.4,102.796,1.29976,0.190884,1.06488,0.162697,0.747427,0.123128,0.873875,0.0827388,4.07325,0.247076,0.933,0.0624531,4.85357,0.29441,6.38755e-06,2.99541e-07,0.00942592,0.00042791,0.00943231,0.000428055
pmc_pair_gauss_k2,scattered,0.4,complete,20,complete-data,,800,1,0.0941875,0.0233652,0.0969583,0.0197412,0.09585,0.0134791,0.902417,0.0146807,0.137941,0.0304901,0.227155,0.0460966,-1460.44,94.1254,nan,nan,nan,nan,nan,nan,nan,nan,nan,nan,nan,nan,nan,nan,0,0,0.00990483,0.000425491,0.00990483,0.000425491
pmc_pair_gauss_k2,scattered,0.4,marginalise,20,observed-data,samples,800,1,0.452875,0.0591595,0.097125,0.0198725,0.239425,0.0256085,0.553939,0.00362823,0.492434,0.0136609,0.685219,0.013972,-871.161,77.9749,1.2272,0.131863,0.990474,0.115946,0.69783,0.0747545,0.909375,0.0358118,4.13599,0.0208024,0.955625,0.0288414,4.87753,0.0262867,0.344014,0.00761837,0.0323435,0.00115422,0.376358,0.00736892
pmc_pair_gauss_k2,scattered,0.4,plugin,20,filled-series,gaussian,800,1,0.539063,0.0610771,0.0979583,0.0198339,0.2744,0.0276084,0.997338,0.00234317,1.07279,0.119767,3.93501,0.447916,-544.431,83.2058,1.2272,0.131863,0.990474,0.115946,0.696887,0.0777194,0.911563,0.0335726,4.16725,0.0229852,0.959312,0.0266263,4.96559,0.0273886,0.0323411,0.000719983,0.00942336,0.00042747,0.0417645,0.000907457
pmc_pair_gauss_k2,scattered,0.4,linear,20,filled-series,gaussian-sd-obs,800,1,0.539625,0.0619663,0.0983333,0.0197832,0.27485,0.0284448,0.993813,0.00566383,1.06823,0.124268,3.86978,1.17297,-657.51,342.14,1.54156,0.290346,1.24985,0.257316,0.899576,0.195518,0.79675,0.109313,4.08796,0.334556,0.866875,0.0879925,4.87111,0.398648,1.71375e-05,1.21069e-06,0.00942566,0.000372221,0.0094428,0.000372832
pmc_pair_gauss_k2,scattered,0.4,locf,20,filled-series,gaussian-sd-obs,800,1,0.531563,0.0661474,0.0975833,0.0201237,0.271175,0.0311682,0.991275,0.0168408,1.0445,0.126488,3.84794,1.88988,-766.795,529.748,1.79233,0.649506,1.51883,0.642889,1.11526,0.520643,0.70775,0.217251,4.08796,0.334556,0.790313,0.194219,4.87111,0.398648,1.9831e-05,1.09893e-06,0.00952519,0.000706785,0.00954502,0.000706993
pmc_pair_gauss_k2,scattered,0.4,mean,20,filled-series,gaussian-sd-obs,800,1,0.54075,0.0617073,0.0974167,0.0198476,0.27475,0.0276884,0.998854,0.000456679,1.07909,0.123362,4.00074,0.607022,-545.399,166.926,1.27285,0.129093,1.02924,0.111128,0.725932,0.0792722,0.889625,0.0557649,4.08796,0.334556,0.941313,0.0394232,4.87111,0.398648,6.64375e-06,4.89366e-07,0.00937242,0.000410284,0.00937907,0.000410383
pmc_pair_gauss_k2,scattered,0.6,complete,20,complete-data,,1200,1,0.0971667,0.0214946,0.093875,0.0226054,0.09585,0.0134791,0.90219,0.0113031,0.141552,0.0281966,0.23244,0.0412287,-1460.44,94.1254,nan,nan,nan,nan,nan,nan,nan,nan,nan,nan,nan,nan,nan,nan,0,0,0.00986972,0.000491835,0.00986972,0.000491835
pmc_pair_gauss_k2,scattered,0.6,marginalise,20,observed-data,samples,1200,1,0.454583,0.0484892,0.09375,0.0227941,0.31025,0.0308628,0.552571,0.00276632,0.494707,0.0104823,0.687731,0.0106546,-587.582,61.8619,1.25394,0.098665,1.01384,0.0865973,0.713197,0.0568418,0.904833,0.0281438,4.15094,0.0118019,0.952917,0.0196395,4.89625,0.0148726,0.961796,0.33486,0.0376456,0.000663887,0.999442,0.334668
pmc_pair_gauss_k2,scattered,0.6,plugin,20,filled-series,gaussian,1200,1,0.543208,0.0500725,0.095875,0.0239692,0.364275,0.0309497,0.99839,0.00139695,1.08339,0.0994363,3.99392,0.367015,-92.3446,64.0656,1.25394,0.098665,1.01384,0.0865973,0.711656,0.0583333,0.907958,0.0259927,4.1825,0.012898,0.956708,0.018625,4.98376,0.0153689,0.0378308,0.000822288,0.00933439,0.000282822,0.0471652,0.000804035
pmc_pair_gauss_k2,scattered,0.6,linear,20,filled-series,gaussian-sd-obs,1200,1,0.531333,0.0574987,0.0969375,0.0236875,0.357575,0.0340732,0.995938,0.00594952,1.05427,0.118093,3.9931,0.967201,-168.189,488.001,1.59177,0.403244,1.29709,0.346715,0.940019,0.281301,0.780958,0.13666,4.05364,0.381115,0.853833,0.118483,4.83021,0.454127,1.91251e-05,1.52877e-06,0.0093005,0.000339846,0.00931963,0.000340458
pmc_pair_gauss_k2,scattered,0.6,locf,20,filled-series,gaussian-sd-obs,1200,1,0.544167,0.0504258,0.09525,0.0226733,0.3646,0.0312429,0.994013,0.014989,1.07641,0.109303,3.99468,1.10279,-194.209,633.155,1.60495,0.449592,1.32989,0.426572,0.961401,0.353137,0.772167,0.16239,4.05364,0.381115,0.848333,0.14489,4.83021,0.454127,2.43916e-05,1.71205e-05,0.00928663,0.000260182,0.00931103,0.000264027
pmc_pair_gauss_k2,scattered,0.6,mean,20,filled-series,gaussian-sd-obs,1200,1,0.544417,0.0504252,0.0945,0.0232421,0.36445,0.0313633,0.99908,0.000361289,1.08685,0.100741,4.01781,0.557679,-103.376,193.361,1.28448,0.0888175,1.03836,0.076983,0.731428,0.0537326,0.882042,0.0422991,4.05364,0.381115,0.937958,0.0297375,4.83021,0.454127,6.4125e-06,4.79695e-07,0.00937085,0.000405173,0.00937726,0.000405275
pmc_pair_gauss_k2,aligned,0.05,complete,20,complete-data,,100,1,0.0885,0.0844347,0.0962368,0.0129319,0.09585,0.0134791,0.906842,0.0448405,0.130815,0.104248,0.215228,0.146784,-1460.44,94.1254,nan,nan,nan,nan,nan,nan,nan,nan,nan,nan,nan,nan,nan,nan,0,0,0.00959112,0.000418221,0.00959112,0.000418221
pmc_pair_gauss_k2,aligned,0.05,marginalise,20,observed-data,samples,100,1,0.372,0.14274,0.0958947,0.012338,0.1097,0.0124704,0.574989,0.0253914,0.467051,0.0581134,0.659451,0.062046,-1395.7,95.2359,1.05042,0.273043,0.848511,0.267557,0.604933,0.165276,0.9005,0.116821,3.79394,0.0488547,0.943,0.0673639,4.45975,0.0588433,0.148443,0.002329,0.0223125,0.000567945,0.170756,0.00251267
pmc_pair_gauss_k2,aligned,0.05,plugin,20,filled-series,gaussian,100,1,0.6035,0.174364,0.0971579,0.0135948,0.122475,0.0167163,0.989326,0.0121539,1.18468,0.34316,4.00432,1.19762,-1361.48,92.3327,1.05042,0.273043,0.848511,0.267557,0.607056,0.169447,0.911,0.0973274,3.8155,0.0537377,0.9585,0.0460292,4.54645,0.0640324,0.0222647,0.000670793,0.00945323,0.000260444,0.031718,0.000715798
pmc_pair_gauss_k2,aligned,0.05,linear,20,filled-series,gaussian-sd-obs,100,1,0.6,0.177379,0.0974211,0.0137075,0.12255,0.0168943,0.984746,0.0211817,1.1707,0.345439,3.84069,1.28132,-1367.72,85.3588,1.21506,0.446516,0.998294,0.417233,0.718308,0.293744,0.8855,0.145547,4.13755,0.216892,0.9285,0.108156,4.93019,0.258443,1.38084e-05,6.64815e-07,0.00938862,0.000412773,0.00940243,0.00041289
pmc_pair_gauss_k2,aligned,0.05,locf,20,filled-series,gaussian-sd-obs,100,1,0.605,0.157864,0.0969211,0.0130631,0.122325,0.0161541,0.974199,0.0802675,1.1608,0.332377,4.11642,1.62216,-1363.95,88.5514,1.33132,0.612597,1.12875,0.611413,0.815749,0.466731,0.851,0.221191,4.13755,0.216892,0.9,0.185784,4.93019,0.258443,1.92334e-05,6.55089e-07,0.00941907,0.000369209,0.00943831,0.000369426
pmc_pair_gauss_k2,aligned,0.05,mean,20,filled-series,gaussian-sd-obs,100,1,0.61,0.173903,0.0963158,0.0126166,0.122,0.0157914,0.995307,0.00280454,1.20935,0.340678,4.27857,1.26366,-1360.82,103.263,1.09073,0.278636,0.891057,0.265304,0.63698,0.164944,0.923,0.088621,4.13755,0.216892,0.9725,0.0429044,4.93019,0.258443,6.7022e-06,3.60441e-07,0.00949161,0.000436139,0.00949831,0.000436181
pmc_pair_gauss_k2,aligned,0.1,complete,20,complete-data,,200,1,0.0895,0.0521864,0.0965556,0.0125263,0.09585,0.0134791,0.900628,0.0274689,0.131999,0.0570099,0.218139,0.0799391,-1460.44,94.1254,nan,nan,nan,nan,nan,nan,nan,nan,nan,nan,nan,nan,nan,nan,0,0,0.00957604,0.000364042,0.00957604,0.000364042
pmc_pair_gauss_k2,aligned,0.1,marginalise,20,observed-data,samples,200,1,0.3945,0.123298,0.0963889,0.0127128,0.1262,0.0145371,0.564676,0.0123691,0.476176,0.0297744,0.668556,0.0305399,-1321.92,88.1717,1.17227,0.199954,0.951839,0.190727,0.67284,0.117235,0.90025,0.0718638,3.98264,0.0407268,0.9485,0.0389365,4.68869,0.0507626,0.174423,0.00236233,0.0237387,0.000774886,0.198161,0.00271143
pmc_pair_gauss_k2,aligned,0.1,plugin,20,filled-series,gaussian,200,1,0.59,0.139981,0.0978333,0.0134533,0.14705,0.0210744,0.994808,0.00632873,1.16827,0.279502,4.16148,1.00584,-1244.35,87.3934,1.17227,0.199954,0.951839,0.190727,0.670914,0.121921,0.90625,0.0633053,4.0068,0.0434423,0.9585,0.0282889,4.77439,0.0517647,0.0233105,0.000677255,0.00952166,0.000719041,0.0328322,0.000883045
pmc_pair_gauss_k2,aligned,0.1,linear,20,filled-series,gaussian-sd-obs,200,1,0.5925,0.132312,0.0978889,0.0133766,0.14735,0.0203483,0.99069,0.018917,1.1714,0.262229,4.30474,1.20623,-1240.6,102.445,1.40662,0.479787,1.14883,0.466595,0.833997,0.363791,0.82425,0.17307,4.13641,0.227091,0.88825,0.149748,4.92884,0.270596,1.41416e-05,3.59208e-07,0.00940821,0.000853208,0.00942235,0.000853203
pmc_pair_gauss_k2,aligned,0.1,locf,20,filled-series,gaussian-sd-obs,200,1,0.6045,0.131808,0.0976944,0.0132174,0.148375,0.0199518,0.992071,0.0165636,1.19009,0.247847,4.35856,1.49668,-1252.96,93.1676,1.4991,0.55762,1.25305,0.558305,0.906338,0.439427,0.81125,0.188581,4.13641,0.227091,0.87225,0.171245,4.92884,0.270596,1.88667e-05,6.15596e-07,0.00934427,0.000293455,0.00936314,0.000293639
pmc_pair_gauss_k2,aligned,0.1,mean,20,filled-series,gaussian-sd-obs,200,1,0.5925,0.138169,0.0966667,0.0127733,0.14625,0.0203396,0.997771,0.00108853,1.17944,0.275271,4.26058,1.09405,-1246.05,104.12,1.19276,0.158242,0.97623,0.150738,0.68497,0.0968127,0.90875,0.0634921,4.13641,0.227091,0.9675,0.0287228,4.92884,0.270596,6.58325e-06,4.19112e-07,0.00929126,0.000250997,0.00929785,0.000251065
pmc_pair_gauss_k2,aligned,0.2,complete,20,complete-data,,400,1,0.091,0.0321018,0.0970625,0.0141931,0.09585,0.0134791,0.900048,0.0123293,0.135094,0.0352763,0.224128,0.0487452,-1460.44,94.1254,nan,nan,nan,nan,nan,nan,nan,nan,nan,nan,nan,nan,nan,nan,0,0,0.0100952,0.000708141,0.0100952,0.000708141
pmc_pair_gauss_k2,aligned,0.2,marginalise,20,observed-data,samples,400,1,0.431875,0.0585621,0.0970312,0.0144654,0.164,0.0157204,0.557115,0.00590203,0.489075,0.0136668,0.682519,0.0140299,-1166.01,93.2352,1.18647,0.142266,0.962836,0.130204,0.67833,0.0830833,0.91,0.0440992,4.08139,0.0221264,0.957625,0.0210962,4.80995,0.0280729,0.225112,0.00403276,0.0261689,0.000481961,0.251281,0.00430783
pmc_pair_gauss_k2,aligned,0.2,plugin,20,filled-series,gaussian,400,1,0.556375,0.0647235,0.0984687,0.0149636,0.19005,0.018791,0.996998,0.00254881,1.10673,0.126237,4.02371,0.462408,-1005.58,91.9518,1.18647,0.142266,0.962836,0.130204,0.676273,0.083371,0.914375,0.041887,4.10966,0.023694,0.96425,0.0183909,4.89697,0.0282331,0.026303,0.000609886,0.00939336,0.000252651,0.0356964,0.000683364
pmc_pair_gauss_k2,aligned,0.2,linear,20,filled-series,gaussian-sd-obs,400,1,0.559375,0.0637165,0.0986875,0.0149752,0.190825,0.0182607,0.994361,0.00700574,1.10759,0.124469,4.11511,1.00746,-1018.6,152.502,1.42764,0.275994,1.16371,0.243076,0.827388,0.184452,0.842125,0.0961984,4.14961,0.231358,0.905375,0.0796467,4.94457,0.27568,1.50168e-05,5.43112e-07,0.00932429,0.000377679,0.00933931,0.000377829
pmc_pair_gauss_k2,aligned,0.2,locf,20,filled-series,gaussian-sd-obs,400,1,0.554375,0.0678469,0.0983125,0.0149218,0.189525,0.0194784,0.995032,0.0082565,1.09864,0.128549,4.131,1.15586,-1024.71,154.886,1.54055,0.425104,1.2746,0.397445,0.914684,0.311216,0.804,0.144994,4.14961,0.231358,0.88,0.121574,4.94457,0.27568,1.96229e-05,8.824e-07,0.00939133,0.000288834,0.00941095,0.00028901
pmc_pair_gauss_k2,aligned,0.2,mean,20,filled-series,gaussian-sd-obs,400,1,0.556875,0.0641025,0.0976875,0.0145775,0.189525,0.0182825,0.998434,0.00070751,1.11039,0.127895,4.08472,0.613422,-1005.99,128.461,1.21121,0.12215,0.984719,0.10976,0.691443,0.0726774,0.911625,0.0425833,4.14961,0.231358,0.963125,0.0224176,4.94457,0.27568,6.50615e-06,1.9175e-07,0.00940865,0.000398213,0.00941515,0.000398276
pmc_pair_gauss_k2,aligned,0.4,complete,20,complete-data,,800,1,0.097,0.0231037,0.0950833,0.0149851,0.09585,0.0134791,0.898456,0.00978688,0.141792,0.0240018,0.233804,0.0335896,-1460.44,94.1254,nan,nan,nan,nan,nan,nan,nan,nan,nan,nan,nan,nan,nan,nan,0,0,0.00990151,0.000363455,0.00990151,0.000363455
pmc_pair_gauss_k2,aligned,0.4,marginalise,20,observed-data,samples,800,1,0.45675,0.048265,0.0949167,0.0155454,0.23965,0.0205613,0.553237,0.00348068,0.496039,0.0106884,0.689344,0.0109766,-858.69,79.971,1.19554,0.0825583,0.965962,0.0739513,0.679133,0.0447721,0.917938,0.025708,4.13174,0.0114829,0.96225,0.016296,4.87217,0.0146157,0.345557,0.00657779,0.032237,0.000945872,0.377794,0.00703054
pmc_pair_gauss_k2,aligned,0.4,plugin,20,filled-series,gaussian,800,1,0.541563,0.0505462,0.09625,0.0159598,0.274375,0.0231675,0.998146,0.00157727,1.07952,0.100943,3.9598,0.371708,-532.508,78.1529,1.19554,0.0825583,0.965962,0.0739513,0.678581,0.0475341,0.919875,0.0256074,4.16243,0.012306,0.966625,0.0137954,4.95984,0.0146635,0.0317899,0.000673849,0.00950463,0.000988331,0.0412946,0.00130721
pmc_pair_gauss_k2,aligned,0.4,linear,20,filled-series,gaussian-sd-obs,800,1,0.54075,0.0531204,0.0964167,0.0160639,0.27415,0.0242037,0.994139,0.00847208,1.07081,0.105878,3.82651,0.817664,-619.473,253.643,1.4919,0.293979,1.22296,0.279151,0.867839,0.213208,0.826625,0.102411,4.20652,0.283332,0.898,0.0830607,5.01238,0.33761,1.69082e-05,5.60974e-07,0.00935569,0.000399004,0.0093726,0.000399193
pmc_pair_gauss_k2,aligned,0.4,locf,20,filled-series,gaussian-sd-obs,800,1,0.538312,0.0526303,0.0962083,0.016067,0.27305,0.0246036,0.996327,0.00449597,1.06974,0.104553,4.07216,1.12483,-572.754,296.969,1.55231,0.409652,1.28861,0.399745,0.920192,0.307502,0.803875,0.142958,4.20652,0.283332,0.882375,0.116603,5.01238,0.33761,1.95374e-05,7.87912e-07,0.0093786,0.000428699,0.00939813,0.000428912
pmc_pair_gauss_k2,aligned,0.4,mean,20,filled-series,gaussian-sd-obs,800,1,0.542063,0.05024,0.0956667,0.0158635,0.274225,0.022817,0.998765,0.000393265,1.08158,0.100238,4.05995,0.49763,-514.201,166.17,1.22462,0.0824117,0.987517,0.071923,0.695672,0.048293,0.915125,0.033413,4.20652,0.283332,0.960125,0.0207027,5.01238,0.33761,6.40215e-06,4.18933e-07,0.00929077,0.000256496,0.00929717,0.000256471
pmc_pair_gauss_k2,aligned,0.6,complete,20,complete-data,,1200,1,0.0979167,0.0176704,0.09275,0.0209621,0.09585,0.0134791,0.900564,0.0075502,0.142476,0.0211797,0.234299,0.0311782,-1460.44,94.1254,nan,nan,nan,nan,nan,nan,nan,nan,nan,nan,nan,nan,nan,nan,0,0,0.0100949,0.000657186,0.0100949,0.000657186
pmc_pair_gauss_k2,aligned,0.6,marginalise,20,observed-data,samples,1200,1,0.453417,0.0410542,0.092625,0.0215818,0.3091,0.0265531,0.551903,0.00224781,0.494708,0.00923928,0.687807,0.00937392,-571.381,74.3208,1.21757,0.0706363,0.984934,0.0629292,0.691868,0.0405163,0.915,0.0216312,4.14907,0.00839186,0.960667,0.0160423,4.89378,0.0106607,0.897993,0.370413,0.0384232,0.00115227,0.936416,0.370556
pmc_pair_gauss_k2,aligned,0.6,plugin,20,filled-series,gaussian,1200,1,0.542583,0.0416394,0.09475,0.0222264,0.36345,0.0268323,0.998748,0.000997647,1.08241,0.0825478,3.98772,0.309637,-78.3732,76.3564,1.21757,0.0706363,0.984934,0.0629292,0.691005,0.0412227,0.917083,0.0216489,4.1804,0.0088849,0.964208,0.0150328,4.98125,0.010587,0.0381887,0.00113013,0.00939324,0.000315062,0.047582,0.00128284
pmc_pair_gauss_k2,aligned,0.6,linear,20,filled-series,gaussian-sd-obs,1200,1,0.543792,0.0410307,0.095125,0.0220753,0.364325,0.026365,0.995124,0.00689286,1.07761,0.0837512,3.80703,1.0024,-264.753,443.414,1.49544,0.329238,1.22246,0.288216,0.873046,0.22666,0.827417,0.117019,4.20602,0.481434,0.896042,0.0958659,5.01179,0.573663,1.98999e-05,1.85325e-06,0.00948747,0.000550435,0.00950737,0.000550928
pmc_pair_gauss_k2,aligned,0.6,locf,20,filled-series,gaussian-sd-obs,1200,1,0.540875,0.0434087,0.0945625,0.022073,0.36235,0.0278785,0.997079,0.0034129,1.07542,0.0846131,4.11648,1.12814,-138.838,462.532,1.57738,0.431819,1.30495,0.41542,0.938583,0.319264,0.7945,0.152621,4.20602,0.481434,0.866917,0.126124,5.01179,0.573663,1.97916e-05,7.93009e-07,0.00945234,0.000454318,0.00947213,0.000454494
pmc_pair_gauss_k2,aligned,0.6,mean,20,filled-series,gaussian-sd-obs,1200,1,0.542875,0.0416802,0.094,0.022597,0.363325,0.0264089,0.999002,0.000502233,1.08368,0.0831249,4.11515,0.563715,-42.25,239.275,1.2613,0.0815743,1.01824,0.0702793,0.718908,0.0509049,0.89975,0.0551182,4.20602,0.481434,0.948583,0.0404887,5.01179,0.573663,6.43545e-06,2.37271e-07,0.00947163,0.000502332,0.00947807,0.000502309
pmc_pair_gamma_gumbel_k2,mcar_b1,0.05,complete,20,complete-data,,100,94.95,0.18,0.0509902,0.173816,0.0276144,0.174125,0.0276291,0.820461,0.0239815,0.244909,0.0543384,0.36979,0.0671639,-1340.73,47.8583,nan,nan,nan,nan,nan,nan,nan,nan,nan,nan,nan,nan,nan,nan,0,0,0.0104335,0.000274575,0.0104335,0.000274575
pmc_pair_gamma_gumbel_k2,mcar_b1,0.05,marginalise,20,observed-data,samples,100,94.95,0.2155,0.0572598,0.176053,0.0273847,0.178025,0.0270849,0.789187,0.0219297,0.294528,0.0577269,0.448763,0.0703574,-1304.06,48.148,0.376301,0.030313,0.291351,0.0224833,0.207357,0.0151865,0.9005,0.0291051,1.19719,0.0308,0.9485,0.0249789,1.45333,0.0317158,0.196524,0.00474273,0.0298299,0.00106576,0.226354,0.00554366
pmc_pair_gamma_gumbel_k2,mcar_b1,0.05,plugin,20,filled-series,gaussian,100,94.95,0.2215,0.0534371,0.178211,0.0263575,0.180375,0.0260949,0.824989,0.0230297,0.308831,0.0635434,0.586715,0.152269,-1288.56,48.7918,0.376301,0.030313,0.291351,0.0224833,0.206178,0.0153281,0.9115,0.025808,1.21631,0.0334787,0.9485,0.0220705,1.44932,0.0398923,0.029451,0.00106575,0.010024,0.000204473,0.039475,0.00117268
pmc_pair_gamma_gumbel_k2,mcar_b1,0.05,linear,20,filled-series,gaussian-sd-obs,100,94.95,0.2215,0.0534371,0.178447,0.0262695,0.1806,0.0260135,0.825254,0.0234287,0.309605,0.0640013,0.588016,0.156335,-1288.32,48.6911,0.37953,0.0289267,0.29176,0.0207751,0.331758,0.020951,1,0,4.01935,0.336432,1,0,4.78935,0.400884,2.34105e-05,6.94626e-07,0.0100917,0.000305343,0.0101152,0.000305786
pmc_pair_gamma_gumbel_k2,mcar_b1,0.05,locf,20,filled-series,gaussian-sd-obs,100,94.95,0.2395,0.0570757,0.177895,0.026487,0.180975,0.0262205,0.816637,0.0235213,0.330214,0.0645259,0.778228,0.31187,-1315.83,49.1415,0.520123,0.0496358,0.386658,0.0316272,0.36946,0.0234569,0.9955,0.00825578,4.01935,0.336432,1,0,4.78935,0.400884,1.98957e-05,5.8226e-06,0.0100006,0.000267267,0.0100205,0.000266277
pmc_pair_gamma_gumbel_k2,mcar_b1,0.05,mean,20,filled-series,gaussian-sd-obs,100,94.95,0.5085,0.0653956,0.178921,0.0286196,0.1954,0.0284011,0.714491,0.0220408,0.662482,0.0805735,0.951978,0.112435,-1643.38,74.3888,1.21696,0.124367,0.964833,0.103583,0.686352,0.0700694,0.9055,0.035015,4.01935,0.336432,0.955,0.0270477,4.78935,0.400884,1.02374e-05,1.27285e-06,0.010158,0.000306392,0.0101683,0.000306876
pmc_pair_gamma_gumbel_k2,mcar_b1,0.1,complete,20,complete-data,,200,176.9,0.17325,0.0412398,0.174222,0.0270858,0.174125,0.0276291,0.824973,0.0224258,0.238484,0.0453777,0.363182,0.0616438,-1340.73,47.8583,nan,nan,nan,nan,nan,nan,nan,nan,nan,nan,nan,nan,nan,nan,0,0,0.0103976,0.000486229,0.0103976,0.000486229
pmc_pair_gamma_gumbel_k2,mcar_b1,0.1,marginalise,20,observed-data,samples,200,176.9,0.20275,0.044173,0.178333,0.0264814,0.180775,0.0268825,0.79282,0.0180215,0.288436,0.0471335,0.443983,0.0596841,-1266.01,41.3578,0.384274,0.032988,0.293574,0.0230565,0.210427,0.0167041,0.89725,0.0238678,1.22508,0.0191742,0.951,0.0150088,1.48769,0.0211694,0.252754,0.00861507,0.034114,0.00140387,0.286868,0.0097374
pmc_pair_gamma_gumbel_k2,mcar_b1,0.1,plugin,20,filled-series,gaussian,200,176.9,0.20725,0.0444698,0.182722,0.0261431,0.185175,0.0265341,0.82912,0.019819,0.30591,0.0524781,0.677684,0.187249,-1235.99,42.4063,0.384274,0.032988,0.293574,0.0230565,0.209762,0.0162844,0.89975,0.0244128,1.24359,0.0191525,0.9485,0.0149649,1.48183,0.0228216,0.0337249,0.00131998,0.0101227,0.000339538,0.0438476,0.00150074
pmc_pair_gamma_gumbel_k2,mcar_b1,0.1,linear,20,filled-series,gaussian-sd-obs,200,176.9,0.20725,0.043934,0.183056,0.0258516,0.185475,0.0261677,0.829264,0.0197166,0.306424,0.0518302,0.67878,0.184588,-1235.55,43.0459,0.392007,0.0330389,0.297686,0.0241628,0.334296,0.0216506,0.99975,0.00111803,4.01331,0.33675,1,0,4.78216,0.401263,3.15249e-05,2.40533e-06,0.0100866,0.000378723,0.0101181,0.000379603
pmc_pair_gamma_gumbel_k2,mcar_b1,0.1,locf,20,filled-series,gaussian-sd-obs,200,176.9,0.23325,0.0437479,0.181056,0.0263757,0.186275,0.0264727,0.820829,0.0203414,0.333926,0.050992,0.82452,0.228865,-1290.29,43.3123,0.528992,0.0375916,0.394735,0.0274085,0.371925,0.0205627,0.99725,0.00443521,4.01331,0.33675,0.99975,0.00111803,4.78216,0.401263,1.87186e-05,9.99753e-07,0.00997096,0.000292449,0.00998967,0.000292981
pmc_pair_gamma_gumbel_k2,mcar_b1,0.1,mean,20,filled-series,gaussian-sd-obs,200,176.9,0.51725,0.0452035,0.183278,0.0275127,0.216675,0.0260971,0.716217,0.0236941,0.661842,0.0461832,0.944005,0.0712376,-1909.89,116.579,1.23571,0.116427,0.978606,0.0844085,0.69541,0.0636499,0.90525,0.0294902,4.01331,0.33675,0.95575,0.0229573,4.78216,0.401263,1.27812e-05,4.13673e-07,0.00996082,0.00024784,0.0099736,0.000248102
pmc_pair_gamma_gumbel_k2,mcar_b1,0.2,complete,20,complete-data,,400,311.4,0.177,0.0308071,0.173406,0.0282482,0.174125,0.0276291,0.817877,0.015734,0.24044,0.0332545,0.365198,0.0414597,-1340.73,47.8583,nan,nan,nan,nan,nan,nan,nan,nan,nan,nan,nan,nan,nan,nan,0,0,0.0105161,0.000360424,0.0105161,0.000360424
pmc_pair_gamma_gumbel_k2,mcar_b1,0.2,marginalise,20,observed-data,samples,400,311.4,0.2175,0.0319024,0.182281,0.026071,0.189325,0.0254565,0.785052,0.012436,0.299552,0.0294425,0.4574,0.0333804,-1182.79,38.5853,0.402012,0.0163482,0.30517,0.009941,0.219563,0.00850172,0.900375,0.0167071,1.27471,0.0201772,0.947,0.0124234,1.55003,0.0212739,0.36376,0.012538,0.0436023,0.00156632,0.407362,0.0135443
pmc_pair_gamma_gumbel_k2,mcar_b1,0.2,plugin,20,filled-series,gaussian,400,311.4,0.22325,0.0271097,0.187375,0.0269515,0.19455,0.0257538,0.823454,0.0167374,0.318787,0.0328174,0.648764,0.0982498,-1124.15,43.1066,0.402012,0.0163482,0.30517,0.009941,0.218771,0.00788108,0.903375,0.0167071,1.29122,0.0194768,0.943375,0.0134329,1.53859,0.023208,0.0428627,0.00162087,0.0100176,0.000212357,0.0528803,0.00169708
pmc_pair_gamma_gumbel_k2,mcar_b1,0.2,linear,20,filled-series,gaussian-sd-obs,400,311.4,0.223375,0.0271118,0.187844,0.027152,0.19495,0.0259944,0.823796,0.0167996,0.319651,0.0334232,0.654718,0.0994266,-1123.2,42.9263,0.405931,0.0162268,0.306539,0.0103512,0.337519,0.0198595,0.99975,0.000769484,4.01647,0.320977,0.999875,0.000559017,4.78592,0.382468,4.09939e-05,1.06315e-06,0.0100276,0.000281374,0.0100685,0.000281737
pmc_pair_gamma_gumbel_k2,mcar_b1,0.2,locf,20,filled-series,gaussian-sd-obs,400,311.4,0.255125,0.0251244,0.188219,0.0239064,0.2016,0.0226591,0.819917,0.0175845,0.358369,0.0298335,0.796274,0.160793,-1230.35,46.8768,0.556841,0.0259192,0.414374,0.0182274,0.380679,0.019208,0.997125,0.00247022,4.01647,0.320977,0.99975,0.000769484,4.78592,0.382468,1.91855e-05,1.50173e-06,0.0101559,0.000352927,0.0101751,0.000353793
pmc_pair_gamma_gumbel_k2,mcar_b1,0.2,mean,20,filled-series,gaussian-sd-obs,400,311.4,0.520375,0.0334946,0.187938,0.0264226,0.254425,0.0232923,0.716812,0.0151977,0.669109,0.0409042,0.951878,0.0636825,-2283.52,169.526,1.22493,0.124762,0.96224,0.0897453,0.686943,0.0662897,0.90425,0.0173034,4.01647,0.320977,0.954375,0.0150629,4.78592,0.382468,1.78458e-05,1.91081e-06,0.00998469,0.000247154,0.0100025,0.000247582
pmc_pair_gamma_gumbel_k2,mcar_b1,0.4,complete,20,complete-data,,800,441.35,0.171875,0.0263719,0.175625,0.0307257,0.174125,0.0276291,0.823003,0.012003,0.239819,0.0241665,0.365206,0.0282441,-1340.73,47.8583,nan,nan,nan,nan,nan,nan,nan,nan,nan,nan,nan,nan,nan,nan,0,0,0.010651,0.000358757,0.010651,0.000358757
pmc_pair_gamma_gumbel_k2,mcar_b1,0.4,marginalise,20,observed-data,samples,800,441.35,0.229063,0.0199789,0.193083,0.0292775,0.207475,0.0236084,0.773121,0.0106913,0.316454,0.0219727,0.48145,0.0278032,-993.252,31.251,0.445151,0.0150085,0.338264,0.0133525,0.242644,0.00889504,0.904875,0.0111354,1.43962,0.0209942,0.95225,0.00697269,1.75169,0.0247316,0.552793,0.0165564,0.0541267,0.00198085,0.60692,0.0179343
pmc_pair_gamma_gumbel_k2,mcar_b1,0.4,plugin,20,filled-series,gaussian,800,441.35,0.2505,0.0203602,0.2075,0.0262342,0.2247,0.0211196,0.824479,0.0130436,0.361125,0.026802,0.761535,0.111693,-891.532,38.0536,0.445151,0.0150085,0.338264,0.0133525,0.242272,0.00847259,0.907375,0.0123338,1.4525,0.021089,0.949313,0.00818651,1.73077,0.0251291,0.0533871,0.00262509,0.00994355,0.000250031,0.0633306,0.00276551
pmc_pair_gamma_gumbel_k2,mcar_b1,0.4,linear,20,filled-series,gaussian-sd-obs,800,441.35,0.252,0.022196,0.207708,0.0262813,0.225425,0.0216024,0.823411,0.0131569,0.362932,0.027698,0.778236,0.119462,-887.599,38.2041,0.450079,0.0159239,0.340325,0.0140632,0.348623,0.0201121,0.999687,0.000798333,4.0084,0.333649,1,0,4.7763,0.397567,5.345e-05,1.81185e-06,0.0100514,0.000347656,0.0101048,0.000347186
pmc_pair_gamma_gumbel_k2,mcar_b1,0.4,locf,20,filled-series,gaussian-sd-obs,800,441.35,0.286312,0.0293585,0.204583,0.0291316,0.237275,0.0260367,0.830289,0.0151674,0.41821,0.0323906,0.966601,0.133845,-1089.01,42.1153,0.638506,0.0269207,0.474546,0.0194299,0.407935,0.0172468,0.99225,0.00458114,4.0084,0.333649,0.99725,0.00188484,4.7763,0.397567,1.96709e-05,2.42839e-06,0.0101935,0.000581495,0.0102132,0.000582499
pmc_pair_gamma_gumbel_k2,mcar_b1,0.4,mean,20,filled-series,gaussian-sd-obs,800,441.35,0.533625,0.0341603,0.202667,0.030704,0.33505,0.0245367,0.726044,0.0138862,0.689978,0.0432508,0.982081,0.0664847,-2510.21,227.737,1.22675,0.10912,0.970741,0.0778437,0.690184,0.0583962,0.901937,0.0193584,4.0084,0.333649,0.95425,0.0139866,4.7763,0.397567,2.10398e-05,7.52131e-07,0.0100382,0.000408007,0.0100593,0.000408351
pmc_pair_gamma_gumbel_k2,mcar_b1,0.6,complete,20,complete-data,,1200,404.05,0.175333,0.0290938,0.172312,0.0304578,0.174125,0.0276291,0.823021,0.0126834,0.239475,0.0275167,0.363665,0.0340654,-1340.73,47.8583,nan,nan,nan,nan,nan,nan,nan,nan,nan,nan,nan,nan,nan,nan,0,0,0.0105121,0.000370597,0.0105121,0.000370597
pmc_pair_gamma_gumbel_k2,mcar_b1,0.6,marginalise,20,observed-data,samples,1200,404.05,0.251958,0.0257409,0.199313,0.0302687,0.2309,0.0260953,0.753236,0.0114049,0.34166,0.0231517,0.513189,0.0275685,-735.313,22.9259,0.547768,0.0225533,0.413779,0.0152785,0.295829,0.0113816,0.895542,0.0112334,1.71813,0.0258912,0.949375,0.00784944,2.08737,0.0301476,0.924447,0.170074,0.0586679,0.00235978,0.983115,0.169964
pmc_pair_gamma_gumbel_k2,mcar_b1,0.6,plugin,20,filled-series,gaussian,1200,404.05,0.296375,0.0310222,0.229063,0.0329071,0.26945,0.029371,0.829589,0.0172697,0.426365,0.0364729,0.837418,0.0836124,-604.446,36.0516,0.547768,0.0225533,0.413779,0.0152785,0.295541,0.0108424,0.898125,0.0101122,1.72657,0.0262515,0.945958,0.00861063,2.05733,0.0312806,0.0578526,0.00206353,0.00998222,0.000291506,0.0678349,0.00204739
pmc_pair_gamma_gumbel_k2,mcar_b1,0.6,linear,20,filled-series,gaussian-sd-obs,1200,404.05,0.30025,0.0341213,0.2315,0.0326731,0.27275,0.0311843,0.827094,0.0171561,0.430163,0.0388413,0.866943,0.093966,-598.677,36.3825,0.553241,0.0243731,0.416212,0.0158801,0.378709,0.0210622,0.996708,0.00278985,3.99947,0.349037,0.99925,0.00129382,4.76567,0.415903,4.92541e-05,1.10051e-06,0.0100424,0.00049392,0.0100917,0.000493926
pmc_pair_gamma_gumbel_k2,mcar_b1,0.6,locf,20,filled-series,gaussian-sd-obs,1200,404.05,0.331875,0.0254705,0.22025,0.0292859,0.287225,0.0214877,0.851285,0.0149457,0.500759,0.0349026,1.16741,0.152134,-860.886,41.9065,0.781764,0.0479714,0.580366,0.0322428,0.462724,0.023622,0.974792,0.0114736,3.99947,0.349037,0.989625,0.00607865,4.76567,0.415903,1.89353e-05,8.70585e-07,0.010159,0.000460131,0.010178,0.000460439
pmc_pair_gamma_gumbel_k2,mcar_b1,0.6,mean,20,filled-series,gaussian-sd-obs,1200,404.05,0.5535,0.0234405,0.21125,0.0281064,0.4166,0.0174813,0.778154,0.0181273,0.766319,0.0407238,1.12734,0.0885106,-2033.82,222.409,1.22794,0.104768,0.974267,0.075301,0.691639,0.0562096,0.901292,0.022399,3.99947,0.349037,0.953208,0.0156166,4.76567,0.415903,1.91792e-05,1.25417e-06,0.0101034,0.000556556,0.0101226,0.000556989
pmc_pair_gamma_gumbel_k2,mcar_b10,0.05,complete,20,complete-data,,100,9.6,0.1965,0.108156,0.172947,0.0281869,0.174125,0.0276291,0.822269,0.0470569,0.25419,0.118032,0.376601,0.151055,-1340.73,47.8583,nan,nan,nan,nan,nan,nan,nan,nan,nan,nan,nan,nan,nan,nan,0,0,0.0103015,0.000402555,0.0103015,0.000402555
pmc_pair_gamma_gumbel_k2,mcar_b10,0.05,marginalise,20,observed-data,samples,100,9.6,0.2845,0.108699,0.173158,0.0280165,0.178725,0.028674,0.713992,0.0362625,0.378547,0.0899746,0.558866,0.103139,-1282.72,43.6148,0.691086,0.123788,0.538919,0.0976592,0.385428,0.0692113,0.9055,0.0521612,2.30405,0.067507,0.952,0.04021,2.7817,0.0843438,0.172576,0.00428897,0.0257329,0.000704184,0.198309,0.00484631
pmc_pair_gamma_gumbel_k2,mcar_b10,0.05,plugin,20,filled-series,gaussian,100,9.6,0.3485,0.0987967,0.174447,0.027475,0.18315,0.0265216,0.815381,0.0511053,0.512228,0.153155,0.903015,0.27097,-1276.42,43.9437,0.691086,0.123788,0.538919,0.0976592,0.385353,0.0677103,0.9095,0.0488257,2.30451,0.0626634,0.949,0.0408978,2.746,0.074668,0.0255506,0.000843008,0.0100619,0.000333198,0.0356126,0.0010156
pmc_pair_gamma_gumbel_k2,mcar_b10,0.05,linear,20,filled-series,gaussian-sd-obs,100,9.6,0.357,0.098574,0.174395,0.0272805,0.183525,0.0255824,0.809739,0.0495094,0.521124,0.147366,0.967949,0.294541,-1276.03,44.2762,0.692016,0.127646,0.540106,0.100736,0.433541,0.0514329,0.9895,0.0139454,4.0146,0.316624,0.998,0.00615587,4.78369,0.377281,1.53271e-05,6.47519e-07,0.00993285,0.000231192,0.00994818,0.000231532
pmc_pair_gamma_gumbel_k2,mcar_b10,0.05,locf,20,filled-series,gaussian-sd-obs,100,9.6,0.4205,0.0994974,0.174868,0.026253,0.18715,0.0249389,0.853742,0.051466,0.632618,0.147756,1.60803,0.703631,-1292.8,44.562,1.00201,0.238986,0.778852,0.194654,0.574937,0.126681,0.9445,0.049255,4.0146,0.316624,0.9695,0.0360519,4.78369,0.377281,1.81249e-05,6.88822e-07,0.00998756,0.000277239,0.0100057,0.000277637
pmc_pair_gamma_gumbel_k2,mcar_b10,0.05,mean,20,filled-series,gaussian-sd-obs,100,9.6,0.5735,0.0661955,0.174184,0.0269683,0.19415,0.0252055,0.850679,0.0588958,0.879024,0.123548,1.38431,0.272803,-1301.17,49.7691,1.23386,0.269542,1.00068,0.240413,0.709114,0.160502,0.898,0.0684105,4.0146,0.316624,0.9485,0.0542193,4.78369,0.377281,6.92505e-06,4.6058e-07,0.00998993,0.000330101,0.00999685,0.000330245
pmc_pair_gamma_gumbel_k2,mcar_b10,0.1,complete,20,complete-data,,200,18.2,0.1825,0.0725567,0.173194,0.0268421,0.174125,0.0276291,0.818799,0.0208707,0.2491,0.0619902,0.37718,0.0762332,-1340.73,47.8583,nan,nan,nan,nan,nan,nan,nan,nan,nan,nan,nan,nan,nan,nan,0,0,0.0103474,0.000420479,0.0103474,0.000420479
pmc_pair_gamma_gumbel_k2,mcar_b10,0.1,marginalise,20,observed-data,samples,200,18.2,0.28325,0.0612646,0.174611,0.0268016,0.185475,0.0268345,0.714795,0.0183062,0.37985,0.0492911,0.561072,0.0575718,-1222.62,44.6248,0.765337,0.148643,0.586546,0.100415,0.417854,0.0726992,0.8925,0.0411192,2.37496,0.116485,0.9485,0.0312923,2.86367,0.138784,0.213856,0.00575233,0.0275355,0.000865111,0.241391,0.00645538
pmc_pair_gamma_gumbel_k2,mcar_b10,0.1,plugin,20,filled-series,gaussian,200,18.2,0.3435,0.0734686,0.176528,0.0263578,0.193225,0.0279424,0.829754,0.0345508,0.503376,0.0836952,0.916465,0.158172,-1206.06,45.744,0.765337,0.148643,0.586546,0.100415,0.418022,0.0708768,0.8945,0.044126,2.37347,0.114204,0.944,0.0323061,2.82817,0.136082,0.0273739,0.000892199,0.0101802,0.000415717,0.0375541,0.00118992
pmc_pair_gamma_gumbel_k2,mcar_b10,0.1,linear,20,filled-series,gaussian-sd-obs,200,18.2,0.34725,0.0734932,0.177444,0.0268054,0.194425,0.0283703,0.82405,0.032729,0.500781,0.0824582,0.941966,0.18843,-1206.13,46.4688,0.778126,0.180389,0.590076,0.11107,0.465485,0.0795359,0.97425,0.0375666,3.99767,0.341635,0.988,0.0279285,4.76351,0.407083,1.80062e-05,4.17446e-06,0.0099841,0.000314231,0.0100021,0.000314248
pmc_pair_gamma_gumbel_k2,mcar_b10,0.1,locf,20,filled-series,gaussian-sd-obs,200,18.2,0.39175,0.0730406,0.177472,0.0253741,0.1989,0.0248006,0.841752,0.0354207,0.588042,0.109122,1.35054,0.390728,-1237.08,47.355,1.04255,0.202703,0.80349,0.157846,0.593612,0.108522,0.9185,0.0552292,3.99767,0.341635,0.95825,0.0352911,4.76351,0.407083,1.85499e-05,1.50434e-06,0.0100633,0.000350067,0.0100819,0.00035067
pmc_pair_gamma_gumbel_k2,mcar_b10,0.1,mean,20,filled-series,gaussian-sd-obs,200,18.2,0.53375,0.0664489,0.176056,0.0265739,0.211825,0.0241662,0.860723,0.0327677,0.842667,0.107873,1.34251,0.250342,-1255.65,47.0487,1.27412,0.155691,1.00521,0.102517,0.719316,0.0811521,0.8865,0.04995,3.99767,0.341635,0.942,0.0384708,4.76351,0.407083,8.225e-06,4.23361e-06,0.0100049,0.000249556,0.0100131,0.000249207
pmc_pair_gamma_gumbel_k2,mcar_b10,0.2,complete,20,complete-data,,400,32,0.1785,0.0348436,0.173031,0.0311731,0.174125,0.0276291,0.819473,0.0232823,0.243178,0.0394635,0.36772,0.0524622,-1340.73,47.8583,nan,nan,nan,nan,nan,nan,nan,nan,nan,nan,nan,nan,nan,nan,0,0,0.0102638,0.000441797,0.0102638,0.000441797
pmc_pair_gamma_gumbel_k2,mcar_b10,0.2,marginalise,20,observed-data,samples,400,32,0.32275,0.0710073,0.175313,0.0319427,0.2048,0.0330762,0.697051,0.0150963,0.400068,0.0557727,0.581062,0.0643785,-1097.36,45.9718,0.783888,0.0920047,0.605666,0.0627121,0.427557,0.042587,0.89675,0.0254189,2.50976,0.113524,0.94975,0.0173376,3.01407,0.129791,0.288382,0.00774527,0.0310425,0.000919173,0.319425,0.00847372
pmc_pair_gamma_gumbel_k2,mcar_b10,0.2,plugin,20,filled-series,gaussian,400,32,0.371,0.0458717,0.179719,0.0298361,0.217975,0.0209111,0.85027,0.0307147,0.570894,0.0809708,1.04678,0.227907,-1058.8,47.7683,0.783888,0.0920047,0.605666,0.0627121,0.429666,0.0434119,0.899,0.0254227,2.5071,0.1128,0.94575,0.0171315,2.9874,0.134409,0.0304188,0.000720071,0.00991521,0.00025709,0.040334,0.000876344
pmc_pair_gamma_gumbel_k2,mcar_b10,0.2,linear,20,filled-series,gaussian-sd-obs,400,32,0.37275,0.0431331,0.180031,0.0303979,0.218575,0.0227048,0.836064,0.033595,0.560681,0.0944655,1.09218,0.304176,-1063.28,47.8432,0.799376,0.112313,0.61299,0.0748502,0.475971,0.0442044,0.976125,0.0247683,4.03069,0.35254,0.988625,0.0144749,4.80287,0.420078,1.94354e-05,1.56725e-06,0.00995088,0.000332564,0.00997032,0.000332906
pmc_pair_gamma_gumbel_k2,mcar_b10,0.2,locf,20,filled-series,gaussian-sd-obs,400,32,0.423625,0.0489661,0.180094,0.0293643,0.2288,0.0230813,0.856288,0.0334956,0.663691,0.0970756,1.70046,0.737344,-1117.88,52.4165,1.11157,0.18741,0.840248,0.125132,0.621553,0.092683,0.922625,0.0454182,4.03069,0.35254,0.95525,0.0338427,4.80287,0.420078,1.80043e-05,7.19121e-07,0.00992665,0.000264262,0.00994465,0.000264589
pmc_pair_gamma_gumbel_k2,mcar_b10,0.2,mean,20,filled-series,gaussian-sd-obs,400,32,0.571125,0.0644944,0.178187,0.029464,0.256775,0.0197707,0.878531,0.0400235,0.917516,0.130594,1.5229,0.305805,-1143.32,62.0153,1.20675,0.133062,0.955519,0.103053,0.679946,0.0718283,0.913375,0.0272811,4.03069,0.35254,0.95975,0.0237849,4.80287,0.420078,7.7709e-06,3.3611e-07,0.00997141,0.000274696,0.00997918,0.000274909
pmc_pair_gamma_gumbel_k2,mcar_b10,0.4,complete,20,complete-data,,800,46.5,0.170375,0.0339022,0.176625,0.0307026,0.174125,0.0276291,0.827417,0.014521,0.231475,0.0317422,0.352594,0.0387694,-1340.73,47.8583,nan,nan,nan,nan,nan,nan,nan,nan,nan,nan,nan,nan,nan,nan,0,0,0.0104231,0.000444445,0.0104231,0.000444445
pmc_pair_gamma_gumbel_k2,mcar_b10,0.4,marginalise,20,observed-data,samples,800,46.5,0.313812,0.0432223,0.181,0.0291354,0.234125,0.0248235,0.669342,0.0166097,0.40788,0.0299161,0.592823,0.0344436,-854.962,37.2858,0.878584,0.0626385,0.680247,0.0511531,0.480682,0.0349109,0.904813,0.0192724,2.86831,0.129485,0.9525,0.0128695,3.43035,0.154507,0.449211,0.010556,0.0370617,0.000884603,0.486273,0.0111596
pmc_pair_gamma_gumbel_k2,mcar_b10,0.4,plugin,20,filled-series,gaussian,800,46.5,0.42175,0.048706,0.19275,0.0286337,0.28435,0.0287146,0.872818,0.022682,0.688684,0.0726452,1.33976,0.171464,-769.193,40.7934,0.878584,0.0626385,0.680247,0.0511531,0.480471,0.0332588,0.90875,0.0179638,2.86569,0.128094,0.956625,0.0122481,3.41468,0.152633,0.0370547,0.00125002,0.00999325,0.000338162,0.0470479,0.00141884
pmc_pair_gamma_gumbel_k2,mcar_b10,0.4,linear,20,filled-series,gaussian-sd-obs,800,46.5,0.408625,0.053416,0.194375,0.0285081,0.280075,0.0316944,0.848487,0.0281235,0.633131,0.0751432,1.34001,0.315785,-789.419,44.2126,0.957748,0.125956,0.727675,0.0871429,0.545209,0.060553,0.951563,0.0306102,4.01985,0.346462,0.975563,0.0234081,4.78995,0.412835,2.23208e-05,1.85714e-06,0.00993659,0.000228761,0.00995891,0.000228907
pmc_pair_gamma_gumbel_k2,mcar_b10,0.4,locf,20,filled-series,gaussian-sd-obs,800,46.5,0.454375,0.0557374,0.193375,0.0269577,0.297775,0.0292464,0.872983,0.0192552,0.727651,0.090257,2.04418,0.691908,-881.817,42.7287,1.26976,0.156101,0.972312,0.109856,0.709591,0.0846897,0.879562,0.0551259,4.01985,0.346462,0.924188,0.0447494,4.78995,0.412835,1.8971e-05,1.45002e-06,0.0100155,0.00039615,0.0100345,0.00039666
pmc_pair_gamma_gumbel_k2,mcar_b10,0.4,mean,20,filled-series,gaussian-sd-obs,800,46.5,0.551125,0.047229,0.189042,0.0291363,0.333875,0.0270228,0.9112,0.0301781,0.946423,0.1034,1.70649,0.318647,-897.4,71.092,1.22608,0.116166,0.973624,0.0952781,0.692215,0.0660316,0.899125,0.0303247,4.01985,0.346462,0.954875,0.0169019,4.78995,0.412835,8.6938e-06,1.56224e-06,0.0100421,0.000471551,0.0100508,0.000471535
pmc_pair_gamma_gumbel_k2,mcar_b10,0.6,complete,20,complete-data,,1200,40,0.173875,0.0247004,0.1745,0.0440925,0.174125,0.0276291,0.823019,0.0134482,0.237101,0.0259734,0.361268,0.0334248,-1340.73,47.8583,nan,nan,nan,nan,nan,nan,nan,nan,nan,nan,nan,nan,nan,nan,0,0,0.0106587,0.000321294,0.0106587,0.000321294
pmc_pair_gamma_gumbel_k2,mcar_b10,0.6,marginalise,20,observed-data,samples,1200,40,0.378708,0.0339348,0.182,0.0399226,0.300025,0.029541,0.62704,0.0126368,0.44418,0.0175794,0.632369,0.0195105,-567.451,29.1711,1.03053,0.0787043,0.791707,0.0563444,0.563881,0.0408919,0.897792,0.014969,3.31939,0.109667,0.948333,0.011547,3.95727,0.131708,0.9872,0.326744,0.0426428,0.00120483,1.02984,0.326489
pmc_pair_gamma_gumbel_k2,mcar_b10,0.6,plugin,20,filled-series,gaussian,1200,40,0.461583,0.0461428,0.199625,0.0436533,0.3568,0.0268913,0.914546,0.019148,0.816682,0.0872387,1.7291,0.225555,-409.209,38.3235,1.03053,0.0787043,0.791707,0.0563444,0.564279,0.0396885,0.902333,0.0152695,3.32517,0.110903,0.951292,0.011962,3.96219,0.132149,0.0428464,0.00121257,0.0099523,0.00020828,0.0527987,0.00131185
pmc_pair_gamma_gumbel_k2,mcar_b10,0.6,linear,20,filled-series,gaussian-sd-obs,1200,40,0.466292,0.0399044,0.205313,0.0452458,0.3619,0.0276575,0.890927,0.0242,0.780679,0.0816628,1.93372,0.357431,-446.84,38.7753,1.12909,0.100583,0.858604,0.0740075,0.629882,0.0544101,0.912333,0.0400088,3.99645,0.515063,0.950042,0.0255402,4.76206,0.613736,2.64978e-05,1.2842e-05,0.00998751,0.000367806,0.010014,0.000368187
pmc_pair_gamma_gumbel_k2,mcar_b10,0.6,locf,20,filled-series,gaussian-sd-obs,1200,40,0.49275,0.0454309,0.200875,0.0479413,0.376,0.0288398,0.904592,0.0236254,0.838746,0.0910294,2.6573,0.874644,-549.577,66.2451,1.40538,0.181763,1.07961,0.131647,0.786779,0.101731,0.842792,0.0545893,3.99645,0.515063,0.902458,0.0393166,4.76206,0.613736,1.89146e-05,1.25706e-06,0.0100014,0.000414294,0.0100203,0.000414495
pmc_pair_gamma_gumbel_k2,mcar_b10,0.6,mean,20,filled-series,gaussian-sd-obs,1200,40,0.544958,0.0402745,0.192375,0.0459707,0.403925,0.0228872,0.949115,0.0263944,0.994218,0.102967,2.0502,0.44499,-495.382,101.785,1.23018,0.0892622,0.973077,0.0665892,0.693996,0.0489188,0.892,0.0384061,3.99645,0.515063,0.946208,0.0237363,4.76206,0.613736,8.38755e-06,7.23261e-07,0.0101163,0.000599852,0.0101247,0.0006003
pmc_pair_gamma_gumbel_k2,mcar_b50,0.05,complete,20,complete-data,,100,1.95,0.16,0.10887,0.174868,0.0267727,0.174125,0.0276291,0.824826,0.0531102,0.216872,0.105606,0.335572,0.130624,-1340.73,47.8583,nan,nan,nan,nan,nan,nan,nan,nan,nan,nan,nan,nan,nan,nan,0,0,0.0103685,0.000449792,0.0103685,0.000449792
pmc_pair_gamma_gumbel_k2,mcar_b50,0.05,marginalise,20,observed-data,samples,100,1.95,0.401,0.155526,0.175053,0.0273633,0.18635,0.0295377,0.608799,0.0354336,0.458531,0.076007,0.649511,0.0834467,-1276.68,47.2509,1.14169,0.376472,0.93436,0.336658,0.664356,0.254062,0.8695,0.119229,3.55644,0.206804,0.927,0.0874252,4.22466,0.253569,0.168294,0.00341553,0.0253091,0.000749579,0.193603,0.00407565
pmc_pair_gamma_gumbel_k2,mcar_b50,0.05,plugin,20,filled-series,gaussian,100,1.95,0.4705,0.162949,0.174974,0.0272443,0.18975,0.0259466,0.917489,0.0635431,0.823941,0.305281,1.69344,0.735769,-1263.47,48.3188,1.14169,0.376472,0.93436,0.336658,0.663268,0.254012,0.8695,0.118387,3.55298,0.196984,0.9245,0.101384,4.23364,0.234721,0.0251479,0.000744851,0.0100545,0.000321772,0.0352023,0.000945627
pmc_pair_gamma_gumbel_k2,mcar_b50,0.05,linear,20,filled-series,gaussian-sd-obs,100,1.95,0.42,0.183016,0.175053,0.02713,0.1873,0.0264184,0.875797,0.0634312,0.699734,0.294876,1.58114,0.757665,-1268.43,49.8373,1.3666,0.442817,1.12612,0.415147,0.809227,0.330614,0.837,0.165819,4.01213,0.351634,0.891,0.155425,4.78075,0.418998,1.41145e-05,5.61034e-07,0.0100597,0.000355292,0.0100738,0.000355407
pmc_pair_gamma_gumbel_k2,mcar_b50,0.05,locf,20,filled-series,gaussian-sd-obs,100,1.95,0.4675,0.182753,0.175289,0.0268122,0.1899,0.0276946,0.877761,0.0925492,0.765381,0.314247,2.42146,2.56775,-1277.99,50.732,1.69255,0.618864,1.41442,0.586483,1.04037,0.493413,0.7395,0.219221,4.01213,0.351634,0.8025,0.202845,4.78075,0.418998,1.87875e-05,1.99133e-06,0.00999435,0.000340507,0.0100131,0.000340688
pmc_pair_gamma_gumbel_k2,mcar_b50,0.05,mean,20,filled-series,gaussian-sd-obs,100,1.95,0.5185,0.164229,0.174974,0.0274782,0.19215,0.0258376,0.969729,0.0195041,0.991003,0.324714,2.17743,0.822715,-1266.71,48.3881,1.23102,0.294693,0.989836,0.248424,0.711909,0.190926,0.879,0.120826,4.01213,0.351634,0.9355,0.0891761,4.78075,0.418998,6.67725e-06,5.76868e-07,0.0101441,0.000570807,0.0101507,0.000571158
pmc_pair_gamma_gumbel_k2,mcar_b50,0.1,complete,20,complete-data,,200,3.8,0.16925,0.067381,0.174667,0.0285475,0.174125,0.0276291,0.810499,0.0247127,0.235306,0.0660146,0.35957,0.0830477,-1340.73,47.8583,nan,nan,nan,nan,nan,nan,nan,nan,nan,nan,nan,nan,nan,nan,0,0,0.0102418,0.000322412,0.0102418,0.000322412
pmc_pair_gamma_gumbel_k2,mcar_b50,0.1,marginalise,20,observed-data,samples,200,3.8,0.38975,0.0899338,0.175167,0.0290773,0.196625,0.0247922,0.615001,0.0275978,0.464284,0.0444677,0.655375,0.0472898,-1208.6,47.6021,1.07323,0.132117,0.84537,0.102637,0.59677,0.0722465,0.9005,0.0468733,3.53348,0.167038,0.95325,0.0329783,4.19499,0.208314,0.204174,0.00451676,0.0267673,0.000708209,0.230941,0.00509196
pmc_pair_gamma_gumbel_k2,mcar_b50,0.1,plugin,20,filled-series,gaussian,200,3.8,0.46725,0.104283,0.175417,0.0285523,0.2046,0.0295455,0.930548,0.0222891,0.84798,0.19955,1.81076,0.470209,-1179.69,48.0171,1.07323,0.132117,0.84537,0.102637,0.59812,0.0717833,0.90275,0.0501963,3.53835,0.15946,0.95575,0.0331772,4.2162,0.190008,0.0265954,0.000467152,0.0100283,0.000330157,0.0366238,0.000601137
pmc_pair_gamma_gumbel_k2,mcar_b50,0.1,linear,20,filled-series,gaussian-sd-obs,200,3.8,0.4695,0.10401,0.175389,0.0282297,0.2048,0.0300961,0.882547,0.0522941,0.784047,0.175356,2.40833,1.80139,-1193.65,45.8414,1.28212,0.27749,1.02474,0.239101,0.737259,0.173603,0.866,0.0956776,4.00004,0.348104,0.92125,0.0727265,4.76634,0.414792,1.51604e-05,4.32838e-07,0.0100078,0.00031363,0.010023,0.000313649
pmc_pair_gamma_gumbel_k2,mcar_b50,0.1,locf,20,filled-series,gaussian-sd-obs,200,3.8,0.53925,0.0922422,0.176444,0.0289402,0.212725,0.030621,0.910438,0.0499848,0.93348,0.166512,3.88414,2.68943,-1209.02,45.6075,1.66362,0.417529,1.3444,0.348888,0.981206,0.276714,0.771,0.123976,4.00004,0.348104,0.83875,0.104515,4.76634,0.414792,1.84458e-05,7.88996e-07,0.0100397,0.000362013,0.0100581,0.0003625
pmc_pair_gamma_gumbel_k2,mcar_b50,0.1,mean,20,filled-series,gaussian-sd-obs,200,3.8,0.5215,0.0928227,0.174972,0.0288436,0.209625,0.0278695,0.96881,0.0211548,0.984829,0.178054,2.12765,0.4821,-1188.05,48.861,1.26343,0.199354,1.00182,0.162807,0.714919,0.115012,0.8825,0.0504323,4.00004,0.348104,0.9415,0.0426769,4.76634,0.414792,6.5875e-06,3.26421e-07,0.00997058,0.000344114,0.00997716,0.000344129
pmc_pair_gamma_gumbel_k2,mcar_b50,0.2,complete,20,complete-data,,400,6.35,0.17125,0.051103,0.174844,0.031163,0.174125,0.0276291,0.820536,0.0202866,0.235691,0.0492617,0.358173,0.0634133,-1340.73,47.8583,nan,nan,nan,nan,nan,nan,nan,nan,nan,nan,nan,nan,nan,nan,0,0,0.0103005,0.000408999,0.0103005,0.000408999
pmc_pair_gamma_gumbel_k2,mcar_b50,0.2,marginalise,20,observed-data,samples,400,6.35,0.384625,0.0640172,0.1755,0.0311872,0.217325,0.0301458,0.60033,0.0178468,0.458738,0.0279847,0.649297,0.0298237,-1077.56,47.5588,1.09105,0.143516,0.864802,0.115704,0.611302,0.0822609,0.9025,0.0330967,3.61086,0.132548,0.951375,0.0221311,4.28975,0.165596,0.273514,0.00640341,0.0295587,0.000759847,0.303073,0.00707222
pmc_pair_gamma_gumbel_k2,mcar_b50,0.2,plugin,20,filled-series,gaussian,400,6.35,0.521625,0.071328,0.177156,0.030793,0.24605,0.0277934,0.940325,0.0346918,0.954882,0.141514,2.09139,0.35966,-1016.23,50.2771,1.09105,0.143516,0.864802,0.115704,0.612627,0.0779008,0.905375,0.0368342,3.61988,0.130287,0.95625,0.0256559,4.31335,0.155247,0.0299747,0.000924471,0.0100131,0.000322816,0.0399878,0.00106537
pmc_pair_gamma_gumbel_k2,mcar_b50,0.2,linear,20,filled-series,gaussian-sd-obs,400,6.35,0.477375,0.0876802,0.178125,0.0306421,0.237975,0.0291798,0.916669,0.0426785,0.821985,0.16923,2.27404,0.730207,-1038.87,52.9426,1.23892,0.138845,0.984014,0.10474,0.7006,0.0761087,0.892125,0.0371986,3.9949,0.308576,0.942375,0.02953,4.76022,0.36769,1.64626e-05,4.99779e-07,0.0100484,0.000315698,0.0100649,0.000315798
pmc_pair_gamma_gumbel_k2,mcar_b50,0.2,locf,20,filled-series,gaussian-sd-obs,400,6.35,0.483625,0.0780244,0.178156,0.0314379,0.23925,0.0259547,0.918473,0.0535511,0.84248,0.164698,2.8704,1.96956,-1058.98,57.4779,1.56553,0.252097,1.23526,0.189417,0.89434,0.150011,0.7965,0.0652646,3.9949,0.308576,0.8675,0.0522834,4.76022,0.36769,1.86124e-05,7.67851e-07,0.0100287,0.000403381,0.0100473,0.000403814
pmc_pair_gamma_gumbel_k2,mcar_b50,0.2,mean,20,filled-series,gaussian-sd-obs,400,6.35,0.561375,0.0691893,0.176906,0.0306109,0.2538,0.0276997,0.97355,0.0147487,1.07178,0.13992,2.35523,0.434041,-1029.86,58.2279,1.2496,0.201501,0.994197,0.161972,0.706451,0.111595,0.894875,0.0362509,3.9949,0.308576,0.95,0.0307473,4.76022,0.36769,6.773e-06,2.25312e-07,0.0101042,0.000236575,0.010111,0.000236579
pmc_pair_gamma_gumbel_k2,mcar_b50,0.4,complete,20,complete-data,,800,9.3,0.167937,0.0345347,0.17825,0.034443,0.174125,0.0276291,0.827182,0.0177415,0.22829,0.0355999,0.348643,0.0467587,-1340.73,47.8583,nan,nan,nan,nan,nan,nan,nan,nan,nan,nan,nan,nan,nan,nan,0,0,0.0105881,0.000475238,0.0105881,0.000475238
pmc_pair_gamma_gumbel_k2,mcar_b50,0.4,marginalise,20,observed-data,samples,800,9.3,0.415,0.0413506,0.179667,0.0344138,0.2738,0.0262249,0.586769,0.0116903,0.475428,0.0212664,0.667012,0.0228662,-808.119,34.654,1.19182,0.134679,0.932739,0.0909064,0.660827,0.069229,0.889,0.0336013,3.73998,0.0706039,0.9395,0.0250243,4.44999,0.0885985,0.427949,0.0097619,0.0353563,0.000743242,0.463305,0.010353
pmc_pair_gamma_gumbel_k2,mcar_b50,0.4,plugin,20,filled-series,gaussian,800,9.3,0.538,0.0462089,0.181292,0.0339412,0.323975,0.0287921,0.954186,0.0135446,1.00475,0.0891265,2.22482,0.219274,-681.81,39.4607,1.19182,0.134679,0.932739,0.0909064,0.663053,0.0681116,0.895187,0.0351764,3.75522,0.0720524,0.948687,0.0275791,4.47462,0.0858557,0.0353633,0.00125166,0.00992519,0.000212957,0.0452885,0.00139429
pmc_pair_gamma_gumbel_k2,mcar_b50,0.4,linear,20,filled-series,gaussian-sd-obs,800,9.3,0.493125,0.0535338,0.185417,0.0340531,0.3085,0.0271695,0.913003,0.0332581,0.858934,0.116483,2.34902,0.796926,-732.797,64.1735,1.37819,0.185438,1.08941,0.146544,0.782133,0.108998,0.846,0.0649223,3.93957,0.387213,0.907062,0.0503447,4.69428,0.461393,1.93959e-05,3.65098e-06,0.010035,0.000384879,0.0100544,0.000385193
pmc_pair_gamma_gumbel_k2,mcar_b50,0.4,locf,20,filled-series,gaussian-sd-obs,800,9.3,0.4815,0.0653264,0.182958,0.033268,0.302375,0.0301269,0.914865,0.0527144,0.839903,0.135269,2.65488,1.09715,-789.927,78.1287,1.6029,0.285373,1.29237,0.239154,0.934483,0.194428,0.775438,0.0990409,3.93957,0.387213,0.84725,0.0861986,4.69428,0.461393,1.85813e-05,7.08939e-07,0.0100922,0.000526548,0.0101108,0.000527012
pmc_pair_gamma_gumbel_k2,mcar_b50,0.4,mean,20,filled-series,gaussian-sd-obs,800,9.3,0.564625,0.0408284,0.180875,0.0343576,0.334375,0.0276238,0.97046,0.0271348,1.06916,0.0926689,2.31653,0.453526,-709.284,64.2552,1.26016,0.158425,1.00045,0.119176,0.712636,0.0881587,0.886375,0.0497294,3.93957,0.387213,0.940688,0.037735,4.69428,0.461393,6.9791e-06,5.41435e-07,0.00992564,0.000355613,0.00993262,0.000355839
pmc_pair_gamma_gumbel_k2,mcar_b50,0.6,complete,20,complete-data,,1200,8.3,0.174,0.0380007,0.174313,0.0247337,0.174125,0.0276291,0.822171,0.0161605,0.242183,0.0381005,0.368188,0.0480688,-1340.73,47.8583,nan,nan,nan,nan,nan,nan,nan,nan,nan,nan,nan,nan,nan,nan,0,0,0.0112752,0.00296518,0.0112752,0.00296518
pmc_pair_gamma_gumbel_k2,mcar_b50,0.6,marginalise,20,observed-data,samples,1200,8.3,0.430458,0.0502519,0.176875,0.0257247,0.329025,0.0337056,0.570851,0.00675131,0.483353,0.0113764,0.675618,0.0119343,-544.298,28.9389,1.18888,0.106333,0.939159,0.0823093,0.665203,0.0574871,0.897083,0.026253,3.90065,0.0544068,0.948208,0.016883,4.65006,0.0681924,0.994302,0.204844,0.0417877,0.00326357,1.03609,0.205365
pmc_pair_gamma_gumbel_k2,mcar_b50,0.6,plugin,20,filled-series,gaussian,1200,8.3,0.528583,0.0515988,0.178,0.0254124,0.38835,0.0304692,0.962802,0.0126448,1.00362,0.100766,2.24538,0.238885,-361.758,28.7738,1.18888,0.106333,0.939159,0.0823093,0.666813,0.0572729,0.904958,0.02707,3.92528,0.0557852,0.956042,0.0208971,4.67726,0.0664722,0.041542,0.00100429,0.00996838,0.000214218,0.0515104,0.00113579
pmc_pair_gamma_gumbel_k2,mcar_b50,0.6,linear,20,filled-series,gaussian-sd-obs,1200,8.3,0.512208,0.0694182,0.180812,0.0278692,0.37965,0.0428265,0.924457,0.031692,0.901629,0.136716,2.77501,1.17733,-457.62,76.322,1.57409,0.337111,1.24995,0.271298,0.913353,0.228004,0.780958,0.107071,3.87224,0.412853,0.8495,0.099949,4.61406,0.491944,2.03397e-05,8.5544e-07,0.010078,0.000419407,0.0100983,0.000419641
pmc_pair_gamma_gumbel_k2,mcar_b50,0.6,locf,20,filled-series,gaussian-sd-obs,1200,8.3,0.508875,0.0505006,0.181625,0.0280891,0.377975,0.0339211,0.930747,0.0407606,0.910607,0.112314,3.39774,1.70075,-517.832,112.393,1.78557,0.396064,1.45268,0.348363,1.07051,0.296905,0.70925,0.130753,3.87224,0.412853,0.791708,0.124942,4.61406,0.491944,1.91022e-05,1.15268e-06,0.00994906,0.000382928,0.00996816,0.000382751
pmc_pair_gamma_gumbel_k2,mcar_b50,0.6,mean,20,filled-series,gaussian-sd-obs,1200,8.3,0.544375,0.0519818,0.177063,0.0257176,0.39745,0.030892,0.982944,0.0100497,1.05366,0.103447,2.47322,0.42882,-339.382,98.9953,1.2601,0.123862,0.99612,0.0879749,0.709743,0.0666101,0.881333,0.0414401,3.87224,0.412853,0.93725,0.0315975,4.61406,0.491944,6.90635e-06,2.7377e-07,0.0100506,0.000497265,0.0100575,0.000497277
pmc_pair_gamma_gumbel_k2,scattered,0.05,complete,20,complete-data,,100,1,0.2005,0.109038,0.172737,0.0293063,0.174125,0.0276291,0.819965,0.0564831,0.276324,0.125548,0.409828,0.163594,-1340.73,47.8583,nan,nan,nan,nan,nan,nan,nan,nan,nan,nan,nan,nan,nan,nan,0,0,0.01026,0.000369582,0.01026,0.000369582
pmc_pair_gamma_gumbel_k2,scattered,0.05,marginalise,20,observed-data,samples,100,1,0.4085,0.171227,0.172789,0.0297661,0.184575,0.0283156,0.578256,0.0252613,0.471202,0.048481,0.662313,0.0506343,-1277.1,46.2999,1.08858,0.317522,0.887356,0.274113,0.636983,0.200993,0.9105,0.0849443,3.7735,0.119651,0.955,0.0508351,4.49019,0.155114,0.168919,0.00203321,0.0252139,0.00070259,0.194133,0.002127
pmc_pair_gamma_gumbel_k2,scattered,0.05,plugin,20,filled-series,gaussian,100,1,0.53,0.126824,0.172842,0.029078,0.1907,0.0305741,0.958457,0.0219894,0.994817,0.235594,2.20042,0.568573,-1261.62,46.8677,1.08858,0.317522,0.887356,0.274113,0.630639,0.185893,0.913,0.0941499,3.78708,0.108376,0.9565,0.0664336,4.51258,0.129138,0.0252665,0.000669607,0.0101402,0.00037541,0.0354067,0.000853659
pmc_pair_gamma_gumbel_k2,scattered,0.05,linear,20,filled-series,gaussian-sd-obs,100,1,0.4255,0.155003,0.172947,0.0290378,0.185575,0.0300063,0.888489,0.0905669,0.728612,0.234451,1.8766,1.4219,-1269.85,47.963,1.1602,0.308192,0.948862,0.27005,0.676716,0.184228,0.8955,0.106597,4.017,0.362745,0.9525,0.0618891,4.78655,0.432237,1.4198e-05,7.13479e-07,0.0101138,0.000276508,0.010128,0.0002769
pmc_pair_gamma_gumbel_k2,scattered,0.05,locf,20,filled-series,gaussian-sd-obs,100,1,0.457,0.145606,0.173,0.0291744,0.1872,0.0271159,0.919276,0.085285,0.796026,0.284394,2.10138,2.33568,-1275.86,51.16,1.50285,0.559318,1.2932,0.544749,0.92716,0.418625,0.777,0.217088,4.017,0.362745,0.8615,0.171687,4.78655,0.432237,1.88875e-05,1.51416e-06,0.0101388,0.000382793,0.0101577,0.000382467
pmc_pair_gamma_gumbel_k2,scattered,0.05,mean,20,filled-series,gaussian-sd-obs,100,1,0.5625,0.137683,0.172658,0.0291816,0.19215,0.0304688,0.978104,0.0166655,1.07801,0.272711,2.41889,0.730009,-1262.89,48.098,1.18482,0.350914,0.970177,0.312149,0.697897,0.227661,0.895,0.130566,4.017,0.362745,0.944,0.102721,4.78655,0.432237,6.6709e-06,3.25031e-07,0.0101982,0.000319423,0.0102049,0.000319583
pmc_pair_gamma_gumbel_k2,scattered,0.1,complete,20,complete-data,,200,1,0.171,0.0586605,0.174472,0.0314246,0.174125,0.0276291,0.833634,0.0361701,0.229986,0.057494,0.349445,0.072641,-1340.73,47.8583,nan,nan,nan,nan,nan,nan,nan,nan,nan,nan,nan,nan,nan,nan,0,0,0.011652,0.00251386,0.011652,0.00251386
pmc_pair_gamma_gumbel_k2,scattered,0.1,marginalise,20,observed-data,samples,200,1,0.434,0.143257,0.174472,0.0313346,0.200425,0.0324732,0.562331,0.0119604,0.483358,0.0358511,0.675325,0.0365953,-1211.62,45.0663,1.08151,0.202942,0.877584,0.188359,0.615354,0.120458,0.92225,0.0544464,3.93575,0.0576484,0.9615,0.0328513,4.69352,0.0746863,0.21651,0.0226246,0.0278668,0.00191375,0.244377,0.0238123
pmc_pair_gamma_gumbel_k2,scattered,0.1,plugin,20,filled-series,gaussian,200,1,0.55825,0.139965,0.1745,0.0312647,0.212875,0.0284498,0.974126,0.01306,1.06878,0.272093,2.37605,0.611713,-1180.93,45.2762,1.08151,0.202942,0.877584,0.188359,0.622329,0.119846,0.933,0.0541538,3.96067,0.0547488,0.9755,0.036415,4.71943,0.0652373,0.0283588,0.00368327,0.0116957,0.00270073,0.0400545,0.00551253
pmc_pair_gamma_gumbel_k2,scattered,0.1,linear,20,filled-series,gaussian-sd-obs,200,1,0.46875,0.0975877,0.174944,0.0311142,0.204325,0.0306398,0.88476,0.0988704,0.767623,0.152257,1.75548,0.895503,-1196.36,49.3004,1.32425,0.295039,1.09052,0.280208,0.773971,0.180155,0.85375,0.0921651,4.04908,0.375673,0.91775,0.0627332,4.82478,0.447642,1.51685e-05,7.14356e-07,0.0107507,0.00132996,0.0107658,0.00133028
pmc_pair_gamma_gumbel_k2,scattered,0.1,locf,20,filled-series,gaussian-sd-obs,200,1,0.4275,0.147483,0.174722,0.0310837,0.2,0.0299838,0.906332,0.0947397,0.749518,0.289069,1.53223,0.898905,-1209.12,55.4472,1.43337,0.443232,1.20624,0.430726,0.861544,0.314596,0.8055,0.157922,4.04908,0.375673,0.88075,0.127096,4.82478,0.447642,2.08979e-05,6.18524e-06,0.0112962,0.00249791,0.0113171,0.0025023
pmc_pair_gamma_gumbel_k2,scattered,0.1,mean,20,filled-series,gaussian-sd-obs,200,1,0.57625,0.145139,0.174417,0.0313579,0.2146,0.0302614,0.980383,0.0167557,1.11132,0.290736,2.51764,0.762403,-1180.87,50.0569,1.12282,0.201667,0.9174,0.192476,0.650479,0.124505,0.92575,0.0698735,4.04908,0.375673,0.97125,0.0502592,4.82478,0.447642,7.35205e-06,1.92592e-06,0.0107467,0.00143701,0.0107541,0.00143774
pmc_pair_gamma_gumbel_k2,scattered,0.2,complete,20,complete-data,,400,1,0.16225,0.0453706,0.177094,0.0332531,0.174125,0.0276291,0.829276,0.0200474,0.219151,0.0430599,0.334688,0.0552472,-1340.73,47.8583,nan,nan,nan,nan,nan,nan,nan,nan,nan,nan,nan,nan,nan,nan,0,0,0.0112113,0.00165877,0.0112113,0.00165877
pmc_pair_gamma_gumbel_k2,scattered,0.2,marginalise,20,observed-data,samples,400,1,0.419,0.07727,0.177219,0.0334093,0.225575,0.0299461,0.558948,0.00598931,0.485284,0.0194712,0.678047,0.0198976,-1069.62,41.6285,1.21123,0.254804,0.970453,0.192161,0.687552,0.154029,0.897,0.0573172,4.0024,0.0476485,0.94875,0.0406242,4.77579,0.0612726,0.287482,0.0287913,0.0339165,0.00704765,0.321398,0.0342328
pmc_pair_gamma_gumbel_k2,scattered,0.2,plugin,20,filled-series,gaussian,400,1,0.56775,0.0803238,0.177406,0.0334362,0.255475,0.031856,0.980048,0.0112256,1.09829,0.158923,2.51238,0.377468,-1005.92,40.5412,1.21123,0.254804,0.970453,0.192161,0.688994,0.148138,0.9065,0.0626046,4.03633,0.0466196,0.96175,0.0474349,4.80959,0.0555507,0.0324883,0.00553381,0.010677,0.00196058,0.0431653,0.00630514
pmc_pair_gamma_gumbel_k2,scattered,0.2,linear,20,filled-series,gaussian-sd-obs,400,1,0.469,0.105856,0.178063,0.0332578,0.23625,0.0382683,0.959407,0.036127,0.880227,0.211797,2.77247,1.34797,-1032.17,70.4589,1.44009,0.334668,1.17783,0.315585,0.841462,0.233098,0.81675,0.114197,3.9883,0.308508,0.89175,0.0947229,4.75235,0.36761,1.63791e-05,1.8924e-06,0.0112326,0.00284465,0.011249,0.00284444
pmc_pair_gamma_gumbel_k2,scattered,0.2,locf,20,filled-series,gaussian-sd-obs,400,1,0.512625,0.107787,0.177937,0.0329998,0.244875,0.0361684,0.943759,0.0961722,0.931825,0.240688,3.16463,3.22289,-1022.24,92.2465,1.58346,0.497322,1.3169,0.435082,0.950598,0.340236,0.768625,0.161969,3.9883,0.308508,0.847875,0.136088,4.75235,0.36761,1.99314e-05,3.28025e-06,0.0110553,0.00206632,0.0110753,0.00206665
pmc_pair_gamma_gumbel_k2,scattered,0.2,mean,20,filled-series,gaussian-sd-obs,400,1,0.571375,0.0803957,0.177125,0.0334676,0.255975,0.0315246,0.983467,0.0135753,1.10707,0.158216,2.53471,0.472669,-1005.49,49.1441,1.24912,0.281103,1.00296,0.21004,0.714358,0.167931,0.887875,0.0770094,3.9883,0.308508,0.943125,0.0634422,4.75235,0.36761,7.1063e-06,1.9994e-06,0.0109496,0.00221616,0.0109568,0.00221781
pmc_pair_gamma_gumbel_k2,scattered,0.4,complete,20,complete-data,,800,1,0.169438,0.0299299,0.17725,0.0334484,0.174125,0.0276291,0.821419,0.01556,0.233399,0.0276613,0.356939,0.0354896,-1340.73,47.8583,nan,nan,nan,nan,nan,nan,nan,nan,nan,nan,nan,nan,nan,nan,0,0,0.010591,0.000438644,0.010591,0.000438644
pmc_pair_gamma_gumbel_k2,scattered,0.4,marginalise,20,observed-data,samples,800,1,0.460938,0.0691607,0.17725,0.0333422,0.290725,0.0335459,0.554426,0.00320262,0.497253,0.0145999,0.690319,0.0147426,-806.524,37.1424,1.22445,0.198864,0.976533,0.142124,0.69427,0.116541,0.89925,0.0469592,4.03402,0.0118665,0.9485,0.0331628,4.81539,0.0155608,0.418839,0.0040472,0.0352176,0.000614555,0.454056,0.00426754
pmc_pair_gamma_gumbel_k2,scattered,0.4,plugin,20,filled-series,gaussian,800,1,0.531937,0.0707682,0.177333,0.0334117,0.319175,0.0354324,0.986517,0.00141446,1.03642,0.138354,2.3738,0.319091,-678.638,37.7158,1.22445,0.198864,0.976533,0.142124,0.693622,0.112244,0.907563,0.0480379,4.07075,0.0106694,0.957687,0.0381851,4.8506,0.0127134,0.0350183,0.000941662,0.0100785,0.00035333,0.0450968,0.00104902
pmc_pair_gamma_gumbel_k2,scattered,0.4,linear,20,filled-series,gaussian-sd-obs,800,1,0.501812,0.0637306,0.177542,0.0327386,0.30725,0.0278206,0.947629,0.0654386,0.933283,0.166665,3.05373,1.62853,-716.126,104.946,1.44225,0.283114,1.16207,0.240498,0.832697,0.183245,0.827813,0.0977265,3.98209,0.331457,0.8935,0.07967,4.74496,0.394956,1.73062e-05,7.82625e-07,0.0101004,0.000269802,0.0101177,0.000270071
pmc_pair_gamma_gumbel_k2,scattered,0.4,locf,20,filled-series,gaussian-sd-obs,800,1,0.501687,0.0792525,0.176958,0.0331599,0.30685,0.0324253,0.930431,0.11531,0.905765,0.228615,3.65213,3.9561,-766.373,134.801,1.513,0.397208,1.23808,0.363696,0.890707,0.280685,0.800375,0.13471,3.98209,0.331457,0.871687,0.108748,4.74496,0.394956,1.89813e-05,8.65242e-07,0.00999442,0.000327307,0.0100134,0.000327139
pmc_pair_gamma_gumbel_k2,scattered,0.4,mean,20,filled-series,gaussian-sd-obs,800,1,0.535625,0.070275,0.177292,0.0334153,0.320625,0.035731,0.985662,0.0161703,1.04152,0.139059,2.46892,0.432593,-657.146,69.1256,1.24399,0.200357,0.991095,0.143757,0.706298,0.113725,0.8915,0.0576722,3.98209,0.331457,0.943875,0.0427737,4.74496,0.394956,6.76235e-06,1.06617e-06,0.00996387,0.000250856,0.00997064,0.000250973
pmc_pair_gamma_gumbel_k2,scattered,0.6,complete,20,complete-data,,1200,1,0.173792,0.0327197,0.174625,0.0337636,0.174125,0.0276291,0.822503,0.01577,0.236487,0.0322303,0.360027,0.0411947,-1340.73,47.8583,nan,nan,nan,nan,nan,nan,nan,nan,nan,nan,nan,nan,nan,nan,0,0,0.0116918,0.00212514,0.0116918,0.00212514
pmc_pair_gamma_gumbel_k2,scattered,0.6,marginalise,20,observed-data,samples,1200,1,0.449042,0.0546582,0.174313,0.0341328,0.33915,0.0360201,0.553184,0.00195296,0.492971,0.0117013,0.685908,0.0117599,-535.813,27.0718,1.2444,0.149229,0.986586,0.104053,0.70173,0.0795342,0.896208,0.0337013,4.0552,0.0169445,0.946708,0.0244896,4.84204,0.0215518,1.03822,0.383435,0.0453307,0.00868492,1.08355,0.382914
pmc_pair_gamma_gumbel_k2,scattered,0.6,plugin,20,filled-series,gaussian,1200,1,0.544125,0.0531469,0.175375,0.0339918,0.396625,0.0338829,0.985638,0.00396478,1.06004,0.106985,2.43103,0.250049,-345.38,28.8466,1.2444,0.149229,0.986586,0.104053,0.701735,0.0794529,0.904833,0.0354076,4.09317,0.0171124,0.955708,0.029204,4.87731,0.0203907,0.0479728,0.0103845,0.011859,0.00316044,0.0598318,0.012849
pmc_pair_gamma_gumbel_k2,scattered,0.6,linear,20,filled-series,gaussian-sd-obs,1200,1,0.509875,0.058533,0.176437,0.0335882,0.3765,0.034827,0.946598,0.0494243,0.936211,0.137558,2.83634,1.88463,-404.283,139.369,1.56853,0.446897,1.26151,0.368792,0.9202,0.302849,0.781833,0.126348,3.85715,0.430183,0.8485,0.116506,4.59608,0.512595,2.08814e-05,4.05814e-06,0.0111357,0.00240157,0.0111565,0.00240295
pmc_pair_gamma_gumbel_k2,scattered,0.6,locf,20,filled-series,gaussian-sd-obs,1200,1,0.504042,0.0706224,0.1755,0.0343487,0.372625,0.048654,0.942688,0.108403,0.918123,0.188246,3.64542,3.70876,-465.014,233.972,1.8654,0.835257,1.58665,0.847425,1.19186,0.737809,0.682208,0.254381,3.85715,0.430183,0.760042,0.249147,4.59608,0.512595,2.09251e-05,4.40096e-06,0.0114307,0.00240386,0.0114516,0.00240606
pmc_pair_gamma_gumbel_k2,scattered,0.6,mean,20,filled-series,gaussian-sd-obs,1200,1,0.545583,0.0527837,0.1755,0.033995,0.39755,0.0337837,0.986573,0.0141371,1.06209,0.0988641,2.55973,0.431103,-292.702,124.702,1.27235,0.155916,1.00947,0.108356,0.720991,0.0853765,0.871167,0.0648578,3.85715,0.430183,0.927875,0.050563,4.59608,0.512595,7.552e-06,2.83966e-06,0.0114085,0.00258727,0.011416,0.00258829
pmc_pair_gamma_gumbel_k2,aligned,0.05,complete,20,complete-data,,100,1,0.1825,0.114931,0.173684,0.0273737,0.174125,0.0276291,0.826596,0.0336159,0.257999,0.127575,0.387955,0.168138,-1340.73,47.8583,nan,nan,nan,nan,nan,nan,nan,nan,nan,nan,nan,nan,nan,nan,0,0,0.0126,0.0023021,0.0126,0.0023021
pmc_pair_gamma_gumbel_k2,aligned,0.05,marginalise,20,observed-data,samples,100,1,0.371,0.17988,0.173763,0.0273718,0.183625,0.0266926,0.57989,0.0233739,0.473259,0.0535338,0.665052,0.0554542,-1273.32,44.9322,1.10999,0.268538,0.905186,0.219713,0.633521,0.157569,0.8955,0.0782355,3.79311,0.134304,0.9485,0.0508118,4.51415,0.172286,0.209151,0.0191318,0.0306125,0.00370321,0.239764,0.0202248
pmc_pair_gamma_gumbel_k2,aligned,0.05,plugin,20,filled-series,gaussian,100,1,0.584,0.208286,0.173947,0.027341,0.19445,0.028083,0.956178,0.0315452,1.10929,0.407672,2.48023,0.944388,-1257.24,45.8975,1.10999,0.268538,0.905186,0.219713,0.638498,0.15207,0.904,0.0802234,3.80677,0.126526,0.965,0.0492576,4.53604,0.150765,0.0318107,0.0064341,0.0119816,0.00186215,0.0437923,0.00737073
pmc_pair_gamma_gumbel_k2,aligned,0.05,linear,20,filled-series,gaussian-sd-obs,100,1,0.576,0.194027,0.174237,0.0274596,0.194325,0.0293411,0.904558,0.0889103,0.990631,0.374005,2.37897,1.26798,-1260.7,50.2319,1.22711,0.301126,1.01777,0.285149,0.717391,0.191334,0.886,0.0966491,4.026,0.334997,0.9455,0.0731599,4.79728,0.399174,1.52249e-05,1.19176e-06,0.0117938,0.00182405,0.0118091,0.00182356
pmc_pair_gamma_gumbel_k2,aligned,0.05,locf,20,filled-series,gaussian-sd-obs,100,1,0.576,0.216124,0.173974,0.0274883,0.194075,0.0293304,0.935291,0.0846973,1.02878,0.429221,2.30636,1.323,-1267.71,51.4064,1.32309,0.426586,1.09142,0.368581,0.779838,0.273452,0.854,0.145508,4.026,0.334997,0.9065,0.117977,4.79728,0.399174,1.98708e-05,1.56909e-06,0.0129083,0.00322208,0.0129282,0.00322274
pmc_pair_gamma_gumbel_k2,aligned,0.05,mean,20,filled-series,gaussian-sd-obs,100,1,0.6135,0.198978,0.173789,0.0273837,0.195775,0.0279739,0.97671,0.0140556,1.17848,0.393557,2.65027,0.999804,-1259.21,46.5359,1.15876,0.281502,0.951067,0.233743,0.67308,0.167144,0.9095,0.0861135,4.026,0.334997,0.9625,0.0625658,4.79728,0.399174,8.2624e-06,2.40461e-06,0.0129794,0.00304845,0.0129877,0.00304876
pmc_pair_gamma_gumbel_k2,aligned,0.1,complete,20,complete-data,,200,1,0.177,0.0774495,0.173806,0.0288553,0.174125,0.0276291,0.818987,0.0255439,0.247974,0.0804069,0.376849,0.101881,-1340.73,47.8583,nan,nan,nan,nan,nan,nan,nan,nan,nan,nan,nan,nan,nan,nan,0,0,0.0116959,0.0013202,0.0116959,0.0013202
pmc_pair_gamma_gumbel_k2,aligned,0.1,marginalise,20,observed-data,samples,200,1,0.434,0.112666,0.173861,0.0288312,0.199875,0.0278449,0.570085,0.0127215,0.485688,0.0352173,0.678035,0.0373707,-1204.96,46.7463,1.1145,0.198168,0.889572,0.171918,0.633151,0.111131,0.91225,0.050614,3.93155,0.0947237,0.95725,0.0305853,4.68739,0.122352,0.24366,0.0168814,0.033858,0.00646693,0.277518,0.0190185
pmc_pair_gamma_gumbel_k2,aligned,0.1,plugin,20,filled-series,gaussian,200,1,0.546,0.121791,0.174028,0.028877,0.211225,0.02775,0.969999,0.0175539,1.0451,0.237387,2.36219,0.571346,-1174.06,48.434,1.1145,0.198168,0.889572,0.171918,0.63395,0.108585,0.921,0.0468649,3.95963,0.0905779,0.9655,0.0303011,4.71819,0.10793,0.033426,0.0063329,0.0115816,0.00108094,0.0450076,0.00672463
pmc_pair_gamma_gumbel_k2,aligned,0.1,linear,20,filled-series,gaussian-sd-obs,200,1,0.5035,0.116631,0.174583,0.0293402,0.207475,0.0315426,0.929134,0.0837236,0.889701,0.245551,2.8608,2.08105,-1193.63,47.1976,1.45172,0.341576,1.19992,0.318669,0.848744,0.224916,0.82,0.103097,4.03592,0.343896,0.896,0.0690842,4.8091,0.409777,1.68458e-05,4.7063e-06,0.0116092,0.00190606,0.0116261,0.00190591
pmc_pair_gamma_gumbel_k2,aligned,0.1,locf,20,filled-series,gaussian-sd-obs,200,1,0.53825,0.132529,0.174361,0.0292122,0.21075,0.0274022,0.949077,0.0711277,0.974883,0.261349,2.20652,0.89222,-1191.31,61.7622,1.48664,0.508441,1.23085,0.481886,0.885493,0.364562,0.806,0.17053,4.03592,0.343896,0.873,0.146327,4.8091,0.409777,2.34292e-05,1.28434e-05,0.0125427,0.00305462,0.0125661,0.00305166
pmc_pair_gamma_gumbel_k2,aligned,0.1,mean,20,filled-series,gaussian-sd-obs,200,1,0.5645,0.12108,0.173972,0.0288688,0.213025,0.0270572,0.980736,0.0169774,1.08884,0.236468,2.48217,0.612859,-1173.92,49.6803,1.16601,0.189885,0.933719,0.1625,0.664051,0.102698,0.91725,0.0445585,4.03592,0.343896,0.961,0.0355261,4.8091,0.409777,7.5063e-06,1.95753e-06,0.0127508,0.00244426,0.0127584,0.00244432
pmc_pair_gamma_gumbel_k2,aligned,0.2,complete,20,complete-data,,400,1,0.17325,0.0482735,0.174344,0.0313292,0.174125,0.0276291,0.828697,0.0191549,0.238944,0.0499693,0.361379,0.0634198,-1340.73,47.8583,nan,nan,nan,nan,nan,nan,nan,nan,nan,nan,nan,nan,nan,nan,0,0,0.0122926,0.00156859,0.0122926,0.00156859
pmc_pair_gamma_gumbel_k2,aligned,0.2,marginalise,20,observed-data,samples,400,1,0.419,0.0755959,0.174375,0.0314121,0.2233,0.0291418,0.557493,0.00608685,0.48761,0.0201468,0.680662,0.0212778,-1067.13,41.306,1.18045,0.147929,0.951165,0.125759,0.664821,0.0843517,0.904125,0.0365113,4.01923,0.047807,0.950875,0.0249509,4.79764,0.0617438,0.334379,0.0237923,0.0374423,0.00655071,0.371822,0.027971
pmc_pair_gamma_gumbel_k2,aligned,0.2,plugin,20,filled-series,gaussian,400,1,0.584875,0.0846373,0.174812,0.0313519,0.256825,0.0273348,0.977449,0.0105988,1.12586,0.158531,2.55131,0.353675,-1005.03,41.939,1.18045,0.147929,0.951165,0.125759,0.670966,0.0821586,0.916125,0.0349292,4.05212,0.0459054,0.965,0.0214445,4.8284,0.0546997,0.0395162,0.00963772,0.0122903,0.00223973,0.0518065,0.0103103
pmc_pair_gamma_gumbel_k2,aligned,0.2,linear,20,filled-series,gaussian-sd-obs,400,1,0.513375,0.113521,0.175,0.0316091,0.242675,0.0346358,0.926915,0.0624347,0.920292,0.224633,2.31895,1.29767,-1039.51,70.7995,1.54749,0.417917,1.27534,0.396052,0.915458,0.294045,0.785625,0.140483,4.03057,0.35471,0.863125,0.110095,4.80272,0.422664,1.8652e-05,5.9144e-06,0.0126455,0.00255355,0.0126642,0.00255497
pmc_pair_gamma_gumbel_k2,aligned,0.2,locf,20,filled-series,gaussian-sd-obs,400,1,0.489125,0.126481,0.174781,0.0314966,0.23765,0.0352462,0.95271,0.069367,0.897225,0.247897,2.06792,0.887106,-1036.59,82.7537,1.56087,0.610806,1.30162,0.590412,0.945274,0.463771,0.783875,0.202048,4.03057,0.35471,0.852,0.176482,4.80272,0.422664,2.09875e-05,4.37727e-06,0.0128818,0.00334904,0.0129028,0.00335224
pmc_pair_gamma_gumbel_k2,aligned,0.2,mean,20,filled-series,gaussian-sd-obs,400,1,0.59075,0.0851435,0.174563,0.0313466,0.2578,0.0276355,0.979793,0.0239628,1.13465,0.160367,2.57634,0.510676,-1003.41,52.8523,1.20758,0.165712,0.975924,0.144182,0.688158,0.0937987,0.90575,0.0474487,4.03057,0.35471,0.957125,0.0309422,4.80272,0.422664,8.55e-06,3.21891e-06,0.0131292,0.00416974,0.0131378,0.00417128
pmc_pair_gamma_gumbel_k2,aligned,0.4,complete,20,complete-data,,800,1,0.169375,0.0314363,0.177292,0.0357326,0.174125,0.0276291,0.826138,0.0155016,0.235362,0.0354989,0.358803,0.0451154,-1340.73,47.8583,nan,nan,nan,nan,nan,nan,nan,nan,nan,nan,nan,nan,nan,nan,0,0,0.0137699,0.0037109,0.0137699,0.0037109
pmc_pair_gamma_gumbel_k2,aligned,0.4,marginalise,20,observed-data,samples,800,1,0.444687,0.0634622,0.177417,0.0358082,0.284325,0.0345616,0.554368,0.00224021,0.492678,0.0135998,0.685599,0.0137519,-795.56,31.9679,1.26148,0.202394,0.999053,0.14989,0.710566,0.120773,0.889625,0.0450696,4.04254,0.0232459,0.94,0.0350657,4.82612,0.029857,0.522271,0.0305603,0.0441296,0.0059846,0.5664,0.0329496
pmc_pair_gamma_gumbel_k2,aligned,0.4,plugin,20,filled-series,gaussian,800,1,0.553375,0.0664404,0.177625,0.0357678,0.327925,0.0323335,0.984818,0.0046663,1.07673,0.128543,2.46485,0.295933,-667.852,33.7773,1.26148,0.202394,0.999053,0.14989,0.712016,0.115601,0.89925,0.0439467,4.07936,0.0227233,0.95125,0.0374561,4.86086,0.0270765,0.0436067,0.00526844,0.0129985,0.00323748,0.0566051,0.00659191
pmc_pair_gamma_gumbel_k2,aligned,0.4,linear,20,filled-series,gaussian-sd-obs,800,1,0.492938,0.0782049,0.177583,0.0358184,0.303725,0.0389127,0.943215,0.0527524,0.902685,0.184357,2.26462,0.860615,-694.598,106.352,1.51573,0.319218,1.22052,0.29361,0.879753,0.231027,0.792563,0.111902,3.88014,0.292559,0.864312,0.0934733,4.62347,0.348606,2.04125e-05,6.01503e-06,0.0140243,0.00403833,0.0140447,0.00404045
pmc_pair_gamma_gumbel_k2,aligned,0.4,locf,20,filled-series,gaussian-sd-obs,800,1,0.498,0.0888055,0.178167,0.0367718,0.3061,0.0417699,0.95546,0.0678143,0.914741,0.179025,2.11197,0.825569,-731.272,156.972,1.60592,0.521318,1.32388,0.525924,0.962526,0.418899,0.76225,0.186567,3.88014,0.292559,0.833562,0.161764,4.62347,0.348606,2.12502e-05,4.41572e-06,0.0122513,0.00376698,0.0122725,0.00376726
pmc_pair_gamma_gumbel_k2,aligned,0.4,mean,20,filled-series,gaussian-sd-obs,800,1,0.557312,0.0658088,0.177625,0.0359319,0.3295,0.0318492,0.984426,0.0176338,1.08188,0.135388,2.54648,0.486371,-651.253,74.7738,1.28631,0.199867,1.01704,0.149481,0.727114,0.115335,0.874313,0.0529779,3.88014,0.292559,0.930875,0.041561,4.62347,0.348606,8.7063e-06,4.01792e-06,0.0135865,0.00309665,0.0135953,0.00309574
pmc_pair_gamma_gumbel_k2,aligned,0.6,complete,20,complete-data,,1200,1,0.168625,0.0246159,0.182375,0.0472046,0.174125,0.0276291,0.825156,0.0115036,0.234015,0.0247107,0.357082,0.0311686,-1340.73,47.8583,nan,nan,nan,nan,nan,nan,nan,nan,nan,nan,nan,nan,nan,nan,0,0,0.0132258,0.002975,0.0132258,0.002975
pmc_pair_gamma_gumbel_k2,aligned,0.6,marginalise,20,observed-data,samples,1200,1,0.443375,0.053043,0.182375,0.0471436,0.338975,0.0379922,0.552382,0.00192708,0.492918,0.0114932,0.685945,0.0116224,-530.724,25.7671,1.2458,0.132997,0.986097,0.0888049,0.70078,0.0722537,0.895625,0.0288141,4.05757,0.0159908,0.944958,0.0207911,4.84522,0.0206253,1.12099,0.269139,0.0509926,0.0051384,1.17199,0.271226
pmc_pair_gamma_gumbel_k2,aligned,0.6,plugin,20,filled-series,gaussian,1200,1,0.552417,0.0526261,0.182938,0.0471128,0.404625,0.0353672,0.985716,0.00351951,1.07761,0.102891,2.46738,0.237993,-340.932,28.1901,1.2458,0.132997,0.986097,0.0888049,0.701305,0.0696458,0.905292,0.0274292,4.0951,0.0155256,0.956917,0.0232598,4.87962,0.0184999,0.051565,0.00660426,0.0124571,0.00267593,0.0640221,0.00654166
pmc_pair_gamma_gumbel_k2,aligned,0.6,linear,20,filled-series,gaussian-sd-obs,1200,1,0.515125,0.0712007,0.1835,0.0472911,0.382475,0.0412752,0.933553,0.0582897,0.925788,0.161345,2.29141,1.12568,-401.876,175.513,1.53481,0.339827,1.24531,0.317619,0.8981,0.243224,0.7825,0.11574,3.85053,0.334077,0.854083,0.0954295,4.58819,0.398078,2.03042e-05,6.88157e-07,0.0123902,0.00210548,0.0124105,0.00210564
pmc_pair_gamma_gumbel_k2,aligned,0.6,locf,20,filled-series,gaussian-sd-obs,1200,1,0.496375,0.0778913,0.183,0.0482496,0.371025,0.0496802,0.956717,0.0664071,0.916379,0.168989,2.12654,0.83806,-431.835,227.881,1.60316,0.531902,1.32478,0.533756,0.965533,0.433892,0.758375,0.191569,3.85053,0.334077,0.830917,0.1747,4.58819,0.398078,2.26541e-05,5.6066e-06,0.0120683,0.00192899,0.012091,0.00192992
pmc_pair_gamma_gumbel_k2,aligned,0.6,mean,20,filled-series,gaussian-sd-obs,1200,1,0.554542,0.0537494,0.183,0.047113,0.405925,0.0359866,0.974376,0.0491768,1.05998,0.136185,2.48097,0.559342,-313.136,125.491,1.27329,0.139727,1.00963,0.100962,0.719332,0.0762446,0.871833,0.043058,3.85053,0.334077,0.93025,0.0299501,4.58819,0.398078,1.00125e-05,1.20604e-05,0.0115029,0.00102437,0.0115129,0.00103056
