model,k,rate,rep,N,n_spikes,method,detect,false_rate,nbr_false,n_masked,err_clean,fits,converged,seconds,mu0,mu1,sd0,sd1,A00,A11,tau00,tau11,prescreen_detect,prescreen_false
hmc_in_gauss_k2,0,0.0,0,2000,0,true_seq,nan,0.0005,0,1,0.07450000000000001,0,True,0.048047457999928156,,,,,,,,,,
hmc_in_gauss_k2,0,0.0,0,2000,0,true_nonseq,nan,0.0005,0,1,nan,0,True,0.04692304200034414,,,,,,,,,,
hmc_in_gauss_k2,0,0.0,0,2000,0,true_raw,nan,0.0,0,0,0.07450000000000001,0,True,0.0,,,,,,,,,,
hmc_in_gauss_k2,0,0.0,0,2000,0,clean,nan,0.0,0,0,0.07499999999999996,1,True,0.03806645800068509,-0.9854533026928367,0.9834429733662021,0.9947163168348382,1.0305108670040486,0.9053606422395285,0.9006837925461041,nan,nan,,
hmc_in_gauss_k2,0,0.0,0,2000,0,raw,nan,0.0,0,0,0.07499999999999996,1,True,0.038034082999729435,-0.9854533026928367,0.9834429733662021,0.9947163168348382,1.0305108670040486,0.9053606422395285,0.9006837925461041,nan,nan,,
hmc_in_gauss_k2,0,0.0,0,2000,0,oracle,nan,0.0,0,0,0.07499999999999996,1,True,0.0384459999986575,-0.9854533026928367,0.9834429733662021,0.9947163168348382,1.0305108670040486,0.9053606422395285,0.9006837925461041,nan,nan,,
hmc_in_gauss_k2,0,0.0,0,2000,0,fm,nan,0.0005,0,1,0.07499999999999996,2,True,0.16240116600056353,-0.9859705617560331,0.9803040660064806,0.9945527393809573,1.0205664104297676,0.9051424068855847,0.9003843316428168,nan,nan,,
hmc_in_gauss_k2,0,0.0,0,2000,0,fm_hampel,nan,0.0005,0,1,0.07499999999999996,2,True,0.1631322920002276,-0.9859705617560331,0.9803040660064806,0.9945527393809573,1.0205664104297676,0.9051424068855847,0.9003843316428168,nan,nan,nan,0.0115
hmc_in_gauss_k2,0,0.0,0,2000,0,fm_warm,nan,0.0005,0,1,0.07499999999999996,2,True,0.15321145899906696,-0.9847971562642528,0.9747877819551666,0.9960012971000289,1.0255011944244206,0.9064649244551143,0.9021895934906442,nan,nan,,
hmc_in_gauss_k2,4,0.01,0,2000,20,true_seq,0.9,0.000505050505050505,0,19,0.07777777777777772,0,True,0.04745374999947671,,,,,,,,,,
hmc_in_gauss_k2,4,0.01,0,2000,20,true_nonseq,0.9,0.000505050505050505,0,19,nan,0,True,0.04709729100068216,,,,,,,,,,
hmc_in_gauss_k2,4,0.01,0,2000,20,true_raw,0.0,0.0,0,0,0.08131313131313134,0,True,0.0,,,,,,,,,,
hmc_in_gauss_k2,4,0.01,0,2000,20,clean,0.0,0.0,0,0,0.0757575757575758,1,True,0.03853875000095286,-0.9854533026928367,0.9834429733662021,0.9947163168348382,1.0305108670040486,0.9053606422395285,0.9006837925461041,nan,nan,,
hmc_in_gauss_k2,4,0.01,0,2000,20,raw,0.0,0.0,0,0,0.09444444444444444,1,True,0.06778966599995329,-0.9928950997173194,0.9591061171683959,1.000319921395569,1.2942723485484848,0.9097670845777291,0.9183239705769364,nan,nan,,
hmc_in_gauss_k2,4,0.01,0,2000,20,oracle,1.0,0.0,0,20,0.07676767676767682,1,True,0.03802120799991826,-0.9867379238107232,0.9776213009757377,0.994994095427871,1.0305194339087536,0.9048442794108719,0.9011283052582664,nan,nan,,
hmc_in_gauss_k2,4,0.01,0,2000,20,fm,0.9,0.000505050505050505,0,19,0.07676767676767682,3,True,0.278548292000778,-0.988934970735504,0.9780103196890636,0.9939124581995211,1.0240972171288616,0.9031275272582271,0.8997666273144543,nan,nan,,
hmc_in_gauss_k2,4,0.01,0,2000,20,fm_hampel,0.9,0.000505050505050505,0,19,0.07676767676767682,3,True,0.2580757920004544,-0.988934970735504,0.9780103196890636,0.9939124581995211,1.0240972171288616,0.9031275272582271,0.8997666273144543,nan,nan,0.5,0.010101010101010102
hmc_in_gauss_k2,4,0.01,0,2000,20,fm_warm,0.9,0.000505050505050505,0,19,0.07727272727272727,4,True,0.35591645800013794,-0.9944846962950981,0.9496688125264268,0.9956757760519888,1.0431499970407814,0.9074669854851528,0.9075295100805195,nan,nan,,
hmc_in_gauss_k2,6,0.01,0,2000,20,true_seq,1.0,0.000505050505050505,0,21,0.07424242424242422,0,True,0.048062625000966364,,,,,,,,,,
hmc_in_gauss_k2,6,0.01,0,2000,20,true_nonseq,1.0,0.000505050505050505,0,21,nan,0,True,0.04681512499882956,,,,,,,,,,
hmc_in_gauss_k2,6,0.01,0,2000,20,true_raw,0.0,0.0,0,0,0.07979797979797976,0,True,0.0,,,,,,,,,,
hmc_in_gauss_k2,6,0.01,0,2000,20,clean,0.0,0.0,0,0,0.07525252525252524,1,True,0.038132333000248764,-0.9854533026928367,0.9834429733662021,0.9947163168348382,1.0305108670040486,0.9053606422395285,0.9006837925461041,nan,nan,,
hmc_in_gauss_k2,6,0.01,0,2000,20,raw,0.0,0.0,0,0,0.09191919191919196,1,True,0.05778374999863445,-0.9647502355679092,0.9941100429645637,1.0024830048414795,1.5664605292090839,0.905346672766568,0.9137055734758226,nan,nan,,
hmc_in_gauss_k2,6,0.01,0,2000,20,oracle,1.0,0.0,0,20,0.07525252525252524,1,True,0.03809358299986343,-0.9903019349362356,0.9826676759097452,0.993521994806325,1.0322512163538489,0.9051428327315868,0.9005174041672913,nan,nan,,
hmc_in_gauss_k2,6,0.01,0,2000,20,fm,1.0,0.000505050505050505,0,21,0.07474747474747478,3,True,0.25830395899902214,-0.9908417299664328,0.9794700666382292,0.9933403809144798,1.022268776964527,0.9049226473197257,0.9002198800387534,nan,nan,,
hmc_in_gauss_k2,6,0.01,0,2000,20,fm_hampel,1.0,0.000505050505050505,0,21,0.07474747474747478,2,True,0.16381154100054118,-0.9908417299664328,0.9794700666382292,0.9933403809144798,1.022268776964527,0.9049226473197257,0.9002198800387534,nan,nan,0.95,0.012121212121212121
hmc_in_gauss_k2,6,0.01,0,2000,20,fm_warm,1.0,0.000505050505050505,0,21,0.07373737373737377,3,True,0.2790301660006662,-0.9886065948905738,0.958937645932658,0.9987561715576176,1.038245633033305,0.9104343009238133,0.9076974987005934,nan,nan,,
hmc_in_gauss_k2,8,0.01,0,2000,20,true_seq,1.0,0.000505050505050505,0,21,0.07474747474747478,0,True,0.04766495799958648,,,,,,,,,,
hmc_in_gauss_k2,8,0.01,0,2000,20,true_nonseq,1.0,0.000505050505050505,0,21,nan,0,True,0.04636562499945285,,,,,,,,,,
hmc_in_gauss_k2,8,0.01,0,2000,20,true_raw,0.0,0.0,0,0,0.07676767676767682,0,True,0.0,,,,,,,,,,
hmc_in_gauss_k2,8,0.01,0,2000,20,clean,0.0,0.0,0,0,0.07525252525252524,1,True,0.03834774999995716,-0.9854533026928367,0.9834429733662021,0.9947163168348382,1.0305108670040486,0.9053606422395285,0.9006837925461041,nan,nan,,
hmc_in_gauss_k2,8,0.01,0,2000,20,raw,0.0,0.0,0,0,0.10151515151515156,1,True,0.07668083399948955,-0.856540239058275,1.0616051583296704,1.0379767196938143,1.9125218136911228,0.9200992284249208,0.9176621234496193,nan,nan,,
hmc_in_gauss_k2,8,0.01,0,2000,20,oracle,1.0,0.0,0,20,0.07525252525252524,1,True,0.03844945899982122,-0.9818170343217644,0.9781332863998633,0.9927875124048787,1.029980194962148,0.9058767343802138,0.9014307857602248,nan,nan,,
hmc_in_gauss_k2,8,0.01,0,2000,20,fm,1.0,0.000505050505050505,0,21,0.07525252525252524,3,True,0.2758123750008963,-0.9823333590898541,0.9749688957690115,0.9926284473165299,1.0199059605137213,0.9056561864843088,0.9011267576254998,nan,nan,,
hmc_in_gauss_k2,8,0.01,0,2000,20,fm_hampel,1.0,0.000505050505050505,0,21,0.07525252525252524,2,True,0.17155287499917904,-0.9823333590898541,0.9749688957690115,0.9926284473165299,1.0199059605137213,0.9056561864843088,0.9011267576254998,nan,nan,0.95,0.010606060606060607
hmc_in_gauss_k2,8,0.01,0,2000,20,fm_warm,1.0,0.000505050505050505,0,21,0.07424242424242422,3,True,0.30045262500061654,-0.9672570936274685,0.957731945064056,1.0063129590002278,1.0371270434590987,0.9148710653923904,0.9109184554946662,nan,nan,,
hmc_in_gauss_k2,4,0.05,0,2000,100,true_seq,0.94,0.0005263157894736842,0,95,0.07947368421052636,0,True,0.04749379100030637,,,,,,,,,,
hmc_in_gauss_k2,4,0.05,0,2000,100,true_nonseq,0.94,0.0005263157894736842,0,95,nan,0,True,0.04719033400033368,,,,,,,,,,
hmc_in_gauss_k2,4,0.05,0,2000,100,true_raw,0.0,0.0,0,0,0.08263157894736839,0,True,0.0,,,,,,,,,,
hmc_in_gauss_k2,4,0.05,0,2000,100,clean,0.0,0.0,0,0,0.07526315789473681,1,True,0.038308834000417846,-0.9854533026928367,0.9834429733662021,0.9947163168348382,1.0305108670040486,0.9053606422395285,0.9006837925461041,nan,nan,,
hmc_in_gauss_k2,4,0.05,0,2000,100,raw,0.0,0.0,0,0,0.10736842105263156,1,True,0.057413208998696064,-0.9621837067129033,1.2365396213856714,0.9979745830439992,1.8662183224586808,0.8727117230936328,0.8978622998396246,nan,nan,,
hmc_in_gauss_k2,4,0.05,0,2000,100,oracle,1.0,0.0,0,100,0.07684210526315793,1,True,0.03877250000005006,-0.9899424418191998,0.997171236299331,0.9994329971552576,1.0280808133723145,0.9065761000196139,0.9010940912193017,nan,nan,,
hmc_in_gauss_k2,4,0.05,0,2000,100,fm,0.91,0.0005263157894736842,0,92,0.07842105263157895,9,True,0.8338192089995573,-0.9993316486868982,0.9991689707269149,0.9969925678189381,1.0536659562703905,0.8999329889050173,0.8982777013415051,nan,nan,,
hmc_in_gauss_k2,4,0.05,0,2000,100,fm_hampel,0.91,0.0005263157894736842,0,92,0.07842105263157895,7,True,0.6418286669995723,-0.9993316486868982,0.9991689707269149,0.9969925678189381,1.0536659562703905,0.8999329889050173,0.8982777013415051,nan,nan,0.49,0.01
hmc_in_gauss_k2,4,0.05,0,2000,100,fm_warm,0.91,0.0005263157894736842,0,92,0.07894736842105265,10,True,0.7881100419999711,-1.0121415468189694,0.9660498157229708,0.9941823118844874,1.0736509412620625,0.9021734075604195,0.9050659396590476,nan,nan,,
hmc_in_gauss_k2,6,0.05,0,2000,100,true_seq,1.0,0.0005263157894736842,0,101,0.07578947368421052,0,True,0.046509292000337155,,,,,,,,,,
hmc_in_gauss_k2,6,0.05,0,2000,100,true_nonseq,1.0,0.0005263157894736842,0,101,nan,0,True,0.04760320900095394,,,,,,,,,,
hmc_in_gauss_k2,6,0.05,0,2000,100,true_raw,0.0,0.0,0,0,0.0836842105263158,0,True,0.0,,,,,,,,,,
hmc_in_gauss_k2,6,0.05,0,2000,100,clean,0.0,0.0,0,0,0.0736842105263158,1,True,0.03757466699971701,-0.9854533026928367,0.9834429733662021,0.9947163168348382,1.0305108670040486,0.9053606422395285,0.9006837925461041,nan,nan,,
hmc_in_gauss_k2,6,0.05,0,2000,100,raw,0.0,0.0,0,0,0.4889473684210527,1,True,0.2601677920010843,-0.02368294601591123,8.42551441613988,1.4156727769798503,1.3390935566012527,0.9473721629732816,1.262497135665298e-09,nan,nan,,
hmc_in_gauss_k2,6,0.05,0,2000,100,oracle,1.0,0.0,0,100,0.07894736842105265,1,True,0.03859862500030431,-0.9907507849817548,0.9821147946942387,0.9893448549859771,1.0416758463800648,0.9060606316816645,0.9027395628058364,nan,nan,,
hmc_in_gauss_k2,6,0.05,0,2000,100,fm,0.0,0.0,0,0,0.4889473684210527,1,True,0.30385641700013366,-0.02368294601591123,8.42551441613988,1.4156727769798503,1.3390935566012527,0.9473721629732816,1.262497135665298e-09,nan,nan,,
hmc_in_gauss_k2,6,0.05,0,2000,100,fm_hampel,1.0,0.0005263157894736842,0,101,0.07842105263157895,3,True,0.2780194170009054,-0.9913173922177532,0.97882356483842,0.9891738950266887,1.03135332325922,0.9058431461311987,0.90244599372693,nan,nan,0.81,0.01
hmc_in_gauss_k2,6,0.05,0,2000,100,fm_warm,0.0,0.0,0,0,0.4889473684210527,1,True,0.3062289170011354,-0.02368294601591123,8.42551441613988,1.4156727769798503,1.3390935566012527,0.9473721629732816,1.262497135665298e-09,nan,nan,,
hmc_in_gauss_k2,8,0.05,0,2000,100,true_seq,1.0,0.0005263157894736842,0,101,0.07789473684210524,0,True,0.0470078750004177,,,,,,,,,,
hmc_in_gauss_k2,8,0.05,0,2000,100,true_nonseq,1.0,0.0005263157894736842,0,101,nan,0,True,0.04698758400081715,,,,,,,,,,
hmc_in_gauss_k2,8,0.05,0,2000,100,true_raw,0.0,0.0,0,0,0.09631578947368424,0,True,0.0,,,,,,,,,,
hmc_in_gauss_k2,8,0.05,0,2000,100,clean,0.0,0.0,0,0,0.07578947368421052,1,True,0.03852804199959792,-0.9854533026928367,0.9834429733662021,0.9947163168348382,1.0305108670040486,0.9053606422395285,0.9006837925461041,nan,nan,,
hmc_in_gauss_k2,8,0.05,0,2000,100,raw,0.0,0.0,0,0,0.488421052631579,1,True,0.1487769589984964,-0.03230369802599722,11.407803375684574,1.4143546068808563,1.3566339803767287,0.9473385010108731,6.037268293860032e-14,nan,nan,,
hmc_in_gauss_k2,8,0.05,0,2000,100,oracle,1.0,0.0,0,100,0.07842105263157895,1,True,0.038564540998777375,-0.9927436545974072,0.9850185248469132,0.9969183329703033,1.0269622402856136,0.9046894718531766,0.8993093258725537,nan,nan,,
hmc_in_gauss_k2,8,0.05,0,2000,100,fm,0.01,0.0,0,1,0.488421052631579,2,True,0.3887503749992902,-0.032299743149425963,11.367371661928317,1.4143614109889795,1.3016615522095465,0.9478628040795368,5.6531547053405106e-14,nan,nan,,
hmc_in_gauss_k2,8,0.05,0,2000,100,fm_hampel,1.0,0.0005263157894736842,0,101,0.07842105263157895,2,True,0.1809191659995122,-0.9933209522171806,0.9817428198307979,0.996704252492184,1.0163677976470145,0.9044642899851864,0.8989955562562729,nan,nan,0.96,0.01
hmc_in_gauss_k2,8,0.05,0,2000,100,fm_warm,0.01,0.0,0,1,0.488421052631579,2,True,0.26270083300005354,-0.032297668759235586,11.36741825610542,1.4143649860780583,1.3015563999899602,0.9478630502479007,4.474176249574379e-21,nan,nan,,
hmc_in_gauss_k2,0,0.0,1,2000,0,true_seq,nan,0.001,0,2,0.057499999999999996,0,True,0.04833129100006772,,,,,,,,,,
hmc_in_gauss_k2,0,0.0,1,2000,0,true_nonseq,nan,0.001,0,2,nan,0,True,0.0480929589994048,,,,,,,,,,
hmc_in_gauss_k2,0,0.0,1,2000,0,true_raw,nan,0.0,0,0,0.05700000000000005,0,True,0.0,,,,,,,,,,
hmc_in_gauss_k2,0,0.0,1,2000,0,clean,nan,0.0,0,0,0.057499999999999996,1,True,0.038568750000194996,-0.9955439581253497,1.0070262877854286,0.9875247646226882,1.0216201596778716,0.9005231295842521,0.8900190145145431,nan,nan,,
hmc_in_gauss_k2,0,0.0,1,2000,0,raw,nan,0.0,0,0,0.057499999999999996,1,True,0.038734499999918626,-0.9955439581253497,1.0070262877854286,0.9875247646226882,1.0216201596778716,0.9005231295842521,0.8900190145145431,nan,nan,,
hmc_in_gauss_k2,0,0.0,1,2000,0,oracle,nan,0.0,0,0,0.057499999999999996,1,True,0.03827837499920861,-0.9955439581253497,1.0070262877854286,0.9875247646226882,1.0216201596778716,0.9005231295842521,0.8900190145145431,nan,nan,,
hmc_in_gauss_k2,0,0.0,1,2000,0,fm,nan,0.0015,0,3,0.056499999999999995,2,True,0.1642076249991078,-0.9931067198006573,1.001889232011569,0.9820548610221318,1.0085755205451294,0.90018454435959,0.8893614544840397,nan,nan,,
hmc_in_gauss_k2,0,0.0,1,2000,0,fm_hampel,nan,0.0015,0,3,0.056499999999999995,3,True,0.24059287499949278,-0.9931067198006573,1.001889232011569,0.9820548610221318,1.0085755205451294,0.90018454435959,0.8893614544840397,nan,nan,nan,0.0085
hmc_in_gauss_k2,0,0.0,1,2000,0,fm_warm,nan,0.0015,0,3,0.057499999999999996,2,True,0.15476004199990712,-0.993127850169017,1.0000805168036702,0.9820428407421826,1.0103270224361791,0.8997645855397546,0.8890891715149671,nan,nan,,
hmc_in_gauss_k2,4,0.01,1,2000,20,true_seq,1.0,0.00101010101010101,0,22,0.058080808080808066,0,True,0.04679333300009603,,,,,,,,,,
hmc_in_gauss_k2,4,0.01,1,2000,20,true_nonseq,1.0,0.0015151515151515152,1,23,nan,0,True,0.04716595799982315,,,,,,,,,,
hmc_in_gauss_k2,4,0.01,1,2000,20,true_raw,0.0,0.0,0,0,0.06060606060606055,0,True,0.0,,,,,,,,,,
hmc_in_gauss_k2,4,0.01,1,2000,20,clean,0.0,0.0,0,0,0.058080808080808066,1,True,0.037846790999537916,-0.9955439581253497,1.0070262877854286,0.9875247646226882,1.0216201596778716,0.9005231295842521,0.8900190145145431,nan,nan,,
hmc_in_gauss_k2,4,0.01,1,2000,20,raw,0.0,0.0,0,0,0.0636363636363636,1,True,0.05716124999889871,-1.010866420391155,1.004479470617469,0.9844826049048636,1.308563434981675,0.8918570804963387,0.8951113444845218,nan,nan,,
hmc_in_gauss_k2,4,0.01,1,2000,20,oracle,1.0,0.0,0,20,0.05757575757575761,1,True,0.03862483300144959,-0.9992212315083526,1.00216235461613,0.9888143521940463,1.0245454993538394,0.9004227637076975,0.8902392114112201,nan,nan,,
hmc_in_gauss_k2,4,0.01,1,2000,20,fm,0.95,0.0015151515151515152,0,22,0.058080808080808066,3,True,0.26006858400069177,-0.9966358741507739,0.9994399123135208,0.9834299214530915,1.0176137103066514,0.9001145077912813,0.8898074921536598,nan,nan,,
hmc_in_gauss_k2,4,0.01,1,2000,20,fm_hampel,0.95,0.0015151515151515152,0,22,0.058080808080808066,3,True,0.24967179099985515,-0.9966358741507739,0.9994399123135208,0.9834299214530915,1.0176137103066514,0.9001145077912813,0.8898074921536598,nan,nan,0.55,0.00808080808080808
hmc_in_gauss_k2,4,0.01,1,2000,20,fm_warm,0.95,0.0015151515151515152,0,22,0.058080808080808066,4,True,0.3489004999992176,-1.0066743063999481,0.9859066534712779,0.978788665645267,1.0245205720445922,0.8984081598110802,0.8905281517620289,nan,nan,,
hmc_in_gauss_k2,6,0.01,1,2000,20,true_seq,1.0,0.00101010101010101,0,22,0.05858585858585863,0,True,0.04683133299840847,,,,,,,,,,
hmc_in_gauss_k2,6,0.01,1,2000,20,true_nonseq,1.0,0.00101010101010101,0,22,nan,0,True,0.04609683399939968,,,,,,,,,,
hmc_in_gauss_k2,6,0.01,1,2000,20,true_raw,0.0,0.0,0,0,0.058080808080808066,0,True,0.0,,,,,,,,,,
hmc_in_gauss_k2,6,0.01,1,2000,20,clean,0.0,0.0,0,0,0.05757575757575761,1,True,0.037534208999204566,-0.9955439581253497,1.0070262877854286,0.9875247646226882,1.0216201596778716,0.9005231295842521,0.8900190145145431,nan,nan,,
hmc_in_gauss_k2,6,0.01,1,2000,20,raw,0.0,0.0,0,0,0.07474747474747478,1,True,0.06879929200113111,-0.9788663395949417,0.9827632292914504,0.9911159704368243,1.594402377886109,0.9018775406417667,0.9093086505466516,nan,nan,,
hmc_in_gauss_k2,6,0.01,1,2000,20,oracle,1.0,0.0,0,20,0.05757575757575761,1,True,0.039633415999560384,-0.9987926230999274,1.010925857615086,0.9877261763578479,1.0148040763340618,0.9014917682262591,0.8910266611875537,nan,nan,,
hmc_in_gauss_k2,6,0.01,1,2000,20,fm,1.0,0.0015151515151515152,0,23,0.058080808080808066,3,True,0.2681068750007398,-0.996316601315443,1.0057340112770514,0.9822266846080867,1.0015285832335943,0.90116400417249,0.890381621006726,nan,nan,,
hmc_in_gauss_k2,6,0.01,1,2000,20,fm_hampel,1.0,0.0015151515151515152,0,23,0.058080808080808066,2,True,0.16180695799994282,-0.996316601315443,1.0057340112770514,0.9822266846080867,1.0015285832335943,0.90116400417249,0.890381621006726,nan,nan,0.95,0.007575757575757576
hmc_in_gauss_k2,6,0.01,1,2000,20,fm_warm,1.0,0.0015151515151515152,0,23,0.05909090909090908,3,True,0.2981190829996194,-1.0020120159643944,0.9960625542783367,0.9795805776109008,1.0075632225652336,0.900714406113074,0.8915396162867996,nan,nan,,
hmc_in_gauss_k2,8,0.01,1,2000,20,true_seq,1.0,0.00101010101010101,0,22,0.0601010101010101,0,True,0.047421582999959355,,,,,,,,,,
hmc_in_gauss_k2,8,0.01,1,2000,20,true_nonseq,1.0,0.00101010101010101,0,22,nan,0,True,0.04692729199996393,,,,,,,,,,
hmc_in_gauss_k2,8,0.01,1,2000,20,true_raw,0.0,0.0,0,0,0.0636363636363636,0,True,0.0,,,,,,,,,,
hmc_in_gauss_k2,8,0.01,1,2000,20,clean,0.0,0.0,0,0,0.058080808080808066,1,True,0.03670645800048078,-0.9955439581253497,1.0070262877854286,0.9875247646226882,1.0216201596778716,0.9005231295842521,0.8900190145145431,nan,nan,,
hmc_in_gauss_k2,8,0.01,1,2000,20,raw,0.0,0.0,0,0,0.07626262626262625,1,True,0.05697745799989207,-0.9342614035169641,1.0102443307662048,1.0035968650340479,1.8341697474225653,0.897013076270515,0.9033602536475291,nan,nan,,
hmc_in_gauss_k2,8,0.01,1,2000,20,oracle,1.0,0.0,0,20,0.0601010101010101,1,True,0.03922704199976579,-0.9919563879326216,1.0113021668684599,0.989584608290438,1.0214237364555123,0.9008429883261077,0.8903748707771059,nan,nan,,
hmc_in_gauss_k2,8,0.01,1,2000,20,fm,1.0,0.0015151515151515152,0,23,0.0601010101010101,3,True,0.25896587500028545,-0.9895086125815097,1.006132673501176,0.9840392546993364,1.0082776062948657,0.9004975027026518,0.8897133500967978,nan,nan,,
hmc_in_gauss_k2,8,0.01,1,2000,20,fm_hampel,1.0,0.0015151515151515152,0,23,0.0601010101010101,2,True,0.16380879200005438,-0.9895086125815097,1.006132673501176,0.9840392546993364,1.0082776062948657,0.9004975027026518,0.8897133500967978,nan,nan,1.0,0.007575757575757576
hmc_in_gauss_k2,8,0.01,1,2000,20,fm_warm,1.0,0.0015151515151515152,0,23,0.061111111111111116,3,True,0.2955873330010945,-0.9921775758979117,1.0006732227490285,0.9832270894829073,1.0115279713098273,0.9003405697759282,0.8904201512647725,nan,nan,,
hmc_in_gauss_k2,4,0.05,1,2000,100,true_seq,0.92,0.0010526315789473684,0,94,0.05894736842105264,0,True,0.04833041700112517,,,,,,,,,,
hmc_in_gauss_k2,4,0.05,1,2000,100,true_nonseq,0.91,0.0010526315789473684,0,93,nan,0,True,0.047478500000579515,,,,,,,,,,
hmc_in_gauss_k2,4,0.05,1,2000,100,true_raw,0.0,0.0,0,0,0.0642105263157895,0,True,0.0,,,,,,,,,,
hmc_in_gauss_k2,4,0.05,1,2000,100,clean,0.0,0.0,0,0,0.056842105263157916,1,True,0.03820850000010978,-0.9955439581253497,1.0070262877854286,0.9875247646226882,1.0216201596778716,0.9005231295842521,0.8900190145145431,nan,nan,,
hmc_in_gauss_k2,4,0.05,1,2000,100,raw,0.0,0.0,0,0,0.07999999999999996,1,True,0.05776066700127558,-0.9369630105938961,1.300026117742175,1.0036588712194776,1.9478390830185215,0.8696436868690998,0.8823736350595232,nan,nan,,
hmc_in_gauss_k2,4,0.05,1,2000,100,oracle,1.0,0.0,0,100,0.05789473684210522,1,True,0.03861341700030607,-1.0037461314687617,0.9994047827095602,0.9874240818185239,1.0134542792958277,0.9022075083621339,0.8918588634165736,nan,nan,,
hmc_in_gauss_k2,4,0.05,1,2000,100,fm,0.87,0.0015789473684210526,0,90,0.062105263157894774,8,True,0.7403208340001584,-1.0054366635419716,1.0147254128761587,0.9810809896163306,1.0578003141538692,0.892570284436113,0.8853628999481836,nan,nan,,
hmc_in_gauss_k2,4,0.05,1,2000,100,fm_hampel,0.87,0.0015789473684210526,0,90,0.062105263157894774,6,True,0.5498811249999562,-1.0054366635419716,1.0147254128761587,0.9810809896163306,1.0578003141538692,0.892570284436113,0.8853628999481836,nan,nan,0.5,0.007368421052631579
hmc_in_gauss_k2,4,0.05,1,2000,100,fm_warm,0.87,0.0015789473684210526,0,90,0.0642105263157895,9,True,0.7526488749990676,-1.0221711476498356,0.9914214750595925,0.9727391288710033,1.0694340785186045,0.8889652389918747,0.8860786421862459,nan,nan,,
hmc_in_gauss_k2,6,0.05,1,2000,100,true_seq,1.0,0.0005263157894736842,0,101,0.059473684210526345,0,True,0.046962417000031564,,,,,,,,,,
hmc_in_gauss_k2,6,0.05,1,2000,100,true_nonseq,1.0,0.0005263157894736842,0,101,nan,0,True,0.04674591700131714,,,,,,,,,,
hmc_in_gauss_k2,6,0.05,1,2000,100,true_raw,0.0,0.0,0,0,0.07684210526315793,0,True,0.0,,,,,,,,,,
hmc_in_gauss_k2,6,0.05,1,2000,100,clean,0.0,0.0,0,0,0.05789473684210522,1,True,0.037697624999054824,-0.9955439581253497,1.0070262877854286,0.9875247646226882,1.0216201596778716,0.9005231295842521,0.8900190145145431,nan,nan,,
hmc_in_gauss_k2,6,0.05,1,2000,100,raw,0.0,0.0,0,0,0.48578947368421055,1,True,0.2609123329984868,-0.04157675688106737,8.380970633213256,1.4184579180097414,1.3931296429330893,0.9471870041415569,8.715108081811673e-09,nan,nan,,
hmc_in_gauss_k2,6,0.05,1,2000,100,oracle,1.0,0.0,0,100,0.059473684210526345,1,True,0.03855133300021407,-1.0040467783358893,1.0032133687440807,0.9906910058761452,1.0183942922471245,0.8992834339744518,0.8910938973425627,nan,nan,,
hmc_in_gauss_k2,6,0.05,1,2000,100,fm,0.01,0.0,0,1,0.48578947368421055,2,True,0.610632625001017,-0.04147438627420959,8.338970458341,1.4185937827713049,1.3260250500700306,0.9477364780730393,2.6094117368748607e-08,nan,nan,,
hmc_in_gauss_k2,6,0.05,1,2000,100,fm_hampel,1.0,0.0010526315789473684,0,102,0.059473684210526345,3,True,0.2717875409998669,-1.0015818969414167,1.0006620224658034,0.9848023627174911,1.0106599548893487,0.8989311129439329,0.8906466432750849,nan,nan,0.82,0.006842105263157895
hmc_in_gauss_k2,6,0.05,1,2000,100,fm_warm,0.01,0.0,0,1,0.48578947368421055,2,True,0.37124704199959524,-0.04139920850724233,8.34002572283812,1.4187136014236494,1.3247554322012498,0.9477527551400511,5.7702448732681066e-11,nan,nan,,
hmc_in_gauss_k2,8,0.05,1,2000,100,true_seq,1.0,0.0010526315789473684,1,102,0.05842105263157893,0,True,0.047477083000558196,,,,,,,,,,
hmc_in_gauss_k2,8,0.05,1,2000,100,true_nonseq,1.0,0.0015789473684210526,2,103,nan,0,True,0.04700383300041722,,,,,,,,,,
hmc_in_gauss_k2,8,0.05,1,2000,100,true_raw,0.0,0.0,0,0,0.07578947368421052,0,True,0.0,,,,,,,,,,
hmc_in_gauss_k2,8,0.05,1,2000,100,clean,0.0,0.0,0,0,0.05631578947368421,1,True,0.038124541999422945,-0.9955439581253497,1.0070262877854286,0.9875247646226882,1.0216201596778716,0.9005231295842521,0.8900190145145431,nan,nan,,
hmc_in_gauss_k2,8,0.05,1,2000,100,raw,0.0,0.0,0,0,0.48473684210526313,1,True,0.15990666699872236,-0.03096226818042726,11.036544826657963,1.4135981381424356,1.4563424070145392,0.9473405065843793,3.7425735566224835e-08,nan,nan,,
hmc_in_gauss_k2,8,0.05,1,2000,100,oracle,1.0,0.0,0,100,0.05789473684210522,1,True,0.03907075000097393,-0.9809389862038154,1.0112845275705342,0.9900150768355788,1.0192614163833167,0.9006188584214316,0.8911440960627659,nan,nan,,
hmc_in_gauss_k2,8,0.05,1,2000,100,fm,0.01,0.0,0,1,0.48473684210526313,2,True,0.4059709169996495,-0.03096217680245443,10.999580615221841,1.4135982470082769,1.416218857209771,0.9478640791850517,5.468031306663574e-08,nan,nan,,
hmc_in_gauss_k2,8,0.05,1,2000,100,fm_hampel,1.0,0.0015789473684210526,1,103,0.059473684210526345,3,True,0.27053766700009874,-0.9784472599563858,1.0059436738617622,0.9841397165789277,1.0055097651807638,0.9002429787678154,0.8904377389969538,nan,nan,0.91,0.005789473684210527
hmc_in_gauss_k2,8,0.05,1,2000,100,fm_warm,0.01,0.0,0,1,0.48473684210526313,2,True,0.27508087499882095,-0.030961769339693905,10.999592946123311,1.4135988247124802,1.416190227760811,0.9478639690788251,4.959481271584423e-12,nan,nan,,
hmc_in_gauss_k2,0,0.0,2,2000,0,true_seq,nan,0.001,0,2,0.07699999999999996,0,True,0.04796287499993923,,,,,,,,,,
hmc_in_gauss_k2,0,0.0,2,2000,0,true_nonseq,nan,0.001,0,2,nan,0,True,0.04712329200083332,,,,,,,,,,
hmc_in_gauss_k2,0,0.0,2,2000,0,true_raw,nan,0.0,0,0,0.07599999999999996,0,True,0.0,,,,,,,,,,
hmc_in_gauss_k2,0,0.0,2,2000,0,clean,nan,0.0,0,0,0.07999999999999996,1,True,0.04772566599967831,-0.9717596294544334,1.0050551664815495,1.0448106746799097,0.9452677639264898,0.9110854979166889,0.8999448950543294,nan,nan,,
hmc_in_gauss_k2,0,0.0,2,2000,0,raw,nan,0.0,0,0,0.07999999999999996,1,True,0.0480649999990419,-0.9717596294544334,1.0050551664815495,1.0448106746799097,0.9452677639264898,0.9110854979166889,0.8999448950543294,nan,nan,,
hmc_in_gauss_k2,0,0.0,2,2000,0,oracle,nan,0.0,0,0,0.07999999999999996,1,True,0.04746708299899183,-0.9717596294544334,1.0050551664815495,1.0448106746799097,0.9452677639264898,0.9110854979166889,0.8999448950543294,nan,nan,,
hmc_in_gauss_k2,0,0.0,2,2000,0,fm,nan,0.0015,0,3,0.08099999999999996,2,True,0.18055174999972223,-0.9721152170411032,1.000858776683124,1.0312945163366722,0.9397405117164156,0.9101467869555643,0.8998770602411723,nan,nan,,
hmc_in_gauss_k2,0,0.0,2,2000,0,fm_hampel,nan,0.0015,0,3,0.08099999999999996,2,True,0.18171470900051645,-0.9721152170411032,1.000858776683124,1.0312945163366722,0.9397405117164156,0.9101467869555643,0.8998770602411723,nan,nan,nan,0.008
hmc_in_gauss_k2,0,0.0,2,2000,0,fm_warm,nan,0.0015,0,3,0.07999999999999996,2,True,0.16283458299949416,-0.9614123206206249,1.0058583839836905,1.0377882008767152,0.9382075391469062,0.9121738963529108,0.900523724385718,nan,nan,,
hmc_in_gauss_k2,4,0.01,2,2000,20,true_seq,0.85,0.00101010101010101,0,19,0.07727272727272727,0,True,0.04708058399955917,,,,,,,,,,
hmc_in_gauss_k2,4,0.01,2,2000,20,true_nonseq,0.85,0.00101010101010101,0,19,nan,0,True,0.046706667000762536,,,,,,,,,,
hmc_in_gauss_k2,4,0.01,2,2000,20,true_raw,0.0,0.0,0,0,0.07878787878787874,0,True,0.0,,,,,,,,,,
hmc_in_gauss_k2,4,0.01,2,2000,20,clean,0.0,0.0,0,0,0.07828282828282829,1,True,0.047383249999256805,-0.9717596294544334,1.0050551664815495,1.0448106746799097,0.9452677639264898,0.9110854979166889,0.8999448950543294,nan,nan,,
hmc_in_gauss_k2,4,0.01,2,2000,20,raw,0.0,0.0,0,0,0.07373737373737377,1,True,0.05621562499982247,-0.9849780366721896,1.0181004005252432,1.041498702640555,1.1706586448224487,0.905063524369735,0.9046833532800155,nan,nan,,
hmc_in_gauss_k2,4,0.01,2,2000,20,oracle,1.0,0.0,0,20,0.07828282828282829,1,True,0.049349792001521564,-0.9689131752841427,1.011852510361602,1.042459936573418,0.9435267543710321,0.9105064627319426,0.8992581096721975,nan,nan,,
hmc_in_gauss_k2,4,0.01,2,2000,20,fm,0.85,0.00101010101010101,0,19,0.07979797979797976,3,True,0.2706122919989866,-0.9727391391437966,1.0088419732544573,1.028884014684046,0.9497864027188125,0.9074357018525713,0.8984112565344841,nan,nan,,
hmc_in_gauss_k2,4,0.01,2,2000,20,fm_hampel,0.85,0.00101010101010101,0,19,0.07979797979797976,2,True,0.17171583299932536,-0.9727391391437966,1.0088419732544573,1.028884014684046,0.9497864027188125,0.9074357018525713,0.8984112565344841,nan,nan,0.5,0.007575757575757576
hmc_in_gauss_k2,4,0.01,2,2000,20,fm_warm,0.85,0.00101010101010101,0,19,0.07878787878787874,3,True,0.27819950000048266,-0.9620031606704145,1.0105964011160495,1.0362158479106724,0.9509099477614849,0.910860525997572,0.9008760834058918,nan,nan,,
hmc_in_gauss_k2,6,0.01,2,2000,20,true_seq,1.0,0.00101010101010101,0,22,0.07727272727272727,0,True,0.047093541999856825,,,,,,,,,,
hmc_in_gauss_k2,6,0.01,2,2000,20,true_nonseq,1.0,0.00101010101010101,0,22,nan,0,True,0.04689716699976998,,,,,,,,,,
hmc_in_gauss_k2,6,0.01,2,2000,20,true_raw,0.0,0.0,0,0,0.07373737373737377,0,True,0.0,,,,,,,,,,
hmc_in_gauss_k2,6,0.01,2,2000,20,clean,0.0,0.0,0,0,0.07979797979797976,1,True,0.04760004199852119,-0.9717596294544334,1.0050551664815495,1.0448106746799097,0.9452677639264898,0.9110854979166889,0.8999448950543294,nan,nan,,
hmc_in_gauss_k2,6,0.01,2,2000,20,raw,0.0,0.0,0,0,0.08585858585858586,1,True,0.06778845799999544,-0.9556866652875182,0.9697002743088783,1.048946518036783,1.5382528998718583,0.9177292121333328,0.923607241222102,nan,nan,,
hmc_in_gauss_k2,6,0.01,2,2000,20,oracle,1.0,0.0,0,20,0.08030303030303032,1,True,0.048902540998824406,-0.9726805045973197,1.0051324174603078,1.0461883409400694,0.9437707263057018,0.910666527755857,0.8997203412184984,nan,nan,,
hmc_in_gauss_k2,6,0.01,2,2000,20,fm,1.0,0.0015151515151515152,0,23,0.08131313131313134,3,True,0.28922979200069676,-0.9729879051639141,1.000915463637212,1.0326111082909386,0.9381603423734055,0.9097356396954827,0.8996625595520452,nan,nan,,
hmc_in_gauss_k2,6,0.01,2,2000,20,fm_hampel,1.0,0.0015151515151515152,0,23,0.08131313131313134,3,True,0.2689721250008006,-0.9729879051639141,1.000915463637212,1.0326111082909386,0.9381603423734055,0.9097356396954827,0.8996625595520452,nan,nan,0.8,0.00808080808080808
hmc_in_gauss_k2,6,0.01,2,2000,20,fm_warm,1.0,0.0015151515151515152,0,23,0.07979797979797976,4,True,0.36654929199903563,-0.9549799786040141,1.0085994311194895,1.0429808821784141,0.936985184194044,0.914301872934257,0.9021435715935897,nan,nan,,
hmc_in_gauss_k2,8,0.01,2,2000,20,true_seq,1.0,0.00101010101010101,0,22,0.07828282828282829,0,True,0.04727158400055487,,,,,,,,,,
hmc_in_gauss_k2,8,0.01,2,2000,20,true_nonseq,1.0,0.00101010101010101,0,22,nan,0,True,0.047457791999477195,,,,,,,,,,
hmc_in_gauss_k2,8,0.01,2,2000,20,true_raw,0.0,0.0,0,0,0.0792929292929293,0,True,0.0,,,,,,,,,,
hmc_in_gauss_k2,8,0.01,2,2000,20,clean,0.0,0.0,0,0,0.07979797979797976,1,True,0.04745041699970898,-0.9717596294544334,1.0050551664815495,1.0448106746799097,0.9452677639264898,0.9110854979166889,0.8999448950543294,nan,nan,,
hmc_in_gauss_k2,8,0.01,2,2000,20,raw,0.0,0.0,0,0,0.11212121212121207,1,True,0.06665908399918408,-0.8735182384126987,1.00922527366754,1.0655968832648495,1.935004403642699,0.9290510807472858,0.929433765969075,nan,nan,,
hmc_in_gauss_k2,8,0.01,2,2000,20,oracle,1.0,0.0,0,20,0.08080808080808077,1,True,0.04828070799885609,-0.9749120647359749,0.9943800426988775,1.0465687789936144,0.9455062790951577,0.9114720471642103,0.9013950585771107,nan,nan,,
hmc_in_gauss_k2,8,0.01,2,2000,20,fm,1.0,0.0015151515151515152,0,23,0.08080808080808077,3,True,0.2868424580010469,-0.975241325078364,0.9901823059714593,1.0329654889834818,0.9398895191731264,0.9105367915930187,0.9013302590251745,nan,nan,,
hmc_in_gauss_k2,8,0.01,2,2000,20,fm_hampel,1.0,0.0015151515151515152,0,23,0.08080808080808077,3,True,0.25619229200128757,-0.975241325078364,0.9901823059714593,1.0329654889834818,0.9398895191731264,0.9105367915930187,0.9013302590251745,nan,nan,0.95,0.0065656565656565654
hmc_in_gauss_k2,8,0.01,2,2000,20,fm_warm,1.0,0.0015151515151515152,0,23,0.08131313131313134,4,True,0.3653963750002731,-0.954956363660635,0.9958064610399383,1.0455106841946034,0.9406914600677857,0.9163317630992974,0.9051471728249275,nan,nan,,
hmc_in_gauss_k2,4,0.05,2,2000,100,true_seq,0.87,0.0015789473684210526,1,90,0.08842105263157896,0,True,0.04728025000076741,,,,,,,,,,
hmc_in_gauss_k2,4,0.05,2,2000,100,true_nonseq,0.87,0.0015789473684210526,1,90,nan,0,True,0.04714391599918599,,,,,,,,,,
hmc_in_gauss_k2,4,0.05,2,2000,100,true_raw,0.0,0.0,0,0,0.0926315789473684,0,True,0.0,,,,,,,,,,
hmc_in_gauss_k2,4,0.05,2,2000,100,clean,0.0,0.0,0,0,0.08263157894736839,1,True,0.047232625000106054,-0.9717596294544334,1.0050551664815495,1.0448106746799097,0.9452677639264898,0.9110854979166889,0.8999448950543294,nan,nan,,
hmc_in_gauss_k2,4,0.05,2,2000,100,raw,0.0,0.0,0,0,0.11578947368421055,1,True,0.06650420799996937,-0.8996029252047812,1.1936653328084899,1.0584765768851734,1.8822863063888613,0.8847658012848187,0.9033700664052868,nan,nan,,
hmc_in_gauss_k2,4,0.05,2,2000,100,oracle,1.0,0.0,0,100,0.08473684210526311,1,True,0.047973875000025146,-0.962161656387219,1.0009044909585127,1.0550229784287677,0.9579306758510366,0.9114229578473951,0.8999094175807758,nan,nan,,
hmc_in_gauss_k2,4,0.05,2,2000,100,fm,0.86,0.0015789473684210526,1,89,0.08894736842105266,7,True,0.6635156249994907,-0.9755234930685688,1.0072942630754578,1.0349266299555557,1.0210932746812758,0.8988409529254217,0.894375736847138,nan,nan,,
hmc_in_gauss_k2,4,0.05,2,2000,100,fm_hampel,0.86,0.0015789473684210526,1,89,0.08894736842105266,5,True,0.46233795800071675,-0.9755234930685688,1.0072942630754578,1.0349266299555557,1.0210932746812758,0.8988409529254217,0.894375736847138,nan,nan,0.51,0.006842105263157895
hmc_in_gauss_k2,4,0.05,2,2000,100,fm_warm,0.86,0.0015789473684210526,1,89,0.09052631578947368,7,True,0.6507121249996999,-0.9673290525312384,0.9974799659215777,1.043054120227817,1.0301750012107567,0.9019863887833247,0.8977813421820262,nan,nan,,
hmc_in_gauss_k2,6,0.05,2,2000,100,true_seq,1.0,0.0005263157894736842,0,101,0.07999999999999996,0,True,0.047323709000920644,,,,,,,,,,
hmc_in_gauss_k2,6,0.05,2,2000,100,true_nonseq,1.0,0.0005263157894736842,0,101,nan,0,True,0.04749320799965062,,,,,,,,,,
hmc_in_gauss_k2,6,0.05,2,2000,100,true_raw,0.0,0.0,0,0,0.08684210526315794,0,True,0.0,,,,,,,,,,
hmc_in_gauss_k2,6,0.05,2,2000,100,clean,0.0,0.0,0,0,0.08263157894736839,1,True,0.047278750000259606,-0.9717596294544334,1.0050551664815495,1.0448106746799097,0.9452677639264898,0.9110854979166889,0.8999448950543294,nan,nan,,
hmc_in_gauss_k2,6,0.05,2,2000,100,raw,0.0,0.0,0,0,0.4805263157894737,1,True,0.2467373340004997,-0.03802751720018485,8.389032044807193,1.4082344082508442,1.3569588572615157,0.9478122219734003,6.7793988176954856e-12,nan,nan,,
hmc_in_gauss_k2,6,0.05,2,2000,100,oracle,1.0,0.0,0,100,0.08263157894736839,1,True,0.05738270900110365,-0.9586940465808068,1.0244284451070387,1.0480481439187515,0.9364605471061125,0.9139411522811571,0.9013129206202642,nan,nan,,
hmc_in_gauss_k2,6,0.05,2,2000,100,fm,0.01,0.0,0,1,0.4805263157894737,2,True,0.5825198749989795,-0.0381825535054985,8.352071961553516,1.4079979135841236,1.3231916243647583,0.9482998932604707,7.430741370736438e-11,nan,nan,,
hmc_in_gauss_k2,6,0.05,2,2000,100,fm_hampel,1.0,0.0010526315789473684,0,102,0.08157894736842108,4,True,0.3867655829999421,-0.9571602299211381,1.0219158530825978,1.0405618228379596,0.93002535573565,0.9132999824289941,0.9007157191740814,nan,nan,0.88,0.005789473684210527
hmc_in_gauss_k2,6,0.05,2,2000,100,fm_warm,0.01,0.0,0,1,0.4805263157894737,2,True,0.3580820839997614,-0.03790557609260596,8.356448184003472,1.408422531290442,1.31745461157186,0.948362958947743,8.106426974348722e-16,nan,nan,,
hmc_in_gauss_k2,8,0.05,2,2000,100,true_seq,1.0,0.0010526315789473684,0,102,0.07473684210526321,0,True,0.04741437499978929,,,,,,,,,,
hmc_in_gauss_k2,8,0.05,2,2000,100,true_nonseq,1.0,0.0010526315789473684,0,102,nan,0,True,0.047062666999408975,,,,,,,,,,
hmc_in_gauss_k2,8,0.05,2,2000,100,true_raw,0.0,0.0,0,0,0.08526315789473682,0,True,0.0,,,,,,,,,,
hmc_in_gauss_k2,8,0.05,2,2000,100,clean,0.0,0.0,0,0,0.07842105263157895,1,True,0.048209165999651304,-0.9717596294544334,1.0050551664815495,1.0448106746799097,0.9452677639264898,0.9110854979166889,0.8999448950543294,nan,nan,,
hmc_in_gauss_k2,8,0.05,2,2000,100,raw,0.0,0.0,0,0,0.4842105263157894,1,True,0.1507360420000623,-0.04164555934496548,11.19460194704413,1.412391354665947,1.2399017612088845,0.9473407099430979,1.4922491003121362e-22,nan,nan,,
hmc_in_gauss_k2,8,0.05,2,2000,100,oracle,1.0,0.0,0,100,0.07789473684210524,1,True,0.04867558300065866,-0.974723995667258,1.0164604056629742,1.0521230569420097,0.9459508830796771,0.9133759982369399,0.9005438328667824,nan,nan,,
hmc_in_gauss_k2,8,0.05,2,2000,100,fm,0.0,0.0,0,0,0.4842105263157894,1,True,0.19639558300150384,-0.04164555934496548,11.19460194704413,1.412391354665947,1.2399017612088845,0.9473407099430979,1.4922491003121362e-22,nan,nan,,
hmc_in_gauss_k2,8,0.05,2,2000,100,fm_hampel,1.0,0.0010526315789473684,0,102,0.08052631578947367,2,True,0.20342875000096683,-0.9746425660056406,1.0145878270448834,1.0383643301030092,0.9463632304094981,0.9126708339975665,0.9007699868397326,nan,nan,0.94,0.005263157894736842
hmc_in_gauss_k2,8,0.05,2,2000,100,fm_warm,0.0,0.0,0,0,0.4842105263157894,1,True,0.19883874999868567,-0.04164555934496548,11.19460194704413,1.412391354665947,1.2399017612088845,0.9473407099430979,1.4922491003121362e-22,nan,nan,,
hmc_in_gauss_k2,0,0.0,3,2000,0,true_seq,nan,0.0005,0,1,0.0625,0,True,0.04730366699914157,,,,,,,,,,
hmc_in_gauss_k2,0,0.0,3,2000,0,true_nonseq,nan,0.0005,0,1,nan,0,True,0.047041290999914054,,,,,,,,,,
hmc_in_gauss_k2,0,0.0,3,2000,0,true_raw,nan,0.0,0,0,0.0625,0,True,0.0,,,,,,,,,,
hmc_in_gauss_k2,0,0.0,3,2000,0,clean,nan,0.0,0,0,0.0615,1,True,0.03775783299897739,-0.9961864511781671,0.9683167681800422,1.038243499492482,1.0043135695615801,0.8887575907185234,0.8997321576396118,nan,nan,,
hmc_in_gauss_k2,0,0.0,3,2000,0,raw,nan,0.0,0,0,0.0615,1,True,0.03823449999981676,-0.9961864511781671,0.9683167681800422,1.038243499492482,1.0043135695615801,0.8887575907185234,0.8997321576396118,nan,nan,,
hmc_in_gauss_k2,0,0.0,3,2000,0,oracle,nan,0.0,0,0,0.0615,1,True,0.038536333000593004,-0.9961864511781671,0.9683167681800422,1.038243499492482,1.0043135695615801,0.8887575907185234,0.8997321576396118,nan,nan,,
hmc_in_gauss_k2,0,0.0,3,2000,0,fm,nan,0.0005,0,1,0.061000000000000054,2,True,0.1649049579991697,-0.9960983847841423,0.9662477682796338,1.0381873107977886,0.9991315458263522,0.8885260858343579,0.899381641962939,nan,nan,,
hmc_in_gauss_k2,0,0.0,3,2000,0,fm_hampel,nan,0.0005,0,1,0.061000000000000054,3,True,0.23869920899960562,-0.9960983847841423,0.9662477682796338,1.0381873107977886,0.9991315458263522,0.8885260858343579,0.899381641962939,nan,nan,nan,0.005
hmc_in_gauss_k2,0,0.0,3,2000,0,fm_warm,nan,0.0005,0,1,0.0615,2,True,0.15272987500065938,-0.9954941179129223,0.9633536279820272,1.0393490022478027,1.0014607252129473,0.8884612186071734,0.8995770981364835,nan,nan,,
hmc_in_gauss_k2,4,0.01,3,2000,20,true_seq,0.9,0.000505050505050505,0,19,0.0636363636363636,0,True,0.047890457999528735,,,,,,,,,,
hmc_in_gauss_k2,4,0.01,3,2000,20,true_nonseq,0.9,0.000505050505050505,0,19,nan,0,True,0.047214834001351846,,,,,,,,,,
hmc_in_gauss_k2,4,0.01,3,2000,20,true_raw,0.0,0.0,0,0,0.06414141414141417,0,True,0.0,,,,,,,,,,
hmc_in_gauss_k2,4,0.01,3,2000,20,clean,0.0,0.0,0,0,0.06161616161616157,1,True,0.03827087500030757,-0.9961864511781671,0.9683167681800422,1.038243499492482,1.0043135695615801,0.8887575907185234,0.8997321576396118,nan,nan,,
hmc_in_gauss_k2,4,0.01,3,2000,20,raw,0.0,0.0,0,0,0.07222222222222219,1,True,0.06573016699985601,-1.0129683585688523,0.9320599657745362,1.037911663038945,1.2769012943412976,0.8928264927790568,0.9188056098987393,nan,nan,,
hmc_in_gauss_k2,4,0.01,3,2000,20,oracle,1.0,0.0,0,20,0.06212121212121213,1,True,0.03783474999909231,-0.9988465654747273,0.9666497615743241,1.0379127684467062,1.0051745900709261,0.8874614963959305,0.8991526993232913,nan,nan,,
hmc_in_gauss_k2,4,0.01,3,2000,20,fm,0.9,0.0,0,18,0.06212121212121213,4,True,0.34576983399892924,-1.0033791917595416,0.967146872852505,1.0366109845757119,1.0103708578397255,0.8864280584216128,0.8993483027445223,nan,nan,,
hmc_in_gauss_k2,4,0.01,3,2000,20,fm_hampel,0.9,0.0,0,18,0.06212121212121213,3,True,0.2596190829990519,-1.0033791917595416,0.967146872852505,1.0366109845757119,1.0103708578397255,0.8864280584216128,0.8993483027445223,nan,nan,0.5,0.005050505050505051
hmc_in_gauss_k2,4,0.01,3,2000,20,fm_warm,0.9,0.0,0,18,0.061111111111111116,4,True,0.3654499999993277,-1.0159191137683814,0.9446193825297683,1.0345824262588854,1.0236930354444704,0.8869140716475612,0.9033910705189339,nan,nan,,
hmc_in_gauss_k2,6,0.01,3,2000,20,true_seq,1.0,0.000505050505050505,0,21,0.06060606060606055,0,True,0.04771654199976183,,,,,,,,,,
hmc_in_gauss_k2,6,0.01,3,2000,20,true_nonseq,1.0,0.000505050505050505,0,21,nan,0,True,0.047612290998586104,,,,,,,,,,
hmc_in_gauss_k2,6,0.01,3,2000,20,true_raw,0.0,0.0,0,0,0.0601010101010101,0,True,0.0,,,,,,,,,,
hmc_in_gauss_k2,6,0.01,3,2000,20,clean,0.0,0.0,0,0,0.06060606060606055,1,True,0.03831141599948751,-0.9961864511781671,0.9683167681800422,1.038243499492482,1.0043135695615801,0.8887575907185234,0.8997321576396118,nan,nan,,
hmc_in_gauss_k2,6,0.01,3,2000,20,raw,0.0,0.0,0,0,0.08585858585858586,1,True,0.07642370900066453,-0.9757525248814052,0.9072785534473515,1.042301173477145,1.5614577458184162,0.9024249125234655,0.9301860981755157,nan,nan,,
hmc_in_gauss_k2,6,0.01,3,2000,20,oracle,1.0,0.0,0,20,0.0601010101010101,1,True,0.038926458000787534,-1.000404982632616,0.9721935718664032,1.0348470141853168,1.0050043475590582,0.8886811235355169,0.899251243293962,nan,nan,,
hmc_in_gauss_k2,6,0.01,3,2000,20,fm,1.0,0.000505050505050505,0,21,0.05959595959595965,4,True,0.3559495409990632,-1.0003107209025974,0.9701209343086707,1.0347900221528024,0.9997677747113022,0.8884488889496842,0.898895912727094,nan,nan,,
hmc_in_gauss_k2,6,0.01,3,2000,20,fm_hampel,1.0,0.000505050505050505,0,21,0.05959595959595965,2,True,0.16168745899994974,-1.0003107209025974,0.9701209343086707,1.0347900221528024,0.9997677747113022,0.8884488889496842,0.898895912727094,nan,nan,1.0,0.004545454545454545
hmc_in_gauss_k2,6,0.01,3,2000,20,fm_warm,1.0,0.0,0,20,0.05909090909090908,3,True,0.317392374998235,-1.0050810472071718,0.9556117580981343,1.036283225787707,1.0160266798739668,0.8907218810892781,0.9033064546242427,nan,nan,,
hmc_in_gauss_k2,8,0.01,3,2000,20,true_seq,1.0,0.000505050505050505,0,21,0.06212121212121213,0,True,0.04651324999940698,,,,,,,,,,
hmc_in_gauss_k2,8,0.01,3,2000,20,true_nonseq,1.0,0.000505050505050505,0,21,nan,0,True,0.046217541999794776,,,,,,,,,,
hmc_in_gauss_k2,8,0.01,3,2000,20,true_raw,0.0,0.0,0,0,0.06313131313131315,0,True,0.0,,,,,,,,,,
hmc_in_gauss_k2,8,0.01,3,2000,20,clean,0.0,0.0,0,0,0.06060606060606055,1,True,0.03814458399938303,-0.9961864511781671,0.9683167681800422,1.038243499492482,1.0043135695615801,0.8887575907185234,0.8997321576396118,nan,nan,,
hmc_in_gauss_k2,8,0.01,3,2000,20,raw,0.0,0.0,0,0,0.08787878787878789,1,True,0.06742591700094636,-0.9135309037757116,0.9400190424223616,1.0425084679653545,1.83522907250209,0.8978891019333843,0.9241759819035704,nan,nan,,
hmc_in_gauss_k2,8,0.01,3,2000,20,oracle,1.0,0.0,0,20,0.06161616161616157,1,True,0.038779582999268314,-0.9942472556820405,0.963758586343022,1.0364941638339598,1.000317798641753,0.8892035050684146,0.9004242117760621,nan,nan,,
hmc_in_gauss_k2,8,0.01,3,2000,20,fm,1.0,0.0,0,20,0.06161616161616157,2,True,0.18994937500065134,-0.9942472556820405,0.963758586343022,1.0364941638339598,1.000317798641753,0.8892035050684146,0.9004242117760621,nan,nan,,
hmc_in_gauss_k2,8,0.01,3,2000,20,fm_hampel,1.0,0.0,0,20,0.06161616161616157,3,True,0.2392230829991604,-0.9942472556820405,0.963758586343022,1.0364941638339598,1.000317798641753,0.8892035050684146,0.9004242117760621,nan,nan,1.0,0.00404040404040404
hmc_in_gauss_k2,8,0.01,3,2000,20,fm_warm,1.0,0.0,0,20,0.05959595959595965,2,True,0.24071366599855537,-0.997318776928493,0.9462326188893087,1.0393616927941873,1.0123800643397924,0.8924959553222925,0.9055054903653075,nan,nan,,
hmc_in_gauss_k2,4,0.05,3,2000,100,true_seq,0.94,0.0005263157894736842,0,95,0.06631578947368422,0,True,0.047043167000083486,,,,,,,,,,
hmc_in_gauss_k2,4,0.05,3,2000,100,true_nonseq,0.94,0.0005263157894736842,0,95,nan,0,True,0.04702170800010208,,,,,,,,,,
hmc_in_gauss_k2,4,0.05,3,2000,100,true_raw,0.0,0.0,0,0,0.07473684210526321,0,True,0.0,,,,,,,,,,
hmc_in_gauss_k2,4,0.05,3,2000,100,clean,0.0,0.0,0,0,0.06052631578947365,1,True,0.037825458000952494,-0.9961864511781671,0.9683167681800422,1.038243499492482,1.0043135695615801,0.8887575907185234,0.8997321576396118,nan,nan,,
hmc_in_gauss_k2,4,0.05,3,2000,100,raw,0.0,0.0,0,0,0.11526315789473685,1,True,0.06768566599930637,-0.91740163106586,1.132679491875318,1.0477595583347468,1.8686421411041425,0.8530472758004375,0.9035067206893533,nan,nan,,
hmc_in_gauss_k2,4,0.05,3,2000,100,oracle,1.0,0.0,0,100,0.06315789473684208,1,True,0.03814008399967861,-0.9933086772323495,0.9789477907132895,1.0480608817262598,1.0061493357886708,0.8900647221396463,0.8989872158988456,nan,nan,,
hmc_in_gauss_k2,4,0.05,3,2000,100,fm,0.93,0.0,0,93,0.0647368421052632,10,True,0.9833851669991418,-0.9927720436602587,0.9870553090098323,1.052831520738114,1.0320001556495946,0.8847973633460418,0.8963668216329248,nan,nan,,
hmc_in_gauss_k2,4,0.05,3,2000,100,fm_hampel,0.93,0.0,0,93,0.0647368421052632,7,True,0.6554237919990555,-0.9927720436602587,0.9870553090098323,1.052831520738114,1.0320001556495946,0.8847973633460418,0.8963668216329248,nan,nan,0.51,0.004736842105263158
hmc_in_gauss_k2,4,0.05,3,2000,100,fm_warm,0.92,0.0,0,92,0.0647368421052632,11,False,0.9295110409984773,-1.006192329058374,0.9706417044237676,1.048725483058031,1.0460881890795732,0.8786634359361453,0.8946169324866587,nan,nan,,
hmc_in_gauss_k2,6,0.05,3,2000,100,true_seq,1.0,0.0005263157894736842,0,101,0.0647368421052632,0,True,0.0476642499997979,,,,,,,,,,
hmc_in_gauss_k2,6,0.05,3,2000,100,true_nonseq,1.0,0.0005263157894736842,0,101,nan,0,True,0.04688408299989533,,,,,,,,,,
hmc_in_gauss_k2,6,0.05,3,2000,100,true_raw,0.0,0.0,0,0,0.08210526315789479,0,True,0.0,,,,,,,,,,
hmc_in_gauss_k2,6,0.05,3,2000,100,clean,0.0,0.0,0,0,0.062105263157894774,1,True,0.03754570899945975,-0.9961864511781671,0.9683167681800422,1.038243499492482,1.0043135695615801,0.8887575907185234,0.8997321576396118,nan,nan,,
hmc_in_gauss_k2,6,0.05,3,2000,100,raw,0.0,0.0,0,0,0.4736842105263158,1,True,0.23330154199902609,0.03757402512854274,8.527695918740838,1.4131605648722665,1.4787576543871621,0.9473963029465706,1.023894671888629e-09,nan,nan,,
hmc_in_gauss_k2,6,0.05,3,2000,100,oracle,1.0,0.0,0,100,0.06263157894736837,1,True,0.03803650000008929,-1.0013073019435956,0.9671360045770002,1.0357618379732134,0.9946654546117902,0.8878478349996402,0.9002518179549823,nan,nan,,
hmc_in_gauss_k2,6,0.05,3,2000,100,fm,0.0,0.0,0,0,0.4736842105263158,1,True,0.2805895829988003,0.03757402512854274,8.527695918740838,1.4131605648722665,1.4787576543871621,0.9473963029465706,1.023894671888629e-09,nan,nan,,
hmc_in_gauss_k2,6,0.05,3,2000,100,fm_hampel,1.0,0.0005263157894736842,0,101,0.06263157894736837,4,True,0.34602662500037695,-1.001434969762861,0.9648109211439521,1.035627823291915,0.9891874664140581,0.8876012644165338,0.8999299602598992,nan,nan,0.81,0.00631578947368421
hmc_in_gauss_k2,6,0.05,3,2000,100,fm_warm,0.0,0.0,0,0,0.4736842105263158,1,True,0.2831551250001212,0.03757402512854274,8.527695918740838,1.4131605648722665,1.4787576543871621,0.9473963029465706,1.023894671888629e-09,nan,nan,,
hmc_in_gauss_k2,8,0.05,3,2000,100,true_seq,1.0,0.0005263157894736842,0,101,0.0652631578947368,0,True,0.04697024999950372,,,,,,,,,,
hmc_in_gauss_k2,8,0.05,3,2000,100,true_nonseq,1.0,0.0005263157894736842,0,101,nan,0,True,0.04679504200066731,,,,,,,,,,
hmc_in_gauss_k2,8,0.05,3,2000,100,true_raw,0.0,0.0,0,0,0.08263157894736839,0,True,0.0,,,,,,,,,,
hmc_in_gauss_k2,8,0.05,3,2000,100,clean,0.0,0.0,0,0,0.06052631578947365,1,True,0.037600540999847,-0.9961864511781671,0.9683167681800422,1.038243499492482,1.0043135695615801,0.8887575907185234,0.8997321576396118,nan,nan,,
hmc_in_gauss_k2,8,0.05,3,2000,100,raw,0.0,0.0,0,0,0.4747368421052631,1,True,0.14949470800092968,0.03256993768891658,11.44531798596726,1.421203835949826,1.300184240860757,0.9473407064377782,8.001034068966868e-22,nan,nan,,
hmc_in_gauss_k2,8,0.05,3,2000,100,oracle,1.0,0.0,0,100,0.0642105263157895,1,True,0.038357499999619904,-1.003142069739631,0.9791410305105718,1.0390680944981041,1.0013437537498597,0.8882714005658293,0.8981527862148512,nan,nan,,
hmc_in_gauss_k2,8,0.05,3,2000,100,fm,0.0,0.0,0,0,0.4747368421052631,1,True,0.19602808300078323,0.03256993768891658,11.44531798596726,1.421203835949826,1.300184240860757,0.9473407064377782,8.001034068966868e-22,nan,nan,,
hmc_in_gauss_k2,8,0.05,3,2000,100,fm_hampel,1.0,0.0005263157894736842,0,101,0.0647368421052632,3,True,0.27942470900052285,-1.003034725350688,0.9769949871398724,1.0390006986330724,0.9958427209347713,0.8880404876319776,0.8977902216227689,nan,nan,0.92,0.004736842105263158
hmc_in_gauss_k2,8,0.05,3,2000,100,fm_warm,0.0,0.0,0,0,0.4747368421052631,1,True,0.19578329199975997,0.03256993768891658,11.44531798596726,1.421203835949826,1.300184240860757,0.9473407064377782,8.001034068966868e-22,nan,nan,,
hmc_in_gauss_k2,0,0.0,4,2000,0,true_seq,nan,0.0,0,0,0.06599999999999995,0,True,0.04737424999984796,,,,,,,,,,
hmc_in_gauss_k2,0,0.0,4,2000,0,true_nonseq,nan,0.0,0,0,nan,0,True,0.04648704099963652,,,,,,,,,,
hmc_in_gauss_k2,0,0.0,4,2000,0,true_raw,nan,0.0,0,0,0.06599999999999995,0,True,0.0,,,,,,,,,,
hmc_in_gauss_k2,0,0.0,4,2000,0,clean,nan,0.0,0,0,0.0655,1,True,0.03779108399976394,-1.031522619228927,1.019974066684308,1.007720119661498,0.9877653140543339,0.8996510299244038,0.9024052755952112,nan,nan,,
hmc_in_gauss_k2,0,0.0,4,2000,0,raw,nan,0.0,0,0,0.0655,1,True,0.037848790998396,-1.031522619228927,1.019974066684308,1.007720119661498,0.9877653140543339,0.8996510299244038,0.9024052755952112,nan,nan,,
hmc_in_gauss_k2,0,0.0,4,2000,0,oracle,nan,0.0,0,0,0.0655,1,True,0.03754983300132153,-1.031522619228927,1.019974066684308,1.007720119661498,0.9877653140543339,0.8996510299244038,0.9024052755952112,nan,nan,,
hmc_in_gauss_k2,0,0.0,4,2000,0,fm,nan,0.0,0,0,0.0655,1,True,0.08487950000017008,-1.031522619228927,1.019974066684308,1.007720119661498,0.9877653140543339,0.8996510299244038,0.9024052755952112,nan,nan,,
hmc_in_gauss_k2,0,0.0,4,2000,0,fm_hampel,nan,0.0,0,0,0.0655,2,True,0.1617180000012013,-1.031522619228927,1.019974066684308,1.007720119661498,0.9877653140543339,0.8996510299244038,0.9024052755952112,nan,nan,nan,0.0115
hmc_in_gauss_k2,0,0.0,4,2000,0,fm_warm,nan,0.0,0,0,0.0655,1,True,0.08536170799925458,-1.031522619228927,1.019974066684308,1.007720119661498,0.9877653140543339,0.8996510299244038,0.9024052755952112,nan,nan,,
hmc_in_gauss_k2,4,0.01,4,2000,20,true_seq,0.8,0.0,0,16,0.06868686868686869,0,True,0.04760929199983366,,,,,,,,,,
hmc_in_gauss_k2,4,0.01,4,2000,20,true_nonseq,0.8,0.0,0,16,nan,0,True,0.04702479099978518,,,,,,,,,,
hmc_in_gauss_k2,4,0.01,4,2000,20,true_raw,0.0,0.0,0,0,0.06919191919191914,0,True,0.0,,,,,,,,,,
hmc_in_gauss_k2,4,0.01,4,2000,20,clean,0.0,0.0,0,0,0.06565656565656564,1,True,0.03830554199885228,-1.031522619228927,1.019974066684308,1.007720119661498,0.9877653140543339,0.8996510299244038,0.9024052755952112,nan,nan,,
hmc_in_gauss_k2,4,0.01,4,2000,20,raw,0.0,0.0,0,0,0.07525252525252524,1,True,0.0573512920000212,-1.0548145851161173,1.0090125108514612,0.9986762071466303,1.230254663227208,0.8872658086308486,0.9050943069424049,nan,nan,,
hmc_in_gauss_k2,4,0.01,4,2000,20,oracle,1.0,0.0,0,20,0.0661616161616162,1,True,0.038492833000418614,-1.0284974168103087,1.0162809880334271,1.0041646287796155,0.9869580980377952,0.9005175061206225,0.9034109181325617,nan,nan,,
hmc_in_gauss_k2,4,0.01,4,2000,20,fm,0.75,0.0,0,15,0.06919191919191914,3,True,0.25780820900035906,-1.0347202724720015,1.0146579113653522,1.0043577818035483,1.005495852976861,0.8963704454832436,0.9020454032072642,nan,nan,,
hmc_in_gauss_k2,4,0.01,4,2000,20,fm_hampel,0.8,0.0,0,16,0.06666666666666665,2,True,0.16127712500019697,-1.0308322080023364,1.01491999518325,1.0056197734811043,1.0004117537740198,0.8977309837897778,0.9024780842007685,nan,nan,0.65,0.010101010101010102
hmc_in_gauss_k2,4,0.01,4,2000,20,fm_warm,0.75,0.0,0,15,0.07171717171717173,3,True,0.26959870899918315,-1.0535201639643472,0.997470342354096,0.9947356677554396,1.0139100825435918,0.8932978509159794,0.9026126812842958,nan,nan,,
hmc_in_gauss_k2,6,0.01,4,2000,20,true_seq,1.0,0.0,0,20,0.0661616161616162,0,True,0.04764716700083227,,,,,,,,,,
hmc_in_gauss_k2,6,0.01,4,2000,20,true_nonseq,1.0,0.0,0,20,nan,0,True,0.04711066699928779,,,,,,,,,,
hmc_in_gauss_k2,6,0.01,4,2000,20,true_raw,0.0,0.0,0,0,0.0661616161616162,0,True,0.0,,,,,,,,,,
hmc_in_gauss_k2,6,0.01,4,2000,20,clean,0.0,0.0,0,0,0.06515151515151518,1,True,0.037959416999001405,-1.031522619228927,1.019974066684308,1.007720119661498,0.9877653140543339,0.8996510299244038,0.9024052755952112,nan,nan,,
hmc_in_gauss_k2,6,0.01,4,2000,20,raw,0.0,0.0,0,0,0.08383838383838382,1,True,0.06684504100121558,-1.0305080816871737,1.0003788872571713,1.0134670872583473,1.513957102023654,0.8983415873219521,0.9181063523139911,nan,nan,,
hmc_in_gauss_k2,6,0.01,4,2000,20,oracle,1.0,0.0,0,20,0.06666666666666665,1,True,0.03858991699962644,-1.028323004923838,1.0251573738518553,1.0083575158157423,0.9840684540864106,0.8997664775125201,0.901741105153769,nan,nan,,
hmc_in_gauss_k2,6,0.01,4,2000,20,fm,1.0,0.0,0,20,0.06666666666666665,2,True,0.19102183300128672,-1.028323004923838,1.0251573738518553,1.0083575158157423,0.9840684540864106,0.8997664775125201,0.901741105153769,nan,nan,,
hmc_in_gauss_k2,6,0.01,4,2000,20,fm_hampel,1.0,0.0,0,20,0.06666666666666665,2,True,0.16123070799949346,-1.028323004923838,1.0251573738518553,1.0083575158157423,0.9840684540864106,0.8997664775125201,0.901741105153769,nan,nan,0.9,0.011616161616161616
hmc_in_gauss_k2,6,0.01,4,2000,20,fm_warm,1.0,0.0,0,20,0.06565656565656564,2,True,0.23098804199980805,-1.0321607404334423,1.0197264022159578,1.0072231977631814,0.9870628834742404,0.9003859669268424,0.9032307261941657,nan,nan,,
hmc_in_gauss_k2,8,0.01,4,2000,20,true_seq,1.0,0.0,0,20,0.06565656565656564,0,True,0.047567249999701744,,,,,,,,,,
hmc_in_gauss_k2,8,0.01,4,2000,20,true_nonseq,1.0,0.000505050505050505,1,21,nan,0,True,0.047317917000327725,,,,,,,,,,
hmc_in_gauss_k2,8,0.01,4,2000,20,true_raw,0.0,0.0,0,0,0.06868686868686869,0,True,0.0,,,,,,,,,,
hmc_in_gauss_k2,8,0.01,4,2000,20,clean,0.0,0.0,0,0,0.06515151515151518,1,True,0.038326459000018076,-1.031522619228927,1.019974066684308,1.007720119661498,0.9877653140543339,0.8996510299244038,0.9024052755952112,nan,nan,,
hmc_in_gauss_k2,8,0.01,4,2000,20,raw,0.0,0.0,0,0,0.10606060606060608,1,True,0.06671762500081968,-0.9856622948274201,0.9897442622082858,1.0111060570146733,1.8387142765416309,0.8986329362685753,0.9207331049185415,nan,nan,,
hmc_in_gauss_k2,8,0.01,4,2000,20,oracle,1.0,0.0,0,20,0.06515151515151518,1,True,0.03879691700058174,-1.0306268239581842,1.0196035152654868,1.0040018361290535,0.9875911889725703,0.8993373406554294,0.9021492167740043,nan,nan,,
hmc_in_gauss_k2,8,0.01,4,2000,20,fm,1.0,0.0,0,20,0.06515151515151518,2,True,0.19118650000018533,-1.0306268239581842,1.0196035152654868,1.0040018361290535,0.9875911889725703,0.8993373406554294,0.9021492167740043,nan,nan,,
hmc_in_gauss_k2,8,0.01,4,2000,20,fm_hampel,1.0,0.0,0,20,0.06515151515151518,2,True,0.16206445900024846,-1.0306268239581842,1.0196035152654868,1.0040018361290535,0.9875911889725703,0.8993373406554294,0.9021492167740043,nan,nan,1.0,0.011111111111111112
hmc_in_gauss_k2,8,0.01,4,2000,20,fm_warm,1.0,0.0,0,20,0.0636363636363636,2,True,0.22737420900011784,-1.0374615262332476,1.0083201068436805,1.0023809395721035,0.9941433781428999,0.9005727580238835,0.9050454199953714,nan,nan,,
hmc_in_gauss_k2,4,0.05,4,2000,100,true_seq,0.91,0.0,0,91,0.06999999999999995,0,True,0.04735616600009962,,,,,,,,,,
hmc_in_gauss_k2,4,0.05,4,2000,100,true_nonseq,0.91,0.0,0,91,nan,0,True,0.05101549999926647,,,,,,,,,,
hmc_in_gauss_k2,4,0.05,4,2000,100,true_raw,0.0,0.0,0,0,0.07999999999999996,0,True,0.0,,,,,,,,,,
hmc_in_gauss_k2,4,0.05,4,2000,100,clean,0.0,0.0,0,0,0.0647368421052632,1,True,0.03807600000072853,-1.031522619228927,1.019974066684308,1.007720119661498,0.9877653140543339,0.8996510299244038,0.9024052755952112,nan,nan,,
hmc_in_gauss_k2,4,0.05,4,2000,100,raw,0.0,0.0,0,0,0.10263157894736841,1,True,0.056792250001308275,-0.9854583313824976,1.251596379484294,1.025629865734094,1.8613756028546558,0.8829249892033951,0.9124871454830692,nan,nan,,
hmc_in_gauss_k2,4,0.05,4,2000,100,oracle,1.0,0.0,0,100,0.06842105263157894,1,True,0.0378511669987347,-1.0210397542667846,1.0154930963457187,1.0112139333678223,0.9981237722979961,0.9008884663297577,0.9033543613575901,nan,nan,,
hmc_in_gauss_k2,4,0.05,4,2000,100,fm,0.88,0.0,0,88,0.06947368421052635,9,True,0.8141165839988389,-1.0303113993992474,1.0191791109407025,1.01072661131126,1.0462524683051642,0.8944052282692452,0.9023115323765257,nan,nan,,
hmc_in_gauss_k2,4,0.05,4,2000,100,fm_hampel,0.88,0.0,0,88,0.06947368421052635,7,True,0.6393528749995312,-1.0303113993992474,1.0191791109407025,1.01072661131126,1.0462524683051642,0.8944052282692452,0.9023115323765257,nan,nan,0.48,0.007368421052631579
hmc_in_gauss_k2,4,0.05,4,2000,100,fm_warm,0.85,0.0,0,85,0.07631578947368423,8,True,0.6697064590007358,-1.062891519794231,0.9780940438315382,0.9992717503515148,1.0867901613358337,0.8925088277837567,0.908854462137945,nan,nan,,
hmc_in_gauss_k2,6,0.05,4,2000,100,true_seq,1.0,0.0,0,100,0.06578947368421051,0,True,0.04643541699988418,,,,,,,,,,
hmc_in_gauss_k2,6,0.05,4,2000,100,true_nonseq,1.0,0.0,0,100,nan,0,True,0.04713941699992574,,,,,,,,,,
hmc_in_gauss_k2,6,0.05,4,2000,100,true_raw,0.0,0.0,0,0,0.07473684210526321,0,True,0.0,,,,,,,,,,
hmc_in_gauss_k2,6,0.05,4,2000,100,clean,0.0,0.0,0,0,0.0647368421052632,1,True,0.038609334000284434,-1.031522619228927,1.019974066684308,1.007720119661498,0.9877653140543339,0.8996510299244038,0.9024052755952112,nan,nan,,
hmc_in_gauss_k2,6,0.05,4,2000,100,raw,0.0,0.0,0,0,0.49631578947368427,1,True,0.25209066699972027,0.006207556878698967,8.70359067459993,1.4335185052501995,1.4206967519425633,0.9478187158407038,5.3200754402853395e-12,nan,nan,,
hmc_in_gauss_k2,6,0.05,4,2000,100,oracle,1.0,0.0,0,100,0.06578947368421051,1,True,0.038898875000086264,-1.0252834197483847,1.0191574395211576,1.0049413588273761,0.9939791184998459,0.8999565434743257,0.9023317831606169,nan,nan,,
hmc_in_gauss_k2,6,0.05,4,2000,100,fm,0.0,0.0,0,0,0.49631578947368427,1,True,0.30348708299970895,0.006207556878698967,8.70359067459993,1.4335185052501995,1.4206967519425633,0.9478187158407038,5.3200754402853395e-12,nan,nan,,
hmc_in_gauss_k2,6,0.05,4,2000,100,fm_hampel,1.0,0.0,0,100,0.06578947368421051,2,True,0.19141374999890104,-1.0252834197483847,1.0191574395211576,1.0049413588273761,0.9939791184998459,0.8999565434743257,0.9023317831606169,nan,nan,0.86,0.008421052631578947
hmc_in_gauss_k2,6,0.05,4,2000,100,fm_warm,0.0,0.0,0,0,0.49631578947368427,1,True,0.30117758300002606,0.006207556878698967,8.70359067459993,1.4335185052501995,1.4206967519425633,0.9478187158407038,5.3200754402853395e-12,nan,nan,,
hmc_in_gauss_k2,8,0.05,4,2000,100,true_seq,1.0,0.0,0,100,0.06894736842105265,0,True,0.04759612499947252,,,,,,,,,,
hmc_in_gauss_k2,8,0.05,4,2000,100,true_nonseq,1.0,0.0,0,100,nan,0,True,0.04718504199991003,,,,,,,,,,
hmc_in_gauss_k2,8,0.05,4,2000,100,true_raw,0.0,0.0,0,0,0.08263157894736839,0,True,0.0,,,,,,,,,,
hmc_in_gauss_k2,8,0.05,4,2000,100,clean,0.0,0.0,0,0,0.06789473684210523,1,True,0.038193624999621534,-1.031522619228927,1.019974066684308,1.007720119661498,0.9877653140543339,0.8996510299244038,0.9024052755952112,nan,nan,,
hmc_in_gauss_k2,8,0.05,4,2000,100,raw,0.0,0.0,0,0,0.4921052631578947,1,True,0.1519459579994873,0.012451974350015521,11.371581235814524,1.432709574203976,1.392133062334436,0.9473406988198069,2.2435454653780775e-12,nan,nan,,
hmc_in_gauss_k2,8,0.05,4,2000,100,oracle,1.0,0.0,0,100,0.06999999999999995,1,True,0.03886158400018758,-1.040455710432895,1.0235415464226723,1.0060633613749748,0.9823129109565857,0.9024397732130072,0.9046752366358578,nan,nan,,
hmc_in_gauss_k2,8,0.05,4,2000,100,fm,0.01,0.0,0,1,0.4921052631578947,2,True,0.3995757920001779,0.012452010466237826,11.336885367461164,1.4327096247406415,1.355438075666206,0.9478643680742295,5.207554737807382e-20,nan,nan,,
hmc_in_gauss_k2,8,0.05,4,2000,100,fm_hampel,1.0,0.0,0,100,0.06999999999999995,2,True,0.1931384170002275,-1.040455710432895,1.0235415464226723,1.0060633613749748,0.9823129109565857,0.9024397732130072,0.9046752366358578,nan,nan,0.93,0.008421052631578947
hmc_in_gauss_k2,8,0.05,4,2000,100,fm_warm,0.01,0.0,0,1,0.4921052631578947,2,True,0.2677083329999732,0.012452006711496644,11.336885254182455,1.4327096186348467,1.3554383730136021,0.947864047081351,5.053963362064129e-20,nan,nan,,
hmc_in_gauss_k2,0,0.0,5,2000,0,true_seq,nan,0.0015,0,3,0.044499999999999984,0,True,0.0478265410001768,,,,,,,,,,
hmc_in_gauss_k2,0,0.0,5,2000,0,true_nonseq,nan,0.0015,0,3,nan,0,True,0.04800670899930992,,,,,,,,,,
hmc_in_gauss_k2,0,0.0,5,2000,0,true_raw,nan,0.0,0,0,0.044499999999999984,0,True,0.0,,,,,,,,,,
hmc_in_gauss_k2,0,0.0,5,2000,0,clean,nan,0.0,0,0,0.045499999999999985,1,True,0.039081457998690894,-1.0024296446433119,1.0041608688704986,0.9563646530956067,0.9709328561239013,0.9120206735171135,0.9031859878830122,nan,nan,,
hmc_in_gauss_k2,0,0.0,5,2000,0,raw,nan,0.0,0,0,0.045499999999999985,1,True,0.03831387500031269,-1.0024296446433119,1.0041608688704986,0.9563646530956067,0.9709328561239013,0.9120206735171135,0.9031859878830122,nan,nan,,
hmc_in_gauss_k2,0,0.0,5,2000,0,oracle,nan,0.0,0,0,0.045499999999999985,1,True,0.03730612500112329,-1.0024296446433119,1.0041608688704986,0.9563646530956067,0.9709328561239013,0.9120206735171135,0.9031859878830122,nan,nan,,
hmc_in_gauss_k2,0,0.0,5,2000,0,fm,nan,0.0015,0,3,0.045499999999999985,2,True,0.16401795800084074,-1.0009078332765882,0.999737103159056,0.9496573843899254,0.9587746669085576,0.9112477521356922,0.9022712615468731,nan,nan,,
hmc_in_gauss_k2,0,0.0,5,2000,0,fm_hampel,nan,0.0015,0,3,0.045499999999999985,3,True,0.2404063750000205,-1.0009078332765882,0.999737103159056,0.9496573843899254,0.9587746669085576,0.9112477521356922,0.9022712615468731,nan,nan,nan,0.008
hmc_in_gauss_k2,0,0.0,5,2000,0,fm_warm,nan,0.0015,0,3,0.045499999999999985,2,True,0.15296687499903783,-1.0007872385808398,0.9994997154900422,0.9496085021347466,0.959213710004684,0.9118032974902976,0.9028929361583999,nan,nan,,
hmc_in_gauss_k2,4,0.01,5,2000,20,true_seq,0.8,0.0015151515151515152,0,19,0.045454545454545414,0,True,0.046956375001173,,,,,,,,,,
hmc_in_gauss_k2,4,0.01,5,2000,20,true_nonseq,0.8,0.0015151515151515152,0,19,nan,0,True,0.04796100000021397,,,,,,,,,,
hmc_in_gauss_k2,4,0.01,5,2000,20,true_raw,0.0,0.0,0,0,0.04797979797979801,0,True,0.0,,,,,,,,,,
hmc_in_gauss_k2,4,0.01,5,2000,20,clean,0.0,0.0,0,0,0.045454545454545414,1,True,0.039364166999803274,-1.0024296446433119,1.0041608688704986,0.9563646530956067,0.9709328561239013,0.9120206735171135,0.9031859878830122,nan,nan,,
hmc_in_gauss_k2,4,0.01,5,2000,20,raw,0.0,0.0,0,0,0.048484848484848464,1,True,0.04820487500001036,-1.0109709597224361,1.0426427957595261,0.954524037605618,1.1639052630182363,0.9016651191897673,0.9002527737416752,nan,nan,,
hmc_in_gauss_k2,4,0.01,5,2000,20,oracle,1.0,0.0,0,20,0.045454545454545414,1,True,0.038615084000412025,-1.0004623427744668,1.0102472206988264,0.9571638759390478,0.9712103918610073,0.911635599646211,0.9028344976302546,nan,nan,,
hmc_in_gauss_k2,4,0.01,5,2000,20,fm,0.85,0.0015151515151515152,0,20,0.04595959595959598,4,True,0.3266847089998919,-1.0007832657982627,1.0077139698223148,0.9501214031129618,0.9723459463024853,0.9089794473130758,0.901130799771536,nan,nan,,
hmc_in_gauss_k2,4,0.01,5,2000,20,fm_hampel,0.85,0.0015151515151515152,0,20,0.04595959595959598,4,True,0.31782737499997893,-1.0007832657982627,1.0077139698223148,0.9501214031129618,0.9723459463024853,0.9089794473130758,0.901130799771536,nan,nan,0.5,0.00808080808080808
hmc_in_gauss_k2,4,0.01,5,2000,20,fm_warm,0.85,0.0015151515151515152,0,20,0.04494949494949496,4,True,0.3258217919992603,-1.0081206342380193,1.0049055653680525,0.9452463850242414,0.9720508089950357,0.9075433043306855,0.9006010480567006,nan,nan,,
hmc_in_gauss_k2,6,0.01,5,2000,20,true_seq,1.0,0.0015151515151515152,0,23,0.046969696969696995,0,True,0.046739416999116656,,,,,,,,,,
hmc_in_gauss_k2,6,0.01,5,2000,20,true_nonseq,1.0,0.0015151515151515152,0,23,nan,0,True,0.04671862500072166,,,,,,,,,,
hmc_in_gauss_k2,6,0.01,5,2000,20,true_raw,0.0,0.0,0,0,0.04797979797979801,0,True,0.0,,,,,,,,,,
hmc_in_gauss_k2,6,0.01,5,2000,20,clean,0.0,0.0,0,0,0.045454545454545414,1,True,0.038284374999420834,-1.0024296446433119,1.0041608688704986,0.9563646530956067,0.9709328561239013,0.9120206735171135,0.9031859878830122,nan,nan,,
hmc_in_gauss_k2,6,0.01,5,2000,20,raw,0.0,0.0,0,0,0.06262626262626259,1,True,0.06666033300098206,-0.991509241880888,0.9907786737317226,0.9564304759396676,1.5705866604192418,0.9121170587552023,0.9183883391987305,nan,nan,,
hmc_in_gauss_k2,6,0.01,5,2000,20,oracle,1.0,0.0,0,20,0.04646464646464643,1,True,0.03915975000018079,-1.002699516310532,1.0002842070395528,0.9580158936799527,0.9717237821660516,0.9129099000981752,0.9035008509230656,nan,nan,,
hmc_in_gauss_k2,6,0.01,5,2000,20,fm,1.0,0.0015151515151515152,0,23,0.04747474747474745,3,True,0.2671127499997965,-1.001130021577093,0.9958046429335097,0.9513107665442104,0.9593873892757466,0.9121456037709935,0.9025858206558389,nan,nan,,
hmc_in_gauss_k2,6,0.01,5,2000,20,fm_hampel,1.0,0.0015151515151515152,0,23,0.04747474747474745,2,True,0.16340254200076743,-1.001130021577093,0.9958046429335097,0.9513107665442104,0.9593873892757466,0.9121456037709935,0.9025858206558389,nan,nan,0.95,0.00808080808080808
hmc_in_gauss_k2,6,0.01,5,2000,20,fm_warm,1.0,0.0015151515151515152,0,23,0.04646464646464643,3,True,0.29799233400080993,-1.0053321561061885,0.9881559260906794,0.9497445740563744,0.96415530218183,0.9133783213357896,0.9050714425811965,nan,nan,,
hmc_in_gauss_k2,8,0.01,5,2000,20,true_seq,1.0,0.0015151515151515152,0,23,0.045454545454545414,0,True,0.04805679200035229,,,,,,,,,,
hmc_in_gauss_k2,8,0.01,5,2000,20,true_nonseq,1.0,0.0015151515151515152,0,23,nan,0,True,0.04763195799932873,,,,,,,,,,
hmc_in_gauss_k2,8,0.01,5,2000,20,true_raw,0.0,0.0,0,0,0.04595959595959598,0,True,0.0,,,,,,,,,,
hmc_in_gauss_k2,8,0.01,5,2000,20,clean,0.0,0.0,0,0,0.04595959595959598,1,True,0.03827495900077338,-1.0024296446433119,1.0041608688704986,0.9563646530956067,0.9709328561239013,0.9120206735171135,0.9031859878830122,nan,nan,,
hmc_in_gauss_k2,8,0.01,5,2000,20,raw,0.0,0.0,0,0,0.07474747474747478,1,True,0.05592754099961894,-0.9324541666366075,1.0385396329133483,0.9682856288436443,1.8704337889368825,0.9199192010161779,0.9217034173161898,nan,nan,,
hmc_in_gauss_k2,8,0.01,5,2000,20,oracle,1.0,0.0,0,20,0.04646464646464643,1,True,0.037558165999143966,-0.9975645470030792,1.0059966588935838,0.9575563456885995,0.9707624706276002,0.9117810223238647,0.9022414692543069,nan,nan,,
hmc_in_gauss_k2,8,0.01,5,2000,20,fm,1.0,0.0015151515151515152,0,23,0.04646464646464643,3,True,0.25808062499891093,-0.9959467239443144,1.001580649712157,0.9508790397043942,0.9583678862145605,0.9110096204971719,0.9012946892833515,nan,nan,,
hmc_in_gauss_k2,8,0.01,5,2000,20,fm_hampel,1.0,0.0015151515151515152,0,23,0.04646464646464643,3,True,0.23965545800092514,-0.9959467239443144,1.001580649712157,0.9508790397043942,0.9583678862145605,0.9110096204971719,0.9012946892833515,nan,nan,1.0,0.00808080808080808
hmc_in_gauss_k2,8,0.01,5,2000,20,fm_warm,1.0,0.0015151515151515152,0,23,0.04646464646464643,3,True,0.2996596249995491,-0.9975063587101598,1.0007323703396593,0.9499286070042289,0.9584813421690083,0.911727403400252,0.9023361093510075,nan,nan,,
hmc_in_gauss_k2,4,0.05,5,2000,100,true_seq,0.85,0.0015789473684210526,0,88,0.052105263157894766,0,True,0.04821304199867882,,,,,,,,,,
hmc_in_gauss_k2,4,0.05,5,2000,100,true_nonseq,0.85,0.002631578947368421,2,90,nan,0,True,0.046468291999190114,,,,,,,,,,
hmc_in_gauss_k2,4,0.05,5,2000,100,true_raw,0.0,0.0,0,0,0.061578947368421066,0,True,0.0,,,,,,,,,,
hmc_in_gauss_k2,4,0.05,5,2000,100,clean,0.0,0.0,0,0,0.04368421052631577,1,True,0.03810945800069021,-1.0024296446433119,1.0041608688704986,0.9563646530956067,0.9709328561239013,0.9120206735171135,0.9031859878830122,nan,nan,,
hmc_in_gauss_k2,4,0.05,5,2000,100,raw,0.0,0.0,0,0,0.0915789473684211,1,True,0.06663000000116881,-0.9775777091132462,1.1777193700856174,0.9364202224750588,1.7955207052331985,0.873464630450823,0.900883774582869,nan,nan,,
hmc_in_gauss_k2,4,0.05,5,2000,100,oracle,1.0,0.0,0,100,0.045263157894736894,1,True,0.03904658299870789,-1.0066129229518483,1.0018088053612515,0.9556658626863268,0.9627675569095754,0.9124581061944428,0.9057131768204764,nan,nan,,
hmc_in_gauss_k2,4,0.05,5,2000,100,fm,0.84,0.0010526315789473684,0,86,0.05315789473684207,9,True,0.8251081250000425,-1.0135434805023087,1.0186395171411156,0.9492644938311908,1.011355987777464,0.9009330897880118,0.8988241645866045,nan,nan,,
hmc_in_gauss_k2,4,0.05,5,2000,100,fm_hampel,0.84,0.0010526315789473684,0,86,0.05315789473684207,7,True,0.6378309169995191,-1.0135434805023087,1.0186395171411156,0.9492644938311908,1.011355987777464,0.9009330897880118,0.8988241645866045,nan,nan,0.48,0.008421052631578947
hmc_in_gauss_k2,4,0.05,5,2000,100,fm_warm,0.84,0.0015789473684210526,0,87,0.05368421052631578,10,True,0.8320897080011491,-1.0269828942893522,1.0091797879805195,0.9335773419141495,1.013546206261756,0.8970717141714509,0.8975526841754391,nan,nan,,
hmc_in_gauss_k2,6,0.05,5,2000,100,true_seq,1.0,0.0015789473684210526,0,103,0.044736842105263186,0,True,0.048086958999192575,,,,,,,,,,
hmc_in_gauss_k2,6,0.05,5,2000,100,true_nonseq,1.0,0.0010526315789473684,0,102,nan,0,True,0.047534041999824694,,,,,,,,,,
hmc_in_gauss_k2,6,0.05,5,2000,100,true_raw,0.0,0.0,0,0,0.0557894736842105,0,True,0.0,,,,,,,,,,
hmc_in_gauss_k2,6,0.05,5,2000,100,clean,0.0,0.0,0,0,0.044736842105263186,1,True,0.03836237500036077,-1.0024296446433119,1.0041608688704986,0.9563646530956067,0.9709328561239013,0.9120206735171135,0.9031859878830122,nan,nan,,
hmc_in_gauss_k2,6,0.05,5,2000,100,raw,0.0,0.0,0,0,0.4805263157894737,1,True,0.2904695420002099,-0.05059450275340603,8.349876534002167,1.3930060999647542,1.3386705699101695,0.9472760912302205,8.288864493849022e-12,nan,nan,,
hmc_in_gauss_k2,6,0.05,5,2000,100,oracle,1.0,0.0,0,100,0.04578947368421049,1,True,0.038655624999591964,-1.0000337977025948,1.0045906589001414,0.9663999109946725,0.9719030465060846,0.9121096003656085,0.902411213922627,nan,nan,,
hmc_in_gauss_k2,6,0.05,5,2000,100,fm,0.01,0.0,0,1,0.4805263157894737,2,True,0.6687010420009756,-0.05062480257152975,8.316799614204323,1.3929564297431336,1.3056354895446383,0.947792983556331,9.179009123740194e-11,nan,nan,,
hmc_in_gauss_k2,6,0.05,5,2000,100,fm_hampel,1.0,0.0015789473684210526,0,103,0.0463157894736842,3,True,0.2683429579992662,-0.9988350599706614,0.9998537496606439,0.9591469639541479,0.9589850909886323,0.9111666470217811,0.9013738971037372,nan,nan,0.85,0.005263157894736842
hmc_in_gauss_k2,6,0.05,5,2000,100,fm_warm,0.01,0.0,0,1,0.4805263157894737,2,True,0.42293645899917465,-0.05050614931588276,8.31864658289273,1.3931405389447193,1.3031929431061229,0.9478199228583863,1.6891619685709087e-15,nan,nan,,
hmc_in_gauss_k2,8,0.05,5,2000,100,true_seq,1.0,0.0015789473684210526,0,103,0.04842105263157892,0,True,0.04668995900101436,,,,,,,,,,
hmc_in_gauss_k2,8,0.05,5,2000,100,true_nonseq,1.0,0.0015789473684210526,0,103,nan,0,True,0.04760625000017171,,,,,,,,,,
hmc_in_gauss_k2,8,0.05,5,2000,100,true_raw,0.0,0.0,0,0,0.07157894736842108,0,True,0.0,,,,,,,,,,
hmc_in_gauss_k2,8,0.05,5,2000,100,clean,0.0,0.0,0,0,0.04578947368421049,1,True,0.03790145799939637,-1.0024296446433119,1.0041608688704986,0.9563646530956067,0.9709328561239013,0.9120206735171135,0.9031859878830122,nan,nan,,
hmc_in_gauss_k2,8,0.05,5,2000,100,raw,0.0,0.0,0,0,0.4815789473684211,1,True,0.1684153329988476,-0.04289987972253056,10.99360996502715,1.3939292223705593,1.3120932347287722,0.9473406814642796,7.059815877489079e-16,nan,nan,,
hmc_in_gauss_k2,8,0.05,5,2000,100,oracle,1.0,0.0,0,100,0.04789473684210521,1,True,0.038854333000927,-1.0070389078902973,1.004539404715922,0.9564710665186864,0.976253081354893,0.9116304225678958,0.903373937759377,nan,nan,,
hmc_in_gauss_k2,8,0.05,5,2000,100,fm,0.0,0.0,0,0,0.4815789473684211,1,True,0.2152200830005313,-0.04289987972253056,10.99360996502715,1.3939292223705593,1.3120932347287722,0.9473406814642796,7.059815877489079e-16,nan,nan,,
hmc_in_gauss_k2,8,0.05,5,2000,100,fm_hampel,1.0,0.0015789473684210526,0,103,0.04842105263157892,3,True,0.23940174999916053,-1.0058895636590797,0.9999481069370165,0.9489694021596101,0.9634959072157993,0.9106495659918957,0.9023484475474467,nan,nan,1.0,0.007894736842105263
hmc_in_gauss_k2,8,0.05,5,2000,100,fm_warm,0.0,0.0,0,0,0.4815789473684211,1,True,0.2150839999994787,-0.04289987972253056,10.99360996502715,1.3939292223705593,1.3120932347287722,0.9473406814642796,7.059815877489079e-16,nan,nan,,
hmc_in_gauss_k2,0,0.0,6,2000,0,true_seq,nan,0.0025,0,5,0.05600000000000005,0,True,0.04783562499869731,,,,,,,,,,
hmc_in_gauss_k2,0,0.0,6,2000,0,true_nonseq,nan,0.0025,0,5,nan,0,True,0.04746266700021806,,,,,,,,,,
hmc_in_gauss_k2,0,0.0,6,2000,0,true_raw,nan,0.0,0,0,0.05600000000000005,0,True,0.0,,,,,,,,,,
hmc_in_gauss_k2,0,0.0,6,2000,0,clean,nan,0.0,0,0,0.057499999999999996,1,True,0.04754145900005824,-0.9548170763834483,1.0304552687781512,1.023122954597665,1.0377603133867506,0.9086604931531503,0.9037648581162722,nan,nan,,
hmc_in_gauss_k2,0,0.0,6,2000,0,raw,nan,0.0,0,0,0.057499999999999996,1,True,0.0481786660002399,-0.9548170763834483,1.0304552687781512,1.023122954597665,1.0377603133867506,0.9086604931531503,0.9037648581162722,nan,nan,,
hmc_in_gauss_k2,0,0.0,6,2000,0,oracle,nan,0.0,0,0,0.057499999999999996,1,True,0.047771166000529774,-0.9548170763834483,1.0304552687781512,1.023122954597665,1.0377603133867506,0.9086604931531503,0.9037648581162722,nan,nan,,
hmc_in_gauss_k2,0,0.0,6,2000,0,fm,nan,0.0025,0,5,0.056499999999999995,2,True,0.17329970900027547,-0.9608611754268113,1.0183465461942998,1.0143433272041897,1.013770632448982,0.9058616413007098,0.9014790559765424,nan,nan,,
hmc_in_gauss_k2,0,0.0,6,2000,0,fm_hampel,nan,0.0025,0,5,0.056499999999999995,2,True,0.1730863329994463,-0.9608611754268113,1.0183465461942998,1.0143433272041897,1.013770632448982,0.9058616413007098,0.9014790559765424,nan,nan,nan,0.0085
hmc_in_gauss_k2,0,0.0,6,2000,0,fm_warm,nan,0.0025,0,5,0.057499999999999996,2,True,0.1736176249996788,-0.9441229343628101,1.0213908988837463,1.0249429166450867,1.0167078455315708,0.9110345793275879,0.9049653764449855,nan,nan,,
hmc_in_gauss_k2,4,0.01,6,2000,20,true_seq,0.9,0.0025252525252525255,0,23,0.05555555555555558,0,True,0.04802650000056019,,,,,,,,,,
hmc_in_gauss_k2,4,0.01,6,2000,20,true_nonseq,0.9,0.0025252525252525255,0,23,nan,0,True,0.046531082998626516,,,,,,,,,,
hmc_in_gauss_k2,4,0.01,6,2000,20,true_raw,0.0,0.0,0,0,0.058080808080808066,0,True,0.0,,,,,,,,,,
hmc_in_gauss_k2,4,0.01,6,2000,20,clean,0.0,0.0,0,0,0.05707070707070705,1,True,0.04832166600135679,-0.9548170763834483,1.0304552687781512,1.023122954597665,1.0377603133867506,0.9086604931531503,0.9037648581162722,nan,nan,,
hmc_in_gauss_k2,4,0.01,6,2000,20,raw,0.0,0.0,0,0,0.06414141414141417,1,True,0.05767862500033516,-0.9509583928657526,1.0513961681668493,1.0271466245055048,1.2977238086816842,0.9065115080856697,0.9099816423451619,nan,nan,,
hmc_in_gauss_k2,4,0.01,6,2000,20,oracle,1.0,0.0,0,20,0.05606060606060603,1,True,0.04834754100011196,-0.9532367851941099,1.030079296971993,1.0229698043731055,1.0384381630448225,0.907859605131075,0.9027676973495605,nan,nan,,
hmc_in_gauss_k2,4,0.01,6,2000,20,fm,0.9,0.0025252525252525255,0,23,0.05555555555555558,5,True,0.412167499998759,-0.9627614784077716,1.0196658923471205,1.013131030859248,1.0205833572057008,0.9029499924770149,0.8992884769796099,nan,nan,,
hmc_in_gauss_k2,4,0.01,6,2000,20,fm_hampel,0.9,0.0025252525252525255,0,23,0.05555555555555558,5,True,0.4071321669998724,-0.9627614784077716,1.0196658923471205,1.013131030859248,1.0205833572057008,0.9029499924770149,0.8992884769796099,nan,nan,0.65,0.008585858585858586
hmc_in_gauss_k2,4,0.01,6,2000,20,fm_warm,0.85,0.0025252525252525255,0,22,0.05606060606060603,4,True,0.33816162499897473,-0.9455149171761338,1.0177826268545855,1.0248623885802506,1.0360430740584916,0.9091700429663372,0.9046492605826147,nan,nan,,
hmc_in_gauss_k2,6,0.01,6,2000,20,true_seq,1.0,0.0025252525252525255,0,25,0.0565656565656566,0,True,0.04802945799929148,,,,,,,,,,
hmc_in_gauss_k2,6,0.01,6,2000,20,true_nonseq,1.0,0.0025252525252525255,0,25,nan,0,True,0.04693004199907591,,,,,,,,,,
hmc_in_gauss_k2,6,0.01,6,2000,20,true_raw,0.0,0.0,0,0,0.05959595959595965,0,True,0.0,,,,,,,,,,
hmc_in_gauss_k2,6,0.01,6,2000,20,clean,0.0,0.0,0,0,0.05757575757575761,1,True,0.04735120900113543,-0.9548170763834483,1.0304552687781512,1.023122954597665,1.0377603133867506,0.9086604931531503,0.9037648581162722,nan,nan,,
hmc_in_gauss_k2,6,0.01,6,2000,20,raw,0.0,0.0,0,0,0.06919191919191914,1,True,0.057342375001098844,-0.9428106698679107,1.0211334748091772,1.0233388089986586,1.5648887332120305,0.9003890836196332,0.9116141465559405,nan,nan,,
hmc_in_gauss_k2,6,0.01,6,2000,20,oracle,1.0,0.0,0,20,0.058080808080808066,1,True,0.04916166600014549,-0.9594104964888055,1.024020886556646,1.0230696167602706,1.0403986035878559,0.9079733563681257,0.903718560027554,nan,nan,,
hmc_in_gauss_k2,6,0.01,6,2000,20,fm,1.0,0.0025252525252525255,0,25,0.05555555555555558,3,True,0.2727620419991581,-0.9647092257339366,1.0129701807997011,1.014507128639787,1.0157278379029957,0.9052585167552025,0.9013570389944513,nan,nan,,
hmc_in_gauss_k2,6,0.01,6,2000,20,fm_hampel,1.0,0.0025252525252525255,0,25,0.05555555555555558,2,True,0.17212654200011457,-0.9647092257339366,1.0129701807997011,1.014507128639787,1.0157278379029957,0.9052585167552025,0.9013570389944513,nan,nan,0.95,0.00808080808080808
hmc_in_gauss_k2,6,0.01,6,2000,20,fm_warm,1.0,0.0025252525252525255,0,25,0.0565656565656566,3,True,0.29403595799885807,-0.9443066703131331,1.0100225389351896,1.0287901284252507,1.0241474929242276,0.9131272864992483,0.9078712243966566,nan,nan,,
hmc_in_gauss_k2,8,0.01,6,2000,20,true_seq,1.0,0.0025252525252525255,0,25,0.05353535353535355,0,True,0.04886783299843955,,,,,,,,,,
hmc_in_gauss_k2,8,0.01,6,2000,20,true_nonseq,1.0,0.0025252525252525255,0,25,nan,0,True,0.046764042001086636,,,,,,,,,,
hmc_in_gauss_k2,8,0.01,6,2000,20,true_raw,0.0,0.0,0,0,0.05606060606060603,0,True,0.0,,,,,,,,,,
hmc_in_gauss_k2,8,0.01,6,2000,20,clean,0.0,0.0,0,0,0.0565656565656566,1,True,0.048096791999341804,-0.9548170763834483,1.0304552687781512,1.023122954597665,1.0377603133867506,0.9086604931531503,0.9037648581162722,nan,nan,,
hmc_in_gauss_k2,8,0.01,6,2000,20,raw,0.0,0.0,0,0,0.07828282828282829,1,True,0.06821875000059663,-0.8578019993537453,1.096750830372875,1.0513860805274249,1.881051157752359,0.9139879237847939,0.9151980877236403,nan,nan,,
hmc_in_gauss_k2,8,0.01,6,2000,20,oracle,1.0,0.0,0,20,0.05606060606060603,1,True,0.04857066699878487,-0.9523723466690908,1.0351036898095853,1.026031261489821,1.030429360831228,0.9090059556481291,0.9041160195723265,nan,nan,,
hmc_in_gauss_k2,8,0.01,6,2000,20,fm,1.0,0.0025252525252525255,0,25,0.054545454545454564,3,True,0.2849350409996987,-0.9505808318419624,1.0259209973739345,1.021848793398691,1.0061924728187321,0.9082410936798685,0.9028846350912416,nan,nan,,
hmc_in_gauss_k2,8,0.01,6,2000,20,fm_hampel,1.0,0.0025252525252525255,0,25,0.054545454545454564,2,True,0.18376658299894189,-0.9505808318419624,1.0259209973739345,1.021848793398691,1.0061924728187321,0.9082410936798685,0.9028846350912416,nan,nan,1.0,0.00808080808080808
hmc_in_gauss_k2,8,0.01,6,2000,20,fm_warm,1.0,0.0025252525252525255,0,25,0.05707070707070705,3,True,0.2985781249990396,-0.933238617771719,1.0250272411840187,1.0335961064526658,1.0121860550260195,0.9147270146835758,0.9081657346359611,nan,nan,,
hmc_in_gauss_k2,4,0.05,6,2000,100,true_seq,0.93,0.002631578947368421,1,98,0.056842105263157916,0,True,0.04743054199934704,,,,,,,,,,
hmc_in_gauss_k2,4,0.05,6,2000,100,true_nonseq,0.92,0.002631578947368421,1,97,nan,0,True,0.04717595800138952,,,,,,,,,,
hmc_in_gauss_k2,4,0.05,6,2000,100,true_raw,0.0,0.0,0,0,0.07052631578947366,0,True,0.0,,,,,,,,,,
hmc_in_gauss_k2,4,0.05,6,2000,100,clean,0.0,0.0,0,0,0.05894736842105264,1,True,0.048004333999415394,-0.9548170763834483,1.0304552687781512,1.023122954597665,1.0377603133867506,0.9086604931531503,0.9037648581162722,nan,nan,,
hmc_in_gauss_k2,4,0.05,6,2000,100,raw,0.0,0.0,0,0,0.1010526315789474,1,True,0.0573690830005944,-0.9004166333332699,1.2377262401210847,1.0207481580291775,1.887072664832856,0.8596281568555609,0.8899384037132424,nan,nan,,
hmc_in_gauss_k2,4,0.05,6,2000,100,oracle,1.0,0.0,0,100,0.06000000000000005,1,True,0.048935625000012806,-0.9441947763061959,1.036351863604949,1.0294929029873252,1.0412385790442615,0.9078441794654809,0.9012055844533561,nan,nan,,
hmc_in_gauss_k2,4,0.05,6,2000,100,fm,0.81,0.0,0,81,0.06315789473684208,9,True,0.858072249999168,-0.9651369962414942,1.0442848657938242,1.0246409089672126,1.1235332775301714,0.8866250308264761,0.8898906446472601,nan,nan,,
hmc_in_gauss_k2,4,0.05,6,2000,100,fm_hampel,0.81,0.0,0,81,0.06315789473684208,7,True,0.6434731659992394,-0.9651369962414942,1.0442848657938242,1.0246409089672126,1.1235332775301714,0.8866250308264761,0.8898906446472601,nan,nan,0.54,0.008947368421052631
hmc_in_gauss_k2,4,0.05,6,2000,100,fm_warm,0.8,0.0,0,80,0.06263157894736837,9,True,0.7482445840014407,-0.9784907126997124,1.0172956653250977,1.020490838859839,1.144983351870602,0.8849415415069085,0.8932816041375227,nan,nan,,
hmc_in_gauss_k2,6,0.05,6,2000,100,true_seq,1.0,0.002631578947368421,0,105,0.057368421052631624,0,True,0.04788891600037459,,,,,,,,,,
hmc_in_gauss_k2,6,0.05,6,2000,100,true_nonseq,1.0,0.002631578947368421,0,105,nan,0,True,0.046230332998675294,,,,,,,,,,
hmc_in_gauss_k2,6,0.05,6,2000,100,true_raw,0.0,0.0,0,0,0.06947368421052635,0,True,0.0,,,,,,,,,,
hmc_in_gauss_k2,6,0.05,6,2000,100,clean,0.0,0.0,0,0,0.05789473684210522,1,True,0.048656375000064145,-0.9548170763834483,1.0304552687781512,1.023122954597665,1.0377603133867506,0.9086604931531503,0.9037648581162722,nan,nan,,
hmc_in_gauss_k2,6,0.05,6,2000,100,raw,0.0,0.0,0,0,0.498421052631579,1,True,0.24323404200004006,0.002236447347191189,8.793419358725696,1.4304707153203846,1.4408998533810466,0.9473733241298083,1.202046665285037e-13,nan,nan,,
hmc_in_gauss_k2,6,0.05,6,2000,100,oracle,1.0,0.0,0,100,0.05789473684210522,1,True,0.037756832998638856,-0.9745661573977169,1.0217035533732493,1.011482073250423,1.0360714771053074,0.9039351005420135,0.89930908109985,nan,nan,,
hmc_in_gauss_k2,6,0.05,6,2000,100,fm,0.02,0.0,0,2,0.498421052631579,3,True,0.8847505829999136,0.0021304583954923437,8.719882511077575,1.4302894954642835,1.3643628282693148,0.9483987299426286,8.513303455552867e-12,nan,nan,,
hmc_in_gauss_k2,6,0.05,6,2000,100,fm_hampel,1.0,0.002631578947368421,0,105,0.05631578947368421,3,True,0.2682163329991454,-0.9724699704327725,1.010708290186014,1.0075524191403291,1.01205963415432,0.9035016299968927,0.8985228678752311,nan,nan,0.81,0.007894736842105263
hmc_in_gauss_k2,6,0.05,6,2000,100,fm_warm,0.02,0.0,0,2,0.498421052631579,3,True,0.42536858299899905,0.0027445231786435258,8.729048978470054,1.4312750509636372,1.3528796065848914,0.9485298252598314,2.098532900250292e-21,nan,nan,,
hmc_in_gauss_k2,8,0.05,6,2000,100,true_seq,1.0,0.002105263157894737,0,104,0.061578947368421066,0,True,0.048174249999647145,,,,,,,,,,
hmc_in_gauss_k2,8,0.05,6,2000,100,true_nonseq,1.0,0.0015789473684210526,0,103,nan,0,True,0.046931333001339226,,,,,,,,,,
hmc_in_gauss_k2,8,0.05,6,2000,100,true_raw,0.0,0.0,0,0,0.06947368421052635,0,True,0.0,,,,,,,,,,
hmc_in_gauss_k2,8,0.05,6,2000,100,clean,0.0,0.0,0,0,0.05789473684210522,1,True,0.0470686669996212,-0.9548170763834483,1.0304552687781512,1.023122954597665,1.0377603133867506,0.9086604931531503,0.9037648581162722,nan,nan,,
hmc_in_gauss_k2,8,0.05,6,2000,100,raw,0.0,0.0,0,0,0.4989473684210526,1,True,0.15648179100026027,0.015714826163410203,11.393044087206007,1.4293373987678677,1.4498580918242188,0.9473407412716758,1.7943268170769597e-11,nan,nan,,
hmc_in_gauss_k2,8,0.05,6,2000,100,oracle,1.0,0.0,0,100,0.06368421052631579,1,True,0.038793333998910384,-0.9644171937395976,1.0397971874164273,1.0091425345698282,1.0300943367893305,0.905308534971247,0.9025603068489534,nan,nan,,
hmc_in_gauss_k2,8,0.05,6,2000,100,fm,0.0,0.0,0,0,0.4989473684210526,1,True,0.2059640000006766,0.015714826163410203,11.393044087206007,1.4293373987678677,1.4498580918242188,0.9473407412716758,1.7943268170769597e-11,nan,nan,,
hmc_in_gauss_k2,8,0.05,6,2000,100,fm_hampel,1.0,0.002105263157894737,0,104,0.06263157894736837,3,True,0.2663085419990239,-0.9648929457172608,1.0286040724298018,1.0091014084923937,1.0063424358100246,0.9049968169062901,0.9018181920439609,nan,nan,0.95,0.006842105263157895
hmc_in_gauss_k2,8,0.05,6,2000,100,fm_warm,0.0,0.0,0,0,0.4989473684210526,1,True,0.22476787499908824,0.015714826163410203,11.393044087206007,1.4293373987678677,1.4498580918242188,0.9473407412716758,1.7943268170769597e-11,nan,nan,,
hmc_in_gauss_k2,0,0.0,7,2000,0,true_seq,nan,0.0,0,0,0.07450000000000001,0,True,0.047227458000634215,,,,,,,,,,
hmc_in_gauss_k2,0,0.0,7,2000,0,true_nonseq,nan,0.0,0,0,nan,0,True,0.04623308400005044,,,,,,,,,,
hmc_in_gauss_k2,0,0.0,7,2000,0,true_raw,nan,0.0,0,0,0.07450000000000001,0,True,0.0,,,,,,,,,,
hmc_in_gauss_k2,0,0.0,7,2000,0,clean,nan,0.0,0,0,0.07650000000000001,1,True,0.03802341600021464,-0.9750603014781343,0.9548485533589719,1.0021317371294272,1.007941919508729,0.8875869956518092,0.8908074597172697,nan,nan,,
hmc_in_gauss_k2,0,0.0,7,2000,0,raw,nan,0.0,0,0,0.07650000000000001,1,True,0.03800191600021208,-0.9750603014781343,0.9548485533589719,1.0021317371294272,1.007941919508729,0.8875869956518092,0.8908074597172697,nan,nan,,
hmc_in_gauss_k2,0,0.0,7,2000,0,oracle,nan,0.0,0,0,0.07650000000000001,1,True,0.03828712500035181,-0.9750603014781343,0.9548485533589719,1.0021317371294272,1.007941919508729,0.8875869956518092,0.8908074597172697,nan,nan,,
hmc_in_gauss_k2,0,0.0,7,2000,0,fm,nan,0.0,0,0,0.07650000000000001,1,True,0.08516354200037313,-0.9750603014781343,0.9548485533589719,1.0021317371294272,1.007941919508729,0.8875869956518092,0.8908074597172697,nan,nan,,
hmc_in_gauss_k2,0,0.0,7,2000,0,fm_hampel,nan,0.0,0,0,0.07650000000000001,2,True,0.16281733300093038,-0.9750603014781343,0.9548485533589719,1.0021317371294272,1.007941919508729,0.8875869956518092,0.8908074597172697,nan,nan,nan,0.0065
hmc_in_gauss_k2,0,0.0,7,2000,0,fm_warm,nan,0.0,0,0,0.07650000000000001,1,True,0.08552266700098698,-0.9750603014781343,0.9548485533589719,1.0021317371294272,1.007941919508729,0.8875869956518092,0.8908074597172697,nan,nan,,
hmc_in_gauss_k2,4,0.01,7,2000,20,true_seq,1.0,0.0,0,20,0.07727272727272727,0,True,0.04758012499951292,,,,,,,,,,
hmc_in_gauss_k2,4,0.01,7,2000,20,true_nonseq,1.0,0.0,0,20,nan,0,True,0.047436749999178573,,,,,,,,,,
hmc_in_gauss_k2,4,0.01,7,2000,20,true_raw,0.0,0.0,0,0,0.07474747474747478,0,True,0.0,,,,,,,,,,
hmc_in_gauss_k2,4,0.01,7,2000,20,clean,0.0,0.0,0,0,0.07727272727272727,1,True,0.036621082999772625,-0.9750603014781343,0.9548485533589719,1.0021317371294272,1.007941919508729,0.8875869956518092,0.8908074597172697,nan,nan,,
hmc_in_gauss_k2,4,0.01,7,2000,20,raw,0.0,0.0,0,0,0.08686868686868687,1,True,0.06513720800103329,-0.9854326990632061,0.9437029839449822,1.0063650793403711,1.28459138343857,0.885003671399623,0.9027201742152191,nan,nan,,
hmc_in_gauss_k2,4,0.01,7,2000,20,oracle,1.0,0.0,0,20,0.07777777777777772,1,True,0.03899637500035169,-0.9737388827576114,0.956897333313388,1.0063766984755667,1.0117974420770834,0.8883344821585932,0.890953336964736,nan,nan,,
hmc_in_gauss_k2,4,0.01,7,2000,20,fm,1.0,0.0,0,20,0.07777777777777772,3,True,0.2673473329996341,-0.9737388827576114,0.956897333313388,1.0063766984755667,1.0117974420770834,0.8883344821585932,0.890953336964736,nan,nan,,
hmc_in_gauss_k2,4,0.01,7,2000,20,fm_hampel,1.0,0.0,0,20,0.07777777777777772,2,True,0.1744351249999454,-0.9737388827576114,0.956897333313388,1.0063766984755667,1.0117974420770834,0.8883344821585932,0.890953336964736,nan,nan,0.8,0.006060606060606061
hmc_in_gauss_k2,4,0.01,7,2000,20,fm_warm,1.0,0.0,0,20,0.07828282828282829,3,True,0.28675449999900593,-0.9888789970870392,0.9264045100268422,1.0035968163891331,1.0291305926776468,0.8885210575433364,0.8962224114725197,nan,nan,,
hmc_in_gauss_k2,6,0.01,7,2000,20,true_seq,1.0,0.0,0,20,0.07424242424242422,0,True,0.047423624999282765,,,,,,,,,,
hmc_in_gauss_k2,6,0.01,7,2000,20,true_nonseq,1.0,0.0,0,20,nan,0,True,0.04706833400086907,,,,,,,,,,
hmc_in_gauss_k2,6,0.01,7,2000,20,true_raw,0.0,0.0,0,0,0.07626262626262625,0,True,0.0,,,,,,,,,,
hmc_in_gauss_k2,6,0.01,7,2000,20,clean,0.0,0.0,0,0,0.07676767676767682,1,True,0.03818537500046659,-0.9750603014781343,0.9548485533589719,1.0021317371294272,1.007941919508729,0.8875869956518092,0.8908074597172697,nan,nan,,
hmc_in_gauss_k2,6,0.01,7,2000,20,raw,0.0,0.0,0,0,0.09343434343434343,1,True,0.0659853329998441,-0.9403632647796228,0.9115813908269452,1.0063548775057456,1.587268106349431,0.8913960787102659,0.912931332005954,nan,nan,,
hmc_in_gauss_k2,6,0.01,7,2000,20,oracle,1.0,0.0,0,20,0.07525252525252524,1,True,0.03797879100056889,-0.9713019974020972,0.9576942476421758,1.0038336909473522,0.9997228697611251,0.8882250656291808,0.8900336902324134,nan,nan,,
hmc_in_gauss_k2,6,0.01,7,2000,20,fm,1.0,0.0,0,20,0.07525252525252524,2,True,0.18959725000058825,-0.9713019974020972,0.9576942476421758,1.0038336909473522,0.9997228697611251,0.8882250656291808,0.8900336902324134,nan,nan,,
hmc_in_gauss_k2,6,0.01,7,2000,20,fm_hampel,1.0,0.0,0,20,0.07525252525252524,2,True,0.1606331249986397,-0.9713019974020972,0.9576942476421758,1.0038336909473522,0.9997228697611251,0.8882250656291808,0.8900336902324134,nan,nan,0.95,0.0065656565656565654
hmc_in_gauss_k2,6,0.01,7,2000,20,fm_warm,1.0,0.0,0,20,0.07676767676767682,2,True,0.2401284579991625,-0.9842335158436323,0.9324512890600432,1.0013840134334524,1.0141684228830932,0.888251344626297,0.894358982619971,nan,nan,,
hmc_in_gauss_k2,8,0.01,7,2000,20,true_seq,1.0,0.0,0,20,0.07474747474747478,0,True,0.04798179200042796,,,,,,,,,,
hmc_in_gauss_k2,8,0.01,7,2000,20,true_nonseq,1.0,0.0,0,20,nan,0,True,0.04714366699954553,,,,,,,,,,
hmc_in_gauss_k2,8,0.01,7,2000,20,true_raw,0.0,0.0,0,0,0.07727272727272727,0,True,0.0,,,,,,,,,,
hmc_in_gauss_k2,8,0.01,7,2000,20,clean,0.0,0.0,0,0,0.07676767676767682,1,True,0.03825945800053887,-0.9750603014781343,0.9548485533589719,1.0021317371294272,1.007941919508729,0.8875869956518092,0.8908074597172697,nan,nan,,
hmc_in_gauss_k2,8,0.01,7,2000,20,raw,0.0,0.0,0,0,0.09696969696969693,1,True,0.05729400000018359,-0.9100326675880369,0.9361620458880493,1.0083945824028795,1.8160135366826393,0.8858010796295795,0.9085965878451524,nan,nan,,
hmc_in_gauss_k2,8,0.01,7,2000,20,oracle,1.0,0.0,0,20,0.07727272727272727,1,True,0.038473000000522006,-0.9800132326655846,0.9570835266698596,1.0022282635662103,1.0092387204246587,0.8871757833596866,0.8908985103504126,nan,nan,,
hmc_in_gauss_k2,8,0.01,7,2000,20,fm,1.0,0.0,0,20,0.07727272727272727,2,True,0.18073587500111898,-0.9800132326655846,0.9570835266698596,1.0022282635662103,1.0092387204246587,0.8871757833596866,0.8908985103504126,nan,nan,,
hmc_in_gauss_k2,8,0.01,7,2000,20,fm_hampel,1.0,0.0,0,20,0.07727272727272727,2,True,0.16370454199932283,-0.9800132326655846,0.9570835266698596,1.0022282635662103,1.0092387204246587,0.8871757833596866,0.8908985103504126,nan,nan,1.0,0.0065656565656565654
hmc_in_gauss_k2,8,0.01,7,2000,20,fm_warm,1.0,0.0,0,20,0.07828282828282829,2,True,0.23093354199954774,-0.9967854375354099,0.9256291231515159,0.9985885641515363,1.0270332262851032,0.8875152342958312,0.8965766646238504,nan,nan,,
hmc_in_gauss_k2,4,0.05,7,2000,100,true_seq,0.89,0.0,0,89,0.07473684210526321,0,True,0.046707125000466476,,,,,,,,,,
hmc_in_gauss_k2,4,0.05,7,2000,100,true_nonseq,0.89,0.0,0,89,nan,0,True,0.04636837499856483,,,,,,,,,,
hmc_in_gauss_k2,4,0.05,7,2000,100,true_raw,0.0,0.0,0,0,0.08526315789473682,0,True,0.0,,,,,,,,,,
hmc_in_gauss_k2,4,0.05,7,2000,100,clean,0.0,0.0,0,0,0.07473684210526321,1,True,0.03817620900008478,-0.9750603014781343,0.9548485533589719,1.0021317371294272,1.007941919508729,0.8875869956518092,0.8908074597172697,nan,nan,,
hmc_in_gauss_k2,4,0.05,7,2000,100,raw,0.0,0.0,0,0,0.1105263157894737,1,True,0.06537262500023644,-0.9026353567448344,1.1131743168308206,0.9955496971894446,1.8393228060382938,0.8500910443356068,0.8949579409393243,nan,nan,,
hmc_in_gauss_k2,4,0.05,7,2000,100,oracle,1.0,0.0,0,100,0.07473684210526321,1,True,0.041551624999556225,-0.9754929604145636,0.9556523402610668,1.0063516010495328,1.0110335128780497,0.8861267284810347,0.8901737429280879,nan,nan,,
hmc_in_gauss_k2,4,0.05,7,2000,100,fm,0.77,0.0,0,77,0.08105263157894738,9,True,0.9104709580005874,-0.9901601680894374,0.975253409882354,1.0026891171683685,1.1231118892913936,0.8687186081432651,0.8848523407987738,nan,nan,,
hmc_in_gauss_k2,4,0.05,7,2000,100,fm_hampel,0.77,0.0,0,77,0.08105263157894738,7,True,0.7097006249987317,-0.9901601680894374,0.975253409882354,1.0026891171683685,1.1231118892913936,0.8687186081432651,0.8848523407987738,nan,nan,0.4,0.0036842105263157894
hmc_in_gauss_k2,4,0.05,7,2000,100,fm_warm,0.76,0.0,0,76,0.08842105263157896,10,True,0.8089444580000418,-1.0176822042289544,0.9188341880390503,0.9949496902472352,1.1583079688997446,0.8674641869490927,0.8942559979617306,nan,nan,,
hmc_in_gauss_k2,6,0.05,7,2000,100,true_seq,1.0,0.0,0,100,0.07526315789473681,0,True,0.04799812499913969,,,,,,,,,,
hmc_in_gauss_k2,6,0.05,7,2000,100,true_nonseq,1.0,0.0005263157894736842,1,101,nan,0,True,0.04745691700009047,,,,,,,,,,
hmc_in_gauss_k2,6,0.05,7,2000,100,true_raw,0.0,0.0,0,0,0.10315789473684212,0,True,0.0,,,,,,,,,,
hmc_in_gauss_k2,6,0.05,7,2000,100,clean,0.0,0.0,0,0,0.07526315789473681,1,True,0.03740579099940078,-0.9750603014781343,0.9548485533589719,1.0021317371294272,1.007941919508729,0.8875869956518092,0.8908074597172697,nan,nan,,
hmc_in_gauss_k2,6,0.05,7,2000,100,raw,0.0,0.0,0,0,0.4978947368421053,1,True,0.24169795899979363,0.007781694312771283,8.263180089931193,1.3886029357742002,1.4920676855385355,0.947131903556395,3.790165028780682e-11,nan,nan,,
hmc_in_gauss_k2,6,0.05,7,2000,100,oracle,1.0,0.0,0,100,0.07526315789473681,1,True,0.038248957998803235,-0.9729763521123853,0.941461282196114,1.010555120180362,1.0037727057709147,0.8866428390609981,0.8902721185977288,nan,nan,,
hmc_in_gauss_k2,6,0.05,7,2000,100,fm,0.0,0.0,0,0,0.4978947368421053,1,True,0.28790516600020055,0.007781694312771283,8.263180089931193,1.3886029357742002,1.4920676855385355,0.947131903556395,3.790165028780682e-11,nan,nan,,
hmc_in_gauss_k2,6,0.05,7,2000,100,fm_hampel,1.0,0.0,0,100,0.07526315789473681,2,True,0.20213533300011477,-0.9729763521123853,0.941461282196114,1.010555120180362,1.0037727057709147,0.8866428390609981,0.8902721185977288,nan,nan,0.84,0.0036842105263157894
hmc_in_gauss_k2,6,0.05,7,2000,100,fm_warm,0.0,0.0,0,0,0.4978947368421053,1,True,0.2871642080008314,0.007781694312771283,8.263180089931193,1.3886029357742002,1.4920676855385355,0.947131903556395,3.790165028780682e-11,nan,nan,,
hmc_in_gauss_k2,8,0.05,7,2000,100,true_seq,1.0,0.0,0,100,0.07263157894736838,0,True,0.04702824999912991,,,,,,,,,,
hmc_in_gauss_k2,8,0.05,7,2000,100,true_nonseq,1.0,0.0010526315789473684,1,102,nan,0,True,0.04661045899956662,,,,,,,,,,
hmc_in_gauss_k2,8,0.05,7,2000,100,true_raw,0.0,0.0,0,0,0.08947368421052626,0,True,0.0,,,,,,,,,,
hmc_in_gauss_k2,8,0.05,7,2000,100,clean,0.0,0.0,0,0,0.07526315789473681,1,True,0.03851066700008232,-0.9750603014781343,0.9548485533589719,1.0021317371294272,1.007941919508729,0.8875869956518092,0.8908074597172697,nan,nan,,
hmc_in_gauss_k2,8,0.05,7,2000,100,raw,0.0,0.0,0,0,0.49473684210526314,1,True,0.15006912500030012,0.00032099384708956635,11.222510024664,1.3952697652192136,1.3521343920221478,0.9473406972882363,5.779215002629247e-10,nan,nan,,
hmc_in_gauss_k2,8,0.05,7,2000,100,oracle,1.0,0.0,0,100,0.0742105263157895,1,True,0.03913737499897252,-0.978754983624924,0.966117743632528,1.0025612758133153,0.9986506324235951,0.8904787932055743,0.8930105975489084,nan,nan,,
hmc_in_gauss_k2,8,0.05,7,2000,100,fm,0.0,0.0,0,0,0.49473684210526314,1,True,0.19494641600067553,0.00032099384708956635,11.222510024664,1.3952697652192136,1.3521343920221478,0.9473406972882363,5.779215002629247e-10,nan,nan,,
hmc_in_gauss_k2,8,0.05,7,2000,100,fm_hampel,1.0,0.0,0,100,0.0742105263157895,3,True,0.270332583999334,-0.978754983624924,0.966117743632528,1.0025612758133153,0.9986506324235951,0.8904787932055743,0.8930105975489084,nan,nan,0.96,0.005789473684210527
hmc_in_gauss_k2,8,0.05,7,2000,100,fm_warm,0.0,0.0,0,0,0.49473684210526314,1,True,0.1977327080003306,0.00032099384708956635,11.222510024664,1.3952697652192136,1.3521343920221478,0.9473406972882363,5.779215002629247e-10,nan,nan,,
hmc_in_gauss_k2,0,0.0,8,2000,0,true_seq,nan,0.001,0,2,0.062000000000000055,0,True,0.0472824579992448,,,,,,,,,,
hmc_in_gauss_k2,0,0.0,8,2000,0,true_nonseq,nan,0.001,0,2,nan,0,True,0.04665433300033328,,,,,,,,,,
hmc_in_gauss_k2,0,0.0,8,2000,0,true_raw,nan,0.0,0,0,0.062000000000000055,0,True,0.0,,,,,,,,,,
hmc_in_gauss_k2,0,0.0,8,2000,0,clean,nan,0.0,0,0,0.0615,1,True,0.03811645800124097,-0.9764919855386036,0.9835475074657825,1.0155986496921634,0.9750424105161511,0.8955846213000977,0.9066579479687186,nan,nan,,
hmc_in_gauss_k2,0,0.0,8,2000,0,raw,nan,0.0,0,0,0.0615,1,True,0.03821133299970825,-0.9764919855386036,0.9835475074657825,1.0155986496921634,0.9750424105161511,0.8955846213000977,0.9066579479687186,nan,nan,,
hmc_in_gauss_k2,0,0.0,8,2000,0,oracle,nan,0.0,0,0,0.0615,1,True,0.03828025000075286,-0.9764919855386036,0.9835475074657825,1.0155986496921634,0.9750424105161511,0.8955846213000977,0.9066579479687186,nan,nan,,
hmc_in_gauss_k2,0,0.0,8,2000,0,fm,nan,0.0015,0,3,0.0615,2,True,0.16242895800132828,-0.9710100834609808,0.981304734958653,1.0021276873735478,0.969567496914336,0.8951045235507122,0.9064036724376706,nan,nan,,
hmc_in_gauss_k2,0,0.0,8,2000,0,fm_hampel,nan,0.0015,0,3,0.0615,2,True,0.1648356249988865,-0.9710100834609808,0.981304734958653,1.0021276873735478,0.969567496914336,0.8951045235507122,0.9064036724376706,nan,nan,nan,0.008
hmc_in_gauss_k2,0,0.0,8,2000,0,fm_warm,nan,0.0015,0,3,0.0615,2,True,0.1536924590000126,-0.9661464001765545,0.9818290410947575,1.005717573695336,0.9700026233925302,0.8960932895397465,0.9067941740696402,nan,nan,,
hmc_in_gauss_k2,4,0.01,8,2000,20,true_seq,0.95,0.00101010101010101,0,21,0.06414141414141417,0,True,0.04781279199960409,,,,,,,,,,
hmc_in_gauss_k2,4,0.01,8,2000,20,true_nonseq,0.95,0.00101010101010101,0,21,nan,0,True,0.04712350000045262,,,,,,,,,,
hmc_in_gauss_k2,4,0.01,8,2000,20,true_raw,0.0,0.0,0,0,0.0661616161616162,0,True,0.0,,,,,,,,,,
hmc_in_gauss_k2,4,0.01,8,2000,20,clean,0.0,0.0,0,0,0.06161616161616157,1,True,0.038024459001462674,-0.9764919855386036,0.9835475074657825,1.0155986496921634,0.9750424105161511,0.8955846213000977,0.9066579479687186,nan,nan,,
hmc_in_gauss_k2,4,0.01,8,2000,20,raw,0.0,0.0,0,0,0.06464646464646462,1,True,0.047587500001100125,-0.986855161298178,1.0178117624786136,1.0189339614157846,1.1992003096098,0.8908528523877898,0.9104286032616896,nan,nan,,
hmc_in_gauss_k2,4,0.01,8,2000,20,oracle,1.0,0.0,0,20,0.06313131313131315,1,True,0.039114083998356364,-0.977450147357306,0.9913073639714783,1.0162486099676196,0.972314963579972,0.8964161281502471,0.9067588547537764,nan,nan,,
hmc_in_gauss_k2,4,0.01,8,2000,20,fm,0.95,0.0015151515151515152,0,22,0.06414141414141417,3,True,0.24861470799987728,-0.972426250545376,0.9899325849187022,1.0028721978314572,0.970343854564913,0.895757304504854,0.9066856861799263,nan,nan,,
hmc_in_gauss_k2,4,0.01,8,2000,20,fm_hampel,0.95,0.0015151515151515152,0,22,0.06414141414141417,3,True,0.24952550000125484,-0.972426250545376,0.9899325849187022,1.0028721978314572,0.970343854564913,0.895757304504854,0.9066856861799263,nan,nan,0.45,0.007575757575757576
hmc_in_gauss_k2,4,0.01,8,2000,20,fm_warm,0.95,0.0015151515151515152,0,22,0.06313131313131315,3,True,0.25054466599976877,-0.9695310774987924,0.9840088224388391,1.006355007149662,0.9757482909089696,0.8983839428471853,0.9093641033608131,nan,nan,,
hmc_in_gauss_k2,6,0.01,8,2000,20,true_seq,1.0,0.00101010101010101,0,22,0.061111111111111116,0,True,0.04747312499966938,,,,,,,,,,
hmc_in_gauss_k2,6,0.01,8,2000,20,true_nonseq,1.0,0.00101010101010101,0,22,nan,0,True,0.04695229100070719,,,,,,,,,,
hmc_in_gauss_k2,6,0.01,8,2000,20,true_raw,0.0,0.0,0,0,0.06262626262626259,0,True,0.0,,,,,,,,,,
hmc_in_gauss_k2,6,0.01,8,2000,20,clean,0.0,0.0,0,0,0.06161616161616157,1,True,0.03774774999874353,-0.9764919855386036,0.9835475074657825,1.0155986496921634,0.9750424105161511,0.8955846213000977,0.9066579479687186,nan,nan,,
hmc_in_gauss_k2,6,0.01,8,2000,20,raw,0.0,0.0,0,0,0.06262626262626259,1,True,0.05710545800138789,-0.9539371783154288,1.0046382710869926,1.031538856584233,1.4669696006009907,0.8939604906281102,0.9165582742377828,nan,nan,,
hmc_in_gauss_k2,6,0.01,8,2000,20,oracle,1.0,0.0,0,20,0.061111111111111116,1,True,0.03800662499997998,-0.9818548848118902,0.983059105548356,1.014654022138691,0.9771198748454258,0.895957567523005,0.9077003666809892,nan,nan,,
hmc_in_gauss_k2,6,0.01,8,2000,20,fm,1.0,0.0015151515151515152,0,23,0.06161616161616157,3,True,0.26237729100103024,-0.976305604497219,0.9807826294862174,1.0010066915171065,0.9716374866228684,0.8954690401617539,0.9074409154349731,nan,nan,,
hmc_in_gauss_k2,6,0.01,8,2000,20,fm_hampel,1.0,0.0015151515151515152,0,23,0.06161616161616157,3,True,0.2481532090005203,-0.976305604497219,0.9807826294862174,1.0010066915171065,0.9716374866228684,0.8954690401617539,0.9074409154349731,nan,nan,0.85,0.006060606060606061
hmc_in_gauss_k2,6,0.01,8,2000,20,fm_warm,1.0,0.0015151515151515152,0,23,0.061111111111111116,3,True,0.27778604199920665,-0.9729602881986557,0.9771670402639727,1.004371293046439,0.9751795815113887,0.8979208335788655,0.9096761859689988,nan,nan,,
hmc_in_gauss_k2,8,0.01,8,2000,20,true_seq,1.0,0.00101010101010101,0,22,0.06262626262626259,0,True,0.047283457999583334,,,,,,,,,,
hmc_in_gauss_k2,8,0.01,8,2000,20,true_nonseq,1.0,0.0015151515151515152,1,23,nan,0,True,0.04723687499972584,,,,,,,,,,
hmc_in_gauss_k2,8,0.01,8,2000,20,true_raw,0.0,0.0,0,0,0.06565656565656564,0,True,0.0,,,,,,,,,,
hmc_in_gauss_k2,8,0.01,8,2000,20,clean,0.0,0.0,0,0,0.06212121212121213,1,True,0.038245207999352715,-0.9764919855386036,0.9835475074657825,1.0155986496921634,0.9750424105161511,0.8955846213000977,0.9066579479687186,nan,nan,,
hmc_in_gauss_k2,8,0.01,8,2000,20,raw,0.0,0.0,0,0,0.07979797979797976,1,True,0.06746216600004118,-0.8763489850303978,1.0124542331661273,1.0472639918068853,1.7670542963543343,0.9029414266416644,0.9218638767901697,nan,nan,,
hmc_in_gauss_k2,8,0.01,8,2000,20,oracle,1.0,0.0,0,20,0.06212121212121213,1,True,0.03791329100022267,-0.9786348475560163,0.9869293398678636,1.0148650413906541,0.9755773431391216,0.8945663719088833,0.9062214072525817,nan,nan,,
hmc_in_gauss_k2,8,0.01,8,2000,20,fm,1.0,0.0015151515151515152,0,23,0.06313131313131315,3,True,0.266523332998986,-0.9731078057106461,0.9846910732985231,1.0011908805895573,0.9700565474825249,0.8940778196158183,0.9059629573083566,nan,nan,,
hmc_in_gauss_k2,8,0.01,8,2000,20,fm_hampel,1.0,0.0015151515151515152,0,23,0.06313131313131315,2,True,0.16285420799977146,-0.9731078057106461,0.9846910732985231,1.0011908805895573,0.9700565474825249,0.8940778196158183,0.9059629573083566,nan,nan,1.0,0.007070707070707071
hmc_in_gauss_k2,8,0.01,8,2000,20,fm_warm,1.0,0.0015151515151515152,0,23,0.06161616161616157,3,True,0.2906095420003112,-0.9624137682940086,0.983145440848322,1.0091570529925733,0.9736938845475978,0.8980374864118742,0.9086896952482909,nan,nan,,
hmc_in_gauss_k2,4,0.05,8,2000,100,true_seq,0.89,0.0010526315789473684,0,91,0.06368421052631579,0,True,0.04777191700122785,,,,,,,,,,
hmc_in_gauss_k2,4,0.05,8,2000,100,true_nonseq,0.89,0.0010526315789473684,0,91,nan,0,True,0.04697216600106913,,,,,,,,,,
hmc_in_gauss_k2,4,0.05,8,2000,100,true_raw,0.0,0.0,0,0,0.07526315789473681,0,True,0.0,,,,,,,,,,
hmc_in_gauss_k2,4,0.05,8,2000,100,clean,0.0,0.0,0,0,0.061578947368421066,1,True,0.03837158300120791,-0.9764919855386036,0.9835475074657825,1.0155986496921634,0.9750424105161511,0.8955846213000977,0.9066579479687186,nan,nan,,
hmc_in_gauss_k2,4,0.05,8,2000,100,raw,0.0,0.0,0,0,0.10631578947368425,1,True,0.06699358299920277,-0.9153589480015274,1.1733931375962965,1.0160226338118974,1.85388183123158,0.8710628145229489,0.9139690111695966,nan,nan,,
hmc_in_gauss_k2,4,0.05,8,2000,100,oracle,1.0,0.0,0,100,0.06105263157894736,1,True,0.039121499999964726,-0.9739442700281696,0.9712399650898262,1.017436733067984,0.9815735069878585,0.8965295849941931,0.9073673582378561,nan,nan,,
hmc_in_gauss_k2,4,0.05,8,2000,100,fm,0.89,0.0010526315789473684,0,91,0.0647368421052632,7,True,0.6582833340016805,-0.9777578896474248,0.9799850884662298,1.0016435256200555,1.0166807661445816,0.8903976455396964,0.9060215636739968,nan,nan,,
hmc_in_gauss_k2,4,0.05,8,2000,100,fm_hampel,0.89,0.0010526315789473684,0,91,0.0647368421052632,5,True,0.4565935000009631,-0.9777578896474248,0.9799850884662298,1.0016435256200555,1.0166807661445816,0.8903976455396964,0.9060215636739968,nan,nan,0.5,0.00631578947368421
hmc_in_gauss_k2,4,0.05,8,2000,100,fm_warm,0.88,0.0010526315789473684,0,90,0.0652631578947368,6,True,0.5470622080010799,-0.9989545505138131,0.9545550311476395,0.994651916127577,1.0368535655944202,0.8904153459579864,0.9109319922559862,nan,nan,,
hmc_in_gauss_k2,6,0.05,8,2000,100,true_seq,0.99,0.0005263157894736842,0,100,0.06842105263157894,0,True,0.047615584000595845,,,,,,,,,,
hmc_in_gauss_k2,6,0.05,8,2000,100,true_nonseq,0.99,0.0005263157894736842,0,100,nan,0,True,0.047217625000484986,,,,,,,,,,
hmc_in_gauss_k2,6,0.05,8,2000,100,true_raw,0.0,0.0,0,0,0.07736842105263153,0,True,0.0,,,,,,,,,,
hmc_in_gauss_k2,6,0.05,8,2000,100,clean,0.0,0.0,0,0,0.06105263157894736,1,True,0.03774233399963123,-0.9764919855386036,0.9835475074657825,1.0155986496921634,0.9750424105161511,0.8955846213000977,0.9066579479687186,nan,nan,,
hmc_in_gauss_k2,6,0.05,8,2000,100,raw,0.0,0.0,0,0,0.46894736842105267,1,True,0.24336962499910442,0.062305860540062055,8.470107479513253,1.3986405740304275,1.3401475704280663,0.9480420583498259,3.2036480599254905e-16,nan,nan,,
hmc_in_gauss_k2,6,0.05,8,2000,100,oracle,1.0,0.0,0,100,0.06842105263157894,1,True,0.03834912499951315,-0.9665663131057767,0.989320500190485,1.01604415790552,0.9758469528895414,0.8970486673582011,0.9060264102863199,nan,nan,,
hmc_in_gauss_k2,6,0.05,8,2000,100,fm,0.01,0.0005263157894736842,0,2,0.46894736842105267,2,True,0.5756987079985265,0.06480611488139604,8.437797026012072,1.3949643606988735,1.3050942815428046,0.9485459363077551,4.537414796771553e-16,nan,nan,,
hmc_in_gauss_k2,6,0.05,8,2000,100,fm_hampel,0.99,0.0010526315789473684,0,101,0.06842105263157894,3,True,0.25808737499937706,-0.9636483631238503,0.9892881918911298,1.0082556155121658,0.9753093644374891,0.896762745750346,0.9059507652551777,nan,nan,0.81,0.00631578947368421
hmc_in_gauss_k2,6,0.05,8,2000,100,fm_warm,0.01,0.0005263157894736842,0,2,0.46894736842105267,2,True,0.356018167000002,0.06481841316335117,8.437791429923694,1.3949937472755591,1.3052659887086744,0.9485469787062986,1.2960127303505888e-20,nan,nan,,
hmc_in_gauss_k2,8,0.05,8,2000,100,true_seq,1.0,0.0010526315789473684,0,102,0.0652631578947368,0,True,0.04795462500078429,,,,,,,,,,
hmc_in_gauss_k2,8,0.05,8,2000,100,true_nonseq,1.0,0.0010526315789473684,0,102,nan,0,True,0.04792812500090804,,,,,,,,,,
hmc_in_gauss_k2,8,0.05,8,2000,100,true_raw,0.0,0.0,0,0,0.07578947368421052,0,True,0.0,,,,,,,,,,
hmc_in_gauss_k2,8,0.05,8,2000,100,clean,0.0,0.0,0,0,0.062105263157894774,1,True,0.03838770900074451,-0.9764919855386036,0.9835475074657825,1.0155986496921634,0.9750424105161511,0.8955846213000977,0.9066579479687186,nan,nan,,
hmc_in_gauss_k2,8,0.05,8,2000,100,raw,0.0,0.0,0,0,0.46894736842105267,1,True,0.15102845799992792,0.06187192505987917,11.16203250330122,1.3869962069518227,1.539132218491948,0.9473408280671267,5.167807963833717e-13,nan,nan,,
hmc_in_gauss_k2,8,0.05,8,2000,100,oracle,1.0,0.0,0,100,0.06684210526315792,1,True,0.03890158300055191,-0.9773172236604294,0.9612020310049314,1.0170196176372677,0.9747264224248033,0.8935173172094721,0.9080645038003805,nan,nan,,
hmc_in_gauss_k2,8,0.05,8,2000,100,fm,0.01,0.0005263157894736842,0,2,0.46894736842105267,2,True,0.3851996249995864,0.06433041893288433,11.124154138198321,1.3832187871655564,1.4997350089136499,0.9478341130761352,1.2275443736560758e-13,nan,nan,,
hmc_in_gauss_k2,8,0.05,8,2000,100,fm_hampel,1.0,0.0015789473684210526,0,103,0.06631578947368422,3,True,0.25617070799853536,-0.9714887576965987,0.9589283925160231,1.0025441019590091,0.9689596361246493,0.893014030385786,0.907799901063412,nan,nan,0.95,0.005789473684210527
hmc_in_gauss_k2,8,0.05,8,2000,100,fm_warm,0.01,0.0005263157894736842,0,2,0.46894736842105267,2,True,0.265058916000271,0.06433051299490947,11.124153718786557,1.383219094238785,1.4997377896652209,0.9478335889099424,2.0761585958532854e-19,nan,nan,,
hmc_in_gauss_k2,0,0.0,9,2000,0,true_seq,nan,0.0,0,0,0.05600000000000005,0,True,0.04746079100004863,,,,,,,,,,
hmc_in_gauss_k2,0,0.0,9,2000,0,true_nonseq,nan,0.0,0,0,nan,0,True,0.046778083000390325,,,,,,,,,,
hmc_in_gauss_k2,0,0.0,9,2000,0,true_raw,nan,0.0,0,0,0.05600000000000005,0,True,0.0,,,,,,,,,,
hmc_in_gauss_k2,0,0.0,9,2000,0,clean,nan,0.0,0,0,0.05500000000000005,1,True,0.03831075000016426,-0.9754692900448148,0.9653872420722438,0.9727974609895682,0.9298489018579003,0.8986390611466218,0.9081573905947161,nan,nan,,
hmc_in_gauss_k2,0,0.0,9,2000,0,raw,nan,0.0,0,0,0.05500000000000005,1,True,0.03848412499974074,-0.9754692900448148,0.9653872420722438,0.9727974609895682,0.9298489018579003,0.8986390611466218,0.9081573905947161,nan,nan,,
hmc_in_gauss_k2,0,0.0,9,2000,0,oracle,nan,0.0,0,0,0.05500000000000005,1,True,0.03855400000065856,-0.9754692900448148,0.9653872420722438,0.9727974609895682,0.9298489018579003,0.8986390611466218,0.9081573905947161,nan,nan,,
hmc_in_gauss_k2,0,0.0,9,2000,0,fm,nan,0.0,0,0,0.05500000000000005,1,True,0.08846179200008919,-0.9754692900448148,0.9653872420722438,0.9727974609895682,0.9298489018579003,0.8986390611466218,0.9081573905947161,nan,nan,,
hmc_in_gauss_k2,0,0.0,9,2000,0,fm_hampel,nan,0.0005,0,1,0.056499999999999995,2,True,0.16104354199887894,-0.973996867400483,0.9649965558602023,0.9684188524777918,0.9299146618338551,0.8983225613965733,0.9080921652569706,nan,nan,nan,0.007
hmc_in_gauss_k2,0,0.0,9,2000,0,fm_warm,nan,0.0,0,0,0.05500000000000005,1,True,0.08528099999966798,-0.9754692900448148,0.9653872420722438,0.9727974609895682,0.9298489018579003,0.8986390611466218,0.9081573905947161,nan,nan,,
hmc_in_gauss_k2,4,0.01,9,2000,20,true_seq,0.95,0.0,0,19,0.05757575757575761,0,True,0.04704204200061213,,,,,,,,,,
hmc_in_gauss_k2,4,0.01,9,2000,20,true_nonseq,0.95,0.0,0,19,nan,0,True,0.04731079199882515,,,,,,,,,,
hmc_in_gauss_k2,4,0.01,9,2000,20,true_raw,0.0,0.0,0,0,0.058080808080808066,0,True,0.0,,,,,,,,,,
hmc_in_gauss_k2,4,0.01,9,2000,20,clean,0.0,0.0,0,0,0.055050505050505016,1,True,0.038088834000518546,-0.9754692900448148,0.9653872420722438,0.9727974609895682,0.9298489018579003,0.8986390611466218,0.9081573905947161,nan,nan,,
hmc_in_gauss_k2,4,0.01,9,2000,20,raw,0.0,0.0,0,0,0.05757575757575761,1,True,0.05623787500007893,-0.989435767453688,0.9792522053421551,0.9733590735402031,1.191229567437139,0.8937051996196135,0.9136994102301227,nan,nan,,
hmc_in_gauss_k2,4,0.01,9,2000,20,oracle,1.0,0.0,0,20,0.0565656565656566,1,True,0.038069666999945184,-0.9727555504179068,0.9656813109515725,0.9765519832175386,0.9323526422565913,0.9000674162601687,0.9086669312793231,nan,nan,,
hmc_in_gauss_k2,4,0.01,9,2000,20,fm,0.95,0.0,0,19,0.05707070707070705,3,True,0.255854167000507,-0.9746856126087976,0.965082556834169,0.9765100560945912,0.9347976364668151,0.8995531377396379,0.9087753739405755,nan,nan,,
hmc_in_gauss_k2,4,0.01,9,2000,20,fm_hampel,0.95,0.0,0,19,0.05707070707070705,3,True,0.24873545799891872,-0.9746856126087976,0.965082556834169,0.9765100560945912,0.9347976364668151,0.8995531377396379,0.9087753739405755,nan,nan,0.5,0.0065656565656565654
hmc_in_gauss_k2,4,0.01,9,2000,20,fm_warm,0.95,0.000505050505050505,0,20,0.05858585858585863,3,True,0.2684959580001305,-0.9783204447651432,0.9587012364478953,0.9701960550932966,0.9382692953549708,0.8995236920588897,0.9100156840929856,nan,nan,,
hmc_in_gauss_k2,6,0.01,9,2000,20,true_seq,1.0,0.0,0,20,0.0565656565656566,0,True,0.0471732920013892,,,,,,,,,,
hmc_in_gauss_k2,6,0.01,9,2000,20,true_nonseq,1.0,0.0,0,20,nan,0,True,0.047616791000109515,,,,,,,,,,
hmc_in_gauss_k2,6,0.01,9,2000,20,true_raw,0.0,0.0,0,0,0.05909090909090908,0,True,0.0,,,,,,,,,,
hmc_in_gauss_k2,6,0.01,9,2000,20,clean,0.0,0.0,0,0,0.055050505050505016,1,True,0.03785316699941177,-0.9754692900448148,0.9653872420722438,0.9727974609895682,0.9298489018579003,0.8986390611466218,0.9081573905947161,nan,nan,,
hmc_in_gauss_k2,6,0.01,9,2000,20,raw,0.0,0.0,0,0,0.07373737373737377,1,True,0.057013499999811756,-0.969927980421196,0.9607765040554563,0.9797762937519502,1.467590746854954,0.9023273049610622,0.925329960713928,nan,nan,,
hmc_in_gauss_k2,6,0.01,9,2000,20,oracle,1.0,0.0,0,20,0.05555555555555558,1,True,0.03903866599830508,-0.9782873583480817,0.9621729167953952,0.9733858722469011,0.9330921187496753,0.8981098919947383,0.9079580237875295,nan,nan,,
hmc_in_gauss_k2,6,0.01,9,2000,20,fm,1.0,0.0,0,20,0.05555555555555558,2,True,0.18239299999913783,-0.9782873583480817,0.9621729167953952,0.9733858722469011,0.9330921187496753,0.8981098919947383,0.9079580237875295,nan,nan,,
hmc_in_gauss_k2,6,0.01,9,2000,20,fm_hampel,1.0,0.000505050505050505,0,21,0.05707070707070705,2,True,0.16396904099929088,-0.976805219730421,0.9617799191830481,0.9689686531289757,0.9331591845195435,0.897792356628489,0.9078938184593325,nan,nan,1.0,0.007070707070707071
hmc_in_gauss_k2,6,0.01,9,2000,20,fm_warm,1.0,0.000505050505050505,0,21,0.05707070707070705,3,True,0.2889847500009637,-0.9802858178183028,0.962113562680857,0.9666369978345859,0.931779750916474,0.8973671076616491,0.9077923945199299,nan,nan,,
hmc_in_gauss_k2,8,0.01,9,2000,20,true_seq,1.0,0.0,0,20,0.054040404040404,0,True,0.047663416000432335,,,,,,,,,,
hmc_in_gauss_k2,8,0.01,9,2000,20,true_nonseq,1.0,0.0,0,20,nan,0,True,0.045916291999674286,,,,,,,,,,
hmc_in_gauss_k2,8,0.01,9,2000,20,true_raw,0.0,0.0,0,0,0.05959595959595965,0,True,0.0,,,,,,,,,,
hmc_in_gauss_k2,8,0.01,9,2000,20,clean,0.0,0.0,0,0,0.055050505050505016,1,True,0.03812174999984563,-0.9754692900448148,0.9653872420722438,0.9727974609895682,0.9298489018579003,0.8986390611466218,0.9081573905947161,nan,nan,,
hmc_in_gauss_k2,8,0.01,9,2000,20,raw,0.0,0.0,0,0,0.07979797979797976,1,True,0.06704887499836332,-0.9045849810562058,0.9745700376759908,1.0092171771379943,1.7310605485694799,0.908532994904149,0.928702262546859,nan,nan,,
hmc_in_gauss_k2,8,0.01,9,2000,20,oracle,1.0,0.0,0,20,0.055050505050505016,1,True,0.037721624999903725,-0.9721345385875755,0.9647664536552705,0.9771038529094372,0.9291805448808893,0.8986214587496082,0.9079672744875885,nan,nan,,
hmc_in_gauss_k2,8,0.01,9,2000,20,fm,1.0,0.0,0,20,0.055050505050505016,2,True,0.19041604099948017,-0.9721345385875755,0.9647664536552705,0.9771038529094372,0.9291805448808893,0.8986214587496082,0.9079672744875885,nan,nan,,
hmc_in_gauss_k2,8,0.01,9,2000,20,fm_hampel,1.0,0.0,0,20,0.055050505050505016,3,True,0.23803658399992855,-0.9721345385875755,0.9647664536552705,0.9771038529094372,0.9291805448808893,0.8986214587496082,0.9079672744875885,nan,nan,0.95,0.007070707070707071
hmc_in_gauss_k2,8,0.01,9,2000,20,fm_warm,1.0,0.0,0,20,0.05555555555555558,2,True,0.23071066699958465,-0.9679922657333495,0.9654564382174533,0.9800309680910038,0.9294650314339729,0.9010618526811258,0.9097491226509855,nan,nan,,
hmc_in_gauss_k2,4,0.05,9,2000,100,true_seq,0.88,0.0,0,88,0.06263157894736837,0,True,0.047791125000003376,,,,,,,,,,
hmc_in_gauss_k2,4,0.05,9,2000,100,true_nonseq,0.88,0.0,0,88,nan,0,True,0.04647587500039663,,,,,,,,,,
hmc_in_gauss_k2,4,0.05,9,2000,100,true_raw,0.0,0.0,0,0,0.07210526315789478,0,True,0.0,,,,,,,,,,
hmc_in_gauss_k2,4,0.05,9,2000,100,clean,0.0,0.0,0,0,0.0557894736842105,1,True,0.037877417000345304,-0.9754692900448148,0.9653872420722438,0.9727974609895682,0.9298489018579003,0.8986390611466218,0.9081573905947161,nan,nan,,
hmc_in_gauss_k2,4,0.05,9,2000,100,raw,0.0,0.0,0,0,0.09473684210526312,1,True,0.06755020800119382,-1.001256785888698,1.0879458658004295,0.9636330666516424,1.6868451739122423,0.848130910454064,0.9106996695378625,nan,nan,,
hmc_in_gauss_k2,4,0.05,9,2000,100,oracle,1.0,0.0,0,100,0.059473684210526345,1,True,0.039934207999976934,-0.9817047009251444,0.9613877175037021,0.9768374157831388,0.9384166344544578,0.8975527514991446,0.908966443629863,nan,nan,,
hmc_in_gauss_k2,4,0.05,9,2000,100,fm,0.89,0.0005263157894736842,0,90,0.061578947368421066,8,True,0.7803733749988169,-0.9927443721408812,0.9680258341540933,0.9694440663835816,0.9699333463338277,0.8891472723861872,0.9060916609196403,nan,nan,,
hmc_in_gauss_k2,4,0.05,9,2000,100,fm_hampel,0.89,0.0005263157894736842,0,90,0.061578947368421066,6,True,0.570348750001358,-0.9927443721408812,0.9680258341540933,0.9694440663835816,0.9699333463338277,0.8891472723861872,0.9060916609196403,nan,nan,0.5,0.00631578947368421
hmc_in_gauss_k2,4,0.05,9,2000,100,fm_warm,0.89,0.0010526315789473684,0,91,0.06315789473684208,8,True,0.7018475829991075,-1.0247381126061015,0.9528576707818508,0.9408192675139743,0.9741696179494566,0.8796914002652808,0.9030537548205275,nan,nan,,
hmc_in_gauss_k2,6,0.05,9,2000,100,true_seq,1.0,0.0,0,100,0.056842105263157916,0,True,0.04763695800102141,,,,,,,,,,
hmc_in_gauss_k2,6,0.05,9,2000,100,true_nonseq,1.0,0.0,0,100,nan,0,True,0.045826624998881016,,,,,,,,,,
hmc_in_gauss_k2,6,0.05,9,2000,100,true_raw,0.0,0.0,0,0,0.06315789473684208,0,True,0.0,,,,,,,,,,
hmc_in_gauss_k2,6,0.05,9,2000,100,clean,0.0,0.0,0,0,0.0557894736842105,1,True,0.038178499999048654,-0.9754692900448148,0.9653872420722438,0.9727974609895682,0.9298489018579003,0.8986390611466218,0.9081573905947161,nan,nan,,
hmc_in_gauss_k2,6,0.05,9,2000,100,raw,0.0,0.0,0,0,0.4636842105263158,1,True,0.2252132919984433,0.030791157791258066,8.428289926982544,1.3552555265266903,1.397616273162925,0.9474202246489222,1.2186665953423055e-10,nan,nan,,
hmc_in_gauss_k2,6,0.05,9,2000,100,oracle,1.0,0.0,0,100,0.05631578947368421,1,True,0.038990707998891594,-0.9709166650495212,0.9467008230049536,0.9775402379159259,0.9384915852648236,0.8978045632178244,0.907133321594862,nan,nan,,
hmc_in_gauss_k2,6,0.05,9,2000,100,fm,0.0,0.0,0,0,0.4636842105263158,1,True,0.2723316669998894,0.030791157791258066,8.428289926982544,1.3552555265266903,1.397616273162925,0.9474202246489222,1.2186665953423055e-10,nan,nan,,
hmc_in_gauss_k2,6,0.05,9,2000,100,fm_hampel,1.0,0.0,0,100,0.05631578947368421,2,True,0.19270037499882164,-0.9709166650495212,0.9467008230049536,0.9775402379159259,0.9384915852648236,0.8978045632178244,0.907133321594862,nan,nan,0.84,0.006842105263157895
hmc_in_gauss_k2,6,0.05,9,2000,100,fm_warm,0.0,0.0,0,0,0.4636842105263158,1,True,0.2696323330001178,0.030791157791258066,8.428289926982544,1.3552555265266903,1.397616273162925,0.9474202246489222,1.2186665953423055e-10,nan,nan,,
hmc_in_gauss_k2,8,0.05,9,2000,100,true_seq,1.0,0.0,0,100,0.061578947368421066,0,True,0.04806691600060731,,,,,,,,,,
hmc_in_gauss_k2,8,0.05,9,2000,100,true_nonseq,1.0,0.0,0,100,nan,0,True,0.04705825000019104,,,,,,,,,,
hmc_in_gauss_k2,8,0.05,9,2000,100,true_raw,0.0,0.0,0,0,0.0742105263157895,0,True,0.0,,,,,,,,,,
hmc_in_gauss_k2,8,0.05,9,2000,100,clean,0.0,0.0,0,0,0.05631578947368421,1,True,0.03778124999917054,-0.9754692900448148,0.9653872420722438,0.9727974609895682,0.9298489018579003,0.8986390611466218,0.9081573905947161,nan,nan,,
hmc_in_gauss_k2,8,0.05,9,2000,100,raw,0.0,0.0,0,0,0.4615789473684211,1,True,0.1611339160008356,0.04491771959422057,10.863293298355593,1.3604605521605682,1.3000638743453148,0.9473407056213908,6.208702064369822e-19,nan,nan,,
hmc_in_gauss_k2,8,0.05,9,2000,100,oracle,1.0,0.0,0,100,0.061578947368421066,1,True,0.03819183300038276,-0.9688351074436299,0.9653722594535654,0.9833746679106676,0.9343388608704357,0.8987560644573199,0.9089228927943951,nan,nan,,
hmc_in_gauss_k2,8,0.05,9,2000,100,fm,0.0,0.0,0,0,0.4615789473684211,1,True,0.20612058299957425,0.04491771959422057,10.863293298355593,1.3604605521605682,1.3000638743453148,0.9473407056213908,6.208702064369822e-19,nan,nan,,
hmc_in_gauss_k2,8,0.05,9,2000,100,fm_hampel,1.0,0.0,0,100,0.061578947368421066,3,True,0.2601117920003162,-0.9688351074436299,0.9653722594535654,0.9833746679106676,0.9343388608704357,0.8987560644573199,0.9089228927943951,nan,nan,0.96,0.0036842105263157894
hmc_in_gauss_k2,8,0.05,9,2000,100,fm_warm,0.0,0.0,0,0,0.4615789473684211,1,True,0.20672675000059826,0.04491771959422057,10.863293298355593,1.3604605521605682,1.3000638743453148,0.9473407056213908,6.208702064369822e-19,nan,nan,,
hmc_in_gauss_k2,0,0.0,10,2000,0,true_seq,nan,0.001,0,2,0.05500000000000005,0,True,0.04731891600022209,,,,,,,,,,
hmc_in_gauss_k2,0,0.0,10,2000,0,true_nonseq,nan,0.001,0,2,nan,0,True,0.04657416599911812,,,,,,,,,,
hmc_in_gauss_k2,0,0.0,10,2000,0,true_raw,nan,0.0,0,0,0.05300000000000005,0,True,0.0,,,,,,,,,,
hmc_in_gauss_k2,0,0.0,10,2000,0,clean,nan,0.0,0,0,0.05300000000000005,1,True,0.03765320900129154,-1.0313005579157508,1.0189184282268104,0.9991587831590257,0.9713257962956894,0.9129544595688304,0.9056353157312588,nan,nan,,
hmc_in_gauss_k2,0,0.0,10,2000,0,raw,nan,0.0,0,0,0.05300000000000005,1,True,0.03783287499936705,-1.0313005579157508,1.0189184282268104,0.9991587831590257,0.9713257962956894,0.9129544595688304,0.9056353157312588,nan,nan,,
hmc_in_gauss_k2,0,0.0,10,2000,0,oracle,nan,0.0,0,0,0.05300000000000005,1,True,0.03810320800039335,-1.0313005579157508,1.0189184282268104,0.9991587831590257,0.9713257962956894,0.9129544595688304,0.9056353157312588,nan,nan,,
hmc_in_gauss_k2,0,0.0,10,2000,0,fm,nan,0.002,0,4,0.05600000000000005,2,True,0.16235254200000782,-1.0278913670329826,1.0109396337729404,0.9897426179581446,0.9639445420629504,0.9131410466611066,0.906313692254183,nan,nan,,
hmc_in_gauss_k2,0,0.0,10,2000,0,fm_hampel,nan,0.002,0,4,0.05600000000000005,2,True,0.16356795799947577,-1.0278913670329826,1.0109396337729404,0.9897426179581446,0.9639445420629504,0.9131410466611066,0.906313692254183,nan,nan,nan,0.012
hmc_in_gauss_k2,0,0.0,10,2000,0,fm_warm,nan,0.002,0,4,0.055499999999999994,2,True,0.1548995000011928,-1.0250273490039907,1.0127434283732522,0.9915498908473827,0.9632376295969736,0.9140191813503197,0.9068328646666991,nan,nan,,
hmc_in_gauss_k2,4,0.01,10,2000,20,true_seq,0.95,0.00101010101010101,0,21,0.05707070707070705,0,True,0.047200791999785,,,,,,,,,,
hmc_in_gauss_k2,4,0.01,10,2000,20,true_nonseq,0.95,0.00101010101010101,0,21,nan,0,True,0.047507084000244504,,,,,,,,,,
hmc_in_gauss_k2,4,0.01,10,2000,20,true_raw,0.0,0.0,0,0,0.0565656565656566,0,True,0.0,,,,,,,,,,
hmc_in_gauss_k2,4,0.01,10,2000,20,clean,0.0,0.0,0,0,0.05353535353535355,1,True,0.038497333000123035,-1.0313005579157508,1.0189184282268104,0.9991587831590257,0.9713257962956894,0.9129544595688304,0.9056353157312588,nan,nan,,
hmc_in_gauss_k2,4,0.01,10,2000,20,raw,0.0,0.0,0,0,0.06262626262626259,1,True,0.056009208999967086,-1.0304982258277031,1.0415911832257825,1.006454162107954,1.2196826723471035,0.9139765124953242,0.9146128255254221,nan,nan,,
hmc_in_gauss_k2,4,0.01,10,2000,20,oracle,1.0,0.0,0,20,0.054545454545454564,1,True,0.03892920799989952,-1.0268535536713133,1.0242537316174292,1.0034351932265404,0.9748977746107688,0.9132994302075346,0.9057203174092219,nan,nan,,
hmc_in_gauss_k2,4,0.01,10,2000,20,fm,0.95,0.00101010101010101,0,21,0.05757575757575761,3,True,0.2578647919999639,-1.0243055436529396,1.0203641772053618,0.9939414595767575,0.9829543701191397,0.9133708037299356,0.9070360580558986,nan,nan,,
hmc_in_gauss_k2,4,0.01,10,2000,20,fm_hampel,0.95,0.00101010101010101,0,21,0.05757575757575761,2,True,0.1724958750000951,-1.0243055436529396,1.0203641772053618,0.9939414595767575,0.9829543701191397,0.9133708037299356,0.9070360580558986,nan,nan,0.6,0.011111111111111112
hmc_in_gauss_k2,4,0.01,10,2000,20,fm_warm,0.95,0.00101010101010101,0,21,0.05707070707070705,3,True,0.2784787500004313,-1.0239271759624002,1.014273059654895,0.9957495385894658,0.9877506274109742,0.9157985599562011,0.9101365753130987,nan,nan,,
hmc_in_gauss_k2,6,0.01,10,2000,20,true_seq,1.0,0.00101010101010101,0,22,0.05555555555555558,0,True,0.04721591700035788,,,,,,,,,,
hmc_in_gauss_k2,6,0.01,10,2000,20,true_nonseq,1.0,0.00101010101010101,0,22,nan,0,True,0.046721000000616186,,,,,,,,,,
hmc_in_gauss_k2,6,0.01,10,2000,20,true_raw,0.0,0.0,0,0,0.0565656565656566,0,True,0.0,,,,,,,,,,
hmc_in_gauss_k2,6,0.01,10,2000,20,clean,0.0,0.0,0,0,0.05303030303030298,1,True,0.03776250000009895,-1.0313005579157508,1.0189184282268104,0.9991587831590257,0.9713257962956894,0.9129544595688304,0.9056353157312588,nan,nan,,
hmc_in_gauss_k2,6,0.01,10,2000,20,raw,0.0,0.0,0,0,0.07626262626262625,1,True,0.0661288749997766,-1.0240992159400424,0.975724008948452,0.9900742945036981,1.5675629361906416,0.9152253054150584,0.9251350148191533,nan,nan,,
hmc_in_gauss_k2,6,0.01,10,2000,20,oracle,1.0,0.0,0,20,0.054040404040404,1,True,0.0383293329996377,-1.0366741998950793,1.0198513341308622,0.9962478209650257,0.9682513911859223,0.9123264950535546,0.9050843247253653,nan,nan,,
hmc_in_gauss_k2,6,0.01,10,2000,20,fm,1.0,0.00202020202020202,0,24,0.05707070707070705,3,True,0.26842941700124356,-1.0332722827814103,1.0118194953417647,0.9866848940205134,0.9607636558857338,0.9124986616312537,0.905752312964224,nan,nan,,
hmc_in_gauss_k2,6,0.01,10,2000,20,fm_hampel,1.0,0.00202020202020202,0,24,0.05707070707070705,2,True,0.16214162500000384,-1.0332722827814103,1.0118194953417647,0.9866848940205134,0.9607636558857338,0.9124986616312537,0.905752312964224,nan,nan,1.0,0.012121212121212121
hmc_in_gauss_k2,6,0.01,10,2000,20,fm_warm,1.0,0.00202020202020202,0,24,0.05707070707070705,3,True,0.2973230829993554,-1.0322303124145389,1.0091442317365655,0.9880110862354227,0.9633501501560394,0.9143645119418294,0.9078959713362849,nan,nan,,
hmc_in_gauss_k2,8,0.01,10,2000,20,true_seq,1.0,0.00101010101010101,0,22,0.05606060606060603,0,True,0.04722716600008425,,,,,,,,,,
hmc_in_gauss_k2,8,0.01,10,2000,20,true_nonseq,1.0,0.00101010101010101,0,22,nan,0,True,0.04689637499905075,,,,,,,,,,
hmc_in_gauss_k2,8,0.01,10,2000,20,true_raw,0.0,0.0,0,0,0.05858585858585863,0,True,0.0,,,,,,,,,,
hmc_in_gauss_k2,8,0.01,10,2000,20,clean,0.0,0.0,0,0,0.05353535353535355,1,True,0.03826149999986228,-1.0313005579157508,1.0189184282268104,0.9991587831590257,0.9713257962956894,0.9129544595688304,0.9056353157312588,nan,nan,,
hmc_in_gauss_k2,8,0.01,10,2000,20,raw,0.0,0.0,0,0,0.08737373737373733,1,True,0.06720237499939685,-0.9891275514854958,0.9773646243531817,0.9999743687678989,1.8015020131851693,0.9234788780376388,0.9339579891343227,nan,nan,,
hmc_in_gauss_k2,8,0.01,10,2000,20,oracle,1.0,0.0,0,20,0.054545454545454564,1,True,0.039325959000052535,-1.0273645619280005,1.026516198329652,1.0008013483637688,0.967923285128899,0.9126126520217638,0.9051809512113473,nan,nan,,
hmc_in_gauss_k2,8,0.01,10,2000,20,fm,1.0,0.00202020202020202,0,24,0.0565656565656566,3,True,0.2687805000005028,-1.0239142221199575,1.0184936266464373,0.9912686782592179,0.960485422960517,0.912787162380286,0.9058479862608516,nan,nan,,
hmc_in_gauss_k2,8,0.01,10,2000,20,fm_hampel,1.0,0.00202020202020202,0,24,0.0565656565656566,3,True,0.23899412500031758,-1.0239142221199575,1.0184936266464373,0.9912686782592179,0.960485422960517,0.912787162380286,0.9058479862608516,nan,nan,0.95,0.011616161616161616
hmc_in_gauss_k2,8,0.01,10,2000,20,fm_warm,1.0,0.00202020202020202,0,24,0.05707070707070705,4,True,0.370448875000875,-1.019254271876462,1.019587486191374,0.9944043935424048,0.9610737058665195,0.9151512319445093,0.9078700057341267,nan,nan,,
hmc_in_gauss_k2,4,0.05,10,2000,100,true_seq,0.87,0.0010526315789473684,0,89,0.06578947368421051,0,True,0.04713950000041223,,,,,,,,,,
hmc_in_gauss_k2,4,0.05,10,2000,100,true_nonseq,0.87,0.0010526315789473684,0,89,nan,0,True,0.047050167000634247,,,,,,,,,,
hmc_in_gauss_k2,4,0.05,10,2000,100,true_raw,0.0,0.0,0,0,0.06842105263157894,0,True,0.0,,,,,,,,,,
hmc_in_gauss_k2,4,0.05,10,2000,100,clean,0.0,0.0,0,0,0.05368421052631578,1,True,0.03838766599983501,-1.0313005579157508,1.0189184282268104,0.9991587831590257,0.9713257962956894,0.9129544595688304,0.9056353157312588,nan,nan,,
hmc_in_gauss_k2,4,0.05,10,2000,100,raw,0.0,0.0,0,0,0.08842105263157896,1,True,0.056805165999321616,-0.9689088281466383,1.242917171215594,0.9941257228039869,1.8822743953567034,0.8716103680953077,0.8928904559145989,nan,nan,,
hmc_in_gauss_k2,4,0.05,10,2000,100,oracle,1.0,0.0,0,100,0.05894736842105264,1,True,0.038550999999642954,-1.0188011289159389,1.017044216051069,0.9930380377739166,0.9715314369469,0.912784041885932,0.9049482322891458,nan,nan,,
hmc_in_gauss_k2,4,0.05,10,2000,100,fm,0.86,0.0010526315789473684,0,88,0.06684210526315792,7,True,0.6357610420000128,-1.0211894232970298,1.0277636077740895,0.9859370676561205,1.0137969116044396,0.9012851356890447,0.8981471457146101,nan,nan,,
hmc_in_gauss_k2,4,0.05,10,2000,100,fm_hampel,0.86,0.0010526315789473684,0,88,0.06684210526315792,5,True,0.4530425829998421,-1.0211894232970298,1.0277636077740895,0.9859370676561205,1.0137969116044396,0.9012851356890447,0.8981471457146101,nan,nan,0.48,0.012105263157894737
hmc_in_gauss_k2,4,0.05,10,2000,100,fm_warm,0.86,0.0010526315789473684,0,88,0.06736842105263163,7,True,0.6207657909999398,-1.0368498134819264,1.019101126182638,0.9749912690045839,1.0166672497888634,0.8972228848773449,0.8964255176873225,nan,nan,,
hmc_in_gauss_k2,6,0.05,10,2000,100,true_seq,1.0,0.0015789473684210526,1,103,0.05842105263157893,0,True,0.04696933300147066,,,,,,,,,,
hmc_in_gauss_k2,6,0.05,10,2000,100,true_nonseq,1.0,0.0010526315789473684,0,102,nan,0,True,0.04723562500112166,,,,,,,,,,
hmc_in_gauss_k2,6,0.05,10,2000,100,true_raw,0.0,0.0,0,0,0.07526315789473681,0,True,0.0,,,,,,,,,,
hmc_in_gauss_k2,6,0.05,10,2000,100,clean,0.0,0.0,0,0,0.05421052631578949,1,True,0.038495000000693835,-1.0313005579157508,1.0189184282268104,0.9991587831590257,0.9713257962956894,0.9129544595688304,0.9056353157312588,nan,nan,,
hmc_in_gauss_k2,6,0.05,10,2000,100,raw,0.0,0.0,0,0,0.48684210526315785,1,True,0.2889322089995403,-0.048373209786679416,8.52927550732505,1.4308733507334208,1.2630954299392032,0.9475398543090643,1.8262865640148498e-08,nan,nan,,
hmc_in_gauss_k2,6,0.05,10,2000,100,oracle,1.0,0.0,0,100,0.05631578947368421,1,True,0.03855891700004577,-1.0361137882177873,1.0236135753068942,1.0010593399402539,0.9812017876372816,0.9124936847358164,0.9050983985672517,nan,nan,,
hmc_in_gauss_k2,6,0.05,10,2000,100,fm,0.0,0.0,0,0,0.48684210526315785,1,True,0.3380975000000035,-0.048373209786679416,8.52927550732505,1.4308733507334208,1.2630954299392032,0.9475398543090643,1.8262865640148498e-08,nan,nan,,
hmc_in_gauss_k2,6,0.05,10,2000,100,fm_hampel,1.0,0.0015789473684210526,1,103,0.05894736842105264,3,True,0.26087612499941315,-1.0317632266335255,1.0181266577248316,0.9914588217715868,0.976826665105608,0.9127883442152621,0.9058465884565148,nan,nan,0.93,0.007894736842105263
hmc_in_gauss_k2,6,0.05,10,2000,100,fm_warm,0.0,0.0,0,0,0.48684210526315785,1,True,0.3402004159997887,-0.048373209786679416,8.52927550732505,1.4308733507334208,1.2630954299392032,0.9475398543090643,1.8262865640148498e-08,nan,nan,,
hmc_in_gauss_k2,8,0.05,10,2000,100,true_seq,1.0,0.0010526315789473684,0,102,0.054736842105263195,0,True,0.04746866700043029,,,,,,,,,,
hmc_in_gauss_k2,8,0.05,10,2000,100,true_nonseq,1.0,0.0015789473684210526,0,103,nan,0,True,0.047258042000976275,,,,,,,,,,
hmc_in_gauss_k2,8,0.05,10,2000,100,true_raw,0.0,0.0,0,0,0.0642105263157895,0,True,0.0,,,,,,,,,,
hmc_in_gauss_k2,8,0.05,10,2000,100,clean,0.0,0.0,0,0,0.05105263157894735,1,True,0.03782783299902803,-1.0313005579157508,1.0189184282268104,0.9991587831590257,0.9713257962956894,0.9129544595688304,0.9056353157312588,nan,nan,,
hmc_in_gauss_k2,8,0.05,10,2000,100,raw,0.0,0.0,0,0,0.48789473684210527,1,True,0.15899954099950264,-0.0495756557485713,11.364802399810106,1.4215980364341003,1.4226507559212944,0.9473415063470707,1.8910028661385798e-14,nan,nan,,
hmc_in_gauss_k2,8,0.05,10,2000,100,oracle,1.0,0.0,0,100,0.05368421052631578,1,True,0.03810204200090084,-1.0423657022185002,1.0169190158339383,0.9891734163431528,0.9718603364561218,0.9141886586120038,0.9069392374933359,nan,nan,,
hmc_in_gauss_k2,8,0.05,10,2000,100,fm,0.0,0.0,0,0,0.48789473684210527,1,True,0.20725241700165498,-0.0495756557485713,11.364802399810106,1.4215980364341003,1.4226507559212944,0.9473415063470707,1.8910028661385798e-14,nan,nan,,
hmc_in_gauss_k2,8,0.05,10,2000,100,fm_hampel,1.0,0.002105263157894737,0,104,0.05631578947368421,3,True,0.25260645900016243,-1.0387627336279475,1.0085755979972006,0.9791585930783089,0.9640915224506015,0.9143878670601086,0.9076244947582113,nan,nan,0.99,0.008947368421052631
hmc_in_gauss_k2,8,0.05,10,2000,100,fm_warm,0.0,0.0,0,0,0.48789473684210527,1,True,0.20290433300033328,-0.0495756557485713,11.364802399810106,1.4215980364341003,1.4226507559212944,0.9473415063470707,1.8910028661385798e-14,nan,nan,,
hmc_in_gauss_k2,0,0.0,11,2000,0,true_seq,nan,0.0005,0,1,0.0695,0,True,0.04790270800003782,,,,,,,,,,
hmc_in_gauss_k2,0,0.0,11,2000,0,true_nonseq,nan,0.0005,0,1,nan,0,True,0.04745287500008999,,,,,,,,,,
hmc_in_gauss_k2,0,0.0,11,2000,0,true_raw,nan,0.0,0,0,0.0695,0,True,0.0,,,,,,,,,,
hmc_in_gauss_k2,0,0.0,11,2000,0,clean,nan,0.0,0,0,0.06999999999999995,1,True,0.03884549999929732,-0.9917942107261126,0.979741812564496,0.9976538074626478,0.9960130103286714,0.9045613932021636,0.8868435267303315,nan,nan,,
hmc_in_gauss_k2,0,0.0,11,2000,0,raw,nan,0.0,0,0,0.06999999999999995,1,True,0.03832283400151937,-0.9917942107261126,0.979741812564496,0.9976538074626478,0.9960130103286714,0.9045613932021636,0.8868435267303315,nan,nan,,
hmc_in_gauss_k2,0,0.0,11,2000,0,oracle,nan,0.0,0,0,0.06999999999999995,1,True,0.03855233399917779,-0.9917942107261126,0.979741812564496,0.9976538074626478,0.9960130103286714,0.9045613932021636,0.8868435267303315,nan,nan,,
hmc_in_gauss_k2,0,0.0,11,2000,0,fm,nan,0.0005,0,1,0.06999999999999995,2,True,0.16202866699859442,-0.992161524880775,0.9767827212014112,0.9975385158742807,0.9899091671914958,0.9045114838140303,0.8866566337506055,nan,nan,,
hmc_in_gauss_k2,0,0.0,11,2000,0,fm_hampel,nan,0.0005,0,1,0.06999999999999995,2,True,0.16079945799901907,-0.992161524880775,0.9767827212014112,0.9975385158742807,0.9899091671914958,0.9045114838140303,0.8866566337506055,nan,nan,nan,0.0115
hmc_in_gauss_k2,0,0.0,11,2000,0,fm_warm,nan,0.0005,0,1,0.06999999999999995,2,True,0.15438395899946045,-0.9917198948635046,0.9771778034630867,0.9974811984992435,0.990102313141496,0.9041462603804886,0.8861253765778297,nan,nan,,
hmc_in_gauss_k2,4,0.01,11,2000,20,true_seq,0.95,0.000505050505050505,0,20,0.07121212121212117,0,True,0.048244707999401726,,,,,,,,,,
hmc_in_gauss_k2,4,0.01,11,2000,20,true_nonseq,0.95,0.000505050505050505,0,20,nan,0,True,0.0469980409998243,,,,,,,,,,
hmc_in_gauss_k2,4,0.01,11,2000,20,true_raw,0.0,0.0,0,0,0.07222222222222219,0,True,0.0,,,,,,,,,,
hmc_in_gauss_k2,4,0.01,11,2000,20,clean,0.0,0.0,0,0,0.0696969696969697,1,True,0.03886816600061138,-0.9917942107261126,0.979741812564496,0.9976538074626478,0.9960130103286714,0.9045613932021636,0.8868435267303315,nan,nan,,
hmc_in_gauss_k2,4,0.01,11,2000,20,raw,0.0,0.0,0,0,0.07474747474747478,1,True,0.05736316699949384,-1.0076193736441716,0.9902530313404692,0.9934198529449169,1.2794602776263495,0.8967198759361193,0.891403700156874,nan,nan,,
hmc_in_gauss_k2,4,0.01,11,2000,20,oracle,1.0,0.0,0,20,0.07070707070707072,1,True,0.03874316700057534,-0.9971087099494363,0.9784103934277432,0.9978493063637861,0.9983959925456495,0.905838144362918,0.8882131450006516,nan,nan,,
hmc_in_gauss_k2,4,0.01,11,2000,20,fm,0.95,0.000505050505050505,0,20,0.07222222222222219,3,True,0.2575653340009012,-0.9998665049760632,0.9765633097423384,0.9967629476612379,0.9964927081751395,0.904403399816088,0.8870902887109706,nan,nan,,
hmc_in_gauss_k2,4,0.01,11,2000,20,fm_hampel,0.95,0.000505050505050505,0,20,0.07222222222222219,2,True,0.17266508400098246,-0.9998665049760632,0.9765633097423384,0.9967629476612379,0.9964927081751395,0.904403399816088,0.8870902887109706,nan,nan,0.5,0.011111111111111112
hmc_in_gauss_k2,4,0.01,11,2000,20,fm_warm,0.95,0.000505050505050505,0,20,0.07424242424242422,3,True,0.2804857080009242,-1.0071122006278919,0.9634963474645919,0.9944568034740859,1.0036775082032825,0.9039132426927481,0.8887879900579937,nan,nan,,
hmc_in_gauss_k2,6,0.01,11,2000,20,true_seq,1.0,0.000505050505050505,0,21,0.06717171717171722,0,True,0.045913666999695124,,,,,,,,,,
hmc_in_gauss_k2,6,0.01,11,2000,20,true_nonseq,1.0,0.000505050505050505,0,21,nan,0,True,0.046260249999249936,,,,,,,,,,
hmc_in_gauss_k2,6,0.01,11,2000,20,true_raw,0.0,0.0,0,0,0.07272727272727275,0,True,0.0,,,,,,,,,,
hmc_in_gauss_k2,6,0.01,11,2000,20,clean,0.0,0.0,0,0,0.0696969696969697,1,True,0.03799633400012681,-0.9917942107261126,0.979741812564496,0.9976538074626478,0.9960130103286714,0.9045613932021636,0.8868435267303315,nan,nan,,
hmc_in_gauss_k2,6,0.01,11,2000,20,raw,0.0,0.0,0,0,0.08636363636363631,1,True,0.06645954099985829,-0.9611650670520133,0.9717390091055138,1.0083410674700923,1.5830581303842854,0.911864575600095,0.9098318494935096,nan,nan,,
hmc_in_gauss_k2,6,0.01,11,2000,20,oracle,1.0,0.0,0,20,0.06767676767676767,1,True,0.03921941699991294,-0.9940779667858224,0.9897695827666374,0.995062931970424,0.9953224337882034,0.9057404713214329,0.8870764500930051,nan,nan,,
hmc_in_gauss_k2,6,0.01,11,2000,20,fm,1.0,0.000505050505050505,0,21,0.06868686868686869,3,True,0.2696084580002207,-0.9944529001709785,0.986765897135139,0.994931345487582,0.9891664853671287,0.9056903524887483,0.886889547605199,nan,nan,,
hmc_in_gauss_k2,6,0.01,11,2000,20,fm_hampel,1.0,0.000505050505050505,0,21,0.06868686868686869,2,True,0.1621374169990304,-0.9944529001709785,0.986765897135139,0.994931345487582,0.9891664853671287,0.9056903524887483,0.886889547605199,nan,nan,0.95,0.00909090909090909
hmc_in_gauss_k2,6,0.01,11,2000,20,fm_warm,1.0,0.000505050505050505,0,21,0.06767676767676767,3,True,0.2948528750002879,-0.9918742977062801,0.984152735288786,0.9971885772347586,0.9921410770494495,0.9068721208511199,0.8882605240051799,nan,nan,,
hmc_in_gauss_k2,8,0.01,11,2000,20,true_seq,1.0,0.000505050505050505,0,21,0.0696969696969697,0,True,0.047329291999631096,,,,,,,,,,
hmc_in_gauss_k2,8,0.01,11,2000,20,true_nonseq,1.0,0.000505050505050505,0,21,nan,0,True,0.04754566700103169,,,,,,,,,,
hmc_in_gauss_k2,8,0.01,11,2000,20,true_raw,0.0,0.0,0,0,0.07525252525252524,0,True,0.0,,,,,,,,,,
hmc_in_gauss_k2,8,0.01,11,2000,20,clean,0.0,0.0,0,0,0.07020202020202015,1,True,0.03824545799943735,-0.9917942107261126,0.979741812564496,0.9976538074626478,0.9960130103286714,0.9045613932021636,0.8868435267303315,nan,nan,,
hmc_in_gauss_k2,8,0.01,11,2000,20,raw,0.0,0.0,0,0,0.09595959595959591,1,True,0.06691454199972213,-0.9066906534202832,0.9929757977730669,1.024008232793131,1.8835936063974035,0.9100449650185989,0.9060043501767676,nan,nan,,
hmc_in_gauss_k2,8,0.01,11,2000,20,oracle,1.0,0.0,0,20,0.0696969696969697,1,True,0.03834583400021074,-0.993171943647111,0.9783319931091017,0.9993593357825673,0.9924176788613458,0.9036500556957971,0.8860771815416781,nan,nan,,
hmc_in_gauss_k2,8,0.01,11,2000,20,fm,1.0,0.000505050505050505,0,21,0.07020202020202015,3,True,0.2694871250005235,-0.9935463175196162,0.9753554627193741,0.9992436772196978,0.9862282579853427,0.9035988177421266,0.8858874401335082,nan,nan,,
hmc_in_gauss_k2,8,0.01,11,2000,20,fm_hampel,1.0,0.000505050505050505,0,21,0.07020202020202015,2,True,0.16555850000077044,-0.9935463175196162,0.9753554627193741,0.9992436772196978,0.9862282579853427,0.9035988177421266,0.8858874401335082,nan,nan,0.95,0.010606060606060607
hmc_in_gauss_k2,8,0.01,11,2000,20,fm_warm,1.0,0.000505050505050505,0,21,0.07020202020202015,3,True,0.2947523330003605,-0.9884785109088321,0.9721198461811323,1.0035332570372992,0.990242438443176,0.9056322524277319,0.8880004775832462,nan,nan,,
hmc_in_gauss_k2,4,0.05,11,2000,100,true_seq,0.84,0.0005263157894736842,0,85,0.07315789473684209,0,True,0.04707066700029827,,,,,,,,,,
hmc_in_gauss_k2,4,0.05,11,2000,100,true_nonseq,0.82,0.0005263157894736842,0,83,nan,0,True,0.048217583000223385,,,,,,,,,,
hmc_in_gauss_k2,4,0.05,11,2000,100,true_raw,0.0,0.0,0,0,0.08105263157894738,0,True,0.0,,,,,,,,,,
hmc_in_gauss_k2,4,0.05,11,2000,100,clean,0.0,0.0,0,0,0.06947368421052635,1,True,0.038204333000976476,-0.9917942107261126,0.979741812564496,0.9976538074626478,0.9960130103286714,0.9045613932021636,0.8868435267303315,nan,nan,,
hmc_in_gauss_k2,4,0.05,11,2000,100,raw,0.0,0.0,0,0,0.09947368421052627,1,True,0.056327000000237604,-0.9435309476690052,1.1689362666719405,0.9962453134205767,1.8674237107580556,0.8594412638485798,0.8786644838158938,nan,nan,,
hmc_in_gauss_k2,4,0.05,11,2000,100,oracle,1.0,0.0,0,100,0.06789473684210523,1,True,0.03889212499962014,-0.9850205275746466,0.9690388981605305,1.0004289018450823,1.001276175979178,0.9040552914778656,0.8867750392455332,nan,nan,,
hmc_in_gauss_k2,4,0.05,11,2000,100,fm,0.79,0.0005263157894736842,0,80,0.07789473684210524,11,True,1.0880906250004045,-1.0059688573203422,0.9779141166599873,0.9937280710700196,1.0854002182484386,0.8818904379409219,0.8739083364362481,nan,nan,,
hmc_in_gauss_k2,4,0.05,11,2000,100,fm_hampel,0.79,0.0005263157894736842,0,80,0.07789473684210524,8,True,0.7785818339998514,-1.0059688573203422,0.9779141166599873,0.9937280710700196,1.0854002182484386,0.8818904379409219,0.8739083364362481,nan,nan,0.61,0.01
hmc_in_gauss_k2,4,0.05,11,2000,100,fm_warm,0.75,0.0005263157894736842,0,76,0.08105263157894738,9,True,0.7466112500005693,-1.0520258791823753,0.9293878601146265,0.9709779367959639,1.1297699446511649,0.8674400221902919,0.8740078630481716,nan,nan,,
hmc_in_gauss_k2,6,0.05,11,2000,100,true_seq,1.0,0.0005263157894736842,0,101,0.07052631578947366,0,True,0.04659429200000886,,,,,,,,,,
hmc_in_gauss_k2,6,0.05,11,2000,100,true_nonseq,1.0,0.0005263157894736842,0,101,nan,0,True,0.04697212499922898,,,,,,,,,,
hmc_in_gauss_k2,6,0.05,11,2000,100,true_raw,0.0,0.0,0,0,0.09578947368421054,0,True,0.0,,,,,,,,,,
hmc_in_gauss_k2,6,0.05,11,2000,100,clean,0.0,0.0,0,0,0.07157894736842108,1,True,0.038740750000215485,-0.9917942107261126,0.979741812564496,0.9976538074626478,0.9960130103286714,0.9045613932021636,0.8868435267303315,nan,nan,,
hmc_in_gauss_k2,6,0.05,11,2000,100,raw,0.0,0.0,0,0,0.4615789473684211,1,True,0.26163991700013867,-0.08273976614000092,8.207964793634467,1.4025446816537521,1.3625730319739675,0.9475007717788418,1.9908175148720728e-13,nan,nan,,
hmc_in_gauss_k2,6,0.05,11,2000,100,oracle,1.0,0.0,0,100,0.06999999999999995,1,True,0.038827333999506664,-0.9902575211910201,0.9814870590564574,1.0009739587401938,0.9956531444380377,0.9039380247665095,0.886898746306616,nan,nan,,
hmc_in_gauss_k2,6,0.05,11,2000,100,fm,0.01,0.0,0,1,0.4615789473684211,2,True,0.6299679580006341,-0.082764820081111,8.17416014030103,1.4025020448946093,1.3282148407851406,0.9480190391232144,1.8691201015061675e-12,nan,nan,,
hmc_in_gauss_k2,6,0.05,11,2000,100,fm_hampel,1.0,0.0005263157894736842,0,101,0.07052631578947366,3,True,0.28097374999924796,-0.9906550712120566,0.9784006621537866,1.0008614337062536,0.9892240709534742,0.903889506101738,0.8867127504750258,nan,nan,0.8,0.007894736842105263
hmc_in_gauss_k2,6,0.05,11,2000,100,fm_warm,0.02,0.0,0,2,0.4615789473684211,3,True,0.4429054169995652,-0.08248647054094428,8.14684066416693,1.4029159804536127,1.2911712350201228,0.9486073485739381,2.361046166167497e-20,nan,nan,,
hmc_in_gauss_k2,8,0.05,11,2000,100,true_seq,1.0,0.0005263157894736842,0,101,0.07578947368421052,0,True,0.047599084000466974,,,,,,,,,,
hmc_in_gauss_k2,8,0.05,11,2000,100,true_nonseq,1.0,0.0005263157894736842,0,101,nan,0,True,0.04707083399989642,,,,,,,,,,
hmc_in_gauss_k2,8,0.05,11,2000,100,true_raw,0.0,0.0,0,0,0.08526315789473682,0,True,0.0,,,,,,,,,,
hmc_in_gauss_k2,8,0.05,11,2000,100,clean,0.0,0.0,0,0,0.07052631578947366,1,True,0.037343500000133645,-0.9917942107261126,0.979741812564496,0.9976538074626478,0.9960130103286714,0.9045613932021636,0.8868435267303315,nan,nan,,
hmc_in_gauss_k2,8,0.05,11,2000,100,raw,0.0,0.0,0,0,0.4531578947368421,1,True,0.14858216700122284,-0.10783971992053625,11.459960912622336,1.3965287740730439,1.4091900203068135,0.9473408089900267,1.3031773506679303e-16,nan,nan,,
hmc_in_gauss_k2,8,0.05,11,2000,100,oracle,1.0,0.0,0,100,0.07789473684210524,1,True,0.03783504199964227,-0.9957982175148926,0.9660022735631302,0.9977157469473243,0.999179381411719,0.9062516682237034,0.8886744401359857,nan,nan,,
hmc_in_gauss_k2,8,0.05,11,2000,100,fm,0.0,0.0,0,0,0.4531578947368421,1,True,0.1976081669999985,-0.10783971992053625,11.459960912622336,1.3965287740730439,1.4091900203068135,0.9473408089900267,1.3031773506679303e-16,nan,nan,,
hmc_in_gauss_k2,8,0.05,11,2000,100,fm_hampel,1.0,0.0005263157894736842,0,101,0.07736842105263153,3,True,0.2754224999989674,-0.9959075739468899,0.9639146261854386,0.9975675564266382,0.9919489808939462,0.9060616040190465,0.8881787262173432,nan,nan,0.96,0.009473684210526316
hmc_in_gauss_k2,8,0.05,11,2000,100,fm_warm,0.0,0.0,0,0,0.4531578947368421,1,True,0.2045964589997311,-0.10783971992053625,11.459960912622336,1.3965287740730439,1.4091900203068135,0.9473408089900267,1.3031773506679303e-16,nan,nan,,
hmc_in_gauss_k2,0,0.0,12,2000,0,true_seq,nan,0.0005,0,1,0.055499999999999994,0,True,0.04795437499888067,,,,,,,,,,
hmc_in_gauss_k2,0,0.0,12,2000,0,true_nonseq,nan,0.0005,0,1,nan,0,True,0.04722645800029568,,,,,,,,,,
hmc_in_gauss_k2,0,0.0,12,2000,0,true_raw,nan,0.0,0,0,0.055499999999999994,0,True,0.0,,,,,,,,,,
hmc_in_gauss_k2,0,0.0,12,2000,0,clean,nan,0.0,0,0,0.05400000000000005,1,True,0.038637541998468805,-1.018305634834718,1.05805865708215,0.9913125560218673,1.0097622805567321,0.9075938413652477,0.9028676954297785,nan,nan,,
hmc_in_gauss_k2,0,0.0,12,2000,0,raw,nan,0.0,0,0,0.05400000000000005,1,True,0.03839154100023734,-1.018305634834718,1.05805865708215,0.9913125560218673,1.0097622805567321,0.9075938413652477,0.9028676954297785,nan,nan,,
hmc_in_gauss_k2,0,0.0,12,2000,0,oracle,nan,0.0,0,0,0.05400000000000005,1,True,0.03851570799997717,-1.018305634834718,1.05805865708215,0.9913125560218673,1.0097622805567321,0.9075938413652477,0.9028676954297785,nan,nan,,
hmc_in_gauss_k2,0,0.0,12,2000,0,fm,nan,0.0005,0,1,0.05400000000000005,2,True,0.17254566599876853,-1.0156058529231833,1.0582916638766484,0.9856492522805038,1.0096146137177993,0.9074557328188547,0.9027577878069089,nan,nan,,
hmc_in_gauss_k2,0,0.0,12,2000,0,fm_hampel,nan,0.001,0,2,0.05449999999999999,2,True,0.16391016600027797,-1.0130223037334956,1.0579989735585598,0.9804906275297105,1.0098715432387046,0.9073426415314529,0.9027375266861394,nan,nan,nan,0.0085
hmc_in_gauss_k2,0,0.0,12,2000,0,fm_warm,nan,0.0005,0,1,0.05400000000000005,2,True,0.15595154199945682,-1.0136521855064156,1.0602431038038702,0.9867044191544163,1.0086794897531488,0.9080577594871259,0.9030261351036847,nan,nan,,
hmc_in_gauss_k2,4,0.01,12,2000,20,true_seq,0.9,0.000505050505050505,0,19,0.0565656565656566,0,True,0.048087375000250177,,,,,,,,,,
hmc_in_gauss_k2,4,0.01,12,2000,20,true_nonseq,0.9,0.000505050505050505,0,19,nan,0,True,0.047023084000102244,,,,,,,,,,
hmc_in_gauss_k2,4,0.01,12,2000,20,true_raw,0.0,0.0,0,0,0.05707070707070705,0,True,0.0,,,,,,,,,,
hmc_in_gauss_k2,4,0.01,12,2000,20,clean,0.0,0.0,0,0,0.054040404040404,1,True,0.03780866600027366,-1.018305634834718,1.05805865708215,0.9913125560218673,1.0097622805567321,0.9075938413652477,0.9028676954297785,nan,nan,,
hmc_in_gauss_k2,4,0.01,12,2000,20,raw,0.0,0.0,0,0,0.05858585858585863,1,True,0.04742466599964246,-1.0174706643802056,1.0982912373666722,0.9976350057170443,1.2268950556458331,0.8984271759493353,0.9005660306413946,nan,nan,,
hmc_in_gauss_k2,4,0.01,12,2000,20,oracle,1.0,0.0,0,20,0.055050505050505016,1,True,0.039185749999887776,-1.017953702225935,1.0602252863804593,0.9924563512015244,1.007404936421764,0.906731300243247,0.9019929068441362,nan,nan,,
hmc_in_gauss_k2,4,0.01,12,2000,20,fm,0.9,0.000505050505050505,0,19,0.05606060606060603,3,True,0.2519324159984535,-1.0180629005393984,1.061239531928718,0.9862909981265472,1.0154928981224387,0.9047936022562866,0.9010732147205655,nan,nan,,
hmc_in_gauss_k2,4,0.01,12,2000,20,fm_hampel,0.9,0.00101010101010101,0,20,0.05606060606060603,3,True,0.25102883399995335,-1.0154411635140312,1.0609503960534943,0.981056177524537,1.0157507869627458,0.9046773955427029,0.9010521135372989,nan,nan,0.65,0.008585858585858586
hmc_in_gauss_k2,4,0.01,12,2000,20,fm_warm,0.9,0.000505050505050505,0,19,0.05606060606060603,3,True,0.2587943329999689,-1.0187000652815232,1.061350410675208,0.9856192434241441,1.0153714543977919,0.9046944443685827,0.9010204386634191,nan,nan,,
hmc_in_gauss_k2,6,0.01,12,2000,20,true_seq,1.0,0.000505050505050505,0,21,0.054040404040404,0,True,0.04734387500138837,,,,,,,,,,
hmc_in_gauss_k2,6,0.01,12,2000,20,true_nonseq,1.0,0.000505050505050505,0,21,nan,0,True,0.04704074999972363,,,,,,,,,,
hmc_in_gauss_k2,6,0.01,12,2000,20,true_raw,0.0,0.0,0,0,0.05959595959595965,0,True,0.0,,,,,,,,,,
hmc_in_gauss_k2,6,0.01,12,2000,20,clean,0.0,0.0,0,0,0.05353535353535355,1,True,0.03856029199960176,-1.018305634834718,1.05805865708215,0.9913125560218673,1.0097622805567321,0.9075938413652477,0.9028676954297785,nan,nan,,
hmc_in_gauss_k2,6,0.01,12,2000,20,raw,0.0,0.0,0,0,0.07070707070707072,1,True,0.06768116700004612,-0.9901000751533429,1.0662132926071377,1.0063551312741135,1.5726855253157939,0.9109661597141406,0.9180367736358555,nan,nan,,
hmc_in_gauss_k2,6,0.01,12,2000,20,oracle,1.0,0.0,0,20,0.05353535353535355,1,True,0.03888541699961934,-1.0233565004392369,1.0570641356068207,0.9927963985561873,1.0062842092538,0.9069062868969775,0.9024176577730448,nan,nan,,
hmc_in_gauss_k2,6,0.01,12,2000,20,fm,1.0,0.000505050505050505,0,21,0.054040404040404,2,True,0.19073266699888336,-1.020635134253221,1.057299690966174,0.9870771684768279,1.0061379260497223,0.9067646915385289,0.902305473028972,nan,nan,,
hmc_in_gauss_k2,6,0.01,12,2000,20,fm_hampel,1.0,0.00101010101010101,0,22,0.054040404040404,2,True,0.16215199999896868,-1.0180312113643133,1.057010564865304,0.9818679887661615,1.0063971869378487,0.9066483602661312,0.9022829549483444,nan,nan,0.9,0.007070707070707071
hmc_in_gauss_k2,6,0.01,12,2000,20,fm_warm,1.0,0.000505050505050505,0,21,0.05353535353535355,2,True,0.22142150000036054,-1.0171653517705288,1.0551909792293435,0.9900898839429467,1.0089680545190685,0.9093313994259072,0.9048611827182446,nan,nan,,
hmc_in_gauss_k2,8,0.01,12,2000,20,true_seq,1.0,0.000505050505050505,0,21,0.05707070707070705,0,True,0.04768549999971583,,,,,,,,,,
hmc_in_gauss_k2,8,0.01,12,2000,20,true_nonseq,1.0,0.000505050505050505,0,21,nan,0,True,0.04644137499963108,,,,,,,,,,
hmc_in_gauss_k2,8,0.01,12,2000,20,true_raw,0.0,0.0,0,0,0.06262626262626259,0,True,0.0,,,,,,,,,,
hmc_in_gauss_k2,8,0.01,12,2000,20,clean,0.0,0.0,0,0,0.054545454545454564,1,True,0.03847154200047953,-1.018305634834718,1.05805865708215,0.9913125560218673,1.0097622805567321,0.9075938413652477,0.9028676954297785,nan,nan,,
hmc_in_gauss_k2,8,0.01,12,2000,20,raw,0.0,0.0,0,0,0.0888888888888889,1,True,0.06749362499976996,-0.9205962109030319,1.0437714675276373,1.0085921316439457,1.9636372016595947,0.9148314916748199,0.9227489709000832,nan,nan,,
hmc_in_gauss_k2,8,0.01,12,2000,20,oracle,1.0,0.0,0,20,0.05606060606060603,1,True,0.03861875000075088,-1.0210579977549155,1.0536000475455434,0.9922664164185718,1.0092388304760989,0.907689533678199,0.9026771074686403,nan,nan,,
hmc_in_gauss_k2,8,0.01,12,2000,20,fm,1.0,0.000505050505050505,0,21,0.05606060606060603,3,True,0.26923175000047195,-1.018338126566935,1.0538411410189195,0.986551053417085,1.00908739376651,0.9075499566094037,0.9025654461530896,nan,nan,,
hmc_in_gauss_k2,8,0.01,12,2000,20,fm_hampel,1.0,0.00101010101010101,0,22,0.05606060606060603,2,True,0.1641482499999256,-1.015737141007886,1.0535444830970535,0.9813462137265385,1.0093481516366791,0.907435559827847,0.9025449053972766,nan,nan,1.0,0.00808080808080808
hmc_in_gauss_k2,8,0.01,12,2000,20,fm_warm,1.0,0.000505050505050505,0,21,0.05606060606060603,3,True,0.3000110409993795,-1.012623060978294,1.0550781843821255,0.9905502053199442,1.009935871465489,0.9098989524575094,0.9043926733633073,nan,nan,,
hmc_in_gauss_k2,4,0.05,12,2000,100,true_seq,0.97,0.0005263157894736842,0,98,0.05894736842105264,0,True,0.04768641699956788,,,,,,,,,,
hmc_in_gauss_k2,4,0.05,12,2000,100,true_nonseq,0.97,0.0005263157894736842,0,98,nan,0,True,0.04647954200117965,,,,,,,,,,
hmc_in_gauss_k2,4,0.05,12,2000,100,true_raw,0.0,0.0,0,0,0.0742105263157895,0,True,0.0,,,,,,,,,,
hmc_in_gauss_k2,4,0.05,12,2000,100,clean,0.0,0.0,0,0,0.05526315789473679,1,True,0.037639750000380445,-1.018305634834718,1.05805865708215,0.9913125560218673,1.0097622805567321,0.9075938413652477,0.9028676954297785,nan,nan,,
hmc_in_gauss_k2,4,0.05,12,2000,100,raw,0.0,0.0,0,0,0.09210526315789469,1,True,0.05702229099915712,-0.9931843808690055,1.3295585686524205,0.9870018903381056,1.9245684224709363,0.8756273791564549,0.8978921397269103,nan,nan,,
hmc_in_gauss_k2,4,0.05,12,2000,100,oracle,1.0,0.0,0,100,0.05631578947368421,1,True,0.03889150000031805,-1.0251122912020671,1.0675911740963826,0.9998643063976979,1.0112153332412868,0.9078401363086799,0.902323526661663,nan,nan,,
hmc_in_gauss_k2,4,0.05,12,2000,100,fm,0.95,0.0005263157894736842,0,96,0.057368421052631624,9,True,0.796685332999914,-1.0260734566801397,1.0746283161396653,0.993759124209659,1.0300287064931473,0.9021696819922439,0.898308602462891,nan,nan,,
hmc_in_gauss_k2,4,0.05,12,2000,100,fm_hampel,0.95,0.0005263157894736842,0,96,0.057368421052631624,6,True,0.5083775000002788,-1.0260734566801397,1.0746283161396653,0.993759124209659,1.0300287064931473,0.9021696819922439,0.898308602462891,nan,nan,0.48,0.007894736842105263
hmc_in_gauss_k2,4,0.05,12,2000,100,fm_warm,0.95,0.0005263157894736842,0,96,0.05789473684210522,9,True,0.7461063330010802,-1.0316508461517744,1.0727438149453286,0.9898144382011268,1.0298077718733354,0.9005486893825424,0.8973797575206676,nan,nan,,
hmc_in_gauss_k2,6,0.05,12,2000,100,true_seq,1.0,0.0,0,100,0.057368421052631624,0,True,0.04708633399968676,,,,,,,,,,
hmc_in_gauss_k2,6,0.05,12,2000,100,true_nonseq,1.0,0.0,0,100,nan,0,True,0.04697462500007532,,,,,,,,,,
hmc_in_gauss_k2,6,0.05,12,2000,100,true_raw,0.0,0.0,0,0,0.07578947368421052,0,True,0.0,,,,,,,,,,
hmc_in_gauss_k2,6,0.05,12,2000,100,clean,0.0,0.0,0,0,0.05526315789473679,1,True,0.0388003749994823,-1.018305634834718,1.05805865708215,0.9913125560218673,1.0097622805567321,0.9075938413652477,0.9028676954297785,nan,nan,,
hmc_in_gauss_k2,6,0.05,12,2000,100,raw,0.0,0.0,0,0,0.47842105263157897,1,True,0.2721877090007183,-0.007013527551583958,8.751776363276402,1.439422317537455,1.4858060536501307,0.9478673841411976,1.062933246620966e-12,nan,nan,,
hmc_in_gauss_k2,6,0.05,12,2000,100,oracle,1.0,0.0,0,100,0.0557894736842105,1,True,0.03844787500020175,-1.0133221832554473,1.0445020360871777,0.9921685983972037,1.012970494385563,0.9071841827874347,0.9027272211381955,nan,nan,,
hmc_in_gauss_k2,6,0.05,12,2000,100,fm,0.01,0.0,0,1,0.47842105263157897,2,True,0.635091124999235,-0.007065369117621567,8.713140687340886,1.4393472957461568,1.4470586672612806,0.948378125212585,4.253062390889759e-11,nan,nan,,
hmc_in_gauss_k2,6,0.05,12,2000,100,fm_hampel,1.0,0.0,0,100,0.0557894736842105,3,True,0.258069625000644,-1.0133221832554473,1.0445020360871777,0.9921685983972037,1.012970494385563,0.9071841827874347,0.9027272211381955,nan,nan,0.89,0.006842105263157895
hmc_in_gauss_k2,6,0.05,12,2000,100,fm_warm,0.01,0.0,0,1,0.47842105263157897,2,True,0.3870385829995939,-0.006969905914020805,8.715043966535157,1.43948257033943,1.444291746169926,0.9484013980551395,2.69619239555754e-16,nan,nan,,
hmc_in_gauss_k2,8,0.05,12,2000,100,true_seq,1.0,0.0005263157894736842,0,101,0.056842105263157916,0,True,0.047323667000455316,,,,,,,,,,
hmc_in_gauss_k2,8,0.05,12,2000,100,true_nonseq,1.0,0.0010526315789473684,1,102,nan,0,True,0.04695374999937485,,,,,,,,,,
hmc_in_gauss_k2,8,0.05,12,2000,100,true_raw,0.0,0.0,0,0,0.07105263157894737,0,True,0.0,,,,,,,,,,
hmc_in_gauss_k2,8,0.05,12,2000,100,clean,0.0,0.0,0,0,0.054736842105263195,1,True,0.03820962500140013,-1.018305634834718,1.05805865708215,0.9913125560218673,1.0097622805567321,0.9075938413652477,0.9028676954297785,nan,nan,,
hmc_in_gauss_k2,8,0.05,12,2000,100,raw,0.0,0.0,0,0,0.4789473684210527,1,True,0.1696652090013231,-0.002531997200131186,11.466334070179041,1.4466215542636323,1.3387181372443506,0.9473407117000706,9.438703267253174e-17,nan,nan,,
hmc_in_gauss_k2,8,0.05,12,2000,100,oracle,1.0,0.0,0,100,0.05526315789473679,1,True,0.03870624999944994,-1.0163113406750086,1.0697567079354506,0.994842713848118,1.0111906324251507,0.9065000791606693,0.9017518637704992,nan,nan,,
hmc_in_gauss_k2,8,0.05,12,2000,100,fm,0.01,0.0,0,1,0.4789473684210527,2,True,0.4245035000003554,-0.0025319943479490004,11.433910729650481,1.4466215618461395,1.3058105917767846,0.9478643717756292,2.076250869477161e-16,nan,nan,,
hmc_in_gauss_k2,8,0.05,12,2000,100,fm_hampel,1.0,0.0010526315789473684,0,102,0.054736842105263195,2,True,0.18370866700024635,-1.0107305632736612,1.0697137141367181,0.9835277105074125,1.0113082599452208,0.9062503072516112,0.9016230100580163,nan,nan,0.92,0.00631578947368421
hmc_in_gauss_k2,8,0.05,12,2000,100,fm_warm,0.01,0.0,0,1,0.4789473684210527,2,True,0.28063108300011663,-0.0025319972269564565,11.433910697527448,1.4466215542397878,1.3058106533423182,0.9478640514257158,7.89149729734191e-24,nan,nan,,
hmc_in_gauss_k2,0,0.0,13,2000,0,true_seq,nan,0.0015,0,3,0.05600000000000005,0,True,0.04760433399860631,,,,,,,,,,
hmc_in_gauss_k2,0,0.0,13,2000,0,true_nonseq,nan,0.0015,0,3,nan,0,True,0.0471209169991198,,,,,,,,,,
hmc_in_gauss_k2,0,0.0,13,2000,0,true_raw,nan,0.0,0,0,0.05600000000000005,0,True,0.0,,,,,,,,,,
hmc_in_gauss_k2,0,0.0,13,2000,0,clean,nan,0.0,0,0,0.05500000000000005,1,True,0.03899120800087985,-0.9803857446438505,1.0229015079706052,0.971429519012137,1.0160715520912265,0.8980038691400877,0.9078208091332647,nan,nan,,
hmc_in_gauss_k2,0,0.0,13,2000,0,raw,nan,0.0,0,0,0.05500000000000005,1,True,0.03832695799974317,-0.9803857446438505,1.0229015079706052,0.971429519012137,1.0160715520912265,0.8980038691400877,0.9078208091332647,nan,nan,,
hmc_in_gauss_k2,0,0.0,13,2000,0,oracle,nan,0.0,0,0,0.05500000000000005,1,True,0.037346125000112806,-0.9803857446438505,1.0229015079706052,0.971429519012137,1.0160715520912265,0.8980038691400877,0.9078208091332647,nan,nan,,
hmc_in_gauss_k2,0,0.0,13,2000,0,fm,nan,0.001,0,2,0.05449999999999999,2,True,0.16406287499921746,-0.9752123421804311,1.0227145694976372,0.9645773910121849,1.011269858406609,0.898538623651719,0.9078598053023278,nan,nan,,
hmc_in_gauss_k2,0,0.0,13,2000,0,fm_hampel,nan,0.001,0,2,0.05449999999999999,2,True,0.1671304159990541,-0.9752123421804311,1.0227145694976372,0.9645773910121849,1.011269858406609,0.898538623651719,0.9078598053023278,nan,nan,nan,0.009
hmc_in_gauss_k2,0,0.0,13,2000,0,fm_warm,nan,0.001,0,2,0.05500000000000005,2,True,0.15491308300079254,-0.9756693996641195,1.0208309323064226,0.9647271212805028,1.012537982847416,0.8987868293380024,0.9083079518600575,nan,nan,,
hmc_in_gauss_k2,4,0.01,13,2000,20,true_seq,0.95,0.0015151515151515152,0,22,0.05606060606060603,0,True,0.047800500000448665,,,,,,,,,,
hmc_in_gauss_k2,4,0.01,13,2000,20,true_nonseq,0.95,0.0015151515151515152,0,22,nan,0,True,0.047476042000198504,,,,,,,,,,
hmc_in_gauss_k2,4,0.01,13,2000,20,true_raw,0.0,0.0,0,0,0.06212121212121213,0,True,0.0,,,,,,,,,,
hmc_in_gauss_k2,4,0.01,13,2000,20,clean,0.0,0.0,0,0,0.05555555555555558,1,True,0.0383789590014203,-0.9803857446438505,1.0229015079706052,0.971429519012137,1.0160715520912265,0.8980038691400877,0.9078208091332647,nan,nan,,
hmc_in_gauss_k2,4,0.01,13,2000,20,raw,0.0,0.0,0,0,0.0661616161616162,1,True,0.05798887499986449,-0.9926372808064207,1.0286269727302035,0.9692900488670417,1.2894428077336637,0.8964113185657805,0.9168094170359528,nan,nan,,
hmc_in_gauss_k2,4,0.01,13,2000,20,oracle,1.0,0.0,0,20,0.05606060606060603,1,True,0.039173457998913364,-0.9830947044585063,1.0201955409245567,0.9724221486414764,1.0156135214025275,0.8980958009365537,0.9078760072939653,nan,nan,,
hmc_in_gauss_k2,4,0.01,13,2000,20,fm,0.95,0.00101010101010101,0,21,0.05606060606060603,3,True,0.25859999999920547,-0.9803688225288137,1.0221534340321081,0.9632008130229055,1.0128767569139905,0.8972519117736706,0.9070578632731843,nan,nan,,
hmc_in_gauss_k2,4,0.01,13,2000,20,fm_hampel,0.95,0.00101010101010101,0,21,0.05606060606060603,3,True,0.248640207999415,-0.9803688225288137,1.0221534340321081,0.9632008130229055,1.0128767569139905,0.8972519117736706,0.9070578632731843,nan,nan,0.5,0.00909090909090909
hmc_in_gauss_k2,4,0.01,13,2000,20,fm_warm,0.95,0.00101010101010101,0,21,0.05757575757575761,3,True,0.2804730420011765,-0.9904956296218334,1.0076799058665604,0.9590751631941998,1.0210520265869685,0.8978301102107713,0.9098576922292737,nan,nan,,
hmc_in_gauss_k2,6,0.01,13,2000,20,true_seq,1.0,0.0015151515151515152,0,23,0.05353535353535355,0,True,0.04775100000006205,,,,,,,,,,
hmc_in_gauss_k2,6,0.01,13,2000,20,true_nonseq,1.0,0.0015151515151515152,0,23,nan,0,True,0.04628745800073375,,,,,,,,,,
hmc_in_gauss_k2,6,0.01,13,2000,20,true_raw,0.0,0.0,0,0,0.05757575757575761,0,True,0.0,,,,,,,,,,
hmc_in_gauss_k2,6,0.01,13,2000,20,clean,0.0,0.0,0,0,0.054545454545454564,1,True,0.037453458999152645,-0.9803857446438505,1.0229015079706052,0.971429519012137,1.0160715520912265,0.8980038691400877,0.9078208091332647,nan,nan,,
hmc_in_gauss_k2,6,0.01,13,2000,20,raw,0.0,0.0,0,0,0.06818181818181823,1,True,0.06624499999998079,-0.9849337471681655,1.014674768713764,0.9638215749473509,1.4766031165929394,0.8924040572125388,0.9191230137785805,nan,nan,,
hmc_in_gauss_k2,6,0.01,13,2000,20,oracle,1.0,0.0,0,20,0.05303030303030298,1,True,0.03847808299906319,-0.9845428539175525,1.02714191001856,0.969378838881215,1.0154739287343066,0.8982848963947124,0.9084886377309828,nan,nan,,
hmc_in_gauss_k2,6,0.01,13,2000,20,fm,1.0,0.00101010101010101,0,22,0.05252525252525253,3,True,0.26974520799922175,-0.9792908194355906,1.0269556583115929,0.9624360698678965,1.0106473763817714,0.8988191976314575,0.9085278851272286,nan,nan,,
hmc_in_gauss_k2,6,0.01,13,2000,20,fm_hampel,1.0,0.00101010101010101,0,22,0.05252525252525253,2,True,0.17005799999969895,-0.9792908194355906,1.0269556583115929,0.9624360698678965,1.0106473763817714,0.8988191976314575,0.9085278851272286,nan,nan,0.85,0.00909090909090909
hmc_in_gauss_k2,6,0.01,13,2000,20,fm_warm,1.0,0.00101010101010101,0,22,0.054040404040404,3,True,0.2965847079995001,-0.9869508023493879,1.01594609275467,0.9594080123776524,1.016887291494263,0.899710880530205,0.9110334103508553,nan,nan,,
hmc_in_gauss_k2,8,0.01,13,2000,20,true_seq,1.0,0.0015151515151515152,0,23,0.05606060606060603,0,True,0.04718008300005749,,,,,,,,,,
hmc_in_gauss_k2,8,0.01,13,2000,20,true_nonseq,1.0,0.0015151515151515152,0,23,nan,0,True,0.04614429100001871,,,,,,,,,,
hmc_in_gauss_k2,8,0.01,13,2000,20,true_raw,0.0,0.0,0,0,0.055050505050505016,0,True,0.0,,,,,,,,,,
hmc_in_gauss_k2,8,0.01,13,2000,20,clean,0.0,0.0,0,0,0.054545454545454564,1,True,0.03915670800051885,-0.9803857446438505,1.0229015079706052,0.971429519012137,1.0160715520912265,0.8980038691400877,0.9078208091332647,nan,nan,,
hmc_in_gauss_k2,8,0.01,13,2000,20,raw,0.0,0.0,0,0,0.07727272727272727,1,True,0.05729616700045881,-0.9178730220251088,1.0304811280346202,0.9786541342249152,1.8094198695236519,0.9009558190918227,0.9240456020366615,nan,nan,,
hmc_in_gauss_k2,8,0.01,13,2000,20,oracle,1.0,0.0,0,20,0.05303030303030298,1,True,0.03813799999988987,-0.9764387950520483,1.0262784815910913,0.9784037237337171,1.0116819460256326,0.8991627096644882,0.9081365307230762,nan,nan,,
hmc_in_gauss_k2,8,0.01,13,2000,20,fm,1.0,0.00101010101010101,0,22,0.05353535353535355,3,True,0.2583451669997885,-0.9711946536776562,1.0261141282861757,0.9715148346583488,1.00680315680089,0.8997039208724473,0.9081806907829602,nan,nan,,
hmc_in_gauss_k2,8,0.01,13,2000,20,fm_hampel,1.0,0.00101010101010101,0,22,0.05353535353535355,2,True,0.17172462500093388,-0.9711946536776562,1.0261141282861757,0.9715148346583488,1.00680315680089,0.8997039208724473,0.9081806907829602,nan,nan,0.9,0.008585858585858586
hmc_in_gauss_k2,8,0.01,13,2000,20,fm_warm,1.0,0.00101010101010101,0,22,0.054040404040404,3,True,0.2899115840009472,-0.9693934181807667,1.020136162822552,0.9746058960767263,1.0115401810972364,0.9022370597443102,0.9109052772143545,nan,nan,,
hmc_in_gauss_k2,4,0.05,13,2000,100,true_seq,0.92,0.0015789473684210526,0,95,0.06684210526315792,0,True,0.047752333999596885,,,,,,,,,,
hmc_in_gauss_k2,4,0.05,13,2000,100,true_nonseq,0.92,0.0015789473684210526,0,95,nan,0,True,0.04685720900124579,,,,,,,,,,
hmc_in_gauss_k2,4,0.05,13,2000,100,true_raw,0.0,0.0,0,0,0.07842105263157895,0,True,0.0,,,,,,,,,,
hmc_in_gauss_k2,4,0.05,13,2000,100,clean,0.0,0.0,0,0,0.057368421052631624,1,True,0.0376426660004654,-0.9803857446438505,1.0229015079706052,0.971429519012137,1.0160715520912265,0.8980038691400877,0.9078208091332647,nan,nan,,
hmc_in_gauss_k2,4,0.05,13,2000,100,raw,0.0,0.0,0,0,0.10473684210526313,1,True,0.056929041998955654,-0.9527334444845436,1.2156764704867604,0.9527051225568889,1.8659229506143729,0.857876983119097,0.9063109425929561,nan,nan,,
hmc_in_gauss_k2,4,0.05,13,2000,100,oracle,1.0,0.0,0,100,0.062105263157894774,1,True,0.038534749999598716,-0.9848922126966903,1.0152795530612662,0.9761133746291157,1.0112468566950186,0.8978172861951065,0.9080259558026005,nan,nan,,
hmc_in_gauss_k2,4,0.05,13,2000,100,fm,0.89,0.0010526315789473684,0,91,0.06842105263157894,9,True,0.8532405419991846,-0.9897682850485391,1.0233618664174258,0.9670125848864337,1.0511781971574374,0.8930960415957485,0.9074956929391292,nan,nan,,
hmc_in_gauss_k2,4,0.05,13,2000,100,fm_hampel,0.89,0.0010526315789473684,0,91,0.06842105263157894,8,True,0.7508397910005442,-0.9897682850485391,1.0233618664174258,0.9670125848864337,1.0511781971574374,0.8930960415957485,0.9074956929391292,nan,nan,0.54,0.005789473684210527
hmc_in_gauss_k2,4,0.05,13,2000,100,fm_warm,0.88,0.0010526315789473684,0,90,0.06789473684210523,11,False,0.8762090000000171,-1.013005961672615,0.9939459567161729,0.957507038620348,1.0732947311366896,0.8923466458563128,0.9121113748050262,nan,nan,,
hmc_in_gauss_k2,6,0.05,13,2000,100,true_seq,1.0,0.0015789473684210526,1,103,0.0557894736842105,0,True,0.04815533299915842,,,,,,,,,,
hmc_in_gauss_k2,6,0.05,13,2000,100,true_nonseq,1.0,0.0010526315789473684,0,102,nan,0,True,0.047016333001010935,,,,,,,,,,
hmc_in_gauss_k2,6,0.05,13,2000,100,true_raw,0.0,0.0,0,0,0.0647368421052632,0,True,0.0,,,,,,,,,,
hmc_in_gauss_k2,6,0.05,13,2000,100,clean,0.0,0.0,0,0,0.054736842105263195,1,True,0.03848295799980406,-0.9803857446438505,1.0229015079706052,0.971429519012137,1.0160715520912265,0.8980038691400877,0.9078208091332647,nan,nan,,
hmc_in_gauss_k2,6,0.05,13,2000,100,raw,0.0,0.0,0,0,0.46894736842105267,1,True,0.31761354199989,0.09337236894507243,8.136392723825633,1.4166342513091223,1.2397673320970477,0.9473206971424497,2.1771638474785818e-15,nan,nan,,
hmc_in_gauss_k2,6,0.05,13,2000,100,oracle,1.0,0.0,0,100,0.057368421052631624,1,True,0.039034833000187064,-0.98379967058967,1.0244380009811316,0.9812789650188646,1.0192998636050528,0.8971271202485581,0.9098581067155574,nan,nan,,
hmc_in_gauss_k2,6,0.05,13,2000,100,fm,0.02,0.0005263157894736842,0,3,0.46894736842105267,2,True,0.7412493339998036,0.09588424331296164,8.068592199494269,1.413042324625689,1.1496645493482929,0.948354870627067,1.272351553245195e-14,nan,nan,,
hmc_in_gauss_k2,6,0.05,13,2000,100,fm_hampel,1.0,0.0010526315789473684,1,102,0.056842105263157916,3,True,0.26909154199893237,-0.9794260499179335,1.023181180914277,0.9737597974299399,1.0145363277030743,0.8977070368745694,0.909935085511749,nan,nan,0.83,0.006842105263157895
hmc_in_gauss_k2,6,0.05,13,2000,100,fm_warm,0.02,0.0005263157894736842,0,3,0.46894736842105267,2,True,0.4405242499997257,0.0959047693961265,8.068933645154427,1.4130715767148385,1.1491357000295732,0.9483601112514394,3.2538226145846498e-24,nan,nan,,
hmc_in_gauss_k2,8,0.05,13,2000,100,true_seq,1.0,0.0010526315789473684,0,102,0.05421052631578949,0,True,0.04691958299918042,,,,,,,,,,
hmc_in_gauss_k2,8,0.05,13,2000,100,true_nonseq,1.0,0.0010526315789473684,0,102,nan,0,True,0.047220917000231566,,,,,,,,,,
hmc_in_gauss_k2,8,0.05,13,2000,100,true_raw,0.0,0.0,0,0,0.0742105263157895,0,True,0.0,,,,,,,,,,
hmc_in_gauss_k2,8,0.05,13,2000,100,clean,0.0,0.0,0,0,0.05368421052631578,1,True,0.03796745900035603,-0.9803857446438505,1.0229015079706052,0.971429519012137,1.0160715520912265,0.8980038691400877,0.9078208091332647,nan,nan,,
hmc_in_gauss_k2,8,0.05,13,2000,100,raw,0.0,0.0,0,0,0.4705263157894737,1,True,0.17026129199985007,0.07313059113250366,11.351557776830827,1.4110794383882606,1.4139140031356772,0.9473683560818023,1.122119168851249e-20,nan,nan,,
hmc_in_gauss_k2,8,0.05,13,2000,100,oracle,1.0,0.0,0,100,0.05526315789473679,1,True,0.039230958000189275,-0.9794784321908265,1.0199638308736398,0.9679386955885019,1.0218513851264361,0.9014487122161242,0.9103411666993441,nan,nan,,
hmc_in_gauss_k2,8,0.05,13,2000,100,fm,0.0,0.0,0,0,0.4705263157894737,1,True,0.21685612500004936,0.07313059113250366,11.351557776830827,1.4110794383882606,1.4139140031356772,0.9473683560818023,1.122119168851249e-20,nan,nan,,
hmc_in_gauss_k2,8,0.05,13,2000,100,fm_hampel,1.0,0.0005263157894736842,0,101,0.054736842105263195,3,True,0.25816929199936567,-0.9759055214089137,1.0206633478385334,0.9689552488626089,1.0166754122672412,0.9023274682664058,0.9103693054928937,nan,nan,0.97,0.007894736842105263
hmc_in_gauss_k2,8,0.05,13,2000,100,fm_warm,0.0,0.0,0,0,0.4705263157894737,1,True,0.21497687500050233,0.07313059113250366,11.351557776830827,1.4110794383882606,1.4139140031356772,0.9473683560818023,1.122119168851249e-20,nan,nan,,
hmc_in_gauss_k2,0,0.0,14,2000,0,true_seq,nan,0.0,0,0,0.0695,0,True,0.04790587500065158,,,,,,,,,,
hmc_in_gauss_k2,0,0.0,14,2000,0,true_nonseq,nan,0.0,0,0,nan,0,True,0.04693516600127623,,,,,,,,,,
hmc_in_gauss_k2,0,0.0,14,2000,0,true_raw,nan,0.0,0,0,0.0695,0,True,0.0,,,,,,,,,,
hmc_in_gauss_k2,0,0.0,14,2000,0,clean,nan,0.0,0,0,0.07050000000000001,1,True,0.03783225000006496,-1.029371394860707,0.9954606842600977,1.0002538065142617,0.9912985765339578,0.8953565307199104,0.9022016252368267,nan,nan,,
hmc_in_gauss_k2,0,0.0,14,2000,0,raw,nan,0.0,0,0,0.07050000000000001,1,True,0.03820099999938975,-1.029371394860707,0.9954606842600977,1.0002538065142617,0.9912985765339578,0.8953565307199104,0.9022016252368267,nan,nan,,
hmc_in_gauss_k2,0,0.0,14,2000,0,oracle,nan,0.0,0,0,0.07050000000000001,1,True,0.03824904199973389,-1.029371394860707,0.9954606842600977,1.0002538065142617,0.9912985765339578,0.8953565307199104,0.9022016252368267,nan,nan,,
hmc_in_gauss_k2,0,0.0,14,2000,0,fm,nan,0.0,0,0,0.07050000000000001,1,True,0.08514712499891175,-1.029371394860707,0.9954606842600977,1.0002538065142617,0.9912985765339578,0.8953565307199104,0.9022016252368267,nan,nan,,
hmc_in_gauss_k2,0,0.0,14,2000,0,fm_hampel,nan,0.0,0,0,0.07050000000000001,2,True,0.16311791699990863,-1.029371394860707,0.9954606842600977,1.0002538065142617,0.9912985765339578,0.8953565307199104,0.9022016252368267,nan,nan,nan,0.0115
hmc_in_gauss_k2,0,0.0,14,2000,0,fm_warm,nan,0.0,0,0,0.07050000000000001,1,True,0.08646195799883571,-1.029371394860707,0.9954606842600977,1.0002538065142617,0.9912985765339578,0.8953565307199104,0.9022016252368267,nan,nan,,
hmc_in_gauss_k2,4,0.01,14,2000,20,true_seq,0.9,0.0,0,18,0.06717171717171722,0,True,0.04695683299905795,,,,,,,,,,
hmc_in_gauss_k2,4,0.01,14,2000,20,true_nonseq,0.9,0.0,0,18,nan,0,True,0.046920582999518956,,,,,,,,,,
hmc_in_gauss_k2,4,0.01,14,2000,20,true_raw,0.0,0.0,0,0,0.07020202020202015,0,True,0.0,,,,,,,,,,
hmc_in_gauss_k2,4,0.01,14,2000,20,clean,0.0,0.0,0,0,0.06868686868686869,1,True,0.038280750000922126,-1.029371394860707,0.9954606842600977,1.0002538065142617,0.9912985765339578,0.8953565307199104,0.9022016252368267,nan,nan,,
hmc_in_gauss_k2,4,0.01,14,2000,20,raw,0.0,0.0,0,0,0.07373737373737377,1,True,0.05691624999963096,-1.0396853025143902,1.0068754383090581,0.9955093006503205,1.2347336852631534,0.8899269840307101,0.9078098052389276,nan,nan,,
hmc_in_gauss_k2,4,0.01,14,2000,20,oracle,1.0,0.0,0,20,0.06818181818181823,1,True,0.03837266700065811,-1.0281136159861886,0.9978307364985328,0.9964617379863507,0.993958835014821,0.894691859196284,0.9013907731527391,nan,nan,,
hmc_in_gauss_k2,4,0.01,14,2000,20,fm,0.9,0.0,0,18,0.06767676767676767,3,True,0.25778841600003943,-1.024256273012151,1.0003638967694406,1.0003451303159283,0.9956907950801888,0.8930688608086488,0.8999181447118424,nan,nan,,
hmc_in_gauss_k2,4,0.01,14,2000,20,fm_hampel,0.9,0.0,0,18,0.06767676767676767,2,True,0.1719396249991405,-1.024256273012151,1.0003638967694406,1.0003451303159283,0.9956907950801888,0.8930688608086488,0.8999181447118424,nan,nan,0.6,0.010606060606060607
hmc_in_gauss_k2,4,0.01,14,2000,20,fm_warm,0.9,0.0,0,18,0.06919191919191914,3,True,0.26984983300098975,-1.0400513099658195,0.9865098638721266,0.9918033616679504,1.002771103491458,0.8902257641764318,0.9002265106349119,nan,nan,,
hmc_in_gauss_k2,6,0.01,14,2000,20,true_seq,1.0,0.0,0,20,0.06919191919191914,0,True,0.04702575000010256,,,,,,,,,,
hmc_in_gauss_k2,6,0.01,14,2000,20,true_nonseq,1.0,0.0,0,20,nan,0,True,0.04665550000026997,,,,,,,,,,
hmc_in_gauss_k2,6,0.01,14,2000,20,true_raw,0.0,0.0,0,0,0.0732323232323232,0,True,0.0,,,,,,,,,,
hmc_in_gauss_k2,6,0.01,14,2000,20,clean,0.0,0.0,0,0,0.07070707070707072,1,True,0.03797424999902432,-1.029371394860707,0.9954606842600977,1.0002538065142617,0.9912985765339578,0.8953565307199104,0.9022016252368267,nan,nan,,
hmc_in_gauss_k2,6,0.01,14,2000,20,raw,0.0,0.0,0,0,0.08131313131313134,1,True,0.05727212500096357,-1.0174837458906836,1.0058606705404447,1.0021650824056598,1.4820999604410952,0.8923314748058955,0.9131524542339111,nan,nan,,
hmc_in_gauss_k2,6,0.01,14,2000,20,oracle,1.0,0.0,0,20,0.0696969696969697,1,True,0.03857895799956168,-1.0289980444526325,0.999556768930911,0.997794674199222,0.9925551022421134,0.8951946956579095,0.9020758201531863,nan,nan,,
hmc_in_gauss_k2,6,0.01,14,2000,20,fm,1.0,0.0,0,20,0.0696969696969697,2,True,0.18046479200165777,-1.0289980444526325,0.999556768930911,0.997794674199222,0.9925551022421134,0.8951946956579095,0.9020758201531863,nan,nan,,
hmc_in_gauss_k2,6,0.01,14,2000,20,fm_hampel,1.0,0.0,0,20,0.0696969696969697,3,True,0.24767970900029468,-1.0289980444526325,0.999556768930911,0.997794674199222,0.9925551022421134,0.8951946956579095,0.9020758201531863,nan,nan,0.75,0.011616161616161616
hmc_in_gauss_k2,6,0.01,14,2000,20,fm_warm,1.0,0.0,0,20,0.07171717171717173,2,True,0.21125945799940382,-1.039947666129734,0.9847337592464364,0.9938881091160552,1.000961145437709,0.8958872768812945,0.9051909310083868,nan,nan,,
hmc_in_gauss_k2,8,0.01,14,2000,20,true_seq,1.0,0.0,0,20,0.06868686868686869,0,True,0.04786158299975796,,,,,,,,,,
hmc_in_gauss_k2,8,0.01,14,2000,20,true_nonseq,1.0,0.0,0,20,nan,0,True,0.04616679100035981,,,,,,,,,,
hmc_in_gauss_k2,8,0.01,14,2000,20,true_raw,0.0,0.0,0,0,0.07222222222222219,0,True,0.0,,,,,,,,,,
hmc_in_gauss_k2,8,0.01,14,2000,20,clean,0.0,0.0,0,0,0.07020202020202015,1,True,0.03766270800042548,-1.029371394860707,0.9954606842600977,1.0002538065142617,0.9912985765339578,0.8953565307199104,0.9022016252368267,nan,nan,,
hmc_in_gauss_k2,8,0.01,14,2000,20,raw,0.0,0.0,0,0,0.08484848484848484,1,True,0.056451874999766005,-0.9856339585768672,1.0072041381094858,1.0131050579782905,1.8090253012066448,0.8928809361025754,0.9159220906155542,nan,nan,,
hmc_in_gauss_k2,8,0.01,14,2000,20,oracle,1.0,0.0,0,20,0.06919191919191914,1,True,0.037743416000012076,-1.0274059349930065,0.9992679902335427,0.9983099017647246,0.9907787154895202,0.8957433973976592,0.9019042982128905,nan,nan,,
hmc_in_gauss_k2,8,0.01,14,2000,20,fm,1.0,0.0,0,20,0.06919191919191914,2,True,0.18185204200017324,-1.0274059349930065,0.9992679902335427,0.9983099017647246,0.9907787154895202,0.8957433973976592,0.9019042982128905,nan,nan,,
hmc_in_gauss_k2,8,0.01,14,2000,20,fm_hampel,1.0,0.0,0,20,0.06919191919191914,2,True,0.17116579199864645,-1.0274059349930065,0.9992679902335427,0.9983099017647246,0.9907787154895202,0.8957433973976592,0.9019042982128905,nan,nan,0.95,0.010101010101010102
hmc_in_gauss_k2,8,0.01,14,2000,20,fm_warm,1.0,0.0,0,20,0.07070707070707072,2,True,0.2120610840011068,-1.0371986635041515,0.9818384951670083,0.9961061685402154,1.001338683608447,0.8975410774126853,0.9062021789509462,nan,nan,,
hmc_in_gauss_k2,4,0.05,14,2000,100,true_seq,0.95,0.0,0,95,0.06947368421052635,0,True,0.04717949999940174,,,,,,,,,,
hmc_in_gauss_k2,4,0.05,14,2000,100,true_nonseq,0.95,0.0005263157894736842,0,96,nan,0,True,0.04664933300045959,,,,,,,,,,
hmc_in_gauss_k2,4,0.05,14,2000,100,true_raw,0.0,0.0,0,0,0.0742105263157895,0,True,0.0,,,,,,,,,,
hmc_in_gauss_k2,4,0.05,14,2000,100,clean,0.0,0.0,0,0,0.06789473684210523,1,True,0.03869420799856016,-1.029371394860707,0.9954606842600977,1.0002538065142617,0.9912985765339578,0.8953565307199104,0.9022016252368267,nan,nan,,
hmc_in_gauss_k2,4,0.05,14,2000,100,raw,0.0,0.0,0,0,0.09210526315789469,1,True,0.057165707999956794,-1.0134718059963757,1.244358909144268,0.9949749663097479,1.8773545370125388,0.8608489434444022,0.900165087187428,nan,nan,,
hmc_in_gauss_k2,4,0.05,14,2000,100,oracle,1.0,0.0,0,100,0.06842105263157894,1,True,0.03843845800111012,-1.0453474784681291,1.0086711618468924,0.9976309618573467,0.9875736303094451,0.894728542226047,0.89984439336209,nan,nan,,
hmc_in_gauss_k2,4,0.05,14,2000,100,fm,0.94,0.0,0,94,0.07210526315789478,8,True,0.722662832999049,-1.0505537267733258,1.0148090430179288,0.9947543754463866,1.0147922529507178,0.8912496411823115,0.8989221659232494,nan,nan,,
hmc_in_gauss_k2,4,0.05,14,2000,100,fm_hampel,0.94,0.0,0,94,0.07210526315789478,6,True,0.5228373339996324,-1.0505537267733258,1.0148090430179288,0.9947543754463866,1.0147922529507178,0.8912496411823115,0.8989221659232494,nan,nan,0.55,0.011052631578947368
hmc_in_gauss_k2,4,0.05,14,2000,100,fm_warm,0.94,0.0,0,94,0.06999999999999995,8,True,0.6907539160001761,-1.0693906223632996,1.0015920048174034,0.9838807360049305,1.0198868242112518,0.8874224557430219,0.8985498299167376,nan,nan,,
hmc_in_gauss_k2,6,0.05,14,2000,100,true_seq,1.0,0.0,0,100,0.07052631578947366,0,True,0.0474856250002631,,,,,,,,,,
hmc_in_gauss_k2,6,0.05,14,2000,100,true_nonseq,1.0,0.0005263157894736842,1,101,nan,0,True,0.04650966699955461,,,,,,,,,,
hmc_in_gauss_k2,6,0.05,14,2000,100,true_raw,0.0,0.0,0,0,0.09105263157894739,0,True,0.0,,,,,,,,,,
hmc_in_gauss_k2,6,0.05,14,2000,100,clean,0.0,0.0,0,0,0.07210526315789478,1,True,0.03820495900072274,-1.029371394860707,0.9954606842600977,1.0002538065142617,0.9912985765339578,0.8953565307199104,0.9022016252368267,nan,nan,,
hmc_in_gauss_k2,6,0.05,14,2000,100,raw,0.0,0.0,0,0,0.48736842105263156,1,True,0.27139674999853014,0.025886841148719607,8.433452670495658,1.418967396153435,1.4686831297227192,0.9477160999811846,1.355515279068658e-13,nan,nan,,
hmc_in_gauss_k2,6,0.05,14,2000,100,oracle,1.0,0.0,0,100,0.07105263157894737,1,True,0.03891066700089141,-1.025905483475843,0.99103509445377,0.9980410903359377,0.9911692211046765,0.8948278638330626,0.9016458484484133,nan,nan,,
hmc_in_gauss_k2,6,0.05,14,2000,100,fm,0.01,0.0,0,1,0.48736842105263156,2,True,0.631467208999311,0.025835067090154,8.395756176205307,1.4188792280803357,1.429639537084219,0.9482289482599903,3.455331806713055e-12,nan,nan,,
hmc_in_gauss_k2,6,0.05,14,2000,100,fm_hampel,1.0,0.0,0,100,0.07105263157894737,3,True,0.2586409999985335,-1.025905483475843,0.99103509445377,0.9980410903359377,0.9911692211046765,0.8948278638330626,0.9016458484484133,nan,nan,0.85,0.007368421052631579
hmc_in_gauss_k2,6,0.05,14,2000,100,fm_warm,0.02,0.0,0,2,0.48736842105263156,3,True,0.45350966600017273,0.026151413807346934,8.36630343153633,1.4193647431454643,1.3901135708873127,0.9488236938536975,5.525650677952666e-20,nan,nan,,
hmc_in_gauss_k2,8,0.05,14,2000,100,true_seq,1.0,0.0,0,100,0.06947368421052635,0,True,0.04757387499921606,,,,,,,,,,
hmc_in_gauss_k2,8,0.05,14,2000,100,true_nonseq,1.0,0.0,0,100,nan,0,True,0.04671858399888151,,,,,,,,,,
hmc_in_gauss_k2,8,0.05,14,2000,100,true_raw,0.0,0.0,0,0,0.08105263157894738,0,True,0.0,,,,,,,,,,
hmc_in_gauss_k2,8,0.05,14,2000,100,clean,0.0,0.0,0,0,0.07210526315789478,1,True,0.037047542000436806,-1.029371394860707,0.9954606842600977,1.0002538065142617,0.9912985765339578,0.8953565307199104,0.9022016252368267,nan,nan,,
hmc_in_gauss_k2,8,0.05,14,2000,100,raw,0.0,0.0,0,0,0.498421052631579,1,True,0.14782424999975774,-0.00021484646055494258,11.711500891005915,1.4190602914045127,1.3858987678911387,0.9473407145070433,4.10480511543615e-16,nan,nan,,
hmc_in_gauss_k2,8,0.05,14,2000,100,oracle,1.0,0.0,0,100,0.07157894736842108,1,True,0.03846808299931581,-1.0301984450707342,0.9852522954855425,0.9999836594786503,0.9987591133217381,0.8949762703320364,0.9016182842930331,nan,nan,,
hmc_in_gauss_k2,8,0.05,14,2000,100,fm,0.0,0.0,0,0,0.498421052631579,1,True,0.19695324999884178,-0.00021484646055494258,11.711500891005915,1.4190602914045127,1.3858987678911387,0.9473407145070433,4.10480511543615e-16,nan,nan,,
hmc_in_gauss_k2,8,0.05,14,2000,100,fm_hampel,1.0,0.0,0,100,0.07157894736842108,2,True,0.18671316700056195,-1.0301984450707342,0.9852522954855425,0.9999836594786503,0.9987591133217381,0.8949762703320364,0.9016182842930331,nan,nan,0.95,0.008947368421052631
hmc_in_gauss_k2,8,0.05,14,2000,100,fm_warm,0.0,0.0,0,0,0.498421052631579,1,True,0.19579445800081885,-0.00021484646055494258,11.711500891005915,1.4190602914045127,1.3858987678911387,0.9473407145070433,4.10480511543615e-16,nan,nan,,
hmc_in_gauss_k2,0,0.0,15,2000,0,true_seq,nan,0.002,0,4,0.062000000000000055,0,True,0.04703479199997673,,,,,,,,,,
hmc_in_gauss_k2,0,0.0,15,2000,0,true_nonseq,nan,0.002,0,4,nan,0,True,0.04639441700055613,,,,,,,,,,
hmc_in_gauss_k2,0,0.0,15,2000,0,true_raw,nan,0.0,0,0,0.0615,0,True,0.0,,,,,,,,,,
hmc_in_gauss_k2,0,0.0,15,2000,0,clean,nan,0.0,0,0,0.0635,1,True,0.03790787499929138,-0.9939984038396444,1.0204454603367608,0.9909620413825234,1.034084413174539,0.886125867916978,0.8959242760843465,nan,nan,,
hmc_in_gauss_k2,0,0.0,15,2000,0,raw,nan,0.0,0,0,0.0635,1,True,0.03842741600055888,-0.9939984038396444,1.0204454603367608,0.9909620413825234,1.034084413174539,0.886125867916978,0.8959242760843465,nan,nan,,
hmc_in_gauss_k2,0,0.0,15,2000,0,oracle,nan,0.0,0,0,0.0635,1,True,0.03810812499978056,-0.9939984038396444,1.0204454603367608,0.9909620413825234,1.034084413174539,0.886125867916978,0.8959242760843465,nan,nan,,
hmc_in_gauss_k2,0,0.0,15,2000,0,fm,nan,0.0015,0,3,0.06399999999999995,2,True,0.16429266700106382,-0.9896657610740335,1.0179080456173288,0.980716630682314,1.027275392139124,0.8855693426690388,0.895667271734458,nan,nan,,
hmc_in_gauss_k2,0,0.0,15,2000,0,fm_hampel,nan,0.002,0,4,0.06399999999999995,2,True,0.16305616699901293,-0.9900423607146691,1.0151788841655554,0.9805809417771764,1.0218797173921383,0.8854503426287699,0.8955415116673253,nan,nan,nan,0.007
hmc_in_gauss_k2,0,0.0,15,2000,0,fm_warm,nan,0.0015,0,3,0.06399999999999995,2,True,0.15567312500024855,-0.9909512179361005,1.0157090916272908,0.9804183094618946,1.0284607858253965,0.8844700232149898,0.8950352807744144,nan,nan,,
hmc_in_gauss_k2,4,0.01,15,2000,20,true_seq,1.0,0.00202020202020202,0,24,0.06212121212121213,0,True,0.0465947499997128,,,,,,,,,,
hmc_in_gauss_k2,4,0.01,15,2000,20,true_nonseq,1.0,0.00202020202020202,0,24,nan,0,True,0.0457902500002092,,,,,,,,,,
hmc_in_gauss_k2,4,0.01,15,2000,20,true_raw,0.0,0.0,0,0,0.06666666666666665,0,True,0.0,,,,,,,,,,
hmc_in_gauss_k2,4,0.01,15,2000,20,clean,0.0,0.0,0,0,0.06313131313131315,1,True,0.037030542000138666,-0.9939984038396444,1.0204454603367608,0.9909620413825234,1.034084413174539,0.886125867916978,0.8959242760843465,nan,nan,,
hmc_in_gauss_k2,4,0.01,15,2000,20,raw,0.0,0.0,0,0,0.07373737373737377,1,True,0.0575492909993045,-1.0187991713064442,1.0325459930851673,0.9854144479596798,1.2496383466311045,0.8753683233455516,0.8992707601398794,nan,nan,,
hmc_in_gauss_k2,4,0.01,15,2000,20,oracle,1.0,0.0,0,20,0.06313131313131315,1,True,0.038339665999956196,-0.9966184318341729,1.0257630251391663,0.9925883320880092,1.034778082881342,0.885583040530727,0.895372063194528,nan,nan,,
hmc_in_gauss_k2,4,0.01,15,2000,20,fm,0.9,0.0015151515151515152,0,21,0.06565656565656564,3,True,0.2583007920002274,-0.9956227896465477,1.0224715403348192,0.9812577261303281,1.039846184595228,0.8833719425288287,0.8950489926353968,nan,nan,,
hmc_in_gauss_k2,4,0.01,15,2000,20,fm_hampel,0.9,0.0015151515151515152,0,21,0.06565656565656564,3,True,0.23752429200067127,-0.9956227896465477,1.0224715403348192,0.9812577261303281,1.039846184595228,0.8833719425288287,0.8950489926353968,nan,nan,0.6,0.0065656565656565654
hmc_in_gauss_k2,4,0.01,15,2000,20,fm_warm,0.9,0.0015151515151515152,0,21,0.06818181818181823,3,True,0.26960491700083367,-1.0207987898071071,0.9992048733161578,0.969111106102877,1.0494048484829686,0.8787276711442464,0.8959940966321691,nan,nan,,
hmc_in_gauss_k2,6,0.01,15,2000,20,true_seq,1.0,0.00202020202020202,0,24,0.0636363636363636,0,True,0.04721154199978628,,,,,,,,,,
hmc_in_gauss_k2,6,0.01,15,2000,20,true_nonseq,1.0,0.00202020202020202,0,24,nan,0,True,0.04712779200053774,,,,,,,,,,
hmc_in_gauss_k2,6,0.01,15,2000,20,true_raw,0.0,0.0,0,0,0.06666666666666665,0,True,0.0,,,,,,,,,,
hmc_in_gauss_k2,6,0.01,15,2000,20,clean,0.0,0.0,0,0,0.0636363636363636,1,True,0.037918082998658065,-0.9939984038396444,1.0204454603367608,0.9909620413825234,1.034084413174539,0.886125867916978,0.8959242760843465,nan,nan,,
hmc_in_gauss_k2,6,0.01,15,2000,20,raw,0.0,0.0,0,0,0.08181818181818179,1,True,0.06560391699895263,-0.9743812370606744,0.9879080446724922,0.9958802587514902,1.5754615529775409,0.8795636155440109,0.9091609456744577,nan,nan,,
hmc_in_gauss_k2,6,0.01,15,2000,20,oracle,1.0,0.0,0,20,0.06414141414141417,1,True,0.03819037500034028,-0.9974716463439235,1.013326925241202,0.992910389201838,1.029807812042727,0.8857832646172479,0.8962174498892242,nan,nan,,
hmc_in_gauss_k2,6,0.01,15,2000,20,fm,1.0,0.00202020202020202,0,24,0.06464646464646462,4,True,0.34121308300018427,-0.99344727042778,1.0080825547450682,0.9824147226441309,1.0173884167731535,0.8851065963660504,0.8958281178031957,nan,nan,,
hmc_in_gauss_k2,6,0.01,15,2000,20,fm_hampel,1.0,0.00202020202020202,0,24,0.06464646464646462,2,True,0.16136537500096892,-0.99344727042778,1.0080825547450682,0.9824147226441309,1.0173884167731535,0.8851065963660504,0.8958281178031957,nan,nan,1.0,0.007070707070707071
hmc_in_gauss_k2,6,0.01,15,2000,20,fm_warm,1.0,0.00202020202020202,0,24,0.06515151515151518,4,True,0.3623736669997015,-1.0107907758738863,0.9948846969665202,0.9731299826550786,1.0225047955410316,0.8812409564062693,0.8955348575238751,nan,nan,,
hmc_in_gauss_k2,8,0.01,15,2000,20,true_seq,1.0,0.00202020202020202,0,24,0.06414141414141417,0,True,0.047266125000533066,,,,,,,,,,
hmc_in_gauss_k2,8,0.01,15,2000,20,true_nonseq,1.0,0.00202020202020202,0,24,nan,0,True,0.047439834001124837,,,,,,,,,,
hmc_in_gauss_k2,8,0.01,15,2000,20,true_raw,0.0,0.0,0,0,0.0636363636363636,0,True,0.0,,,,,,,,,,
hmc_in_gauss_k2,8,0.01,15,2000,20,clean,0.0,0.0,0,0,0.0636363636363636,1,True,0.037160917001529015,-0.9939984038396444,1.0204454603367608,0.9909620413825234,1.034084413174539,0.886125867916978,0.8959242760843465,nan,nan,,
hmc_in_gauss_k2,8,0.01,15,2000,20,raw,0.0,0.0,0,0,0.08131313131313134,1,True,0.057467582999379374,-0.9073295814005211,1.0491376598477877,1.0092375493055368,1.8666694744267018,0.8940733600586696,0.9140550643330642,nan,nan,,
hmc_in_gauss_k2,8,0.01,15,2000,20,oracle,1.0,0.0,0,20,0.06414141414141417,1,True,0.0398553750001156,-0.9917970296294094,1.0259949137417879,0.9932533108170151,1.0360240906198301,0.8870752824562744,0.8963432948150364,nan,nan,,
hmc_in_gauss_k2,8,0.01,15,2000,20,fm,1.0,0.0015151515151515152,0,23,0.06515151515151518,3,True,0.25949787499848753,-0.9874288873257361,1.0234243922424486,0.9829668438384693,1.0291510507280934,0.8865126872803734,0.896076980674629,nan,nan,,
hmc_in_gauss_k2,8,0.01,15,2000,20,fm_hampel,1.0,0.0015151515151515152,0,23,0.06515151515151518,2,True,0.1646187500009546,-0.9874288873257361,1.0234243922424486,0.9829668438384693,1.0291510507280934,0.8865126872803734,0.896076980674629,nan,nan,1.0,0.007070707070707071
hmc_in_gauss_k2,8,0.01,15,2000,20,fm_warm,1.0,0.0015151515151515152,0,23,0.06464646464646462,3,True,0.29072954100047355,-0.9945261680689548,1.0112252130142716,0.9812576892457008,1.0357561434283526,0.8857554173400707,0.8974021989511831,nan,nan,,
hmc_in_gauss_k2,4,0.05,15,2000,100,true_seq,0.9,0.002105263157894737,0,94,0.06578947368421051,0,True,0.04790304100060894,,,,,,,,,,
hmc_in_gauss_k2,4,0.05,15,2000,100,true_nonseq,0.89,0.002105263157894737,0,93,nan,0,True,0.04779420799968648,,,,,,,,,,
hmc_in_gauss_k2,4,0.05,15,2000,100,true_raw,0.0,0.0,0,0,0.07578947368421052,0,True,0.0,,,,,,,,,,
hmc_in_gauss_k2,4,0.05,15,2000,100,clean,0.0,0.0,0,0,0.0647368421052632,1,True,0.03850833300020895,-0.9939984038396444,1.0204454603367608,0.9909620413825234,1.034084413174539,0.886125867916978,0.8959242760843465,nan,nan,,
hmc_in_gauss_k2,4,0.05,15,2000,100,raw,0.0,0.0,0,0,0.09368421052631581,1,True,0.05729537499973958,-0.9166420560965616,1.213754543328433,0.9834527419822815,1.8805852376219216,0.8437027145469825,0.8922018048233706,nan,nan,,
hmc_in_gauss_k2,4,0.05,15,2000,100,oracle,1.0,0.0,0,100,0.0642105263157895,1,True,0.039588999999978114,-0.9812233727535682,1.0194511639463981,0.9932226454658492,1.0437903382487426,0.8868237115904801,0.8955441826331042,nan,nan,,
hmc_in_gauss_k2,4,0.05,15,2000,100,fm,0.84,0.0015789473684210526,0,87,0.06999999999999995,10,True,0.9605023750009423,-0.9954841834879231,1.0200656716216834,0.9775938342905758,1.097409048827093,0.8685022030756103,0.8883473087570013,nan,nan,,
hmc_in_gauss_k2,4,0.05,15,2000,100,fm_hampel,0.84,0.0015789473684210526,0,87,0.06999999999999995,8,True,0.7609405839993997,-0.9954841834879231,1.0200656716216834,0.9775938342905758,1.097409048827093,0.8685022030756103,0.8883473087570013,nan,nan,0.45,0.00631578947368421
hmc_in_gauss_k2,4,0.05,15,2000,100,fm_warm,0.83,0.0015789473684210526,0,86,0.07736842105263153,9,True,0.7534943330010719,-1.0382274350843201,0.974169341281452,0.9590938632691359,1.1215632930321595,0.8604762997553995,0.8921611189152465,nan,nan,,
hmc_in_gauss_k2,6,0.05,15,2000,100,true_seq,1.0,0.002105263157894737,0,104,0.0647368421052632,0,True,0.04689779100044689,,,,,,,,,,
hmc_in_gauss_k2,6,0.05,15,2000,100,true_nonseq,1.0,0.002105263157894737,0,104,nan,0,True,0.04660241700003098,,,,,,,,,,
hmc_in_gauss_k2,6,0.05,15,2000,100,true_raw,0.0,0.0,0,0,0.07947368421052636,0,True,0.0,,,,,,,,,,
hmc_in_gauss_k2,6,0.05,15,2000,100,clean,0.0,0.0,0,0,0.06315789473684208,1,True,0.03802687499955937,-0.9939984038396444,1.0204454603367608,0.9909620413825234,1.034084413174539,0.886125867916978,0.8959242760843465,nan,nan,,
hmc_in_gauss_k2,6,0.05,15,2000,100,raw,0.0,0.0,0,0,0.4747368421052631,1,True,0.28744770899902505,0.06916417025264973,8.415633784938732,1.4353402869437955,1.2888480544304792,0.9472895041739887,1.801477304979307e-11,nan,nan,,
hmc_in_gauss_k2,6,0.05,15,2000,100,oracle,1.0,0.0,0,100,0.0642105263157895,1,True,0.03851066700008232,-0.9869322553214751,1.041129739966637,0.9926867494277934,1.037665756604683,0.8909151087699404,0.8991116001853012,nan,nan,,
hmc_in_gauss_k2,6,0.05,15,2000,100,fm,0.0,0.0,0,0,0.4747368421052631,1,True,0.3331283749994327,0.06916417025264973,8.415633784938732,1.4353402869437955,1.2888480544304792,0.9472895041739887,1.801477304979307e-11,nan,nan,,
hmc_in_gauss_k2,6,0.05,15,2000,100,fm_hampel,1.0,0.0015789473684210526,0,103,0.0652631578947368,3,True,0.26081504200010386,-0.9823523691910292,1.0384501752514743,0.9819575752723856,1.03055403800641,0.8902593437605566,0.8987327285167668,nan,nan,0.8,0.005263157894736842
hmc_in_gauss_k2,6,0.05,15,2000,100,fm_warm,0.0,0.0,0,0,0.4747368421052631,1,True,0.3362745000013092,0.06916417025264973,8.415633784938732,1.4353402869437955,1.2888480544304792,0.9472895041739887,1.801477304979307e-11,nan,nan,,
hmc_in_gauss_k2,8,0.05,15,2000,100,true_seq,1.0,0.002105263157894737,1,104,0.0647368421052632,0,True,0.04643845899954613,,,,,,,,,,
hmc_in_gauss_k2,8,0.05,15,2000,100,true_nonseq,1.0,0.002105263157894737,1,104,nan,0,True,0.04576558300141187,,,,,,,,,,
hmc_in_gauss_k2,8,0.05,15,2000,100,true_raw,0.0,0.0,0,0,0.07684210526315793,0,True,0.0,,,,,,,,,,
hmc_in_gauss_k2,8,0.05,15,2000,100,clean,0.0,0.0,0,0,0.0652631578947368,1,True,0.03796445800071524,-0.9939984038396444,1.0204454603367608,0.9909620413825234,1.034084413174539,0.886125867916978,0.8959242760843465,nan,nan,,
hmc_in_gauss_k2,8,0.05,15,2000,100,raw,0.0,0.0,0,0,0.47684210526315784,1,True,0.15872816699993564,0.06523510993838604,11.354642208004018,1.4322231127702179,1.3453196235507565,0.9473407939628775,3.0434247794575593e-10,nan,nan,,
hmc_in_gauss_k2,8,0.05,15,2000,100,oracle,1.0,0.0,0,100,0.06368421052631579,1,True,0.03784812499907275,-0.9774937156756899,1.0346302519434218,0.9956485074682264,1.0421670051211287,0.8858673079516142,0.8939119654027243,nan,nan,,
hmc_in_gauss_k2,8,0.05,15,2000,100,fm,0.0,0.0,0,0,0.47684210526315784,1,True,0.20379170900014287,0.06523510993838604,11.354642208004018,1.4322231127702179,1.3453196235507565,0.9473407939628775,3.0434247794575593e-10,nan,nan,,
hmc_in_gauss_k2,8,0.05,15,2000,100,fm_hampel,1.0,0.0015789473684210526,1,103,0.0642105263157895,2,True,0.1711275419984304,-0.9730038672624199,1.032001404231118,0.9848117288325456,1.0350317878373005,0.8852701281022735,0.8935993124070466,nan,nan,0.98,0.006842105263157895
hmc_in_gauss_k2,8,0.05,15,2000,100,fm_warm,0.0,0.0,0,0,0.47684210526315784,1,True,0.20615424999959941,0.06523510993838604,11.354642208004018,1.4322231127702179,1.3453196235507565,0.9473407939628775,3.0434247794575593e-10,nan,nan,,
hmc_in_gauss_k2,0,0.0,16,2000,0,true_seq,nan,0.0015,0,3,0.05700000000000005,0,True,0.04688962500040361,,,,,,,,,,
hmc_in_gauss_k2,0,0.0,16,2000,0,true_nonseq,nan,0.0015,0,3,nan,0,True,0.04715191600007529,,,,,,,,,,
hmc_in_gauss_k2,0,0.0,16,2000,0,true_raw,nan,0.0,0,0,0.05600000000000005,0,True,0.0,,,,,,,,,,
hmc_in_gauss_k2,0,0.0,16,2000,0,clean,nan,0.0,0,0,0.05600000000000005,1,True,0.03812433299935947,-0.9935649248261791,0.9972966686555782,0.9520983904270504,0.9952838050458332,0.897912578860063,0.909046102147336,nan,nan,,
hmc_in_gauss_k2,0,0.0,16,2000,0,raw,nan,0.0,0,0,0.05600000000000005,1,True,0.038587166998695466,-0.9935649248261791,0.9972966686555782,0.9520983904270504,0.9952838050458332,0.897912578860063,0.909046102147336,nan,nan,,
hmc_in_gauss_k2,0,0.0,16,2000,0,oracle,nan,0.0,0,0,0.05600000000000005,1,True,0.04324937500132364,-0.9935649248261791,0.9972966686555782,0.9520983904270504,0.9952838050458332,0.897912578860063,0.909046102147336,nan,nan,,
hmc_in_gauss_k2,0,0.0,16,2000,0,fm,nan,0.002,0,4,0.05700000000000005,2,True,0.1627360000002227,-0.9877540101249878,0.9917077856746563,0.9425732658786349,0.9856782592476169,0.8982920227685921,0.9093574984081068,nan,nan,,
hmc_in_gauss_k2,0,0.0,16,2000,0,fm_hampel,nan,0.002,0,4,0.05700000000000005,2,True,0.16386700000111887,-0.9877540101249878,0.9917077856746563,0.9425732658786349,0.9856782592476169,0.8982920227685921,0.9093574984081068,nan,nan,nan,0.008
hmc_in_gauss_k2,0,0.0,16,2000,0,fm_warm,nan,0.002,0,4,0.05700000000000005,2,True,0.15349470900036977,-0.9906292968834169,0.98859135138386,0.9410918399626987,0.9873735519023173,0.8981144047707934,0.9097515559877223,nan,nan,,
hmc_in_gauss_k2,4,0.01,16,2000,20,true_seq,0.9,0.0015151515151515152,0,21,0.058080808080808066,0,True,0.04729695900095976,,,,,,,,,,
hmc_in_gauss_k2,4,0.01,16,2000,20,true_nonseq,0.9,0.0015151515151515152,0,21,nan,0,True,0.04690899999877729,,,,,,,,,,
hmc_in_gauss_k2,4,0.01,16,2000,20,true_raw,0.0,0.0,0,0,0.06161616161616157,0,True,0.0,,,,,,,,,,
hmc_in_gauss_k2,4,0.01,16,2000,20,clean,0.0,0.0,0,0,0.05606060606060603,1,True,0.03889487500055111,-0.9935649248261791,0.9972966686555782,0.9520983904270504,0.9952838050458332,0.897912578860063,0.909046102147336,nan,nan,,
hmc_in_gauss_k2,4,0.01,16,2000,20,raw,0.0,0.0,0,0,0.06767676767676767,1,True,0.05685350000021572,-1.015455639779848,1.0007800408253018,0.947540438972123,1.2329684971653991,0.891222419350963,0.9147655222684786,nan,nan,,
hmc_in_gauss_k2,4,0.01,16,2000,20,oracle,1.0,0.0,0,20,0.05555555555555558,1,True,0.03842666700074915,-0.9927094420679097,0.9962714972779829,0.9532591475942153,0.9968237493059038,0.8972770127493794,0.9084900483323649,nan,nan,,
hmc_in_gauss_k2,4,0.01,16,2000,20,fm,0.9,0.00202020202020202,0,22,0.058080808080808066,3,True,0.26734537499942235,-0.9913929993654871,0.9920904727611004,0.9416343213068726,0.9924044551342673,0.8945824246555804,0.9071052139494848,nan,nan,,
hmc_in_gauss_k2,4,0.01,16,2000,20,fm_hampel,0.9,0.00202020202020202,0,22,0.058080808080808066,3,True,0.2482579160005116,-0.9913929993654871,0.9920904727611004,0.9416343213068726,0.9924044551342673,0.8945824246555804,0.9071052139494848,nan,nan,0.7,0.0065656565656565654
hmc_in_gauss_k2,4,0.01,16,2000,20,fm_warm,0.9,0.00202020202020202,0,22,0.05959595959595965,4,True,0.3367977500001871,-1.0069431724750166,0.9760536249853835,0.9335195146251198,1.0006997900487502,0.8935327183113759,0.9091516428243795,nan,nan,,
hmc_in_gauss_k2,6,0.01,16,2000,20,true_seq,1.0,0.0015151515151515152,0,23,0.05707070707070705,0,True,0.04757125000105589,,,,,,,,,,
hmc_in_gauss_k2,6,0.01,16,2000,20,true_nonseq,1.0,0.0015151515151515152,0,23,nan,0,True,0.04634237499885785,,,,,,,,,,
hmc_in_gauss_k2,6,0.01,16,2000,20,true_raw,0.0,0.0,0,0,0.05606060606060603,0,True,0.0,,,,,,,,,,
hmc_in_gauss_k2,6,0.01,16,2000,20,clean,0.0,0.0,0,0,0.05555555555555558,1,True,0.03807299999971292,-0.9935649248261791,0.9972966686555782,0.9520983904270504,0.9952838050458332,0.897912578860063,0.909046102147336,nan,nan,,
hmc_in_gauss_k2,6,0.01,16,2000,20,raw,0.0,0.0,0,0,0.07272727272727275,1,True,0.06647641699964879,-0.9848993536582218,0.9901860052778282,0.9516487962382808,1.5414464612885777,0.9006131597853176,0.9253253955998375,nan,nan,,
hmc_in_gauss_k2,6,0.01,16,2000,20,oracle,1.0,0.0,0,20,0.055050505050505016,1,True,0.038135791999593494,-0.9943231031483138,0.998425231011374,0.9529320309730104,0.9951635302070267,0.8977233320134925,0.9082664038170755,nan,nan,,
hmc_in_gauss_k2,6,0.01,16,2000,20,fm,1.0,0.00202020202020202,0,24,0.0565656565656566,3,True,0.2712560839991056,-0.9885222027157885,0.9927704302239648,0.9433260843715777,0.9854132581853012,0.8980890916509273,0.9085708387048884,nan,nan,,
hmc_in_gauss_k2,6,0.01,16,2000,20,fm_hampel,1.0,0.00202020202020202,0,24,0.0565656565656566,2,True,0.17622462500003166,-0.9885222027157885,0.9927704302239648,0.9433260843715777,0.9854132581853012,0.8980890916509273,0.9085708387048884,nan,nan,0.95,0.0065656565656565654
hmc_in_gauss_k2,6,0.01,16,2000,20,fm_warm,1.0,0.00202020202020202,0,24,0.0565656565656566,3,True,0.28785891700135835,-0.9990832013489941,0.9779540644294886,0.9384899387852559,0.9943501837885852,0.8988279920649622,0.9115717673558381,nan,nan,,
hmc_in_gauss_k2,8,0.01,16,2000,20,true_seq,1.0,0.0015151515151515152,0,23,0.058080808080808066,0,True,0.04706662500029779,,,,,,,,,,
hmc_in_gauss_k2,8,0.01,16,2000,20,true_nonseq,1.0,0.0015151515151515152,0,23,nan,0,True,0.04679358299836167,,,,,,,,,,
hmc_in_gauss_k2,8,0.01,16,2000,20,true_raw,0.0,0.0,0,0,0.0601010101010101,0,True,0.0,,,,,,,,,,
hmc_in_gauss_k2,8,0.01,16,2000,20,clean,0.0,0.0,0,0,0.05606060606060603,1,True,0.0380922919994191,-0.9935649248261791,0.9972966686555782,0.9520983904270504,0.9952838050458332,0.897912578860063,0.909046102147336,nan,nan,,
hmc_in_gauss_k2,8,0.01,16,2000,20,raw,0.0,0.0,0,0,0.07727272727272727,1,True,0.057279374999779975,-0.9676705566439809,1.009768185840632,0.9571606914693629,1.7706709365345508,0.9053880420981951,0.9302645525676266,nan,nan,,
hmc_in_gauss_k2,8,0.01,16,2000,20,oracle,1.0,0.0,0,20,0.05707070707070705,1,True,0.03877641699909873,-0.9965636746388868,1.00227632952482,0.9544424731219213,0.9929852510041465,0.8977623585014873,0.9093662395016502,nan,nan,,
hmc_in_gauss_k2,8,0.01,16,2000,20,fm,1.0,0.00202020202020202,0,24,0.058080808080808066,3,True,0.26022029200066754,-0.9907037396883311,0.9966300628310049,0.9448720944670019,0.983286692199459,0.8981412144535807,0.9096770416678429,nan,nan,,
hmc_in_gauss_k2,8,0.01,16,2000,20,fm_hampel,1.0,0.00202020202020202,0,24,0.058080808080808066,2,True,0.17224899999928311,-0.9907037396883311,0.9966300628310049,0.9448720944670019,0.983286692199459,0.8981412144535807,0.9096770416678429,nan,nan,0.95,0.00808080808080808
hmc_in_gauss_k2,8,0.01,16,2000,20,fm_warm,1.0,0.00202020202020202,0,24,0.058080808080808066,3,True,0.2913100839996332,-0.9981634854045682,0.9858021320194887,0.94181492964319,0.9897635204317661,0.8988103304309986,0.9119446665151616,nan,nan,,
hmc_in_gauss_k2,4,0.05,16,2000,100,true_seq,0.93,0.0010526315789473684,0,95,0.061578947368421066,0,True,0.04678829200020118,,,,,,,,,,
hmc_in_gauss_k2,4,0.05,16,2000,100,true_nonseq,0.93,0.0010526315789473684,0,95,nan,0,True,0.04724254100074177,,,,,,,,,,
hmc_in_gauss_k2,4,0.05,16,2000,100,true_raw,0.0,0.0,0,0,0.07105263157894737,0,True,0.0,,,,,,,,,,
hmc_in_gauss_k2,4,0.05,16,2000,100,clean,0.0,0.0,0,0,0.05789473684210522,1,True,0.037777583000206505,-0.9935649248261791,0.9972966686555782,0.9520983904270504,0.9952838050458332,0.897912578860063,0.909046102147336,nan,nan,,
hmc_in_gauss_k2,4,0.05,16,2000,100,raw,0.0,0.0,0,0,0.08789473684210525,1,True,0.056843083000785555,-0.9566008015936687,1.2323168749062463,0.9485128162705402,1.8484559259878088,0.8667616965711137,0.9079312164196263,nan,nan,,
hmc_in_gauss_k2,4,0.05,16,2000,100,oracle,1.0,0.0,0,100,0.05894736842105264,1,True,0.038467874999696505,-0.9938114320126761,0.992963541528352,0.952057262422051,0.9947531714433646,0.8970182286006988,0.9077424547528719,nan,nan,,
hmc_in_gauss_k2,4,0.05,16,2000,100,fm,0.93,0.0015789473684210526,0,96,0.061578947368421066,8,True,0.728684666000845,-0.9913022632566313,0.9957968663804936,0.94283958644854,1.010111155855727,0.8936682453738528,0.9069638321170769,nan,nan,,
hmc_in_gauss_k2,4,0.05,16,2000,100,fm_hampel,0.93,0.0015789473684210526,0,96,0.061578947368421066,6,True,0.545435959000315,-0.9913022632566313,0.9957968663804936,0.94283958644854,1.010111155855727,0.8936682453738528,0.9069638321170769,nan,nan,0.51,0.006842105263157895
hmc_in_gauss_k2,4,0.05,16,2000,100,fm_warm,0.91,0.0015789473684210526,0,94,0.0642105263157895,8,True,0.6709535419995518,-1.0143841478398243,0.9822867205741135,0.9288869209234264,1.0252170970043017,0.8864533478084394,0.905181796521394,nan,nan,,
hmc_in_gauss_k2,6,0.05,16,2000,100,true_seq,1.0,0.002105263157894737,1,104,0.05631578947368421,0,True,0.047042541998962406,,,,,,,,,,
hmc_in_gauss_k2,6,0.05,16,2000,100,true_nonseq,1.0,0.002105263157894737,1,104,nan,0,True,0.0468847909996839,,,,,,,,,,
hmc_in_gauss_k2,6,0.05,16,2000,100,true_raw,0.0,0.0,0,0,0.06052631578947365,0,True,0.0,,,,,,,,,,
hmc_in_gauss_k2,6,0.05,16,2000,100,clean,0.0,0.0,0,0,0.052631578947368474,1,True,0.03802399999949557,-0.9935649248261791,0.9972966686555782,0.9520983904270504,0.9952838050458332,0.897912578860063,0.909046102147336,nan,nan,,
hmc_in_gauss_k2,6,0.05,16,2000,100,raw,0.0,0.0,0,0,0.47526315789473683,1,True,0.28964420900047116,0.05160715927775711,8.551015758245828,1.3971600726266167,1.292004490699434,0.9473001455645147,2.110418234963372e-15,nan,nan,,
hmc_in_gauss_k2,6,0.05,16,2000,100,oracle,1.0,0.0,0,100,0.0557894736842105,1,True,0.0380496249999851,-1.0068982402887467,0.9900705876451309,0.9599832255959052,0.9961423605523186,0.898334061929197,0.910338265082726,nan,nan,,
hmc_in_gauss_k2,6,0.05,16,2000,100,fm,0.01,0.0,0,1,0.47526315789473683,2,True,0.6696563749992492,0.051628864274601394,8.516749576050238,1.3971889268387832,1.2505732664424107,0.9478292112504334,4.0783067392194184e-14,nan,nan,,
hmc_in_gauss_k2,6,0.05,16,2000,100,fm_hampel,1.0,0.002105263157894737,1,104,0.057368421052631624,3,True,0.26879845800067415,-1.0009443724659024,0.9839312107331736,0.9500727209552162,0.986166441901672,0.8987080329242767,0.9106814639279167,nan,nan,0.79,0.006842105263157895
hmc_in_gauss_k2,6,0.05,16,2000,100,fm_warm,0.01,0.0,0,1,0.47526315789473683,2,True,0.4046671249998326,0.05162711488738538,8.516664600057664,1.3971894707262482,1.2507378194375058,0.9478282256406714,5.7511049303904e-20,nan,nan,,
hmc_in_gauss_k2,8,0.05,16,2000,100,true_seq,1.0,0.0005263157894736842,0,101,0.05421052631578949,0,True,0.04732062499897438,,,,,,,,,,
hmc_in_gauss_k2,8,0.05,16,2000,100,true_nonseq,1.0,0.0005263157894736842,0,101,nan,0,True,0.04676829100026225,,,,,,,,,,
hmc_in_gauss_k2,8,0.05,16,2000,100,true_raw,0.0,0.0,0,0,0.06789473684210523,0,True,0.0,,,,,,,,,,
hmc_in_gauss_k2,8,0.05,16,2000,100,clean,0.0,0.0,0,0,0.054736842105263195,1,True,0.03781433400035894,-0.9935649248261791,0.9972966686555782,0.9520983904270504,0.9952838050458332,0.897912578860063,0.909046102147336,nan,nan,,
hmc_in_gauss_k2,8,0.05,16,2000,100,raw,0.0,0.0,0,0,0.4742105263157895,1,True,0.1594859169999836,0.0572398502454142,11.234866668941091,1.3827154827439414,1.5632400827570394,0.9473407591784322,8.987823684565323e-16,nan,nan,,
hmc_in_gauss_k2,8,0.05,16,2000,100,oracle,1.0,0.0,0,100,0.05421052631578949,1,True,0.03896466599871928,-0.9933357791364765,0.9854217054829089,0.9448098330053535,0.987794947521645,0.8984104099290025,0.9101480298692587,nan,nan,,
hmc_in_gauss_k2,8,0.05,16,2000,100,fm,0.02,0.0,0,2,0.4742105263157895,2,True,0.4061392909989081,0.05724019703066812,11.15002637490184,1.3827161541218542,1.460180111391923,0.9483882635628021,1.4900686529577133e-15,nan,nan,,
hmc_in_gauss_k2,8,0.05,16,2000,100,fm_hampel,1.0,0.0010526315789473684,0,102,0.05421052631578949,3,True,0.272307749999527,-0.9898837007760726,0.9842556897634347,0.9381052801699199,0.9826701044392938,0.8983421851832868,0.9098157531857826,nan,nan,0.92,0.005789473684210527
hmc_in_gauss_k2,8,0.05,16,2000,100,fm_warm,0.02,0.0,0,2,0.4742105263157895,2,True,0.28414287499981583,0.05724020532877734,11.150026499665906,1.3827161735630866,1.4601798935989456,0.9483882702114684,4.4816840524431974e-29,nan,nan,,
hmc_in_gauss_k2,0,0.0,17,2000,0,true_seq,nan,0.0015,0,3,0.050000000000000044,0,True,0.0475567499997851,,,,,,,,,,
hmc_in_gauss_k2,0,0.0,17,2000,0,true_nonseq,nan,0.0015,0,3,nan,0,True,0.04732329100079369,,,,,,,,,,
hmc_in_gauss_k2,0,0.0,17,2000,0,true_raw,nan,0.0,0,0,0.04949999999999999,0,True,0.0,,,,,,,,,,
hmc_in_gauss_k2,0,0.0,17,2000,0,clean,nan,0.0,0,0,0.050000000000000044,1,True,0.038172208000105456,-0.9866350710779749,1.032059086926091,0.9710647988483075,1.0276023799129523,0.9041343695498896,0.8999566691366266,nan,nan,,
hmc_in_gauss_k2,0,0.0,17,2000,0,raw,nan,0.0,0,0,0.050000000000000044,1,True,0.03785612499996205,-0.9866350710779749,1.032059086926091,0.9710647988483075,1.0276023799129523,0.9041343695498896,0.8999566691366266,nan,nan,,
hmc_in_gauss_k2,0,0.0,17,2000,0,oracle,nan,0.0,0,0,0.050000000000000044,1,True,0.03841116700095881,-0.9866350710779749,1.032059086926091,0.9710647988483075,1.0276023799129523,0.9041343695498896,0.8999566691366266,nan,nan,,
hmc_in_gauss_k2,0,0.0,17,2000,0,fm,nan,0.0015,0,3,0.05049999999999999,2,True,0.1631251250000787,-0.9832279182701135,1.0278892977537404,0.9648934092368958,1.0175153831885442,0.9040861378496368,0.8995394280736367,nan,nan,,
hmc_in_gauss_k2,0,0.0,17,2000,0,fm_hampel,nan,0.0015,0,3,0.05049999999999999,2,True,0.1633924580000894,-0.9832279182701135,1.0278892977537404,0.9648934092368958,1.0175153831885442,0.9040861378496368,0.8995394280736367,nan,nan,nan,0.0095
hmc_in_gauss_k2,0,0.0,17,2000,0,fm_warm,nan,0.0015,0,3,0.05049999999999999,2,True,0.15312300000005052,-0.9822572385168262,1.0264183573126002,0.9655123443248665,1.019343647995263,0.9045237487394133,0.9000419736458407,nan,nan,,
hmc_in_gauss_k2,4,0.01,17,2000,20,true_seq,0.85,0.0015151515151515152,0,20,0.0505050505050505,0,True,0.04817541600095865,,,,,,,,,,
hmc_in_gauss_k2,4,0.01,17,2000,20,true_nonseq,0.85,0.0015151515151515152,0,20,nan,0,True,0.04691399999865098,,,,,,,,,,
hmc_in_gauss_k2,4,0.01,17,2000,20,true_raw,0.0,0.0,0,0,0.05303030303030298,0,True,0.0,,,,,,,,,,
hmc_in_gauss_k2,4,0.01,17,2000,20,clean,0.0,0.0,0,0,0.04898989898989903,1,True,0.038385874999221414,-0.9866350710779749,1.032059086926091,0.9710647988483075,1.0276023799129523,0.9041343695498896,0.8999566691366266,nan,nan,,
hmc_in_gauss_k2,4,0.01,17,2000,20,raw,0.0,0.0,0,0,0.0601010101010101,1,True,0.055683000000499305,-0.9926949118463898,1.0384344240329957,0.9728673031910149,1.2654722763726345,0.8981736592287665,0.9049856960640059,nan,nan,,
hmc_in_gauss_k2,4,0.01,17,2000,20,oracle,1.0,0.0,0,20,0.05101010101010106,1,True,0.0390439159982634,-0.9826087893334021,1.033256284950082,0.9734950557026523,1.0280139164259048,0.904542991923684,0.8999254364560338,nan,nan,,
hmc_in_gauss_k2,4,0.01,17,2000,20,fm,0.85,0.0015151515151515152,0,20,0.05303030303030298,3,True,0.2583334169994487,-0.9827262845926787,1.029554484574375,0.9668963185653048,1.0278939724637268,0.9008207367801354,0.8972860185159194,nan,nan,,
hmc_in_gauss_k2,4,0.01,17,2000,20,fm_hampel,0.85,0.0015151515151515152,0,20,0.05303030303030298,3,True,0.2521877500003029,-0.9827262845926787,1.029554484574375,0.9668963185653048,1.0278939724637268,0.9008207367801354,0.8972860185159194,nan,nan,0.5,0.009595959595959595
hmc_in_gauss_k2,4,0.01,17,2000,20,fm_warm,0.85,0.0015151515151515152,0,20,0.05252525252525253,4,True,0.34309550000034506,-0.9865548584670555,1.0213380160242302,0.9651223622274926,1.0333980156542826,0.9011040040719546,0.898797576044688,nan,nan,,
hmc_in_gauss_k2,6,0.01,17,2000,20,true_seq,1.0,0.0015151515151515152,0,23,0.05202020202020197,0,True,0.04751324999961071,,,,,,,,,,
hmc_in_gauss_k2,6,0.01,17,2000,20,true_nonseq,1.0,0.0015151515151515152,0,23,nan,0,True,0.04710545899979479,,,,,,,,,,
hmc_in_gauss_k2,6,0.01,17,2000,20,true_raw,0.0,0.0,0,0,0.05252525252525253,0,True,0.0,,,,,,,,,,
hmc_in_gauss_k2,6,0.01,17,2000,20,clean,0.0,0.0,0,0,0.0505050505050505,1,True,0.03821412499928556,-0.9866350710779749,1.032059086926091,0.9710647988483075,1.0276023799129523,0.9041343695498896,0.8999566691366266,nan,nan,,
hmc_in_gauss_k2,6,0.01,17,2000,20,raw,0.0,0.0,0,0,0.07222222222222219,1,True,0.06664166699920315,-0.9422542966100838,1.0220432262332646,0.9852101480096209,1.5584124911370978,0.9049157771219389,0.9135161664996184,nan,nan,,
hmc_in_gauss_k2,6,0.01,17,2000,20,oracle,1.0,0.0,0,20,0.05252525252525253,1,True,0.039240166999661596,-0.9770000238678873,1.0349119660250272,0.9745382756580097,1.0275807242355786,0.9046374775812802,0.8995228130634476,nan,nan,,
hmc_in_gauss_k2,6,0.01,17,2000,20,fm,1.0,0.0015151515151515152,0,23,0.05202020202020197,3,True,0.26811870799974713,-0.9735795982824598,1.0306970216835099,0.9683136867558365,1.0173501694399574,0.9045892756745336,0.8991025907706997,nan,nan,,
hmc_in_gauss_k2,6,0.01,17,2000,20,fm_hampel,1.0,0.0015151515151515152,0,23,0.05202020202020197,2,True,0.1634399159993336,-0.9735795982824598,1.0306970216835099,0.9683136867558365,1.0173501694399574,0.9045892756745336,0.8991025907706997,nan,nan,0.9,0.008585858585858586
hmc_in_gauss_k2,6,0.01,17,2000,20,fm_warm,1.0,0.0015151515151515152,0,23,0.05303030303030298,3,True,0.28730424999957904,-0.970545278050724,1.0210373392024472,0.9714650039028243,1.0266019766108905,0.907717217260932,0.9030165643622812,nan,nan,,
hmc_in_gauss_k2,8,0.01,17,2000,20,true_seq,1.0,0.0015151515151515152,0,23,0.048484848484848464,0,True,0.0479915420000907,,,,,,,,,,
hmc_in_gauss_k2,8,0.01,17,2000,20,true_nonseq,1.0,0.0015151515151515152,0,23,nan,0,True,0.046875041000021156,,,,,,,,,,
hmc_in_gauss_k2,8,0.01,17,2000,20,true_raw,0.0,0.0,0,0,0.05303030303030298,0,True,0.0,,,,,,,,,,
hmc_in_gauss_k2,8,0.01,17,2000,20,clean,0.0,0.0,0,0,0.04949494949494948,1,True,0.037561791999905836,-0.9866350710779749,1.032059086926091,0.9710647988483075,1.0276023799129523,0.9041343695498896,0.8999566691366266,nan,nan,,
hmc_in_gauss_k2,8,0.01,17,2000,20,raw,0.0,0.0,0,0,0.07878787878787874,1,True,0.06684983299965097,-0.9044116782587852,1.0459507220997877,0.9858740177218279,1.873118919493074,0.9108205526197903,0.9185271830882011,nan,nan,,
hmc_in_gauss_k2,8,0.01,17,2000,20,oracle,1.0,0.0,0,20,0.04949494949494948,1,True,0.03896541699941736,-0.9852708335645424,1.0301515035429922,0.9719438623548385,1.025606996775144,0.9042629552606039,0.9004535160597381,nan,nan,,
hmc_in_gauss_k2,8,0.01,17,2000,20,fm,1.0,0.0015151515151515152,0,23,0.050000000000000044,3,True,0.2684391669990873,-0.9819127377803731,1.0259359397057901,0.9656043457504291,1.0154096167997064,0.9041885561424424,0.9000205736064084,nan,nan,,
hmc_in_gauss_k2,8,0.01,17,2000,20,fm_hampel,1.0,0.0015151515151515152,0,23,0.050000000000000044,2,True,0.17245675000049232,-0.9819127377803731,1.0259359397057901,0.9656043457504291,1.0154096167997064,0.9041885561424424,0.9000205736064084,nan,nan,0.95,0.008585858585858586
hmc_in_gauss_k2,8,0.01,17,2000,20,fm_warm,1.0,0.0015151515151515152,0,23,0.04898989898989903,3,True,0.29543712499980757,-0.9809368644370294,1.017428294375139,0.9671752455103552,1.0230265343723859,0.9065126528426581,0.9031515649853156,nan,nan,,
hmc_in_gauss_k2,4,0.05,17,2000,100,true_seq,0.9,0.0015789473684210526,0,93,0.0557894736842105,0,True,0.04831829199974891,,,,,,,,,,
hmc_in_gauss_k2,4,0.05,17,2000,100,true_nonseq,0.9,0.0015789473684210526,0,93,nan,0,True,0.047110084000451025,,,,,,,,,,
hmc_in_gauss_k2,4,0.05,17,2000,100,true_raw,0.0,0.0,0,0,0.06947368421052635,0,True,0.0,,,,,,,,,,
hmc_in_gauss_k2,4,0.05,17,2000,100,clean,0.0,0.0,0,0,0.050000000000000044,1,True,0.03820429100051115,-0.9866350710779749,1.032059086926091,0.9710647988483075,1.0276023799129523,0.9041343695498896,0.8999566691366266,nan,nan,,
hmc_in_gauss_k2,4,0.05,17,2000,100,raw,0.0,0.0,0,0,0.08631578947368423,1,True,0.0572532920014055,-0.9593147033660944,1.2435096105206258,0.9628262016991805,1.860593560153983,0.8626570932197665,0.8942574697667625,nan,nan,,
hmc_in_gauss_k2,4,0.05,17,2000,100,oracle,1.0,0.0,0,100,0.05421052631578949,1,True,0.038832750000437954,-0.9853400573131794,1.0365818373043996,0.9703415665973462,1.0226290251769672,0.9040072497177158,0.8991519694099395,nan,nan,,
hmc_in_gauss_k2,4,0.05,17,2000,100,fm,0.87,0.0010526315789473684,0,89,0.057368421052631624,9,True,0.8160785840009339,-0.9881336055300733,1.043588258440937,0.9638261778506592,1.0661118597335344,0.8966796219954388,0.8962047645522685,nan,nan,,
hmc_in_gauss_k2,4,0.05,17,2000,100,fm_hampel,0.87,0.0010526315789473684,0,89,0.057368421052631624,6,True,0.5330972920000931,-0.9881336055300733,1.043588258440937,0.9638261778506592,1.0661118597335344,0.8966796219954388,0.8962047645522685,nan,nan,0.57,0.007894736842105263
hmc_in_gauss_k2,4,0.05,17,2000,100,fm_warm,0.87,0.0010526315789473684,0,89,0.06000000000000005,9,True,0.7418552090002777,-1.0000924349971836,1.0278321846526803,0.9571865056398484,1.0742921201187936,0.8945076371295291,0.8969113816591886,nan,nan,,
hmc_in_gauss_k2,6,0.05,17,2000,100,true_seq,1.0,0.0010526315789473684,0,102,0.05421052631578949,0,True,0.04727995799839846,,,,,,,,,,
hmc_in_gauss_k2,6,0.05,17,2000,100,true_nonseq,1.0,0.0005263157894736842,0,101,nan,0,True,0.04576854199876834,,,,,,,,,,
hmc_in_gauss_k2,6,0.05,17,2000,100,true_raw,0.0,0.0,0,0,0.0642105263157895,0,True,0.0,,,,,,,,,,
hmc_in_gauss_k2,6,0.05,17,2000,100,clean,0.0,0.0,0,0,0.050000000000000044,1,True,0.03838166599962278,-0.9866350710779749,1.032059086926091,0.9710647988483075,1.0276023799129523,0.9041343695498896,0.8999566691366266,nan,nan,,
hmc_in_gauss_k2,6,0.05,17,2000,100,raw,0.0,0.0,0,0,0.491578947368421,1,True,0.2870636249990639,0.0005167412905217172,8.659803097710576,1.4264146403628586,1.3027934715928937,0.9481417154501137,8.902364704714266e-10,nan,nan,,
hmc_in_gauss_k2,6,0.05,17,2000,100,oracle,1.0,0.0,0,100,0.054736842105263195,1,True,0.03899904199897719,-0.9896346425693223,1.0438241772096766,0.960176505317128,1.0285887917402028,0.9053564947939191,0.9008096048294059,nan,nan,,
hmc_in_gauss_k2,6,0.05,17,2000,100,fm,0.01,0.0,0,1,0.491578947368421,2,True,0.6695080409990624,0.0004943613768652799,8.628154844127137,1.426374444630181,1.2720691728324232,0.948660600742411,7.0212659982973795e-09,nan,nan,,
hmc_in_gauss_k2,6,0.05,17,2000,100,fm_hampel,1.0,0.0010526315789473684,0,102,0.05526315789473679,3,True,0.25903954100067494,-0.9890566105388698,1.0390549987758713,0.9605764208197983,1.01812258844141,0.9054698424531151,0.9005180766922788,nan,nan,0.85,0.006842105263157895
hmc_in_gauss_k2,6,0.05,17,2000,100,fm_warm,0.01,0.0,0,1,0.491578947368421,2,True,0.40433862499958195,0.000622687507893886,8.629897094220471,1.4265883902475298,1.2698847192575777,0.9486869884718778,1.1160639331119448e-12,nan,nan,,
hmc_in_gauss_k2,8,0.05,17,2000,100,true_seq,1.0,0.0010526315789473684,0,102,0.05526315789473679,0,True,0.047993375001169625,,,,,,,,,,
hmc_in_gauss_k2,8,0.05,17,2000,100,true_nonseq,1.0,0.0015789473684210526,1,103,nan,0,True,0.04807675000120071,,,,,,,,,,
hmc_in_gauss_k2,8,0.05,17,2000,100,true_raw,0.0,0.0,0,0,0.07894736842105265,0,True,0.0,,,,,,,,,,
hmc_in_gauss_k2,8,0.05,17,2000,100,clean,0.0,0.0,0,0,0.05052631578947364,1,True,0.03807891699943866,-0.9866350710779749,1.032059086926091,0.9710647988483075,1.0276023799129523,0.9041343695498896,0.8999566691366266,nan,nan,,
hmc_in_gauss_k2,8,0.05,17,2000,100,raw,0.0,0.0,0,0,0.49684210526315786,1,True,0.15977529199881246,-0.005242487116165099,11.484131204160732,1.4195197154958517,1.4248430864763995,0.9473407010098248,1.311242279191676e-13,nan,nan,,
hmc_in_gauss_k2,8,0.05,17,2000,100,oracle,1.0,0.0,0,100,0.0557894736842105,1,True,0.039242666998688946,-0.9960947119362469,1.0106774703207446,0.9784064766596504,1.029967575086,0.9029071524798028,0.9001752352069627,nan,nan,,
hmc_in_gauss_k2,8,0.05,17,2000,100,fm,0.01,0.0,0,1,0.49684210526315786,2,True,0.4049350420009432,-0.005242463381288828,11.444381471790773,1.4195197499680476,1.3757431107829685,0.9478643578865716,1.4272563142656736e-13,nan,nan,,
hmc_in_gauss_k2,8,0.05,17,2000,100,fm_hampel,1.0,0.0010526315789473684,0,102,0.0557894736842105,3,True,0.2712114580008347,-0.9932613975597373,1.0080092305939026,0.9715346786229501,1.0247246180296248,0.9026719265274629,0.8999155726754099,nan,nan,0.95,0.006842105263157895
hmc_in_gauss_k2,8,0.05,17,2000,100,fm_warm,0.01,0.0,0,1,0.49684210526315786,2,True,0.27444520899916824,-0.005242484387376731,11.44438079624615,1.4195197196195612,1.3757448494652142,0.9478640414037085,6.571439437274192e-20,nan,nan,,
hmc_in_gauss_k2,0,0.0,18,2000,0,true_seq,nan,0.0005,0,1,0.06399999999999995,0,True,0.047556208999594674,,,,,,,,,,
hmc_in_gauss_k2,0,0.0,18,2000,0,true_nonseq,nan,0.0005,0,1,nan,0,True,0.047842750000199885,,,,,,,,,,
hmc_in_gauss_k2,0,0.0,18,2000,0,true_raw,nan,0.0,0,0,0.06399999999999995,0,True,0.0,,,,,,,,,,
hmc_in_gauss_k2,0,0.0,18,2000,0,clean,nan,0.0,0,0,0.06399999999999995,1,True,0.03890095799943083,-0.9442906562772213,1.0026220184518686,1.006827168668563,1.029711676705968,0.8955767793839744,0.9022656865458043,nan,nan,,
hmc_in_gauss_k2,0,0.0,18,2000,0,raw,nan,0.0,0,0,0.06399999999999995,1,True,0.041169750000335625,-0.9442906562772213,1.0026220184518686,1.006827168668563,1.029711676705968,0.8955767793839744,0.9022656865458043,nan,nan,,
hmc_in_gauss_k2,0,0.0,18,2000,0,oracle,nan,0.0,0,0,0.06399999999999995,1,True,0.037426625000080094,-0.9442906562772213,1.0026220184518686,1.006827168668563,1.029711676705968,0.8955767793839744,0.9022656865458043,nan,nan,,
hmc_in_gauss_k2,0,0.0,18,2000,0,fm,nan,0.0,0,0,0.06399999999999995,1,True,0.08594199999970442,-0.9442906562772213,1.0026220184518686,1.006827168668563,1.029711676705968,0.8955767793839744,0.9022656865458043,nan,nan,,
hmc_in_gauss_k2,0,0.0,18,2000,0,fm_hampel,nan,0.0,0,0,0.06399999999999995,2,True,0.16259483300018474,-0.9442906562772213,1.0026220184518686,1.006827168668563,1.029711676705968,0.8955767793839744,0.9022656865458043,nan,nan,nan,0.008
hmc_in_gauss_k2,0,0.0,18,2000,0,fm_warm,nan,0.0,0,0,0.06399999999999995,1,True,0.08567245800077217,-0.9442906562772213,1.0026220184518686,1.006827168668563,1.029711676705968,0.8955767793839744,0.9022656865458043,nan,nan,,
hmc_in_gauss_k2,4,0.01,18,2000,20,true_seq,0.95,0.000505050505050505,0,20,0.06414141414141417,0,True,0.04713554100089823,,,,,,,,,,
hmc_in_gauss_k2,4,0.01,18,2000,20,true_nonseq,0.95,0.000505050505050505,0,20,nan,0,True,0.047576417000527726,,,,,,,,,,
hmc_in_gauss_k2,4,0.01,18,2000,20,true_raw,0.0,0.0,0,0,0.06565656565656564,0,True,0.0,,,,,,,,,,
hmc_in_gauss_k2,4,0.01,18,2000,20,clean,0.0,0.0,0,0,0.06414141414141417,1,True,0.03812520800056518,-0.9442906562772213,1.0026220184518686,1.006827168668563,1.029711676705968,0.8955767793839744,0.9022656865458043,nan,nan,,
hmc_in_gauss_k2,4,0.01,18,2000,20,raw,0.0,0.0,0,0,0.07020202020202015,1,True,0.05656191700109048,-0.9338137863064806,1.0097672964612543,1.0147838969260188,1.3152651269751583,0.8920363754215298,0.9084160802345854,nan,nan,,
hmc_in_gauss_k2,4,0.01,18,2000,20,oracle,1.0,0.0,0,20,0.06464646464646462,1,True,0.038508749999891734,-0.9425453718884402,0.9999440260011333,1.0108336459851865,1.023079771581327,0.8953937798664495,0.9013094026641387,nan,nan,,
hmc_in_gauss_k2,4,0.01,18,2000,20,fm,0.95,0.0,0,19,0.06464646464646462,3,True,0.2583529580006143,-0.943182454115061,1.0003837593824318,1.0111969116238195,1.0269372599175075,0.8938817959361743,0.9003637832863928,nan,nan,,
hmc_in_gauss_k2,4,0.01,18,2000,20,fm_hampel,0.95,0.0,0,19,0.06464646464646462,3,True,0.2587729590013623,-0.943182454115061,1.0003837593824318,1.0111969116238195,1.0269372599175075,0.8938817959361743,0.9003637832863928,nan,nan,0.45,0.00808080808080808
hmc_in_gauss_k2,4,0.01,18,2000,20,fm_warm,0.95,0.0,0,19,0.06515151515151518,3,True,0.27805187499870954,-0.9327897895947785,0.9915203186649435,1.020218819951085,1.0360607860334603,0.8987126023633176,0.9048073425962682,nan,nan,,
hmc_in_gauss_k2,6,0.01,18,2000,20,true_seq,1.0,0.0,0,20,0.06464646464646462,0,True,0.046879292000085115,,,,,,,,,,
hmc_in_gauss_k2,6,0.01,18,2000,20,true_nonseq,1.0,0.0,0,20,nan,0,True,0.04701516699969943,,,,,,,,,,
hmc_in_gauss_k2,6,0.01,18,2000,20,true_raw,0.0,0.0,0,0,0.06414141414141417,0,True,0.0,,,,,,,,,,
hmc_in_gauss_k2,6,0.01,18,2000,20,clean,0.0,0.0,0,0,0.06414141414141417,1,True,0.03843991699977778,-0.9442906562772213,1.0026220184518686,1.006827168668563,1.029711676705968,0.8955767793839744,0.9022656865458043,nan,nan,,
hmc_in_gauss_k2,6,0.01,18,2000,20,raw,0.0,0.0,0,0,0.07828282828282829,1,True,0.06703987500077346,-0.8925628366076941,0.9833346034473297,1.02377966770088,1.5768507567750694,0.8989712429186153,0.918535035270009,nan,nan,,
hmc_in_gauss_k2,6,0.01,18,2000,20,oracle,1.0,0.0,0,20,0.06464646464646462,1,True,0.03890883399981249,-0.9457220347920139,0.9984395184711231,1.0091957249646917,1.0280613976659647,0.8958386559216956,0.9024010733317545,nan,nan,,
hmc_in_gauss_k2,6,0.01,18,2000,20,fm,1.0,0.0,0,20,0.06464646464646462,2,True,0.1909096250001312,-0.9457220347920139,0.9984395184711231,1.0091957249646917,1.0280613976659647,0.8958386559216956,0.9024010733317545,nan,nan,,
hmc_in_gauss_k2,6,0.01,18,2000,20,fm_hampel,1.0,0.0,0,20,0.06464646464646462,2,True,0.17336837500079127,-0.9457220347920139,0.9984395184711231,1.0091957249646917,1.0280613976659647,0.8958386559216956,0.9024010733317545,nan,nan,0.9,0.007575757575757576
hmc_in_gauss_k2,6,0.01,18,2000,20,fm_warm,1.0,0.0,0,20,0.06666666666666665,2,True,0.22108325000044715,-0.9305191719704634,0.9819979065959623,1.023119770594369,1.0437989621774055,0.9049603750283479,0.9111624936859799,nan,nan,,
hmc_in_gauss_k2,8,0.01,18,2000,20,true_seq,1.0,0.000505050505050505,0,21,0.06161616161616157,0,True,0.0466611659994669,,,,,,,,,,
hmc_in_gauss_k2,8,0.01,18,2000,20,true_nonseq,1.0,0.000505050505050505,0,21,nan,0,True,0.04707583299932594,,,,,,,,,,
hmc_in_gauss_k2,8,0.01,18,2000,20,true_raw,0.0,0.0,0,0,0.06666666666666665,0,True,0.0,,,,,,,,,,
hmc_in_gauss_k2,8,0.01,18,2000,20,clean,0.0,0.0,0,0,0.06414141414141417,1,True,0.038202458001251216,-0.9442906562772213,1.0026220184518686,1.006827168668563,1.029711676705968,0.8955767793839744,0.9022656865458043,nan,nan,,
hmc_in_gauss_k2,8,0.01,18,2000,20,raw,0.0,0.0,0,0,0.09040404040404038,1,True,0.06683179199899314,-0.8322978697513369,1.0416155599094232,1.0347523088448283,1.8967593080361869,0.9123568495817908,0.9244551612008313,nan,nan,,
hmc_in_gauss_k2,8,0.01,18,2000,20,oracle,1.0,0.0,0,20,0.06313131313131315,1,True,0.038194208000277285,-0.9484279291711086,1.005665375287343,1.0047257408655235,1.0314575233896282,0.8963297976024406,0.9028255301084522,nan,nan,,
hmc_in_gauss_k2,8,0.01,18,2000,20,fm,1.0,0.0,0,20,0.06313131313131315,2,True,0.190012666000257,-0.9484279291711086,1.005665375287343,1.0047257408655235,1.0314575233896282,0.8963297976024406,0.9028255301084522,nan,nan,,
hmc_in_gauss_k2,8,0.01,18,2000,20,fm_hampel,1.0,0.0,0,20,0.06313131313131315,2,True,0.18291420900095545,-0.9484279291711086,1.005665375287343,1.0047257408655235,1.0314575233896282,0.8963297976024406,0.9028255301084522,nan,nan,0.9,0.007575757575757576
hmc_in_gauss_k2,8,0.01,18,2000,20,fm_warm,1.0,0.0,0,20,0.06515151515151518,2,True,0.23076508300073328,-0.9305132051104876,0.9937652264399186,1.0195698082604552,1.0447682191301653,0.9055502099904187,0.9110145762273132,nan,nan,,
hmc_in_gauss_k2,4,0.05,18,2000,100,true_seq,0.86,0.0005263157894736842,0,87,0.06684210526315792,0,True,0.04717345799872419,,,,,,,,,,
hmc_in_gauss_k2,4,0.05,18,2000,100,true_nonseq,0.86,0.0005263157894736842,0,87,nan,0,True,0.04715366600066773,,,,,,,,,,
hmc_in_gauss_k2,4,0.05,18,2000,100,true_raw,0.0,0.0,0,0,0.07999999999999996,0,True,0.0,,,,,,,,,,
hmc_in_gauss_k2,4,0.05,18,2000,100,clean,0.0,0.0,0,0,0.0642105263157895,1,True,0.03850820800107613,-0.9442906562772213,1.0026220184518686,1.006827168668563,1.029711676705968,0.8955767793839744,0.9022656865458043,nan,nan,,
hmc_in_gauss_k2,4,0.05,18,2000,100,raw,0.0,0.0,0,0,0.09368421052631581,1,True,0.05738966599892592,-0.8564538009255955,1.2130071791979302,1.008633635914977,1.89553784049175,0.8509724816802561,0.8919148309496082,nan,nan,,
hmc_in_gauss_k2,4,0.05,18,2000,100,oracle,1.0,0.0,0,100,0.061578947368421066,1,True,0.03892112499852374,-0.9291301905884068,0.9985551289443977,1.0090026837444666,1.0273198842134312,0.8948284813798999,0.8997969786826685,nan,nan,,
hmc_in_gauss_k2,4,0.05,18,2000,100,fm,0.84,0.0,0,84,0.06789473684210523,10,True,0.9171949160008808,-0.9457532074119817,0.9986283857833846,1.0094391928882234,1.08841316214383,0.8768760166742847,0.8923131580587395,nan,nan,,
hmc_in_gauss_k2,4,0.05,18,2000,100,fm_hampel,0.84,0.0,0,84,0.06789473684210523,8,True,0.7353827089991682,-0.9457532074119817,0.9986283857833846,1.0094391928882234,1.08841316214383,0.8768760166742847,0.8923131580587395,nan,nan,0.58,0.00631578947368421
hmc_in_gauss_k2,4,0.05,18,2000,100,fm_warm,0.8,0.0,0,80,0.07526315789473681,7,True,0.5983493340008863,-0.9577423881431667,0.9614294999524046,1.0067404639038446,1.1398445358527134,0.8778156432225,0.9006404704004936,nan,nan,,
hmc_in_gauss_k2,6,0.05,18,2000,100,true_seq,1.0,0.0005263157894736842,0,101,0.061578947368421066,0,True,0.047087000000828994,,,,,,,,,,
hmc_in_gauss_k2,6,0.05,18,2000,100,true_nonseq,1.0,0.0005263157894736842,0,101,nan,0,True,0.04722179100099311,,,,,,,,,,
hmc_in_gauss_k2,6,0.05,18,2000,100,true_raw,0.0,0.0,0,0,0.07947368421052636,0,True,0.0,,,,,,,,,,
hmc_in_gauss_k2,6,0.05,18,2000,100,clean,0.0,0.0,0,0,0.0642105263157895,1,True,0.037734584000645555,-0.9442906562772213,1.0026220184518686,1.006827168668563,1.029711676705968,0.8955767793839744,0.9022656865458043,nan,nan,,
hmc_in_gauss_k2,6,0.05,18,2000,100,raw,0.0,0.0,0,0,0.47736842105263155,1,True,0.2495764169998438,0.05634062618977388,8.60850042005331,1.4100405015175044,1.388212248812588,0.9473387747303454,1.237435814596977e-13,nan,nan,,
hmc_in_gauss_k2,6,0.05,18,2000,100,oracle,1.0,0.0,0,100,0.06315789473684208,1,True,0.03837841699896671,-0.955012273137023,1.0144012696585762,0.9978580353290948,1.0198679887620106,0.8945769565649038,0.9004903426060356,nan,nan,,
hmc_in_gauss_k2,6,0.05,18,2000,100,fm,0.01,0.0,0,1,0.47736842105263155,2,True,0.5949689160006528,0.056363321033082836,8.57380809490044,1.4100680789615463,1.3491346935714348,0.947868601756531,5.561633475597452e-13,nan,nan,,
hmc_in_gauss_k2,6,0.05,18,2000,100,fm_hampel,1.0,0.0,0,100,0.06315789473684208,2,True,0.19093387499924575,-0.955012273137023,1.0144012696585762,0.9978580353290948,1.0198679887620106,0.8945769565649038,0.9004903426060356,nan,nan,0.83,0.00631578947368421
hmc_in_gauss_k2,6,0.05,18,2000,100,fm_warm,0.01,0.0,0,1,0.47736842105263155,2,True,0.363350999999966,0.05635891051177468,8.573620049106733,1.410067012402979,1.349484405645276,0.9478665968899211,2.2810871499694135e-17,nan,nan,,
hmc_in_gauss_k2,8,0.05,18,2000,100,true_seq,1.0,0.0,0,100,0.0642105263157895,0,True,0.04728020800030208,,,,,,,,,,
hmc_in_gauss_k2,8,0.05,18,2000,100,true_nonseq,1.0,0.0,0,100,nan,0,True,0.04675854200104368,,,,,,,,,,
hmc_in_gauss_k2,8,0.05,18,2000,100,true_raw,0.0,0.0,0,0,0.08157894736842108,0,True,0.0,,,,,,,,,,
hmc_in_gauss_k2,8,0.05,18,2000,100,clean,0.0,0.0,0,0,0.06368421052631579,1,True,0.03808683400166046,-0.9442906562772213,1.0026220184518686,1.006827168668563,1.029711676705968,0.8955767793839744,0.9022656865458043,nan,nan,,
hmc_in_gauss_k2,8,0.05,18,2000,100,raw,0.0,0.0,0,0,0.47631578947368425,1,True,0.15081737499895098,0.049107094553845085,11.563634137495606,1.4020071039916482,1.511089118040346,0.9473409755742335,5.963158698783931e-16,nan,nan,,
hmc_in_gauss_k2,8,0.05,18,2000,100,oracle,1.0,0.0,0,100,0.0647368421052632,1,True,0.03917279199959012,-0.9538946322151381,0.9762496144050126,1.006098686691231,1.0282795030360055,0.8934681719214589,0.9016621625005378,nan,nan,,
hmc_in_gauss_k2,8,0.05,18,2000,100,fm,0.0,0.0,0,0,0.47631578947368425,1,True,0.19623624999985623,0.049107094553845085,11.563634137495606,1.4020071039916482,1.511089118040346,0.9473409755742335,5.963158698783931e-16,nan,nan,,
hmc_in_gauss_k2,8,0.05,18,2000,100,fm_hampel,1.0,0.0,0,100,0.0647368421052632,2,True,0.18321062500035623,-0.9538946322151381,0.9762496144050126,1.006098686691231,1.0282795030360055,0.8934681719214589,0.9016621625005378,nan,nan,0.98,0.005789473684210527
hmc_in_gauss_k2,8,0.05,18,2000,100,fm_warm,0.0,0.0,0,0,0.47631578947368425,1,True,0.19911950000096112,0.049107094553845085,11.563634137495606,1.4020071039916482,1.511089118040346,0.9473409755742335,5.963158698783931e-16,nan,nan,,
hmc_in_gauss_k2,0,0.0,19,2000,0,true_seq,nan,0.0035,0,7,0.05500000000000005,0,True,0.047410541999852285,,,,,,,,,,
hmc_in_gauss_k2,0,0.0,19,2000,0,true_nonseq,nan,0.0035,0,7,nan,0,True,0.04694454099990253,,,,,,,,,,
hmc_in_gauss_k2,0,0.0,19,2000,0,true_raw,nan,0.0,0,0,0.052000000000000046,0,True,0.0,,,,,,,,,,
hmc_in_gauss_k2,0,0.0,19,2000,0,clean,nan,0.0,0,0,0.052000000000000046,1,True,0.02853783299906354,-1.0132455710342687,0.9966293096519759,1.0009075840184065,1.0032619003231578,0.903178769035295,0.89755867126165,nan,nan,,
hmc_in_gauss_k2,0,0.0,19,2000,0,raw,nan,0.0,0,0,0.052000000000000046,1,True,0.028508875000625267,-1.0132455710342687,0.9966293096519759,1.0009075840184065,1.0032619003231578,0.903178769035295,0.89755867126165,nan,nan,,
hmc_in_gauss_k2,0,0.0,19,2000,0,oracle,nan,0.0,0,0,0.052000000000000046,1,True,0.02799799999957031,-1.0132455710342687,0.9966293096519759,1.0009075840184065,1.0032619003231578,0.903178769035295,0.89755867126165,nan,nan,,
hmc_in_gauss_k2,0,0.0,19,2000,0,fm,nan,0.0035,0,7,0.056499999999999995,2,True,0.1528832499989221,-1.0044141608390438,0.9898855866219081,0.9758012479906313,0.982538030555617,0.9027245996458694,0.8971539015341917,nan,nan,,
hmc_in_gauss_k2,0,0.0,19,2000,0,fm_hampel,nan,0.0035,0,7,0.056499999999999995,2,True,0.16238383400013845,-1.0044141608390438,0.9898855866219081,0.9758012479906313,0.982538030555617,0.9027245996458694,0.8971539015341917,nan,nan,nan,0.008
hmc_in_gauss_k2,0,0.0,19,2000,0,fm_warm,nan,0.0035,0,7,0.05600000000000005,2,True,0.1528657500002737,-1.0056507066696523,0.9884444607813634,0.975229333905087,0.9832653694990037,0.9026731337327063,0.8973761935344707,nan,nan,,
hmc_in_gauss_k2,4,0.01,19,2000,20,true_seq,0.8,0.0035353535353535356,0,23,0.05757575757575761,0,True,0.047420042001249385,,,,,,,,,,
hmc_in_gauss_k2,4,0.01,19,2000,20,true_nonseq,0.8,0.0035353535353535356,0,23,nan,0,True,0.04640729199854832,,,,,,,,,,
hmc_in_gauss_k2,4,0.01,19,2000,20,true_raw,0.0,0.0,0,0,0.05303030303030298,0,True,0.0,,,,,,,,,,
hmc_in_gauss_k2,4,0.01,19,2000,20,clean,0.0,0.0,0,0,0.051515151515151514,1,True,0.028994750000492786,-1.0132455710342687,0.9966293096519759,1.0009075840184065,1.0032619003231578,0.903178769035295,0.89755867126165,nan,nan,,
hmc_in_gauss_k2,4,0.01,19,2000,20,raw,0.0,0.0,0,0,0.058080808080808066,1,True,0.05645799999911105,-1.0220936054557472,1.0073352881224298,0.993525348452039,1.214730970713339,0.9004267435512793,0.9056799608228051,nan,nan,,
hmc_in_gauss_k2,4,0.01,19,2000,20,oracle,1.0,0.0,0,20,0.051515151515151514,1,True,0.02818387499974051,-1.0097877989591166,0.9988560768874418,0.9954957257021597,1.001806188648972,0.9034354263274287,0.8987061939948704,nan,nan,,
hmc_in_gauss_k2,4,0.01,19,2000,20,fm,0.8,0.0035353535353535356,0,23,0.05858585858585863,4,True,0.33726525000020047,-1.004212209242148,0.9920030867716925,0.969293102205085,0.9902512293836069,0.9025791846526516,0.8994722295992462,nan,nan,,
hmc_in_gauss_k2,4,0.01,19,2000,20,fm_hampel,0.8,0.0035353535353535356,0,23,0.05858585858585863,3,True,0.24797299999954703,-1.004212209242148,0.9920030867716925,0.969293102205085,0.9902512293836069,0.9025791846526516,0.8994722295992462,nan,nan,0.45,0.007070707070707071
hmc_in_gauss_k2,4,0.01,19,2000,20,fm_warm,0.8,0.0035353535353535356,0,23,0.05858585858585863,4,True,0.3382519999995566,-1.0134055887492335,0.982479974329019,0.9641019646376424,0.9952885210735439,0.9018814044310107,0.9006409138353741,nan,nan,,
hmc_in_gauss_k2,6,0.01,19,2000,20,true_seq,1.0,0.0035353535353535356,0,27,0.05555555555555558,0,True,0.04724437499862688,,,,,,,,,,
hmc_in_gauss_k2,6,0.01,19,2000,20,true_nonseq,1.0,0.0035353535353535356,0,27,nan,0,True,0.047719250000227476,,,,,,,,,,
hmc_in_gauss_k2,6,0.01,19,2000,20,true_raw,0.0,0.0,0,0,0.05757575757575761,0,True,0.0,,,,,,,,,,
hmc_in_gauss_k2,6,0.01,19,2000,20,clean,0.0,0.0,0,0,0.05202020202020197,1,True,0.028730499998346204,-1.0132455710342687,0.9966293096519759,1.0009075840184065,1.0032619003231578,0.903178769035295,0.89755867126165,nan,nan,,
hmc_in_gauss_k2,6,0.01,19,2000,20,raw,0.0,0.0,0,0,0.06565656565656564,1,True,0.06724120899889385,-1.0080724923179918,0.9757090196251492,0.998643492250568,1.5559112914292463,0.9005777063519258,0.9127480673570582,nan,nan,,
hmc_in_gauss_k2,6,0.01,19,2000,20,oracle,1.0,0.0,0,20,0.05303030303030298,1,True,0.02923370799908298,-1.0167643116168306,1.0016945123929868,0.9993764545996473,1.0047272642832734,0.9032145251318849,0.897298513216684,nan,nan,,
hmc_in_gauss_k2,6,0.01,19,2000,20,fm,1.0,0.0035353535353535356,0,27,0.05757575757575761,3,True,0.26619970799947623,-1.0085500845938586,0.9954268509404249,0.9731686120103783,0.9834490442334057,0.9025558873681291,0.8966943314767247,nan,nan,,
hmc_in_gauss_k2,6,0.01,19,2000,20,fm_hampel,1.0,0.0035353535353535356,0,27,0.05757575757575761,3,True,0.23799562500062166,-1.0085500845938586,0.9954268509404249,0.9731686120103783,0.9834490442334057,0.9025558873681291,0.8966943314767247,nan,nan,0.9,0.007575757575757576
hmc_in_gauss_k2,6,0.01,19,2000,20,fm_warm,1.0,0.0035353535353535356,0,27,0.05707070707070705,3,True,0.29573762499967415,-1.0171529894930054,0.9870143747257443,0.9685758645666388,0.9874472275570922,0.9017402213940047,0.8975902386504574,nan,nan,,
hmc_in_gauss_k2,8,0.01,19,2000,20,true_seq,1.0,0.0035353535353535356,0,27,0.054040404040404,0,True,0.04773708299944701,,,,,,,,,,
hmc_in_gauss_k2,8,0.01,19,2000,20,true_nonseq,1.0,0.0035353535353535356,0,27,nan,0,True,0.04722912499892118,,,,,,,,,,
hmc_in_gauss_k2,8,0.01,19,2000,20,true_raw,0.0,0.0,0,0,0.05606060606060603,0,True,0.0,,,,,,,,,,
hmc_in_gauss_k2,8,0.01,19,2000,20,clean,0.0,0.0,0,0,0.051515151515151514,1,True,0.028493458999946597,-1.0132455710342687,0.9966293096519759,1.0009075840184065,1.0032619003231578,0.903178769035295,0.89755867126165,nan,nan,,
hmc_in_gauss_k2,8,0.01,19,2000,20,raw,0.0,0.0,0,0,0.07676767676767682,1,True,0.05711625000003551,-0.9608479412039999,0.9619449563742354,0.9925058877759796,1.8818455485308363,0.8931450242397179,0.9088640525605064,nan,nan,,
hmc_in_gauss_k2,8,0.01,19,2000,20,oracle,1.0,0.0,0,20,0.051515151515151514,1,True,0.028143208000983577,-1.0182769418626574,0.9942573653639565,0.9990414108551977,1.0011186689384373,0.9029112273303306,0.8971262089074634,nan,nan,,
hmc_in_gauss_k2,8,0.01,19,2000,20,fm,1.0,0.0035353535353535356,0,27,0.05555555555555558,3,True,0.2470880839991878,-1.011527968300059,0.9869808871479063,0.9720929219784943,0.9798857637996752,0.9019797478234105,0.8965098344518136,nan,nan,,
hmc_in_gauss_k2,8,0.01,19,2000,20,fm_hampel,1.0,0.0035353535353535356,0,27,0.05555555555555558,2,True,0.16473566700005904,-1.011527968300059,0.9869808871479063,0.9720929219784943,0.9798857637996752,0.9019797478234105,0.8965098344518136,nan,nan,1.0,0.00808080808080808
hmc_in_gauss_k2,8,0.01,19,2000,20,fm_warm,1.0,0.0035353535353535356,0,27,0.055050505050505016,3,True,0.298086290998981,-1.0175396134350938,0.9796219117137328,0.9693905854051589,0.9837223737827169,0.901777024515897,0.8976751446908194,nan,nan,,
hmc_in_gauss_k2,4,0.05,19,2000,100,true_seq,0.93,0.0036842105263157894,2,100,0.061578947368421066,0,True,0.04779445799977111,,,,,,,,,,
hmc_in_gauss_k2,4,0.05,19,2000,100,true_nonseq,0.93,0.004210526315789474,3,101,nan,0,True,0.04727145799915888,,,,,,,,,,
hmc_in_gauss_k2,4,0.05,19,2000,100,true_raw,0.0,0.0,0,0,0.07052631578947366,0,True,0.0,,,,,,,,,,
hmc_in_gauss_k2,4,0.05,19,2000,100,clean,0.0,0.0,0,0,0.05157894736842106,1,True,0.02781620899986592,-1.0132455710342687,0.9966293096519759,1.0009075840184065,1.0032619003231578,0.903178769035295,0.89755867126165,nan,nan,,
hmc_in_gauss_k2,4,0.05,19,2000,100,raw,0.0,0.0,0,0,0.09473684210526312,1,True,0.05672570800015819,-0.9537995565192987,1.1688283662245547,0.9934304343598382,1.8914390210954628,0.8546704116126059,0.8884700560020722,nan,nan,,
hmc_in_gauss_k2,4,0.05,19,2000,100,oracle,1.0,0.0,0,100,0.05526315789473679,1,True,0.029124041000613943,-1.006683534007132,0.9954611852774711,1.009335586673227,0.9981294896329276,0.902626327924906,0.8961206234410422,nan,nan,,
hmc_in_gauss_k2,4,0.05,19,2000,100,fm,0.92,0.0036842105263157894,2,99,0.06315789473684208,11,False,1.0116188330011937,-0.9955926393135376,0.9997170745201613,0.9876338130195236,1.0017014032214433,0.8955692600927069,0.8908589246738541,nan,nan,,
hmc_in_gauss_k2,4,0.05,19,2000,100,fm_hampel,0.93,0.0036842105263157894,2,100,0.06263157894736837,11,True,0.9662209580001218,-0.9959029461268305,0.9972336356896465,0.9873257702861649,0.998206333372942,0.8969758001278335,0.8921152687177926,nan,nan,0.47,0.00631578947368421
hmc_in_gauss_k2,4,0.05,19,2000,100,fm_warm,0.89,0.0036842105263157894,2,96,0.0652631578947368,11,False,0.9169779160001781,-1.0161180147112758,0.9959180204594592,0.9742967773987797,1.0192641151639237,0.8870554554113119,0.8863642396774815,nan,nan,,
hmc_in_gauss_k2,6,0.05,19,2000,100,true_seq,1.0,0.003157894736842105,1,106,0.05526315789473679,0,True,0.04773449999993318,,,,,,,,,,
hmc_in_gauss_k2,6,0.05,19,2000,100,true_nonseq,1.0,0.003157894736842105,1,106,nan,0,True,0.046106709000014234,,,,,,,,,,
hmc_in_gauss_k2,6,0.05,19,2000,100,true_raw,0.0,0.0,0,0,0.06315789473684208,0,True,0.0,,,,,,,,,,
hmc_in_gauss_k2,6,0.05,19,2000,100,clean,0.0,0.0,0,0,0.05157894736842106,1,True,0.028399749999152846,-1.0132455710342687,0.9966293096519759,1.0009075840184065,1.0032619003231578,0.903178769035295,0.89755867126165,nan,nan,,
hmc_in_gauss_k2,6,0.05,19,2000,100,raw,0.0,0.0,0,0,0.47578947368421054,1,True,0.272426749999795,-0.03831416626526512,8.518502104229235,1.4234198091176626,1.3473430645310844,0.9474030948483902,4.79502863137554e-09,nan,nan,,
hmc_in_gauss_k2,6,0.05,19,2000,100,oracle,1.0,0.0,0,100,0.054736842105263195,1,True,0.028782291999959853,-1.0160261937338142,1.0093536154546974,1.0007213759709455,0.9985836344851237,0.9034111621315748,0.8974760489624724,nan,nan,,
hmc_in_gauss_k2,6,0.05,19,2000,100,fm,0.01,0.0005263157894736842,1,2,0.47578947368421054,2,True,0.6297912919999362,-0.035556545393545254,8.473834352640266,1.4196015084030658,1.2646177217410546,0.9479659104321724,6.762791934171273e-08,nan,nan,,
hmc_in_gauss_k2,6,0.05,19,2000,100,fm_hampel,1.0,0.003157894736842105,1,106,0.056842105263157916,3,True,0.2589644159997988,-1.0070016043071335,1.0052073929923724,0.9741492329402872,0.9848323976236287,0.9024807388212959,0.8968126441993227,nan,nan,0.76,0.007894736842105263
hmc_in_gauss_k2,6,0.05,19,2000,100,fm_warm,0.01,0.0005263157894736842,1,2,0.47578947368421054,2,True,0.39610341700063145,-0.035442668563939475,8.475359286884544,1.419790116741833,1.262708492516828,0.9479899048520642,8.314391049141002e-13,nan,nan,,
hmc_in_gauss_k2,8,0.05,19,2000,100,true_seq,1.0,0.0036842105263157894,0,107,0.056842105263157916,0,True,0.04716125000049942,,,,,,,,,,
hmc_in_gauss_k2,8,0.05,19,2000,100,true_nonseq,1.0,0.0036842105263157894,0,107,nan,0,True,0.04662754200035124,,,,,,,,,,
hmc_in_gauss_k2,8,0.05,19,2000,100,true_raw,0.0,0.0,0,0,0.07052631578947366,0,True,0.0,,,,,,,,,,
hmc_in_gauss_k2,8,0.05,19,2000,100,clean,0.0,0.0,0,0,0.05368421052631578,1,True,0.028256333000172162,-1.0132455710342687,0.9966293096519759,1.0009075840184065,1.0032619003231578,0.903178769035295,0.89755867126165,nan,nan,,
hmc_in_gauss_k2,8,0.05,19,2000,100,raw,0.0,0.0,0,0,0.48,1,True,0.1573063750001893,-0.03174931043053947,11.221755958354208,1.415570799310743,1.4773241691921555,0.9473400511337604,5.259530831097778e-10,nan,nan,,
hmc_in_gauss_k2,8,0.05,19,2000,100,oracle,1.0,0.0,0,100,0.05368421052631578,1,True,0.029217749999588705,-1.0045592095427793,0.9978469232551481,0.995275662362605,1.0072762635614598,0.9028837139564763,0.8959470077553043,nan,nan,,
hmc_in_gauss_k2,8,0.05,19,2000,100,fm,0.0,0.0005263157894736842,0,1,0.48,2,True,0.4103443330004666,-0.02916193404575843,11.221771309718074,1.411447571850241,1.477291456745606,0.9473094146772079,1.0560950470081052e-10,nan,nan,,
hmc_in_gauss_k2,8,0.05,19,2000,100,fm_hampel,1.0,0.0036842105263157894,0,107,0.05894736842105264,3,True,0.2612942079995264,-0.9946970773692122,0.9919261277292785,0.9680162887406648,0.9855077509292215,0.902144511587313,0.894956419022057,nan,nan,0.95,0.005263157894736842
hmc_in_gauss_k2,8,0.05,19,2000,100,fm_warm,0.0,0.0005263157894736842,0,1,0.48,2,True,0.272920665998754,-0.02916148814064385,11.221782112607016,1.4114483166090352,1.4772691618751776,0.9473095503003637,2.000523459873742e-14,nan,nan,,
hmc_in_gauss_k2,0,0.0,20,2000,0,true_seq,nan,0.0005,0,1,0.058499999999999996,0,True,0.047915249999277876,,,,,,,,,,
hmc_in_gauss_k2,0,0.0,20,2000,0,true_nonseq,nan,0.0005,0,1,nan,0,True,0.04658229199958441,,,,,,,,,,
hmc_in_gauss_k2,0,0.0,20,2000,0,true_raw,nan,0.0,0,0,0.058499999999999996,0,True,0.0,,,,,,,,,,
hmc_in_gauss_k2,0,0.0,20,2000,0,clean,nan,0.0,0,0,0.0595,1,True,0.03777391699986765,-1.0128939508654264,1.0432064751037906,1.0070321191609841,0.994630287588036,0.9051047608597724,0.9129405215956692,nan,nan,,
hmc_in_gauss_k2,0,0.0,20,2000,0,raw,nan,0.0,0,0,0.0595,1,True,0.03822283299996343,-1.0128939508654264,1.0432064751037906,1.0070321191609841,0.994630287588036,0.9051047608597724,0.9129405215956692,nan,nan,,
hmc_in_gauss_k2,0,0.0,20,2000,0,oracle,nan,0.0,0,0,0.0595,1,True,0.038201540999580175,-1.0128939508654264,1.0432064751037906,1.0070321191609841,0.994630287588036,0.9051047608597724,0.9129405215956692,nan,nan,,
hmc_in_gauss_k2,0,0.0,20,2000,0,fm,nan,0.0005,0,1,0.05900000000000005,2,True,0.16544662499836704,-1.0102695959114911,1.0428741583393715,0.9976354662783603,0.9949000120677324,0.9047923321492368,0.9128515408232581,nan,nan,,
hmc_in_gauss_k2,0,0.0,20,2000,0,fm_hampel,nan,0.0005,0,1,0.05900000000000005,2,True,0.16289920800045365,-1.0102695959114911,1.0428741583393715,0.9976354662783603,0.9949000120677324,0.9047923321492368,0.9128515408232581,nan,nan,nan,0.004
hmc_in_gauss_k2,0,0.0,20,2000,0,fm_warm,nan,0.0005,0,1,0.06000000000000005,2,True,0.1535480419988744,-1.0049050467371015,1.044542794151806,1.0016653456642184,0.9945245597584538,0.9066682506707479,0.9139924981667704,nan,nan,,
hmc_in_gauss_k2,4,0.01,20,2000,20,true_seq,0.85,0.000505050505050505,0,18,0.05909090909090908,0,True,0.04735883399916929,,,,,,,,,,
hmc_in_gauss_k2,4,0.01,20,2000,20,true_nonseq,0.85,0.000505050505050505,0,18,nan,0,True,0.046663625000292086,,,,,,,,,,
hmc_in_gauss_k2,4,0.01,20,2000,20,true_raw,0.0,0.0,0,0,0.06414141414141417,0,True,0.0,,,,,,,,,,
hmc_in_gauss_k2,4,0.01,20,2000,20,clean,0.0,0.0,0,0,0.05909090909090908,1,True,0.037280708998878254,-1.0128939508654264,1.0432064751037906,1.0070321191609841,0.994630287588036,0.9051047608597724,0.9129405215956692,nan,nan,,
hmc_in_gauss_k2,4,0.01,20,2000,20,raw,0.0,0.0,0,0,0.06868686868686869,1,True,0.04685658300149953,-1.036993253432199,1.0636739568932216,1.003199600699588,1.1832978936740304,0.8930120502098696,0.9121946835910918,nan,nan,,
hmc_in_gauss_k2,4,0.01,20,2000,20,oracle,1.0,0.0,0,20,0.05959595959595965,1,True,0.038975540999672376,-1.011716129770592,1.0491090276634454,1.0086884013065394,0.9929896803254606,0.9054110890756512,0.9128405005016382,nan,nan,,
hmc_in_gauss_k2,4,0.01,20,2000,20,fm,0.85,0.000505050505050505,0,18,0.05959595959595965,3,True,0.24667004100047052,-1.0121957408643443,1.04873485293853,1.0000707675324234,1.0034331265054695,0.9010229690064764,0.9104222642448019,nan,nan,,
hmc_in_gauss_k2,4,0.01,20,2000,20,fm_hampel,0.85,0.000505050505050505,0,18,0.05959595959595965,3,True,0.2505684169991582,-1.0121957408643443,1.04873485293853,1.0000707675324234,1.0034331265054695,0.9010229690064764,0.9104222642448019,nan,nan,0.35,0.0035353535353535356
hmc_in_gauss_k2,4,0.01,20,2000,20,fm_warm,0.85,0.000505050505050505,0,18,0.0601010101010101,3,True,0.2606578750001063,-1.0109466351041299,1.0432360089876576,1.002875636713313,1.0076893166227971,0.9036155105453505,0.913158720078435,nan,nan,,
hmc_in_gauss_k2,6,0.01,20,2000,20,true_seq,1.0,0.000505050505050505,0,21,0.058080808080808066,0,True,0.04783083400070609,,,,,,,,,,
hmc_in_gauss_k2,6,0.01,20,2000,20,true_nonseq,1.0,0.000505050505050505,0,21,nan,0,True,0.047565374999976484,,,,,,,,,,
hmc_in_gauss_k2,6,0.01,20,2000,20,true_raw,0.0,0.0,0,0,0.058080808080808066,0,True,0.0,,,,,,,,,,
hmc_in_gauss_k2,6,0.01,20,2000,20,clean,0.0,0.0,0,0,0.05909090909090908,1,True,0.0380822499992064,-1.0128939508654264,1.0432064751037906,1.0070321191609841,0.994630287588036,0.9051047608597724,0.9129405215956692,nan,nan,,
hmc_in_gauss_k2,6,0.01,20,2000,20,raw,0.0,0.0,0,0,0.07626262626262625,1,True,0.0677451249994192,-0.9904832826165144,1.0446826639504354,1.026139811265965,1.5729522613814975,0.9170777093508671,0.9343428657175902,nan,nan,,
hmc_in_gauss_k2,6,0.01,20,2000,20,oracle,1.0,0.0,0,20,0.05909090909090908,1,True,0.038972750000539236,-1.0120233785084158,1.0413794061019572,1.0103516513255815,0.9951499028601036,0.9053887824951872,0.9127054940747515,nan,nan,,
hmc_in_gauss_k2,6,0.01,20,2000,20,fm,1.0,0.000505050505050505,0,21,0.05909090909090908,2,True,0.19081829100105097,-1.0093959791626907,1.041044919455405,1.0009161254508407,0.9954248884092662,0.9050720538972402,0.9126132374420932,nan,nan,,
hmc_in_gauss_k2,6,0.01,20,2000,20,fm_hampel,1.0,0.000505050505050505,0,21,0.05909090909090908,2,True,0.1743233750003128,-1.0093959791626907,1.041044919455405,1.0009161254508407,0.9954248884092662,0.9050720538972402,0.9126132374420932,nan,nan,0.9,0.00404040404040404
hmc_in_gauss_k2,6,0.01,20,2000,20,fm_warm,1.0,0.000505050505050505,0,21,0.06161616161616157,2,True,0.22210708300008264,-0.9946911946351863,1.0308714143515032,1.0158401605868868,1.0057126500220372,0.9140456357064799,0.9206093089563313,nan,nan,,
hmc_in_gauss_k2,8,0.01,20,2000,20,true_seq,1.0,0.000505050505050505,0,21,0.05858585858585863,0,True,0.04694158399979642,,,,,,,,,,
hmc_in_gauss_k2,8,0.01,20,2000,20,true_nonseq,1.0,0.000505050505050505,0,21,nan,0,True,0.047189124999931664,,,,,,,,,,
hmc_in_gauss_k2,8,0.01,20,2000,20,true_raw,0.0,0.0,0,0,0.06414141414141417,0,True,0.0,,,,,,,,,,
hmc_in_gauss_k2,8,0.01,20,2000,20,clean,0.0,0.0,0,0,0.0601010101010101,1,True,0.0387225419999595,-1.0128939508654264,1.0432064751037906,1.0070321191609841,0.994630287588036,0.9051047608597724,0.9129405215956692,nan,nan,,
hmc_in_gauss_k2,8,0.01,20,2000,20,raw,0.0,0.0,0,0,0.08686868686868687,1,True,0.06694283399883716,-0.9686850740970504,1.0342880617276908,1.0258355825912489,1.8091811747927964,0.9117602391140928,0.9335696095719452,nan,nan,,
hmc_in_gauss_k2,8,0.01,20,2000,20,oracle,1.0,0.0,0,20,0.05909090909090908,1,True,0.03841929200098093,-1.0098964129862527,1.0366471230437417,1.0076988403156149,0.9933836389421666,0.9042560776688019,0.9124998658793064,nan,nan,,
hmc_in_gauss_k2,8,0.01,20,2000,20,fm,1.0,0.000505050505050505,0,21,0.05858585858585863,2,True,0.19237837500077148,-1.0072426404018981,1.0363224723903777,0.998139816473144,0.9936562939044506,0.9039399240565436,0.912411569416581,nan,nan,,
hmc_in_gauss_k2,8,0.01,20,2000,20,fm_hampel,1.0,0.000505050505050505,0,21,0.05858585858585863,2,True,0.16294037499937986,-1.0072426404018981,1.0363224723903777,0.998139816473144,0.9936562939044506,0.9039399240565436,0.912411569416581,nan,nan,0.95,0.005050505050505051
hmc_in_gauss_k2,8,0.01,20,2000,20,fm_warm,1.0,0.000505050505050505,0,21,0.06060606060606055,2,True,0.2311704590010777,-0.9938183956236365,1.0300039895828013,1.0107517188361548,1.0009743861143638,0.9114977289592033,0.9187975477937586,nan,nan,,
hmc_in_gauss_k2,4,0.05,20,2000,100,true_seq,0.9,0.0005263157894736842,0,91,0.06368421052631579,0,True,0.04756704200008244,,,,,,,,,,
hmc_in_gauss_k2,4,0.05,20,2000,100,true_nonseq,0.9,0.0010526315789473684,1,92,nan,0,True,0.04691399999865098,,,,,,,,,,
hmc_in_gauss_k2,4,0.05,20,2000,100,true_raw,0.0,0.0,0,0,0.07578947368421052,0,True,0.0,,,,,,,,,,
hmc_in_gauss_k2,4,0.05,20,2000,100,clean,0.0,0.0,0,0,0.06052631578947365,1,True,0.0376020840012643,-1.0128939508654264,1.0432064751037906,1.0070321191609841,0.994630287588036,0.9051047608597724,0.9129405215956692,nan,nan,,
hmc_in_gauss_k2,4,0.05,20,2000,100,raw,0.0,0.0,0,0,0.10999999999999999,1,True,0.06523591599943757,-0.9941652156541896,1.1809176895428948,0.9995103584743489,1.8303473224618343,0.8652697812843867,0.9160962905833824,nan,nan,,
hmc_in_gauss_k2,4,0.05,20,2000,100,oracle,1.0,0.0,0,100,0.061578947368421066,1,True,0.041828082999927574,-1.0091484824463852,1.0424666091807833,1.0096304395256317,0.9932774223443844,0.9045579978907455,0.912353284493959,nan,nan,,
hmc_in_gauss_k2,4,0.05,20,2000,100,fm,0.87,0.0005263157894736842,0,88,0.0642105263157895,7,True,0.6553713330013125,-1.0137286117619368,1.053694573896296,1.0012386047118886,1.0366475947243308,0.8959087630299927,0.9088296965155106,nan,nan,,
hmc_in_gauss_k2,4,0.05,20,2000,100,fm_hampel,0.87,0.0005263157894736842,0,88,0.0642105263157895,6,True,0.5293033340003603,-1.0137286117619368,1.053694573896296,1.0012386047118886,1.0366475947243308,0.8959087630299927,0.9088296965155106,nan,nan,0.53,0.003157894736842105
hmc_in_gauss_k2,4,0.05,20,2000,100,fm_warm,0.87,0.0005263157894736842,0,88,0.06631578947368422,7,True,0.6348621249999269,-1.0287467968146364,1.0404391205757313,0.9932608274648979,1.0430207524227362,0.8937556383715194,0.9094582803835844,nan,nan,,
hmc_in_gauss_k2,6,0.05,20,2000,100,true_seq,1.0,0.0005263157894736842,0,101,0.06315789473684208,0,True,0.047101833999477094,,,,,,,,,,
hmc_in_gauss_k2,6,0.05,20,2000,100,true_nonseq,1.0,0.0005263157894736842,0,101,nan,0,True,0.04899275000025227,,,,,,,,,,
hmc_in_gauss_k2,6,0.05,20,2000,100,true_raw,0.0,0.0,0,0,0.07157894736842108,0,True,0.0,,,,,,,,,,
hmc_in_gauss_k2,6,0.05,20,2000,100,clean,0.0,0.0,0,0,0.06052631578947365,1,True,0.0380173339999601,-1.0128939508654264,1.0432064751037906,1.0070321191609841,0.994630287588036,0.9051047608597724,0.9129405215956692,nan,nan,,
hmc_in_gauss_k2,6,0.05,20,2000,100,raw,0.0,0.0,0,0,0.48526315789473684,1,True,0.31083399999988615,0.06414663962525705,8.599246037634849,1.43348225438884,1.47404858324014,0.9475654695246327,5.240780202573258e-13,nan,nan,,
hmc_in_gauss_k2,6,0.05,20,2000,100,oracle,1.0,0.0,0,100,0.06263157894736837,1,True,0.03835104199970374,-1.004821310697022,1.0392268497267334,1.0017618137469197,1.0042315439295744,0.9041788663606257,0.9134419074885356,nan,nan,,
hmc_in_gauss_k2,6,0.05,20,2000,100,fm,0.0,0.0005263157894736842,0,1,0.48526315789473684,2,True,0.7018871670006774,0.06667418232163692,8.597012472343188,1.4288541055828101,1.4766087573145892,0.947501566839433,1.2259124136685423e-11,nan,nan,,
hmc_in_gauss_k2,6,0.05,20,2000,100,fm_hampel,1.0,0.0005263157894736842,0,101,0.06368421052631579,3,True,0.2643482910007151,-1.0020185943147877,1.0389018654982518,0.9917768189898917,1.0044806272073852,0.9038583570883018,0.9133558216972367,nan,nan,0.88,0.0036842105263157894
hmc_in_gauss_k2,6,0.05,20,2000,100,fm_warm,0.0,0.0005263157894736842,0,1,0.48526315789473684,2,True,0.42786675000024843,0.06691253276370573,8.600542590656776,1.4292345607722374,1.4725566680659623,0.9475540192393476,1.6575169228747113e-16,nan,nan,,
hmc_in_gauss_k2,8,0.05,20,2000,100,true_seq,1.0,0.0005263157894736842,0,101,0.056842105263157916,0,True,0.0474587499993504,,,,,,,,,,
hmc_in_gauss_k2,8,0.05,20,2000,100,true_nonseq,1.0,0.0005263157894736842,0,101,nan,0,True,0.046506541000781,,,,,,,,,,
hmc_in_gauss_k2,8,0.05,20,2000,100,true_raw,0.0,0.0,0,0,0.06894736842105265,0,True,0.0,,,,,,,,,,
hmc_in_gauss_k2,8,0.05,20,2000,100,clean,0.0,0.0,0,0,0.05894736842105264,1,True,0.0389999999988504,-1.0128939508654264,1.0432064751037906,1.0070321191609841,0.994630287588036,0.9051047608597724,0.9129405215956692,nan,nan,,
hmc_in_gauss_k2,8,0.05,20,2000,100,raw,0.0,0.0,0,0,0.4836842105263158,1,True,0.15984383399882063,0.06594517664924926,11.398306507823705,1.4332436518968423,1.4404312054951283,0.9473407051076778,8.771312679189968e-15,nan,nan,,
hmc_in_gauss_k2,8,0.05,20,2000,100,oracle,1.0,0.0,0,100,0.056842105263157916,1,True,0.03878033399996639,-1.0008052397432041,1.0462720163060577,1.011527448089799,0.9974239484403953,0.9048727708137891,0.9124731501714595,nan,nan,,
hmc_in_gauss_k2,8,0.05,20,2000,100,fm,0.0,0.0005263157894736842,0,1,0.4836842105263158,2,True,0.41211504099919694,0.06862551956175479,11.398306497329493,1.428852329662796,1.440431198206627,0.9473099616588029,5.084960299636589e-16,nan,nan,,
hmc_in_gauss_k2,8,0.05,20,2000,100,fm_hampel,1.0,0.0005263157894736842,0,101,0.056842105263157916,2,True,0.17420658400078537,-0.9980866670983459,1.0459505250317034,1.0015631197363202,0.9976963192964137,0.904541347799392,0.9123768025952251,nan,nan,0.97,0.004210526315789474
hmc_in_gauss_k2,8,0.05,20,2000,100,fm_warm,0.0,0.0005263157894736842,0,1,0.4836842105263158,2,True,0.27485312499993597,0.06862552292959324,11.398306525458976,1.4288523391267576,1.4404311609178424,0.9473099814377657,2.4020295819571317e-21,nan,nan,,
hmc_in_gauss_k2,0,0.0,21,2000,0,true_seq,nan,0.0015,0,3,0.05900000000000005,0,True,0.04700374999993073,,,,,,,,,,
hmc_in_gauss_k2,0,0.0,21,2000,0,true_nonseq,nan,0.0015,0,3,nan,0,True,0.04634554199947161,,,,,,,,,,
hmc_in_gauss_k2,0,0.0,21,2000,0,true_raw,nan,0.0,0,0,0.05900000000000005,0,True,0.0,,,,,,,,,,
hmc_in_gauss_k2,0,0.0,21,2000,0,clean,nan,0.0,0,0,0.061000000000000054,1,True,0.037870666001253994,-1.0151960655677412,0.9790779074653154,0.9567856024772843,1.001602987769302,0.9132245883195453,0.9031339985588579,nan,nan,,
hmc_in_gauss_k2,0,0.0,21,2000,0,raw,nan,0.0,0,0,0.061000000000000054,1,True,0.03779670800031454,-1.0151960655677412,0.9790779074653154,0.9567856024772843,1.001602987769302,0.9132245883195453,0.9031339985588579,nan,nan,,
hmc_in_gauss_k2,0,0.0,21,2000,0,oracle,nan,0.0,0,0,0.061000000000000054,1,True,0.03779979200044181,-1.0151960655677412,0.9790779074653154,0.9567856024772843,1.001602987769302,0.9132245883195453,0.9031339985588579,nan,nan,,
hmc_in_gauss_k2,0,0.0,21,2000,0,fm,nan,0.0015,0,3,0.0605,2,True,0.16294058400126232,-1.01107028907633,0.9763349852379251,0.949947219893802,0.9949163755182778,0.9129268707436737,0.9029927718059496,nan,nan,,
hmc_in_gauss_k2,0,0.0,21,2000,0,fm_hampel,nan,0.0015,0,3,0.0605,2,True,0.16884254199976567,-1.01107028907633,0.9763349852379251,0.949947219893802,0.9949163755182778,0.9129268707436737,0.9029927718059496,nan,nan,nan,0.0125
hmc_in_gauss_k2,0,0.0,21,2000,0,fm_warm,nan,0.0015,0,3,0.0615,2,True,0.15228020799986552,-1.0146563103615187,0.9702219265219687,0.9487045442039421,0.9981241529232873,0.9134396063139775,0.9044904433779355,nan,nan,,
hmc_in_gauss_k2,4,0.01,21,2000,20,true_seq,0.95,0.0015151515151515152,0,22,0.05909090909090908,0,True,0.04746533300021838,,,,,,,,,,
hmc_in_gauss_k2,4,0.01,21,2000,20,true_nonseq,0.95,0.0015151515151515152,0,22,nan,0,True,0.047397708000062266,,,,,,,,,,
hmc_in_gauss_k2,4,0.01,21,2000,20,true_raw,0.0,0.0,0,0,0.061111111111111116,0,True,0.0,,,,,,,,,,
hmc_in_gauss_k2,4,0.01,21,2000,20,clean,0.0,0.0,0,0,0.06060606060606055,1,True,0.038496916999065434,-1.0151960655677412,0.9790779074653154,0.9567856024772843,1.001602987769302,0.9132245883195453,0.9031339985588579,nan,nan,,
hmc_in_gauss_k2,4,0.01,21,2000,20,raw,0.0,0.0,0,0,0.06868686868686869,1,True,0.05711187499946391,-1.0308738353203075,0.9929226682404018,0.9556650098980629,1.2843204456678783,0.9120180897287995,0.9123617146430674,nan,nan,,
hmc_in_gauss_k2,4,0.01,21,2000,20,oracle,1.0,0.0,0,20,0.0601010101010101,1,True,0.03816108299906773,-1.0177134332694102,0.9779758322541411,0.9568214250582691,1.0019267039207709,0.9130667161442823,0.9029392902453331,nan,nan,,
hmc_in_gauss_k2,4,0.01,21,2000,20,fm,0.95,0.0015151515151515152,0,22,0.06161616161616157,4,True,0.35761216600076295,-1.0158835934220045,0.9744688431350746,0.9485141669217129,0.9998098004322343,0.9120597031849474,0.9027149456850735,nan,nan,,
hmc_in_gauss_k2,4,0.01,21,2000,20,fm_hampel,0.95,0.0015151515151515152,0,22,0.06161616161616157,3,True,0.2694659999997384,-1.0158835934220045,0.9744688431350746,0.9485141669217129,0.9998098004322343,0.9120597031849474,0.9027149456850735,nan,nan,0.6,0.011616161616161616
hmc_in_gauss_k2,4,0.01,21,2000,20,fm_warm,0.95,0.0015151515151515152,0,22,0.06262626262626259,4,True,0.34504125000057684,-1.0299898420188776,0.9535136909260048,0.942562994498124,1.010340914543841,0.9122178441014867,0.9062307431483559,nan,nan,,
hmc_in_gauss_k2,6,0.01,21,2000,20,true_seq,1.0,0.0015151515151515152,0,23,0.05909090909090908,0,True,0.046226292000937974,,,,,,,,,,
hmc_in_gauss_k2,6,0.01,21,2000,20,true_nonseq,1.0,0.0015151515151515152,0,23,nan,0,True,0.04680679100056295,,,,,,,,,,
hmc_in_gauss_k2,6,0.01,21,2000,20,true_raw,0.0,0.0,0,0,0.061111111111111116,0,True,0.0,,,,,,,,,,
hmc_in_gauss_k2,6,0.01,21,2000,20,clean,0.0,0.0,0,0,0.061111111111111116,1,True,0.03903008299857902,-1.0151960655677412,0.9790779074653154,0.9567856024772843,1.001602987769302,0.9132245883195453,0.9031339985588579,nan,nan,,
hmc_in_gauss_k2,6,0.01,21,2000,20,raw,0.0,0.0,0,0,0.07272727272727275,1,True,0.05760662500142644,-0.9876793634112669,1.0139955787070623,0.9684589097880958,1.5862190469615092,0.91418746183991,0.9138070907241198,nan,nan,,
hmc_in_gauss_k2,6,0.01,21,2000,20,oracle,1.0,0.0,0,20,0.061111111111111116,1,True,0.03956412499974249,-1.014593101735716,0.9786449221026594,0.9577924874933188,1.0041244994236609,0.9128758288305825,0.9024734171211829,nan,nan,,
hmc_in_gauss_k2,6,0.01,21,2000,20,fm,1.0,0.0015151515151515152,0,23,0.061111111111111116,3,True,0.2576670419985021,-1.0104604904511407,0.9758612622217607,0.9509125033601117,0.997344281437438,0.9125766021616996,0.9023325021086029,nan,nan,,
hmc_in_gauss_k2,6,0.01,21,2000,20,fm_hampel,1.0,0.0015151515151515152,0,23,0.061111111111111116,2,True,0.18341958400014846,-1.0104604904511407,0.9758612622217607,0.9509125033601117,0.997344281437438,0.9125766021616996,0.9023325021086029,nan,nan,0.95,0.012121212121212121
hmc_in_gauss_k2,6,0.01,21,2000,20,fm_warm,1.0,0.0015151515151515152,0,23,0.06161616161616157,3,True,0.28066750000107277,-1.0218964303385154,0.9526923763271884,0.9478154183937675,1.01000034835951,0.9143897985529671,0.9075824989886404,nan,nan,,
hmc_in_gauss_k2,8,0.01,21,2000,20,true_seq,1.0,0.0015151515151515152,0,23,0.05858585858585863,0,True,0.046422249999523046,,,,,,,,,,
hmc_in_gauss_k2,8,0.01,21,2000,20,true_nonseq,1.0,0.0015151515151515152,0,23,nan,0,True,0.045310665998840705,,,,,,,,,,
hmc_in_gauss_k2,8,0.01,21,2000,20,true_raw,0.0,0.0,0,0,0.06212121212121213,0,True,0.0,,,,,,,,,,
hmc_in_gauss_k2,8,0.01,21,2000,20,clean,0.0,0.0,0,0,0.061111111111111116,1,True,0.03724108300048101,-1.0151960655677412,0.9790779074653154,0.9567856024772843,1.001602987769302,0.9132245883195453,0.9031339985588579,nan,nan,,
hmc_in_gauss_k2,8,0.01,21,2000,20,raw,0.0,0.0,0,0,0.07777777777777772,1,True,0.05735783300042385,-0.9517743695896815,1.0246783070360208,0.9664610384446666,1.8394512277724724,0.9151192793609837,0.915537529598301,nan,nan,,
hmc_in_gauss_k2,8,0.01,21,2000,20,oracle,1.0,0.0,0,20,0.06060606060606055,1,True,0.038478042000861024,-1.0157369151560252,0.9870218679551738,0.9515751764783696,0.9942341538361731,0.9141809560036198,0.9036818869123524,nan,nan,,
hmc_in_gauss_k2,8,0.01,21,2000,20,fm,1.0,0.0015151515151515152,0,23,0.06060606060606055,3,True,0.2615079999995942,-1.011582512831632,0.9842389598580319,0.9446340987973539,0.9874388179270821,0.9138870087354419,0.9035440972402891,nan,nan,,
hmc_in_gauss_k2,8,0.01,21,2000,20,fm_hampel,1.0,0.0015151515151515152,0,23,0.06060606060606055,2,True,0.17241624999951455,-1.011582512831632,0.9842389598580319,0.9446340987973539,0.9874388179270821,0.9138870087354419,0.9035440972402891,nan,nan,1.0,0.011616161616161616
hmc_in_gauss_k2,8,0.01,21,2000,20,fm_warm,1.0,0.0015151515151515152,0,23,0.06060606060606055,3,True,0.27994337499876565,-1.0198474809199647,0.9673064794021775,0.9426292569324872,0.9967633130810274,0.9155883690333309,0.9077693807092204,nan,nan,,
hmc_in_gauss_k2,4,0.05,21,2000,100,true_seq,0.86,0.0015789473684210526,0,89,0.062105263157894774,0,True,0.04793808300019009,,,,,,,,,,
hmc_in_gauss_k2,4,0.05,21,2000,100,true_nonseq,0.85,0.0015789473684210526,0,88,nan,0,True,0.04758475000016915,,,,,,,,,,
hmc_in_gauss_k2,4,0.05,21,2000,100,true_raw,0.0,0.0,0,0,0.07315789473684209,0,True,0.0,,,,,,,,,,
hmc_in_gauss_k2,4,0.05,21,2000,100,clean,0.0,0.0,0,0,0.061578947368421066,1,True,0.03883833399959258,-1.0151960655677412,0.9790779074653154,0.9567856024772843,1.001602987769302,0.9132245883195453,0.9031339985588579,nan,nan,,
hmc_in_gauss_k2,4,0.05,21,2000,100,raw,0.0,0.0,0,0,0.08789473684210525,1,True,0.05597174999820709,-0.9862009752218404,1.1788230341505868,0.945667941286213,1.8133319035970454,0.8622765659525169,0.8877028767711584,nan,nan,,
hmc_in_gauss_k2,4,0.05,21,2000,100,oracle,1.0,0.0,0,100,0.06263157894736837,1,True,0.038765999999668566,-1.0054492337183785,0.977942677658626,0.9527937854872068,1.0016224768989108,0.9129875866050461,0.9023115041013736,nan,nan,,
hmc_in_gauss_k2,4,0.05,21,2000,100,fm,0.82,0.0010526315789473684,0,84,0.06842105263157894,10,True,0.9644150839994836,-1.0212506077533452,0.9909671317983417,0.9373775234756774,1.0633769271035924,0.8982358892382322,0.8949819417702877,nan,nan,,
hmc_in_gauss_k2,4,0.05,21,2000,100,fm_hampel,0.82,0.0010526315789473684,0,84,0.06842105263157894,8,True,0.7737740419997863,-1.0212506077533452,0.9909671317983417,0.9373775234756774,1.0633769271035924,0.8982358892382322,0.8949819417702877,nan,nan,0.47,0.011052631578947368
hmc_in_gauss_k2,4,0.05,21,2000,100,fm_warm,0.8,0.0010526315789473684,0,82,0.07105263157894737,9,True,0.7445162919993891,-1.0469675116439625,0.963572407888265,0.9248123825916323,1.0862099973092068,0.8924637053530546,0.8957316364058927,nan,nan,,
hmc_in_gauss_k2,6,0.05,21,2000,100,true_seq,1.0,0.0015789473684210526,0,103,0.06052631578947365,0,True,0.04839608300062537,,,,,,,,,,
hmc_in_gauss_k2,6,0.05,21,2000,100,true_nonseq,1.0,0.0015789473684210526,0,103,nan,0,True,0.047258042000976275,,,,,,,,,,
hmc_in_gauss_k2,6,0.05,21,2000,100,true_raw,0.0,0.0,0,0,0.08263157894736839,0,True,0.0,,,,,,,,,,
hmc_in_gauss_k2,6,0.05,21,2000,100,clean,0.0,0.0,0,0,0.062105263157894774,1,True,0.037696957999287406,-1.0151960655677412,0.9790779074653154,0.9567856024772843,1.001602987769302,0.9132245883195453,0.9031339985588579,nan,nan,,
hmc_in_gauss_k2,6,0.05,21,2000,100,raw,0.0,0.0,0,0,0.45947368421052637,1,True,0.28095966599903477,-0.07093464859550669,8.247539752324919,1.3897226645390617,1.5272099838293034,0.9471579673489635,2.5717678787461582e-08,nan,nan,,
hmc_in_gauss_k2,6,0.05,21,2000,100,oracle,1.0,0.0,0,100,0.06368421052631579,1,True,0.03886220899948967,-1.0101088943272922,0.9756689352379553,0.948973352339454,1.0016345326315224,0.9122171882982455,0.9013528964687414,nan,nan,,
hmc_in_gauss_k2,6,0.05,21,2000,100,fm,0.0,0.0,0,0,0.45947368421052637,1,True,0.3310497499987832,-0.07093464859550669,8.247539752324919,1.3897226645390617,1.5272099838293034,0.9471579673489635,2.5717678787461582e-08,nan,nan,,
hmc_in_gauss_k2,6,0.05,21,2000,100,fm_hampel,1.0,0.0015789473684210526,0,103,0.0642105263157895,3,True,0.27181224999912956,-1.0058561626481954,0.9729652175196843,0.9415380948132683,0.9944292790505871,0.9118812532320926,0.9012522719440009,nan,nan,0.84,0.01
hmc_in_gauss_k2,6,0.05,21,2000,100,fm_warm,0.0,0.0,0,0,0.45947368421052637,1,True,0.3274002920006751,-0.07093464859550669,8.247539752324919,1.3897226645390617,1.5272099838293034,0.9471579673489635,2.5717678787461582e-08,nan,nan,,
hmc_in_gauss_k2,8,0.05,21,2000,100,true_seq,1.0,0.0010526315789473684,0,102,0.06263157894736837,0,True,0.046638666000944795,,,,,,,,,,
hmc_in_gauss_k2,8,0.05,21,2000,100,true_nonseq,1.0,0.0015789473684210526,1,103,nan,0,True,0.04640149999977439,,,,,,,,,,
hmc_in_gauss_k2,8,0.05,21,2000,100,true_raw,0.0,0.0,0,0,0.0831578947368421,0,True,0.0,,,,,,,,,,
hmc_in_gauss_k2,8,0.05,21,2000,100,clean,0.0,0.0,0,0,0.061578947368421066,1,True,0.038793124998846906,-1.0151960655677412,0.9790779074653154,0.9567856024772843,1.001602987769302,0.9132245883195453,0.9031339985588579,nan,nan,,
hmc_in_gauss_k2,8,0.05,21,2000,100,raw,0.0,0.0,0,0,0.4615789473684211,1,True,0.1566375419988617,-0.0708610020419698,11.06510901901255,1.3933365495630825,1.4416082692087933,0.9473403373079226,1.1160050958375789e-13,nan,nan,,
hmc_in_gauss_k2,8,0.05,21,2000,100,oracle,1.0,0.0,0,100,0.0642105263157895,1,True,0.03910650000034366,-1.0150262656265379,0.972841254424498,0.9595981505985952,0.9973995913777558,0.9137843745982199,0.9040027127389634,nan,nan,,
hmc_in_gauss_k2,8,0.05,21,2000,100,fm,0.0,0.0,0,0,0.4615789473684211,1,True,0.20701095799995528,-0.0708610020419698,11.06510901901255,1.3933365495630825,1.4416082692087933,0.9473403373079226,1.1160050958375789e-13,nan,nan,,
hmc_in_gauss_k2,8,0.05,21,2000,100,fm_hampel,1.0,0.0010526315789473684,0,102,0.06368421052631579,3,True,0.2608381249992817,-1.0130394674525953,0.9697506404137191,0.9558090426318696,0.9903945529853435,0.9135805120409018,0.9038654994391219,nan,nan,0.96,0.009473684210526316
hmc_in_gauss_k2,8,0.05,21,2000,100,fm_warm,0.0,0.0,0,0,0.4615789473684211,1,True,0.20475795799939078,-0.0708610020419698,11.06510901901255,1.3933365495630825,1.4416082692087933,0.9473403373079226,1.1160050958375789e-13,nan,nan,,
hmc_in_gauss_k2,0,0.0,22,2000,0,true_seq,nan,0.001,0,2,0.058499999999999996,0,True,0.0473716249998688,,,,,,,,,,
hmc_in_gauss_k2,0,0.0,22,2000,0,true_nonseq,nan,0.001,0,2,nan,0,True,0.04566362500008836,,,,,,,,,,
hmc_in_gauss_k2,0,0.0,22,2000,0,true_raw,nan,0.0,0,0,0.058499999999999996,0,True,0.0,,,,,,,,,,
hmc_in_gauss_k2,0,0.0,22,2000,0,clean,nan,0.0,0,0,0.058499999999999996,1,True,0.03908258400042541,-0.9871050164468509,0.9466910884138942,1.0270952207233164,0.9909991240970931,0.8983942489549628,0.8994052386885767,nan,nan,,
hmc_in_gauss_k2,0,0.0,22,2000,0,raw,nan,0.0,0,0,0.058499999999999996,1,True,0.03774512500058336,-0.9871050164468509,0.9466910884138942,1.0270952207233164,0.9909991240970931,0.8983942489549628,0.8994052386885767,nan,nan,,
hmc_in_gauss_k2,0,0.0,22,2000,0,oracle,nan,0.0,0,0,0.058499999999999996,1,True,0.03809229100079392,-0.9871050164468509,0.9466910884138942,1.0270952207233164,0.9909991240970931,0.8983942489549628,0.8994052386885767,nan,nan,,
hmc_in_gauss_k2,0,0.0,22,2000,0,fm,nan,0.001,0,2,0.058499999999999996,2,True,0.16252925000117102,-0.9862673608678105,0.9424101231067945,1.0205406992172414,0.9854610300695862,0.8979270175461453,0.8993851224689439,nan,nan,,
hmc_in_gauss_k2,0,0.0,22,2000,0,fm_hampel,nan,0.001,0,2,0.058499999999999996,2,True,0.1638449580004817,-0.9862673608678105,0.9424101231067945,1.0205406992172414,0.9854610300695862,0.8979270175461453,0.8993851224689439,nan,nan,nan,0.006
hmc_in_gauss_k2,0,0.0,22,2000,0,fm_warm,nan,0.001,0,2,0.058499999999999996,2,True,0.15176108299965563,-0.9836420217404389,0.9397530242437213,1.0230876203037687,0.9879814237715063,0.8987138108482836,0.9001696053068018,nan,nan,,
hmc_in_gauss_k2,4,0.01,22,2000,20,true_seq,1.0,0.00101010101010101,0,22,0.05858585858585863,0,True,0.0476545419987815,,,,,,,,,,
hmc_in_gauss_k2,4,0.01,22,2000,20,true_nonseq,1.0,0.00101010101010101,0,22,nan,0,True,0.04736149999916961,,,,,,,,,,
hmc_in_gauss_k2,4,0.01,22,2000,20,true_raw,0.0,0.0,0,0,0.06161616161616157,0,True,0.0,,,,,,,,,,
hmc_in_gauss_k2,4,0.01,22,2000,20,clean,0.0,0.0,0,0,0.05858585858585863,1,True,0.037929166999674635,-0.9871050164468509,0.9466910884138942,1.0270952207233164,0.9909991240970931,0.8983942489549628,0.8994052386885767,nan,nan,,
hmc_in_gauss_k2,4,0.01,22,2000,20,raw,0.0,0.0,0,0,0.05959595959595965,1,True,0.05709987499903946,-0.9906811406715934,0.9590501787082784,1.031122181743509,1.252108616734417,0.8933066388640064,0.9049763025191245,nan,nan,,
hmc_in_gauss_k2,4,0.01,22,2000,20,oracle,1.0,0.0,0,20,0.05858585858585863,1,True,0.03798666699913156,-0.9952861575608039,0.9479318758306705,1.0275971571904372,0.9883512327989482,0.8978543688043289,0.8993127210299438,nan,nan,,
hmc_in_gauss_k2,4,0.01,22,2000,20,fm,1.0,0.00101010101010101,0,22,0.06060606060606055,3,True,0.25857745800021803,-0.9944627227702988,0.9436297954052268,1.0209734298626572,0.9827466036568626,0.8973861597036115,0.8992944363852498,nan,nan,,
hmc_in_gauss_k2,4,0.01,22,2000,20,fm_hampel,1.0,0.00101010101010101,0,22,0.06060606060606055,3,True,0.25874266699975124,-0.9944627227702988,0.9436297954052268,1.0209734298626572,0.9827466036568626,0.8973861597036115,0.8992944363852498,nan,nan,0.35,0.005555555555555556
hmc_in_gauss_k2,4,0.01,22,2000,20,fm_warm,1.0,0.00101010101010101,0,22,0.061111111111111116,3,True,0.27680908299953444,-0.9975405212208901,0.930604942055439,1.0221890792415986,0.991631669999791,0.8991361659736129,0.9026678863096969,nan,nan,,
hmc_in_gauss_k2,6,0.01,22,2000,20,true_seq,1.0,0.00101010101010101,0,22,0.06161616161616157,0,True,0.0467994999999064,,,,,,,,,,
hmc_in_gauss_k2,6,0.01,22,2000,20,true_nonseq,1.0,0.00101010101010101,0,22,nan,0,True,0.04661475000102655,,,,,,,,,,
hmc_in_gauss_k2,6,0.01,22,2000,20,true_raw,0.0,0.0,0,0,0.06262626262626259,0,True,0.0,,,,,,,,,,
hmc_in_gauss_k2,6,0.01,22,2000,20,clean,0.0,0.0,0,0,0.058080808080808066,1,True,0.03758445899984508,-0.9871050164468509,0.9466910884138942,1.0270952207233164,0.9909991240970931,0.8983942489549628,0.8994052386885767,nan,nan,,
hmc_in_gauss_k2,6,0.01,22,2000,20,raw,0.0,0.0,0,0,0.06818181818181823,1,True,0.06656283300071664,-0.9497917666976261,0.9331422713033521,1.0431706125207338,1.5381239161096674,0.9055717217409587,0.9198109605800083,nan,nan,,
hmc_in_gauss_k2,6,0.01,22,2000,20,oracle,1.0,0.0,0,20,0.06262626262626259,1,True,0.03851895900152158,-0.9799962971640186,0.9474505800352615,1.0313089635425445,0.9900433790177453,0.8998895797583709,0.8998006136689705,nan,nan,,
hmc_in_gauss_k2,6,0.01,22,2000,20,fm,1.0,0.00101010101010101,0,22,0.06212121212121213,3,True,0.2678830000004382,-0.9791364289626607,0.9431166492963889,1.0247412898324724,0.9844192581201892,0.899415603456092,0.8997676244313463,nan,nan,,
hmc_in_gauss_k2,6,0.01,22,2000,20,fm_hampel,1.0,0.00101010101010101,0,22,0.06212121212121213,2,True,0.17302374999962922,-0.9791364289626607,0.9431166492963889,1.0247412898324724,0.9844192581201892,0.899415603456092,0.8997676244313463,nan,nan,0.95,0.006060606060606061
hmc_in_gauss_k2,6,0.01,22,2000,20,fm_warm,1.0,0.00101010101010101,0,22,0.0636363636363636,3,True,0.2879213340002025,-0.9718311881739227,0.9303433186384138,1.0322302175647415,0.996145127291496,0.9050248038328037,0.9059089823130607,nan,nan,,
hmc_in_gauss_k2,8,0.01,22,2000,20,true_seq,1.0,0.00101010101010101,0,22,0.05959595959595965,0,True,0.04679162499996892,,,,,,,,,,
hmc_in_gauss_k2,8,0.01,22,2000,20,true_nonseq,1.0,0.00101010101010101,0,22,nan,0,True,0.04674295900076686,,,,,,,,,,
hmc_in_gauss_k2,8,0.01,22,2000,20,true_raw,0.0,0.0,0,0,0.0636363636363636,0,True,0.0,,,,,,,,,,
hmc_in_gauss_k2,8,0.01,22,2000,20,clean,0.0,0.0,0,0,0.058080808080808066,1,True,0.03777629199976218,-0.9871050164468509,0.9466910884138942,1.0270952207233164,0.9909991240970931,0.8983942489549628,0.8994052386885767,nan,nan,,
hmc_in_gauss_k2,8,0.01,22,2000,20,raw,0.0,0.0,0,0,0.08434343434343439,1,True,0.06649604199992609,-0.8958853475887201,0.940175300669917,1.054463924455547,1.8097300062527353,0.9109524151861871,0.9243200746021298,nan,nan,,
hmc_in_gauss_k2,8,0.01,22,2000,20,oracle,1.0,0.0,0,20,0.05959595959595965,1,True,0.038703958000041894,-0.9838640841391559,0.9449283455680214,1.0306848623686953,0.9926906207932414,0.8978500934713016,0.8993862976022151,nan,nan,,
hmc_in_gauss_k2,8,0.01,22,2000,20,fm,1.0,0.00101010101010101,0,22,0.0601010101010101,3,True,0.26617795799938904,-0.9830239551339712,0.9406278571457867,1.0240563455842107,0.9871051686024078,0.8973751352231922,0.8993632824067855,nan,nan,,
hmc_in_gauss_k2,8,0.01,22,2000,20,fm_hampel,1.0,0.00101010101010101,0,22,0.0601010101010101,2,True,0.1638729170008446,-0.9830239551339712,0.9406278571457867,1.0240563455842107,0.9871051686024078,0.8973751352231922,0.8993632824067855,nan,nan,1.0,0.006060606060606061
hmc_in_gauss_k2,8,0.01,22,2000,20,fm_warm,1.0,0.00101010101010101,0,22,0.061111111111111116,3,True,0.2970778340004472,-0.9739879919761236,0.9297295077325589,1.0326109902531952,0.997504184979153,0.9026506960041785,0.9047554860792819,nan,nan,,
hmc_in_gauss_k2,4,0.05,22,2000,100,true_seq,0.89,0.0010526315789473684,0,91,0.06105263157894736,0,True,0.048074750000523636,,,,,,,,,,
hmc_in_gauss_k2,4,0.05,22,2000,100,true_nonseq,0.89,0.0015789473684210526,1,92,nan,0,True,0.047658457999204984,,,,,,,,,,
hmc_in_gauss_k2,4,0.05,22,2000,100,true_raw,0.0,0.0,0,0,0.0652631578947368,0,True,0.0,,,,,,,,,,
hmc_in_gauss_k2,4,0.05,22,2000,100,clean,0.0,0.0,0,0,0.05894736842105264,1,True,0.03766825000093377,-0.9871050164468509,0.9466910884138942,1.0270952207233164,0.9909991240970931,0.8983942489549628,0.8994052386885767,nan,nan,,
hmc_in_gauss_k2,4,0.05,22,2000,100,raw,0.0,0.0,0,0,0.1010526315789474,1,True,0.06569649999983085,-0.9395494404461378,1.0999214281321759,1.0205164945850322,1.8628231022074313,0.854964994953259,0.899335558838623,nan,nan,,
hmc_in_gauss_k2,4,0.05,22,2000,100,oracle,1.0,0.0,0,100,0.06052631578947365,1,True,0.03932520800117345,-1.0108342490522628,0.9427187244421964,1.0251900217163767,0.9894571353810488,0.8967876087689827,0.8988802114351153,nan,nan,,
hmc_in_gauss_k2,4,0.05,22,2000,100,fm,0.87,0.0010526315789473684,0,89,0.06368421052631579,8,True,0.8090646670007118,-1.0226104503967302,0.9432816232174313,1.0147179986996648,1.04779471439003,0.89143363720361,0.900277698706193,nan,nan,,
hmc_in_gauss_k2,4,0.05,22,2000,100,fm_hampel,0.87,0.0010526315789473684,0,89,0.06368421052631579,6,True,0.5821148339982756,-1.0226104503967302,0.9432816232174313,1.0147179986996648,1.04779471439003,0.89143363720361,0.900277698706193,nan,nan,0.48,0.005789473684210527
hmc_in_gauss_k2,4,0.05,22,2000,100,fm_warm,0.87,0.0005263157894736842,0,88,0.0642105263157895,8,True,0.7024544589985453,-1.042223865659385,0.9172305698219799,1.0071473704366745,1.0689811628900396,0.8914755687285978,0.9052446108097377,nan,nan,,
hmc_in_gauss_k2,6,0.05,22,2000,100,true_seq,0.99,0.0005263157894736842,0,100,0.06315789473684208,0,True,0.047559459000694915,,,,,,,,,,
hmc_in_gauss_k2,6,0.05,22,2000,100,true_nonseq,0.99,0.0005263157894736842,0,100,nan,0,True,0.04641254200032563,,,,,,,,,,
hmc_in_gauss_k2,6,0.05,22,2000,100,true_raw,0.0,0.0,0,0,0.08631578947368423,0,True,0.0,,,,,,,,,,
hmc_in_gauss_k2,6,0.05,22,2000,100,clean,0.0,0.0,0,0,0.05789473684210522,1,True,0.03783829099847935,-0.9871050164468509,0.9466910884138942,1.0270952207233164,0.9909991240970931,0.8983942489549628,0.8994052386885767,nan,nan,,
hmc_in_gauss_k2,6,0.05,22,2000,100,raw,0.0,0.0,0,0,0.48736842105263156,1,True,0.2333531669992226,-0.009425276679160726,8.346614762177499,1.3968266645741623,1.4145778657836834,0.9478971810831116,2.772242987291109e-11,nan,nan,,
hmc_in_gauss_k2,6,0.05,22,2000,100,oracle,1.0,0.0,0,100,0.06105263157894736,1,True,0.03893070800040732,-0.9853841913742782,0.9362699182089715,1.0241347134666308,0.9953484941467327,0.8978175345191447,0.8994303406557584,nan,nan,,
hmc_in_gauss_k2,6,0.05,22,2000,100,fm,0.0,0.0,0,0,0.48736842105263156,1,True,0.2797174580009596,-0.009425276679160726,8.346614762177499,1.3968266645741623,1.4145778657836834,0.9478971810831116,2.772242987291109e-11,nan,nan,,
hmc_in_gauss_k2,6,0.05,22,2000,100,fm_hampel,0.99,0.0005263157894736842,0,100,0.0652631578947368,3,True,0.267043083000317,-0.9881814000330142,0.9331453721380532,1.0236031132414902,0.9947833791824444,0.8974020840646032,0.8997218355109311,nan,nan,0.8,0.002631578947368421
hmc_in_gauss_k2,6,0.05,22,2000,100,fm_warm,0.0,0.0,0,0,0.48736842105263156,1,True,0.2803736250007205,-0.009425276679160726,8.346614762177499,1.3968266645741623,1.4145778657836834,0.9478971810831116,2.772242987291109e-11,nan,nan,,
hmc_in_gauss_k2,8,0.05,22,2000,100,true_seq,1.0,0.0005263157894736842,0,101,0.059473684210526345,0,True,0.04723570900023333,,,,,,,,,,
hmc_in_gauss_k2,8,0.05,22,2000,100,true_nonseq,1.0,0.0005263157894736842,0,101,nan,0,True,0.04743537499962258,,,,,,,,,,
hmc_in_gauss_k2,8,0.05,22,2000,100,true_raw,0.0,0.0,0,0,0.07105263157894737,0,True,0.0,,,,,,,,,,
hmc_in_gauss_k2,8,0.05,22,2000,100,clean,0.0,0.0,0,0,0.056842105263157916,1,True,0.03810654100016109,-0.9871050164468509,0.9466910884138942,1.0270952207233164,0.9909991240970931,0.8983942489549628,0.8994052386885767,nan,nan,,
hmc_in_gauss_k2,8,0.05,22,2000,100,raw,0.0,0.0,0,0,0.4894736842105263,1,True,0.13916354200046044,-0.024682469087581097,11.347687301409337,1.3881805149497326,1.5539280333915628,0.9473406791554625,3.0504659111959766e-13,nan,nan,,
hmc_in_gauss_k2,8,0.05,22,2000,100,oracle,1.0,0.0,0,100,0.059473684210526345,1,True,0.03809745900070993,-0.9857403534372382,0.9237013535613221,1.0315503154606722,0.9837327967229167,0.8955755176037528,0.89786168957173,nan,nan,,
hmc_in_gauss_k2,8,0.05,22,2000,100,fm,0.01,0.0,0,1,0.4894736842105263,2,True,0.3682439580006758,-0.02468243841491173,11.305922933745155,1.3881805466748458,1.5048702620892627,0.9478642611931246,3.5376845981260933e-13,nan,nan,,
hmc_in_gauss_k2,8,0.05,22,2000,100,fm_hampel,1.0,0.0005263157894736842,0,101,0.06263157894736837,2,True,0.18395391699959873,-0.9859169209009057,0.9219922658928226,1.0241106870421286,0.9836903151188954,0.895284814567206,0.8984106566267672,nan,nan,0.96,0.0036842105263157894
hmc_in_gauss_k2,8,0.05,22,2000,100,fm_warm,0.01,0.0,0,1,0.4894736842105263,2,True,0.25213350000012724,-0.02468241018386326,11.305924011514428,1.388180585240529,1.5048675776576685,0.9478640363120693,2.1817266056653606e-20,nan,nan,,
hmc_in_gauss_k2,0,0.0,23,2000,0,true_seq,nan,0.002,0,4,0.0595,0,True,0.047701334000521456,,,,,,,,,,
hmc_in_gauss_k2,0,0.0,23,2000,0,true_nonseq,nan,0.002,0,4,nan,0,True,0.047070624999832944,,,,,,,,,,
hmc_in_gauss_k2,0,0.0,23,2000,0,true_raw,nan,0.0,0,0,0.0595,0,True,0.0,,,,,,,,,,
hmc_in_gauss_k2,0,0.0,23,2000,0,clean,nan,0.0,0,0,0.06000000000000005,1,True,0.03781804199934413,-1.0493928790989686,1.0115647371871774,1.0032000286352127,1.0253051581924293,0.8897779856385034,0.9023358980018867,nan,nan,,
hmc_in_gauss_k2,0,0.0,23,2000,0,raw,nan,0.0,0,0,0.06000000000000005,1,True,0.038458209000964416,-1.0493928790989686,1.0115647371871774,1.0032000286352127,1.0253051581924293,0.8897779856385034,0.9023358980018867,nan,nan,,
hmc_in_gauss_k2,0,0.0,23,2000,0,oracle,nan,0.0,0,0,0.06000000000000005,1,True,0.038162749999173684,-1.0493928790989686,1.0115647371871774,1.0032000286352127,1.0253051581924293,0.8897779856385034,0.9023358980018867,nan,nan,,
hmc_in_gauss_k2,0,0.0,23,2000,0,fm,nan,0.002,0,4,0.0605,2,True,0.1724603330003447,-1.049610690622915,1.0057782444573018,0.980431338073981,1.0189355697205102,0.8870956669199491,0.9013251082437954,nan,nan,,
hmc_in_gauss_k2,0,0.0,23,2000,0,fm_hampel,nan,0.002,0,4,0.0605,2,True,0.17329870800131175,-1.049610690622915,1.0057782444573018,0.980431338073981,1.0189355697205102,0.8870956669199491,0.9013251082437954,nan,nan,nan,0.0095
hmc_in_gauss_k2,0,0.0,23,2000,0,fm_warm,nan,0.002,0,4,0.0605,2,True,0.16395833299975493,-1.0527524512471584,1.0022675250991067,0.9790470416992757,1.020754553203232,0.8868344413395317,0.9017420557216878,nan,nan,,
hmc_in_gauss_k2,4,0.01,23,2000,20,true_seq,0.95,0.00202020202020202,0,23,0.05858585858585863,0,True,0.04759179199936625,,,,,,,,,,
hmc_in_gauss_k2,4,0.01,23,2000,20,true_nonseq,0.95,0.00202020202020202,0,23,nan,0,True,0.046046790999753284,,,,,,,,,,
hmc_in_gauss_k2,4,0.01,23,2000,20,true_raw,0.0,0.0,0,0,0.06262626262626259,0,True,0.0,,,,,,,,,,
hmc_in_gauss_k2,4,0.01,23,2000,20,clean,0.0,0.0,0,0,0.0601010101010101,1,True,0.03810524999971676,-1.0493928790989686,1.0115647371871774,1.0032000286352127,1.0253051581924293,0.8897779856385034,0.9023358980018867,nan,nan,,
hmc_in_gauss_k2,4,0.01,23,2000,20,raw,0.0,0.0,0,0,0.07070707070707072,1,True,0.057406916999752866,-1.0669849202064494,1.0122575435381624,0.9976862826233005,1.3041688527183812,0.8856841950425587,0.9108397239343899,nan,nan,,
hmc_in_gauss_k2,4,0.01,23,2000,20,oracle,1.0,0.0,0,20,0.05909090909090908,1,True,0.03826275000028545,-1.0508291484258485,1.0097028316252206,1.0000074086445843,1.0233725963829485,0.8891654487790533,0.9014215888935485,nan,nan,,
hmc_in_gauss_k2,4,0.01,23,2000,20,fm,0.95,0.00202020202020202,0,23,0.05959595959595965,3,True,0.2780881250000675,-1.0491565211942202,1.0055266788056318,0.9790768423702052,1.0166444429380914,0.8852167814256708,0.899291902289869,nan,nan,,
hmc_in_gauss_k2,4,0.01,23,2000,20,fm_hampel,0.95,0.00202020202020202,0,23,0.05959595959595965,3,True,0.2806884169986006,-1.0491565211942202,1.0055266788056318,0.9790768423702052,1.0166444429380914,0.8852167814256708,0.899291902289869,nan,nan,0.55,0.008585858585858586
hmc_in_gauss_k2,4,0.01,23,2000,20,fm_warm,0.95,0.00202020202020202,0,23,0.061111111111111116,4,True,0.3481739999988349,-1.0704304860963525,0.9908177869225413,0.9658190919816779,1.023132120110826,0.8811415145826602,0.8992842292474725,nan,nan,,
hmc_in_gauss_k2,6,0.01,23,2000,20,true_seq,1.0,0.00202020202020202,0,24,0.05858585858585863,0,True,0.04730016599933151,,,,,,,,,,
hmc_in_gauss_k2,6,0.01,23,2000,20,true_nonseq,1.0,0.00202020202020202,0,24,nan,0,True,0.04769604099965363,,,,,,,,,,
hmc_in_gauss_k2,6,0.01,23,2000,20,true_raw,0.0,0.0,0,0,0.05959595959595965,0,True,0.0,,,,,,,,,,
hmc_in_gauss_k2,6,0.01,23,2000,20,clean,0.0,0.0,0,0,0.05909090909090908,1,True,0.03766541599907214,-1.0493928790989686,1.0115647371871774,1.0032000286352127,1.0253051581924293,0.8897779856385034,0.9023358980018867,nan,nan,,
hmc_in_gauss_k2,6,0.01,23,2000,20,raw,0.0,0.0,0,0,0.07474747474747478,1,True,0.06584716700126592,-1.0236474399909388,0.9867885693110762,1.007434246874081,1.639772337494078,0.8960586954625307,0.9228156966195549,nan,nan,,
hmc_in_gauss_k2,6,0.01,23,2000,20,oracle,1.0,0.0,0,20,0.05959595959595965,1,True,0.03868945800059009,-1.0496931055427736,1.00344620592854,1.0039425448935773,1.0191555210423167,0.8901328971083587,0.9023662097729587,nan,nan,,
hmc_in_gauss_k2,6,0.01,23,2000,20,fm,1.0,0.00202020202020202,0,24,0.05959595959595965,3,True,0.27891662499860104,-1.0499242515319283,0.9975635598551835,0.9811829353138513,1.0125743623361656,0.8874994010194559,0.9014040305008688,nan,nan,,
hmc_in_gauss_k2,6,0.01,23,2000,20,fm_hampel,1.0,0.00202020202020202,0,24,0.05959595959595965,2,True,0.18125712500113877,-1.0499242515319283,0.9975635598551835,0.9811829353138513,1.0125743623361656,0.8874994010194559,0.9014040305008688,nan,nan,0.95,0.00808080808080808
hmc_in_gauss_k2,6,0.01,23,2000,20,fm_warm,1.0,0.00202020202020202,0,24,0.06060606060606055,3,True,0.29987358300058986,-1.0620145530302918,0.979776000578397,0.977361891059622,1.0225888530874734,0.8879203714023117,0.9046539727669679,nan,nan,,
hmc_in_gauss_k2,8,0.01,23,2000,20,true_seq,1.0,0.00202020202020202,0,24,0.0601010101010101,0,True,0.04728037499990023,,,,,,,,,,
hmc_in_gauss_k2,8,0.01,23,2000,20,true_nonseq,1.0,0.00202020202020202,0,24,nan,0,True,0.04712329200083332,,,,,,,,,,
hmc_in_gauss_k2,8,0.01,23,2000,20,true_raw,0.0,0.0,0,0,0.06060606060606055,0,True,0.0,,,,,,,,,,
hmc_in_gauss_k2,8,0.01,23,2000,20,clean,0.0,0.0,0,0,0.0601010101010101,1,True,0.03694454200012842,-1.0493928790989686,1.0115647371871774,1.0032000286352127,1.0253051581924293,0.8897779856385034,0.9023358980018867,nan,nan,,
hmc_in_gauss_k2,8,0.01,23,2000,20,raw,0.0,0.0,0,0,0.08838383838383834,1,True,0.06739379200007534,-0.9955554470965742,0.9925054211566278,1.0065604937253247,1.87044308915467,0.8988543315193647,0.9269761029398813,nan,nan,,
hmc_in_gauss_k2,8,0.01,23,2000,20,oracle,1.0,0.0,0,20,0.06060606060606055,1,True,0.03806733300007181,-1.0535700803495311,1.0070750304019782,1.0007232134002328,1.0206894845828252,0.8902126776152979,0.9034293744068858,nan,nan,,
hmc_in_gauss_k2,8,0.01,23,2000,20,fm,1.0,0.00202020202020202,0,24,0.06060606060606055,3,True,0.27820299999984854,-1.054510270998399,1.0009902574697687,0.9771314784950668,1.0142588720833183,0.8874518202968038,0.9024537367624318,nan,nan,,
hmc_in_gauss_k2,8,0.01,23,2000,20,fm_hampel,1.0,0.00202020202020202,0,24,0.06060606060606055,2,True,0.18152045799979533,-1.054510270998399,1.0009902574697687,0.9771314784950668,1.0142588720833183,0.8874518202968038,0.9024537367624318,nan,nan,0.95,0.00909090909090909
hmc_in_gauss_k2,8,0.01,23,2000,20,fm_warm,1.0,0.00202020202020202,0,24,0.06212121212121213,3,True,0.3037937499993859,-1.0658799055677297,0.9875135696246857,0.9723346379517558,1.0214956994101543,0.8873664072336556,0.9047475233257561,nan,nan,,
hmc_in_gauss_k2,4,0.05,23,2000,100,true_seq,0.92,0.002105263157894737,0,96,0.06263157894736837,0,True,0.04796975000135717,,,,,,,,,,
hmc_in_gauss_k2,4,0.05,23,2000,100,true_nonseq,0.92,0.002105263157894737,0,96,nan,0,True,0.046493709000060335,,,,,,,,,,
hmc_in_gauss_k2,4,0.05,23,2000,100,true_raw,0.0,0.0,0,0,0.06368421052631579,0,True,0.0,,,,,,,,,,
hmc_in_gauss_k2,4,0.05,23,2000,100,clean,0.0,0.0,0,0,0.057368421052631624,1,True,0.03829504200075462,-1.0493928790989686,1.0115647371871774,1.0032000286352127,1.0253051581924293,0.8897779856385034,0.9023358980018867,nan,nan,,
hmc_in_gauss_k2,4,0.05,23,2000,100,raw,0.0,0.0,0,0,0.08052631578947367,1,True,0.05688249999911932,-1.0289941972254781,1.2379907680339506,0.9841443637459987,1.9300996519029214,0.850788655784065,0.9007476265758283,nan,nan,,
hmc_in_gauss_k2,4,0.05,23,2000,100,oracle,1.0,0.0,0,100,0.059473684210526345,1,True,0.03818466699885903,-1.0518987367288561,1.0086576944794914,1.0023048054087862,1.0144328850112425,0.890208993370814,0.9007653807537617,nan,nan,,
hmc_in_gauss_k2,4,0.05,23,2000,100,fm,0.91,0.002105263157894737,0,95,0.0647368421052632,7,True,0.7025967079989641,-1.0750835162354697,1.002930444242779,0.9682041832244144,1.0433076995914898,0.8749114275622581,0.8948327979481202,nan,nan,,
hmc_in_gauss_k2,4,0.05,23,2000,100,fm_hampel,0.91,0.002105263157894737,0,95,0.0647368421052632,5,True,0.5028312499998719,-1.0750835162354697,1.002930444242779,0.9682041832244144,1.0433076995914898,0.8749114275622581,0.8948327979481202,nan,nan,0.58,0.007368421052631579
hmc_in_gauss_k2,4,0.05,23,2000,100,fm_warm,0.91,0.002105263157894737,0,95,0.06368421052631579,7,True,0.6078764590001811,-1.098457966258915,0.9825609178926763,0.9559686243264361,1.0519901972234043,0.8715692368941013,0.8965282623391764,nan,nan,,
hmc_in_gauss_k2,6,0.05,23,2000,100,true_seq,1.0,0.002105263157894737,0,104,0.0647368421052632,0,True,0.04794479100019089,,,,,,,,,,
hmc_in_gauss_k2,6,0.05,23,2000,100,true_nonseq,1.0,0.002105263157894737,0,104,nan,0,True,0.0471441669997148,,,,,,,,,,
hmc_in_gauss_k2,6,0.05,23,2000,100,true_raw,0.0,0.0,0,0,0.07473684210526321,0,True,0.0,,,,,,,,,,
hmc_in_gauss_k2,6,0.05,23,2000,100,clean,0.0,0.0,0,0,0.06105263157894736,1,True,0.03696341700015182,-1.0493928790989686,1.0115647371871774,1.0032000286352127,1.0253051581924293,0.8897779856385034,0.9023358980018867,nan,nan,,
hmc_in_gauss_k2,6,0.05,23,2000,100,raw,0.0,0.0,0,0,0.46631578947368424,1,True,0.2977220419998048,0.055393154592742445,8.506266853118152,1.4506846541347331,1.346663110665432,0.9474875210139849,1.8189115908701805e-14,nan,nan,,
hmc_in_gauss_k2,6,0.05,23,2000,100,oracle,1.0,0.0,0,100,0.0642105263157895,1,True,0.03857354200044938,-1.051113076851324,1.0245724967715848,1.0021988237880757,1.0233622184950641,0.8900387314557124,0.9024686200315772,nan,nan,,
hmc_in_gauss_k2,6,0.05,23,2000,100,fm,0.0,0.0,0,0,0.46631578947368424,1,True,0.3437992920007673,0.055393154592742445,8.506266853118152,1.4506846541347331,1.346663110665432,0.9474875210139849,1.8189115908701805e-14,nan,nan,,
hmc_in_gauss_k2,6,0.05,23,2000,100,fm_hampel,1.0,0.002105263157894737,0,104,0.0652631578947368,3,True,0.27819533399997454,-1.0504650975923278,1.0199742595711379,0.9781681018523953,1.0159334026257545,0.8871939306815859,0.9010999226488289,nan,nan,0.82,0.007368421052631579
hmc_in_gauss_k2,6,0.05,23,2000,100,fm_warm,0.0,0.0,0,0,0.46631578947368424,1,True,0.3442148750000342,0.055393154592742445,8.506266853118152,1.4506846541347331,1.346663110665432,0.9474875210139849,1.8189115908701805e-14,nan,nan,,
hmc_in_gauss_k2,8,0.05,23,2000,100,true_seq,1.0,0.002105263157894737,0,104,0.06315789473684208,0,True,0.0470800839993899,,,,,,,,,,
hmc_in_gauss_k2,8,0.05,23,2000,100,true_nonseq,1.0,0.002105263157894737,0,104,nan,0,True,0.04674908400011191,,,,,,,,,,
hmc_in_gauss_k2,8,0.05,23,2000,100,true_raw,0.0,0.0,0,0,0.08473684210526311,0,True,0.0,,,,,,,,,,
hmc_in_gauss_k2,8,0.05,23,2000,100,clean,0.0,0.0,0,0,0.06105263157894736,1,True,0.03764362499896379,-1.0493928790989686,1.0115647371871774,1.0032000286352127,1.0253051581924293,0.8897779856385034,0.9023358980018867,nan,nan,,
hmc_in_gauss_k2,8,0.05,23,2000,100,raw,0.0,0.0,0,0,0.47,1,True,0.15868191699883027,0.03250453381274551,11.808885740345117,1.4532105284018453,1.262983345234084,0.9473407038045065,2.894437824856718e-23,nan,nan,,
hmc_in_gauss_k2,8,0.05,23,2000,100,oracle,1.0,0.0,0,100,0.06315789473684208,1,True,0.04757012499976554,-1.0770654992630342,1.0037273072425414,1.0011431651656526,1.0305814207579869,0.8882886402879329,0.9022352318864042,nan,nan,,
hmc_in_gauss_k2,8,0.05,23,2000,100,fm,0.01,0.0,0,1,0.47,2,True,0.4063102920008532,0.032504537975913746,11.778620614317722,1.4532105346896451,1.2327368170366233,0.9478643644881187,4.25741125241926e-23,nan,nan,,
hmc_in_gauss_k2,8,0.05,23,2000,100,fm_hampel,1.0,0.002105263157894737,0,104,0.06315789473684208,3,True,0.28936200000134704,-1.0707111695244793,1.0020119571255033,0.9812661400858366,1.0221436326561135,0.8867715884024888,0.9012771172495422,nan,nan,0.95,0.009473684210526316
hmc_in_gauss_k2,8,0.05,23,2000,100,fm_warm,0.01,0.0,0,1,0.47,2,True,0.2716470830000617,0.032504533814536746,11.778620499051232,1.4532105284045824,1.232737131884541,0.9478640435415419,1.0156660772760897e-32,nan,nan,,
hmc_in_gauss_k2,0,0.0,24,2000,0,true_seq,nan,0.0015,0,3,0.05300000000000005,0,True,0.04757324999991397,,,,,,,,,,
hmc_in_gauss_k2,0,0.0,24,2000,0,true_nonseq,nan,0.0015,0,3,nan,0,True,0.04704958299953432,,,,,,,,,,
hmc_in_gauss_k2,0,0.0,24,2000,0,true_raw,nan,0.0,0,0,0.05500000000000005,0,True,0.0,,,,,,,,,,
hmc_in_gauss_k2,0,0.0,24,2000,0,clean,nan,0.0,0,0,0.056499999999999995,1,True,0.0463524580009107,-1.0225269003945314,0.948371062459233,0.9824345252710928,1.004146196343523,0.8714951819700064,0.9052919790850044,nan,nan,,
hmc_in_gauss_k2,0,0.0,24,2000,0,raw,nan,0.0,0,0,0.056499999999999995,1,True,0.047313832999861916,-1.0225269003945314,0.948371062459233,0.9824345252710928,1.004146196343523,0.8714951819700064,0.9052919790850044,nan,nan,,
hmc_in_gauss_k2,0,0.0,24,2000,0,oracle,nan,0.0,0,0,0.056499999999999995,1,True,0.047878166998998495,-1.0225269003945314,0.948371062459233,0.9824345252710928,1.004146196343523,0.8714951819700064,0.9052919790850044,nan,nan,,
hmc_in_gauss_k2,0,0.0,24,2000,0,fm,nan,0.001,0,2,0.056499999999999995,2,True,0.18288983300044492,-1.0202024845735216,0.9459969988204389,0.9776154233380079,0.9986573934627762,0.8710623467801912,0.9050509401974309,nan,nan,,
hmc_in_gauss_k2,0,0.0,24,2000,0,fm_hampel,nan,0.001,0,2,0.056499999999999995,3,True,0.2724759590000758,-1.0202024845735216,0.9459969988204389,0.9776154233380079,0.9986573934627762,0.8710623467801912,0.9050509401974309,nan,nan,nan,0.0115
hmc_in_gauss_k2,0,0.0,24,2000,0,fm_warm,nan,0.001,0,2,0.05700000000000005,2,True,0.16300662499997998,-1.0263804163786212,0.9414600602769654,0.9745131858881061,1.0007807860935485,0.8699360686765908,0.905260068551409,nan,nan,,
hmc_in_gauss_k2,4,0.01,24,2000,20,true_seq,0.65,0.00101010101010101,0,15,0.05858585858585863,0,True,0.047480999999606865,,,,,,,,,,
hmc_in_gauss_k2,4,0.01,24,2000,20,true_nonseq,0.65,0.00101010101010101,0,15,nan,0,True,0.047176916001262725,,,,,,,,,,
hmc_in_gauss_k2,4,0.01,24,2000,20,true_raw,0.0,0.0,0,0,0.0601010101010101,0,True,0.0,,,,,,,,,,
hmc_in_gauss_k2,4,0.01,24,2000,20,clean,0.0,0.0,0,0,0.05707070707070705,1,True,0.047631916000682395,-1.0225269003945314,0.948371062459233,0.9824345252710928,1.004146196343523,0.8714951819700064,0.9052919790850044,nan,nan,,
hmc_in_gauss_k2,4,0.01,24,2000,20,raw,0.0,0.0,0,0,0.07020202020202015,1,True,0.057467292001092574,-1.0419870369682531,0.9488472692567913,0.97172936368531,1.1927674327114546,0.8684379285806381,0.9150720975276209,nan,nan,,
hmc_in_gauss_k2,4,0.01,24,2000,20,oracle,1.0,0.0,0,20,0.05909090909090908,1,True,0.048705791999964276,-1.016784808534673,0.94763066113714,0.9771077427646049,1.0028724003262242,0.8700979340411292,0.9049462492243401,nan,nan,,
hmc_in_gauss_k2,4,0.01,24,2000,20,fm,0.65,0.0015151515151515152,0,16,0.0636363636363636,3,True,0.2988117080003576,-1.0289080663366743,0.9478637279550537,0.9580263000371706,1.0162380347546156,0.8620586980302265,0.9029828169034949,nan,nan,,
hmc_in_gauss_k2,4,0.01,24,2000,20,fm_hampel,0.65,0.0015151515151515152,0,16,0.0636363636363636,3,True,0.29629004200069176,-1.0289080663366743,0.9478637279550537,0.9580263000371706,1.0162380347546156,0.8620586980302265,0.9029828169034949,nan,nan,0.35,0.011111111111111112
hmc_in_gauss_k2,4,0.01,24,2000,20,fm_warm,0.65,0.0015151515151515152,0,16,0.06515151515151518,3,True,0.266630707999866,-1.0501205863376752,0.9273261588838457,0.9490756946539233,1.02656708165099,0.8615356259851158,0.906809299239545,nan,nan,,
hmc_in_gauss_k2,6,0.01,24,2000,20,true_seq,1.0,0.0015151515151515152,0,23,0.05303030303030298,0,True,0.046687666999787325,,,,,,,,,,
hmc_in_gauss_k2,6,0.01,24,2000,20,true_nonseq,1.0,0.0015151515151515152,0,23,nan,0,True,0.047055625000211876,,,,,,,,,,
hmc_in_gauss_k2,6,0.01,24,2000,20,true_raw,0.0,0.0,0,0,0.0636363636363636,0,True,0.0,,,,,,,,,,
hmc_in_gauss_k2,6,0.01,24,2000,20,clean,0.0,0.0,0,0,0.05707070707070705,1,True,0.04641595800057985,-1.0225269003945314,0.948371062459233,0.9824345252710928,1.004146196343523,0.8714951819700064,0.9052919790850044,nan,nan,,
hmc_in_gauss_k2,6,0.01,24,2000,20,raw,0.0,0.0,0,0,0.09343434343434343,1,True,0.06575995799903467,-1.038490445960046,0.9051539746354006,0.9772062287933507,1.4600675096053832,0.8662515891662083,0.9231243368519927,nan,nan,,
hmc_in_gauss_k2,6,0.01,24,2000,20,oracle,1.0,0.0,0,20,0.058080808080808066,1,True,0.04898183300065284,-1.026267496461162,0.9451126487659667,0.980036398802622,1.0013369780185566,0.8708566387882394,0.905344995193369,nan,nan,,
hmc_in_gauss_k2,6,0.01,24,2000,20,fm,1.0,0.00101010101010101,0,22,0.05757575757575761,3,True,0.2862114590006968,-1.0239063078932233,0.942742515629738,0.9751214214174497,0.9957835487566309,0.8704248954971106,0.9051045154899355,nan,nan,,
hmc_in_gauss_k2,6,0.01,24,2000,20,fm_hampel,1.0,0.00101010101010101,0,22,0.05757575757575761,2,True,0.18950029200095742,-1.0239063078932233,0.942742515629738,0.9751214214174497,0.9957835487566309,0.8704248954971106,0.9051045154899355,nan,nan,0.9,0.012121212121212121
hmc_in_gauss_k2,6,0.01,24,2000,20,fm_warm,1.0,0.00101010101010101,0,22,0.06060606060606055,3,True,0.2975172090009437,-1.0477191751261943,0.9232109013618334,0.964046910915799,1.0054179244599097,0.8687642284034033,0.9080896861058461,nan,nan,,
hmc_in_gauss_k2,8,0.01,24,2000,20,true_seq,1.0,0.0015151515151515152,0,23,0.05353535353535355,0,True,0.04655879200072377,,,,,,,,,,
hmc_in_gauss_k2,8,0.01,24,2000,20,true_nonseq,1.0,0.0015151515151515152,0,23,nan,0,True,0.04661549999946146,,,,,,,,,,
hmc_in_gauss_k2,8,0.01,24,2000,20,true_raw,0.0,0.0,0,0,0.055050505050505016,0,True,0.0,,,,,,,,,,
hmc_in_gauss_k2,8,0.01,24,2000,20,clean,0.0,0.0,0,0,0.05606060606060603,1,True,0.04730504200051655,-1.0225269003945314,0.948371062459233,0.9824345252710928,1.004146196343523,0.8714951819700064,0.9052919790850044,nan,nan,,
hmc_in_gauss_k2,8,0.01,24,2000,20,raw,0.0,0.0,0,0,0.09747474747474749,1,True,0.0663362089999282,-0.9399631000161552,0.9424590532595539,1.0025857722369955,1.8006019276419147,0.8934493127816214,0.9341802993745922,nan,nan,,
hmc_in_gauss_k2,8,0.01,24,2000,20,oracle,1.0,0.0,0,20,0.05707070707070705,1,True,0.04808258299999579,-1.0223853932508125,0.9500028237046647,0.9805533664032948,1.0052154277562912,0.8713451322280747,0.9051844852550051,nan,nan,,
hmc_in_gauss_k2,8,0.01,24,2000,20,fm,1.0,0.00101010101010101,0,22,0.05707070707070705,3,True,0.28620937499908905,-1.020063045533135,0.9476193383270524,0.9756783460077446,0.9996437073241344,0.8709045458848251,0.9049352770272011,nan,nan,,
hmc_in_gauss_k2,8,0.01,24,2000,20,fm_hampel,1.0,0.00101010101010101,0,22,0.05707070707070705,3,True,0.2660277909999422,-1.020063045533135,0.9476193383270524,0.9756783460077446,0.9996437073241344,0.8709045458848251,0.9049352770272011,nan,nan,1.0,0.011616161616161616
hmc_in_gauss_k2,8,0.01,24,2000,20,fm_warm,1.0,0.00101010101010101,0,22,0.05858585858585863,3,True,0.30418420800015156,-1.0407808040094573,0.9284446548405947,0.9667381784275559,1.0093931494536603,0.8700044234435015,0.9081658141929942,nan,nan,,
hmc_in_gauss_k2,4,0.05,24,2000,100,true_seq,0.91,0.0010526315789473684,0,93,0.057368421052631624,0,True,0.04622995799945784,,,,,,,,,,
hmc_in_gauss_k2,4,0.05,24,2000,100,true_nonseq,0.9,0.0015789473684210526,0,93,nan,0,True,0.046831292000206304,,,,,,,,,,
hmc_in_gauss_k2,4,0.05,24,2000,100,true_raw,0.0,0.0,0,0,0.0652631578947368,0,True,0.0,,,,,,,,,,
hmc_in_gauss_k2,4,0.05,24,2000,100,clean,0.0,0.0,0,0,0.056842105263157916,1,True,0.04755612500048301,-1.0225269003945314,0.948371062459233,0.9824345252710928,1.004146196343523,0.8714951819700064,0.9052919790850044,nan,nan,,
hmc_in_gauss_k2,4,0.05,24,2000,100,raw,0.0,0.0,0,0,0.09052631578947368,1,True,0.056826083000487415,-0.9945281704869642,1.1805891316341715,0.9759386692256604,1.7791154564353955,0.8392658170584654,0.9083496506107502,nan,nan,,
hmc_in_gauss_k2,4,0.05,24,2000,100,oracle,1.0,0.0,0,100,0.059473684210526345,1,True,0.04849708300025668,-1.0173840960418161,0.9743253415376167,0.9778721065978473,0.9957744771935493,0.8719350616630515,0.9023322135639219,nan,nan,,
hmc_in_gauss_k2,4,0.05,24,2000,100,fm,0.88,0.0005263157894736842,0,89,0.0652631578947368,8,True,0.784749999998894,-1.0440361894071963,0.9789665649291222,0.9650245356702566,1.0303792143503743,0.8566681916423335,0.8972698505461311,nan,nan,,
hmc_in_gauss_k2,4,0.05,24,2000,100,fm_hampel,0.88,0.0005263157894736842,0,89,0.0652631578947368,5,True,0.4971390419996169,-1.0440361894071963,0.9789665649291222,0.9650245356702566,1.0303792143503743,0.8566681916423335,0.8972698505461311,nan,nan,0.58,0.007894736842105263
hmc_in_gauss_k2,4,0.05,24,2000,100,fm_warm,0.88,0.0010526315789473684,0,90,0.06894736842105265,8,True,0.6680372920000082,-1.06617948404016,0.9607154395346589,0.9472074683371158,1.0379037384747476,0.8527447540680313,0.8990957628429582,nan,nan,,
hmc_in_gauss_k2,6,0.05,24,2000,100,true_seq,1.0,0.0015789473684210526,0,103,0.052105263157894766,0,True,0.047312458000305924,,,,,,,,,,
hmc_in_gauss_k2,6,0.05,24,2000,100,true_nonseq,1.0,0.002105263157894737,1,104,nan,0,True,0.04671745800078497,,,,,,,,,,
hmc_in_gauss_k2,6,0.05,24,2000,100,true_raw,0.0,0.0,0,0,0.0647368421052632,0,True,0.0,,,,,,,,,,
hmc_in_gauss_k2,6,0.05,24,2000,100,clean,0.0,0.0,0,0,0.0557894736842105,1,True,0.04755854100039869,-1.0225269003945314,0.948371062459233,0.9824345252710928,1.004146196343523,0.8714951819700064,0.9052919790850044,nan,nan,,
hmc_in_gauss_k2,6,0.05,24,2000,100,raw,0.0,0.0,0,0,0.4421052631578948,1,True,0.223646499998722,0.10545173973245364,8.61501727739568,1.3907651793752418,1.4360933259197273,0.9474369953949143,2.7023167754128454e-11,nan,nan,,
hmc_in_gauss_k2,6,0.05,24,2000,100,oracle,1.0,0.0,0,100,0.0557894736842105,1,True,0.04852933300026052,-1.0118782775204216,0.946784742325231,0.9865617525971819,1.0019993255530875,0.8708179307261884,0.903451296683258,nan,nan,,
hmc_in_gauss_k2,6,0.05,24,2000,100,fm,0.0,0.0,0,0,0.4421052631578948,1,True,0.2706187499989028,0.10545173973245364,8.61501727739568,1.3907651793752418,1.4360933259197273,0.9474369953949143,2.7023167754128454e-11,nan,nan,,
hmc_in_gauss_k2,6,0.05,24,2000,100,fm_hampel,1.0,0.0010526315789473684,0,102,0.05631578947368421,3,True,0.2873547920007695,-1.009537665971497,0.944317496196521,0.9814782909935209,0.9960793073858801,0.8703657928490943,0.9031924967326951,nan,nan,0.87,0.011052631578947368
hmc_in_gauss_k2,6,0.05,24,2000,100,fm_warm,0.0,0.0,0,0,0.4421052631578948,1,True,0.26904291699975147,0.10545173973245364,8.61501727739568,1.3907651793752418,1.4360933259197273,0.9474369953949143,2.7023167754128454e-11,nan,nan,,
hmc_in_gauss_k2,8,0.05,24,2000,100,true_seq,1.0,0.0010526315789473684,0,102,0.05368421052631578,0,True,0.04651045799982967,,,,,,,,,,
hmc_in_gauss_k2,8,0.05,24,2000,100,true_nonseq,1.0,0.0015789473684210526,0,103,nan,0,True,0.04535508399931132,,,,,,,,,,
hmc_in_gauss_k2,8,0.05,24,2000,100,true_raw,0.0,0.0,0,0,0.06999999999999995,0,True,0.0,,,,,,,,,,
hmc_in_gauss_k2,8,0.05,24,2000,100,clean,0.0,0.0,0,0,0.0557894736842105,1,True,0.04715437500090047,-1.0225269003945314,0.948371062459233,0.9824345252710928,1.004146196343523,0.8714951819700064,0.9052919790850044,nan,nan,,
hmc_in_gauss_k2,8,0.05,24,2000,100,raw,0.0,0.0,0,0,0.4352631578947368,1,True,0.1574614159999328,0.12489207961591121,11.015741279953,1.3916094373966605,1.3863722459401906,0.947341142093872,2.3458219925156674e-17,nan,nan,,
hmc_in_gauss_k2,8,0.05,24,2000,100,oracle,1.0,0.0,0,100,0.05789473684210522,1,True,0.048081499999170774,-1.0228350649377393,0.956568159871837,0.9787742292912367,0.9997100849422863,0.8701657196952068,0.904858328011846,nan,nan,,
hmc_in_gauss_k2,8,0.05,24,2000,100,fm,0.01,0.0,0,1,0.4352631578947368,2,True,0.40157033300056355,0.12489260353930165,10.9791923828605,1.3916106567100135,1.3445386235346173,0.9478648852497719,2.788789342906095e-17,nan,nan,,
hmc_in_gauss_k2,8,0.05,24,2000,100,fm_hampel,1.0,0.0005263157894736842,0,101,0.059473684210526345,3,True,0.285157459000402,-1.02257502074414,0.9546513785944049,0.9788653963029896,0.9937196448246411,0.8700047281046208,0.9045641783599587,nan,nan,0.93,0.008947368421052631
hmc_in_gauss_k2,8,0.05,24,2000,100,fm_warm,0.01,0.0,0,1,0.4352631578947368,2,True,0.2681140000004234,0.12489208501908176,10.97918578094708,1.3916094500395055,1.3445491454691567,0.9478644825281637,3.1940298642040025e-24,nan,nan,,
hmc_in_gauss_k2,0,0.0,25,2000,0,true_seq,nan,0.0005,0,1,0.049000000000000044,0,True,0.04679487499925017,,,,,,,,,,
hmc_in_gauss_k2,0,0.0,25,2000,0,true_nonseq,nan,0.0005,0,1,nan,0,True,0.0457387500009645,,,,,,,,,,
hmc_in_gauss_k2,0,0.0,25,2000,0,true_raw,nan,0.0,0,0,0.049000000000000044,0,True,0.0,,,,,,,,,,
hmc_in_gauss_k2,0,0.0,25,2000,0,clean,nan,0.0,0,0,0.050000000000000044,1,True,0.03736762500011537,-1.0168441224157116,1.0240532206612591,0.9917540934362614,1.016279180795821,0.8929466377393135,0.8978541025636063,nan,nan,,
hmc_in_gauss_k2,0,0.0,25,2000,0,raw,nan,0.0,0,0,0.050000000000000044,1,True,0.03838579200055392,-1.0168441224157116,1.0240532206612591,0.9917540934362614,1.016279180795821,0.8929466377393135,0.8978541025636063,nan,nan,,
hmc_in_gauss_k2,0,0.0,25,2000,0,oracle,nan,0.0,0,0,0.050000000000000044,1,True,0.03702683299889031,-1.0168441224157116,1.0240532206612591,0.9917540934362614,1.016279180795821,0.8929466377393135,0.8978541025636063,nan,nan,,
hmc_in_gauss_k2,0,0.0,25,2000,0,fm,nan,0.0005,0,1,0.050000000000000044,2,True,0.1613604159992974,-1.0169212436804103,1.0217617489485846,0.9916669407113972,1.0106519971462977,0.8927317909323315,0.897535616697158,nan,nan,,
hmc_in_gauss_k2,0,0.0,25,2000,0,fm_hampel,nan,0.0005,0,1,0.050000000000000044,2,True,0.16190829200058943,-1.0169212436804103,1.0217617489485846,0.9916669407113972,1.0106519971462977,0.8927317909323315,0.897535616697158,nan,nan,nan,0.011
hmc_in_gauss_k2,0,0.0,25,2000,0,fm_warm,nan,0.0005,0,1,0.05049999999999999,2,True,0.15252495799904864,-1.019455216123167,1.0208027846024255,0.9896784565162549,1.0110069553679117,0.8917932009781098,0.8969875035546419,nan,nan,,
hmc_in_gauss_k2,4,0.01,25,2000,20,true_seq,0.85,0.000505050505050505,0,18,0.050000000000000044,0,True,0.047086040998692624,,,,,,,,,,
hmc_in_gauss_k2,4,0.01,25,2000,20,true_nonseq,0.85,0.000505050505050505,0,18,nan,0,True,0.046948834000431816,,,,,,,,,,
hmc_in_gauss_k2,4,0.01,25,2000,20,true_raw,0.0,0.0,0,0,0.05353535353535355,0,True,0.0,,,,,,,,,,
hmc_in_gauss_k2,4,0.01,25,2000,20,clean,0.0,0.0,0,0,0.0505050505050505,1,True,0.03831266700035485,-1.0168441224157116,1.0240532206612591,0.9917540934362614,1.016279180795821,0.8929466377393135,0.8978541025636063,nan,nan,,
hmc_in_gauss_k2,4,0.01,25,2000,20,raw,0.0,0.0,0,0,0.06313131313131315,1,True,0.0572719159990811,-1.0290653750467662,1.0265583140066674,0.990728337251162,1.2558240489826895,0.8829307057412984,0.9010174795427516,nan,nan,,
hmc_in_gauss_k2,4,0.01,25,2000,20,oracle,1.0,0.0,0,20,0.050000000000000044,1,True,0.039138042000558926,-1.0150359850257324,1.0239352378073774,0.9927939866685498,1.0151347054719613,0.8924807564932362,0.8973024463150227,nan,nan,,
hmc_in_gauss_k2,4,0.01,25,2000,20,fm,0.85,0.000505050505050505,0,18,0.05202020202020197,3,True,0.2584956249993411,-1.0166129836460551,1.023550860467624,0.9925693182907006,1.0217896077233244,0.8898700919571687,0.8959415083110908,nan,nan,,
hmc_in_gauss_k2,4,0.01,25,2000,20,fm_hampel,0.85,0.000505050505050505,0,18,0.05202020202020197,3,True,0.24682854200000293,-1.0166129836460551,1.023550860467624,0.9925693182907006,1.0217896077233244,0.8898700919571687,0.8959415083110908,nan,nan,0.5,0.010606060606060607
hmc_in_gauss_k2,4,0.01,25,2000,20,fm_warm,0.85,0.000505050505050505,0,18,0.05353535353535355,4,True,0.3463419170002453,-1.030882169633086,1.0116020244765083,0.9847641008441026,1.0270309307386483,0.8869641725312121,0.8958947530296181,nan,nan,,
hmc_in_gauss_k2,6,0.01,25,2000,20,true_seq,1.0,0.000505050505050505,0,21,0.0505050505050505,0,True,0.04760570799953712,,,,,,,,,,
hmc_in_gauss_k2,6,0.01,25,2000,20,true_nonseq,1.0,0.000505050505050505,0,21,nan,0,True,0.046396083998843096,,,,,,,,,,
hmc_in_gauss_k2,6,0.01,25,2000,20,true_raw,0.0,0.0,0,0,0.055050505050505016,0,True,0.0,,,,,,,,,,
hmc_in_gauss_k2,6,0.01,25,2000,20,clean,0.0,0.0,0,0,0.050000000000000044,1,True,0.038156374999744,-1.0168441224157116,1.0240532206612591,0.9917540934362614,1.016279180795821,0.8929466377393135,0.8978541025636063,nan,nan,,
hmc_in_gauss_k2,6,0.01,25,2000,20,raw,0.0,0.0,0,0,0.07474747474747478,1,True,0.057066999999733525,-1.0035419998888386,1.0095623317458882,0.9994062790761108,1.5280439039496536,0.8918823594437847,0.9132617698682091,nan,nan,,
hmc_in_gauss_k2,6,0.01,25,2000,20,oracle,1.0,0.0,0,20,0.051515151515151514,1,True,0.03857316700123192,-1.0137881464107745,1.0207499108089362,0.996190377558648,1.0180250915886215,0.8932441484003328,0.8983302869214778,nan,nan,,
hmc_in_gauss_k2,6,0.01,25,2000,20,fm,1.0,0.000505050505050505,0,21,0.051515151515151514,3,True,0.259044417000041,-1.013872709624197,1.018432936260913,0.996107064103436,1.0123514347435012,0.8930268709568993,0.8980101394823997,nan,nan,,
hmc_in_gauss_k2,6,0.01,25,2000,20,fm_hampel,1.0,0.000505050505050505,0,21,0.051515151515151514,3,True,0.23973666700112517,-1.013872709624197,1.018432936260913,0.996107064103436,1.0123514347435012,0.8930268709568993,0.8980101394823997,nan,nan,0.9,0.010101010101010102
hmc_in_gauss_k2,6,0.01,25,2000,20,fm_warm,1.0,0.000505050505050505,0,21,0.05202020202020197,3,True,0.28802325000106066,-1.0246978211944524,1.0056586115843351,0.9914198685200944,1.0190171635928718,0.8920976870843917,0.8995034463146679,nan,nan,,
hmc_in_gauss_k2,8,0.01,25,2000,20,true_seq,1.0,0.000505050505050505,0,21,0.04949494949494948,0,True,0.04633045799891988,,,,,,,,,,
hmc_in_gauss_k2,8,0.01,25,2000,20,true_nonseq,1.0,0.000505050505050505,0,21,nan,0,True,0.046872749999238295,,,,,,,,,,
hmc_in_gauss_k2,8,0.01,25,2000,20,true_raw,0.0,0.0,0,0,0.05101010101010106,0,True,0.0,,,,,,,,,,
hmc_in_gauss_k2,8,0.01,25,2000,20,clean,0.0,0.0,0,0,0.050000000000000044,1,True,0.03730395899947325,-1.0168441224157116,1.0240532206612591,0.9917540934362614,1.016279180795821,0.8929466377393135,0.8978541025636063,nan,nan,,
hmc_in_gauss_k2,8,0.01,25,2000,20,raw,0.0,0.0,0,0,0.08030303030303032,1,True,0.05568516699895554,-0.9408208937027871,1.0412928451377463,1.0116636086372846,1.8553628542540528,0.8910060853347639,0.9095005301477763,nan,nan,,
hmc_in_gauss_k2,8,0.01,25,2000,20,oracle,1.0,0.0,0,20,0.0505050505050505,1,True,0.03830458399897907,-1.0202291235587337,1.0256041732161671,0.9929707913792367,1.0140878227630985,0.893439536016338,0.8984981550280928,nan,nan,,
hmc_in_gauss_k2,8,0.01,25,2000,20,fm,1.0,0.000505050505050505,0,21,0.0505050505050505,3,True,0.2563807080005063,-1.0203102276489855,1.023282108754572,0.9928847698566714,1.0084106123964116,0.8932259620135345,0.898183782606942,nan,nan,,
hmc_in_gauss_k2,8,0.01,25,2000,20,fm_hampel,1.0,0.000505050505050505,0,21,0.0505050505050505,2,True,0.16011783400062995,-1.0203102276489855,1.023282108754572,0.9928847698566714,1.0084106123964116,0.8932259620135345,0.898183782606942,nan,nan,1.0,0.009595959595959595
hmc_in_gauss_k2,8,0.01,25,2000,20,fm_warm,1.0,0.000505050505050505,0,21,0.0505050505050505,3,True,0.28477387500061013,-1.0288291546498012,1.0151049957966867,0.9884086292852347,1.0125353823322178,0.8921176389934431,0.8987853559870888,nan,nan,,
hmc_in_gauss_k2,4,0.05,25,2000,100,true_seq,0.93,0.0005263157894736842,0,94,0.052631578947368474,0,True,0.04729691700049443,,,,,,,,,,
hmc_in_gauss_k2,4,0.05,25,2000,100,true_nonseq,0.93,0.0005263157894736842,0,94,nan,0,True,0.047065917000509216,,,,,,,,,,
hmc_in_gauss_k2,4,0.05,25,2000,100,true_raw,0.0,0.0,0,0,0.06105263157894736,0,True,0.0,,,,,,,,,,
hmc_in_gauss_k2,4,0.05,25,2000,100,clean,0.0,0.0,0,0,0.050000000000000044,1,True,0.03862808399935602,-1.0168441224157116,1.0240532206612591,0.9917540934362614,1.016279180795821,0.8929466377393135,0.8978541025636063,nan,nan,,
hmc_in_gauss_k2,4,0.05,25,2000,100,raw,0.0,0.0,0,0,0.08578947368421053,1,True,0.05603020799935621,-0.9653280606504369,1.2687371568259285,0.9933282162239215,1.9205443837731753,0.8489578700221114,0.887259129475033,nan,nan,,
hmc_in_gauss_k2,4,0.05,25,2000,100,oracle,1.0,0.0,0,100,0.052631578947368474,1,True,0.03788316600002872,-1.0237171334549027,1.0136679346008495,0.9888772837037553,1.0112325995232703,0.8929604786197998,0.8976403133804431,nan,nan,,
hmc_in_gauss_k2,4,0.05,25,2000,100,fm,0.9,0.0005263157894736842,0,91,0.054736842105263195,9,True,0.8240100000002712,-1.035808910117295,1.0229692008578883,0.9818550149456,1.0400129363503259,0.8822920507238103,0.8914520356533921,nan,nan,,
hmc_in_gauss_k2,4,0.05,25,2000,100,fm_hampel,0.9,0.0005263157894736842,0,91,0.054736842105263195,6,True,0.534901416998764,-1.035808910117295,1.0229692008578883,0.9818550149456,1.0400129363503259,0.8822920507238103,0.8914520356533921,nan,nan,0.65,0.010526315789473684
hmc_in_gauss_k2,4,0.05,25,2000,100,fm_warm,0.9,0.0005263157894736842,0,91,0.05315789473684207,10,True,0.805602791999263,-1.0533130411450427,1.009527702642085,0.9722239858436307,1.0448013404173708,0.8783121689186006,0.8910764240199871,nan,nan,,
hmc_in_gauss_k2,6,0.05,25,2000,100,true_seq,1.0,0.0005263157894736842,0,101,0.052631578947368474,0,True,0.04731483400064462,,,,,,,,,,
hmc_in_gauss_k2,6,0.05,25,2000,100,true_nonseq,1.0,0.0010526315789473684,1,102,nan,0,True,0.04679316600049788,,,,,,,,,,
hmc_in_gauss_k2,6,0.05,25,2000,100,true_raw,0.0,0.0,0,0,0.07315789473684209,0,True,0.0,,,,,,,,,,
hmc_in_gauss_k2,6,0.05,25,2000,100,clean,0.0,0.0,0,0,0.050000000000000044,1,True,0.037671250000130385,-1.0168441224157116,1.0240532206612591,0.9917540934362614,1.016279180795821,0.8929466377393135,0.8978541025636063,nan,nan,,
hmc_in_gauss_k2,6,0.05,25,2000,100,raw,0.0,0.0,0,0,0.48684210526315785,1,True,0.2920167920001404,0.03833042629371549,8.44191931824282,1.4362653234143747,1.3646287570647304,0.9475048030387542,2.4048707672370138e-09,nan,nan,,
hmc_in_gauss_k2,6,0.05,25,2000,100,oracle,1.0,0.0,0,100,0.05421052631578949,1,True,0.037354250000134925,-1.0177080536629872,1.0278073716018512,0.988326287458904,1.0226486044134955,0.8904037818931959,0.8976887094121616,nan,nan,,
hmc_in_gauss_k2,6,0.05,25,2000,100,fm,0.01,0.0,0,1,0.48684210526315785,2,True,0.6925612499999261,0.03871640699710138,8.412275026993774,1.4368693120619471,1.3186838136638503,0.9481132912550514,4.5595647141167604e-11,nan,nan,,
hmc_in_gauss_k2,6,0.05,25,2000,100,fm_hampel,1.0,0.0005263157894736842,0,101,0.05421052631578949,3,True,0.26631495900073787,-1.0177972972116707,1.025438056989521,0.9882292429620986,1.0168033231566167,0.8901835464626227,0.8973666209135481,nan,nan,0.79,0.009473684210526316
hmc_in_gauss_k2,6,0.05,25,2000,100,fm_warm,0.01,0.0,0,1,0.48684210526315785,2,True,0.4124854170004255,0.03863533445519772,8.411003626465199,1.4367476893664604,1.32035311402876,0.9480945343256527,5.23502149029929e-12,nan,nan,,
hmc_in_gauss_k2,8,0.05,25,2000,100,true_seq,1.0,0.0005263157894736842,1,101,0.052631578947368474,0,True,0.04621975000009115,,,,,,,,,,
hmc_in_gauss_k2,8,0.05,25,2000,100,true_nonseq,1.0,0.0015789473684210526,3,103,nan,0,True,0.046834917000524,,,,,,,,,,
hmc_in_gauss_k2,8,0.05,25,2000,100,true_raw,0.0,0.0,0,0,0.0642105263157895,0,True,0.0,,,,,,,,,,
hmc_in_gauss_k2,8,0.05,25,2000,100,clean,0.0,0.0,0,0,0.05052631578947364,1,True,0.037508750001506996,-1.0168441224157116,1.0240532206612591,0.9917540934362614,1.016279180795821,0.8929466377393135,0.8978541025636063,nan,nan,,
hmc_in_gauss_k2,8,0.05,25,2000,100,raw,0.0,0.0,0,0,0.4905263157894737,1,True,0.15915845800009265,0.024022308506120672,11.5521193566458,1.4336665971819686,1.390081777419451,0.9473407158940134,1.0198168006621259e-13,nan,nan,,
hmc_in_gauss_k2,8,0.05,25,2000,100,oracle,1.0,0.0,0,100,0.05421052631578949,1,True,0.03851679199942737,-1.020112792478912,1.0232053738151736,0.9972634202198571,1.0143681571666063,0.8925966831018894,0.8980955859648538,nan,nan,,
hmc_in_gauss_k2,8,0.05,25,2000,100,fm,0.02,0.0,0,2,0.4905263157894737,3,True,0.604521624998597,0.02402233161199347,11.482907446848118,1.433666650903239,1.315812717267492,0.9483881538987013,2.0844240162183086e-13,nan,nan,,
hmc_in_gauss_k2,8,0.05,25,2000,100,fm_hampel,1.0,0.0005263157894736842,1,101,0.05421052631578949,3,True,0.2491236249989015,-1.020392605233328,1.0203976898884792,0.997145206747466,1.0086378052765284,0.8924545230142388,0.8979117949735462,nan,nan,0.98,0.01
hmc_in_gauss_k2,8,0.05,25,2000,100,fm_warm,0.02,0.0,0,2,0.4905263157894737,3,True,0.34102412500033097,0.024022322248691375,11.482907318235679,1.4336666278579002,1.3158129769821958,0.9483875170562933,7.960219487130409e-26,nan,nan,,
hmc_in_gauss_k2,0,0.0,26,2000,0,true_seq,nan,0.001,0,2,0.057499999999999996,0,True,0.04714362500089919,,,,,,,,,,
hmc_in_gauss_k2,0,0.0,26,2000,0,true_nonseq,nan,0.001,0,2,nan,0,True,0.04629495799963479,,,,,,,,,,
hmc_in_gauss_k2,0,0.0,26,2000,0,true_raw,nan,0.0,0,0,0.056499999999999995,0,True,0.0,,,,,,,,,,
hmc_in_gauss_k2,0,0.0,26,2000,0,clean,nan,0.0,0,0,0.05900000000000005,1,True,0.047815624999202555,-0.9821883312204782,1.0273392164471475,1.036443333344928,0.9984610230962168,0.9070439435669105,0.8703765192600851,nan,nan,,
hmc_in_gauss_k2,0,0.0,26,2000,0,raw,nan,0.0,0,0,0.05900000000000005,1,True,0.047292667000874644,-0.9821883312204782,1.0273392164471475,1.036443333344928,0.9984610230962168,0.9070439435669105,0.8703765192600851,nan,nan,,
hmc_in_gauss_k2,0,0.0,26,2000,0,oracle,nan,0.0,0,0,0.05900000000000005,1,True,0.04711920799854852,-0.9821883312204782,1.0273392164471475,1.036443333344928,0.9984610230962168,0.9070439435669105,0.8703765192600851,nan,nan,,
hmc_in_gauss_k2,0,0.0,26,2000,0,fm,nan,0.001,0,2,0.05900000000000005,2,True,0.17735458300012397,-0.9805717165825456,1.02515935689012,1.0304128842870297,0.9881342124056671,0.9065229168646602,0.8695962415910629,nan,nan,,
hmc_in_gauss_k2,0,0.0,26,2000,0,fm_hampel,nan,0.001,0,2,0.05900000000000005,2,True,0.18152849999933096,-0.9805717165825456,1.02515935689012,1.0304128842870297,0.9881342124056671,0.9065229168646602,0.8695962415910629,nan,nan,nan,0.0105
hmc_in_gauss_k2,0,0.0,26,2000,0,fm_warm,nan,0.001,0,2,0.058499999999999996,2,True,0.15971970899954613,-0.9756837223019028,1.0278676285469202,1.0333889967275076,0.9877628078955099,0.9072508612036286,0.8695509240026518,nan,nan,,
hmc_in_gauss_k2,4,0.01,26,2000,20,true_seq,0.85,0.00101010101010101,0,19,0.05757575757575761,0,True,0.04639937499996449,,,,,,,,,,
hmc_in_gauss_k2,4,0.01,26,2000,20,true_nonseq,0.85,0.00101010101010101,0,19,nan,0,True,0.046711666000192054,,,,,,,,,,
hmc_in_gauss_k2,4,0.01,26,2000,20,true_raw,0.0,0.0,0,0,0.05606060606060603,0,True,0.0,,,,,,,,,,
hmc_in_gauss_k2,4,0.01,26,2000,20,clean,0.0,0.0,0,0,0.05757575757575761,1,True,0.047511875000054715,-0.9821883312204782,1.0273392164471475,1.036443333344928,0.9984610230962168,0.9070439435669105,0.8703765192600851,nan,nan,,
hmc_in_gauss_k2,4,0.01,26,2000,20,raw,0.0,0.0,0,0,0.05202020202020197,1,True,0.05629712500012829,-0.989465245938427,1.0465691959677637,1.0365784705091547,1.2629340173962469,0.9037072891407113,0.8792871793248546,nan,nan,,
hmc_in_gauss_k2,4,0.01,26,2000,20,oracle,1.0,0.0,0,20,0.05707070707070705,1,True,0.04831354200177884,-0.9902287498273346,1.0317710587705853,1.0337377614320238,0.9980823602263036,0.9056962704262764,0.8702098504730212,nan,nan,,
hmc_in_gauss_k2,4,0.01,26,2000,20,fm,0.85,0.00101010101010101,0,19,0.05707070707070705,3,True,0.2583614169998327,-0.994608980970345,1.0279084743395202,1.0248832192869697,1.0058850522299148,0.9054459895708665,0.8721934746691901,nan,nan,,
hmc_in_gauss_k2,4,0.01,26,2000,20,fm_hampel,0.85,0.00101010101010101,0,19,0.05707070707070705,2,True,0.1724724170016998,-0.994608980970345,1.0279084743395202,1.0248832192869697,1.0058850522299148,0.9054459895708665,0.8721934746691901,nan,nan,0.45,0.010101010101010102
hmc_in_gauss_k2,4,0.01,26,2000,20,fm_warm,0.85,0.00101010101010101,0,19,0.05757575757575761,3,True,0.2773288340013096,-0.9862692352444843,1.0357581817756851,1.0295128778483802,1.0027615085396746,0.9060099314400208,0.870841980212291,nan,nan,,
hmc_in_gauss_k2,6,0.01,26,2000,20,true_seq,1.0,0.00101010101010101,0,22,0.05757575757575761,0,True,0.04741887499949371,,,,,,,,,,
hmc_in_gauss_k2,6,0.01,26,2000,20,true_nonseq,1.0,0.00101010101010101,0,22,nan,0,True,0.04718016699916916,,,,,,,,,,
hmc_in_gauss_k2,6,0.01,26,2000,20,true_raw,0.0,0.0,0,0,0.06414141414141417,0,True,0.0,,,,,,,,,,
hmc_in_gauss_k2,6,0.01,26,2000,20,clean,0.0,0.0,0,0,0.05909090909090908,1,True,0.04730804199971317,-0.9821883312204782,1.0273392164471475,1.036443333344928,0.9984610230962168,0.9070439435669105,0.8703765192600851,nan,nan,,
hmc_in_gauss_k2,6,0.01,26,2000,20,raw,0.0,0.0,0,0,0.06818181818181823,1,True,0.06615362499906041,-0.9558149067990352,0.9858327752647952,1.0362158289363208,1.6397786496216067,0.9020433405950342,0.8862313348625244,nan,nan,,
hmc_in_gauss_k2,6,0.01,26,2000,20,oracle,1.0,0.0,0,20,0.05858585858585863,1,True,0.04815733299983549,-0.9881879025993786,1.0296003848935977,1.0337818108410486,1.0011537587185548,0.9062087704648998,0.869635674063074,nan,nan,,
hmc_in_gauss_k2,6,0.01,26,2000,20,fm,1.0,0.00101010101010101,0,22,0.05909090909090908,3,True,0.27983045800101536,-0.9866199971022033,1.0273859148428928,1.027632922994796,0.9907720320751936,0.9056703273771661,0.8688486404819088,nan,nan,,
hmc_in_gauss_k2,6,0.01,26,2000,20,fm_hampel,1.0,0.00101010101010101,0,22,0.05909090909090908,2,True,0.1823288750001666,-0.9866199971022033,1.0273859148428928,1.027632922994796,0.9907720320751936,0.9056703273771661,0.8688486404819088,nan,nan,0.8,0.010101010101010102
hmc_in_gauss_k2,6,0.01,26,2000,20,fm_warm,1.0,0.00101010101010101,0,22,0.05909090909090908,3,True,0.29786404200058314,-0.9773021476938452,1.0276018922446997,1.034111467438521,0.9940717224450194,0.9086586866204472,0.8715505536384461,nan,nan,,
hmc_in_gauss_k2,8,0.01,26,2000,20,true_seq,1.0,0.00101010101010101,0,22,0.058080808080808066,0,True,0.04741637499864737,,,,,,,,,,
hmc_in_gauss_k2,8,0.01,26,2000,20,true_nonseq,1.0,0.00101010101010101,0,22,nan,0,True,0.04794120800033852,,,,,,,,,,
hmc_in_gauss_k2,8,0.01,26,2000,20,true_raw,0.0,0.0,0,0,0.0601010101010101,0,True,0.0,,,,,,,,,,
hmc_in_gauss_k2,8,0.01,26,2000,20,clean,0.0,0.0,0,0,0.05959595959595965,1,True,0.04703733300084423,-0.9821883312204782,1.0273392164471475,1.036443333344928,0.9984610230962168,0.9070439435669105,0.8703765192600851,nan,nan,,
hmc_in_gauss_k2,8,0.01,26,2000,20,raw,0.0,0.0,0,0,0.07474747474747478,1,True,0.07754291700075555,-0.8544797810829337,1.0363806762554764,1.0682911722351067,2.0393472831657578,0.9167926853603505,0.8926089421803741,nan,nan,,
hmc_in_gauss_k2,8,0.01,26,2000,20,oracle,1.0,0.0,0,20,0.06161616161616157,1,True,0.04851945900009014,-0.9791449682861855,1.0212529181799734,1.0396827568785207,1.0005444220808668,0.9071613538310552,0.8704323150798534,nan,nan,,
hmc_in_gauss_k2,8,0.01,26,2000,20,fm,1.0,0.00101010101010101,0,22,0.06212121212121213,3,True,0.29787216700060526,-0.9774739563167026,1.0191861250730725,1.0336212053167915,0.990002037297069,0.9066361531980363,0.8696203932198142,nan,nan,,
hmc_in_gauss_k2,8,0.01,26,2000,20,fm_hampel,1.0,0.00101010101010101,0,22,0.06212121212121213,2,True,0.1727390000014566,-0.9774739563167026,1.0191861250730725,1.0336212053167915,0.990002037297069,0.9066361531980363,0.8696203932198142,nan,nan,1.0,0.010101010101010102
hmc_in_gauss_k2,8,0.01,26,2000,20,fm_warm,1.0,0.00101010101010101,0,22,0.06262626262626259,3,True,0.32118124999942665,-0.95900618978005,1.0224421586772863,1.0465530688440285,0.9930108477908943,0.9123780321512495,0.8745171728526596,nan,nan,,
hmc_in_gauss_k2,4,0.05,26,2000,100,true_seq,0.88,0.0010526315789473684,0,90,0.06631578947368422,0,True,0.04736862500067218,,,,,,,,,,
hmc_in_gauss_k2,4,0.05,26,2000,100,true_nonseq,0.88,0.0010526315789473684,0,90,nan,0,True,0.046903625001505134,,,,,,,,,,
hmc_in_gauss_k2,4,0.05,26,2000,100,true_raw,0.0,0.0,0,0,0.07894736842105265,0,True,0.0,,,,,,,,,,
hmc_in_gauss_k2,4,0.05,26,2000,100,clean,0.0,0.0,0,0,0.059473684210526345,1,True,0.04775312499987194,-0.9821883312204782,1.0273392164471475,1.036443333344928,0.9984610230962168,0.9070439435669105,0.8703765192600851,nan,nan,,
hmc_in_gauss_k2,4,0.05,26,2000,100,raw,0.0,0.0,0,0,0.0931578947368421,1,True,0.05720520899922121,-0.9624875397316714,1.1983200811240737,1.01494131758008,1.937932072684161,0.8518637401652976,0.8582634557017488,nan,nan,,
hmc_in_gauss_k2,4,0.05,26,2000,100,oracle,1.0,0.0,0,100,0.05789473684210522,1,True,0.0383975829990959,-0.9917685670871829,1.0172389211317638,1.0312013985186217,1.0062846348226568,0.9071263514347174,0.8722370721936239,nan,nan,,
hmc_in_gauss_k2,4,0.05,26,2000,100,fm,0.84,0.0010526315789473684,0,86,0.06736842105263163,9,True,0.8713533749996714,-1.006092581667097,1.0259920765492743,1.019903806797417,1.0676636129277077,0.891437354146765,0.8614434051245785,nan,nan,,
hmc_in_gauss_k2,4,0.05,26,2000,100,fm_hampel,0.84,0.0010526315789473684,0,86,0.06736842105263163,6,True,0.5893336669996643,-1.006092581667097,1.0259920765492743,1.019903806797417,1.0676636129277077,0.891437354146765,0.8614434051245785,nan,nan,0.55,0.01
hmc_in_gauss_k2,4,0.05,26,2000,100,fm_warm,0.84,0.0010526315789473684,0,86,0.07052631578947366,10,True,0.8333154159990954,-1.0339716029645345,1.0054518011997426,1.002017636365356,1.0736061654073115,0.8811932303353135,0.8556523508343795,nan,nan,,
hmc_in_gauss_k2,6,0.05,26,2000,100,true_seq,1.0,0.0010526315789473684,1,102,0.06000000000000005,0,True,0.04724766700019245,,,,,,,,,,
hmc_in_gauss_k2,6,0.05,26,2000,100,true_nonseq,1.0,0.0015789473684210526,2,103,nan,0,True,0.047226208000211045,,,,,,,,,,
hmc_in_gauss_k2,6,0.05,26,2000,100,true_raw,0.0,0.0,0,0,0.07894736842105265,0,True,0.0,,,,,,,,,,
hmc_in_gauss_k2,6,0.05,26,2000,100,clean,0.0,0.0,0,0,0.05894736842105264,1,True,0.04682354199940164,-0.9821883312204782,1.0273392164471475,1.036443333344928,0.9984610230962168,0.9070439435669105,0.8703765192600851,nan,nan,,
hmc_in_gauss_k2,6,0.05,26,2000,100,raw,0.0,0.0,0,0,0.41947368421052633,1,True,0.24982300000010582,-0.14217319057798256,8.398655896144842,1.4248484809608173,1.4014180894616168,0.9474213812813775,0.00022087734190207037,nan,nan,,
hmc_in_gauss_k2,6,0.05,26,2000,100,oracle,1.0,0.0,0,100,0.05842105263157893,1,True,0.03896358299971325,-0.9965856000490241,1.0012908628178216,1.0345376606083478,1.012194147664738,0.904717426006207,0.8725609543330758,nan,nan,,
hmc_in_gauss_k2,6,0.05,26,2000,100,fm,0.0,0.0005263157894736842,1,1,0.41947368421052633,2,True,0.6008355419999134,-0.1446830950827065,8.400009349046833,1.4208622057220608,1.3996618267088246,0.9474284496291139,5.682406501279563e-11,nan,nan,,
hmc_in_gauss_k2,6,0.05,26,2000,100,fm_hampel,1.0,0.0010526315789473684,1,102,0.059473684210526345,3,True,0.2731009589988389,-0.9941191530411173,0.9990682461628209,1.0284813569264424,1.0020625059249182,0.9046240914577045,0.8720513936343752,nan,nan,0.86,0.008421052631578947
hmc_in_gauss_k2,6,0.05,26,2000,100,fm_warm,0.0,0.0005263157894736842,1,1,0.41947368421052633,2,True,0.36845704200095497,-0.1445823004421138,8.40150418905389,1.421024958889564,1.397798889966526,0.9474505388614356,2.3901081162990365e-06,nan,nan,,
hmc_in_gauss_k2,8,0.05,26,2000,100,true_seq,1.0,0.0010526315789473684,1,102,0.056842105263157916,0,True,0.0472845000003872,,,,,,,,,,
hmc_in_gauss_k2,8,0.05,26,2000,100,true_nonseq,1.0,0.0010526315789473684,1,102,nan,0,True,0.04646083300031023,,,,,,,,,,
hmc_in_gauss_k2,8,0.05,26,2000,100,true_raw,0.0,0.0,0,0,0.07789473684210524,0,True,0.0,,,,,,,,,,
hmc_in_gauss_k2,8,0.05,26,2000,100,clean,0.0,0.0,0,0,0.05842105263157893,1,True,0.04730404099973384,-0.9821883312204782,1.0273392164471475,1.036443333344928,0.9984610230962168,0.9070439435669105,0.8703765192600851,nan,nan,,
hmc_in_gauss_k2,8,0.05,26,2000,100,raw,0.0,0.0,0,0,0.42210526315789476,1,True,0.16164862500045274,-0.13940086657619416,11.180803959214698,1.425914404801287,1.359956223833949,0.9473405105159548,1.1716194749207387e-18,nan,nan,,
hmc_in_gauss_k2,8,0.05,26,2000,100,oracle,1.0,0.0,0,100,0.057368421052631624,1,True,0.04817554200053564,-0.991776508620541,1.0269864309378487,1.035217375109961,0.9971816907744393,0.906157973269811,0.8707647045882725,nan,nan,,
hmc_in_gauss_k2,8,0.05,26,2000,100,fm,0.01,0.0,0,1,0.42210526315789476,2,True,0.40312441700007184,-0.1394005315722606,11.147799019782177,1.425914936568819,1.3263197183427382,0.9478642412221704,1.0620093086502401e-18,nan,nan,,
hmc_in_gauss_k2,8,0.05,26,2000,100,fm_hampel,1.0,0.0010526315789473684,1,102,0.05842105263157893,3,True,0.2918338750005205,-0.9900287144573379,1.02483997143789,1.0288478211653473,0.9863002483900122,0.9056182924967925,0.8699556924108863,nan,nan,0.94,0.007368421052631579
hmc_in_gauss_k2,8,0.05,26,2000,100,fm_warm,0.01,0.0,0,1,0.42210526315789476,2,True,0.27179791600065073,-0.13940086180146827,11.147790830172086,1.4259144124086973,1.32633854616312,0.9478638513447737,1.2242061911427308e-25,nan,nan,,
hmc_in_gauss_k2,0,0.0,27,2000,0,true_seq,nan,0.001,0,2,0.05149999999999999,0,True,0.04750825000155601,,,,,,,,,,
hmc_in_gauss_k2,0,0.0,27,2000,0,true_nonseq,nan,0.001,0,2,nan,0,True,0.04697791600119672,,,,,,,,,,
hmc_in_gauss_k2,0,0.0,27,2000,0,true_raw,nan,0.0,0,0,0.051000000000000045,0,True,0.0,,,,,,,,,,
hmc_in_gauss_k2,0,0.0,27,2000,0,clean,nan,0.0,0,0,0.05300000000000005,1,True,0.04797525000140013,-0.9863923502374053,0.9935361025082452,1.0127008632583472,1.0034229894666726,0.918236704266993,0.9069764928592793,nan,nan,,
hmc_in_gauss_k2,0,0.0,27,2000,0,raw,nan,0.0,0,0,0.05300000000000005,1,True,0.047691333000329905,-0.9863923502374053,0.9935361025082452,1.0127008632583472,1.0034229894666726,0.918236704266993,0.9069764928592793,nan,nan,,
hmc_in_gauss_k2,0,0.0,27,2000,0,oracle,nan,0.0,0,0,0.05300000000000005,1,True,0.048074750000523636,-0.9863923502374053,0.9935361025082452,1.0127008632583472,1.0034229894666726,0.918236704266993,0.9069764928592793,nan,nan,,
hmc_in_gauss_k2,0,0.0,27,2000,0,fm,nan,0.001,0,2,0.05249999999999999,2,True,0.1713532909998321,-0.9877226054306185,0.991294102295323,1.0038236249820311,0.9975682055610462,0.9160775188596237,0.9048384963485252,nan,nan,,
hmc_in_gauss_k2,0,0.0,27,2000,0,fm_hampel,nan,0.001,0,2,0.05249999999999999,2,True,0.16240375000052154,-0.9877226054306185,0.991294102295323,1.0038236249820311,0.9975682055610462,0.9160775188596237,0.9048384963485252,nan,nan,nan,0.0095
hmc_in_gauss_k2,0,0.0,27,2000,0,fm_warm,nan,0.001,0,2,0.05400000000000005,2,True,0.1601099580002483,-0.9804368888895892,0.9902558135077002,1.0091019721284102,1.0007085431381713,0.9194369801191169,0.9080142139588459,nan,nan,,
hmc_in_gauss_k2,4,0.01,27,2000,20,true_seq,0.85,0.00101010101010101,0,19,0.05303030303030298,0,True,0.048285124999893014,,,,,,,,,,
hmc_in_gauss_k2,4,0.01,27,2000,20,true_nonseq,0.85,0.00101010101010101,0,19,nan,0,True,0.046732083001188585,,,,,,,,,,
hmc_in_gauss_k2,4,0.01,27,2000,20,true_raw,0.0,0.0,0,0,0.05555555555555558,0,True,0.0,,,,,,,,,,
hmc_in_gauss_k2,4,0.01,27,2000,20,clean,0.0,0.0,0,0,0.05303030303030298,1,True,0.048113624998222804,-0.9863923502374053,0.9935361025082452,1.0127008632583472,1.0034229894666726,0.918236704266993,0.9069764928592793,nan,nan,,
hmc_in_gauss_k2,4,0.01,27,2000,20,raw,0.0,0.0,0,0,0.0565656565656566,1,True,0.047282666999308276,-0.9931849798663368,1.0363451150750518,1.0115384979559618,1.2104466397336366,0.908867765579717,0.9042061941780234,nan,nan,,
hmc_in_gauss_k2,4,0.01,27,2000,20,oracle,1.0,0.0,0,20,0.05353535353535355,1,True,0.04922091700063902,-0.984885417764936,0.9977125858435534,1.015000445508871,1.0060762243797596,0.9183174128321796,0.9072599967050132,nan,nan,,
hmc_in_gauss_k2,4,0.01,27,2000,20,fm,0.85,0.00101010101010101,0,19,0.054545454545454564,3,True,0.24959020799906284,-0.9906496512589258,0.9974173228305564,1.0046394952179145,1.0113850308490677,0.9143416985910041,0.9045342820843967,nan,nan,,
hmc_in_gauss_k2,4,0.01,27,2000,20,fm_hampel,0.85,0.00101010101010101,0,19,0.054545454545454564,3,True,0.2497476660009852,-0.9906496512589258,0.9974173228305564,1.0046394952179145,1.0113850308490677,0.9143416985910041,0.9045342820843967,nan,nan,0.5,0.008585858585858586
hmc_in_gauss_k2,4,0.01,27,2000,20,fm_warm,0.85,0.00101010101010101,0,19,0.055050505050505016,3,True,0.24788449999869044,-0.9832130187161136,0.9904335023380715,1.0107659713849975,1.0195120122076884,0.9186852154342436,0.90924601159441,nan,nan,,
hmc_in_gauss_k2,6,0.01,27,2000,20,true_seq,1.0,0.00101010101010101,0,22,0.0505050505050505,0,True,0.0478632500016829,,,,,,,,,,
hmc_in_gauss_k2,6,0.01,27,2000,20,true_nonseq,1.0,0.00101010101010101,0,22,nan,0,True,0.04565866699886101,,,,,,,,,,
hmc_in_gauss_k2,6,0.01,27,2000,20,true_raw,0.0,0.0,0,0,0.05303030303030298,0,True,0.0,,,,,,,,,,
hmc_in_gauss_k2,6,0.01,27,2000,20,clean,0.0,0.0,0,0,0.05353535353535355,1,True,0.04718487500031188,-0.9863923502374053,0.9935361025082452,1.0127008632583472,1.0034229894666726,0.918236704266993,0.9069764928592793,nan,nan,,
hmc_in_gauss_k2,6,0.01,27,2000,20,raw,0.0,0.0,0,0,0.06767676767676767,1,True,0.0574960000012652,-0.9475474933064243,1.0312800175094887,1.0263044080467196,1.5744479040543942,0.9168935181076836,0.9139240904682355,nan,nan,,
hmc_in_gauss_k2,6,0.01,27,2000,20,oracle,1.0,0.0,0,20,0.05353535353535355,1,True,0.04865783300010662,-0.9859608000032951,0.9930579084903233,1.0117617776354935,1.0032705876675465,0.9185033216713833,0.9071680500285534,nan,nan,,
hmc_in_gauss_k2,6,0.01,27,2000,20,fm,1.0,0.00101010101010101,0,22,0.05303030303030298,3,True,0.259534208000332,-0.9871310376256681,0.9908515043154544,1.0029010028033027,0.9973559075327908,0.9163523285675781,0.9050150874697653,nan,nan,,
hmc_in_gauss_k2,6,0.01,27,2000,20,fm_hampel,1.0,0.00101010101010101,0,22,0.05303030303030298,2,True,0.17245562500102096,-0.9871310376256681,0.9908515043154544,1.0029010028033027,0.9973559075327908,0.9163523285675781,0.9050150874697653,nan,nan,0.9,0.009595959595959595
hmc_in_gauss_k2,6,0.01,27,2000,20,fm_warm,1.0,0.00101010101010101,0,22,0.05252525252525253,3,True,0.26908854200155474,-0.9779698234351331,0.9849247709668012,1.0104061824402422,1.0048502157476493,0.9220505471682466,0.9111056639319487,nan,nan,,
hmc_in_gauss_k2,8,0.01,27,2000,20,true_seq,1.0,0.00101010101010101,0,22,0.05303030303030298,0,True,0.047287541998230154,,,,,,,,,,
hmc_in_gauss_k2,8,0.01,27,2000,20,true_nonseq,1.0,0.00101010101010101,0,22,nan,0,True,0.04771687499851396,,,,,,,,,,
hmc_in_gauss_k2,8,0.01,27,2000,20,true_raw,0.0,0.0,0,0,0.054040404040404,0,True,0.0,,,,,,,,,,
hmc_in_gauss_k2,8,0.01,27,2000,20,clean,0.0,0.0,0,0,0.05353535353535355,1,True,0.052511666999635054,-0.9863923502374053,0.9935361025082452,1.0127008632583472,1.0034229894666726,0.918236704266993,0.9069764928592793,nan,nan,,
hmc_in_gauss_k2,8,0.01,27,2000,20,raw,0.0,0.0,0,0,0.07373737373737377,1,True,0.06639058299879252,-0.8884519601049905,1.0447852040179124,1.0407501117056601,1.891462443716184,0.9186755823280842,0.9142818393981617,nan,nan,,
hmc_in_gauss_k2,8,0.01,27,2000,20,oracle,1.0,0.0,0,20,0.05353535353535355,1,True,0.03800920799949381,-0.9873042344758771,0.9925867542986573,1.0120465520841142,0.9992726681589493,0.9154170543776555,0.9039296219960002,nan,nan,,
hmc_in_gauss_k2,8,0.01,27,2000,20,fm,1.0,0.00101010101010101,0,22,0.054040404040404,3,True,0.26852683300057834,-0.984584192107367,0.990038737585877,1.0058944474132578,0.994942740529362,0.9153062133897787,0.9037334264806026,nan,nan,,
hmc_in_gauss_k2,8,0.01,27,2000,20,fm_hampel,1.0,0.00101010101010101,0,22,0.054040404040404,2,True,0.16404208300082246,-0.984584192107367,0.990038737585877,1.0058944474132578,0.994942740529362,0.9153062133897787,0.9037334264806026,nan,nan,1.0,0.00808080808080808
hmc_in_gauss_k2,8,0.01,27,2000,20,fm_warm,1.0,0.00101010101010101,0,22,0.055050505050505016,3,True,0.29046254199965915,-0.9723206731173497,0.9873004212069928,1.0147031496670438,1.0011803220477191,0.9212363177925731,0.9095064051049315,nan,nan,,
hmc_in_gauss_k2,4,0.05,27,2000,100,true_seq,0.86,0.0005263157894736842,0,87,0.0557894736842105,0,True,0.0465063329993427,,,,,,,,,,
hmc_in_gauss_k2,4,0.05,27,2000,100,true_nonseq,0.84,0.0005263157894736842,0,85,nan,0,True,0.046318124999743304,,,,,,,,,,
hmc_in_gauss_k2,4,0.05,27,2000,100,true_raw,0.0,0.0,0,0,0.06684210526315792,0,True,0.0,,,,,,,,,,
hmc_in_gauss_k2,4,0.05,27,2000,100,clean,0.0,0.0,0,0,0.052631578947368474,1,True,0.047137957999439095,-0.9863923502374053,0.9935361025082452,1.0127008632583472,1.0034229894666726,0.918236704266993,0.9069764928592793,nan,nan,,
hmc_in_gauss_k2,4,0.05,27,2000,100,raw,0.0,0.0,0,0,0.08421052631578951,1,True,0.0568755410004087,-0.9496361134537359,1.2071286284217315,1.0030203816749659,1.8469625722942642,0.8777788336997843,0.8972760342339042,nan,nan,,
hmc_in_gauss_k2,4,0.05,27,2000,100,oracle,1.0,0.0,0,100,0.052105263157894766,1,True,0.038676832999044564,-0.9909548545417309,0.987423135787316,1.0023205001528583,1.0046517591157402,0.915171495798586,0.9053019695638745,nan,nan,,
hmc_in_gauss_k2,4,0.05,27,2000,100,fm,0.83,0.0005263157894736842,0,84,0.05526315789473679,7,True,0.6343300829994405,-0.9965362487260139,1.0097193176958803,0.9957871947389937,1.056257654965537,0.906485521176313,0.9009017679115287,nan,nan,,
hmc_in_gauss_k2,4,0.05,27,2000,100,fm_hampel,0.83,0.0005263157894736842,0,84,0.05526315789473679,5,True,0.44096670799990534,-0.9965362487260139,1.0097193176958803,0.9957871947389937,1.056257654965537,0.906485521176313,0.9009017679115287,nan,nan,0.49,0.01
hmc_in_gauss_k2,4,0.05,27,2000,100,fm_warm,0.83,0.0005263157894736842,0,84,0.0557894736842105,8,True,0.6735067499994329,-0.9980057525793291,0.9960515263187631,0.9977352510522205,1.0652753016486525,0.9087989273716598,0.9047895551019823,nan,nan,,
hmc_in_gauss_k2,6,0.05,27,2000,100,true_seq,1.0,0.0010526315789473684,0,102,0.05105263157894735,0,True,0.04794249999940803,,,,,,,,,,
hmc_in_gauss_k2,6,0.05,27,2000,100,true_nonseq,1.0,0.0010526315789473684,0,102,nan,0,True,0.04634795899983146,,,,,,,,,,
hmc_in_gauss_k2,6,0.05,27,2000,100,true_raw,0.0,0.0,0,0,0.06368421052631579,0,True,0.0,,,,,,,,,,
hmc_in_gauss_k2,6,0.05,27,2000,100,clean,0.0,0.0,0,0,0.052105263157894766,1,True,0.04774820800048474,-0.9863923502374053,0.9935361025082452,1.0127008632583472,1.0034229894666726,0.918236704266993,0.9069764928592793,nan,nan,,
hmc_in_gauss_k2,6,0.05,27,2000,100,raw,0.0,0.0,0,0,0.4747368421052631,1,True,0.25232779100042535,-0.06276867199603206,8.54821171135764,1.416969353148577,1.3528313365014766,0.9479247893423419,2.292254787257456e-12,nan,nan,,
hmc_in_gauss_k2,6,0.05,27,2000,100,oracle,1.0,0.0,0,100,0.05052631578947364,1,True,0.038226125001529,-0.988910887764876,0.9947373281844096,1.0128716291053261,1.0020626823895344,0.9133547825162551,0.9011480306392141,nan,nan,,
hmc_in_gauss_k2,6,0.05,27,2000,100,fm,0.01,0.0,0,1,0.4747368421052631,2,True,0.5917974589992809,-0.06272565529624341,8.515732726597976,1.417033632562072,1.3180270501917568,0.948457880157179,1.6673988718786413e-11,nan,nan,,
hmc_in_gauss_k2,6,0.05,27,2000,100,fm_hampel,1.0,0.0010526315789473684,0,102,0.05157894736842106,3,True,0.2600378750012169,-0.9861200612266066,0.9921043576066751,1.0064766823490712,0.9975101463285172,0.9132367781418403,0.9009416188929754,nan,nan,0.89,0.006842105263157895
hmc_in_gauss_k2,6,0.05,27,2000,100,fm_warm,0.01,0.0,0,1,0.4747368421052631,2,True,0.36195895899982133,-0.06262120949784325,8.517188391522637,1.417204352901629,1.3162824752724989,0.9484797123181443,1.0183977992409659e-15,nan,nan,,
hmc_in_gauss_k2,8,0.05,27,2000,100,true_seq,1.0,0.0005263157894736842,0,101,0.052631578947368474,0,True,0.046537666999938665,,,,,,,,,,
hmc_in_gauss_k2,8,0.05,27,2000,100,true_nonseq,1.0,0.0005263157894736842,0,101,nan,0,True,0.04715125000075204,,,,,,,,,,
hmc_in_gauss_k2,8,0.05,27,2000,100,true_raw,0.0,0.0,0,0,0.07631578947368423,0,True,0.0,,,,,,,,,,
hmc_in_gauss_k2,8,0.05,27,2000,100,clean,0.0,0.0,0,0,0.05368421052631578,1,True,0.04694674999882409,-0.9863923502374053,0.9935361025082452,1.0127008632583472,1.0034229894666726,0.918236704266993,0.9069764928592793,nan,nan,,
hmc_in_gauss_k2,8,0.05,27,2000,100,raw,0.0,0.0,0,0,0.4805263157894737,1,True,0.15884087500126043,-0.04580008112346308,10.959654375489249,1.4097461616213565,1.4211097877685388,0.9473473542454087,1.5868115308324837e-12,nan,nan,,
hmc_in_gauss_k2,8,0.05,27,2000,100,oracle,1.0,0.0,0,100,0.05315789473684207,1,True,0.03826591699908022,-0.9848128990932106,0.9926825237080099,1.0016715103974054,1.010688327841787,0.9145272673694599,0.903949492335396,nan,nan,,
hmc_in_gauss_k2,8,0.05,27,2000,100,fm,0.0,0.0,0,0,0.4805263157894737,1,True,0.20672120900053415,-0.04580008112346308,10.959654375489249,1.4097461616213565,1.4211097877685388,0.9473473542454087,1.5868115308324837e-12,nan,nan,,
hmc_in_gauss_k2,8,0.05,27,2000,100,fm_hampel,1.0,0.0005263157894736842,0,101,0.05368421052631578,2,True,0.17363204199864413,-0.9849666316599195,0.9897564382805757,1.0017583625929387,1.0064277537257849,0.9145430201211805,0.903865825913849,nan,nan,0.99,0.00631578947368421
hmc_in_gauss_k2,8,0.05,27,2000,100,fm_warm,0.0,0.0,0,0,0.4805263157894737,1,True,0.20634158400025626,-0.04580008112346308,10.959654375489249,1.4097461616213565,1.4211097877685388,0.9473473542454087,1.5868115308324837e-12,nan,nan,,
hmc_in_gauss_k2,0,0.0,28,2000,0,true_seq,nan,0.0,0,0,0.08299999999999996,0,True,0.04623395800081198,,,,,,,,,,
hmc_in_gauss_k2,0,0.0,28,2000,0,true_nonseq,nan,0.0,0,0,nan,0,True,0.04637133299911511,,,,,,,,,,
hmc_in_gauss_k2,0,0.0,28,2000,0,true_raw,nan,0.0,0,0,0.08299999999999996,0,True,0.0,,,,,,,,,,
hmc_in_gauss_k2,0,0.0,28,2000,0,clean,nan,0.0,0,0,0.08250000000000002,1,True,0.037803167000674875,-0.9114128567746396,0.9302382217904122,0.9977575790013445,1.0069474416840742,0.8867745325448012,0.8955598859210171,nan,nan,,
hmc_in_gauss_k2,0,0.0,28,2000,0,raw,nan,0.0,0,0,0.08250000000000002,1,True,0.03723729200100934,-0.9114128567746396,0.9302382217904122,0.9977575790013445,1.0069474416840742,0.8867745325448012,0.8955598859210171,nan,nan,,
hmc_in_gauss_k2,0,0.0,28,2000,0,oracle,nan,0.0,0,0,0.08250000000000002,1,True,0.03875408400017477,-0.9114128567746396,0.9302382217904122,0.9977575790013445,1.0069474416840742,0.8867745325448012,0.8955598859210171,nan,nan,,
hmc_in_gauss_k2,0,0.0,28,2000,0,fm,nan,0.0,0,0,0.08250000000000002,1,True,0.08611933300016972,-0.9114128567746396,0.9302382217904122,0.9977575790013445,1.0069474416840742,0.8867745325448012,0.8955598859210171,nan,nan,,
hmc_in_gauss_k2,0,0.0,28,2000,0,fm_hampel,nan,0.0,0,0,0.08250000000000002,2,True,0.1632683330008149,-0.9114128567746396,0.9302382217904122,0.9977575790013445,1.0069474416840742,0.8867745325448012,0.8955598859210171,nan,nan,nan,0.0065
hmc_in_gauss_k2,0,0.0,28,2000,0,fm_warm,nan,0.0,0,0,0.08250000000000002,1,True,0.08667725000123028,-0.9114128567746396,0.9302382217904122,0.9977575790013445,1.0069474416840742,0.8867745325448012,0.8955598859210171,nan,nan,,
hmc_in_gauss_k2,4,0.01,28,2000,20,true_seq,1.0,0.0,0,20,0.08434343434343439,0,True,0.04751166700043541,,,,,,,,,,
hmc_in_gauss_k2,4,0.01,28,2000,20,true_nonseq,1.0,0.0,0,20,nan,0,True,0.04726758299875655,,,,,,,,,,
hmc_in_gauss_k2,4,0.01,28,2000,20,true_raw,0.0,0.0,0,0,0.08686868686868687,0,True,0.0,,,,,,,,,,
hmc_in_gauss_k2,4,0.01,28,2000,20,clean,0.0,0.0,0,0,0.0828282828282828,1,True,0.03775074999975914,-0.9114128567746396,0.9302382217904122,0.9977575790013445,1.0069474416840742,0.8867745325448012,0.8955598859210171,nan,nan,,
hmc_in_gauss_k2,4,0.01,28,2000,20,raw,0.0,0.0,0,0,0.09696969696969693,1,True,0.06677170799957821,-0.90304086268943,0.9265255306126678,1.0064664556688805,1.2816020740838352,0.8904417888231274,0.9099265646428424,nan,nan,,
hmc_in_gauss_k2,4,0.01,28,2000,20,oracle,1.0,0.0,0,20,0.08383838383838382,1,True,0.03857783300009032,-0.9142218954699526,0.9303447142037085,0.9985953891203214,1.0085224022789707,0.8864385864490245,0.8950052244143853,nan,nan,,
hmc_in_gauss_k2,4,0.01,28,2000,20,fm,1.0,0.0,0,20,0.08383838383838382,3,True,0.2774671249990206,-0.9142218954699526,0.9303447142037085,0.9985953891203214,1.0085224022789707,0.8864385864490245,0.8950052244143853,nan,nan,,
hmc_in_gauss_k2,4,0.01,28,2000,20,fm_hampel,1.0,0.0,0,20,0.08383838383838382,2,True,0.18334791699999187,-0.9142218954699526,0.9303447142037085,0.9985953891203214,1.0085224022789707,0.8864385864490245,0.8950052244143853,nan,nan,0.55,0.0065656565656565654
hmc_in_gauss_k2,4,0.01,28,2000,20,fm_warm,1.0,0.0,0,20,0.08585858585858586,3,True,0.28921991599963803,-0.9147415042009187,0.9042484124314756,1.0032895862642108,1.0271154223035617,0.8904329168500406,0.9017235468328604,nan,nan,,
hmc_in_gauss_k2,6,0.01,28,2000,20,true_seq,1.0,0.0,0,20,0.08232323232323235,0,True,0.047568042000420974,,,,,,,,,,
hmc_in_gauss_k2,6,0.01,28,2000,20,true_nonseq,1.0,0.0,0,20,nan,0,True,0.04720691600050486,,,,,,,,,,
hmc_in_gauss_k2,6,0.01,28,2000,20,true_raw,0.0,0.0,0,0,0.08636363636363631,0,True,0.0,,,,,,,,,,
hmc_in_gauss_k2,6,0.01,28,2000,20,clean,0.0,0.0,0,0,0.08080808080808077,1,True,0.038687082998876576,-0.9114128567746396,0.9302382217904122,0.9977575790013445,1.0069474416840742,0.8867745325448012,0.8955598859210171,nan,nan,,
hmc_in_gauss_k2,6,0.01,28,2000,20,raw,0.0,0.0,0,0,0.10555555555555551,1,True,0.06766075000086857,-0.8919845191868211,0.896644964770442,1.002708852703379,1.4743589719659234,0.8883752590145675,0.9159168827060877,nan,nan,,
hmc_in_gauss_k2,6,0.01,28,2000,20,oracle,1.0,0.0,0,20,0.08232323232323235,1,True,0.03818508299991663,-0.9132453173180684,0.9297559000773014,0.9967167807851319,1.0078023040069737,0.8865344295593864,0.8960112855721027,nan,nan,,
hmc_in_gauss_k2,6,0.01,28,2000,20,fm,1.0,0.0,0,20,0.08232323232323235,3,True,0.26803191600083665,-0.9132453173180684,0.9297559000773014,0.9967167807851319,1.0078023040069737,0.8865344295593864,0.8960112855721027,nan,nan,,
hmc_in_gauss_k2,6,0.01,28,2000,20,fm_hampel,1.0,0.0,0,20,0.08232323232323235,2,True,0.1832000419999531,-0.9132453173180684,0.9297559000773014,0.9967167807851319,1.0078023040069737,0.8865344295593864,0.8960112855721027,nan,nan,0.75,0.0065656565656565654
hmc_in_gauss_k2,6,0.01,28,2000,20,fm_warm,1.0,0.0,0,20,0.0828282828282828,3,True,0.3003554589995474,-0.9127642745321971,0.903058484867659,1.0019483829412799,1.0273074488115248,0.8911816523098252,0.903252483338162,nan,nan,,
hmc_in_gauss_k2,8,0.01,28,2000,20,true_seq,1.0,0.0,0,20,0.08232323232323235,0,True,0.04723033400114218,,,,,,,,,,
hmc_in_gauss_k2,8,0.01,28,2000,20,true_nonseq,1.0,0.0,0,20,nan,0,True,0.046598916000220925,,,,,,,,,,
hmc_in_gauss_k2,8,0.01,28,2000,20,true_raw,0.0,0.0,0,0,0.08434343434343439,0,True,0.0,,,,,,,,,,
hmc_in_gauss_k2,8,0.01,28,2000,20,clean,0.0,0.0,0,0,0.08232323232323235,1,True,0.037984832999427454,-0.9114128567746396,0.9302382217904122,0.9977575790013445,1.0069474416840742,0.8867745325448012,0.8955598859210171,nan,nan,,
hmc_in_gauss_k2,8,0.01,28,2000,20,raw,0.0,0.0,0,0,0.47676767676767673,1,True,0.34080166700005066,0.0397197225060769,11.612073902075498,1.3596972879809612,1.2918555944649683,0.989893885808318,2.303708970157124e-22,nan,nan,,
hmc_in_gauss_k2,8,0.01,28,2000,20,oracle,1.0,0.0,0,20,0.08232323232323235,1,True,0.03910787499989965,-0.9086256288103867,0.9248408570567737,1.0011007949361235,1.0080036520446491,0.8876578403608288,0.8954141341888332,nan,nan,,
hmc_in_gauss_k2,8,0.01,28,2000,20,fm,1.0,0.0,0,20,0.08232323232323235,3,True,0.5868604160004907,-0.9086256288103867,0.9248408570567737,1.0011007949361235,1.0080036520446491,0.8876578403608288,0.8954141341888332,nan,nan,,
hmc_in_gauss_k2,8,0.01,28,2000,20,fm_hampel,1.0,0.0,0,20,0.08232323232323235,2,True,0.16342149999945832,-0.9086256288103867,0.9248408570567737,1.0011007949361235,1.0080036520446491,0.8876578403608288,0.8954141341888332,nan,nan,1.0,0.005555555555555556
hmc_in_gauss_k2,8,0.01,28,2000,20,fm_warm,0.05,0.0,0,1,0.47676767676767673,2,True,0.4550172909985122,0.03971972250609073,11.492577799577724,1.359697287980984,1.212905960451183,0.9903988352356031,1.7046149313022556e-32,nan,nan,,
hmc_in_gauss_k2,4,0.05,28,2000,100,true_seq,0.89,0.0,0,89,0.08894736842105266,0,True,0.04726766699968721,,,,,,,,,,
hmc_in_gauss_k2,4,0.05,28,2000,100,true_nonseq,0.89,0.0,0,89,nan,0,True,0.047609332999854814,,,,,,,,,,
hmc_in_gauss_k2,4,0.05,28,2000,100,true_raw,0.0,0.0,0,0,0.08894736842105266,0,True,0.0,,,,,,,,,,
hmc_in_gauss_k2,4,0.05,28,2000,100,clean,0.0,0.0,0,0,0.0831578947368421,1,True,0.038392083000871935,-0.9114128567746396,0.9302382217904122,0.9977575790013445,1.0069474416840742,0.8867745325448012,0.8955598859210171,nan,nan,,
hmc_in_gauss_k2,4,0.05,28,2000,100,raw,0.0,0.0,0,0,0.10894736842105268,1,True,0.06713991699871258,-0.7888209384110556,1.1634020589317493,1.0092186438377362,1.867207992252633,0.854536229985707,0.889069110354373,nan,nan,,
hmc_in_gauss_k2,4,0.05,28,2000,100,oracle,1.0,0.0,0,100,0.08684210526315794,1,True,0.04035149999981513,-0.9038784142784525,0.9248488678539474,1.0008561495591821,1.0009636849419186,0.8890087802321693,0.8961946684981164,nan,nan,,
hmc_in_gauss_k2,4,0.05,28,2000,100,fm,0.86,0.0,0,86,0.09052631578947368,7,True,0.6936043330006214,-0.905331876773906,0.9302704623686813,1.0067431791810537,1.0588954987161667,0.8772116986002247,0.8913574212689949,nan,nan,,
hmc_in_gauss_k2,4,0.05,28,2000,100,fm_hampel,0.86,0.0,0,86,0.09052631578947368,6,True,0.5892506250002043,-0.905331876773906,0.9302704623686813,1.0067431791810537,1.0588954987161667,0.8772116986002247,0.8913574212689949,nan,nan,0.44,0.00631578947368421
hmc_in_gauss_k2,4,0.05,28,2000,100,fm_warm,0.86,0.0,0,86,0.09526315789473683,7,True,0.6289284590002353,-0.9230993944158209,0.8852275130485989,1.003262692050524,1.08477296865438,0.8793010121732319,0.9005555458706292,nan,nan,,
hmc_in_gauss_k2,6,0.05,28,2000,100,true_seq,1.0,0.0,0,100,0.08578947368421053,0,True,0.047457000000576954,,,,,,,,,,
hmc_in_gauss_k2,6,0.05,28,2000,100,true_nonseq,1.0,0.0,0,100,nan,0,True,0.0470690830006788,,,,,,,,,,
hmc_in_gauss_k2,6,0.05,28,2000,100,true_raw,0.0,0.0,0,0,0.09894736842105267,0,True,0.0,,,,,,,,,,
hmc_in_gauss_k2,6,0.05,28,2000,100,clean,0.0,0.0,0,0,0.08263157894736839,1,True,0.03795420899950841,-0.9114128567746396,0.9302382217904122,0.9977575790013445,1.0069474416840742,0.8867745325448012,0.8955598859210171,nan,nan,,
hmc_in_gauss_k2,6,0.05,28,2000,100,raw,0.0,0.0,0,0,0.47578947368421054,1,True,0.23267295799996646,0.047284328401019954,8.251713332504039,1.3673378615416742,1.272398281982159,0.9477050779707175,2.7186811544529287e-10,nan,nan,,
hmc_in_gauss_k2,6,0.05,28,2000,100,oracle,1.0,0.0,0,100,0.08631578947368423,1,True,0.038296208000247134,-0.9135097565285287,0.9331654355472705,1.0001857757113517,1.009324229212497,0.88665165010631,0.8947151023497957,nan,nan,,
hmc_in_gauss_k2,6,0.05,28,2000,100,fm,0.0,0.0,0,0,0.47578947368421054,1,True,0.28194916599932185,0.047284328401019954,8.251713332504039,1.3673378615416742,1.272398281982159,0.9477050779707175,2.7186811544529287e-10,nan,nan,,
hmc_in_gauss_k2,6,0.05,28,2000,100,fm_hampel,1.0,0.0,0,100,0.08631578947368423,3,True,0.27833758299857436,-0.9135097565285287,0.9331654355472705,1.0001857757113517,1.009324229212497,0.88665165010631,0.8947151023497957,nan,nan,0.76,0.005263157894736842
hmc_in_gauss_k2,6,0.05,28,2000,100,fm_warm,0.0,0.0,0,0,0.47578947368421054,1,True,0.2816855419987405,0.047284328401019954,8.251713332504039,1.3673378615416742,1.272398281982159,0.9477050779707175,2.7186811544529287e-10,nan,nan,,
hmc_in_gauss_k2,8,0.05,28,2000,100,true_seq,1.0,0.0,0,100,0.08894736842105266,0,True,0.04776350000065577,,,,,,,,,,
hmc_in_gauss_k2,8,0.05,28,2000,100,true_nonseq,1.0,0.0,0,100,nan,0,True,0.04731966600047599,,,,,,,,,,
hmc_in_gauss_k2,8,0.05,28,2000,100,true_raw,0.0,0.0,0,0,0.10421052631578942,0,True,0.0,,,,,,,,,,
hmc_in_gauss_k2,8,0.05,28,2000,100,clean,0.0,0.0,0,0,0.0836842105263158,1,True,0.03779258299982757,-0.9114128567746396,0.9302382217904122,0.9977575790013445,1.0069474416840742,0.8867745325448012,0.8955598859210171,nan,nan,,
hmc_in_gauss_k2,8,0.05,28,2000,100,raw,0.0,0.0,0,0,0.47631578947368425,1,True,0.14969154200116463,0.04656153563869324,10.932998399173716,1.3638452584305645,1.3005507972384496,0.9473407057446542,4.630149316484914e-17,nan,nan,,
hmc_in_gauss_k2,8,0.05,28,2000,100,oracle,1.0,0.0,0,100,0.08947368421052626,1,True,0.038687874999595806,-0.9166798557827184,0.9384514186466848,0.9990972997955001,1.001766488780568,0.8890222428139015,0.89658725794643,nan,nan,,
hmc_in_gauss_k2,8,0.05,28,2000,100,fm,0.0,0.0,0,0,0.47631578947368425,1,True,0.19694262499979232,0.04656153563869324,10.932998399173716,1.3638452584305645,1.3005507972384496,0.9473407057446542,4.630149316484914e-17,nan,nan,,
hmc_in_gauss_k2,8,0.05,28,2000,100,fm_hampel,1.0,0.0,0,100,0.08947368421052626,2,True,0.1816459580004448,-0.9166798557827184,0.9384514186466848,0.9990972997955001,1.001766488780568,0.8890222428139015,0.89658725794643,nan,nan,0.97,0.004736842105263158
hmc_in_gauss_k2,8,0.05,28,2000,100,fm_warm,0.0,0.0,0,0,0.47631578947368425,1,True,0.19639354199898662,0.04656153563869324,10.932998399173716,1.3638452584305645,1.3005507972384496,0.9473407057446542,4.630149316484914e-17,nan,nan,,
hmc_in_gauss_k2,0,0.0,29,2000,0,true_seq,nan,0.0,0,0,0.06399999999999995,0,True,0.04688062499917578,,,,,,,,,,
hmc_in_gauss_k2,0,0.0,29,2000,0,true_nonseq,nan,0.0,0,0,nan,0,True,0.04620249999970838,,,,,,,,,,
hmc_in_gauss_k2,0,0.0,29,2000,0,true_raw,nan,0.0,0,0,0.06399999999999995,0,True,0.0,,,,,,,,,,
hmc_in_gauss_k2,0,0.0,29,2000,0,clean,nan,0.0,0,0,0.0655,1,True,0.0466102080008568,-0.9512547185303912,0.9166488516439322,0.9921312396759681,1.0465030143777856,0.8993872278480527,0.8897565918328851,nan,nan,,
hmc_in_gauss_k2,0,0.0,29,2000,0,raw,nan,0.0,0,0,0.0655,1,True,0.048304624999218504,-0.9512547185303912,0.9166488516439322,0.9921312396759681,1.0465030143777856,0.8993872278480527,0.8897565918328851,nan,nan,,
hmc_in_gauss_k2,0,0.0,29,2000,0,oracle,nan,0.0,0,0,0.0655,1,True,0.04855900000075053,-0.9512547185303912,0.9166488516439322,0.9921312396759681,1.0465030143777856,0.8993872278480527,0.8897565918328851,nan,nan,,
hmc_in_gauss_k2,0,0.0,29,2000,0,fm,nan,0.0,0,0,0.0655,1,True,0.09574249999968742,-0.9512547185303912,0.9166488516439322,0.9921312396759681,1.0465030143777856,0.8993872278480527,0.8897565918328851,nan,nan,,
hmc_in_gauss_k2,0,0.0,29,2000,0,fm_hampel,nan,0.0,0,0,0.0655,2,True,0.18306404199938697,-0.9512547185303912,0.9166488516439322,0.9921312396759681,1.0465030143777856,0.8993872278480527,0.8897565918328851,nan,nan,nan,0.0065
hmc_in_gauss_k2,0,0.0,29,2000,0,fm_warm,nan,0.0,0,0,0.0655,1,True,0.09584975000143459,-0.9512547185303912,0.9166488516439322,0.9921312396759681,1.0465030143777856,0.8993872278480527,0.8897565918328851,nan,nan,,
hmc_in_gauss_k2,4,0.01,29,2000,20,true_seq,0.95,0.0,0,19,0.06515151515151518,0,True,0.047278125000957516,,,,,,,,,,
hmc_in_gauss_k2,4,0.01,29,2000,20,true_nonseq,0.95,0.0,0,19,nan,0,True,0.04689541600055236,,,,,,,,,,
hmc_in_gauss_k2,4,0.01,29,2000,20,true_raw,0.0,0.0,0,0,0.07373737373737377,0,True,0.0,,,,,,,,,,
hmc_in_gauss_k2,4,0.01,29,2000,20,clean,0.0,0.0,0,0,0.0661616161616162,1,True,0.045908957999927225,-0.9512547185303912,0.9166488516439322,0.9921312396759681,1.0465030143777856,0.8993872278480527,0.8897565918328851,nan,nan,,
hmc_in_gauss_k2,4,0.01,29,2000,20,raw,0.0,0.0,0,0,0.08939393939393936,1,True,0.05529633300102432,-0.9664780550714605,0.9165555663792655,0.9879360858557514,1.2798218628425304,0.8833277211004326,0.8882495508510422,nan,nan,,
hmc_in_gauss_k2,4,0.01,29,2000,20,oracle,1.0,0.0,0,20,0.06767676767676767,1,True,0.04716487499899813,-0.9572148057839277,0.9157445155253892,0.9912031029451388,1.0468105384989148,0.8988378316522089,0.8894930721319401,nan,nan,,
hmc_in_gauss_k2,4,0.01,29,2000,20,fm,0.85,0.0,0,17,0.0732323232323232,3,True,0.27230641700043634,-0.9639049040340717,0.9124760644733664,0.9892572300941407,1.0614858294747462,0.8943595717011181,0.887465637116599,nan,nan,,
hmc_in_gauss_k2,4,0.01,29,2000,20,fm_hampel,0.85,0.0,0,17,0.0732323232323232,3,True,0.28215170800103806,-0.9639049040340717,0.9124760644733664,0.9892572300941407,1.0614858294747462,0.8943595717011181,0.887465637116599,nan,nan,0.45,0.005555555555555556
hmc_in_gauss_k2,4,0.01,29,2000,20,fm_warm,0.85,0.0,0,17,0.07828282828282829,3,True,0.2666206250014511,-0.9779335177924543,0.8815381097595442,0.9861692835863959,1.07686930223247,0.8948030953210149,0.893156012015142,nan,nan,,
hmc_in_gauss_k2,6,0.01,29,2000,20,true_seq,1.0,0.0,0,20,0.06464646464646462,0,True,0.04774912500033679,,,,,,,,,,
hmc_in_gauss_k2,6,0.01,29,2000,20,true_nonseq,1.0,0.0,0,20,nan,0,True,0.04773804199976439,,,,,,,,,,
hmc_in_gauss_k2,6,0.01,29,2000,20,true_raw,0.0,0.0,0,0,0.06919191919191914,0,True,0.0,,,,,,,,,,
hmc_in_gauss_k2,6,0.01,29,2000,20,clean,0.0,0.0,0,0,0.0661616161616162,1,True,0.04776804200082552,-0.9512547185303912,0.9166488516439322,0.9921312396759681,1.0465030143777856,0.8993872278480527,0.8897565918328851,nan,nan,,
hmc_in_gauss_k2,6,0.01,29,2000,20,raw,0.0,0.0,0,0,0.08686868686868687,1,True,0.06540583300011349,-0.8888051144524083,0.9215638004131179,1.0158592900654018,1.5822709824275203,0.9070201946268056,0.9083768993352195,nan,nan,,
hmc_in_gauss_k2,6,0.01,29,2000,20,oracle,1.0,0.0,0,20,0.0661616161616162,1,True,0.048645915998349665,-0.9479836253205529,0.9192297748203747,0.9925912041057373,1.045695799456848,0.8985767276551151,0.8882876704935765,nan,nan,,
hmc_in_gauss_k2,6,0.01,29,2000,20,fm,1.0,0.0,0,20,0.0661616161616162,3,True,0.28800591599974723,-0.9479836253205529,0.9192297748203747,0.9925912041057373,1.045695799456848,0.8985767276551151,0.8882876704935765,nan,nan,,
hmc_in_gauss_k2,6,0.01,29,2000,20,fm_hampel,1.0,0.0,0,20,0.0661616161616162,2,True,0.19339125000078639,-0.9479836253205529,0.9192297748203747,0.9925912041057373,1.045695799456848,0.8985767276551151,0.8882876704935765,nan,nan,0.85,0.005555555555555556
hmc_in_gauss_k2,6,0.01,29,2000,20,fm_warm,1.0,0.0,0,20,0.07020202020202015,3,True,0.29643100000066624,-0.9465030350939476,0.8952393577401319,0.998480330658992,1.0614826571001161,0.9040890641543722,0.8967935794507175,nan,nan,,
hmc_in_gauss_k2,8,0.01,29,2000,20,true_seq,1.0,0.0,0,20,0.06262626262626259,0,True,0.04775162500118313,,,,,,,,,,
hmc_in_gauss_k2,8,0.01,29,2000,20,true_nonseq,1.0,0.0,0,20,nan,0,True,0.04727062500023749,,,,,,,,,,
hmc_in_gauss_k2,8,0.01,29,2000,20,true_raw,0.0,0.0,0,0,0.06666666666666665,0,True,0.0,,,,,,,,,,
hmc_in_gauss_k2,8,0.01,29,2000,20,clean,0.0,0.0,0,0,0.06414141414141417,1,True,0.04766025000026275,-0.9512547185303912,0.9166488516439322,0.9921312396759681,1.0465030143777856,0.8993872278480527,0.8897565918328851,nan,nan,,
hmc_in_gauss_k2,8,0.01,29,2000,20,raw,0.0,0.0,0,0,0.10252525252525257,1,True,0.08607741600098961,-0.8060291869930473,0.9721418076128657,1.0491926567127552,1.8930452273051905,0.9149532715685511,0.9085350524812283,nan,nan,,
hmc_in_gauss_k2,8,0.01,29,2000,20,oracle,1.0,0.0,0,20,0.06565656565656564,1,True,0.04925750000074913,-0.9532790718700712,0.9159687623112439,0.9882610037907604,1.0493285356747621,0.8981396409977024,0.8890256604381104,nan,nan,,
hmc_in_gauss_k2,8,0.01,29,2000,20,fm,1.0,0.0,0,20,0.06565656565656564,2,True,0.2201571250006964,-0.9532790718700712,0.9159687623112439,0.9882610037907604,1.0493285356747621,0.8981396409977024,0.8890256604381104,nan,nan,,
hmc_in_gauss_k2,8,0.01,29,2000,20,fm_hampel,1.0,0.0,0,20,0.06565656565656564,3,True,0.2701422089994594,-0.9532790718700712,0.9159687623112439,0.9882610037907604,1.0493285356747621,0.8981396409977024,0.8890256604381104,nan,nan,1.0,0.005555555555555556
hmc_in_gauss_k2,8,0.01,29,2000,20,fm_warm,1.0,0.0,0,20,0.06818181818181823,2,True,0.2606880410003214,-0.9466539292871206,0.8947101335247022,0.9970610484671955,1.0648618836324577,0.9051914394109579,0.8982158542131882,nan,nan,,
hmc_in_gauss_k2,4,0.05,29,2000,100,true_seq,0.86,0.0,0,86,0.07473684210526321,0,True,0.04835879100028251,,,,,,,,,,
hmc_in_gauss_k2,4,0.05,29,2000,100,true_nonseq,0.86,0.0,0,86,nan,0,True,0.04802887500045472,,,,,,,,,,
hmc_in_gauss_k2,4,0.05,29,2000,100,true_raw,0.0,0.0,0,0,0.09105263157894739,0,True,0.0,,,,,,,,,,
hmc_in_gauss_k2,4,0.05,29,2000,100,clean,0.0,0.0,0,0,0.06842105263157894,1,True,0.048157250001167995,-0.9512547185303912,0.9166488516439322,0.9921312396759681,1.0465030143777856,0.8993872278480527,0.8897565918328851,nan,nan,,
hmc_in_gauss_k2,4,0.05,29,2000,100,raw,0.0,0.0,0,0,0.10842105263157897,1,True,0.05704308299937111,-0.9078031637566959,1.1438056238610788,0.9912124829818884,1.8747086207770884,0.844507364420347,0.8717254046679054,nan,nan,,
hmc_in_gauss_k2,4,0.05,29,2000,100,oracle,1.0,0.0,0,100,0.0742105263157895,1,True,0.049207584001123905,-0.9751505580230226,0.8980878794992336,0.9852547345939456,1.0375544175828346,0.8981465581817205,0.8916338783793148,nan,nan,,
hmc_in_gauss_k2,4,0.05,29,2000,100,fm,0.79,0.0,0,79,0.08736842105263154,7,True,0.7046044159997109,-0.9972542487361649,0.9126139957017947,0.9779915382855173,1.1350691250382772,0.8837970663423279,0.8880435174767721,nan,nan,,
hmc_in_gauss_k2,4,0.05,29,2000,100,fm_hampel,0.79,0.0,0,79,0.08736842105263154,5,True,0.519887665999704,-0.9972542487361649,0.9126139957017947,0.9779915382855173,1.1350691250382772,0.8837970663423279,0.8880435174767721,nan,nan,0.5,0.005263157894736842
hmc_in_gauss_k2,4,0.05,29,2000,100,fm_warm,0.79,0.0,0,79,0.09210526315789469,8,True,0.6927176249992044,-1.0184405354315806,0.8831551350153981,0.9688463448190401,1.1464093747107773,0.8805668877704211,0.8909146339503898,nan,nan,,
hmc_in_gauss_k2,6,0.05,29,2000,100,true_seq,1.0,0.0,0,100,0.06947368421052635,0,True,0.04704337499970279,,,,,,,,,,
hmc_in_gauss_k2,6,0.05,29,2000,100,true_nonseq,1.0,0.0,0,100,nan,0,True,0.046143833998939954,,,,,,,,,,
hmc_in_gauss_k2,6,0.05,29,2000,100,true_raw,0.0,0.0,0,0,0.08999999999999997,0,True,0.0,,,,,,,,,,
hmc_in_gauss_k2,6,0.05,29,2000,100,clean,0.0,0.0,0,0,0.06315789473684208,1,True,0.045498707999286125,-0.9512547185303912,0.9166488516439322,0.9921312396759681,1.0465030143777856,0.8993872278480527,0.8897565918328851,nan,nan,,
hmc_in_gauss_k2,6,0.05,29,2000,100,raw,0.0,0.0,0,0,0.46736842105263154,1,True,0.25320704199839383,-0.056118544395927034,8.172789358819141,1.3801149947885765,1.4299452477237395,0.9474126299714221,1.766260548734528e-09,nan,nan,,
hmc_in_gauss_k2,6,0.05,29,2000,100,oracle,1.0,0.0,0,100,0.07210526315789478,1,True,0.04940579100002651,-0.959654120377056,0.8990075533065757,0.9839556714969955,1.054811520668192,0.8975628348426061,0.8926355353454386,nan,nan,,
hmc_in_gauss_k2,6,0.05,29,2000,100,fm,0.0,0.0,0,0,0.46736842105263154,1,True,0.29964400000062597,-0.056118544395927034,8.172789358819141,1.3801149947885765,1.4299452477237395,0.9474126299714221,1.766260548734528e-09,nan,nan,,
hmc_in_gauss_k2,6,0.05,29,2000,100,fm_hampel,1.0,0.0,0,100,0.07210526315789478,3,True,0.307487250000122,-0.959654120377056,0.8990075533065757,0.9839556714969955,1.054811520668192,0.8975628348426061,0.8926355353454386,nan,nan,0.82,0.0036842105263157894
hmc_in_gauss_k2,6,0.05,29,2000,100,fm_warm,0.0,0.0,0,0,0.46736842105263154,1,True,0.3032421250009065,-0.056118544395927034,8.172789358819141,1.3801149947885765,1.4299452477237395,0.9474126299714221,1.766260548734528e-09,nan,nan,,
hmc_in_gauss_k2,8,0.05,29,2000,100,true_seq,1.0,0.0,0,100,0.06842105263157894,0,True,0.04638958299983642,,,,,,,,,,
hmc_in_gauss_k2,8,0.05,29,2000,100,true_nonseq,1.0,0.0,0,100,nan,0,True,0.04660637499910081,,,,,,,,,,
hmc_in_gauss_k2,8,0.05,29,2000,100,true_raw,0.0,0.0,0,0,0.08736842105263154,0,True,0.0,,,,,,,,,,
hmc_in_gauss_k2,8,0.05,29,2000,100,clean,0.0,0.0,0,0,0.06578947368421051,1,True,0.04599633299949346,-0.9512547185303912,0.9166488516439322,0.9921312396759681,1.0465030143777856,0.8993872278480527,0.8897565918328851,nan,nan,,
hmc_in_gauss_k2,8,0.05,29,2000,100,raw,0.0,0.0,0,0,0.46631578947368424,1,True,0.1479952499994397,-0.07217589318531695,11.229603851379322,1.377653262925754,1.425943661921242,0.9473407020206639,1.539306973963237e-18,nan,nan,,
hmc_in_gauss_k2,8,0.05,29,2000,100,oracle,1.0,0.0,0,100,0.07157894736842108,1,True,0.047955625001122826,-0.9610654309706012,0.9096546840530801,0.9891086605150118,1.0377582473880733,0.8968915148115695,0.8867539419290721,nan,nan,,
hmc_in_gauss_k2,8,0.05,29,2000,100,fm,0.01,0.0,0,1,0.46631578947368424,2,True,0.38885533299981034,-0.07217588671100122,11.195042730609082,1.3776532701933466,1.3908281203267139,0.9478643633778034,1.4853941705191585e-18,nan,nan,,
hmc_in_gauss_k2,8,0.05,29,2000,100,fm_hampel,1.0,0.0,0,100,0.07157894736842108,2,True,0.20260616700034006,-0.9610654309706012,0.9096546840530801,0.9891086605150118,1.0377582473880733,0.8968915148115695,0.8867539419290721,nan,nan,0.94,0.004736842105263158
hmc_in_gauss_k2,8,0.05,29,2000,100,fm_warm,0.01,0.0,0,1,0.46631578947368424,2,True,0.26711395800157334,-0.07217589315060084,11.19504246215438,1.3776532629659515,1.3908288440516354,0.9478640417681696,3.2291125706557327e-26,nan,nan,,
pmc_gauss_k2,0,0.0,0,2000,0,true_seq,nan,0.001,0,2,0.10350000000000004,0,True,0.10420404199976474,,,,,,,,,,
pmc_gauss_k2,0,0.0,0,2000,0,true_nonseq,nan,0.0005,0,1,nan,0,True,0.09352495800158067,,,,,,,,,,
pmc_gauss_k2,0,0.0,0,2000,0,true_raw,nan,0.0,0,0,0.10299999999999998,0,True,0.0,,,,,,,,,,
pmc_gauss_k2,0,0.0,0,2000,0,clean,nan,0.0,0,0,0.10899999999999999,1,True,0.14984449999974458,-0.8979386407998363,0.9926576907627205,1.0719263615674521,0.9574904677972933,0.9106401002261749,0.8788397325322925,0.633049769190131,0.5706827728421104,,
pmc_gauss_k2,0,0.0,0,2000,0,raw,nan,0.0,0,0,0.10899999999999999,1,True,0.14746712499982095,-0.8979386407998363,0.9926576907627205,1.0719263615674521,0.9574904677972933,0.9106401002261749,0.8788397325322925,0.633049769190131,0.5706827728421104,,
pmc_gauss_k2,0,0.0,0,2000,0,oracle,nan,0.0,0,0,0.10899999999999999,1,True,0.14823229200010246,-0.8979386407998363,0.9926576907627205,1.0719263615674521,0.9574904677972933,0.9106401002261749,0.8788397325322925,0.633049769190131,0.5706827728421104,,
pmc_gauss_k2,0,0.0,0,2000,0,fm,nan,0.0005,0,1,0.11050000000000004,2,True,0.5679147910013853,-0.8979800162561881,0.9939547722900044,1.0708626403842272,0.9516544085083777,0.9109411337817103,0.8786706805959604,0.6328098623635151,0.5680610078156663,,
pmc_gauss_k2,0,0.0,0,2000,0,fm_hampel,nan,0.0005,0,1,0.11050000000000004,3,True,0.9154292090006493,-0.8979800162561881,0.9939547722900044,1.0708626403842272,0.9516544085083777,0.9109411337817103,0.8786706805959604,0.6328098623635151,0.5680610078156663,nan,0.0095
pmc_gauss_k2,0,0.0,0,2000,0,fm_warm,nan,0.0005,0,1,0.11299999999999999,2,True,0.4284306249992369,-0.8832781984937628,1.0004088228087913,1.0784506897043382,0.9516848745354243,0.9116204496318114,0.8766177810746372,0.6357654415754088,0.5685422088235208,,
pmc_gauss_k2,0,0.0,0,2000,0,dpd,nan,0.0,0,0,nan,0,True,0.053390708000733866,-0.8979386407998363,0.9926576907627205,1.0719263615674521,0.9574904677972933,0.9106401002261749,0.8788397325322925,0.6365594609795717,0.5637480563060235,,
pmc_gauss_k2,4,0.01,0,2000,20,true_seq,1.0,0.00101010101010101,0,22,0.10353535353535348,0,True,0.1421447499997157,,,,,,,,,,
pmc_gauss_k2,4,0.01,0,2000,20,true_nonseq,1.0,0.000505050505050505,0,21,nan,0,True,0.09251416699953552,,,,,,,,,,
pmc_gauss_k2,4,0.01,0,2000,20,true_raw,0.0,0.0,0,0,0.1429292929292929,0,True,0.0,,,,,,,,,,
pmc_gauss_k2,4,0.01,0,2000,20,clean,0.0,0.0,0,0,0.10909090909090913,1,True,0.1514200419987901,-0.8979386407998363,0.9926576907627205,1.0719263615674521,0.9574904677972933,0.9106401002261749,0.8788397325322925,0.633049769190131,0.5706827728421104,,
pmc_gauss_k2,4,0.01,0,2000,20,raw,0.0,0.0,0,0,0.39494949494949494,1,True,0.8840345000007801,-0.2421600780944066,0.6713132304982885,1.3355686638725368,1.8321041067064299,0.8793332610188276,0.5764734900181055,0.7161776981830045,0.7936217221560078,,
pmc_gauss_k2,4,0.01,0,2000,20,oracle,1.0,0.0,0,20,0.11010101010101014,1,True,0.24042095799995877,-0.9064075947206086,0.9859551742509093,1.0681862468993835,0.9543509935459916,0.9100324570026099,0.8792046689187875,0.6327159004079099,0.5660626122459668,,
pmc_gauss_k2,4,0.01,0,2000,20,fm,1.0,0.000505050505050505,0,21,0.11111111111111116,4,True,2.2119203330003074,-0.9064582802954826,0.9873995220954332,1.0670657537157893,0.9483262600435011,0.9103641553087237,0.8790542830408101,0.6324582334930142,0.563331467447764,,
pmc_gauss_k2,4,0.01,0,2000,20,fm_hampel,1.0,0.000505050505050505,0,21,0.11111111111111116,3,True,1.1527481249995617,-0.9064582802954826,0.9873995220954332,1.0670657537157893,0.9483262600435011,0.9103641553087237,0.8790542830408101,0.6324582334930142,0.563331467447764,0.8,0.008585858585858586
pmc_gauss_k2,4,0.01,0,2000,20,fm_warm,1.0,0.000505050505050505,0,21,0.1323232323232323,5,True,2.9446507089996885,-0.8256183577880893,1.0055372383236776,1.1130990529443836,0.9577694528235084,0.9101553730675606,0.8628837104244101,0.6538599931038155,0.5719030858430433,,
pmc_gauss_k2,4,0.01,0,2000,20,dpd,0.0,0.0,0,0,nan,0,True,0.050402750001012464,-0.2421600780944066,0.6713132304982885,1.3355686638725368,1.8321041067064299,0.8793332610188276,0.5764734900181055,0.7124655073509001,0.7896718193991207,,
pmc_gauss_k2,6,0.01,0,2000,20,true_seq,1.0,0.00101010101010101,0,22,0.10505050505050506,0,True,0.14335229200150934,,,,,,,,,,
pmc_gauss_k2,6,0.01,0,2000,20,true_nonseq,1.0,0.000505050505050505,0,21,nan,0,True,0.09180816700063588,,,,,,,,,,
pmc_gauss_k2,6,0.01,0,2000,20,true_raw,0.0,0.0,0,0,0.1383838383838384,0,True,0.0,,,,,,,,,,
pmc_gauss_k2,6,0.01,0,2000,20,clean,0.0,0.0,0,0,0.10909090909090913,1,True,0.1499619589994836,-0.8979386407998363,0.9926576907627205,1.0719263615674521,0.9574904677972933,0.9106401002261749,0.8788397325322925,0.633049769190131,0.5706827728421104,,
pmc_gauss_k2,6,0.01,0,2000,20,raw,0.0,0.0,0,0,0.4484848484848485,1,True,0.6514878329999192,-0.1575607636351788,0.5343816782519496,1.3170273168228743,2.3943196864617957,0.8989749893045492,0.6213649443869057,0.7046116516007361,0.8440549771976444,,
pmc_gauss_k2,6,0.01,0,2000,20,oracle,1.0,0.0,0,20,0.10757575757575755,1,True,0.2388817499995639,-0.9027046334678304,0.9790523014322816,1.074782315902646,0.9671593543818666,0.9101231376714016,0.8800935515811225,0.634621266864325,0.5745984901480051,,
pmc_gauss_k2,6,0.01,0,2000,20,fm,1.0,0.000505050505050505,0,21,0.10808080808080811,4,True,1.9035655000006955,-0.9029481393673018,0.9801952996833274,1.0736454459038687,0.9613568743310241,0.9103938962942022,0.8799246464723899,0.6343787400428771,0.5720354986196882,,
pmc_gauss_k2,6,0.01,0,2000,20,fm_hampel,1.0,0.000505050505050505,0,21,0.10808080808080811,3,True,1.5886411660012527,-0.9029481393673018,0.9801952996833274,1.0736454459038687,0.9613568743310241,0.9103938962942022,0.8799246464723899,0.6343787400428771,0.5720354986196882,0.85,0.00909090909090909
pmc_gauss_k2,6,0.01,0,2000,20,fm_warm,1.0,0.0,0,20,0.11868686868686873,3,True,2.704650333000245,0.9434046567786613,-0.8526145376829533,1.0005664398911127,1.1154043199694537,0.8698235011835532,0.9053599846678122,0.5923810108275447,0.6569912082614454,,
pmc_gauss_k2,6,0.01,0,2000,20,dpd,0.0,0.0,0,0,nan,0,True,0.05327087499972549,-0.1575607636351788,0.5343816782519496,1.3170273168228743,2.3943196864617957,0.8989749893045492,0.6213649443869057,0.7022676011008243,0.8397533015991515,,
pmc_gauss_k2,8,0.01,0,2000,20,true_seq,1.0,0.00101010101010101,0,22,0.10606060606060608,0,True,0.14781870799924945,,,,,,,,,,
pmc_gauss_k2,8,0.01,0,2000,20,true_nonseq,1.0,0.00101010101010101,0,22,nan,0,True,0.09707566600081918,,,,,,,,,,
pmc_gauss_k2,8,0.01,0,2000,20,true_raw,0.0,0.0,0,0,0.11363636363636365,0,True,0.0,,,,,,,,,,
pmc_gauss_k2,8,0.01,0,2000,20,clean,0.0,0.0,0,0,0.11010101010101014,1,True,0.1590476250003121,-0.8979386407998363,0.9926576907627205,1.0719263615674521,0.9574904677972933,0.9106401002261749,0.8788397325322925,0.633049769190131,0.5706827728421104,,
pmc_gauss_k2,8,0.01,0,2000,20,raw,0.0,0.0,0,0,0.4252525252525252,1,True,0.22006254099869693,-0.19119547519475558,0.6186555645453553,1.286629106537439,2.4659845108977185,0.901871530320878,0.7143273577331677,0.7004843732610962,0.8306195049621456,,
pmc_gauss_k2,8,0.01,0,2000,20,oracle,1.0,0.0,0,20,0.11262626262626263,1,True,0.23886112499894807,-0.8846493720907904,0.9955020891528268,1.0733199226061167,0.9586461276355563,0.9101936326897005,0.8776635001815686,0.6335357224405374,0.5699108771573004,,
pmc_gauss_k2,8,0.01,0,2000,20,fm,1.0,0.000505050505050505,0,21,0.11212121212121207,4,True,1.4759989579997637,-0.884852986743531,0.9964485801302393,1.0722474519622243,0.9529798595817944,0.9104423445468017,0.8774756567979403,0.6333004960558178,0.567353578089204,,
pmc_gauss_k2,8,0.01,0,2000,20,fm_hampel,1.0,0.000505050505050505,0,21,0.11212121212121207,3,True,1.060828625000795,-0.884852986743531,0.9964485801302393,1.0722474519622243,0.9529798595817944,0.9104423445468017,0.8774756567979403,0.6333004960558178,0.567353578089204,1.0,0.00909090909090909
pmc_gauss_k2,8,0.01,0,2000,20,fm_warm,1.0,0.0,0,20,0.12323232323232325,3,True,2.1433526250002615,0.9667496016277837,-0.8335483474609047,0.9887462307901039,1.1125876442239153,0.8668691210047602,0.9059263452996017,0.5859359576075079,0.6555752639711258,,
pmc_gauss_k2,8,0.01,0,2000,20,dpd,0.0,0.0,0,0,nan,0,True,0.0507874590002757,-0.19119547519475558,0.6186555645453553,1.286629106537439,2.4659845108977185,0.901871530320878,0.7143273577331677,0.6992722603942713,0.8282933644778253,,
pmc_gauss_k2,4,0.05,0,2000,100,true_seq,0.89,0.0010526315789473684,0,91,0.10894736842105268,0,True,0.27131208299942955,,,,,,,,,,
pmc_gauss_k2,4,0.05,0,2000,100,true_nonseq,0.89,0.002105263157894737,0,93,nan,0,True,0.09723208399918803,,,,,,,,,,
pmc_gauss_k2,4,0.05,0,2000,100,true_raw,0.0,0.0,0,0,0.2136842105263158,0,True,0.0,,,,,,,,,,
pmc_gauss_k2,4,0.05,0,2000,100,clean,0.0,0.0,0,0,0.10947368421052628,1,True,0.1586079589997098,-0.8979386407998363,0.9926576907627205,1.0719263615674521,0.9574904677972933,0.9106401002261749,0.8788397325322925,0.633049769190131,0.5706827728421104,,
pmc_gauss_k2,4,0.05,0,2000,100,raw,0.0,0.0,0,0,0.4442105263157895,1,True,0.32574504100011836,-0.144473394342288,2.564757532134131,1.3566953773344312,2.827870885327625,0.8744209516307181,0.08315852675072807,0.7057591045690419,-0.28549700081742035,,
pmc_gauss_k2,4,0.05,0,2000,100,oracle,1.0,0.0,0,100,0.11578947368421055,1,True,0.22642904200074554,-0.9319520073251617,0.963941348158556,1.056696805373374,0.9597038610283538,0.9064049665396158,0.8821553977854254,0.6293726194510222,0.568661360781092,,
pmc_gauss_k2,4,0.05,0,2000,100,fm,0.0,0.0,0,0,0.4442105263157895,1,True,0.4184282919995894,-0.144473394342288,2.564757532134131,1.3566953773344312,2.827870885327625,0.8744209516307181,0.08315852675072807,0.7057591045690419,-0.28549700081742035,,
pmc_gauss_k2,4,0.05,0,2000,100,fm_hampel,0.02,0.0,0,2,0.44684210526315793,5,True,5.314393458000268,-0.13865587757522826,2.4874941251955893,1.3583809236322628,2.8357197969211603,0.8676413893255174,0.0217304381723619,0.7046869447806847,0.9391119642772079,0.76,0.007894736842105263
pmc_gauss_k2,4,0.05,0,2000,100,fm_warm,0.0,0.0,0,0,0.4442105263157895,1,True,0.42293475000042235,-0.144473394342288,2.564757532134131,1.3566953773344312,2.827870885327625,0.8744209516307181,0.08315852675072807,0.7057591045690419,-0.28549700081742035,,
pmc_gauss_k2,4,0.05,0,2000,100,dpd,0.0,0.0,0,0,nan,0,True,0.05093924999891897,-0.144473394342288,2.564757532134131,1.3566953773344312,2.827870885327625,0.8744209516307181,0.08315852675072807,0.7055305868666266,-0.27694468160081664,,
pmc_gauss_k2,6,0.05,0,2000,100,true_seq,1.0,0.0010526315789473684,0,102,0.1105263157894737,0,True,0.2875575409998419,,,,,,,,,,
pmc_gauss_k2,6,0.05,0,2000,100,true_nonseq,1.0,0.002105263157894737,0,104,nan,0,True,0.09805354200034344,,,,,,,,,,
pmc_gauss_k2,6,0.05,0,2000,100,true_raw,0.0,0.0,0,0,0.24526315789473685,0,True,0.0,,,,,,,,,,
pmc_gauss_k2,6,0.05,0,2000,100,clean,0.0,0.0,0,0,0.1105263157894737,1,True,0.15374562499891908,-0.8979386407998363,0.9926576907627205,1.0719263615674521,0.9574904677972933,0.9106401002261749,0.8788397325322925,0.633049769190131,0.5706827728421104,,
pmc_gauss_k2,6,0.05,0,2000,100,raw,0.0,0.0,0,0,0.4547368421052631,1,True,0.2581465830007801,-0.12076705304671478,4.090845439340761,1.3604300693155635,4.128216588422608,0.8849488718095125,0.016500179264535817,0.6978695405761858,0.9581230595252717,,
pmc_gauss_k2,6,0.05,0,2000,100,oracle,1.0,0.0,0,100,0.111578947368421,1,True,0.26534629200068593,-0.8942152049712468,0.9892222201608627,1.077018893464512,0.959665274539436,0.9102717176484343,0.8800388856685926,0.6344013704574446,0.5775589012063799,,
pmc_gauss_k2,6,0.05,0,2000,100,fm,0.0,0.0,0,0,0.4547368421052631,1,True,0.3449717919993418,-0.12076705304671478,4.090845439340761,1.3604300693155635,4.128216588422608,0.8849488718095125,0.016500179264535817,0.6978695405761858,0.9581230595252717,,
pmc_gauss_k2,6,0.05,0,2000,100,fm_hampel,1.0,0.0005263157894736842,0,101,0.11210526315789471,5,True,6.819163833000857,-0.8946186771815116,0.9903328793213004,1.0757083286362323,0.9536763295634507,0.9105086421708676,0.8798400708980498,0.6341822591550167,0.5748531912801058,0.83,0.007368421052631579
pmc_gauss_k2,6,0.05,0,2000,100,fm_warm,0.0,0.0,0,0,0.4547368421052631,1,True,0.35301350000008824,-0.12076705304671478,4.090845439340761,1.3604300693155635,4.128216588422608,0.8849488718095125,0.016500179264535817,0.6978695405761858,0.9581230595252717,,
pmc_gauss_k2,6,0.05,0,2000,100,dpd,0.0,0.0,0,0,nan,0,True,0.052287250000517815,-0.12076705304671478,4.090845439340761,1.3604300693155635,4.128216588422608,0.8849488718095125,0.016500179264535817,0.7008479375378097,0.963982468551394,,
pmc_gauss_k2,8,0.05,0,2000,100,true_seq,1.0,0.0010526315789473684,0,102,0.10263157894736841,0,True,0.2891073749997304,,,,,,,,,,
pmc_gauss_k2,8,0.05,0,2000,100,true_nonseq,1.0,0.0015789473684210526,0,103,nan,0,True,0.09549054199851525,,,,,,,,,,
pmc_gauss_k2,8,0.05,0,2000,100,true_raw,0.0,0.0,0,0,0.2326315789473684,0,True,0.0,,,,,,,,,,
pmc_gauss_k2,8,0.05,0,2000,100,clean,0.0,0.0,0,0,0.1105263157894737,1,True,0.1541674170002807,-0.8979386407998363,0.9926576907627205,1.0719263615674521,0.9574904677972933,0.9106401002261749,0.8788397325322925,0.633049769190131,0.5706827728421104,,
pmc_gauss_k2,8,0.05,0,2000,100,raw,0.0,0.0,0,0,0.45684210526315794,1,True,0.22995437500139815,-0.11707610301046645,5.742074620241933,1.3501211377827098,5.521110944497033,0.8928178229401811,0.0164563733543157,0.6827825629508482,0.9631321044694288,,
pmc_gauss_k2,8,0.05,0,2000,100,oracle,1.0,0.0,0,100,0.10947368421052628,1,True,0.27591983300044376,-0.897657392126801,0.9883814746881386,1.0627026507867992,0.9559546561307746,0.9102027415039722,0.8792769969310683,0.6296854349132819,0.5664238672678276,,
pmc_gauss_k2,8,0.05,0,2000,100,fm,0.0,0.0,0,0,0.45684210526315794,1,True,0.3202989589990466,-0.11707610301046645,5.742074620241933,1.3501211377827098,5.521110944497033,0.8928178229401811,0.0164563733543157,0.6827825629508482,0.9631321044694288,,
pmc_gauss_k2,8,0.05,0,2000,100,fm_hampel,1.0,0.0005263157894736842,0,101,0.10894736842105268,3,True,2.7683763339991856,-0.897707317666787,0.9897131740894005,1.061638653353643,0.9497614972771454,0.9105195145941963,0.8791115971832497,0.6295166946704642,0.5635521554876349,0.95,0.008421052631578947
pmc_gauss_k2,8,0.05,0,2000,100,fm_warm,0.0,0.0,0,0,0.45684210526315794,1,True,0.32210820900036197,-0.11707610301046645,5.742074620241933,1.3501211377827098,5.521110944497033,0.8928178229401811,0.0164563733543157,0.6827825629508482,0.9631321044694288,,
pmc_gauss_k2,8,0.05,0,2000,100,dpd,0.0,0.0,0,0,nan,0,True,0.0528096669986553,-0.11707610301046645,5.742074620241933,1.3501211377827098,5.521110944497033,0.8928178229401811,0.0164563733543157,0.6895666869684827,0.9692214372496154,,
pmc_gauss_k2,0,0.0,1,2000,0,true_seq,nan,0.0005,0,1,0.121,0,True,0.10299470800055133,,,,,,,,,,
pmc_gauss_k2,0,0.0,1,2000,0,true_nonseq,nan,0.0005,0,1,nan,0,True,0.09639841699936369,,,,,,,,,,
pmc_gauss_k2,0,0.0,1,2000,0,true_raw,nan,0.0,0,0,0.11699999999999999,0,True,0.0,,,,,,,,,,
pmc_gauss_k2,0,0.0,1,2000,0,clean,nan,0.0,0,0,0.11099999999999999,1,True,0.1263057910000498,-0.9950025893270016,1.0792136068574023,1.0561975978511724,1.047557705225761,0.9164020430563127,0.8951935064615214,0.6225674311291897,0.6139068925114219,,
pmc_gauss_k2,0,0.0,1,2000,0,raw,nan,0.0,0,0,0.11099999999999999,1,True,0.1331852089988388,-0.9950025893270016,1.0792136068574023,1.0561975978511724,1.047557705225761,0.9164020430563127,0.8951935064615214,0.6225674311291897,0.6139068925114219,,
pmc_gauss_k2,0,0.0,1,2000,0,oracle,nan,0.0,0,0,0.11099999999999999,1,True,0.13253249999979744,-0.9950025893270016,1.0792136068574023,1.0561975978511724,1.047557705225761,0.9164020430563127,0.8951935064615214,0.6225674311291897,0.6139068925114219,,
pmc_gauss_k2,0,0.0,1,2000,0,fm,nan,0.0,0,0,0.11099999999999999,1,True,0.23094462500012014,-0.9950025893270016,1.0792136068574023,1.0561975978511724,1.047557705225761,0.9164020430563127,0.8951935064615214,0.6225674311291897,0.6139068925114219,,
pmc_gauss_k2,0,0.0,1,2000,0,fm_hampel,nan,0.0,0,0,0.11099999999999999,2,True,0.5497006250006962,-0.9950025893270016,1.0792136068574023,1.0561975978511724,1.047557705225761,0.9164020430563127,0.8951935064615214,0.6225674311291897,0.6139068925114219,nan,0.008
pmc_gauss_k2,0,0.0,1,2000,0,fm_warm,nan,0.0,0,0,0.11099999999999999,1,True,0.2241686249999475,-0.9950025893270016,1.0792136068574023,1.0561975978511724,1.047557705225761,0.9164020430563127,0.8951935064615214,0.6225674311291897,0.6139068925114219,,
pmc_gauss_k2,0,0.0,1,2000,0,dpd,nan,0.0,0,0,nan,0,True,0.053033207999760634,-0.9950025893270016,1.0792136068574023,1.0561975978511724,1.047557705225761,0.9164020430563127,0.8951935064615214,0.6234991062996714,0.6173736381981667,,
pmc_gauss_k2,4,0.01,1,2000,20,true_seq,0.95,0.000505050505050505,0,20,0.12171717171717167,0,True,0.13854354199975205,,,,,,,,,,
pmc_gauss_k2,4,0.01,1,2000,20,true_nonseq,0.95,0.000505050505050505,0,20,nan,0,True,0.09494654199988872,,,,,,,,,,
pmc_gauss_k2,4,0.01,1,2000,20,true_raw,0.0,0.0,0,0,0.12929292929292935,0,True,0.0,,,,,,,,,,
pmc_gauss_k2,4,0.01,1,2000,20,clean,0.0,0.0,0,0,0.1106060606060606,1,True,0.1310634579986072,-0.9950025893270016,1.0792136068574023,1.0561975978511724,1.047557705225761,0.9164020430563127,0.8951935064615214,0.6225674311291897,0.6139068925114219,,
pmc_gauss_k2,4,0.01,1,2000,20,raw,0.0,0.0,0,0,0.37575757575757573,1,True,0.7548190830002568,-0.21511265774920163,0.7997953342764716,1.4260525378477256,1.853112990254851,0.900352133869894,0.5915960531116057,0.7333385140960097,0.793848727900408,,
pmc_gauss_k2,4,0.01,1,2000,20,oracle,1.0,0.0,0,20,0.10757575757575755,1,True,0.248451583998758,-0.9743660641897113,1.1159208218314234,1.0607106715518595,1.0331090753332586,0.9190117437950207,0.8930985208288771,0.6248112973538748,0.6100070897222999,,
pmc_gauss_k2,4,0.01,1,2000,20,fm,0.95,0.0,0,19,0.10858585858585856,4,True,2.0270235000007233,-0.9859419103572715,1.1056448792209999,1.0556527150134274,1.0376361938703953,0.9168832032432594,0.8929882973666712,0.6224181378890167,0.6104699408261381,,
pmc_gauss_k2,4,0.01,1,2000,20,fm_hampel,0.95,0.0,0,19,0.10858585858585856,2,True,0.8297968330007279,-0.9859419103572715,1.1056448792209999,1.0556527150134274,1.0376361938703953,0.9168832032432594,0.8929882973666712,0.6224181378890167,0.6104699408261381,0.7,0.00808080808080808
pmc_gauss_k2,4,0.01,1,2000,20,fm_warm,0.95,0.0,0,19,0.11363636363636365,5,True,3.1102931660007016,-0.9225948947508298,1.1390029743543115,1.0912025814688495,1.0380559881705402,0.9174986033437094,0.882653930957964,0.639214484827553,0.6172506676724442,,
pmc_gauss_k2,4,0.01,1,2000,20,dpd,0.0,0.0,0,0,nan,0,True,0.0507364580007561,-0.21511265774920163,0.7997953342764716,1.4260525378477256,1.853112990254851,0.900352133869894,0.5915960531116057,0.7319427661640155,0.7902540525314778,,
pmc_gauss_k2,6,0.01,1,2000,20,true_seq,1.0,0.000505050505050505,0,21,0.12222222222222223,0,True,0.13894566599992686,,,,,,,,,,
pmc_gauss_k2,6,0.01,1,2000,20,true_nonseq,1.0,0.00101010101010101,0,22,nan,0,True,0.09411075000025448,,,,,,,,,,
pmc_gauss_k2,6,0.01,1,2000,20,true_raw,0.0,0.0,0,0,0.16010101010101008,0,True,0.0,,,,,,,,,,
pmc_gauss_k2,6,0.01,1,2000,20,clean,0.0,0.0,0,0,0.11212121212121207,1,True,0.13081829200018547,-0.9950025893270016,1.0792136068574023,1.0561975978511724,1.047557705225761,0.9164020430563127,0.8951935064615214,0.6225674311291897,0.6139068925114219,,
pmc_gauss_k2,6,0.01,1,2000,20,raw,0.0,0.0,0,0,0.4085858585858586,1,True,0.6900889999997162,-0.14231065408957982,0.9709471863224893,1.4271976754349747,2.892742588127206,0.9146009712629166,0.47479864485610307,0.7266814598065454,0.869485722002697,,
pmc_gauss_k2,6,0.01,1,2000,20,oracle,1.0,0.0,0,20,0.11363636363636365,1,True,0.2408745419998013,-0.9921851534687256,1.0712412822433222,1.06176611144084,1.052324246098558,0.916281169300207,0.8942807210316657,0.6227910631923879,0.6177928484475591,,
pmc_gauss_k2,6,0.01,1,2000,20,fm,1.0,0.0,0,20,0.11363636363636365,3,True,1.633960917000877,-0.9921851534687256,1.0712412822433222,1.06176611144084,1.052324246098558,0.916281169300207,0.8942807210316657,0.6227910631923879,0.6177928484475591,,
pmc_gauss_k2,6,0.01,1,2000,20,fm_hampel,1.0,0.0,0,20,0.11363636363636365,2,True,1.1131210419989657,-0.9921851534687256,1.0712412822433222,1.06176611144084,1.052324246098558,0.916281169300207,0.8942807210316657,0.6227910631923879,0.6177928484475591,0.9,0.007070707070707071
pmc_gauss_k2,6,0.01,1,2000,20,fm_warm,1.0,0.0,0,20,0.11464646464646466,3,True,2.807051332998526,-0.9401933152327032,1.0524540164494023,1.0995352911654106,1.0842851709368204,0.9133815247677772,0.8858292970867396,0.6413176848476281,0.63749902677407,,
pmc_gauss_k2,6,0.01,1,2000,20,dpd,0.0,0.0,0,0,nan,0,True,0.052077374999498716,-0.14231065408957982,0.9709471863224893,1.4271976754349747,2.892742588127206,0.9146009712629166,0.47479864485610307,0.7266891659885311,0.8670673843507848,,
pmc_gauss_k2,8,0.01,1,2000,20,true_seq,1.0,0.000505050505050505,0,21,0.12121212121212122,0,True,0.14478445900022052,,,,,,,,,,
pmc_gauss_k2,8,0.01,1,2000,20,true_nonseq,1.0,0.00101010101010101,0,22,nan,0,True,0.09646829099983734,,,,,,,,,,
pmc_gauss_k2,8,0.01,1,2000,20,true_raw,0.0,0.0,0,0,0.1550505050505051,0,True,0.0,,,,,,,,,,
pmc_gauss_k2,8,0.01,1,2000,20,clean,0.0,0.0,0,0,0.11161616161616161,1,True,0.12960237500010408,-0.9950025893270016,1.0792136068574023,1.0561975978511724,1.047557705225761,0.9164020430563127,0.8951935064615214,0.6225674311291897,0.6139068925114219,,
pmc_gauss_k2,8,0.01,1,2000,20,raw,0.0,0.0,0,0,0.4085858585858586,1,True,0.21985708299871476,-0.1440307849046166,1.1934869789714462,1.4189653160534728,3.416579487684096,0.9239663978377335,0.5318799994076326,0.7213531672650598,0.8812597113412198,,
pmc_gauss_k2,8,0.01,1,2000,20,oracle,1.0,0.0,0,20,0.11111111111111116,1,True,0.19991054099955363,-0.9994403811771213,1.081796712222419,1.0556909061430704,1.04836769712554,0.9166705192714365,0.8957900440800506,0.6211414617623823,0.6129273250338085,,
pmc_gauss_k2,8,0.01,1,2000,20,fm,1.0,0.0,0,20,0.11111111111111116,2,True,0.6796800830015854,-0.9994403811771213,1.081796712222419,1.0556909061430704,1.04836769712554,0.9166705192714365,0.8957900440800506,0.6211414617623823,0.6129273250338085,,
pmc_gauss_k2,8,0.01,1,2000,20,fm_hampel,1.0,0.0,0,20,0.11111111111111116,2,True,0.7163622499992925,-0.9994403811771213,1.081796712222419,1.0556909061430704,1.04836769712554,0.9166705192714365,0.8957900440800506,0.6211414617623823,0.6129273250338085,1.0,0.007575757575757576
pmc_gauss_k2,8,0.01,1,2000,20,fm_warm,1.0,0.0,0,20,0.23989898989898994,2,True,1.6020465419987886,-0.4706413262697081,0.594285641422055,1.4056727120898433,1.3431494431745497,0.9025110151768878,0.8337976122224039,0.7193465072219416,0.7238833139591844,,
pmc_gauss_k2,8,0.01,1,2000,20,dpd,0.0,0.0,0,0,nan,0,True,0.048863124999115826,-0.1440307849046166,1.1934869789714462,1.4189653160534728,3.416579487684096,0.9239663978377335,0.5318799994076326,0.722557659351288,0.8818914418821193,,
pmc_gauss_k2,4,0.05,1,2000,100,true_seq,0.94,0.0015789473684210526,2,97,0.12578947368421056,0,True,0.2730986250007845,,,,,,,,,,
pmc_gauss_k2,4,0.05,1,2000,100,true_nonseq,0.94,0.002105263157894737,2,98,nan,0,True,0.0938088750008319,,,,,,,,,,
pmc_gauss_k2,4,0.05,1,2000,100,true_raw,0.0,0.0,0,0,0.22368421052631582,0,True,0.0,,,,,,,,,,
pmc_gauss_k2,4,0.05,1,2000,100,clean,0.0,0.0,0,0,0.1105263157894737,1,True,0.12964845900023647,-0.9950025893270016,1.0792136068574023,1.0561975978511724,1.047557705225761,0.9164020430563127,0.8951935064615214,0.6225674311291897,0.6139068925114219,,
pmc_gauss_k2,4,0.05,1,2000,100,raw,0.0,0.0,0,0,0.4078947368421053,1,True,0.2896854169994185,-0.13203271049464774,2.8438673216470893,1.445833542900532,2.935050190582597,0.8769419284228153,0.08190869442490703,0.7236465923532619,0.8691060443484019,,
pmc_gauss_k2,4,0.05,1,2000,100,oracle,1.0,0.0,0,100,0.11526315789473685,1,True,0.2736412920003204,-0.9683560827499613,1.082993657237913,1.0664397860952273,1.055878513938955,0.9174043656373964,0.8934684240239258,0.6281085451551225,0.6171432511972732,,
pmc_gauss_k2,4,0.05,1,2000,100,fm,0.0,0.0,0,0,0.4078947368421053,1,True,0.3754130420002184,-0.13203271049464774,2.8438673216470893,1.445833542900532,2.935050190582597,0.8769419284228153,0.08190869442490703,0.7236465923532619,0.8691060443484019,,
pmc_gauss_k2,4,0.05,1,2000,100,fm_hampel,0.01,0.0,0,1,0.4068421052631579,4,True,2.698867874998541,-0.13369085863465804,2.8016979029782187,1.4449819834069064,2.8994170484318866,0.8765378401131249,0.0836006220893552,0.7244812365382578,0.8675413835611094,0.69,0.006842105263157895
pmc_gauss_k2,4,0.05,1,2000,100,fm_warm,0.0,0.0,0,0,0.4078947368421053,1,True,0.37201529200137884,-0.13203271049464774,2.8438673216470893,1.445833542900532,2.935050190582597,0.8769419284228153,0.08190869442490703,0.7236465923532619,0.8691060443484019,,
pmc_gauss_k2,4,0.05,1,2000,100,dpd,0.0,0.0,0,0,nan,0,True,0.05152841699964483,-0.13203271049464774,2.8438673216470893,1.445833542900532,2.935050190582597,0.8769419284228153,0.08190869442490703,0.7255303296261312,0.8722920388507253,,
pmc_gauss_k2,6,0.05,1,2000,100,true_seq,1.0,0.0005263157894736842,0,101,0.12105263157894741,0,True,0.27980316700086405,,,,,,,,,,
pmc_gauss_k2,6,0.05,1,2000,100,true_nonseq,1.0,0.0010526315789473684,0,102,nan,0,True,0.09181845799867006,,,,,,,,,,
pmc_gauss_k2,6,0.05,1,2000,100,true_raw,0.0,0.0,0,0,0.21105263157894738,0,True,0.0,,,,,,,,,,
pmc_gauss_k2,6,0.05,1,2000,100,clean,0.0,0.0,0,0,0.111578947368421,1,True,0.1273193329998321,-0.9950025893270016,1.0792136068574023,1.0561975978511724,1.047557705225761,0.9164020430563127,0.8951935064615214,0.6225674311291897,0.6139068925114219,,
pmc_gauss_k2,6,0.05,1,2000,100,raw,0.0,0.0,0,0,0.41368421052631577,1,True,0.2256091250001191,-0.11478287223515349,4.693755536333995,1.4558106220171398,4.354216820046436,0.8922247371763469,0.03220445443104688,0.7201073601704807,0.8822633435008932,,
pmc_gauss_k2,6,0.05,1,2000,100,oracle,1.0,0.0,0,100,0.11947368421052629,1,True,0.277100708000944,-0.9692438962472791,1.0773360117977777,1.077343097804603,1.0649237384581993,0.9158967015105697,0.8914674522816627,0.6343297766947814,0.627588811120424,,
pmc_gauss_k2,6,0.05,1,2000,100,fm,0.0,0.0,0,0,0.41368421052631577,1,True,0.32815466600004584,-0.11478287223515349,4.693755536333995,1.4558106220171398,4.354216820046436,0.8922247371763469,0.03220445443104688,0.7201073601704807,0.8822633435008932,,
pmc_gauss_k2,6,0.05,1,2000,100,fm_hampel,1.0,0.0,0,100,0.11947368421052629,4,True,3.2464145829999325,-0.9692438962472791,1.0773360117977777,1.077343097804603,1.0649237384581993,0.9158967015105697,0.8914674522816627,0.6343297766947814,0.627588811120424,0.85,0.006842105263157895
pmc_gauss_k2,6,0.05,1,2000,100,fm_warm,0.0,0.0,0,0,0.41368421052631577,1,True,0.33285616600005596,-0.11478287223515349,4.693755536333995,1.4558106220171398,4.354216820046436,0.8922247371763469,0.03220445443104688,0.7201073601704807,0.8822633435008932,,
pmc_gauss_k2,6,0.05,1,2000,100,dpd,0.0,0.0,0,0,nan,0,True,0.053095458999450784,-0.11478287223515349,4.693755536333995,1.4558106220171398,4.354216820046436,0.8922247371763469,0.03220445443104688,0.7257929535790646,0.879510673593841,,
pmc_gauss_k2,8,0.05,1,2000,100,true_seq,1.0,0.0005263157894736842,0,101,0.12473684210526315,0,True,0.28764083399983065,,,,,,,,,,
pmc_gauss_k2,8,0.05,1,2000,100,true_nonseq,1.0,0.0010526315789473684,0,102,nan,0,True,0.09475908300009905,,,,,,,,,,
pmc_gauss_k2,8,0.05,1,2000,100,true_raw,0.0,0.0,0,0,0.22736842105263155,0,True,0.0,,,,,,,,,,
pmc_gauss_k2,8,0.05,1,2000,100,clean,0.0,0.0,0,0,0.11263157894736842,1,True,0.13136091600063082,-0.9950025893270016,1.0792136068574023,1.0561975978511724,1.047557705225761,0.9164020430563127,0.8951935064615214,0.6225674311291897,0.6139068925114219,,
pmc_gauss_k2,8,0.05,1,2000,100,raw,0.0,0.0,0,0,0.42263157894736847,1,True,0.2311667909998505,-0.09741947302799284,6.370000030668139,1.4527450115102054,5.802848078138555,0.8973622542485676,0.017677362449255125,0.706829490275102,0.8902114880890537,,
pmc_gauss_k2,8,0.05,1,2000,100,oracle,1.0,0.0,0,100,0.11526315789473685,1,True,0.22983983300036925,-1.0098698623354263,1.050213106893728,1.048081649351327,1.0685350783519216,0.916224301068351,0.8994505389131366,0.618418773677439,0.6152904130067457,,
pmc_gauss_k2,8,0.05,1,2000,100,fm,0.0,0.0,0,0,0.42263157894736847,1,True,0.32905695799854584,-0.09741947302799284,6.370000030668139,1.4527450115102054,5.802848078138555,0.8973622542485676,0.017677362449255125,0.706829490275102,0.8902114880890537,,
pmc_gauss_k2,8,0.05,1,2000,100,fm_hampel,1.0,0.0,0,100,0.11526315789473685,2,True,2.2126530000005005,-1.0098698623354263,1.050213106893728,1.048081649351327,1.0685350783519216,0.916224301068351,0.8994505389131366,0.618418773677439,0.6152904130067457,0.97,0.006842105263157895
pmc_gauss_k2,8,0.05,1,2000,100,fm_warm,0.0,0.0,0,0,0.42263157894736847,1,True,0.3310867500003951,-0.09741947302799284,6.370000030668139,1.4527450115102054,5.802848078138555,0.8973622542485676,0.017677362449255125,0.706829490275102,0.8902114880890537,,
pmc_gauss_k2,8,0.05,1,2000,100,dpd,0.0,0.0,0,0,nan,0,True,0.05476533399996697,-0.09741947302799284,6.370000030668139,1.4527450115102054,5.802848078138555,0.8973622542485676,0.017677362449255125,0.7146658924302212,0.8969973179371594,,
pmc_gauss_k2,0,0.0,2,2000,0,true_seq,nan,0.001,0,2,0.09150000000000003,0,True,0.10345362500083866,,,,,,,,,,
pmc_gauss_k2,0,0.0,2,2000,0,true_nonseq,nan,0.001,0,2,nan,0,True,0.09713391599871102,,,,,,,,,,
pmc_gauss_k2,0,0.0,2,2000,0,true_raw,nan,0.0,0,0,0.09350000000000003,0,True,0.0,,,,,,,,,,
pmc_gauss_k2,0,0.0,2,2000,0,clean,nan,0.0,0,0,0.09550000000000003,1,True,0.1300990420004382,-1.1132729525169127,1.099810260235192,1.0330673149503395,1.0989687643070256,0.8943223063822632,0.8988203194767339,0.6149364744003447,0.6366234330220873,,
pmc_gauss_k2,0,0.0,2,2000,0,raw,nan,0.0,0,0,0.09550000000000003,1,True,0.1303829999997106,-1.1132729525169127,1.099810260235192,1.0330673149503395,1.0989687643070256,0.8943223063822632,0.8988203194767339,0.6149364744003447,0.6366234330220873,,
pmc_gauss_k2,0,0.0,2,2000,0,oracle,nan,0.0,0,0,0.09550000000000003,1,True,0.13072162500066042,-1.1132729525169127,1.099810260235192,1.0330673149503395,1.0989687643070256,0.8943223063822632,0.8988203194767339,0.6149364744003447,0.6366234330220873,,
pmc_gauss_k2,0,0.0,2,2000,0,fm,nan,0.0005,0,1,0.09150000000000003,2,True,0.5137168329983979,-1.126492200344512,1.0941931057407226,1.0242144360633805,1.0938611760025574,0.8933849433987735,0.8993650503062832,0.6130302050342115,0.6359431034162951,,
pmc_gauss_k2,0,0.0,2,2000,0,fm_hampel,nan,0.001,0,2,0.09299999999999997,2,True,0.6404330830009712,-1.1248263587720535,1.0940014098234174,1.0203960102631977,1.0939755576940824,0.893342553435259,0.8995297059735082,0.6115711598220154,0.6362774177145053,nan,0.006
pmc_gauss_k2,0,0.0,2,2000,0,fm_warm,nan,0.0005,0,1,0.09250000000000003,2,True,0.4088215419997141,-1.12248128569916,1.0889447107285575,1.0282402521097582,1.0993883684495354,0.8934290425673791,0.8995440620786129,0.6160226283041996,0.6399063882860994,,
pmc_gauss_k2,0,0.0,2,2000,0,dpd,nan,0.0,0,0,nan,0,True,0.052614207999795326,-1.1132729525169127,1.099810260235192,1.0330673149503395,1.0989687643070256,0.8943223063822632,0.8988203194767339,0.6126761775678028,0.639818797023875,,
pmc_gauss_k2,4,0.01,2,2000,20,true_seq,0.9,0.00101010101010101,0,20,0.09292929292929297,0,True,0.13836966599956213,,,,,,,,,,
pmc_gauss_k2,4,0.01,2,2000,20,true_nonseq,0.9,0.0015151515151515152,0,21,nan,0,True,0.09777666700028931,,,,,,,,,,
pmc_gauss_k2,4,0.01,2,2000,20,true_raw,0.0,0.0,0,0,0.11919191919191918,0,True,0.0,,,,,,,,,,
pmc_gauss_k2,4,0.01,2,2000,20,clean,0.0,0.0,0,0,0.09444444444444444,1,True,0.1274837499986461,-1.1132729525169127,1.099810260235192,1.0330673149503395,1.0989687643070256,0.8943223063822632,0.8988203194767339,0.6149364744003447,0.6366234330220873,,
pmc_gauss_k2,4,0.01,2,2000,20,raw,0.0,0.0,0,0,0.4797979797979798,1,True,0.8884234580000339,0.024726059146547238,0.3058228492355145,1.5262097084050046,2.0437941250777785,0.8952997370085919,0.5623694265503277,0.7429057654044808,0.8303420373816953,,
pmc_gauss_k2,4,0.01,2,2000,20,oracle,1.0,0.0,0,20,0.0949494949494949,1,True,0.20178220799971314,-1.1222344579940151,1.0953341019872453,1.0283344316635203,1.1017135929660609,0.8944024790509997,0.9006385818993605,0.6104459287172119,0.6373602426641178,,
pmc_gauss_k2,4,0.01,2,2000,20,fm,0.9,0.000505050505050505,0,19,0.0949494949494949,3,True,1.577904416999445,-1.1159871866385451,1.1345258946680241,1.0238286593076606,1.073300381357396,0.8927097134725067,0.8952634440160299,0.6004292321156939,0.6070652940153626,,
pmc_gauss_k2,4,0.01,2,2000,20,fm_hampel,0.9,0.000505050505050505,0,19,0.0949494949494949,3,True,1.2053330420003476,-1.1159871866385451,1.1345258946680241,1.0238286593076606,1.073300381357396,0.8927097134725067,0.8952634440160299,0.6004292321156939,0.6070652940153626,0.8,0.006060606060606061
pmc_gauss_k2,4,0.01,2,2000,20,fm_warm,0.9,0.000505050505050505,0,19,0.4702020202020202,3,True,2.026102959000127,0.06974398140019528,-0.11201166445222674,1.581276290977538,1.4035405814114568,0.9132619541520998,0.7585354819433002,0.7445677886410637,0.7458335952395874,,
pmc_gauss_k2,4,0.01,2,2000,20,dpd,0.0,0.0,0,0,nan,0,True,0.05435441699955845,0.024726059146547238,0.3058228492355145,1.5262097084050046,2.0437941250777785,0.8952997370085919,0.5623694265503277,0.7403680263575163,0.8266655842289592,,
pmc_gauss_k2,6,0.01,2,2000,20,true_seq,1.0,0.00101010101010101,0,22,0.09595959595959591,0,True,0.13990970900158572,,,,,,,,,,
pmc_gauss_k2,6,0.01,2,2000,20,true_nonseq,1.0,0.00101010101010101,0,22,nan,0,True,0.09718329200040898,,,,,,,,,,
pmc_gauss_k2,6,0.01,2,2000,20,true_raw,0.0,0.0,0,0,0.12272727272727268,0,True,0.0,,,,,,,,,,
pmc_gauss_k2,6,0.01,2,2000,20,clean,0.0,0.0,0,0,0.09646464646464648,1,True,0.12726137500067125,-1.1132729525169127,1.099810260235192,1.0330673149503395,1.0989687643070256,0.8943223063822632,0.8988203194767339,0.6149364744003447,0.6366234330220873,,
pmc_gauss_k2,6,0.01,2,2000,20,raw,0.0,0.0,0,0,0.47070707070707074,1,True,0.5847885000002861,-0.005435046402212124,0.6750765768574675,1.5090808890584084,2.7523795984114585,0.9067973592554955,0.5426125726828681,0.737616933672124,0.8772913830800082,,
pmc_gauss_k2,6,0.01,2,2000,20,oracle,1.0,0.0,0,20,0.09949494949494953,1,True,0.08061654099947191,-1.1073912370590007,1.141018181690293,1.0233332537373219,1.06786598957279,0.894560234419393,0.8946805427749781,0.603321911676296,0.6062304414522561,,
pmc_gauss_k2,6,0.01,2,2000,20,fm,1.0,0.000505050505050505,0,21,0.09747474747474749,3,True,1.405110916999547,-1.1123626684959675,1.1377899756854328,1.0195789398341129,1.0637213346492713,0.8945107754369636,0.8951294754963374,0.6037974093222068,0.6076868007747246,,
pmc_gauss_k2,6,0.01,2,2000,20,fm_hampel,1.0,0.000505050505050505,0,21,0.09747474747474749,2,True,0.7258923329991376,-1.1123626684959675,1.1377899756854328,1.0195789398341129,1.0637213346492713,0.8945107754369636,0.8951294754963374,0.6037974093222068,0.6076868007747246,0.9,0.005555555555555556
pmc_gauss_k2,6,0.01,2,2000,20,fm_warm,1.0,0.000505050505050505,0,21,0.4732323232323232,4,True,2.0189571659993817,0.07199399065105982,-0.14974296264229847,1.573898974635583,1.4008602737065377,0.9089218044260217,0.7446968523967752,0.7477864782670416,0.7489205933471275,,
pmc_gauss_k2,6,0.01,2,2000,20,dpd,0.0,0.0,0,0,nan,0,True,0.050517374998889863,-0.005435046402212124,0.6750765768574675,1.5090808890584084,2.7523795984114585,0.9067973592554955,0.5426125726828681,0.7361738893289237,0.8746335318280601,,
pmc_gauss_k2,8,0.01,2,2000,20,true_seq,1.0,0.00101010101010101,0,22,0.09242424242424241,0,True,0.14300562500102387,,,,,,,,,,
pmc_gauss_k2,8,0.01,2,2000,20,true_nonseq,1.0,0.00101010101010101,0,22,nan,0,True,0.09960087500076042,,,,,,,,,,
pmc_gauss_k2,8,0.01,2,2000,20,true_raw,0.0,0.0,0,0,0.12424242424242427,0,True,0.0,,,,,,,,,,
pmc_gauss_k2,8,0.01,2,2000,20,clean,0.0,0.0,0,0,0.09595959595959591,1,True,0.13501416699909896,-1.1132729525169127,1.099810260235192,1.0330673149503395,1.0989687643070256,0.8943223063822632,0.8988203194767339,0.6149364744003447,0.6366234330220873,,
pmc_gauss_k2,8,0.01,2,2000,20,raw,0.0,0.0,0,0,0.48030303030303034,1,True,0.22670529099923442,0.013137487520617809,0.858895197378369,1.5044578364544736,3.542913714550021,0.9207382450558989,0.5529675096988782,0.7333487562332213,0.8910213656556059,,
pmc_gauss_k2,8,0.01,2,2000,20,oracle,1.0,0.0,0,20,0.09545454545454546,1,True,0.08134324999991804,-1.1056724936726097,1.1316146728810903,1.026041290174115,1.0755056002871084,0.894682629843215,0.8951782267273986,0.6030763395013395,0.6063935534322635,,
pmc_gauss_k2,8,0.01,2,2000,20,fm,1.0,0.00101010101010101,0,22,0.09393939393939399,4,True,1.4052464999986114,-1.1240987536259008,1.09067445127966,1.0156326161760176,1.0961285955519087,0.8924139327279295,0.8985587491736876,0.6109792635032841,0.6380461437318544,,
pmc_gauss_k2,8,0.01,2,2000,20,fm_hampel,1.0,0.00101010101010101,0,22,0.09393939393939399,3,True,1.5186482919998525,-1.1240987536259008,1.09067445127966,1.0156326161760176,1.0961285955519087,0.8924139327279295,0.8985587491736876,0.6109792635032841,0.6380461437318544,0.9,0.006060606060606061
pmc_gauss_k2,8,0.01,2,2000,20,fm_warm,1.0,0.000505050505050505,0,21,0.453030303030303,3,True,1.5668226660000073,0.10586178617431423,-0.21987605633631221,1.578347469260939,1.3841304498084805,0.909396324560302,0.7699934758191611,0.7469457971264466,0.7432095423350776,,
pmc_gauss_k2,8,0.01,2,2000,20,dpd,0.0,0.0,0,0,nan,0,True,0.05065029199977289,0.013137487520617809,0.858895197378369,1.5044578364544736,3.542913714550021,0.9207382450558989,0.5529675096988782,0.7335693261855374,0.8922150941406634,,
pmc_gauss_k2,4,0.05,2,2000,100,true_seq,0.92,0.0015789473684210526,2,95,0.09105263157894739,0,True,0.2745726659995853,,,,,,,,,,
pmc_gauss_k2,4,0.05,2,2000,100,true_nonseq,0.92,0.0036842105263157894,2,99,nan,0,True,0.09744345900071494,,,,,,,,,,
pmc_gauss_k2,4,0.05,2,2000,100,true_raw,0.0,0.0,0,0,0.20578947368421052,0,True,0.0,,,,,,,,,,
pmc_gauss_k2,4,0.05,2,2000,100,clean,0.0,0.0,0,0,0.09526315789473683,1,True,0.12565262499992969,-1.1132729525169127,1.099810260235192,1.0330673149503395,1.0989687643070256,0.8943223063822632,0.8988203194767339,0.6149364744003447,0.6366234330220873,,
pmc_gauss_k2,4,0.05,2,2000,100,raw,0.0,0.0,0,0,0.4636842105263158,1,True,0.3020966669992049,-0.005879513056958743,2.4611094589886693,1.5219754774474332,3.0877488958200403,0.8625880794784484,0.11308993773956079,0.7387147224568823,0.9133970293672687,,
pmc_gauss_k2,4,0.05,2,2000,100,oracle,1.0,0.0,0,100,0.09631578947368424,1,True,0.09608487500008778,-1.0865405677266788,1.1460027813680185,1.0226600820041991,1.0858877564637013,0.8954889555493701,0.8951293473154555,0.6058705504051786,0.6046604799495092,,
pmc_gauss_k2,4,0.05,2,2000,100,fm,0.0,0.0,0,0,0.4636842105263158,1,True,0.40265125000041735,-0.005879513056958743,2.4611094589886693,1.5219754774474332,3.0877488958200403,0.8625880794784484,0.11308993773956079,0.7387147224568823,0.9133970293672687,,
pmc_gauss_k2,4,0.05,2,2000,100,fm_hampel,0.0,0.0,0,0,0.4636842105263158,6,True,5.283708625000145,-0.005879513056958743,2.4611094589886693,1.5219754774474332,3.0877488958200403,0.8625880794784484,0.11308993773956079,0.7387147224568823,0.9133970293672687,0.72,0.0036842105263157894
pmc_gauss_k2,4,0.05,2,2000,100,fm_warm,0.0,0.0,0,0,0.4636842105263158,1,True,0.40298525000071095,-0.005879513056958743,2.4611094589886693,1.5219754774474332,3.0877488958200403,0.8625880794784484,0.11308993773956079,0.7387147224568823,0.9133970293672687,,
pmc_gauss_k2,4,0.05,2,2000,100,dpd,0.0,0.0,0,0,nan,0,True,0.05231404199912504,-0.005879513056958743,2.4611094589886693,1.5219754774474332,3.0877488958200403,0.8625880794784484,0.11308993773956079,0.7388116096550513,0.917968517582626,,
pmc_gauss_k2,6,0.05,2,2000,100,true_seq,1.0,0.0005263157894736842,0,101,0.09526315789473683,0,True,0.27715100000023085,,,,,,,,,,
pmc_gauss_k2,6,0.05,2,2000,100,true_nonseq,1.0,0.002631578947368421,1,105,nan,0,True,0.09712374999980966,,,,,,,,,,
pmc_gauss_k2,6,0.05,2,2000,100,true_raw,0.0,0.0,0,0,0.23736842105263156,0,True,0.0,,,,,,,,,,
pmc_gauss_k2,6,0.05,2,2000,100,clean,0.0,0.0,0,0,0.09578947368421054,1,True,0.1286311250005383,-1.1132729525169127,1.099810260235192,1.0330673149503395,1.0989687643070256,0.8943223063822632,0.8988203194767339,0.6149364744003447,0.6366234330220873,,
pmc_gauss_k2,6,0.05,2,2000,100,raw,0.0,0.0,0,0,0.4726315789473684,1,True,0.2354592080009752,-0.017690765633601665,4.176192375210972,1.5116520819985408,4.795061102978559,0.8828760726359574,0.12787039004955283,0.7237147774184849,0.9370060202667418,,
pmc_gauss_k2,6,0.05,2,2000,100,oracle,1.0,0.0,0,100,0.09947368421052627,1,True,0.2313681669984362,-1.0816376647311574,1.0948587598214512,1.0549670610035335,1.1016180898427135,0.8964837260046071,0.8970862833984448,0.6239157280914475,0.6350043383885934,,
pmc_gauss_k2,6,0.05,2,2000,100,fm,0.0,0.0,0,0,0.4726315789473684,1,True,0.32504675000018324,-0.017690765633601665,4.176192375210972,1.5116520819985408,4.795061102978559,0.8828760726359574,0.12787039004955283,0.7237147774184849,0.9370060202667418,,
pmc_gauss_k2,6,0.05,2,2000,100,fm_hampel,1.0,0.0005263157894736842,0,101,0.09684210526315784,3,True,2.7452401669997926,-1.0955190720312444,1.0887402492190843,1.0461974641363627,1.0961040465182919,0.8954855388184765,0.8976579223651555,0.6222147881462079,0.6343740190543882,0.86,0.004736842105263158
pmc_gauss_k2,6,0.05,2,2000,100,fm_warm,0.0,0.0,0,0,0.4726315789473684,1,True,0.3263588330009952,-0.017690765633601665,4.176192375210972,1.5116520819985408,4.795061102978559,0.8828760726359574,0.12787039004955283,0.7237147774184849,0.9370060202667418,,
pmc_gauss_k2,6,0.05,2,2000,100,dpd,0.0,0.0,0,0,nan,0,True,0.054541792000236455,-0.017690765633601665,4.176192375210972,1.5116520819985408,4.795061102978559,0.8828760726359574,0.12787039004955283,0.7263960448979062,0.9398453155650243,,
pmc_gauss_k2,8,0.05,2,2000,100,true_seq,1.0,0.0010526315789473684,0,102,0.09105263157894739,0,True,0.2929392079986428,,,,,,,,,,
pmc_gauss_k2,8,0.05,2,2000,100,true_nonseq,1.0,0.002105263157894737,1,104,nan,0,True,0.0967278330008412,,,,,,,,,,
pmc_gauss_k2,8,0.05,2,2000,100,true_raw,0.0,0.0,0,0,0.20789473684210524,0,True,0.0,,,,,,,,,,
pmc_gauss_k2,8,0.05,2,2000,100,clean,0.0,0.0,0,0,0.09631578947368424,1,True,0.12730558300063421,-1.1132729525169127,1.099810260235192,1.0330673149503395,1.0989687643070256,0.8943223063822632,0.8988203194767339,0.6149364744003447,0.6366234330220873,,
pmc_gauss_k2,8,0.05,2,2000,100,raw,0.0,0.0,0,0,0.4831578947368421,1,True,0.20028304199877311,0.004545287924421079,5.57265371731482,1.5182460212279973,6.2070793361061805,0.8863101628257932,0.10580868555432256,0.7207025732057718,0.9508790331853209,,
pmc_gauss_k2,8,0.05,2,2000,100,oracle,1.0,0.0,0,100,0.0931578947368421,1,True,0.23128304199963168,-1.1022004580876863,1.1021479737815993,1.0367650893068938,1.1039975552289585,0.8936683802020092,0.8971526053584081,0.6175722292281036,0.6327085339746873,,
pmc_gauss_k2,8,0.05,2,2000,100,fm,0.0,0.0,0,0,0.4831578947368421,1,True,0.29616587499913294,0.004545287924421079,5.57265371731482,1.5182460212279973,6.2070793361061805,0.8863101628257932,0.10580868555432256,0.7207025732057718,0.9508790331853209,,
pmc_gauss_k2,8,0.05,2,2000,100,fm_hampel,1.0,0.0005263157894736842,0,101,0.09210526315789469,3,True,2.850859333999324,-1.1161362391279699,1.0960503393070726,1.0276498376958867,1.0986299597203357,0.8926892421876857,0.897740298063623,0.6156612044973699,0.6321908031257645,0.92,0.005789473684210527
pmc_gauss_k2,8,0.05,2,2000,100,fm_warm,0.0,0.0,0,0,0.4831578947368421,1,True,0.2999305409994122,0.004545287924421079,5.57265371731482,1.5182460212279973,6.2070793361061805,0.8863101628257932,0.10580868555432256,0.7207025732057718,0.9508790331853209,,
pmc_gauss_k2,8,0.05,2,2000,100,dpd,0.0,0.0,0,0,nan,0,True,0.054992875000607455,0.004545287924421079,5.57265371731482,1.5182460212279973,6.2070793361061805,0.8863101628257932,0.10580868555432256,0.7262113718497996,0.9549885543561049,,
pmc_gauss_k2,0,0.0,3,2000,0,true_seq,nan,0.0,0,0,0.13249999999999995,0,True,0.09880720900036977,,,,,,,,,,
pmc_gauss_k2,0,0.0,3,2000,0,true_nonseq,nan,0.0,0,0,nan,0,True,0.09439587500128255,,,,,,,,,,
pmc_gauss_k2,0,0.0,3,2000,0,true_raw,nan,0.0,0,0,0.13249999999999995,0,True,0.0,,,,,,,,,,
pmc_gauss_k2,0,0.0,3,2000,0,clean,nan,0.0,0,0,0.13349999999999995,1,True,0.15552912499879312,-0.7613086306099428,0.8727645454856479,0.9352732679675391,1.0536979445757118,0.8829921710694631,0.8782191212074524,0.5720532576043893,0.6117112261532093,,
pmc_gauss_k2,0,0.0,3,2000,0,raw,nan,0.0,0,0,0.13349999999999995,1,True,0.15808795799966902,-0.7613086306099428,0.8727645454856479,0.9352732679675391,1.0536979445757118,0.8829921710694631,0.8782191212074524,0.5720532576043893,0.6117112261532093,,
pmc_gauss_k2,0,0.0,3,2000,0,oracle,nan,0.0,0,0,0.13349999999999995,1,True,0.15238366700032202,-0.7613086306099428,0.8727645454856479,0.9352732679675391,1.0536979445757118,0.8829921710694631,0.8782191212074524,0.5720532576043893,0.6117112261532093,,
pmc_gauss_k2,0,0.0,3,2000,0,fm,nan,0.0,0,0,0.13349999999999995,1,True,0.24650875000043015,-0.7613086306099428,0.8727645454856479,0.9352732679675391,1.0536979445757118,0.8829921710694631,0.8782191212074524,0.5720532576043893,0.6117112261532093,,
pmc_gauss_k2,0,0.0,3,2000,0,fm_hampel,nan,0.0,0,0,0.13349999999999995,2,True,0.5880887919993256,-0.7613086306099428,0.8727645454856479,0.9352732679675391,1.0536979445757118,0.8829921710694631,0.8782191212074524,0.5720532576043893,0.6117112261532093,nan,0.0125
pmc_gauss_k2,0,0.0,3,2000,0,fm_warm,nan,0.0,0,0,0.13349999999999995,1,True,0.24745583399999305,-0.7613086306099428,0.8727645454856479,0.9352732679675391,1.0536979445757118,0.8829921710694631,0.8782191212074524,0.5720532576043893,0.6117112261532093,,
pmc_gauss_k2,0,0.0,3,2000,0,dpd,nan,0.0,0,0,nan,0,True,0.051294499999130494,-0.7613086306099428,0.8727645454856479,0.9352732679675391,1.0536979445757118,0.8829921710694631,0.8782191212074524,0.5699201312806363,0.6109180818537785,,
pmc_gauss_k2,4,0.01,3,2000,20,true_seq,0.8,0.0,0,16,0.1333333333333333,0,True,0.1306054579999909,,,,,,,,,,
pmc_gauss_k2,4,0.01,3,2000,20,true_nonseq,0.8,0.0,0,16,nan,0,True,0.09622579099959694,,,,,,,,,,
pmc_gauss_k2,4,0.01,3,2000,20,true_raw,0.0,0.0,0,0,0.1550505050505051,0,True,0.0,,,,,,,,,,
pmc_gauss_k2,4,0.01,3,2000,20,clean,0.0,0.0,0,0,0.13383838383838387,1,True,0.1533051250007702,-0.7613086306099428,0.8727645454856479,0.9352732679675391,1.0536979445757118,0.8829921710694631,0.8782191212074524,0.5720532576043893,0.6117112261532093,,
pmc_gauss_k2,4,0.01,3,2000,20,raw,0.0,0.0,0,0,0.42020202020202024,1,True,0.5778434589992685,-0.09782305553138013,0.7120456472905881,1.2057959193545675,1.727127716239179,0.8759928540117161,0.5915619503074963,0.6722351422929113,0.7982630185338834,,
pmc_gauss_k2,4,0.01,3,2000,20,oracle,1.0,0.0,0,20,0.13131313131313127,1,True,0.20241058399915346,-0.7746854267770544,0.8723114360928629,0.9226788474546099,1.0366323347388868,0.8814185178000603,0.8783780399250906,0.5721994548030385,0.6044738793944471,,
pmc_gauss_k2,4,0.01,3,2000,20,fm,0.8,0.00101010101010101,2,18,0.1333333333333333,4,True,1.9180737500009855,-0.7660920456483404,0.8769639667109154,0.9160200111822002,1.047243692665474,0.8745206585984298,0.8724574681445171,0.5683659144438067,0.6091392617006661,,
pmc_gauss_k2,4,0.01,3,2000,20,fm_hampel,0.8,0.00101010101010101,2,18,0.1333333333333333,3,True,1.6770959999994375,-0.7660920456483404,0.8769639667109154,0.9160200111822002,1.047243692665474,0.8745206585984298,0.8724574681445171,0.5683659144438067,0.6091392617006661,0.55,0.012626262626262626
pmc_gauss_k2,4,0.01,3,2000,20,fm_warm,0.75,0.0,0,15,0.4035353535353535,3,True,1.7018865419995564,-0.1165197390487869,0.4635800507759154,1.258630031987233,1.2680394485973923,0.8956377762153489,0.7327223407326446,0.6719348999288527,0.7313768892478653,,
pmc_gauss_k2,4,0.01,3,2000,20,dpd,0.0,0.0,0,0,nan,0,True,0.05041345800054842,-0.09782305553138013,0.7120456472905881,1.2057959193545675,1.727127716239179,0.8759928540117161,0.5915619503074963,0.6682182395410438,0.7941759010972526,,
pmc_gauss_k2,6,0.01,3,2000,20,true_seq,1.0,0.0,0,20,0.13181818181818183,0,True,0.13758441699974355,,,,,,,,,,
pmc_gauss_k2,6,0.01,3,2000,20,true_nonseq,1.0,0.0,0,20,nan,0,True,0.09720174999893061,,,,,,,,,,
pmc_gauss_k2,6,0.01,3,2000,20,true_raw,0.0,0.0,0,0,0.1621212121212121,0,True,0.0,,,,,,,,,,
pmc_gauss_k2,6,0.01,3,2000,20,clean,0.0,0.0,0,0,0.13383838383838387,1,True,0.15187662499920407,-0.7613086306099428,0.8727645454856479,0.9352732679675391,1.0536979445757118,0.8829921710694631,0.8782191212074524,0.5720532576043893,0.6117112261532093,,
pmc_gauss_k2,6,0.01,3,2000,20,raw,0.0,0.0,0,0,0.446969696969697,1,True,0.6126290000011068,-0.04912388006074951,0.8033903022437276,1.1983376622909803,2.166471943701278,0.8996954655860007,0.5841672999201076,0.6631506370989411,0.8300947833454003,,
pmc_gauss_k2,6,0.01,3,2000,20,oracle,1.0,0.0,0,20,0.13282828282828285,1,True,0.23825283299993316,-0.7542187287017726,0.8705156997870442,0.9319671823217792,1.0593256385078105,0.8826183202335124,0.8785371733380617,0.5703507133232727,0.6114039209376849,,
pmc_gauss_k2,6,0.01,3,2000,20,fm,1.0,0.0,0,20,0.13282828282828285,3,True,1.6656169580001006,-0.7542187287017726,0.8705156997870442,0.9319671823217792,1.0593256385078105,0.8826183202335124,0.8785371733380617,0.5703507133232727,0.6114039209376849,,
pmc_gauss_k2,6,0.01,3,2000,20,fm_hampel,1.0,0.0,0,20,0.13282828282828285,3,True,1.8529102499996952,-0.7542187287017726,0.8705156997870442,0.9319671823217792,1.0593256385078105,0.8826183202335124,0.8785371733380617,0.5703507133232727,0.6114039209376849,0.75,0.011616161616161616
pmc_gauss_k2,6,0.01,3,2000,20,fm_warm,0.95,0.0,0,19,0.4565656565656566,3,True,1.8998088749995077,-0.018667712115786213,0.1902247532707913,1.2978523437217795,1.256258324560347,0.8942960454371394,0.7629796790160306,0.6749801385593918,0.7325095564880083,,
pmc_gauss_k2,6,0.01,3,2000,20,dpd,0.0,0.0,0,0,nan,0,True,0.05251733299883199,-0.04912388006074951,0.8033903022437276,1.1983376622909803,2.166471943701278,0.8996954655860007,0.5841672999201076,0.6603357854152686,0.825797589445136,,
pmc_gauss_k2,8,0.01,3,2000,20,true_seq,1.0,0.0,0,20,0.13030303030303025,0,True,0.13803733399981866,,,,,,,,,,
pmc_gauss_k2,8,0.01,3,2000,20,true_nonseq,1.0,0.0,0,20,nan,0,True,0.09654129199952877,,,,,,,,,,
pmc_gauss_k2,8,0.01,3,2000,20,true_raw,0.0,0.0,0,0,0.18131313131313131,0,True,0.0,,,,,,,,,,
pmc_gauss_k2,8,0.01,3,2000,20,clean,0.0,0.0,0,0,0.1333333333333333,1,True,0.1561023340000247,-0.7613086306099428,0.8727645454856479,0.9352732679675391,1.0536979445757118,0.8829921710694631,0.8782191212074524,0.5720532576043893,0.6117112261532093,,
pmc_gauss_k2,8,0.01,3,2000,20,raw,0.0,0.0,0,0,0.47424242424242424,1,True,0.5143700829994486,-0.022762535074600215,0.8684328002483314,1.1894273872770145,2.8166746285846616,0.9069613291465104,0.5907206712604074,0.6573598689991006,0.8692117221301446,,
pmc_gauss_k2,8,0.01,3,2000,20,oracle,1.0,0.0,0,20,0.1323232323232323,1,True,0.19602429100086738,-0.7676365953911364,0.8710518504718006,0.9320781045443051,1.0525381044490651,0.8824235393383595,0.8788667396131167,0.5739418366488441,0.6082332349934,,
pmc_gauss_k2,8,0.01,3,2000,20,fm,1.0,0.0,0,20,0.1323232323232323,2,True,0.9840949999997974,-0.7676365953911364,0.8710518504718006,0.9320781045443051,1.0525381044490651,0.8824235393383595,0.8788667396131167,0.5739418366488441,0.6082332349934,,
pmc_gauss_k2,8,0.01,3,2000,20,fm_hampel,1.0,0.0,0,20,0.1323232323232323,2,True,0.7540110419995472,-0.7676365953911364,0.8710518504718006,0.9320781045443051,1.0525381044490651,0.8824235393383595,0.8788667396131167,0.5739418366488441,0.6082332349934,0.95,0.011111111111111112
pmc_gauss_k2,8,0.01,3,2000,20,fm_warm,1.0,0.0,0,20,0.44393939393939397,2,True,1.4685910000007425,-0.050053054089486335,0.2666605926163542,1.2936481164639477,1.242013911091941,0.8897034469857448,0.7120380180825634,0.6772827540706022,0.7481777564598386,,
pmc_gauss_k2,8,0.01,3,2000,20,dpd,0.0,0.0,0,0,nan,0,True,0.051422499998807325,-0.022762535074600215,0.8684328002483314,1.1894273872770145,2.8166746285846616,0.9069613291465104,0.5907206712604074,0.6558017679037746,0.865163586358825,,
pmc_gauss_k2,4,0.05,3,2000,100,true_seq,0.9,0.0,0,90,0.1394736842105263,0,True,0.26181287500003236,,,,,,,,,,
pmc_gauss_k2,4,0.05,3,2000,100,true_nonseq,0.88,0.0010526315789473684,0,90,nan,0,True,0.09643941700051073,,,,,,,,,,
pmc_gauss_k2,4,0.05,3,2000,100,true_raw,0.0,0.0,0,0,0.26,0,True,0.0,,,,,,,,,,
pmc_gauss_k2,4,0.05,3,2000,100,clean,0.0,0.0,0,0,0.13526315789473686,1,True,0.1557824999999866,-0.7613086306099428,0.8727645454856479,0.9352732679675391,1.0536979445757118,0.8829921710694631,0.8782191212074524,0.5720532576043893,0.6117112261532093,,
pmc_gauss_k2,4,0.05,3,2000,100,raw,0.0,0.0,0,0,0.45999999999999996,1,True,0.3830361670006823,-0.0029279809452983224,2.4142608740572298,1.2576745856169294,2.735522140901303,0.8646407865402359,0.043952972994952835,0.6736519657730221,0.9094760767921964,,
pmc_gauss_k2,4,0.05,3,2000,100,oracle,1.0,0.0,0,100,0.13684210526315788,1,True,0.27963758400073857,-0.772134357981928,0.8556998539631072,0.9289460601800096,1.05513075711076,0.8842319730317308,0.883754535203667,0.5744681687961173,0.608212641003413,,
pmc_gauss_k2,4,0.05,3,2000,100,fm,0.0,0.0,0,0,0.45999999999999996,1,True,0.48514533399975335,-0.0029279809452983224,2.4142608740572298,1.2576745856169294,2.735522140901303,0.8646407865402359,0.043952972994952835,0.6736519657730221,0.9094760767921964,,
pmc_gauss_k2,4,0.05,3,2000,100,fm_hampel,0.0,0.0,0,0,0.45999999999999996,4,True,3.153263334001167,-0.0029279809452983224,2.4142608740572298,1.2576745856169294,2.735522140901303,0.8646407865402359,0.043952972994952835,0.6736519657730221,0.9094760767921964,0.61,0.008421052631578947
pmc_gauss_k2,4,0.05,3,2000,100,fm_warm,0.0,0.0,0,0,0.45999999999999996,1,True,0.4867809160004981,-0.0029279809452983224,2.4142608740572298,1.2576745856169294,2.735522140901303,0.8646407865402359,0.043952972994952835,0.6736519657730221,0.9094760767921964,,
pmc_gauss_k2,4,0.05,3,2000,100,dpd,0.0,0.0,0,0,nan,0,True,0.052411832999496255,-0.0029279809452983224,2.4142608740572298,1.2576745856169294,2.735522140901303,0.8646407865402359,0.043952972994952835,0.6726741558942783,0.9128286139338471,,
pmc_gauss_k2,6,0.05,3,2000,100,true_seq,1.0,0.0,0,100,0.13421052631578945,0,True,0.2780933340000047,,,,,,,,,,
pmc_gauss_k2,6,0.05,3,2000,100,true_nonseq,1.0,0.0,0,100,nan,0,True,0.09368424999956915,,,,,,,,,,
pmc_gauss_k2,6,0.05,3,2000,100,true_raw,0.0,0.0,0,0,0.2315789473684211,0,True,0.0,,,,,,,,,,
pmc_gauss_k2,6,0.05,3,2000,100,clean,0.0,0.0,0,0,0.13315789473684214,1,True,0.1538808749992313,-0.7613086306099428,0.8727645454856479,0.9352732679675391,1.0536979445757118,0.8829921710694631,0.8782191212074524,0.5720532576043893,0.6117112261532093,,
pmc_gauss_k2,6,0.05,3,2000,100,raw,0.0,0.0,0,0,0.4821052631578947,1,True,0.30421162499987986,0.018075417944758233,3.6740260815615295,1.2612930190530829,3.851755998414049,0.8800357999595853,0.04389565880939905,0.6614441451296807,0.9316613450509942,,
pmc_gauss_k2,6,0.05,3,2000,100,oracle,1.0,0.0,0,100,0.1378947368421053,1,True,0.2708014590007224,-0.7588567270288611,0.9130270299591109,0.9305505197025742,1.0343538280031088,0.8836960458120524,0.8736197534365299,0.5654657210046076,0.61026333592856,,
pmc_gauss_k2,6,0.05,3,2000,100,fm,0.0,0.0,0,0,0.4821052631578947,1,True,0.3934727079995355,0.018075417944758233,3.6740260815615295,1.2612930190530829,3.851755998414049,0.8800357999595853,0.04389565880939905,0.6614441451296807,0.9316613450509942,,
pmc_gauss_k2,6,0.05,3,2000,100,fm_hampel,1.0,0.0,0,100,0.1378947368421053,3,True,2.1522168749997945,-0.7588567270288611,0.9130270299591109,0.9305505197025742,1.0343538280031088,0.8836960458120524,0.8736197534365299,0.5654657210046076,0.61026333592856,0.9,0.009473684210526316
pmc_gauss_k2,6,0.05,3,2000,100,fm_warm,0.0,0.0,0,0,0.4821052631578947,1,True,0.40490541699909954,0.018075417944758233,3.6740260815615295,1.2612930190530829,3.851755998414049,0.8800357999595853,0.04389565880939905,0.6614441451296807,0.9316613450509942,,
pmc_gauss_k2,6,0.05,3,2000,100,dpd,0.0,0.0,0,0,nan,0,True,0.05279220800002804,0.018075417944758233,3.6740260815615295,1.2612930190530829,3.851755998414049,0.8800357999595853,0.04389565880939905,0.6644333060667319,0.9319741595622301,,
pmc_gauss_k2,8,0.05,3,2000,100,true_seq,1.0,0.0,0,100,0.1289473684210526,0,True,0.28853458300000057,,,,,,,,,,
pmc_gauss_k2,8,0.05,3,2000,100,true_nonseq,1.0,0.0,0,100,nan,0,True,0.09353783400001703,,,,,,,,,,
pmc_gauss_k2,8,0.05,3,2000,100,true_raw,0.0,0.0,0,0,0.25578947368421057,0,True,0.0,,,,,,,,,,
pmc_gauss_k2,8,0.05,3,2000,100,clean,0.0,0.0,0,0,0.13157894736842102,1,True,0.1544601249988773,-0.7613086306099428,0.8727645454856479,0.9352732679675391,1.0536979445757118,0.8829921710694631,0.8782191212074524,0.5720532576043893,0.6117112261532093,,
pmc_gauss_k2,8,0.05,3,2000,100,raw,0.0,0.0,0,0,0.47631578947368425,1,True,0.2516240420009126,0.0047359475203583535,5.711195498349615,1.2581076220913316,5.160730625490032,0.8959376222579148,0.023857167779074446,0.6479220947426085,-0.4999620029623785,,
pmc_gauss_k2,8,0.05,3,2000,100,oracle,1.0,0.0,0,100,0.13263157894736843,1,True,0.22770762499931152,-0.767834873712769,0.8666037458911308,0.9360417251328605,1.0470227877032443,0.884486305600892,0.8792065083825431,0.5712505150869034,0.6052004089302648,,
pmc_gauss_k2,8,0.05,3,2000,100,fm,0.0,0.0,0,0,0.47631578947368425,1,True,0.3490544169999339,0.0047359475203583535,5.711195498349615,1.2581076220913316,5.160730625490032,0.8959376222579148,0.023857167779074446,0.6479220947426085,-0.4999620029623785,,
pmc_gauss_k2,8,0.05,3,2000,100,fm_hampel,1.0,0.0,0,100,0.13263157894736843,2,True,1.8717884170000616,-0.767834873712769,0.8666037458911308,0.9360417251328605,1.0470227877032443,0.884486305600892,0.8792065083825431,0.5712505150869034,0.6052004089302648,0.92,0.010526315789473684
pmc_gauss_k2,8,0.05,3,2000,100,fm_warm,0.0,0.0,0,0,0.47631578947368425,1,True,0.34845250000034866,0.0047359475203583535,5.711195498349615,1.2581076220913316,5.160730625490032,0.8959376222579148,0.023857167779074446,0.6479220947426085,-0.4999620029623785,,
pmc_gauss_k2,8,0.05,3,2000,100,dpd,0.0,0.0,0,0,nan,0,True,0.05430924999927811,0.0047359475203583535,5.711195498349615,1.2581076220913316,5.160730625490032,0.8959376222579148,0.023857167779074446,0.6558729720922788,-0.5004237746501949,,
pmc_gauss_k2,0,0.0,4,2000,0,true_seq,nan,0.0015,0,3,0.139,0,True,0.10927520800032653,,,,,,,,,,
pmc_gauss_k2,0,0.0,4,2000,0,true_nonseq,nan,0.0015,0,3,nan,0,True,0.0961015419998148,,,,,,,,,,
pmc_gauss_k2,0,0.0,4,2000,0,true_raw,nan,0.0,0,0,0.13849999999999996,0,True,0.0,,,,,,,,,,
pmc_gauss_k2,0,0.0,4,2000,0,clean,nan,0.0,0,0,0.137,1,True,0.0976725410000654,-0.9633989727246064,0.9222650025822243,0.9822839832086411,1.0128621247997018,0.8951906527945611,0.8993440483597837,0.5955296000828729,0.6107497956531356,,
pmc_gauss_k2,0,0.0,4,2000,0,raw,nan,0.0,0,0,0.137,1,True,0.09672129200043855,-0.9633989727246064,0.9222650025822243,0.9822839832086411,1.0128621247997018,0.8951906527945611,0.8993440483597837,0.5955296000828729,0.6107497956531356,,
pmc_gauss_k2,0,0.0,4,2000,0,oracle,nan,0.0,0,0,0.137,1,True,0.09888079200027278,-0.9633989727246064,0.9222650025822243,0.9822839832086411,1.0128621247997018,0.8951906527945611,0.8993440483597837,0.5955296000828729,0.6107497956531356,,
pmc_gauss_k2,0,0.0,4,2000,0,fm,nan,0.001,0,2,0.138,2,True,0.46340791700094996,-0.9592304855650273,0.9226169034533501,0.9740383987887803,1.0127742987715562,0.8945855713278091,0.8989582265029288,0.59594076544071,0.6098868351709933,,
pmc_gauss_k2,0,0.0,4,2000,0,fm_hampel,nan,0.001,0,2,0.138,2,True,0.516996416999973,-0.9592304855650273,0.9226169034533501,0.9740383987887803,1.0127742987715562,0.8945855713278091,0.8989582265029288,0.59594076544071,0.6098868351709933,nan,0.01
pmc_gauss_k2,0,0.0,4,2000,0,fm_warm,nan,0.001,0,2,0.13849999999999996,2,True,0.3810698750003212,-0.9617197779141138,0.9175596755820231,0.9743049983276219,1.014866920966918,0.8943679634414128,0.8995681900420601,0.5971468324390167,0.61273873219783,,
pmc_gauss_k2,0,0.0,4,2000,0,dpd,nan,0.0,0,0,nan,0,True,0.05220312500023283,-0.9633989727246064,0.9222650025822243,0.9822839832086411,1.0128621247997018,0.8951906527945611,0.8993440483597837,0.595313013815805,0.6089518732156943,,
pmc_gauss_k2,4,0.01,4,2000,20,true_seq,0.95,0.0015151515151515152,0,22,0.14141414141414144,0,True,0.14490583299993887,,,,,,,,,,
pmc_gauss_k2,4,0.01,4,2000,20,true_nonseq,0.95,0.0015151515151515152,0,22,nan,0,True,0.09731812499921944,,,,,,,,,,
pmc_gauss_k2,4,0.01,4,2000,20,true_raw,0.0,0.0,0,0,0.1429292929292929,0,True,0.0,,,,,,,,,,
pmc_gauss_k2,4,0.01,4,2000,20,clean,0.0,0.0,0,0,0.1358585858585859,1,True,0.09979079199911212,-0.9633989727246064,0.9222650025822243,0.9822839832086411,1.0128621247997018,0.8951906527945611,0.8993440483597837,0.5955296000828729,0.6107497956531356,,
pmc_gauss_k2,4,0.01,4,2000,20,raw,0.0,0.0,0,0,0.4505050505050505,1,True,0.9057682500006194,-0.04752884772579154,0.4522461588716495,1.3418309514211464,1.8510894684609798,0.8875264880604224,0.5570794907871214,0.7135912181385443,0.8124314087395205,,
pmc_gauss_k2,4,0.01,4,2000,20,oracle,1.0,0.0,0,20,0.13737373737373737,1,True,0.15617116699831968,-0.9610276662705937,0.9244637006996776,0.9859702663449481,1.014313023349215,0.8944772334190814,0.8984378285660403,0.5984363165154205,0.610119169130098,,
pmc_gauss_k2,4,0.01,4,2000,20,fm,1.0,0.00101010101010101,0,22,0.13888888888888884,4,True,1.9945808749998832,-0.956767636254672,0.9248744104762329,0.9776587360194257,1.0142367685848515,0.8938603750711396,0.8980329513309185,0.5989333405518449,0.6092346324001412,,
pmc_gauss_k2,4,0.01,4,2000,20,fm_hampel,1.0,0.00101010101010101,0,22,0.13888888888888884,3,True,1.1815771669989772,-0.956767636254672,0.9248744104762329,0.9776587360194257,1.0142367685848515,0.8938603750711396,0.8980329513309185,0.5989333405518449,0.6092346324001412,0.6,0.010101010101010102
pmc_gauss_k2,4,0.01,4,2000,20,fm_warm,0.9,0.00101010101010101,0,20,0.4893939393939394,4,True,2.263758000000962,0.06146565839265618,-0.11488611120310717,1.3896685476853485,1.3313969573955349,0.9055843506107346,0.7862734710126787,0.7026162972023945,0.7657325773910932,,
pmc_gauss_k2,4,0.01,4,2000,20,dpd,0.0,0.0,0,0,nan,0,True,0.053291292000722024,-0.04752884772579154,0.4522461588716495,1.3418309514211464,1.8510894684609798,0.8875264880604224,0.5570794907871214,0.7112015664470899,0.8097641248925367,,
pmc_gauss_k2,6,0.01,4,2000,20,true_seq,1.0,0.0015151515151515152,0,23,0.13989898989898986,0,True,0.14446945899908314,,,,,,,,,,
pmc_gauss_k2,6,0.01,4,2000,20,true_nonseq,1.0,0.00202020202020202,0,24,nan,0,True,0.09529016700071224,,,,,,,,,,
pmc_gauss_k2,6,0.01,4,2000,20,true_raw,0.0,0.0,0,0,0.16060606060606064,0,True,0.0,,,,,,,,,,
pmc_gauss_k2,6,0.01,4,2000,20,clean,0.0,0.0,0,0,0.13737373737373737,1,True,0.10123191599996062,-0.9633989727246064,0.9222650025822243,0.9822839832086411,1.0128621247997018,0.8951906527945611,0.8993440483597837,0.5955296000828729,0.6107497956531356,,
pmc_gauss_k2,6,0.01,4,2000,20,raw,0.0,0.0,0,0,0.4616161616161616,1,True,0.77353737500016,-0.033070440623262295,0.6475813036550924,1.3253766513580043,2.4416009969056036,0.911200247531979,0.5596141174427266,0.6974969558828393,0.8691816087764591,,
pmc_gauss_k2,6,0.01,4,2000,20,oracle,1.0,0.0,0,20,0.13888888888888884,1,True,0.15704412500053877,-0.9566257177219119,0.9151352146980523,0.9772861958403322,1.0176657181957656,0.8961566690704247,0.9004529513931184,0.5974708161359824,0.6095282605761116,,
pmc_gauss_k2,6,0.01,4,2000,20,fm,1.0,0.00101010101010101,0,22,0.13787878787878793,3,True,1.6364829579997604,-0.9529059107336221,0.9145505194701242,0.9687115746112674,1.0180800942063493,0.8954814006743548,0.9001531560707003,0.5980128785074531,0.6086411729100908,,
pmc_gauss_k2,6,0.01,4,2000,20,fm_hampel,1.0,0.00101010101010101,0,22,0.13787878787878793,2,True,0.773356124998827,-0.9529059107336221,0.9145505194701242,0.9687115746112674,1.0180800942063493,0.8954814006743548,0.9001531560707003,0.5980128785074531,0.6086411729100908,0.9,0.00909090909090909
pmc_gauss_k2,6,0.01,4,2000,20,fm_warm,1.0,0.0015151515151515152,0,23,0.39949494949494946,4,True,2.236975750000056,-0.11542883056079609,0.2326099482243731,1.3649052363095167,1.3256897420089238,0.9015322518872928,0.8076421975988686,0.6989278185037295,0.7523123549490427,,
pmc_gauss_k2,6,0.01,4,2000,20,dpd,0.0,0.0,0,0,nan,0,True,0.04965483299929474,-0.033070440623262295,0.6475813036550924,1.3253766513580043,2.4416009969056036,0.911200247531979,0.5596141174427266,0.696792484089808,0.866868703960856,,
pmc_gauss_k2,8,0.01,4,2000,20,true_seq,1.0,0.0015151515151515152,0,23,0.14040404040404042,0,True,0.14283283300028415,,,,,,,,,,
pmc_gauss_k2,8,0.01,4,2000,20,true_nonseq,1.0,0.0015151515151515152,0,23,nan,0,True,0.0955498749990511,,,,,,,,,,
pmc_gauss_k2,8,0.01,4,2000,20,true_raw,0.0,0.0,0,0,0.15808080808080804,0,True,0.0,,,,,,,,,,
pmc_gauss_k2,8,0.01,4,2000,20,clean,0.0,0.0,0,0,0.13787878787878793,1,True,0.09842495799966855,-0.9633989727246064,0.9222650025822243,0.9822839832086411,1.0128621247997018,0.8951906527945611,0.8993440483597837,0.5955296000828729,0.6107497956531356,,
pmc_gauss_k2,8,0.01,4,2000,20,raw,0.0,0.0,0,0,0.4616161616161616,1,True,0.6103542919991014,-0.0347386110920804,0.9191134681172556,1.3194122828699986,3.1973059866792384,0.9211444142993089,0.5541438066448638,0.6910783166193197,0.8991879688378793,,
pmc_gauss_k2,8,0.01,4,2000,20,oracle,1.0,0.0,0,20,0.13888888888888884,1,True,0.16067670799930056,-0.9630420876233959,0.918878969586204,0.9852765097894691,1.0133347666583352,0.895348792711064,0.8992405637554505,0.5945826693357281,0.6113824235744393,,
pmc_gauss_k2,8,0.01,4,2000,20,fm,1.0,0.00101010101010101,0,22,0.14090909090909087,3,True,1.3184750420005003,-0.9584722701682414,0.9192202753366268,0.9772225177397245,1.0133722494905777,0.8947672243740434,0.8988289619360907,0.5950521518122031,0.6105462211884527,,
pmc_gauss_k2,8,0.01,4,2000,20,fm_hampel,1.0,0.00101010101010101,0,22,0.14090909090909087,2,True,0.6000553750000108,-0.9584722701682414,0.9192202753366268,0.9772225177397245,1.0133722494905777,0.8947672243740434,0.8988289619360907,0.5950521518122031,0.6105462211884527,1.0,0.00808080808080808
pmc_gauss_k2,8,0.01,4,2000,20,fm_warm,1.0,0.000505050505050505,0,21,0.4762626262626263,3,True,1.9105667080002604,0.08149586735360845,-0.23692749590991422,1.4060635464486089,1.2351342735437691,0.8943124146342664,0.7024459494349596,0.7172537045495347,0.7417729705568835,,
pmc_gauss_k2,8,0.01,4,2000,20,dpd,0.0,0.0,0,0,nan,0,True,0.05143670800134714,-0.0347386110920804,0.9191134681172556,1.3194122828699986,3.1973059866792384,0.9211444142993089,0.5541438066448638,0.6914378710036783,0.8968599411420034,,
pmc_gauss_k2,4,0.05,4,2000,100,true_seq,0.95,0.0010526315789473684,0,97,0.13631578947368417,0,True,0.27538450000065495,,,,,,,,,,
pmc_gauss_k2,4,0.05,4,2000,100,true_nonseq,0.94,0.002105263157894737,1,98,nan,0,True,0.09527916600018216,,,,,,,,,,
pmc_gauss_k2,4,0.05,4,2000,100,true_raw,0.0,0.0,0,0,0.23526315789473684,0,True,0.0,,,,,,,,,,
pmc_gauss_k2,4,0.05,4,2000,100,clean,0.0,0.0,0,0,0.13473684210526315,1,True,0.10374691699871619,-0.9633989727246064,0.9222650025822243,0.9822839832086411,1.0128621247997018,0.8951906527945611,0.8993440483597837,0.5955296000828729,0.6107497956531356,,
pmc_gauss_k2,4,0.05,4,2000,100,raw,0.0,0.0,0,0,0.4557894736842105,1,True,0.3967250410005363,-0.030522060122734312,2.610526086194662,1.352708587137658,2.9162185144371557,0.8720664215622341,0.016018189724012033,0.7034617297146389,0.9256027250947176,,
pmc_gauss_k2,4,0.05,4,2000,100,oracle,1.0,0.0,0,100,0.14052631578947372,1,True,0.1834972500000731,-0.9641488456914994,0.9174995637563065,0.9847361386098668,1.0153453025696613,0.8967923679098485,0.9009669354909519,0.5956541377769714,0.6113599671487249,,
pmc_gauss_k2,4,0.05,4,2000,100,fm,0.0,0.0,0,0,0.4557894736842105,1,True,0.4882562919992779,-0.030522060122734312,2.610526086194662,1.352708587137658,2.9162185144371557,0.8720664215622341,0.016018189724012033,0.7034617297146389,0.9256027250947176,,
pmc_gauss_k2,4,0.05,4,2000,100,fm_hampel,0.0,0.0,0,0,0.4557894736842105,3,True,2.5642830830001913,-0.030522060122734312,2.610526086194662,1.352708587137658,2.9162185144371557,0.8720664215622341,0.016018189724012033,0.7034617297146389,0.9256027250947176,0.63,0.007368421052631579
pmc_gauss_k2,4,0.05,4,2000,100,fm_warm,0.0,0.0,0,0,0.4557894736842105,1,True,0.48414920899995195,-0.030522060122734312,2.610526086194662,1.352708587137658,2.9162185144371557,0.8720664215622341,0.016018189724012033,0.7034617297146389,0.9256027250947176,,
pmc_gauss_k2,4,0.05,4,2000,100,dpd,0.0,0.0,0,0,nan,0,True,0.05286737499955052,-0.030522060122734312,2.610526086194662,1.352708587137658,2.9162185144371557,0.8720664215622341,0.016018189724012033,0.7044947362867391,0.9373912688007873,,
pmc_gauss_k2,6,0.05,4,2000,100,true_seq,1.0,0.0015789473684210526,1,103,0.1389473684210526,0,True,0.29611929199927545,,,,,,,,,,
pmc_gauss_k2,6,0.05,4,2000,100,true_nonseq,1.0,0.002631578947368421,2,105,nan,0,True,0.09397583300051338,,,,,,,,,,
pmc_gauss_k2,6,0.05,4,2000,100,true_raw,0.0,0.0,0,0,0.25526315789473686,0,True,0.0,,,,,,,,,,
pmc_gauss_k2,6,0.05,4,2000,100,clean,0.0,0.0,0,0,0.1378947368421053,1,True,0.09885670800031221,-0.9633989727246064,0.9222650025822243,0.9822839832086411,1.0128621247997018,0.8951906527945611,0.8993440483597837,0.5955296000828729,0.6107497956531356,,
pmc_gauss_k2,6,0.05,4,2000,100,raw,0.0,0.0,0,0,0.4605263157894737,1,True,0.3042638330007321,-0.017612364623082258,4.067597539304641,1.3473350408202982,4.264121753801708,0.8857524661177603,0.02461020095536536,0.6895909266737913,0.9447767818055233,,
pmc_gauss_k2,6,0.05,4,2000,100,oracle,1.0,0.0,0,100,0.13578947368421057,1,True,0.13546208400111936,-0.9501656132817249,0.9242902293706221,0.9973890519287754,1.007396501494991,0.896079085739887,0.8984711565575944,0.5994869070354101,0.6026217250642929,,
pmc_gauss_k2,6,0.05,4,2000,100,fm,0.0,0.0,0,0,0.4605263157894737,1,True,0.4091536249998171,-0.017612364623082258,4.067597539304641,1.3473350408202982,4.264121753801708,0.8857524661177603,0.02461020095536536,0.6895909266737913,0.9447767818055233,,
pmc_gauss_k2,6,0.05,4,2000,100,fm_hampel,1.0,0.002105263157894737,2,104,0.14210526315789473,3,True,3.35091333300079,-0.9565830211474189,0.9133007039814787,0.983236435415301,1.0036129657431525,0.8945138877109148,0.8989480878023142,0.5967284251318958,0.603283714904001,0.89,0.007368421052631579
pmc_gauss_k2,6,0.05,4,2000,100,fm_warm,0.0,0.0,0,0,0.4605263157894737,1,True,0.4100421250004729,-0.017612364623082258,4.067597539304641,1.3473350408202982,4.264121753801708,0.8857524661177603,0.02461020095536536,0.6895909266737913,0.9447767818055233,,
pmc_gauss_k2,6,0.05,4,2000,100,dpd,0.0,0.0,0,0,nan,0,True,0.05114487500031828,-0.017612364623082258,4.067597539304641,1.3473350408202982,4.264121753801708,0.8857524661177603,0.02461020095536536,0.6937283325699085,0.952823926552676,,
pmc_gauss_k2,8,0.05,4,2000,100,true_seq,1.0,0.0015789473684210526,0,103,0.14368421052631575,0,True,0.2838227080010256,,,,,,,,,,
pmc_gauss_k2,8,0.05,4,2000,100,true_nonseq,1.0,0.002631578947368421,0,105,nan,0,True,0.0930555840004672,,,,,,,,,,
pmc_gauss_k2,8,0.05,4,2000,100,true_raw,0.0,0.0,0,0,0.27315789473684216,0,True,0.0,,,,,,,,,,
pmc_gauss_k2,8,0.05,4,2000,100,clean,0.0,0.0,0,0,0.14,1,True,0.10169904199938173,-0.9633989727246064,0.9222650025822243,0.9822839832086411,1.0128621247997018,0.8951906527945611,0.8993440483597837,0.5955296000828729,0.6107497956531356,,
pmc_gauss_k2,8,0.05,4,2000,100,raw,0.0,0.0,0,0,0.45999999999999996,1,True,0.23467370799880882,-0.028227519643514696,6.223427198885939,1.3488815395950025,5.672373850237139,0.9007162735626635,0.022479922183584983,0.6852678498165795,0.9518230997796805,,
pmc_gauss_k2,8,0.05,4,2000,100,oracle,1.0,0.0,0,100,0.14315789473684215,1,True,0.18622045899974182,-0.9678962746555291,0.9031887936029042,0.9780829500592516,1.0278551407852885,0.8950730636154955,0.8999668188064194,0.6032017495229113,0.61481810752273,,
pmc_gauss_k2,8,0.05,4,2000,100,fm,0.0,0.0,0,0,0.45999999999999996,1,True,0.33278662500015344,-0.028227519643514696,6.223427198885939,1.3488815395950025,5.672373850237139,0.9007162735626635,0.022479922183584983,0.6852678498165795,0.9518230997796805,,
pmc_gauss_k2,8,0.05,4,2000,100,fm_hampel,1.0,0.0010526315789473684,0,102,0.14473684210526316,3,True,2.7205824159991607,-0.9616611509116724,0.9029988607882813,0.9710080792911866,1.0284689338024027,0.8956546001983037,0.9007230947453447,0.6037401305212603,0.6142167053522313,0.91,0.007894736842105263
pmc_gauss_k2,8,0.05,4,2000,100,fm_warm,0.0,0.0,0,0,0.45999999999999996,1,True,0.3328815830009262,-0.028227519643514696,6.223427198885939,1.3488815395950025,5.672373850237139,0.9007162735626635,0.022479922183584983,0.6852678498165795,0.9518230997796805,,
pmc_gauss_k2,8,0.05,4,2000,100,dpd,0.0,0.0,0,0,nan,0,True,0.05468191699947056,-0.028227519643514696,6.223427198885939,1.3488815395950025,5.672373850237139,0.9007162735626635,0.022479922183584983,0.6923832349329506,0.9611644132604488,,
pmc_gauss_k2,0,0.0,5,2000,0,true_seq,nan,0.002,0,4,0.11650000000000005,0,True,0.10362458300005528,,,,,,,,,,
pmc_gauss_k2,0,0.0,5,2000,0,true_nonseq,nan,0.002,0,4,nan,0,True,0.09673666700109607,,,,,,,,,,
pmc_gauss_k2,0,0.0,5,2000,0,true_raw,nan,0.0,0,0,0.10650000000000004,0,True,0.0,,,,,,,,,,
pmc_gauss_k2,0,0.0,5,2000,0,clean,nan,0.0,0,0,0.11499999999999999,1,True,0.1293389170004957,-0.9800657887108697,0.9386169230748308,1.0625735099816869,1.0407633182369218,0.9207225439528733,0.9227934406750382,0.6304666210813846,0.5892810333797315,,
pmc_gauss_k2,0,0.0,5,2000,0,raw,nan,0.0,0,0,0.11499999999999999,1,True,0.13337612500072282,-0.9800657887108697,0.9386169230748308,1.0625735099816869,1.0407633182369218,0.9207225439528733,0.9227934406750382,0.6304666210813846,0.5892810333797315,,
pmc_gauss_k2,0,0.0,5,2000,0,oracle,nan,0.0,0,0,0.11499999999999999,1,True,0.12212583300060942,-0.9800657887108697,0.9386169230748308,1.0625735099816869,1.0407633182369218,0.9207225439528733,0.9227934406750382,0.6304666210813846,0.5892810333797315,,
pmc_gauss_k2,0,0.0,5,2000,0,fm,nan,0.002,0,4,0.12949999999999995,3,True,0.8151874579998548,-0.9556108951814758,0.9661823268152756,1.0511278641955002,1.0230214465134435,0.9250580332730517,0.9234037431131876,0.6276859790063586,0.5811190983223212,,
pmc_gauss_k2,0,0.0,5,2000,0,fm_hampel,nan,0.002,0,4,0.12949999999999995,3,True,0.88852608399975,-0.9556108951814758,0.9661823268152756,1.0511278641955002,1.0230214465134435,0.9250580332730517,0.9234037431131876,0.6276859790063586,0.5811190983223212,nan,0.009
pmc_gauss_k2,0,0.0,5,2000,0,fm_warm,nan,0.002,0,4,0.128,3,True,0.6553761670002132,-0.954950370705519,0.9559195569953677,1.0551564660758488,1.0291624945357443,0.92475427277882,0.9238572506324709,0.631264699838528,0.5841705033804571,,
pmc_gauss_k2,0,0.0,5,2000,0,dpd,nan,0.0,0,0,nan,0,True,0.05128829199929896,-0.9800657887108697,0.9386169230748308,1.0625735099816869,1.0407633182369218,0.9207225439528733,0.9227934406750382,0.6290596905292978,0.5961624213002167,,
pmc_gauss_k2,4,0.01,5,2000,20,true_seq,1.0,0.00202020202020202,0,24,0.11616161616161613,0,True,0.14355779099969368,,,,,,,,,,
pmc_gauss_k2,4,0.01,5,2000,20,true_nonseq,1.0,0.00202020202020202,0,24,nan,0,True,0.0965482499996142,,,,,,,,,,
pmc_gauss_k2,4,0.01,5,2000,20,true_raw,0.0,0.0,0,0,0.15959595959595962,0,True,0.0,,,,,,,,,,
pmc_gauss_k2,4,0.01,5,2000,20,clean,0.0,0.0,0,0,0.11515151515151512,1,True,0.12996504100010497,-0.9800657887108697,0.9386169230748308,1.0625735099816869,1.0407633182369218,0.9207225439528733,0.9227934406750382,0.6304666210813846,0.5892810333797315,,
pmc_gauss_k2,4,0.01,5,2000,20,raw,0.0,0.0,0,0,0.48989898989898994,1,True,0.6809615829988616,-0.05357114188601504,0.6523189944991288,1.375181530977401,2.2218742419413595,0.9152423530036043,0.500210719275471,0.7117554402890734,0.833865561076169,,
pmc_gauss_k2,4,0.01,5,2000,20,oracle,1.0,0.0,0,20,0.11515151515151512,1,True,0.1988252499995724,-0.9862577444134978,0.9359539381327056,1.0608597618914768,1.0452938054637766,0.9207873461659766,0.9232148232067127,0.6280955328652053,0.5878782436596108,,
pmc_gauss_k2,4,0.01,5,2000,20,fm,1.0,0.00202020202020202,0,24,0.13030303030303025,4,True,1.9715405410006497,-0.961323580737841,0.9634738651393238,1.0497699370587943,1.0276477527517958,0.9251193174783395,0.9238028368162311,0.6253734573316289,0.5797618573350973,,
pmc_gauss_k2,4,0.01,5,2000,20,fm_hampel,1.0,0.00202020202020202,0,24,0.13030303030303025,4,True,1.7016255829985312,-0.961323580737841,0.9634738651393238,1.0497699370587943,1.0276477527517958,0.9251193174783395,0.9238028368162311,0.6253734573316289,0.5797618573350973,0.8,0.00909090909090909
pmc_gauss_k2,4,0.01,5,2000,20,fm_warm,1.0,0.00202020202020202,0,24,0.1297979797979798,5,True,3.4133340829994268,-0.8805611250712637,0.9981509072139424,1.0901928540961363,1.028242305277193,0.92770614099927,0.9167158284248752,0.6428353419953154,0.5807637800593811,,
pmc_gauss_k2,4,0.01,5,2000,20,dpd,0.0,0.0,0,0,nan,0,True,0.051167542000257527,-0.05357114188601504,0.6523189944991288,1.375181530977401,2.2218742419413595,0.9152423530036043,0.500210719275471,0.7102875423991357,0.8311928423840153,,
pmc_gauss_k2,6,0.01,5,2000,20,true_seq,1.0,0.00202020202020202,0,24,0.11565656565656568,0,True,0.1424397910013795,,,,,,,,,,
pmc_gauss_k2,6,0.01,5,2000,20,true_nonseq,1.0,0.00202020202020202,0,24,nan,0,True,0.09604679200128885,,,,,,,,,,
pmc_gauss_k2,6,0.01,5,2000,20,true_raw,0.0,0.0,0,0,0.13787878787878793,0,True,0.0,,,,,,,,,,
pmc_gauss_k2,6,0.01,5,2000,20,clean,0.0,0.0,0,0,0.11565656565656568,1,True,0.12455708299967228,-0.9800657887108697,0.9386169230748308,1.0625735099816869,1.0407633182369218,0.9207225439528733,0.9227934406750382,0.6304666210813846,0.5892810333797315,,
pmc_gauss_k2,6,0.01,5,2000,20,raw,0.0,0.0,0,0,0.49191919191919187,1,True,0.5286709159991005,-0.042522085898014164,0.8224742643617241,1.3638055400509839,2.7905770602289572,0.9278283012136945,0.5509769892754456,0.705109581095467,0.8653828297099769,,
pmc_gauss_k2,6,0.01,5,2000,20,oracle,1.0,0.0,0,20,0.11616161616161613,1,True,0.20254062499952852,-0.9784726982480345,0.9391255800629281,1.0643863607250699,1.0414867272379058,0.9209262183994911,0.922622559010366,0.6298952856623273,0.5885328243399981,,
pmc_gauss_k2,6,0.01,5,2000,20,fm,1.0,0.00202020202020202,0,24,0.13131313131313127,4,True,1.701144957998622,-0.9541375257623271,0.9668888385431453,1.052771425420865,1.0234632050645287,0.9252757052982412,0.9232536495848807,0.6270169481460344,0.5803044172900012,,
pmc_gauss_k2,6,0.01,5,2000,20,fm_hampel,1.0,0.00202020202020202,0,24,0.13131313131313127,3,True,1.0109857920015202,-0.9541375257623271,0.9668888385431453,1.052771425420865,1.0234632050645287,0.9252757052982412,0.9232536495848807,0.6270169481460344,0.5803044172900012,1.0,0.008585858585858586
pmc_gauss_k2,6,0.01,5,2000,20,fm_warm,1.0,0.00202020202020202,0,24,0.13434343434343432,4,True,2.8646619579994876,-0.830779729923893,1.0269576071737172,1.112700820371862,1.0183503778592091,0.9292283693612144,0.9112888614092488,0.6503245954980766,0.5800611534651748,,
pmc_gauss_k2,6,0.01,5,2000,20,dpd,0.0,0.0,0,0,nan,0,True,0.04925116599952162,-0.042522085898014164,0.8224742643617241,1.3638055400509839,2.7905770602289572,0.9278283012136945,0.5509769892754456,0.7045899272271495,0.8623999466759151,,
pmc_gauss_k2,8,0.01,5,2000,20,true_seq,1.0,0.00202020202020202,0,24,0.11616161616161613,0,True,0.14614650000112306,,,,,,,,,,
pmc_gauss_k2,8,0.01,5,2000,20,true_nonseq,1.0,0.00202020202020202,0,24,nan,0,True,0.09541441699911957,,,,,,,,,,
pmc_gauss_k2,8,0.01,5,2000,20,true_raw,0.0,0.0,0,0,0.14040404040404042,0,True,0.0,,,,,,,,,,
pmc_gauss_k2,8,0.01,5,2000,20,clean,0.0,0.0,0,0,0.11565656565656568,1,True,0.12740729200049827,-0.9800657887108697,0.9386169230748308,1.0625735099816869,1.0407633182369218,0.9207225439528733,0.9227934406750382,0.6304666210813846,0.5892810333797315,,
pmc_gauss_k2,8,0.01,5,2000,20,raw,0.0,0.0,0,0,0.49797979797979797,1,True,0.2163412080008129,-0.038809769770076795,1.2464952044462612,1.361596247549007,3.7599723755474583,0.9389552685669945,0.5182516301263005,0.699247024182358,0.8904091011698141,,
pmc_gauss_k2,8,0.01,5,2000,20,oracle,1.0,0.0,0,20,0.11464646464646466,1,True,0.19903195799997775,-0.9813459197165054,0.9348524274982944,1.0622487137717236,1.0460005724296482,0.9201593061847901,0.9224494318141211,0.630904954069256,0.5895981429312273,,
pmc_gauss_k2,8,0.01,5,2000,20,fm,1.0,0.00202020202020202,0,24,0.13030303030303025,4,True,1.377282292000018,-0.9565829695870484,0.962553462316869,1.0508618139540744,1.0284076465164644,0.92454148529095,0.9230588824300133,0.6280430225920962,0.5814765772094427,,
pmc_gauss_k2,8,0.01,5,2000,20,fm_hampel,1.0,0.00202020202020202,0,24,0.13030303030303025,3,True,1.0123329170000943,-0.9565829695870484,0.962553462316869,1.0508618139540744,1.0284076465164644,0.92454148529095,0.9230588824300133,0.6280430225920962,0.5814765772094427,1.0,0.00808080808080808
pmc_gauss_k2,8,0.01,5,2000,20,fm_warm,1.0,0.0015151515151515152,0,23,0.1358585858585859,3,True,2.381381749999491,-0.7838455134609882,1.0292355610544177,1.1447220411787105,1.0269093033007082,0.9273509070790205,0.9028976843219274,0.6615913145290159,0.5884590494806073,,
pmc_gauss_k2,8,0.01,5,2000,20,dpd,0.0,0.0,0,0,nan,0,True,0.05157308299931174,-0.038809769770076795,1.2464952044462612,1.361596247549007,3.7599723755474583,0.9389552685669945,0.5182516301263005,0.7009976938889066,0.8905591861526142,,
pmc_gauss_k2,4,0.05,5,2000,100,true_seq,0.9,0.0015789473684210526,0,93,0.12263157894736842,0,True,0.270906791998641,,,,,,,,,,
pmc_gauss_k2,4,0.05,5,2000,100,true_nonseq,0.9,0.0015789473684210526,0,93,nan,0,True,0.09421154100164131,,,,,,,,,,
pmc_gauss_k2,4,0.05,5,2000,100,true_raw,0.0,0.0,0,0,0.25526315789473686,0,True,0.0,,,,,,,,,,
pmc_gauss_k2,4,0.05,5,2000,100,clean,0.0,0.0,0,0,0.11789473684210527,1,True,0.12046758300130023,-0.9800657887108697,0.9386169230748308,1.0625735099816869,1.0407633182369218,0.9207225439528733,0.9227934406750382,0.6304666210813846,0.5892810333797315,,
pmc_gauss_k2,4,0.05,5,2000,100,raw,0.0,0.0,0,0,0.4821052631578947,1,True,0.2311935000016092,-0.03232416318059648,2.897887330333211,1.3970567369697762,2.990277788835801,0.8877554215201079,0.04763952672702804,0.7138504026356535,0.10155893029071336,,
pmc_gauss_k2,4,0.05,5,2000,100,oracle,1.0,0.0,0,100,0.1205263157894737,1,True,0.2230954999995447,-0.9767286271659731,0.9299930991190575,1.0529862311717675,1.0437002149092593,0.9175331047034947,0.9212741071278194,0.630146792301899,0.6030427502595922,,
pmc_gauss_k2,4,0.05,5,2000,100,fm,0.0,0.0,0,0,0.4821052631578947,1,True,0.32203683300031116,-0.03232416318059648,2.897887330333211,1.3970567369697762,2.990277788835801,0.8877554215201079,0.04763952672702804,0.7138504026356535,0.10155893029071336,,
pmc_gauss_k2,4,0.05,5,2000,100,fm_hampel,0.01,0.0,0,1,0.48631578947368426,3,True,2.082456791998993,-0.029987749477688917,2.8065269236029913,1.4012623406379345,2.958520784276225,0.885300150311204,0.035374124302411394,0.715321524956472,0.8530554600628966,0.66,0.006842105263157895
pmc_gauss_k2,4,0.05,5,2000,100,fm_warm,0.0,0.0,0,0,0.4821052631578947,1,True,0.32648074999997334,-0.03232416318059648,2.897887330333211,1.3970567369697762,2.990277788835801,0.8877554215201079,0.04763952672702804,0.7138504026356535,0.10155893029071336,,
pmc_gauss_k2,4,0.05,5,2000,100,dpd,0.0,0.0,0,0,nan,0,True,0.0506630830004724,-0.03232416318059648,2.897887330333211,1.3970567369697762,2.990277788835801,0.8877554215201079,0.04763952672702804,0.7139323911644662,0.06144777999418931,,
pmc_gauss_k2,6,0.05,5,2000,100,true_seq,1.0,0.002105263157894737,0,104,0.11631578947368426,0,True,0.28782454099928145,,,,,,,,,,
pmc_gauss_k2,6,0.05,5,2000,100,true_nonseq,1.0,0.002105263157894737,0,104,nan,0,True,0.09794741599944246,,,,,,,,,,
pmc_gauss_k2,6,0.05,5,2000,100,true_raw,0.0,0.0,0,0,0.25263157894736843,0,True,0.0,,,,,,,,,,
pmc_gauss_k2,6,0.05,5,2000,100,clean,0.0,0.0,0,0,0.11315789473684212,1,True,0.124541125000178,-0.9800657887108697,0.9386169230748308,1.0625735099816869,1.0407633182369218,0.9207225439528733,0.9227934406750382,0.6304666210813846,0.5892810333797315,,
pmc_gauss_k2,6,0.05,5,2000,100,raw,0.0,0.0,0,0,0.49315789473684213,1,True,0.2367399579998164,-0.033555891710008126,4.727261882597942,1.4043011871439088,4.464600066405182,0.8985753566264488,0.03451964137018063,0.7073753104805908,0.9026586132736875,,
pmc_gauss_k2,6,0.05,5,2000,100,oracle,1.0,0.0,0,100,0.11526315789473685,1,True,0.2290673749994312,-0.9925075578139245,0.938079090916389,1.067498336649965,1.0322364166124973,0.9188734266004394,0.9208496277830044,0.6323536298160274,0.5942796632027715,,
pmc_gauss_k2,6,0.05,5,2000,100,fm,0.0,0.0,0,0,0.49315789473684213,1,True,0.33143808400018315,-0.033555891710008126,4.727261882597942,1.4043011871439088,4.464600066405182,0.8985753566264488,0.03451964137018063,0.7073753104805908,0.9026586132736875,,
pmc_gauss_k2,6,0.05,5,2000,100,fm_hampel,1.0,0.0015789473684210526,0,103,0.128421052631579,3,True,2.4968448750005336,-0.9691133630670641,0.9646857431755087,1.0582488509129164,1.0138529918458368,0.922431134252041,0.9206455592894653,0.6301357404355566,0.58678456591836,0.86,0.00631578947368421
pmc_gauss_k2,6,0.05,5,2000,100,fm_warm,0.0,0.0,0,0,0.49315789473684213,1,True,0.3295072919991071,-0.033555891710008126,4.727261882597942,1.4043011871439088,4.464600066405182,0.8985753566264488,0.03451964137018063,0.7073753104805908,0.9026586132736875,,
pmc_gauss_k2,6,0.05,5,2000,100,dpd,0.0,0.0,0,0,nan,0,True,0.053584875000524335,-0.033555891710008126,4.727261882597942,1.4043011871439088,4.464600066405182,0.8985753566264488,0.03451964137018063,0.7101083407045833,0.8933365892819066,,
pmc_gauss_k2,8,0.05,5,2000,100,true_seq,1.0,0.002105263157894737,2,104,0.11368421052631583,0,True,0.2874961669986078,,,,,,,,,,
pmc_gauss_k2,8,0.05,5,2000,100,true_nonseq,1.0,0.0015789473684210526,0,103,nan,0,True,0.09793929199986451,,,,,,,,,,
pmc_gauss_k2,8,0.05,5,2000,100,true_raw,0.0,0.0,0,0,0.23947368421052628,0,True,0.0,,,,,,,,,,
pmc_gauss_k2,8,0.05,5,2000,100,clean,0.0,0.0,0,0,0.11263157894736842,1,True,0.12540083400017465,-0.9800657887108697,0.9386169230748308,1.0625735099816869,1.0407633182369218,0.9207225439528733,0.9227934406750382,0.6304666210813846,0.5892810333797315,,
pmc_gauss_k2,8,0.05,5,2000,100,raw,0.0,0.0,0,0,0.49421052631578943,1,True,0.26121479099856515,-0.020954097777071218,6.575551537964129,1.405292402450135,5.740019602942337,0.9049974791857289,0.01894883664600564,0.6984827074452014,0.9102959984442579,,
pmc_gauss_k2,8,0.05,5,2000,100,oracle,1.0,0.0,0,100,0.11631578947368426,1,True,0.22104095900067477,-0.9734941810957338,0.9481000078741628,1.0651756671217096,1.0415895584478692,0.9188495628756339,0.9192893670721471,0.6337651474790345,0.59367981705585,,
pmc_gauss_k2,8,0.05,5,2000,100,fm,0.0,0.0,0,0,0.49421052631578943,1,True,0.3528102920008678,-0.020954097777071218,6.575551537964129,1.405292402450135,5.740019602942337,0.9049974791857289,0.01894883664600564,0.6984827074452014,0.9102959984442579,,
pmc_gauss_k2,8,0.05,5,2000,100,fm_hampel,1.0,0.002631578947368421,2,105,0.1289473684210526,4,True,3.4069299580005463,-0.9546702544984061,0.973053661848287,1.0489044355453039,1.0169398118292563,0.9233139129676282,0.9203770127914114,0.6305619683863919,0.5804331566203332,0.97,0.008421052631578947
pmc_gauss_k2,8,0.05,5,2000,100,fm_warm,0.0,0.0,0,0,0.49421052631578943,1,True,0.3630691670005035,-0.020954097777071218,6.575551537964129,1.405292402450135,5.740019602942337,0.9049974791857289,0.01894883664600564,0.6984827074452014,0.9102959984442579,,
pmc_gauss_k2,8,0.05,5,2000,100,dpd,0.0,0.0,0,0,nan,0,True,0.05405900000005204,-0.020954097777071218,6.575551537964129,1.405292402450135,5.740019602942337,0.9049974791857289,0.01894883664600564,0.7051420133084005,0.9051332953997333,,
pmc_gauss_k2,0,0.0,6,2000,0,true_seq,nan,0.0005,0,1,0.136,0,True,0.10387358299885818,,,,,,,,,,
pmc_gauss_k2,0,0.0,6,2000,0,true_nonseq,nan,0.0005,0,1,nan,0,True,0.09638012499999604,,,,,,,,,,
pmc_gauss_k2,0,0.0,6,2000,0,true_raw,nan,0.0,0,0,0.135,0,True,0.0,,,,,,,,,,
pmc_gauss_k2,0,0.0,6,2000,0,clean,nan,0.0,0,0,0.136,1,True,0.10498383300000569,-0.9277779720652506,0.9982047950537403,0.9618137819136958,0.9599460552847089,0.9092041877241511,0.8963609025615215,0.5828353723266924,0.5885440084351586,,
pmc_gauss_k2,0,0.0,6,2000,0,raw,nan,0.0,0,0,0.136,1,True,0.10237624999899708,-0.9277779720652506,0.9982047950537403,0.9618137819136958,0.9599460552847089,0.9092041877241511,0.8963609025615215,0.5828353723266924,0.5885440084351586,,
pmc_gauss_k2,0,0.0,6,2000,0,oracle,nan,0.0,0,0,0.136,1,True,0.10031433400035894,-0.9277779720652506,0.9982047950537403,0.9618137819136958,0.9599460552847089,0.9092041877241511,0.8963609025615215,0.5828353723266924,0.5885440084351586,,
pmc_gauss_k2,0,0.0,6,2000,0,fm,nan,0.001,0,2,0.13449999999999995,2,True,0.46292895800070255,-0.9300130041311778,0.9940997020733926,0.9541887944989034,0.9588908727583445,0.9086402410754946,0.8965996601893051,0.5803808195223752,0.5897351891251065,,
pmc_gauss_k2,0,0.0,6,2000,0,fm_hampel,nan,0.001,0,2,0.13449999999999995,2,True,0.5195062500006316,-0.9300130041311778,0.9940997020733926,0.9541887944989034,0.9588908727583445,0.9086402410754946,0.8965996601893051,0.5803808195223752,0.5897351891251065,nan,0.009
pmc_gauss_k2,0,0.0,6,2000,0,fm_warm,nan,0.001,0,2,0.13649999999999995,2,True,0.3769030829989788,-0.9200330052969037,1.0132867250250643,0.9568739186011718,0.9479707018362025,0.9107531795887145,0.8959477484769914,0.5805551912164696,0.5862491942252037,,
pmc_gauss_k2,0,0.0,6,2000,0,dpd,nan,0.0,0,0,nan,0,True,0.05303141699914704,-0.9277779720652506,0.9982047950537403,0.9618137819136958,0.9599460552847089,0.9092041877241511,0.8963609025615215,0.5795472948099971,0.5857548286691117,,
pmc_gauss_k2,4,0.01,6,2000,20,true_seq,0.85,0.000505050505050505,1,18,0.13989898989898986,0,True,0.1310547499997483,,,,,,,,,,
pmc_gauss_k2,4,0.01,6,2000,20,true_nonseq,0.85,0.00101010101010101,1,19,nan,0,True,0.094040916999802,,,,,,,,,,
pmc_gauss_k2,4,0.01,6,2000,20,true_raw,0.0,0.0,0,0,0.16767676767676765,0,True,0.0,,,,,,,,,,
pmc_gauss_k2,4,0.01,6,2000,20,clean,0.0,0.0,0,0,0.1358585858585859,1,True,0.10272433300087869,-0.9277779720652506,0.9982047950537403,0.9618137819136958,0.9599460552847089,0.9092041877241511,0.8963609025615215,0.5828353723266924,0.5885440084351586,,
pmc_gauss_k2,4,0.01,6,2000,20,raw,0.0,0.0,0,0,0.49444444444444446,1,True,0.8022619580005994,-0.04711943100526236,0.33236038333088874,1.2952306265520106,1.9366282773287775,0.8980613821079748,0.5701581052579056,0.7032049456321723,0.8151760526354731,,
pmc_gauss_k2,4,0.01,6,2000,20,oracle,1.0,0.0,0,20,0.13484848484848488,1,True,0.1594459169991751,-0.9256384441793588,1.0030514469727165,0.9515903461598259,0.9595945194446467,0.9091810641590692,0.8964050164441566,0.5780856310906597,0.5881974949716543,,
pmc_gauss_k2,4,0.01,6,2000,20,fm,0.85,0.000505050505050505,1,18,0.14141414141414144,3,True,1.4588593340013176,-0.917453914792481,1.021706690959555,0.9468909102798521,0.9534653804181634,0.9084850929179779,0.8941291651399055,0.5765147754693429,0.5855501531371581,,
pmc_gauss_k2,4,0.01,6,2000,20,fm_hampel,0.85,0.000505050505050505,1,18,0.14141414141414144,2,True,0.6225950839998404,-0.917453914792481,1.021706690959555,0.9468909102798521,0.9534653804181634,0.9084850929179779,0.8941291651399055,0.5765147754693429,0.5855501531371581,0.65,0.00909090909090909
pmc_gauss_k2,4,0.01,6,2000,20,fm_warm,0.75,0.0,0,15,0.4313131313131313,4,True,2.0697590409999975,-0.13786481310841456,0.2912595624172324,1.3269192541507948,1.403325339539483,0.9082580619735502,0.7648401116375605,0.6937956561736531,0.7640282360288452,,
pmc_gauss_k2,4,0.01,6,2000,20,dpd,0.0,0.0,0,0,nan,0,True,0.048194375000093714,-0.04711943100526236,0.33236038333088874,1.2952306265520106,1.9366282773287775,0.8980613821079748,0.5701581052579056,0.7000894240805996,0.8127033007106703,,
pmc_gauss_k2,6,0.01,6,2000,20,true_seq,1.0,0.000505050505050505,0,21,0.13535353535353534,0,True,0.13412979200074915,,,,,,,,,,
pmc_gauss_k2,6,0.01,6,2000,20,true_nonseq,1.0,0.00101010101010101,0,22,nan,0,True,0.09841929199865262,,,,,,,,,,
pmc_gauss_k2,6,0.01,6,2000,20,true_raw,0.0,0.0,0,0,0.16161616161616166,0,True,0.0,,,,,,,,,,
pmc_gauss_k2,6,0.01,6,2000,20,clean,0.0,0.0,0,0,0.13636363636363635,1,True,0.10119741600101406,-0.9277779720652506,0.9982047950537403,0.9618137819136958,0.9599460552847089,0.9092041877241511,0.8963609025615215,0.5828353723266924,0.5885440084351586,,
pmc_gauss_k2,6,0.01,6,2000,20,raw,0.0,0.0,0,0,0.4954545454545455,1,True,0.7592025829999329,-0.05249778847450655,0.5190300260320886,1.2880942923938787,2.414030176184201,0.9060011837531742,0.5838611524146754,0.6939494080718002,0.8699709608476662,,
pmc_gauss_k2,6,0.01,6,2000,20,oracle,1.0,0.0,0,20,0.13787878787878793,1,True,0.1609351669994794,-0.9164590073222936,0.99641994863409,0.9620821851360183,0.9568595802851658,0.908415226966223,0.8946487800807152,0.584734669267121,0.5928090701693176,,
pmc_gauss_k2,6,0.01,6,2000,20,fm,1.0,0.00101010101010101,0,22,0.13787878787878793,4,True,1.8016205000003538,-0.9188072861046261,0.9926065766392833,0.9542160383528004,0.9555236284729451,0.9078564042038648,0.8948903915309214,0.582197364253145,0.5940195326016107,,
pmc_gauss_k2,6,0.01,6,2000,20,fm_hampel,1.0,0.00101010101010101,0,22,0.13787878787878793,3,True,0.9244218749990978,-0.9188072861046261,0.9926065766392833,0.9542160383528004,0.9555236284729451,0.9078564042038648,0.8948903915309214,0.582197364253145,0.5940195326016107,0.9,0.00909090909090909
pmc_gauss_k2,6,0.01,6,2000,20,fm_warm,1.0,0.000505050505050505,0,21,0.4207070707070707,3,True,2.1854330410005787,-0.13307695257193786,0.1966080354034173,1.3255491838085842,1.374660855069211,0.9042731626773879,0.8036069484924232,0.6933986651970707,0.7554714806276831,,
pmc_gauss_k2,6,0.01,6,2000,20,dpd,0.0,0.0,0,0,nan,0,True,0.05266783399929409,-0.05249778847450655,0.5190300260320886,1.2880942923938787,2.414030176184201,0.9060011837531742,0.5838611524146754,0.6908227332508738,0.8676104644355103,,
pmc_gauss_k2,8,0.01,6,2000,20,true_seq,1.0,0.000505050505050505,0,21,0.13737373737373737,0,True,0.14043158300046343,,,,,,,,,,
pmc_gauss_k2,8,0.01,6,2000,20,true_nonseq,1.0,0.00101010101010101,0,22,nan,0,True,0.10021883400077058,,,,,,,,,,
pmc_gauss_k2,8,0.01,6,2000,20,true_raw,0.0,0.0,0,0,0.17626262626262623,0,True,0.0,,,,,,,,,,
pmc_gauss_k2,8,0.01,6,2000,20,clean,0.0,0.0,0,0,0.1358585858585859,1,True,0.09923729199908848,-0.9277779720652506,0.9982047950537403,0.9618137819136958,0.9599460552847089,0.9092041877241511,0.8963609025615215,0.5828353723266924,0.5885440084351586,,
pmc_gauss_k2,8,0.01,6,2000,20,raw,0.0,0.0,0,0,0.4964646464646465,1,True,0.5579314169990539,-0.05020426365153567,0.7228187810530138,1.2826402490463253,2.997971799683431,0.9153056585501999,0.5818723209362561,0.6874677666673631,0.8915316160853143,,
pmc_gauss_k2,8,0.01,6,2000,20,oracle,1.0,0.0,0,20,0.13686868686868692,1,True,0.1643024160002824,-0.9266701193002713,1.0036035103367345,0.9561420671036107,0.9545505249740757,0.9086978092970268,0.8953903750384649,0.5782027024783516,0.5882067114818552,,
pmc_gauss_k2,8,0.01,6,2000,20,fm,1.0,0.00101010101010101,0,22,0.13535353535353534,4,True,1.5670853339997848,-0.9297365201023393,0.9971527199682958,0.9479417130487088,0.9553692730784652,0.9080887002270538,0.8960161411503806,0.5754257270465486,0.5897083745475462,,
pmc_gauss_k2,8,0.01,6,2000,20,fm_hampel,1.0,0.00101010101010101,0,22,0.13535353535353534,3,True,0.9405174160001479,-0.9297365201023393,0.9971527199682958,0.9479417130487088,0.9553692730784652,0.9080887002270538,0.8960161411503806,0.5754257270465486,0.5897083745475462,0.95,0.00808080808080808
pmc_gauss_k2,8,0.01,6,2000,20,fm_warm,1.0,0.000505050505050505,0,21,0.3964646464646465,3,True,1.8812678750000487,-0.17006005926817194,0.29681101739135646,1.318560108986419,1.375606444845299,0.9104969780629265,0.8023009090745069,0.685833946948404,0.767072546705615,,
pmc_gauss_k2,8,0.01,6,2000,20,dpd,0.0,0.0,0,0,nan,0,True,0.04961816699869814,-0.05020426365153567,0.7228187810530138,1.2826402490463253,2.997971799683431,0.9153056585501999,0.5818723209362561,0.6854513276586609,0.8894366503800335,,
pmc_gauss_k2,4,0.05,6,2000,100,true_seq,0.87,0.0010526315789473684,1,89,0.14105263157894732,0,True,0.2690840830000525,,,,,,,,,,
pmc_gauss_k2,4,0.05,6,2000,100,true_nonseq,0.87,0.002631578947368421,1,92,nan,0,True,0.10105358300097578,,,,,,,,,,
pmc_gauss_k2,4,0.05,6,2000,100,true_raw,0.0,0.0,0,0,0.26473684210526316,0,True,0.0,,,,,,,,,,
pmc_gauss_k2,4,0.05,6,2000,100,clean,0.0,0.0,0,0,0.13736842105263158,1,True,0.10330191600041871,-0.9277779720652506,0.9982047950537403,0.9618137819136958,0.9599460552847089,0.9092041877241511,0.8963609025615215,0.5828353723266924,0.5885440084351586,,
pmc_gauss_k2,4,0.05,6,2000,100,raw,0.0,0.0,0,0,0.49736842105263157,1,True,0.4134636250000767,-0.05979968327348779,2.4372241670329804,1.329217992752536,2.941730801146683,0.8727378891542664,0.07834749898183839,0.6955163045296159,0.942376297337074,,
pmc_gauss_k2,4,0.05,6,2000,100,oracle,1.0,0.0,0,100,0.13684210526315788,1,True,0.18493566600045597,-0.9318822459224712,0.9777847498924461,0.9524472704094668,0.9634206579065852,0.9107435426601842,0.9005910957852341,0.5778631280975606,0.5883402206295837,,
pmc_gauss_k2,4,0.05,6,2000,100,fm,0.01,0.0,0,1,0.49684210526315786,2,True,1.2188298749988462,-0.062276322681018834,2.4299260733118264,1.3286192789059583,2.913278639216803,0.8733952681253272,0.08023830763699065,0.6955510486984033,0.9387709477723958,,
pmc_gauss_k2,4,0.05,6,2000,100,fm_hampel,0.02,0.0,0,2,0.49684210526315786,3,True,2.88553870800024,-0.06028858560543278,2.3683883695587054,1.3281639082016454,2.9275485125265646,0.8717173235066809,0.08037315214148417,0.698473621693393,0.9393880694103653,0.65,0.006842105263157895
pmc_gauss_k2,4,0.05,6,2000,100,fm_warm,0.01,0.0,0,1,0.49684210526315786,2,True,0.6889110419997451,-0.061517883195398,2.436600339259612,1.328840028288801,2.9177019477042507,0.8735998085514698,0.07658499073238485,0.6954622185688976,0.9452693048599892,,
pmc_gauss_k2,4,0.05,6,2000,100,dpd,0.0,0.0,0,0,nan,0,True,0.0548922500001936,-0.05979968327348779,2.4372241670329804,1.329217992752536,2.941730801146683,0.8727378891542664,0.07834749898183839,0.6960717558253977,0.944721093334033,,
pmc_gauss_k2,6,0.05,6,2000,100,true_seq,1.0,0.0005263157894736842,0,101,0.14263157894736844,0,True,0.2763160839986085,,,,,,,,,,
pmc_gauss_k2,6,0.05,6,2000,100,true_nonseq,1.0,0.003157894736842105,1,106,nan,0,True,0.09497483400082274,,,,,,,,,,
pmc_gauss_k2,6,0.05,6,2000,100,true_raw,0.0,0.0,0,0,0.2784210526315789,0,True,0.0,,,,,,,,,,
pmc_gauss_k2,6,0.05,6,2000,100,clean,0.0,0.0,0,0,0.13578947368421057,1,True,0.09744624999984808,-0.9277779720652506,0.9982047950537403,0.9618137819136958,0.9599460552847089,0.9092041877241511,0.8963609025615215,0.5828353723266924,0.5885440084351586,,
pmc_gauss_k2,6,0.05,6,2000,100,raw,0.0,0.0,0,0,0.49421052631578943,1,True,0.2510693750009523,-0.03816536745743019,3.808622706798925,1.3301470781934845,4.185548598898634,0.8866619504999533,0.06850850196954189,0.6932737053883723,-0.40278647935143036,,
pmc_gauss_k2,6,0.05,6,2000,100,oracle,1.0,0.0,0,100,0.1394736842105263,1,True,0.18705237500034855,-0.9262922598375176,1.0014367141490472,0.9613211225022191,0.9508903389498553,0.9059573323823165,0.8932983113424442,0.584762212696512,0.591238733079869,,
pmc_gauss_k2,6,0.05,6,2000,100,fm,0.0,0.0,0,0,0.49421052631578943,1,True,0.3432025000001886,-0.03816536745743019,3.808622706798925,1.3301470781934845,4.185548598898634,0.8866619504999533,0.06850850196954189,0.6932737053883723,-0.40278647935143036,,
pmc_gauss_k2,6,0.05,6,2000,100,fm_hampel,1.0,0.0010526315789473684,0,102,0.1389473684210526,3,True,2.6342221249997237,-0.9281269426109625,0.9984071317432957,0.9533838577829865,0.9489629445148734,0.9054548978970983,0.8933795987565832,0.5820563566832475,0.5931193864379714,0.85,0.008421052631578947
pmc_gauss_k2,6,0.05,6,2000,100,fm_warm,0.0,0.0,0,0,0.49421052631578943,1,True,0.34039204100008646,-0.03816536745743019,3.808622706798925,1.3301470781934845,4.185548598898634,0.8866619504999533,0.06850850196954189,0.6932737053883723,-0.40278647935143036,,
pmc_gauss_k2,6,0.05,6,2000,100,dpd,0.0,0.0,0,0,nan,0,True,0.051282332999107894,-0.03816536745743019,3.808622706798925,1.3301470781934845,4.185548598898634,0.8866619504999533,0.06850850196954189,0.6971321428431937,-0.39255022764067304,,
pmc_gauss_k2,8,0.05,6,2000,100,true_seq,1.0,0.0005263157894736842,0,101,0.14105263157894732,0,True,0.27708004099986283,,,,,,,,,,
pmc_gauss_k2,8,0.05,6,2000,100,true_nonseq,1.0,0.002105263157894737,0,104,nan,0,True,0.0982151669995801,,,,,,,,,,
pmc_gauss_k2,8,0.05,6,2000,100,true_raw,0.0,0.0,0,0,0.261578947368421,0,True,0.0,,,,,,,,,,
pmc_gauss_k2,8,0.05,6,2000,100,clean,0.0,0.0,0,0,0.13526315789473686,1,True,0.10249841600125364,-0.9277779720652506,0.9982047950537403,0.9618137819136958,0.9599460552847089,0.9092041877241511,0.8963609025615215,0.5828353723266924,0.5885440084351586,,
pmc_gauss_k2,8,0.05,6,2000,100,raw,0.0,0.0,0,0,0.49315789473684213,1,True,0.25228770799913036,-0.03929046863294482,5.0694492453887126,1.3230584039103728,5.5159672599881375,0.8897252329330728,0.09402927536305086,0.6860730775390723,0.9640482675457672,,
pmc_gauss_k2,8,0.05,6,2000,100,oracle,1.0,0.0,0,100,0.14105263157894732,1,True,0.1848925419999432,-0.9134405841459735,1.0064413427118586,0.9599608522427866,0.9640193809109542,0.910663779781037,0.8956117334408479,0.5830291253078513,0.591088666193656,,
pmc_gauss_k2,8,0.05,6,2000,100,fm,0.01,0.0,0,1,0.49473684210526314,2,True,0.8278748339998856,-0.041960172796811405,5.053067930584625,1.322833846346198,5.484321294391947,0.8904105688117884,0.09606937087853697,0.6859998966665367,0.9640285584945034,,
pmc_gauss_k2,8,0.05,6,2000,100,fm_hampel,1.0,0.0010526315789473684,0,102,0.14052631578947372,3,True,1.7138588329999038,-0.9158316320728737,1.0017021889435633,0.9520890022894781,0.9630384458438178,0.9100366915301502,0.8958697685000401,0.5804579731932902,0.5925711315533809,0.97,0.008947368421052631
pmc_gauss_k2,8,0.05,6,2000,100,fm_warm,0.01,0.0,0,1,0.49526315789473685,2,True,0.521987000000081,-0.04198059931426269,5.042366434887599,1.3229908216095172,5.483382159772082,0.8901319340968098,0.09593651912652676,0.6862832769264399,0.966198734036053,,
pmc_gauss_k2,8,0.05,6,2000,100,dpd,0.0,0.0,0,0,nan,0,True,0.05397912499938684,-0.03929046863294482,5.0694492453887126,1.3230584039103728,5.5159672599881375,0.8897252329330728,0.09402927536305086,0.6905258747424066,0.965664497151901,,
pmc_gauss_k2,0,0.0,7,2000,0,true_seq,nan,0.001,0,2,0.13249999999999995,0,True,0.10244912500093051,,,,,,,,,,
pmc_gauss_k2,0,0.0,7,2000,0,true_nonseq,nan,0.001,0,2,nan,0,True,0.09362779200091609,,,,,,,,,,
pmc_gauss_k2,0,0.0,7,2000,0,true_raw,nan,0.0,0,0,0.13249999999999995,0,True,0.0,,,,,,,,,,
pmc_gauss_k2,0,0.0,7,2000,0,clean,nan,0.0,0,0,0.129,1,True,0.10120083400033764,-0.9483637580956072,1.0233740906827542,0.9969475278109667,1.0311541479041315,0.8946290134171302,0.882774836229871,0.6016835310912785,0.6016005509515014,,
pmc_gauss_k2,0,0.0,7,2000,0,raw,nan,0.0,0,0,0.129,1,True,0.10154766699997708,-0.9483637580956072,1.0233740906827542,0.9969475278109667,1.0311541479041315,0.8946290134171302,0.882774836229871,0.6016835310912785,0.6016005509515014,,
pmc_gauss_k2,0,0.0,7,2000,0,oracle,nan,0.0,0,0,0.129,1,True,0.10241850000056729,-0.9483637580956072,1.0233740906827542,0.9969475278109667,1.0311541479041315,0.8946290134171302,0.882774836229871,0.6016835310912785,0.6016005509515014,,
pmc_gauss_k2,0,0.0,7,2000,0,fm,nan,0.001,0,2,0.12949999999999995,2,True,0.45766529199863726,-0.9520035121724139,1.0189677798341883,0.9942605229974664,1.0225235503357895,0.8943335364381306,0.8826305890225451,0.6003820082600101,0.6023964413494508,,
pmc_gauss_k2,0,0.0,7,2000,0,fm_hampel,nan,0.001,0,2,0.12949999999999995,2,True,0.5123219160013832,-0.9520035121724139,1.0189677798341883,0.9942605229974664,1.0225235503357895,0.8943335364381306,0.8826305890225451,0.6003820082600101,0.6023964413494508,nan,0.011
pmc_gauss_k2,0,0.0,7,2000,0,fm_warm,nan,0.001,0,2,0.13349999999999995,2,True,0.41279579199908767,-0.935344964551329,1.0297719841817214,1.0033151425760538,1.0205730637983386,0.8946742937495293,0.8796421218744502,0.6034994646532634,0.605058642697478,,
pmc_gauss_k2,0,0.0,7,2000,0,dpd,nan,0.0,0,0,nan,0,True,0.05597570800091489,-0.9483637580956072,1.0233740906827542,0.9969475278109667,1.0311541479041315,0.8946290134171302,0.882774836229871,0.5977667286429239,0.6069076324857886,,
pmc_gauss_k2,4,0.01,7,2000,20,true_seq,0.9,0.00101010101010101,0,20,0.13030303030303025,0,True,0.13784429199949955,,,,,,,,,,
pmc_gauss_k2,4,0.01,7,2000,20,true_nonseq,0.9,0.00101010101010101,0,20,nan,0,True,0.0930167500009702,,,,,,,,,,
pmc_gauss_k2,4,0.01,7,2000,20,true_raw,0.0,0.0,0,0,0.1585858585858586,0,True,0.0,,,,,,,,,,
pmc_gauss_k2,4,0.01,7,2000,20,clean,0.0,0.0,0,0,0.12828282828282833,1,True,0.09928304200002458,-0.9483637580956072,1.0233740906827542,0.9969475278109667,1.0311541479041315,0.8946290134171302,0.882774836229871,0.6016835310912785,0.6016005509515014,,
pmc_gauss_k2,4,0.01,7,2000,20,raw,0.0,0.0,0,0,0.4121212121212121,1,True,0.7171519999992597,-0.15419346584459356,0.814299282421563,1.3748404537660281,1.7324706063490458,0.8864177001327574,0.5504919106905655,0.7126122148333649,0.8211717537826563,,
pmc_gauss_k2,4,0.01,7,2000,20,oracle,1.0,0.0,0,20,0.12575757575757573,1,True,0.16088133299854235,-0.9495687636430092,1.0257643541467307,0.9968801254983538,1.0273873937263853,0.894131555269061,0.882540925064943,0.6017195885325769,0.5998167069035727,,
pmc_gauss_k2,4,0.01,7,2000,20,fm,0.85,0.00101010101010101,0,19,0.13282828282828285,5,True,2.488352208998549,-0.9252559819622133,1.036949174594039,1.0130486564621153,1.029944572005646,0.890952098324124,0.8752406873549584,0.6064807368692663,0.6051862069296746,,
pmc_gauss_k2,4,0.01,7,2000,20,fm_hampel,0.85,0.00101010101010101,0,19,0.13282828282828285,4,True,1.8472850830003154,-0.9252559819622133,1.036949174594039,1.0130486564621153,1.029944572005646,0.890952098324124,0.8752406873549584,0.6064807368692663,0.6051862069296746,0.65,0.010101010101010102
pmc_gauss_k2,4,0.01,7,2000,20,fm_warm,0.8,0.0,0,16,0.3919191919191919,5,True,1.9665404579991446,-0.2102958551502223,0.761136462470055,1.406107658644903,1.195384116858091,0.9050489655543789,0.6476067896178911,0.7111586929600929,0.7549356144332847,,
pmc_gauss_k2,4,0.01,7,2000,20,dpd,0.0,0.0,0,0,nan,0,True,0.052821167000729474,-0.15419346584459356,0.814299282421563,1.3748404537660281,1.7324706063490458,0.8864177001327574,0.5504919106905655,0.7083870781838818,0.8175304096475903,,
pmc_gauss_k2,6,0.01,7,2000,20,true_seq,1.0,0.00101010101010101,0,22,0.1297979797979798,0,True,0.1405729589987459,,,,,,,,,,
pmc_gauss_k2,6,0.01,7,2000,20,true_nonseq,1.0,0.00101010101010101,0,22,nan,0,True,0.09809325000060198,,,,,,,,,,
pmc_gauss_k2,6,0.01,7,2000,20,true_raw,0.0,0.0,0,0,0.17626262626262623,0,True,0.0,,,,,,,,,,
pmc_gauss_k2,6,0.01,7,2000,20,clean,0.0,0.0,0,0,0.12727272727272732,1,True,0.10095812500003376,-0.9483637580956072,1.0233740906827542,0.9969475278109667,1.0311541479041315,0.8946290134171302,0.882774836229871,0.6016835310912785,0.6016005509515014,,
pmc_gauss_k2,6,0.01,7,2000,20,raw,0.0,0.0,0,0,0.445959595959596,1,True,0.4822594580000441,-0.10416246605845103,0.91613994361997,1.3581551393553755,2.5627450070697395,0.8991896674535518,0.5082525351670536,0.7064713426109336,0.8805756497020663,,
pmc_gauss_k2,6,0.01,7,2000,20,oracle,1.0,0.0,0,20,0.12323232323232325,1,True,0.16215704200112668,-0.9591608486470109,1.0258253892107578,0.9916064797579305,1.0255860453105972,0.8940156327162827,0.8822143201933842,0.5984633885906071,0.6020030923970644,,
pmc_gauss_k2,6,0.01,7,2000,20,fm,1.0,0.00101010101010101,0,22,0.1237373737373737,4,True,1.515840041998672,-0.9628006130899027,1.0214776739241729,0.9888551778142797,1.016747568228234,0.8937037144421552,0.882034378593696,0.5971057475050214,0.6028864734757734,,
pmc_gauss_k2,6,0.01,7,2000,20,fm_hampel,1.0,0.00101010101010101,0,22,0.1237373737373737,2,True,0.5914629170001717,-0.9628006130899027,1.0214776739241729,0.9888551778142797,1.016747568228234,0.8937037144421552,0.882034378593696,0.5971057475050214,0.6028864734757734,1.0,0.011111111111111112
pmc_gauss_k2,6,0.01,7,2000,20,fm_warm,1.0,0.0,0,20,0.37828282828282833,3,True,1.6543134580006154,-0.24263505286942266,0.6739139691392882,1.404832250236232,1.1988363702781122,0.9034620270051136,0.6978881699081583,0.7082740534909516,0.7570740855006043,,
pmc_gauss_k2,6,0.01,7,2000,20,dpd,0.0,0.0,0,0,nan,0,True,0.05126037499940139,-0.10416246605845103,0.91613994361997,1.3581551393553755,2.5627450070697395,0.8991896674535518,0.5082525351670536,0.7036926001530113,0.877258305240807,,
pmc_gauss_k2,8,0.01,7,2000,20,true_seq,1.0,0.00101010101010101,0,22,0.1333333333333333,0,True,0.14391391600111092,,,,,,,,,,
pmc_gauss_k2,8,0.01,7,2000,20,true_nonseq,1.0,0.00101010101010101,0,22,nan,0,True,0.09743349999916973,,,,,,,,,,
pmc_gauss_k2,8,0.01,7,2000,20,true_raw,0.0,0.0,0,0,0.15353535353535352,0,True,0.0,,,,,,,,,,
pmc_gauss_k2,8,0.01,7,2000,20,clean,0.0,0.0,0,0,0.12929292929292935,1,True,0.10176891699848056,-0.9483637580956072,1.0233740906827542,0.9969475278109667,1.0311541479041315,0.8946290134171302,0.882774836229871,0.6016835310912785,0.6016005509515014,,
pmc_gauss_k2,8,0.01,7,2000,20,raw,0.0,0.0,0,0,0.4661616161616161,1,True,0.38690924999900744,-0.07813837018340267,1.0339129517737675,1.3559208128442601,3.0732662685545917,0.9120423451118969,0.5315772508222788,0.6987677212096871,0.8979710622559867,,
pmc_gauss_k2,8,0.01,7,2000,20,oracle,1.0,0.0,0,20,0.13131313131313127,1,True,0.1649947499990958,-0.9357343994538547,1.0224494830896325,1.0029350627441795,1.0300008305858905,0.8956848246317293,0.8825924608800302,0.6004430072857251,0.6004657374135546,,
pmc_gauss_k2,8,0.01,7,2000,20,fm,1.0,0.00101010101010101,0,22,0.1323232323232323,3,True,1.0931689580011152,-0.9394331220748273,1.0179679563050998,1.000309871995063,1.0211770494749246,0.8953861292559627,0.8824527114362463,0.5991140683205045,0.6013095032883501,,
pmc_gauss_k2,8,0.01,7,2000,20,fm_hampel,1.0,0.00101010101010101,0,22,0.1323232323232323,3,True,1.1237510409991955,-0.9394331220748273,1.0179679563050998,1.000309871995063,1.0211770494749246,0.8953861292559627,0.8824527114362463,0.5991140683205045,0.6013095032883501,0.95,0.010606060606060607
pmc_gauss_k2,8,0.01,7,2000,20,fm_warm,1.0,0.0,0,20,0.3712121212121212,2,True,1.4603840420004417,-0.24886979079204727,0.7481249363901903,1.394627734649948,1.1682803945709757,0.9069615977777976,0.6995106100478947,0.7054410742614258,0.7424105165686417,,
pmc_gauss_k2,8,0.01,7,2000,20,dpd,0.0,0.0,0,0,nan,0,True,0.05019087500113528,-0.07813837018340267,1.0339129517737675,1.3559208128442601,3.0732662685545917,0.9120423451118969,0.5315772508222788,0.6966397313576325,0.8951848161784263,,
pmc_gauss_k2,4,0.05,7,2000,100,true_seq,0.93,0.0010526315789473684,0,95,0.13315789473684214,0,True,0.2774799999988318,,,,,,,,,,
pmc_gauss_k2,4,0.05,7,2000,100,true_nonseq,0.93,0.0010526315789473684,0,95,nan,0,True,0.09496137499991164,,,,,,,,,,
pmc_gauss_k2,4,0.05,7,2000,100,true_raw,0.0,0.0,0,0,0.24684210526315786,0,True,0.0,,,,,,,,,,
pmc_gauss_k2,4,0.05,7,2000,100,clean,0.0,0.0,0,0,0.12789473684210528,1,True,0.09739166700092028,-0.9483637580956072,1.0233740906827542,0.9969475278109667,1.0311541479041315,0.8946290134171302,0.882774836229871,0.6016835310912785,0.6016005509515014,,
pmc_gauss_k2,4,0.05,7,2000,100,raw,0.0,0.0,0,0,0.45789473684210524,1,True,0.357102666001083,-0.06941594157623801,2.7527094839405866,1.3922655370345725,2.9586996848074594,0.8723109465217393,0.05757202905316143,0.7078149477247506,0.8850464543334942,,
pmc_gauss_k2,4,0.05,7,2000,100,oracle,1.0,0.0,0,100,0.13263157894736843,1,True,0.18443491700054437,-0.9490886393143259,1.028500642932473,0.9932411750113858,1.0331624414182334,0.8961061542122074,0.8829793466668662,0.6007756257308541,0.6044034243786577,,
pmc_gauss_k2,4,0.05,7,2000,100,fm,0.0,0.0,0,0,0.45789473684210524,1,True,0.45584058400163485,-0.06941594157623801,2.7527094839405866,1.3922655370345725,2.9586996848074594,0.8723109465217393,0.05757202905316143,0.7078149477247506,0.8850464543334942,,
pmc_gauss_k2,4,0.05,7,2000,100,fm_hampel,0.0,0.0,0,0,0.45789473684210524,4,True,2.7599742919992423,-0.06941594157623801,2.7527094839405866,1.3922655370345725,2.9586996848074594,0.8723109465217393,0.05757202905316143,0.7078149477247506,0.8850464543334942,0.67,0.008421052631578947
pmc_gauss_k2,4,0.05,7,2000,100,fm_warm,0.0,0.0,0,0,0.45789473684210524,1,True,0.45617550000133633,-0.06941594157623801,2.7527094839405866,1.3922655370345725,2.9586996848074594,0.8723109465217393,0.05757202905316143,0.7078149477247506,0.8850464543334942,,
pmc_gauss_k2,4,0.05,7,2000,100,dpd,0.0,0.0,0,0,nan,0,True,0.053106499999557855,-0.06941594157623801,2.7527094839405866,1.3922655370345725,2.9586996848074594,0.8723109465217393,0.05757202905316143,0.7075554917034091,0.8820779668160472,,
pmc_gauss_k2,6,0.05,7,2000,100,true_seq,1.0,0.0010526315789473684,0,102,0.13263157894736843,0,True,0.28081679199931386,,,,,,,,,,
pmc_gauss_k2,6,0.05,7,2000,100,true_nonseq,1.0,0.002105263157894737,0,104,nan,0,True,0.09409670800050662,,,,,,,,,,
pmc_gauss_k2,6,0.05,7,2000,100,true_raw,0.0,0.0,0,0,0.25631578947368416,0,True,0.0,,,,,,,,,,
pmc_gauss_k2,6,0.05,7,2000,100,clean,0.0,0.0,0,0,0.13157894736842102,1,True,0.10106604199972935,-0.9483637580956072,1.0233740906827542,0.9969475278109667,1.0311541479041315,0.8946290134171302,0.882774836229871,0.6016835310912785,0.6016005509515014,,
pmc_gauss_k2,6,0.05,7,2000,100,raw,0.0,0.0,0,0,0.46578947368421053,1,True,0.28575683400049456,-0.04812984413044901,3.8991961931269827,1.3858232610977583,4.137483815943453,0.8769172092425175,0.05947793780511209,0.6961806991428781,0.9084526685049376,,
pmc_gauss_k2,6,0.05,7,2000,100,oracle,1.0,0.0,0,100,0.1289473684210526,1,True,0.1395255420011381,-0.9508707245901088,1.0214602956198295,0.9866898180533753,1.0348729199207924,0.8942335751306818,0.8849998461641985,0.6037453983161828,0.5891875163395333,,
pmc_gauss_k2,6,0.05,7,2000,100,fm,0.0,0.0,0,0,0.46578947368421053,1,True,0.37673349999931816,-0.04812984413044901,3.8991961931269827,1.3858232610977583,4.137483815943453,0.8769172092425175,0.05947793780511209,0.6961806991428781,0.9084526685049376,,
pmc_gauss_k2,6,0.05,7,2000,100,fm_hampel,1.0,0.0010526315789473684,0,102,0.1305263157894737,4,True,3.4303125419992284,-0.954162759839875,1.0156846381654914,0.9845310656520904,1.0268673893486024,0.8938770821327265,0.884869678417446,0.6026825874352842,0.5907584224422342,0.83,0.008947368421052631
pmc_gauss_k2,6,0.05,7,2000,100,fm_warm,0.0,0.0,0,0,0.46578947368421053,1,True,0.3794809169994551,-0.04812984413044901,3.8991961931269827,1.3858232610977583,4.137483815943453,0.8769172092425175,0.05947793780511209,0.6961806991428781,0.9084526685049376,,
pmc_gauss_k2,6,0.05,7,2000,100,dpd,0.0,0.0,0,0,nan,0,True,0.05291820800084679,-0.04812984413044901,3.8991961931269827,1.3858232610977583,4.137483815943453,0.8769172092425175,0.05947793780511209,0.6995098570293431,0.9085646488025231,,
pmc_gauss_k2,8,0.05,7,2000,100,true_seq,1.0,0.0005263157894736842,0,101,0.13263157894736843,0,True,0.2828244579995953,,,,,,,,,,
pmc_gauss_k2,8,0.05,7,2000,100,true_nonseq,1.0,0.0015789473684210526,1,103,nan,0,True,0.09776308399887057,,,,,,,,,,
pmc_gauss_k2,8,0.05,7,2000,100,true_raw,0.0,0.0,0,0,0.23421052631578942,0,True,0.0,,,,,,,,,,
pmc_gauss_k2,8,0.05,7,2000,100,clean,0.0,0.0,0,0,0.1289473684210526,1,True,0.10300733400072204,-0.9483637580956072,1.0233740906827542,0.9969475278109667,1.0311541479041315,0.8946290134171302,0.882774836229871,0.6016835310912785,0.6016005509515014,,
pmc_gauss_k2,8,0.05,7,2000,100,raw,0.0,0.0,0,0,0.47,1,True,0.20444912499988277,-0.04140104204208694,5.601273523508537,1.3863684712619222,5.53652900452305,0.8887038634883334,0.04941397169067744,0.687095951964496,0.9398195197325291,,
pmc_gauss_k2,8,0.05,7,2000,100,oracle,1.0,0.0,0,100,0.1305263157894737,1,True,0.1908135419998871,-0.9507293096195517,1.028498287323079,0.9948774924669259,1.0222234709167375,0.8942774270816242,0.8813507837345884,0.6017137412840441,0.6063037676477349,,
pmc_gauss_k2,8,0.05,7,2000,100,fm,0.01,0.0,0,1,0.46789473684210525,2,True,0.7128380410013051,-0.04055280556506669,5.420482299796291,1.3859896941862357,5.553634596977635,0.8865206027688419,0.05538285606455226,0.6925715929583859,0.9401854751869718,,
pmc_gauss_k2,8,0.05,7,2000,100,fm_hampel,1.0,0.0005263157894736842,0,101,0.13105263157894742,3,True,2.97893641599876,-0.9505750203638369,1.0274258503426044,0.994804907615104,1.017064380603586,0.8943307474882785,0.8810416085097554,0.6014699312016322,0.6048806173392691,0.9,0.007368421052631579
pmc_gauss_k2,8,0.05,7,2000,100,fm_warm,0.01,0.0,0,1,0.46842105263157896,2,True,0.4740966249992198,-0.04049367656182499,5.542948026474053,1.386245000043684,5.55040913734015,0.888467305091703,0.04812276767506567,0.6900028268699906,0.9415339172716913,,
pmc_gauss_k2,8,0.05,7,2000,100,dpd,0.0,0.0,0,0,nan,0,True,0.05166374999862455,-0.04140104204208694,5.601273523508537,1.3863684712619222,5.53652900452305,0.8887038634883334,0.04941397169067744,0.6969318891586146,0.9381203913766876,,
pmc_gauss_k2,0,0.0,8,2000,0,true_seq,nan,0.0005,0,1,0.10199999999999998,0,True,0.10330112500014366,,,,,,,,,,
pmc_gauss_k2,0,0.0,8,2000,0,true_nonseq,nan,0.0005,0,1,nan,0,True,0.09408862499913084,,,,,,,,,,
pmc_gauss_k2,0,0.0,8,2000,0,true_raw,nan,0.0,0,0,0.10099999999999998,0,True,0.0,,,,,,,,,,
pmc_gauss_k2,0,0.0,8,2000,0,clean,nan,0.0,0,0,0.09899999999999998,1,True,0.15132058299968776,-1.0085982358817374,1.0494798672428232,0.8930692232265464,1.0584117293664368,0.8804905341445279,0.896740268948747,0.5552988135823843,0.6250817547010504,,
pmc_gauss_k2,0,0.0,8,2000,0,raw,nan,0.0,0,0,0.09899999999999998,1,True,0.15825941699949908,-1.0085982358817374,1.0494798672428232,0.8930692232265464,1.0584117293664368,0.8804905341445279,0.896740268948747,0.5552988135823843,0.6250817547010504,,
pmc_gauss_k2,0,0.0,8,2000,0,oracle,nan,0.0,0,0,0.09899999999999998,1,True,0.15689749999910418,-1.0085982358817374,1.0494798672428232,0.8930692232265464,1.0584117293664368,0.8804905341445279,0.896740268948747,0.5552988135823843,0.6250817547010504,,
pmc_gauss_k2,0,0.0,8,2000,0,fm,nan,0.0005,0,1,0.09899999999999998,2,True,0.5997507499996573,-1.007934782235539,1.048589164027769,0.8890530125860941,1.0586811656760382,0.880404717276784,0.8970290958635307,0.5532248895277785,0.6247746031285454,,
pmc_gauss_k2,0,0.0,8,2000,0,fm_hampel,nan,0.0005,0,1,0.09899999999999998,2,True,0.674248458000875,-1.007934782235539,1.048589164027769,0.8890530125860941,1.0586811656760382,0.880404717276784,0.8970290958635307,0.5532248895277785,0.6247746031285454,nan,0.01
pmc_gauss_k2,0,0.0,8,2000,0,fm_warm,nan,0.0005,0,1,0.09899999999999998,2,True,0.42916883299949404,-1.0122025968973505,1.044933143870082,0.8872405290103192,1.0594217525672038,0.8799186676415036,0.8974044243354111,0.5523969053116428,0.6256203748791006,,
pmc_gauss_k2,0,0.0,8,2000,0,dpd,nan,0.0,0,0,nan,0,True,0.05224587500015332,-1.0085982358817374,1.0494798672428232,0.8930692232265464,1.0584117293664368,0.8804905341445279,0.896740268948747,0.5493902005474113,0.6236991123215763,,
pmc_gauss_k2,4,0.01,8,2000,20,true_seq,0.9,0.000505050505050505,0,19,0.10303030303030303,0,True,0.13342687499971362,,,,,,,,,,
pmc_gauss_k2,4,0.01,8,2000,20,true_nonseq,0.9,0.000505050505050505,0,19,nan,0,True,0.0936954999997397,,,,,,,,,,
pmc_gauss_k2,4,0.01,8,2000,20,true_raw,0.0,0.0,0,0,0.13737373737373737,0,True,0.0,,,,,,,,,,
pmc_gauss_k2,4,0.01,8,2000,20,clean,0.0,0.0,0,0,0.09999999999999998,1,True,0.15376883299904875,-1.0085982358817374,1.0494798672428232,0.8930692232265464,1.0584117293664368,0.8804905341445279,0.896740268948747,0.5552988135823843,0.6250817547010504,,
pmc_gauss_k2,4,0.01,8,2000,20,raw,0.0,0.0,0,0,0.4424242424242424,1,True,1.2011700000002747,-0.021034256297089774,0.5955488984794898,1.3816088196668836,1.7955664460316652,0.8680929873667584,0.6628327928799223,0.716140061957837,0.8128364553692773,,
pmc_gauss_k2,4,0.01,8,2000,20,oracle,1.0,0.0,0,20,0.10151515151515156,1,True,0.23905979200026195,-1.0057388841566737,1.0408920264449542,0.8905819029758193,1.0665145287489435,0.8797577628109766,0.8966850925425376,0.5549811548926575,0.628933104888458,,
pmc_gauss_k2,4,0.01,8,2000,20,fm,0.9,0.000505050505050505,0,19,0.101010101010101,4,True,2.389623417000621,-1.0012425211613167,1.043888334932964,0.888743954076485,1.0685322251091285,0.8781145592365457,0.8954772112415575,0.5535885055382836,0.6289673781445133,,
pmc_gauss_k2,4,0.01,8,2000,20,fm_hampel,0.9,0.000505050505050505,0,19,0.101010101010101,3,True,1.6078918330003944,-1.0012425211613167,1.043888334932964,0.888743954076485,1.0685322251091285,0.8781145592365457,0.8954772112415575,0.5535885055382836,0.6289673781445133,0.7,0.00909090909090909
pmc_gauss_k2,4,0.01,8,2000,20,fm_warm,0.9,0.0,0,18,0.4949494949494949,4,True,2.354030499998771,0.04325583272847032,0.21803000290930868,1.4419230388004387,1.3698749227561378,0.9035195641447713,0.7827713467244307,0.7145221445376793,0.7548664292430786,,
pmc_gauss_k2,4,0.01,8,2000,20,dpd,0.0,0.0,0,0,nan,0,True,0.054059292000602,-0.021034256297089774,0.5955488984794898,1.3816088196668836,1.7955664460316652,0.8680929873667584,0.6628327928799223,0.7131147625738459,0.8084629029432905,,
pmc_gauss_k2,6,0.01,8,2000,20,true_seq,1.0,0.000505050505050505,0,21,0.10202020202020201,0,True,0.14055529199868033,,,,,,,,,,
pmc_gauss_k2,6,0.01,8,2000,20,true_nonseq,1.0,0.000505050505050505,0,21,nan,0,True,0.09761025000079826,,,,,,,,,,
pmc_gauss_k2,6,0.01,8,2000,20,true_raw,0.0,0.0,0,0,0.13535353535353534,0,True,0.0,,,,,,,,,,
pmc_gauss_k2,6,0.01,8,2000,20,clean,0.0,0.0,0,0,0.09949494949494953,1,True,0.1551724170003581,-1.0085982358817374,1.0494798672428232,0.8930692232265464,1.0584117293664368,0.8804905341445279,0.896740268948747,0.5552988135823843,0.6250817547010504,,
pmc_gauss_k2,6,0.01,8,2000,20,raw,0.0,0.0,0,0,0.48636363636363633,1,True,0.9060187499999302,0.03964721885583356,0.7009929612240166,1.3670833474602695,2.3847196861405036,0.8929814918648386,0.605711288874818,0.7073179905435445,0.8639799268202232,,
pmc_gauss_k2,6,0.01,8,2000,20,oracle,1.0,0.0,0,20,0.09949494949494953,1,True,0.24499562500022876,-1.0055688476826008,1.0508524938516204,0.8962546523097218,1.058586627415732,0.880834643263009,0.8963877405337146,0.5564491897268498,0.624484344519966,,
pmc_gauss_k2,6,0.01,8,2000,20,fm,1.0,0.00101010101010101,0,22,0.101010101010101,3,True,1.7892217919998075,-1.0254554452780356,1.0352822408045959,0.8794095956843994,1.0593276221101924,0.8792201291588098,0.8986007314130506,0.5502274847575664,0.6231977985779729,,
pmc_gauss_k2,6,0.01,8,2000,20,fm_hampel,1.0,0.000505050505050505,0,21,0.09898989898989896,3,True,1.1985170839998318,-1.0047002335649942,1.050143217208822,0.8923060593835985,1.0588053704545015,0.8808429843527973,0.8967215707060616,0.5543427442244774,0.6241004298221807,0.85,0.009595959595959595
pmc_gauss_k2,6,0.01,8,2000,20,fm_warm,1.0,0.0,0,20,0.4651515151515152,3,True,1.9579228749989852,0.09812670713731864,0.08687207969858418,1.4501898066379955,1.3574004480612576,0.904195522057317,0.7758931870301556,0.7179578686573386,0.7510146923250194,,
pmc_gauss_k2,6,0.01,8,2000,20,dpd,0.0,0.0,0,0,nan,0,True,0.05167295799947169,0.03964721885583356,0.7009929612240166,1.3670833474602695,2.3847196861405036,0.8929814918648386,0.605711288874818,0.7054638251163421,0.8603948525349281,,
pmc_gauss_k2,8,0.01,8,2000,20,true_seq,1.0,0.000505050505050505,0,21,0.10050505050505054,0,True,0.14068687500002852,,,,,,,,,,
pmc_gauss_k2,8,0.01,8,2000,20,true_nonseq,1.0,0.000505050505050505,0,21,nan,0,True,0.09731966700019257,,,,,,,,,,
pmc_gauss_k2,8,0.01,8,2000,20,true_raw,0.0,0.0,0,0,0.12474747474747472,0,True,0.0,,,,,,,,,,
pmc_gauss_k2,8,0.01,8,2000,20,clean,0.0,0.0,0,0,0.09797979797979794,1,True,0.15185733299949788,-1.0085982358817374,1.0494798672428232,0.8930692232265464,1.0584117293664368,0.8804905341445279,0.896740268948747,0.5552988135823843,0.6250817547010504,,
pmc_gauss_k2,8,0.01,8,2000,20,raw,0.0,0.0,0,0,0.4904040404040404,1,True,0.5810855830004584,0.03934451963612372,0.939433326219206,1.3570261338205196,3.0724806881116953,0.9082106777513,0.6056367177516429,0.6968664943152466,0.8975480690311829,,
pmc_gauss_k2,8,0.01,8,2000,20,oracle,1.0,0.0,0,20,0.09848484848484851,1,True,0.24570979199961585,-1.007689374721633,1.0453411313020864,0.8961411392767908,1.0572732531317452,0.8817860265431757,0.8973979999360611,0.5564683349891766,0.6255167836289391,,
pmc_gauss_k2,8,0.01,8,2000,20,fm,1.0,0.000505050505050505,0,21,0.09848484848484851,3,True,1.4651332080011343,-1.0069865038812473,1.044556972025613,0.8921193833754628,1.0574691997644994,0.8816914756743218,0.8976638258838293,0.554396823679446,0.6252133835709496,,
pmc_gauss_k2,8,0.01,8,2000,20,fm_hampel,1.0,0.000505050505050505,0,21,0.09848484848484851,3,True,1.3790805419994285,-1.0069865038812473,1.044556972025613,0.8921193833754628,1.0574691997644994,0.8816914756743218,0.8976638258838293,0.554396823679446,0.6252133835709496,0.9,0.010101010101010102
pmc_gauss_k2,8,0.01,8,2000,20,fm_warm,1.0,0.0,0,20,0.47777777777777775,2,True,1.622783917000561,0.09718419300603638,0.07662485203051898,1.4434752109613278,1.3641510094068807,0.9039241214420313,0.7602035505068028,0.7178227841882259,0.751426098803314,,
pmc_gauss_k2,8,0.01,8,2000,20,dpd,0.0,0.0,0,0,nan,0,True,0.052198375000443775,0.03934451963612372,0.939433326219206,1.3570261338205196,3.0724806881116953,0.9082106777513,0.6056367177516429,0.6970167109414163,0.8945171808364488,,
pmc_gauss_k2,4,0.05,8,2000,100,true_seq,0.97,0.0005263157894736842,0,98,0.10842105263157897,0,True,0.28052874999957567,,,,,,,,,,
pmc_gauss_k2,4,0.05,8,2000,100,true_nonseq,0.96,0.0010526315789473684,0,98,nan,0,True,0.09800591699968209,,,,,,,,,,
pmc_gauss_k2,4,0.05,8,2000,100,true_raw,0.0,0.0,0,0,0.258421052631579,0,True,0.0,,,,,,,,,,
pmc_gauss_k2,4,0.05,8,2000,100,clean,0.0,0.0,0,0,0.09684210526315784,1,True,0.15717670900085068,-1.0085982358817374,1.0494798672428232,0.8930692232265464,1.0584117293664368,0.8804905341445279,0.896740268948747,0.5552988135823843,0.6250817547010504,,
pmc_gauss_k2,4,0.05,8,2000,100,raw,0.0,0.0,0,0,0.4731578947368421,1,True,0.28529245800018543,0.030077090881707586,2.5348964323465415,1.3900317862385623,2.905665197626395,0.8553398490491652,0.10926697222446277,0.7111352484281114,0.908078735781097,,
pmc_gauss_k2,4,0.05,8,2000,100,oracle,1.0,0.0,0,100,0.09999999999999998,1,True,0.23463291600091907,-0.9912300867468706,1.0483620069834978,0.9042510828213959,1.059904038806968,0.8795884946716109,0.8946192153195143,0.5692974857190368,0.6280394545248468,,
pmc_gauss_k2,4,0.05,8,2000,100,fm,0.01,0.0,0,1,0.4736842105263158,2,True,0.9394402919988352,0.0300401515474377,2.483897797774051,1.3905655007215065,2.9020031936013537,0.8530184716917133,0.10858349751570551,0.715028766043638,0.9093193836644833,,
pmc_gauss_k2,4,0.05,8,2000,100,fm_hampel,0.01,0.0,0,1,0.4736842105263158,5,True,4.711482458000319,0.0300401515474377,2.483897797774051,1.3905655007215065,2.9020031936013537,0.8530184716917133,0.10858349751570551,0.715028766043638,0.9093193836644833,0.62,0.007368421052631579
pmc_gauss_k2,4,0.05,8,2000,100,fm_warm,0.01,0.0,0,1,0.4736842105263158,2,True,0.5646944589989289,0.03023926062632653,2.5314982927597645,1.3903896310259116,2.9047788836028277,0.8556099813917114,0.10400913782649635,0.7128658714039142,0.9104827926420483,,
pmc_gauss_k2,4,0.05,8,2000,100,dpd,0.0,0.0,0,0,nan,0,True,0.055070207999960985,0.030077090881707586,2.5348964323465415,1.3900317862385623,2.905665197626395,0.8553398490491652,0.10926697222446277,0.7136510881927786,0.9093432242537123,,
pmc_gauss_k2,6,0.05,8,2000,100,true_seq,1.0,0.0005263157894736842,0,101,0.10894736842105268,0,True,0.2791271659989434,,,,,,,,,,
pmc_gauss_k2,6,0.05,8,2000,100,true_nonseq,1.0,0.002105263157894737,0,104,nan,0,True,0.09590312500040454,,,,,,,,,,
pmc_gauss_k2,6,0.05,8,2000,100,true_raw,0.0,0.0,0,0,0.2589473684210526,0,True,0.0,,,,,,,,,,
pmc_gauss_k2,6,0.05,8,2000,100,clean,0.0,0.0,0,0,0.09999999999999998,1,True,0.15074708400061354,-1.0085982358817374,1.0494798672428232,0.8930692232265464,1.0584117293664368,0.8804905341445279,0.896740268948747,0.5552988135823843,0.6250817547010504,,
pmc_gauss_k2,6,0.05,8,2000,100,raw,0.0,0.0,0,0,0.49,1,True,0.30155508299867506,0.0592800605415463,4.0554143193506675,1.3976270682379361,4.415818728990627,0.8761589446586934,0.05517689711771278,0.6997096685412184,0.9364740121861715,,
pmc_gauss_k2,6,0.05,8,2000,100,oracle,1.0,0.0,0,100,0.10789473684210527,1,True,0.23343995899995207,-0.995535578241808,1.0520154412799843,0.9019739233180637,1.0516846426884099,0.8795839598320973,0.8929328384467872,0.5606820136036639,0.6208218360570354,,
pmc_gauss_k2,6,0.05,8,2000,100,fm,0.0,0.0,0,0,0.49,1,True,0.4063488749998214,0.0592800605415463,4.0554143193506675,1.3976270682379361,4.415818728990627,0.8761589446586934,0.05517689711771278,0.6997096685412184,0.9364740121861715,,
pmc_gauss_k2,6,0.05,8,2000,100,fm_hampel,1.0,0.0005263157894736842,0,101,0.10526315789473684,3,True,3.270039958999405,-0.9946108070242886,1.050954524460824,0.898084811972102,1.0521067273092723,0.8794475434164137,0.8931874470890785,0.5587364160930599,0.6205265550662992,0.87,0.008947368421052631
pmc_gauss_k2,6,0.05,8,2000,100,fm_warm,0.0,0.0,0,0,0.49,1,True,0.40235424999991665,0.0592800605415463,4.0554143193506675,1.3976270682379361,4.415818728990627,0.8761589446586934,0.05517689711771278,0.6997096685412184,0.9364740121861715,,
pmc_gauss_k2,6,0.05,8,2000,100,dpd,0.0,0.0,0,0,nan,0,True,0.053156083000430954,0.0592800605415463,4.0554143193506675,1.3976270682379361,4.415818728990627,0.8761589446586934,0.05517689711771278,0.7041108342677876,0.9369790484638469,,
pmc_gauss_k2,8,0.05,8,2000,100,true_seq,1.0,0.0,0,100,0.10684210526315785,0,True,0.28211212499991234,,,,,,,,,,
pmc_gauss_k2,8,0.05,8,2000,100,true_nonseq,1.0,0.002105263157894737,0,104,nan,0,True,0.09691979099989112,,,,,,,,,,
pmc_gauss_k2,8,0.05,8,2000,100,true_raw,0.0,0.0,0,0,0.2657894736842106,0,True,0.0,,,,,,,,,,
pmc_gauss_k2,8,0.05,8,2000,100,clean,0.0,0.0,0,0,0.10052631578947369,1,True,0.15081049999935203,-1.0085982358817374,1.0494798672428232,0.8930692232265464,1.0584117293664368,0.8804905341445279,0.896740268948747,0.5552988135823843,0.6250817547010504,,
pmc_gauss_k2,8,0.05,8,2000,100,raw,0.0,0.0,0,0,0.49736842105263157,1,True,0.2256940420011233,0.07222361280444262,5.777291769178054,1.395059429819917,5.851619035306931,0.8913941391774615,0.06279265052356137,0.6918303883307554,0.96070165997104,,
pmc_gauss_k2,8,0.05,8,2000,100,oracle,1.0,0.0,0,100,0.10631578947368425,1,True,0.2320957920001092,-1.0108725573269903,1.0439487439489137,0.8992617205293623,1.0572093590859837,0.8817755528528299,0.8973496611232408,0.5535709481128945,0.6285782125787535,,
pmc_gauss_k2,8,0.05,8,2000,100,fm,0.0,0.0,0,0,0.49736842105263157,1,True,0.3280248330011091,0.07222361280444262,5.777291769178054,1.395059429819917,5.851619035306931,0.8913941391774615,0.06279265052356137,0.6918303883307554,0.96070165997104,,
pmc_gauss_k2,8,0.05,8,2000,100,fm_hampel,1.0,0.0005263157894736842,0,101,0.10631578947368425,3,True,2.159807791998901,-1.0099812070937055,1.042896717693375,0.8952644882707157,1.0576530791934429,0.8816382759366358,0.8975914655121994,0.5516432604104337,0.6283491885847831,0.95,0.006842105263157895
pmc_gauss_k2,8,0.05,8,2000,100,fm_warm,0.0,0.0,0,0,0.49736842105263157,1,True,0.3283979170009843,0.07222361280444262,5.777291769178054,1.395059429819917,5.851619035306931,0.8913941391774615,0.06279265052356137,0.6918303883307554,0.96070165997104,,
pmc_gauss_k2,8,0.05,8,2000,100,dpd,0.0,0.0,0,0,nan,0,True,0.053349292000348214,0.07222361280444262,5.777291769178054,1.395059429819917,5.851619035306931,0.8913941391774615,0.06279265052356137,0.6978720050351732,0.9615689486276979,,
pmc_gauss_k2,0,0.0,9,2000,0,true_seq,nan,0.0005,0,1,0.10399999999999998,0,True,0.10715087499920628,,,,,,,,,,
pmc_gauss_k2,0,0.0,9,2000,0,true_nonseq,nan,0.0005,0,1,nan,0,True,0.09979150000071968,,,,,,,,,,
pmc_gauss_k2,0,0.0,9,2000,0,true_raw,nan,0.0,0,0,0.10399999999999998,0,True,0.0,,,,,,,,,,
pmc_gauss_k2,0,0.0,9,2000,0,clean,nan,0.0,0,0,0.10350000000000004,1,True,0.12870112500058895,-0.995430735927144,1.0715410751508112,0.9965427854963592,1.086167989982952,0.9067758950130714,0.908197657411228,0.5866529046313586,0.6128986541660769,,
pmc_gauss_k2,0,0.0,9,2000,0,raw,nan,0.0,0,0,0.10350000000000004,1,True,0.12578937500074971,-0.995430735927144,1.0715410751508112,0.9965427854963592,1.086167989982952,0.9067758950130714,0.908197657411228,0.5866529046313586,0.6128986541660769,,
pmc_gauss_k2,0,0.0,9,2000,0,oracle,nan,0.0,0,0,0.10350000000000004,1,True,0.1286635420001403,-0.995430735927144,1.0715410751508112,0.9965427854963592,1.086167989982952,0.9067758950130714,0.908197657411228,0.5866529046313586,0.6128986541660769,,
pmc_gauss_k2,0,0.0,9,2000,0,fm,nan,0.0005,0,1,0.10399999999999998,2,True,0.5196633340001426,-0.9940190212156175,1.072025534332238,0.9931670797527621,1.0857709255981487,0.9071816650190951,0.9087125744020951,0.5846178602873647,0.6123672175976365,,
pmc_gauss_k2,0,0.0,9,2000,0,fm_hampel,nan,0.0005,0,1,0.10399999999999998,2,True,0.5493214589987474,-0.9940190212156175,1.072025534332238,0.9931670797527621,1.0857709255981487,0.9071816650190951,0.9087125744020951,0.5846178602873647,0.6123672175976365,nan,0.0065
pmc_gauss_k2,0,0.0,9,2000,0,fm_warm,nan,0.0005,0,1,0.10399999999999998,2,True,0.40636191700104973,-0.9950992355989352,1.0678044746914015,0.9939547808164828,1.0878391721958225,0.9066343647335507,0.9086484344967807,0.585703338892168,0.6146461522061537,,
pmc_gauss_k2,0,0.0,9,2000,0,dpd,nan,0.0,0,0,nan,0,True,0.053083875000083935,-0.995430735927144,1.0715410751508112,0.9965427854963592,1.086167989982952,0.9067758950130714,0.908197657411228,0.5856821607776155,0.6145884673875631,,
pmc_gauss_k2,4,0.01,9,2000,20,true_seq,1.0,0.000505050505050505,0,21,0.10505050505050506,0,True,0.13869066599909274,,,,,,,,,,
pmc_gauss_k2,4,0.01,9,2000,20,true_nonseq,1.0,0.0015151515151515152,0,23,nan,0,True,0.09740237500045623,,,,,,,,,,
pmc_gauss_k2,4,0.01,9,2000,20,true_raw,0.0,0.0,0,0,0.14090909090909087,0,True,0.0,,,,,,,,,,
pmc_gauss_k2,4,0.01,9,2000,20,clean,0.0,0.0,0,0,0.10404040404040404,1,True,0.1274657499998284,-0.995430735927144,1.0715410751508112,0.9965427854963592,1.086167989982952,0.9067758950130714,0.908197657411228,0.5866529046313586,0.6128986541660769,,
pmc_gauss_k2,4,0.01,9,2000,20,raw,0.0,0.0,0,0,0.4797979797979798,1,True,0.8228804589998617,-0.013403104745757326,0.7745154047923014,1.4396793894655315,2.1421389036381475,0.9093921621927222,0.4862837672400006,0.7168562542176574,0.8556742930657479,,
pmc_gauss_k2,4,0.01,9,2000,20,oracle,1.0,0.0,0,20,0.101010101010101,1,True,0.2006331249995128,-0.9935849813274931,1.0730431538593241,0.999575712033857,1.0796393700402362,0.9062641890996731,0.9068373224958971,0.5863959827773102,0.6159950218647374,,
pmc_gauss_k2,4,0.01,9,2000,20,fm,0.95,0.000505050505050505,0,20,0.09999999999999998,4,True,2.0854713749995426,-0.9914476964766593,1.0764635974058279,0.9963931871913636,1.0823825567164187,0.9051582237990008,0.9059534628889282,0.5844388698893775,0.616357316194373,,
pmc_gauss_k2,4,0.01,9,2000,20,fm_hampel,0.95,0.000505050505050505,0,20,0.09999999999999998,3,True,1.3657503340000403,-0.9914476964766593,1.0764635974058279,0.9963931871913636,1.0823825567164187,0.9051582237990008,0.9059534628889282,0.5844388698893775,0.616357316194373,0.75,0.005555555555555556
pmc_gauss_k2,4,0.01,9,2000,20,fm_warm,0.9,0.0,0,18,0.4580808080808081,4,True,2.3968923339998582,0.10695155222668806,-0.16421167719103322,1.494766150476659,1.361964457607902,0.9205933680650614,0.7204497588825843,0.7208211167418138,0.7466392057626707,,
pmc_gauss_k2,4,0.01,9,2000,20,dpd,0.0,0.0,0,0,nan,0,True,0.05228408299990406,-0.013403104745757326,0.7745154047923014,1.4396793894655315,2.1421389036381475,0.9093921621927222,0.4862837672400006,0.7151447780923031,0.8531739058497272,,
pmc_gauss_k2,6,0.01,9,2000,20,true_seq,1.0,0.000505050505050505,0,21,0.1070707070707071,0,True,0.13999858399984078,,,,,,,,,,
pmc_gauss_k2,6,0.01,9,2000,20,true_nonseq,1.0,0.000505050505050505,0,21,nan,0,True,0.096385625000039,,,,,,,,,,
pmc_gauss_k2,6,0.01,9,2000,20,true_raw,0.0,0.0,0,0,0.13383838383838387,0,True,0.0,,,,,,,,,,
pmc_gauss_k2,6,0.01,9,2000,20,clean,0.0,0.0,0,0,0.1045454545454545,1,True,0.12840441699881922,-0.995430735927144,1.0715410751508112,0.9965427854963592,1.086167989982952,0.9067758950130714,0.908197657411228,0.5866529046313586,0.6128986541660769,,
pmc_gauss_k2,6,0.01,9,2000,20,raw,0.0,0.0,0,0,0.4823232323232324,1,True,0.7802257499988627,-0.00593520483907152,1.0401132972538503,1.42884609416066,2.837468985199842,0.9202959224446501,0.48434152260616287,0.7070683377234808,0.8866587007249285,,
pmc_gauss_k2,6,0.01,9,2000,20,oracle,1.0,0.0,0,20,0.10757575757575755,1,True,0.19605975000013132,-0.994041514441909,1.0710750859366633,1.0011419506535308,1.08218552994946,0.906775107482534,0.9075877342444885,0.5870087182008906,0.6092644311519289,,
pmc_gauss_k2,6,0.01,9,2000,20,fm,1.0,0.000505050505050505,0,21,0.10757575757575755,4,True,2.323932208999395,-0.9924792944966869,1.071816275695479,0.9977917119666283,1.081663825847677,0.9072002168746377,0.9080898729587642,0.5849570880254951,0.6087091092814825,,
pmc_gauss_k2,6,0.01,9,2000,20,fm_hampel,1.0,0.000505050505050505,0,21,0.10757575757575755,2,True,0.6699270839999372,-0.9924792944966869,1.071816275695479,0.9977917119666283,1.081663825847677,0.9072002168746377,0.9080898729587642,0.5849570880254951,0.6087091092814825,0.95,0.006060606060606061
pmc_gauss_k2,6,0.01,9,2000,20,fm_warm,1.0,0.0,0,20,0.47171717171717176,3,True,2.032238582998616,0.08222613119239724,-0.10195799960280831,1.4875081645609984,1.3805175694570235,0.91893287329629,0.7001823006377456,0.7183849487126747,0.7531722885924409,,
pmc_gauss_k2,6,0.01,9,2000,20,dpd,0.0,0.0,0,0,nan,0,True,0.05085829199924774,-0.00593520483907152,1.0401132972538503,1.42884609416066,2.837468985199842,0.9202959224446501,0.48434152260616287,0.7071036493540257,0.8835300248203204,,
pmc_gauss_k2,8,0.01,9,2000,20,true_seq,1.0,0.000505050505050505,0,21,0.10505050505050506,0,True,0.13810787500005972,,,,,,,,,,
pmc_gauss_k2,8,0.01,9,2000,20,true_nonseq,1.0,0.00101010101010101,0,22,nan,0,True,0.09738583299986203,,,,,,,,,,
pmc_gauss_k2,8,0.01,9,2000,20,true_raw,0.0,0.0,0,0,0.14747474747474743,0,True,0.0,,,,,,,,,,
pmc_gauss_k2,8,0.01,9,2000,20,clean,0.0,0.0,0,0,0.10353535353535348,1,True,0.12724408299982315,-0.995430735927144,1.0715410751508112,0.9965427854963592,1.086167989982952,0.9067758950130714,0.908197657411228,0.5866529046313586,0.6128986541660769,,
pmc_gauss_k2,8,0.01,9,2000,20,raw,0.0,0.0,0,0,0.4818181818181818,1,True,0.4897635420002189,-0.0015274139514084746,1.2487557011017676,1.4195153302314476,3.514168729664062,0.9247527409560973,0.5050818230608272,0.703636992544934,0.9105945810302534,,
pmc_gauss_k2,8,0.01,9,2000,20,oracle,1.0,0.0,0,20,0.10656565656565653,1,True,0.19315662500048347,-0.9955488283508516,1.0675082043384674,0.9974247677557622,1.0881979918180167,0.9071777436278537,0.9091188314576608,0.5891738456052392,0.6107683859100621,,
pmc_gauss_k2,8,0.01,9,2000,20,fm,1.0,0.000505050505050505,0,21,0.10656565656565653,3,True,1.3543191659991862,-0.9940853036009125,1.067959647353192,0.9940596030221388,1.0878322609993605,0.9075691191443557,0.9096196401843639,0.5871396510247048,0.6102607322128317,,
pmc_gauss_k2,8,0.01,9,2000,20,fm_hampel,1.0,0.000505050505050505,0,21,0.10656565656565653,2,True,0.6367432499991992,-0.9940853036009125,1.067959647353192,0.9940596030221388,1.0878322609993605,0.9075691191443557,0.9096196401843639,0.5871396510247048,0.6102607322128317,1.0,0.006060606060606061
pmc_gauss_k2,8,0.01,9,2000,20,fm_warm,1.0,0.0,0,20,0.43585858585858583,3,True,2.0647954999985814,0.16108689972241474,-0.2951364485862257,1.494087400974,1.3312857575566766,0.9218456735566669,0.7716369176510748,0.7155876712063183,0.7427799208953778,,
pmc_gauss_k2,8,0.01,9,2000,20,dpd,0.0,0.0,0,0,nan,0,True,0.052931207999790786,-0.0015274139514084746,1.2487557011017676,1.4195153302314476,3.514168729664062,0.9247527409560973,0.5050818230608272,0.7044466748450284,0.9083835445432995,,
pmc_gauss_k2,4,0.05,9,2000,100,true_seq,0.93,0.0010526315789473684,1,95,0.10368421052631582,0,True,0.2771408330008853,,,,,,,,,,
pmc_gauss_k2,4,0.05,9,2000,100,true_nonseq,0.93,0.0010526315789473684,1,95,nan,0,True,0.09576512499916134,,,,,,,,,,
pmc_gauss_k2,4,0.05,9,2000,100,true_raw,0.0,0.0,0,0,0.23578947368421055,0,True,0.0,,,,,,,,,,
pmc_gauss_k2,4,0.05,9,2000,100,clean,0.0,0.0,0,0,0.10315789473684212,1,True,0.12826008299998648,-0.995430735927144,1.0715410751508112,0.9965427854963592,1.086167989982952,0.9067758950130714,0.908197657411228,0.5866529046313586,0.6128986541660769,,
pmc_gauss_k2,4,0.05,9,2000,100,raw,0.0,0.0,0,0,0.4836842105263158,1,True,0.3116666249989066,-0.0007238220877164737,3.0147387558170524,1.4456730976218297,3.0028061481699746,0.8778381909371253,0.040121262593403845,0.7135140835690631,0.9220914117998958,,
pmc_gauss_k2,4,0.05,9,2000,100,oracle,1.0,0.0,0,100,0.1015789473684211,1,True,0.2240412909995939,-0.9919515454151827,1.0864840050249864,0.9933217875302564,1.0742287647717834,0.9086836545198648,0.9077399510490082,0.5870213412754617,0.6137930124931203,,
pmc_gauss_k2,4,0.05,9,2000,100,fm,0.0,0.0,0,0,0.4836842105263158,1,True,0.41257683300136705,-0.0007238220877164737,3.0147387558170524,1.4456730976218297,3.0028061481699746,0.8778381909371253,0.040121262593403845,0.7135140835690631,0.9220914117998958,,
pmc_gauss_k2,4,0.05,9,2000,100,fm_hampel,0.0,0.0,0,0,0.4836842105263158,4,True,2.891377541998736,-0.0007238220877164737,3.0147387558170524,1.4456730976218297,3.0028061481699746,0.8778381909371253,0.040121262593403845,0.7135140835690631,0.9220914117998958,0.71,0.004210526315789474
pmc_gauss_k2,4,0.05,9,2000,100,fm_warm,0.0,0.0,0,0,0.4836842105263158,1,True,0.40452129199911724,-0.0007238220877164737,3.0147387558170524,1.4456730976218297,3.0028061481699746,0.8778381909371253,0.040121262593403845,0.7135140835690631,0.9220914117998958,,
pmc_gauss_k2,4,0.05,9,2000,100,dpd,0.0,0.0,0,0,nan,0,True,0.05431824999868695,-0.0007238220877164737,3.0147387558170524,1.4456730976218297,3.0028061481699746,0.8778381909371253,0.040121262593403845,0.7151043348210737,0.9247632447277401,,
pmc_gauss_k2,6,0.05,9,2000,100,true_seq,1.0,0.0005263157894736842,0,101,0.10947368421052628,0,True,0.27968970900110435,,,,,,,,,,
pmc_gauss_k2,6,0.05,9,2000,100,true_nonseq,1.0,0.0015789473684210526,0,103,nan,0,True,0.09326741699987906,,,,,,,,,,
pmc_gauss_k2,6,0.05,9,2000,100,true_raw,0.0,0.0,0,0,0.2952631578947369,0,True,0.0,,,,,,,,,,
pmc_gauss_k2,6,0.05,9,2000,100,clean,0.0,0.0,0,0,0.10631578947368425,1,True,0.12915574999897217,-0.995430735927144,1.0715410751508112,0.9965427854963592,1.086167989982952,0.9067758950130714,0.908197657411228,0.5866529046313586,0.6128986541660769,,
pmc_gauss_k2,6,0.05,9,2000,100,raw,0.0,0.0,0,0,0.48684210526315785,1,True,0.3856066660009674,0.021175071884333718,4.676459891981758,1.4366206131887072,4.391587727026729,0.8923785293310798,0.031149888120978707,0.7008181658335036,-0.356321961404345,,
pmc_gauss_k2,6,0.05,9,2000,100,oracle,1.0,0.0,0,100,0.11210526315789471,1,True,0.2276346670005296,-0.9845137080849675,1.0943244765134064,0.9873768199502347,1.0671210640421362,0.9102480130397398,0.9100475778132882,0.5788298302658371,0.6048484043529008,,
pmc_gauss_k2,6,0.05,9,2000,100,fm,0.0,0.0,0,0,0.48684210526315785,1,True,0.48033604199918045,0.021175071884333718,4.676459891981758,1.4366206131887072,4.391587727026729,0.8923785293310798,0.031149888120978707,0.7008181658335036,-0.356321961404345,,
pmc_gauss_k2,6,0.05,9,2000,100,fm_hampel,1.0,0.0005263157894736842,0,101,0.11421052631578943,3,True,3.534030499999062,-0.983126539635184,1.0948066796248432,0.9837426009503824,1.0666623621379752,0.9106997012323124,0.9106254644542804,0.5765084612269863,0.6042042383803592,0.92,0.004210526315789474
pmc_gauss_k2,6,0.05,9,2000,100,fm_warm,0.0,0.0,0,0,0.48684210526315785,1,True,0.4733472499992786,0.021175071884333718,4.676459891981758,1.4366206131887072,4.391587727026729,0.8923785293310798,0.031149888120978707,0.7008181658335036,-0.356321961404345,,
pmc_gauss_k2,6,0.05,9,2000,100,dpd,0.0,0.0,0,0,nan,0,True,0.050735167000311776,0.021175071884333718,4.676459891981758,1.4366206131887072,4.391587727026729,0.8923785293310798,0.031149888120978707,0.7043017922966262,-0.3333792690288091,,
pmc_gauss_k2,8,0.05,9,2000,100,true_seq,1.0,0.0005263157894736842,0,101,0.10421052631578942,0,True,0.28426774999934423,,,,,,,,,,
pmc_gauss_k2,8,0.05,9,2000,100,true_nonseq,1.0,0.0005263157894736842,0,101,nan,0,True,0.09921187500003725,,,,,,,,,,
pmc_gauss_k2,8,0.05,9,2000,100,true_raw,0.0,0.0,0,0,0.26263157894736844,0,True,0.0,,,,,,,,,,
pmc_gauss_k2,8,0.05,9,2000,100,clean,0.0,0.0,0,0,0.10631578947368425,1,True,0.12499799999932293,-0.995430735927144,1.0715410751508112,0.9965427854963592,1.086167989982952,0.9067758950130714,0.908197657411228,0.5866529046313586,0.6128986541660769,,
pmc_gauss_k2,8,0.05,9,2000,100,raw,0.0,0.0,0,0,0.4989473684210526,1,True,0.23094433400001435,0.05011423108371936,6.237802187593394,1.440554440204606,5.732900172166138,0.8960746575007892,0.0015577866734948357,0.6981858749052071,0.9162284418439848,,
pmc_gauss_k2,8,0.05,9,2000,100,oracle,1.0,0.0,0,100,0.10421052631578942,1,True,0.22216737500093586,-0.9437399454111499,1.090481608612097,1.0089003908125267,1.0858360857357698,0.9063151415100683,0.9037825448293094,0.5916802621988431,0.6167023441487941,,
pmc_gauss_k2,8,0.05,9,2000,100,fm,0.01,0.0,0,1,0.5,2,True,0.7744809579999128,0.048291156770518914,6.203273549704258,1.4385797805318374,5.7032200974321805,0.8965836458693174,0.0021240794868553512,0.6979049293272023,0.9281922418042964,,
pmc_gauss_k2,8,0.05,9,2000,100,fm_hampel,1.0,0.0005263157894736842,0,101,0.10421052631578942,3,True,3.0779846250006813,-0.9425790080237286,1.090614412409518,1.0052545383478537,1.085495770812829,0.9066876509638286,0.9043544418508271,0.589504453823587,0.6161051236025828,0.92,0.00631578947368421
pmc_gauss_k2,8,0.05,9,2000,100,fm_warm,0.01,0.0,0,1,0.5,2,True,0.503346125000462,0.048497141417548,6.206660016085505,1.4385722722207877,5.704815487137185,0.8965534113068744,0.0008557746470545114,0.69834384794845,0.9384922206807096,,
pmc_gauss_k2,8,0.05,9,2000,100,dpd,0.0,0.0,0,0,nan,0,True,0.05375037500016333,0.05011423108371936,6.237802187593394,1.440554440204606,5.732900172166138,0.8960746575007892,0.0015577866734948357,0.7045578108838472,0.9399440892020182,,
pmc_gauss_k2,0,0.0,10,2000,0,true_seq,nan,0.001,0,2,0.06699999999999995,0,True,0.10332308299985016,,,,,,,,,,
pmc_gauss_k2,0,0.0,10,2000,0,true_nonseq,nan,0.0005,0,1,nan,0,True,0.09316849999959231,,,,,,,,,,
pmc_gauss_k2,0,0.0,10,2000,0,true_raw,nan,0.0,0,0,0.0665,0,True,0.0,,,,,,,,,,
pmc_gauss_k2,0,0.0,10,2000,0,clean,nan,0.0,0,0,0.0655,1,True,0.15464737500042247,-1.0308377404693587,1.034217147673568,0.9591408258877309,0.9004279045798377,0.9049712097328922,0.9019201582959436,0.583161158604644,0.575758917060553,,
pmc_gauss_k2,0,0.0,10,2000,0,raw,nan,0.0,0,0,0.0655,1,True,0.15658887499921548,-1.0308377404693587,1.034217147673568,0.9591408258877309,0.9004279045798377,0.9049712097328922,0.9019201582959436,0.583161158604644,0.575758917060553,,
pmc_gauss_k2,0,0.0,10,2000,0,oracle,nan,0.0,0,0,0.0655,1,True,0.15576591600074607,-1.0308377404693587,1.034217147673568,0.9591408258877309,0.9004279045798377,0.9049712097328922,0.9019201582959436,0.583161158604644,0.575758917060553,,
pmc_gauss_k2,0,0.0,10,2000,0,fm,nan,0.0015,0,3,0.0665,2,True,0.6092686669999239,-1.0283728176603402,1.0327019484100997,0.9497148853147628,0.8982342006958678,0.9045682757211642,0.901842270978529,0.5793292944397601,0.5770938925512814,,
pmc_gauss_k2,0,0.0,10,2000,0,fm_hampel,nan,0.0015,0,3,0.0665,2,True,0.7091749169994728,-1.0283728176603402,1.0327019484100997,0.9497148853147628,0.8982342006958678,0.9045682757211642,0.901842270978529,0.5793292944397601,0.5770938925512814,nan,0.0065
pmc_gauss_k2,0,0.0,10,2000,0,fm_warm,nan,0.0015,0,3,0.06599999999999995,2,True,0.45049350000044797,-1.0255634493056545,1.0350383868450241,0.9511995602366508,0.8971170226115968,0.9055060805502521,0.9023203084486823,0.5822055832187364,0.5758227688926463,,
pmc_gauss_k2,0,0.0,10,2000,0,dpd,nan,0.0,0,0,nan,0,True,0.05251558300005854,-1.0308377404693587,1.034217147673568,0.9591408258877309,0.9004279045798377,0.9049712097328922,0.9019201582959436,0.5851043338580525,0.5737171378290071,,
pmc_gauss_k2,4,0.01,10,2000,20,true_seq,0.95,0.00101010101010101,0,21,0.06767676767676767,0,True,0.1433725000006234,,,,,,,,,,
pmc_gauss_k2,4,0.01,10,2000,20,true_nonseq,0.95,0.000505050505050505,0,20,nan,0,True,0.09753441700013354,,,,,,,,,,
pmc_gauss_k2,4,0.01,10,2000,20,true_raw,0.0,0.0,0,0,0.09292929292929297,0,True,0.0,,,,,,,,,,
pmc_gauss_k2,4,0.01,10,2000,20,clean,0.0,0.0,0,0,0.0661616161616162,1,True,0.16267120900010923,-1.0308377404693587,1.034217147673568,0.9591408258877309,0.9004279045798377,0.9049712097328922,0.9019201582959436,0.583161158604644,0.575758917060553,,
pmc_gauss_k2,4,0.01,10,2000,20,raw,0.0,0.0,0,0,0.46464646464646464,1,True,1.0624640839996573,-0.04839143403627808,0.36624654843678545,1.3275070738832044,1.9949424669579845,0.8769648116504912,0.5550480215964104,0.7233932818062613,0.8306664363734406,,
pmc_gauss_k2,4,0.01,10,2000,20,oracle,1.0,0.0,0,20,0.06717171717171722,1,True,0.24209254099878308,-1.0361860599675419,1.024973333890827,0.9577412438566885,0.8990283939359757,0.904652529476603,0.9024081814754739,0.5801768794778989,0.5772756234995413,,
pmc_gauss_k2,4,0.01,10,2000,20,fm,0.95,0.00202020202020202,0,23,0.06818181818181823,5,True,2.5955351249995147,-1.0320487225745836,1.0251176655275231,0.9490200269101561,0.8972881241885572,0.9041079459816553,0.9020084005826663,0.5761247147683514,0.5811032841339291,,
pmc_gauss_k2,4,0.01,10,2000,20,fm_hampel,0.95,0.00202020202020202,0,23,0.06818181818181823,4,True,1.2908378329993866,-1.0320487225745836,1.0251176655275231,0.9490200269101561,0.8972881241885572,0.9041079459816553,0.9020084005826663,0.5761247147683514,0.5811032841339291,0.75,0.0065656565656565654
pmc_gauss_k2,4,0.01,10,2000,20,fm_warm,0.9,0.00101010101010101,0,20,0.4868686868686869,5,True,2.708405542000037,0.008187451395972952,-0.04667900794919222,1.3935800645943726,1.3732570470395664,0.8949481657290722,0.7849848786010745,0.723057873582941,0.7471620732190085,,
pmc_gauss_k2,4,0.01,10,2000,20,dpd,0.0,0.0,0,0,nan,0,True,0.05212745799872209,-0.04839143403627808,0.36624654843678545,1.3275070738832044,1.9949424669579845,0.8769648116504912,0.5550480215964104,0.719606575549438,0.8281217448491099,,
pmc_gauss_k2,6,0.01,10,2000,20,true_seq,1.0,0.00101010101010101,0,22,0.06919191919191914,0,True,0.14162045899865916,,,,,,,,,,
pmc_gauss_k2,6,0.01,10,2000,20,true_nonseq,1.0,0.000505050505050505,0,21,nan,0,True,0.0954259579993959,,,,,,,,,,
pmc_gauss_k2,6,0.01,10,2000,20,true_raw,0.0,0.0,0,0,0.11464646464646466,0,True,0.0,,,,,,,,,,
pmc_gauss_k2,6,0.01,10,2000,20,clean,0.0,0.0,0,0,0.06565656565656564,1,True,0.15630308300023898,-1.0308377404693587,1.034217147673568,0.9591408258877309,0.9004279045798377,0.9049712097328922,0.9019201582959436,0.583161158604644,0.575758917060553,,
pmc_gauss_k2,6,0.01,10,2000,20,raw,0.0,0.0,0,0,0.4696969696969697,1,True,0.8594883329988079,-0.04423014082367159,0.5639904668115627,1.331204610927995,2.454291574880346,0.8961649381665457,0.5472350079162989,0.7144037979735512,0.8666772923039433,,
pmc_gauss_k2,6,0.01,10,2000,20,oracle,1.0,0.0,0,20,0.0696969696969697,1,True,0.2489609999993263,-1.0272150351306832,1.0471222694669358,0.9604844451288613,0.8984333212172895,0.9071438324666079,0.9028795830688039,0.5812547094656662,0.5727736093775615,,
pmc_gauss_k2,6,0.01,10,2000,20,fm,1.0,0.0015151515151515152,0,23,0.07070707070707072,3,True,1.6934080419996462,-1.0246906611667497,1.0455898208336576,0.9510515849603125,0.8962426318850338,0.9067439883732721,0.9027950230569449,0.5774010560988432,0.5741275012964534,,
pmc_gauss_k2,6,0.01,10,2000,20,fm_hampel,1.0,0.0025252525252525255,0,25,0.07272727272727275,3,True,0.7983399580007244,-1.0167359050402605,0.9932144836042349,0.9677805468215939,0.9357587199821061,0.9025637165867666,0.9027410214572189,0.6006750882472651,0.6119338505875562,0.85,0.006060606060606061
pmc_gauss_k2,6,0.01,10,2000,20,fm_warm,1.0,0.00101010101010101,0,22,0.4636363636363636,3,True,2.153564458998517,-0.05813256464167521,0.08158596430504286,1.4096334758575289,1.343252799121862,0.8977721635955623,0.802946940451612,0.7169812314906888,0.7511942777342807,,
pmc_gauss_k2,6,0.01,10,2000,20,dpd,0.0,0.0,0,0,nan,0,True,0.05106866700043611,-0.04423014082367159,0.5639904668115627,1.331204610927995,2.454291574880346,0.8961649381665457,0.5472350079162989,0.7120155832727085,0.8639762683897109,,
pmc_gauss_k2,8,0.01,10,2000,20,true_seq,1.0,0.00101010101010101,0,22,0.06767676767676767,0,True,0.13825070799975947,,,,,,,,,,
pmc_gauss_k2,8,0.01,10,2000,20,true_nonseq,1.0,0.00101010101010101,0,22,nan,0,True,0.09175579200018547,,,,,,,,,,
pmc_gauss_k2,8,0.01,10,2000,20,true_raw,0.0,0.0,0,0,0.09090909090909094,0,True,0.0,,,,,,,,,,
pmc_gauss_k2,8,0.01,10,2000,20,clean,0.0,0.0,0,0,0.06515151515151518,1,True,0.15185466699949757,-1.0308377404693587,1.034217147673568,0.9591408258877309,0.9004279045798377,0.9049712097328922,0.9019201582959436,0.583161158604644,0.575758917060553,,
pmc_gauss_k2,8,0.01,10,2000,20,raw,0.0,0.0,0,0,0.4792929292929293,1,True,0.4406303340001614,-0.021442867177840788,0.5858403908968572,1.3156041208237492,3.032173994266858,0.904617791115631,0.6064852252677273,0.7068534685302647,0.8934719618279836,,
pmc_gauss_k2,8,0.01,10,2000,20,oracle,1.0,0.0,0,20,0.06818181818181823,1,True,0.08232912499988743,-1.0321883287349414,0.9858106733816148,0.9777269360275649,0.9360933231314131,0.9014850705241906,0.902309069763633,0.6006388611275854,0.610684067065758,,
pmc_gauss_k2,8,0.01,10,2000,20,fm,1.0,0.0025252525252525255,0,25,0.07020202020202015,3,True,1.0232499159992585,-1.0242778193331084,0.9817005255477711,0.9669582061447783,0.9332228803446854,0.9014642509025851,0.9024218797783289,0.6022600093278463,0.6140034604864204,,
pmc_gauss_k2,8,0.01,10,2000,20,fm_hampel,1.0,0.0025252525252525255,0,25,0.07020202020202015,3,True,0.7488128330005566,-1.0242778193331084,0.9817005255477711,0.9669582061447783,0.9332228803446854,0.9014642509025851,0.9024218797783289,0.6022600093278463,0.6140034604864204,0.95,0.005050505050505051
pmc_gauss_k2,8,0.01,10,2000,20,fm_warm,1.0,0.00101010101010101,0,22,0.4868686868686869,3,True,1.7181664999989152,0.0055331800192678455,-0.05927243261497826,1.3880777394123307,1.3811134408649006,0.8929249989854761,0.7590744092136674,0.7244853717120188,0.7533982698320942,,
pmc_gauss_k2,8,0.01,10,2000,20,dpd,0.0,0.0,0,0,nan,0,True,0.05345549999947252,-0.021442867177840788,0.5858403908968572,1.3156041208237492,3.032173994266858,0.904617791115631,0.6064852252677273,0.7051067555726485,0.8910025375928735,,
pmc_gauss_k2,4,0.05,10,2000,100,true_seq,0.9,0.0015789473684210526,1,93,0.06999999999999995,0,True,0.27175666699986323,,,,,,,,,,
pmc_gauss_k2,4,0.05,10,2000,100,true_nonseq,0.9,0.002105263157894737,1,94,nan,0,True,0.09801466600038111,,,,,,,,,,
pmc_gauss_k2,4,0.05,10,2000,100,true_raw,0.0,0.0,0,0,0.2031578947368421,0,True,0.0,,,,,,,,,,
pmc_gauss_k2,4,0.05,10,2000,100,clean,0.0,0.0,0,0,0.0652631578947368,1,True,0.15386733299965272,-1.0308377404693587,1.034217147673568,0.9591408258877309,0.9004279045798377,0.9049712097328922,0.9019201582959436,0.583161158604644,0.575758917060553,,
pmc_gauss_k2,4,0.05,10,2000,100,raw,0.0,0.0,0,0,0.46631578947368424,1,True,0.3338454160002584,-0.03412970479162923,2.144879473253529,1.3522416778598456,2.924738328097278,0.8547451853417993,0.08324837555256658,0.7221802866498026,0.9128909371974321,,
pmc_gauss_k2,4,0.05,10,2000,100,oracle,1.0,0.0,0,100,0.06736842105263163,1,True,0.09951237499990384,-1.0095851092859927,0.9919686595257712,0.9786733572799101,0.9413333658292132,0.9032209634115316,0.9034328423625746,0.6020711519513916,0.6131030194113797,,
pmc_gauss_k2,4,0.05,10,2000,100,fm,0.01,0.0,0,1,0.4647368421052631,2,True,1.05938391699965,-0.03783813411416555,2.148519610702825,1.3495681032961342,2.9059130312773243,0.8550740441178782,0.08302031272998561,0.7219050519303423,0.9141542294201837,,
pmc_gauss_k2,4,0.05,10,2000,100,fm_hampel,0.01,0.0,0,1,0.4647368421052631,4,True,3.705308458000218,-0.03783813411416555,2.148519610702825,1.3495681032961342,2.9059130312773243,0.8550740441178782,0.08302031272998561,0.7219050519303423,0.9141542294201837,0.62,0.006842105263157895
pmc_gauss_k2,4,0.05,10,2000,100,fm_warm,0.01,0.0,0,1,0.4647368421052631,2,True,0.6143935000000056,-0.03687333601974096,2.1545883544150612,1.350099159209531,2.9107253458451705,0.8554443576003091,0.07942803504026338,0.7222818936239249,0.9159702913636111,,
pmc_gauss_k2,4,0.05,10,2000,100,dpd,0.0,0.0,0,0,nan,0,True,0.051896999999371474,-0.03412970479162923,2.144879473253529,1.3522416778598456,2.924738328097278,0.8547451853417993,0.08324837555256658,0.7207614898268754,0.916106511703989,,
pmc_gauss_k2,6,0.05,10,2000,100,true_seq,1.0,0.0,0,100,0.06631578947368422,0,True,0.27502129200001946,,,,,,,,,,
pmc_gauss_k2,6,0.05,10,2000,100,true_nonseq,1.0,0.0010526315789473684,2,102,nan,0,True,0.09594312499939406,,,,,,,,,,
pmc_gauss_k2,6,0.05,10,2000,100,true_raw,0.0,0.0,0,0,0.2136842105263158,0,True,0.0,,,,,,,,,,
pmc_gauss_k2,6,0.05,10,2000,100,clean,0.0,0.0,0,0,0.06578947368421051,1,True,0.15632962500058056,-1.0308377404693587,1.034217147673568,0.9591408258877309,0.9004279045798377,0.9049712097328922,0.9019201582959436,0.583161158604644,0.575758917060553,,
pmc_gauss_k2,6,0.05,10,2000,100,raw,0.0,0.0,0,0,0.4731578947368421,1,True,0.21977987499849405,-0.02526677980780543,3.4608740190822616,1.3617061817518166,4.23043918331199,0.8714137120983739,0.08180579036453636,0.7121553234173369,0.9311539657859043,,
pmc_gauss_k2,6,0.05,10,2000,100,oracle,1.0,0.0,0,100,0.06578947368421051,1,True,0.23538612499942246,-1.031403073956771,1.0277774657186431,0.9608958890523097,0.9097549885911015,0.9026229371976958,0.9010375851032457,0.5829564319388423,0.5791193885729372,,
pmc_gauss_k2,6,0.05,10,2000,100,fm,0.0,0.0,0,0,0.4731578947368421,1,True,0.3146941249997326,-0.02526677980780543,3.4608740190822616,1.3617061817518166,4.23043918331199,0.8714137120983739,0.08180579036453636,0.7121553234173369,0.9311539657859043,,
pmc_gauss_k2,6,0.05,10,2000,100,fm_hampel,1.0,0.0005263157894736842,0,101,0.06736842105263163,4,True,3.6029468750002707,-1.0319638233897739,1.0262281537789582,0.9602961801380173,0.9079690330821691,0.9026739212711826,0.9010200169649731,0.5823804462232424,0.5808914347155371,0.86,0.00631578947368421
pmc_gauss_k2,6,0.05,10,2000,100,fm_warm,0.0,0.0,0,0,0.4731578947368421,1,True,0.3297347500010801,-0.02526677980780543,3.4608740190822616,1.3617061817518166,4.23043918331199,0.8714137120983739,0.08180579036453636,0.7121553234173369,0.9311539657859043,,
pmc_gauss_k2,6,0.05,10,2000,100,dpd,0.0,0.0,0,0,nan,0,True,0.053170416000284604,-0.02526677980780543,3.4608740190822616,1.3617061817518166,4.23043918331199,0.8714137120983739,0.08180579036453636,0.7134179537096966,0.9342316064465982,,
pmc_gauss_k2,8,0.05,10,2000,100,true_seq,1.0,0.0005263157894736842,1,101,0.06736842105263163,0,True,0.28190358400024706,,,,,,,,,,
pmc_gauss_k2,8,0.05,10,2000,100,true_nonseq,1.0,0.0010526315789473684,1,102,nan,0,True,0.09730312499959837,,,,,,,,,,
pmc_gauss_k2,8,0.05,10,2000,100,true_raw,0.0,0.0,0,0,0.18842105263157893,0,True,0.0,,,,,,,,,,
pmc_gauss_k2,8,0.05,10,2000,100,clean,0.0,0.0,0,0,0.06368421052631579,1,True,0.15996970800006238,-1.0308377404693587,1.034217147673568,0.9591408258877309,0.9004279045798377,0.9049712097328922,0.9019201582959436,0.583161158604644,0.575758917060553,,
pmc_gauss_k2,8,0.05,10,2000,100,raw,0.0,0.0,0,0,0.46736842105263154,1,True,0.251111833998948,-0.030412736248807665,5.20481013780305,1.3621422981995708,5.583769444963242,0.8840094672460548,0.055241587984398696,0.7048068264666115,-0.39449540337846584,,
pmc_gauss_k2,8,0.05,10,2000,100,oracle,1.0,0.0,0,100,0.06894736842105265,1,True,0.2249748330013972,-1.0433222132447826,1.0171788148431105,0.9531356319856938,0.9059145081302827,0.9039598120693628,0.903777976244743,0.5788543428129796,0.5818447990353395,,
pmc_gauss_k2,8,0.05,10,2000,100,fm,0.0,0.0,0,0,0.46736842105263154,1,True,0.34688166700107104,-0.030412736248807665,5.20481013780305,1.3621422981995708,5.583769444963242,0.8840094672460548,0.055241587984398696,0.7048068264666115,-0.39449540337846584,,
pmc_gauss_k2,8,0.05,10,2000,100,fm_hampel,1.0,0.0015789473684210526,1,103,0.06947368421052635,4,True,4.013087125000311,-1.0415241779292512,1.0146791340023453,0.9475626840716538,0.9012144111728284,0.9036990607571612,0.9034687474136742,0.5773168658392391,0.5845082210136917,0.94,0.005263157894736842
pmc_gauss_k2,8,0.05,10,2000,100,fm_warm,0.0,0.0,0,0,0.46736842105263154,1,True,0.34156466700005694,-0.030412736248807665,5.20481013780305,1.3621422981995708,5.583769444963242,0.8840094672460548,0.055241587984398696,0.7048068264666115,-0.39449540337846584,,
pmc_gauss_k2,8,0.05,10,2000,100,dpd,0.0,0.0,0,0,nan,0,True,0.054913375000978704,-0.030412736248807665,5.20481013780305,1.3621422981995708,5.583769444963242,0.8840094672460548,0.055241587984398696,0.7086361216109313,-0.39433378260061747,,
pmc_gauss_k2,0,0.0,11,2000,0,true_seq,nan,0.0005,0,1,0.11399999999999999,0,True,0.10096262500155717,,,,,,,,,,
pmc_gauss_k2,0,0.0,11,2000,0,true_nonseq,nan,0.0005,0,1,nan,0,True,0.09643929200137791,,,,,,,,,,
pmc_gauss_k2,0,0.0,11,2000,0,true_raw,nan,0.0,0,0,0.11350000000000005,0,True,0.0,,,,,,,,,,
pmc_gauss_k2,0,0.0,11,2000,0,clean,nan,0.0,0,0,0.11950000000000005,1,True,0.1574138750002021,-0.9719066168755258,0.9510124877910473,0.9752809317427968,1.1045358653140718,0.8841438906647896,0.8774593888196791,0.5890220662667193,0.6588576149572416,,
pmc_gauss_k2,0,0.0,11,2000,0,raw,nan,0.0,0,0,0.11950000000000005,1,True,0.15415850000135833,-0.9719066168755258,0.9510124877910473,0.9752809317427968,1.1045358653140718,0.8841438906647896,0.8774593888196791,0.5890220662667193,0.6588576149572416,,
pmc_gauss_k2,0,0.0,11,2000,0,oracle,nan,0.0,0,0,0.11950000000000005,1,True,0.1549499159991683,-0.9719066168755258,0.9510124877910473,0.9752809317427968,1.1045358653140718,0.8841438906647896,0.8774593888196791,0.5890220662667193,0.6588576149572416,,
pmc_gauss_k2,0,0.0,11,2000,0,fm,nan,0.0005,0,1,0.121,2,True,0.5865547079993121,-0.9710134575158798,0.9514212617248606,0.9704962259877057,1.1038575021672608,0.8840742151774821,0.877689244772462,0.5864891225599511,0.6587553833196718,,
pmc_gauss_k2,0,0.0,11,2000,0,fm_hampel,nan,0.0005,0,1,0.121,2,True,0.679144499999893,-0.9710134575158798,0.9514212617248606,0.9704962259877057,1.1038575021672608,0.8840742151774821,0.877689244772462,0.5864891225599511,0.6587553833196718,nan,0.0135
pmc_gauss_k2,0,0.0,11,2000,0,fm_warm,nan,0.0005,0,1,0.11850000000000005,2,True,0.42432620900035545,-0.9699142931266636,0.9428366419024117,0.9730523534161999,1.109445641764429,0.882926473043834,0.877407118979869,0.5888187382961119,0.6614717771346403,,
pmc_gauss_k2,0,0.0,11,2000,0,dpd,nan,0.0,0,0,nan,0,True,0.0514530830005242,-0.9719066168755258,0.9510124877910473,0.9752809317427968,1.1045358653140718,0.8841438906647896,0.8774593888196791,0.5905257952145347,0.6586361385264626,,
pmc_gauss_k2,4,0.01,11,2000,20,true_seq,0.95,0.000505050505050505,0,20,0.11161616161616161,0,True,0.13508645900037664,,,,,,,,,,
pmc_gauss_k2,4,0.01,11,2000,20,true_nonseq,0.95,0.00101010101010101,0,21,nan,0,True,0.09499091699944984,,,,,,,,,,
pmc_gauss_k2,4,0.01,11,2000,20,true_raw,0.0,0.0,0,0,0.1202020202020202,0,True,0.0,,,,,,,,,,
pmc_gauss_k2,4,0.01,11,2000,20,clean,0.0,0.0,0,0,0.1202020202020202,1,True,0.155151292001392,-0.9719066168755258,0.9510124877910473,0.9752809317427968,1.1045358653140718,0.8841438906647896,0.8774593888196791,0.5890220662667193,0.6588576149572416,,
pmc_gauss_k2,4,0.01,11,2000,20,raw,0.0,0.0,0,0,0.44747474747474747,1,True,0.7789159590010968,-0.11172636577773365,0.45674879126990453,1.3357002718804707,1.9529145519390732,0.8836095050597969,0.6106422038072343,0.718028277401764,0.8223511212582004,,
pmc_gauss_k2,4,0.01,11,2000,20,oracle,1.0,0.0,0,20,0.11818181818181817,1,True,0.2460047080003278,-0.9693199623241211,0.9519296989168876,0.975761149696865,1.1065655558514358,0.8845919741055178,0.8773501648100771,0.588994327072058,0.6600732805496334,,
pmc_gauss_k2,4,0.01,11,2000,20,fm,0.85,0.000505050505050505,0,18,0.11969696969696975,3,True,1.7468059999991965,-0.9641323903446705,0.9611832673826264,0.9729270661188616,1.116211815219232,0.8801078966991657,0.872973058533512,0.5871009700994253,0.6632359644568407,,
pmc_gauss_k2,4,0.01,11,2000,20,fm_hampel,0.85,0.000505050505050505,0,18,0.11969696969696975,3,True,1.569894624999506,-0.9641323903446705,0.9611832673826264,0.9729270661188616,1.116211815219232,0.8801078966991657,0.872973058533512,0.5871009700994253,0.6632359644568407,0.7,0.012121212121212121
pmc_gauss_k2,4,0.01,11,2000,20,fm_warm,0.8,0.0,0,16,0.41767676767676765,4,True,2.082124583001132,-0.1563111400449991,0.23619215130711935,1.3473103023157438,1.5395376559726257,0.8893459775601272,0.7696176170980495,0.7139950364940844,0.770466508036341,,
pmc_gauss_k2,4,0.01,11,2000,20,dpd,0.0,0.0,0,0,nan,0,True,0.053108832998987054,-0.11172636577773365,0.45674879126990453,1.3357002718804707,1.9529145519390732,0.8836095050597969,0.6106422038072343,0.7163107300354039,0.8203499080212407,,
pmc_gauss_k2,6,0.01,11,2000,20,true_seq,1.0,0.0,0,20,0.11515151515151512,0,True,0.13914250000016182,,,,,,,,,,
pmc_gauss_k2,6,0.01,11,2000,20,true_nonseq,1.0,0.000505050505050505,1,21,nan,0,True,0.09564416699868161,,,,,,,,,,
pmc_gauss_k2,6,0.01,11,2000,20,true_raw,0.0,0.0,0,0,0.14646464646464652,0,True,0.0,,,,,,,,,,
pmc_gauss_k2,6,0.01,11,2000,20,clean,0.0,0.0,0,0,0.1202020202020202,1,True,0.1556728750001639,-0.9719066168755258,0.9510124877910473,0.9752809317427968,1.1045358653140718,0.8841438906647896,0.8774593888196791,0.5890220662667193,0.6588576149572416,,
pmc_gauss_k2,6,0.01,11,2000,20,raw,0.0,0.0,0,0,0.4702020202020202,1,True,0.6071713750006893,-0.08421831616295614,0.5984260003932454,1.3424333530469643,2.49946051227913,0.8936439624779206,0.5548380945786139,0.7154531526436867,0.8721295695718058,,
pmc_gauss_k2,6,0.01,11,2000,20,oracle,1.0,0.0,0,20,0.12727272727272732,1,True,0.23780208400057745,-0.9634921083320043,0.9523983768935385,0.9800908473207892,1.1045694614444486,0.8848149849170841,0.8766941102982326,0.5924057967488604,0.6596353709704926,,
pmc_gauss_k2,6,0.01,11,2000,20,fm,1.0,0.0,0,20,0.12727272727272732,3,True,1.6266740420014685,-0.9634921083320043,0.9523983768935385,0.9800908473207892,1.1045694614444486,0.8848149849170841,0.8766941102982326,0.5924057967488604,0.6596353709704926,,
pmc_gauss_k2,6,0.01,11,2000,20,fm_hampel,1.0,0.0,0,20,0.12727272727272732,2,True,0.9665860830009478,-0.9634921083320043,0.9523983768935385,0.9800908473207892,1.1045694614444486,0.8848149849170841,0.8766941102982326,0.5924057967488604,0.6596353709704926,0.85,0.011616161616161616
pmc_gauss_k2,6,0.01,11,2000,20,fm_warm,1.0,0.0,0,20,0.4015151515151515,3,True,1.9921412080002483,-0.18374472845189882,0.2591969036122254,1.3469893439997875,1.5017651876174092,0.8914610237717145,0.778434330228036,0.7163238092517749,0.7620433830844399,,
pmc_gauss_k2,6,0.01,11,2000,20,dpd,0.0,0.0,0,0,nan,0,True,0.050764957999490434,-0.08421831616295614,0.5984260003932454,1.3424333530469643,2.49946051227913,0.8936439624779206,0.5548380945786139,0.7142022737368288,0.8698007887402719,,
pmc_gauss_k2,8,0.01,11,2000,20,true_seq,1.0,0.000505050505050505,0,21,0.11363636363636365,0,True,0.13855758299905574,,,,,,,,,,
pmc_gauss_k2,8,0.01,11,2000,20,true_nonseq,1.0,0.000505050505050505,0,21,nan,0,True,0.09641724999892176,,,,,,,,,,
pmc_gauss_k2,8,0.01,11,2000,20,true_raw,0.0,0.0,0,0,0.14242424242424245,0,True,0.0,,,,,,,,,,
pmc_gauss_k2,8,0.01,11,2000,20,clean,0.0,0.0,0,0,0.11969696969696975,1,True,0.15806862499994168,-0.9719066168755258,0.9510124877910473,0.9752809317427968,1.1045358653140718,0.8841438906647896,0.8774593888196791,0.5890220662667193,0.6588576149572416,,
pmc_gauss_k2,8,0.01,11,2000,20,raw,0.0,0.0,0,0,0.47525252525252526,1,True,0.43621600000005856,-0.06354334249063767,0.7162005171420726,1.3212010434740087,3.108651298409377,0.9042968558611184,0.5599592956117712,0.708782922398175,0.8944115851729013,,
pmc_gauss_k2,8,0.01,11,2000,20,oracle,1.0,0.0,0,20,0.11868686868686873,1,True,0.23366387499845587,-0.962625966509174,0.9485886265199757,0.9794839648329849,1.1104639714195277,0.8838763736487715,0.8765519308715705,0.5950967602357393,0.6625386492045707,,
pmc_gauss_k2,8,0.01,11,2000,20,fm,1.0,0.000505050505050505,0,21,0.1202020202020202,3,True,1.303321750001487,-0.9616430802200361,0.9491370699158732,0.9746484668119109,1.1097686395070827,0.8838264154447187,0.8767804844791904,0.5925650713519588,0.6624487624478279,,
pmc_gauss_k2,8,0.01,11,2000,20,fm_hampel,1.0,0.000505050505050505,0,21,0.1202020202020202,2,True,1.1783623329993134,-0.9616430802200361,0.9491370699158732,0.9746484668119109,1.1097686395070827,0.8838264154447187,0.8767804844791904,0.5925650713519588,0.6624487624478279,0.9,0.012626262626262626
pmc_gauss_k2,8,0.01,11,2000,20,fm_warm,1.0,0.0,0,20,0.41767676767676765,2,True,1.613279541999873,-0.12636379764461014,0.12520884579675673,1.348780603851836,1.5153003795776596,0.8895017950685742,0.8016811325117681,0.7179389537219993,0.7610397303706855,,
pmc_gauss_k2,8,0.01,11,2000,20,dpd,0.0,0.0,0,0,nan,0,True,0.05080662500040489,-0.06354334249063767,0.7162005171420726,1.3212010434740087,3.108651298409377,0.9042968558611184,0.5599592956117712,0.7087142729202789,0.8923242709785119,,
pmc_gauss_k2,4,0.05,11,2000,100,true_seq,0.95,0.0005263157894736842,0,96,0.11263157894736842,0,True,0.2723476249993837,,,,,,,,,,
pmc_gauss_k2,4,0.05,11,2000,100,true_nonseq,0.95,0.0010526315789473684,0,97,nan,0,True,0.09765183399940724,,,,,,,,,,
pmc_gauss_k2,4,0.05,11,2000,100,true_raw,0.0,0.0,0,0,0.24421052631578943,0,True,0.0,,,,,,,,,,
pmc_gauss_k2,4,0.05,11,2000,100,clean,0.0,0.0,0,0,0.11789473684210527,1,True,0.156283665999581,-0.9719066168755258,0.9510124877910473,0.9752809317427968,1.1045358653140718,0.8841438906647896,0.8774593888196791,0.5890220662667193,0.6588576149572416,,
pmc_gauss_k2,4,0.05,11,2000,100,raw,0.0,0.0,0,0,0.4610526315789474,1,True,0.33327216699944984,-0.07809452853642361,2.153668142562615,1.3705279966724822,3.068981717497356,0.8543553916047787,0.14206714795435932,0.7215771561656881,0.9283170253822768,,
pmc_gauss_k2,4,0.05,11,2000,100,oracle,1.0,0.0,0,100,0.11947368421052629,1,True,0.27446379200046067,-0.9713788344507377,0.9748377257761793,0.9721704378222923,1.09432975439312,0.887255540910688,0.8772877047519824,0.5918397665110811,0.6565243256431937,,
pmc_gauss_k2,4,0.05,11,2000,100,fm,0.0,0.0,0,0,0.4610526315789474,1,True,0.4294893329988554,-0.07809452853642361,2.153668142562615,1.3705279966724822,3.068981717497356,0.8543553916047787,0.14206714795435932,0.7215771561656881,0.9283170253822768,,
pmc_gauss_k2,4,0.05,11,2000,100,fm_hampel,0.01,0.0,0,1,0.4610526315789474,5,True,4.7603048750006565,-0.07865002422836925,2.1216368726172776,1.3701704510491082,3.036481234056761,0.8549919778097378,0.14627936239565997,0.7215644070193389,0.925999816216075,0.71,0.009473684210526316
pmc_gauss_k2,4,0.05,11,2000,100,fm_warm,0.0,0.0,0,0,0.4610526315789474,1,True,0.4261694159995386,-0.07809452853642361,2.153668142562615,1.3705279966724822,3.068981717497356,0.8543553916047787,0.14206714795435932,0.7215771561656881,0.9283170253822768,,
pmc_gauss_k2,4,0.05,11,2000,100,dpd,0.0,0.0,0,0,nan,0,True,0.05022708300020895,-0.07809452853642361,2.153668142562615,1.3705279966724822,3.068981717497356,0.8543553916047787,0.14206714795435932,0.7207553518500316,0.9303049108024994,,
pmc_gauss_k2,6,0.05,11,2000,100,true_seq,1.0,0.0005263157894736842,0,101,0.12210526315789472,0,True,0.28537204200074484,,,,,,,,,,
pmc_gauss_k2,6,0.05,11,2000,100,true_nonseq,1.0,0.002105263157894737,0,104,nan,0,True,0.09578029200019955,,,,,,,,,,
pmc_gauss_k2,6,0.05,11,2000,100,true_raw,0.0,0.0,0,0,0.2310526315789474,0,True,0.0,,,,,,,,,,
pmc_gauss_k2,6,0.05,11,2000,100,clean,0.0,0.0,0,0,0.12105263157894741,1,True,0.1524003750000702,-0.9719066168755258,0.9510124877910473,0.9752809317427968,1.1045358653140718,0.8841438906647896,0.8774593888196791,0.5890220662667193,0.6588576149572416,,
pmc_gauss_k2,6,0.05,11,2000,100,raw,0.0,0.0,0,0,0.46684210526315795,1,True,0.23178087499945832,-0.07193658402890082,3.5485584512666173,1.3728246116341385,4.388752431346487,0.8726275717031442,0.12357440396589131,0.7126964435529262,0.9371427244135858,,
pmc_gauss_k2,6,0.05,11,2000,100,oracle,1.0,0.0,0,100,0.12315789473684213,1,True,0.3162468329992407,-0.9998714214724091,0.9340055861110117,0.9676265620480937,1.1063293275831008,0.8806983197670101,0.8778536798044879,0.5901302698802795,0.658188498177262,,
pmc_gauss_k2,6,0.05,11,2000,100,fm,0.0,0.0,0,0,0.46684210526315795,1,True,0.3325050420007756,-0.07193658402890082,3.5485584512666173,1.3728246116341385,4.388752431346487,0.8726275717031442,0.12357440396589131,0.7126964435529262,0.9371427244135858,,
pmc_gauss_k2,6,0.05,11,2000,100,fm_hampel,1.0,0.0005263157894736842,0,101,0.12263157894736842,3,True,2.614200707999771,-0.9989950900612015,0.9347971021966045,0.962464664723521,1.1053317948437094,0.8806793833217488,0.8781031299490041,0.587258776421866,0.6580015559368113,0.87,0.008947368421052631
pmc_gauss_k2,6,0.05,11,2000,100,fm_warm,0.0,0.0,0,0,0.46684210526315795,1,True,0.324476166999375,-0.07193658402890082,3.5485584512666173,1.3728246116341385,4.388752431346487,0.8726275717031442,0.12357440396589131,0.7126964435529262,0.9371427244135858,,
pmc_gauss_k2,6,0.05,11,2000,100,dpd,0.0,0.0,0,0,nan,0,True,0.05254279200016754,-0.07193658402890082,3.5485584512666173,1.3728246116341385,4.388752431346487,0.8726275717031442,0.12357440396589131,0.7160098907626765,0.9385467853511108,,
pmc_gauss_k2,8,0.05,11,2000,100,true_seq,1.0,0.0005263157894736842,0,101,0.11578947368421055,0,True,0.2838560410000355,,,,,,,,,,
pmc_gauss_k2,8,0.05,11,2000,100,true_nonseq,1.0,0.003157894736842105,0,106,nan,0,True,0.09600216699982411,,,,,,,,,,
pmc_gauss_k2,8,0.05,11,2000,100,true_raw,0.0,0.0,0,0,0.2757894736842105,0,True,0.0,,,,,,,,,,
pmc_gauss_k2,8,0.05,11,2000,100,clean,0.0,0.0,0,0,0.12105263157894741,1,True,0.15252616600082547,-0.9719066168755258,0.9510124877910473,0.9752809317427968,1.1045358653140718,0.8841438906647896,0.8774593888196791,0.5890220662667193,0.6588576149572416,,
pmc_gauss_k2,8,0.05,11,2000,100,raw,0.0,0.0,0,0,0.46842105263157896,1,True,0.2819056249991263,-0.060672353256741945,5.555467543107158,1.377139759086727,5.873644659068038,0.8886309353215601,0.05095367280915856,0.699405353064631,-0.6274893781511798,,
pmc_gauss_k2,8,0.05,11,2000,100,oracle,1.0,0.0,0,100,0.12,1,True,0.32089449999875796,-0.9855769021712704,0.9012352795286698,0.97505597887958,1.1188908672348479,0.879967333246596,0.8801109121388057,0.5934780375472153,0.6564831299411026,,
pmc_gauss_k2,8,0.05,11,2000,100,fm,0.0,0.0,0,0,0.46842105263157896,1,True,0.37614291600038996,-0.060672353256741945,5.555467543107158,1.377139759086727,5.873644659068038,0.8886309353215601,0.05095367280915856,0.699405353064631,-0.6274893781511798,,
pmc_gauss_k2,8,0.05,11,2000,100,fm_hampel,1.0,0.0005263157894736842,0,101,0.12210526315789472,3,True,2.8923615829990013,-0.9850457714703806,0.9021683990356113,0.9695744283463495,1.1177618673493057,0.8799353791577965,0.8803708602325595,0.590552798963394,0.6562913101535436,0.9,0.01
pmc_gauss_k2,8,0.05,11,2000,100,fm_warm,0.0,0.0,0,0,0.46842105263157896,1,True,0.3771627919995808,-0.060672353256741945,5.555467543107158,1.377139759086727,5.873644659068038,0.8886309353215601,0.05095367280915856,0.699405353064631,-0.6274893781511798,,
pmc_gauss_k2,8,0.05,11,2000,100,dpd,0.0,0.0,0,0,nan,0,True,0.05274870899847883,-0.060672353256741945,5.555467543107158,1.377139759086727,5.873644659068038,0.8886309353215601,0.05095367280915856,0.70533665551634,-0.6329333227506424,,
pmc_gauss_k2,0,0.0,12,2000,0,true_seq,nan,0.0025,0,5,0.12949999999999995,0,True,0.11409591699884913,,,,,,,,,,
pmc_gauss_k2,0,0.0,12,2000,0,true_nonseq,nan,0.0005,0,1,nan,0,True,0.10112524999931338,,,,,,,,,,
pmc_gauss_k2,0,0.0,12,2000,0,true_raw,nan,0.0,0,0,0.12849999999999995,0,True,0.0,,,,,,,,,,
pmc_gauss_k2,0,0.0,12,2000,0,clean,nan,0.0,0,0,0.125,1,True,0.049529249999977765,-0.9956316915730951,0.9640700217723941,0.9960429634116043,0.9366938064532387,0.8950160319296053,0.9066899557522351,0.5940350718182795,0.6009309404351851,,
pmc_gauss_k2,0,0.0,12,2000,0,raw,nan,0.0,0,0,0.125,1,True,0.04822224999952596,-0.9956316915730951,0.9640700217723941,0.9960429634116043,0.9366938064532387,0.8950160319296053,0.9066899557522351,0.5940350718182795,0.6009309404351851,,
pmc_gauss_k2,0,0.0,12,2000,0,oracle,nan,0.0,0,0,0.125,1,True,0.0487099580004724,-0.9956316915730951,0.9640700217723941,0.9960429634116043,0.9366938064532387,0.8950160319296053,0.9066899557522351,0.5940350718182795,0.6009309404351851,,
pmc_gauss_k2,0,0.0,12,2000,0,fm,nan,0.003,0,6,0.131,2,True,0.5586510419998376,-1.0214921873008882,0.9875682117125826,0.9628839377946314,0.8620477926386385,0.8988769170440404,0.9077238161836408,0.5767990835005756,0.5401484798289149,,
pmc_gauss_k2,0,0.0,12,2000,0,fm_hampel,nan,0.003,0,6,0.131,2,True,0.7099475830000301,-1.0214921873008882,0.9875682117125826,0.9628839377946314,0.8620477926386385,0.8988769170440404,0.9077238161836408,0.5767990835005756,0.5401484798289149,nan,0.0105
pmc_gauss_k2,0,0.0,12,2000,0,fm_warm,nan,0.003,0,6,0.13049999999999995,2,True,0.4996713330001512,-1.02503859543339,0.9832795810289215,0.9622036897943219,0.8643682809880782,0.898250524021174,0.9078770375225564,0.5767558713442947,0.5419255790809248,,
pmc_gauss_k2,0,0.0,12,2000,0,dpd,nan,0.0,0,0,nan,0,True,0.05122608300007414,-0.9956316915730951,0.9640700217723941,0.9960429634116043,0.9366938064532387,0.8950160319296053,0.9066899557522351,0.5888064776307743,0.5884169352286179,,
pmc_gauss_k2,4,0.01,12,2000,20,true_seq,1.0,0.0025252525252525255,0,25,0.12878787878787878,0,True,0.14430504200026917,,,,,,,,,,
pmc_gauss_k2,4,0.01,12,2000,20,true_nonseq,1.0,0.000505050505050505,0,21,nan,0,True,0.09288120800010802,,,,,,,,,,
pmc_gauss_k2,4,0.01,12,2000,20,true_raw,0.0,0.0,0,0,0.16262626262626267,0,True,0.0,,,,,,,,,,
pmc_gauss_k2,4,0.01,12,2000,20,clean,0.0,0.0,0,0,0.12575757575757573,1,True,0.04618808300074306,-0.9956316915730951,0.9640700217723941,0.9960429634116043,0.9366938064532387,0.8950160319296053,0.9066899557522351,0.5940350718182795,0.6009309404351851,,
pmc_gauss_k2,4,0.01,12,2000,20,raw,0.0,0.0,0,0,0.48989898989898994,1,True,0.7590242500009481,-0.0008441373737157138,0.5847775614124303,1.3306210489456383,1.9479472288348183,0.90807294431696,0.5399600187385911,0.7026814889925505,0.8092362738740474,,
pmc_gauss_k2,4,0.01,12,2000,20,oracle,1.0,0.0,0,20,0.13383838383838387,1,True,0.19691912500093167,-1.0200158669402113,0.9669286225607983,0.982745572226072,0.9276718974178108,0.8951177163221221,0.9088368192027363,0.5867459587494354,0.5724771272734654,,
pmc_gauss_k2,4,0.01,12,2000,20,fm,1.0,0.0030303030303030303,0,26,0.12929292929292935,4,True,1.952067125001122,-1.0109597120473388,0.9795428866153568,0.9764398748793583,0.8720516314115915,0.8983015947803479,0.9072141173949773,0.5836417866487262,0.5448275950784656,,
pmc_gauss_k2,4,0.01,12,2000,20,fm_hampel,1.0,0.0030303030303030303,0,26,0.12929292929292935,3,True,1.7792024169993965,-1.0109597120473388,0.9795428866153568,0.9764398748793583,0.8720516314115915,0.8983015947803479,0.9072141173949773,0.5836417866487262,0.5448275950784656,0.6,0.009595959595959595
pmc_gauss_k2,4,0.01,12,2000,20,fm_warm,0.75,0.000505050505050505,0,16,0.48737373737373735,5,True,2.0075638749985956,-0.012323587582479228,0.32238815659721537,1.3499700977025966,1.4841943126828951,0.9183631649504889,0.6568657217701988,0.7041524724315718,0.7601815846432416,,
pmc_gauss_k2,4,0.01,12,2000,20,dpd,0.0,0.0,0,0,nan,0,True,0.05299029199886718,-0.0008441373737157138,0.5847775614124303,1.3306210489456383,1.9479472288348183,0.90807294431696,0.5399600187385911,0.7031487667105152,0.8071959854939229,,
pmc_gauss_k2,6,0.01,12,2000,20,true_seq,1.0,0.0025252525252525255,0,25,0.1297979797979798,0,True,0.14799937499992666,,,,,,,,,,
pmc_gauss_k2,6,0.01,12,2000,20,true_nonseq,1.0,0.00101010101010101,1,22,nan,0,True,0.09429433299919765,,,,,,,,,,
pmc_gauss_k2,6,0.01,12,2000,20,true_raw,0.0,0.0,0,0,0.1656565656565656,0,True,0.0,,,,,,,,,,
pmc_gauss_k2,6,0.01,12,2000,20,clean,0.0,0.0,0,0,0.12525252525252528,1,True,0.045734792000075686,-0.9956316915730951,0.9640700217723941,0.9960429634116043,0.9366938064532387,0.8950160319296053,0.9066899557522351,0.5940350718182795,0.6009309404351851,,
pmc_gauss_k2,6,0.01,12,2000,20,raw,0.0,0.0,0,0,0.4818181818181818,1,True,0.5857443749991944,0.02570784175230384,0.6647526466866833,1.315489333478935,2.509207636166287,0.9150737073894092,0.5337498212011258,0.693410985974174,0.8612795196725282,,
pmc_gauss_k2,6,0.01,12,2000,20,oracle,1.0,0.0,0,20,0.1323232323232323,1,True,0.19862454200119828,-1.0224966698426403,0.9739434512875178,0.9686087573622086,0.9213956848054226,0.8945838164444488,0.908504476910589,0.5815321718798278,0.5701285035329806,,
pmc_gauss_k2,6,0.01,12,2000,20,fm,1.0,0.0030303030303030303,0,26,0.13181818181818183,4,True,1.8433222500007105,-1.0141824442443172,0.9854490240542857,0.9621155614994927,0.8662661703959986,0.8978778790989073,0.9071820920217893,0.5778000849166507,0.5421213048908925,,
pmc_gauss_k2,6,0.01,12,2000,20,fm_hampel,1.0,0.0030303030303030303,0,26,0.13181818181818183,3,True,1.1358651249993272,-1.0141824442443172,0.9854490240542857,0.9621155614994927,0.8662661703959986,0.8978778790989073,0.9071820920217893,0.5778000849166507,0.5421213048908925,0.85,0.010101010101010102
pmc_gauss_k2,6,0.01,12,2000,20,fm_warm,0.95,0.000505050505050505,0,20,0.4797979797979798,4,True,2.2486782080013654,-0.006160626096351628,0.19962615993198063,1.3443390826788084,1.4371854800013728,0.9229930320806903,0.7737837472139453,0.6992198834286406,0.7340352758635107,,
pmc_gauss_k2,6,0.01,12,2000,20,dpd,0.0,0.0,0,0,nan,0,True,0.051325207999980194,0.02570784175230384,0.6647526466866833,1.315489333478935,2.509207636166287,0.9150737073894092,0.5337498212011258,0.6943486656032593,0.8590938771723033,,
pmc_gauss_k2,8,0.01,12,2000,20,true_seq,1.0,0.0025252525252525255,0,25,0.13181818181818183,0,True,0.14811137499964389,,,,,,,,,,
pmc_gauss_k2,8,0.01,12,2000,20,true_nonseq,1.0,0.000505050505050505,0,21,nan,0,True,0.09485258300082933,,,,,,,,,,
pmc_gauss_k2,8,0.01,12,2000,20,true_raw,0.0,0.0,0,0,0.1671717171717172,0,True,0.0,,,,,,,,,,
pmc_gauss_k2,8,0.01,12,2000,20,clean,0.0,0.0,0,0,0.12575757575757573,1,True,0.04813812500105996,-0.9956316915730951,0.9640700217723941,0.9960429634116043,0.9366938064532387,0.8950160319296053,0.9066899557522351,0.5940350718182795,0.6009309404351851,,
pmc_gauss_k2,8,0.01,12,2000,20,raw,0.0,0.0,0,0,0.48737373737373735,1,True,0.2691673750014161,0.01269111308571046,1.056543320816037,1.310051264029381,3.3858410866717032,0.9289033841996284,0.5371202973226047,0.6865602198560464,0.8914153256641976,,
pmc_gauss_k2,8,0.01,12,2000,20,oracle,1.0,0.0,0,20,0.13282828282828285,1,True,0.20572449999963283,-1.0268868243931055,0.967456039373678,0.9745943079102569,0.9283375208765543,0.8934849289100073,0.907526244136545,0.5834552271112807,0.5760861534772539,,
pmc_gauss_k2,8,0.01,12,2000,20,fm,1.0,0.0030303030303030303,0,26,0.1333333333333333,4,True,1.4853340829995432,-1.0181963703957897,0.9801858876822771,0.9683090369520271,0.87224301629919,0.8967554963511445,0.9059569832483308,0.580218873718073,0.5485057960725672,,
pmc_gauss_k2,8,0.01,12,2000,20,fm_hampel,1.0,0.0030303030303030303,0,26,0.1333333333333333,2,True,0.7092578749998211,-1.0181963703957897,0.9801858876822771,0.9683090369520271,0.87224301629919,0.8967554963511445,0.9059569832483308,0.580218873718073,0.5485057960725672,0.95,0.010606060606060607
pmc_gauss_k2,8,0.01,12,2000,20,fm_warm,1.0,0.0025252525252525255,0,25,0.48888888888888893,4,True,2.2352303330008,-0.03959432792898301,0.24424735675066012,1.3556369831741861,1.349018104165821,0.9107608260891277,0.7156937925536461,0.7038938390159468,0.745750164415166,,
pmc_gauss_k2,8,0.01,12,2000,20,dpd,0.0,0.0,0,0,nan,0,True,0.051617708000776474,0.01269111308571046,1.056543320816037,1.310051264029381,3.3858410866717032,0.9289033841996284,0.5371202973226047,0.689887463478894,0.8918968544526569,,
pmc_gauss_k2,4,0.05,12,2000,100,true_seq,0.93,0.002631578947368421,0,98,0.13,0,True,0.27389695799865876,,,,,,,,,,
pmc_gauss_k2,4,0.05,12,2000,100,true_nonseq,0.93,0.0010526315789473684,0,95,nan,0,True,0.09192658299980394,,,,,,,,,,
pmc_gauss_k2,4,0.05,12,2000,100,true_raw,0.0,0.0,0,0,0.2510526315789474,0,True,0.0,,,,,,,,,,
pmc_gauss_k2,4,0.05,12,2000,100,clean,0.0,0.0,0,0,0.12526315789473685,1,True,0.048322749998988,-0.9956316915730951,0.9640700217723941,0.9960429634116043,0.9366938064532387,0.8950160319296053,0.9066899557522351,0.5940350718182795,0.6009309404351851,,
pmc_gauss_k2,4,0.05,12,2000,100,raw,0.0,0.0,0,0,0.49631578947368427,1,True,0.2835452500003157,0.008674804091277716,2.5611365458422233,1.3493065317217947,3.021195235252993,0.8716019564162175,0.06422446440027543,0.7033345168307432,0.8911668806632883,,
pmc_gauss_k2,4,0.05,12,2000,100,oracle,1.0,0.0,0,100,0.13157894736842102,1,True,0.22646612499920593,-1.01649385052659,0.9675084709646719,0.9773201187416066,0.9221446467751123,0.8964339203017827,0.9092322498752187,0.5779430166396705,0.5770558394776715,,
pmc_gauss_k2,4,0.05,12,2000,100,fm,0.0,0.0,0,0,0.49631578947368427,1,True,0.36951445799968496,0.008674804091277716,2.5611365458422233,1.3493065317217947,3.021195235252993,0.8716019564162175,0.06422446440027543,0.7033345168307432,0.8911668806632883,,
pmc_gauss_k2,4,0.05,12,2000,100,fm_hampel,0.0,0.0,0,0,0.49631578947368427,3,True,2.2389624590014137,0.008674804091277716,2.5611365458422233,1.3493065317217947,3.021195235252993,0.8716019564162175,0.06422446440027543,0.7033345168307432,0.8911668806632883,0.65,0.008421052631578947
pmc_gauss_k2,4,0.05,12,2000,100,fm_warm,0.0,0.0,0,0,0.49631578947368427,1,True,0.3773473329983972,0.008674804091277716,2.5611365458422233,1.3493065317217947,3.021195235252993,0.8716019564162175,0.06422446440027543,0.7033345168307432,0.8911668806632883,,
pmc_gauss_k2,4,0.05,12,2000,100,dpd,0.0,0.0,0,0,nan,0,True,0.05019654100033222,0.008674804091277716,2.5611365458422233,1.3493065317217947,3.021195235252993,0.8716019564162175,0.06422446440027543,0.7046656062050329,0.898123128734378,,
pmc_gauss_k2,6,0.05,12,2000,100,true_seq,1.0,0.002631578947368421,0,105,0.13210526315789473,0,True,0.2857828750002227,,,,,,,,,,
pmc_gauss_k2,6,0.05,12,2000,100,true_nonseq,1.0,0.002105263157894737,0,104,nan,0,True,0.09491854199950467,,,,,,,,,,
pmc_gauss_k2,6,0.05,12,2000,100,true_raw,0.0,0.0,0,0,0.27473684210526317,0,True,0.0,,,,,,,,,,
pmc_gauss_k2,6,0.05,12,2000,100,clean,0.0,0.0,0,0,0.12526315789473685,1,True,0.048247041000649915,-0.9956316915730951,0.9640700217723941,0.9960429634116043,0.9366938064532387,0.8950160319296053,0.9066899557522351,0.5940350718182795,0.6009309404351851,,
pmc_gauss_k2,6,0.05,12,2000,100,raw,0.0,0.0,0,0,0.4826315789473684,1,True,0.22996812500059605,0.03591482000255542,4.022628974085551,1.3527059918858741,4.266596477630098,0.8900261012433693,0.061585623500703394,0.688788791267548,0.9118093969236282,,
pmc_gauss_k2,6,0.05,12,2000,100,oracle,1.0,0.0,0,100,0.13210526315789473,1,True,0.23302670799967018,-1.0307269070971046,0.9592919518835692,0.9735838147621028,0.9261138230686607,0.8943053349734874,0.9100754935811427,0.5815066420957687,0.5736937342816376,,
pmc_gauss_k2,6,0.05,12,2000,100,fm,0.0,0.0,0,0,0.4826315789473684,1,True,0.3232951250010956,0.03591482000255542,4.022628974085551,1.3527059918858741,4.266596477630098,0.8900261012433693,0.061585623500703394,0.688788791267548,0.9118093969236282,,
pmc_gauss_k2,6,0.05,12,2000,100,fm_hampel,1.0,0.003157894736842105,0,106,0.12684210526315787,4,True,3.279519583000365,-0.9924941966956984,0.9358346018963448,0.9987757694618374,0.9060975216993659,0.8952954708460366,0.9074837275643658,0.592883064711704,0.599048619672682,0.84,0.007368421052631579
pmc_gauss_k2,6,0.05,12,2000,100,fm_warm,0.0,0.0,0,0,0.4826315789473684,1,True,0.3271084999996674,0.03591482000255542,4.022628974085551,1.3527059918858741,4.266596477630098,0.8900261012433693,0.061585623500703394,0.688788791267548,0.9118093969236282,,
pmc_gauss_k2,6,0.05,12,2000,100,dpd,0.0,0.0,0,0,nan,0,True,0.05282450000049721,0.03591482000255542,4.022628974085551,1.3527059918858741,4.266596477630098,0.8900261012433693,0.061585623500703394,0.6957681436044764,0.9174065231243042,,
pmc_gauss_k2,8,0.05,12,2000,100,true_seq,1.0,0.002631578947368421,1,105,0.13210526315789473,0,True,0.2869085839993204,,,,,,,,,,
pmc_gauss_k2,8,0.05,12,2000,100,true_nonseq,1.0,0.0010526315789473684,1,102,nan,0,True,0.09604387500075973,,,,,,,,,,
pmc_gauss_k2,8,0.05,12,2000,100,true_raw,0.0,0.0,0,0,0.24263157894736842,0,True,0.0,,,,,,,,,,
pmc_gauss_k2,8,0.05,12,2000,100,clean,0.0,0.0,0,0,0.12526315789473685,1,True,0.045284041998456814,-0.9956316915730951,0.9640700217723941,0.9960429634116043,0.9366938064532387,0.8950160319296053,0.9066899557522351,0.5940350718182795,0.6009309404351851,,
pmc_gauss_k2,8,0.05,12,2000,100,raw,0.0,0.0,0,0,0.4894736842105263,1,True,0.23365429200021026,0.03630169524140779,5.74248807912142,1.3592763715544571,5.518424228303576,0.8965943958403121,0.040812101492250424,0.6884893451647799,0.9350303582681324,,
pmc_gauss_k2,8,0.05,12,2000,100,oracle,1.0,0.0,0,100,0.13578947368421057,1,True,0.2300813339988963,-1.0107205278147273,0.9830004837672748,0.9836500506023693,0.9255288906005935,0.8942725305066314,0.9062370186642259,0.5863687979154951,0.5725531259762499,,
pmc_gauss_k2,8,0.05,12,2000,100,fm,0.0,0.0,0,0,0.4894736842105263,1,True,0.3264430409999477,0.03630169524140779,5.74248807912142,1.3592763715544571,5.518424228303576,0.8965943958403121,0.040812101492250424,0.6884893451647799,0.9350303582681324,,
pmc_gauss_k2,8,0.05,12,2000,100,fm_hampel,1.0,0.003157894736842105,1,106,0.13473684210526315,3,True,3.646612124999592,-1.0072679689458661,0.996513157846465,0.9724067565115209,0.8657373844528178,0.8982047920950853,0.9057793260004987,0.5801094581971794,0.5400704826775015,0.95,0.009473684210526316
pmc_gauss_k2,8,0.05,12,2000,100,fm_warm,0.0,0.0,0,0,0.4894736842105263,1,True,0.3279302090013516,0.03630169524140779,5.74248807912142,1.3592763715544571,5.518424228303576,0.8965943958403121,0.040812101492250424,0.6884893451647799,0.9350303582681324,,
pmc_gauss_k2,8,0.05,12,2000,100,dpd,0.0,0.0,0,0,nan,0,True,0.05338320900045801,0.03630169524140779,5.74248807912142,1.3592763715544571,5.518424228303576,0.8965943958403121,0.040812101492250424,0.6958338745531996,0.937556915706223,,
pmc_gauss_k2,0,0.0,13,2000,0,true_seq,nan,0.001,0,2,0.124,0,True,0.10508124999978463,,,,,,,,,,
pmc_gauss_k2,0,0.0,13,2000,0,true_nonseq,nan,0.0005,0,1,nan,0,True,0.09491520899973693,,,,,,,,,,
pmc_gauss_k2,0,0.0,13,2000,0,true_raw,nan,0.0,0,0,0.12350000000000005,0,True,0.0,,,,,,,,,,
pmc_gauss_k2,0,0.0,13,2000,0,clean,nan,0.0,0,0,0.12450000000000006,1,True,0.1309409580007923,-1.0055962305794655,1.0674639436334041,0.9300827659976225,0.9441077932102362,0.8836274087869495,0.8937164467659081,0.578151089680702,0.5710291845068295,,
pmc_gauss_k2,0,0.0,13,2000,0,raw,nan,0.0,0,0,0.12450000000000006,1,True,0.12840212499941117,-1.0055962305794655,1.0674639436334041,0.9300827659976225,0.9441077932102362,0.8836274087869495,0.8937164467659081,0.578151089680702,0.5710291845068295,,
pmc_gauss_k2,0,0.0,13,2000,0,oracle,nan,0.0,0,0,0.12450000000000006,1,True,0.13189991599938367,-1.0055962305794655,1.0674639436334041,0.9300827659976225,0.9441077932102362,0.8836274087869495,0.8937164467659081,0.578151089680702,0.5710291845068295,,
pmc_gauss_k2,0,0.0,13,2000,0,fm,nan,0.001,0,2,0.125,2,True,0.5766372500002035,-1.0117888588266908,1.0654308365953542,0.9125405961678035,0.9419865954795165,0.8833939020648544,0.8951177026266033,0.5681046455014357,0.5683090467291986,,
pmc_gauss_k2,0,0.0,13,2000,0,fm_hampel,nan,0.001,0,2,0.125,3,True,1.043162250000023,-1.0117888588266908,1.0654308365953542,0.9125405961678035,0.9419865954795165,0.8833939020648544,0.8951177026266033,0.5681046455014357,0.5683090467291986,nan,0.0065
pmc_gauss_k2,0,0.0,13,2000,0,fm_warm,nan,0.001,0,2,0.124,2,True,0.4232038749996718,-1.0044651929334,1.068052108238537,0.9176246522727952,0.9420433002096665,0.8839718897026002,0.8946549399195667,0.5739443643612411,0.5685576178692694,,
pmc_gauss_k2,0,0.0,13,2000,0,dpd,nan,0.0,0,0,nan,0,True,0.053575374999127234,-1.0055962305794655,1.0674639436334041,0.9300827659976225,0.9441077932102362,0.8836274087869495,0.8937164467659081,0.5759017750243454,0.5672435205939346,,
pmc_gauss_k2,4,0.01,13,2000,20,true_seq,0.95,0.00101010101010101,0,21,0.12474747474747472,0,True,0.14252433299952827,,,,,,,,,,
pmc_gauss_k2,4,0.01,13,2000,20,true_nonseq,0.95,0.000505050505050505,0,20,nan,0,True,0.0952874590002466,,,,,,,,,,
pmc_gauss_k2,4,0.01,13,2000,20,true_raw,0.0,0.0,0,0,0.15959595959595962,0,True,0.0,,,,,,,,,,
pmc_gauss_k2,4,0.01,13,2000,20,clean,0.0,0.0,0,0,0.12474747474747472,1,True,0.1317006669996772,-1.0055962305794655,1.0674639436334041,0.9300827659976225,0.9441077932102362,0.8836274087869495,0.8937164467659081,0.578151089680702,0.5710291845068295,,
pmc_gauss_k2,4,0.01,13,2000,20,raw,0.0,0.0,0,0,0.48888888888888893,1,True,1.2842535829986446,0.043754083402446554,0.5236331202427673,1.3679732137779403,1.956211799598905,0.8752080491197223,0.459035277366961,0.7160105037677129,0.8590995242337477,,
pmc_gauss_k2,4,0.01,13,2000,20,oracle,1.0,0.0,0,20,0.12323232323232325,1,True,0.1998577499998646,-1.0084034935232051,1.058847000442643,0.9325716184205145,0.9505331419103897,0.8827890097495056,0.8938182434801278,0.5803586674888863,0.5716984704985425,,
pmc_gauss_k2,4,0.01,13,2000,20,fm,0.95,0.00101010101010101,0,21,0.12525252525252528,3,True,2.077888834000987,-1.0162108499948892,1.0564346225835317,0.9142601560614855,0.951102281530658,0.8805549881074561,0.8940490907388046,0.5704254401669696,0.570223221929222,,
pmc_gauss_k2,4,0.01,13,2000,20,fm_hampel,0.95,0.00101010101010101,0,21,0.12525252525252528,3,True,1.1544378750004398,-1.0162108499948892,1.0564346225835317,0.9142601560614855,0.951102281530658,0.8805549881074561,0.8940490907388046,0.5704254401669696,0.570223221929222,0.75,0.0065656565656565654
pmc_gauss_k2,4,0.01,13,2000,20,fm_warm,0.95,0.00101010101010101,0,21,0.4833333333333333,4,True,2.394561416000215,0.06841249180961775,0.14363419754219414,1.3956330347073305,1.3833615136783681,0.8895920743411938,0.50499439811489,0.7138014561227118,0.8287339734122765,,
pmc_gauss_k2,4,0.01,13,2000,20,dpd,0.0,0.0,0,0,nan,0,True,0.05460925000079442,0.043754083402446554,0.5236331202427673,1.3679732137779403,1.956211799598905,0.8752080491197223,0.459035277366961,0.714733602467527,0.8608549107852816,,
pmc_gauss_k2,6,0.01,13,2000,20,true_seq,1.0,0.00101010101010101,0,22,0.12323232323232325,0,True,0.14482916599990858,,,,,,,,,,
pmc_gauss_k2,6,0.01,13,2000,20,true_nonseq,1.0,0.000505050505050505,0,21,nan,0,True,0.09644191700135707,,,,,,,,,,
pmc_gauss_k2,6,0.01,13,2000,20,true_raw,0.0,0.0,0,0,0.14242424242424245,0,True,0.0,,,,,,,,,,
pmc_gauss_k2,6,0.01,13,2000,20,clean,0.0,0.0,0,0,0.12323232323232325,1,True,0.1291024580004887,-1.0055962305794655,1.0674639436334041,0.9300827659976225,0.9441077932102362,0.8836274087869495,0.8937164467659081,0.578151089680702,0.5710291845068295,,
pmc_gauss_k2,6,0.01,13,2000,20,raw,0.0,0.0,0,0,0.4949494949494949,1,True,1.0550336249998509,0.061670152383035845,0.6569159848859418,1.352808873943273,2.458051447831125,0.8940102673470506,0.4749611860611367,0.7074896709343225,0.887465040765313,,
pmc_gauss_k2,6,0.01,13,2000,20,oracle,1.0,0.0,0,20,0.12424242424242427,1,True,0.20578712499991525,-1.0006952072664341,1.0672971311246313,0.9324415348013676,0.9420837266571309,0.8836386081873089,0.8938955276541266,0.5838761989963742,0.5696972576922505,,
pmc_gauss_k2,6,0.01,13,2000,20,fm,1.0,0.00101010101010101,0,22,0.12272727272727268,3,True,1.9525632920012868,-1.006221832436772,1.0655216953014672,0.9151789855930162,0.940010185942298,0.8834062413077456,0.8952094014114093,0.5742599265312444,0.5669942571256857,,
pmc_gauss_k2,6,0.01,13,2000,20,fm_hampel,1.0,0.00101010101010101,0,22,0.12272727272727268,3,True,1.204132374999972,-1.006221832436772,1.0655216953014672,0.9151789855930162,0.940010185942298,0.8834062413077456,0.8952094014114093,0.5742599265312444,0.5669942571256857,0.9,0.007070707070707071
pmc_gauss_k2,6,0.01,13,2000,20,fm_warm,1.0,0.00101010101010101,0,22,0.4666666666666667,4,True,2.861123459000737,0.1250089439706061,-0.007996256537930038,1.3903167118406945,1.3843377139900508,0.8880654922124286,0.7352284638303006,0.7054933373495207,0.773816916762193,,
pmc_gauss_k2,6,0.01,13,2000,20,dpd,0.0,0.0,0,0,nan,0,True,0.053200542000922724,0.061670152383035845,0.6569159848859418,1.352808873943273,2.458051447831125,0.8940102673470506,0.4749611860611367,0.7075135438587269,0.8873760856300451,,
pmc_gauss_k2,8,0.01,13,2000,20,true_seq,1.0,0.00101010101010101,0,22,0.12727272727272732,0,True,0.14280295800017484,,,,,,,,,,
pmc_gauss_k2,8,0.01,13,2000,20,true_nonseq,1.0,0.000505050505050505,0,21,nan,0,True,0.09710920799989253,,,,,,,,,,
pmc_gauss_k2,8,0.01,13,2000,20,true_raw,0.0,0.0,0,0,0.1707070707070707,0,True,0.0,,,,,,,,,,
pmc_gauss_k2,8,0.01,13,2000,20,clean,0.0,0.0,0,0,0.12474747474747472,1,True,0.13150750000022526,-1.0055962305794655,1.0674639436334041,0.9300827659976225,0.9441077932102362,0.8836274087869495,0.8937164467659081,0.578151089680702,0.5710291845068295,,
pmc_gauss_k2,8,0.01,13,2000,20,raw,0.0,0.0,0,0,0.49090909090909096,1,True,0.7130257079988951,0.053345932985973774,0.7799700149361655,1.3403824308486794,2.9821472197675876,0.9032748363809142,0.5808304834143141,0.6926824036387861,0.9080405623205945,,
pmc_gauss_k2,8,0.01,13,2000,20,oracle,1.0,0.0,0,20,0.1237373737373737,1,True,0.20536150000043563,-0.9980121746054393,1.0769050354981402,0.9312290239866421,0.9457504957490503,0.8836647038218866,0.8918920964750889,0.5793910609538874,0.5728867549884169,,
pmc_gauss_k2,8,0.01,13,2000,20,fm,1.0,0.00101010101010101,0,22,0.12525252525252528,3,True,1.5667564169998514,-1.0028656882501998,1.076372357806714,0.9141194969639503,0.9428477850973153,0.8836036874897674,0.8932017237442101,0.5694311958336441,0.5699540729611954,,
pmc_gauss_k2,8,0.01,13,2000,20,fm_hampel,1.0,0.00101010101010101,0,22,0.12525252525252528,3,True,1.1629991669997253,-1.0028656882501998,1.076372357806714,0.9141194969639503,0.9428477850973153,0.8836036874897674,0.8932017237442101,0.5694311958336441,0.5699540729611954,1.0,0.0065656565656565654
pmc_gauss_k2,8,0.01,13,2000,20,fm_warm,1.0,0.00101010101010101,0,22,0.4858585858585859,3,True,1.7127769999988232,0.06811994358719178,0.13564238339325876,1.3947697252752294,1.3875666812638465,0.8870030145383191,0.5185501075254708,0.7156000439106099,0.829096617751186,,
pmc_gauss_k2,8,0.01,13,2000,20,dpd,0.0,0.0,0,0,nan,0,True,0.05040924999957497,0.053345932985973774,0.7799700149361655,1.3403824308486794,2.9821472197675876,0.9032748363809142,0.5808304834143141,0.6927840052451328,0.9069502321571351,,
pmc_gauss_k2,4,0.05,13,2000,100,true_seq,0.93,0.0010526315789473684,1,95,0.12421052631578944,0,True,0.28091095899981156,,,,,,,,,,
pmc_gauss_k2,4,0.05,13,2000,100,true_nonseq,0.93,0.0010526315789473684,1,95,nan,0,True,0.09568620900063252,,,,,,,,,,
pmc_gauss_k2,4,0.05,13,2000,100,true_raw,0.0,0.0,0,0,0.22526315789473683,0,True,0.0,,,,,,,,,,
pmc_gauss_k2,4,0.05,13,2000,100,clean,0.0,0.0,0,0,0.12526315789473685,1,True,0.12729845899957581,-1.0055962305794655,1.0674639436334041,0.9300827659976225,0.9441077932102362,0.8836274087869495,0.8937164467659081,0.578151089680702,0.5710291845068295,,
pmc_gauss_k2,4,0.05,13,2000,100,raw,0.0,0.0,0,0,0.49736842105263157,1,True,0.36281616700034647,0.04907711988940751,2.4108484375512402,1.3812351664656026,2.947501945496777,0.8552198881715077,0.03415922009009475,0.7140513745204758,0.9175399128629614,,
pmc_gauss_k2,4,0.05,13,2000,100,oracle,1.0,0.0,0,100,0.12789473684210528,1,True,0.23380812499999593,-0.9875116388724312,1.0885088059609296,0.936734718820969,0.9333647042119352,0.8883069807452767,0.8935884863564021,0.5760755858369018,0.5632357263209938,,
pmc_gauss_k2,4,0.05,13,2000,100,fm,0.01,0.0,0,1,0.4989473684210526,2,True,1.0828346670004976,0.046801940355697035,2.403213932619736,1.3815272841259527,2.9160295880372296,0.8559507978703776,0.0347804031732895,0.7141461900775624,0.9158763994279331,,
pmc_gauss_k2,4,0.05,13,2000,100,fm_hampel,0.01,0.0,0,1,0.4989473684210526,3,True,2.644080665999354,0.046801940355697035,2.403213932619736,1.3815272841259527,2.9160295880372296,0.8559507978703776,0.0347804031732895,0.7141461900775624,0.9158763994279331,0.62,0.004210526315789474
pmc_gauss_k2,4,0.05,13,2000,100,fm_warm,0.01,0.0,0,1,0.498421052631579,2,True,0.629610624999259,0.04778206052410994,2.4091115297270154,1.3815481126756464,2.9222286473511083,0.8561469771284684,0.030195318754174402,0.7139084425634228,0.9194302801941886,,
pmc_gauss_k2,4,0.05,13,2000,100,dpd,0.0,0.0,0,0,nan,0,True,0.052102957999522914,0.04907711988940751,2.4108484375512402,1.3812351664656026,2.947501945496777,0.8552198881715077,0.03415922009009475,0.7149328446592373,0.9175910836878722,,
pmc_gauss_k2,6,0.05,13,2000,100,true_seq,1.0,0.0010526315789473684,0,102,0.12263157894736842,0,True,0.2911174580003717,,,,,,,,,,
pmc_gauss_k2,6,0.05,13,2000,100,true_nonseq,1.0,0.0015789473684210526,0,103,nan,0,True,0.0915249589997984,,,,,,,,,,
pmc_gauss_k2,6,0.05,13,2000,100,true_raw,0.0,0.0,0,0,0.29368421052631577,0,True,0.0,,,,,,,,,,
pmc_gauss_k2,6,0.05,13,2000,100,clean,0.0,0.0,0,0,0.12473684210526315,1,True,0.12911700000040582,-1.0055962305794655,1.0674639436334041,0.9300827659976225,0.9441077932102362,0.8836274087869495,0.8937164467659081,0.578151089680702,0.5710291845068295,,
pmc_gauss_k2,6,0.05,13,2000,100,raw,0.0,0.0,0,0,0.488421052631579,1,True,0.27365412499966624,0.07387676604794849,3.4691255911372427,1.378062044181867,4.34266280915352,0.8676888054339399,0.06934227031363617,0.7048370135942855,0.9484543632514505,,
pmc_gauss_k2,6,0.05,13,2000,100,oracle,1.0,0.0,0,100,0.12263157894736842,1,True,0.24019904199849407,-1.0133938640438314,1.0834951442199081,0.9261103639829514,0.9338532780165467,0.8819811091481458,0.8918502208530905,0.5791406759836387,0.5751257296602589,,
pmc_gauss_k2,6,0.05,13,2000,100,fm,0.0,0.0,0,0,0.488421052631579,1,True,0.3752048750011454,0.07387676604794849,3.4691255911372427,1.378062044181867,4.34266280915352,0.8676888054339399,0.06934227031363617,0.7048370135942855,0.9484543632514505,,
pmc_gauss_k2,6,0.05,13,2000,100,fm_hampel,1.0,0.0015789473684210526,0,103,0.12315789473684213,3,True,3.502013249999436,-1.0208245766148771,1.0797095185798993,0.9029108288152363,0.9317535039876358,0.8829187808883362,0.895127203640103,0.5682421268986524,0.5718903929648844,0.86,0.005263157894736842
pmc_gauss_k2,6,0.05,13,2000,100,fm_warm,0.0,0.0,0,0,0.488421052631579,1,True,0.3798525000001973,0.07387676604794849,3.4691255911372427,1.378062044181867,4.34266280915352,0.8676888054339399,0.06934227031363617,0.7048370135942855,0.9484543632514505,,
pmc_gauss_k2,6,0.05,13,2000,100,dpd,0.0,0.0,0,0,nan,0,True,0.0530552499985788,0.07387676604794849,3.4691255911372427,1.378062044181867,4.34266280915352,0.8676888054339399,0.06934227031363617,0.7106788100269346,0.9523569315515875,,
pmc_gauss_k2,8,0.05,13,2000,100,true_seq,1.0,0.0010526315789473684,0,102,0.128421052631579,0,True,0.28586545800135355,,,,,,,,,,
pmc_gauss_k2,8,0.05,13,2000,100,true_nonseq,1.0,0.0015789473684210526,0,103,nan,0,True,0.09367616599956818,,,,,,,,,,
pmc_gauss_k2,8,0.05,13,2000,100,true_raw,0.0,0.0,0,0,0.2757894736842105,0,True,0.0,,,,,,,,,,
pmc_gauss_k2,8,0.05,13,2000,100,clean,0.0,0.0,0,0,0.12473684210526315,1,True,0.13034129199877498,-1.0055962305794655,1.0674639436334041,0.9300827659976225,0.9441077932102362,0.8836274087869495,0.8937164467659081,0.578151089680702,0.5710291845068295,,
pmc_gauss_k2,8,0.05,13,2000,100,raw,0.0,0.0,0,0,0.4826315789473684,1,True,0.22580387499874632,0.06990109809209455,5.074303050151652,1.371882723688373,5.665792198907717,0.880314128216492,0.06186747725688151,0.6939894977228968,0.9557259479187837,,
pmc_gauss_k2,8,0.05,13,2000,100,oracle,1.0,0.0,0,100,0.12578947368421056,1,True,0.23569645799943828,-1.003712496955293,1.0814224120408493,0.9288743739448894,0.9357486635607619,0.8817960422897486,0.8904647017748912,0.5756204872244766,0.5783096048029919,,
pmc_gauss_k2,8,0.05,13,2000,100,fm,0.0,0.0,0,0,0.4826315789473684,1,True,0.3257279170011316,0.06990109809209455,5.074303050151652,1.371882723688373,5.665792198907717,0.880314128216492,0.06186747725688151,0.6939894977228968,0.9557259479187837,,
pmc_gauss_k2,8,0.05,13,2000,100,fm_hampel,1.0,0.0010526315789473684,0,102,0.12631578947368416,3,True,3.495571542000107,-1.0038836739476205,1.0793108402579858,0.9152267745726369,0.9356539846346553,0.8810631395746049,0.8908881397157631,0.5693080400348101,0.5779406173277651,0.92,0.006842105263157895
pmc_gauss_k2,8,0.05,13,2000,100,fm_warm,0.0,0.0,0,0,0.4826315789473684,1,True,0.323820749999868,0.06990109809209455,5.074303050151652,1.371882723688373,5.665792198907717,0.880314128216492,0.06186747725688151,0.6939894977228968,0.9557259479187837,,
pmc_gauss_k2,8,0.05,13,2000,100,dpd,0.0,0.0,0,0,nan,0,True,0.05275670900118712,0.06990109809209455,5.074303050151652,1.371882723688373,5.665792198907717,0.880314128216492,0.06186747725688151,0.7017342574604255,0.9584386243736641,,
pmc_gauss_k2,0,0.0,14,2000,0,true_seq,nan,0.002,0,4,0.13549999999999995,0,True,0.10908687499977532,,,,,,,,,,
pmc_gauss_k2,0,0.0,14,2000,0,true_nonseq,nan,0.001,0,2,nan,0,True,0.09430312500080618,,,,,,,,,,
pmc_gauss_k2,0,0.0,14,2000,0,true_raw,nan,0.0,0,0,0.13449999999999995,0,True,0.0,,,,,,,,,,
pmc_gauss_k2,0,0.0,14,2000,0,clean,nan,0.0,0,0,0.135,1,True,0.07353195799987589,-0.9178965219262228,1.0274903199420176,1.0078407271460552,1.0067559130660502,0.8831456081280046,0.9008178829881307,0.5872502564235669,0.6036323379726298,,
pmc_gauss_k2,0,0.0,14,2000,0,raw,nan,0.0,0,0,0.135,1,True,0.07419550000122399,-0.9178965219262228,1.0274903199420176,1.0078407271460552,1.0067559130660502,0.8831456081280046,0.9008178829881307,0.5872502564235669,0.6036323379726298,,
pmc_gauss_k2,0,0.0,14,2000,0,oracle,nan,0.0,0,0,0.135,1,True,0.07586224999977276,-0.9178965219262228,1.0274903199420176,1.0078407271460552,1.0067559130660502,0.8831456081280046,0.9008178829881307,0.5872502564235669,0.6036323379726298,,
pmc_gauss_k2,0,0.0,14,2000,0,fm,nan,0.0025,0,5,0.13849999999999996,2,True,0.45481574999939767,-0.91079577310533,1.0285626494844817,0.9906768347533699,0.9894297796430842,0.8835853028552801,0.9006968431736465,0.5798426300910412,0.6013008914440584,,
pmc_gauss_k2,0,0.0,14,2000,0,fm_hampel,nan,0.0025,0,5,0.13849999999999996,2,True,0.5107194169995637,-0.91079577310533,1.0285626494844817,0.9906768347533699,0.9894297796430842,0.8835853028552801,0.9006968431736465,0.5798426300910412,0.6013008914440584,nan,0.009
pmc_gauss_k2,0,0.0,14,2000,0,fm_warm,nan,0.0025,0,5,0.13749999999999996,2,True,0.37635695899916755,-0.9063900530673673,1.018217088359671,0.9965656687296492,0.9981214008717971,0.8832482621475017,0.901148851886859,0.5862032355307015,0.6062441127013964,,
pmc_gauss_k2,0,0.0,14,2000,0,dpd,nan,0.0,0,0,nan,0,True,0.05478404199857323,-0.9178965219262228,1.0274903199420176,1.0078407271460552,1.0067559130660502,0.8831456081280046,0.9008178829881307,0.5865044119493141,0.6024810894685633,,
pmc_gauss_k2,4,0.01,14,2000,20,true_seq,0.9,0.00202020202020202,0,22,0.1358585858585859,0,True,0.14510316599989892,,,,,,,,,,
pmc_gauss_k2,4,0.01,14,2000,20,true_nonseq,0.9,0.0015151515151515152,0,21,nan,0,True,0.09643433299970638,,,,,,,,,,
pmc_gauss_k2,4,0.01,14,2000,20,true_raw,0.0,0.0,0,0,0.18888888888888888,0,True,0.0,,,,,,,,,,
pmc_gauss_k2,4,0.01,14,2000,20,clean,0.0,0.0,0,0,0.13535353535353534,1,True,0.07472749999942607,-0.9178965219262228,1.0274903199420176,1.0078407271460552,1.0067559130660502,0.8831456081280046,0.9008178829881307,0.5872502564235669,0.6036323379726298,,
pmc_gauss_k2,4,0.01,14,2000,20,raw,0.0,0.0,0,0,0.4242424242424242,1,True,0.8294981660001213,0.15861490755447938,0.32620321416462644,1.3405219376001993,2.107603902795624,0.8983865015321245,0.5636013483719509,0.6995189094937339,0.8346581358775249,,
pmc_gauss_k2,4,0.01,14,2000,20,oracle,1.0,0.0,0,20,0.1358585858585859,1,True,0.11807187499834981,-0.9146292550439807,1.0234148517805743,1.0083670548637682,1.0076650045683575,0.884043652053409,0.901264361536272,0.5863082264465147,0.6020509029804271,,
pmc_gauss_k2,4,0.01,14,2000,20,fm,0.9,0.0025252525252525255,0,23,0.13888888888888884,4,True,1.9725371660006203,-0.9071969766266077,1.0276662083499888,0.9914399426859472,0.9945967290148178,0.8811939547977513,0.8988116576867247,0.5786225082265604,0.6007258132435269,,
pmc_gauss_k2,4,0.01,14,2000,20,fm_hampel,0.9,0.0025252525252525255,0,23,0.13888888888888884,3,True,1.3975969580005767,-0.9071969766266077,1.0276662083499888,0.9914399426859472,0.9945967290148178,0.8811939547977513,0.8988116576867247,0.5786225082265604,0.6007258132435269,0.75,0.00909090909090909
pmc_gauss_k2,4,0.01,14,2000,20,fm_warm,0.9,0.00202020202020202,0,22,0.4015151515151515,4,True,2.0383582090016716,0.1946365950610512,-0.08389295042364323,1.3798302336806618,1.3873911162269112,0.9166485434126174,0.7015217298220308,0.7004357141282416,0.7571063336743089,,
pmc_gauss_k2,4,0.01,14,2000,20,dpd,0.0,0.0,0,0,nan,0,True,0.0533736659999704,0.15861490755447938,0.32620321416462644,1.3405219376001993,2.107603902795624,0.8983865015321245,0.5636013483719509,0.6956662766929314,0.8316001044019176,,
pmc_gauss_k2,6,0.01,14,2000,20,true_seq,1.0,0.00202020202020202,0,24,0.13787878787878793,0,True,0.14944716699938,,,,,,,,,,
pmc_gauss_k2,6,0.01,14,2000,20,true_nonseq,1.0,0.00202020202020202,0,24,nan,0,True,0.09709208300046157,,,,,,,,,,
pmc_gauss_k2,6,0.01,14,2000,20,true_raw,0.0,0.0,0,0,0.16262626262626267,0,True,0.0,,,,,,,,,,
pmc_gauss_k2,6,0.01,14,2000,20,clean,0.0,0.0,0,0,0.13535353535353534,1,True,0.0749161660005484,-0.9178965219262228,1.0274903199420176,1.0078407271460552,1.0067559130660502,0.8831456081280046,0.9008178829881307,0.5872502564235669,0.6036323379726298,,
pmc_gauss_k2,6,0.01,14,2000,20,raw,0.0,0.0,0,0,0.4191919191919192,1,True,0.5475232500011771,0.16752214544729968,0.48048460707984886,1.3280245124872045,2.690898255888336,0.9150890140346615,0.5608806258633885,0.6943105235834367,0.8602472865791889,,
pmc_gauss_k2,6,0.01,14,2000,20,oracle,1.0,0.0,0,20,0.13686868686868692,1,True,0.11725454200131935,-0.9148295961772097,1.0314421709646253,1.0102131622736819,1.0087962623145235,0.8839919281454144,0.9007160928202866,0.5881495887366798,0.6037739520883785,,
pmc_gauss_k2,6,0.01,14,2000,20,fm,1.0,0.0025252525252525255,0,25,0.13888888888888884,3,True,1.385086999998748,-0.9063461401265678,1.0312403274063386,0.9942405859721672,0.9925834419045859,0.8848137292702021,0.9009349439366107,0.5826191044622933,0.6009939232528485,,
pmc_gauss_k2,6,0.01,14,2000,20,fm_hampel,1.0,0.0025252525252525255,0,25,0.13888888888888884,3,True,1.3319865419998678,-0.9063461401265678,1.0312403274063386,0.9942405859721672,0.9925834419045859,0.8848137292702021,0.9009349439366107,0.5826191044622933,0.6009939232528485,0.85,0.008585858585858586
pmc_gauss_k2,6,0.01,14,2000,20,fm_warm,1.0,0.00202020202020202,0,24,0.39949494949494946,3,True,1.6126063340016117,0.21491411860180762,-0.14427837482553219,1.381690512688317,1.3712397296130883,0.9176989428675228,0.7211759743789558,0.7011341203294036,0.7517025866595154,,
pmc_gauss_k2,6,0.01,14,2000,20,dpd,0.0,0.0,0,0,nan,0,True,0.04826058300022851,0.16752214544729968,0.48048460707984886,1.3280245124872045,2.690898255888336,0.9150890140346615,0.5608806258633885,0.6922527128134309,0.8564225935967476,,
pmc_gauss_k2,8,0.01,14,2000,20,true_seq,1.0,0.00202020202020202,0,24,0.13737373737373737,0,True,0.14594866600054957,,,,,,,,,,
pmc_gauss_k2,8,0.01,14,2000,20,true_nonseq,1.0,0.00101010101010101,0,22,nan,0,True,0.0977130830015085,,,,,,,,,,
pmc_gauss_k2,8,0.01,14,2000,20,true_raw,0.0,0.0,0,0,0.1444444444444445,0,True,0.0,,,,,,,,,,
pmc_gauss_k2,8,0.01,14,2000,20,clean,0.0,0.0,0,0,0.13484848484848488,1,True,0.07581866699911188,-0.9178965219262228,1.0274903199420176,1.0078407271460552,1.0067559130660502,0.8831456081280046,0.9008178829881307,0.5872502564235669,0.6036323379726298,,
pmc_gauss_k2,8,0.01,14,2000,20,raw,0.0,0.0,0,0,0.42020202020202024,1,True,0.262363916999675,0.16613053575280604,0.7067873254146689,1.322972348234537,3.344025140758357,0.9261243241227904,0.5750584232233059,0.6859170014997765,0.8819618948912307,,
pmc_gauss_k2,8,0.01,14,2000,20,oracle,1.0,0.0,0,20,0.1383838383838384,1,True,0.12011920899931283,-0.925783626566015,1.0274756277948018,1.008743705579228,1.007694749610301,0.8833985882820374,0.9016636336232517,0.5876851832313335,0.6022543292708397,,
pmc_gauss_k2,8,0.01,14,2000,20,fm,1.0,0.0025252525252525255,0,25,0.14242424242424245,3,True,0.9701154159993166,-0.9203063722455549,1.0272449965286827,0.9908138317209606,0.9906274879251715,0.8837760897668081,0.9017838800219642,0.580385156678724,0.5999001121026667,,
pmc_gauss_k2,8,0.01,14,2000,20,fm_hampel,1.0,0.0025252525252525255,0,25,0.14242424242424245,3,True,1.0463657090003835,-0.9203063722455549,1.0272449965286827,0.9908138317209606,0.9906274879251715,0.8837760897668081,0.9017838800219642,0.580385156678724,0.5999001121026667,0.95,0.007575757575757576
pmc_gauss_k2,8,0.01,14,2000,20,fm_warm,1.0,0.00202020202020202,0,24,0.406060606060606,3,True,1.2597386659999756,0.20113631759300826,-0.10201279752766108,1.3733537600988366,1.4160938155693323,0.9155362633557655,0.7017563256653593,0.7032291061419772,0.7584560903680198,,
pmc_gauss_k2,8,0.01,14,2000,20,dpd,0.0,0.0,0,0,nan,0,True,0.04980937499931315,0.16613053575280604,0.7067873254146689,1.322972348234537,3.344025140758357,0.9261243241227904,0.5750584232233059,0.6852983101925526,0.8809835925814098,,
pmc_gauss_k2,4,0.05,14,2000,100,true_seq,0.92,0.002105263157894737,0,96,0.1473684210526316,0,True,0.27752145799968275,,,,,,,,,,
pmc_gauss_k2,4,0.05,14,2000,100,true_nonseq,0.92,0.002105263157894737,0,96,nan,0,True,0.09563158299897623,,,,,,,,,,
pmc_gauss_k2,4,0.05,14,2000,100,true_raw,0.0,0.0,0,0,0.29263157894736846,0,True,0.0,,,,,,,,,,
pmc_gauss_k2,4,0.05,14,2000,100,clean,0.0,0.0,0,0,0.13578947368421057,1,True,0.07622437499958323,-0.9178965219262228,1.0274903199420176,1.0078407271460552,1.0067559130660502,0.8831456081280046,0.9008178829881307,0.5872502564235669,0.6036323379726298,,
pmc_gauss_k2,4,0.05,14,2000,100,raw,0.0,0.0,0,0,0.44947368421052636,1,True,0.3360955410007591,0.11386657110343869,2.440350324293572,1.3713787630807102,3.043009033921302,0.8645961169512614,0.08597809623423901,0.7011508377609158,0.8812044627518797,,
pmc_gauss_k2,4,0.05,14,2000,100,oracle,1.0,0.0,0,100,0.14315789473684215,1,True,0.18856470799983072,-0.9208125051686471,1.0236518474170726,1.0045676765737976,1.0135524825867868,0.8807123897418143,0.8992547720738489,0.5878277559896558,0.6081262095914277,,
pmc_gauss_k2,4,0.05,14,2000,100,fm,0.0,0.0,0,0,0.44947368421052636,1,True,0.42634587499924237,0.11386657110343869,2.440350324293572,1.3713787630807102,3.043009033921302,0.8645961169512614,0.08597809623423901,0.7011508377609158,0.8812044627518797,,
pmc_gauss_k2,4,0.05,14,2000,100,fm_hampel,0.0,0.0,0,0,0.44947368421052636,5,True,4.041911541000445,0.11386657110343869,2.440350324293572,1.3713787630807102,3.043009033921302,0.8645961169512614,0.08597809623423901,0.7011508377609158,0.8812044627518797,0.68,0.007894736842105263
pmc_gauss_k2,4,0.05,14,2000,100,fm_warm,0.0,0.0,0,0,0.44947368421052636,1,True,0.4319908329998725,0.11386657110343869,2.440350324293572,1.3713787630807102,3.043009033921302,0.8645961169512614,0.08597809623423901,0.7011508377609158,0.8812044627518797,,
pmc_gauss_k2,4,0.05,14,2000,100,dpd,0.0,0.0,0,0,nan,0,True,0.05328962499879708,0.11386657110343869,2.440350324293572,1.3713787630807102,3.043009033921302,0.8645961169512614,0.08597809623423901,0.7014810627495515,0.8784241985478222,,
pmc_gauss_k2,6,0.05,14,2000,100,true_seq,1.0,0.002105263157894737,0,104,0.13,0,True,0.28982770899892785,,,,,,,,,,
pmc_gauss_k2,6,0.05,14,2000,100,true_nonseq,1.0,0.002631578947368421,0,105,nan,0,True,0.09577645799981838,,,,,,,,,,
pmc_gauss_k2,6,0.05,14,2000,100,true_raw,0.0,0.0,0,0,0.28105263157894733,0,True,0.0,,,,,,,,,,
pmc_gauss_k2,6,0.05,14,2000,100,clean,0.0,0.0,0,0,0.13263157894736843,1,True,0.07381262499984587,-0.9178965219262228,1.0274903199420176,1.0078407271460552,1.0067559130660502,0.8831456081280046,0.9008178829881307,0.5872502564235669,0.6036323379726298,,
pmc_gauss_k2,6,0.05,14,2000,100,raw,0.0,0.0,0,0,0.43842105263157893,1,True,0.22951716699935787,0.13432755343625355,3.688358348453516,1.3593348692324594,4.408584828772283,0.8808181107373486,0.10965793910728489,0.690263706158601,0.9103711257287573,,
pmc_gauss_k2,6,0.05,14,2000,100,oracle,1.0,0.0,0,100,0.12736842105263158,1,True,0.13857020800060127,-0.9133965042829315,1.039215652573349,1.0121775898380718,0.9828397741174946,0.8838699536156065,0.9002442997816605,0.5898704261050536,0.6001269816501641,,
pmc_gauss_k2,6,0.05,14,2000,100,fm,0.0,0.0,0,0,0.43842105263157893,1,True,0.32321991700155195,0.13432755343625355,3.688358348453516,1.3593348692324594,4.408584828772283,0.8808181107373486,0.10965793910728489,0.690263706158601,0.9103711257287573,,
pmc_gauss_k2,6,0.05,14,2000,100,fm_hampel,1.0,0.002631578947368421,0,105,0.13263157894736843,4,True,4.438919334001184,-0.9025135798202418,1.046674916849214,0.9945576832912881,0.9601525704023891,0.8849465982377354,0.8997084629839718,0.5831276341768153,0.5937823769416153,0.86,0.007368421052631579
pmc_gauss_k2,6,0.05,14,2000,100,fm_warm,0.0,0.0,0,0,0.43842105263157893,1,True,0.32073541700083297,0.13432755343625355,3.688358348453516,1.3593348692324594,4.408584828772283,0.8808181107373486,0.10965793910728489,0.690263706158601,0.9103711257287573,,
pmc_gauss_k2,6,0.05,14,2000,100,dpd,0.0,0.0,0,0,nan,0,True,0.05360074999953213,0.13432755343625355,3.688358348453516,1.3593348692324594,4.408584828772283,0.8808181107373486,0.10965793910728489,0.6929474848907768,0.9079883413386707,,
pmc_gauss_k2,8,0.05,14,2000,100,true_seq,1.0,0.002105263157894737,0,104,0.15052631578947373,0,True,0.2850781669985736,,,,,,,,,,
pmc_gauss_k2,8,0.05,14,2000,100,true_nonseq,1.0,0.0015789473684210526,0,103,nan,0,True,0.09289829100089264,,,,,,,,,,
pmc_gauss_k2,8,0.05,14,2000,100,true_raw,0.0,0.0,0,0,0.2973684210526316,0,True,0.0,,,,,,,,,,
pmc_gauss_k2,8,0.05,14,2000,100,clean,0.0,0.0,0,0,0.1394736842105263,1,True,0.07585220799956005,-0.9178965219262228,1.0274903199420176,1.0078407271460552,1.0067559130660502,0.8831456081280046,0.9008178829881307,0.5872502564235669,0.6036323379726298,,
pmc_gauss_k2,8,0.05,14,2000,100,raw,0.0,0.0,0,0,0.43210526315789477,1,True,0.20156300000053307,0.13862138320945375,5.681559711781404,1.3668953895174472,5.8057300730753845,0.8968574138915267,0.07332468560982246,0.6773783945800369,0.922259489118574,,
pmc_gauss_k2,8,0.05,14,2000,100,oracle,1.0,0.0,0,100,0.14578947368421058,1,True,0.14222837499983143,-0.907209447497393,1.0349038969253401,1.0117650215736047,1.0104179703306675,0.8852760331113461,0.9020589602180653,0.5907353660795484,0.6019654169999321,,
pmc_gauss_k2,8,0.05,14,2000,100,fm,0.0,0.0,0,0,0.43210526315789477,1,True,0.2911234580005839,0.13862138320945375,5.681559711781404,1.3668953895174472,5.8057300730753845,0.8968574138915267,0.07332468560982246,0.6773783945800369,0.922259489118574,,
pmc_gauss_k2,8,0.05,14,2000,100,fm_hampel,1.0,0.002631578947368421,0,105,0.1478947368421053,3,True,3.4290537500000937,-0.8973345812571961,1.0370616295433168,0.9952043938344364,0.9920204762338675,0.8860877334835522,0.9019055317710228,0.5837601695662823,0.5997802655301168,0.94,0.008421052631578947
pmc_gauss_k2,8,0.05,14,2000,100,fm_warm,0.0,0.0,0,0,0.43210526315789477,1,True,0.29972066700065625,0.13862138320945375,5.681559711781404,1.3668953895174472,5.8057300730753845,0.8968574138915267,0.07332468560982246,0.6773783945800369,0.922259489118574,,
pmc_gauss_k2,8,0.05,14,2000,100,dpd,0.0,0.0,0,0,nan,0,True,0.05313616700004786,0.13862138320945375,5.681559711781404,1.3668953895174472,5.8057300730753845,0.8968574138915267,0.07332468560982246,0.6848523006354609,0.92283600176824,,
pmc_gauss_k2,0,0.0,15,2000,0,true_seq,nan,0.0,0,0,0.10550000000000004,0,True,0.0959768749999057,,,,,,,,,,
pmc_gauss_k2,0,0.0,15,2000,0,true_nonseq,nan,0.0,0,0,nan,0,True,0.09673095799917064,,,,,,,,,,
pmc_gauss_k2,0,0.0,15,2000,0,true_raw,nan,0.0,0,0,0.10550000000000004,0,True,0.0,,,,,,,,,,
pmc_gauss_k2,0,0.0,15,2000,0,clean,nan,0.0,0,0,0.10399999999999998,1,True,0.0993989580001653,-1.1010993074076865,1.0755938356597607,1.0425507612555678,1.0218000084747871,0.9042403246268989,0.8850694189924097,0.6119100256361206,0.610945880314555,,
pmc_gauss_k2,0,0.0,15,2000,0,raw,nan,0.0,0,0,0.10399999999999998,1,True,0.10225679199902515,-1.1010993074076865,1.0755938356597607,1.0425507612555678,1.0218000084747871,0.9042403246268989,0.8850694189924097,0.6119100256361206,0.610945880314555,,
pmc_gauss_k2,0,0.0,15,2000,0,oracle,nan,0.0,0,0,0.10399999999999998,1,True,0.09577312500005064,-1.1010993074076865,1.0755938356597607,1.0425507612555678,1.0218000084747871,0.9042403246268989,0.8850694189924097,0.6119100256361206,0.610945880314555,,
pmc_gauss_k2,0,0.0,15,2000,0,fm,nan,0.0,0,0,0.10399999999999998,1,True,0.19067795799855958,-1.1010993074076865,1.0755938356597607,1.0425507612555678,1.0218000084747871,0.9042403246268989,0.8850694189924097,0.6119100256361206,0.610945880314555,,
pmc_gauss_k2,0,0.0,15,2000,0,fm_hampel,nan,0.0,0,0,0.10399999999999998,2,True,0.4443369590007933,-1.1010993074076865,1.0755938356597607,1.0425507612555678,1.0218000084747871,0.9042403246268989,0.8850694189924097,0.6119100256361206,0.610945880314555,nan,0.009
pmc_gauss_k2,0,0.0,15,2000,0,fm_warm,nan,0.0,0,0,0.10399999999999998,1,True,0.1970244999993156,-1.1010993074076865,1.0755938356597607,1.0425507612555678,1.0218000084747871,0.9042403246268989,0.8850694189924097,0.6119100256361206,0.610945880314555,,
pmc_gauss_k2,0,0.0,15,2000,0,dpd,nan,0.0,0,0,nan,0,True,0.051829916999849956,-1.1010993074076865,1.0755938356597607,1.0425507612555678,1.0218000084747871,0.9042403246268989,0.8850694189924097,0.61296904880756,0.6145210417509893,,
pmc_gauss_k2,4,0.01,15,2000,20,true_seq,1.0,0.0,0,20,0.10555555555555551,0,True,0.13659708299928752,,,,,,,,,,
pmc_gauss_k2,4,0.01,15,2000,20,true_nonseq,1.0,0.0,0,20,nan,0,True,0.0975247499991383,,,,,,,,,,
pmc_gauss_k2,4,0.01,15,2000,20,true_raw,0.0,0.0,0,0,0.13434343434343432,0,True,0.0,,,,,,,,,,
pmc_gauss_k2,4,0.01,15,2000,20,clean,0.0,0.0,0,0,0.1045454545454545,1,True,0.10167383400039398,-1.1010993074076865,1.0755938356597607,1.0425507612555678,1.0218000084747871,0.9042403246268989,0.8850694189924097,0.6119100256361206,0.610945880314555,,
pmc_gauss_k2,4,0.01,15,2000,20,raw,0.0,0.0,0,0,0.3555555555555555,1,True,1.1886111250005342,-0.27827727920591216,0.5968194836310233,1.4623003111806823,1.799606490035755,0.8715744378268316,0.6321984802535133,0.7436838848415663,0.7876939693952115,,
pmc_gauss_k2,4,0.01,15,2000,20,oracle,1.0,0.0,0,20,0.10353535353535348,1,True,0.16207379099978425,-1.1007154314075782,1.070684509582346,1.0440149520156559,1.0231742892877378,0.903227362968238,0.8847232572325185,0.6175451947853049,0.6119204158270678,,
pmc_gauss_k2,4,0.01,15,2000,20,fm,1.0,0.0,0,20,0.10353535353535348,4,True,2.21618962499997,-1.1007154314075782,1.070684509582346,1.0440149520156559,1.0231742892877378,0.903227362968238,0.8847232572325185,0.6175451947853049,0.6119204158270678,,
pmc_gauss_k2,4,0.01,15,2000,20,fm_hampel,1.0,0.0,0,20,0.10353535353535348,3,True,0.9925515840004664,-1.1007154314075782,1.070684509582346,1.0440149520156559,1.0231742892877378,0.903227362968238,0.8847232572325185,0.6175451947853049,0.6119204158270678,0.8,0.007575757575757576
pmc_gauss_k2,4,0.01,15,2000,20,fm_warm,1.0,0.0,0,20,0.101010101010101,4,True,3.093040125000698,-1.0650911773971417,1.0850439035501895,1.064786313976769,1.0269763422167795,0.9014619552398753,0.876775533754743,0.6294639864396566,0.6196188621718047,,
pmc_gauss_k2,4,0.01,15,2000,20,dpd,0.0,0.0,0,0,nan,0,True,0.051981958000396844,-0.27827727920591216,0.5968194836310233,1.4623003111806823,1.799606490035755,0.8715744378268316,0.6321984802535133,0.7416313183439719,0.7832286684618631,,
pmc_gauss_k2,6,0.01,15,2000,20,true_seq,1.0,0.0,0,20,0.10555555555555551,0,True,0.14295812499949534,,,,,,,,,,
pmc_gauss_k2,6,0.01,15,2000,20,true_nonseq,1.0,0.0,0,20,nan,0,True,0.0953690420010389,,,,,,,,,,
pmc_gauss_k2,6,0.01,15,2000,20,true_raw,0.0,0.0,0,0,0.11969696969696975,0,True,0.0,,,,,,,,,,
pmc_gauss_k2,6,0.01,15,2000,20,clean,0.0,0.0,0,0,0.10404040404040404,1,True,0.09969512499992561,-1.1010993074076865,1.0755938356597607,1.0425507612555678,1.0218000084747871,0.9042403246268989,0.8850694189924097,0.6119100256361206,0.610945880314555,,
pmc_gauss_k2,6,0.01,15,2000,20,raw,0.0,0.0,0,0,0.37676767676767675,1,True,0.6240030829994794,-0.23585541827205225,0.7472109681722947,1.4403627814227,2.4189579549843288,0.8889936714040038,0.6012063928690612,0.7339537512926513,0.8392274386175043,,
pmc_gauss_k2,6,0.01,15,2000,20,oracle,1.0,0.0,0,20,0.1045454545454545,1,True,0.16235854099977587,-1.1080504412877445,1.0703392973593813,1.0419443809943905,1.0150822397339236,0.9035542773277957,0.8856804375014514,0.6115706813372929,0.6094150356621175,,
pmc_gauss_k2,6,0.01,15,2000,20,fm,1.0,0.0,0,20,0.1045454545454545,3,True,1.3792868750006164,-1.1080504412877445,1.0703392973593813,1.0419443809943905,1.0150822397339236,0.9035542773277957,0.8856804375014514,0.6115706813372929,0.6094150356621175,,
pmc_gauss_k2,6,0.01,15,2000,20,fm_hampel,1.0,0.0,0,20,0.1045454545454545,2,True,0.6381432920006773,-1.1080504412877445,1.0703392973593813,1.0419443809943905,1.0150822397339236,0.9035542773277957,0.8856804375014514,0.6115706813372929,0.6094150356621175,0.95,0.00909090909090909
pmc_gauss_k2,6,0.01,15,2000,20,fm_warm,1.0,0.0,0,20,0.10252525252525257,3,True,2.4016170000013517,-1.065991053554845,1.0990897913838222,1.0636499161843078,1.010439224660652,0.9040869650961528,0.8783692845407199,0.6239540634058764,0.6107607169379166,,
pmc_gauss_k2,6,0.01,15,2000,20,dpd,0.0,0.0,0,0,nan,0,True,0.054246458001216524,-0.23585541827205225,0.7472109681722947,1.4403627814227,2.4189579549843288,0.8889936714040038,0.6012063928690612,0.7318423383393893,0.8342712280014167,,
pmc_gauss_k2,8,0.01,15,2000,20,true_seq,1.0,0.0,0,20,0.10555555555555551,0,True,0.1389332500002638,,,,,,,,,,
pmc_gauss_k2,8,0.01,15,2000,20,true_nonseq,1.0,0.0,0,20,nan,0,True,0.09505725000053644,,,,,,,,,,
pmc_gauss_k2,8,0.01,15,2000,20,true_raw,0.0,0.0,0,0,0.1202020202020202,0,True,0.0,,,,,,,,,,
pmc_gauss_k2,8,0.01,15,2000,20,clean,0.0,0.0,0,0,0.1045454545454545,1,True,0.09906849999970291,-1.1010993074076865,1.0755938356597607,1.0425507612555678,1.0218000084747871,0.9042403246268989,0.8850694189924097,0.6119100256361206,0.610945880314555,,
pmc_gauss_k2,8,0.01,15,2000,20,raw,0.0,0.0,0,0,0.3843434343434343,1,True,0.2447639589991013,-0.23169006434378753,0.8371589089854425,1.4181265330350343,2.944402993603182,0.8983690377417981,0.6487095283339674,0.7272396390771055,0.8643220225334723,,
pmc_gauss_k2,8,0.01,15,2000,20,oracle,1.0,0.0,0,20,0.10505050505050506,1,True,0.16206616699855658,-1.1024340197600293,1.0691566078892123,1.0466002970024904,1.0208140756217534,0.9030790738149838,0.8839832587359795,0.6180237560670107,0.6094277098745609,,
pmc_gauss_k2,8,0.01,15,2000,20,fm,1.0,0.0,0,20,0.10505050505050506,2,True,0.6647681249996822,-1.1024340197600293,1.0691566078892123,1.0466002970024904,1.0208140756217534,0.9030790738149838,0.8839832587359795,0.6180237560670107,0.6094277098745609,,
pmc_gauss_k2,8,0.01,15,2000,20,fm_hampel,1.0,0.0,0,20,0.10505050505050506,2,True,0.6782274580000376,-1.1024340197600293,1.0691566078892123,1.0466002970024904,1.0208140756217534,0.9030790738149838,0.8839832587359795,0.6180237560670107,0.6094277098745609,0.95,0.008585858585858586
pmc_gauss_k2,8,0.01,15,2000,20,fm_warm,1.0,0.0,0,20,0.41666666666666663,2,True,1.375435333000496,-0.2051106280769908,0.04128707309828457,1.5191796292206692,1.4453589448520892,0.8899361724402947,0.8143630148529785,0.7422112748956586,0.738463796671177,,
pmc_gauss_k2,8,0.01,15,2000,20,dpd,0.0,0.0,0,0,nan,0,True,0.05040775000088615,-0.23169006434378753,0.8371589089854425,1.4181265330350343,2.944402993603182,0.8983690377417981,0.6487095283339674,0.7270638033663346,0.8613672371867278,,
pmc_gauss_k2,4,0.05,15,2000,100,true_seq,0.95,0.0005263157894736842,1,96,0.11631578947368426,0,True,0.2704595409995818,,,,,,,,,,
pmc_gauss_k2,4,0.05,15,2000,100,true_nonseq,0.95,0.0010526315789473684,1,97,nan,0,True,0.09611791599854769,,,,,,,,,,
pmc_gauss_k2,4,0.05,15,2000,100,true_raw,0.0,0.0,0,0,0.21631578947368424,0,True,0.0,,,,,,,,,,
pmc_gauss_k2,4,0.05,15,2000,100,clean,0.0,0.0,0,0,0.10473684210526313,1,True,0.09733974999835482,-1.1010993074076865,1.0755938356597607,1.0425507612555678,1.0218000084747871,0.9042403246268989,0.8850694189924097,0.6119100256361206,0.610945880314555,,
pmc_gauss_k2,4,0.05,15,2000,100,raw,0.0,0.0,0,0,0.40052631578947373,1,True,0.2543348330000299,-0.1821687609145799,2.7666127486800196,1.473159335917026,3.073742556183445,0.8684950453242852,0.08362444774818123,0.7286275552656059,-0.20578790492667712,,
pmc_gauss_k2,4,0.05,15,2000,100,oracle,1.0,0.0,0,100,0.11578947368421055,1,True,0.1858009999996284,-1.141087018723526,1.0475360341377782,1.015058175058073,1.028318615265746,0.9026871291606992,0.8903945835967287,0.6053076611013658,0.6137352613101636,,
pmc_gauss_k2,4,0.05,15,2000,100,fm,0.0,0.0,0,0,0.40052631578947373,1,True,0.3564577079996525,-0.1821687609145799,2.7666127486800196,1.473159335917026,3.073742556183445,0.8684950453242852,0.08362444774818123,0.7286275552656059,-0.20578790492667712,,
pmc_gauss_k2,4,0.05,15,2000,100,fm_hampel,0.01,0.0,0,1,0.4052631578947369,4,True,3.022643667000011,-0.17561113075615853,2.496789145390243,1.4716288841849936,3.107271578757241,0.8596310603692249,0.0959886195495336,0.7318278889530198,0.896241206202835,0.66,0.009473684210526316
pmc_gauss_k2,4,0.05,15,2000,100,fm_warm,0.0,0.0,0,0,0.40052631578947373,1,True,0.35037895899949945,-0.1821687609145799,2.7666127486800196,1.473159335917026,3.073742556183445,0.8684950453242852,0.08362444774818123,0.7286275552656059,-0.20578790492667712,,
pmc_gauss_k2,4,0.05,15,2000,100,dpd,0.0,0.0,0,0,nan,0,True,0.05035262499950477,-0.1821687609145799,2.7666127486800196,1.473159335917026,3.073742556183445,0.8684950453242852,0.08362444774818123,0.7310181004514938,-0.21145534552547923,,
pmc_gauss_k2,6,0.05,15,2000,100,true_seq,1.0,0.0,0,100,0.10842105263157897,0,True,0.2852322089984227,,,,,,,,,,
pmc_gauss_k2,6,0.05,15,2000,100,true_nonseq,1.0,0.0015789473684210526,0,103,nan,0,True,0.0955174579994491,,,,,,,,,,
pmc_gauss_k2,6,0.05,15,2000,100,true_raw,0.0,0.0,0,0,0.19894736842105265,0,True,0.0,,,,,,,,,,
pmc_gauss_k2,6,0.05,15,2000,100,clean,0.0,0.0,0,0,0.10526315789473684,1,True,0.0995672499993816,-1.1010993074076865,1.0755938356597607,1.0425507612555678,1.0218000084747871,0.9042403246268989,0.8850694189924097,0.6119100256361206,0.610945880314555,,
pmc_gauss_k2,6,0.05,15,2000,100,raw,0.0,0.0,0,0,0.42000000000000004,1,True,0.2277916249986447,-0.14748530192386505,3.819061818133167,1.472232840195573,4.362995395851256,0.8719471672231618,0.08115448116863239,0.7215603880040888,0.926860828097938,,
pmc_gauss_k2,6,0.05,15,2000,100,oracle,1.0,0.0,0,100,0.10631578947368425,1,True,0.1801317920017027,-1.0781640248621793,1.0881232822622906,1.052026813468369,1.0211179998523383,0.903987703655051,0.8817395296131725,0.6154323511311,0.6109978290423337,,
pmc_gauss_k2,6,0.05,15,2000,100,fm,0.0,0.0,0,0,0.42000000000000004,1,True,0.31769887500013283,-0.14748530192386505,3.819061818133167,1.472232840195573,4.362995395851256,0.8719471672231618,0.08115448116863239,0.7215603880040888,0.926860828097938,,
pmc_gauss_k2,6,0.05,15,2000,100,fm_hampel,1.0,0.0,0,100,0.10631578947368425,2,True,1.745287665999058,-1.0781640248621793,1.0881232822622906,1.052026813468369,1.0211179998523383,0.903987703655051,0.8817395296131725,0.6154323511311,0.6109978290423337,0.86,0.006842105263157895
pmc_gauss_k2,6,0.05,15,2000,100,fm_warm,0.0,0.0,0,0,0.42000000000000004,1,True,0.3350315829993633,-0.14748530192386505,3.819061818133167,1.472232840195573,4.362995395851256,0.8719471672231618,0.08115448116863239,0.7215603880040888,0.926860828097938,,
pmc_gauss_k2,6,0.05,15,2000,100,dpd,0.0,0.0,0,0,nan,0,True,0.05110604199944646,-0.14748530192386505,3.819061818133167,1.472232840195573,4.362995395851256,0.8719471672231618,0.08115448116863239,0.7249288199039786,0.9282800786386136,,
pmc_gauss_k2,8,0.05,15,2000,100,true_seq,1.0,0.0,0,100,0.10789473684210527,0,True,0.27778508300070825,,,,,,,,,,
pmc_gauss_k2,8,0.05,15,2000,100,true_nonseq,1.0,0.0005263157894736842,0,101,nan,0,True,0.09812858300028893,,,,,,,,,,
pmc_gauss_k2,8,0.05,15,2000,100,true_raw,0.0,0.0,0,0,0.20526315789473681,0,True,0.0,,,,,,,,,,
pmc_gauss_k2,8,0.05,15,2000,100,clean,0.0,0.0,0,0,0.10526315789473684,1,True,0.1012949159994605,-1.1010993074076865,1.0755938356597607,1.0425507612555678,1.0218000084747871,0.9042403246268989,0.8850694189924097,0.6119100256361206,0.610945880314555,,
pmc_gauss_k2,8,0.05,15,2000,100,raw,0.0,0.0,0,0,0.42315789473684207,1,True,0.20813524999903166,-0.1505700291482049,5.439215926707138,1.4640353815438119,5.936424835261467,0.8821259304236073,0.08525158808190794,0.7078985437127282,0.9458193962941687,,
pmc_gauss_k2,8,0.05,15,2000,100,oracle,1.0,0.0,0,100,0.10315789473684212,1,True,0.186542041001303,-1.086302006629914,1.0802735720460113,1.0395223521139778,1.017942145815766,0.9056459089598429,0.8845078169931968,0.6097540769989579,0.6061214793128126,,
pmc_gauss_k2,8,0.05,15,2000,100,fm,0.01,0.0,0,1,0.42210526315789476,2,True,0.7042288329994335,-0.15392149390694437,5.386739521745321,1.4627845691231145,5.8942416888808395,0.8825933889318422,0.09172466782062023,0.7080640364815095,0.9447438087820935,,
pmc_gauss_k2,8,0.05,15,2000,100,fm_hampel,1.0,0.0,0,100,0.10315789473684212,2,True,1.3379214579999825,-1.086302006629914,1.0802735720460113,1.0395223521139778,1.017942145815766,0.9056459089598429,0.8845078169931968,0.6097540769989579,0.6061214793128126,0.96,0.007894736842105263
pmc_gauss_k2,8,0.05,15,2000,100,fm_warm,0.01,0.0,0,1,0.42210526315789476,2,True,0.4788743330009311,-0.15324666793194658,5.358698683935396,1.4631386506197848,5.897717288317632,0.8817304676097375,0.08930500480602985,0.7091545616269764,0.9482444637973614,,
pmc_gauss_k2,8,0.05,15,2000,100,dpd,0.0,0.0,0,0,nan,0,True,0.05355287500060513,-0.1505700291482049,5.439215926707138,1.4640353815438119,5.936424835261467,0.8821259304236073,0.08525158808190794,0.7153069956139616,0.9480631005505765,,
pmc_gauss_k2,0,0.0,16,2000,0,true_seq,nan,0.0015,0,3,0.14149999999999996,0,True,0.10604066700034309,,,,,,,,,,
pmc_gauss_k2,0,0.0,16,2000,0,true_nonseq,nan,0.001,0,2,nan,0,True,0.09623575000114215,,,,,,,,,,
pmc_gauss_k2,0,0.0,16,2000,0,true_raw,nan,0.0,0,0,0.14100000000000001,0,True,0.0,,,,,,,,,,
pmc_gauss_k2,0,0.0,16,2000,0,clean,nan,0.0,0,0,0.134,1,True,0.12671445900014078,-0.8974393126349796,0.8762877638421527,0.9378605520185705,1.0160798391401142,0.9000501496206013,0.8788298658286294,0.5736943423553648,0.6077701590365742,,
pmc_gauss_k2,0,0.0,16,2000,0,raw,nan,0.0,0,0,0.134,1,True,0.12883345900081622,-0.8974393126349796,0.8762877638421527,0.9378605520185705,1.0160798391401142,0.9000501496206013,0.8788298658286294,0.5736943423553648,0.6077701590365742,,
pmc_gauss_k2,0,0.0,16,2000,0,oracle,nan,0.0,0,0,0.134,1,True,0.13194854199900874,-0.8974393126349796,0.8762877638421527,0.9378605520185705,1.0160798391401142,0.9000501496206013,0.8788298658286294,0.5736943423553648,0.6077701590365742,,
pmc_gauss_k2,0,0.0,16,2000,0,fm,nan,0.002,0,4,0.13349999999999995,3,True,0.8433514170010312,-0.8991450569078445,0.8743592317912252,0.9358554829264693,0.9877056427718844,0.9002929257343496,0.8775649431439169,0.5721955093626094,0.6006445855100003,,
pmc_gauss_k2,0,0.0,16,2000,0,fm_hampel,nan,0.002,0,4,0.13349999999999995,3,True,0.9145955420008249,-0.8991450569078445,0.8743592317912252,0.9358554829264693,0.9877056427718844,0.9002929257343496,0.8775649431439169,0.5721955093626094,0.6006445855100003,nan,0.0095
pmc_gauss_k2,0,0.0,16,2000,0,fm_warm,nan,0.002,0,4,0.13749999999999996,3,True,0.5986190420007915,-0.8926176908806147,0.8760262891711905,0.9399771090560122,0.9888770063312897,0.9004037369310003,0.8764800794637371,0.5722498134734286,0.6062032836950407,,
pmc_gauss_k2,0,0.0,16,2000,0,dpd,nan,0.0,0,0,nan,0,True,0.049238292000154615,-0.8974393126349796,0.8762877638421527,0.9378605520185705,1.0160798391401142,0.9000501496206013,0.8788298658286294,0.5726079816682713,0.6118340914477776,,
pmc_gauss_k2,4,0.01,16,2000,20,true_seq,0.9,0.0015151515151515152,0,21,0.1383838383838384,0,True,0.14114158300071722,,,,,,,,,,
pmc_gauss_k2,4,0.01,16,2000,20,true_nonseq,0.9,0.00101010101010101,0,20,nan,0,True,0.09491104199878464,,,,,,,,,,
pmc_gauss_k2,4,0.01,16,2000,20,true_raw,0.0,0.0,0,0,0.1707070707070707,0,True,0.0,,,,,,,,,,
pmc_gauss_k2,4,0.01,16,2000,20,clean,0.0,0.0,0,0,0.13484848484848488,1,True,0.12944783300008567,-0.8974393126349796,0.8762877638421527,0.9378605520185705,1.0160798391401142,0.9000501496206013,0.8788298658286294,0.5736943423553648,0.6077701590365742,,
pmc_gauss_k2,4,0.01,16,2000,20,raw,0.0,0.0,0,0,0.3525252525252526,1,True,0.7113865409992286,-0.3318647209702995,0.9192948473548428,1.2203701426192122,1.5974453219956481,0.8903656412674831,0.6341316636808096,0.6723281015125938,0.7995006674454056,,
pmc_gauss_k2,4,0.01,16,2000,20,oracle,1.0,0.0,0,20,0.13080808080808082,1,True,0.19847720899997512,-0.9027174870064547,0.8798318218432097,0.9345549121447292,1.0169752027193144,0.9010858929660627,0.8800458218507784,0.5726733829803242,0.6064840450467356,,
pmc_gauss_k2,4,0.01,16,2000,20,fm,0.9,0.00202020202020202,0,22,0.13383838383838387,4,True,1.831797834000099,-0.9040459548535958,0.8781479833077869,0.9334753878140573,0.9959530909733599,0.9001471694632353,0.8782207040022636,0.5717144987099366,0.5981890477010847,,
pmc_gauss_k2,4,0.01,16,2000,20,fm_hampel,0.9,0.00202020202020202,0,22,0.13383838383838387,3,True,1.0229427089998353,-0.9040459548535958,0.8781479833077869,0.9334753878140573,0.9959530909733599,0.9001471694632353,0.8782207040022636,0.5717144987099366,0.5981890477010847,0.85,0.009595959595959595
pmc_gauss_k2,4,0.01,16,2000,20,fm_warm,0.95,0.0015151515151515152,0,22,0.34191919191919196,4,True,2.0291469160001725,-0.3648779166761026,0.7095848320507226,1.2581025467101847,1.1100591120702237,0.9126576907771317,0.7305343424864511,0.6727943562056399,0.7251201118760734,,
pmc_gauss_k2,4,0.01,16,2000,20,dpd,0.0,0.0,0,0,nan,0,True,0.05090858299990941,-0.3318647209702995,0.9192948473548428,1.2203701426192122,1.5974453219956481,0.8903656412674831,0.6341316636808096,0.6708816468536897,0.7979037980950431,,
pmc_gauss_k2,6,0.01,16,2000,20,true_seq,1.0,0.0015151515151515152,0,23,0.14141414141414144,0,True,0.14629958299883583,,,,,,,,,,
pmc_gauss_k2,6,0.01,16,2000,20,true_nonseq,1.0,0.00101010101010101,0,22,nan,0,True,0.09721804199944017,,,,,,,,,,
pmc_gauss_k2,6,0.01,16,2000,20,true_raw,0.0,0.0,0,0,0.16969696969696968,0,True,0.0,,,,,,,,,,
pmc_gauss_k2,6,0.01,16,2000,20,clean,0.0,0.0,0,0,0.1333333333333333,1,True,0.1283755000004021,-0.8974393126349796,0.8762877638421527,0.9378605520185705,1.0160798391401142,0.9000501496206013,0.8788298658286294,0.5736943423553648,0.6077701590365742,,
pmc_gauss_k2,6,0.01,16,2000,20,raw,0.0,0.0,0,0,0.40808080808080804,1,True,0.7679149169998709,-0.21023312529053803,0.9783892067851074,1.2478052702288531,2.2994253171754933,0.9086487277257687,0.5293657946042754,0.6748255892200569,0.8729430022746049,,
pmc_gauss_k2,6,0.01,16,2000,20,oracle,1.0,0.0,0,20,0.13535353535353534,1,True,0.20336820899865415,-0.9051950116086687,0.8796279636900565,0.9357764862511956,1.0160409589441206,0.8995037369466873,0.8787735902696276,0.5705893830509895,0.6067261120468652,,
pmc_gauss_k2,6,0.01,16,2000,20,fm,1.0,0.00202020202020202,0,24,0.13434343434343432,4,True,1.9331819580002048,-0.9065951851684306,0.8779428641799045,0.9337956772757272,0.9875199887928394,0.899735428603735,0.8774140163889195,0.5691013833381693,0.5995801762680716,,
pmc_gauss_k2,6,0.01,16,2000,20,fm_hampel,1.0,0.00202020202020202,0,24,0.13434343434343432,3,True,1.084355458000573,-0.9065951851684306,0.8779428641799045,0.9337956772757272,0.9875199887928394,0.899735428603735,0.8774140163889195,0.5691013833381693,0.5995801762680716,0.9,0.00909090909090909
pmc_gauss_k2,6,0.01,16,2000,20,fm_warm,1.0,0.00101010101010101,0,22,0.3833333333333333,3,True,2.098733041999367,-0.27535733507022464,0.4652715536527285,1.2937582588122991,1.1986165669635154,0.9109703145481334,0.7103659099478099,0.6799571256310218,0.7487010478807336,,
pmc_gauss_k2,6,0.01,16,2000,20,dpd,0.0,0.0,0,0,nan,0,True,0.05027454199989734,-0.21023312529053803,0.9783892067851074,1.2478052702288531,2.2994253171754933,0.9086487277257687,0.5293657946042754,0.6749983457787132,0.8698713106921259,,
pmc_gauss_k2,8,0.01,16,2000,20,true_seq,1.0,0.0015151515151515152,0,23,0.14040404040404042,0,True,0.14362716600044223,,,,,,,,,,
pmc_gauss_k2,8,0.01,16,2000,20,true_nonseq,1.0,0.00101010101010101,0,22,nan,0,True,0.0952972499999305,,,,,,,,,,
pmc_gauss_k2,8,0.01,16,2000,20,true_raw,0.0,0.0,0,0,0.1838383838383838,0,True,0.0,,,,,,,,,,
pmc_gauss_k2,8,0.01,16,2000,20,clean,0.0,0.0,0,0,0.13434343434343432,1,True,0.12991004200011957,-0.8974393126349796,0.8762877638421527,0.9378605520185705,1.0160798391401142,0.9000501496206013,0.8788298658286294,0.5736943423553648,0.6077701590365742,,
pmc_gauss_k2,8,0.01,16,2000,20,raw,0.0,0.0,0,0,0.43232323232323233,1,True,0.2924174999989191,-0.1676944503082209,1.1392317946588748,1.243704350085488,3.181971047009355,0.9222696215395056,0.5037267775969719,0.6719774195131354,0.8986290261512089,,
pmc_gauss_k2,8,0.01,16,2000,20,oracle,1.0,0.0,0,20,0.13383838383838387,1,True,0.2020337499998277,-0.8921929966173824,0.8760781818009791,0.9345578290432089,1.0102172499783117,0.9014472432303707,0.8789240142529134,0.5710799691731663,0.6072783430133809,,
pmc_gauss_k2,8,0.01,16,2000,20,fm,1.0,0.00202020202020202,0,24,0.13484848484848488,4,True,1.528596625001228,-0.893831085931736,0.8741913285043885,0.9325639300994979,0.981100990895403,0.9016589080138026,0.8775758194695977,0.5695645093143133,0.5999825396252899,,
pmc_gauss_k2,8,0.01,16,2000,20,fm_hampel,1.0,0.00202020202020202,0,24,0.13484848484848488,3,True,1.2943346249994647,-0.893831085931736,0.8741913285043885,0.9325639300994979,0.981100990895403,0.9016589080138026,0.8775758194695977,0.5695645093143133,0.5999825396252899,0.9,0.00808080808080808
pmc_gauss_k2,8,0.01,16,2000,20,fm_warm,1.0,0.0015151515151515152,0,23,0.35,4,True,1.7971357499991427,-0.3437321070005189,0.6790157169135352,1.2546648719292561,1.1219572947184957,0.9119473711729315,0.709316738243479,0.6749291289575196,0.7424625014255078,,
pmc_gauss_k2,8,0.01,16,2000,20,dpd,0.0,0.0,0,0,nan,0,True,0.0492733329992916,-0.1676944503082209,1.1392317946588748,1.243704350085488,3.181971047009355,0.9222696215395056,0.5037267775969719,0.6734405662639222,0.8988878019884816,,
pmc_gauss_k2,4,0.05,16,2000,100,true_seq,0.89,0.002631578947368421,2,94,0.14263157894736844,0,True,0.2738382919997093,,,,,,,,,,
pmc_gauss_k2,4,0.05,16,2000,100,true_nonseq,0.89,0.0015789473684210526,1,92,nan,0,True,0.09399541699895053,,,,,,,,,,
pmc_gauss_k2,4,0.05,16,2000,100,true_raw,0.0,0.0,0,0,0.258421052631579,0,True,0.0,,,,,,,,,,
pmc_gauss_k2,4,0.05,16,2000,100,clean,0.0,0.0,0,0,0.13263157894736843,1,True,0.130489541001225,-0.8974393126349796,0.8762877638421527,0.9378605520185705,1.0160798391401142,0.9000501496206013,0.8788298658286294,0.5736943423553648,0.6077701590365742,,
pmc_gauss_k2,4,0.05,16,2000,100,raw,0.0,0.0,0,0,0.4352631578947368,1,True,0.295975458000612,-0.13864337916345276,2.238006972058452,1.2932608454037189,2.701517410275522,0.865089949189268,0.08614770144047078,0.6878014466696343,0.8944887840687695,,
pmc_gauss_k2,4,0.05,16,2000,100,oracle,1.0,0.0,0,100,0.1378947368421053,1,True,0.23351999999977124,-0.9016043207329885,0.8920628513164528,0.9333275977845414,1.003478894553499,0.9015803362969798,0.8792726440626338,0.571983236725274,0.5995672529515153,,
pmc_gauss_k2,4,0.05,16,2000,100,fm,0.01,0.0,0,1,0.43157894736842106,2,True,1.0619597920012893,-0.14794850096111162,2.265624510316721,1.2870486073261975,2.6441473488614893,0.8656964736138194,0.09174593485316958,0.68628604910328,0.897010018475479,,
pmc_gauss_k2,4,0.05,16,2000,100,fm_hampel,0.03,0.0,0,3,0.42894736842105263,5,True,4.617277167000793,-0.15419090008215136,2.2186630293373195,1.284455327972893,2.5820238288329667,0.8660673141569676,0.10721814333089147,0.6865405300242485,0.8957650542108805,0.74,0.009473684210526316
pmc_gauss_k2,4,0.05,16,2000,100,fm_warm,0.01,0.0,0,1,0.43263157894736837,2,True,0.549841624999317,-0.1434933191698791,2.262722512344327,1.2883846629218616,2.666377861298038,0.865730516489928,0.08000544163440375,0.6880018586842634,0.8955716612312256,,
pmc_gauss_k2,4,0.05,16,2000,100,dpd,0.0,0.0,0,0,nan,0,True,0.0545354590012721,-0.13864337916345276,2.238006972058452,1.2932608454037189,2.701517410275522,0.865089949189268,0.08614770144047078,0.6891722248217479,0.8898956931875666,,
pmc_gauss_k2,6,0.05,16,2000,100,true_seq,1.0,0.0015789473684210526,0,103,0.1378947368421053,0,True,0.29722737500014773,,,,,,,,,,
pmc_gauss_k2,6,0.05,16,2000,100,true_nonseq,1.0,0.003157894736842105,2,106,nan,0,True,0.09564929199950711,,,,,,,,,,
pmc_gauss_k2,6,0.05,16,2000,100,true_raw,0.0,0.0,0,0,0.2605263157894737,0,True,0.0,,,,,,,,,,
pmc_gauss_k2,6,0.05,16,2000,100,clean,0.0,0.0,0,0,0.13578947368421057,1,True,0.126631166000152,-0.8974393126349796,0.8762877638421527,0.9378605520185705,1.0160798391401142,0.9000501496206013,0.8788298658286294,0.5736943423553648,0.6077701590365742,,
pmc_gauss_k2,6,0.05,16,2000,100,raw,0.0,0.0,0,0,0.4515789473684211,1,True,0.22643725000125414,-0.1153570654657276,3.752341136234997,1.2884886325118248,4.005006178038674,0.8863708384463399,0.05192176034268438,0.677480110362496,0.9255841802820899,,
pmc_gauss_k2,6,0.05,16,2000,100,oracle,1.0,0.0,0,100,0.138421052631579,1,True,0.22394679199896927,-0.8903605754158536,0.8685400771825225,0.9364481636008891,1.0172089217426732,0.9013910311128113,0.8808369234350977,0.5733385055800487,0.6094197236504165,,
pmc_gauss_k2,6,0.05,16,2000,100,fm,0.01,0.0,0,1,0.45052631578947366,2,True,0.7567737079989456,-0.11735525407951589,3.7297527123060226,1.2872915605848043,3.9796870878705746,0.887000998796695,0.055428757404668766,0.6772267753838266,0.926105582813507,,
pmc_gauss_k2,6,0.05,16,2000,100,fm_hampel,1.0,0.002105263157894737,0,104,0.138421052631579,4,True,3.4266192499999306,-0.8917519881483746,0.8654294214664647,0.9345501196434834,0.9885887702733053,0.9015853414119054,0.8795563924738768,0.5719334783517767,0.6022516491160975,0.85,0.01
pmc_gauss_k2,6,0.05,16,2000,100,fm_warm,0.01,0.0,0,1,0.45052631578947366,2,True,0.5058070420000149,-0.1170276940531155,3.7458588411710747,1.2876516847035613,3.980955232937942,0.8869790506532756,0.05003390674593873,0.6774353101498053,0.9275766499918593,,
pmc_gauss_k2,6,0.05,16,2000,100,dpd,0.0,0.0,0,0,nan,0,True,0.054777084000306786,-0.1153570654657276,3.752341136234997,1.2884886325118248,4.005006178038674,0.8863708384463399,0.05192176034268438,0.6812164217813688,0.9239066780288119,,
pmc_gauss_k2,8,0.05,16,2000,100,true_seq,1.0,0.0015789473684210526,0,103,0.14105263157894732,0,True,0.29066891700131237,,,,,,,,,,
pmc_gauss_k2,8,0.05,16,2000,100,true_nonseq,1.0,0.0010526315789473684,0,102,nan,0,True,0.09383087499918474,,,,,,,,,,
pmc_gauss_k2,8,0.05,16,2000,100,true_raw,0.0,0.0,0,0,0.261578947368421,0,True,0.0,,,,,,,,,,
pmc_gauss_k2,8,0.05,16,2000,100,clean,0.0,0.0,0,0,0.13421052631578945,1,True,0.13043783300054201,-0.8974393126349796,0.8762877638421527,0.9378605520185705,1.0160798391401142,0.9000501496206013,0.8788298658286294,0.5736943423553648,0.6077701590365742,,
pmc_gauss_k2,8,0.05,16,2000,100,raw,0.0,0.0,0,0,0.44789473684210523,1,True,0.2348684169992339,-0.12315998363338329,5.417203998828517,1.2989197066355325,5.333934059520525,0.8922453905626181,0.028707474641514578,0.669922939315554,0.949179751340568,,
pmc_gauss_k2,8,0.05,16,2000,100,oracle,1.0,0.0,0,100,0.13473684210526315,1,True,0.22885499999938475,-0.903747628071006,0.8785059128159695,0.9448701364009828,1.0224345632001102,0.8992572506459952,0.8774393553020375,0.5778952886548617,0.6069360290758118,,
pmc_gauss_k2,8,0.05,16,2000,100,fm,0.0,0.0,0,0,0.44789473684210523,1,True,0.33314345799954026,-0.12315998363338329,5.417203998828517,1.2989197066355325,5.333934059520525,0.8922453905626181,0.028707474641514578,0.669922939315554,0.949179751340568,,
pmc_gauss_k2,8,0.05,16,2000,100,fm_hampel,1.0,0.0015789473684210526,0,103,0.13473684210526315,3,True,1.858955583000352,-0.9060145966074659,0.8772432239447606,0.9426746368351757,0.9963972201419274,0.899271164045339,0.8762476194114456,0.5764420437909402,0.6010929369431728,0.98,0.006842105263157895
pmc_gauss_k2,8,0.05,16,2000,100,fm_warm,0.0,0.0,0,0,0.44789473684210523,1,True,0.3341392909987917,-0.12315998363338329,5.417203998828517,1.2989197066355325,5.333934059520525,0.8922453905626181,0.028707474641514578,0.669922939315554,0.949179751340568,,
pmc_gauss_k2,8,0.05,16,2000,100,dpd,0.0,0.0,0,0,nan,0,True,0.053692958999818075,-0.12315998363338329,5.417203998828517,1.2989197066355325,5.333934059520525,0.8922453905626181,0.028707474641514578,0.6777366137389448,0.9485336178901278,,
pmc_gauss_k2,0,0.0,17,2000,0,true_seq,nan,0.0,0,0,0.08850000000000002,0,True,0.09272212500036403,,,,,,,,,,
pmc_gauss_k2,0,0.0,17,2000,0,true_nonseq,nan,0.0,0,0,nan,0,True,0.09500275000027614,,,,,,,,,,
pmc_gauss_k2,0,0.0,17,2000,0,true_raw,nan,0.0,0,0,0.08850000000000002,0,True,0.0,,,,,,,,,,
pmc_gauss_k2,0,0.0,17,2000,0,clean,nan,0.0,0,0,0.08499999999999996,1,True,0.10302124999907392,-0.9489701303704785,0.9832526005467195,1.015140719183263,1.0023665873075103,0.9031604311812115,0.8929508162492218,0.5937721352445782,0.6090089862194072,,
pmc_gauss_k2,0,0.0,17,2000,0,raw,nan,0.0,0,0,0.08499999999999996,1,True,0.1018078750003042,-0.9489701303704785,0.9832526005467195,1.015140719183263,1.0023665873075103,0.9031604311812115,0.8929508162492218,0.5937721352445782,0.6090089862194072,,
pmc_gauss_k2,0,0.0,17,2000,0,oracle,nan,0.0,0,0,0.08499999999999996,1,True,0.10422429100071895,-0.9489701303704785,0.9832526005467195,1.015140719183263,1.0023665873075103,0.9031604311812115,0.8929508162492218,0.5937721352445782,0.6090089862194072,,
pmc_gauss_k2,0,0.0,17,2000,0,fm,nan,0.0,0,0,0.08499999999999996,1,True,0.2037352090010245,-0.9489701303704785,0.9832526005467195,1.015140719183263,1.0023665873075103,0.9031604311812115,0.8929508162492218,0.5937721352445782,0.6090089862194072,,
pmc_gauss_k2,0,0.0,17,2000,0,fm_hampel,nan,0.0,0,0,0.08499999999999996,2,True,0.48690054200051236,-0.9489701303704785,0.9832526005467195,1.015140719183263,1.0023665873075103,0.9031604311812115,0.8929508162492218,0.5937721352445782,0.6090089862194072,nan,0.012
pmc_gauss_k2,0,0.0,17,2000,0,fm_warm,nan,0.0,0,0,0.08499999999999996,1,True,0.20066687500002445,-0.9489701303704785,0.9832526005467195,1.015140719183263,1.0023665873075103,0.9031604311812115,0.8929508162492218,0.5937721352445782,0.6090089862194072,,
pmc_gauss_k2,0,0.0,17,2000,0,dpd,nan,0.0,0,0,nan,0,True,0.05292120800004341,-0.9489701303704785,0.9832526005467195,1.015140719183263,1.0023665873075103,0.9031604311812115,0.8929508162492218,0.5936626660754128,0.6125166561985225,,
pmc_gauss_k2,4,0.01,17,2000,20,true_seq,1.0,0.0,0,20,0.09040404040404038,0,True,0.13314929099942674,,,,,,,,,,
pmc_gauss_k2,4,0.01,17,2000,20,true_nonseq,1.0,0.0,0,20,nan,0,True,0.09399345900055778,,,,,,,,,,
pmc_gauss_k2,4,0.01,17,2000,20,true_raw,0.0,0.0,0,0,0.1166666666666667,0,True,0.0,,,,,,,,,,
pmc_gauss_k2,4,0.01,17,2000,20,clean,0.0,0.0,0,0,0.0853535353535354,1,True,0.10222475000045961,-0.9489701303704785,0.9832526005467195,1.015140719183263,1.0023665873075103,0.9031604311812115,0.8929508162492218,0.5937721352445782,0.6090089862194072,,
pmc_gauss_k2,4,0.01,17,2000,20,raw,0.0,0.0,0,0,0.3808080808080808,1,True,0.7024450000008073,-0.20736020368904248,0.9718996320537926,1.3411011610286923,1.76104028802688,0.8969770231447078,0.5793162647870473,0.7010824876659356,0.8292612437223504,,
pmc_gauss_k2,4,0.01,17,2000,20,oracle,1.0,0.0,0,20,0.08686868686868687,1,True,0.166200542000297,-0.9585453366067918,0.9766978710087201,1.0164933078838594,1.0023753166006966,0.9041363347966543,0.8954879216336822,0.5917582316247805,0.6096395551740087,,
pmc_gauss_k2,4,0.01,17,2000,20,fm,1.0,0.0,0,20,0.08686868686868687,3,True,1.8544978749996517,-0.9585453366067918,0.9766978710087201,1.0164933078838594,1.0023753166006966,0.9041363347966543,0.8954879216336822,0.5917582316247805,0.6096395551740087,,
pmc_gauss_k2,4,0.01,17,2000,20,fm_hampel,1.0,0.0,0,20,0.08686868686868687,2,True,0.9201295410002786,-0.9585453366067918,0.9766978710087201,1.0164933078838594,1.0023753166006966,0.9041363347966543,0.8954879216336822,0.5917582316247805,0.6096395551740087,0.7,0.011111111111111112
pmc_gauss_k2,4,0.01,17,2000,20,fm_warm,1.0,0.0,0,20,0.16919191919191923,4,True,2.6653405420001945,-0.684781254821049,1.1972186948535108,1.1377566747792918,0.9400753408088887,0.9196817094521568,0.8484092689805859,0.6399391340626089,0.6048523696259909,,
pmc_gauss_k2,4,0.01,17,2000,20,dpd,0.0,0.0,0,0,nan,0,True,0.05164320800031419,-0.20736020368904248,0.9718996320537926,1.3411011610286923,1.76104028802688,0.8969770231447078,0.5793162647870473,0.6965720530932035,0.8258808335536948,,
pmc_gauss_k2,6,0.01,17,2000,20,true_seq,1.0,0.0,0,20,0.09040404040404038,0,True,0.1377231659989775,,,,,,,,,,
pmc_gauss_k2,6,0.01,17,2000,20,true_nonseq,1.0,0.0,0,20,nan,0,True,0.0955071250009496,,,,,,,,,,
pmc_gauss_k2,6,0.01,17,2000,20,true_raw,0.0,0.0,0,0,0.12323232323232325,0,True,0.0,,,,,,,,,,
pmc_gauss_k2,6,0.01,17,2000,20,clean,0.0,0.0,0,0,0.0853535353535354,1,True,0.10078512499967474,-0.9489701303704785,0.9832526005467195,1.015140719183263,1.0023665873075103,0.9031604311812115,0.8929508162492218,0.5937721352445782,0.6090089862194072,,
pmc_gauss_k2,6,0.01,17,2000,20,raw,0.0,0.0,0,0,0.4146464646464646,1,True,0.643186749999586,-0.13095508081331275,0.8895415447927555,1.339907782207226,2.4508126843286804,0.9032115631596626,0.5585470863176263,0.6988030053424344,0.8754989427749114,,
pmc_gauss_k2,6,0.01,17,2000,20,oracle,1.0,0.0,0,20,0.08636363636363631,1,True,0.16926308300025994,-0.9547829930324438,0.9820247581657499,1.0153633365129962,1.0013696868367898,0.9031261347124594,0.8931973358975754,0.5926073325068867,0.6087795213439235,,
pmc_gauss_k2,6,0.01,17,2000,20,fm,1.0,0.0,0,20,0.08636363636363631,2,True,1.0723920420005015,-0.9547829930324438,0.9820247581657499,1.0153633365129962,1.0013696868367898,0.9031261347124594,0.8931973358975754,0.5926073325068867,0.6087795213439235,,
pmc_gauss_k2,6,0.01,17,2000,20,fm_hampel,1.0,0.0,0,20,0.08636363636363631,3,True,1.170275209000465,-0.9547829930324438,0.9820247581657499,1.0153633365129962,1.0013696868367898,0.9031261347124594,0.8931973358975754,0.5926073325068867,0.6087795213439235,0.9,0.011616161616161616
pmc_gauss_k2,6,0.01,17,2000,20,fm_warm,1.0,0.0,0,20,0.147979797979798,2,True,2.3531150830003753,-0.7046772416527638,1.188731887812685,1.1256577510384116,0.9430477663678972,0.9180766897469045,0.850762377335612,0.6376701997115891,0.5997613146193664,,
pmc_gauss_k2,6,0.01,17,2000,20,dpd,0.0,0.0,0,0,nan,0,True,0.05376258300020709,-0.13095508081331275,0.8895415447927555,1.339907782207226,2.4508126843286804,0.9032115631596626,0.5585470863176263,0.695898739453891,0.872116683396852,,
pmc_gauss_k2,8,0.01,17,2000,20,true_seq,1.0,0.0,0,20,0.08989898989898992,0,True,0.1417180409989669,,,,,,,,,,
pmc_gauss_k2,8,0.01,17,2000,20,true_nonseq,1.0,0.00101010101010101,0,22,nan,0,True,0.09711645899915311,,,,,,,,,,
pmc_gauss_k2,8,0.01,17,2000,20,true_raw,0.0,0.0,0,0,0.10202020202020201,0,True,0.0,,,,,,,,,,
pmc_gauss_k2,8,0.01,17,2000,20,clean,0.0,0.0,0,0,0.08484848484848484,1,True,0.099029041999529,-0.9489701303704785,0.9832526005467195,1.015140719183263,1.0023665873075103,0.9031604311812115,0.8929508162492218,0.5937721352445782,0.6090089862194072,,
pmc_gauss_k2,8,0.01,17,2000,20,raw,0.0,0.0,0,0,0.43787878787878787,1,True,0.2481375420011318,-0.08836523403877775,0.9126623189205918,1.3340132471606019,3.0746661326105915,0.9167319885569613,0.5896183418095238,0.6948227222991097,0.8891293895834419,,
pmc_gauss_k2,8,0.01,17,2000,20,oracle,1.0,0.0,0,20,0.08737373737373733,1,True,0.15971533299853036,-0.9596073633927389,0.9773503966771736,1.0111892023473703,1.0046797814218407,0.9044701778020177,0.8962413693286071,0.5920834427166266,0.6067067728783281,,
pmc_gauss_k2,8,0.01,17,2000,20,fm,1.0,0.0,0,20,0.08737373737373733,2,True,0.6711732919993665,-0.9596073633927389,0.9773503966771736,1.0111892023473703,1.0046797814218407,0.9044701778020177,0.8962413693286071,0.5920834427166266,0.6067067728783281,,
pmc_gauss_k2,8,0.01,17,2000,20,fm_hampel,1.0,0.0,0,20,0.08737373737373733,3,True,1.1316557500013005,-0.9596073633927389,0.9773503966771736,1.0111892023473703,1.0046797814218407,0.9044701778020177,0.8962413693286071,0.5920834427166266,0.6067067728783281,0.95,0.011111111111111112
pmc_gauss_k2,8,0.01,17,2000,20,fm_warm,1.0,0.0,0,20,0.14696969696969697,2,True,1.9895397500004037,-0.7046161346742292,1.1784521631811091,1.1267408796142158,0.9500750445369347,0.9185787205079886,0.8536320394177902,0.6387523644741926,0.6009950682421539,,
pmc_gauss_k2,8,0.01,17,2000,20,dpd,0.0,0.0,0,0,nan,0,True,0.05073358299887332,-0.08836523403877775,0.9126623189205918,1.3340132471606019,3.0746661326105915,0.9167319885569613,0.5896183418095238,0.6931275649713351,0.8889772910172037,,
pmc_gauss_k2,4,0.05,17,2000,100,true_seq,0.96,0.0,0,96,0.09105263157894739,0,True,0.2722681659997761,,,,,,,,,,
pmc_gauss_k2,4,0.05,17,2000,100,true_nonseq,0.96,0.0005263157894736842,0,97,nan,0,True,0.09703512499982025,,,,,,,,,,
pmc_gauss_k2,4,0.05,17,2000,100,true_raw,0.0,0.0,0,0,0.23368421052631583,0,True,0.0,,,,,,,,,,
pmc_gauss_k2,4,0.05,17,2000,100,clean,0.0,0.0,0,0,0.08789473684210525,1,True,0.10297524999987218,-0.9489701303704785,0.9832526005467195,1.015140719183263,1.0023665873075103,0.9031604311812115,0.8929508162492218,0.5937721352445782,0.6090089862194072,,
pmc_gauss_k2,4,0.05,17,2000,100,raw,0.0,0.0,0,0,0.43947368421052635,1,True,0.22723324999969918,-0.07835235898562898,2.6518060946253144,1.3738853541250753,2.9368683431776508,0.8812252848586739,0.12545500733870113,0.7031684383610538,-0.18861445904400173,,
pmc_gauss_k2,4,0.05,17,2000,100,oracle,1.0,0.0,0,100,0.08894736842105266,1,True,0.1859697079999023,-0.9592138978517161,0.978440979572012,1.018955378827153,0.994564529355231,0.9045255364743555,0.8947887749857281,0.5918771593945003,0.6055944124740463,,
pmc_gauss_k2,4,0.05,17,2000,100,fm,0.0,0.0,0,0,0.43947368421052635,1,True,0.31725237499995274,-0.07835235898562898,2.6518060946253144,1.3738853541250753,2.9368683431776508,0.8812252848586739,0.12545500733870113,0.7031684383610538,-0.18861445904400173,,
pmc_gauss_k2,4,0.05,17,2000,100,fm_hampel,0.01,0.0,0,1,0.4331578947368421,5,True,3.706608459000563,-0.09108200831152052,2.5484403649120253,1.3725340954475287,2.846017961313652,0.8689342336324677,0.09905959524491234,0.7055408584990557,0.8849221180536351,0.68,0.008947368421052631
pmc_gauss_k2,4,0.05,17,2000,100,fm_warm,0.0,0.0,0,0,0.43947368421052635,1,True,0.323721041000681,-0.07835235898562898,2.6518060946253144,1.3738853541250753,2.9368683431776508,0.8812252848586739,0.12545500733870113,0.7031684383610538,-0.18861445904400173,,
pmc_gauss_k2,4,0.05,17,2000,100,dpd,0.0,0.0,0,0,nan,0,True,0.05185358400012774,-0.07835235898562898,2.6518060946253144,1.3738853541250753,2.9368683431776508,0.8812252848586739,0.12545500733870113,0.7033425995063256,-0.1844098660415841,,
pmc_gauss_k2,6,0.05,17,2000,100,true_seq,1.0,0.0,0,100,0.0931578947368421,0,True,0.2749186250002822,,,,,,,,,,
pmc_gauss_k2,6,0.05,17,2000,100,true_nonseq,1.0,0.002105263157894737,1,104,nan,0,True,0.09564875000069151,,,,,,,,,,
pmc_gauss_k2,6,0.05,17,2000,100,true_raw,0.0,0.0,0,0,0.2215789473684211,0,True,0.0,,,,,,,,,,
pmc_gauss_k2,6,0.05,17,2000,100,clean,0.0,0.0,0,0,0.0836842105263158,1,True,0.1020322500007751,-0.9489701303704785,0.9832526005467195,1.015140719183263,1.0023665873075103,0.9031604311812115,0.8929508162492218,0.5937721352445782,0.6090089862194072,,
pmc_gauss_k2,6,0.05,17,2000,100,raw,0.0,0.0,0,0,0.45631578947368423,1,True,0.3323832499991113,-0.04763330743377905,4.059792205896965,1.3711955896803447,4.325817329274123,0.8861602566742695,0.039977439946067915,0.692969718496621,0.9221443362434363,,
pmc_gauss_k2,6,0.05,17,2000,100,oracle,1.0,0.0,0,100,0.08684210526315794,1,True,0.18705537500136415,-0.9501630954781499,0.9801903410687097,1.0127116463006913,0.9993502347540978,0.902130899658588,0.892252737339352,0.5939726420310445,0.6030305007216589,,
pmc_gauss_k2,6,0.05,17,2000,100,fm,0.0,0.0,0,0,0.45631578947368423,1,True,0.44041904199912096,-0.04763330743377905,4.059792205896965,1.3711955896803447,4.325817329274123,0.8861602566742695,0.039977439946067915,0.692969718496621,0.9221443362434363,,
pmc_gauss_k2,6,0.05,17,2000,100,fm_hampel,1.0,0.0005263157894736842,1,101,0.08684210526315794,3,True,2.9402214999990974,-0.9491951273559713,0.9798390405863866,1.0078945540810456,0.9993561392280501,0.901862065425871,0.8923169907161248,0.5927705893561742,0.6029227194040955,0.87,0.008421052631578947
pmc_gauss_k2,6,0.05,17,2000,100,fm_warm,0.0,0.0,0,0,0.45631578947368423,1,True,0.43040395800016995,-0.04763330743377905,4.059792205896965,1.3711955896803447,4.325817329274123,0.8861602566742695,0.039977439946067915,0.692969718496621,0.9221443362434363,,
pmc_gauss_k2,6,0.05,17,2000,100,dpd,0.0,0.0,0,0,nan,0,True,0.05268108299969754,-0.04763330743377905,4.059792205896965,1.3711955896803447,4.325817329274123,0.8861602566742695,0.039977439946067915,0.696538355525342,0.9225758606718886,,
pmc_gauss_k2,8,0.05,17,2000,100,true_seq,1.0,0.0,0,100,0.09684210526315784,0,True,0.2791822499984846,,,,,,,,,,
pmc_gauss_k2,8,0.05,17,2000,100,true_nonseq,1.0,0.0005263157894736842,0,101,nan,0,True,0.09414733399898978,,,,,,,,,,
pmc_gauss_k2,8,0.05,17,2000,100,true_raw,0.0,0.0,0,0,0.2215789473684211,0,True,0.0,,,,,,,,,,
pmc_gauss_k2,8,0.05,17,2000,100,clean,0.0,0.0,0,0,0.08421052631578951,1,True,0.10419741700025043,-0.9489701303704785,0.9832526005467195,1.015140719183263,1.0023665873075103,0.9031604311812115,0.8929508162492218,0.5937721352445782,0.6090089862194072,,
pmc_gauss_k2,8,0.05,17,2000,100,raw,0.0,0.0,0,0,0.44789473684210523,1,True,0.23558104100084165,-0.06742184433519532,5.563622726217082,1.3663089817481442,5.546757680504662,0.8899578387627728,0.06845047760271608,0.6900290480802972,0.9464656249616512,,
pmc_gauss_k2,8,0.05,17,2000,100,oracle,1.0,0.0,0,100,0.09473684210526312,1,True,0.1839593340009742,-0.9610644518970197,0.9925623580496499,1.0014882279216464,0.9850797681111114,0.9011462445954129,0.8906768538716449,0.5962640652277541,0.6028619136715921,,
pmc_gauss_k2,8,0.05,17,2000,100,fm,0.0,0.0,0,0,0.44789473684210523,1,True,0.32396179099850997,-0.06742184433519532,5.563622726217082,1.3663089817481442,5.546757680504662,0.8899578387627728,0.06845047760271608,0.6900290480802972,0.9464656249616512,,
pmc_gauss_k2,8,0.05,17,2000,100,fm_hampel,1.0,0.0,0,100,0.09473684210526312,2,True,2.6666598330011766,-0.9610644518970197,0.9925623580496499,1.0014882279216464,0.9850797681111114,0.9011462445954129,0.8906768538716449,0.5962640652277541,0.6028619136715921,0.95,0.01
pmc_gauss_k2,8,0.05,17,2000,100,fm_warm,0.0,0.0,0,0,0.44789473684210523,1,True,0.32879654099997424,-0.06742184433519532,5.563622726217082,1.3663089817481442,5.546757680504662,0.8899578387627728,0.06845047760271608,0.6900290480802972,0.9464656249616512,,
pmc_gauss_k2,8,0.05,17,2000,100,dpd,0.0,0.0,0,0,nan,0,True,0.053449999999429565,-0.06742184433519532,5.563622726217082,1.3663089817481442,5.546757680504662,0.8899578387627728,0.06845047760271608,0.696826054029988,0.9460780083597957,,
pmc_gauss_k2,0,0.0,18,2000,0,true_seq,nan,0.001,0,2,0.10650000000000004,0,True,0.1042995419993531,,,,,,,,,,
pmc_gauss_k2,0,0.0,18,2000,0,true_nonseq,nan,0.001,0,2,nan,0,True,0.09644325000044773,,,,,,,,,,
pmc_gauss_k2,0,0.0,18,2000,0,true_raw,nan,0.0,0,0,0.10550000000000004,0,True,0.0,,,,,,,,,,
pmc_gauss_k2,0,0.0,18,2000,0,clean,nan,0.0,0,0,0.11150000000000004,1,True,0.12971758300045622,-0.9923900775868574,1.0508402979988596,1.0301376510274618,1.0179369783512988,0.8875500590032142,0.906575079086148,0.6322399018189317,0.6047735962657365,,
pmc_gauss_k2,0,0.0,18,2000,0,raw,nan,0.0,0,0,0.11150000000000004,1,True,0.12855737499921815,-0.9923900775868574,1.0508402979988596,1.0301376510274618,1.0179369783512988,0.8875500590032142,0.906575079086148,0.6322399018189317,0.6047735962657365,,
pmc_gauss_k2,0,0.0,18,2000,0,oracle,nan,0.0,0,0,0.11150000000000004,1,True,0.13140012499934528,-0.9923900775868574,1.0508402979988596,1.0301376510274618,1.0179369783512988,0.8875500590032142,0.906575079086148,0.6322399018189317,0.6047735962657365,,
pmc_gauss_k2,0,0.0,18,2000,0,fm,nan,0.001,0,2,0.11199999999999999,2,True,0.5259867500008113,-0.9918038750586692,1.0501516329152607,1.024837240272348,1.013115965340253,0.8877047701271881,0.9067082829437187,0.6309784129879352,0.6035185849150055,,
pmc_gauss_k2,0,0.0,18,2000,0,fm_hampel,nan,0.001,0,2,0.11199999999999999,2,True,0.6406979160001356,-0.9918038750586692,1.0501516329152607,1.024837240272348,1.013115965340253,0.8877047701271881,0.9067082829437187,0.6309784129879352,0.6035185849150055,nan,0.0135
pmc_gauss_k2,0,0.0,18,2000,0,fm_warm,nan,0.001,0,2,0.11099999999999999,2,True,0.4136491669996758,-0.9923449405503799,1.043030387068293,1.0270385166829965,1.018014287450926,0.886636576125228,0.9065883033465669,0.6334759876235259,0.6057398921117314,,
pmc_gauss_k2,0,0.0,18,2000,0,dpd,nan,0.0,0,0,nan,0,True,0.05312429100013105,-0.9923900775868574,1.0508402979988596,1.0301376510274618,1.0179369783512988,0.8875500590032142,0.906575079086148,0.6361873098223494,0.6077487527416636,,
pmc_gauss_k2,4,0.01,18,2000,20,true_seq,0.85,0.00101010101010101,0,19,0.10656565656565653,0,True,0.13869399999930465,,,,,,,,,,
pmc_gauss_k2,4,0.01,18,2000,20,true_nonseq,0.85,0.00101010101010101,0,19,nan,0,True,0.09584045900010096,,,,,,,,,,
pmc_gauss_k2,4,0.01,18,2000,20,true_raw,0.0,0.0,0,0,0.13383838383838387,0,True,0.0,,,,,,,,,,
pmc_gauss_k2,4,0.01,18,2000,20,clean,0.0,0.0,0,0,0.11161616161616161,1,True,0.1274022919988056,-0.9923900775868574,1.0508402979988596,1.0301376510274618,1.0179369783512988,0.8875500590032142,0.906575079086148,0.6322399018189317,0.6047735962657365,,
pmc_gauss_k2,4,0.01,18,2000,20,raw,0.0,0.0,0,0,0.4606060606060606,1,True,0.7789679590005107,0.1048081759320956,0.5142188962794723,1.4099649607634006,1.9253168223344648,0.8943891998308161,0.5421288928334254,0.7322110789503851,0.8251342735848486,,
pmc_gauss_k2,4,0.01,18,2000,20,oracle,1.0,0.0,0,20,0.1106060606060606,1,True,0.1966479580005398,-0.9874746242888532,1.0493186973958069,1.034312560806063,1.0228054048153483,0.8903441085858256,0.9099092196026034,0.6319154337461417,0.606475272039046,,
pmc_gauss_k2,4,0.01,18,2000,20,fm,0.85,0.00101010101010101,0,19,0.11616161616161613,4,True,1.9947879169994849,-0.9723191105016682,1.0568909484442854,1.0377960063935447,1.0270370210137303,0.8860308589795688,0.9054041623350105,0.6318105883057038,0.6074463882050619,,
pmc_gauss_k2,4,0.01,18,2000,20,fm_hampel,0.85,0.0015151515151515152,1,20,0.11616161616161613,3,True,1.1691769170010957,-0.9716906943015978,1.062253152813526,1.032824919005808,1.0229373960210033,0.8870340452784169,0.9059403557448616,0.6284777688369069,0.606235636525841,0.65,0.013131313131313131
pmc_gauss_k2,4,0.01,18,2000,20,fm_warm,0.8,0.0,0,16,0.4328282828282828,4,True,1.7347129999998288,0.16781580245565883,0.009181732405907904,1.4539506250129226,1.4281776383552323,0.915538130174172,0.644251982277359,0.7283265821490114,0.7979319384180038,,
pmc_gauss_k2,4,0.01,18,2000,20,dpd,0.0,0.0,0,0,nan,0,True,0.05199608400107536,0.1048081759320956,0.5142188962794723,1.4099649607634006,1.9253168223344648,0.8943891998308161,0.5421288928334254,0.7315233825371485,0.8257701510188535,,
pmc_gauss_k2,6,0.01,18,2000,20,true_seq,1.0,0.00101010101010101,0,22,0.10505050505050506,0,True,0.1415316670008906,,,,,,,,,,
pmc_gauss_k2,6,0.01,18,2000,20,true_nonseq,1.0,0.0015151515151515152,0,23,nan,0,True,0.09462058300050558,,,,,,,,,,
pmc_gauss_k2,6,0.01,18,2000,20,true_raw,0.0,0.0,0,0,0.15050505050505047,0,True,0.0,,,,,,,,,,
pmc_gauss_k2,6,0.01,18,2000,20,clean,0.0,0.0,0,0,0.11161616161616161,1,True,0.12969054199857055,-0.9923900775868574,1.0508402979988596,1.0301376510274618,1.0179369783512988,0.8875500590032142,0.906575079086148,0.6322399018189317,0.6047735962657365,,
pmc_gauss_k2,6,0.01,18,2000,20,raw,0.0,0.0,0,0,0.45101010101010097,1,True,0.5950955419993988,0.11889500496474825,0.7322028053025589,1.3972062480994247,2.7668112838952514,0.9111373293130751,0.49337394917766003,0.7198422448913263,0.8904853875631643,,
pmc_gauss_k2,6,0.01,18,2000,20,oracle,1.0,0.0,0,20,0.10909090909090913,1,True,0.2004792500010808,-0.9925211795814222,1.0357891638872236,1.0376599845354229,1.0309915710437934,0.8874064256942338,0.9083566623874537,0.6348172043050286,0.6077804971362035,,
pmc_gauss_k2,6,0.01,18,2000,20,fm,1.0,0.00101010101010101,0,22,0.11161616161616161,4,True,1.8013797499988868,-0.9919377184504576,1.0352261874355306,1.0322450245489623,1.0261200994675308,0.8875033109276123,0.9084253347988825,0.6335408966597967,0.6064870035179645,,
pmc_gauss_k2,6,0.01,18,2000,20,fm_hampel,1.0,0.00101010101010101,0,22,0.11161616161616161,2,True,0.7228944999988016,-0.9919377184504576,1.0352261874355306,1.0322450245489623,1.0261200994675308,0.8875033109276123,0.9084253347988825,0.6335408966597967,0.6064870035179645,1.0,0.011111111111111112
pmc_gauss_k2,6,0.01,18,2000,20,fm_warm,1.0,0.0,0,20,0.40555555555555556,3,True,1.5102534999987256,0.2171255982754647,-0.31661747233117954,1.4561409321826417,1.3044008836581513,0.915524683708138,0.6088367328639005,0.7276270341325171,0.7981188581330293,,
pmc_gauss_k2,6,0.01,18,2000,20,dpd,0.0,0.0,0,0,nan,0,True,0.05078887499985285,0.11889500496474825,0.7322028053025589,1.3972062480994247,2.7668112838952514,0.9111373293130751,0.49337394917766003,0.7211423458415583,0.8898031427648738,,
pmc_gauss_k2,8,0.01,18,2000,20,true_seq,1.0,0.00101010101010101,0,22,0.10858585858585856,0,True,0.1373989170006098,,,,,,,,,,
pmc_gauss_k2,8,0.01,18,2000,20,true_nonseq,1.0,0.00101010101010101,0,22,nan,0,True,0.09518862499862735,,,,,,,,,,
pmc_gauss_k2,8,0.01,18,2000,20,true_raw,0.0,0.0,0,0,0.14343434343434347,0,True,0.0,,,,,,,,,,
pmc_gauss_k2,8,0.01,18,2000,20,clean,0.0,0.0,0,0,0.11262626262626263,1,True,0.12811612499899638,-0.9923900775868574,1.0508402979988596,1.0301376510274618,1.0179369783512988,0.8875500590032142,0.906575079086148,0.6322399018189317,0.6047735962657365,,
pmc_gauss_k2,8,0.01,18,2000,20,raw,0.0,0.0,0,0,0.44141414141414137,1,True,0.4648270000016055,0.13457561195158502,0.899533046636817,1.3950851793449663,3.4830128122971957,0.9199002243445596,0.49492956461862353,0.7143355282303511,0.9139634793187327,,
pmc_gauss_k2,8,0.01,18,2000,20,oracle,1.0,0.0,0,20,0.11313131313131308,1,True,0.20237125000130618,-0.9888432937711258,1.0465664245305062,1.0333631093161135,1.0214699462887011,0.8874257372192416,0.9067163014781029,0.6319171957439952,0.6066884372796922,,
pmc_gauss_k2,8,0.01,18,2000,20,fm,1.0,0.00101010101010101,0,22,0.11363636363636365,4,True,1.6835904589988786,-0.9882998057340565,1.0460008789013395,1.027943329233577,1.0165093733166326,0.8875877290532702,0.9068459997385891,0.6306622140300248,0.6054412500092025,,
pmc_gauss_k2,8,0.01,18,2000,20,fm_hampel,1.0,0.00101010101010101,0,22,0.11363636363636365,2,True,0.846224083999914,-0.9882998057340565,1.0460008789013395,1.027943329233577,1.0165093733166326,0.8875877290532702,0.9068459997385891,0.6306622140300248,0.6054412500092025,0.95,0.013636363636363636
pmc_gauss_k2,8,0.01,18,2000,20,fm_warm,1.0,0.0,0,20,0.41414141414141414,3,True,1.6541946670004108,0.18961455329773697,-0.1440716292186971,1.4565520812975632,1.3523877758664862,0.9149456544522676,0.6561175202108133,0.7257232283867159,0.7981921868694172,,
pmc_gauss_k2,8,0.01,18,2000,20,dpd,0.0,0.0,0,0,nan,0,True,0.05043520800063561,0.13457561195158502,0.899533046636817,1.3950851793449663,3.4830128122971957,0.9199002243445596,0.49492956461862353,0.7168981880643065,0.9136073432872515,,
pmc_gauss_k2,4,0.05,18,2000,100,true_seq,0.93,0.0010526315789473684,0,95,0.10894736842105268,0,True,0.27587375000075554,,,,,,,,,,
pmc_gauss_k2,4,0.05,18,2000,100,true_nonseq,0.93,0.0015789473684210526,0,96,nan,0,True,0.09970179199990525,,,,,,,,,,
pmc_gauss_k2,4,0.05,18,2000,100,true_raw,0.0,0.0,0,0,0.25684210526315787,0,True,0.0,,,,,,,,,,
pmc_gauss_k2,4,0.05,18,2000,100,clean,0.0,0.0,0,0,0.11315789473684212,1,True,0.12838649999866902,-0.9923900775868574,1.0508402979988596,1.0301376510274618,1.0179369783512988,0.8875500590032142,0.906575079086148,0.6322399018189317,0.6047735962657365,,
pmc_gauss_k2,4,0.05,18,2000,100,raw,0.0,0.0,0,0,0.4710526315789474,1,True,0.33540570799959823,0.09941947297344206,2.4843106327721394,1.4247359482617923,2.9812632150562424,0.8597518784564906,0.07196377354111744,0.7263354326183245,0.9144236224893847,,
pmc_gauss_k2,4,0.05,18,2000,100,oracle,1.0,0.0,0,100,0.1110526315789474,1,True,0.22952745799921104,-0.9835086353581122,1.050022260953994,1.0336862250544514,1.0184855648867093,0.8867661161125027,0.9057540752229464,0.6283519841593493,0.6034074029047202,,
pmc_gauss_k2,4,0.05,18,2000,100,fm,0.01,0.0,0,1,0.4710526315789474,2,True,1.0430974999999307,0.09701498705546358,2.4584453752634,1.4233619372727915,2.9400828955370666,0.8602718088210033,0.07732066845904866,0.7261916839790707,0.9123059594906835,,
pmc_gauss_k2,4,0.05,18,2000,100,fm_hampel,0.82,0.0,0,82,0.11315789473684212,4,True,3.8379766660000314,-0.9750065067464448,1.0562572905525165,1.0508675312710918,1.091783928668655,0.8526496576093985,0.8854424226804362,0.6360983790194519,0.6258695589972515,0.82,0.01
pmc_gauss_k2,4,0.05,18,2000,100,fm_warm,0.01,0.0,0,1,0.4721052631578947,2,True,0.611358874999496,0.09827618025778131,2.477037005568501,1.4236940950673775,2.9477418516789147,0.8606500501036589,0.06766041413621499,0.7261788897669241,0.9161225146025181,,
pmc_gauss_k2,4,0.05,18,2000,100,dpd,0.0,0.0,0,0,nan,0,True,0.05203099999926053,0.09941947297344206,2.4843106327721394,1.4247359482617923,2.9812632150562424,0.8597518784564906,0.07196377354111744,0.7283490808132449,0.9127753094364728,,
pmc_gauss_k2,6,0.05,18,2000,100,true_seq,1.0,0.0005263157894736842,0,101,0.10684210526315785,0,True,0.28507033300047624,,,,,,,,,,
pmc_gauss_k2,6,0.05,18,2000,100,true_nonseq,1.0,0.0015789473684210526,2,103,nan,0,True,0.09726687500005937,,,,,,,,,,
pmc_gauss_k2,6,0.05,18,2000,100,true_raw,0.0,0.0,0,0,0.24473684210526314,0,True,0.0,,,,,,,,,,
pmc_gauss_k2,6,0.05,18,2000,100,clean,0.0,0.0,0,0,0.11210526315789471,1,True,0.12962379099917598,-0.9923900775868574,1.0508402979988596,1.0301376510274618,1.0179369783512988,0.8875500590032142,0.906575079086148,0.6322399018189317,0.6047735962657365,,
pmc_gauss_k2,6,0.05,18,2000,100,raw,0.0,0.0,0,0,0.46842105263157896,1,True,0.23234716700062563,0.09596745646354479,4.588887919161868,1.4272755822699306,4.540707926692981,0.8883221078294018,0.023167414668112604,0.7082905859519034,0.936635271716869,,
pmc_gauss_k2,6,0.05,18,2000,100,oracle,1.0,0.0,0,100,0.111578947368421,1,True,0.23188520800067636,-1.0245387006177678,1.0248894603291734,1.0144198182024589,1.0257617810572524,0.8874180690801716,0.9104222695292915,0.6229757866389328,0.6038214686369608,,
pmc_gauss_k2,6,0.05,18,2000,100,fm,0.0,0.0,0,0,0.46842105263157896,1,True,0.33123733299908054,0.09596745646354479,4.588887919161868,1.4272755822699306,4.540707926692981,0.8883221078294018,0.023167414668112604,0.7082905859519034,0.936635271716869,,
pmc_gauss_k2,6,0.05,18,2000,100,fm_hampel,1.0,0.0005263157894736842,0,101,0.11315789473684212,4,True,3.602907167000012,-1.024453867057846,1.024327306806101,1.0138086459056863,1.021061134670014,0.8876075670642868,0.910270933306656,0.6229204007370851,0.602001492055399,0.88,0.010526315789473684
pmc_gauss_k2,6,0.05,18,2000,100,fm_warm,0.0,0.0,0,0,0.46842105263157896,1,True,0.3281581669998559,0.09596745646354479,4.588887919161868,1.4272755822699306,4.540707926692981,0.8883221078294018,0.023167414668112604,0.7082905859519034,0.936635271716869,,
pmc_gauss_k2,6,0.05,18,2000,100,dpd,0.0,0.0,0,0,nan,0,True,0.05405695899935381,0.09596745646354479,4.588887919161868,1.4272755822699306,4.540707926692981,0.8883221078294018,0.023167414668112604,0.7155033510252871,0.9373200861068315,,
pmc_gauss_k2,8,0.05,18,2000,100,true_seq,1.0,0.002631578947368421,1,105,0.10789473684210527,0,True,0.2918486660000781,,,,,,,,,,
pmc_gauss_k2,8,0.05,18,2000,100,true_nonseq,1.0,0.0010526315789473684,0,102,nan,0,True,0.09792850000121689,,,,,,,,,,
pmc_gauss_k2,8,0.05,18,2000,100,true_raw,0.0,0.0,0,0,0.26421052631578945,0,True,0.0,,,,,,,,,,
pmc_gauss_k2,8,0.05,18,2000,100,clean,0.0,0.0,0,0,0.111578947368421,1,True,0.13228125000023283,-0.9923900775868574,1.0508402979988596,1.0301376510274618,1.0179369783512988,0.8875500590032142,0.906575079086148,0.6322399018189317,0.6047735962657365,,
pmc_gauss_k2,8,0.05,18,2000,100,raw,0.0,0.0,0,0,0.46842105263157896,1,True,0.23001583400036907,0.11018366864192025,5.849835830000247,1.419815112887281,5.683625736637736,0.8909975284839059,0.05055158100986932,0.7065340548004458,0.9570932940446312,,
pmc_gauss_k2,8,0.05,18,2000,100,oracle,1.0,0.0,0,100,0.111578947368421,1,True,0.22718499999973574,-0.9798332879463955,1.072431011706839,1.0149467925364193,1.0106843805350871,0.8868757464679932,0.9044060505781563,0.6299408538957391,0.6073189926037998,,
pmc_gauss_k2,8,0.05,18,2000,100,fm,0.0,0.0,0,0,0.46842105263157896,1,True,0.32697258299958776,0.11018366864192025,5.849835830000247,1.419815112887281,5.683625736637736,0.8909975284839059,0.05055158100986932,0.7065340548004458,0.9570932940446312,,
pmc_gauss_k2,8,0.05,18,2000,100,fm_hampel,1.0,0.002105263157894737,1,104,0.11631578947368426,3,True,3.486663416999363,-0.9802111596662142,1.0720145417567513,1.0071481558520294,0.9920594009045608,0.8880356423912228,0.9047288322743274,0.625874086704601,0.600878353592415,0.94,0.008947368421052631
pmc_gauss_k2,8,0.05,18,2000,100,fm_warm,0.0,0.0,0,0,0.46842105263157896,1,True,0.3268478749996575,0.11018366864192025,5.849835830000247,1.419815112887281,5.683625736637736,0.8909975284839059,0.05055158100986932,0.7065340548004458,0.9570932940446312,,
pmc_gauss_k2,8,0.05,18,2000,100,dpd,0.0,0.0,0,0,nan,0,True,0.05476345900024171,0.11018366864192025,5.849835830000247,1.419815112887281,5.683625736637736,0.8909975284839059,0.05055158100986932,0.7160392658086601,0.9570636508236275,,
pmc_gauss_k2,0,0.0,19,2000,0,true_seq,nan,0.0,0,0,0.129,0,True,0.09593887499977427,,,,,,,,,,
pmc_gauss_k2,0,0.0,19,2000,0,true_nonseq,nan,0.0,0,0,nan,0,True,0.09599058399908245,,,,,,,,,,
pmc_gauss_k2,0,0.0,19,2000,0,true_raw,nan,0.0,0,0,0.129,0,True,0.0,,,,,,,,,,
pmc_gauss_k2,0,0.0,19,2000,0,clean,nan,0.0,0,0,0.14349999999999996,1,True,0.12915591599994514,-0.9019559106932147,0.808063593878378,1.0740882541605516,0.9419343053147643,0.9012633146515306,0.8992367953388153,0.6079894163018206,0.5895622848481217,,
pmc_gauss_k2,0,0.0,19,2000,0,raw,nan,0.0,0,0,0.14349999999999996,1,True,0.13020258400138118,-0.9019559106932147,0.808063593878378,1.0740882541605516,0.9419343053147643,0.9012633146515306,0.8992367953388153,0.6079894163018206,0.5895622848481217,,
pmc_gauss_k2,0,0.0,19,2000,0,oracle,nan,0.0,0,0,0.14349999999999996,1,True,0.1262117500009481,-0.9019559106932147,0.808063593878378,1.0740882541605516,0.9419343053147643,0.9012633146515306,0.8992367953388153,0.6079894163018206,0.5895622848481217,,
pmc_gauss_k2,0,0.0,19,2000,0,fm,nan,0.0,0,0,0.14349999999999996,1,True,0.22576724999998987,-0.9019559106932147,0.808063593878378,1.0740882541605516,0.9419343053147643,0.9012633146515306,0.8992367953388153,0.6079894163018206,0.5895622848481217,,
pmc_gauss_k2,0,0.0,19,2000,0,fm_hampel,nan,0.0005,0,1,0.14349999999999996,2,True,0.5843297079991316,-0.9036484003537881,0.8068327319525559,1.0729869691671712,0.9376507854693432,0.9010753599148701,0.8989953798264817,0.6081042865204297,0.5884123752782822,nan,0.005
pmc_gauss_k2,0,0.0,19,2000,0,fm_warm,nan,0.0,0,0,0.14349999999999996,1,True,0.22154629199940246,-0.9019559106932147,0.808063593878378,1.0740882541605516,0.9419343053147643,0.9012633146515306,0.8992367953388153,0.6079894163018206,0.5895622848481217,,
pmc_gauss_k2,0,0.0,19,2000,0,dpd,nan,0.0,0,0,nan,0,True,0.050653457999942475,-0.9019559106932147,0.808063593878378,1.0740882541605516,0.9419343053147643,0.9012633146515306,0.8992367953388153,0.6115255642370147,0.5860869683794117,,
pmc_gauss_k2,4,0.01,19,2000,20,true_seq,1.0,0.0,0,20,0.13080808080808082,0,True,0.13385554200067418,,,,,,,,,,
pmc_gauss_k2,4,0.01,19,2000,20,true_nonseq,1.0,0.0,0,20,nan,0,True,0.09176283300075738,,,,,,,,,,
pmc_gauss_k2,4,0.01,19,2000,20,true_raw,0.0,0.0,0,0,0.17727272727272725,0,True,0.0,,,,,,,,,,
pmc_gauss_k2,4,0.01,19,2000,20,clean,0.0,0.0,0,0,0.14393939393939392,1,True,0.1263701249990845,-0.9019559106932147,0.808063593878378,1.0740882541605516,0.9419343053147643,0.9012633146515306,0.8992367953388153,0.6079894163018206,0.5895622848481217,,
pmc_gauss_k2,4,0.01,19,2000,20,raw,0.0,0.0,0,0,0.48989898989898994,1,True,0.8541529590002028,-0.04424985260435242,0.22070523181857205,1.2758796764555924,2.1367318876601633,0.8976058754614941,0.45548615083311655,0.6943699017918517,0.8397178458096693,,
pmc_gauss_k2,4,0.01,19,2000,20,oracle,1.0,0.0,0,20,0.14646464646464652,1,True,0.2030322080008773,-0.911759071839094,0.7933552858249464,1.0740963990181165,0.9454285661736329,0.8997699089120038,0.8996845567510324,0.6067509469730826,0.5921110577521196,,
pmc_gauss_k2,4,0.01,19,2000,20,fm,1.0,0.0,0,20,0.14646464646464652,3,True,1.7491737080017629,-0.911759071839094,0.7933552858249464,1.0740963990181165,0.9454285661736329,0.8997699089120038,0.8996845567510324,0.6067509469730826,0.5921110577521196,,
pmc_gauss_k2,4,0.01,19,2000,20,fm_hampel,1.0,0.000505050505050505,0,21,0.14646464646464652,2,True,0.8758116659992083,-0.9131432014068215,0.7923743417398582,1.0730986393189372,0.9409888808963751,0.8995934458565462,0.8993923916044795,0.6068788244862905,0.5909882542231655,0.75,0.005050505050505051
pmc_gauss_k2,4,0.01,19,2000,20,fm_warm,1.0,0.0,0,20,0.4636363636363636,4,True,2.299568458000067,0.01477405784189172,-0.3370433962975384,1.3276607070448354,1.269934216937943,0.9145637407515099,0.6941444684570591,0.698473086057931,0.7308832366454793,,
pmc_gauss_k2,4,0.01,19,2000,20,dpd,0.0,0.0,0,0,nan,0,True,0.05401387500023702,-0.04424985260435242,0.22070523181857205,1.2758796764555924,2.1367318876601633,0.8976058754614941,0.45548615083311655,0.6928178371156833,0.8377362489789041,,
pmc_gauss_k2,6,0.01,19,2000,20,true_seq,1.0,0.0,0,20,0.12878787878787878,0,True,0.13777037500040024,,,,,,,,,,
pmc_gauss_k2,6,0.01,19,2000,20,true_nonseq,1.0,0.000505050505050505,0,21,nan,0,True,0.09529062500041618,,,,,,,,,,
pmc_gauss_k2,6,0.01,19,2000,20,true_raw,0.0,0.0,0,0,0.1656565656565656,0,True,0.0,,,,,,,,,,
pmc_gauss_k2,6,0.01,19,2000,20,clean,0.0,0.0,0,0,0.14393939393939392,1,True,0.1239100420007162,-0.9019559106932147,0.808063593878378,1.0740882541605516,0.9419343053147643,0.9012633146515306,0.8992367953388153,0.6079894163018206,0.5895622848481217,,
pmc_gauss_k2,6,0.01,19,2000,20,raw,0.0,0.0,0,0,0.49191919191919187,1,True,0.6730348330002016,-0.037432884831985605,0.3742236464034011,1.2665766963067293,2.5917524431720174,0.9147579596943883,0.5156435619628386,0.683350336762551,0.8680170362907185,,
pmc_gauss_k2,6,0.01,19,2000,20,oracle,1.0,0.0,0,20,0.14090909090909087,1,True,0.20250729100007447,-0.9046257808983043,0.8075967118336693,1.073204017974446,0.9407429921685928,0.9004311507767181,0.8986363899488196,0.6079133669535,0.589808688034637,,
pmc_gauss_k2,6,0.01,19,2000,20,fm,1.0,0.0,0,20,0.14090909090909087,3,True,1.5675871669991466,-0.9046257808983043,0.8075967118336693,1.073204017974446,0.9407429921685928,0.9004311507767181,0.8986363899488196,0.6079133669535,0.589808688034637,,
pmc_gauss_k2,6,0.01,19,2000,20,fm_hampel,1.0,0.0,0,20,0.14090909090909087,2,True,0.9168925000012678,-0.9046257808983043,0.8075967118336693,1.073204017974446,0.9407429921685928,0.9004311507767181,0.8986363899488196,0.6079133669535,0.589808688034637,0.9,0.005555555555555556
pmc_gauss_k2,6,0.01,19,2000,20,fm_warm,1.0,0.0,0,20,0.44747474747474747,3,True,1.9046992089988635,0.06427823014468936,-0.4882493782717039,1.3278254001481726,1.2146333698281073,0.9136660256646353,0.6902937648169621,0.699878924274149,0.7156236267797819,,
pmc_gauss_k2,6,0.01,19,2000,20,dpd,0.0,0.0,0,0,nan,0,True,0.05123145899960946,-0.037432884831985605,0.3742236464034011,1.2665766963067293,2.5917524431720174,0.9147579596943883,0.5156435619628386,0.6830373848755403,0.8652319128184426,,
pmc_gauss_k2,8,0.01,19,2000,20,true_seq,1.0,0.0,0,20,0.13030303030303025,0,True,0.1406079159987712,,,,,,,,,,
pmc_gauss_k2,8,0.01,19,2000,20,true_nonseq,1.0,0.0,0,20,nan,0,True,0.09717170799922314,,,,,,,,,,
pmc_gauss_k2,8,0.01,19,2000,20,true_raw,0.0,0.0,0,0,0.16767676767676765,0,True,0.0,,,,,,,,,,
pmc_gauss_k2,8,0.01,19,2000,20,clean,0.0,0.0,0,0,0.14343434343434347,1,True,0.12752491699939128,-0.9019559106932147,0.808063593878378,1.0740882541605516,0.9419343053147643,0.9012633146515306,0.8992367953388153,0.6079894163018206,0.5895622848481217,,
pmc_gauss_k2,8,0.01,19,2000,20,raw,0.0,0.0,0,0,0.48484848484848486,1,True,0.27669233300002816,-0.04591982057600023,0.6214503603544249,1.2523681983462185,3.2996869518783325,0.9240781247297734,0.5513262299728372,0.6763234307320491,0.8825579894378477,,
pmc_gauss_k2,8,0.01,19,2000,20,oracle,1.0,0.0,0,20,0.1444444444444445,1,True,0.20166462500128546,-0.9003705622517388,0.8027121243587927,1.0766887361804751,0.9459403349327664,0.9015324884516548,0.8991044687709043,0.606842924732816,0.5919679845924419,,
pmc_gauss_k2,8,0.01,19,2000,20,fm,1.0,0.0,0,20,0.1444444444444445,2,True,0.7383693749998201,-0.9003705622517388,0.8027121243587927,1.0766887361804751,0.9459403349327664,0.9015324884516548,0.8991044687709043,0.606842924732816,0.5919679845924419,,
pmc_gauss_k2,8,0.01,19,2000,20,fm_hampel,1.0,0.0,0,20,0.1444444444444445,2,True,0.662143167000977,-0.9003705622517388,0.8027121243587927,1.0766887361804751,0.9459403349327664,0.9015324884516548,0.8991044687709043,0.606842924732816,0.5919679845924419,1.0,0.004545454545454545
pmc_gauss_k2,8,0.01,19,2000,20,fm_warm,1.0,0.0,0,20,0.4545454545454546,2,True,1.5282955000002403,0.05292671363278259,-0.4660524937617633,1.3311178693225452,1.2160420468337658,0.913757343620145,0.691074081695071,0.6992657558538248,0.7174360556697261,,
pmc_gauss_k2,8,0.01,19,2000,20,dpd,0.0,0.0,0,0,nan,0,True,0.05221266700027627,-0.04591982057600023,0.6214503603544249,1.2523681983462185,3.2996869518783325,0.9240781247297734,0.5513262299728372,0.6773522831057505,0.8834772027323579,,
pmc_gauss_k2,4,0.05,19,2000,100,true_seq,0.86,0.0,0,86,0.13105263157894742,0,True,0.25730270799977006,,,,,,,,,,
pmc_gauss_k2,4,0.05,19,2000,100,true_nonseq,0.86,0.0005263157894736842,0,87,nan,0,True,0.09777870899961272,,,,,,,,,,
pmc_gauss_k2,4,0.05,19,2000,100,true_raw,0.0,0.0,0,0,0.25473684210526315,0,True,0.0,,,,,,,,,,
pmc_gauss_k2,4,0.05,19,2000,100,clean,0.0,0.0,0,0,0.14578947368421058,1,True,0.12336987500020768,-0.9019559106932147,0.808063593878378,1.0740882541605516,0.9419343053147643,0.9012633146515306,0.8992367953388153,0.6079894163018206,0.5895622848481217,,
pmc_gauss_k2,4,0.05,19,2000,100,raw,0.0,0.0,0,0,0.46578947368421053,1,True,0.3773530420003226,-0.07284100347462878,2.367885436697641,1.3065684269490772,2.7985983427020398,0.8711875650503387,0.015699713720163714,0.6871937802216515,0.923460979557729,,
pmc_gauss_k2,4,0.05,19,2000,100,oracle,1.0,0.0,0,100,0.14578947368421058,1,True,0.23166666699944471,-0.9005981916496029,0.8104011736587402,1.0749916592668642,0.9488552275445963,0.9008702077424681,0.8989787929606484,0.602324172969759,0.59164981618663,,
pmc_gauss_k2,4,0.05,19,2000,100,fm,0.01,0.0,0,1,0.4636842105263158,2,True,1.1777132919996802,-0.07699760938227174,2.3665409182810375,1.3046650207070305,2.7714654235347886,0.8707831301141867,0.015239768518017751,0.6876290281364229,0.9276677503819344,,
pmc_gauss_k2,4,0.05,19,2000,100,fm_hampel,0.01,0.0,0,1,0.4636842105263158,4,True,4.150113792000411,-0.07699760938227174,2.3665409182810375,1.3046650207070305,2.7714654235347886,0.8707831301141867,0.015239768518017751,0.6876290281364229,0.9276677503819344,0.69,0.0036842105263157894
pmc_gauss_k2,4,0.05,19,2000,100,fm_warm,0.01,0.0,0,1,0.4636842105263158,2,True,0.6627178750004532,-0.07626045113962998,2.3791581515271165,1.3049095077285207,2.7755540120956264,0.8715764409754341,0.012992183111798204,0.6875303701445744,0.9306173762792533,,
pmc_gauss_k2,4,0.05,19,2000,100,dpd,0.0,0.0,0,0,nan,0,True,0.05101612500038755,-0.07284100347462878,2.367885436697641,1.3065684269490772,2.7985983427020398,0.8711875650503387,0.015699713720163714,0.6881943518530929,0.9321546455416048,,
pmc_gauss_k2,6,0.05,19,2000,100,true_seq,1.0,0.0,0,100,0.13315789473684214,0,True,0.28008862500064424,,,,,,,,,,
pmc_gauss_k2,6,0.05,19,2000,100,true_nonseq,1.0,0.0005263157894736842,0,101,nan,0,True,0.09663029200055462,,,,,,,,,,
pmc_gauss_k2,6,0.05,19,2000,100,true_raw,0.0,0.0,0,0,0.2042105263157895,0,True,0.0,,,,,,,,,,
pmc_gauss_k2,6,0.05,19,2000,100,clean,0.0,0.0,0,0,0.14315789473684215,1,True,0.12633612500030722,-0.9019559106932147,0.808063593878378,1.0740882541605516,0.9419343053147643,0.9012633146515306,0.8992367953388153,0.6079894163018206,0.5895622848481217,,
pmc_gauss_k2,6,0.05,19,2000,100,raw,0.0,0.0,0,0,0.46684210526315795,1,True,0.4340588340000977,-0.06544808075200242,4.00256569254145,1.3055943577996814,4.026520447747812,0.8929309155621789,0.038248462401072464,0.6782310891790584,0.9882303674253919,,
pmc_gauss_k2,6,0.05,19,2000,100,oracle,1.0,0.0,0,100,0.13210526315789473,1,True,0.23174770800142142,-0.9082464161531467,0.8231981970854483,1.0636582694829293,0.9360304726053844,0.9007671829339463,0.8978878923942891,0.6109832756595104,0.5841272494862639,,
pmc_gauss_k2,6,0.05,19,2000,100,fm,0.0,0.0,0,0,0.46684210526315795,1,True,0.5387658749987168,-0.06544808075200242,4.00256569254145,1.3055943577996814,4.026520447747812,0.8929309155621789,0.038248462401072464,0.6782310891790584,0.9882303674253919,,
pmc_gauss_k2,6,0.05,19,2000,100,fm_hampel,1.0,0.0,0,100,0.13210526315789473,3,True,3.1593604999998206,-0.9082464161531467,0.8231981970854483,1.0636582694829293,0.9360304726053844,0.9007671829339463,0.8978878923942891,0.6109832756595104,0.5841272494862639,0.83,0.004210526315789474
pmc_gauss_k2,6,0.05,19,2000,100,fm_warm,0.0,0.0,0,0,0.46684210526315795,1,True,0.53490554200107,-0.06544808075200242,4.00256569254145,1.3055943577996814,4.026520447747812,0.8929309155621789,0.038248462401072464,0.6782310891790584,0.9882303674253919,,
pmc_gauss_k2,6,0.05,19,2000,100,dpd,0.0,0.0,0,0,nan,0,True,0.054152749999047955,-0.06544808075200242,4.00256569254145,1.3055943577996814,4.026520447747812,0.8929309155621789,0.038248462401072464,0.6817077484923896,0.9885029647191358,,
pmc_gauss_k2,8,0.05,19,2000,100,true_seq,1.0,0.0,0,100,0.13263157894736843,0,True,0.28250820799985377,,,,,,,,,,
pmc_gauss_k2,8,0.05,19,2000,100,true_nonseq,1.0,0.002105263157894737,1,104,nan,0,True,0.09505983400049445,,,,,,,,,,
pmc_gauss_k2,8,0.05,19,2000,100,true_raw,0.0,0.0,0,0,0.21578947368421053,0,True,0.0,,,,,,,,,,
pmc_gauss_k2,8,0.05,19,2000,100,clean,0.0,0.0,0,0,0.14105263157894732,1,True,0.1281661670000176,-0.9019559106932147,0.808063593878378,1.0740882541605516,0.9419343053147643,0.9012633146515306,0.8992367953388153,0.6079894163018206,0.5895622848481217,,
pmc_gauss_k2,8,0.05,19,2000,100,raw,0.0,0.0,0,0,0.4715789473684211,1,True,0.27839720900010434,-0.0712045756341973,5.838541506867684,1.3023401366510732,5.4375987951411835,0.9019289831553525,0.036067335528176175,0.6641836924446853,-0.4916548925055123,,
pmc_gauss_k2,8,0.05,19,2000,100,oracle,1.0,0.0,0,100,0.14105263157894732,1,True,0.22747520799930498,-0.9153680259606253,0.8023760992923021,1.0762206666704723,0.9459470442478539,0.8992146156973762,0.897943478735736,0.6061913402686723,0.5865745425337863,,
pmc_gauss_k2,8,0.05,19,2000,100,fm,0.0,0.0,0,0,0.4715789473684211,1,True,0.38001429100040696,-0.0712045756341973,5.838541506867684,1.3023401366510732,5.4375987951411835,0.9019289831553525,0.036067335528176175,0.6641836924446853,-0.4916548925055123,,
pmc_gauss_k2,8,0.05,19,2000,100,fm_hampel,1.0,0.0,0,100,0.14105263157894732,2,True,2.65532308299953,-0.9153680259606253,0.8023760992923021,1.0762206666704723,0.9459470442478539,0.8992146156973762,0.897943478735736,0.6061913402686723,0.5865745425337863,0.92,0.005263157894736842
pmc_gauss_k2,8,0.05,19,2000,100,fm_warm,0.0,0.0,0,0,0.4715789473684211,1,True,0.38304045900076744,-0.0712045756341973,5.838541506867684,1.3023401366510732,5.4375987951411835,0.9019289831553525,0.036067335528176175,0.6641836924446853,-0.4916548925055123,,
pmc_gauss_k2,8,0.05,19,2000,100,dpd,0.0,0.0,0,0,nan,0,True,0.05076266699870757,-0.0712045756341973,5.838541506867684,1.3023401366510732,5.4375987951411835,0.9019289831553525,0.036067335528176175,0.6730727674377347,-0.5220041589999265,,
pmc_gauss_k2,0,0.0,20,2000,0,true_seq,nan,0.0015,0,3,0.07799999999999996,0,True,0.10749858400049561,,,,,,,,,,
pmc_gauss_k2,0,0.0,20,2000,0,true_nonseq,nan,0.0015,0,3,nan,0,True,0.09756729199943948,,,,,,,,,,
pmc_gauss_k2,0,0.0,20,2000,0,true_raw,nan,0.0,0,0,0.07750000000000001,0,True,0.0,,,,,,,,,,
pmc_gauss_k2,0,0.0,20,2000,0,clean,nan,0.0,0,0,0.06999999999999995,1,True,0.12762087499868358,-0.897469377478503,1.0770935877304977,0.9935849341028596,1.0381381284431088,0.9048896561057984,0.8844432477192165,0.595005752598865,0.6067835570085685,,
pmc_gauss_k2,0,0.0,20,2000,0,raw,nan,0.0,0,0,0.06999999999999995,1,True,0.12806229099987831,-0.897469377478503,1.0770935877304977,0.9935849341028596,1.0381381284431088,0.9048896561057984,0.8844432477192165,0.595005752598865,0.6067835570085685,,
pmc_gauss_k2,0,0.0,20,2000,0,oracle,nan,0.0,0,0,0.06999999999999995,1,True,0.1346829579997575,-0.897469377478503,1.0770935877304977,0.9935849341028596,1.0381381284431088,0.9048896561057984,0.8844432477192165,0.595005752598865,0.6067835570085685,,
pmc_gauss_k2,0,0.0,20,2000,0,fm,nan,0.0015,0,3,0.0695,2,True,0.5255777920010587,-0.8984397074830288,1.065155079827067,0.9752099200846993,1.04389800451646,0.9029325618406955,0.8847482431576618,0.5965987238510134,0.6061406813631233,,
pmc_gauss_k2,0,0.0,20,2000,0,fm_hampel,nan,0.0015,0,3,0.0695,2,True,0.6015590830011206,-0.8984397074830288,1.065155079827067,0.9752099200846993,1.04389800451646,0.9029325618406955,0.8847482431576618,0.5965987238510134,0.6061406813631233,nan,0.0105
pmc_gauss_k2,0,0.0,20,2000,0,fm_warm,nan,0.0015,0,3,0.07199999999999995,2,True,0.4096148330008873,-0.8803075634645976,1.0891276298587897,0.9840889909196939,1.0331934423000524,0.9055887337878847,0.883019708850145,0.5998108405357921,0.606578718448943,,
pmc_gauss_k2,0,0.0,20,2000,0,dpd,nan,0.0,0,0,nan,0,True,0.05229029199836077,-0.897469377478503,1.0770935877304977,0.9935849341028596,1.0381381284431088,0.9048896561057984,0.8844432477192165,0.589652327060941,0.6079867080267484,,
pmc_gauss_k2,4,0.01,20,2000,20,true_seq,0.95,0.0015151515151515152,0,22,0.07828282828282829,0,True,0.14132216699908895,,,,,,,,,,
pmc_gauss_k2,4,0.01,20,2000,20,true_nonseq,0.95,0.0015151515151515152,0,22,nan,0,True,0.09518058299909171,,,,,,,,,,
pmc_gauss_k2,4,0.01,20,2000,20,true_raw,0.0,0.0,0,0,0.10656565656565653,0,True,0.0,,,,,,,,,,
pmc_gauss_k2,4,0.01,20,2000,20,clean,0.0,0.0,0,0,0.07020202020202015,1,True,0.12759887500033074,-0.897469377478503,1.0770935877304977,0.9935849341028596,1.0381381284431088,0.9048896561057984,0.8844432477192165,0.595005752598865,0.6067835570085685,,
pmc_gauss_k2,4,0.01,20,2000,20,raw,0.0,0.0,0,0,0.20454545454545459,1,True,0.43839712500084715,-0.5197815441051072,1.1216603302871597,1.2172479188027245,1.4257302653053998,0.8814965084738645,0.7772785288211417,0.6678374974438565,0.7387858227882734,,
pmc_gauss_k2,4,0.01,20,2000,20,oracle,1.0,0.0,0,20,0.07171717171717173,1,True,0.20307291599965538,-0.8878160022174346,1.085451229706393,0.9965602446572968,1.0387988477964798,0.9052225941675228,0.8833325083601893,0.595340784736424,0.6104128464389253,,
pmc_gauss_k2,4,0.01,20,2000,20,fm,0.9,0.0015151515151515152,0,21,0.07121212121212117,3,True,1.2225320000015927,-0.8879532383249564,1.0765979133759633,0.9788269202710014,1.0487921351609277,0.9017606557307236,0.8822052465881297,0.5962701729869428,0.6099753144322991,,
pmc_gauss_k2,4,0.01,20,2000,20,fm_hampel,0.9,0.0015151515151515152,0,21,0.07121212121212117,3,True,1.0061047079998389,-0.8879532383249564,1.0765979133759633,0.9788269202710014,1.0487921351609277,0.9017606557307236,0.8822052465881297,0.5962701729869428,0.6099753144322991,0.7,0.010101010101010102
pmc_gauss_k2,4,0.01,20,2000,20,fm_warm,0.9,0.0015151515151515152,0,21,0.0888888888888889,3,True,1.4545919170013804,-0.8144978183738453,1.1893636090049844,1.0060449992340004,1.0020925629831066,0.9078265415351966,0.8669082203873912,0.6060586411725538,0.6029828449803375,,
pmc_gauss_k2,4,0.01,20,2000,20,dpd,0.0,0.0,0,0,nan,0,True,0.05655933299931348,-0.5197815441051072,1.1216603302871597,1.2172479188027245,1.4257302653053998,0.8814965084738645,0.7772785288211417,0.6636527701199513,0.7334351827273381,,
pmc_gauss_k2,6,0.01,20,2000,20,true_seq,1.0,0.0015151515151515152,0,23,0.07828282828282829,0,True,0.1412213330004306,,,,,,,,,,
pmc_gauss_k2,6,0.01,20,2000,20,true_nonseq,1.0,0.0015151515151515152,0,23,nan,0,True,0.09487829099998635,,,,,,,,,,
pmc_gauss_k2,6,0.01,20,2000,20,true_raw,0.0,0.0,0,0,0.08434343434343439,0,True,0.0,,,,,,,,,,
pmc_gauss_k2,6,0.01,20,2000,20,clean,0.0,0.0,0,0,0.06919191919191914,1,True,0.12779079100073432,-0.897469377478503,1.0770935877304977,0.9935849341028596,1.0381381284431088,0.9048896561057984,0.8844432477192165,0.595005752598865,0.6067835570085685,,
pmc_gauss_k2,6,0.01,20,2000,20,raw,0.0,0.0,0,0,0.45101010101010097,1,True,0.7653132089999417,-0.051105081830724305,0.6205947138082042,1.363195844138414,2.367732309061197,0.89924590175002,0.5777678734989639,0.7079664343870289,0.8439829615353915,,
pmc_gauss_k2,6,0.01,20,2000,20,oracle,1.0,0.0,0,20,0.06868686868686869,1,True,0.19812062500022876,-0.9036904775480037,1.0621201126263187,0.9982889815590763,1.0410580306579011,0.9036432627223301,0.8856322558558836,0.5961764705045852,0.606354825247379,,
pmc_gauss_k2,6,0.01,20,2000,20,fm,1.0,0.0015151515151515152,0,23,0.06868686868686869,3,True,1.533799541000917,-0.9109754085409199,1.0431155963615537,0.9764598485304404,1.0496378386404221,0.9013612315706334,0.8871670673695763,0.5981833365370055,0.6036325043822851,,
pmc_gauss_k2,6,0.01,20,2000,20,fm_hampel,1.0,0.0015151515151515152,0,23,0.06868686868686869,3,True,1.060791625001002,-0.9109754085409199,1.0431155963615537,0.9764598485304404,1.0496378386404221,0.9013612315706334,0.8871670673695763,0.5981833365370055,0.6036325043822851,0.85,0.00909090909090909
pmc_gauss_k2,6,0.01,20,2000,20,fm_warm,1.0,0.00101010101010101,0,22,0.4818181818181818,3,True,1.979169666999951,0.07093471430005593,-0.17719656318688787,1.4567365526590899,1.2598629854684293,0.895667420209233,0.7370229075085443,0.7191655961637152,0.738020742418553,,
pmc_gauss_k2,6,0.01,20,2000,20,dpd,0.0,0.0,0,0,nan,0,True,0.052418375000343076,-0.051105081830724305,0.6205947138082042,1.363195844138414,2.367732309061197,0.89924590175002,0.5777678734989639,0.7067308847638116,0.8404613546471899,,
pmc_gauss_k2,8,0.01,20,2000,20,true_seq,1.0,0.0015151515151515152,0,23,0.07878787878787874,0,True,0.14306625000062922,,,,,,,,,,
pmc_gauss_k2,8,0.01,20,2000,20,true_nonseq,1.0,0.00202020202020202,1,24,nan,0,True,0.09498329199959699,,,,,,,,,,
pmc_gauss_k2,8,0.01,20,2000,20,true_raw,0.0,0.0,0,0,0.10606060606060608,0,True,0.0,,,,,,,,,,
pmc_gauss_k2,8,0.01,20,2000,20,clean,0.0,0.0,0,0,0.07020202020202015,1,True,0.13045966700155986,-0.897469377478503,1.0770935877304977,0.9935849341028596,1.0381381284431088,0.9048896561057984,0.8844432477192165,0.595005752598865,0.6067835570085685,,
pmc_gauss_k2,8,0.01,20,2000,20,raw,0.0,0.0,0,0,0.45252525252525255,1,True,0.5674827499988169,-0.03288348436651441,0.690468833406298,1.3464500063097868,2.862310793240438,0.905604550775292,0.6046320321142216,0.7037681692647495,0.8652890521862834,,
pmc_gauss_k2,8,0.01,20,2000,20,oracle,1.0,0.0,0,20,0.07272727272727275,1,True,0.19806599999901664,-0.8885370812048486,1.0891794902803262,0.9905271250209166,1.0346220778014723,0.9049848762598761,0.883621988886654,0.5939991365872526,0.6061528922858845,,
pmc_gauss_k2,8,0.01,20,2000,20,fm,1.0,0.0015151515151515152,0,23,0.07070707070707072,3,True,1.338181999999506,-0.897446786725272,1.0644066696107948,0.9685021432103584,1.0464715393596402,0.9023449870614749,0.8854986499711053,0.596323664959733,0.6040255296259541,,
pmc_gauss_k2,8,0.01,20,2000,20,fm_hampel,1.0,0.0015151515151515152,0,23,0.07070707070707072,2,True,0.6535664160001033,-0.897446786725272,1.0644066696107948,0.9685021432103584,1.0464715393596402,0.9023449870614749,0.8854986499711053,0.596323664959733,0.6040255296259541,0.95,0.010606060606060607
pmc_gauss_k2,8,0.01,20,2000,20,fm_warm,1.0,0.00101010101010101,0,22,0.40555555555555556,3,True,2.068684874999235,0.13970169963587803,-0.2534531282695326,1.4932954371868943,1.1819225710658376,0.8983115318003373,0.808803631096694,0.7173625578865097,0.7172479938827881,,
pmc_gauss_k2,8,0.01,20,2000,20,dpd,0.0,0.0,0,0,nan,0,True,0.052756291999685345,-0.03288348436651441,0.690468833406298,1.3464500063097868,2.862310793240438,0.905604550775292,0.6046320321142216,0.7033599660296054,0.8618736921839121,,
pmc_gauss_k2,4,0.05,20,2000,100,true_seq,0.92,0.0015789473684210526,0,95,0.07473684210526321,0,True,0.2746258339993801,,,,,,,,,,
pmc_gauss_k2,4,0.05,20,2000,100,true_nonseq,0.92,0.002631578947368421,0,97,nan,0,True,0.09679833299924212,,,,,,,,,,
pmc_gauss_k2,4,0.05,20,2000,100,true_raw,0.0,0.0,0,0,0.17894736842105263,0,True,0.0,,,,,,,,,,
pmc_gauss_k2,4,0.05,20,2000,100,clean,0.0,0.0,0,0,0.06842105263157894,1,True,0.1264219590011635,-0.897469377478503,1.0770935877304977,0.9935849341028596,1.0381381284431088,0.9048896561057984,0.8844432477192165,0.595005752598865,0.6067835570085685,,
pmc_gauss_k2,4,0.05,20,2000,100,raw,0.0,0.0,0,0,0.42263157894736847,1,True,0.4235056670004269,-0.04211869824089101,2.4250655605865163,1.388260525333354,2.9686382143649688,0.8597578362010955,0.05282050533267711,0.7144531712147703,0.9201824821125913,,
pmc_gauss_k2,4,0.05,20,2000,100,oracle,1.0,0.0,0,100,0.06894736842105265,1,True,0.22965362499962794,-0.9038141083622446,1.078109781671819,0.986887679412602,1.0426427372935632,0.905552413389382,0.8861686209702441,0.5967112794082459,0.6186370099020726,,
pmc_gauss_k2,4,0.05,20,2000,100,fm,0.0,0.0,0,0,0.42263157894736847,1,True,0.5028870409987576,-0.04211869824089101,2.4250655605865163,1.388260525333354,2.9686382143649688,0.8597578362010955,0.05282050533267711,0.7144531712147703,0.9201824821125913,,
pmc_gauss_k2,4,0.05,20,2000,100,fm_hampel,0.0,0.0,0,0,0.42263157894736847,3,True,2.7201700839996192,-0.04211869824089101,2.4250655605865163,1.388260525333354,2.9686382143649688,0.8597578362010955,0.05282050533267711,0.7144531712147703,0.9201824821125913,0.57,0.005263157894736842
pmc_gauss_k2,4,0.05,20,2000,100,fm_warm,0.0,0.0,0,0,0.42263157894736847,1,True,0.5153619579996302,-0.04211869824089101,2.4250655605865163,1.388260525333354,2.9686382143649688,0.8597578362010955,0.05282050533267711,0.7144531712147703,0.9201824821125913,,
pmc_gauss_k2,4,0.05,20,2000,100,dpd,0.0,0.0,0,0,nan,0,True,0.05325004199949035,-0.04211869824089101,2.4250655605865163,1.388260525333354,2.9686382143649688,0.8597578362010955,0.05282050533267711,0.7148102988615175,0.9188433231693294,,
pmc_gauss_k2,6,0.05,20,2000,100,true_seq,1.0,0.0015789473684210526,0,103,0.07684210526315793,0,True,0.28809191700020165,,,,,,,,,,
pmc_gauss_k2,6,0.05,20,2000,100,true_nonseq,1.0,0.002631578947368421,0,105,nan,0,True,0.09633345899965207,,,,,,,,,,
pmc_gauss_k2,6,0.05,20,2000,100,true_raw,0.0,0.0,0,0,0.2021052631578948,0,True,0.0,,,,,,,,,,
pmc_gauss_k2,6,0.05,20,2000,100,clean,0.0,0.0,0,0,0.06999999999999995,1,True,0.1282136249992618,-0.897469377478503,1.0770935877304977,0.9935849341028596,1.0381381284431088,0.9048896561057984,0.8844432477192165,0.595005752598865,0.6067835570085685,,
pmc_gauss_k2,6,0.05,20,2000,100,raw,0.0,0.0,0,0,0.4268421052631579,1,True,0.281931291001456,-0.04471555225081697,3.8588373564798406,1.3752708562971874,4.255719196786567,0.8762665611394518,0.07838840825798869,0.6918743343623817,0.9289782590900819,,
pmc_gauss_k2,6,0.05,20,2000,100,oracle,1.0,0.0,0,100,0.07473684210526321,1,True,0.2296398339985899,-0.8802017264939531,1.0779317647803883,1.0038645555392858,1.0392949073669377,0.9063372814443881,0.884250458464815,0.5872827828685784,0.6081576779262381,,
pmc_gauss_k2,6,0.05,20,2000,100,fm,0.0,0.0,0,0,0.4268421052631579,1,True,0.38308704100018076,-0.04471555225081697,3.8588373564798406,1.3752708562971874,4.255719196786567,0.8762665611394518,0.07838840825798869,0.6918743343623817,0.9289782590900819,,
pmc_gauss_k2,6,0.05,20,2000,100,fm_hampel,1.0,0.0015789473684210526,0,103,0.06999999999999995,4,True,3.5256239169993933,-0.8791370915784273,1.0692086108004628,0.9854961971465787,1.0434297612928483,0.9046247637759258,0.8842435553105162,0.5888845010596347,0.6070138085464492,0.83,0.009473684210526316
pmc_gauss_k2,6,0.05,20,2000,100,fm_warm,0.0,0.0,0,0,0.4268421052631579,1,True,0.38161891599884257,-0.04471555225081697,3.8588373564798406,1.3752708562971874,4.255719196786567,0.8762665611394518,0.07838840825798869,0.6918743343623817,0.9289782590900819,,
pmc_gauss_k2,6,0.05,20,2000,100,dpd,0.0,0.0,0,0,nan,0,True,0.05216962499980582,-0.04471555225081697,3.8588373564798406,1.3752708562971874,4.255719196786567,0.8762665611394518,0.07838840825798869,0.6957530363756794,0.9294948164626954,,
pmc_gauss_k2,8,0.05,20,2000,100,true_seq,1.0,0.0015789473684210526,0,103,0.08105263157894738,0,True,0.28635504200065043,,,,,,,,,,
pmc_gauss_k2,8,0.05,20,2000,100,true_nonseq,1.0,0.0015789473684210526,0,103,nan,0,True,0.09488124999916181,,,,,,,,,,
pmc_gauss_k2,8,0.05,20,2000,100,true_raw,0.0,0.0,0,0,0.21947368421052627,0,True,0.0,,,,,,,,,,
pmc_gauss_k2,8,0.05,20,2000,100,clean,0.0,0.0,0,0,0.07157894736842108,1,True,0.12686891700104752,-0.897469377478503,1.0770935877304977,0.9935849341028596,1.0381381284431088,0.9048896561057984,0.8844432477192165,0.595005752598865,0.6067835570085685,,
pmc_gauss_k2,8,0.05,20,2000,100,raw,0.0,0.0,0,0,0.43052631578947365,1,True,0.23320170800070628,-0.044144868780693666,5.465181388939323,1.3833964867682857,5.74876260831439,0.8875892166604754,0.08492923831358179,0.6919517317138814,0.9469877798407821,,
pmc_gauss_k2,8,0.05,20,2000,100,oracle,1.0,0.0,0,100,0.07315789473684209,1,True,0.23120150000067952,-0.89476111813354,1.06653812656472,0.9923719110556181,1.0583976183347303,0.904305908600791,0.8834249987658336,0.597911756250403,0.6160675588513752,,
pmc_gauss_k2,8,0.05,20,2000,100,fm,0.0,0.0,0,0,0.43052631578947365,1,True,0.33103345899871783,-0.044144868780693666,5.465181388939323,1.3833964867682857,5.74876260831439,0.8875892166604754,0.08492923831358179,0.6919517317138814,0.9469877798407821,,
pmc_gauss_k2,8,0.05,20,2000,100,fm_hampel,1.0,0.0015789473684210526,0,103,0.07578947368421052,3,True,2.125783417001003,-0.8917609506613622,1.0580071137266591,0.9748659271690115,1.0631821825764414,0.9032556406880097,0.8840790758917803,0.5990445014068355,0.6155426147352391,0.96,0.006842105263157895
pmc_gauss_k2,8,0.05,20,2000,100,fm_warm,0.0,0.0,0,0,0.43052631578947365,1,True,0.3224315410006966,-0.044144868780693666,5.465181388939323,1.3833964867682857,5.74876260831439,0.8875892166604754,0.08492923831358179,0.6919517317138814,0.9469877798407821,,
pmc_gauss_k2,8,0.05,20,2000,100,dpd,0.0,0.0,0,0,nan,0,True,0.0529802919991198,-0.044144868780693666,5.465181388939323,1.3833964867682857,5.74876260831439,0.8875892166604754,0.08492923831358179,0.6985476763554365,0.9474628166124704,,
pmc_gauss_k2,0,0.0,21,2000,0,true_seq,nan,0.0035,0,7,0.11599999999999999,0,True,0.11301220800123701,,,,,,,,,,
pmc_gauss_k2,0,0.0,21,2000,0,true_nonseq,nan,0.002,0,4,nan,0,True,0.09714937500029919,,,,,,,,,,
pmc_gauss_k2,0,0.0,21,2000,0,true_raw,nan,0.0,0,0,0.11399999999999999,0,True,0.0,,,,,,,,,,
pmc_gauss_k2,0,0.0,21,2000,0,clean,nan,0.0,0,0,0.11399999999999999,1,True,0.15599687499889114,-1.0245660190417443,0.9869864216052345,0.9677653462200475,0.8921327694292422,0.8940784837726784,0.8889115446195687,0.5884403218014534,0.5484075752822183,,
pmc_gauss_k2,0,0.0,21,2000,0,raw,nan,0.0,0,0,0.11399999999999999,1,True,0.15590304199940874,-1.0245660190417443,0.9869864216052345,0.9677653462200475,0.8921327694292422,0.8940784837726784,0.8889115446195687,0.5884403218014534,0.5484075752822183,,
pmc_gauss_k2,0,0.0,21,2000,0,oracle,nan,0.0,0,0,0.11399999999999999,1,True,0.15628666699922178,-1.0245660190417443,0.9869864216052345,0.9677653462200475,0.8921327694292422,0.8940784837726784,0.8889115446195687,0.5884403218014534,0.5484075752822183,,
pmc_gauss_k2,0,0.0,21,2000,0,fm,nan,0.004,0,8,0.11850000000000005,2,True,0.6341754160002893,-1.0144172666405478,0.9925183083871718,0.9338605913795744,0.8758728297798652,0.8940046037124542,0.8885499477515465,0.5765893510008177,0.5402390165223346,,
pmc_gauss_k2,0,0.0,21,2000,0,fm_hampel,nan,0.004,0,8,0.11850000000000005,2,True,0.7124184999993304,-1.0144172666405478,0.9925183083871718,0.9338605913795744,0.8758728297798652,0.8940046037124542,0.8885499477515465,0.5765893510008177,0.5402390165223346,nan,0.008
pmc_gauss_k2,0,0.0,21,2000,0,fm_warm,nan,0.004,0,8,0.12,2,True,0.4630727500007197,-1.0042308473112895,0.9893595445401933,0.9430914882201586,0.881061706799037,0.8954521786669243,0.8892690263704961,0.588793120913893,0.5456519929767638,,
pmc_gauss_k2,0,0.0,21,2000,0,dpd,nan,0.0,0,0,nan,0,True,0.0519329580001795,-1.0245660190417443,0.9869864216052345,0.9677653462200475,0.8921327694292422,0.8940784837726784,0.8889115446195687,0.58645251799068,0.5414102024253683,,
pmc_gauss_k2,4,0.01,21,2000,20,true_seq,0.95,0.0035353535353535356,0,26,0.11717171717171715,0,True,0.14994833299897437,,,,,,,,,,
pmc_gauss_k2,4,0.01,21,2000,20,true_nonseq,0.95,0.00202020202020202,0,23,nan,0,True,0.09722033400066721,,,,,,,,,,
pmc_gauss_k2,4,0.01,21,2000,20,true_raw,0.0,0.0,0,0,0.1333333333333333,0,True,0.0,,,,,,,,,,
pmc_gauss_k2,4,0.01,21,2000,20,clean,0.0,0.0,0,0,0.1141414141414141,1,True,0.15214854100122466,-1.0245660190417443,0.9869864216052345,0.9677653462200475,0.8921327694292422,0.8940784837726784,0.8889115446195687,0.5884403218014534,0.5484075752822183,,
pmc_gauss_k2,4,0.01,21,2000,20,raw,0.0,0.0,0,0,0.4505050505050505,1,True,0.6595612499986601,-0.14401896180739276,0.4225198686015038,1.319821500481855,1.7164593217519701,0.8674439918845501,0.6509568486966487,0.7206171408794859,0.7520122847669406,,
pmc_gauss_k2,4,0.01,21,2000,20,oracle,1.0,0.0,0,20,0.11262626262626263,1,True,0.08059658300044248,-1.0096297520673194,0.9445764142157723,0.9910500129636666,0.933437365890399,0.8950644314838263,0.8931108088579232,0.5992487377002694,0.5924180877983457,,
pmc_gauss_k2,4,0.01,21,2000,20,fm,1.0,0.00404040404040404,0,28,0.12070707070707065,5,True,2.1119879580000998,-1.0017466375729183,1.0058921769006965,0.9395308889624956,0.8713361804652504,0.8950124739068818,0.8869616588169222,0.5794500788788429,0.5375455873772282,,
pmc_gauss_k2,4,0.01,21,2000,20,fm_hampel,1.0,0.00404040404040404,0,28,0.12070707070707065,3,True,1.1559889589989325,-1.0017466375729183,1.0058921769006965,0.9395308889624956,0.8713361804652504,0.8950124739068818,0.8869616588169222,0.5794500788788429,0.5375455873772282,0.75,0.00808080808080808
pmc_gauss_k2,4,0.01,21,2000,20,fm_warm,0.7,0.0030303030303030303,0,20,0.3388888888888889,4,True,1.9477609999994456,-0.27826175613699355,0.43549266137654685,1.3515304541411954,1.2845888102173146,0.8884313817860863,0.8038479944905536,0.716170516098638,0.6822614976144,,
pmc_gauss_k2,4,0.01,21,2000,20,dpd,0.0,0.0,0,0,nan,0,True,0.051982917000714224,-0.14401896180739276,0.4225198686015038,1.319821500481855,1.7164593217519701,0.8674439918845501,0.6509568486966487,0.7171584425103514,0.7471723496292652,,
pmc_gauss_k2,6,0.01,21,2000,20,true_seq,1.0,0.0035353535353535356,0,27,0.11464646464646466,0,True,0.15070045799984655,,,,,,,,,,
pmc_gauss_k2,6,0.01,21,2000,20,true_nonseq,1.0,0.00202020202020202,0,24,nan,0,True,0.09599270800026716,,,,,,,,,,
pmc_gauss_k2,6,0.01,21,2000,20,true_raw,0.0,0.0,0,0,0.1646464646464646,0,True,0.0,,,,,,,,,,
pmc_gauss_k2,6,0.01,21,2000,20,clean,0.0,0.0,0,0,0.11363636363636365,1,True,0.15288820800014946,-1.0245660190417443,0.9869864216052345,0.9677653462200475,0.8921327694292422,0.8940784837726784,0.8889115446195687,0.5884403218014534,0.5484075752822183,,
pmc_gauss_k2,6,0.01,21,2000,20,raw,0.0,0.0,0,0,0.4808080808080808,1,True,0.6571894999997312,-0.08010510836341983,0.43626254354263116,1.2943023372042395,2.290993014580324,0.8865855791033016,0.6230523686941974,0.7052645440743923,0.81416506578185,,
pmc_gauss_k2,6,0.01,21,2000,20,oracle,1.0,0.0,0,20,0.11515151515151512,1,True,0.24739233299987973,-1.02292759142478,0.9941382000370832,0.9645248809258291,0.8916325529299401,0.8944990944427429,0.8886719799394941,0.5888786039176669,0.545421109076949,,
pmc_gauss_k2,6,0.01,21,2000,20,fm,1.0,0.00404040404040404,0,28,0.11818181818181817,3,True,1.2559139999993931,-0.9920513737136494,0.9427869562554515,0.9622110564464277,0.9269657283889877,0.8957037164164516,0.8934168640733815,0.6000433514278458,0.589887464157466,,
pmc_gauss_k2,6,0.01,21,2000,20,fm_hampel,1.0,0.00404040404040404,0,28,0.11818181818181817,3,True,0.7625357919987437,-0.9920513737136494,0.9427869562554515,0.9622110564464277,0.9269657283889877,0.8957037164164516,0.8934168640733815,0.6000433514278458,0.589887464157466,0.9,0.007575757575757576
pmc_gauss_k2,6,0.01,21,2000,20,fm_warm,1.0,0.00101010101010101,0,22,0.3055555555555556,3,True,2.0821905419998075,0.17094584508333904,-0.3092025548018662,1.4047173301896096,1.269854275994785,0.882511508204243,0.8541676728568016,0.6970946348617738,0.7174205029695521,,
pmc_gauss_k2,6,0.01,21,2000,20,dpd,0.0,0.0,0,0,nan,0,True,0.04930958300064958,-0.08010510836341983,0.43626254354263116,1.2943023372042395,2.290993014580324,0.8865855791033016,0.6230523686941974,0.7030452522788446,0.8082365847151257,,
pmc_gauss_k2,8,0.01,21,2000,20,true_seq,1.0,0.0035353535353535356,0,27,0.11515151515151512,0,True,0.15052933399965696,,,,,,,,,,
pmc_gauss_k2,8,0.01,21,2000,20,true_nonseq,1.0,0.0025252525252525255,0,25,nan,0,True,0.09636416699868278,,,,,,,,,,
pmc_gauss_k2,8,0.01,21,2000,20,true_raw,0.0,0.0,0,0,0.15303030303030307,0,True,0.0,,,,,,,,,,
pmc_gauss_k2,8,0.01,21,2000,20,clean,0.0,0.0,0,0,0.11464646464646466,1,True,0.15425450000111596,-1.0245660190417443,0.9869864216052345,0.9677653462200475,0.8921327694292422,0.8940784837726784,0.8889115446195687,0.5884403218014534,0.5484075752822183,,
pmc_gauss_k2,8,0.01,21,2000,20,raw,0.0,0.0,0,0,0.47676767676767673,1,True,0.6097003750001022,-0.08888179343672768,0.7368211131702281,1.3042351380593449,2.918072147622657,0.900038625100204,0.569640199840921,0.6987414644625598,0.8636835601834782,,
pmc_gauss_k2,8,0.01,21,2000,20,oracle,1.0,0.0,0,20,0.11717171717171715,1,True,0.24330537500100036,-1.0224911646413788,0.9794952676322404,0.9661196226561918,0.8970521233129819,0.8931464158258055,0.8887044977602246,0.5866222172814272,0.5530864090289649,,
pmc_gauss_k2,8,0.01,21,2000,20,fm,1.0,0.00404040404040404,0,28,0.11868686868686873,3,True,1.3590352080009325,-0.9878570129227611,0.9356260950876931,0.9629418526790334,0.9283809123514745,0.8956140954001073,0.8935947003693442,0.5986402342125363,0.5932505424188926,,
pmc_gauss_k2,8,0.01,21,2000,20,fm_hampel,1.0,0.00404040404040404,0,28,0.11868686868686873,2,True,0.6343185000005178,-0.9878570129227611,0.9356260950876931,0.9629418526790334,0.9283809123514745,0.8956140954001073,0.8935947003693442,0.5986402342125363,0.5932505424188926,0.9,0.007575757575757576
pmc_gauss_k2,8,0.01,21,2000,20,fm_warm,1.0,0.0015151515151515152,0,23,0.48737373737373735,4,True,1.9088806670006306,-0.09738253160815877,0.07032806434522834,1.365883642932591,1.3461004428005696,0.8688820724571177,0.705290433801531,0.7066017548981163,0.7480045574271493,,
pmc_gauss_k2,8,0.01,21,2000,20,dpd,0.0,0.0,0,0,nan,0,True,0.05072804200062819,-0.08888179343672768,0.7368211131702281,1.3042351380593449,2.918072147622657,0.900038625100204,0.569640199840921,0.6973272390823055,0.8589822761702204,,
pmc_gauss_k2,4,0.05,21,2000,100,true_seq,0.9,0.004210526315789474,1,98,0.12368421052631584,0,True,0.2833073339988914,,,,,,,,,,
pmc_gauss_k2,4,0.05,21,2000,100,true_nonseq,0.9,0.003157894736842105,1,96,nan,0,True,0.09558166700116999,,,,,,,,,,
pmc_gauss_k2,4,0.05,21,2000,100,true_raw,0.0,0.0,0,0,0.23789473684210527,0,True,0.0,,,,,,,,,,
pmc_gauss_k2,4,0.05,21,2000,100,clean,0.0,0.0,0,0,0.11368421052631583,1,True,0.1563321250014269,-1.0245660190417443,0.9869864216052345,0.9677653462200475,0.8921327694292422,0.8940784837726784,0.8889115446195687,0.5884403218014534,0.5484075752822183,,
pmc_gauss_k2,4,0.05,21,2000,100,raw,0.0,0.0,0,0,0.46894736842105267,1,True,0.3121043329992972,-0.102324174754159,2.2018067855817627,1.339843245197949,2.856740121035397,0.8496281967923484,0.11171126137970855,0.704271130904127,0.8835889429761897,,
pmc_gauss_k2,4,0.05,21,2000,100,oracle,1.0,0.0,0,100,0.12368421052631584,1,True,0.27838091700141376,-1.0126127609657904,1.007400795850581,0.9687979160884307,0.8717240294217816,0.8955061585897687,0.8858563821098238,0.5854394678028055,0.5448003799778309,,
pmc_gauss_k2,4,0.05,21,2000,100,fm,0.0,0.0,0,0,0.46894736842105267,1,True,0.41067533400018874,-0.102324174754159,2.2018067855817627,1.339843245197949,2.856740121035397,0.8496281967923484,0.11171126137970855,0.704271130904127,0.8835889429761897,,
pmc_gauss_k2,4,0.05,21,2000,100,fm_hampel,0.0,0.0,0,0,0.46894736842105267,5,True,3.975701334000405,-0.102324174754159,2.2018067855817627,1.339843245197949,2.856740121035397,0.8496281967923484,0.11171126137970855,0.704271130904127,0.8835889429761897,0.66,0.007894736842105263
pmc_gauss_k2,4,0.05,21,2000,100,fm_warm,0.0,0.0,0,0,0.46894736842105267,1,True,0.4133411669990892,-0.102324174754159,2.2018067855817627,1.339843245197949,2.856740121035397,0.8496281967923484,0.11171126137970855,0.704271130904127,0.8835889429761897,,
pmc_gauss_k2,4,0.05,21,2000,100,dpd,0.0,0.0,0,0,nan,0,True,0.05051929100045527,-0.102324174754159,2.2018067855817627,1.339843245197949,2.856740121035397,0.8496281967923484,0.11171126137970855,0.7054432184856194,0.8824636839902463,,
pmc_gauss_k2,6,0.05,21,2000,100,true_seq,1.0,0.0036842105263157894,0,107,0.1205263157894737,0,True,0.2942406660004053,,,,,,,,,,
pmc_gauss_k2,6,0.05,21,2000,100,true_nonseq,1.0,0.0036842105263157894,0,107,nan,0,True,0.09904679200008104,,,,,,,,,,
pmc_gauss_k2,6,0.05,21,2000,100,true_raw,0.0,0.0,0,0,0.24263157894736842,0,True,0.0,,,,,,,,,,
pmc_gauss_k2,6,0.05,21,2000,100,clean,0.0,0.0,0,0,0.11368421052631583,1,True,0.15625345800071955,-1.0245660190417443,0.9869864216052345,0.9677653462200475,0.8921327694292422,0.8940784837726784,0.8889115446195687,0.5884403218014534,0.5484075752822183,,
pmc_gauss_k2,6,0.05,21,2000,100,raw,0.0,0.0,0,0,0.4921052631578947,1,True,0.22586108299947227,-0.06954216703431698,3.2394191832442916,1.3363755161937396,4.131798841975827,0.865929995098656,0.12107804402703161,0.6976574466682348,0.915359385438365,,
pmc_gauss_k2,6,0.05,21,2000,100,oracle,1.0,0.0,0,100,0.11631578947368426,1,True,0.09627987500061863,-1.0064184835489312,0.9444228972684996,0.9895447107026226,0.9328235569715005,0.896468288326175,0.893966074194196,0.5985757167650647,0.5978246296034022,,
pmc_gauss_k2,6,0.05,21,2000,100,fm,0.0,0.0,0,0,0.4921052631578947,1,True,0.3234759169990866,-0.06954216703431698,3.2394191832442916,1.3363755161937396,4.131798841975827,0.865929995098656,0.12107804402703161,0.6976574466682348,0.915359385438365,,
pmc_gauss_k2,6,0.05,21,2000,100,fm_hampel,1.0,0.004210526315789474,0,108,0.128421052631579,3,True,2.395777083000212,-0.9952939043128568,1.0053976591679246,0.9393869621266269,0.8709979755174676,0.8957812323259269,0.8868471370283472,0.5774863465993889,0.5490081484285706,0.94,0.00631578947368421
pmc_gauss_k2,6,0.05,21,2000,100,fm_warm,0.0,0.0,0,0,0.4921052631578947,1,True,0.3209786669995083,-0.06954216703431698,3.2394191832442916,1.3363755161937396,4.131798841975827,0.865929995098656,0.12107804402703161,0.6976574466682348,0.915359385438365,,
pmc_gauss_k2,6,0.05,21,2000,100,dpd,0.0,0.0,0,0,nan,0,True,0.05103029200108722,-0.06954216703431698,3.2394191832442916,1.3363755161937396,4.131798841975827,0.865929995098656,0.12107804402703161,0.700268293829558,0.914693504723599,,
pmc_gauss_k2,8,0.05,21,2000,100,true_seq,1.0,0.0036842105263157894,0,107,0.11473684210526314,0,True,0.2949458330003836,,,,,,,,,,
pmc_gauss_k2,8,0.05,21,2000,100,true_nonseq,1.0,0.002631578947368421,0,105,nan,0,True,0.09507612500055984,,,,,,,,,,
pmc_gauss_k2,8,0.05,21,2000,100,true_raw,0.0,0.0,0,0,0.2421052631578947,0,True,0.0,,,,,,,,,,
pmc_gauss_k2,8,0.05,21,2000,100,clean,0.0,0.0,0,0,0.11421052631578943,1,True,0.15774912500091887,-1.0245660190417443,0.9869864216052345,0.9677653462200475,0.8921327694292422,0.8940784837726784,0.8889115446195687,0.5884403218014534,0.5484075752822183,,
pmc_gauss_k2,8,0.05,21,2000,100,raw,0.0,0.0,0,0,0.49,1,True,0.20957858299880172,-0.06367243061885816,5.143381294643394,1.3385224759375371,5.550863071521759,0.8860438134203762,0.07155331442581495,0.6754656589933945,0.9498930115969023,,
pmc_gauss_k2,8,0.05,21,2000,100,oracle,1.0,0.0,0,100,0.10999999999999999,1,True,0.09458645800077647,-1.017918064951194,0.9431273291647697,0.9842494235732113,0.9257411776604854,0.8958698047928015,0.8944842597114417,0.5984035179011132,0.5887117458063923,,
pmc_gauss_k2,8,0.05,21,2000,100,fm,0.0,0.0,0,0,0.49,1,True,0.2929792079994513,-0.06367243061885816,5.143381294643394,1.3385224759375371,5.550863071521759,0.8860438134203762,0.07155331442581495,0.6754656589933945,0.9498930115969023,,
pmc_gauss_k2,8,0.05,21,2000,100,fm_hampel,1.0,0.004210526315789474,0,108,0.1205263157894737,3,True,3.2164743749999616,-1.0227444629547273,0.9978747485460039,0.9230126221375711,0.8634885971063492,0.8952978014866075,0.8901513247640613,0.5727349122932146,0.5279397094895384,0.9,0.007368421052631579
pmc_gauss_k2,8,0.05,21,2000,100,fm_warm,0.0,0.0,0,0,0.49,1,True,0.29839466600060405,-0.06367243061885816,5.143381294643394,1.3385224759375371,5.550863071521759,0.8860438134203762,0.07155331442581495,0.6754656589933945,0.9498930115969023,,
pmc_gauss_k2,8,0.05,21,2000,100,dpd,0.0,0.0,0,0,nan,0,True,0.053775875001520035,-0.06367243061885816,5.143381294643394,1.3385224759375371,5.550863071521759,0.8860438134203762,0.07155331442581495,0.6833711651512979,0.9536357386852864,,
pmc_gauss_k2,0,0.0,22,2000,0,true_seq,nan,0.002,0,4,0.131,0,True,0.1096727500007546,,,,,,,,,,
pmc_gauss_k2,0,0.0,22,2000,0,true_nonseq,nan,0.002,0,4,nan,0,True,0.09812195900121878,,,,,,,,,,
pmc_gauss_k2,0,0.0,22,2000,0,true_raw,nan,0.0,0,0,0.13049999999999995,0,True,0.0,,,,,,,,,,
pmc_gauss_k2,0,0.0,22,2000,0,clean,nan,0.0,0,0,0.128,1,True,0.09790879100000893,-1.008604004090536,1.0169866011737327,0.9612525656771614,0.984131430482897,0.884127311784341,0.9069342684698197,0.5795074771068898,0.5894100860953784,,
pmc_gauss_k2,0,0.0,22,2000,0,raw,nan,0.0,0,0,0.128,1,True,0.10113445900060469,-1.008604004090536,1.0169866011737327,0.9612525656771614,0.984131430482897,0.884127311784341,0.9069342684698197,0.5795074771068898,0.5894100860953784,,
pmc_gauss_k2,0,0.0,22,2000,0,oracle,nan,0.0,0,0,0.128,1,True,0.10021570800017798,-1.008604004090536,1.0169866011737327,0.9612525656771614,0.984131430482897,0.884127311784341,0.9069342684698197,0.5795074771068898,0.5894100860953784,,
pmc_gauss_k2,0,0.0,22,2000,0,fm,nan,0.0025,0,5,0.12649999999999995,3,True,0.9178646660002414,-1.0370366648637837,1.0077168270467607,0.9127136794647654,0.9798071120716797,0.8830739924240945,0.9109473844135119,0.5563156992592236,0.5850724470363677,,
pmc_gauss_k2,0,0.0,22,2000,0,fm_hampel,nan,0.0025,0,5,0.12649999999999995,2,True,0.703509999999369,-1.0370366648637837,1.0077168270467607,0.9127136794647654,0.9798071120716797,0.8830739924240945,0.9109473844135119,0.5563156992592236,0.5850724470363677,nan,0.0105
pmc_gauss_k2,0,0.0,22,2000,0,fm_warm,nan,0.0025,0,5,0.127,3,True,0.6614251669998339,-1.0413976746279299,1.0019044934411103,0.9114030007512399,0.9830454227680477,0.8822714345574786,0.9112592974082723,0.5565448548479913,0.5861547014423089,,
pmc_gauss_k2,0,0.0,22,2000,0,dpd,nan,0.0,0,0,nan,0,True,0.05194912499973725,-1.008604004090536,1.0169866011737327,0.9612525656771614,0.984131430482897,0.884127311784341,0.9069342684698197,0.5769136496166414,0.5886657506216155,,
pmc_gauss_k2,4,0.01,22,2000,20,true_seq,0.95,0.00202020202020202,0,23,0.13131313131313127,0,True,0.1402648749990476,,,,,,,,,,
pmc_gauss_k2,4,0.01,22,2000,20,true_nonseq,0.95,0.0025252525252525255,0,24,nan,0,True,0.09572320899860642,,,,,,,,,,
pmc_gauss_k2,4,0.01,22,2000,20,true_raw,0.0,0.0,0,0,0.14949494949494946,0,True,0.0,,,,,,,,,,
pmc_gauss_k2,4,0.01,22,2000,20,clean,0.0,0.0,0,0,0.12828282828282833,1,True,0.09837433299981058,-1.008604004090536,1.0169866011737327,0.9612525656771614,0.984131430482897,0.884127311784341,0.9069342684698197,0.5795074771068898,0.5894100860953784,,
pmc_gauss_k2,4,0.01,22,2000,20,raw,0.0,0.0,0,0,0.4121212121212121,1,True,1.2148799170008715,0.1467297142353392,0.2659520293240971,1.3464280878959611,2.014426471771833,0.8909352398488032,0.5656251588582962,0.7033006854521977,0.847896482927337,,
pmc_gauss_k2,4,0.01,22,2000,20,oracle,1.0,0.0,0,20,0.12878787878787878,1,True,0.1605998750001163,-1.012813853893439,1.0147067614926624,0.9579551210528999,0.9868472717620358,0.8838192163194174,0.90707704645913,0.575151978510044,0.590565856097131,,
pmc_gauss_k2,4,0.01,22,2000,20,fm,0.9,0.0030303030303030303,0,24,0.1323232323232323,4,True,2.5132397090001177,-1.0433764616666719,1.0060906530681384,0.9031805027471197,0.9889426872450721,0.8811840517851615,0.9109508548842083,0.5456709342497588,0.5863660410083249,,
pmc_gauss_k2,4,0.01,22,2000,20,fm_hampel,0.9,0.0030303030303030303,0,24,0.1323232323232323,3,True,1.2585030419995746,-1.0433764616666719,1.0060906530681384,0.9031805027471197,0.9889426872450721,0.8811840517851615,0.9109508548842083,0.5456709342497588,0.5863660410083249,0.9,0.010606060606060607
pmc_gauss_k2,4,0.01,22,2000,20,fm_warm,0.75,0.0,0,15,0.4095959595959596,3,True,2.1410225840008934,0.18333706350745999,-0.0870359296543036,1.3726369700220409,1.5241623874532129,0.9134608595163124,0.6888356675573074,0.6967457195777942,0.8034735286994032,,
pmc_gauss_k2,4,0.01,22,2000,20,dpd,0.0,0.0,0,0,nan,0,True,0.05270079099864233,0.1467297142353392,0.2659520293240971,1.3464280878959611,2.014426471771833,0.8909352398488032,0.5656251588582962,0.7010033291604718,0.8462363176125566,,
pmc_gauss_k2,6,0.01,22,2000,20,true_seq,1.0,0.00202020202020202,0,24,0.1333333333333333,0,True,0.1423154579988477,,,,,,,,,,
pmc_gauss_k2,6,0.01,22,2000,20,true_nonseq,1.0,0.00202020202020202,0,24,nan,0,True,0.09834787500039965,,,,,,,,,,
pmc_gauss_k2,6,0.01,22,2000,20,true_raw,0.0,0.0,0,0,0.1671717171717172,0,True,0.0,,,,,,,,,,
pmc_gauss_k2,6,0.01,22,2000,20,clean,0.0,0.0,0,0,0.12878787878787878,1,True,0.10081220900065091,-1.008604004090536,1.0169866011737327,0.9612525656771614,0.984131430482897,0.884127311784341,0.9069342684698197,0.5795074771068898,0.5894100860953784,,
pmc_gauss_k2,6,0.01,22,2000,20,raw,0.0,0.0,0,0,0.4257575757575758,1,True,0.7607036659992445,0.13386204695050968,0.5539202059742901,1.3394741598069073,2.7556634963493623,0.9090096302105641,0.5013627050277651,0.69568895679411,0.893552002044115,,
pmc_gauss_k2,6,0.01,22,2000,20,oracle,1.0,0.0,0,20,0.13131313131313127,1,True,0.1603444579995994,-1.0032109525994142,1.0151779756345967,0.9625392091807231,0.9824474321887733,0.8835931860593522,0.9055125996169515,0.5775790272331178,0.5909571079846894,,
pmc_gauss_k2,6,0.01,22,2000,20,fm,1.0,0.0025252525252525255,0,25,0.12929292929292935,4,True,2.2575312500011933,-1.0191631801522543,1.0132029537097713,0.9205646246410706,0.9761555474380682,0.882949735752732,0.908204981736419,0.5583933316170058,0.5869334613829696,,
pmc_gauss_k2,6,0.01,22,2000,20,fm_hampel,1.0,0.0025252525252525255,0,25,0.12929292929292935,2,True,1.0100012920011068,-1.0191631801522543,1.0132029537097713,0.9205646246410706,0.9761555474380682,0.882949735752732,0.908204981736419,0.5583933316170058,0.5869334613829696,0.85,0.010606060606060607
pmc_gauss_k2,6,0.01,22,2000,20,fm_warm,1.0,0.0025252525252525255,0,25,0.15454545454545454,4,True,3.0708567910005513,0.7806999755105585,-1.2224633061010926,1.0937201268041568,0.8453275523440653,0.9221523727140113,0.8422128461730717,0.6245381808861566,0.5415593394941818,,
pmc_gauss_k2,6,0.01,22,2000,20,dpd,0.0,0.0,0,0,nan,0,True,0.05194712500087917,0.13386204695050968,0.5539202059742901,1.3394741598069073,2.7556634963493623,0.9090096302105641,0.5013627050277651,0.695534754818913,0.8917576520874981,,
pmc_gauss_k2,8,0.01,22,2000,20,true_seq,1.0,0.00202020202020202,0,24,0.1323232323232323,0,True,0.15194187499946565,,,,,,,,,,
pmc_gauss_k2,8,0.01,22,2000,20,true_nonseq,1.0,0.0025252525252525255,0,25,nan,0,True,0.097308582999176,,,,,,,,,,
pmc_gauss_k2,8,0.01,22,2000,20,true_raw,0.0,0.0,0,0,0.17979797979797985,0,True,0.0,,,,,,,,,,
pmc_gauss_k2,8,0.01,22,2000,20,clean,0.0,0.0,0,0,0.12929292929292935,1,True,0.099044500000673,-1.008604004090536,1.0169866011737327,0.9612525656771614,0.984131430482897,0.884127311784341,0.9069342684698197,0.5795074771068898,0.5894100860953784,,
pmc_gauss_k2,8,0.01,22,2000,20,raw,0.0,0.0,0,0,0.4232323232323232,1,True,0.4639867919995595,0.14163524029899566,0.687304302321216,1.3329284334984346,3.3121211313241843,0.9179624934909932,0.5558334698095934,0.689804284214985,0.9096897396487068,,
pmc_gauss_k2,8,0.01,22,2000,20,oracle,1.0,0.0,0,20,0.12929292929292935,1,True,0.1577044579989888,-1.0161312953276935,1.0214455946482228,0.9575456573471581,0.9802301595080922,0.8836546810251933,0.9065198859486548,0.5790744732053763,0.5877399897737395,,
pmc_gauss_k2,8,0.01,22,2000,20,fm,1.0,0.0025252525252525255,0,25,0.12929292929292935,3,True,1.3224391669991746,-1.0463301066235537,1.010526126445488,0.9074138997688705,0.9768084063834286,0.8826138810672025,0.9108512538647444,0.5551456591052777,0.5829398451022565,,
pmc_gauss_k2,8,0.01,22,2000,20,fm_hampel,1.0,0.0025252525252525255,0,25,0.12929292929292935,3,True,1.461666208000679,-1.0463301066235537,1.010526126445488,0.9074138997688705,0.9768084063834286,0.8826138810672025,0.9108512538647444,0.5551456591052777,0.5829398451022565,0.95,0.010606060606060607
pmc_gauss_k2,8,0.01,22,2000,20,fm_warm,1.0,0.0030303030303030303,0,26,0.1656565656565656,4,True,2.7256027920011547,0.7362203482270502,-1.2822575126820204,1.1167611022677737,0.8131222412846446,0.9259876857851782,0.8299607759701424,0.6276028975260493,0.5415282022199526,,
pmc_gauss_k2,8,0.01,22,2000,20,dpd,0.0,0.0,0,0,nan,0,True,0.05248441600087972,0.14163524029899566,0.687304302321216,1.3329284334984346,3.3121211313241843,0.9179624934909932,0.5558334698095934,0.6901849519846553,0.908073612999872,,
pmc_gauss_k2,4,0.05,22,2000,100,true_seq,0.94,0.002105263157894737,0,98,0.12736842105263158,0,True,0.28129258300032234,,,,,,,,,,
pmc_gauss_k2,4,0.05,22,2000,100,true_nonseq,0.94,0.003157894736842105,0,100,nan,0,True,0.097068125000078,,,,,,,,,,
pmc_gauss_k2,4,0.05,22,2000,100,true_raw,0.0,0.0,0,0,0.2778947368421053,0,True,0.0,,,,,,,,,,
pmc_gauss_k2,4,0.05,22,2000,100,clean,0.0,0.0,0,0,0.128421052631579,1,True,0.10078158300166251,-1.008604004090536,1.0169866011737327,0.9612525656771614,0.984131430482897,0.884127311784341,0.9069342684698197,0.5795074771068898,0.5894100860953784,,
pmc_gauss_k2,4,0.05,22,2000,100,raw,0.0,0.0,0,0,0.4542105263157895,1,True,0.30831866699918464,0.10936527384056363,2.3718038966630406,1.3792546160223627,2.977998794625753,0.8663173247243677,0.07442549105471717,0.7077134936884635,0.9018120446023069,,
pmc_gauss_k2,4,0.05,22,2000,100,oracle,1.0,0.0,0,100,0.1305263157894737,1,True,0.1840419580003072,-0.9975775747200915,1.0232652174905574,0.9663405188551146,0.9895026869731026,0.8869672068171311,0.9087513593384619,0.5779734243766486,0.5908454678377092,,
pmc_gauss_k2,4,0.05,22,2000,100,fm,0.0,0.0,0,0,0.4542105263157895,1,True,0.39857595799912815,0.10936527384056363,2.3718038966630406,1.3792546160223627,2.977998794625753,0.8663173247243677,0.07442549105471717,0.7077134936884635,0.9018120446023069,,
pmc_gauss_k2,4,0.05,22,2000,100,fm_hampel,0.0,0.0,0,0,0.4542105263157895,4,True,4.137720291999358,0.10936527384056363,2.3718038966630406,1.3792546160223627,2.977998794625753,0.8663173247243677,0.07442549105471717,0.7077134936884635,0.9018120446023069,0.71,0.01
pmc_gauss_k2,4,0.05,22,2000,100,fm_warm,0.0,0.0,0,0,0.4542105263157895,1,True,0.4005167909999727,0.10936527384056363,2.3718038966630406,1.3792546160223627,2.977998794625753,0.8663173247243677,0.07442549105471717,0.7077134936884635,0.9018120446023069,,
pmc_gauss_k2,4,0.05,22,2000,100,dpd,0.0,0.0,0,0,nan,0,True,0.05049024999971152,0.10936527384056363,2.3718038966630406,1.3792546160223627,2.977998794625753,0.8663173247243677,0.07442549105471717,0.7086045926973529,0.910522805169118,,
pmc_gauss_k2,6,0.05,22,2000,100,true_seq,1.0,0.002105263157894737,0,104,0.13473684210526315,0,True,0.28915329199844564,,,,,,,,,,
pmc_gauss_k2,6,0.05,22,2000,100,true_nonseq,1.0,0.004210526315789474,0,108,nan,0,True,0.09426487499877112,,,,,,,,,,
pmc_gauss_k2,6,0.05,22,2000,100,true_raw,0.0,0.0,0,0,0.2605263157894737,0,True,0.0,,,,,,,,,,
pmc_gauss_k2,6,0.05,22,2000,100,clean,0.0,0.0,0,0,0.1289473684210526,1,True,0.10330124999927648,-1.008604004090536,1.0169866011737327,0.9612525656771614,0.984131430482897,0.884127311784341,0.9069342684698197,0.5795074771068898,0.5894100860953784,,
pmc_gauss_k2,6,0.05,22,2000,100,raw,0.0,0.0,0,0,0.45052631578947366,1,True,0.2560786250014644,0.10835633878649914,3.9954402227209935,1.375816817551361,4.295071509017595,0.8834418625989362,0.05472870668238556,0.6918656927404415,0.9306923862494606,,
pmc_gauss_k2,6,0.05,22,2000,100,oracle,1.0,0.0,0,100,0.1305263157894737,1,True,0.22960570799841662,-1.0307007874952392,0.9978463914662892,0.939634715396781,0.9934087803070047,0.8786931231468158,0.9075738904912726,0.579485676754222,0.5852671631914624,,
pmc_gauss_k2,6,0.05,22,2000,100,fm,0.01,0.0,0,1,0.44999999999999996,2,True,0.8342134579997946,0.10752135511125627,3.888667307120117,1.3755030467270126,4.275423950860706,0.8815017625915808,0.05846562204484021,0.69593205627053,0.9307843002909193,,
pmc_gauss_k2,6,0.05,22,2000,100,fm_hampel,1.0,0.002631578947368421,0,105,0.13368421052631574,4,True,3.892679250000583,-1.0645764698082716,0.9788633698929489,0.8872704147120519,0.9944256225087802,0.8758912220149406,0.9117699712420487,0.5548164452884452,0.5836996899883069,0.85,0.008947368421052631
pmc_gauss_k2,6,0.05,22,2000,100,fm_warm,0.01,0.0,0,1,0.45052631578947366,2,True,0.5365485420006735,0.10756474139716996,3.959181318231475,1.375526513384671,4.279671766116305,0.8834280266331457,0.05420629902707007,0.6938082262005029,0.9355287895141903,,
pmc_gauss_k2,6,0.05,22,2000,100,dpd,0.0,0.0,0,0,nan,0,True,0.05367379100061953,0.10835633878649914,3.9954402227209935,1.375816817551361,4.295071509017595,0.8834418625989362,0.05472870668238556,0.6988049044332497,0.9389469059362039,,
pmc_gauss_k2,8,0.05,22,2000,100,true_seq,1.0,0.002105263157894737,0,104,0.13315789473684214,0,True,0.28303587499976857,,,,,,,,,,
pmc_gauss_k2,8,0.05,22,2000,100,true_nonseq,1.0,0.002631578947368421,0,105,nan,0,True,0.09733416699964437,,,,,,,,,,
pmc_gauss_k2,8,0.05,22,2000,100,true_raw,0.0,0.0,0,0,0.30894736842105264,0,True,0.0,,,,,,,,,,
pmc_gauss_k2,8,0.05,22,2000,100,clean,0.0,0.0,0,0,0.1294736842105263,1,True,0.09993212500012305,-1.008604004090536,1.0169866011737327,0.9612525656771614,0.984131430482897,0.884127311784341,0.9069342684698197,0.5795074771068898,0.5894100860953784,,
pmc_gauss_k2,8,0.05,22,2000,100,raw,0.0,0.0,0,0,0.44105263157894736,1,True,0.22755995900115522,0.11347136376414418,5.221743928139209,1.374403783653049,5.8191713858212415,0.8888002999510372,0.0999436665339459,0.6862121807145377,0.9497191065404054,,
pmc_gauss_k2,8,0.05,22,2000,100,oracle,1.0,0.0,0,100,0.12631578947368416,1,True,0.2713192909995996,-1.0721252466302702,1.0026007795395733,0.9230629892646626,0.9757333671427249,0.8829486004757728,0.9121786289778029,0.5593243882382068,0.5826480903362389,,
pmc_gauss_k2,8,0.05,22,2000,100,fm,0.0,0.0,0,0,0.44105263157894736,1,True,0.3169175839993841,0.11347136376414418,5.221743928139209,1.374403783653049,5.8191713858212415,0.8888002999510372,0.0999436665339459,0.6862121807145377,0.9497191065404054,,
pmc_gauss_k2,8,0.05,22,2000,100,fm_hampel,1.0,0.003157894736842105,0,106,0.1294736842105263,4,True,2.819741375000376,-1.0885961755070643,0.9957555842173614,0.8740844517938209,0.971651970207392,0.8821704179937179,0.9154296583151617,0.5328601411811703,0.5794101617112165,0.96,0.007894736842105263
pmc_gauss_k2,8,0.05,22,2000,100,fm_warm,0.0,0.0,0,0,0.44105263157894736,1,True,0.32326395899872296,0.11347136376414418,5.221743928139209,1.374403783653049,5.8191713858212415,0.8888002999510372,0.0999436665339459,0.6862121807145377,0.9497191065404054,,
pmc_gauss_k2,8,0.05,22,2000,100,dpd,0.0,0.0,0,0,nan,0,True,0.05390787500073202,0.11347136376414418,5.221743928139209,1.374403783653049,5.8191713858212415,0.8888002999510372,0.0999436665339459,0.6929463636420752,0.9539668746422527,,
pmc_gauss_k2,0,0.0,23,2000,0,true_seq,nan,0.0015,0,3,0.11250000000000004,0,True,0.10984616600035224,,,,,,,,,,
pmc_gauss_k2,0,0.0,23,2000,0,true_nonseq,nan,0.001,0,2,nan,0,True,0.09725841699946614,,,,,,,,,,
pmc_gauss_k2,0,0.0,23,2000,0,true_raw,nan,0.0,0,0,0.11199999999999999,0,True,0.0,,,,,,,,,,
pmc_gauss_k2,0,0.0,23,2000,0,clean,nan,0.0,0,0,0.11350000000000005,1,True,0.12954054200054088,-1.0070263936494923,0.922685943776957,1.0599999880503572,0.9709492849418478,0.9084856532691681,0.9108686409378974,0.6091955805241888,0.5952558239006908,,
pmc_gauss_k2,0,0.0,23,2000,0,raw,nan,0.0,0,0,0.11350000000000005,1,True,0.13032729100086726,-1.0070263936494923,0.922685943776957,1.0599999880503572,0.9709492849418478,0.9084856532691681,0.9108686409378974,0.6091955805241888,0.5952558239006908,,
pmc_gauss_k2,0,0.0,23,2000,0,oracle,nan,0.0,0,0,0.11350000000000005,1,True,0.1256239579997782,-1.0070263936494923,0.922685943776957,1.0599999880503572,0.9709492849418478,0.9084856532691681,0.9108686409378974,0.6091955805241888,0.5952558239006908,,
pmc_gauss_k2,0,0.0,23,2000,0,fm,nan,0.0015,0,3,0.11150000000000004,2,True,0.5459039590004977,-1.0075253727193225,0.921014768968714,1.048681820807944,0.9652274179303664,0.9077463820718834,0.910799451657259,0.605367786860007,0.5963503090361909,,
pmc_gauss_k2,0,0.0,23,2000,0,fm_hampel,nan,0.0015,0,3,0.11150000000000004,2,True,0.6224736250005662,-1.0075253727193225,0.921014768968714,1.048681820807944,0.9652274179303664,0.9077463820718834,0.910799451657259,0.605367786860007,0.5963503090361909,nan,0.009
pmc_gauss_k2,0,0.0,23,2000,0,fm_warm,nan,0.0015,0,3,0.11250000000000004,2,True,0.4211179590001848,-1.0020511946074036,0.9202390903849221,1.052147639927163,0.9674291746548807,0.9086137648242788,0.911214771008192,0.6102499297238514,0.5969547720756262,,
pmc_gauss_k2,0,0.0,23,2000,0,dpd,nan,0.0,0,0,nan,0,True,0.05341020900050353,-1.0070263936494923,0.922685943776957,1.0599999880503572,0.9709492849418478,0.9084856532691681,0.9108686409378974,0.6078408616436347,0.5998780090820994,,
pmc_gauss_k2,4,0.01,23,2000,20,true_seq,0.9,0.0015151515151515152,0,21,0.1106060606060606,0,True,0.14579245799905038,,,,,,,,,,
pmc_gauss_k2,4,0.01,23,2000,20,true_nonseq,0.9,0.00101010101010101,0,20,nan,0,True,0.09716495899920119,,,,,,,,,,
pmc_gauss_k2,4,0.01,23,2000,20,true_raw,0.0,0.0,0,0,0.1262626262626263,0,True,0.0,,,,,,,,,,
pmc_gauss_k2,4,0.01,23,2000,20,clean,0.0,0.0,0,0,0.11212121212121207,1,True,0.12383929200041166,-1.0070263936494923,0.922685943776957,1.0599999880503572,0.9709492849418478,0.9084856532691681,0.9108686409378974,0.6091955805241888,0.5952558239006908,,
pmc_gauss_k2,4,0.01,23,2000,20,raw,0.0,0.0,0,0,0.4823232323232324,1,True,0.7281695829988166,-0.06267150778482262,0.5577318154277536,1.379316313197974,2.0128293109358237,0.9069924417183999,0.44691036470224954,0.7177965035901821,0.8263587288947404,,
pmc_gauss_k2,4,0.01,23,2000,20,oracle,1.0,0.0,0,20,0.1106060606060606,1,True,0.20127179099836212,-1.0088905499509435,0.9298603355788928,1.0571204064807505,0.9708091667636258,0.9087217983862819,0.9109376292467578,0.6074490016649722,0.5926943833739344,,
pmc_gauss_k2,4,0.01,23,2000,20,fm,0.9,0.00202020202020202,0,22,0.10808080808080811,5,True,2.2813912500005245,-1.0127983762056643,0.926609098041128,1.0459726904566087,0.9676657765485407,0.9043451715600865,0.9084058914317078,0.6024883723664041,0.5971191693663296,,
pmc_gauss_k2,4,0.01,23,2000,20,fm_hampel,0.9,0.00202020202020202,0,22,0.10808080808080811,3,True,1.3337815409995528,-1.0127983762056643,0.926609098041128,1.0459726904566087,0.9676657765485407,0.9043451715600865,0.9084058914317078,0.6024883723664041,0.5971191693663296,0.75,0.008585858585858586
pmc_gauss_k2,4,0.01,23,2000,20,fm_warm,0.85,0.00202020202020202,0,21,0.41060606060606064,6,True,2.481137041999318,-0.19350060049743284,0.6199639465643307,1.4104303802849945,1.1528541134165178,0.9224674892933845,0.7151313315547675,0.7123243418005163,0.7155016467913545,,
pmc_gauss_k2,4,0.01,23,2000,20,dpd,0.0,0.0,0,0,nan,0,True,0.05115091699917684,-0.06267150778482262,0.5577318154277536,1.379316313197974,2.0128293109358237,0.9069924417183999,0.44691036470224954,0.7163923129316896,0.823200798691392,,
pmc_gauss_k2,6,0.01,23,2000,20,true_seq,1.0,0.0015151515151515152,0,23,0.11717171717171715,0,True,0.142059750000044,,,,,,,,,,
pmc_gauss_k2,6,0.01,23,2000,20,true_nonseq,1.0,0.00101010101010101,0,22,nan,0,True,0.0943559590014047,,,,,,,,,,
pmc_gauss_k2,6,0.01,23,2000,20,true_raw,0.0,0.0,0,0,0.14747474747474743,0,True,0.0,,,,,,,,,,
pmc_gauss_k2,6,0.01,23,2000,20,clean,0.0,0.0,0,0,0.11313131313131308,1,True,0.1275379590006196,-1.0070263936494923,0.922685943776957,1.0599999880503572,0.9709492849418478,0.9084856532691681,0.9108686409378974,0.6091955805241888,0.5952558239006908,,
pmc_gauss_k2,6,0.01,23,2000,20,raw,0.0,0.0,0,0,0.48989898989898994,1,True,0.5286418750001758,-0.053597689014491454,0.8166744163191564,1.3638145803430552,2.8028098018299272,0.9234134906090192,0.46098818526191976,0.7090938971128505,0.8760839507932107,,
pmc_gauss_k2,6,0.01,23,2000,20,oracle,1.0,0.0,0,20,0.11464646464646466,1,True,0.20163999999931548,-0.9988975746740403,0.9220343175298497,1.0635868048409445,0.9708713768849596,0.9092518162386594,0.9108734920858226,0.6104412314070075,0.5956835543901907,,
pmc_gauss_k2,6,0.01,23,2000,20,fm,1.0,0.0015151515151515152,0,23,0.11262626262626263,4,True,1.888613292001537,-0.9997657120412403,0.9203314689549494,1.0519791216186123,0.9650069396838236,0.9085097659953267,0.9108377294808014,0.6065291683761534,0.5967468122001396,,
pmc_gauss_k2,6,0.01,23,2000,20,fm_hampel,1.0,0.0015151515151515152,0,23,0.11262626262626263,3,True,1.3470660410002893,-0.9997657120412403,0.9203314689549494,1.0519791216186123,0.9650069396838236,0.9085097659953267,0.9108377294808014,0.6065291683761534,0.5967468122001396,0.85,0.008585858585858586
pmc_gauss_k2,6,0.01,23,2000,20,fm_warm,1.0,0.00101010101010101,0,22,0.4686868686868687,4,True,1.926160582999728,0.028158029753823508,-0.256887743139373,1.3887413520209642,1.395866454095,0.9267849715944196,0.7194600265105144,0.7197467430425922,0.7129426630083502,,
pmc_gauss_k2,6,0.01,23,2000,20,dpd,0.0,0.0,0,0,nan,0,True,0.053585166000630124,-0.053597689014491454,0.8166744163191564,1.3638145803430552,2.8028098018299272,0.9234134906090192,0.46098818526191976,0.7088217530853562,0.8730063799218095,,
pmc_gauss_k2,8,0.01,23,2000,20,true_seq,1.0,0.0015151515151515152,0,23,0.11363636363636365,0,True,0.14246891699986008,,,,,,,,,,
pmc_gauss_k2,8,0.01,23,2000,20,true_nonseq,1.0,0.00101010101010101,0,22,nan,0,True,0.09799391599881346,,,,,,,,,,
pmc_gauss_k2,8,0.01,23,2000,20,true_raw,0.0,0.0,0,0,0.1358585858585859,0,True,0.0,,,,,,,,,,
pmc_gauss_k2,8,0.01,23,2000,20,clean,0.0,0.0,0,0,0.11262626262626263,1,True,0.12683012500019686,-1.0070263936494923,0.922685943776957,1.0599999880503572,0.9709492849418478,0.9084856532691681,0.9108686409378974,0.6091955805241888,0.5952558239006908,,
pmc_gauss_k2,8,0.01,23,2000,20,raw,0.0,0.0,0,0,0.49242424242424243,1,True,0.47966166699916357,-0.04657612622198122,0.9504081121033893,1.3613089509426528,3.251019436828397,0.9271066007215941,0.510674994496721,0.7046599288141285,0.891986758773216,,
pmc_gauss_k2,8,0.01,23,2000,20,oracle,1.0,0.0,0,20,0.11161616161616161,1,True,0.1587483750008687,-0.9991189014682089,0.925440625920837,1.0569661337134972,0.9712540250794848,0.9069594185092007,0.9090612117650494,0.607701216246661,0.5962176542735117,,
pmc_gauss_k2,8,0.01,23,2000,20,fm,1.0,0.0015151515151515152,0,23,0.11111111111111116,3,True,1.3295130419992347,-0.9984924905995256,0.924262473745713,1.0458417860556766,0.965583988540806,0.9062210568175957,0.9088553320355983,0.6043417061268046,0.5974895600934288,,
pmc_gauss_k2,8,0.01,23,2000,20,fm_hampel,1.0,0.0015151515151515152,0,23,0.11111111111111116,2,True,0.6636435000000347,-0.9984924905995256,0.924262473745713,1.0458417860556766,0.965583988540806,0.9062210568175957,0.9088553320355983,0.6043417061268046,0.5974895600934288,0.95,0.00909090909090909
pmc_gauss_k2,8,0.01,23,2000,20,fm_warm,1.0,0.00101010101010101,0,22,0.251010101010101,4,True,2.6124925420008367,-0.5041641382814738,0.9746806760194143,1.3331992986500976,0.8991759724890197,0.9233006628291849,0.8399008284954486,0.6966862358334319,0.5811631755986548,,
pmc_gauss_k2,8,0.01,23,2000,20,dpd,0.0,0.0,0,0,nan,0,True,0.05323775000033493,-0.04657612622198122,0.9504081121033893,1.3613089509426528,3.251019436828397,0.9271066007215941,0.510674994496721,0.7057866324619496,0.8893727956284152,,
pmc_gauss_k2,4,0.05,23,2000,100,true_seq,0.86,0.0015789473684210526,0,89,0.1105263157894737,0,True,0.26044399999955203,,,,,,,,,,
pmc_gauss_k2,4,0.05,23,2000,100,true_nonseq,0.86,0.002631578947368421,0,91,nan,0,True,0.09608537500025705,,,,,,,,,,
pmc_gauss_k2,4,0.05,23,2000,100,true_raw,0.0,0.0,0,0,0.23684210526315785,0,True,0.0,,,,,,,,,,
pmc_gauss_k2,4,0.05,23,2000,100,clean,0.0,0.0,0,0,0.11578947368421055,1,True,0.13245137500052806,-1.0070263936494923,0.922685943776957,1.0599999880503572,0.9709492849418478,0.9084856532691681,0.9108686409378974,0.6091955805241888,0.5952558239006908,,
pmc_gauss_k2,4,0.05,23,2000,100,raw,0.0,0.0,0,0,0.4831578947368421,1,True,0.34621858399987104,-0.04303025437734946,2.4528689444147793,1.3831500452722298,2.916877930138363,0.8715466791485696,0.03757695131104685,0.7158575570691249,0.9054204634512758,,
pmc_gauss_k2,4,0.05,23,2000,100,oracle,1.0,0.0,0,100,0.11315789473684212,1,True,0.23618462499871384,-0.9776186494014074,0.9259613860556418,1.0694935050177226,0.9707940062131177,0.9098361868793283,0.9102603147421321,0.6102182475617974,0.6022326730345657,,
pmc_gauss_k2,4,0.05,23,2000,100,fm,0.0,0.0,0,0,0.4831578947368421,1,True,0.4316166250009701,-0.04303025437734946,2.4528689444147793,1.3831500452722298,2.916877930138363,0.8715466791485696,0.03757695131104685,0.7158575570691249,0.9054204634512758,,
pmc_gauss_k2,4,0.05,23,2000,100,fm_hampel,0.0,0.0,0,0,0.4831578947368421,6,True,4.758271333001176,-0.04303025437734946,2.4528689444147793,1.3831500452722298,2.916877930138363,0.8715466791485696,0.03757695131104685,0.7158575570691249,0.9054204634512758,0.72,0.005263157894736842
pmc_gauss_k2,4,0.05,23,2000,100,fm_warm,0.0,0.0,0,0,0.4831578947368421,1,True,0.43113433299913595,-0.04303025437734946,2.4528689444147793,1.3831500452722298,2.916877930138363,0.8715466791485696,0.03757695131104685,0.7158575570691249,0.9054204634512758,,
pmc_gauss_k2,4,0.05,23,2000,100,dpd,0.0,0.0,0,0,nan,0,True,0.05068716599998879,-0.04303025437734946,2.4528689444147793,1.3831500452722298,2.916877930138363,0.8715466791485696,0.03757695131104685,0.7153051965018666,0.9034653831127643,,
pmc_gauss_k2,6,0.05,23,2000,100,true_seq,1.0,0.0015789473684210526,0,103,0.11736842105263157,0,True,0.29252720800104726,,,,,,,,,,
pmc_gauss_k2,6,0.05,23,2000,100,true_nonseq,1.0,0.002105263157894737,0,104,nan,0,True,0.09471720799956529,,,,,,,,,,
pmc_gauss_k2,6,0.05,23,2000,100,true_raw,0.0,0.0,0,0,0.22631578947368425,0,True,0.0,,,,,,,,,,
pmc_gauss_k2,6,0.05,23,2000,100,clean,0.0,0.0,0,0,0.11421052631578943,1,True,0.13052816599883954,-1.0070263936494923,0.922685943776957,1.0599999880503572,0.9709492849418478,0.9084856532691681,0.9108686409378974,0.6091955805241888,0.5952558239006908,,
pmc_gauss_k2,6,0.05,23,2000,100,raw,0.0,0.0,0,0,0.4831578947368421,1,True,0.2585745419983141,-0.05600371244597817,4.106592512966882,1.3785864886839458,4.2582577104174275,0.8856870540069345,0.04991453718372578,0.7002973918727006,0.9347403597892276,,
pmc_gauss_k2,6,0.05,23,2000,100,oracle,1.0,0.0,0,100,0.11684210526315786,1,True,0.23043649999999616,-1.008400743613456,0.9160721706395609,1.062811346690807,0.9642932115301784,0.9070686104127099,0.9100244139051408,0.6085893423282944,0.5868571025591882,,
pmc_gauss_k2,6,0.05,23,2000,100,fm,0.0,0.0,0,0,0.4831578947368421,1,True,0.3536678749987914,-0.05600371244597817,4.106592512966882,1.3785864886839458,4.2582577104174275,0.8856870540069345,0.04991453718372578,0.7002973918727006,0.9347403597892276,,
pmc_gauss_k2,6,0.05,23,2000,100,fm_hampel,1.0,0.0015789473684210526,0,103,0.11842105263157898,3,True,2.146906666999712,-1.0079944284159346,0.914407639270272,1.0514685533755035,0.9584139865787339,0.9063082830419851,0.9098905995325884,0.6047149090337941,0.5882680993668229,0.9,0.005789473684210527
pmc_gauss_k2,6,0.05,23,2000,100,fm_warm,0.0,0.0,0,0,0.4831578947368421,1,True,0.3473190839995368,-0.05600371244597817,4.106592512966882,1.3785864886839458,4.2582577104174275,0.8856870540069345,0.04991453718372578,0.7002973918727006,0.9347403597892276,,
pmc_gauss_k2,6,0.05,23,2000,100,dpd,0.0,0.0,0,0,nan,0,True,0.05209195800125599,-0.05600371244597817,4.106592512966882,1.3785864886839458,4.2582577104174275,0.8856870540069345,0.04991453718372578,0.704499483712785,0.9355705907879843,,
pmc_gauss_k2,8,0.05,23,2000,100,true_seq,1.0,0.0015789473684210526,0,103,0.11947368421052629,0,True,0.29503720799948496,,,,,,,,,,
pmc_gauss_k2,8,0.05,23,2000,100,true_nonseq,1.0,0.002105263157894737,0,104,nan,0,True,0.09706533300050069,,,,,,,,,,
pmc_gauss_k2,8,0.05,23,2000,100,true_raw,0.0,0.0,0,0,0.2763157894736842,0,True,0.0,,,,,,,,,,
pmc_gauss_k2,8,0.05,23,2000,100,clean,0.0,0.0,0,0,0.11578947368421055,1,True,0.12326520900023752,-1.0070263936494923,0.922685943776957,1.0599999880503572,0.9709492849418478,0.9084856532691681,0.9108686409378974,0.6091955805241888,0.5952558239006908,,
pmc_gauss_k2,8,0.05,23,2000,100,raw,0.0,0.0,0,0,0.48631578947368426,1,True,0.22893858300085412,-0.04841942870180298,5.93943997914008,1.3837119931067206,5.691914813270835,0.8976267457671061,0.04482327773252333,0.6988224866021494,0.9442846331046858,,
pmc_gauss_k2,8,0.05,23,2000,100,oracle,1.0,0.0,0,100,0.12210526315789472,1,True,0.22794858300039778,-0.9943760966201989,0.9142316988033818,1.0687267120466086,0.9733372014204927,0.908448147350597,0.9100662345571625,0.6121789839747134,0.604162753488915,,
pmc_gauss_k2,8,0.05,23,2000,100,fm,0.0,0.0,0,0,0.48631578947368426,1,True,0.3304932089995418,-0.04841942870180298,5.93943997914008,1.3837119931067206,5.691914813270835,0.8976267457671061,0.04482327773252333,0.6988224866021494,0.9442846331046858,,
pmc_gauss_k2,8,0.05,23,2000,100,fm_hampel,1.0,0.0015789473684210526,0,103,0.12368421052631584,3,True,2.3195395409984485,-0.9954299172872092,0.9127111189662942,1.0565131522027056,0.9670320889403827,0.9076966581383371,0.9100274729865062,0.6081047012859441,0.6052958287043309,0.95,0.006842105263157895
pmc_gauss_k2,8,0.05,23,2000,100,fm_warm,0.0,0.0,0,0,0.48631578947368426,1,True,0.3373551669992594,-0.04841942870180298,5.93943997914008,1.3837119931067206,5.691914813270835,0.8976267457671061,0.04482327773252333,0.6988224866021494,0.9442846331046858,,
pmc_gauss_k2,8,0.05,23,2000,100,dpd,0.0,0.0,0,0,nan,0,True,0.05149466699913319,-0.04841942870180298,5.93943997914008,1.3837119931067206,5.691914813270835,0.8976267457671061,0.04482327773252333,0.7050020206710461,0.9462491334059947,,
pmc_gauss_k2,0,0.0,24,2000,0,true_seq,nan,0.003,0,6,0.10899999999999999,0,True,0.10917320800035668,,,,,,,,,,
pmc_gauss_k2,0,0.0,24,2000,0,true_nonseq,nan,0.003,0,6,nan,0,True,0.09525116700024228,,,,,,,,,,
pmc_gauss_k2,0,0.0,24,2000,0,true_raw,nan,0.0,0,0,0.10650000000000004,0,True,0.0,,,,,,,,,,
pmc_gauss_k2,0,0.0,24,2000,0,clean,nan,0.0,0,0,0.11750000000000005,1,True,0.10295695899912971,-0.9307736352803708,1.1519439964024603,0.9582708434395073,0.9694766298357483,0.918854548495462,0.906994815506097,0.577173788338207,0.6046072077243368,,
pmc_gauss_k2,0,0.0,24,2000,0,raw,nan,0.0,0,0,0.11750000000000005,1,True,0.1044467080009781,-0.9307736352803708,1.1519439964024603,0.9582708434395073,0.9694766298357483,0.918854548495462,0.906994815506097,0.577173788338207,0.6046072077243368,,
pmc_gauss_k2,0,0.0,24,2000,0,oracle,nan,0.0,0,0,0.11750000000000005,1,True,0.1034760410002491,-0.9307736352803708,1.1519439964024603,0.9582708434395073,0.9694766298357483,0.918854548495462,0.906994815506097,0.577173788338207,0.6046072077243368,,
pmc_gauss_k2,0,0.0,24,2000,0,fm,nan,0.003,0,6,0.126,2,True,0.5172920000004524,-0.9164104732390322,1.1665814865195232,0.9562262168338815,0.9355951475549139,0.9237817362430196,0.9090494917393954,0.5734892283706489,0.5924609841689382,,
pmc_gauss_k2,0,0.0,24,2000,0,fm_hampel,nan,0.003,0,6,0.126,2,True,0.6107599589995516,-0.9164104732390322,1.1665814865195232,0.9562262168338815,0.9355951475549139,0.9237817362430196,0.9090494917393954,0.5734892283706489,0.5924609841689382,nan,0.012
pmc_gauss_k2,0,0.0,24,2000,0,fm_warm,nan,0.003,0,6,0.126,2,True,0.39422545799970976,-0.916094140474214,1.1605882773081846,0.9577823886184038,0.940814362735031,0.9230524982327168,0.908633016443321,0.5761444852186032,0.5996203944253002,,
pmc_gauss_k2,0,0.0,24,2000,0,dpd,nan,0.0,0,0,nan,0,True,0.05140683299941884,-0.9307736352803708,1.1519439964024603,0.9582708434395073,0.9694766298357483,0.918854548495462,0.906994815506097,0.5753528417408884,0.5939129412141698,,
pmc_gauss_k2,4,0.01,24,2000,20,true_seq,0.95,0.0030303030303030303,0,25,0.10858585858585856,0,True,0.1460352909998619,,,,,,,,,,
pmc_gauss_k2,4,0.01,24,2000,20,true_nonseq,0.95,0.0030303030303030303,0,25,nan,0,True,0.092361749999327,,,,,,,,,,
pmc_gauss_k2,4,0.01,24,2000,20,true_raw,0.0,0.0,0,0,0.11969696969696975,0,True,0.0,,,,,,,,,,
pmc_gauss_k2,4,0.01,24,2000,20,clean,0.0,0.0,0,0,0.11767676767676771,1,True,0.10034791699945345,-0.9307736352803708,1.1519439964024603,0.9582708434395073,0.9694766298357483,0.918854548495462,0.906994815506097,0.577173788338207,0.6046072077243368,,
pmc_gauss_k2,4,0.01,24,2000,20,raw,0.0,0.0,0,0,0.4964646464646465,1,True,1.0640010000006441,0.028210025631188157,0.6799973090255241,1.3881329580736916,2.2168758640677004,0.9169836338279931,0.2874139894220133,0.7179422988243392,0.8618398312616571,,
pmc_gauss_k2,4,0.01,24,2000,20,oracle,1.0,0.0,0,20,0.12424242424242427,1,True,0.19568212499871152,-0.9126641798893017,1.171342702965646,0.9622846198649226,0.9595226784646291,0.9209916533804314,0.9068210096593384,0.5756676899597082,0.598231559560834,,
pmc_gauss_k2,4,0.01,24,2000,20,fm,0.85,0.0030303030303030303,0,23,0.12272727272727268,4,True,2.0318630000001576,-0.9220206985585457,1.1426678548018794,0.9555720334791391,0.9647893552809108,0.9179890794186093,0.9065822303226769,0.5749369801704898,0.6007176978800772,,
pmc_gauss_k2,4,0.01,24,2000,20,fm_hampel,0.9,0.0030303030303030303,0,24,0.12575757575757573,4,True,1.3109259170014411,-0.9094335414620225,1.1657149886779559,0.9579470174014869,0.9459086620555328,0.9219089290385551,0.9075737998637523,0.573463632620916,0.5924920665255237,0.75,0.012121212121212121
pmc_gauss_k2,4,0.01,24,2000,20,fm_warm,0.6,0.0,0,12,0.48282828282828283,5,True,2.734571125000002,0.044612195878317155,0.12174153721616318,1.3969575479464993,1.5766721959381926,0.924583512285536,0.6662064158679872,0.7161021019195355,0.7834594534312186,,
pmc_gauss_k2,4,0.01,24,2000,20,dpd,0.0,0.0,0,0,nan,0,True,0.05409945800056448,0.028210025631188157,0.6799973090255241,1.3881329580736916,2.2168758640677004,0.9169836338279931,0.2874139894220133,0.7164857107323358,0.8597919433868617,,
pmc_gauss_k2,6,0.01,24,2000,20,true_seq,1.0,0.0030303030303030303,0,26,0.11010101010101014,0,True,0.14871112500077288,,,,,,,,,,
pmc_gauss_k2,6,0.01,24,2000,20,true_nonseq,1.0,0.0035353535353535356,0,27,nan,0,True,0.09566179200010083,,,,,,,,,,
pmc_gauss_k2,6,0.01,24,2000,20,true_raw,0.0,0.0,0,0,0.14494949494949494,0,True,0.0,,,,,,,,,,
pmc_gauss_k2,6,0.01,24,2000,20,clean,0.0,0.0,0,0,0.11868686868686873,1,True,0.10514991600030044,-0.9307736352803708,1.1519439964024603,0.9582708434395073,0.9694766298357483,0.918854548495462,0.906994815506097,0.577173788338207,0.6046072077243368,,
pmc_gauss_k2,6,0.01,24,2000,20,raw,0.0,0.0,0,0,0.49848484848484853,1,True,0.9301295830009622,0.03047264324013041,1.0141635659528596,1.3828610111291135,2.976778450335942,0.9259336058835012,0.2997915309598872,0.712516566782757,0.8968823480750907,,
pmc_gauss_k2,6,0.01,24,2000,20,oracle,1.0,0.0,0,20,0.12070707070707065,1,True,0.1622952500001702,-0.9241174979110736,1.1519836667283947,0.9611655289451455,0.9700225666243104,0.9188985030335592,0.9067474133587671,0.5767858287674247,0.6032168169272347,,
pmc_gauss_k2,6,0.01,24,2000,20,fm,1.0,0.0030303030303030303,0,26,0.12828282828282833,4,True,2.3148090409995348,-0.9095400009163035,1.1659717960400768,0.9592643944545962,0.9365784135334239,0.9238141025401471,0.9088354592680445,0.5732855656680451,0.5911341252588236,,
pmc_gauss_k2,6,0.01,24,2000,20,fm_hampel,1.0,0.0030303030303030303,0,26,0.12828282828282833,2,True,0.7387055830004101,-0.9095400009163035,1.1659717960400768,0.9592643944545962,0.9365784135334239,0.9238141025401471,0.9088354592680445,0.5732855656680451,0.5911341252588236,0.9,0.011616161616161616
pmc_gauss_k2,6,0.01,24,2000,20,fm_warm,1.0,0.00202020202020202,0,24,0.4878787878787879,5,True,2.832862291999845,0.025290867980483345,0.06416043622986041,1.4062468532753174,1.4111744882945234,0.9285698971799817,0.8099956904920271,0.7075332975986586,0.7707585201434239,,
pmc_gauss_k2,6,0.01,24,2000,20,dpd,0.0,0.0,0,0,nan,0,True,0.05351966700072808,0.03047264324013041,1.0141635659528596,1.3828610111291135,2.976778450335942,0.9259336058835012,0.2997915309598872,0.7120097556390802,0.8953668520812171,,
pmc_gauss_k2,8,0.01,24,2000,20,true_seq,1.0,0.0030303030303030303,0,26,0.11262626262626263,0,True,0.15034983300029126,,,,,,,,,,
pmc_gauss_k2,8,0.01,24,2000,20,true_nonseq,1.0,0.0030303030303030303,0,26,nan,0,True,0.09523279100176296,,,,,,,,,,
pmc_gauss_k2,8,0.01,24,2000,20,true_raw,0.0,0.0,0,0,0.1393939393939394,0,True,0.0,,,,,,,,,,
pmc_gauss_k2,8,0.01,24,2000,20,clean,0.0,0.0,0,0,0.11818181818181817,1,True,0.10376520799945865,-0.9307736352803708,1.1519439964024603,0.9582708434395073,0.9694766298357483,0.918854548495462,0.906994815506097,0.577173788338207,0.6046072077243368,,
pmc_gauss_k2,8,0.01,24,2000,20,raw,0.0,0.0,0,0,0.498989898989899,1,True,0.48880620900126814,0.02844995343834779,1.6905958203644174,1.3792922251649633,4.322685485626767,0.9351960044618457,0.1994831516521867,0.7090605943509103,0.9207139856872816,,
pmc_gauss_k2,8,0.01,24,2000,20,oracle,1.0,0.0,0,20,0.11818181818181817,1,True,0.16246474999934435,-0.9341332390090501,1.134403083225915,0.9557606885163564,0.9779937099232245,0.9185982051605392,0.9082452033757612,0.580197346433833,0.6043325866684703,,
pmc_gauss_k2,8,0.01,24,2000,20,fm,1.0,0.0030303030303030303,0,26,0.12575757575757573,4,True,3.290762333999737,-0.9222191246916716,1.145301612743248,0.952906933483535,0.9459811821559877,0.9232941974395177,0.9104835394499617,0.5760633589107463,0.5931886490321566,,
pmc_gauss_k2,8,0.01,24,2000,20,fm_hampel,1.0,0.0030303030303030303,0,26,0.12575757575757573,3,True,1.0037992910001776,-0.9222191246916716,1.145301612743248,0.952906933483535,0.9459811821559877,0.9232941974395177,0.9104835394499617,0.5760633589107463,0.5931886490321566,0.95,0.010606060606060607
pmc_gauss_k2,8,0.01,24,2000,20,fm_warm,1.0,0.00202020202020202,0,24,0.4772727272727273,5,True,2.8050361669993435,0.029647945886767474,0.027544916565375378,1.4042895774264026,1.4095845734208998,0.9277007478756345,0.8287764853587569,0.708806931675591,0.7644084280114973,,
pmc_gauss_k2,8,0.01,24,2000,20,dpd,0.0,0.0,0,0,nan,0,True,0.05342995799946948,0.02844995343834779,1.6905958203644174,1.3792922251649633,4.322685485626767,0.9351960044618457,0.1994831516521867,0.709987956388432,0.9186664442164855,,
pmc_gauss_k2,4,0.05,24,2000,100,true_seq,0.96,0.003157894736842105,0,102,0.10999999999999999,0,True,0.2897169579991896,,,,,,,,,,
pmc_gauss_k2,4,0.05,24,2000,100,true_nonseq,0.96,0.003157894736842105,0,102,nan,0,True,0.09735429200009094,,,,,,,,,,
pmc_gauss_k2,4,0.05,24,2000,100,true_raw,0.0,0.0,0,0,0.261578947368421,0,True,0.0,,,,,,,,,,
pmc_gauss_k2,4,0.05,24,2000,100,clean,0.0,0.0,0,0,0.11473684210526314,1,True,0.10469912499866041,-0.9307736352803708,1.1519439964024603,0.9582708434395073,0.9694766298357483,0.918854548495462,0.906994815506097,0.577173788338207,0.6046072077243368,,
pmc_gauss_k2,4,0.05,24,2000,100,raw,0.0,0.0,0,0,0.48578947368421055,1,True,0.2609149170002638,0.009127845057534908,2.7660190425398987,1.3975426221481944,3.0122702976395552,0.8779409893232331,0.050185005513839254,0.7154861213423164,0.88805499482463,,
pmc_gauss_k2,4,0.05,24,2000,100,oracle,1.0,0.0,0,100,0.11578947368421055,1,True,0.18735908399867185,-0.9467772520096982,1.1499319284540845,0.962019116606617,0.971042831598638,0.920160242333226,0.9104287563701078,0.5725916610506648,0.6069109148482027,,
pmc_gauss_k2,4,0.05,24,2000,100,fm,0.0,0.0,0,0,0.48578947368421055,1,True,0.3635597920001601,0.009127845057534908,2.7660190425398987,1.3975426221481944,3.0122702976395552,0.8779409893232331,0.050185005513839254,0.7154861213423164,0.88805499482463,,
pmc_gauss_k2,4,0.05,24,2000,100,fm_hampel,0.0,0.0,0,0,0.48578947368421055,5,True,4.776906375000181,0.009127845057534908,2.7660190425398987,1.3975426221481944,3.0122702976395552,0.8779409893232331,0.050185005513839254,0.7154861213423164,0.88805499482463,0.77,0.008421052631578947
pmc_gauss_k2,4,0.05,24,2000,100,fm_warm,0.0,0.0,0,0,0.48578947368421055,1,True,0.3515891660008492,0.009127845057534908,2.7660190425398987,1.3975426221481944,3.0122702976395552,0.8779409893232331,0.050185005513839254,0.7154861213423164,0.88805499482463,,
pmc_gauss_k2,4,0.05,24,2000,100,dpd,0.0,0.0,0,0,nan,0,True,0.05000470799859613,0.009127845057534908,2.7660190425398987,1.3975426221481944,3.0122702976395552,0.8779409893232331,0.050185005513839254,0.715600286698743,0.8879661960973587,,
pmc_gauss_k2,6,0.05,24,2000,100,true_seq,1.0,0.003157894736842105,0,106,0.10947368421052628,0,True,0.2838515829989774,,,,,,,,,,
pmc_gauss_k2,6,0.05,24,2000,100,true_nonseq,1.0,0.004736842105263158,0,109,nan,0,True,0.09267520799949125,,,,,,,,,,
pmc_gauss_k2,6,0.05,24,2000,100,true_raw,0.0,0.0,0,0,0.26,0,True,0.0,,,,,,,,,,
pmc_gauss_k2,6,0.05,24,2000,100,clean,0.0,0.0,0,0,0.11842105263157898,1,True,0.10336116700091225,-0.9307736352803708,1.1519439964024603,0.9582708434395073,0.9694766298357483,0.918854548495462,0.906994815506097,0.577173788338207,0.6046072077243368,,
pmc_gauss_k2,6,0.05,24,2000,100,raw,0.0,0.0,0,0,0.48578947368421055,1,True,0.3071663749997242,0.01651060204096985,4.510297856926283,1.3945670091559859,4.348233918910336,0.892485649399759,0.029770687929507458,0.7077446343804255,-0.6458553705679583,,
pmc_gauss_k2,6,0.05,24,2000,100,oracle,1.0,0.0,0,100,0.1205263157894737,1,True,0.18585829100084084,-0.9396565108893284,1.1592365037291616,0.9527900080329035,0.9689881332658311,0.9195168689024078,0.9088762941163773,0.5742149924956979,0.5982203868779039,,
pmc_gauss_k2,6,0.05,24,2000,100,fm,0.0,0.0,0,0,0.48578947368421055,1,True,0.4083185830004368,0.01651060204096985,4.510297856926283,1.3945670091559859,4.348233918910336,0.892485649399759,0.029770687929507458,0.7077446343804255,-0.6458553705679583,,
pmc_gauss_k2,6,0.05,24,2000,100,fm_hampel,1.0,0.003157894736842105,0,106,0.1289473684210526,3,True,3.1800469999998313,-0.927697643802377,1.1727596804197216,0.9488099340923433,0.933547048396976,0.9243753839040859,0.9111467541198527,0.5696198029975584,0.5847239956181927,0.87,0.009473684210526316
pmc_gauss_k2,6,0.05,24,2000,100,fm_warm,0.0,0.0,0,0,0.48578947368421055,1,True,0.39874416699967696,0.01651060204096985,4.510297856926283,1.3945670091559859,4.348233918910336,0.892485649399759,0.029770687929507458,0.7077446343804255,-0.6458553705679583,,
pmc_gauss_k2,6,0.05,24,2000,100,dpd,0.0,0.0,0,0,nan,0,True,0.051998667000589194,0.01651060204096985,4.510297856926283,1.3945670091559859,4.348233918910336,0.892485649399759,0.029770687929507458,0.7083864879308764,-0.6852811640346472,,
pmc_gauss_k2,8,0.05,24,2000,100,true_seq,1.0,0.003157894736842105,0,106,0.10894736842105268,0,True,0.28586866700061364,,,,,,,,,,
pmc_gauss_k2,8,0.05,24,2000,100,true_nonseq,1.0,0.0036842105263157894,0,107,nan,0,True,0.09525537499939674,,,,,,,,,,
pmc_gauss_k2,8,0.05,24,2000,100,true_raw,0.0,0.0,0,0,0.2668421052631579,0,True,0.0,,,,,,,,,,
pmc_gauss_k2,8,0.05,24,2000,100,clean,0.0,0.0,0,0,0.11578947368421055,1,True,0.10708208299911348,-0.9307736352803708,1.1519439964024603,0.9582708434395073,0.9694766298357483,0.918854548495462,0.906994815506097,0.577173788338207,0.6046072077243368,,
pmc_gauss_k2,8,0.05,24,2000,100,raw,0.0,0.0,0,0,0.4926315789473684,1,True,0.23698316700028954,0.02023623984109389,6.111567193458466,1.3898196233195477,5.835060418111414,0.8958339897689966,0.021999200857466147,0.7059175566810589,0.9421964201127857,,
pmc_gauss_k2,8,0.05,24,2000,100,oracle,1.0,0.0,0,100,0.11368421052631583,1,True,0.18357720899984997,-0.9343878647824384,1.1423781990291357,0.9648230499846664,0.9695595675575828,0.9197741787241684,0.9082483989044299,0.5800431420031764,0.6023413750323247,,
pmc_gauss_k2,8,0.05,24,2000,100,fm,0.0,0.0,0,0,0.4926315789473684,1,True,0.32655570799943234,0.02023623984109389,6.111567193458466,1.3898196233195477,5.835060418111414,0.8958339897689966,0.021999200857466147,0.7059175566810589,0.9421964201127857,,
pmc_gauss_k2,8,0.05,24,2000,100,fm_hampel,1.0,0.003157894736842105,0,106,0.11894736842105258,3,True,1.8557982910006103,-0.9215275870535842,1.1537192073153668,0.962022300339911,0.9359880361478458,0.9245237069007416,0.9104969152717949,0.5765751187927282,0.590171868391018,0.96,0.008421052631578947
pmc_gauss_k2,8,0.05,24,2000,100,fm_warm,0.0,0.0,0,0,0.4926315789473684,1,True,0.3346994170005928,0.02023623984109389,6.111567193458466,1.3898196233195477,5.835060418111414,0.8958339897689966,0.021999200857466147,0.7059175566810589,0.9421964201127857,,
pmc_gauss_k2,8,0.05,24,2000,100,dpd,0.0,0.0,0,0,nan,0,True,0.05214095799965435,0.02023623984109389,6.111567193458466,1.3898196233195477,5.835060418111414,0.8958339897689966,0.021999200857466147,0.7081377039621582,0.9439553487824366,,
pmc_gauss_k2,0,0.0,25,2000,0,true_seq,nan,0.0025,0,5,0.10299999999999998,0,True,0.10869500000080734,,,,,,,,,,
pmc_gauss_k2,0,0.0,25,2000,0,true_nonseq,nan,0.002,0,4,nan,0,True,0.09409470799982955,,,,,,,,,,
pmc_gauss_k2,0,0.0,25,2000,0,true_raw,nan,0.0,0,0,0.10250000000000004,0,True,0.0,,,,,,,,,,
pmc_gauss_k2,0,0.0,25,2000,0,clean,nan,0.0,0,0,0.10199999999999998,1,True,0.1278766249997716,-0.822871602649745,1.032180439792885,0.989431653699244,1.0184810055453217,0.8668067260861123,0.8937575567020715,0.5988699428038589,0.610757835965617,,
pmc_gauss_k2,0,0.0,25,2000,0,raw,nan,0.0,0,0,0.10199999999999998,1,True,0.12754854199920374,-0.822871602649745,1.032180439792885,0.989431653699244,1.0184810055453217,0.8668067260861123,0.8937575567020715,0.5988699428038589,0.610757835965617,,
pmc_gauss_k2,0,0.0,25,2000,0,oracle,nan,0.0,0,0,0.10199999999999998,1,True,0.12725845800014213,-0.822871602649745,1.032180439792885,0.989431653699244,1.0184810055453217,0.8668067260861123,0.8937575567020715,0.5988699428038589,0.610757835965617,,
pmc_gauss_k2,0,0.0,25,2000,0,fm,nan,0.001,0,2,0.10399999999999998,2,True,0.5211698750008509,-0.822297793660872,1.0315762140465172,0.9835282269910246,1.01415969559118,0.8667142042746688,0.893703794181566,0.5964122044660642,0.608889260928403,,
pmc_gauss_k2,0,0.0,25,2000,0,fm_hampel,nan,0.001,0,2,0.10399999999999998,2,True,0.5657949999986158,-0.822297793660872,1.0315762140465172,0.9835282269910246,1.01415969559118,0.8667142042746688,0.893703794181566,0.5964122044660642,0.608889260928403,nan,0.008
pmc_gauss_k2,0,0.0,25,2000,0,fm_warm,nan,0.001,0,2,0.10299999999999998,2,True,0.40658287499900325,-0.8169980376770023,1.026928393717181,0.988527361066585,1.0183573602540885,0.8660368488372472,0.8932182830845165,0.5990871145603767,0.6124607116356868,,
pmc_gauss_k2,0,0.0,25,2000,0,dpd,nan,0.0,0,0,nan,0,True,0.050555082998471335,-0.822871602649745,1.032180439792885,0.989431653699244,1.0184810055453217,0.8668067260861123,0.8937575567020715,0.6007458849629198,0.6117497386387857,,
pmc_gauss_k2,4,0.01,25,2000,20,true_seq,1.0,0.0025252525252525255,0,25,0.10656565656565653,0,True,0.14613908299907052,,,,,,,,,,
pmc_gauss_k2,4,0.01,25,2000,20,true_nonseq,1.0,0.0025252525252525255,0,25,nan,0,True,0.09929912500047067,,,,,,,,,,
pmc_gauss_k2,4,0.01,25,2000,20,true_raw,0.0,0.0,0,0,0.13787878787878793,0,True,0.0,,,,,,,,,,
pmc_gauss_k2,4,0.01,25,2000,20,clean,0.0,0.0,0,0,0.10252525252525257,1,True,0.1295567500001198,-0.822871602649745,1.032180439792885,0.989431653699244,1.0184810055453217,0.8668067260861123,0.8937575567020715,0.5988699428038589,0.610757835965617,,
pmc_gauss_k2,4,0.01,25,2000,20,raw,0.0,0.0,0,0,0.46111111111111114,1,True,0.8431215409982542,0.18252118703277698,0.6838121478696176,1.3274367976965078,1.9784104780534129,0.8912662747785071,0.43520936965959245,0.7075563349725033,0.8651249217072569,,
pmc_gauss_k2,4,0.01,25,2000,20,oracle,1.0,0.0,0,20,0.10656565656565653,1,True,0.19985820799956855,-0.8042308376641247,1.0399890255916189,0.9972726049709147,1.0206735562228475,0.8689214064395214,0.8928328677490484,0.6007090480369452,0.6112536312868863,,
pmc_gauss_k2,4,0.01,25,2000,20,fm,0.95,0.00101010101010101,0,21,0.1106060606060606,4,True,2.092872625000382,-0.8026815179334769,1.0394486132659035,0.9923695026111087,1.0211841652963896,0.8669442329400223,0.8916658715394858,0.5983379755738959,0.6109112877501817,,
pmc_gauss_k2,4,0.01,25,2000,20,fm_hampel,0.95,0.00101010101010101,0,21,0.1106060606060606,3,True,1.274663916999998,-0.8026815179334769,1.0394486132659035,0.9923695026111087,1.0211841652963896,0.8669442329400223,0.8916658715394858,0.5983379755738959,0.6109112877501817,0.65,0.007575757575757576
pmc_gauss_k2,4,0.01,25,2000,20,fm_warm,0.8,0.0,0,16,0.45707070707070707,5,True,1.785800792000373,0.19733408006300518,0.3208160650386053,1.3580996118638038,1.4414787951635393,0.900923811896406,0.48146660097092,0.7085359440680686,0.8567024130925454,,
pmc_gauss_k2,4,0.01,25,2000,20,dpd,0.0,0.0,0,0,nan,0,True,0.05606979099866294,0.18252118703277698,0.6838121478696176,1.3274367976965078,1.9784104780534129,0.8912662747785071,0.43520936965959245,0.7048399918056995,0.866803609468721,,
pmc_gauss_k2,6,0.01,25,2000,20,true_seq,1.0,0.0025252525252525255,0,25,0.10505050505050506,0,True,0.14791541699923982,,,,,,,,,,
pmc_gauss_k2,6,0.01,25,2000,20,true_nonseq,1.0,0.0025252525252525255,0,25,nan,0,True,0.09612145900064206,,,,,,,,,,
pmc_gauss_k2,6,0.01,25,2000,20,true_raw,0.0,0.0,0,0,0.1454545454545455,0,True,0.0,,,,,,,,,,
pmc_gauss_k2,6,0.01,25,2000,20,clean,0.0,0.0,0,0,0.10252525252525257,1,True,0.12755449999895063,-0.822871602649745,1.032180439792885,0.989431653699244,1.0184810055453217,0.8668067260861123,0.8937575567020715,0.5988699428038589,0.610757835965617,,
pmc_gauss_k2,6,0.01,25,2000,20,raw,0.0,0.0,0,0,0.43838383838383843,1,True,0.8103529580002942,0.21309002735022536,0.7450646700294512,1.3129348645255734,2.707847432069312,0.9040990426108186,0.43885932609626604,0.694263000083921,0.9158028987189593,,
pmc_gauss_k2,6,0.01,25,2000,20,oracle,1.0,0.0,0,20,0.10808080808080811,1,True,0.20017300000108662,-0.8301242315751244,1.0139961802003943,0.9896956238246123,1.027404842758081,0.865297361819887,0.8955542300665724,0.599085052604245,0.6112847417475291,,
pmc_gauss_k2,6,0.01,25,2000,20,fm,1.0,0.00101010101010101,0,22,0.10858585858585856,4,True,2.3202202080010466,-0.829419052856606,1.0134771325032128,0.983717371680659,1.0230802108667711,0.8652514846263373,0.8955152090975311,0.5965129925276512,0.6094327775813082,,
pmc_gauss_k2,6,0.01,25,2000,20,fm_hampel,1.0,0.00101010101010101,0,22,0.10858585858585856,2,True,1.2147622079992288,-0.829419052856606,1.0134771325032128,0.983717371680659,1.0230802108667711,0.8652514846263373,0.8955152090975311,0.5965129925276512,0.6094327775813082,0.85,0.007070707070707071
pmc_gauss_k2,6,0.01,25,2000,20,fm_warm,1.0,0.00101010101010101,0,22,0.453030303030303,4,True,2.0124385409999377,0.21660967757199032,0.15296894082898616,1.3617590472867267,1.3472284378002384,0.8978646781934734,0.5092442218789294,0.7066510021562701,0.8473971813963984,,
pmc_gauss_k2,6,0.01,25,2000,20,dpd,0.0,0.0,0,0,nan,0,True,0.05149362500014831,0.21309002735022536,0.7450646700294512,1.3129348645255734,2.707847432069312,0.9040990426108186,0.43885932609626604,0.6928467876130946,0.9158969630879119,,
pmc_gauss_k2,8,0.01,25,2000,20,true_seq,1.0,0.0025252525252525255,0,25,0.1045454545454545,0,True,0.14774349999970582,,,,,,,,,,
pmc_gauss_k2,8,0.01,25,2000,20,true_nonseq,1.0,0.00202020202020202,0,24,nan,0,True,0.09797354200054542,,,,,,,,,,
pmc_gauss_k2,8,0.01,25,2000,20,true_raw,0.0,0.0,0,0,0.148989898989899,0,True,0.0,,,,,,,,,,
pmc_gauss_k2,8,0.01,25,2000,20,clean,0.0,0.0,0,0,0.10202020202020201,1,True,0.12682520799899066,-0.822871602649745,1.032180439792885,0.989431653699244,1.0184810055453217,0.8668067260861123,0.8937575567020715,0.5988699428038589,0.610757835965617,,
pmc_gauss_k2,8,0.01,25,2000,20,raw,0.0,0.0,0,0,0.4409090909090909,1,True,0.6111522499995772,0.2111386795038134,1.0109922600097518,1.3109926341263345,3.388483502650809,0.9158598320473273,0.4544130184333395,0.6897463270166161,0.9236377575671945,,
pmc_gauss_k2,8,0.01,25,2000,20,oracle,1.0,0.0,0,20,0.10252525252525257,1,True,0.20341054100026668,-0.8201595006392834,1.0292367483202378,0.9918511195289775,1.0202509747254929,0.8684394217120731,0.8944823134739313,0.6033971476465447,0.609525034186956,,
pmc_gauss_k2,8,0.01,25,2000,20,fm,1.0,0.00101010101010101,0,22,0.10404040404040404,3,True,1.5260470419998455,-0.8197018108101304,1.028569512094843,0.985861915760518,1.0158846000925927,0.8683105608171161,0.8944185388051098,0.6010030661665992,0.6076511692547648,,
pmc_gauss_k2,8,0.01,25,2000,20,fm_hampel,1.0,0.00101010101010101,0,22,0.10404040404040404,2,True,0.7691504999984318,-0.8197018108101304,1.028569512094843,0.985861915760518,1.0158846000925927,0.8683105608171161,0.8944185388051098,0.6010030661665992,0.6076511692547648,0.95,0.007575757575757576
pmc_gauss_k2,8,0.01,25,2000,20,fm_warm,1.0,0.0015151515151515152,0,23,0.43939393939393945,5,True,2.2828145410003344,0.2281401204498943,0.10051378057310348,1.3722354759692785,1.2873411062425697,0.894694149167609,0.5360684493482368,0.7126182558681805,0.8073306802536531,,
pmc_gauss_k2,8,0.01,25,2000,20,dpd,0.0,0.0,0,0,nan,0,True,0.05128104200048256,0.2111386795038134,1.0109922600097518,1.3109926341263345,3.388483502650809,0.9158598320473273,0.4544130184333395,0.6904013569274836,0.9239028838958262,,
pmc_gauss_k2,4,0.05,25,2000,100,true_seq,0.96,0.002105263157894737,1,100,0.10263157894736841,0,True,0.2841554589995212,,,,,,,,,,
pmc_gauss_k2,4,0.05,25,2000,100,true_nonseq,0.95,0.0015789473684210526,0,98,nan,0,True,0.09496120800031349,,,,,,,,,,
pmc_gauss_k2,4,0.05,25,2000,100,true_raw,0.0,0.0,0,0,0.2589473684210526,0,True,0.0,,,,,,,,,,
pmc_gauss_k2,4,0.05,25,2000,100,clean,0.0,0.0,0,0,0.10263157894736841,1,True,0.12772054199922422,-0.822871602649745,1.032180439792885,0.989431653699244,1.0184810055453217,0.8668067260861123,0.8937575567020715,0.5988699428038589,0.610757835965617,,
pmc_gauss_k2,4,0.05,25,2000,100,raw,0.0,0.0,0,0,0.47578947368421054,1,True,0.3616974999986269,0.1665967330340919,2.3835347655510866,1.330015300085657,2.7865728635107807,0.8510505635231003,0.10137079694466467,0.7032648588872459,0.9280102419630656,,
pmc_gauss_k2,4,0.05,25,2000,100,oracle,1.0,0.0,0,100,0.10473684210526313,1,True,0.18432866700095474,-0.8167930734271078,1.0404695665618775,0.9896541048477676,1.0181590513139096,0.8707424462012675,0.8959229006022267,0.599864629403835,0.603186639483066,,
pmc_gauss_k2,4,0.05,25,2000,100,fm,0.0,0.0,0,0,0.47578947368421054,1,True,0.46228445900123916,0.1665967330340919,2.3835347655510866,1.330015300085657,2.7865728635107807,0.8510505635231003,0.10137079694466467,0.7032648588872459,0.9280102419630656,,
pmc_gauss_k2,4,0.05,25,2000,100,fm_hampel,0.0,0.0,0,0,0.47578947368421054,4,True,3.3903324999992037,0.1665967330340919,2.3835347655510866,1.330015300085657,2.7865728635107807,0.8510505635231003,0.10137079694466467,0.7032648588872459,0.9280102419630656,0.64,0.008421052631578947
pmc_gauss_k2,4,0.05,25,2000,100,fm_warm,0.0,0.0,0,0,0.47578947368421054,1,True,0.4627684999995836,0.1665967330340919,2.3835347655510866,1.330015300085657,2.7865728635107807,0.8510505635231003,0.10137079694466467,0.7032648588872459,0.9280102419630656,,
pmc_gauss_k2,4,0.05,25,2000,100,dpd,0.0,0.0,0,0,nan,0,True,0.04996075000053679,0.1665967330340919,2.3835347655510866,1.330015300085657,2.7865728635107807,0.8510505635231003,0.10137079694466467,0.7038388675673528,0.929927871741094,,
pmc_gauss_k2,6,0.05,25,2000,100,true_seq,1.0,0.002631578947368421,0,105,0.10736842105263156,0,True,0.30149504200016963,,,,,,,,,,
pmc_gauss_k2,6,0.05,25,2000,100,true_nonseq,1.0,0.002631578947368421,0,105,nan,0,True,0.09650395900098374,,,,,,,,,,
pmc_gauss_k2,6,0.05,25,2000,100,true_raw,0.0,0.0,0,0,0.2863157894736842,0,True,0.0,,,,,,,,,,
pmc_gauss_k2,6,0.05,25,2000,100,clean,0.0,0.0,0,0,0.10315789473684212,1,True,0.13024687500001164,-0.822871602649745,1.032180439792885,0.989431653699244,1.0184810055453217,0.8668067260861123,0.8937575567020715,0.5988699428038589,0.610757835965617,,
pmc_gauss_k2,6,0.05,25,2000,100,raw,0.0,0.0,0,0,0.46736842105263154,1,True,0.27862016600010975,0.18367209459666092,3.792343829677276,1.3175738094772438,4.1834713565598785,0.8779169990135445,0.10840584839273426,0.6856928157478595,0.954511814224706,,
pmc_gauss_k2,6,0.05,25,2000,100,oracle,1.0,0.0,0,100,0.10526315789473684,1,True,0.18468395799936843,-0.8354131218047316,1.021874386454459,0.9842962123811875,1.009919155437258,0.8654946580604573,0.8949402145305051,0.5966265686881544,0.6051194013855896,,
pmc_gauss_k2,6,0.05,25,2000,100,fm,0.0,0.0,0,0,0.46736842105263154,1,True,0.3746445830001903,0.18367209459666092,3.792343829677276,1.3175738094772438,4.1834713565598785,0.8779169990135445,0.10840584839273426,0.6856928157478595,0.954511814224706,,
pmc_gauss_k2,6,0.05,25,2000,100,fm_hampel,1.0,0.0010526315789473684,0,102,0.10684210526315785,4,True,4.244326541000191,-0.8340290770923537,1.0209134562798288,0.9785517495418176,1.0057853283299811,0.8653413061865823,0.8948007281149388,0.5943416318896995,0.603379254764996,0.86,0.00631578947368421
pmc_gauss_k2,6,0.05,25,2000,100,fm_warm,0.0,0.0,0,0,0.46736842105263154,1,True,0.37811308299933444,0.18367209459666092,3.792343829677276,1.3175738094772438,4.1834713565598785,0.8779169990135445,0.10840584839273426,0.6856928157478595,0.954511814224706,,
pmc_gauss_k2,6,0.05,25,2000,100,dpd,0.0,0.0,0,0,nan,0,True,0.05497220899997046,0.18367209459666092,3.792343829677276,1.3175738094772438,4.1834713565598785,0.8779169990135445,0.10840584839273426,0.6900343182844104,0.9560417693758332,,
pmc_gauss_k2,8,0.05,25,2000,100,true_seq,1.0,0.002631578947368421,0,105,0.10526315789473684,0,True,0.28813549999904353,,,,,,,,,,
pmc_gauss_k2,8,0.05,25,2000,100,true_nonseq,1.0,0.002105263157894737,0,104,nan,0,True,0.09581016699848988,,,,,,,,,,
pmc_gauss_k2,8,0.05,25,2000,100,true_raw,0.0,0.0,0,0,0.26315789473684215,0,True,0.0,,,,,,,,,,
pmc_gauss_k2,8,0.05,25,2000,100,clean,0.0,0.0,0,0,0.1010526315789474,1,True,0.12685737499850802,-0.822871602649745,1.032180439792885,0.989431653699244,1.0184810055453217,0.8668067260861123,0.8937575567020715,0.5988699428038589,0.610757835965617,,
pmc_gauss_k2,8,0.05,25,2000,100,raw,0.0,0.0,0,0,0.4621052631578947,1,True,0.25887691599928075,0.17888932171160268,5.340041260598316,1.3233150997750256,5.410935209477632,0.8884517622594725,0.11183580927329986,0.672189808722081,0.9679777156834393,,
pmc_gauss_k2,8,0.05,25,2000,100,oracle,1.0,0.0,0,100,0.10894736842105268,1,True,0.22728933300095377,-0.824340886023504,1.031331638153254,0.990207196274055,1.013184999463031,0.8682907421028719,0.8952362308467091,0.5897170759338637,0.6046563786708392,,
pmc_gauss_k2,8,0.05,25,2000,100,fm,0.0,0.0,0,0,0.4621052631578947,1,True,0.34963916599917866,0.17888932171160268,5.340041260598316,1.3233150997750256,5.410935209477632,0.8884517622594725,0.11183580927329986,0.672189808722081,0.9679777156834393,,
pmc_gauss_k2,8,0.05,25,2000,100,fm_hampel,1.0,0.0015789473684210526,2,103,0.11315789473684212,3,True,2.3389752080001927,-0.817624076928452,1.0485667567386165,0.9777836959619302,0.9966856351165678,0.8719663332270936,0.8957388928127581,0.5853167496968047,0.5976093081239887,0.96,0.007368421052631579
pmc_gauss_k2,8,0.05,25,2000,100,fm_warm,0.0,0.0,0,0,0.4621052631578947,1,True,0.3553011659987533,0.17888932171160268,5.340041260598316,1.3233150997750256,5.410935209477632,0.8884517622594725,0.11183580927329986,0.672189808722081,0.9679777156834393,,
pmc_gauss_k2,8,0.05,25,2000,100,dpd,0.0,0.0,0,0,nan,0,True,0.052237333000448416,0.17888932171160268,5.340041260598316,1.3233150997750256,5.410935209477632,0.8884517622594725,0.11183580927329986,0.680003422040908,0.9701111536563386,,
pmc_gauss_k2,0,0.0,26,2000,0,true_seq,nan,0.0005,0,1,0.122,0,True,0.10294645799876889,,,,,,,,,,
pmc_gauss_k2,0,0.0,26,2000,0,true_nonseq,nan,0.0005,0,1,nan,0,True,0.09547145800024737,,,,,,,,,,
pmc_gauss_k2,0,0.0,26,2000,0,true_raw,nan,0.0,0,0,0.122,0,True,0.0,,,,,,,,,,
pmc_gauss_k2,0,0.0,26,2000,0,clean,nan,0.0,0,0,0.13349999999999995,1,True,0.23833450000165612,-0.9237727675790005,0.9037264277720558,0.8818406486663802,0.8986387915929218,0.8946821247246683,0.9217370876599151,0.5609275896837119,0.5289381498787407,,
pmc_gauss_k2,0,0.0,26,2000,0,raw,nan,0.0,0,0,0.13349999999999995,1,True,0.24082391699994332,-0.9237727675790005,0.9037264277720558,0.8818406486663802,0.8986387915929218,0.8946821247246683,0.9217370876599151,0.5609275896837119,0.5289381498787407,,
pmc_gauss_k2,0,0.0,26,2000,0,oracle,nan,0.0,0,0,0.13349999999999995,1,True,0.24265675000060583,-0.9237727675790005,0.9037264277720558,0.8818406486663802,0.8986387915929218,0.8946821247246683,0.9217370876599151,0.5609275896837119,0.5289381498787407,,
pmc_gauss_k2,0,0.0,26,2000,0,fm,nan,0.0005,0,1,0.13149999999999995,2,True,0.7403167089996714,-0.9126097030723077,0.9073851400947941,0.8829778831193286,0.8984564062867523,0.8946531255105517,0.9207103518788715,0.5666298959785027,0.5288672378528014,,
pmc_gauss_k2,0,0.0,26,2000,0,fm_hampel,nan,0.0005,0,1,0.13149999999999995,3,True,1.2763564580000093,-0.9126097030723077,0.9073851400947941,0.8829778831193286,0.8984564062867523,0.8946531255105517,0.9207103518788715,0.5666298959785027,0.5288672378528014,nan,0.006
pmc_gauss_k2,0,0.0,26,2000,0,fm_warm,nan,0.0005,0,1,0.135,2,True,0.5119930839991866,-0.9330686910123553,0.8977695290605507,0.8729647668765799,0.8998079622803223,0.8946342083430697,0.9231820442958732,0.560708743361429,0.5285028527600117,,
pmc_gauss_k2,0,0.0,26,2000,0,dpd,nan,0.0,0,0,nan,0,True,0.052097042000241345,-0.9237727675790005,0.9037264277720558,0.8818406486663802,0.8986387915929218,0.8946821247246683,0.9217370876599151,0.5560297671616128,0.5312642612133243,,
pmc_gauss_k2,4,0.01,26,2000,20,true_seq,0.9,0.000505050505050505,0,19,0.12121212121212122,0,True,0.13791966699864133,,,,,,,,,,
pmc_gauss_k2,4,0.01,26,2000,20,true_nonseq,0.9,0.000505050505050505,0,19,nan,0,True,0.09623062500031665,,,,,,,,,,
pmc_gauss_k2,4,0.01,26,2000,20,true_raw,0.0,0.0,0,0,0.1707070707070707,0,True,0.0,,,,,,,,,,
pmc_gauss_k2,4,0.01,26,2000,20,clean,0.0,0.0,0,0,0.13434343434343432,1,True,0.23891962500056252,-0.9237727675790005,0.9037264277720558,0.8818406486663802,0.8986387915929218,0.8946821247246683,0.9217370876599151,0.5609275896837119,0.5289381498787407,,
pmc_gauss_k2,4,0.01,26,2000,20,raw,0.0,0.0,0,0,0.49444444444444446,1,True,0.7573056250002992,0.06897145677445436,0.6592272456074793,1.247073847361457,1.7605984397276149,0.8873217265078955,0.48977364088503395,0.6892529302160579,0.8104610058200947,,
pmc_gauss_k2,4,0.01,26,2000,20,oracle,1.0,0.0,0,20,0.13434343434343432,1,True,0.3533404169993446,-0.9262024883607943,0.8991512978696397,0.8801504166875875,0.8992674934048441,0.8945355130486328,0.9222228594821651,0.5596302267723288,0.5270433421884538,,
pmc_gauss_k2,4,0.01,26,2000,20,fm,0.95,0.000505050505050505,0,20,0.13434343434343432,4,True,2.049563374999707,-0.9167785270057298,0.9027449064979524,0.880769878513682,0.9029780930675557,0.8923117475515818,0.9200969141087114,0.5654907613676591,0.5289158434047425,,
pmc_gauss_k2,4,0.01,26,2000,20,fm_hampel,1.0,0.000505050505050505,0,21,0.13383838383838387,3,True,1.2619683329994587,-0.9150379514875953,0.9029470243087252,0.8811089062267671,0.8990320402060517,0.894497557234782,0.921189273637655,0.5654990872634036,0.5268793352590514,0.8,0.005555555555555556
pmc_gauss_k2,4,0.01,26,2000,20,fm_warm,0.85,0.000505050505050505,0,18,0.4782828282828283,4,True,2.1638178330013034,0.08672164556087923,0.2700298146618916,1.295659197473953,1.1797676834292294,0.9173055339768977,0.7283915792793917,0.6861264134670364,0.7074232134911246,,
pmc_gauss_k2,4,0.01,26,2000,20,dpd,0.0,0.0,0,0,nan,0,True,0.053904542000964284,0.06897145677445436,0.6592272456074793,1.247073847361457,1.7605984397276149,0.8873217265078955,0.48977364088503395,0.6869471653817467,0.8059351684705115,,
pmc_gauss_k2,6,0.01,26,2000,20,true_seq,1.0,0.000505050505050505,0,21,0.12525252525252528,0,True,0.1364597080009844,,,,,,,,,,
pmc_gauss_k2,6,0.01,26,2000,20,true_nonseq,1.0,0.000505050505050505,0,21,nan,0,True,0.09485204100019473,,,,,,,,,,
pmc_gauss_k2,6,0.01,26,2000,20,true_raw,0.0,0.0,0,0,0.15959595959595962,0,True,0.0,,,,,,,,,,
pmc_gauss_k2,6,0.01,26,2000,20,clean,0.0,0.0,0,0,0.13282828282828285,1,True,0.23341562499990687,-0.9237727675790005,0.9037264277720558,0.8818406486663802,0.8986387915929218,0.8946821247246683,0.9217370876599151,0.5609275896837119,0.5289381498787407,,
pmc_gauss_k2,6,0.01,26,2000,20,raw,0.0,0.0,0,0,0.4580808080808081,1,True,0.7835392919987498,0.11614360656327086,0.6720859477635692,1.233356104285269,2.4056203848043527,0.9128806631390926,0.5172410229795127,0.6701270692525926,0.8668689105580369,,
pmc_gauss_k2,6,0.01,26,2000,20,oracle,1.0,0.0,0,20,0.1358585858585859,1,True,0.36320175000037125,-0.9375136564021336,0.8975606869537259,0.8770078346119784,0.9010470047763361,0.8946263311018225,0.9232078888856448,0.5568042783547394,0.5271909600892387,,
pmc_gauss_k2,6,0.01,26,2000,20,fm,1.0,0.000505050505050505,0,21,0.13535353535353534,3,True,1.8355567090002296,-0.9249377977792654,0.9018705869025728,0.8788306455195737,0.9007407659480834,0.8946216710960159,0.9220500234388661,0.5630621925551895,0.5271923333597515,,
pmc_gauss_k2,6,0.01,26,2000,20,fm_hampel,1.0,0.000505050505050505,0,21,0.13535353535353534,2,True,0.8820980419986881,-0.9249377977792654,0.9018705869025728,0.8788306455195737,0.9007407659480834,0.8946216710960159,0.9220500234388661,0.5630621925551895,0.5271923333597515,0.95,0.005555555555555556
pmc_gauss_k2,6,0.01,26,2000,20,fm_warm,1.0,0.000505050505050505,0,21,0.4505050505050505,3,True,2.028913083000589,0.1360172263054476,0.09148709665698036,1.2945672476208823,1.1891825373159395,0.9229150385104085,0.7703019151793551,0.6794525759401253,0.7140434062860985,,
pmc_gauss_k2,6,0.01,26,2000,20,dpd,0.0,0.0,0,0,nan,0,True,0.050902458000564366,0.11614360656327086,0.6720859477635692,1.233356104285269,2.4056203848043527,0.9128806631390926,0.5172410229795127,0.6707414463390349,0.86264520924851,,
pmc_gauss_k2,8,0.01,26,2000,20,true_seq,1.0,0.000505050505050505,0,21,0.12222222222222223,0,True,0.1389149999995425,,,,,,,,,,
pmc_gauss_k2,8,0.01,26,2000,20,true_nonseq,1.0,0.000505050505050505,0,21,nan,0,True,0.09661091600173677,,,,,,,,,,
pmc_gauss_k2,8,0.01,26,2000,20,true_raw,0.0,0.0,0,0,0.1393939393939394,0,True,0.0,,,,,,,,,,
pmc_gauss_k2,8,0.01,26,2000,20,clean,0.0,0.0,0,0,0.13282828282828285,1,True,0.23676316699857125,-0.9237727675790005,0.9037264277720558,0.8818406486663802,0.8986387915929218,0.8946821247246683,0.9217370876599151,0.5609275896837119,0.5289381498787407,,
pmc_gauss_k2,8,0.01,26,2000,20,raw,0.0,0.0,0,0,0.4545454545454546,1,True,0.6642837500003225,0.1267741317295925,0.8852376168990325,1.228035255926382,3.0497903068423655,0.9269016787330583,0.5172934843261746,0.6619947107947092,0.8978109870034159,,
pmc_gauss_k2,8,0.01,26,2000,20,oracle,1.0,0.0,0,20,0.1297979797979798,1,True,0.32100291599999764,-0.8925621212347807,0.9176204044665136,0.8981714882632866,0.8942424349400996,0.894637705174728,0.9179796177156279,0.5688038350143807,0.5302107534231325,,
pmc_gauss_k2,8,0.01,26,2000,20,fm,1.0,0.000505050505050505,0,21,0.13030303030303025,3,True,1.6935668749993056,-0.8946179392398397,0.9149563461808522,0.8926071476885404,0.8952760695735957,0.8947030823685622,0.918688546380752,0.5704717978907138,0.5291562986083319,,
pmc_gauss_k2,8,0.01,26,2000,20,fm_hampel,1.0,0.000505050505050505,0,21,0.13030303030303025,2,True,0.7825501249990339,-0.8946179392398397,0.9149563461808522,0.8926071476885404,0.8952760695735957,0.8947030823685622,0.918688546380752,0.5704717978907138,0.5291562986083319,0.95,0.006060606060606061
pmc_gauss_k2,8,0.01,26,2000,20,fm_warm,1.0,0.00101010101010101,0,22,0.13737373737373737,3,True,3.1000089999997726,0.8721586731157283,-0.9547080798091776,0.9083988479839414,0.8674499792401941,0.9241315565147641,0.8902530748977543,0.5384995561032956,0.5600698350061855,,
pmc_gauss_k2,8,0.01,26,2000,20,dpd,0.0,0.0,0,0,nan,0,True,0.05157524999958696,0.1267741317295925,0.8852376168990325,1.228035255926382,3.0497903068423655,0.9269016787330583,0.5172934843261746,0.6642604988904285,0.8948229277291474,,
pmc_gauss_k2,4,0.05,26,2000,100,true_seq,0.84,0.0,0,84,0.13210526315789473,0,True,0.25460683299934317,,,,,,,,,,
pmc_gauss_k2,4,0.05,26,2000,100,true_nonseq,0.84,0.0,0,84,nan,0,True,0.09748679099902802,,,,,,,,,,
pmc_gauss_k2,4,0.05,26,2000,100,true_raw,0.0,0.0,0,0,0.2973684210526316,0,True,0.0,,,,,,,,,,
pmc_gauss_k2,4,0.05,26,2000,100,clean,0.0,0.0,0,0,0.13526315789473686,1,True,0.24084395800127822,-0.9237727675790005,0.9037264277720558,0.8818406486663802,0.8986387915929218,0.8946821247246683,0.9217370876599151,0.5609275896837119,0.5289381498787407,,
pmc_gauss_k2,4,0.05,26,2000,100,raw,0.0,0.0,0,0,0.47526315789473683,1,True,0.3412862910008698,0.08995284598773007,2.385850102521619,1.2433906315173853,2.713455729295044,0.867705788249638,0.08132945549089161,0.6745533206399166,0.8916035249489757,,
pmc_gauss_k2,4,0.05,26,2000,100,oracle,1.0,0.0,0,100,0.13631578947368417,1,True,0.3243622910013073,-0.9069951501288532,0.8948002267000501,0.8775502237243397,0.9066440694792428,0.8939257483425654,0.9208580462795738,0.5692110847669105,0.5305108202189585,,
pmc_gauss_k2,4,0.05,26,2000,100,fm,0.0,0.0,0,0,0.47526315789473683,1,True,0.43867950000094424,0.08995284598773007,2.385850102521619,1.2433906315173853,2.713455729295044,0.867705788249638,0.08132945549089161,0.6745533206399166,0.8916035249489757,,
pmc_gauss_k2,4,0.05,26,2000,100,fm_hampel,0.85,0.0,0,85,0.1378947368421053,5,True,5.582771790999686,-0.8741080057672271,0.9284402063099103,0.8975230528363781,0.9352464200199097,0.8629540094831839,0.8966259354192279,0.5809179367936745,0.5522172248993915,0.77,0.004210526315789474
pmc_gauss_k2,4,0.05,26,2000,100,fm_warm,0.0,0.0,0,0,0.47526315789473683,1,True,0.43336316699969757,0.08995284598773007,2.385850102521619,1.2433906315173853,2.713455729295044,0.867705788249638,0.08132945549089161,0.6745533206399166,0.8916035249489757,,
pmc_gauss_k2,4,0.05,26,2000,100,dpd,0.0,0.0,0,0,nan,0,True,0.053099333999853116,0.08995284598773007,2.385850102521619,1.2433906315173853,2.713455729295044,0.867705788249638,0.08132945549089161,0.6766209083818492,0.8878275747847946,,
pmc_gauss_k2,6,0.05,26,2000,100,true_seq,1.0,0.0005263157894736842,0,101,0.12684210526315787,0,True,0.2889372079989698,,,,,,,,,,
pmc_gauss_k2,6,0.05,26,2000,100,true_nonseq,1.0,0.0015789473684210526,0,103,nan,0,True,0.09785550000015064,,,,,,,,,,
pmc_gauss_k2,6,0.05,26,2000,100,true_raw,0.0,0.0,0,0,0.2773684210526316,0,True,0.0,,,,,,,,,,
pmc_gauss_k2,6,0.05,26,2000,100,clean,0.0,0.0,0,0,0.13526315789473686,1,True,0.23546600000008766,-0.9237727675790005,0.9037264277720558,0.8818406486663802,0.8986387915929218,0.8946821247246683,0.9217370876599151,0.5609275896837119,0.5289381498787407,,
pmc_gauss_k2,6,0.05,26,2000,100,raw,0.0,0.0,0,0,0.45842105263157895,1,True,0.23300983299850486,0.11039040217492072,3.9097051310744297,1.2533470048833615,3.8641447196182184,0.8923276113477875,0.07351697035015785,0.6592517113897095,0.9215347583178028,,
pmc_gauss_k2,6,0.05,26,2000,100,oracle,1.0,0.0,0,100,0.1389473684210526,1,True,0.40847691700037103,-0.9273728714232506,0.915709485241567,0.8852902729019813,0.8904068047752163,0.897636930337248,0.9230365503594152,0.5598062841812705,0.5240777174733808,,
pmc_gauss_k2,6,0.05,26,2000,100,fm,0.01,0.0,0,1,0.45999999999999996,2,True,0.803392249999888,0.11175015684160314,3.768972274056748,1.2520683397562566,3.8865708767490124,0.8897255956902814,0.07982230515717205,0.6644688061449796,0.9236131123379555,,
pmc_gauss_k2,6,0.05,26,2000,100,fm_hampel,1.0,0.0005263157894736842,0,101,0.14105263157894732,3,True,3.573914208000133,-0.9283884264452412,0.9131141695456758,0.8800753017766106,0.8916996670873488,0.8975746775352571,0.9235257373046333,0.5625001768513456,0.5232570256133995,0.87,0.004210526315789474
pmc_gauss_k2,6,0.05,26,2000,100,fm_warm,0.01,0.0,0,1,0.45842105263157895,2,True,0.5047015000000101,0.1120241507388193,3.890554123425032,1.2524342771614696,3.8865899579183925,0.8927007217770546,0.07061908221235856,0.6613066996318194,0.9226313063997619,,
pmc_gauss_k2,6,0.05,26,2000,100,dpd,0.0,0.0,0,0,nan,0,True,0.05425258300056157,0.11039040217492072,3.9097051310744297,1.2533470048833615,3.8641447196182184,0.8923276113477875,0.07351697035015785,0.6678357499395425,0.9189805994247714,,
pmc_gauss_k2,8,0.05,26,2000,100,true_seq,1.0,0.0005263157894736842,0,101,0.12421052631578944,0,True,0.28426679099902685,,,,,,,,,,
pmc_gauss_k2,8,0.05,26,2000,100,true_nonseq,1.0,0.0015789473684210526,0,103,nan,0,True,0.09542020799926831,,,,,,,,,,
pmc_gauss_k2,8,0.05,26,2000,100,true_raw,0.0,0.0,0,0,0.3163157894736842,0,True,0.0,,,,,,,,,,
pmc_gauss_k2,8,0.05,26,2000,100,clean,0.0,0.0,0,0,0.13526315789473686,1,True,0.2414250420006283,-0.9237727675790005,0.9037264277720558,0.8818406486663802,0.8986387915929218,0.8946821247246683,0.9217370876599151,0.5609275896837119,0.5289381498787407,,
pmc_gauss_k2,8,0.05,26,2000,100,raw,0.0,0.0,0,0,0.4621052631578947,1,True,0.20497008399979677,0.10554700970955122,5.821469383677592,1.2523655442612034,5.3135923822022475,0.904484734926159,0.060389987311956744,0.6482115239204568,0.9444588836940965,,
pmc_gauss_k2,8,0.05,26,2000,100,oracle,1.0,0.0,0,100,0.13368421052631574,1,True,0.3187082090007607,-0.895224287417026,0.9041821198623751,0.9137924559096434,0.9022915555512557,0.8958667476661744,0.9192077480794705,0.5808288860806955,0.5273436582923251,,
pmc_gauss_k2,8,0.05,26,2000,100,fm,0.01,0.0,0,1,0.4636842105263158,2,True,0.7069880420003756,0.10331569604631267,5.771396986383198,1.2509232748996149,5.289711876754705,0.9048615111993191,0.06553001353805102,0.6483455429710826,0.9444427817841892,,
pmc_gauss_k2,8,0.05,26,2000,100,fm_hampel,1.0,0.0005263157894736842,0,101,0.13526315789473686,3,True,2.9805734170004143,-0.8974373329361817,0.9017977745019327,0.9081191872248748,0.9029610511646107,0.8961233194896532,0.9200559179780613,0.5823546820043313,0.5258318322917097,0.95,0.004736842105263158
pmc_gauss_k2,8,0.05,26,2000,100,fm_warm,0.01,0.0,0,1,0.4631578947368421,2,True,0.4783344580009725,0.10358959425267855,5.799999913907376,1.2510045429505687,5.289363783121301,0.9051341429575818,0.06251487973860242,0.6482143392427868,0.9458130230021112,,
pmc_gauss_k2,8,0.05,26,2000,100,dpd,0.0,0.0,0,0,nan,0,True,0.0537335829994845,0.10554700970955122,5.821469383677592,1.2523655442612034,5.3135923822022475,0.904484734926159,0.060389987311956744,0.6584842791580301,0.944607395203608,,
pmc_gauss_k2,0,0.0,27,2000,0,true_seq,nan,0.001,0,2,0.118,0,True,0.10506170799999381,,,,,,,,,,
pmc_gauss_k2,0,0.0,27,2000,0,true_nonseq,nan,0.001,0,2,nan,0,True,0.09604970899999898,,,,,,,,,,
pmc_gauss_k2,0,0.0,27,2000,0,true_raw,nan,0.0,0,0,0.11750000000000005,0,True,0.0,,,,,,,,,,
pmc_gauss_k2,0,0.0,27,2000,0,clean,nan,0.0,0,0,0.12949999999999995,1,True,0.13307616599922767,-1.0332515264969366,1.0055065841805828,0.9818867738604331,0.9552647825167816,0.8885032793130136,0.8998574360201635,0.5604629949017218,0.5868014086431529,,
pmc_gauss_k2,0,0.0,27,2000,0,raw,nan,0.0,0,0,0.12949999999999995,1,True,0.13370762500017008,-1.0332515264969366,1.0055065841805828,0.9818867738604331,0.9552647825167816,0.8885032793130136,0.8998574360201635,0.5604629949017218,0.5868014086431529,,
pmc_gauss_k2,0,0.0,27,2000,0,oracle,nan,0.0,0,0,0.12949999999999995,1,True,0.12719679200017708,-1.0332515264969366,1.0055065841805828,0.9818867738604331,0.9552647825167816,0.8885032793130136,0.8998574360201635,0.5604629949017218,0.5868014086431529,,
pmc_gauss_k2,0,0.0,27,2000,0,fm,nan,0.0025,0,5,0.131,4,True,1.2380184159992496,-1.032997800342004,1.0054198671711723,0.9693887502231568,0.9347541396497724,0.8897032987936834,0.899845923510827,0.5556330027321356,0.5771655107745879,,
pmc_gauss_k2,0,0.0,27,2000,0,fm_hampel,nan,0.0025,0,5,0.131,4,True,1.3014060420009628,-1.032997800342004,1.0054198671711723,0.9693887502231568,0.9347541396497724,0.8897032987936834,0.899845923510827,0.5556330027321356,0.5771655107745879,nan,0.0065
pmc_gauss_k2,0,0.0,27,2000,0,fm_warm,nan,0.002,0,4,0.129,3,True,0.5980295829995157,-1.0387035686411994,0.9991803832862194,0.9684109781687456,0.9430615442830743,0.8890040849987909,0.9007506136419595,0.5555658720522102,0.5813207356005436,,
pmc_gauss_k2,0,0.0,27,2000,0,dpd,nan,0.0,0,0,nan,0,True,0.05191362500045216,-1.0332515264969366,1.0055065841805828,0.9818867738604331,0.9552647825167816,0.8885032793130136,0.8998574360201635,0.5604624125232843,0.5878502438146596,,
pmc_gauss_k2,4,0.01,27,2000,20,true_seq,0.9,0.00101010101010101,0,20,0.11515151515151512,0,True,0.13906775000032212,,,,,,,,,,
pmc_gauss_k2,4,0.01,27,2000,20,true_nonseq,0.9,0.00101010101010101,0,20,nan,0,True,0.09571204200074135,,,,,,,,,,
pmc_gauss_k2,4,0.01,27,2000,20,true_raw,0.0,0.0,0,0,0.13484848484848488,0,True,0.0,,,,,,,,,,
pmc_gauss_k2,4,0.01,27,2000,20,clean,0.0,0.0,0,0,0.12727272727272732,1,True,0.12841208299869322,-1.0332515264969366,1.0055065841805828,0.9818867738604331,0.9552647825167816,0.8885032793130136,0.8998574360201635,0.5604629949017218,0.5868014086431529,,
pmc_gauss_k2,4,0.01,27,2000,20,raw,0.0,0.0,0,0,0.45858585858585854,1,True,1.1665242920007586,-0.04582354718584665,0.5590797556450796,1.382401972394097,1.8158189716245292,0.8707878121652745,0.5820915109380329,0.7068447785356597,0.8280267896324491,,
pmc_gauss_k2,4,0.01,27,2000,20,oracle,1.0,0.0,0,20,0.12575757575757573,1,True,0.20138254099947517,-1.0332719999780944,1.0074352278905638,0.9814040048488524,0.9557647637103349,0.8881676001975094,0.8993914254550022,0.5598812147171425,0.5851077291887403,,
pmc_gauss_k2,4,0.01,27,2000,20,fm,0.9,0.00101010101010101,0,20,0.12474747474747472,3,True,1.9077718749995256,-1.0299925628845021,1.0136549399161945,0.9728038059280871,0.9523172389270979,0.884876482912402,0.8962523381161352,0.5575978918120446,0.5828628882164495,,
pmc_gauss_k2,4,0.01,27,2000,20,fm_hampel,0.9,0.00101010101010101,0,20,0.12474747474747472,2,True,0.6477009579994046,-1.0299925628845021,1.0136549399161945,0.9728038059280871,0.9523172389270979,0.884876482912402,0.8962523381161352,0.5575978918120446,0.5828628882164495,0.9,0.006060606060606061
pmc_gauss_k2,4,0.01,27,2000,20,fm_warm,0.85,0.0,0,17,0.4893939393939394,3,True,2.1547537919996103,0.03233510014989299,0.08193014727127909,1.4534211001440622,1.27355380421927,0.8961806652727686,0.6813246480366677,0.7102382381016681,0.7687520998109345,,
pmc_gauss_k2,4,0.01,27,2000,20,dpd,0.0,0.0,0,0,nan,0,True,0.050938500000484055,-0.04582354718584665,0.5590797556450796,1.382401972394097,1.8158189716245292,0.8707878121652745,0.5820915109380329,0.7058985199377333,0.8259310889387935,,
pmc_gauss_k2,6,0.01,27,2000,20,true_seq,1.0,0.00101010101010101,0,22,0.11919191919191918,0,True,0.14075737500024843,,,,,,,,,,
pmc_gauss_k2,6,0.01,27,2000,20,true_nonseq,1.0,0.0015151515151515152,0,23,nan,0,True,0.09460708299957332,,,,,,,,,,
pmc_gauss_k2,6,0.01,27,2000,20,true_raw,0.0,0.0,0,0,0.16515151515151516,0,True,0.0,,,,,,,,,,
pmc_gauss_k2,6,0.01,27,2000,20,clean,0.0,0.0,0,0,0.13030303030303025,1,True,0.13066587499997695,-1.0332515264969366,1.0055065841805828,0.9818867738604331,0.9552647825167816,0.8885032793130136,0.8998574360201635,0.5604629949017218,0.5868014086431529,,
pmc_gauss_k2,6,0.01,27,2000,20,raw,0.0,0.0,0,0,0.46313131313131317,1,True,0.6627034579996689,-0.019418824897547732,0.7163968538271017,1.3660057297425572,2.4461994768507407,0.8897715672748646,0.549177461684243,0.7017389543294994,0.8647191758910634,,
pmc_gauss_k2,6,0.01,27,2000,20,oracle,1.0,0.0,0,20,0.1297979797979798,1,True,0.2066810420001275,-1.0351152072137153,1.0012575370363277,0.9829722674211772,0.960601059617711,0.8878369913464169,0.8993966237161456,0.5614337899058147,0.5875464535867064,,
pmc_gauss_k2,6,0.01,27,2000,20,fm,1.0,0.00202020202020202,0,24,0.13080808080808082,4,True,1.8378951659997256,-1.032259011658378,1.0000918083690595,0.9736489837381359,0.9466827912253855,0.8881507077343269,0.8988069736700592,0.5592537963186615,0.5816655690146902,,
pmc_gauss_k2,6,0.01,27,2000,20,fm_hampel,1.0,0.00202020202020202,0,24,0.13080808080808082,4,True,1.3172875420004857,-1.032259011658378,1.0000918083690595,0.9736489837381359,0.9466827912253855,0.8881507077343269,0.8988069736700592,0.5592537963186615,0.5816655690146902,0.95,0.0065656565656565654
pmc_gauss_k2,6,0.01,27,2000,20,fm_warm,1.0,0.0,0,20,0.454040404040404,2,True,1.7018887079993874,0.11792194360757399,-0.2535873295879954,1.44897848579741,1.199595725021338,0.8920815947780308,0.6193832364682266,0.7152605661010001,0.7600951249950333,,
pmc_gauss_k2,6,0.01,27,2000,20,dpd,0.0,0.0,0,0,nan,0,True,0.053899542001090595,-0.019418824897547732,0.7163968538271017,1.3660057297425572,2.4461994768507407,0.8897715672748646,0.549177461684243,0.7020125403581139,0.8631229905144238,,
pmc_gauss_k2,8,0.01,27,2000,20,true_seq,1.0,0.000505050505050505,0,21,0.11717171717171715,0,True,0.1404471249989001,,,,,,,,,,
pmc_gauss_k2,8,0.01,27,2000,20,true_nonseq,1.0,0.00101010101010101,1,22,nan,0,True,0.09685216599973501,,,,,,,,,,
pmc_gauss_k2,8,0.01,27,2000,20,true_raw,0.0,0.0,0,0,0.1297979797979798,0,True,0.0,,,,,,,,,,
pmc_gauss_k2,8,0.01,27,2000,20,clean,0.0,0.0,0,0,0.12929292929292935,1,True,0.12916258299992478,-1.0332515264969366,1.0055065841805828,0.9818867738604331,0.9552647825167816,0.8885032793130136,0.8998574360201635,0.5604629949017218,0.5868014086431529,,
pmc_gauss_k2,8,0.01,27,2000,20,raw,0.0,0.0,0,0,0.46919191919191916,1,True,0.5195322499985195,-0.0020829265425092967,0.8319166643239092,1.3659091980471576,2.783839638446068,0.9070843568766687,0.594021562008635,0.6941130609402181,0.8793037373456053,,
pmc_gauss_k2,8,0.01,27,2000,20,oracle,1.0,0.0,0,20,0.12727272727272732,1,True,0.20830466599909414,-1.0318831203719152,1.0132770257100447,0.9775875881387305,0.9521427977964665,0.8878794802854247,0.899121835661666,0.5607157097353397,0.5843549565154934,,
pmc_gauss_k2,8,0.01,27,2000,20,fm,1.0,0.00202020202020202,0,24,0.12878787878787878,6,True,2.4213163330005045,-1.0306648124656315,1.0135500817998657,0.9749827983394218,0.9321821869406565,0.8895385211801887,0.8990188122967776,0.5581279161807949,0.5752494004116716,,
pmc_gauss_k2,8,0.01,27,2000,20,fm_hampel,1.0,0.00202020202020202,0,24,0.12878787878787878,5,True,1.7956374580007832,-1.0306648124656315,1.0135500817998657,0.9749827983394218,0.9321821869406565,0.8895385211801887,0.8990188122967776,0.5581279161807949,0.5752494004116716,0.95,0.0065656565656565654
pmc_gauss_k2,8,0.01,27,2000,20,fm_warm,1.0,0.0,0,20,0.44646464646464645,3,True,2.0256031659992004,0.1374137653738689,-0.24698566364285435,1.4451103486952783,1.2150124845331116,0.8907450639587831,0.6400820889233355,0.7167451684485596,0.7510002232573564,,
pmc_gauss_k2,8,0.01,27,2000,20,dpd,0.0,0.0,0,0,nan,0,True,0.053376542000478366,-0.0020829265425092967,0.8319166643239092,1.3659091980471576,2.783839638446068,0.9070843568766687,0.594021562008635,0.6958491312463476,0.878155146823505,,
pmc_gauss_k2,4,0.05,27,2000,100,true_seq,0.92,0.0010526315789473684,0,94,0.12,0,True,0.2697259579999809,,,,,,,,,,
pmc_gauss_k2,4,0.05,27,2000,100,true_nonseq,0.92,0.0010526315789473684,0,94,nan,0,True,0.09711937500105705,,,,,,,,,,
pmc_gauss_k2,4,0.05,27,2000,100,true_raw,0.0,0.0,0,0,0.2315789473684211,0,True,0.0,,,,,,,,,,
pmc_gauss_k2,4,0.05,27,2000,100,clean,0.0,0.0,0,0,0.13105263157894742,1,True,0.1354084579998016,-1.0332515264969366,1.0055065841805828,0.9818867738604331,0.9552647825167816,0.8885032793130136,0.8998574360201635,0.5604629949017218,0.5868014086431529,,
pmc_gauss_k2,4,0.05,27,2000,100,raw,0.0,0.0,0,0,0.46631578947368424,1,True,0.3732830409990129,0.00559745841419985,2.2743184005704675,1.3826923589928584,2.973166152614887,0.8468339187253454,0.054559941519339315,0.712999719894263,0.9250197819430613,,
pmc_gauss_k2,4,0.05,27,2000,100,oracle,1.0,0.0,0,100,0.13315789473684214,1,True,0.23523525000018708,-1.0250547419601106,1.0119775028192843,0.9804009315101055,0.9554099483989943,0.8876385107520284,0.8974593609996911,0.5611380482370272,0.5928116291772217,,
pmc_gauss_k2,4,0.05,27,2000,100,fm,0.0,0.0,0,0,0.46631578947368424,1,True,0.4564269170004991,0.00559745841419985,2.2743184005704675,1.3826923589928584,2.973166152614887,0.8468339187253454,0.054559941519339315,0.712999719894263,0.9250197819430613,,
pmc_gauss_k2,4,0.05,27,2000,100,fm_hampel,0.93,0.002105263157894737,0,97,0.1378947368421053,8,True,9.534346207999988,-1.018556590911793,1.0280101254456668,0.9723006413534924,0.9478156039537808,0.8766697086366734,0.8871601702497184,0.5581625665049917,0.5885749664270163,0.72,0.005789473684210527
pmc_gauss_k2,4,0.05,27,2000,100,fm_warm,0.0,0.0,0,0,0.46631578947368424,1,True,0.5153355829988868,0.00559745841419985,2.2743184005704675,1.3826923589928584,2.973166152614887,0.8468339187253454,0.054559941519339315,0.712999719894263,0.9250197819430613,,
pmc_gauss_k2,4,0.05,27,2000,100,dpd,0.0,0.0,0,0,nan,0,True,0.052384541000719764,0.00559745841419985,2.2743184005704675,1.3826923589928584,2.973166152614887,0.8468339187253454,0.054559941519339315,0.7138673354390426,0.9254281507963137,,
pmc_gauss_k2,6,0.05,27,2000,100,true_seq,1.0,0.0010526315789473684,0,102,0.1110526315789474,0,True,0.28501383399998304,,,,,,,,,,
pmc_gauss_k2,6,0.05,27,2000,100,true_nonseq,1.0,0.0010526315789473684,0,102,nan,0,True,0.09644937499979278,,,,,,,,,,
pmc_gauss_k2,6,0.05,27,2000,100,true_raw,0.0,0.0,0,0,0.2689473684210526,0,True,0.0,,,,,,,,,,
pmc_gauss_k2,6,0.05,27,2000,100,clean,0.0,0.0,0,0,0.1289473684210526,1,True,0.12982954099970812,-1.0332515264969366,1.0055065841805828,0.9818867738604331,0.9552647825167816,0.8885032793130136,0.8998574360201635,0.5604629949017218,0.5868014086431529,,
pmc_gauss_k2,6,0.05,27,2000,100,raw,0.0,0.0,0,0,0.4731578947368421,1,True,0.27920870799971453,0.018201687512277732,3.8966535209854416,1.384990456105281,4.47167744273768,0.8756560908588135,0.038695258267419805,0.6875792026410967,0.9407018728948549,,
pmc_gauss_k2,6,0.05,27,2000,100,oracle,1.0,0.0,0,100,0.12263157894736842,1,True,0.2302073749997362,-1.039266148597979,0.995676626110414,0.9840190768324515,0.9641997025777712,0.8904955917587264,0.9023497498082218,0.5594329154087155,0.59125255560163,,
pmc_gauss_k2,6,0.05,27,2000,100,fm,0.0,0.0,0,0,0.4731578947368421,1,True,0.36941904200102726,0.018201687512277732,3.8966535209854416,1.384990456105281,4.47167744273768,0.8756560908588135,0.038695258267419805,0.6875792026410967,0.9407018728948549,,
pmc_gauss_k2,6,0.05,27,2000,100,fm_hampel,1.0,0.002105263157894737,0,104,0.12526315789473685,4,True,4.019200832999559,-1.035825643677957,0.9948795056817274,0.9745410046218339,0.9495027586397973,0.8908712327514046,0.9017230039935589,0.5572090985499428,0.5851235900098389,0.9,0.0036842105263157894
pmc_gauss_k2,6,0.05,27,2000,100,fm_warm,0.0,0.0,0,0,0.4731578947368421,1,True,0.369513083000129,0.018201687512277732,3.8966535209854416,1.384990456105281,4.47167744273768,0.8756560908588135,0.038695258267419805,0.6875792026410967,0.9407018728948549,,
pmc_gauss_k2,6,0.05,27,2000,100,dpd,0.0,0.0,0,0,nan,0,True,0.05356004200075404,0.018201687512277732,3.8966535209854416,1.384990456105281,4.47167744273768,0.8756560908588135,0.038695258267419805,0.6954157359236727,0.9413894380511852,,
pmc_gauss_k2,8,0.05,27,2000,100,true_seq,1.0,0.0010526315789473684,0,102,0.12473684210526315,0,True,0.28132845899926906,,,,,,,,,,
pmc_gauss_k2,8,0.05,27,2000,100,true_nonseq,1.0,0.003157894736842105,0,106,nan,0,True,0.094800832999681,,,,,,,,,,
pmc_gauss_k2,8,0.05,27,2000,100,true_raw,0.0,0.0,0,0,0.26,0,True,0.0,,,,,,,,,,
pmc_gauss_k2,8,0.05,27,2000,100,clean,0.0,0.0,0,0,0.1305263157894737,1,True,0.13138458299908962,-1.0332515264969366,1.0055065841805828,0.9818867738604331,0.9552647825167816,0.8885032793130136,0.8998574360201635,0.5604629949017218,0.5868014086431529,,
pmc_gauss_k2,8,0.05,27,2000,100,raw,0.0,0.0,0,0,0.4821052631578947,1,True,0.27491845800068404,0.032430306332313266,5.638450931593786,1.3839367379444838,5.66208513842652,0.8905511350787152,0.033990433405062324,0.6834727839546443,-0.6664473707844643,,
pmc_gauss_k2,8,0.05,27,2000,100,oracle,1.0,0.0,0,100,0.13105263157894742,1,True,0.22761758300111978,-1.0214643830507733,1.0082740990501042,0.9790443834104756,0.9550723138337,0.891119222151114,0.9016088632351608,0.5634486427041859,0.5917605041562266,,
pmc_gauss_k2,8,0.05,27,2000,100,fm,0.0,0.0,0,0,0.4821052631578947,1,True,0.3761403339995013,0.032430306332313266,5.638450931593786,1.3839367379444838,5.66208513842652,0.8905511350787152,0.033990433405062324,0.6834727839546443,-0.6664473707844643,,
pmc_gauss_k2,8,0.05,27,2000,100,fm_hampel,1.0,0.002631578947368421,0,105,0.13263157894736843,4,True,3.294499708999865,-1.0196513641036438,1.0101543424827608,0.9664094879613447,0.9323046850758214,0.8926281619385067,0.901514340165098,0.5581639928542496,0.5813074227121594,0.94,0.005263157894736842
pmc_gauss_k2,8,0.05,27,2000,100,fm_warm,0.0,0.0,0,0,0.4821052631578947,1,True,0.3760809169998538,0.032430306332313266,5.638450931593786,1.3839367379444838,5.66208513842652,0.8905511350787152,0.033990433405062324,0.6834727839546443,-0.6664473707844643,,
pmc_gauss_k2,8,0.05,27,2000,100,dpd,0.0,0.0,0,0,nan,0,True,0.05312899999989895,0.032430306332313266,5.638450931593786,1.3839367379444838,5.66208513842652,0.8905511350787152,0.033990433405062324,0.6945176245724476,-0.6580180015754423,,
pmc_gauss_k2,0,0.0,28,2000,0,true_seq,nan,0.003,0,6,0.09899999999999998,0,True,0.1152196670009289,,,,,,,,,,
pmc_gauss_k2,0,0.0,28,2000,0,true_nonseq,nan,0.0015,0,3,nan,0,True,0.09752450000087265,,,,,,,,,,
pmc_gauss_k2,0,0.0,28,2000,0,true_raw,nan,0.0,0,0,0.09050000000000002,0,True,0.0,,,,,,,,,,
pmc_gauss_k2,0,0.0,28,2000,0,clean,nan,0.0,0,0,0.09099999999999997,1,True,0.10125233399958233,-1.0423487595966707,1.0111229145663556,0.9667755643035322,1.0185672584023406,0.906693175839144,0.9022603943913547,0.5799925022611923,0.5987966393182496,,
pmc_gauss_k2,0,0.0,28,2000,0,raw,nan,0.0,0,0,0.09099999999999997,1,True,0.10423191700101597,-1.0423487595966707,1.0111229145663556,0.9667755643035322,1.0185672584023406,0.906693175839144,0.9022603943913547,0.5799925022611923,0.5987966393182496,,
pmc_gauss_k2,0,0.0,28,2000,0,oracle,nan,0.0,0,0,0.09099999999999997,1,True,0.1026924580000923,-1.0423487595966707,1.0111229145663556,0.9667755643035322,1.0185672584023406,0.906693175839144,0.9022603943913547,0.5799925022611923,0.5987966393182496,,
pmc_gauss_k2,0,0.0,28,2000,0,fm,nan,0.003,0,6,0.09899999999999998,2,True,0.5633377079993807,-1.0659097625609284,0.9882805634792446,0.9289833466053574,1.0106927466892845,0.9059218392797569,0.9066183101697476,0.558917683184635,0.5977383967843889,,
pmc_gauss_k2,0,0.0,28,2000,0,fm_hampel,nan,0.003,0,6,0.09899999999999998,2,True,0.6208809590007149,-1.0659097625609284,0.9882805634792446,0.9289833466053574,1.0106927466892845,0.9059218392797569,0.9066183101697476,0.558917683184635,0.5977383967843889,nan,0.01
pmc_gauss_k2,0,0.0,28,2000,0,fm_warm,nan,0.003,0,6,0.09650000000000003,2,True,0.3990167089996248,-1.0404004444707904,1.001128913665119,0.943880836059496,1.0112004033911126,0.9071153293618828,0.9042829398090247,0.5750843114085485,0.599968244660667,,
pmc_gauss_k2,0,0.0,28,2000,0,dpd,nan,0.0,0,0,nan,0,True,0.05277037499945436,-1.0423487595966707,1.0111229145663556,0.9667755643035322,1.0185672584023406,0.906693175839144,0.9022603943913547,0.5781640065297873,0.5983838161448957,,
pmc_gauss_k2,4,0.01,28,2000,20,true_seq,0.95,0.0030303030303030303,0,25,0.09898989898989896,0,True,0.1440766249997978,,,,,,,,,,
pmc_gauss_k2,4,0.01,28,2000,20,true_nonseq,0.95,0.0015151515151515152,0,22,nan,0,True,0.09258620800028439,,,,,,,,,,
pmc_gauss_k2,4,0.01,28,2000,20,true_raw,0.0,0.0,0,0,0.11313131313131308,0,True,0.0,,,,,,,,,,
pmc_gauss_k2,4,0.01,28,2000,20,clean,0.0,0.0,0,0,0.09141414141414139,1,True,0.09609904099852429,-1.0423487595966707,1.0111229145663556,0.9667755643035322,1.0185672584023406,0.906693175839144,0.9022603943913547,0.5799925022611923,0.5987966393182496,,
pmc_gauss_k2,4,0.01,28,2000,20,raw,0.0,0.0,0,0,0.4732323232323232,1,True,0.8182904999994207,-0.04959111551769557,0.28715263893488835,1.3965474661702642,1.9210197269752916,0.8935092341314307,0.5738413128399912,0.7236004173908652,0.8017134391360701,,
pmc_gauss_k2,4,0.01,28,2000,20,oracle,1.0,0.0,0,20,0.09090909090909094,1,True,0.16058008300024085,-1.0386461441511385,1.0204903023587115,0.969947703946489,1.0119013555694079,0.9063066893024586,0.9009249261201718,0.5796327294420548,0.6016802964516462,,
pmc_gauss_k2,4,0.01,28,2000,20,fm,0.95,0.0030303030303030303,0,25,0.09797979797979794,4,True,2.028651667000304,-1.0540440274265648,1.002642030087384,0.9365628565368064,1.0086789797093143,0.9037517677221639,0.902770809957645,0.562688850658462,0.6016430219329666,,
pmc_gauss_k2,4,0.01,28,2000,20,fm_hampel,0.95,0.0030303030303030303,0,25,0.09797979797979794,4,True,1.4987334170000395,-1.0540440274265648,1.002642030087384,0.9365628565368064,1.0086789797093143,0.9037517677221639,0.902770809957645,0.562688850658462,0.6016430219329666,0.65,0.00909090909090909
pmc_gauss_k2,4,0.01,28,2000,20,fm_warm,0.85,0.00202020202020202,0,21,0.4737373737373738,5,True,2.4670499170006224,-0.028590987355592786,-0.03053727719115938,1.432752239803235,1.408819266979465,0.906979351813764,0.7912757110282282,0.7292581836498474,0.7089945253088543,,
pmc_gauss_k2,4,0.01,28,2000,20,dpd,0.0,0.0,0,0,nan,0,True,0.05047533300057694,-0.04959111551769557,0.28715263893488835,1.3965474661702642,1.9210197269752916,0.8935092341314307,0.5738413128399912,0.7219069202109817,0.7980915690198532,,
pmc_gauss_k2,6,0.01,28,2000,20,true_seq,1.0,0.0030303030303030303,0,26,0.09949494949494953,0,True,0.14997637499982375,,,,,,,,,,
pmc_gauss_k2,6,0.01,28,2000,20,true_nonseq,1.0,0.0015151515151515152,0,23,nan,0,True,0.0950909999992291,,,,,,,,,,
pmc_gauss_k2,6,0.01,28,2000,20,true_raw,0.0,0.0,0,0,0.11767676767676771,0,True,0.0,,,,,,,,,,
pmc_gauss_k2,6,0.01,28,2000,20,clean,0.0,0.0,0,0,0.09141414141414139,1,True,0.10095587500109104,-1.0423487595966707,1.0111229145663556,0.9667755643035322,1.0185672584023406,0.906693175839144,0.9022603943913547,0.5799925022611923,0.5987966393182496,,
pmc_gauss_k2,6,0.01,28,2000,20,raw,0.0,0.0,0,0,0.47525252525252526,1,True,0.7213231249988894,-0.038219935987422834,0.46252422519104447,1.3805684207902809,2.5319038827153912,0.9093561641224555,0.5536006388546291,0.7116442785638398,0.8530092757336121,,
pmc_gauss_k2,6,0.01,28,2000,20,oracle,1.0,0.0,0,20,0.09292929292929297,1,True,0.19767924999905517,-1.0512576653451902,1.0095015425255476,0.9641806655566967,1.0182001568212167,0.9080053977902316,0.9050801845823699,0.5754410533463318,0.5969806197871057,,
pmc_gauss_k2,6,0.01,28,2000,20,fm,1.0,0.0030303030303030303,0,26,0.09898989898989896,3,True,1.6338192499988509,-1.0701257750998525,0.9876817249758961,0.9287257411890254,1.0117524515051355,0.9069509972172006,0.908500360956329,0.5570630752024759,0.5958963390789219,,
pmc_gauss_k2,6,0.01,28,2000,20,fm_hampel,1.0,0.0030303030303030303,0,26,0.09898989898989896,3,True,1.3487640000003012,-1.0701257750998525,0.9876817249758961,0.9287257411890254,1.0117524515051355,0.9069509972172006,0.908500360956329,0.5570630752024759,0.5958963390789219,0.8,0.009595959595959595
pmc_gauss_k2,6,0.01,28,2000,20,fm_warm,1.0,0.00202020202020202,0,24,0.44646464646464645,3,True,2.4026600409997627,-0.07111686276430035,0.03232401830720903,1.4438880562827825,1.3725934626221301,0.9055913364166233,0.8236968982785482,0.7302691167388853,0.6995436391619512,,
pmc_gauss_k2,6,0.01,28,2000,20,dpd,0.0,0.0,0,0,nan,0,True,0.05008612500023446,-0.038219935987422834,0.46252422519104447,1.3805684207902809,2.5319038827153912,0.9093561641224555,0.5536006388546291,0.7113257491322621,0.8492479507505046,,
pmc_gauss_k2,8,0.01,28,2000,20,true_seq,1.0,0.0030303030303030303,0,26,0.09848484848484851,0,True,0.14942858299946238,,,,,,,,,,
pmc_gauss_k2,8,0.01,28,2000,20,true_nonseq,1.0,0.00202020202020202,0,24,nan,0,True,0.0993024580002384,,,,,,,,,,
pmc_gauss_k2,8,0.01,28,2000,20,true_raw,0.0,0.0,0,0,0.11111111111111116,0,True,0.0,,,,,,,,,,
pmc_gauss_k2,8,0.01,28,2000,20,clean,0.0,0.0,0,0,0.09040404040404038,1,True,0.10393166700123402,-1.0423487595966707,1.0111229145663556,0.9667755643035322,1.0185672584023406,0.906693175839144,0.9022603943913547,0.5799925022611923,0.5987966393182496,,
pmc_gauss_k2,8,0.01,28,2000,20,raw,0.0,0.0,0,0,0.4712121212121212,1,True,0.48599737500080664,-0.04487851000374944,0.7054111172363007,1.36791647731643,3.2589423433112157,0.9188331686968872,0.5726007620280537,0.7031624059399746,0.88673639081571,,
pmc_gauss_k2,8,0.01,28,2000,20,oracle,1.0,0.0,0,20,0.09242424242424241,1,True,0.209578916999817,-1.0335719383925885,1.021858788658406,0.9667780267855822,1.0165859442837617,0.9070809852389432,0.9007689189125174,0.57720831666352,0.599945102943955,,
pmc_gauss_k2,8,0.01,28,2000,20,fm,1.0,0.0030303030303030303,0,26,0.09696969696969693,3,True,1.2989414160001616,-1.0502144102216069,1.0028234033484016,0.9324364279128878,1.0084859287558572,0.9062610346966504,0.9041524588040912,0.5592758644072057,0.5988229312924116,,
pmc_gauss_k2,8,0.01,28,2000,20,fm_hampel,1.0,0.0030303030303030303,0,26,0.09696969696969693,2,True,0.8312091250008962,-1.0502144102216069,1.0028234033484016,0.9324364279128878,1.0084859287558572,0.9062610346966504,0.9041524588040912,0.5592758644072057,0.5988229312924116,0.9,0.010606060606060607
pmc_gauss_k2,8,0.01,28,2000,20,fm_warm,1.0,0.00202020202020202,0,24,0.5,4,True,2.3410716250000405,-0.01607535279348854,-0.08296794836714445,1.4177476359863699,1.4175080748849844,0.9072703534248568,0.8264069071132165,0.7240106116236082,0.709996420899983,,
pmc_gauss_k2,8,0.01,28,2000,20,dpd,0.0,0.0,0,0,nan,0,True,0.049481082998681813,-0.04487851000374944,0.7054111172363007,1.36791647731643,3.2589423433112157,0.9188331686968872,0.5726007620280537,0.7041800568211318,0.8836574799916751,,
pmc_gauss_k2,4,0.05,28,2000,100,true_seq,0.95,0.003157894736842105,0,101,0.09894736842105267,0,True,0.28502737500093644,,,,,,,,,,
pmc_gauss_k2,4,0.05,28,2000,100,true_nonseq,0.95,0.002105263157894737,0,99,nan,0,True,0.09515679200012528,,,,,,,,,,
pmc_gauss_k2,4,0.05,28,2000,100,true_raw,0.0,0.0,0,0,0.2031578947368421,0,True,0.0,,,,,,,,,,
pmc_gauss_k2,4,0.05,28,2000,100,clean,0.0,0.0,0,0,0.09210526315789469,1,True,0.10075012499873992,-1.0423487595966707,1.0111229145663556,0.9667755643035322,1.0185672584023406,0.906693175839144,0.9022603943913547,0.5799925022611923,0.5987966393182496,,
pmc_gauss_k2,4,0.05,28,2000,100,raw,0.0,0.0,0,0,0.45631578947368423,1,True,0.3103225830000156,-0.07107058073860258,2.517067427332954,1.40818819037007,2.908375891590781,0.8684144351546437,0.05845267761479893,0.7101532988951899,0.9034022875881386,,
pmc_gauss_k2,4,0.05,28,2000,100,oracle,1.0,0.0,0,100,0.09736842105263155,1,True,0.1835968329996831,-1.031002716907829,1.024020892405222,0.9774418505662722,1.0164845693250917,0.9085888811479386,0.9028446722617988,0.5827071372494399,0.5937667393668574,,
pmc_gauss_k2,4,0.05,28,2000,100,fm,0.02,0.0,0,2,0.4542105263157895,2,True,0.9968947079996724,-0.07806431681019324,2.5540738958486533,1.4104142231066303,2.8239684385380666,0.8708554505570135,0.05536117256531495,0.7100573840650876,0.9016735388219462,,
pmc_gauss_k2,4,0.05,28,2000,100,fm_hampel,0.02,0.0,0,2,0.4542105263157895,5,True,4.737090500000704,-0.07806431681019324,2.5540738958486533,1.4104142231066303,2.8239684385380666,0.8708554505570135,0.05536117256531495,0.7100573840650876,0.9016735388219462,0.74,0.009473684210526316
pmc_gauss_k2,4,0.05,28,2000,100,fm_warm,0.02,0.0,0,2,0.4542105263157895,2,True,0.6277978750003967,-0.07684399493562252,2.5558845055153427,1.4102969039136017,2.832058994301948,0.8707667830800634,0.05026388368929184,0.7098072480363109,0.9038452888628926,,
pmc_gauss_k2,4,0.05,28,2000,100,dpd,0.0,0.0,0,0,nan,0,True,0.05297770800098078,-0.07107058073860258,2.517067427332954,1.40818819037007,2.908375891590781,0.8684144351546437,0.05845267761479893,0.7117192481112099,0.8986697321718774,,
pmc_gauss_k2,6,0.05,28,2000,100,true_seq,1.0,0.003157894736842105,0,106,0.09999999999999998,0,True,0.28746316700016905,,,,,,,,,,
pmc_gauss_k2,6,0.05,28,2000,100,true_nonseq,1.0,0.005789473684210527,0,111,nan,0,True,0.09449616600068111,,,,,,,,,,
pmc_gauss_k2,6,0.05,28,2000,100,true_raw,0.0,0.0,0,0,0.23473684210526313,0,True,0.0,,,,,,,,,,
pmc_gauss_k2,6,0.05,28,2000,100,clean,0.0,0.0,0,0,0.09052631578947368,1,True,0.09942662499997823,-1.0423487595966707,1.0111229145663556,0.9667755643035322,1.0185672584023406,0.906693175839144,0.9022603943913547,0.5799925022611923,0.5987966393182496,,
pmc_gauss_k2,6,0.05,28,2000,100,raw,0.0,0.0,0,0,0.4610526315789474,1,True,0.23378091600170592,-0.055988300950293377,3.8838489093991164,1.3957524378106216,4.468054838080157,0.8795935913030838,0.05469268612942686,0.7004950947772955,0.9367470087291415,,
pmc_gauss_k2,6,0.05,28,2000,100,oracle,1.0,0.0,0,100,0.0926315789473684,1,True,0.09386333299880789,-1.0275690529230581,1.0186687622507442,0.9716906218444968,1.018115227288683,0.9041829920755737,0.8977164343275716,0.5906249464441181,0.596593503560254,,
pmc_gauss_k2,6,0.05,28,2000,100,fm,0.0,0.0,0,0,0.4610526315789474,1,True,0.3261152499999298,-0.055988300950293377,3.8838489093991164,1.3957524378106216,4.468054838080157,0.8795935913030838,0.05469268612942686,0.7004950947772955,0.9367470087291415,,
pmc_gauss_k2,6,0.05,28,2000,100,fm_hampel,1.0,0.003157894736842105,0,106,0.09631578947368424,3,True,2.8982818749991566,-1.0222092340355011,1.007736415123659,0.9502057168024342,1.0118328301218191,0.904159979185641,0.8990479512936153,0.5887444352804667,0.5977176485517781,0.84,0.006842105263157895
pmc_gauss_k2,6,0.05,28,2000,100,fm_warm,0.0,0.0,0,0,0.4610526315789474,1,True,0.33390987500024494,-0.055988300950293377,3.8838489093991164,1.3957524378106216,4.468054838080157,0.8795935913030838,0.05469268612942686,0.7004950947772955,0.9367470087291415,,
pmc_gauss_k2,6,0.05,28,2000,100,dpd,0.0,0.0,0,0,nan,0,True,0.05316187499920488,-0.055988300950293377,3.8838489093991164,1.3957524378106216,4.468054838080157,0.8795935913030838,0.05469268612942686,0.7043428446512577,0.9371213970363304,,
pmc_gauss_k2,8,0.05,28,2000,100,true_seq,1.0,0.002105263157894737,0,104,0.09526315789473683,0,True,0.2831200419986999,,,,,,,,,,
pmc_gauss_k2,8,0.05,28,2000,100,true_nonseq,1.0,0.004736842105263158,2,109,nan,0,True,0.09618304200012062,,,,,,,,,,
pmc_gauss_k2,8,0.05,28,2000,100,true_raw,0.0,0.0,0,0,0.20789473684210524,0,True,0.0,,,,,,,,,,
pmc_gauss_k2,8,0.05,28,2000,100,clean,0.0,0.0,0,0,0.09052631578947368,1,True,0.10177512500013108,-1.0423487595966707,1.0111229145663556,0.9667755643035322,1.0185672584023406,0.906693175839144,0.9022603943913547,0.5799925022611923,0.5987966393182496,,
pmc_gauss_k2,8,0.05,28,2000,100,raw,0.0,0.0,0,0,0.47,1,True,0.23643133400037186,-0.04465979719328286,5.781723894174956,1.4113551521909762,5.697729313292708,0.8919606156368928,0.01639115781417614,0.6924304714178791,0.9501909925489207,,
pmc_gauss_k2,8,0.05,28,2000,100,oracle,1.0,0.0,0,100,0.09421052631578952,1,True,0.18759883399980026,-1.051223222645306,1.0321285231870378,0.9649976645656722,1.0103385102315985,0.90661967295976,0.9024422508494943,0.5689252807287598,0.5957421225503935,,
pmc_gauss_k2,8,0.05,28,2000,100,fm,0.01,0.0,0,1,0.4705263157894737,2,True,0.7687007080003241,-0.04644357156144576,5.693807266736316,1.4095284915826911,5.662098943680788,0.8915786599282443,0.0181509235703843,0.6936415618342735,0.9494611789879002,,
pmc_gauss_k2,8,0.05,28,2000,100,fm_hampel,1.0,0.002105263157894737,0,104,0.10368421052631582,3,True,2.711435250001159,-1.0686537193462486,1.0139985495629817,0.936817762292263,1.0082739164475465,0.9060304472089049,0.9059936419274821,0.5533829033407587,0.5962656987037203,0.91,0.008947368421052631
pmc_gauss_k2,8,0.05,28,2000,100,fm_warm,0.01,0.0,0,1,0.46947368421052627,2,True,0.5283046669992473,-0.046195251530084545,5.745367004223824,1.4095599260127327,5.661712993717089,0.8922309536952137,0.013867824956116865,0.6931721219525855,0.952515298120963,,
pmc_gauss_k2,8,0.05,28,2000,100,dpd,0.0,0.0,0,0,nan,0,True,0.05488929199964332,-0.04465979719328286,5.781723894174956,1.4113551521909762,5.697729313292708,0.8919606156368928,0.01639115781417614,0.6995527267753697,0.9503060674113191,,
pmc_gauss_k2,0,0.0,29,2000,0,true_seq,nan,0.0015,0,3,0.12549999999999994,0,True,0.10462683299920172,,,,,,,,,,
pmc_gauss_k2,0,0.0,29,2000,0,true_nonseq,nan,0.0015,0,3,nan,0,True,0.09489662499981932,,,,,,,,,,
pmc_gauss_k2,0,0.0,29,2000,0,true_raw,nan,0.0,0,0,0.12250000000000005,0,True,0.0,,,,,,,,,,
pmc_gauss_k2,0,0.0,29,2000,0,clean,nan,0.0,0,0,0.129,1,True,0.13172595800097042,-0.9972178521858122,1.0211248858493869,1.008246921279844,1.0432558692198441,0.9070758841337361,0.8732869414712761,0.61030841718945,0.6306172969493948,,
pmc_gauss_k2,0,0.0,29,2000,0,raw,nan,0.0,0,0,0.129,1,True,0.13013070799934212,-0.9972178521858122,1.0211248858493869,1.008246921279844,1.0432558692198441,0.9070758841337361,0.8732869414712761,0.61030841718945,0.6306172969493948,,
pmc_gauss_k2,0,0.0,29,2000,0,oracle,nan,0.0,0,0,0.129,1,True,0.1333622500005731,-0.9972178521858122,1.0211248858493869,1.008246921279844,1.0432558692198441,0.9070758841337361,0.8732869414712761,0.61030841718945,0.6306172969493948,,
pmc_gauss_k2,0,0.0,29,2000,0,fm,nan,0.0015,0,3,0.132,2,True,0.5348600420002185,-0.9980652614413326,1.0086354977937513,1.0004988866438964,1.0431312993623338,0.9090790627524474,0.8782915174985407,0.6063883120805197,0.6295574962897289,,
pmc_gauss_k2,0,0.0,29,2000,0,fm_hampel,nan,0.0015,0,3,0.132,2,True,0.6003355419998115,-0.9980652614413326,1.0086354977937513,1.0004988866438964,1.0431312993623338,0.9090790627524474,0.8782915174985407,0.6063883120805197,0.6295574962897289,nan,0.01
pmc_gauss_k2,0,0.0,29,2000,0,fm_warm,nan,0.0015,0,3,0.13349999999999995,2,True,0.4522009579995938,-0.9839378927655508,1.0259305538773247,1.0063853719611795,1.0379509615041342,0.908919515052713,0.8741567912558895,0.6098356350033128,0.6308297015355159,,
pmc_gauss_k2,0,0.0,29,2000,0,dpd,nan,0.0,0,0,nan,0,True,0.054812624999613035,-0.9972178521858122,1.0211248858493869,1.008246921279844,1.0432558692198441,0.9070758841337361,0.8732869414712761,0.610252013328076,0.6305107587769481,,
pmc_gauss_k2,4,0.01,29,2000,20,true_seq,0.9,0.0015151515151515152,0,21,0.12878787878787878,0,True,0.13811037500090606,,,,,,,,,,
pmc_gauss_k2,4,0.01,29,2000,20,true_nonseq,0.9,0.0015151515151515152,0,21,nan,0,True,0.09527570899990678,,,,,,,,,,
pmc_gauss_k2,4,0.01,29,2000,20,true_raw,0.0,0.0,0,0,0.14343434343434347,0,True,0.0,,,,,,,,,,
pmc_gauss_k2,4,0.01,29,2000,20,clean,0.0,0.0,0,0,0.1297979797979798,1,True,0.12949595899954147,-0.9972178521858122,1.0211248858493869,1.008246921279844,1.0432558692198441,0.9070758841337361,0.8732869414712761,0.61030841718945,0.6306172969493948,,
pmc_gauss_k2,4,0.01,29,2000,20,raw,0.0,0.0,0,0,0.3580808080808081,1,True,0.9457871669983433,-0.2937617491109211,0.5685816157580503,1.3713120725996033,1.7779342291257663,0.885581855627394,0.6393480535460304,0.7205635022617166,0.8191192291253481,,
pmc_gauss_k2,4,0.01,29,2000,20,oracle,1.0,0.0,0,20,0.13434343434343432,1,True,0.2026943750006467,-1.0089807791304688,1.004856914809867,1.0007789474661621,1.047223201354812,0.9055184747979684,0.8754691013567036,0.6077478861141626,0.6346828476725733,,
pmc_gauss_k2,4,0.01,29,2000,20,fm,0.85,0.0015151515151515152,0,20,0.1393939393939394,4,True,2.068748499999856,-1.0108608830206594,0.993744134946785,0.9933997949076887,1.0567097872536886,0.9030965973013085,0.8761681504683204,0.6035477863332308,0.6368191458194221,,
pmc_gauss_k2,4,0.01,29,2000,20,fm_hampel,0.85,0.0015151515151515152,0,20,0.1393939393939394,3,True,1.1543805830006022,-1.0108608830206594,0.993744134946785,0.9933997949076887,1.0567097872536886,0.9030965973013085,0.8761681504683204,0.6035477863332308,0.6368191458194221,0.6,0.010101010101010102
pmc_gauss_k2,4,0.01,29,2000,20,fm_warm,0.85,0.000505050505050505,0,18,0.43939393939393945,6,True,2.495737082999767,-0.1704031545243782,-0.060081657795573985,1.4192228366718398,1.452078404749489,0.8994682283491389,0.7718063727354435,0.7245207346594287,0.7675478049302327,,
pmc_gauss_k2,4,0.01,29,2000,20,dpd,0.0,0.0,0,0,nan,0,True,0.053394667000247864,-0.2937617491109211,0.5685816157580503,1.3713120725996033,1.7779342291257663,0.885581855627394,0.6393480535460304,0.7190589083308214,0.8186589109849667,,
pmc_gauss_k2,6,0.01,29,2000,20,true_seq,1.0,0.0015151515151515152,0,23,0.12676767676767675,0,True,0.1453748749991064,,,,,,,,,,
pmc_gauss_k2,6,0.01,29,2000,20,true_nonseq,1.0,0.0015151515151515152,0,23,nan,0,True,0.09713262499826669,,,,,,,,,,
pmc_gauss_k2,6,0.01,29,2000,20,true_raw,0.0,0.0,0,0,0.1454545454545455,0,True,0.0,,,,,,,,,,
pmc_gauss_k2,6,0.01,29,2000,20,clean,0.0,0.0,0,0,0.12828282828282833,1,True,0.12899929099876317,-0.9972178521858122,1.0211248858493869,1.008246921279844,1.0432558692198441,0.9070758841337361,0.8732869414712761,0.61030841718945,0.6306172969493948,,
pmc_gauss_k2,6,0.01,29,2000,20,raw,0.0,0.0,0,0,0.37424242424242427,1,True,0.7974733330011077,-0.2540148952004443,0.6926478994515877,1.35813457701835,2.3779166742022366,0.8950535750855628,0.5994497712622626,0.7125309072891686,0.8761840196814569,,
pmc_gauss_k2,6,0.01,29,2000,20,oracle,1.0,0.0,0,20,0.12929292929292935,1,True,0.20518312499916647,-0.9977321577544753,1.0149111318605009,1.0103811259042303,1.0459709124733,0.9062483173649104,0.8727357403422564,0.6121392015133247,0.6306464711933565,,
pmc_gauss_k2,6,0.01,29,2000,20,fm,1.0,0.0015151515151515152,0,23,0.13181818181818183,4,True,2.0059683750005206,-0.9985860909411317,1.0019239016998278,1.0027194544389848,1.0459963161402033,0.9082842326148536,0.8778489159044178,0.6081649599184772,0.629691390068551,,
pmc_gauss_k2,6,0.01,29,2000,20,fm_hampel,1.0,0.0015151515151515152,0,23,0.13181818181818183,3,True,1.1018080419999023,-0.9985860909411317,1.0019239016998278,1.0027194544389848,1.0459963161402033,0.9082842326148536,0.8778489159044178,0.6081649599184772,0.629691390068551,0.85,0.009595959595959595
pmc_gauss_k2,6,0.01,29,2000,20,fm_warm,1.0,0.0015151515151515152,0,23,0.1333333333333333,5,True,3.626306125001065,-0.9902072644656101,0.9835316742644467,1.0121306746187853,1.0617102711407909,0.9046625300254683,0.8737974352395352,0.614854012066253,0.6406345737962211,,
pmc_gauss_k2,6,0.01,29,2000,20,dpd,0.0,0.0,0,0,nan,0,True,0.05341233400031342,-0.2540148952004443,0.6926478994515877,1.35813457701835,2.3779166742022366,0.8950535750855628,0.5994497712622626,0.7118343427140937,0.8746622588147478,,
pmc_gauss_k2,8,0.01,29,2000,20,true_seq,1.0,0.0015151515151515152,0,23,0.12575757575757573,0,True,0.14689829100097995,,,,,,,,,,
pmc_gauss_k2,8,0.01,29,2000,20,true_nonseq,1.0,0.0015151515151515152,0,23,nan,0,True,0.09625100000084785,,,,,,,,,,
pmc_gauss_k2,8,0.01,29,2000,20,true_raw,0.0,0.0,0,0,0.148989898989899,0,True,0.0,,,,,,,,,,
pmc_gauss_k2,8,0.01,29,2000,20,clean,0.0,0.0,0,0,0.1297979797979798,1,True,0.1328131249993021,-0.9972178521858122,1.0211248858493869,1.008246921279844,1.0432558692198441,0.9070758841337361,0.8732869414712761,0.61030841718945,0.6306172969493948,,
pmc_gauss_k2,8,0.01,29,2000,20,raw,0.0,0.0,0,0,0.3702020202020202,1,True,0.22085320899896033,-0.25869589249283825,0.9019806234116957,1.3487141153269981,2.9175497897835863,0.9075671047784273,0.6255960553795684,0.7115758019061655,0.8822017898651372,,
pmc_gauss_k2,8,0.01,29,2000,20,oracle,1.0,0.0,0,20,0.1297979797979798,1,True,0.19999187500070548,-0.9981089614075996,1.018867718777826,1.0109448157549188,1.0380646587961813,0.9062446528264092,0.8721338357450957,0.6117416066117765,0.6319073335271707,,
pmc_gauss_k2,8,0.01,29,2000,20,fm,1.0,0.0015151515151515152,0,23,0.13181818181818183,3,True,0.9801047920009296,-1.0060141707240928,0.9999731628237505,0.9993344537904558,1.0396043958919192,0.9083590519157219,0.878982087593377,0.6072217892569117,0.6282210526425542,,
pmc_gauss_k2,8,0.01,29,2000,20,fm_hampel,1.0,0.0015151515151515152,0,23,0.13181818181818183,3,True,1.2266088750002382,-1.0060141707240928,0.9999731628237505,0.9993344537904558,1.0396043958919192,0.9083590519157219,0.878982087593377,0.6072217892569117,0.6282210526425542,0.9,0.010101010101010102
pmc_gauss_k2,8,0.01,29,2000,20,fm_warm,1.0,0.0,0,20,0.45505050505050504,2,True,1.348022709000361,-0.12152745178429952,-0.1965629090061095,1.4232679901120178,1.4368725648311451,0.8939568766168515,0.7554234862149167,0.7276623859891602,0.7667273612367872,,
pmc_gauss_k2,8,0.01,29,2000,20,dpd,0.0,0.0,0,0,nan,0,True,0.05458604200066475,-0.25869589249283825,0.9019806234116957,1.3487141153269981,2.9175497897835863,0.9075671047784273,0.6255960553795684,0.7113202466674635,0.8833921166685947,,
pmc_gauss_k2,4,0.05,29,2000,100,true_seq,0.93,0.0015789473684210526,0,96,0.12368421052631584,0,True,0.27757820800070476,,,,,,,,,,
pmc_gauss_k2,4,0.05,29,2000,100,true_nonseq,0.93,0.003157894736842105,0,99,nan,0,True,0.0965384589999303,,,,,,,,,,
pmc_gauss_k2,4,0.05,29,2000,100,true_raw,0.0,0.0,0,0,0.2036842105263158,0,True,0.0,,,,,,,,,,
pmc_gauss_k2,4,0.05,29,2000,100,clean,0.0,0.0,0,0,0.12421052631578944,1,True,0.12936029200136545,-0.9972178521858122,1.0211248858493869,1.008246921279844,1.0432558692198441,0.9070758841337361,0.8732869414712761,0.61030841718945,0.6306172969493948,,
pmc_gauss_k2,4,0.05,29,2000,100,raw,0.0,0.0,0,0,0.40421052631578946,1,True,0.41665416700016067,-0.20281564216310172,2.3192888709430477,1.397017920300196,2.9385168862905218,0.8588100546416619,0.11046098864756346,0.7225257859625802,0.9504626497278821,,
pmc_gauss_k2,4,0.05,29,2000,100,oracle,1.0,0.0,0,100,0.12789473684210528,1,True,0.22902187500039872,-1.013140948305803,1.00948568940479,1.0002861950559763,1.057537159570399,0.9037273857887459,0.8718545158326867,0.6128823910228349,0.636430895380146,,
pmc_gauss_k2,4,0.05,29,2000,100,fm,0.0,0.0,0,0,0.40421052631578946,1,True,0.5210742910003319,-0.20281564216310172,2.3192888709430477,1.397017920300196,2.9385168862905218,0.8588100546416619,0.11046098864756346,0.7225257859625802,0.9504626497278821,,
pmc_gauss_k2,4,0.05,29,2000,100,fm_hampel,0.0,0.0,0,0,0.40421052631578946,3,True,2.9867755830000533,-0.20281564216310172,2.3192888709430477,1.397017920300196,2.9385168862905218,0.8588100546416619,0.11046098864756346,0.7225257859625802,0.9504626497278821,0.64,0.008421052631578947
pmc_gauss_k2,4,0.05,29,2000,100,fm_warm,0.0,0.0,0,0,0.40421052631578946,1,True,0.5145023749992106,-0.20281564216310172,2.3192888709430477,1.397017920300196,2.9385168862905218,0.8588100546416619,0.11046098864756346,0.7225257859625802,0.9504626497278821,,
pmc_gauss_k2,4,0.05,29,2000,100,dpd,0.0,0.0,0,0,nan,0,True,0.05047520799962513,-0.20281564216310172,2.3192888709430477,1.397017920300196,2.9385168862905218,0.8588100546416619,0.11046098864756346,0.7233415746755659,0.9533278907464073,,
pmc_gauss_k2,6,0.05,29,2000,100,true_seq,1.0,0.0015789473684210526,0,103,0.13421052631578945,0,True,0.28290691599977436,,,,,,,,,,
pmc_gauss_k2,6,0.05,29,2000,100,true_nonseq,1.0,0.0015789473684210526,0,103,nan,0,True,0.09858954199989967,,,,,,,,,,
pmc_gauss_k2,6,0.05,29,2000,100,true_raw,0.0,0.0,0,0,0.22368421052631582,0,True,0.0,,,,,,,,,,
pmc_gauss_k2,6,0.05,29,2000,100,clean,0.0,0.0,0,0,0.13263157894736843,1,True,0.13010858400048164,-0.9972178521858122,1.0211248858493869,1.008246921279844,1.0432558692198441,0.9070758841337361,0.8732869414712761,0.61030841718945,0.6306172969493948,,
pmc_gauss_k2,6,0.05,29,2000,100,raw,0.0,0.0,0,0,0.4184210526315789,1,True,0.3846960829996533,-0.18408696516240616,4.050975821719989,1.3999323672165345,4.331766550133396,0.8805340535718865,0.042245294867458955,0.7095574568709634,0.9772710118198589,,
pmc_gauss_k2,6,0.05,29,2000,100,oracle,1.0,0.0,0,100,0.14052631578947372,1,True,0.22916029099906154,-1.003157196134418,1.022235739871914,1.0087697851936566,1.0391762574300447,0.9062812173416955,0.8724336752864655,0.6105719521155061,0.6277367069388007,,
pmc_gauss_k2,6,0.05,29,2000,100,fm,0.0,0.0,0,0,0.4184210526315789,1,True,0.4872667090003233,-0.18408696516240616,4.050975821719989,1.3999323672165345,4.331766550133396,0.8805340535718865,0.042245294867458955,0.7095574568709634,0.9772710118198589,,
pmc_gauss_k2,6,0.05,29,2000,100,fm_hampel,1.0,0.0015789473684210526,0,103,0.14421052631578946,3,True,2.799628084001597,-1.0025185808621715,1.007079570363449,1.0021464698408855,1.041096508645629,0.9084382471872549,0.8776278632085902,0.607384776840913,0.6267074321595713,0.82,0.007894736842105263
pmc_gauss_k2,6,0.05,29,2000,100,fm_warm,0.0,0.0,0,0,0.4184210526315789,1,True,0.47237712499918416,-0.18408696516240616,4.050975821719989,1.3999323672165345,4.331766550133396,0.8805340535718865,0.042245294867458955,0.7095574568709634,0.9772710118198589,,
pmc_gauss_k2,6,0.05,29,2000,100,dpd,0.0,0.0,0,0,nan,0,True,0.05087741699935577,-0.18408696516240616,4.050975821719989,1.3999323672165345,4.331766550133396,0.8805340535718865,0.042245294867458955,0.7145759752868037,0.9790626285950595,,
pmc_gauss_k2,8,0.05,29,2000,100,true_seq,1.0,0.0010526315789473684,0,102,0.12473684210526315,0,True,0.2905596250002418,,,,,,,,,,
pmc_gauss_k2,8,0.05,29,2000,100,true_nonseq,1.0,0.0015789473684210526,0,103,nan,0,True,0.0984010419997503,,,,,,,,,,
pmc_gauss_k2,8,0.05,29,2000,100,true_raw,0.0,0.0,0,0,0.2315789473684211,0,True,0.0,,,,,,,,,,
pmc_gauss_k2,8,0.05,29,2000,100,clean,0.0,0.0,0,0,0.13210526315789473,1,True,0.13141079199886008,-0.9972178521858122,1.0211248858493869,1.008246921279844,1.0432558692198441,0.9070758841337361,0.8732869414712761,0.61030841718945,0.6306172969493948,,
pmc_gauss_k2,8,0.05,29,2000,100,raw,0.0,0.0,0,0,0.4263157894736842,1,True,0.2328708330005611,-0.16139637657058853,5.691942791911856,1.3973234136166428,5.767990994559656,0.889969685323855,0.01829220969173255,0.6984177108037585,0.9532605443466459,,
pmc_gauss_k2,8,0.05,29,2000,100,oracle,1.0,0.0,0,100,0.13421052631578945,1,True,0.18755870799941476,-0.9939287915987939,1.0121398763114593,1.0040801810130136,1.0306345762692188,0.9107676623669854,0.8789541657491863,0.6030117594459592,0.6218581368156607,,
pmc_gauss_k2,8,0.05,29,2000,100,fm,0.0,0.0,0,0,0.4263157894736842,1,True,0.32147929199891223,-0.16139637657058853,5.691942791911856,1.3973234136166428,5.767990994559656,0.889969685323855,0.01829220969173255,0.6984177108037585,0.9532605443466459,,
pmc_gauss_k2,8,0.05,29,2000,100,fm_hampel,1.0,0.0010526315789473684,0,102,0.13421052631578945,3,True,2.4706222499989963,-0.9878792793762853,1.0138496684047127,0.996975782987115,1.0296802499207245,0.9130645467652982,0.8822120948921315,0.5999201224529175,0.6215811113984558,0.89,0.008947368421052631
pmc_gauss_k2,8,0.05,29,2000,100,fm_warm,0.0,0.0,0,0,0.4263157894736842,1,True,0.31544566599950485,-0.16139637657058853,5.691942791911856,1.3973234136166428,5.767990994559656,0.889969685323855,0.01829220969173255,0.6984177108037585,0.9532605443466459,,
pmc_gauss_k2,8,0.05,29,2000,100,dpd,0.0,0.0,0,0,nan,0,True,0.0514982089989644,-0.16139637657058853,5.691942791911856,1.3973234136166428,5.767990994559656,0.889969685323855,0.01829220969173255,0.7070243793360789,0.9598166062181624,,
