setting,subject,K,rule,model,start,fit,mechanism,start_from,n_iter,fit_s,state_means,ll,classify_s,err_all,n_all,perm,perm_identity,err_missing,n_missing,err_observed,n_observed,acc_missing,conf_missing,brier_missing,logloss_missing,p_true_missing,ece_missing,rel_n,rel_conf,rel_correct,share_true_missing,share_post_missing,mech_rates,mech_onset,mech_persistence,sorted_rates,sorted_onset,sorted_persistence,ll_mask_common,mask,r,M,mask_rates,mask_onset,mask_persistence,err_by_activity
real,102,3,ge10,pmc_pair,0,unsupervised,ignorable,start,29,51.6899,-2.4502|-0.4051|1.0493,-6061.94,0.296403,0.403948,5268,021,False,0.710692,159,0.394402,5109,0.289308,0.956499,1.40318,5.93539,0.26201,0.717402,0|0|0|0|1|4|4|9|13|128,0|0|0|0|0.646397|2.81983|3.14007|7.40191|11.7051|126.37,0|0|0|0|1|4|4|9|8|20,0.0000|0.2893|0.7107,0.0009|0.9565|0.0426,,,,,,,-838.0507|-782.2845,,,,,,,
real,102,3,ge10,pmc_pair,0,unsupervised,state,ignorable fit,50,129.496,-2.4471|0.0624|1.2503,-6666.78,0.527328,0.415338,5268,012,True,0.289308,159,0.41926,5109,0.710692,0.998393,0.573036,1.73896,0.711894,0.287701,0|0|0|0|0|0|0|0|0|159,0|0|0|0|0|0|0|0|0|158.745,0|0|0|0|0|0|0|0|0|113,0.0000|0.2893|0.7107,0.0001|0.0015|0.9984,0.0005847|0.0004684|0.052747,,,0.0005847|0.0004684|0.052747,,,-838.0507|-782.2845,,,,,,,
real,102,3,ge10,pmc_pair,0,unsupervised,state-markov,ignorable fit,50,120.532,-2.4487|-0.0759|1.2298,-6663.01,0.314536,0.428626,5268,012,True,0.289308,159,0.432961,5109,0.710692,0.991145,0.566183,1.75173,0.708473,0.280454,0|0|0|0|0|0|0|1|3|155,0|0|0|0|0|0|0|0.84138|2.72858|154.022,0|0|0|0|0|0|0|0|1|112,0.0000|0.2893|0.7107,0.0048|0.0040|0.9911,0.00066944|0.0002436|0.051242,0.00042402|0.00023553|0.042097,0.36702|0.033393|0.22057,0.00066944|0.0002436|0.051242,0.00042402|0.00023553|0.042097,0.36702|0.033393|0.22057,-838.0507|-782.2845,,,,,,,
real,102,3,any,pmc_pair,0,unsupervised,ignorable,start,50,109.926,-2.4516|-0.1659|0.9757,-5434.95,0.577599,0.40262,5268,021,False,0.629862,797,0.362111,4471,0.370138,0.993021,1.24799,5.9564,0.369991,0.622883,0|0|0|0|4|0|2|2|5|784,0|0|0|0|2.53371|0|1.56496|1.64903|4.45142|781.238,0|0|0|0|1|0|0|1|1|292,0.0188|0.3701|0.6110,0.0026|0.9730|0.0245,,,,,,,-2971.6047|-2475.1117,,,,,,,
real,102,3,any,pmc_pair,0,unsupervised,state,ignorable fit,9,22.6087,-2.4544|0.4177|1.2749,-7610.25,0.575144,0.285497,5268,012,True,0.380176,797,0.26862,4471,0.619824,0.985852,0.744624,4.31473,0.618528,0.366028,0|0|4|8|7|5|4|1|3|765,0|0|2.09115|4.46235|4.48428|3.52092|3.12855|0.852675|2.72951|764.455,0|0|2|3|2|3|2|0|0|482,0.0188|0.3701|0.6110,0.0005|0.0237|0.9758,0.0018271|0.012329|0.46399,,,0.0018271|0.012329|0.46399,,,-2971.6047|-2475.1117,,,,,,,
real,102,3,any,pmc_pair,0,unsupervised,state-markov,ignorable fit,11,28.6357,-2.4536|-0.0275|1.0179,-7591.29,0.558364,0.448557,5268,021,False,0.629862,797,0.416238,4471,0.370138,0.993012,1.25231,7.55335,0.369361,0.622874,0|0|4|3|1|1|2|2|4|780,0|0|2.04964|1.70606|0.628264|0.673092|1.4868|1.61013|3.54065|779.736,0|0|1|1|0|0|0|1|1|291,0.0188|0.3701|0.6110,0.0001|0.9815|0.0184,0.00029206|0.018544|0.23557,0.00021315|0.017102|0.1514,0.2704|0.09486|0.5087,0.00029206|0.018544|0.23557,0.00021315|0.017102|0.1514,0.2704|0.09486|0.5087,-2971.6047|-2475.1117,,,,,,,
real,108,3,ge10,pmc_pair,0,unsupervised,ignorable,start,27,43.75,-2.4120|-0.0611|1.5598,-4708.11,0.395964,0.425272,5239,012,True,0.6,30,0.424266,5209,0.4,0.828378,0.764961,1.21294,0.500978,0.429075,0|0|1|3|3|2|1|6|4|10,0|0|0.515543|1.72868|1.85651|1.3785|0.770729|5.07972|3.53212|9.98955,0|0|0|1|1|0|0|0|0|10,0.1333|0.5667|0.3000,0.0565|0.2055|0.7380,,,,,,,-543.9521|-512.6898,,,,,,,
real,108,3,ge10,pmc_pair,0,unsupervised,state,ignorable fit,3,5.38626,-2.4127|-0.0717|1.5595,-5247.39,0.330376,0.426036,5239,012,True,0.633333,30,0.424842,5209,0.366667,0.854674,0.859086,1.39369,0.4673,0.489266,0|0|0|3|2|2|2|2|9|10,0|0|0|1.69956|1.32392|1.35906|1.50161|1.68874|8.08621|9.98113,0|0|0|1|0|0|0|0|0|10,0.1333|0.5667|0.3000,0.0507|0.1805|0.7688,0.0068844|0.012269|0.016786,,,0.0068844|0.012269|0.016786,,,-543.9521|-512.6898,,,,,,,
real,108,3,ge10,pmc_pair,0,unsupervised,state-markov,ignorable fit,3,5.33385,-2.4127|-0.0717|1.5596,-5216.51,0.40585,0.425654,5239,012,True,0.6,30,0.42465,5209,0.4,0.859281,0.858198,1.40555,0.46999,0.48618,0|0|0|2|1|4|2|1|10|10,0|0|0|1.12518|0.615107|2.71808|1.50878|0.827544|9.00233|9.9814,0|0|0|1|1|0|0|0|0|10,0.1333|0.5667|0.3000,0.0558|0.1731|0.7711,0.0069632|0.011812|0.017588,0.005832|0.010238|0.014252,0.16828|0.14347|0.20392,0.0069632|0.011812|0.017588,0.005832|0.010238|0.014252,0.16828|0.14347|0.20392,-543.9521|-512.6898,,,,,,,
real,108,3,any,pmc_pair,0,unsupervised,ignorable,start,34,71.097,-2.4168|-0.2608|1.4445,-4374.49,0.530729,0.482153,5239,012,True,0.535714,560,0.475743,4679,0.464286,0.866373,0.681723,1.2476,0.563326,0.402087,0|0|9|18|32|52|80|59|45|265,0|0|4.58343|10.1179|20.3404|36.5889|61.2273|48.9874|40.183|263.141,0|0|3|3|3|1|2|3|9|236,0.0696|0.4893|0.4411,0.0083|0.1953|0.7963,,,,,,,-2843.0024|-2569.7984,,,,,,,
real,108,3,any,pmc_pair,0,unsupervised,state,ignorable fit,10,23.7646,-2.4169|-0.1536|1.5184,-6930.45,0.62742,0.445123,5239,012,True,0.546429,560,0.432999,4679,0.453571,0.942171,0.916176,1.90617,0.493899,0.488599,0|0|6|1|4|6|11|32|126|374,0|0|3.0862|0.590523|2.55953|4.21226|8.52053|26.9578|113.954|367.735,0|0|1|0|0|0|1|4|8|240,0.0696|0.4893|0.4411,0.0042|0.1187|0.8770,0.0081961|0.065593|0.23741,,,0.0081961|0.065593|0.23741,,,-2843.0024|-2569.7984,,,,,,,
real,108,3,any,pmc_pair,0,unsupervised,state-markov,ignorable fit,8,18.7286,-2.4170|-0.2116|1.4967,-6762.8,0.684918,0.451231,5239,012,True,0.542857,560,0.440265,4679,0.457143,0.932595,0.883066,1.80412,0.503204,0.475452,0|0|3|4|8|5|20|47|145|328,0|0|1.54161|2.24951|5.03754|3.62258|15.4484|39.3353|131.278|323.74,0|0|0|2|1|0|0|5|9|239,0.0696|0.4893|0.4411,0.0051|0.1287|0.8662,0.0092045|0.066493|0.2417,0.0067729|0.057779|0.15989,0.27095|0.18882|0.49836,0.0092045|0.066493|0.2417,0.0067729|0.057779|0.15989,0.27095|0.18882|0.49836,-2843.0024|-2569.7984,,,,,,,
real,105,3,ge10,pmc_pair,0,unsupervised,ignorable,start,31,65.8106,-2.4309|0.3860|1.9749,-4335.9,0.362982,0.475771,5448,012,True,0.206186,97,0.480658,5351,0.793814,0.765988,0.324573,1.43238,0.680189,0.223879,0|0|6|14|8|11|12|15|17|14,0|0|3.11258|7.83588|5.13229|7.70078|9.21065|12.4811|15.2674|13.5601,0|0|1|7|8|11|11|15|17|7,0.0515|0.8969|0.0515,0.0380|0.7262|0.2358,,,,,,,-531.0120|-453.1285,,,,,,,
real,105,3,ge10,pmc_pair,0,unsupervised,state,ignorable fit,6,11.8384,-2.4336|0.3789|1.9785,-4829.84,0.397263,0.479809,5448,012,True,0.701031,97,0.475799,5351,0.298969,0.765016,1.02091,2.38857,0.336292,0.498075,0|0|9|17|6|9|10|9|16|21,0|0|4.70875|9.60728|3.73791|6.30184|7.64349|7.51657|14.4368|20.254,0|0|5|7|5|3|3|2|2|2,0.0515|0.8969|0.0515,0.0240|0.3893|0.5867,0.0025758|0.0074258|0.081732,,,0.0025758|0.0074258|0.081732,,,-531.0120|-453.1285,,,,,,,
real,105,3,ge10,pmc_pair,0,unsupervised,state-markov,ignorable fit,8,16.1952,-2.4344|0.3756|1.9791,-4749.05,0.383555,0.47779,5448,012,True,0.701031,97,0.473743,5351,0.298969,0.893316,1.21842,2.95799,0.307849,0.615526,0|0|0|2|6|2|7|12|14|54,0|0|0|1.13953|3.83327|1.40406|5.34394|9.95512|12.5238|52.4519,0|0|0|2|4|0|5|3|3|12,0.0515|0.8969|0.0515,0.0330|0.3448|0.6222,0.0036774|0.0029237|0.13027,0.0032508|0.002071|0.080214,0.11927|0.29372|0.46445,0.0036774|0.0029237|0.13027,0.0032508|0.002071|0.080214,0.11927|0.29372|0.46445,-531.0120|-453.1285,,,,,,,
real,105,3,any,pmc_pair,0,unsupervised,ignorable,start,27,57.0734,-2.4239|0.1113|2.3407,-4272.29,0.316247,0.367291,5448,012,True,0.153302,424,0.38535,5024,0.846698,0.744269,0.33114,1.05545,0.660763,0.217984,1|0|27|37|56|65|113|62|13|50,0.377618|0|13.913|21.193|35.4396|45.4282|87.2782|50.8204|11.5943|49.5257,0|0|14|31|49|59|108|61|11|26,0.0684|0.7052|0.2264,0.0724|0.5642|0.3634,,,,,,,-1810.1389|-1538.7722,,,,,,,
real,105,3,any,pmc_pair,0,unsupervised,state,ignorable fit,6,10.0351,-2.4268|0.1014|2.3437,-5996.53,0.45046,0.390235,5448,012,True,0.424528,424,0.387341,5024,0.575472,0.764064,0.554603,1.37571,0.56794,0.196195,0|0|22|60|68|54|46|47|24|103,0|0|11.3881|34.0916|43.0701|37.824|35.3248|39.0981|21.5639|101.602,0|0|13|29|31|27|29|21|14|80,0.0684|0.7052|0.2264,0.0198|0.4339|0.5464,0.0096149|0.05308|0.15737,,,0.0096149|0.05308|0.15737,,,-1810.1389|-1538.7722,,,,,,,
real,105,3,any,pmc_pair,0,unsupervised,state-markov,ignorable fit,6,10.9546,-2.4268|0.0956|2.3430,-5738.52,0.46281,0.385646,5448,012,True,0.372642,424,0.386744,5024,0.627358,0.828974,0.546807,1.34572,0.601612,0.221809,0|1|8|22|22|45|60|85|67|114,0|0.463221|4.16727|12.5516|14.0395|31.3238|46.0887|70.8622|60.6787|111.31,0|0|6|15|13|17|30|53|42|90,0.0684|0.7052|0.2264,0.0273|0.4613|0.5114,0.011454|0.044971|0.16972,0.010567|0.02586|0.12328,0.087993|0.45082|0.39692,0.011454|0.044971|0.16972,0.010567|0.02586|0.12328,0.087993|0.45082|0.39692,-1810.1389|-1538.7722,,,,,,,
controlled,102,2,ge10,hmc_in,,oracle,ignorable,,,,,-11514.7,0.178751,0.067388,5268,01,True,0.0397351,151,0.068204,5117,0.960265,0.992624,0.0693006,0.27237,0.960931,0.0323591,2|0|0|0|0|0|0|0|2|147,1.06422|0|0|0|0|0|0|0|1.87595|146.946,1|0|0|0|0|0|0|0|0|144,0.0000|1.0000,0.0391|0.9609,,,,,,,,state,0,169,0|0.04873|0.002723,0|0.04059|0.002458,0|0.2075|0.1,
controlled,102,2,ge10,hmc_in,,oracle,state,,,,,-12332.2,0.145872,0.0654897,5268,01,True,0.013245,151,0.0670315,5117,0.986755,0.997114,0.0177933,0.071185,0.989355,0.0103589,0|1|0|0|0|0|0|0|0|150,0|0.585829|0|0|0|0|0|0|0|149.978,0|0|0|0|0|0|0|0|0|149,0.0000|1.0000,0.0106|0.9894,9.4505e-06|0.046268,,,,,,,state,0,169,0|0.04873|0.002723,0|0.04059|0.002458,0|0.2075|0.1,
controlled,102,2,ge10,hmc_in,,oracle,state-markov,,,,,-12333.2,0.201784,0.0654897,5268,01,True,0.013245,151,0.0670315,5117,0.986755,0.997017,0.0175581,0.0707157,0.989462,0.0102621,0|1|0|0|0|0|0|0|0|150,0|0.570491|0|0|0|0|0|0|0|149.979,0|0|0|0|0|0|0|0|0|149,0.0000|1.0000,0.0105|0.9895,9.6619e-06|0.046269,9.2358e-06|0.046585,0.044118|0.039764,,,,,state,0,169,0|0.04873|0.002723,0|0.04059|0.002458,0|0.2075|0.1,
controlled,102,2,ge10,hmc_in,0,unsupervised,ignorable,start,4,0.912013,-1.9196|0.8153,-10272.9,0.194601,0.0983295,5268,01,True,0.0331126,151,0.100254,5117,0.966887,0.988533,0.0704805,0.168766,0.957088,0.0402363,2|0|0|1|0|0|1|0|2|145,1.05094|0|0|0.69665|0|0|0.848825|0|1.88572|144.786,2|0|0|1|0|0|1|0|0|142,0.0000|1.0000,0.0429|0.9571,,,,,,,-838.0507|-836.2768,state,0,169,0|0.04873|0.002723,0|0.04059|0.002458,0|0.2075|0.1,
controlled,102,2,ge10,hmc_in,0,unsupervised,state,start,4,0.560501,-1.9179|0.8161,-11062.3,0.119862,0.0977601,5268,01,True,0.0264901,151,0.0998632,5117,0.97351,0.992812,0.044135,0.0804519,0.973049,0.0250079,0|1|1|0|0|0|0|0|2|147,0|0.569176|0.617226|0|0|0|0|0|1.83443|146.894,0|1|0|0|0|0|0|0|1|145,0.0000|1.0000,0.0270|0.9730,0.0024138|0.028781,,,0.0024138|0.028781,,,-838.0507|-836.2768,state,0,169,0|0.04873|0.002723,0|0.04059|0.002458,0|0.2075|0.1,
controlled,102,2,ge10,hmc_in,0,unsupervised,state-markov,start,4,0.595543,-1.9177|0.8162,-11061.8,0.124284,0.0977601,5268,01,True,0.0264901,151,0.0998632,5117,0.97351,0.992003,0.0445166,0.081777,0.972151,0.0259799,0|1|1|0|0|0|0|1|2|146,0|0.567271|0.621845|0|0|0|0|0.867505|1.83476|145.901,0|1|0|0|0|0|0|1|1|144,0.0000|1.0000,0.0278|0.9722,0.0024783|0.028746,0.0024199|0.02834,0.025994|0.042483,0.0024783|0.028746,0.0024199|0.02834,0.025994|0.042483,-838.0507|-836.2768,state,0,169,0|0.04873|0.002723,0|0.04059|0.002458,0|0.2075|0.1,
controlled,102,2,ge10,hmc_in,0,unsupervised,state,ignorable fit,3,0.505214,-1.9144|0.8177,-11062.1,0.134379,0.0971906,5268,01,True,0.0264901,151,0.0992769,5117,0.97351,0.992776,0.0448121,0.0822021,0.97272,0.0252442,1|0|1|0|0|0|0|0|2|147,0.548663|0|0.631645|0|0|0|0|0|1.83754|146.891,1|0|0|0|0|0|0|0|1|145,0.0000|1.0000,0.0273|0.9727,0.0025006|0.028765,,,0.0025006|0.028765,,,-838.0507|-836.2768,state,0,169,0|0.04873|0.002723,0|0.04059|0.002458,0|0.2075|0.1,
controlled,102,2,ge10,hmc_in,0,unsupervised,state-markov,ignorable fit,3,0.350592,-1.9144|0.8178,-11061.6,0.120334,0.0971906,5268,01,True,0.0264901,151,0.0992769,5117,0.97351,0.992048,0.0451184,0.0833298,0.971928,0.0261506,1|0|1|0|0|0|0|1|2|146,0.547058|0|0.634981|0|0|0|0|0.878176|1.83761|145.901,1|0|0|0|0|0|0|1|1|144,0.0000|1.0000,0.0281|0.9719,0.0025498|0.02874,0.0024972|0.028327,0.02314|0.042686,0.0025498|0.02874,0.0024972|0.028327,0.02314|0.042686,-838.0507|-836.2768,state,0,169,0|0.04873|0.002723,0|0.04059|0.002458,0|0.2075|0.1,
controlled,102,2,ge10,hmc_in,,oracle,ignorable,,,,,-11519.1,0.103446,0.0675778,5268,01,True,0.025974,154,0.0688307,5114,0.974026,0.994359,0.042257,0.253803,0.974908,0.0250334,0|0|1|0|1|1|0|0|0|151,0|0|0.638081|0|0.724686|0.77306|0|0|0|150.995,0|0|1|0|0|0|0|0|0|149,0.0000|1.0000,0.0251|0.9749,,,,,,,,state,1,165,0|0.04873|0.002723,0|0.04059|0.002458,0|0.2075|0.1,
controlled,102,2,ge10,hmc_in,,oracle,state,,,,,-12344.7,0.110886,0.0666287,5268,01,True,0.012987,154,0.068244,5114,0.987013,0.99999,0.0259694,0.122393,0.987005,0.012977,0|0|0|0|0|0|0|0|0|154,0|0|0|0|0|0|0|0|0|153.998,0|0|0|0|0|0|0|0|0|152,0.0000|1.0000,0.0130|0.9870,9.2274e-06|0.047187,,,,,,,state,1,165,0|0.04873|0.002723,0|0.04059|0.002458,0|0.2075|0.1,
controlled,102,2,ge10,hmc_in,,oracle,state-markov,,,,,-12345.9,0.118752,0.0666287,5268,01,True,0.012987,154,0.068244,5114,0.987013,0.99999,0.0259692,0.121979,0.987006,0.0129774,0|0|0|0|0|0|0|0|0|154,0|0|0|0|0|0|0|0|0|153.999,0|0|0|0|0|0|0|0|0|152,0.0000|1.0000,0.0130|0.9870,9.4303e-06|0.047187,9.0611e-06|0.047594,0.039157|0.038962,,,,,state,1,165,0|0.04873|0.002723,0|0.04059|0.002458,0|0.2075|0.1,
controlled,102,2,ge10,hmc_in,0,unsupervised,ignorable,start,4,0.473848,-1.9177|0.8190,-10282.2,0.129675,0.0981397,5268,01,True,0.025974,154,0.100313,5114,0.974026,0.991624,0.0357365,0.0893166,0.976081,0.0210846,0|1|0|1|0|0|1|1|0|150,0|0.554374|0|0.652322|0|0|0.833358|0.898168|0|149.772,0|0|0|0|0|0|1|1|0|148,0.0000|1.0000,0.0239|0.9761,,,,,,,-822.2049|-821.0362,state,1,165,0|0.04873|0.002723,0|0.04059|0.002458,0|0.2075|0.1,
controlled,102,2,ge10,hmc_in,0,unsupervised,state,start,4,0.531925,-1.9168|0.8197,-11054.9,0.206289,0.0973804,5268,01,True,0.012987,154,0.0999218,5114,0.987013,0.997657,0.0230102,0.0413836,0.986363,0.0116769,0|0|0|0|0|0|0|2|1|151,0|0|0|0|0|0|0|1.77418|0.920497|150.945,0|0|0|0|0|0|0|1|1|150,0.0000|1.0000,0.0136|0.9864,0.0019198|0.028375,,,0.0019198|0.028375,,,-822.2049|-821.0362,state,1,165,0|0.04873|0.002723,0|0.04059|0.002458,0|0.2075|0.1,
controlled,102,2,ge10,hmc_in,0,unsupervised,state-markov,start,4,0.698525,-1.9168|0.8197,-11054.6,0.146402,0.0973804,5268,01,True,0.012987,154,0.0999218,5114,0.987013,0.997643,0.0230669,0.0416242,0.986322,0.0116824,0|0|0|0|0|0|0|2|1|151,0|0|0|0|0|0|0|1.77408|0.918983|150.944,0|0|0|0|0|0|0|1|1|150,0.0000|1.0000,0.0137|0.9863,0.0019363|0.028376,0.0019325|0.028079,0.0039099|0.038527,0.0019363|0.028376,0.0019325|0.028079,0.0039099|0.038527,-822.2049|-821.0362,state,1,165,0|0.04873|0.002723,0|0.04059|0.002458,0|0.2075|0.1,
controlled,102,2,ge10,hmc_in,0,unsupervised,state,ignorable fit,3,0.566749,-1.9117|0.8222,-11054.6,0.0471276,0.0968109,5268,01,True,0.012987,154,0.0993352,5114,0.987013,0.997575,0.0235649,0.0436617,0.986018,0.0122628,0|0|0|0|0|0|0|1|2|151,0|0|0|0|0|0|0|0.869029|1.81572|150.942,0|0|0|0|0|0|0|1|1|150,0.0000|1.0000,0.0140|0.9860,0.0021511|0.028292,,,0.0021511|0.028292,,,-822.2049|-821.0362,state,1,165,0|0.04873|0.002723,0|0.04059|0.002458,0|0.2075|0.1,
controlled,102,2,ge10,hmc_in,0,unsupervised,state-markov,ignorable fit,3,0.501482,-1.9117|0.8221,-11054.3,0.183391,0.0968109,5268,01,True,0.012987,154,0.0993352,5114,0.987013,0.997557,0.0236165,0.0439003,0.985978,0.01227,0|0|0|0|0|0|0|1|2|151,0|0|0|0|0|0|0|0.867064|1.81545|150.941,0|0|0|0|0|0|0|1|1|150,0.0000|1.0000,0.0140|0.9860,0.0021672|0.028292,0.0021636|0.027992,0.0038184|0.038597,0.0021672|0.028292,0.0021636|0.027992,0.0038184|0.038597,-822.2049|-821.0362,state,1,165,0|0.04873|0.002723,0|0.04059|0.002458,0|0.2075|0.1,
controlled,102,2,ge10,hmc_in,,oracle,ignorable,,,,,-11514.1,0.108273,0.0675778,5268,01,True,0.0382166,157,0.0684797,5111,0.961783,0.987027,0.0654059,0.424981,0.958785,0.0359035,0|1|3|0|0|1|0|1|1|150,0|0.591132|1.81841|0|0|0.799754|0|0.85748|0.914809|149.982,0|1|1|0|0|1|0|1|1|146,0.0000|1.0000,0.0412|0.9588,,,,,,,,state,2,174,0|0.04873|0.002723,0|0.04059|0.002458,0|0.2075|0.1,
controlled,102,2,ge10,hmc_in,,oracle,state,,,,,-12417.1,0.118892,0.0662491,5268,01,True,0.0191083,157,0.0676971,5111,0.980892,0.997685,0.0398857,0.192279,0.978578,0.0214091,0|0|1|0|0|0|0|0|0|156,0|0|0.637618|0|0|0|0|0|0|155.999,0|0|1|0|0|0|0|0|0|153,0.0000|1.0000,0.0214|0.9786,9.7292e-06|0.048106,,,,,,,state,2,174,0|0.04873|0.002723,0|0.04059|0.002458,0|0.2075|0.1,
controlled,102,2,ge10,hmc_in,,oracle,state-markov,,,,,-12419.3,0.184753,0.0662491,5268,01,True,0.0191083,157,0.0676971,5111,0.980892,0.997813,0.0397052,0.19144,0.978706,0.0212814,0|0|0|1|0|0|0|0|0|156,0|0|0|0.657707|0|0|0|0|0|155.999,0|0|0|1|0|0|0|0|0|153,0.0000|1.0000,0.0213|0.9787,9.9518e-06|0.048108,9.696e-06|0.049572,0.025714|0.01915,,,,,state,2,174,0|0.04873|0.002723,0|0.04059|0.002458,0|0.2075|0.1,
controlled,102,2,ge10,hmc_in,0,unsupervised,ignorable,start,4,0.69926,-1.9192|0.8173,-10288.8,0.144713,0.0983295,5268,01,True,0.0382166,157,0.100176,5111,0.961783,0.986583,0.061712,0.186046,0.961001,0.02993,3|0|0|0|1|0|0|1|0|152,1.5191|0|0|0|0.711108|0|0|0.886186|0|151.777,1|0|0|0|1|0|0|1|0|148,0.0000|1.0000,0.0390|0.9610,,,,,,,-857.7226|-857.6680,state,2,174,0|0.04873|0.002723,0|0.04059|0.002458,0|0.2075|0.1,
controlled,102,2,ge10,hmc_in,0,unsupervised,state,start,4,0.700357,-1.9175|0.8183,-11103.9,0.129638,0.0968109,5268,01,True,0.0254777,157,0.0990022,5111,0.974522,0.997087,0.0502987,0.117237,0.972179,0.026685,0|0|0|0|0|0|0|3|0|154,0|0|0|0|0|0|0|2.67654|0|153.866,0|0|0|0|0|0|0|3|0|150,0.0000|1.0000,0.0278|0.9722,0.0034638|0.029036,,,0.0034638|0.029036,,,-857.7226|-857.6680,state,2,174,0|0.04873|0.002723,0|0.04059|0.002458,0|0.2075|0.1,
controlled,102,2,ge10,hmc_in,0,unsupervised,state-markov,start,4,0.725956,-1.9175|0.8183,-11103.8,0.158283,0.0968109,5268,01,True,0.0254777,157,0.0990022,5111,0.974522,0.99709,0.0502976,0.117221,0.972182,0.0266861,0|0|0|0|0|0|0|3|0|154,0|0|0|0|0|0|0|2.67669|0|153.866,0|0|0|0|0|0|0|3|0|150,0.0000|1.0000,0.0278|0.9722,0.0034711|0.029035,0.0034768|0.029159,0.0018337|0.02489,0.0034711|0.029035,0.0034768|0.029159,0.0018337|0.02489,-857.7226|-857.6680,state,2,174,0|0.04873|0.002723,0|0.04059|0.002458,0|0.2075|0.1,
controlled,102,2,ge10,hmc_in,0,unsupervised,state,ignorable fit,3,0.479964,-1.9143|0.8197,-11103.7,0.159095,0.0968109,5268,01,True,0.0254777,157,0.0990022,5111,0.974522,0.997024,0.0503771,0.11854,0.97209,0.0267259,0|0|0|0|0|0|0|3|0|154,0|0|0|0|0|0|0|2.66842|0|153.864,0|0|0|0|0|0|0|3|0|150,0.0000|1.0000,0.0279|0.9721,0.0035521|0.029015,,,0.0035521|0.029015,,,-857.7226|-857.6680,state,2,174,0|0.04873|0.002723,0|0.04059|0.002458,0|0.2075|0.1,
controlled,102,2,ge10,hmc_in,0,unsupervised,state-markov,ignorable fit,3,0.571665,-1.9143|0.8197,-11103.6,0.166842,0.0968109,5268,01,True,0.0254777,157,0.0990022,5111,0.974522,0.997027,0.0503763,0.118529,0.972093,0.0267274,0|0|0|0|0|0|0|3|0|154,0|0|0|0|0|0|0|2.66852|0|153.865,0|0|0|0|0|0|0|3|0|150,0.0000|1.0000,0.0279|0.9721,0.0035597|0.029014,0.0035659|0.029137,0.0018216|0.02491,0.0035597|0.029014,0.0035659|0.029137,0.0018216|0.02491,-857.7226|-857.6680,state,2,174,0|0.04873|0.002723,0|0.04059|0.002458,0|0.2075|0.1,
controlled,102,2,ge10,hmc_in,,oracle,ignorable,,,,,-11537,0.155984,0.067388,5268,01,True,0.0331126,151,0.0683995,5117,0.966887,0.999902,0.066226,0.526602,0.96679,0.033015,0|0|0|0|0|0|0|0|0|151,0|0|0|0|0|0|0|0|0|150.985,0|0|0|0|0|0|0|0|0|146,0.0000|1.0000,0.0332|0.9668,,,,,,,,state,3,156,0|0.04873|0.002723,0|0.04059|0.002458,0|0.2075|0.1,
controlled,102,2,ge10,hmc_in,,oracle,state,,,,,-12311.2,0.183292,0.0671982,5268,01,True,0.0331126,151,0.068204,5117,0.966887,0.999764,0.0652886,0.245908,0.967124,0.0328761,0|0|0|0|0|0|0|0|0|151,0|0|0|0|0|0|0|0|0|150.964,0|0|0|0|0|0|0|0|0|146,0.0000|1.0000,0.0329|0.9671,8.7256e-06|0.046268,,,,,,,state,3,156,0|0.04873|0.002723,0|0.04059|0.002458,0|0.2075|0.1,
controlled,102,2,ge10,hmc_in,,oracle,state-markov,,,,,-12310.3,0.163632,0.0671982,5268,01,True,0.0331126,151,0.068204,5117,0.966887,0.999752,0.0652447,0.244553,0.967135,0.0328649,0|0|0|0|0|0|0|0|0|151,0|0|0|0|0|0|0|0|0|150.963,0|0|0|0|0|0|0|0|0|146,0.0000|1.0000,0.0329|0.9671,8.9099e-06|0.046272,8.3708e-06|0.045606,0.06051|0.060003,,,,,state,3,156,0|0.04873|0.002723,0|0.04059|0.002458,0|0.2075|0.1,
controlled,102,2,ge10,hmc_in,0,unsupervised,ignorable,start,4,0.702755,-1.9200|0.8127,-10299.5,0.230129,0.0981397,5268,01,True,0.0331126,151,0.100059,5117,0.966887,0.998495,0.0660038,0.214191,0.965495,0.0316073,0|0|0|0|0|0|0|0|0|151,0|0|0|0|0|0|0|0|0|150.773,0|0|0|0|0|0|0|0|0|146,0.0000|1.0000,0.0345|0.9655,,,,,,,-786.1868|-781.4401,state,3,156,0|0.04873|0.002723,0|0.04059|0.002458,0|0.2075|0.1,
controlled,102,2,ge10,hmc_in,0,unsupervised,state,start,4,0.661685,-1.9167|0.8148,-11036.5,0.235164,0.0975702,5268,01,True,0.0331126,151,0.0994723,5117,0.966887,0.999191,0.0634258,0.128939,0.967495,0.0323035,0|0|0|0|0|0|0|0|0|151,0|0|0|0|0|0|0|0|0|150.878,0|0|0|0|0|0|0|0|0|146,0.0000|1.0000,0.0325|0.9675,0.002053|0.026688,,,0.002053|0.026688,,,-786.1868|-781.4401,state,3,156,0|0.04873|0.002723,0|0.04059|0.002458,0|0.2075|0.1,
controlled,102,2,ge10,hmc_in,0,unsupervised,state-markov,start,4,0.699686,-1.9168|0.8147,-11034,0.189336,0.0977601,5268,01,True,0.0331126,151,0.0996678,5117,0.966887,0.999211,0.0635372,0.130264,0.967458,0.0323237,0|0|0|0|0|0|0|0|0|151,0|0|0|0|0|0|0|0|0|150.881,0|0|0|0|0|0|0|0|0|146,0.0000|1.0000,0.0325|0.9675,0.0020709|0.026687,0.0020591|0.025762,0.0077708|0.060402,0.0020709|0.026687,0.0020591|0.025762,0.0077708|0.060402,-786.1868|-781.4401,state,3,156,0|0.04873|0.002723,0|0.04059|0.002458,0|0.2075|0.1,
controlled,102,2,ge10,hmc_in,0,unsupervised,state,ignorable fit,3,0.479507,-1.9137|0.8160,-11036.3,0.169758,0.0973804,5268,01,True,0.0331126,151,0.0992769,5117,0.966887,0.999211,0.0634972,0.129747,0.967478,0.0323236,0|0|0|0|0|0|0|0|0|151,0|0|0|0|0|0|0|0|0|150.881,0|0|0|0|0|0|0|0|0|146,0.0000|1.0000,0.0325|0.9675,0.0020556|0.026713,,,0.0020556|0.026713,,,-786.1868|-781.4401,state,3,156,0|0.04873|0.002723,0|0.04059|0.002458,0|0.2075|0.1,
controlled,102,2,ge10,hmc_in,0,unsupervised,state-markov,ignorable fit,3,0.541333,-1.9138|0.8159,-11033.8,0.111438,0.0973804,5268,01,True,0.0331126,151,0.0992769,5117,0.966887,0.99923,0.0636052,0.131065,0.967443,0.0323431,0|0|0|0|0|0|0|0|0|151,0|0|0|0|0|0|0|0|0|150.884,0|0|0|0|0|0|0|0|0|146,0.0000|1.0000,0.0326|0.9674,0.0020731|0.026712,0.0020612|0.025787,0.0077914|0.060404,0.0020731|0.026712,0.0020612|0.025787,0.0077914|0.060404,-786.1868|-781.4401,state,3,156,0|0.04873|0.002723,0|0.04059|0.002458,0|0.2075|0.1,
controlled,102,2,ge10,hmc_in,,oracle,ignorable,,,,,-11525,0.175592,0.067388,5268,01,True,0.0434783,161,0.0681418,5107,0.956522,0.996444,0.0758805,0.380248,0.959913,0.0399223,1|0|0|0|0|0|0|0|1|159,0.529483|0|0|0|0|0|0|0|0.92863|158.969,0|0|0|0|0|0|0|0|0|154,0.0000|1.0000,0.0401|0.9599,,,,,,,,state,4,167,0|0.04873|0.002723,0|0.04059|0.002458,0|0.2075|0.1,
controlled,102,2,ge10,hmc_in,,oracle,state,,,,,-12331.3,0.123361,0.0651101,5268,01,True,0.0186335,161,0.0665753,5107,0.981366,0.998302,0.0316235,0.128139,0.982915,0.016936,0|0|0|0|1|0|0|0|0|160,0|0|0|0|0.73883|0|0|0|0|159.988,0|0|0|0|0|0|0|0|0|158,0.0000|1.0000,0.0171|0.9829,9.3389e-06|0.049332,,,,,,,state,4,167,0|0.04873|0.002723,0|0.04059|0.002458,0|0.2075|0.1,
controlled,102,2,ge10,hmc_in,,oracle,state-markov,,,,,-12331,0.195499,0.0651101,5268,01,True,0.0186335,161,0.0665753,5107,0.981366,0.998209,0.0313354,0.127396,0.983019,0.0168427,0|0|0|0|1|0|0|0|0|160,0|0|0|0|0.722979|0|0|0|0|159.989,0|0|0|0|0|0|0|0|0|158,0.0000|1.0000,0.0170|0.9830,9.5461e-06|0.049334,9.0064e-06|0.048975,0.056548|0.056252,,,,,state,4,167,0|0.04873|0.002723,0|0.04059|0.002458,0|0.2075|0.1,
controlled,102,2,ge10,hmc_in,0,unsupervised,ignorable,start,4,0.613885,-1.9183|0.8159,-10292,0.140881,0.0977601,5268,01,True,0.0372671,161,0.0996671,5107,0.962733,0.994132,0.07414,0.183149,0.958658,0.037555,1|0|0|0|0|0|0|0|2|158,0.504429|0|0|0|0|0|0|0|1.87289|157.678,1|0|0|0|0|0|0|0|0|154,0.0000|1.0000,0.0413|0.9587,,,,,,,-830.1400|-826.2698,state,4,167,0|0.04873|0.002723,0|0.04059|0.002458,0|0.2075|0.1,
controlled,102,2,ge10,hmc_in,0,unsupervised,state,start,4,0.681429,-1.9159|0.8171,-11069.7,0.176391,0.0966211,5268,01,True,0.0310559,161,0.0986881,5107,0.968944,0.992155,0.0479841,0.0782196,0.970695,0.0239634,0|2|0|0|0|0|0|2|1|156,0|1.14669|0|0|0|0|0|1.72529|0.939426|155.926,0|1|0|0|0|0|0|0|1|154,0.0000|1.0000,0.0293|0.9707,0.0018868|0.028752,,,0.0018868|0.028752,,,-830.1400|-826.2698,state,4,167,0|0.04873|0.002723,0|0.04059|0.002458,0|0.2075|0.1,
controlled,102,2,ge10,hmc_in,0,unsupervised,state-markov,start,4,0.702319,-1.9160|0.8171,-11068,0.226067,0.0966211,5268,01,True,0.0310559,161,0.0986881,5107,0.968944,0.992236,0.0486566,0.0796548,0.970406,0.0240724,0|2|0|0|0|0|0|2|1|156,0|1.14869|0|0|0|0|0|1.73806|0.937134|155.926,0|1|0|0|0|0|0|0|1|154,0.0000|1.0000,0.0296|0.9704,0.0019172|0.028744,0.0019068|0.027931,0.0073243|0.056236,0.0019172|0.028744,0.0019068|0.027931,0.0073243|0.056236,-830.1400|-826.2698,state,4,167,0|0.04873|0.002723,0|0.04059|0.002458,0|0.2075|0.1,
controlled,102,2,ge10,hmc_in,0,unsupervised,state,ignorable fit,3,0.462954,-1.9124|0.8188,-11069.5,0.197294,0.0960516,5268,01,True,0.0310559,161,0.0981006,5107,0.968944,0.992258,0.0493326,0.0812483,0.970147,0.0241048,0|2|0|0|0|0|0|2|1|156,0|1.13367|0|0|0|0|0|1.75405|0.936318|155.929,0|1|0|0|0|0|0|0|1|154,0.0000|1.0000,0.0299|0.9701,0.0019877|0.028729,,,0.0019877|0.028729,,,-830.1400|-826.2698,state,4,167,0|0.04873|0.002723,0|0.04059|0.002458,0|0.2075|0.1,
controlled,102,2,ge10,hmc_in,0,unsupervised,state-markov,ignorable fit,3,0.516145,-1.9124|0.8188,-11067.7,0.147923,0.0960516,5268,01,True,0.0310559,161,0.0981006,5107,0.968944,0.992327,0.0499755,0.0826587,0.969875,0.0298871,1|1|0|0|0|0|0|2|1|156,0.542401|0.593167|0|0|0|0|0|1.76532|0.934044|155.93,1|0|0|0|0|0|0|0|1|154,0.0000|1.0000,0.0301|0.9699,0.0020151|0.028723,0.0020047|0.027908,0.0071966|0.056294,0.0020151|0.028723,0.0020047|0.027908,0.0071966|0.056294,-830.1400|-826.2698,state,4,167,0|0.04873|0.002723,0|0.04059|0.002458,0|0.2075|0.1,
controlled,102,2,ge10,hmc_in,,oracle,ignorable,,,,,-11502,0.145746,0.067388,5268,01,True,0.0419162,167,0.0682219,5101,0.958084,0.997189,0.0852056,0.467235,0.955293,0.0446311,0|0|0|1|0|0|1|0|0|165,0|0|0|0.69366|0|0|0.844962|0|0|164.992,0|0|0|1|0|0|1|0|0|158,0.0000|1.0000,0.0447|0.9553,,,,,,,,state-markov,0,184,0|0.04873|0.002723,0|0.04059|0.002458,0|0.2075|0.1,
controlled,102,2,ge10,hmc_in,,oracle,state,,,,,-12417.9,0.145945,0.0652999,5268,01,True,0.011976,167,0.0670457,5101,0.988024,0.999994,0.0239497,0.118569,0.988019,0.0119701,0|0|0|0|0|0|0|0|0|167,0|0|0|0|0|0|0|0|0|166.999,0|0|0|0|0|0|0|0|0|165,0.0000|1.0000,0.0120|0.9880,1.0287e-05|0.051171,,,,,,,state-markov,0,184,0|0.04873|0.002723,0|0.04059|0.002458,0|0.2075|0.1,
controlled,102,2,ge10,hmc_in,,oracle,state-markov,,,,,-12349.5,0.156677,0.0666287,5268,01,True,0.0299401,167,0.0678298,5101,0.97006,0.988527,0.0397862,0.140044,0.97313,0.0216966,0|3|1|0|1|0|0|0|0|162,0|1.74712|0.606759|0|0.730311|0|0|0|0|162,0|1|0|0|1|0|0|0|0|160,0.0000|1.0000,0.0269|0.9731,1.0532e-05|0.051258,7.8283e-06|0.039063,0.25676|0.27699,,,,,state-markov,0,184,0|0.04873|0.002723,0|0.04059|0.002458,0|0.2075|0.1,
controlled,102,2,ge10,hmc_in,0,unsupervised,ignorable,start,4,0.706892,-1.9191|0.8132,-10267.8,0.150821,0.0981397,5268,01,True,0.0419162,167,0.0999804,5101,0.958084,0.994492,0.0856872,0.245388,0.952932,0.0419201,1|0|0|0|0|0|0|0|0|166,0.539714|0|0|0|0|0|0|0|0|165.54,1|0|0|0|0|0|0|0|0|159,0.0000|1.0000,0.0471|0.9529,,,,,,,-896.6307|-810.0608,state-markov,0,184,0|0.04873|0.002723,0|0.04059|0.002458,0|0.2075|0.1,
controlled,102,2,ge10,hmc_in,0,unsupervised,state,start,4,0.681405,-1.9158|0.8152,-11120.5,0.182314,0.0968109,5268,01,True,0.0239521,167,0.0991962,5101,0.976048,0.995721,0.0431539,0.082906,0.974621,0.0250526,0|0|0|0|0|0|1|2|3|161,0|0|0|0|0|0|0.821179|1.78554|2.72961|160.949,0|0|0|0|0|0|1|0|3|159,0.0000|1.0000,0.0254|0.9746,0.0034515|0.030846,,,0.0034515|0.030846,,,-896.6307|-810.0608,state-markov,0,184,0|0.04873|0.002723,0|0.04059|0.002458,0|0.2075|0.1,
controlled,102,2,ge10,hmc_in,0,unsupervised,state-markov,start,4,0.745942,-1.9166|0.8147,-11045.7,0.146049,0.0977601,5268,01,True,0.0419162,167,0.0995883,5101,0.958084,0.997548,0.0806583,0.17165,0.957316,0.0407733,0|0|0|0|0|0|0|1|0|166,0|0|0|0|0|0|0|0.890654|0|165.7,0|0|0|0|0|0|0|1|0|159,0.0000|1.0000,0.0427|0.9573,0.0044467|0.030252,0.0033311|0.023223,0.25422|0.25556,0.0044467|0.030252,0.0033311|0.023223,0.25422|0.25556,-896.6307|-810.0608,state-markov,0,184,0|0.04873|0.002723,0|0.04059|0.002458,0|0.2075|0.1,
controlled,102,2,ge10,hmc_in,0,unsupervised,state,ignorable fit,3,0.552106,-1.9131|0.8162,-11120.3,0.130893,0.0968109,5268,01,True,0.0239521,167,0.0991962,5101,0.976048,0.995349,0.044161,0.0865973,0.973858,0.0246646,0|0|0|0|0|1|0|2|3|161,0|0|0|0|0|0.790221|0|1.76195|2.72166|160.949,0|0|0|0|0|1|0|2|1|159,0.0000|1.0000,0.0261|0.9739,0.0037106|0.03072,,,0.0037106|0.03072,,,-896.6307|-810.0608,state-markov,0,184,0|0.04873|0.002723,0|0.04059|0.002458,0|0.2075|0.1,
controlled,102,2,ge10,hmc_in,0,unsupervised,state-markov,ignorable fit,3,0.564971,-1.9136|0.8160,-11045.4,0.120686,0.0973804,5268,01,True,0.0419162,167,0.0991962,5101,0.958084,0.99758,0.0807317,0.17258,0.957311,0.0408114,0|0|0|0|0|0|0|1|0|166,0|0|0|0|0|0|0|0.890156|0|165.706,0|0|0|0|0|0|0|1|0|159,0.0000|1.0000,0.0427|0.9573,0.0044579|0.030275,0.0033401|0.023241,0.2541|0.25558,0.0044579|0.030275,0.0033401|0.023241,0.2541|0.25558,-896.6307|-810.0608,state-markov,0,184,0|0.04873|0.002723,0|0.04059|0.002458,0|0.2075|0.1,
controlled,102,2,ge10,hmc_in,,oracle,ignorable,,,,,-11496.3,0.192364,0.0671982,5268,01,True,0.0449438,178,0.0679764,5090,0.955056,0.996452,0.0781859,0.60695,0.958603,0.0413953,0|1|0|0|0|1|0|0|0|176,0|0.579026|0|0|0|0.789478|0|0|0|176,0|0|0|0|0|0|0|0|0|170,0.0000|1.0000,0.0414|0.9586,,,,,,,,state-markov,1,189,0|0.04873|0.002723,0|0.04059|0.002458,0|0.2075|0.1,
controlled,102,2,ge10,hmc_in,,oracle,state,,,,,-12419.1,0.141861,0.0664389,5268,01,True,0.0337079,178,0.0675835,5090,0.966292,0.999973,0.0673122,0.306834,0.966317,0.0336809,0|0|0|0|0|0|0|0|0|178,0|0|0|0|0|0|0|0|0|177.995,0|0|0|0|0|0|0|0|0|172,0.0000|1.0000,0.0337|0.9663,1.0566e-05|0.054541,,,,,,,state-markov,1,189,0|0.04873|0.002723,0|0.04059|0.002458,0|0.2075|0.1,
controlled,102,2,ge10,hmc_in,,oracle,state-markov,,,,,-12387.9,0.137867,0.0666287,5268,01,True,0.0337079,178,0.06778,5090,0.966292,0.999966,0.0673063,0.3059,0.966313,0.0336737,0|0|0|0|0|0|0|0|0|178,0|0|0|0|0|0|0|0|0|177.994,0|0|0|0|0|0|0|0|0|172,0.0000|1.0000,0.0337|0.9663,1.0823e-05|0.054587,8.9151e-06|0.046977,0.17632|0.18638,,,,,state-markov,1,189,0|0.04873|0.002723,0|0.04059|0.002458,0|0.2075|0.1,
controlled,102,2,ge10,hmc_in,0,unsupervised,ignorable,start,4,0.760431,-1.9235|0.8136,-10266.4,0.133941,0.0981397,5268,01,True,0.0449438,178,0.1,5090,0.955056,0.985593,0.0819278,0.243572,0.949386,0.0468938,1|1|2|1|1|0|0|0|0|172,0.545423|0.593655|1.22687|0.685708|0.723695|0|0|0|0|171.66,0|1|2|0|1|0|0|0|0|166,0.0000|1.0000,0.0506|0.9494,,,,,,,-915.8747|-870.3550,state-markov,1,189,0|0.04873|0.002723,0|0.04059|0.002458,0|0.2075|0.1,
controlled,102,2,ge10,hmc_in,0,unsupervised,state,start,4,0.671395,-1.9214|0.8148,-11132,0.161987,0.0968109,5268,01,True,0.0337079,178,0.0990177,5090,0.966292,0.99788,0.0656838,0.144834,0.965146,0.0333907,0|0|0|0|0|0|0|0|2|176,0|0|0|0|0|0|0|0|1.83952|175.783,0|0|0|0|0|0|0|0|2|170,0.0000|1.0000,0.0349|0.9651,0.0031549|0.031861,,,0.0031549|0.031861,,,-915.8747|-870.3550,state-markov,1,189,0|0.04873|0.002723,0|0.04059|0.002458,0|0.2075|0.1,
controlled,102,2,ge10,hmc_in,0,unsupervised,state-markov,start,4,0.807985,-1.9218|0.8145,-11096.6,0.11505,0.0973804,5268,01,True,0.0337079,178,0.0996071,5090,0.966292,0.997441,0.0661566,0.15195,0.964535,0.0348476,0|0|0|0|0|0|0|1|3|174,0|0|0|0|0|0|0|0.878054|2.79276|173.874,0|0|0|0|0|0|0|1|3|168,0.0000|1.0000,0.0355|0.9645,0.0033009|0.031852,0.003228|0.026773,0.025324|0.18622,0.0033009|0.031852,0.003228|0.026773,0.025324|0.18622,-915.8747|-870.3550,state-markov,1,189,0|0.04873|0.002723,0|0.04059|0.002458,0|0.2075|0.1,
controlled,102,2,ge10,hmc_in,0,unsupervised,state,ignorable fit,3,0.522722,-1.9177|0.8164,-11131.8,0.173424,0.0962415,5268,01,True,0.0337079,178,0.0984283,5090,0.966292,0.997834,0.0658281,0.147168,0.965036,0.0339963,0|0|0|0|0|0|0|1|2|175,0|0|0|0|0|0|0|0.897265|1.88427|174.833,0|0|0|0|0|0|0|1|2|169,0.0000|1.0000,0.0350|0.9650,0.0032876|0.031823,,,0.0032876|0.031823,,,-915.8747|-870.3550,state-markov,1,189,0|0.04873|0.002723,0|0.04059|0.002458,0|0.2075|0.1,
controlled,102,2,ge10,hmc_in,0,unsupervised,state-markov,ignorable fit,3,0.54024,-1.9180|0.8163,-11096.4,0.194343,0.0970008,5268,01,True,0.0337079,178,0.0992141,5090,0.966292,0.997204,0.0663201,0.154155,0.964253,0.0350022,0|0|0|0|0|0|0|1|3|174,0|0|0|0|0|0|0|0.869305|2.76668|173.866,0|0|0|0|0|0|0|1|3|168,0.0000|1.0000,0.0357|0.9643,0.0034346|0.031805,0.0033327|0.026745,0.033008|0.18584,0.0034346|0.031805,0.0033327|0.026745,0.033008|0.18584,-915.8747|-870.3550,state-markov,1,189,0|0.04873|0.002723,0|0.04059|0.002458,0|0.2075|0.1,
controlled,102,2,ge10,hmc_in,,oracle,ignorable,,,,,-11498.2,0.165854,0.067388,5268,01,True,0.0326087,184,0.0686467,5084,0.967391,0.989552,0.0466456,0.32087,0.969718,0.0301631,2|0|0|0|1|1|1|1|2|176,1.05994|0|0|0|0.703895|0.76481|0.817643|0.893763|1.8485|175.989,0|0|0|0|1|0|1|1|2|173,0.0000|1.0000,0.0303|0.9697,,,,,,,,state-markov,2,193,0|0.04873|0.002723,0|0.04059|0.002458,0|0.2075|0.1,
controlled,102,2,ge10,hmc_in,,oracle,state,,,,,-12375.1,0.182461,0.0664389,5268,01,True,0.0163043,184,0.0682533,5084,0.983696,0.999996,0.0326053,0.16069,0.983694,0.0163008,0|0|0|0|0|0|0|0|0|184,0|0|0|0|0|0|0|0|0|183.999,0|0|0|0|0|0|0|0|0|181,0.0000|1.0000,0.0163|0.9837,1.0789e-05|0.056379,,,,,,,state-markov,2,193,0|0.04873|0.002723,0|0.04059|0.002458,0|0.2075|0.1,
controlled,102,2,ge10,hmc_in,,oracle,state-markov,,,,,-12323.3,0.142056,0.0666287,5268,01,True,0.0163043,184,0.06845,5084,0.983696,0.999697,0.0326371,0.160649,0.983394,0.0165896,0|0|0|0|0|0|0|0|1|183,0|0|0|0|0|0|0|0|0.945843|182.998,0|0|0|0|0|0|0|0|1|180,0.0000|1.0000,0.0166|0.9834,1.1056e-05|0.056375,8.5772e-06|0.045785,0.22423|0.23364,,,,,state-markov,2,193,0|0.04873|0.002723,0|0.04059|0.002458,0|0.2075|0.1,
controlled,102,2,ge10,hmc_in,0,unsupervised,ignorable,start,4,0.650467,-1.9193|0.8151,-10259.2,0.172941,0.0981397,5268,01,True,0.0217391,184,0.100905,5084,0.978261,0.989462,0.0444921,0.126795,0.970563,0.0245916,2|0|0|0|1|1|0|0|0|180,1.01297|0|0|0|0.742651|0.755085|0|0|0|179.55,2|0|0|0|0|1|0|0|0|177,0.0000|1.0000,0.0294|0.9706,,,,,,,-931.1725|-860.9579,state-markov,2,193,0|0.04873|0.002723,0|0.04059|0.002458,0|0.2075|0.1,
controlled,102,2,ge10,hmc_in,0,unsupervised,state,start,4,0.643678,-1.9152|0.8177,-11115.8,0.148903,0.0970008,5268,01,True,0.0163043,184,0.0999213,5084,0.983696,0.998901,0.0295893,0.0499535,0.984151,0.0152054,0|0|0|0|0|0|0|0|0|184,0|0|0|0|0|0|0|0|0|183.798,0|0|0|0|0|0|0|0|0|181,0.0000|1.0000,0.0158|0.9842,0.00089633|0.034,,,0.00089633|0.034,,,-931.1725|-860.9579,state-markov,2,193,0|0.04873|0.002723,0|0.04059|0.002458,0|0.2075|0.1,
controlled,102,2,ge10,hmc_in,0,unsupervised,state-markov,start,4,0.638908,-1.9161|0.8171,-11063,0.151973,0.0970008,5268,01,True,0.0163043,184,0.0999213,5084,0.983696,0.998745,0.0302547,0.0542704,0.983658,0.0150497,0|0|0|0|0|0|0|0|0|184,0|0|0|0|0|0|0|0|0|183.769,0|0|0|0|0|0|0|0|0|181,0.0000|1.0000,0.0163|0.9837,0.00099129|0.033987,0.00092633|0.027198,0.066449|0.22694,0.00099129|0.033987,0.00092633|0.027198,0.066449|0.22694,-931.1725|-860.9579,state-markov,2,193,0|0.04873|0.002723,0|0.04059|0.002458,0|0.2075|0.1,
controlled,102,2,ge10,hmc_in,0,unsupervised,state,ignorable fit,4,0.679556,-1.9101|0.8202,-11115.4,0.119513,0.0962415,5268,01,True,0.0163043,184,0.0991345,5084,0.983696,0.998917,0.0296445,0.0502601,0.984137,0.015221,0|0|0|0|0|0|0|0|0|184,0|0|0|0|0|0|0|0|0|183.801,0|0|0|0|0|0|0|0|0|181,0.0000|1.0000,0.0159|0.9841,0.00089502|0.034068,,,0.00089502|0.034068,,,-931.1725|-860.9579,state-markov,2,193,0|0.04873|0.002723,0|0.04059|0.002458,0|0.2075|0.1,
controlled,102,2,ge10,hmc_in,0,unsupervised,state-markov,ignorable fit,4,0.65954,-1.9109|0.8197,-11062.6,0.166595,0.0964313,5268,01,True,0.0163043,184,0.0993312,5084,0.983696,0.998814,0.0302787,0.0544009,0.983712,0.015118,0|0|0|0|0|0|0|0|0|184,0|0|0|0|0|0|0|0|0|183.782,0|0|0|0|0|0|0|0|0|181,0.0000|1.0000,0.0163|0.9837,0.00096979|0.034072,0.00091776|0.027259,0.054572|0.22722,0.00096979|0.034072,0.00091776|0.027259,0.054572|0.22722,-931.1725|-860.9579,state-markov,2,193,0|0.04873|0.002723,0|0.04059|0.002458,0|0.2075|0.1,
controlled,102,2,ge10,hmc_in,,oracle,ignorable,,,,,-11526.6,0.15138,0.0675778,5268,01,True,0.0636943,157,0.0676971,5111,0.936306,0.996744,0.117702,0.836985,0.93935,0.0604384,1|0|0|0|0|0|0|0|0|156,0.522317|0|0|0|0|0|0|0|0|155.967,0|0|0|0|0|0|0|0|0|147,0.0000|1.0000,0.0607|0.9393,,,,,,,,state-markov,3,163,0|0.04873|0.002723,0|0.04059|0.002458,0|0.2075|0.1,
controlled,102,2,ge10,hmc_in,,oracle,state,,,,,-12353.8,0.168759,0.0647304,5268,01,True,0.0318471,157,0.0657406,5111,0.968153,0.989055,0.0429124,0.102443,0.970258,0.0295728,0|0|0|0|4|3|0|0|0|150,0|0|0|0|2.97563|2.31933|0|0|0|149.987,0|0|0|0|0|3|0|0|0|149,0.0000|1.0000,0.0297|0.9703,9.1159e-06|0.048106,,,,,,,state-markov,3,163,0|0.04873|0.002723,0|0.04059|0.002458,0|0.2075|0.1,
controlled,102,2,ge10,hmc_in,,oracle,state-markov,,,,,-12307.2,0.160291,0.0656796,5268,01,True,0.044586,157,0.0663275,5111,0.955414,0.995131,0.0788138,0.276574,0.956914,0.042921,0|0|0|0|1|2|0|0|0|154,0|0|0|0|0.748469|1.50323|0|0|0|153.984,0|0|0|0|1|0|0|0|0|149,0.0000|1.0000,0.0431|0.9569,8.3982e-06|0.048156,7.643e-06|0.041189,0.089939|0.18586,,,,,state-markov,3,163,0|0.04873|0.002723,0|0.04059|0.002458,0|0.2075|0.1,
controlled,102,2,ge10,hmc_in,0,unsupervised,ignorable,start,4,0.689886,-1.9196|0.8157,-10290,0.15999,0.0981397,5268,01,True,0.0573248,157,0.0993935,5111,0.942675,0.988324,0.120435,0.315992,0.932545,0.0639686,3|0|0|0|0|0|0|0|1|153,1.56192|0|0|0|0|0|0|0|0.924506|152.68,3|0|0|0|0|0|0|0|0|145,0.0000|1.0000,0.0675|0.9325,,,,,,,-814.2451|-769.6888,state-markov,3,163,0|0.04873|0.002723,0|0.04059|0.002458,0|0.2075|0.1,
controlled,102,2,ge10,hmc_in,0,unsupervised,state,start,4,0.697835,-1.9172|0.8171,-11062.6,0.258059,0.0971906,5268,01,True,0.0573248,157,0.0984152,5111,0.942675,0.986739,0.0765187,0.125306,0.952317,0.0474184,0|3|0|0|0|0|1|3|3|147,0|1.76935|0|0|0|0|0.849552|2.60933|2.73667|146.953,0|0|0|0|0|0|0|0|3|145,0.0000|1.0000,0.0477|0.9523,0.0028587|0.02745,,,0.0028587|0.02745,,,-814.2451|-769.6888,state-markov,3,163,0|0.04873|0.002723,0|0.04059|0.002458,0|0.2075|0.1,
controlled,102,2,ge10,hmc_in,0,unsupervised,state-markov,start,4,0.880626,-1.9177|0.8168,-11024.8,0.253745,0.0977601,5268,01,True,0.0573248,157,0.0990022,5111,0.942675,0.989135,0.0866687,0.171934,0.949327,0.0497872,0|3|0|0|0|0|0|0|3|151,0|1.74125|0|0|0|0|0|0|2.73882|150.814,0|0|0|0|0|0|0|0|3|145,0.0000|1.0000,0.0507|0.9493,0.0029078|0.02741,0.0023949|0.02317,0.1788|0.17786,0.0029078|0.02741,0.0023949|0.02317,0.1788|0.17786,-814.2451|-769.6888,state-markov,3,163,0|0.04873|0.002723,0|0.04059|0.002458,0|0.2075|0.1,
controlled,102,2,ge10,hmc_in,0,unsupervised,state,ignorable fit,3,0.597575,-1.9138|0.8186,-11062.3,0.189147,0.0970008,5268,01,True,0.0573248,157,0.0982195,5111,0.942675,0.987883,0.0801853,0.132466,0.950921,0.0488001,0|0|3|0|0|0|0|4|3|147,0|0|1.89219|0|0|0|0|3.53296|2.718|146.954,0|0|0|0|0|0|0|0|3|145,0.0000|1.0000,0.0491|0.9509,0.0030665|0.02736,,,0.0030665|0.02736,,,-814.2451|-769.6888,state-markov,3,163,0|0.04873|0.002723,0|0.04059|0.002458,0|0.2075|0.1,
controlled,102,2,ge10,hmc_in,0,unsupervised,state-markov,ignorable fit,3,0.71153,-1.9140|0.8185,-11024.5,0.172746,0.0971906,5268,01,True,0.0573248,157,0.0984152,5111,0.942675,0.98986,0.0887853,0.177117,0.948399,0.0507284,0|0|3|0|0|0|0|0|3|151,0|0|1.8618|0|0|0|0|0|2.72185|150.824,0|0|0|0|0|0|0|0|3|145,0.0000|1.0000,0.0516|0.9484,0.0030895|0.027341,0.0025534|0.023103,0.1761|0.17808,0.0030895|0.027341,0.0025534|0.023103,0.1761|0.17808,-814.2451|-769.6888,state-markov,3,163,0|0.04873|0.002723,0|0.04059|0.002458,0|0.2075|0.1,
controlled,102,2,ge10,hmc_in,,oracle,ignorable,,,,,-11485.1,0.18728,0.0675778,5268,01,True,0.0166667,180,0.0693789,5088,0.983333,0.991018,0.0302157,0.208381,0.979749,0.0145403,2|1|0|0|0|1|0|0|0|176,1.01957|0.592014|0|0|0|0.790951|0|0|0|175.981,1|1|0|0|0|1|0|0|0|174,0.0000|1.0000,0.0203|0.9797,,,,,,,,state-markov,4,193,0|0.04873|0.002723,0|0.04059|0.002458,0|0.2075|0.1,
controlled,102,2,ge10,hmc_in,,oracle,state,,,,,-12423,0.224135,0.0668185,5268,01,True,0.0111111,180,0.0687893,5088,0.988889,0.997551,0.0135132,0.0168163,0.991333,0.00866711,0|0|0|0|0|2|0|0|0|178,0|0|0|0|0|1.55961|0|0|0|178,0|0|0|0|0|0|0|0|0|178,0.0000|1.0000,0.0087|0.9913,1.0789e-05|0.055154,,,,,,,state-markov,4,193,0|0.04873|0.002723,0|0.04059|0.002458,0|0.2075|0.1,
controlled,102,2,ge10,hmc_in,,oracle,state-markov,,,,,-12346.1,0.171918,0.0671982,5268,01,True,0.0111111,180,0.0691824,5088,0.988889,0.998616,0.0229049,0.106387,0.987507,0.0124885,0|0|0|0|0|1|0|0|0|179,0|0|0|0|0|0.75145|0|0|0|178.999,0|0|0|0|0|1|0|0|0|177,0.0000|1.0000,0.0125|0.9875,1.1056e-05|0.055152,8.3493e-06|0.04378,0.24485|0.24997,,,,,state-markov,4,193,0|0.04873|0.002723,0|0.04059|0.002458,0|0.2075|0.1,
controlled,102,2,ge10,hmc_in,0,unsupervised,ignorable,start,4,0.933148,-1.9177|0.8158,-10260.8,0.187528,0.0975702,5268,01,True,0.0166667,180,0.100432,5088,0.983333,0.990464,0.0380357,0.0969344,0.974175,0.0206927,2|0|0|0|0|0|0|0|3|175,1.03821|0|0|0|0|0|0|0|2.74116|174.504,2|0|0|0|0|0|0|0|3|172,0.0000|1.0000,0.0258|0.9742,,,,,,,-931.1725|-849.4729,state-markov,4,193,0|0.04873|0.002723,0|0.04059|0.002458,0|0.2075|0.1,
controlled,102,2,ge10,hmc_in,0,unsupervised,state,start,4,0.885987,-1.9145|0.8176,-11141.4,0.19021,0.0968109,5268,01,True,0.0166667,180,0.0996462,5088,0.983333,0.996313,0.0246768,0.034315,0.984443,0.0155572,0|0|0|0|0|1|0|2|2|175,0|0|0|0|0|0.795937|0|1.77238|1.8183|174.95,0|0|0|0|0|0|0|0|2|175,0.0000|1.0000,0.0156|0.9844,0.0034809|0.032447,,,0.0034809|0.032447,,,-931.1725|-849.4729,state-markov,4,193,0|0.04873|0.002723,0|0.04059|0.002458,0|0.2075|0.1,
controlled,102,2,ge10,hmc_in,0,unsupervised,state-markov,start,4,0.671922,-1.9153|0.8171,-11073.2,0.246146,0.0968109,5268,01,True,0.0166667,180,0.0996462,5088,0.983333,0.99686,0.0290281,0.0537372,0.982647,0.0157943,0|0|0|0|0|0|1|1|1|177,0|0|0|0|0|0|0.825282|0.894333|0.901591|176.814,0|0|0|0|0|0|0|1|1|175,0.0000|1.0000,0.0174|0.9826,0.0036177|0.032405,0.0030516|0.025101,0.15954|0.25049,0.0036177|0.032405,0.0030516|0.025101,0.15954|0.25049,-931.1725|-849.4729,state-markov,4,193,0|0.04873|0.002723,0|0.04059|0.002458,0|0.2075|0.1,
controlled,102,2,ge10,hmc_in,0,unsupervised,state,ignorable fit,3,0.649825,-1.9123|0.8184,-11141.3,0.237413,0.0962415,5268,01,True,0.0166667,180,0.0990566,5088,0.983333,0.996397,0.0250892,0.0352705,0.984294,0.0157062,0|0|0|0|0|0|1|2|2|175,0|0|0|0|0|0|0.801986|1.7873|1.81345|174.949,0|0|0|0|0|0|0|0|2|175,0.0000|1.0000,0.0157|0.9843,0.003575|0.032413,,,0.003575|0.032413,,,-931.1725|-849.4729,state-markov,4,193,0|0.04873|0.002723,0|0.04059|0.002458,0|0.2075|0.1,
controlled,102,2,ge10,hmc_in,0,unsupervised,state-markov,ignorable fit,3,0.668203,-1.9128|0.8181,-11073,0.17423,0.0968109,5268,01,True,0.0166667,180,0.0996462,5088,0.983333,0.996867,0.0291446,0.0543659,0.982592,0.0158301,0|0|0|0|0|0|1|1|1|177,0|0|0|0|0|0|0.828907|0.893063|0.900235|176.814,0|0|0|0|0|0|0|1|1|175,0.0000|1.0000,0.0174|0.9826,0.0036723|0.032395,0.0030908|0.025097,0.16144|0.25038,0.0036723|0.032395,0.0030908|0.025097,0.16144|0.25038,-931.1725|-849.4729,state-markov,4,193,0|0.04873|0.002723,0|0.04059|0.002458,0|0.2075|0.1,
controlled,102,2,any,hmc_in,,oracle,ignorable,,,,,-10696.7,0.156969,0.067388,5268,01,True,0.0469974,766,0.0708574,4502,0.953003,0.994558,0.0884098,0.543863,0.952041,0.0440757,2|0|1|4|1|1|1|1|7|748,1.0254|0|0.615682|2.65595|0.722587|0.766259|0.842145|0.854295|6.50015|747.849,1|0|1|2|1|0|1|1|4|719,0.0196|0.9804,0.0658|0.9342,,,,,,,,state,0,914,0.007481|0.2397|0.03459,0.007538|0.1524|0.02652,0|0.5166|0.2598,
controlled,102,2,any,hmc_in,,oracle,state,,,,,-13626.3,0.155357,0.0615034,5268,01,True,0.0365535,766,0.0657486,4502,0.963446,0.997199,0.0699057,0.310595,0.962901,0.0365153,0|1|0|2|0|0|2|2|3|756,0|0.591561|0|1.35037|0|0|1.60807|1.78701|2.76656|755.751,0|1|0|2|0|0|0|0|1|734,0.0196|0.9804,0.0541|0.9459,0.0075286|0.23012,,,,,,,state,0,914,0.007481|0.2397|0.03459,0.007538|0.1524|0.02652,0|0.5166|0.2598,
controlled,102,2,any,hmc_in,,oracle,state-markov,,,,,-13607.9,0.143363,0.0616932,5268,01,True,0.0365535,766,0.0659707,4502,0.963446,0.997758,0.072444,0.370464,0.96204,0.0368977,0|0|1|1|1|0|0|2|3|758,0|0|0.606252|0.691549|0.711708|0|0|1.76807|2.75314|757.752,0|0|1|1|1|0|0|1|2|732,0.0196|0.9804,0.0550|0.9450,0.0075605|0.2301,0.007081|0.23013,0.070492|0.23001,,,,,state,0,914,0.007481|0.2397|0.03459,0.007538|0.1524|0.02652,0|0.5166|0.2598,
controlled,102,2,any,hmc_in,0,unsupervised,ignorable,start,5,0.983907,-1.9523|0.7808,-9523.15,0.145927,0.105353,5268,01,True,0.0496084,766,0.114838,4502,0.950392,0.991971,0.0900307,0.236235,0.949034,0.0423495,3|3|0|2|0|0|2|2|4|750,1.57646|1.7049|0|1.33229|0|0|1.62695|1.77362|3.70101|748.134,1|2|0|1|0|0|1|0|1|722,0.0196|0.9804,0.0652|0.9348,,,,,,,-2949.9393|-2907.4943,state,0,914,0.007481|0.2397|0.03459,0.007538|0.1524|0.02652,0|0.5166|0.2598,
controlled,102,2,any,hmc_in,0,unsupervised,state,start,4,0.806839,-1.9399|0.7898,-12313.4,0.204305,0.0987092,5268,01,True,0.037859,766,0.109063,4502,0.962141,0.991531,0.068526,0.138147,0.959856,0.0352653,4|3|0|1|1|4|2|2|4|745,2.08868|1.71401|0|0.678477|0.706751|3.15366|1.63325|1.72385|3.70475|744.109,2|3|0|1|0|2|2|2|1|724,0.0196|0.9804,0.0532|0.9468,0.029884|0.14451,,,0.029884|0.14451,,,-2949.9393|-2907.4943,state,0,914,0.007481|0.2397|0.03459,0.007538|0.1524|0.02652,0|0.5166|0.2598,
controlled,102,2,any,hmc_in,0,unsupervised,state-markov,start,4,0.680137,-1.9412|0.7890,-12291.1,0.221122,0.100228,5268,01,True,0.0443864,766,0.109729,4502,0.955614,0.993406,0.0773706,0.161462,0.956329,0.0389707,2|1|1|0|1|5|1|2|9|744,1.05962|0.560622|0.631962|0|0.703785|3.90898|0.826581|1.72214|8.27196|743.263,1|0|0|0|0|3|1|2|2|723,0.0196|0.9804,0.0568|0.9432,0.030633|0.14408,0.027867|0.13314,0.11816|0.2091,0.030633|0.14408,0.027867|0.13314,0.11816|0.2091,-2949.9393|-2907.4943,state,0,914,0.007481|0.2397|0.03459,0.007538|0.1524|0.02652,0|0.5166|0.2598,
controlled,102,2,any,hmc_in,0,unsupervised,state,ignorable fit,4,0.938284,-1.9491|0.7827,-12314,0.162994,0.101367,5268,01,True,0.0391645,766,0.11195,4502,0.960836,0.99153,0.0684815,0.139338,0.95993,0.0355309,4|3|0|2|1|2|3|3|2|746,2.05451|1.71197|0|1.38454|0.749966|1.57949|2.43582|2.6274|1.87618|745.092,1|3|0|1|0|1|3|2|0|725,0.0196|0.9804,0.0529|0.9471,0.029955|0.14399,,,0.029955|0.14399,,,-2949.9393|-2907.4943,state,0,914,0.007481|0.2397|0.03459,0.007538|0.1524|0.02652,0|0.5166|0.2598,
controlled,102,2,any,hmc_in,0,unsupervised,state-markov,ignorable fit,3,0.638001,-1.9525|0.7804,-12291.6,0.228166,0.103265,5268,01,True,0.0443864,766,0.113283,4502,0.955614,0.993319,0.0772641,0.163511,0.956423,0.0386769,3|0|1|1|1|3|2|3|7|745,1.5518|0|0.616685|0.683763|0.746853|2.32998|1.628|2.61838|6.46022|744.247,1|0|0|0|0|2|2|2|2|723,0.0196|0.9804,0.0565|0.9435,0.031089|0.14326,0.028247|0.1323,0.11966|0.20885,0.031089|0.14326,0.028247|0.1323,0.11966|0.20885,-2949.9393|-2907.4943,state,0,914,0.007481|0.2397|0.03459,0.007538|0.1524|0.02652,0|0.5166|0.2598,
controlled,102,2,any,hmc_in,,oracle,ignorable,,,,,-10718.2,0.148746,0.0651101,5268,01,True,0.0479798,792,0.0681412,4476,0.95202,0.995713,0.09041,0.500482,0.951494,0.0452131,0|0|0|4|1|2|3|2|5|775,0|0|0|2.67533|0.72261|1.53092|2.49022|1.74243|4.62844|774.815,0|0|0|3|1|0|1|1|3|745,0.0240|0.9760,0.0689|0.9311,,,,,,,,state,1,916,0.007481|0.2397|0.03459,0.007538|0.1524|0.02652,0|0.5166|0.2598,
controlled,102,2,any,hmc_in,,oracle,state,,,,,-13573.1,0.155719,0.0584662,5268,01,True,0.0214646,792,0.0650134,4476,0.978535,0.996102,0.0436331,0.199944,0.975321,0.021968,1|1|1|0|0|2|4|0|4|779,0.517438|0.559492|0.638355|0|0|1.54193|3.29751|0|3.71974|778.639,1|1|1|0|0|2|3|0|3|764,0.0240|0.9760,0.0438|0.9562,0.0095227|0.23686,,,,,,,state,1,916,0.007481|0.2397|0.03459,0.007538|0.1524|0.02652,0|0.5166|0.2598,
controlled,102,2,any,hmc_in,,oracle,state-markov,,,,,-13568.4,0.150709,0.0582764,5268,01,True,0.0214646,792,0.06479,4476,0.978535,0.996005,0.0437145,0.200794,0.97521,0.0229857,1|1|1|0|0|4|2|0|5|778,0.522265|0.559364|0.63225|0|0|3.10192|1.69452|0|4.66002|777.666,1|1|1|0|0|4|1|0|4|763,0.0240|0.9760,0.0439|0.9561,0.0096161|0.23685,0.0096124|0.23469,0.0099964|0.2438,,,,,state,1,916,0.007481|0.2397|0.03459,0.007538|0.1524|0.02652,0|0.5166|0.2598,
controlled,102,2,any,hmc_in,0,unsupervised,ignorable,start,5,1.28078,-1.9430|0.7681,-9538.85,0.186625,0.106682,5268,01,True,0.0530303,792,0.116175,4476,0.94697,0.990998,0.0921188,0.231717,0.947233,0.0450016,3|2|1|4|0|0|1|4|11|766,1.56359|1.13202|0.614418|2.66311|0|0|0.801402|3.52657|10.2543|764.315,1|0|1|2|0|0|0|0|6|740,0.0240|0.9760,0.0672|0.9328,,,,,,,-2954.2821|-2902.1385,state,1,916,0.007481|0.2397|0.03459,0.007538|0.1524|0.02652,0|0.5166|0.2598,
controlled,102,2,any,hmc_in,0,unsupervised,state,start,4,0.759272,-1.9294|0.7776,-12314.5,0.182357,0.0975702,5268,01,True,0.0391414,792,0.107909,4476,0.960859,0.989367,0.058737,0.113278,0.962663,0.0304007,1|1|2|3|4|10|8|1|5|757,0.525688|0.575756|1.2508|2.01315|2.94072|7.74615|6.58265|0.894854|4.5785|756.471,0|0|2|2|1|1|5|0|4|746,0.0240|0.9760,0.0498|0.9502,0.026309|0.14702,,,0.026309|0.14702,,,-2954.2821|-2902.1385,state,1,916,0.007481|0.2397|0.03459,0.007538|0.1524|0.02652,0|0.5166|0.2598,
controlled,102,2,any,hmc_in,0,unsupervised,state-markov,start,4,0.681932,-1.9305|0.7768,-12286.3,0.125432,0.100228,5268,01,True,0.0467172,792,0.109696,4476,0.953283,0.99049,0.0759223,0.157724,0.955539,0.0382883,4|3|4|1|0|1|6|0|3|770,2.11917|1.74375|2.44852|0.669827|0|0.799309|4.94682|0|2.77238|768.968,2|1|0|0|0|1|3|0|3|745,0.0240|0.9760,0.0568|0.9432,0.027733|0.14621,0.024607|0.13383,0.13731|0.21852,0.027733|0.14621,0.024607|0.13383,0.13731|0.21852,-2954.2821|-2902.1385,state,1,916,0.007481|0.2397|0.03459,0.007538|0.1524|0.02652,0|0.5166|0.2598,
controlled,102,2,any,hmc_in,0,unsupervised,state,ignorable fit,4,0.764515,-1.9393|0.7697,-12315.2,0.200512,0.0998481,5268,01,True,0.0378788,792,0.110813,4476,0.962121,0.989864,0.05935,0.114624,0.962598,0.0324262,1|0|1|2|5|14|4|4|4|757,0.501922|0|0.640222|1.30707|3.59719|10.913|3.30419|3.51495|3.69899|756.495,1|0|1|1|2|3|4|0|4|746,0.0240|0.9760,0.0493|0.9507,0.026334|0.14644,,,0.026334|0.14644,,,-2954.2821|-2902.1385,state,1,916,0.007481|0.2397|0.03459,0.007538|0.1524|0.02652,0|0.5166|0.2598,
controlled,102,2,any,hmc_in,0,unsupervised,state-markov,ignorable fit,3,0.550688,-1.9429|0.7674,-12287,0.180915,0.102696,5268,01,True,0.0454545,792,0.112824,4476,0.954545,0.990469,0.0759797,0.159898,0.95562,0.0384632,4|6|1|0|1|2|3|2|3|770,2.08408|3.41|0.645611|0|0.744309|1.55831|2.46508|1.73676|2.78486|769.022,2|2|0|0|1|0|3|0|3|745,0.0240|0.9760,0.0561|0.9439,0.028076|0.14536,0.024837|0.13299,0.14019|0.2181,0.028076|0.14536,0.024837|0.13299,0.14019|0.2181,-2954.2821|-2902.1385,state,1,916,0.007481|0.2397|0.03459,0.007538|0.1524|0.02652,0|0.5166|0.2598,
controlled,102,2,any,hmc_in,,oracle,ignorable,,,,,-10732.2,0.188935,0.0649203,5268,01,True,0.0471338,785,0.0680348,4483,0.952866,0.992741,0.0890678,0.501018,0.95036,0.0443289,1|0|5|4|2|2|0|5|3|763,0.528422|0|3.13685|2.6914|1.43127|1.58644|0|4.39196|2.78804|762.747,1|0|4|2|1|2|0|3|0|735,0.0204|0.9796,0.0640|0.9360,,,,,,,,state,2,899,0.007481|0.2397|0.03459,0.007538|0.1524|0.02652,0|0.5166|0.2598,
controlled,102,2,any,hmc_in,,oracle,state,,,,,-13532.1,0.242313,0.0599848,5268,01,True,0.0318471,785,0.0649119,4483,0.968153,0.995898,0.0606631,0.306344,0.96676,0.030217,2|0|1|1|0|1|3|2|5|770,1.0235|0|0.615854|0.671312|0|0.760585|2.49474|1.74257|4.6592|769.812,1|0|1|1|0|0|2|2|3|750,0.0204|0.9796,0.0460|0.9540,0.0080262|0.23563,,,,,,,state,2,899,0.007481|0.2397|0.03459,0.007538|0.1524|0.02652,0|0.5166|0.2598,
controlled,102,2,any,hmc_in,,oracle,state-markov,,,,,-13533.3,0.144968,0.0599848,5268,01,True,0.0318471,785,0.0649119,4483,0.968153,0.995391,0.0610021,0.312907,0.966265,0.0303873,2|0|1|1|2|2|2|0|6|769,1.0255|0|0.615715|0.673808|1.47426|1.50909|1.6535|0|5.60013|768.83,1|0|1|1|2|1|1|0|4|749,0.0204|0.9796,0.0465|0.9535,0.0081153|0.23561,0.0080852|0.23752,0.011797|0.22943,,,,,state,2,899,0.007481|0.2397|0.03459,0.007538|0.1524|0.02652,0|0.5166|0.2598,
controlled,102,2,any,hmc_in,0,unsupervised,ignorable,start,5,0.876225,-1.9523|0.7679,-9530.71,0.204763,0.105923,5268,01,True,0.0471338,785,0.116217,4483,0.952866,0.99143,0.0859557,0.231521,0.950501,0.0405765,2|1|3|3|0|0|1|6|9|760,1.02353|0.556951|1.84846|2.01854|0|0|0.804581|5.30704|8.39249|758.321,0|1|2|2|0|0|1|2|6|734,0.0204|0.9796,0.0608|0.9392,,,,,,,-2917.2124|-2871.9902,state,2,899,0.007481|0.2397|0.03459,0.007538|0.1524|0.02652,0|0.5166|0.2598,
controlled,102,2,any,hmc_in,0,unsupervised,state,start,4,0.703585,-1.9374|0.7784,-12254,0.148113,0.0977601,5268,01,True,0.0369427,785,0.10841,4483,0.963057,0.991512,0.0616591,0.138775,0.962978,0.0331254,1|0|3|6|3|2|2|4|5|759,0.545504|0|1.85121|4.068|2.12785|1.54217|1.64871|3.43024|4.65887|758.464,1|0|1|2|0|2|2|4|2|742,0.0204|0.9796,0.0466|0.9534,0.02255|0.14596,,,0.02255|0.14596,,,-2917.2124|-2871.9902,state,2,899,0.007481|0.2397|0.03459,0.007538|0.1524|0.02652,0|0.5166|0.2598,
controlled,102,2,any,hmc_in,0,unsupervised,state-markov,start,4,0.827424,-1.9386|0.7776,-12234.5,0.155394,0.0992787,5268,01,True,0.0407643,785,0.109525,4483,0.959236,0.992281,0.0707217,0.157314,0.959084,0.0393541,2|2|3|1|1|1|5|1|9|760,1.04878|1.12062|1.88945|0.670296|0.710603|0.787928|4.16024|0.856596|8.41598|759.28,2|0|0|1|0|1|5|1|2|741,0.0204|0.9796,0.0505|0.9495,0.023426|0.14549,0.021784|0.13414,0.091876|0.21216,0.023426|0.14549,0.021784|0.13414,0.091876|0.21216,-2917.2124|-2871.9902,state,2,899,0.007481|0.2397|0.03459,0.007538|0.1524|0.02652,0|0.5166|0.2598,
controlled,102,2,any,hmc_in,0,unsupervised,state,ignorable fit,4,0.864468,-1.9487|0.7700,-12254.8,0.196995,0.100797,5268,01,True,0.0369427,785,0.111979,4483,0.963057,0.991647,0.061704,0.138725,0.962976,0.0312263,0|1|2|5|6|2|1|5|4|759,0|0.587199|1.23377|3.39599|4.28524|1.56416|0.813576|4.32413|3.76649|758.472,0|1|1|1|2|2|1|4|2|742,0.0204|0.9796,0.0461|0.9539,0.022576|0.14531,,,0.022576|0.14531,,,-2917.2124|-2871.9902,state,2,899,0.007481|0.2397|0.03459,0.007538|0.1524|0.02652,0|0.5166|0.2598,
controlled,102,2,any,hmc_in,0,unsupervised,state-markov,ignorable fit,4,0.867342,-1.9501|0.7691,-12235.1,0.136057,0.101557,5268,01,True,0.0407643,785,0.112202,4483,0.959236,0.992245,0.0704268,0.156863,0.959209,0.0352118,3|2|1|2|2|1|4|2|7|761,1.61293|1.1738|0.624067|1.35831|1.44238|0.79022|3.34522|1.75327|6.56108|760.251,1|1|0|1|1|1|4|1|2|741,0.0204|0.9796,0.0499|0.9501,0.023373|0.14489,0.021751|0.13351,0.091151|0.21208,0.023373|0.14489,0.021751|0.13351,0.091151|0.21208,-2917.2124|-2871.9902,state,2,899,0.007481|0.2397|0.03459,0.007538|0.1524|0.02652,0|0.5166|0.2598,
controlled,102,2,any,hmc_in,,oracle,ignorable,,,,,-10662.2,0.110209,0.0679575,5268,01,True,0.0424757,824,0.0726823,4444,0.957524,0.992434,0.0743093,0.406507,0.957775,0.0363785,2|4|1|3|1|3|4|2|1|803,1.05551|2.27393|0.605217|2.01192|0.721184|2.3429|3.31451|1.75283|0.920853|802.767,1|2|0|1|1|1|2|2|1|778,0.0255|0.9745,0.0637|0.9363,,,,,,,,state,3,964,0.007481|0.2397|0.03459,0.007538|0.1524|0.02652,0|0.5166|0.2598,
controlled,102,2,any,hmc_in,,oracle,state,,,,,-13595.5,0.212156,0.0618831,5268,01,True,0.0303398,824,0.0677318,4444,0.96966,0.997765,0.0567431,0.234182,0.969723,0.0292997,0|0|0|0|1|1|2|3|5|812,0|0|0|0|0.730098|0.777811|1.64548|2.62506|4.60578|811.775,0|0|0|0|1|1|1|0|1|795,0.0255|0.9745,0.0510|0.9490,0.010522|0.24605,,,,,,,state,3,964,0.007481|0.2397|0.03459,0.007538|0.1524|0.02652,0|0.5166|0.2598,
controlled,102,2,any,hmc_in,,oracle,state-markov,,,,,-13588.4,0.159356,0.0618831,5268,01,True,0.0303398,824,0.0677318,4444,0.96966,0.997753,0.0567606,0.234217,0.96971,0.0293105,0|0|0|0|1|1|2|3|5|812,0|0|0|0|0.722107|0.776243|1.64265|2.62698|4.59995|811.781,0|0|0|0|1|1|1|0|1|795,0.0255|0.9745,0.0510|0.9490,0.010619|0.24605,0.010627|0.24233,0.0098681|0.25745,,,,,state,3,964,0.007481|0.2397|0.03459,0.007538|0.1524|0.02652,0|0.5166|0.2598,
controlled,102,2,any,hmc_in,0,unsupervised,ignorable,start,5,0.794344,-1.9551|0.7674,-9467.52,0.139941,0.107631,5268,01,True,0.0436893,824,0.119487,4444,0.956311,0.989478,0.0758326,0.209293,0.954618,0.034892,5|2|3|2|1|3|2|2|2|802,2.57796|1.11368|1.87888|1.32972|0.742909|2.35775|1.66777|1.76262|1.87731|800.022,2|1|2|0|1|1|2|1|1|777,0.0255|0.9745,0.0604|0.9396,,,,,,,-3057.0705|-3001.8573,state,3,964,0.007481|0.2397|0.03459,0.007538|0.1524|0.02652,0|0.5166|0.2598,
controlled,102,2,any,hmc_in,0,unsupervised,state,start,4,0.61575,-1.9375|0.7798,-12333.2,0.195719,0.0990888,5268,01,True,0.032767,824,0.111386,4444,0.967233,0.995205,0.0614983,0.140555,0.965524,0.0325173,1|1|1|1|0|0|4|4|4|808,0.533755|0.598864|0.622504|0.660051|0|0|3.3111|3.41711|3.6947|807.211,1|0|1|1|0|0|4|1|2|787,0.0255|0.9745,0.0482|0.9518,0.027613|0.15457,,,0.027613|0.15457,,,-3057.0705|-3001.8573,state,3,964,0.007481|0.2397|0.03459,0.007538|0.1524|0.02652,0|0.5166|0.2598,
controlled,102,2,any,hmc_in,0,unsupervised,state-markov,start,4,0.69302,-1.9392|0.7787,-12308.7,0.20057,0.100228,5268,01,True,0.0339806,824,0.112511,4444,0.966019,0.995016,0.0625391,0.144914,0.964911,0.0301331,2|0|2|0|0|2|4|4|1|809,1.08353|0|1.28237|0|0|1.58387|3.32165|3.5039|0.947991|808.17,1|0|1|0|0|2|3|2|1|786,0.0255|0.9745,0.0489|0.9511,0.028024|0.15445,0.027357|0.13943,0.051152|0.23668,0.028024|0.15445,0.027357|0.13943,0.051152|0.23668,-3057.0705|-3001.8573,state,3,964,0.007481|0.2397|0.03459,0.007538|0.1524|0.02652,0|0.5166|0.2598,
controlled,102,2,any,hmc_in,0,unsupervised,state,ignorable fit,4,0.77574,-1.9540|0.7673,-12333.9,0.109486,0.103075,5268,01,True,0.032767,824,0.116112,4444,0.967233,0.99548,0.0613325,0.141901,0.965778,0.0297296,0|2|0|1|1|0|5|2|5|808,0|1.12387|0|0.655384|0.733656|0|4.17729|1.70494|4.63023|807.25,0|1|0|1|1|0|4|1|2|787,0.0255|0.9745,0.0478|0.9522,0.027618|0.15362,,,0.027618|0.15362,,,-3057.0705|-3001.8573,state,3,964,0.007481|0.2397|0.03459,0.007538|0.1524|0.02652,0|0.5166|0.2598,
controlled,102,2,any,hmc_in,0,unsupervised,state-markov,ignorable fit,4,0.717467,-1.9558|0.7661,-12309.1,0.144436,0.104404,5268,01,True,0.0339806,824,0.117462,4444,0.966019,0.995255,0.0622463,0.14596,0.965227,0.0310391,1|1|1|0|1|0|6|2|3|809,0.504024|0.586749|0.606664|0|0.714365|0|4.95571|1.74361|2.76935|808.209,0|1|0|0|1|0|5|1|1|787,0.0255|0.9745,0.0484|0.9516,0.027974|0.15352,0.027341|0.13848,0.049982|0.23643,0.027974|0.15352,0.027341|0.13848,0.049982|0.23643,-3057.0705|-3001.8573,state,3,964,0.007481|0.2397|0.03459,0.007538|0.1524|0.02652,0|0.5166|0.2598,
controlled,102,2,any,hmc_in,,oracle,ignorable,,,,,-10737.1,0.172997,0.0689066,5268,01,True,0.0509138,766,0.071968,4502,0.949086,0.992243,0.0858811,0.552508,0.95219,0.0435416,3|4|3|1|3|1|0|1|2|748,1.58736|2.32116|1.8637|0.676295|2.16498|0.782408|0|0.894337|1.85255|747.915,1|1|1|0|1|0|0|0|2|721,0.0261|0.9739,0.0675|0.9325,,,,,,,,state,4,885,0.007481|0.2397|0.03459,0.007538|0.1524|0.02652,0|0.5166|0.2598,
controlled,102,2,any,hmc_in,,oracle,state,,,,,-13542.9,0.193295,0.0613136,5268,01,True,0.0326371,766,0.0661928,4502,0.967363,0.996488,0.065584,0.380044,0.964872,0.0341395,3|0|0|1|1|0|1|0|4|756,1.61559|0|0|0.652218|0.722217|0|0.811757|0|3.72156|755.787,3|0|0|1|0|0|1|0|3|733,0.0261|0.9739,0.0535|0.9465,0.010019|0.22858,,,,,,,state,4,885,0.007481|0.2397|0.03459,0.007538|0.1524|0.02652,0|0.5166|0.2598,
controlled,102,2,any,hmc_in,,oracle,state-markov,,,,,-13537.5,0.173542,0.0613136,5268,01,True,0.0326371,766,0.0661928,4502,0.967363,0.996577,0.0654598,0.379506,0.964941,0.0340609,1|2|1|0|1|0|1|0|4|756,0.545624|1.14108|0.647576|0|0.728757|0|0.809392|0|3.71816|755.787,1|2|1|0|0|0|1|0|3|733,0.0261|0.9739,0.0535|0.9465,0.010111|0.22857,0.010115|0.22601,0.0097549|0.23722,,,,,state,4,885,0.007481|0.2397|0.03459,0.007538|0.1524|0.02652,0|0.5166|0.2598,
controlled,102,2,any,hmc_in,0,unsupervised,ignorable,start,4,0.686336,-1.9357|0.7844,-9567.4,0.167858,0.103075,5268,01,True,0.0456919,766,0.112839,4502,0.954308,0.989965,0.0829696,0.237182,0.951743,0.0356573,8|0|0|5|0|0|2|0|0|751,4.12639|0|0|3.33382|0|0|1.6701|0|0|749.183,4|0|0|3|0|0|1|0|0|723,0.0261|0.9739,0.0652|0.9348,,,,,,,-2886.4163|-2836.4939,state,4,885,0.007481|0.2397|0.03459,0.007538|0.1524|0.02652,0|0.5166|0.2598,
controlled,102,2,any,hmc_in,0,unsupervised,state,start,5,0.770501,-1.9178|0.7950,-12282.3,0.175434,0.0962415,5268,01,True,0.0391645,766,0.105953,4502,0.960836,0.994885,0.0690866,0.15463,0.9612,0.034653,0|0|1|0|0|2|12|1|1|749,0|0|0.602008|0|0|1.57615|9.91304|0.85231|0.916682|748.222,0|0|0|0|0|0|7|1|1|727,0.0261|0.9739,0.0546|0.9454,0.026942|0.14183,,,0.026942|0.14183,,,-2886.4163|-2836.4939,state,4,885,0.007481|0.2397|0.03459,0.007538|0.1524|0.02652,0|0.5166|0.2598,
controlled,102,2,any,hmc_in,0,unsupervised,state-markov,start,4,0.628257,-1.9235|0.7921,-12258.2,0.15457,0.0973804,5268,01,True,0.0391645,766,0.107286,4502,0.960836,0.995389,0.0738599,0.171138,0.959233,0.0369675,0|1|0|1|0|1|8|0|7|748,0|0.596832|0|0.669372|0|0.788121|6.61796|0|6.58302|747.213,0|0|0|1|0|1|7|0|3|724,0.0261|0.9739,0.0566|0.9434,0.027525|0.14134,0.025695|0.12857,0.09219|0.2189,0.027525|0.14134,0.025695|0.12857,0.09219|0.2189,-2886.4163|-2836.4939,state,4,885,0.007481|0.2397|0.03459,0.007538|0.1524|0.02652,0|0.5166|0.2598,
controlled,102,2,any,hmc_in,0,unsupervised,state,ignorable fit,4,0.636427,-1.9260|0.7894,-12283.2,0.13828,0.0973804,5268,01,True,0.0391645,766,0.107286,4502,0.960836,0.994878,0.0690584,0.154837,0.961228,0.0346333,0|1|0|0|0|2|12|1|1|749,0|0.571888|0|0|0|1.58346|9.9261|0.852368|0.921438|748.221,0|0|0|0|0|0|7|1|1|727,0.0261|0.9739,0.0546|0.9454,0.027046|0.14136,,,0.027046|0.14136,,,-2886.4163|-2836.4939,state,4,885,0.007481|0.2397|0.03459,0.007538|0.1524|0.02652,0|0.5166|0.2598,
controlled,102,2,any,hmc_in,0,unsupervised,state-markov,ignorable fit,4,0.631111,-1.9275|0.7886,-12258.6,0.156525,0.0977601,5268,01,True,0.0391645,766,0.10773,4502,0.960836,0.995424,0.0737825,0.171675,0.959314,0.0369511,0|1|0|1|0|1|8|0|7|748,0|0.578711|0|0.67333|0|0.788909|6.63301|0|6.5906|747.23,0|0|0|1|0|1|7|0|3|724,0.0261|0.9739,0.0565|0.9435,0.027506|0.14112,0.025723|0.12832,0.090551|0.21902,0.027506|0.14112,0.025723|0.12832,0.090551|0.21902,-2886.4163|-2836.4939,state,4,885,0.007481|0.2397|0.03459,0.007538|0.1524|0.02652,0|0.5166|0.2598,
controlled,102,2,any,hmc_in,,oracle,ignorable,,,,,-10683.3,0.194928,0.0668185,5268,01,True,0.037594,798,0.0720358,4470,0.962406,0.990576,0.0654622,0.355066,0.960859,0.0299892,3|4|1|3|2|7|0|4|3|771,1.64235|2.28614|0.631761|2.01298|1.42993|5.43962|0|3.5313|2.77662|770.729,2|2|1|1|0|5|0|3|2|752,0.0201|0.9799,0.0514|0.9486,,,,,,,,state-markov,0,944,0.007481|0.2397|0.03459,0.007538|0.1524|0.02652,0|0.5166|0.2598,
controlled,102,2,any,hmc_in,,oracle,state,,,,,-13586,0.157676,0.0605543,5268,01,True,0.0213033,798,0.0675615,4470,0.978697,0.998642,0.0416153,0.2214,0.97822,0.0211423,0|1|0|1|0|0|0|0|1|795,0|0.58192|0|0.650903|0|0|0|0|0.940455|794.743,0|1|0|0|0|0|0|0|1|779,0.0201|0.9799,0.0327|0.9673,0.0080287|0.23962,,,,,,,state-markov,0,944,0.007481|0.2397|0.03459,0.007538|0.1524|0.02652,0|0.5166|0.2598,
controlled,102,2,any,hmc_in,,oracle,state-markov,,,,,-13167.3,0.198514,0.0634017,5268,01,True,0.0225564,798,0.0706935,4470,0.977444,0.998061,0.0416861,0.237999,0.977794,0.0217574,1|1|0|0|0|0|0|1|5|790,0.513045|0.574882|0|0|0|0|0|0.878018|4.66727|789.82,0|0|0|0|0|0|0|1|5|774,0.0201|0.9799,0.0333|0.9667,0.0082315|0.23979,0.0080746|0.14582,0.027131|0.53771,,,,,state-markov,0,944,0.007481|0.2397|0.03459,0.007538|0.1524|0.02652,0|0.5166|0.2598,
controlled,102,2,any,hmc_in,0,unsupervised,ignorable,start,5,0.755871,-1.9617|0.7671,-9463.97,0.159715,0.106302,5268,01,True,0.037594,798,0.118568,4470,0.962406,0.9841,0.0630752,0.159108,0.956148,0.0246546,3|2|4|7|3|2|2|4|4|767,1.55346|1.14256|2.55267|4.70001|2.20366|1.5482|1.61488|3.49215|3.72218|762.782,1|1|2|4|3|1|2|2|2|750,0.0201|0.9799,0.0541|0.9459,,,,,,,-3014.5745|-2477.8595,state-markov,0,944,0.007481|0.2397|0.03459,0.007538|0.1524|0.02652,0|0.5166|0.2598,
controlled,102,2,any,hmc_in,0,unsupervised,state,start,4,0.604129,-1.9485|0.7767,-12283.2,0.167851,0.100038,5268,01,True,0.0213033,798,0.114094,4470,0.978697,0.991612,0.0385383,0.0795704,0.974893,0.0215703,4|2|1|3|1|0|0|8|10|769,2.07563|1.1268|0.63516|2.01757|0.73028|0|0|6.97897|9.21046|768.532,3|2|1|1|1|0|0|8|2|763,0.0201|0.9799,0.0321|0.9679,0.022009|0.1535,,,0.022009|0.1535,,,-3014.5745|-2477.8595,state-markov,0,944,0.007481|0.2397|0.03459,0.007538|0.1524|0.02652,0|0.5166|0.2598,
controlled,102,2,any,hmc_in,0,unsupervised,state-markov,start,4,0.684194,-1.9551|0.7723,-11855.6,0.130457,0.104024,5268,01,True,0.0263158,798,0.117897,4470,0.973684,0.991208,0.0492692,0.11129,0.96854,0.0214439,0|3|1|1|7|1|4|3|8|770,0|1.726|0.601882|0.6647|5.16202|0.797533|3.26453|2.64574|7.42317|768.698,0|2|1|1|5|1|3|3|6|755,0.0201|0.9799,0.0389|0.9611,0.027038|0.15117,0.019495|0.087176,0.29844|0.5105,0.027038|0.15117,0.019495|0.087176,0.29844|0.5105,-3014.5745|-2477.8595,state-markov,0,944,0.007481|0.2397|0.03459,0.007538|0.1524|0.02652,0|0.5166|0.2598,
controlled,102,2,any,hmc_in,0,unsupervised,state,ignorable fit,4,0.624375,-1.9641|0.7653,-12283.1,0.138629,0.104024,5268,01,True,0.0225564,798,0.118568,4470,0.977444,0.991549,0.0395662,0.0811092,0.974363,0.0219801,3|4|3|1|0|0|0|8|10|769,1.58801|2.28689|1.92889|0.691508|0|0|0|6.98294|9.21986|768.558,2|4|1|0|0|0|0|8|2|763,0.0201|0.9799,0.0308|0.9692,0.021675|0.15276,,,0.021675|0.15276,,,-3014.5745|-2477.8595,state-markov,0,944,0.007481|0.2397|0.03459,0.007538|0.1524|0.02652,0|0.5166|0.2598,
controlled,102,2,any,hmc_in,0,unsupervised,state-markov,ignorable fit,4,0.697414,-1.9700|0.7613,-11854.5,0.168742,0.106492,5268,01,True,0.0288221,798,0.120358,4470,0.971178,0.990804,0.0500729,0.112339,0.968055,0.0228529,2|1|3|2|4|1|4|3|8|770,1.07653|0.570523|1.84333|1.34658|2.94259|0.790656|3.25981|2.66665|7.41102|768.754,1|0|2|1|3|0|4|3|6|755,0.0201|0.9799,0.0378|0.9622,0.026649|0.15056,0.019217|0.08684,0.29811|0.51007,0.026649|0.15056,0.019217|0.08684,0.29811|0.51007,-3014.5745|-2477.8595,state-markov,0,944,0.007481|0.2397|0.03459,0.007538|0.1524|0.02652,0|0.5166|0.2598,
controlled,102,2,any,hmc_in,,oracle,ignorable,,,,,-10709.2,0.184445,0.0668185,5268,01,True,0.0407125,786,0.0713967,4482,0.959288,0.989263,0.0695032,0.405386,0.957874,0.0330979,4|2|3|2|5|4|2|3|4|757,2.13659|1.12622|1.87852|1.31102|3.64668|3.08946|1.62857|2.60574|3.66987|756.468,1|2|1|1|4|2|1|2|3|737,0.0229|0.9771,0.0585|0.9415,,,,,,,,state-markov,1,909,0.007481|0.2397|0.03459,0.007538|0.1524|0.02652,0|0.5166|0.2598,
controlled,102,2,any,hmc_in,,oracle,state,,,,,-13544.9,0.139209,0.0611238,5268,01,True,0.0267176,786,0.0671575,4482,0.973282,0.999432,0.0523694,0.207367,0.973272,0.0261496,0|0|0|0|0|0|0|0|2|784,0|0|0|0|0|0|0|0|1.84663|783.707,0|0|0|0|0|0|0|0|0|765,0.0229|0.9771,0.0420|0.9580,0.0090238|0.23533,,,,,,,state-markov,1,909,0.007481|0.2397|0.03459,0.007538|0.1524|0.02652,0|0.5166|0.2598,
controlled,102,2,any,hmc_in,,oracle,state-markov,,,,,-13158.3,0.146592,0.0635915,5268,01,True,0.0267176,786,0.070058,4482,0.973282,0.999392,0.05262,0.231069,0.973113,0.0262624,0|0|0|0|0|0|0|1|1|784,0|0|0|0|0|0|0|0.895051|0.939765|783.687,0|0|0|0|0|0|0|0|1|764,0.0229|0.9771,0.0423|0.9577,0.0092299|0.23548,0.0090844|0.1494,0.024841|0.51494,,,,,state-markov,1,909,0.007481|0.2397|0.03459,0.007538|0.1524|0.02652,0|0.5166|0.2598,
controlled,102,2,any,hmc_in,0,unsupervised,ignorable,start,5,0.774587,-1.9534|0.7729,-9511.8,0.144542,0.104024,5268,01,True,0.0356234,786,0.11602,4482,0.964377,0.98645,0.0651108,0.171338,0.956504,0.0267037,3|1|1|5|1|4|3|3|7|758,1.55541|0.587456|0.607797|3.37409|0.741701|3.11098|2.45298|2.64295|6.49204|753.784,2|0|1|4|0|2|2|3|6|738,0.0229|0.9771,0.0577|0.9423,,,,,,,-2939.0610|-2446.3394,state-markov,1,909,0.007481|0.2397|0.03459,0.007538|0.1524|0.02652,0|0.5166|0.2598,
controlled,102,2,any,hmc_in,0,unsupervised,state,start,5,0.807829,-1.9332|0.7861,-12247.4,0.155162,0.0935839,5268,01,True,0.0165394,786,0.107095,4482,0.983461,0.995525,0.0305477,0.0759656,0.980943,0.0162414,0|0|0|0|2|3|3|8|4|766,0|0|0|0|1.45304|2.33667|2.46561|7.02165|3.67287|765.533,0|0|0|0|1|3|2|8|1|758,0.0229|0.9771,0.0317|0.9683,0.019152|0.14944,,,0.019152|0.14944,,,-2939.0610|-2446.3394,state-markov,1,909,0.007481|0.2397|0.03459,0.007538|0.1524|0.02652,0|0.5166|0.2598,
controlled,102,2,any,hmc_in,0,unsupervised,state-markov,start,5,0.75072,-1.9434|0.7794,-11864.5,0.147715,0.0996583,5268,01,True,0.0279898,786,0.112227,4482,0.97201,0.993799,0.0505603,0.111285,0.969698,0.0266689,1|1|1|0|2|1|2|10|4|764,0.542884|0.578231|0.642999|0|1.46952|0.794743|1.69664|8.8159|3.65768|762.927,1|1|0|0|2|1|2|3|1|753,0.0229|0.9771,0.0434|0.9566,0.02362|0.14721,0.01847|0.08689,0.23651|0.49666,0.02362|0.14721,0.01847|0.08689,0.23651|0.49666,-2939.0610|-2446.3394,state-markov,1,909,0.007481|0.2397|0.03459,0.007538|0.1524|0.02652,0|0.5166|0.2598,
controlled,102,2,any,hmc_in,0,unsupervised,state,ignorable fit,4,0.618098,-1.9465|0.7770,-12248.9,0.130893,0.0966211,5268,01,True,0.0165394,786,0.110665,4482,0.983461,0.995391,0.0306691,0.0769684,0.980812,0.0148413,0|0|0|0|2|5|3|4|6|766,0|0|0|0|1.47575|3.83266|2.53915|3.48405|5.5028|765.543,0|0|0|0|1|4|3|4|3|758,0.0229|0.9771,0.0316|0.9684,0.019704|0.14842,,,0.019704|0.14842,,,-2939.0610|-2446.3394,state-markov,1,909,0.007481|0.2397|0.03459,0.007538|0.1524|0.02652,0|0.5166|0.2598,
controlled,102,2,any,hmc_in,0,unsupervised,state-markov,ignorable fit,4,0.568458,-1.9539|0.7721,-11864.7,0.113059,0.102316,5268,01,True,0.0279898,786,0.11535,4482,0.97201,0.993662,0.0503936,0.111372,0.969691,0.0263202,1|1|0|1|2|2|2|8|6|763,0.537251|0.573573|0|0.664522|1.46486|1.58971|1.68545|7.00516|5.50221|761.996,1|1|0|0|2|2|1|3|2|752,0.0229|0.9771,0.0432|0.9568,0.023779|0.14655,0.018521|0.086506,0.23965|0.49622,0.023779|0.14655,0.018521|0.086506,0.23965|0.49622,-2939.0610|-2446.3394,state-markov,1,909,0.007481|0.2397|0.03459,0.007538|0.1524|0.02652,0|0.5166|0.2598,
controlled,102,2,any,hmc_in,,oracle,ignorable,,,,,-10600.4,0.138774,0.0660592,5268,01,True,0.0409556,879,0.0710868,4389,0.959044,0.991767,0.0720236,0.449367,0.958435,0.0346801,3|2|3|4|2|2|4|0|9|850,1.52782|1.13167|1.87425|2.69985|1.47295|1.55363|3.28548|0|8.43983|849.778,1|1|1|3|1|1|2|0|9|824,0.0228|0.9772,0.0587|0.9413,,,,,,,,state-markov,2,1002,0.007481|0.2397|0.03459,0.007538|0.1524|0.02652,0|0.5166|0.2598,
controlled,102,2,any,hmc_in,,oracle,state,,,,,-13587.8,0.125964,0.0622627,5268,01,True,0.0284414,879,0.0690362,4389,0.971559,0.998346,0.0556767,0.289305,0.970992,0.0285211,0|1|0|2|0|0|0|1|0|875,0|0.551944|0|1.36127|0|0|0|0.876731|0|874.756,0|0|0|2|0|0|0|1|0|851,0.0228|0.9772,0.0460|0.9540,0.010026|0.26321,,,,,,,state-markov,2,1002,0.007481|0.2397|0.03459,0.007538|0.1524|0.02652,0|0.5166|0.2598,
controlled,102,2,any,hmc_in,,oracle,state-markov,,,,,-13202.7,0.123617,0.0637813,5268,01,True,0.0307167,879,0.0704033,4389,0.969283,0.997903,0.0569302,0.30826,0.970125,0.0293627,1|1|1|0|0|1|0|0|2|873,0.54195|0.567178|0.616869|0|0|0.78057|0|0|1.89266|872.757,0|0|0|0|0|1|0|0|2|849,0.0228|0.9772,0.0467|0.9533,0.010234|0.26351,0.010104|0.17327,0.02286|0.51571,,,,,state-markov,2,1002,0.007481|0.2397|0.03459,0.007538|0.1524|0.02652,0|0.5166|0.2598,
controlled,102,2,any,hmc_in,0,unsupervised,ignorable,start,4,0.646419,-1.9482|0.7730,-9404.59,0.111539,0.103455,5268,01,True,0.0409556,879,0.115972,4389,0.959044,0.984963,0.071777,0.198446,0.952307,0.0293965,3|5|2|3|2|1|8|4|9|842,1.55653|2.86851|1.22603|2.02527|1.42913|0.791301|6.60419|3.50339|8.37688|837.401,1|3|2|1|1|0|5|3|9|818,0.0228|0.9772,0.0585|0.9415,,,,,,,-3136.5383|-2616.3317,state-markov,2,1002,0.007481|0.2397|0.03459,0.007538|0.1524|0.02652,0|0.5166|0.2598,
controlled,102,2,any,hmc_in,0,unsupervised,state,start,5,0.795227,-1.9285|0.7855,-12297.4,0.197441,0.0952923,5268,01,True,0.0307167,879,0.108225,4389,0.969283,0.997034,0.0557764,0.122931,0.969403,0.0277504,0|0|0|0|0|0|0|11|8|860,0|0|0|0|0|0|0|9.6494|7.3602|859.383,0|0|0|0|0|0|0|5|2|845,0.0228|0.9772,0.0400|0.9600,0.020809|0.16544,,,0.020809|0.16544,,,-3136.5383|-2616.3317,state-markov,2,1002,0.007481|0.2397|0.03459,0.007538|0.1524|0.02652,0|0.5166|0.2598,
controlled,102,2,any,hmc_in,0,unsupervised,state-markov,start,5,0.70131,-1.9384|0.7790,-11905.9,0.126438,0.0979499,5268,01,True,0.0307167,879,0.111415,4389,0.969283,0.996019,0.0595411,0.143018,0.966818,0.0302645,0|0|0|2|0|3|2|3|3|866,0|0|0|1.3449|0|2.33637|1.67246|2.63143|2.76783|864.748,0|0|0|2|0|3|1|2|3|841,0.0228|0.9772,0.0428|0.9572,0.023018|0.16462,0.019298|0.096886,0.18092|0.50835,0.023018|0.16462,0.019298|0.096886,0.18092|0.50835,-3136.5383|-2616.3317,state-markov,2,1002,0.007481|0.2397|0.03459,0.007538|0.1524|0.02652,0|0.5166|0.2598,
controlled,102,2,any,hmc_in,0,unsupervised,state,ignorable fit,4,0.598134,-1.9368|0.7797,-12298.4,0.180635,0.0960516,5268,01,True,0.0307167,879,0.109136,4389,0.969283,0.997108,0.0560088,0.123987,0.969351,0.0278252,0|0|0|0|0|0|0|10|9|860,0|0|0|0|0|0|0|8.76022|8.29649|859.402,0|0|0|0|0|0|0|5|2|845,0.0228|0.9772,0.0399|0.9601,0.021047|0.16479,,,0.021047|0.16479,,,-3136.5383|-2616.3317,state-markov,2,1002,0.007481|0.2397|0.03459,0.007538|0.1524|0.02652,0|0.5166|0.2598,
controlled,102,2,any,hmc_in,0,unsupervised,state-markov,ignorable fit,4,0.58171,-1.9446|0.7745,-11906.3,0.153792,0.0994685,5268,01,True,0.0307167,879,0.113238,4389,0.969283,0.996048,0.0596707,0.143702,0.966783,0.0303956,0|0|0|2|0|3|2|2|4|866,0|0|0|1.33876|0|2.3337|1.67532|1.73195|3.6849|864.762,0|0|0|2|0|3|1|2|3|841,0.0228|0.9772,0.0428|0.9572,0.023172|0.16412,0.019369|0.096596,0.18347|0.50803,0.023172|0.16412,0.019369|0.096596,0.18347|0.50803,-3136.5383|-2616.3317,state-markov,2,1002,0.007481|0.2397|0.03459,0.007538|0.1524|0.02652,0|0.5166|0.2598,
controlled,102,2,any,hmc_in,,oracle,ignorable,,,,,-10651,0.173998,0.067388,5268,01,True,0.0393325,839,0.0727026,4429,0.960667,0.993032,0.0690413,0.351803,0.960938,0.033365,4|1|2|4|0|4|2|1|2|819,2.11377|0.580484|1.2304|2.7488|0|3.10299|1.68197|0.856259|1.87092|818.969,2|1|1|2|0|1|1|0|1|797,0.0215|0.9785,0.0605|0.9395,,,,,,,,state-markov,3,968,0.007481|0.2397|0.03459,0.007538|0.1524|0.02652,0|0.5166|0.2598,
controlled,102,2,any,hmc_in,,oracle,state,,,,,-13616.6,0.143478,0.0594153,5268,01,True,0.0190703,839,0.067058,4429,0.98093,0.998617,0.0359853,0.103618,0.980751,0.017857,0|0|0|0|0|0|3|0|1|835,0|0|0|0|0|0|2.50344|0|0.9289|834.407,0|0|0|0|0|0|1|0|1|821,0.0215|0.9785,0.0407|0.9593,0.0090271|0.25157,,,,,,,state-markov,3,968,0.007481|0.2397|0.03459,0.007538|0.1524|0.02652,0|0.5166|0.2598,
controlled,102,2,any,hmc_in,,oracle,state-markov,,,,,-13200.9,0.117832,0.0616932,5268,01,True,0.0190703,839,0.0697674,4429,0.98093,0.996515,0.0392179,0.12575,0.97791,0.0212089,0|0|3|3|0|1|0|0|7|825,0|0|1.90002|1.95289|0|0.788137|0|0|6.57654|824.859,0|0|3|3|0|1|0|0|5|811,0.0215|0.9785,0.0435|0.9565,0.0092301|0.25154,0.0090904|0.1568,0.024226|0.53344,,,,,state-markov,3,968,0.007481|0.2397|0.03459,0.007538|0.1524|0.02652,0|0.5166|0.2598,
controlled,102,2,any,hmc_in,0,unsupervised,ignorable,start,5,0.795665,-1.9548|0.7566,-9433.12,0.17141,0.105923,5268,01,True,0.0369487,839,0.118988,4429,0.963051,0.983575,0.0675443,0.176572,0.95332,0.0236636,5|0|1|6|7|4|3|4|5|804,2.5883|0|0.601319|4.01301|5.08637|3.09885|2.50883|3.49332|4.64471|799.185,3|0|1|4|5|3|2|4|4|782,0.0215|0.9785,0.0674|0.9326,,,,,,,-3065.5136|-2536.3690,state-markov,3,968,0.007481|0.2397|0.03459,0.007538|0.1524|0.02652,0|0.5166|0.2598,
controlled,102,2,any,hmc_in,0,unsupervised,state,start,5,0.84246,-1.9308|0.7726,-12300.1,0.125542,0.0952923,5268,01,True,0.0202622,839,0.109506,4429,0.979738,0.994226,0.0313645,0.0610725,0.979749,0.0179907,0|0|2|4|1|0|3|5|8|816,0|0|1.25927|2.68213|0.74359|0|2.48476|4.30256|7.45777|815.226,0|0|0|0|1|0|3|5|4|809,0.0215|0.9785,0.0406|0.9594,0.023364|0.15759,,,0.023364|0.15759,,,-3065.5136|-2536.3690,state-markov,3,968,0.007481|0.2397|0.03459,0.007538|0.1524|0.02652,0|0.5166|0.2598,
controlled,102,2,any,hmc_in,0,unsupervised,state-markov,start,4,0.831173,-1.9436|0.7649,-11882.2,0.12765,0.100797,5268,01,True,0.0274136,839,0.114699,4429,0.972586,0.992558,0.050208,0.103704,0.968991,0.0262981,1|1|1|2|3|1|5|6|3|816,0.537561|0.572984|0.621638|1.39187|2.18422|0.784198|4.10057|5.23663|2.79121|814.536,0|1|1|2|3|1|1|5|3|799,0.0215|0.9785,0.0515|0.9485,0.028962|0.15475,0.022335|0.089189,0.25117|0.51286,0.028962|0.15475,0.022335|0.089189,0.25117|0.51286,-3065.5136|-2536.3690,state-markov,3,968,0.007481|0.2397|0.03459,0.007538|0.1524|0.02652,0|0.5166|0.2598,
controlled,102,2,any,hmc_in,0,unsupervised,state,ignorable fit,4,0.579956,-1.9504|0.7591,-12302.4,0.142042,0.0992787,5268,01,True,0.0202622,839,0.114247,4429,0.979738,0.994142,0.0323602,0.0625943,0.979236,0.0185029,1|0|0|6|0|0|4|4|9|815,0.53173|0|0|4.10171|0|0|3.30861|3.44008|8.41721|814.285,1|0|0|0|0|0|4|4|5|808,0.0215|0.9785,0.0406|0.9594,0.024041|0.15613,,,0.024041|0.15613,,,-3065.5136|-2536.3690,state-markov,3,968,0.007481|0.2397|0.03459,0.007538|0.1524|0.02652,0|0.5166|0.2598,
controlled,102,2,any,hmc_in,0,unsupervised,state-markov,ignorable fit,4,0.697695,-1.9589|0.7534,-11882.1,0.112476,0.103834,5268,01,True,0.0274136,839,0.118311,4429,0.972586,0.992669,0.0501955,0.103782,0.969178,0.0252967,2|0|1|2|3|1|5|6|2|817,1.04976|0|0.609842|1.35679|2.19875|0.787766|4.09593|5.30095|1.85949|815.59,1|0|1|2|3|1|1|5|2|800,0.0215|0.9785,0.0509|0.9491,0.028843|0.15393,0.02237|0.088643,0.24679|0.51279,0.028843|0.15393,0.02237|0.088643,0.24679|0.51279,-3065.5136|-2536.3690,state-markov,3,968,0.007481|0.2397|0.03459,0.007538|0.1524|0.02652,0|0.5166|0.2598,
controlled,102,2,any,hmc_in,,oracle,ignorable,,,,,-10725.6,0.155476,0.0660592,5268,01,True,0.0347826,805,0.0717006,4463,0.965217,0.99142,0.0537902,0.312369,0.967492,0.0287834,7|1|1|1|3|1|1|3|11|776,3.66987|0.596241|0.631218|0.668528|2.18964|0.777444|0.81528|2.62166|10.3649|775.758,1|1|0|0|2|0|0|2|11|760,0.0161|0.9839,0.0462|0.9538,,,,,,,,state-markov,4,925,0.007481|0.2397|0.03459,0.007538|0.1524|0.02652,0|0.5166|0.2598,
controlled,102,2,any,hmc_in,,oracle,state,,,,,-13563.9,0.158014,0.0584662,5268,01,True,0.0173913,805,0.065875,4463,0.982609,0.998524,0.0355258,0.18319,0.981302,0.018447,1|1|0|0|0|0|0|1|1|801,0.535709|0.55009|0|0|0|0|0|0.895162|0.933639|800.897,1|1|0|0|0|0|0|1|0|788,0.0161|0.9839,0.0324|0.9676,0.0065322|0.24268,,,,,,,state-markov,4,925,0.007481|0.2397|0.03459,0.007538|0.1524|0.02652,0|0.5166|0.2598,
controlled,102,2,any,hmc_in,,oracle,state-markov,,,,,-13196.3,0.121496,0.0613136,5268,01,True,0.0198758,805,0.0687878,4463,0.980124,0.998988,0.0381693,0.206694,0.980038,0.0191989,0|0|0|0|0|0|3|0|2|800,0|0|0|0|0|0|2.46703|0|1.86511|799.853,0|0|0|0|0|0|1|0|2|786,0.0161|0.9839,0.0336|0.9664,0.0067482|0.24332,0.0065505|0.15794,0.035845|0.50883,,,,,state-markov,4,925,0.007481|0.2397|0.03459,0.007538|0.1524|0.02652,0|0.5166|0.2598,
controlled,102,2,any,hmc_in,0,unsupervised,ignorable,start,5,0.701061,-1.9544|0.7733,-9552.76,0.14117,0.106302,5268,01,True,0.0447205,805,0.11741,4463,0.95528,0.987547,0.0776207,0.18903,0.951219,0.0335241,1|3|4|3|1|3|2|1|4|783,0.541588|1.72881|2.49415|2.03931|0.705171|2.34959|1.64267|0.873707|3.70695|778.893,0|1|3|2|0|2|0|0|2|759,0.0161|0.9839,0.0570|0.9430,,,,,,,-2973.7646|-2494.0613,state-markov,4,925,0.007481|0.2397|0.03459,0.007538|0.1524|0.02652,0|0.5166|0.2598,
controlled,102,2,any,hmc_in,0,unsupervised,state,start,4,0.560917,-1.9379|0.7851,-12312.3,0.125811,0.0964313,5268,01,True,0.0236025,805,0.109568,4463,0.976398,0.99504,0.0362616,0.0746228,0.978201,0.0205135,2|2|0|0|1|0|0|6|6|788,1.06616|1.13215|0|0|0.733006|0|0|5.24685|5.45112|787.378,0|0|0|0|0|0|0|6|0|780,0.0161|0.9839,0.0289|0.9711,0.019232|0.15224,,,0.019232|0.15224,,,-2973.7646|-2494.0613,state-markov,4,925,0.007481|0.2397|0.03459,0.007538|0.1524|0.02652,0|0.5166|0.2598,
controlled,102,2,any,hmc_in,0,unsupervised,state-markov,start,5,0.72756,-1.9448|0.7799,-11944,0.134043,0.100038,5268,01,True,0.0236025,805,0.113825,4463,0.976398,0.991486,0.047376,0.103855,0.970159,0.0248802,1|3|4|3|1|1|3|2|8|779,0.513201|1.74518|2.51014|2.02444|0.743852|0.773669|2.53252|1.74824|7.49006|778.065,1|2|4|3|1|1|2|2|6|764,0.0161|0.9839,0.0372|0.9628,0.022351|0.15131,0.018025|0.090401,0.21158|0.49296,0.022351|0.15131,0.018025|0.090401,0.21158|0.49296,-2973.7646|-2494.0613,state-markov,4,925,0.007481|0.2397|0.03459,0.007538|0.1524|0.02652,0|0.5166|0.2598,
controlled,102,2,any,hmc_in,0,unsupervised,state,ignorable fit,4,0.610133,-1.9523|0.7743,-12313.3,0.160059,0.100038,5268,01,True,0.0236025,805,0.113825,4463,0.976398,0.995209,0.0365669,0.0757195,0.978111,0.0206616,1|2|1|0|1|0|0|6|6|788,0.53338|1.15603|0.618493|0|0.706797|0|0|5.25532|5.47277|787.4,0|0|0|0|0|0|0|6|0|780,0.0161|0.9839,0.0288|0.9712,0.019287|0.15136,,,0.019287|0.15136,,,-2973.7646|-2494.0613,state-markov,4,925,0.007481|0.2397|0.03459,0.007538|0.1524|0.02652,0|0.5166|0.2598,
controlled,102,2,any,hmc_in,0,unsupervised,state-markov,ignorable fit,4,0.581459,-1.9587|0.7701,-11943.9,0.107425,0.102885,5268,01,True,0.0248447,805,0.116962,4463,0.975155,0.991549,0.0475695,0.104862,0.970089,0.0235989,0|4|4|3|1|1|3|2|8|779,0|2.29455|2.49751|2.0316|0.746075|0.781115|2.50973|1.74895|7.50777|778.079,0|3|3|3|1|1|2|2|6|764,0.0161|0.9839,0.0371|0.9629,0.022529|0.1504,0.018072|0.089877,0.21588|0.49228,0.022529|0.1504,0.018072|0.089877,0.21588|0.49228,-2973.7646|-2494.0613,state-markov,4,925,0.007481|0.2397|0.03459,0.007538|0.1524|0.02652,0|0.5166|0.2598,
controlled,102,3,ge10,hmc_in,,oracle,ignorable,,,,,-10775.2,0.166858,0.13022,5268,012,True,0.0731707,164,0.132053,5104,0.926829,0.993011,0.138329,0.890859,0.925304,0.068947,0|0|0|0|1|0|1|2|0|160,0|0|0|0|0.638187|0|0.773245|1.66812|0|159.774,0|0|0|0|0|0|1|1|0|150,0.0000|0.2500|0.7500,0.0419|0.2694|0.6886,,,,,,,,state,0,170,0|0.02073|0.1082|0.002723,0|0.01841|0.09237|0.002458,0|0.1304|0.2389|0.1,
controlled,102,3,ge10,hmc_in,,oracle,state,,,,,-11514.4,0.179873,0.10839,5268,012,True,0.0670732,164,0.109718,5104,0.932927,0.995353,0.123967,0.516293,0.934892,0.0637653,0|0|1|0|0|0|0|0|1|162,0|0|0.51078|0|0|0|0|0|0.890208|161.837,0|0|0|0|0|0|0|0|1|152,0.0000|0.2500|0.7500,0.0275|0.2747|0.6979,9.5062e-06|0.018477|0.11772,,,,,,,state,0,170,0|0.02073|0.1082|0.002723,0|0.01841|0.09237|0.002458,0|0.1304|0.2389|0.1,
controlled,102,3,ge10,hmc_in,,oracle,state-markov,,,,,-11515.6,0.107874,0.107821,5268,012,True,0.0609756,164,0.109326,5104,0.939024,0.995441,0.123427,0.512265,0.935189,0.0635877,0|0|1|0|0|0|0|0|1|162,0|0|0.520339|0|0|0|0|0|0.891642|161.84,0|0|1|0|0|0|0|0|1|152,0.0000|0.2500|0.7500,0.0272|0.2747|0.6981,9.7199e-06|0.018506|0.1177,9.0663e-06|0.018824|0.12149,0.067251|0.0016012|0.089252,,,,,state,0,170,0|0.02073|0.1082|0.002723,0|0.01841|0.09237|0.002458,0|0.1304|0.2389|0.1,
controlled,102,3,ge10,pmc_pair,,oracle,ignorable,,,,,-6690.68,0.36711,0.0677677,5268,012,True,0.0792683,164,0.0673981,5104,0.920732,0.984715,0.136684,0.572407,0.919535,0.0676366,0|0|1|0|0|1|2|2|3|155,0|0|0.51169|0|0|0.70463|1.48553|1.70043|2.7089|154.382,0|0|0|0|0|0|1|2|2|146,0.0000|0.2500|0.7500,0.0456|0.2676|0.6868,,,,,,,,state,0,170,0|0.02073|0.1082|0.002723,0|0.01841|0.09237|0.002458,0|0.1304|0.2389|0.1,
controlled,102,3,ge10,pmc_pair,,oracle,state,,,,,-7411.6,0.34628,0.0556188,5268,012,True,0.0365854,164,0.0562304,5104,0.963415,0.982178,0.0621092,0.153592,0.955703,0.023043,0|0|0|0|1|6|0|2|2|153,0|0|0|0|0.64906|4.19245|0|1.60428|1.83448|152.797,0|0|0|0|1|4|0|0|1|152,0.0000|0.2500|0.7500,0.0084|0.2732|0.7184,9.5062e-06|0.018477|0.11772,,,,,,,state,0,170,0|0.02073|0.1082|0.002723,0|0.01841|0.09237|0.002458,0|0.1304|0.2389|0.1,
controlled,102,3,ge10,pmc_pair,,oracle,state-markov,,,,,-7412.03,0.378839,0.0556188,5268,012,True,0.0365854,164,0.0562304,5104,0.963415,0.982649,0.06219,0.149892,0.955935,0.0234313,0|0|0|0|1|6|0|2|2|153,0|0|0|0|0.655812|4.20845|0|1.66576|1.82238|152.802,0|0|0|0|1|4|0|0|1|152,0.0000|0.2500|0.7500,0.0079|0.2736|0.7186,9.7199e-06|0.018506|0.1177,9.0663e-06|0.018824|0.12149,0.067251|0.0016012|0.089252,,,,,state,0,170,0|0.02073|0.1082|0.002723,0|0.01841|0.09237|0.002458,0|0.1304|0.2389|0.1,
controlled,102,3,ge10,hmc_in,0,unsupervised,ignorable,start,11,1.68257,-2.4107|-0.7784|0.9651,-7904.7,0.147611,0.385725,5268,021,False,0.731707,164,0.374608,5104,0.268293,0.979848,1.42339,4.12518,0.274087,0.711556,0|0|1|2|2|0|0|2|2|155,0|0|0.501464|1.09424|1.29614|0|0|1.71386|1.82953|154.26,0|0|0|1|1|0|0|0|0|42,0.0000|0.2500|0.7500,0.0114|0.9522|0.0363,,,,,,,-841.9970|-835.9238,state,0,170,0|0.02073|0.1082|0.002723,0|0.01841|0.09237|0.002458,0|0.1304|0.2389|0.1,
controlled,102,3,ge10,hmc_in,0,unsupervised,state,start,11,1.68549,-2.4103|-0.7651|0.9685,-8673.28,0.113215,0.386864,5268,021,False,0.731707,164,0.375784,5104,0.268293,0.992315,1.45346,6.38433,0.268002,0.726042,0|0|0|2|0|0|0|0|2|160,0|0|0|1.12425|0|0|0|0|1.83441|159.781,0|0|0|1|0|0|0|0|2|41,0.0000|0.2500|0.7500,0.0118|0.9688|0.0194,0.0019747|0.0017122|0.034109,,,0.0019747|0.0017122|0.034109,,,-841.9970|-835.9238,state,0,170,0|0.02073|0.1082|0.002723,0|0.01841|0.09237|0.002458,0|0.1304|0.2389|0.1,
controlled,102,3,ge10,hmc_in,0,unsupervised,state-markov,start,11,1.80592,-2.4104|-0.7658|0.9683,-8671.02,0.131239,0.386674,5268,021,False,0.731707,164,0.375588,5104,0.268293,0.992253,1.45313,6.26813,0.268109,0.730949,0|0|1|1|0|0|0|0|2|160,0|0|0.530635|0.594076|0|0|0|0|1.83291|159.772,0|0|0|1|0|0|0|0|2|41,0.0000|0.2500|0.7500,0.0118|0.9687|0.0196,0.002003|0.0017507|0.034102,0.0019736|0.0017355|0.032896,0.016654|0.01042|0.068242,0.002003|0.0017507|0.034102,0.0019736|0.0017355|0.032896,0.016654|0.01042|0.068242,-841.9970|-835.9238,state,0,170,0|0.02073|0.1082|0.002723,0|0.01841|0.09237|0.002458,0|0.1304|0.2389|0.1,
controlled,102,3,ge10,hmc_in,0,unsupervised,state,ignorable fit,3,0.510114,-2.4124|-0.7852|0.9641,-8672.92,0.140997,0.385915,5268,021,False,0.72561,164,0.375,5104,0.27439,0.99257,1.45145,6.22443,0.269016,0.729429,0|0|1|0|1|0|0|0|1|161,0|0|0.526625|0|0.657413|0|0|0|0.893498|160.704,0|0|1|0|1|0|0|0|1|42,0.0000|0.2500|0.7500,0.0109|0.9685|0.0206,0.0018076|0.0020425|0.033821,,,0.0018076|0.0020425|0.033821,,,-841.9970|-835.9238,state,0,170,0|0.02073|0.1082|0.002723,0|0.01841|0.09237|0.002458,0|0.1304|0.2389|0.1,
controlled,102,3,ge10,hmc_in,0,unsupervised,state-markov,ignorable fit,3,0.466546,-2.4124|-0.7853|0.9641,-8670.65,0.128439,0.385915,5268,021,False,0.72561,164,0.375,5104,0.27439,0.992516,1.45118,6.12394,0.26909,0.729387,0|0|1|0|1|0|0|0|1|161,0|0|0.528109|0|0.659081|0|0|0|0.889335|160.696,0|0|1|0|1|0|0|0|1|42,0.0000|0.2500|0.7500,0.0109|0.9684|0.0207,0.0018392|0.0020762|0.033819,0.0018117|0.0020582|0.032613,0.016759|0.010704|0.068253,0.0018392|0.0020762|0.033819,0.0018117|0.0020582|0.032613,0.016759|0.010704|0.068253,-841.9970|-835.9238,state,0,170,0|0.02073|0.1082|0.002723,0|0.01841|0.09237|0.002458,0|0.1304|0.2389|0.1,
controlled,102,3,ge10,hmc_in,,oracle,ignorable,,,,,-10764.1,0.137368,0.129841,5268,012,True,0.0650888,169,0.131987,5099,0.934911,0.986308,0.12362,0.689592,0.929726,0.0631912,0|0|3|0|0|0|2|0|2|162,0|0|1.52187|0|0|0|1.48149|0|1.81709|161.866,0|0|2|0|0|0|2|0|0|154,0.0000|0.2367|0.7633,0.0370|0.2251|0.7379,,,,,,,,state,1,186,0|0.02073|0.1082|0.002723,0|0.01841|0.09237|0.002458,0|0.1304|0.2389|0.1,
controlled,102,3,ge10,hmc_in,,oracle,state,,,,,-11547.9,0.170891,0.105353,5268,012,True,0.0414201,169,0.107472,5099,0.95858,0.994547,0.0754591,0.380985,0.95845,0.0401345,0|0|0|1|0|0|1|0|1|166,0|0|0|0.550679|0|0|0.765482|0|0.882376|165.88,0|0|0|0|0|0|1|0|1|160,0.0000|0.2367|0.7633,0.0238|0.2393|0.7368,1.0398e-05|0.018027|0.12346,,,,,,,state,1,186,0|0.02073|0.1082|0.002723,0|0.01841|0.09237|0.002458,0|0.1304|0.2389|0.1,
controlled,102,3,ge10,hmc_in,,oracle,state-markov,,,,,-11547.7,0.181388,0.105353,5268,012,True,0.0414201,169,0.107472,5099,0.95858,0.994746,0.0750749,0.378445,0.958828,0.0398766,0|0|0|1|0|0|1|0|1|166,0|0|0|0.53564|0|0|0.797025|0|0.889456|165.89,0|0|0|0|0|0|1|0|1|160,0.0000|0.2367|0.7633,0.0238|0.2394|0.7368,1.0649e-05|0.018041|0.12339,1.0108e-05|0.01835|0.13088,0.050802|0.0012701|0.070161,,,,,state,1,186,0|0.02073|0.1082|0.002723,0|0.01841|0.09237|0.002458,0|0.1304|0.2389|0.1,
controlled,102,3,ge10,pmc_pair,,oracle,ignorable,,,,,-6689.65,0.325739,0.0664389,5268,012,True,0.0473373,169,0.067072,5099,0.952663,0.978389,0.081208,0.375828,0.942789,0.034468,0|0|0|2|0|2|2|6|3|154,0|0|0|1.14395|0|1.39079|1.55439|5.00409|2.70698|153.548,0|0|0|1|0|1|2|4|3|150,0.0000|0.2367|0.7633,0.0315|0.2337|0.7348,,,,,,,,state,1,186,0|0.02073|0.1082|0.002723,0|0.01841|0.09237|0.002458,0|0.1304|0.2389|0.1,
controlled,102,3,ge10,pmc_pair,,oracle,state,,,,,-7459.23,0.401628,0.0594153,5268,012,True,0.035503,169,0.0602079,5099,0.964497,0.991644,0.049869,0.152202,0.968984,0.0298969,0|0|1|0|0|0|1|2|2|163,0|0|0.507905|0|0|0|0.764635|1.64405|1.76759|162.904,0|0|0|0|0|0|0|0|2|161,0.0000|0.2367|0.7633,0.0193|0.2401|0.7406,1.0398e-05|0.018027|0.12346,,,,,,,state,1,186,0|0.02073|0.1082|0.002723,0|0.01841|0.09237|0.002458,0|0.1304|0.2389|0.1,
controlled,102,3,ge10,pmc_pair,,oracle,state-markov,,,,,-7458.13,0.3477,0.0590357,5268,012,True,0.0295858,169,0.0600118,5099,0.970414,0.991834,0.0493391,0.1505,0.969434,0.0297879,0|0|1|0|0|0|1|2|2|163,0|0|0.511904|0|0|0|0.743984|1.65554|1.78103|162.928,0|0|1|0|0|0|0|0|2|161,0.0000|0.2367|0.7633,0.0190|0.2403|0.7407,1.0649e-05|0.018041|0.12339,1.0108e-05|0.01835|0.13088,0.050802|0.0012701|0.070161,,,,,state,1,186,0|0.02073|0.1082|0.002723,0|0.01841|0.09237|0.002458,0|0.1304|0.2389|0.1,
controlled,102,3,ge10,hmc_in,0,unsupervised,ignorable,start,11,1.70307,-2.4118|-0.7892|0.9629,-7901.13,0.129031,0.385345,5268,021,False,0.792899,169,0.371838,5099,0.207101,0.984728,1.55219,4.66203,0.214231,0.777627,0|0|4|0|0|0|0|0|0|165,0|0|2.0613|0|0|0|0|0|0|164.358,0|0|1|0|0|0|0|0|0|34,0.0000|0.2367|0.7633,0.0178|0.9496|0.0325,,,,,,,-904.3448|-901.7319,state,1,186,0|0.02073|0.1082|0.002723,0|0.01841|0.09237|0.002458,0|0.1304|0.2389|0.1,
controlled,102,3,ge10,hmc_in,0,unsupervised,state,start,11,1.78327,-2.4113|-0.7708|0.9675,-8732.05,0.14084,0.386105,5268,021,False,0.781065,169,0.373014,5099,0.218935,0.995947,1.5543,6.51182,0.219248,0.777012,0|0|0|0|0|0|1|0|4|164,0|0|0|0|0|0|0.782573|0|3.67323|163.859,0|0|0|0|0|0|0|0|3|34,0.0000|0.2367|0.7633,0.0177|0.9639|0.0184,0.0020036|0.0032167|0.036697,,,0.0020036|0.0032167|0.036697,,,-904.3448|-901.7319,state,1,186,0|0.02073|0.1082|0.002723,0|0.01841|0.09237|0.002458,0|0.1304|0.2389|0.1,
controlled,102,3,ge10,hmc_in,0,unsupervised,state-markov,start,11,1.73219,-2.4113|-0.7711|0.9674,-8731.59,0.122514,0.386105,5268,021,False,0.781065,169,0.373014,5099,0.218935,0.995918,1.55431,6.47445,0.219213,0.776983,0|0|0|0|0|0|1|0|4|164,0|0|0|0|0|0|0.785663|0|3.6661|163.858,0|0|0|0|0|0|0|0|3|34,0.0000|0.2367|0.7633,0.0177|0.9638|0.0184,0.0020236|0.0032482|0.036688,0.0020072|0.0032376|0.036124,0.01012|0.0065198|0.051478,0.0020236|0.0032482|0.036688,0.0020072|0.0032376|0.036124,0.01012|0.0065198|0.051478,-904.3448|-901.7319,state,1,186,0|0.02073|0.1082|0.002723,0|0.01841|0.09237|0.002458,0|0.1304|0.2389|0.1,
controlled,102,3,ge10,hmc_in,0,unsupervised,state,ignorable fit,3,0.490887,-2.4135|-0.7964|0.9617,-8731.53,0.117734,0.385535,5268,021,False,0.781065,169,0.372426,5099,0.218935,0.995566,1.55328,6.42223,0.219528,0.776631,0|0|0|0|0|0|1|0|4|164,0|0|0|0|0|0|0.734169|0|3.6608|163.856,0|0|0|0|0|0|0|0|3|34,0.0000|0.2367|0.7633,0.0177|0.9641|0.0182,0.0020008|0.0033979|0.036329,,,0.0020008|0.0033979|0.036329,,,-904.3448|-901.7319,state,1,186,0|0.02073|0.1082|0.002723,0|0.01841|0.09237|0.002458,0|0.1304|0.2389|0.1,
controlled,102,3,ge10,hmc_in,0,unsupervised,state-markov,ignorable fit,3,0.44048,-2.4135|-0.7965|0.9617,-8731.06,0.121345,0.385535,5268,021,False,0.781065,169,0.372426,5099,0.218935,0.995543,1.5533,6.38757,0.219486,0.776608,0|0|0|0|0|0|1|0|4|164,0|0|0|0|0|0|0.738398|0|3.65354|163.855,0|0|0|0|0|0|0|0|3|34,0.0000|0.2367|0.7633,0.0177|0.9640|0.0183,0.0020211|0.0034287|0.036324,0.0020046|0.0034174|0.035753,0.010144|0.006738|0.051471,0.0020211|0.0034287|0.036324,0.0020046|0.0034174|0.035753,0.010144|0.006738|0.051471,-904.3448|-901.7319,state,1,186,0|0.02073|0.1082|0.002723,0|0.01841|0.09237|0.002458,0|0.1304|0.2389|0.1,
controlled,102,3,ge10,hmc_in,,oracle,ignorable,,,,,-10776.4,0.164575,0.13041,5268,012,True,0.09375,160,0.131558,5108,0.90625,0.98601,0.145923,0.654451,0.917723,0.0797603,0|0|2|0|1|0|1|2|2|152,0|0|0.983608|0|0.61082|0|0.789534|1.66849|1.79938|151.91,0|0|0|0|0|0|0|0|1|144,0.0000|0.3063|0.6937,0.0283|0.3141|0.6576,,,,,,,,state,2,172,0|0.02073|0.1082|0.002723,0|0.01841|0.09237|0.002458,0|0.1304|0.2389|0.1,
controlled,102,3,ge10,hmc_in,,oracle,state,,,,,-11543.8,0.142302,0.107631,5268,012,True,0.05625,160,0.10924,5108,0.94375,0.993289,0.0985188,0.349125,0.945423,0.0523768,0|0|0|0|1|0|1|0|2|156,0|0|0|0|0.626249|0|0.77295|0|1.78729|155.74,0|0|0|0|0|0|1|0|0|150,0.0000|0.3063|0.6937,0.0243|0.3113|0.6644,9.6177e-06|0.022081|0.10624,,,,,,,state,2,172,0|0.02073|0.1082|0.002723,0|0.01841|0.09237|0.002458,0|0.1304|0.2389|0.1,
controlled,102,3,ge10,hmc_in,,oracle,state-markov,,,,,-11544.7,0.162944,0.107631,5268,012,True,0.05625,160,0.10924,5108,0.94375,0.993254,0.0983885,0.347219,0.945453,0.0523494,0|0|0|0|1|0|1|0|2|156,0|0|0|0|0.627917|0|0.772356|0|1.78258|155.738,0|0|0|0|0|0|1|0|0|150,0.0000|0.3063|0.6937,0.0242|0.3114|0.6644,9.8358e-06|0.022105|0.10621,9.0684e-06|0.022108|0.10579,0.078035|0.022001|0.1098,,,,,state,2,172,0|0.02073|0.1082|0.002723,0|0.01841|0.09237|0.002458,0|0.1304|0.2389|0.1,
controlled,102,3,ge10,pmc_pair,,oracle,ignorable,,,,,-6709.62,0.380702,0.0677677,5268,012,True,0.0625,160,0.0679327,5108,0.9375,0.970282,0.109084,0.373242,0.9248,0.042726,0|0|2|1|3|4|0|1|7|142,0|0|1.02374|0.585689|1.92575|2.86087|0|0.832149|6.40272|141.614,0|0|1|1|2|3|0|1|5|137,0.0000|0.3063|0.6937,0.0343|0.3058|0.6600,,,,,,,,state,2,172,0|0.02073|0.1082|0.002723,0|0.01841|0.09237|0.002458,0|0.1304|0.2389|0.1,
controlled,102,3,ge10,pmc_pair,,oracle,state,,,,,-7470.02,0.334677,0.0548595,5268,012,True,0.025,160,0.0557948,5108,0.975,0.988869,0.0467573,0.12203,0.967972,0.0227043,0|0|0|0|0|3|1|2|2|152,0|0|0|0|0|2.09005|0.751581|1.71321|1.82836|151.836,0|0|0|0|0|2|1|2|2|149,0.0000|0.3063|0.6937,0.0143|0.3043|0.6815,9.6177e-06|0.022081|0.10624,,,,,,,state,2,172,0|0.02073|0.1082|0.002723,0|0.01841|0.09237|0.002458,0|0.1304|0.2389|0.1,
controlled,102,3,ge10,pmc_pair,,oracle,state-markov,,,,,-7470.98,0.391095,0.0548595,5268,012,True,0.025,160,0.0557948,5108,0.975,0.988955,0.0466668,0.121294,0.968055,0.0227906,0|0|0|0|0|3|1|2|2|152,0|0|0|0|0|2.10441|0.749561|1.71547|1.82809|151.835,0|0|0|0|0|2|1|2|2|149,0.0000|0.3063|0.6937,0.0142|0.3044|0.6814,9.8358e-06|0.022105|0.10621,9.0684e-06|0.022108|0.10579,0.078035|0.022001|0.1098,,,,,state,2,172,0|0.02073|0.1082|0.002723,0|0.01841|0.09237|0.002458,0|0.1304|0.2389|0.1,
controlled,102,3,ge10,hmc_in,0,unsupervised,ignorable,start,11,1.67039,-2.4117|-0.7853|0.9673,-7920.64,0.133109,0.384776,5268,021,False,0.70625,160,0.374706,5108,0.29375,0.985487,1.39418,4.03084,0.291448,0.7038,0|0|1|0|0|1|2|1|1|154,0|0|0.50344|0|0|0.702941|1.53151|0.859391|0.930638|153.15,0|0|1|0|0|0|2|0|0|44,0.0000|0.3063|0.6937,0.0075|0.9542|0.0382,,,,,,,-849.8717|-841.2032,state,2,172,0|0.02073|0.1082|0.002723,0|0.01841|0.09237|0.002458,0|0.1304|0.2389|0.1,
controlled,102,3,ge10,hmc_in,0,unsupervised,state,start,10,1.56669,-2.4099|-0.7663|0.9712,-8698.89,0.138653,0.385156,5268,021,False,0.70625,160,0.375098,5108,0.29375,0.993598,1.40032,5.7522,0.294505,0.699848,0|0|0|0|0|0|2|2|1|155,0|0|0|0|0|0|1.50398|1.71519|0.918883|154.838,0|0|0|0|0|0|1|1|0|45,0.0000|0.3063|0.6937,0.0060|0.9680|0.0260,0.0010228|0.003074|0.03424,,,0.0010228|0.003074|0.03424,,,-849.8717|-841.2032,state,2,172,0|0.02073|0.1082|0.002723,0|0.01841|0.09237|0.002458,0|0.1304|0.2389|0.1,
controlled,102,3,ge10,hmc_in,0,unsupervised,state-markov,start,10,1.42347,-2.4100|-0.7671|0.9710,-8694.91,0.115817,0.385156,5268,021,False,0.70625,160,0.375098,5108,0.29375,0.993505,1.40037,5.6992,0.294411,0.703159,0|0|0|0|0|1|1|1|2|155,0|0|0|0|0|0.727701|0.772494|0.844804|1.78411|154.832,0|0|0|0|0|1|0|0|1|45,0.0000|0.3063|0.6937,0.0060|0.9677|0.0263,0.0010467|0.0031435|0.034237,0.0010198|0.0031277|0.032589,0.026742|0.0081504|0.080719,0.0010467|0.0031435|0.034237,0.0010198|0.0031277|0.032589,0.026742|0.0081504|0.080719,-849.8717|-841.2032,state,2,172,0|0.02073|0.1082|0.002723,0|0.01841|0.09237|0.002458,0|0.1304|0.2389|0.1,
controlled,102,3,ge10,hmc_in,0,unsupervised,state,ignorable fit,3,0.41421,-2.4134|-0.7929|0.9658,-8698.07,0.143332,0.384776,5268,021,False,0.70625,160,0.374706,5108,0.29375,0.99354,1.39803,5.66585,0.295671,0.69979,0|0|0|0|0|1|0|2|2|155,0|0|0|0|0|0.691135|0|1.63091|1.8067|154.838,0|0|0|0|0|0|0|1|1|45,0.0000|0.3063|0.6937,0.0057|0.9687|0.0255,0.0009856|0.0032884|0.033904,,,0.0009856|0.0032884|0.033904,,,-849.8717|-841.2032,state,2,172,0|0.02073|0.1082|0.002723,0|0.01841|0.09237|0.002458,0|0.1304|0.2389|0.1,
controlled,102,3,ge10,hmc_in,0,unsupervised,state-markov,ignorable fit,3,0.434229,-2.4134|-0.7931|0.9657,-8694.09,0.121764,0.384586,5268,021,False,0.70625,160,0.374511,5108,0.29375,0.993474,1.39812,5.61666,0.295551,0.702374,0|0|0|0|0|1|1|1|2|155,0|0|0|0|0|0.705635|0.787966|0.825565|1.80479|154.832,0|0|0|0|0|0|1|0|1|45,0.0000|0.3063|0.6937,0.0057|0.9685|0.0259,0.0010141|0.0033464|0.033907,0.00098731|0.0033278|0.032268,0.0274|0.0088926|0.080588,0.0010141|0.0033464|0.033907,0.00098731|0.0033278|0.032268,0.0274|0.0088926|0.080588,-849.8717|-841.2032,state,2,172,0|0.02073|0.1082|0.002723,0|0.01841|0.09237|0.002458,0|0.1304|0.2389|0.1,
controlled,102,3,ge10,hmc_in,,oracle,ignorable,,,,,-10775.2,0.176912,0.13079,5268,012,True,0.115385,156,0.13126,5112,0.884615,0.980872,0.182217,1.02924,0.896101,0.10304,0|0|1|2|1|1|1|2|3|145,0|0|0.524379|1.14036|0.605776|0.709086|0.764238|1.63481|2.70664|144.931,0|0|0|0|0|0|1|0|3|134,0.0000|0.2500|0.7500,0.0281|0.2361|0.7357,,,,,,,,state,3,167,0|0.02073|0.1082|0.002723,0|0.01841|0.09237|0.002458,0|0.1304|0.2389|0.1,
controlled,102,3,ge10,hmc_in,,oracle,state,,,,,-11500.6,0.101986,0.107441,5268,012,True,0.0705128,156,0.108568,5112,0.929487,0.99622,0.139857,0.785213,0.926591,0.0698875,0|0|0|0|0|0|0|0|2|154,0|0|0|0|0|0|0|0|1.75393|153.656,0|0|0|0|0|0|0|0|2|143,0.0000|0.2500|0.7500,0.0192|0.2251|0.7556,9.3389e-06|0.017576|0.11198,,,,,,,state,3,167,0|0.02073|0.1082|0.002723,0|0.01841|0.09237|0.002458,0|0.1304|0.2389|0.1,
controlled,102,3,ge10,hmc_in,,oracle,state-markov,,,,,-11500.9,0.150612,0.107441,5268,012,True,0.0705128,156,0.108568,5112,0.929487,0.996036,0.140034,0.784376,0.926376,0.0702964,0|0|0|0|0|0|0|2|0|154,0|0|0|0|0|0|0|1.70767|0|153.674,0|0|0|0|0|0|0|2|0|143,0.0000|0.2500|0.7500,0.0192|0.2259|0.7549,9.5461e-06|0.017615|0.11195,8.5518e-06|0.017423|0.10885,0.10417|0.028312|0.13648,,,,,state,3,167,0|0.02073|0.1082|0.002723,0|0.01841|0.09237|0.002458,0|0.1304|0.2389|0.1,
controlled,102,3,ge10,pmc_pair,,oracle,ignorable,,,,,-6702.94,0.388167,0.0670084,5268,012,True,0.0705128,156,0.0669014,5112,0.929487,0.959967,0.122207,0.459608,0.909939,0.0561197,0|0|1|4|2|2|3|3|11|130,0|0|0.507446|2.29874|1.3192|1.38217|2.25984|2.51631|9.97521|129.496,0|0|0|3|2|2|1|2|9|126,0.0000|0.2500|0.7500,0.0218|0.2388|0.7394,,,,,,,,state,3,167,0|0.02073|0.1082|0.002723,0|0.01841|0.09237|0.002458,0|0.1304|0.2389|0.1,
controlled,102,3,ge10,pmc_pair,,oracle,state,,,,,-7411.07,0.391863,0.0607441,5268,012,True,0.0512821,156,0.0610329,5112,0.948718,0.979263,0.0906944,0.286769,0.940563,0.0491201,0|0|0|1|5|0|2|1|1|146,0|0|0|0.593721|3.10391|0|1.53571|0.853495|0.868306|145.81,0|0|0|1|4|0|0|1|0|142,0.0000|0.2500|0.7500,0.0051|0.2350|0.7599,9.3389e-06|0.017576|0.11198,,,,,,,state,3,167,0|0.02073|0.1082|0.002723,0|0.01841|0.09237|0.002458,0|0.1304|0.2389|0.1,
controlled,102,3,ge10,pmc_pair,,oracle,state-markov,,,,,-7411.25,0.395165,0.0607441,5268,012,True,0.0512821,156,0.0610329,5112,0.948718,0.980189,0.0886112,0.289052,0.941706,0.0511385,0|0|0|1|2|3|2|1|1|146,0|0|0|0.596094|1.27558|2.0201|1.5159|0.849716|0.867709|145.784,0|0|0|1|1|3|0|1|0|142,0.0000|0.2500|0.7500,0.0049|0.2366|0.7585,9.5461e-06|0.017615|0.11195,8.5518e-06|0.017423|0.10885,0.10417|0.028312|0.13648,,,,,state,3,167,0|0.02073|0.1082|0.002723,0|0.01841|0.09237|0.002458,0|0.1304|0.2389|0.1,
controlled,102,3,ge10,hmc_in,0,unsupervised,ignorable,start,11,1.68347,-2.4119|-0.7915|0.9614,-7901.88,0.131619,0.384966,5268,021,False,0.762821,156,0.373435,5112,0.237179,0.983202,1.49739,4.39464,0.239614,0.758257,0|0|2|1|1|0|0|1|1|150,0|0|1.03227|0.590126|0.600348|0|0|0.855272|0.918026|149.384,0|0|0|1|1|0|0|1|0|34,0.0000|0.2500|0.7500,0.0072|0.9559|0.0369,,,,,,,-830.1400|-813.9768,state,3,167,0|0.02073|0.1082|0.002723,0|0.01841|0.09237|0.002458,0|0.1304|0.2389|0.1,
controlled,102,3,ge10,hmc_in,0,unsupervised,state,start,11,1.62408,-2.4116|-0.7768|0.9651,-8665.77,0.145258,0.385915,5268,021,False,0.762821,156,0.374413,5112,0.237179,0.99548,1.51423,6.26559,0.238805,0.7583,0|0|0|0|0|0|0|2|2|152,0|0|0|0|0|0|0|1.68878|1.82349|151.783,0|0|0|0|0|0|0|0|1|36,0.0000|0.2500|0.7500,0.0065|0.9727|0.0208,0.0014401|0.0030296|0.032993,,,0.0014401|0.0030296|0.032993,,,-830.1400|-813.9768,state,3,167,0|0.02073|0.1082|0.002723,0|0.01841|0.09237|0.002458,0|0.1304|0.2389|0.1,
controlled,102,3,ge10,hmc_in,0,unsupervised,state-markov,start,11,1.72699,-2.4116|-0.7783|0.9647,-8656.52,0.120366,0.385915,5268,021,False,0.762821,156,0.374413,5112,0.237179,0.995282,1.51398,6.15606,0.23877,0.758102,0|0|0|0|0|0|0|1|3|152,0|0|0|0|0|0|0|0.815822|2.67327|151.775,0|0|0|0|0|0|0|0|1|36,0.0000|0.2500|0.7500,0.0065|0.9722|0.0213,0.001478|0.003132|0.032951,0.0014413|0.0030975|0.030392,0.026289|0.014096|0.10805,0.001478|0.003132|0.032951,0.0014413|0.0030975|0.030392,0.026289|0.014096|0.10805,-830.1400|-813.9768,state,3,167,0|0.02073|0.1082|0.002723,0|0.01841|0.09237|0.002458,0|0.1304|0.2389|0.1,
controlled,102,3,ge10,hmc_in,0,unsupervised,state,ignorable fit,3,0.407153,-2.4136|-0.7986|0.9603,-8665.36,0.133864,0.385535,5268,021,False,0.762821,156,0.374022,5112,0.237179,0.995129,1.51325,6.14974,0.239038,0.75795,0|0|0|0|0|0|0|2|2|152,0|0|0|0|0|0|0|1.65284|1.81294|151.774,0|0|0|0|0|0|0|0|1|36,0.0000|0.2500|0.7500,0.0065|0.9727|0.0208,0.0013986|0.0033285|0.032662,,,0.0013986|0.0033285|0.032662,,,-830.1400|-813.9768,state,3,167,0|0.02073|0.1082|0.002723,0|0.01841|0.09237|0.002458,0|0.1304|0.2389|0.1,
controlled,102,3,ge10,hmc_in,0,unsupervised,state-markov,ignorable fit,3,0.483703,-2.4136|-0.7990|0.9602,-8656.11,0.134992,0.385535,5268,021,False,0.762821,156,0.374022,5112,0.237179,0.994949,1.51307,6.05342,0.238979,0.75777,0|0|0|0|0|0|0|2|3|151,0|0|0|0|0|0|0|1.65389|2.72152|150.837,0|0|0|0|0|0|0|0|2|35,0.0000|0.2500|0.7500,0.0065|0.9722|0.0213,0.0014381|0.0034256|0.032629,0.0014021|0.0033872|0.030085,0.026398|0.014608|0.10804,0.0014381|0.0034256|0.032629,0.0014021|0.0033872|0.030085,0.026398|0.014608|0.10804,-830.1400|-813.9768,state,3,167,0|0.02073|0.1082|0.002723,0|0.01841|0.09237|0.002458,0|0.1304|0.2389|0.1,
controlled,102,3,ge10,hmc_in,,oracle,ignorable,,,,,-10758.8,0.174475,0.13079,5268,012,True,0.104396,182,0.131734,5086,0.895604,0.98545,0.183113,0.89443,0.898917,0.0898458,0|0|2|0|2|1|0|1|4|172,0|0|1.0062|0|1.28268|0.669305|0|0.859423|3.65001|171.884,0|0|1|0|1|0|0|0|1|160,0.0000|0.3352|0.6648,0.0460|0.3132|0.6408,,,,,,,,state,4,187,0|0.02073|0.1082|0.002723,0|0.01841|0.09237|0.002458,0|0.1304|0.2389|0.1,
controlled,102,3,ge10,hmc_in,,oracle,state,,,,,-11577.3,0.175955,0.111427,5268,012,True,0.0604396,182,0.113252,5086,0.93956,0.982219,0.10345,0.441216,0.935885,0.0480929,0|0|1|1|1|2|4|0|4|169,0|0|0.505485|0.595085|0.629576|1.43901|3.0172|0|3.59415|168.983,0|0|1|0|0|0|3|0|3|164,0.0000|0.3352|0.6648,0.0196|0.3420|0.6384,1.0454e-05|0.027487|0.11581,,,,,,,state,4,187,0|0.02073|0.1082|0.002723,0|0.01841|0.09237|0.002458,0|0.1304|0.2389|0.1,
controlled,102,3,ge10,hmc_in,,oracle,state-markov,,,,,-11567.3,0.177557,0.111617,5268,012,True,0.0659341,182,0.113252,5086,0.934066,0.981709,0.103209,0.437462,0.935759,0.0551715,0|0|1|1|3|1|3|0|4|169,0|0|0.528981|0.57256|1.9868|0.701208|2.3149|0|3.58232|168.984,0|0|0|0|0|0|3|0|3|164,0.0000|0.3352|0.6648,0.0185|0.3422|0.6393,1.0707e-05|0.027504|0.1158,9.5965e-06|0.02641|0.11582,0.10372|0.066189|0.1156,,,,,state,4,187,0|0.02073|0.1082|0.002723,0|0.01841|0.09237|0.002458,0|0.1304|0.2389|0.1,
controlled,102,3,ge10,pmc_pair,,oracle,ignorable,,,,,-6670.86,0.340174,0.0677677,5268,012,True,0.0714286,182,0.0676366,5086,0.928571,0.959907,0.130549,0.590289,0.906788,0.062656,0|0|1|3|6|3|4|2|7|156,0|0|0.527506|1.64159|3.82652|2.15446|3.08687|1.64133|6.35518|155.47,0|0|1|1|5|3|3|2|6|148,0.0000|0.3352|0.6648,0.0464|0.3266|0.6270,,,,,,,,state,4,187,0|0.02073|0.1082|0.002723,0|0.01841|0.09237|0.002458,0|0.1304|0.2389|0.1,
controlled,102,3,ge10,pmc_pair,,oracle,state,,,,,-7470.12,0.361376,0.0571374,5268,012,True,0.0384615,182,0.0578057,5086,0.961538,0.990667,0.0662501,0.201534,0.959083,0.0354539,0|0|0|0|0|1|1|2|6|172,0|0|0|0|0|0.710265|0.739025|1.61919|5.42439|171.809,0|0|0|0|0|0|0|1|6|168,0.0000|0.3352|0.6648,0.0044|0.3569|0.6387,1.0454e-05|0.027487|0.11581,,,,,,,state,4,187,0|0.02073|0.1082|0.002723,0|0.01841|0.09237|0.002458,0|0.1304|0.2389|0.1,
controlled,102,3,ge10,pmc_pair,,oracle,state-markov,,,,,-7461.9,0.385239,0.0571374,5268,012,True,0.0384615,182,0.0578057,5086,0.961538,0.991111,0.0650142,0.196401,0.960207,0.03472,0|0|0|0|0|2|1|1|3|175,0|0|0|0|0|1.39703|0.79021|0.822913|2.70865|174.663,0|0|0|0|0|0|0|1|3|171,0.0000|0.3352|0.6648,0.0042|0.3574|0.6384,1.0707e-05|0.027504|0.1158,9.5965e-06|0.02641|0.11582,0.10372|0.066189|0.1156,,,,,state,4,187,0|0.02073|0.1082|0.002723,0|0.01841|0.09237|0.002458,0|0.1304|0.2389|0.1,
controlled,102,3,ge10,hmc_in,0,unsupervised,ignorable,start,11,1.62535,-2.4112|-0.7831|0.9661,-7898.91,0.125775,0.385535,5268,021,False,0.664835,182,0.375541,5086,0.335165,0.969215,1.29952,3.77752,0.329317,0.657109,0|0|1|3|4|3|1|1|4|165,0|0|0.514485|1.62981|2.53156|2.09333|0.748128|0.855584|3.6201|164.404,0|0|1|0|4|2|0|1|2|51,0.0000|0.3352|0.6648,0.0072|0.9274|0.0654,,,,,,,-908.1935|-891.9617,state,4,187,0|0.02073|0.1082|0.002723,0|0.01841|0.09237|0.002458,0|0.1304|0.2389|0.1,
controlled,102,3,ge10,hmc_in,0,unsupervised,state,start,10,1.49239,-2.4099|-0.7684|0.9690,-8731.52,0.151359,0.384776,5268,021,False,0.664835,182,0.374754,5086,0.335165,0.989065,1.31101,5.03137,0.335973,0.657843,0|0|0|1|1|0|1|2|4|173,0|0|0|0.591747|0.641175|0|0.779779|1.70532|3.58088|172.711,0|0|0|0|1|0|0|1|2|57,0.0000|0.3352|0.6648,0.0000|0.9515|0.0485,1.4272e-05|0.0055367|0.036647,,,1.4272e-05|0.0055367|0.036647,,,-908.1935|-891.9617,state,4,187,0|0.02073|0.1082|0.002723,0|0.01841|0.09237|0.002458,0|0.1304|0.2389|0.1,
controlled,102,3,ge10,hmc_in,0,unsupervised,state-markov,start,11,1.68263,-2.4114|-0.7764|0.9675,-8721.36,0.136454,0.384776,5268,021,False,0.664835,182,0.374754,5086,0.335165,0.988025,1.3075,4.86003,0.336877,0.656633,0|0|0|1|1|0|1|2|5|172,0|0|0|0.565543|0.656748|0|0.785452|1.64935|4.50289|171.661,0|0|0|0|1|0|0|1|2|57,0.0000|0.3352|0.6648,0.0000|0.9508|0.0492,1.5098e-05|0.0055858|0.036562,1.4016e-05|0.0051605|0.034015,0.071686|0.081302|0.10367,1.5098e-05|0.0055858|0.036562,1.4016e-05|0.0051605|0.034015,0.071686|0.081302|0.10367,-908.1935|-891.9617,state,4,187,0|0.02073|0.1082|0.002723,0|0.01841|0.09237|0.002458,0|0.1304|0.2389|0.1,
controlled,102,3,ge10,hmc_in,0,unsupervised,state,ignorable fit,4,0.59524,-2.4134|-0.7928|0.9641,-8730.79,0.12078,0.384207,5268,021,False,0.664835,182,0.374164,5086,0.335165,0.989085,1.30984,5.01813,0.336732,0.657349,0|0|1|0|0|1|0|3|3|174,0|0|0.510002|0|0|0.687944|0|2.51451|2.66232|173.639,0|0|0|0|0|1|0|1|1|58,0.0000|0.3352|0.6648,0.0001|0.9527|0.0472,5.1234e-05|0.0054284|0.036441,,,5.1234e-05|0.0054284|0.036441,,,-908.1935|-891.9617,state,4,187,0|0.02073|0.1082|0.002723,0|0.01841|0.09237|0.002458,0|0.1304|0.2389|0.1,
controlled,102,3,ge10,hmc_in,0,unsupervised,state-markov,ignorable fit,4,0.592619,-2.4134|-0.7933|0.9639,-8721.03,0.133559,0.384207,5268,021,False,0.664835,182,0.374164,5086,0.335165,0.988016,1.30664,4.84896,0.337419,0.656251,0|0|1|0|0|1|0|3|4|173,0|0|0.504734|0|0|0.69058|0|2.45921|3.58063|172.584,0|0|0|0|0|1|0|1|1|58,0.0000|0.3352|0.6648,0.0002|0.9518|0.0481,7.4927e-05|0.0054752|0.03641,6.8489e-05|0.0050638|0.03387,0.085998|0.080211|0.10362,7.4927e-05|0.0054752|0.03641,6.8489e-05|0.0050638|0.03387,0.085998|0.080211|0.10362,-908.1935|-891.9617,state,4,187,0|0.02073|0.1082|0.002723,0|0.01841|0.09237|0.002458,0|0.1304|0.2389|0.1,
controlled,102,3,ge10,hmc_in,,oracle,ignorable,,,,,-10780.8,0.124695,0.13003,5268,012,True,0.103896,154,0.130817,5114,0.896104,0.994755,0.202097,1.34405,0.894344,0.0986508,0|0|0|0|0|0|2|0|1|151,0|0|0|0|0|0|1.57803|0|0.893778|150.72,0|0|0|0|0|0|1|0|0|137,0.0000|0.2922|0.7078,0.0526|0.2773|0.6702,,,,,,,,state-markov,0,165,0|0.02073|0.1082|0.002723,0|0.01841|0.09237|0.002458,0|0.1304|0.2389|0.1,
controlled,102,3,ge10,hmc_in,,oracle,state,,,,,-11550.4,0.0960832,0.107062,5268,012,True,0.0584416,154,0.108526,5114,0.941558,0.984368,0.117521,0.643,0.932067,0.0663025,0|0|1|4|0|0|0|0|0|149,0|0|0.511962|2.19103|0|0|0|0|0|148.89,0|0|0|4|0|0|0|0|0|141,0.0000|0.2922|0.7078,0.0275|0.2934|0.6790,9.2274e-06|0.020279|0.10432,,,,,,,state-markov,0,165,0|0.02073|0.1082|0.002723,0|0.01841|0.09237|0.002458,0|0.1304|0.2389|0.1,
controlled,102,3,ge10,hmc_in,,oracle,state-markov,,,,,-11508.3,0.134592,0.107631,5268,012,True,0.0779221,154,0.108526,5114,0.922078,0.995644,0.158827,0.845673,0.917885,0.0803268,0|0|1|0|0|0|0|0|0|153,0|0|0.4794|0|0|0|0|0|0|152.85,0|0|1|0|0|0|0|0|0|141,0.0000|0.2922|0.7078,0.0422|0.2928|0.6649,9.4303e-06|0.020381|0.10445,7.5273e-06|0.016551|0.090731,0.20181|0.20448|0.22203,,,,,state-markov,0,165,0|0.02073|0.1082|0.002723,0|0.01841|0.09237|0.002458,0|0.1304|0.2389|0.1,
controlled,102,3,ge10,pmc_pair,,oracle,ignorable,,,,,-6719.57,0.282297,0.0894077,5268,012,True,0.0974026,154,0.089167,5114,0.902597,0.984274,0.171361,0.744824,0.900497,0.0816768,0|0|0|0|0|1|2|2|4|145,0|0|0|0|0|0.719176|1.51754|1.6809|3.62236|144.038,0|0|0|0|0|0|0|0|2|137,0.0000|0.2922|0.7078,0.0605|0.2632|0.6763,,,,,,,,state-markov,0,165,0|0.02073|0.1082|0.002723,0|0.01841|0.09237|0.002458,0|0.1304|0.2389|0.1,
controlled,102,3,ge10,pmc_pair,,oracle,state,,,,,-7481.71,0.308407,0.0548595,5268,012,True,0.0519481,154,0.0549472,5114,0.948052,0.980746,0.0816706,0.176043,0.943674,0.0382657,0|0|0|1|0|2|2|2|9|138,0|0|0|0.581114|0|1.41887|1.57098|1.64057|8.14692|137.676,0|0|0|0|0|1|2|1|7|135,0.0000|0.2922|0.7078,0.0074|0.3022|0.6904,9.2274e-06|0.020279|0.10432,,,,,,,state-markov,0,165,0|0.02073|0.1082|0.002723,0|0.01841|0.09237|0.002458,0|0.1304|0.2389|0.1,
controlled,102,3,ge10,pmc_pair,,oracle,state-markov,,,,,-7447.17,0.344075,0.0573273,5268,012,True,0.0584416,154,0.0572937,5114,0.941558,0.987055,0.104769,0.318581,0.938047,0.0582036,0|0|1|1|0|0|1|1|4|146,0|0|0.527775|0.584455|0|0|0.751426|0.857368|3.63643|145.649,0|0|1|0|0|0|0|1|4|139,0.0000|0.2922|0.7078,0.0321|0.2854|0.6825,9.4303e-06|0.020381|0.10445,7.5273e-06|0.016551|0.090731,0.20181|0.20448|0.22203,,,,,state-markov,0,165,0|0.02073|0.1082|0.002723,0|0.01841|0.09237|0.002458,0|0.1304|0.2389|0.1,
controlled,102,3,ge10,hmc_in,0,unsupervised,ignorable,start,11,1.46637,-2.4111|-0.7808|0.9646,-7917.11,0.124481,0.385535,5268,021,False,0.714286,154,0.375636,5114,0.285714,0.985044,1.39859,3.95516,0.288247,0.703045,0|0|0|1|0|0|3|1|2|147,0|0|0|0.572849|0|0|2.31331|0.866227|1.84775|146.097,0|0|0|0|0|0|1|1|2|40,0.0000|0.2922|0.7078,0.0128|0.9329|0.0543,,,,,,,-822.2049|-767.5576,state-markov,0,165,0|0.02073|0.1082|0.002723,0|0.01841|0.09237|0.002458,0|0.1304|0.2389|0.1,
controlled,102,3,ge10,hmc_in,0,unsupervised,state,start,10,1.33929,-2.4093|-0.7597|0.9697,-8681.44,0.133399,0.386864,5268,021,False,0.714286,154,0.377004,5114,0.285714,0.987836,1.4019,5.53143,0.290306,0.704577,0|0|1|1|0|0|2|1|1|148,0|0|0.513489|0.548276|0|0|1.51591|0.810954|0.915331|147.823,0|0|0|0|0|0|1|1|0|42,0.0000|0.2922|0.7078,0.0081|0.9453|0.0466,0.0021735|0.0038523|0.032007,,,0.0021735|0.0038523|0.032007,,,-822.2049|-767.5576,state-markov,0,165,0|0.02073|0.1082|0.002723,0|0.01841|0.09237|0.002458,0|0.1304|0.2389|0.1,
controlled,102,3,ge10,hmc_in,0,unsupervised,state-markov,start,10,1.40488,-2.4089|-0.7615|0.9690,-8638.56,0.162554,0.386674,5268,021,False,0.714286,154,0.376809,5114,0.285714,0.990282,1.41506,5.35037,0.285022,0.710786,0|0|1|0|0|0|2|1|2|148,0|0|0.521174|0|0|0|1.5513|0.866091|1.77888|147.786,0|0|1|0|0|0|1|0|0|42,0.0000|0.2922|0.7078,0.0154|0.9429|0.0417,0.0026692|0.0034745|0.032054,0.0020501|0.0032474|0.026204,0.23402|0.068616|0.20872,0.0026692|0.0034745|0.032054,0.0020501|0.0032474|0.026204,0.23402|0.068616|0.20872,-822.2049|-767.5576,state-markov,0,165,0|0.02073|0.1082|0.002723,0|0.01841|0.09237|0.002458,0|0.1304|0.2389|0.1,
controlled,102,3,ge10,hmc_in,0,unsupervised,state,ignorable fit,3,0.397782,-2.4128|-0.7868|0.9639,-8680.72,0.125442,0.384966,5268,021,False,0.701299,154,0.37544,5114,0.298701,0.987754,1.39882,5.44178,0.292009,0.704271,0|0|2|0|0|0|2|1|1|148,0|0|0.995673|0|0|0|1.55014|0.832516|0.910481|147.825,0|0|2|0|0|0|1|1|0|42,0.0000|0.2922|0.7078,0.0064|0.9453|0.0484,0.0020244|0.0041772|0.031685,,,0.0020244|0.0041772|0.031685,,,-822.2049|-767.5576,state-markov,0,165,0|0.02073|0.1082|0.002723,0|0.01841|0.09237|0.002458,0|0.1304|0.2389|0.1,
controlled,102,3,ge10,hmc_in,0,unsupervised,state-markov,ignorable fit,3,0.417454,-2.4126|-0.7872|0.9637,-8637.88,0.11399,0.385535,5268,021,False,0.714286,154,0.375636,5114,0.285714,0.990218,1.40758,5.18772,0.288264,0.710284,0|0|0|0|0|1|3|1|1|148,0|0|0|0|0|0.697973|2.27069|0.856925|0.906709|147.761,0|0|0|0|0|1|0|1|0|42,0.0000|0.2922|0.7078,0.0122|0.9426|0.0451,0.0023511|0.0039212|0.031744,0.0019009|0.0035268|0.025957,0.19341|0.10411|0.20828,0.0023511|0.0039212|0.031744,0.0019009|0.0035268|0.025957,0.19341|0.10411|0.20828,-822.2049|-767.5576,state-markov,0,165,0|0.02073|0.1082|0.002723,0|0.01841|0.09237|0.002458,0|0.1304|0.2389|0.1,
controlled,102,3,ge10,hmc_in,,oracle,ignorable,,,,,-10744,0.16034,0.13041,5268,012,True,0.102151,186,0.131444,5082,0.897849,0.988474,0.187198,1.20709,0.89864,0.10059,0|0|1|1|0|2|1|1|1|179,0|0|0.501693|0.54496|0|1.42574|0.775436|0.855077|0.897726|178.855,0|0|0|1|0|0|1|1|1|163,0.0000|0.2796|0.7204,0.0666|0.2522|0.6812,,,,,,,,state-markov,1,195,0|0.02073|0.1082|0.002723,0|0.01841|0.09237|0.002458,0|0.1304|0.2389|0.1,
controlled,102,3,ge10,hmc_in,,oracle,state,,,,,-11621,0.127685,0.108011,5268,012,True,0.0537634,186,0.109996,5082,0.946237,0.987881,0.112588,0.361267,0.93561,0.060627,0|0|0|4|0|0|0|0|3|179,0|0|0|2.23466|0|0|0|0|2.66393|178.847,0|0|0|4|0|0|0|0|2|170,0.0000|0.2796|0.7204,0.0246|0.2735|0.7019,1.09e-05|0.023433|0.12825,,,,,,,state-markov,1,195,0|0.02073|0.1082|0.002723,0|0.01841|0.09237|0.002458,0|0.1304|0.2389|0.1,
controlled,102,3,ge10,hmc_in,,oracle,state-markov,,,,,-11575,0.147063,0.10877,5268,012,True,0.0806452,186,0.109799,5082,0.919355,0.995207,0.153406,0.647017,0.919468,0.0774465,0|0|0|0|1|0|0|1|3|181,0|0|0|0|0.646227|0|0|0.851709|2.70224|180.908,0|0|0|0|0|0|0|1|2|168,0.0000|0.2796|0.7204,0.0572|0.2690|0.6738,1.1173e-05|0.023482|0.12837,8.7502e-06|0.021226|0.10748,0.21684|0.1173|0.27027,,,,,state-markov,1,195,0|0.02073|0.1082|0.002723,0|0.01841|0.09237|0.002458,0|0.1304|0.2389|0.1,
controlled,102,3,ge10,pmc_pair,,oracle,ignorable,,,,,-6692.58,0.344936,0.0797267,5268,012,True,0.0967742,186,0.0791027,5082,0.903226,0.965535,0.155748,0.677347,0.898689,0.072865,0|0|3|3|1|5|2|3|4|165,0|0|1.57735|1.64368|0.632474|3.45916|1.51543|2.50289|3.64956|164.609,0|0|1|1|0|1|2|3|3|157,0.0000|0.2796|0.7204,0.0667|0.2502|0.6831,,,,,,,,state-markov,1,195,0|0.02073|0.1082|0.002723,0|0.01841|0.09237|0.002458,0|0.1304|0.2389|0.1,
controlled,102,3,ge10,pmc_pair,,oracle,state,,,,,-7534.4,0.390259,0.0569476,5268,012,True,0.0215054,186,0.0582448,5082,0.978495,0.986898,0.0456377,0.135569,0.96828,0.0266949,0|0|2|0|1|1|1|0|1|180,0|0|1.01023|0|0.649033|0.715932|0.735729|0|0.923665|179.528,0|0|2|0|1|1|0|0|1|177,0.0000|0.2796|0.7204,0.0095|0.2851|0.7054,1.09e-05|0.023433|0.12825,,,,,,,state-markov,1,195,0|0.02073|0.1082|0.002723,0|0.01841|0.09237|0.002458,0|0.1304|0.2389|0.1,
controlled,102,3,ge10,pmc_pair,,oracle,state-markov,,,,,-7509.35,0.349399,0.0567578,5268,012,True,0.0376344,186,0.0574577,5082,0.962366,0.987225,0.0657722,0.198311,0.956902,0.0345378,0|0|0|1|0|2|1|4|1|177,0|0|0|0.574842|0|1.3918|0.782874|3.40578|0.911282|176.557,0|0|0|0|0|1|1|4|1|172,0.0000|0.2796|0.7204,0.0253|0.2818|0.6929,1.1173e-05|0.023482|0.12837,8.7502e-06|0.021226|0.10748,0.21684|0.1173|0.27027,,,,,state-markov,1,195,0|0.02073|0.1082|0.002723,0|0.01841|0.09237|0.002458,0|0.1304|0.2389|0.1,
controlled,102,3,ge10,hmc_in,0,unsupervised,ignorable,start,11,1.5911,-2.4122|-0.7872|0.9627,-7871.44,0.135053,0.385725,5268,021,False,0.763441,186,0.371901,5082,0.236559,0.978454,1.48228,4.30045,0.243591,0.748056,0|0|2|1|2|1|1|1|2|176,0|0|1.01491|0.548564|1.29776|0.678344|0.748653|0.815703|1.78128|175.107,0|0|0|0|1|1|1|0|0|41,0.0000|0.2796|0.7204,0.0383|0.9124|0.0493,,,,,,,-938.7895|-872.2612,state-markov,1,195,0|0.02073|0.1082|0.002723,0|0.01841|0.09237|0.002458,0|0.1304|0.2389|0.1,
controlled,102,3,ge10,hmc_in,0,unsupervised,state,start,11,1.63525,-2.4118|-0.7751|0.9661,-8747.13,0.13855,0.385535,5268,021,False,0.758065,186,0.371901,5082,0.241935,0.987607,1.48161,6.45669,0.251082,0.745672,0|0|2|1|1|0|0|0|1|181,0|0|0.953196|0.596113|0.655247|0|0|0|0.928742|180.562,0|0|0|0|0|0|0|0|0|45,0.0000|0.2796|0.7204,0.0407|0.9419|0.0175,0.0054624|0.0020263|0.037614,,,0.0054624|0.0020263|0.037614,,,-938.7895|-872.2612,state-markov,1,195,0|0.02073|0.1082|0.002723,0|0.01841|0.09237|0.002458,0|0.1304|0.2389|0.1,
controlled,102,3,ge10,hmc_in,0,unsupervised,state-markov,start,11,1.59666,-2.4119|-0.7785|0.9652,-8691.98,0.140033,0.384966,5268,021,False,0.741935,186,0.371901,5082,0.258065,0.987019,1.47917,5.70163,0.251123,0.739307,0|0|2|0|0|2|0|0|5|177,0|0|1.03727|0|0|1.40963|0|0|4.50528|176.633,0|0|2|0|0|1|0|0|4|41,0.0000|0.2796|0.7204,0.0401|0.9309|0.0290,0.005389|0.0028456|0.037297,0.0037816|0.0023823|0.030462,0.30206|0.1652|0.21372,0.005389|0.0028456|0.037297,0.0037816|0.0023823|0.030462,0.30206|0.1652|0.21372,-938.7895|-872.2612,state-markov,1,195,0|0.02073|0.1082|0.002723,0|0.01841|0.09237|0.002458,0|0.1304|0.2389|0.1,
controlled,102,3,ge10,hmc_in,0,unsupervised,state,ignorable fit,4,0.51039,-2.4142|-0.7951|0.9618,-8746.82,0.138134,0.385345,5268,021,False,0.741935,186,0.372294,5082,0.258065,0.988129,1.47703,6.17507,0.252912,0.74339,0|0|1|0|2|1|0|0|5|177,0|0|0.50369|0|1.25707|0.716698|0|0|4.58582|176.729,0|0|1|0|2|0|0|0|2|43,0.0000|0.2796|0.7204,0.0394|0.9396|0.0210,0.0050756|0.0028578|0.037195,,,0.0050756|0.0028578|0.037195,,,-938.7895|-872.2612,state-markov,1,195,0|0.02073|0.1082|0.002723,0|0.01841|0.09237|0.002458,0|0.1304|0.2389|0.1,
controlled,102,3,ge10,hmc_in,0,unsupervised,state-markov,ignorable fit,4,0.570821,-2.4143|-0.7967|0.9613,-8691.55,0.11619,0.385156,5268,021,False,0.741935,186,0.372098,5082,0.258065,0.987062,1.47856,5.60616,0.251324,0.743952,0|0|1|1|0|1|1|1|4|177,0|0|0.499182|0.570103|0|0.673601|0.741332|0.866345|3.63877|176.604,0|0|1|1|0|1|0|1|3|41,0.0000|0.2796|0.7204,0.0396|0.9304|0.0299,0.0051601|0.0032109|0.037022,0.0036146|0.0026666|0.030245,0.30313|0.17217|0.21329,0.0051601|0.0032109|0.037022,0.0036146|0.0026666|0.030245,0.30313|0.17217|0.21329,-938.7895|-872.2612,state-markov,1,195,0|0.02073|0.1082|0.002723,0|0.01841|0.09237|0.002458,0|0.1304|0.2389|0.1,
controlled,102,3,ge10,hmc_in,,oracle,ignorable,,,,,-10776.9,0.134715,0.13003,5268,012,True,0.08,150,0.131497,5118,0.92,0.981519,0.111702,0.529642,0.932049,0.064704,0|0|1|2|2|0|1|0|3|141,0|0|0.505886|1.18617|1.23718|0|0.761155|0|2.70871|140.829,0|0|0|0|0|0|1|0|0|137,0.0000|0.3067|0.6933,0.0287|0.3081|0.6633,,,,,,,,state-markov,2,160,0|0.02073|0.1082|0.002723,0|0.01841|0.09237|0.002458,0|0.1304|0.2389|0.1,
controlled,102,3,ge10,hmc_in,,oracle,state,,,,,-11470.1,0.12882,0.115793,5268,012,True,0.0466667,150,0.117819,5118,0.953333,0.990074,0.082469,0.260825,0.95059,0.0474757,0|0|0|0|0|1|1|4|2|142,0|0|0|0|0|0.691453|0.784854|3.35153|1.84333|141.84,0|0|0|0|0|0|0|4|2|137,0.0000|0.3067|0.6933,0.0132|0.3236|0.6632,8.9487e-06|0.020729|0.099539,,,,,,,state-markov,2,160,0|0.02073|0.1082|0.002723,0|0.01841|0.09237|0.002458,0|0.1304|0.2389|0.1,
controlled,102,3,ge10,hmc_in,,oracle,state-markov,,,,,-11442.2,0.148648,0.115983,5268,012,True,0.0466667,150,0.118015,5118,0.953333,0.990855,0.0831552,0.256543,0.950729,0.0478837,0|0|0|0|0|0|2|2|4|142,0|0|0|0|0|0|1.52739|1.68191|3.54096|141.878,0|0|0|0|0|0|0|2|4|137,0.0000|0.3067|0.6933,0.0132|0.3238|0.6630,9.1411e-06|0.020757|0.099523,7.2391e-06|0.017946|0.086094,0.20807|0.15336|0.22103,,,,,state-markov,2,160,0|0.02073|0.1082|0.002723,0|0.01841|0.09237|0.002458,0|0.1304|0.2389|0.1,
controlled,102,3,ge10,pmc_pair,,oracle,ignorable,,,,,-6716.72,0.335474,0.0671982,5268,012,True,0.0466667,150,0.0677999,5118,0.953333,0.967279,0.0889421,0.373992,0.931203,0.0454217,0|0|1|1|0|4|7|0|6|131,0|0|0.520177|0.564047|0|2.83396|5.28518|0|5.39913|130.489,0|0|1|0|0|4|6|0|5|127,0.0000|0.3067|0.6933,0.0306|0.3137|0.6557,,,,,,,,state-markov,2,160,0|0.02073|0.1082|0.002723,0|0.01841|0.09237|0.002458,0|0.1304|0.2389|0.1,
controlled,102,3,ge10,pmc_pair,,oracle,state,,,,,-7407.31,0.348014,0.0637813,5268,012,True,0.04,150,0.0644783,5118,0.96,0.979785,0.0620666,0.154845,0.955069,0.0297647,0|0|1|0|5|0|0|0|3|141,0|0|0.506558|0|3.17424|0|0|0|2.74497|140.542,0|0|1|0|2|0|0|0|3|138,0.0000|0.3067|0.6933,0.0000|0.3175|0.6825,8.9487e-06|0.020729|0.099539,,,,,,,state-markov,2,160,0|0.02073|0.1082|0.002723,0|0.01841|0.09237|0.002458,0|0.1304|0.2389|0.1,
controlled,102,3,ge10,pmc_pair,,oracle,state-markov,,,,,-7382.4,0.322427,0.0622627,5268,012,True,0.02,150,0.0635014,5118,0.98,0.977618,0.0527115,0.14349,0.958623,0.030808,0|0|0|4|1|1|0|0|5|139,0|0|0|2.17221|0.632573|0.705981|0|0|4.61715|138.515,0|0|0|4|1|1|0|0|4|137,0.0000|0.3067|0.6933,0.0000|0.3215|0.6784,9.1411e-06|0.020757|0.099523,7.2391e-06|0.017946|0.086094,0.20807|0.15336|0.22103,,,,,state-markov,2,160,0|0.02073|0.1082|0.002723,0|0.01841|0.09237|0.002458,0|0.1304|0.2389|0.1,
controlled,102,3,ge10,hmc_in,0,unsupervised,ignorable,start,11,1.48127,-2.4110|-0.7825|0.9655,-7902.78,0.135478,0.384966,5268,021,False,0.68,150,0.376319,5118,0.32,0.981315,1.33006,3.72906,0.321357,0.667351,0|0|2|0|1|1|0|1|3|142,0|0|1.04322|0|0.611436|0.695447|0|0.851855|2.71156|141.284,0|0|1|0|0|1|0|1|1|44,0.0000|0.3067|0.6933,0.0002|0.9513|0.0485,,,,,,,-802.2583|-745.4895,state-markov,2,160,0|0.02073|0.1082|0.002723,0|0.01841|0.09237|0.002458,0|0.1304|0.2389|0.1,
controlled,102,3,ge10,hmc_in,0,unsupervised,state,start,11,1.60159,-2.4107|-0.7735|0.9671,-8628.41,0.134569,0.385725,5268,021,False,0.686667,150,0.376905,5118,0.313333,0.991524,1.36037,5.71055,0.313776,0.684591,0|0|1|0|0|1|1|0|1|146,0|0|0.519961|0|0|0.724102|0.785773|0|0.926672|145.772,0|0|1|0|0|0|0|0|0|46,0.0000|0.3067|0.6933,0.0000|0.9761|0.0239,8.9831e-06|0.0023973|0.032419,,,8.9831e-06|0.0023973|0.032419,,,-802.2583|-745.4895,state-markov,2,160,0|0.02073|0.1082|0.002723,0|0.01841|0.09237|0.002458,0|0.1304|0.2389|0.1,
controlled,102,3,ge10,hmc_in,0,unsupervised,state-markov,start,11,1.52522,-2.4108|-0.7758|0.9667,-8588.08,0.135918,0.385915,5268,021,False,0.693333,150,0.376905,5118,0.306667,0.991373,1.35992,5.45816,0.313562,0.684707,0|0|0|1|0|1|1|0|2|145,0|0|0|0.578091|0|0.717581|0.798101|0|1.81029|144.802,0|0|0|0|0|0|0|0|0|46,0.0000|0.3067|0.6933,0.0000|0.9737|0.0263,9.1611e-06|0.0027143|0.03238,7.2649e-06|0.0026529|0.026218,0.20698|0.02526|0.21653,9.1611e-06|0.0027143|0.03238,7.2649e-06|0.0026529|0.026218,0.20698|0.02526|0.21653,-802.2583|-745.4895,state-markov,2,160,0|0.02073|0.1082|0.002723,0|0.01841|0.09237|0.002458,0|0.1304|0.2389|0.1,
controlled,102,3,ge10,hmc_in,0,unsupervised,state,ignorable fit,4,0.566459,-2.4131|-0.7940|0.9628,-8627.76,0.116733,0.385156,5268,021,False,0.686667,150,0.376319,5118,0.313333,0.991603,1.35857,5.68827,0.31463,0.683741,0|0|0|1|1|0|1|0|1|146,0|0|0|0.589642|0.647529|0|0.796551|0|0.930544|145.776,0|0|0|1|0|0|0|0|0|46,0.0000|0.3067|0.6933,0.0000|0.9773|0.0227,9.0179e-06|0.0023756|0.032232,,,9.0179e-06|0.0023756|0.032232,,,-802.2583|-745.4895,state-markov,2,160,0|0.02073|0.1082|0.002723,0|0.01841|0.09237|0.002458,0|0.1304|0.2389|0.1,
controlled,102,3,ge10,hmc_in,0,unsupervised,state-markov,ignorable fit,4,0.523795,-2.4131|-0.7948|0.9627,-8587.47,0.122598,0.385535,5268,021,False,0.693333,150,0.376514,5118,0.306667,0.990772,1.3584,5.43391,0.314204,0.684106,0|0|1|0|0|1|1|0|2|145,0|0|0.516786|0|0|0.73098|0.741454|0|1.81593|144.811,0|0|0|0|0|0|0|0|0|46,0.0000|0.3067|0.6933,0.0000|0.9747|0.0253,9.1995e-06|0.002693|0.032207,7.2939e-06|0.0026305|0.02608,0.20715|0.025838|0.21631,9.1995e-06|0.002693|0.032207,7.2939e-06|0.0026305|0.02608,0.20715|0.025838|0.21631,-802.2583|-745.4895,state-markov,2,160,0|0.02073|0.1082|0.002723,0|0.01841|0.09237|0.002458,0|0.1304|0.2389|0.1,
controlled,102,3,ge10,hmc_in,,oracle,ignorable,,,,,-10787.3,0.133877,0.13003,5268,012,True,0.108844,147,0.130639,5121,0.891156,0.991877,0.211586,1.0652,0.887694,0.107995,0|0|0|0|1|0|1|2|2|141,0|0|0|0|0.652438|0|0.786077|1.6792|1.81855|140.87,0|0|0|0|0|0|1|2|1|127,0.0000|0.2041|0.7959,0.0457|0.2095|0.7448,,,,,,,,state-markov,3,156,0|0.02073|0.1082|0.002723,0|0.01841|0.09237|0.002458,0|0.1304|0.2389|0.1,
controlled,102,3,ge10,hmc_in,,oracle,state,,,,,-11480.9,0.119099,0.112946,5268,012,True,0.0680272,147,0.114236,5121,0.931973,0.989859,0.126481,0.415596,0.929911,0.0677213,0|0|1|0|2|0|0|0|2|142,0|0|0.532933|0|1.27713|0|0|0|1.80047|141.899,0|0|0|0|2|0|0|0|1|134,0.0000|0.2041|0.7959,0.0114|0.2413|0.7473,8.7256e-06|0.013521|0.11198,,,,,,,state-markov,3,156,0|0.02073|0.1082|0.002723,0|0.01841|0.09237|0.002458,0|0.1304|0.2389|0.1,
controlled,102,3,ge10,hmc_in,,oracle,state-markov,,,,,-11447.5,0.112265,0.114275,5268,012,True,0.0884354,147,0.115017,5121,0.911565,0.991568,0.162174,0.597615,0.912567,0.0813602,0|0|0|0|0|3|0|0|1|143,0|0|0|0|0|2.06986|0|0|0.900261|142.79,0|0|0|0|0|1|0|0|1|132,0.0000|0.2041|0.7959,0.0259|0.2333|0.7409,8.9099e-06|0.013581|0.11192,6.8953e-06|0.012335|0.09161,0.22611|0.10407|0.2731,,,,,state-markov,3,156,0|0.02073|0.1082|0.002723,0|0.01841|0.09237|0.002458,0|0.1304|0.2389|0.1,
controlled,102,3,ge10,pmc_pair,,oracle,ignorable,,,,,-6722.04,0.273022,0.0664389,5268,012,True,0.0884354,147,0.0658075,5121,0.911565,0.962654,0.139769,0.406305,0.902743,0.0651324,0|0|0|4|0|4|5|5|4|125,0|0|0|2.32487|0|2.83922|3.83223|4.21621|3.64299|124.655,0|0|0|3|0|2|1|4|4|120,0.0000|0.2041|0.7959,0.0481|0.2164|0.7355,,,,,,,,state-markov,3,156,0|0.02073|0.1082|0.002723,0|0.01841|0.09237|0.002458,0|0.1304|0.2389|0.1,
controlled,102,3,ge10,pmc_pair,,oracle,state,,,,,-7389.67,0.288356,0.0544799,5268,012,True,0.0272109,147,0.0552626,5121,0.972789,0.992003,0.0448944,0.0891747,0.972194,0.0192136,0|0|0|2|0|0|0|0|0|145,0|0|0|1.13025|0|0|0|0|0|144.694,0|0|0|1|0|0|0|0|0|142,0.0000|0.2041|0.7959,0.0069|0.2235|0.7696,8.7256e-06|0.013521|0.11198,,,,,,,state-markov,3,156,0|0.02073|0.1082|0.002723,0|0.01841|0.09237|0.002458,0|0.1304|0.2389|0.1,
controlled,102,3,ge10,pmc_pair,,oracle,state-markov,,,,,-7367.84,0.316218,0.0546697,5268,012,True,0.0340136,147,0.0552626,5121,0.965986,0.987777,0.050722,0.113177,0.966355,0.0288386,0|0|1|1|1|0|0|0|1|143,0|0|0.521547|0.587576|0.601871|0|0|0|0.880074|142.612,0|0|0|0|1|0|0|0|1|140,0.0000|0.2041|0.7959,0.0112|0.2212|0.7676,8.9099e-06|0.013581|0.11192,6.8953e-06|0.012335|0.09161,0.22611|0.10407|0.2731,,,,,state-markov,3,156,0|0.02073|0.1082|0.002723,0|0.01841|0.09237|0.002458,0|0.1304|0.2389|0.1,
controlled,102,3,ge10,hmc_in,0,unsupervised,ignorable,start,11,1.31279,-2.4113|-0.7794|0.9666,-7939.84,0.122174,0.384966,5268,021,False,0.802721,147,0.372974,5121,0.197279,0.988069,1.58603,4.42931,0.196668,0.798592,0|0|0|0|0|2|0|2|1|142,0|0|0|0|0|1.42657|0|1.67456|0.899867|141.245,0|0|0|0|0|2|0|1|0|26,0.0000|0.2041|0.7959,0.0069|0.9374|0.0557,,,,,,,-786.1868|-721.6887,state-markov,3,156,0|0.02073|0.1082|0.002723,0|0.01841|0.09237|0.002458,0|0.1304|0.2389|0.1,
controlled,102,3,ge10,hmc_in,0,unsupervised,state,start,11,1.39032,-2.4109|-0.7681|0.9693,-8670.11,0.14582,0.385915,5268,021,False,0.809524,147,0.373755,5121,0.190476,0.987168,1.59236,6.51265,0.194266,0.796692,0|0|0|0|0|5|1|0|0|141,0|0|0|0|0|3.56419|0.741401|0|0|140.808,0|0|0|0|0|2|0|0|0|26,0.0000|0.2041|0.7959,0.0068|0.9588|0.0343,0.0024283|0.0027445|0.030442,,,0.0024283|0.0027445|0.030442,,,-786.1868|-721.6887,state-markov,3,156,0|0.02073|0.1082|0.002723,0|0.01841|0.09237|0.002458,0|0.1304|0.2389|0.1,
controlled,102,3,ge10,hmc_in,0,unsupervised,state-markov,start,11,1.34113,-2.4110|-0.7719|0.9682,-8618.27,0.111587,0.385725,5268,021,False,0.809524,147,0.37356,5121,0.190476,0.991987,1.59496,5.79374,0.195866,0.801511,0|0|0|0|0|2|0|0|1|144,0|0|0|0|0|1.39907|0|0|0.92917|143.494,0|0|0|0|0|0|0|0|0|28,0.0000|0.2041|0.7959,0.0068|0.9512|0.0420,0.002539|0.0030013|0.030258,0.0024478|0.0022654|0.024008,0.038368|0.24744|0.23055,0.002539|0.0030013|0.030258,0.0024478|0.0022654|0.024008,0.038368|0.24744|0.23055,-786.1868|-721.6887,state-markov,3,156,0|0.02073|0.1082|0.002723,0|0.01841|0.09237|0.002458,0|0.1304|0.2389|0.1,
controlled,102,3,ge10,hmc_in,0,unsupervised,state,ignorable fit,3,0.354642,-2.4131|-0.7883|0.9650,-8669.56,0.116908,0.385535,5268,021,False,0.809524,147,0.373365,5121,0.190476,0.988074,1.59243,6.36309,0.194677,0.797598,0|0|0|0|0|2|4|0|0|141,0|0|0|0|0|1.36678|3.08002|0|0|140.8,0|0|0|0|0|0|2|0|0|26,0.0000|0.2041|0.7959,0.0068|0.9577|0.0355,0.0023745|0.0031815|0.030093,,,0.0023745|0.0031815|0.030093,,,-786.1868|-721.6887,state-markov,3,156,0|0.02073|0.1082|0.002723,0|0.01841|0.09237|0.002458,0|0.1304|0.2389|0.1,
controlled,102,3,ge10,hmc_in,0,unsupervised,state-markov,ignorable fit,3,0.393452,-2.4131|-0.7892|0.9646,-8617.7,0.111761,0.385535,5268,021,False,0.809524,147,0.373365,5121,0.190476,0.991673,1.59393,5.73082,0.196269,0.801197,0|0|0|0|1|1|0|0|0|145,0|0|0|0|0.663832|0.684501|0|0|0|144.428,0|0|0|0|0|0|0|0|0|28,0.0000|0.2041|0.7959,0.0068|0.9516|0.0416,0.0025063|0.0031952|0.030043,0.002416|0.0024074|0.023837,0.038483|0.24896|0.23042,0.0025063|0.0031952|0.030043,0.002416|0.0024074|0.023837,0.038483|0.24896|0.23042,-786.1868|-721.6887,state-markov,3,156,0|0.02073|0.1082|0.002723,0|0.01841|0.09237|0.002458,0|0.1304|0.2389|0.1,
controlled,102,3,ge10,hmc_in,,oracle,ignorable,,,,,-10782.7,0.128103,0.13003,5268,012,True,0.120805,149,0.130299,5119,0.879195,0.988005,0.222006,1.17648,0.880759,0.111771,0|0|1|1|0|1|1|0|3|142,0|0|0.505886|0.584875|0|0.706355|0.779371|0|2.74266|141.894,0|0|0|0|0|0|1|0|2|128,0.0000|0.2819|0.7181,0.0293|0.2570|0.7137,,,,,,,,state-markov,4,159,0|0.02073|0.1082|0.002723,0|0.01841|0.09237|0.002458,0|0.1304|0.2389|0.1,
controlled,102,3,ge10,hmc_in,,oracle,state,,,,,-11473.5,0.128599,0.1082,5268,012,True,0.0939597,149,0.108615,5119,0.90604,0.987511,0.173736,0.835539,0.904147,0.0933243,0|0|0|2|0|0|3|0|1|143,0|0|0|1.11692|0|0|2.35622|0|0.878051|142.788,0|0|0|2|0|0|0|0|0|133,0.0000|0.2819|0.7181,0.0122|0.2592|0.7287,8.8929e-06|0.018927|0.10241,,,,,,,state-markov,4,159,0|0.02073|0.1082|0.002723,0|0.01841|0.09237|0.002458,0|0.1304|0.2389|0.1,
controlled,102,3,ge10,hmc_in,,oracle,state-markov,,,,,-11453.1,0.132975,0.10896,5268,012,True,0.107383,149,0.109006,5119,0.892617,0.996187,0.205416,0.953218,0.893825,0.10357,0|0|0|0|0|0|0|1|1|147,0|0|0|0|0|0|0|0.815706|0.926189|146.69,0|0|0|0|0|0|0|0|0|133,0.0000|0.2819|0.7181,0.0201|0.2619|0.7180,9.0832e-06|0.018929|0.1024,7.7492e-06|0.016536|0.095965,0.14688|0.14295|0.15877,,,,,state-markov,4,159,0|0.02073|0.1082|0.002723,0|0.01841|0.09237|0.002458,0|0.1304|0.2389|0.1,
controlled,102,3,ge10,pmc_pair,,oracle,ignorable,,,,,-6682.68,0.279495,0.0671982,5268,012,True,0.107383,149,0.0660285,5119,0.892617,0.970895,0.172164,0.596696,0.891415,0.0782775,0|0|0|1|0|4|6|3|7|128,0|0|0|0.564107|0|2.82132|4.64325|2.51779|6.36962|127.747,0|0|0|0|0|2|4|0|5|122,0.0000|0.2819|0.7181,0.0308|0.2573|0.7119,,,,,,,,state-markov,4,159,0|0.02073|0.1082|0.002723,0|0.01841|0.09237|0.002458,0|0.1304|0.2389|0.1,
controlled,102,3,ge10,pmc_pair,,oracle,state,,,,,-7383.7,0.300818,0.0624525,5268,012,True,0.0671141,149,0.0623169,5119,0.932886,0.975862,0.141828,0.402925,0.912974,0.0783117,0|0|0|4|2|2|0|0|2|139,0|0|0|2.30526|1.28453|1.39412|0|0|1.77773|138.642,0|0|0|4|2|1|0|0|2|130,0.0000|0.2819|0.7181,0.0051|0.2487|0.7462,8.8929e-06|0.018927|0.10241,,,,,,,state-markov,4,159,0|0.02073|0.1082|0.002723,0|0.01841|0.09237|0.002458,0|0.1304|0.2389|0.1,
controlled,102,3,ge10,pmc_pair,,oracle,state-markov,,,,,-7368.71,0.288352,0.0622627,5268,012,True,0.0671141,149,0.0621215,5119,0.932886,0.978194,0.139845,0.451703,0.914601,0.0729193,0|0|1|0|2|3|4|0|0|139,0|0|0.516141|0|1.30759|2.10658|3.1192|0|0|138.701,0|0|1|0|2|2|4|0|0|130,0.0000|0.2819|0.7181,0.0178|0.2441|0.7381,9.0832e-06|0.018929|0.1024,7.7492e-06|0.016536|0.095965,0.14688|0.14295|0.15877,,,,,state-markov,4,159,0|0.02073|0.1082|0.002723,0|0.01841|0.09237|0.002458,0|0.1304|0.2389|0.1,
controlled,102,3,ge10,hmc_in,0,unsupervised,ignorable,start,11,1.27318,-2.4103|-0.7760|0.9690,-7933.59,0.099553,0.385725,5268,021,False,0.724832,149,0.375855,5119,0.275168,0.975787,1.39759,3.99282,0.284302,0.707962,0|0|2|1|1|2|1|1|2|139,0|0|1.04314|0.553097|0.617022|1.41614|0.747449|0.835985|1.80242|138.377,0|0|0|0|1|1|0|1|1|37,0.0000|0.2819|0.7181,0.0054|0.9506|0.0440,,,,,,,-798.2501|-767.4679,state-markov,4,159,0|0.02073|0.1082|0.002723,0|0.01841|0.09237|0.002458,0|0.1304|0.2389|0.1,
controlled,102,3,ge10,hmc_in,0,unsupervised,state,start,11,1.28137,-2.4102|-0.7637|0.9721,-8662.73,0.0922366,0.386105,5268,021,False,0.704698,149,0.376831,5119,0.295302,0.992445,1.40122,5.85972,0.293136,0.700952,0|0|0|0|0|1|2|0|2|144,0|0|0|0|0|0.716179|1.51703|0|1.85106|143.79,0|0|0|0|0|1|1|0|1|41,0.0000|0.2819|0.7181,0.0008|0.9756|0.0236,0.00056304|0.0026604|0.031957,,,0.00056304|0.0026604|0.031957,,,-798.2501|-767.4679,state-markov,4,159,0|0.02073|0.1082|0.002723,0|0.01841|0.09237|0.002458,0|0.1304|0.2389|0.1,
controlled,102,3,ge10,hmc_in,0,unsupervised,state-markov,start,11,1.27343,-2.4101|-0.7651|0.9716,-8640.88,0.0994986,0.386105,5268,021,False,0.711409,149,0.376636,5119,0.288591,0.989914,1.40351,5.54989,0.290572,0.705595,0|0|1|0|0|0|1|2|2|143,0|0|0.532618|0|0|0|0.736195|1.68178|1.79324|142.753,0|0|0|0|0|0|0|2|1|40,0.0000|0.2819|0.7181,0.0043|0.9714|0.0243,0.0007057|0.0027105|0.031833,0.00055778|0.0024283|0.02811,0.21017|0.10656|0.14507,0.0007057|0.0027105|0.031833,0.00055778|0.0024283|0.02811,0.21017|0.10656|0.14507,-798.2501|-767.4679,state-markov,4,159,0|0.02073|0.1082|0.002723,0|0.01841|0.09237|0.002458,0|0.1304|0.2389|0.1,
controlled,102,3,ge10,hmc_in,0,unsupervised,state,ignorable fit,4,0.490246,-2.4127|-0.7873|0.9670,-8662.06,0.0868481,0.385535,5268,021,False,0.704698,149,0.376245,5119,0.295302,0.991957,1.40001,5.81266,0.293554,0.699659,0|0|0|0|0|2|1|0|2|144,0|0|0|0|0|1.38292|0.776223|0|1.84982|143.793,0|0|0|0|0|1|1|0|1|41,0.0000|0.2819|0.7181,0.0007|0.9762|0.0231,0.00055245|0.0027076|0.031712,,,0.00055245|0.0027076|0.031712,,,-798.2501|-767.4679,state-markov,4,159,0|0.02073|0.1082|0.002723,0|0.01841|0.09237|0.002458,0|0.1304|0.2389|0.1,
controlled,102,3,ge10,hmc_in,0,unsupervised,state-markov,ignorable fit,3,0.336084,-2.4122|-0.7858|0.9671,-8640.29,0.142397,0.385535,5268,021,False,0.704698,149,0.376245,5119,0.295302,0.989335,1.40082,5.42154,0.291493,0.705019,0|0|0|1|0|1|1|1|2|143,0|0|0|0.556372|0|0.688057|0.785527|0.839641|1.81308|142.728,0|0|0|1|0|0|1|1|1|40,0.0000|0.2819|0.7181,0.0034|0.9711|0.0255,0.00065445|0.0030777|0.031498,0.00053424|0.0026662|0.02783,0.18422|0.13637|0.14429,0.00065445|0.0030777|0.031498,0.00053424|0.0026662|0.02783,0.18422|0.13637|0.14429,-798.2501|-767.4679,state-markov,4,159,0|0.02073|0.1082|0.002723,0|0.01841|0.09237|0.002458,0|0.1304|0.2389|0.1,
controlled,102,3,any,hmc_in,,oracle,ignorable,,,,,-10071.6,0.108796,0.129461,5268,012,True,0.109572,794,0.132991,4474,0.890428,0.985607,0.203844,1.12831,0.888177,0.0957378,0|0|3|6|8|4|1|8|7|757,0|0|1.53446|3.42965|5.11701|2.80944|0.778033|6.6315|6.38001|755.892,0|0|0|3|5|2|1|5|5|686,0.0176|0.3879|0.5945,0.0566|0.3379|0.6055,,,,,,,,state,0,922,0.007481|0.1329|0.4665|0.03459,0.007538|0.07225|0.4291|0.02652,0|0.5288|0.5092|0.2598,
controlled,102,3,any,hmc_in,,oracle,state,,,,,-12658.3,0.126128,0.0992787,5268,012,True,0.0692695,794,0.104604,4474,0.93073,0.993765,0.127392,0.681994,0.931779,0.0637459,0|0|1|4|0|1|3|4|6|775,0|0|0.507314|2.302|0|0.717384|2.35863|3.31947|5.46525|774.379,0|0|0|0|0|1|1|2|5|730,0.0176|0.3879|0.5945,0.0416|0.3542|0.6042,0.0070305|0.13879|0.45177,,,,,,,state,0,922,0.007481|0.1329|0.4665|0.03459,0.007538|0.07225|0.4291|0.02652,0|0.5288|0.5092|0.2598,
controlled,102,3,any,hmc_in,,oracle,state-markov,,,,,-12643.5,0.145954,0.0992787,5268,012,True,0.0692695,794,0.104604,4474,0.93073,0.994262,0.129613,0.68885,0.930845,0.0635312,0|0|1|1|2|0|5|3|5|777,0|0|0.500555|0.576905|1.28368|0|3.85124|2.52566|4.46869|776.237,0|0|0|0|1|0|2|1|3|732,0.0176|0.3879|0.5945,0.0422|0.3547|0.6031,0.0071582|0.13883|0.45161,0.007069|0.13341|0.45913,0.019538|0.17247|0.44248,,,,,state,0,922,0.007481|0.1329|0.4665|0.03459,0.007538|0.07225|0.4291|0.02652,0|0.5288|0.5092|0.2598,
controlled,102,3,any,pmc_pair,,oracle,ignorable,,,,,-6225.91,0.513168,0.125285,5268,012,True,0.132242,794,0.12405,4474,0.867758,0.970679,0.206041,0.72589,0.875361,0.10413,0|0|4|5|7|22|12|18|27|699,0|0|2.01818|2.84948|4.5198|15.2529|9.22481|15.0378|24.3386|697.478,0|0|1|2|5|2|4|5|12|658,0.0176|0.3879|0.5945,0.0614|0.3182|0.6204,,,,,,,,state,0,922,0.007481|0.1329|0.4665|0.03459,0.007538|0.07225|0.4291|0.02652,0|0.5288|0.5092|0.2598,
controlled,102,3,any,pmc_pair,,oracle,state,,,,,-8738.1,0.468277,0.0328398,5268,012,True,0.0251889,794,0.0341976,4474,0.974811,0.992648,0.0495585,0.185499,0.97019,0.0242709,0|1|0|5|2|3|0|2|4|777,0|0.450114|0|2.79979|1.2791|2.03569|0|1.66249|3.66851|776.267,0|0|0|3|2|3|0|2|4|760,0.0176|0.3879|0.5945,0.0406|0.3786|0.5808,0.0070305|0.13879|0.45177,,,,,,,state,0,922,0.007481|0.1329|0.4665|0.03459,0.007538|0.07225|0.4291|0.02652,0|0.5288|0.5092|0.2598,
controlled,102,3,any,pmc_pair,,oracle,state-markov,,,,,-8725.81,0.442446,0.0328398,5268,012,True,0.0251889,794,0.0341976,4474,0.974811,0.992751,0.0496908,0.192245,0.970122,0.0260111,0|0|1|4|3|2|2|1|4|777,0|0|0.480233|2.21904|1.88662|1.39988|1.53541|0.836167|3.65738|776.229,0|0|1|1|3|2|2|1|4|760,0.0176|0.3879|0.5945,0.0412|0.3781|0.5807,0.0071582|0.13883|0.45161,0.007069|0.13341|0.45913,0.019538|0.17247|0.44248,,,,,state,0,922,0.007481|0.1329|0.4665|0.03459,0.007538|0.07225|0.4291|0.02652,0|0.5288|0.5092|0.2598,
controlled,102,3,any,hmc_in,0,unsupervised,ignorable,start,11,1.35222,-2.4181|-0.8281|0.9114,-7111.72,0.140708,0.383827,5268,021,False,0.622166,794,0.341529,4474,0.377834,0.976358,1.20716,3.26262,0.379242,0.600774,0|0|10|6|9|1|6|3|5|754,0|0|5.10671|3.4333|5.70712|0.688865|4.52554|2.46843|4.46075|748.837,0|0|6|0|4|0|3|1|3|283,0.0176|0.3879|0.5945,0.0297|0.9290|0.0412,,,,,,,-2967.2813|-2818.4057,state,0,922,0.007481|0.1329|0.4665|0.03459,0.007538|0.07225|0.4291|0.02652,0|0.5288|0.5092|0.2598,
controlled,102,3,any,hmc_in,0,unsupervised,state,start,10,1.13947,-2.4154|-0.7721|0.9264,-9827.44,0.0912899,0.384966,5268,021,False,0.618388,794,0.34354,4474,0.381612,0.988882,1.22496,4.7101,0.379636,0.608957,0|0|4|4|4|2|1|5|9|765,0|0|2.06512|2.18645|2.54563|1.402|0.784595|4.23267|8.06356|763.892,0|0|0|2|3|1|1|3|7|286,0.0176|0.3879|0.5945,0.0276|0.9485|0.0239,0.024111|0.029482|0.16929,,,0.024111|0.029482|0.16929,,,-2967.2813|-2818.4057,state,0,922,0.007481|0.1329|0.4665|0.03459,0.007538|0.07225|0.4291|0.02652,0|0.5288|0.5092|0.2598,
controlled,102,3,any,hmc_in,0,unsupervised,state-markov,start,10,1.58317,-2.4159|-0.7854|0.9230,-9749.13,0.134089,0.384396,5268,021,False,0.617128,794,0.343093,4474,0.382872,0.988037,1.22414,4.45612,0.379395,0.606596,0|1|4|4|2|3|3|7|5|765,0|0.431937|2.10937|2.27761|1.22263|2.07493|2.34347|5.87725|4.52104|763.643,0|1|1|2|1|2|2|5|3|287,0.0176|0.3879|0.5945,0.0272|0.9466|0.0262,0.023613|0.031469|0.16844,0.023552|0.029506|0.13606,0.026118|0.091907|0.32832,0.023613|0.031469|0.16844,0.023552|0.029506|0.13606,0.026118|0.091907|0.32832,-2967.2813|-2818.4057,state,0,922,0.007481|0.1329|0.4665|0.03459,0.007538|0.07225|0.4291|0.02652,0|0.5288|0.5092|0.2598,
controlled,102,3,any,hmc_in,0,unsupervised,state,ignorable fit,4,0.716218,-2.4196|-0.8182|0.9157,-9828.05,0.121562,0.383637,5268,021,False,0.617128,794,0.342199,4474,0.382872,0.989102,1.2237,4.63279,0.38033,0.608695,0|0|4|3|4|2|2|4|12|763,0|0|2.06526|1.65085|2.5004|1.40008|1.52099|3.34569|10.876|761.988,0|0|2|0|3|1|2|2|7|287,0.0176|0.3879|0.5945,0.0274|0.9493|0.0233,0.023795|0.029909|0.16714,,,0.023795|0.029909|0.16714,,,-2967.2813|-2818.4057,state,0,922,0.007481|0.1329|0.4665|0.03459,0.007538|0.07225|0.4291|0.02652,0|0.5288|0.5092|0.2598,
controlled,102,3,any,hmc_in,0,unsupervised,state-markov,ignorable fit,4,0.635001,-2.4197|-0.8248|0.9136,-9749.16,0.172903,0.383637,5268,021,False,0.617128,794,0.342199,4474,0.382872,0.988273,1.22284,4.39399,0.380165,0.609052,0|1|3|4|3|3|1|8|9|762,0|0.418742|1.55855|2.21061|1.85842|2.1319|0.77237|6.7668|8.17844|760.793,0|1|0|2|1|3|0|6|5|286,0.0176|0.3879|0.5945,0.0271|0.9474|0.0255,0.023561|0.031601|0.16663,0.023507|0.029534|0.1345,0.0258|0.094918|0.32733,0.023561|0.031601|0.16663,0.023507|0.029534|0.1345,0.0258|0.094918|0.32733,-2967.2813|-2818.4057,state,0,922,0.007481|0.1329|0.4665|0.03459,0.007538|0.07225|0.4291|0.02652,0|0.5288|0.5092|0.2598,
controlled,102,3,any,hmc_in,,oracle,ignorable,,,,,-10146.8,0.101293,0.129461,5268,012,True,0.0989305,748,0.134513,4520,0.90107,0.988997,0.179575,0.916325,0.902947,0.0883895,0|0|6|3|3|4|0|3|2|727,0|0|3.0708|1.76431|1.92081|2.83571|0|2.45826|1.8271|725.893,0|0|0|1|1|2|0|2|2|666,0.0201|0.3556|0.6243,0.0487|0.3226|0.6287,,,,,,,,state,1,852,0.007481|0.1329|0.4665|0.03459,0.007538|0.07225|0.4291|0.02652,0|0.5288|0.5092|0.2598,
controlled,102,3,any,hmc_in,,oracle,state,,,,,-12521.4,0.110331,0.100038,5268,012,True,0.0641711,748,0.105973,4520,0.935829,0.994632,0.120875,0.546488,0.935456,0.0596204,0|0|2|1|0|0|4|2|8|731,0|0|1.02182|0.58339|0|0|3.16468|1.69429|7.2391|730.281,0|0|1|0|0|0|1|2|7|689,0.0201|0.3556|0.6243,0.0356|0.3471|0.6173,0.0075251|0.11986|0.44698,,,,,,,state,1,852,0.007481|0.1329|0.4665|0.03459,0.007538|0.07225|0.4291|0.02652,0|0.5288|0.5092|0.2598,
controlled,102,3,any,hmc_in,,oracle,state-markov,,,,,-12502.4,0.116389,0.101177,5268,012,True,0.065508,748,0.10708,4520,0.934492,0.994326,0.122425,0.568808,0.934291,0.0621863,0|0|0|1|1|4|1|4|9|728,0|0|0|0.597929|0.623972|2.76708|0.772843|3.34729|8.15293|727.494,0|0|0|0|0|0|1|4|8|686,0.0201|0.3556|0.6243,0.0363|0.3472|0.6165,0.0076609|0.11995|0.44681,0.0075704|0.11462|0.43438,0.01938|0.15906|0.4622,,,,,state,1,852,0.007481|0.1329|0.4665|0.03459,0.007538|0.07225|0.4291|0.02652,0|0.5288|0.5092|0.2598,
controlled,102,3,any,pmc_pair,,oracle,ignorable,,,,,-6307.09,0.423169,0.0941534,5268,012,True,0.100267,748,0.0931416,4520,0.899733,0.967265,0.165499,0.538769,0.89324,0.0724321,0|0|4|11|8|16|9|19|31|650,0|0|2.00543|6.28206|5.1587|11.1675|6.95322|16.0306|27.9147|648.002,0|0|2|2|4|13|6|12|24|610,0.0201|0.3556|0.6243,0.0574|0.3152|0.6274,,,,,,,,state,1,852,0.007481|0.1329|0.4665|0.03459,0.007538|0.07225|0.4291|0.02652,0|0.5288|0.5092|0.2598,
controlled,102,3,any,pmc_pair,,oracle,state,,,,,-8610.62,0.435478,0.0305619,5268,012,True,0.0200535,748,0.0323009,4520,0.979947,0.995935,0.0370392,0.130575,0.978082,0.0174493,0|0|0|0|1|3|0|1|9|734,0|0|0|0|0.650277|2.14653|0|0.803496|8.06679|733.292,0|0|0|0|1|1|0|1|8|722,0.0201|0.3556|0.6243,0.0332|0.3545|0.6122,0.0075251|0.11986|0.44698,,,,,,,state,1,852,0.007481|0.1329|0.4665|0.03459,0.007538|0.07225|0.4291|0.02652,0|0.5288|0.5092|0.2598,
controlled,102,3,any,pmc_pair,,oracle,state-markov,,,,,-8597.7,0.588612,0.0305619,5268,012,True,0.0200535,748,0.0323009,4520,0.979947,0.994897,0.0386295,0.137645,0.976579,0.0207779,0|0|0|0|1|5|2|2|6|732,0|0|0|0|0.6338|3.52555|1.53391|1.6613|5.42857|731.4,0|0|0|0|1|5|0|2|5|720,0.0201|0.3556|0.6243,0.0342|0.3551|0.6108,0.0076609|0.11995|0.44681,0.0075704|0.11462|0.43438,0.01938|0.15906|0.4622,,,,,state,1,852,0.007481|0.1329|0.4665|0.03459,0.007538|0.07225|0.4291|0.02652,0|0.5288|0.5092|0.2598,
controlled,102,3,any,hmc_in,0,unsupervised,ignorable,start,10,1.63046,-2.4129|-0.8427|0.9068,-7215.82,0.143579,0.38079,5268,021,False,0.648396,748,0.336504,4520,0.351604,0.979248,1.26227,3.31742,0.353122,0.631855,0|0|6|6|3|4|3|5|12|709,0|0|3.08679|3.42476|1.9068|2.85353|2.28081|4.15541|10.8119|703.957,0|0|3|5|1|1|2|1|4|246,0.0201|0.3556|0.6243,0.0179|0.9387|0.0434,,,,,,,-2812.8465|-2634.8798,state,1,852,0.007481|0.1329|0.4665|0.03459,0.007538|0.07225|0.4291|0.02652,0|0.5288|0.5092|0.2598,
controlled,102,3,any,hmc_in,0,unsupervised,state,start,10,1.5504,-2.4118|-0.7996|0.9177,-9776.79,0.16125,0.38041,5268,021,False,0.640374,748,0.337389,4520,0.359626,0.990434,1.27759,4.99707,0.354218,0.636818,0|0|2|3|1|5|2|4|11|720,0|0|0.995559|1.70839|0.614162|3.54839|1.51884|3.43439|9.84881|719.176,0|0|2|2|1|3|1|4|7|249,0.0201|0.3556|0.6243,0.0176|0.9581|0.0243,0.020205|0.022789|0.1577,,,0.020205|0.022789|0.1577,,,-2812.8465|-2634.8798,state,1,852,0.007481|0.1329|0.4665|0.03459,0.007538|0.07225|0.4291|0.02652,0|0.5288|0.5092|0.2598,
controlled,102,3,any,hmc_in,0,unsupervised,state-markov,start,10,1.5196,-2.4121|-0.8125|0.9147,-9675.61,0.136123,0.381169,5268,021,False,0.644385,748,0.337611,4520,0.355615,0.989323,1.2801,4.92208,0.352366,0.634876,0|0|3|4|1|4|0|11|5|720,0|0|1.56311|2.25614|0.610015|2.74158|0|9.23389|4.4793|719.129,0|0|2|2|0|2|0|8|3|249,0.0201|0.3556|0.6243,0.0179|0.9561|0.0261,0.020325|0.024302|0.15722,0.018885|0.023827|0.12228,0.089733|0.043384|0.34447,0.020325|0.024302|0.15722,0.018885|0.023827|0.12228,0.089733|0.043384|0.34447,-2812.8465|-2634.8798,state,1,852,0.007481|0.1329|0.4665|0.03459,0.007538|0.07225|0.4291|0.02652,0|0.5288|0.5092|0.2598,
controlled,102,3,any,hmc_in,0,unsupervised,state,ignorable fit,4,0.648074,-2.4151|-0.8413|0.9074,-9776.82,0.161174,0.378512,5268,021,False,0.640374,748,0.335177,4520,0.359626,0.991426,1.27604,4.94814,0.355393,0.636612,0|0|2|1|2|2|3|5|14|719,0|0|1.02999|0.589943|1.30581|1.43791|2.25749|4.17029|12.5363|718.259,0|0|2|0|1|1|2|5|8|250,0.0201|0.3556|0.6243,0.0175|0.9597|0.0228,0.020108|0.022606|0.15596,,,0.020108|0.022606|0.15596,,,-2812.8465|-2634.8798,state,1,852,0.007481|0.1329|0.4665|0.03459,0.007538|0.07225|0.4291|0.02652,0|0.5288|0.5092|0.2598,
controlled,102,3,any,hmc_in,0,unsupervised,state-markov,ignorable fit,4,0.54354,-2.4151|-0.8475|0.9058,-9675.21,0.138965,0.379271,5268,021,False,0.643048,748,0.335619,4520,0.356952,0.990165,1.2778,4.84981,0.353827,0.634953,0|0|2|2|3|2|2|11|7|719,0|0|1.03134|1.14366|1.8588|1.38192|1.49045|9.23382|6.33421|718.169,0|0|1|0|2|1|2|8|4|249,0.0201|0.3556|0.6243,0.0178|0.9576|0.0246,0.020211|0.024038|0.1558,0.018832|0.023427|0.1212,0.08709|0.048853|0.3433,0.020211|0.024038|0.1558,0.018832|0.023427|0.1212,0.08709|0.048853|0.3433,-2812.8465|-2634.8798,state,1,852,0.007481|0.1329|0.4665|0.03459,0.007538|0.07225|0.4291|0.02652,0|0.5288|0.5092|0.2598,
controlled,102,3,any,hmc_in,,oracle,ignorable,,,,,-10078.9,0.110742,0.111238,5268,012,True,0.0865266,809,0.115721,4459,0.913473,0.977757,0.150047,0.726,0.909898,0.0669358,0|1|9|4|7|10|11|9|8|750,0|0.435524|4.48295|2.26992|4.49161|6.9189|8.3872|7.49427|7.21205|749.313,0|1|4|2|5|6|3|6|5|707,0.0161|0.3646|0.6193,0.0408|0.3524|0.6069,,,,,,,,state,2,945,0.007481|0.1329|0.4665|0.03459,0.007538|0.07225|0.4291|0.02652,0|0.5288|0.5092|0.2598,
controlled,102,3,any,hmc_in,,oracle,state,,,,,-12644.6,0.121728,0.0951025,5268,012,True,0.0482077,809,0.103611,4459,0.951792,0.993378,0.0877714,0.444519,0.951242,0.0454667,0|0|1|2|1|3|5|2|7|788,0|0|0.502699|1.13028|0.61932|2.11464|3.82117|1.68053|6.37025|787.404,0|0|0|2|1|0|1|2|6|758,0.0161|0.3646|0.6193,0.0300|0.3422|0.6278,0.0065333|0.13293|0.47953,,,,,,,state,2,945,0.007481|0.1329|0.4665|0.03459,0.007538|0.07225|0.4291|0.02652,0|0.5288|0.5092|0.2598,
controlled,102,3,any,hmc_in,,oracle,state-markov,,,,,-12642.9,0.114526,0.0947229,5268,012,True,0.0469716,809,0.103386,4459,0.953028,0.994492,0.0894115,0.458528,0.951398,0.0439045,0|0|0|5|1|1|0|2|8|792,0|0|0|2.81446|0.645552|0.673053|0|1.69389|7.23654|791.48,0|0|0|2|1|1|0|2|7|758,0.0161|0.3646|0.6193,0.0312|0.3410|0.6278,0.006657|0.13296|0.4793,0.0065653|0.13964|0.48733,0.020349|0.089404|0.47057,,,,,state,2,945,0.007481|0.1329|0.4665|0.03459,0.007538|0.07225|0.4291|0.02652,0|0.5288|0.5092|0.2598,
controlled,102,3,any,pmc_pair,,oracle,ignorable,,,,,-6218.99,0.590649,0.0643508,5268,012,True,0.0580964,809,0.0654855,4459,0.941904,0.97236,0.107071,0.407102,0.926125,0.052093,0|2|5|7|10|4|7|17|50|707,0|0.892452|2.5694|3.92901|6.33276|2.73409|5.40482|14.1863|45.2672|705.323,0|2|4|2|9|1|5|16|47|676,0.0161|0.3646|0.6193,0.0455|0.3333|0.6212,,,,,,,,state,2,945,0.007481|0.1329|0.4665|0.03459,0.007538|0.07225|0.4291|0.02652,0|0.5288|0.5092|0.2598,
controlled,102,3,any,pmc_pair,,oracle,state,,,,,-8723.62,0.634005,0.031511,5268,012,True,0.0197775,809,0.0336398,4459,0.980222,0.99317,0.0317809,0.108188,0.978881,0.0149449,0|0|0|3|4|2|1|2|11|786,0|0|0|1.69139|2.48488|1.42885|0.763237|1.67883|9.96969|785.458,0|0|0|1|0|2|1|0|9|780,0.0161|0.3646|0.6193,0.0290|0.3628|0.6082,0.0065333|0.13293|0.47953,,,,,,,state,2,945,0.007481|0.1329|0.4665|0.03459,0.007538|0.07225|0.4291|0.02652,0|0.5288|0.5092|0.2598,
controlled,102,3,any,pmc_pair,,oracle,state-markov,,,,,-8717.04,0.580763,0.031511,5268,012,True,0.0197775,809,0.0336398,4459,0.980222,0.996977,0.0366923,0.123398,0.979061,0.0182117,0|0|0|0|0|1|1|4|7|796,0|0|0|0|0|0.666733|0.743916|3.3351|6.37258|795.436,0|0|0|0|0|1|1|0|6|785,0.0161|0.3646|0.6193,0.0318|0.3597|0.6084,0.006657|0.13296|0.4793,0.0065653|0.13964|0.48733,0.020349|0.089404|0.47057,,,,,state,2,945,0.007481|0.1329|0.4665|0.03459,0.007538|0.07225|0.4291|0.02652,0|0.5288|0.5092|0.2598,
controlled,102,3,any,hmc_in,0,unsupervised,ignorable,start,10,1.40851,-2.4111|-0.8277|0.9085,-7123.76,0.129261,0.381929,5268,021,False,0.634116,809,0.336174,4459,0.365884,0.977436,1.2334,3.21164,0.366504,0.618098,0|0|5|10|4|4|7|7|5|767,0|0|2.59035|5.60422|2.47024|2.76187|5.35448|5.87879|4.53425|761.552,0|0|4|5|0|4|3|5|4|271,0.0161|0.3646|0.6193,0.0152|0.9427|0.0421,,,,,,,-3016.7105|-2881.0249,state,2,945,0.007481|0.1329|0.4665|0.03459,0.007538|0.07225|0.4291|0.02652,0|0.5288|0.5092|0.2598,
controlled,102,3,any,hmc_in,0,unsupervised,state,start,9,1.53097,-2.4087|-0.7741|0.9237,-9856.5,0.16911,0.384017,5268,021,False,0.636588,809,0.338192,4459,0.363412,0.991371,1.25969,4.77649,0.363297,0.629611,0|0|0|2|1|3|5|10|6|782,0|0|0|1.10132|0.663766|2.09439|3.81738|8.25114|5.33176|780.759,0|0|0|1|0|0|2|6|6|279,0.0161|0.3646|0.6193,0.0119|0.9662|0.0219,0.017593|0.029322|0.17602,,,0.017593|0.029322|0.17602,,,-3016.7105|-2881.0249,state,2,945,0.007481|0.1329|0.4665|0.03459,0.007538|0.07225|0.4291|0.02652,0|0.5288|0.5092|0.2598,
controlled,102,3,any,hmc_in,0,unsupervised,state-markov,start,10,1.51948,-2.4106|-0.7924|0.9190,-9793.22,0.14821,0.382498,5268,021,False,0.634116,809,0.336847,4459,0.365884,0.989161,1.25463,4.52192,0.364695,0.626911,0|1|1|3|2|4|4|8|8|778,0|0.466096|0.517423|1.67043|1.23151|2.78171|3.04881|6.54642|7.29487|776.674,0|1|1|1|0|1|2|7|5|278,0.0161|0.3646|0.6193,0.0118|0.9635|0.0246,0.01754|0.031476|0.17473,0.017702|0.0298|0.14506,0.0084497|0.083042|0.31489,0.01754|0.031476|0.17473,0.017702|0.0298|0.14506,0.0084497|0.083042|0.31489,-3016.7105|-2881.0249,state,2,945,0.007481|0.1329|0.4665|0.03459,0.007538|0.07225|0.4291|0.02652,0|0.5288|0.5092|0.2598,
controlled,102,3,any,hmc_in,0,unsupervised,state,ignorable fit,4,0.630033,-2.4139|-0.8236|0.9116,-9856.67,0.134503,0.381549,5268,021,False,0.637824,809,0.335053,4459,0.362176,0.991016,1.25827,4.70066,0.364054,0.630312,0|0|2|1|2|4|3|9|6|782,0|0|1.00698|0.535207|1.25468|2.83851|2.31285|7.54695|5.40466|780.832,0|0|0|0|0|1|2|5|6|279,0.0161|0.3646|0.6193,0.0116|0.9669|0.0215,0.01693|0.030493|0.1735,,,0.01693|0.030493|0.1735,,,-3016.7105|-2881.0249,state,2,945,0.007481|0.1329|0.4665|0.03459,0.007538|0.07225|0.4291|0.02652,0|0.5288|0.5092|0.2598,
controlled,102,3,any,hmc_in,0,unsupervised,state-markov,ignorable fit,4,0.624642,-2.4137|-0.8294|0.9095,-9793.25,0.12785,0.38003,5268,021,False,0.631644,809,0.33438,4459,0.368356,0.989081,1.25241,4.42084,0.365842,0.626626,0|0|3|2|5|2|4|7|6|780,0|0|1.55146|1.12361|3.13552|1.42052|3.06179|5.82883|5.47317|778.572,0|0|3|1|1|0|4|5|4|280,0.0161|0.3646|0.6193,0.0117|0.9638|0.0245,0.017224|0.032521|0.17264,0.017374|0.030424|0.14327,0.0086961|0.09489|0.31341,0.017224|0.032521|0.17264,0.017374|0.030424|0.14327,0.0086961|0.09489|0.31341,-3016.7105|-2881.0249,state,2,945,0.007481|0.1329|0.4665|0.03459,0.007538|0.07225|0.4291|0.02652,0|0.5288|0.5092|0.2598,
controlled,102,3,any,hmc_in,,oracle,ignorable,,,,,-10065.5,0.0932448,0.13079,5268,012,True,0.122347,801,0.132304,4467,0.877653,0.984563,0.223631,1.12455,0.877223,0.107767,0|1|2|3|6|8|9|6|6|760,0|0.422672|1.01892|1.6566|3.86262|5.66324|6.8081|4.91533|5.3721|758.915,0|0|1|2|2|5|1|4|4|684,0.0200|0.3346|0.6454,0.0669|0.3034|0.6298,,,,,,,,state,3,948,0.007481|0.1329|0.4665|0.03459,0.007538|0.07225|0.4291|0.02652,0|0.5288|0.5092|0.2598,
controlled,102,3,any,hmc_in,,oracle,state,,,,,-12614.6,0.0992678,0.0932043,5268,012,True,0.0549313,801,0.100067,4467,0.945069,0.989032,0.10167,0.492399,0.941274,0.0490794,0|0|1|8|1|1|7|6|10|767,0|0|0.523975|4.60538|0.625542|0.720004|5.34136|5.1001|8.88719|766.411,0|0|0|6|1|1|2|4|7|736,0.0200|0.3346|0.6454,0.0451|0.3054|0.6495,0.008029|0.12077|0.49484,,,,,,,state,3,948,0.007481|0.1329|0.4665|0.03459,0.007538|0.07225|0.4291|0.02652,0|0.5288|0.5092|0.2598,
controlled,102,3,any,hmc_in,,oracle,state-markov,,,,,-12613.1,0.114403,0.0941534,5268,012,True,0.0611735,801,0.100067,4467,0.938826,0.990613,0.112194,0.51187,0.937074,0.058459,0|0|1|0|7|4|6|6|4|773,0|0|0.526002|0|4.32786|2.91664|4.55589|5.07907|3.65053|772.425,0|0|0|0|7|0|2|4|3|736,0.0200|0.3346|0.6454,0.0511|0.3034|0.6455,0.0081604|0.12082|0.49459,0.0080819|0.1228|0.50298,0.017697|0.10639|0.48602,,,,,state,3,948,0.007481|0.1329|0.4665|0.03459,0.007538|0.07225|0.4291|0.02652,0|0.5288|0.5092|0.2598,
controlled,102,3,any,pmc_pair,,oracle,ignorable,,,,,-6200.9,0.543688,0.095672,5268,012,True,0.11236,801,0.0926797,4467,0.88764,0.967839,0.181756,0.691516,0.886465,0.0814251,0|0|5|9|16|23|6|10|13|719,0|0|2.50873|5.14715|10.1616|15.9912|4.5988|8.37288|11.763|716.696,0|0|3|4|8|6|3|6|10|671,0.0200|0.3346|0.6454,0.0730|0.2947|0.6323,,,,,,,,state,3,948,0.007481|0.1329|0.4665|0.03459,0.007538|0.07225|0.4291|0.02652,0|0.5288|0.5092|0.2598,
controlled,102,3,any,pmc_pair,,oracle,state,,,,,-8687.25,0.628384,0.0269552,5268,012,True,0.019975,801,0.0282069,4467,0.980025,0.988129,0.0288975,0.075807,0.977976,0.010833,0|0|4|11|0|3|2|4|2|775,0|0|2.09694|6.23429|0|2.12995|1.57203|3.37405|1.81013|774.274,0|0|3|5|0|2|0|3|2|770,0.0200|0.3346|0.6454,0.0352|0.3274|0.6374,0.008029|0.12077|0.49484,,,,,,,state,3,948,0.007481|0.1329|0.4665|0.03459,0.007538|0.07225|0.4291|0.02652,0|0.5288|0.5092|0.2598,
controlled,102,3,any,pmc_pair,,oracle,state-markov,,,,,-8686.47,0.576488,0.0269552,5268,012,True,0.019975,801,0.0282069,4467,0.980025,0.990397,0.0329415,0.082141,0.976669,0.0193496,0|0|2|3|5|3|2|3|12|771,0|0|1.05523|1.77137|3.14879|2.19116|1.48445|2.5469|10.7038|770.407,0|0|0|3|5|0|2|2|7|766,0.0200|0.3346|0.6454,0.0374|0.3248|0.6378,0.0081604|0.12082|0.49459,0.0080819|0.1228|0.50298,0.017697|0.10639|0.48602,,,,,state,3,948,0.007481|0.1329|0.4665|0.03459,0.007538|0.07225|0.4291|0.02652,0|0.5288|0.5092|0.2598,
controlled,102,3,any,hmc_in,0,unsupervised,ignorable,start,10,1.41035,-2.4137|-0.8277|0.9092,-7109.67,0.142294,0.382308,5268,021,False,0.669164,801,0.330871,4467,0.330836,0.971053,1.29808,3.38713,0.329747,0.643966,0|0|7|10|10|7|9|7|15|736,0|0|3.57525|5.71365|6.39999|4.94629|6.92288|5.94108|13.5458|730.768,0|0|5|4|6|3|7|3|4|233,0.0200|0.3346|0.6454,0.0245|0.9185|0.0570,,,,,,,-3023.1113|-2864.8244,state,3,948,0.007481|0.1329|0.4665|0.03459,0.007538|0.07225|0.4291|0.02652,0|0.5288|0.5092|0.2598,
controlled,102,3,any,hmc_in,0,unsupervised,state,start,10,1.52204,-2.4138|-0.7938|0.9185,-9868.92,0.163378,0.382308,5268,021,False,0.675406,801,0.329752,4467,0.324594,0.984353,1.32538,4.85008,0.326117,0.661143,0|1|4|2|7|6|5|10|7|759,0|0.445726|2.06964|1.10979|4.51053|4.16371|3.80478|8.37417|6.32174|757.667,0|1|1|0|1|3|1|4|6|243,0.0200|0.3346|0.6454,0.0168|0.9446|0.0386,0.017148|0.035728|0.17345,,,0.017148|0.035728|0.17345,,,-3023.1113|-2864.8244,state,3,948,0.007481|0.1329|0.4665|0.03459,0.007538|0.07225|0.4291|0.02652,0|0.5288|0.5092|0.2598,
controlled,102,3,any,hmc_in,0,unsupervised,state-markov,start,10,1.36496,-2.4132|-0.8015|0.9162,-9786.43,0.128336,0.383447,5268,021,False,0.677903,801,0.330647,4467,0.322097,0.984924,1.33354,5.02627,0.322293,0.662826,0|1|5|2|4|5|5|11|11|757,0|0.417542|2.50448|1.18349|2.58693|3.46265|3.90696|9.16986|9.91172|755.78,0|0|0|1|2|2|1|3|7|242,0.0200|0.3346|0.6454,0.0259|0.9394|0.0347,0.021189|0.034858|0.17253,0.018069|0.034789|0.13866,0.16532|0.036752|0.33497,0.021189|0.034858|0.17253,0.018069|0.034789|0.13866,0.16532|0.036752|0.33497,-3023.1113|-2864.8244,state,3,948,0.007481|0.1329|0.4665|0.03459,0.007538|0.07225|0.4291|0.02652,0|0.5288|0.5092|0.2598,
controlled,102,3,any,hmc_in,0,unsupervised,state,ignorable fit,4,0.519901,-2.4164|-0.8264|0.9106,-9868.97,0.140656,0.381549,5268,021,False,0.674157,801,0.32908,4467,0.325843,0.984863,1.32435,4.80046,0.32691,0.660393,0|1|3|3|3|7|8|9|8|759,0|0.449937|1.54244|1.67731|1.8569|4.74583|6.12818|7.50582|7.26068|757.708,0|1|0|1|1|2|2|4|7|243,0.0200|0.3346|0.6454,0.0166|0.9457|0.0378,0.016909|0.035984|0.17193,,,0.016909|0.035984|0.17193,,,-3023.1113|-2864.8244,state,3,948,0.007481|0.1329|0.4665|0.03459,0.007538|0.07225|0.4291|0.02652,0|0.5288|0.5092|0.2598,
controlled,102,3,any,hmc_in,0,unsupervised,state-markov,ignorable fit,4,0.548276,-2.4164|-0.8317|0.9090,-9786.2,0.112599,0.3806,5268,021,False,0.66417,801,0.329752,4467,0.33583,0.982825,1.31717,4.5649,0.32924,0.651134,0|0|6|4|9|3|6|7|8|758,0|0|3.04444|2.29804|5.73618|2.112|4.66009|5.80276|7.15864|756.431,0|0|4|3|5|2|2|4|6|243,0.0200|0.3346|0.6454,0.0173|0.9406|0.0421,0.017741|0.037997|0.17108,0.017118|0.03545|0.13761,0.052248|0.10248|0.33323,0.017741|0.037997|0.17108,0.017118|0.03545|0.13761,0.052248|0.10248|0.33323,-3023.1113|-2864.8244,state,3,948,0.007481|0.1329|0.4665|0.03459,0.007538|0.07225|0.4291|0.02652,0|0.5288|0.5092|0.2598,
controlled,102,3,any,hmc_in,,oracle,ignorable,,,,,-10081.4,0.151155,0.129651,5268,012,True,0.101887,795,0.134585,4473,0.898113,0.987425,0.188459,0.992881,0.897148,0.0907144,4|1|1|2|3|4|5|6|6|763,1.56934|0.442356|0.490855|1.1767|1.92269|2.82044|3.84797|5.03841|5.43115|762.263,0|1|0|1|1|2|3|4|5|697,0.0239|0.3572|0.6189,0.0527|0.3310|0.6163,,,,,,,,state,4,922,0.007481|0.1329|0.4665|0.03459,0.007538|0.07225|0.4291|0.02652,0|0.5288|0.5092|0.2598,
controlled,102,3,any,hmc_in,,oracle,state,,,,,-12584.1,0.143601,0.0964313,5268,012,True,0.0616352,795,0.102616,4473,0.938365,0.995426,0.121049,0.660142,0.935991,0.0596374,0|0|0|1|2|3|0|3|1|785,0|0|0|0.555138|1.26718|2.09325|0|2.51407|0.906741|784.027,0|0|0|1|1|2|0|3|1|738,0.0239|0.3572|0.6189,0.0459|0.3242|0.6299,0.009523|0.12797|0.47091,,,,,,,state,4,922,0.007481|0.1329|0.4665|0.03459,0.007538|0.07225|0.4291|0.02652,0|0.5288|0.5092|0.2598,
controlled,102,3,any,hmc_in,,oracle,state-markov,,,,,-12586.9,0.167303,0.0964313,5268,012,True,0.0616352,795,0.102616,4473,0.938365,0.995894,0.120639,0.653536,0.936495,0.0594141,0|0|0|0|2|3|1|2|2|785,0|0|0|0|1.22072|2.09841|0.740087|1.70633|1.80432|784.166,0|0|0|0|1|2|1|2|2|738,0.0239|0.3572|0.6189,0.0459|0.3237|0.6304,0.0096472|0.12803|0.47071,0.0096037|0.13066|0.48029,0.014112|0.11015|0.45992,,,,,state,4,922,0.007481|0.1329|0.4665|0.03459,0.007538|0.07225|0.4291|0.02652,0|0.5288|0.5092|0.2598,
controlled,102,3,any,pmc_pair,,oracle,ignorable,,,,,-6267.44,0.576725,0.0920653,5268,012,True,0.0918239,795,0.0921082,4473,0.908176,0.97702,0.154355,0.665879,0.906666,0.0725153,0|1|9|11|4|5|3|8|8|746,0|0.44604|4.68192|6.14896|2.54063|3.5349|2.32994|6.65465|7.1785|743.215,0|0|2|3|4|2|2|5|4|700,0.0239|0.3572|0.6189,0.0590|0.3187|0.6224,,,,,,,,state,4,922,0.007481|0.1329|0.4665|0.03459,0.007538|0.07225|0.4291|0.02652,0|0.5288|0.5092|0.2598,
controlled,102,3,any,pmc_pair,,oracle,state,,,,,-8717.96,0.550785,0.03265,5268,012,True,0.027673,795,0.0335345,4473,0.972327,0.989085,0.0541414,0.190419,0.965692,0.0300568,0|0|1|9|1|4|3|5|6|766,0|0|0.507221|4.86198|0.661824|2.75377|2.35225|4.22213|5.43618|765.527,0|0|0|8|1|4|1|2|6|751,0.0239|0.3572|0.6189,0.0450|0.3447|0.6103,0.009523|0.12797|0.47091,,,,,,,state,4,922,0.007481|0.1329|0.4665|0.03459,0.007538|0.07225|0.4291|0.02652,0|0.5288|0.5092|0.2598,
controlled,102,3,any,pmc_pair,,oracle,state-markov,,,,,-8718.49,0.545953,0.0324601,5268,012,True,0.0264151,795,0.0335345,4473,0.973585,0.989097,0.0551471,0.193333,0.965472,0.0300794,0|0|10|0|1|4|1|5|7|767,0|0|5.13592|0|0.627806|2.69358|0.752374|4.26335|6.31511|766.544,0|0|9|0|1|4|1|1|6|752,0.0239|0.3572|0.6189,0.0454|0.3439|0.6107,0.0096472|0.12803|0.47071,0.0096037|0.13066|0.48029,0.014112|0.11015|0.45992,,,,,state,4,922,0.007481|0.1329|0.4665|0.03459,0.007538|0.07225|0.4291|0.02652,0|0.5288|0.5092|0.2598,
controlled,102,3,any,hmc_in,0,unsupervised,ignorable,start,11,1.47472,-2.4177|-0.8457|0.9021,-7080.62,0.128602,0.381169,5268,021,False,0.631447,795,0.336687,4473,0.368553,0.97522,1.2229,3.17166,0.370018,0.608793,0|0|8|4|8|5|6|9|16|739,0|0|4.15474|2.2221|5.01304|3.4756|4.65931|7.50755|14.5027|733.765,0|0|5|1|4|2|2|6|9|264,0.0239|0.3572|0.6189,0.0250|0.9295|0.0455,,,,,,,-2967.2813|-2833.4871,state,4,922,0.007481|0.1329|0.4665|0.03459,0.007538|0.07225|0.4291|0.02652,0|0.5288|0.5092|0.2598,
controlled,102,3,any,hmc_in,0,unsupervised,state,start,10,1.39774,-2.4154|-0.7995|0.9136,-9789.71,0.138013,0.384396,5268,021,False,0.636478,795,0.339593,4473,0.363522,0.99126,1.25938,4.71179,0.363574,0.627738,0|0|0|3|3|3|2|8|8|768,0|0|0|1.67582|1.92235|2.12183|1.50908|6.85088|7.17069|766.801,0|0|0|0|1|1|1|5|5|276,0.0239|0.3572|0.6189,0.0238|0.9477|0.0285,0.021863|0.029503|0.16879,,,0.021863|0.029503|0.16879,,,-2967.2813|-2833.4871,state,4,922,0.007481|0.1329|0.4665|0.03459,0.007538|0.07225|0.4291|0.02652,0|0.5288|0.5092|0.2598,
controlled,102,3,any,hmc_in,0,unsupervised,state-markov,start,10,1.53944,-2.4158|-0.8107|0.9109,-9721.03,0.116974,0.384207,5268,021,False,0.637736,795,0.339146,4473,0.362264,0.990863,1.26175,4.91758,0.362206,0.628598,0|0|1|2|3|3|3|8|5|770,0|0|0.520225|1.14391|1.86809|2.0887|2.30925|6.58688|4.46387|768.755,0|0|0|0|1|0|2|6|3|276,0.0239|0.3572|0.6189,0.0241|0.9475|0.0283,0.022122|0.030591|0.16834,0.021097|0.030865|0.13795,0.067456|0.021909|0.31847,0.022122|0.030591|0.16834,0.021097|0.030865|0.13795,0.067456|0.021909|0.31847,-2967.2813|-2833.4871,state,4,922,0.007481|0.1329|0.4665|0.03459,0.007538|0.07225|0.4291|0.02652,0|0.5288|0.5092|0.2598,
controlled,102,3,any,hmc_in,0,unsupervised,state,ignorable fit,4,0.594241,-2.4199|-0.8446|0.9031,-9789.52,0.147455,0.381929,5268,021,False,0.63522,795,0.33691,4473,0.36478,0.991586,1.25849,4.65556,0.364306,0.626806,0|0|1|2|2|4|2|6|9|769,0|0|0.519918|1.1194|1.27325|2.80342|1.4998|5.14487|8.11879|767.832,0|0|0|0|1|2|1|3|6|277,0.0239|0.3572|0.6189,0.0234|0.9485|0.0281,0.02127|0.029894|0.16687,,,0.02127|0.029894|0.16687,,,-2967.2813|-2833.4871,state,4,922,0.007481|0.1329|0.4665|0.03459,0.007538|0.07225|0.4291|0.02652,0|0.5288|0.5092|0.2598,
controlled,102,3,any,hmc_in,0,unsupervised,state-markov,ignorable fit,4,0.560879,-2.4200|-0.8496|0.9017,-9720.57,0.147866,0.381929,5268,021,False,0.63522,795,0.33691,4473,0.36478,0.991129,1.26029,4.79742,0.363203,0.626349,0|0|2|1|3|4|1|7|8|769,0|0|1.00331|0.587007|1.89552|2.76307|0.787286|5.80171|7.25985|767.85,0|0|1|0|1|2|0|5|5|276,0.0239|0.3572|0.6189,0.0237|0.9482|0.0281,0.021517|0.030995|0.16668,0.02062|0.031071|0.13657,0.0623|0.028601|0.31722,0.021517|0.030995|0.16668,0.02062|0.031071|0.13657,0.0623|0.028601|0.31722,-2967.2813|-2833.4871,state,4,922,0.007481|0.1329|0.4665|0.03459,0.007538|0.07225|0.4291|0.02652,0|0.5288|0.5092|0.2598,
controlled,102,3,any,hmc_in,,oracle,ignorable,,,,,-10089.5,0.160668,0.13003,5268,012,True,0.117936,814,0.132241,4454,0.882064,0.98133,0.213116,0.878317,0.880824,0.10019,0|0|5|7|9|4|10|7|7|765,0|0|2.53256|3.90688|5.71635|2.751|7.68044|5.87313|6.35655|763.986,0|0|2|3|3|3|2|6|6|693,0.0135|0.3845|0.6020,0.0526|0.3326|0.6148,,,,,,,,state-markov,0,933,0.007481|0.1329|0.4665|0.03459,0.007538|0.07225|0.4291|0.02652,0|0.5288|0.5092|0.2598,
controlled,102,3,any,hmc_in,,oracle,state,,,,,-12611.4,0.137559,0.104404,5268,012,True,0.0712531,814,0.110463,4454,0.928747,0.988448,0.127384,0.411003,0.926902,0.0610615,0|0|1|1|3|0|5|12|25|767,0|0|0.527415|0.582313|1.8642|0|3.8455|9.99615|22.407|765.374,0|0|0|1|2|0|2|2|21|728,0.0135|0.3845|0.6020,0.0259|0.3552|0.6188,0.0055356|0.14104|0.469,,,,,,,state-markov,0,933,0.007481|0.1329|0.4665|0.03459,0.007538|0.07225|0.4291|0.02652,0|0.5288|0.5092|0.2598,
controlled,102,3,any,hmc_in,,oracle,state-markov,,,,,-12332.2,0.126095,0.0998481,5268,012,True,0.0589681,814,0.107319,4454,0.941032,0.993568,0.108101,0.396155,0.940864,0.0525362,0|0|1|1|0|3|4|3|12|790,0|0|0.530241|0.575559|0|2.08059|3.07626|2.49637|10.942|789.063,0|0|0|0|0|2|2|1|8|753,0.0135|0.3845|0.6020,0.0332|0.3836|0.5831,0.0057375|0.14177|0.46907,0.0055448|0.075465|0.43638,0.039124|0.54317|0.50607,,,,,state-markov,0,933,0.007481|0.1329|0.4665|0.03459,0.007538|0.07225|0.4291|0.02652,0|0.5288|0.5092|0.2598,
controlled,102,3,any,pmc_pair,,oracle,ignorable,,,,,-6219.01,0.482592,0.11959,5268,012,True,0.127764,814,0.118096,4454,0.872236,0.965778,0.208805,0.542992,0.870911,0.101278,0|1|8|10|7|14|12|25|36|701,0|0.453409|4.12691|5.72436|4.45285|9.85586|9.26019|20.8133|32.3414|699.115,0|0|5|8|2|5|2|4|16|668,0.0135|0.3845|0.6020,0.0561|0.3174|0.6266,,,,,,,,state-markov,0,933,0.007481|0.1329|0.4665|0.03459,0.007538|0.07225|0.4291|0.02652,0|0.5288|0.5092|0.2598,
controlled,102,3,any,pmc_pair,,oracle,state,,,,,-8655.48,0.401845,0.0394837,5268,012,True,0.0700246,814,0.0339021,4454,0.929975,0.977125,0.110795,0.245722,0.927686,0.054295,0|0|2|9|5|10|6|24|15|743,0|0|1.0364|5.24623|3.03349|7.06418|4.56759|20.0277|13.4961|740.908,0|0|1|1|1|8|4|22|10|710,0.0135|0.3845|0.6020,0.0233|0.3365|0.6402,0.0055356|0.14104|0.469,,,,,,,state-markov,0,933,0.007481|0.1329|0.4665|0.03459,0.007538|0.07225|0.4291|0.02652,0|0.5288|0.5092|0.2598,
controlled,102,3,any,pmc_pair,,oracle,state-markov,,,,,-8408.1,0.52337,0.0313212,5268,012,True,0.0257985,814,0.0323305,4454,0.974201,0.988611,0.0414458,0.112285,0.970786,0.0183812,0|0|2|3|1|3|16|2|10|777,0|0|1.03878|1.69833|0.654613|2.09994|12.2915|1.69024|9.1261|776.13,0|0|2|1|1|1|9|2|9|768,0.0135|0.3845|0.6020,0.0253|0.3925|0.5823,0.0057375|0.14177|0.46907,0.0055448|0.075465|0.43638,0.039124|0.54317|0.50607,,,,,state-markov,0,933,0.007481|0.1329|0.4665|0.03459,0.007538|0.07225|0.4291|0.02652,0|0.5288|0.5092|0.2598,
controlled,102,3,any,hmc_in,0,unsupervised,ignorable,start,11,1.57642,-2.4155|-0.8742|0.8963,-7120.39,0.0980609,0.377752,5268,021,False,0.62285,814,0.332959,4454,0.37715,0.965092,1.20596,3.02819,0.370834,0.593864,0|0|7|11|8|12|11|14|15|736,0|0|3.58835|6.117|5.0014|8.41376|8.44256|11.7434|13.7339|728.544,0|0|5|6|6|8|8|8|7|259,0.0135|0.3845|0.6020,0.0195|0.9263|0.0542,,,,,,,-2991.0003|-2502.2236,state-markov,0,933,0.007481|0.1329|0.4665|0.03459,0.007538|0.07225|0.4291|0.02652,0|0.5288|0.5092|0.2598,
controlled,102,3,any,hmc_in,0,unsupervised,state,start,10,1.48923,-2.4116|-0.7967|0.9154,-9801.33,0.119686,0.3806,5268,021,False,0.60688,814,0.339246,4454,0.39312,0.992746,1.20681,5.19664,0.39099,0.602179,0|1|2|0|3|0|2|5|10|791,0|0.459624|0.960848|0|1.9459|0|1.52712|4.14088|9.09368|789.967,0|0|2|0|1|0|1|3|7|306,0.0135|0.3845|0.6020,0.0172|0.9736|0.0093,0.020044|0.011341|0.17855,,,0.020044|0.011341|0.17855,,,-2991.0003|-2502.2236,state-markov,0,933,0.007481|0.1329|0.4665|0.03459,0.007538|0.07225|0.4291|0.02652,0|0.5288|0.5092|0.2598,
controlled,102,3,any,hmc_in,0,unsupervised,state-markov,start,10,1.47506,-2.4126|-0.8292|0.9075,-9475.14,0.153296,0.379271,5268,021,False,0.610565,814,0.337,4454,0.389435,0.984313,1.20483,4.07228,0.385721,0.60237,1|0|3|2|4|6|6|8|16|768,0.384782|0|1.53958|1.11556|2.52756|4.15219|4.62631|6.66937|14.3859|765.83,0|0|2|2|2|1|5|8|10|287,0.0135|0.3845|0.6020,0.0175|0.9547|0.0278,0.019944|0.020716|0.17452,0.017386|0.015345|0.10584,0.14568|0.27461|0.49939,0.019944|0.020716|0.17452,0.017386|0.015345|0.10584,0.14568|0.27461|0.49939,-2991.0003|-2502.2236,state-markov,0,933,0.007481|0.1329|0.4665|0.03459,0.007538|0.07225|0.4291|0.02652,0|0.5288|0.5092|0.2598,
controlled,102,3,any,hmc_in,0,unsupervised,state,ignorable fit,6,0.872894,-2.4175|-0.8515|0.9032,-9801.85,0.132306,0.378512,5268,021,False,0.605651,814,0.337,4454,0.394349,0.992358,1.20581,5.07708,0.391288,0.601875,0|1|2|1|2|0|2|6|9|791,0|0.403351|1.02339|0.546215|1.22011|0|1.53106|5.04186|8.11278|789.901,0|1|2|0|1|0|1|4|6|306,0.0135|0.3845|0.6020,0.0165|0.9737|0.0099,0.01934|0.012482|0.17575,,,0.01934|0.012482|0.17575,,,-2991.0003|-2502.2236,state-markov,0,933,0.007481|0.1329|0.4665|0.03459,0.007538|0.07225|0.4291|0.02652,0|0.5288|0.5092|0.2598,
controlled,102,3,any,hmc_in,0,unsupervised,state-markov,ignorable fit,4,0.591789,-2.4175|-0.8797|0.8951,-9474.3,0.145226,0.376044,5268,021,False,0.611794,814,0.332959,4454,0.388206,0.98407,1.2036,3.97314,0.386071,0.598471,1|0|3|1|7|4|5|9|16|768,0.391897|0|1.56181|0.582305|4.37436|2.80086|3.83307|7.52337|14.3922|765.573,0|0|1|1|3|1|4|8|11|287,0.0135|0.3845|0.6020,0.0168|0.9545|0.0287,0.01927|0.022607|0.17159,0.016863|0.016291|0.10406,0.1418|0.2957|0.49762,0.01927|0.022607|0.17159,0.016863|0.016291|0.10406,0.1418|0.2957|0.49762,-2991.0003|-2502.2236,state-markov,0,933,0.007481|0.1329|0.4665|0.03459,0.007538|0.07225|0.4291|0.02652,0|0.5288|0.5092|0.2598,
controlled,102,3,any,hmc_in,,oracle,ignorable,,,,,-10094,0.109208,0.1306,5268,012,True,0.107807,807,0.134723,4461,0.892193,0.984043,0.189496,0.938356,0.894403,0.09185,0|0|4|8|4|7|4|13|5|762,0|0|2.0623|4.56717|2.5658|4.91655|3.13965|10.9105|4.60091|761.36,0|0|1|2|1|3|2|4|0|707,0.0149|0.3730|0.6121,0.0695|0.3321|0.5985,,,,,,,,state-markov,1,939,0.007481|0.1329|0.4665|0.03459,0.007538|0.07225|0.4291|0.02652,0|0.5288|0.5092|0.2598,
controlled,102,3,any,hmc_in,,oracle,state,,,,,-12630.9,0.141289,0.0981397,5268,012,True,0.0768278,807,0.101995,4461,0.923172,0.984488,0.135947,0.594995,0.921605,0.0688412,0|4|1|7|2|13|1|2|3|774,0|1.78804|0.529669|3.91075|1.27233|9.22106|0.734872|1.64348|2.69407|772.687,0|4|1|4|1|0|1|1|2|731,0.0149|0.3730|0.6121,0.0327|0.3204|0.6469,0.0060344|0.13563|0.47283,,,,,,,state-markov,1,939,0.007481|0.1329|0.4665|0.03459,0.007538|0.07225|0.4291|0.02652,0|0.5288|0.5092|0.2598,
controlled,102,3,any,hmc_in,,oracle,state-markov,,,,,-12378.7,0.100929,0.0941534,5268,012,True,0.0557621,807,0.101098,4461,0.944238,0.985985,0.107532,0.484379,0.936312,0.0498413,0|0|2|2|4|16|4|4|11|764,0|0|1.05688|1.08067|2.52585|11.1514|3.05841|3.30871|9.94031|763.568,0|0|2|1|3|13|3|3|7|730,0.0149|0.3730|0.6121,0.0376|0.3439|0.6185,0.0062374|0.13596|0.47296,0.0060492|0.075553|0.42326,0.036211|0.51984|0.52834,,,,,state-markov,1,939,0.007481|0.1329|0.4665|0.03459,0.007538|0.07225|0.4291|0.02652,0|0.5288|0.5092|0.2598,
controlled,102,3,any,pmc_pair,,oracle,ignorable,,,,,-6212.47,0.444821,0.0922551,5268,012,True,0.0855019,807,0.0934768,4461,0.914498,0.969792,0.145426,0.54846,0.905774,0.0561496,0|0|8|10|9|8|13|13|36|710,0|0|4.11764|5.5993|5.65455|5.56812|10.0381|10.9262|32.1536|708.564,0|0|3|4|6|3|9|9|26|678,0.0149|0.3730|0.6121,0.0646|0.3326|0.6028,,,,,,,,state-markov,1,939,0.007481|0.1329|0.4665|0.03459,0.007538|0.07225|0.4291|0.02652,0|0.5288|0.5092|0.2598,
controlled,102,3,any,pmc_pair,,oracle,state,,,,,-8642.47,0.493867,0.0438497,5268,012,True,0.0842627,807,0.0365389,4461,0.915737,0.980998,0.126028,0.314308,0.923575,0.0663861,0|0|3|7|6|8|13|3|19|748,0|0|1.54588|3.94866|3.81865|5.51608|10.1271|2.55795|16.9239|747.227,0|0|2|1|2|1|1|1|10|721,0.0149|0.3730|0.6121,0.0288|0.3203|0.6508,0.0060344|0.13563|0.47283,,,,,,,state-markov,1,939,0.007481|0.1329|0.4665|0.03459,0.007538|0.07225|0.4291|0.02652,0|0.5288|0.5092|0.2598,
controlled,102,3,any,pmc_pair,,oracle,state-markov,,,,,-8422.58,0.494133,0.0309415,5268,012,True,0.0223048,807,0.0325039,4461,0.977695,0.992639,0.0409956,0.157418,0.973748,0.0190303,0|0|1|1|3|1|2|4|13|782,0|0|0.531201|0.540309|1.91771|0.675874|1.48043|3.34156|11.6546|780.918,0|0|0|1|0|1|2|3|12|770,0.0149|0.3730|0.6121,0.0308|0.3705|0.5987,0.0062374|0.13596|0.47296,0.0060492|0.075553|0.42326,0.036211|0.51984|0.52834,,,,,state-markov,1,939,0.007481|0.1329|0.4665|0.03459,0.007538|0.07225|0.4291|0.02652,0|0.5288|0.5092|0.2598,
controlled,102,3,any,hmc_in,0,unsupervised,ignorable,start,10,1.26389,-2.4138|-0.8455|0.9065,-7139.21,0.163324,0.381359,5268,021,False,0.659232,807,0.331092,4461,0.340768,0.970074,1.26628,3.24022,0.34405,0.631974,0|0|9|6|11|10|2|4|16|749,0|0|4.52573|3.3859|7.02557|7.0546|1.53744|3.35252|14.6561|741.312,0|0|0|4|2|4|2|1|12|250,0.0149|0.3730|0.6121,0.0312|0.9144|0.0544,,,,,,,-3003.8768|-2511.5640,state-markov,1,939,0.007481|0.1329|0.4665|0.03459,0.007538|0.07225|0.4291|0.02652,0|0.5288|0.5092|0.2598,
controlled,102,3,any,hmc_in,0,unsupervised,state,start,9,1.19555,-2.4113|-0.7828|0.9229,-9866.46,0.166011,0.376993,5268,021,False,0.625774,807,0.331988,4461,0.374226,0.990627,1.24739,4.90253,0.369049,0.623053,0|0|1|2|2|5|3|7|10|777,0|0|0.500867|1.10422|1.23028|3.48775|2.32763|5.87762|8.87896|776.029,0|0|1|1|1|5|3|5|7|279,0.0149|0.3730|0.6121,0.0190|0.9594|0.0215,0.018981|0.023883|0.17575,,,0.018981|0.023883|0.17575,,,-3003.8768|-2511.5640,state-markov,1,939,0.007481|0.1329|0.4665|0.03459,0.007538|0.07225|0.4291|0.02652,0|0.5288|0.5092|0.2598,
controlled,102,3,any,hmc_in,0,unsupervised,state-markov,start,10,1.44421,-2.4135|-0.8212|0.9127,-9521.56,0.143185,0.375664,5268,021,False,0.633209,807,0.329074,4461,0.366791,0.98629,1.26095,4.51086,0.359508,0.627037,0|1|3|5|3|1|10|6|7|771,0|0.442472|1.46896|2.88169|1.90508|0.697429|7.65059|4.91239|6.34178|769.636,0|1|2|3|3|1|8|5|4|269,0.0149|0.3730|0.6121,0.0261|0.9483|0.0256,0.022248|0.027207|0.17236,0.016131|0.024577|0.10253,0.29105|0.12125|0.50768,0.022248|0.027207|0.17236,0.016131|0.024577|0.10253,0.29105|0.12125|0.50768,-3003.8768|-2511.5640,state-markov,1,939,0.007481|0.1329|0.4665|0.03459,0.007538|0.07225|0.4291|0.02652,0|0.5288|0.5092|0.2598,
controlled,102,3,any,hmc_in,0,unsupervised,state,ignorable fit,5,0.721124,-2.4162|-0.8347|0.9108,-9866.83,0.107207,0.374905,5268,021,False,0.624535,807,0.329747,4461,0.375465,0.991118,1.24653,4.82667,0.369828,0.623208,0|0|1|2|2|5|1|7|10|779,0|0|0.482874|1.11984|1.23092|3.46008|0.793239|5.88263|8.98469|777.878,0|0|1|1|2|5|1|3|9|281,0.0149|0.3730|0.6121,0.0190|0.9603|0.0208,0.018712|0.024368|0.17319,,,0.018712|0.024368|0.17319,,,-3003.8768|-2511.5640,state-markov,1,939,0.007481|0.1329|0.4665|0.03459,0.007538|0.07225|0.4291|0.02652,0|0.5288|0.5092|0.2598,
controlled,102,3,any,hmc_in,0,unsupervised,state-markov,ignorable fit,5,0.594564,-2.4162|-0.8519|0.9053,-9521.3,0.181901,0.376044,5268,021,False,0.635688,807,0.329074,4461,0.364312,0.986666,1.26063,4.37933,0.359805,0.62895,0|1|3|5|2|2|6|11|4|773,0|0.412092|1.48647|2.9083|1.26904|1.42594|4.55541|9.2313|3.65644|771.294,0|1|1|2|2|2|4|10|2|270,0.0149|0.3730|0.6121,0.0256|0.9483|0.0262,0.021821|0.028403|0.17055,0.016053|0.024841|0.10156,0.28041|0.15026|0.50608,0.021821|0.028403|0.17055,0.016053|0.024841|0.10156,0.28041|0.15026|0.50608,-3003.8768|-2511.5640,state-markov,1,939,0.007481|0.1329|0.4665|0.03459,0.007538|0.07225|0.4291|0.02652,0|0.5288|0.5092|0.2598,
controlled,102,3,any,hmc_in,,oracle,ignorable,,,,,-10052.3,0.122094,0.13041,5268,012,True,0.100629,795,0.135703,4473,0.899371,0.987172,0.185827,1.12,0.898167,0.0906607,0|0|3|5|3|4|7|8|8|757,0|0|1.53752|2.84012|1.93002|2.75113|5.41098|6.61199|7.27215|756.448,0|0|0|3|1|3|4|6|8|690,0.0201|0.3723|0.6075,0.0509|0.3395|0.6095,,,,,,,,state-markov,2,943,0.007481|0.1329|0.4665|0.03459,0.007538|0.07225|0.4291|0.02652,0|0.5288|0.5092|0.2598,
controlled,102,3,any,hmc_in,,oracle,state,,,,,-12639.9,0.14756,0.100418,5268,012,True,0.072956,795,0.105298,4473,0.927044,0.995079,0.13951,0.752223,0.926524,0.0708569,0|0|1|2|0|2|1|0|10|779,0|0|0.508007|1.13913|0|1.43755|0.739263|0|8.98453|778.28,0|0|0|2|0|1|1|0|1|732,0.0201|0.3723|0.6075,0.0391|0.3522|0.6087,0.0080287|0.13338|0.4623,,,,,,,state-markov,2,943,0.007481|0.1329|0.4665|0.03459,0.007538|0.07225|0.4291|0.02652,0|0.5288|0.5092|0.2598,
controlled,102,3,any,hmc_in,,oracle,state-markov,,,,,-12395,0.121776,0.0994685,5268,012,True,0.072956,795,0.104181,4473,0.927044,0.994326,0.137697,0.783628,0.927125,0.0699665,0|0|1|0|7|0|1|2|4|780,0|0|0.516069|0|4.32429|0|0.795809|1.62083|3.68321|779.549,0|0|1|0|1|0|1|2|3|729,0.0201|0.3723|0.6075,0.0403|0.3518|0.6079,0.0082272|0.13366|0.46221,0.0080724|0.081072|0.41826,0.026888|0.47452|0.51334,,,,,state-markov,2,943,0.007481|0.1329|0.4665|0.03459,0.007538|0.07225|0.4291|0.02652,0|0.5288|0.5092|0.2598,
controlled,102,3,any,pmc_pair,,oracle,ignorable,,,,,-6218.72,0.479667,0.0660592,5268,012,True,0.0742138,795,0.0646099,4473,0.925786,0.976382,0.136111,0.633919,0.91368,0.0608786,0|0|2|3|3|20|8|19|24|716,0|0|0.975984|1.68843|1.89251|13.9881|6.22734|16.2229|21.4983|713.73,0|0|1|0|1|15|7|18|22|672,0.0201|0.3723|0.6075,0.0569|0.3252|0.6179,,,,,,,,state-markov,2,943,0.007481|0.1329|0.4665|0.03459,0.007538|0.07225|0.4291|0.02652,0|0.5288|0.5092|0.2598,
controlled,102,3,any,pmc_pair,,oracle,state,,,,,-8726.79,0.48896,0.0527715,5268,012,True,0.0842767,795,0.0471719,4473,0.915723,0.972088,0.114627,0.226467,0.923217,0.0599606,0|5|5|5|3|17|15|13|18|714,0|2.16661|2.57047|2.85191|1.97384|11.6333|11.5469|11.0086|16.181|712.877,0|0|4|2|0|5|4|2|9|702,0.0201|0.3723|0.6075,0.0365|0.3218|0.6417,0.0080287|0.13338|0.4623,,,,,,,state-markov,2,943,0.007481|0.1329|0.4665|0.03459,0.007538|0.07225|0.4291|0.02652,0|0.5288|0.5092|0.2598,
controlled,102,3,any,pmc_pair,,oracle,state-markov,,,,,-8511.5,0.493132,0.0335991,5268,012,True,0.0264151,795,0.0348759,4473,0.973585,0.989664,0.0500947,0.16947,0.966729,0.0227796,0|0|0|0|4|5|10|8|2|766,0|0|0|0|2.62406|3.51203|7.82457|6.64655|1.82433|764.351,0|0|0|0|0|4|10|6|1|753,0.0201|0.3723|0.6075,0.0388|0.3675|0.5937,0.0082272|0.13366|0.46221,0.0080724|0.081072|0.41826,0.026888|0.47452|0.51334,,,,,state-markov,2,943,0.007481|0.1329|0.4665|0.03459,0.007538|0.07225|0.4291|0.02652,0|0.5288|0.5092|0.2598,
controlled,102,3,any,hmc_in,0,unsupervised,ignorable,start,10,1.40691,-2.4143|-0.8331|0.9110,-7114.35,0.133047,0.382308,5268,021,False,0.628931,795,0.338475,4473,0.371069,0.970291,1.20566,3.02098,0.373983,0.599222,0|0|4|9|8|7|8|10|14|735,0|0|2.08657|5.05443|5.1711|4.96137|6.15815|8.38827|12.7759|726.786,0|0|1|3|4|3|4|7|8|265,0.0201|0.3723|0.6075,0.0251|0.9299|0.0450,,,,,,,-3012.4373|-2552.6790,state-markov,2,943,0.007481|0.1329|0.4665|0.03459,0.007538|0.07225|0.4291|0.02652,0|0.5288|0.5092|0.2598,
controlled,102,3,any,hmc_in,0,unsupervised,state,start,9,1.32763,-2.4117|-0.7788|0.9259,-9862.29,0.134729,0.382688,5268,021,False,0.622642,795,0.34004,4473,0.377358,0.988313,1.22792,4.58673,0.377716,0.613466,1|0|4|4|1|3|4|7|4|767,0.355539|0|2.01406|2.3042|0.646188|2.05642|3.08502|5.94742|3.56943|765.73,1|0|0|0|1|2|2|4|1|289,0.0201|0.3723|0.6075,0.0212|0.9573|0.0215,0.018285|0.029154|0.17485,,,0.018285|0.029154|0.17485,,,-3012.4373|-2552.6790,state-markov,2,943,0.007481|0.1329|0.4665|0.03459,0.007538|0.07225|0.4291|0.02652,0|0.5288|0.5092|0.2598,
controlled,102,3,any,hmc_in,0,unsupervised,state-markov,start,10,1.52001,-2.4139|-0.8089|0.9178,-9536.51,0.156534,0.382308,5268,021,False,0.621384,795,0.339817,4473,0.378616,0.983777,1.22112,3.82976,0.377351,0.605557,0|0|4|5|4|4|4|9|10|755,0|0|2.09463|2.8409|2.55782|2.84244|3.04887|7.51435|8.99957|752.204,0|0|1|2|2|3|1|6|6|280,0.0201|0.3723|0.6075,0.0213|0.9478|0.0309,0.01801|0.038395|0.17102,0.015603|0.027553|0.10535,0.14923|0.30993|0.48935,0.01801|0.038395|0.17102,0.015603|0.027553|0.10535,0.14923|0.30993|0.48935,-3012.4373|-2552.6790,state-markov,2,943,0.007481|0.1329|0.4665|0.03459,0.007538|0.07225|0.4291|0.02652,0|0.5288|0.5092|0.2598,
controlled,102,3,any,hmc_in,0,unsupervised,state,ignorable fit,5,0.768304,-2.4164|-0.8200|0.9161,-9862.32,0.141464,0.382498,5268,021,False,0.620126,795,0.340264,4473,0.379874,0.987894,1.22659,4.51695,0.378223,0.609728,0|1|6|2|3|2|3|9|2|767,0|0.402457|3.03369|1.16164|1.91849|1.39341|2.36446|7.54376|1.83314|765.724,0|1|2|0|2|1|2|4|1|289,0.0201|0.3723|0.6075,0.0207|0.9572|0.0221,0.017577|0.03095|0.17257,,,0.017577|0.03095|0.17257,,,-3012.4373|-2552.6790,state-markov,2,943,0.007481|0.1329|0.4665|0.03459,0.007538|0.07225|0.4291|0.02652,0|0.5288|0.5092|0.2598,
controlled,102,3,any,hmc_in,0,unsupervised,state-markov,ignorable fit,4,0.57509,-2.4164|-0.8377|0.9105,-9536.25,0.161762,0.381549,5268,021,False,0.620126,795,0.339146,4473,0.379874,0.98361,1.22022,3.79226,0.377738,0.604036,0|0|2|7|4|6|2|9|8|757,0|0|1.02313|3.88065|2.51197|4.27133|1.56046|7.50666|7.19776|754.018,0|0|0|4|2|4|0|6|4|282,0.0201|0.3723|0.6075,0.0211|0.9481|0.0307,0.017894|0.039057|0.1695,0.015424|0.027879|0.10442,0.15347|0.31408|0.48836,0.017894|0.039057|0.1695,0.015424|0.027879|0.10442,0.15347|0.31408|0.48836,-3012.4373|-2552.6790,state-markov,2,943,0.007481|0.1329|0.4665|0.03459,0.007538|0.07225|0.4291|0.02652,0|0.5288|0.5092|0.2598,
controlled,102,3,any,hmc_in,,oracle,ignorable,,,,,-10070.5,0.118075,0.13003,5268,012,True,0.0942928,806,0.136486,4462,0.905707,0.987591,0.176473,0.798294,0.902615,0.0832363,0|0|2|3|6|5|1|5|19|765,0|0|1.02076|1.71077|3.86781|3.48509|0.744337|4.16768|17.4513|763.551,0|0|1|2|3|3|1|3|15|702,0.0261|0.3561|0.6179,0.0586|0.3285|0.6129,,,,,,,,state-markov,3,938,0.007481|0.1329|0.4665|0.03459,0.007538|0.07225|0.4291|0.02652,0|0.5288|0.5092|0.2598,
controlled,102,3,any,hmc_in,,oracle,state,,,,,-12622.6,0.11763,0.110478,5268,012,True,0.0818859,806,0.115643,4462,0.918114,0.970315,0.129617,0.451063,0.914753,0.0607624,0|0|7|15|8|0|31|22|6|717,0|0|3.55667|8.79038|4.99296|0|24.436|18.4691|5.40893|716.42,0|0|5|2|7|0|21|14|5|686,0.0261|0.3561|0.6179,0.0479|0.3050|0.6471,0.010521|0.12933|0.47666,,,,,,,state-markov,3,938,0.007481|0.1329|0.4665|0.03459,0.007538|0.07225|0.4291|0.02652,0|0.5288|0.5092|0.2598,
controlled,102,3,any,hmc_in,,oracle,state-markov,,,,,-12394.3,0.133809,0.0964313,5268,012,True,0.0545906,806,0.103989,4462,0.945409,0.991893,0.0956097,0.384207,0.945901,0.0464836,0|0|0|1|3|3|4|11|8|776,0|0|0|0.542294|1.92138|2.0919|3.11942|9.14301|7.21876|775.429,0|0|0|0|1|0|2|8|5|746,0.0261|0.3561|0.6179,0.0485|0.3454|0.6061,0.010718|0.12962|0.47662,0.010612|0.07449|0.4545,0.020501|0.49983|0.50091,,,,,state-markov,3,938,0.007481|0.1329|0.4665|0.03459,0.007538|0.07225|0.4291|0.02652,0|0.5288|0.5092|0.2598,
controlled,102,3,any,pmc_pair,,oracle,ignorable,,,,,-6228.84,0.454562,0.0964313,5268,012,True,0.0880893,806,0.0979381,4462,0.911911,0.975089,0.145996,0.428111,0.907827,0.0647249,0|0|3|6|5|7|14|13|43|715,0|0|1.52831|3.37677|3.16211|4.87089|10.6959|10.834|38.8072|712.647,0|0|1|4|2|3|6|9|22|688,0.0261|0.3561|0.6179,0.0655|0.3206|0.6139,,,,,,,,state-markov,3,938,0.007481|0.1329|0.4665|0.03459,0.007538|0.07225|0.4291|0.02652,0|0.5288|0.5092|0.2598,
controlled,102,3,any,pmc_pair,,oracle,state,,,,,-8671.05,0.506962,0.0516325,5268,012,True,0.0657568,806,0.0490811,4462,0.934243,0.981396,0.127179,0.285561,0.922928,0.0626408,0|0|2|10|6|1|5|9|27|746,0|0|1.03828|5.57225|3.77245|0.717813|3.88672|7.43004|24.475|744.113,0|0|2|10|3|1|3|8|23|703,0.0261|0.3561|0.6179,0.0415|0.2949|0.6636,0.010521|0.12933|0.47666,,,,,,,state-markov,3,938,0.007481|0.1329|0.4665|0.03459,0.007538|0.07225|0.4291|0.02652,0|0.5288|0.5092|0.2598,
controlled,102,3,any,pmc_pair,,oracle,state-markov,,,,,-8463.84,0.515701,0.0351177,5268,012,True,0.028536,806,0.0363066,4462,0.971464,0.992909,0.0458924,0.134845,0.971685,0.0237114,0|0|0|2|2|2|6|7|3|784,0|0|0|1.10385|1.25824|1.37867|4.50718|5.9325|2.70796|783.396,0|0|0|0|1|2|1|4|3|772,0.0261|0.3561|0.6179,0.0428|0.3548|0.6024,0.010718|0.12962|0.47662,0.010612|0.07449|0.4545,0.020501|0.49983|0.50091,,,,,state-markov,3,938,0.007481|0.1329|0.4665|0.03459,0.007538|0.07225|0.4291|0.02652,0|0.5288|0.5092|0.2598,
controlled,102,3,any,hmc_in,0,unsupervised,ignorable,start,11,1.68351,-2.4136|-0.8290|0.9112,-7117.65,0.124973,0.379841,5268,021,False,0.633995,806,0.333931,4462,0.366005,0.973425,1.23329,3.16704,0.363008,0.616696,0|0|8|6|8|5|5|5|6|763,0|0|4.03951|3.36686|5.15347|3.50892|3.77605|4.22212|5.35435|755.159,0|0|7|2|4|3|2|5|2|270,0.0261|0.3561|0.6179,0.0262|0.9192|0.0546,,,,,,,-3001.7337|-2556.5467,state-markov,3,938,0.007481|0.1329|0.4665|0.03459,0.007538|0.07225|0.4291|0.02652,0|0.5288|0.5092|0.2598,
controlled,102,3,any,hmc_in,0,unsupervised,state,start,10,1.5607,-2.4109|-0.7612|0.9299,-9859.19,0.129396,0.386295,5268,021,False,0.643921,806,0.339758,4462,0.356079,0.987609,1.26234,4.82546,0.360316,0.63153,0|0|6|4|3|2|4|3|10|774,0|0|3.02284|2.2485|1.9556|1.38916|3.09539|2.56401|8.8438|772.894,0|0|1|1|1|1|0|1|5|277,0.0261|0.3561|0.6179,0.0238|0.9498|0.0264,0.022889|0.025369|0.17429,,,0.022889|0.025369|0.17429,,,-3001.7337|-2556.5467,state-markov,3,938,0.007481|0.1329|0.4665|0.03459,0.007538|0.07225|0.4291|0.02652,0|0.5288|0.5092|0.2598,
controlled,102,3,any,hmc_in,0,unsupervised,state-markov,start,10,1.76225,-2.4118|-0.7919|0.9218,-9545.8,0.21296,0.383068,5268,021,False,0.636476,806,0.337293,4462,0.363524,0.986266,1.25464,4.27313,0.362332,0.625374,0|0|0|6|4|5|7|9|6|769,0|0|0|3.47027|2.50637|3.43296|5.34782|7.50651|5.43956|767.227,0|0|0|1|3|4|2|6|5|272,0.0261|0.3561|0.6179,0.0238|0.9406|0.0356,0.023114|0.031393|0.17174,0.018377|0.026826|0.1053,0.2233|0.17229|0.49217,0.023114|0.031393|0.17174,0.018377|0.026826|0.1053,0.2233|0.17229|0.49217,-3001.7337|-2556.5467,state-markov,3,938,0.007481|0.1329|0.4665|0.03459,0.007538|0.07225|0.4291|0.02652,0|0.5288|0.5092|0.2598,
controlled,102,3,any,hmc_in,0,unsupervised,state,ignorable fit,5,0.848807,-2.4155|-0.8082|0.9188,-9859.89,0.137134,0.383447,5268,021,False,0.64268,806,0.33662,4462,0.35732,0.987703,1.26102,4.74643,0.361007,0.630383,0|0|6|4|0|5|4|4|9|774,0|0|3.04463|2.23106|0|3.42563|3.10809|3.40262|8.00903|772.867,0|0|0|2|0|3|0|2|4|277,0.0261|0.3561|0.6179,0.0234|0.9504|0.0262,0.022409|0.026424|0.17184,,,0.022409|0.026424|0.17184,,,-3001.7337|-2556.5467,state-markov,3,938,0.007481|0.1329|0.4665|0.03459,0.007538|0.07225|0.4291|0.02652,0|0.5288|0.5092|0.2598,
controlled,102,3,any,hmc_in,0,unsupervised,state-markov,ignorable fit,4,0.637522,-2.4156|-0.8300|0.9121,-9545.78,0.142166,0.38079,5268,021,False,0.633995,806,0.335052,4462,0.366005,0.98642,1.25231,4.14214,0.36352,0.62374,0|0|1|5|3|6|6|7|10|768,0|0|0.518903|2.80925|1.85701|4.28387|4.72219|5.88222|8.97452|766.006,0|0|1|1|2|5|4|3|7|272,0.0261|0.3561|0.6179,0.0233|0.9400|0.0367,0.022584|0.033495|0.16919,0.018146|0.02736|0.10404,0.21465|0.21053|0.48913,0.022584|0.033495|0.16919,0.018146|0.02736|0.10404,0.21465|0.21053|0.48913,-3001.7337|-2556.5467,state-markov,3,938,0.007481|0.1329|0.4665|0.03459,0.007538|0.07225|0.4291|0.02652,0|0.5288|0.5092|0.2598,
controlled,102,3,any,hmc_in,,oracle,ignorable,,,,,-10053.3,0.141147,0.131739,5268,012,True,0.0957576,825,0.13842,4443,0.904242,0.979698,0.156396,0.68991,0.907435,0.0754555,0|0|4|8|7|8|10|8|18|762,0|0|2.0597|4.553|4.40264|5.59634|7.62817|6.65456|16.3155|761.041,0|0|0|3|3|3|4|4|8|721,0.0158|0.3939|0.5903,0.0481|0.3719|0.5800,,,,,,,,state-markov,4,960,0.007481|0.1329|0.4665|0.03459,0.007538|0.07225|0.4291|0.02652,0|0.5288|0.5092|0.2598,
controlled,102,3,any,hmc_in,,oracle,state,,,,,-12668,0.14347,0.0949127,5268,012,True,0.0412121,825,0.104884,4443,0.958788,0.985028,0.0732044,0.28277,0.95258,0.0439265,0|0|1|8|2|7|6|14|11|776,0|0|0.501755|4.59811|1.26048|4.91486|4.47459|11.5528|10.0162|775.329,0|0|1|0|2|7|6|14|9|752,0.0158|0.3939|0.5903,0.0284|0.3704|0.6012,0.0065341|0.14644|0.46613,,,,,,,state-markov,4,960,0.007481|0.1329|0.4665|0.03459,0.007538|0.07225|0.4291|0.02652,0|0.5288|0.5092|0.2598,
controlled,102,3,any,hmc_in,,oracle,state-markov,,,,,-12328.3,0.161726,0.0947229,5268,012,True,0.0424242,825,0.104434,4443,0.957576,0.993289,0.0822381,0.303743,0.953799,0.0394266,0|0|0|1|2|5|3|3|8|803,0|0|0|0.536923|1.25195|3.41885|2.3067|2.51241|7.18763|802.249,0|0|0|1|1|4|2|3|7|772,0.0158|0.3939|0.5903,0.0346|0.3815|0.5839,0.0067326|0.14683|0.46607,0.006557|0.072817|0.42843,0.03264|0.57689|0.5092,,,,,state-markov,4,960,0.007481|0.1329|0.4665|0.03459,0.007538|0.07225|0.4291|0.02652,0|0.5288|0.5092|0.2598,
controlled,102,3,any,pmc_pair,,oracle,ignorable,,,,,-6202.58,0.450608,0.0926348,5268,012,True,0.0751515,825,0.0958812,4443,0.924848,0.968585,0.112066,0.405559,0.921807,0.0439848,0|2|8|12|9|9|8|19|23|735,0|0.909993|4.08156|6.72888|5.70596|6.29385|6.14943|15.8975|20.8662|732.449,0|0|2|4|2|6|6|16|17|710,0.0158|0.3939|0.5903,0.0483|0.3667|0.5850,,,,,,,,state-markov,4,960,0.007481|0.1329|0.4665|0.03459,0.007538|0.07225|0.4291|0.02652,0|0.5288|0.5092|0.2598,
controlled,102,3,any,pmc_pair,,oracle,state,,,,,-8700.75,0.684589,0.0351177,5268,012,True,0.0266667,825,0.0366869,4443,0.973333,0.98366,0.0415724,0.081237,0.966093,0.0152037,0|0|1|2|1|3|13|33|14|758,0|0|0.519728|1.11498|0.647856|2.03942|10.0345|28.1175|12.3403|756.705,0|0|0|1|1|2|8|22|14|755,0.0158|0.3939|0.5903,0.0221|0.3757|0.6022,0.0065341|0.14644|0.46613,,,,,,,state-markov,4,960,0.007481|0.1329|0.4665|0.03459,0.007538|0.07225|0.4291|0.02652,0|0.5288|0.5092|0.2598,
controlled,102,3,any,pmc_pair,,oracle,state-markov,,,,,-8400.23,0.539962,0.0322703,5268,012,True,0.0121212,825,0.0360117,4443,0.987879,0.992672,0.0232395,0.0666507,0.983434,0.0136756,0|0|0|7|1|2|3|0|4|808,0|0|0|3.789|0.620122|1.37323|2.2783|0|3.64844|807.245,0|0|0|6|1|0|3|0|4|801,0.0158|0.3939|0.5903,0.0245|0.3990|0.5766,0.0067326|0.14683|0.46607,0.006557|0.072817|0.42843,0.03264|0.57689|0.5092,,,,,state-markov,4,960,0.007481|0.1329|0.4665|0.03459,0.007538|0.07225|0.4291|0.02652,0|0.5288|0.5092|0.2598,
controlled,102,3,any,hmc_in,0,unsupervised,ignorable,start,10,1.78661,-2.4120|-0.8202|0.9143,-7107.81,0.109526,0.384586,5268,021,False,0.604848,825,0.343687,4443,0.395152,0.96735,1.17129,2.95727,0.389362,0.574837,0|0|5|6|14|10|12|11|12|755,0|0|2.57153|3.34001|8.86563|7.0328|9.14357|9.17671|10.8611|747.072,0|0|3|4|8|7|6|8|10|280,0.0158|0.3939|0.5903,0.0177|0.9259|0.0564,,,,,,,-3048.6088|-2507.1428,state-markov,4,960,0.007481|0.1329|0.4665|0.03459,0.007538|0.07225|0.4291|0.02652,0|0.5288|0.5092|0.2598,
controlled,102,3,any,hmc_in,0,unsupervised,state,start,10,1.54531,-2.4109|-0.7752|0.9254,-9860.03,0.120145,0.382308,5268,021,False,0.591515,825,0.343462,4443,0.408485,0.990756,1.17569,4.7206,0.405085,0.585466,0|0|1|3|2|6|4|2|14|793,0|0|0.519564|1.70627|1.30188|4.16914|3.03324|1.67409|12.6539|792.316,0|0|0|2|2|4|1|2|9|317,0.0158|0.3939|0.5903,0.0156|0.9695|0.0148,0.021061|0.019791|0.18182,,,0.021061|0.019791|0.18182,,,-3048.6088|-2507.1428,state-markov,4,960,0.007481|0.1329|0.4665|0.03459,0.007538|0.07225|0.4291|0.02652,0|0.5288|0.5092|0.2598,
controlled,102,3,any,hmc_in,0,unsupervised,state-markov,start,10,1.82039,-2.4117|-0.8017|0.9188,-9477.1,0.10945,0.381929,5268,021,False,0.592727,825,0.342786,4443,0.407273,0.983295,1.1734,3.84074,0.400829,0.581051,0|0|3|6|4|4|9|7|13|779,0|0|1.58164|3.408|2.50169|2.84257|6.87333|5.84687|11.7936|776.371,0|0|3|3|3|3|6|4|9|305,0.0158|0.3939|0.5903,0.0168|0.9527|0.0304,0.021733|0.028718|0.17752,0.015302|0.020411|0.10479,0.31122|0.30966|0.5145,0.021733|0.028718|0.17752,0.015302|0.020411|0.10479,0.31122|0.30966|0.5145,-3048.6088|-2507.1428,state-markov,4,960,0.007481|0.1329|0.4665|0.03459,0.007538|0.07225|0.4291|0.02652,0|0.5288|0.5092|0.2598,
controlled,102,3,any,hmc_in,0,unsupervised,state,ignorable fit,5,0.79035,-2.4145|-0.8064|0.9186,-9860.21,0.156091,0.382498,5268,021,False,0.590303,825,0.343912,4443,0.409697,0.990504,1.17445,4.63028,0.405527,0.584694,0|1|1|0|3|8|3|3|13|793,0|0.465793|0.504229|0|1.93069|5.54846|2.23494|2.50462|11.7156|792.262,0|1|0|0|3|5|1|2|9|317,0.0158|0.3939|0.5903,0.0151|0.9690|0.0159,0.020367|0.021806|0.17982,,,0.020367|0.021806|0.17982,,,-3048.6088|-2507.1428,state-markov,4,960,0.007481|0.1329|0.4665|0.03459,0.007538|0.07225|0.4291|0.02652,0|0.5288|0.5092|0.2598,
controlled,102,3,any,hmc_in,0,unsupervised,state-markov,ignorable fit,4,0.656618,-2.4145|-0.8253|0.9133,-9476.83,0.104836,0.382308,5268,021,False,0.592727,825,0.343237,4443,0.407273,0.983127,1.1722,3.78072,0.401147,0.581822,0|0|1|7|3|8|8|7|13|778,0|0|0.503979|3.95973|1.8253|5.66959|6.20884|5.85987|11.8507|775.201,0|0|1|3|3|5|7|4|9|304,0.0158|0.3939|0.5903,0.0164|0.9524|0.0311,0.021207|0.029901|0.17609,0.015056|0.02072|0.10404,0.30511|0.32777|0.51321,0.021207|0.029901|0.17609,0.015056|0.02072|0.10404,0.30511|0.32777|0.51321,-3048.6088|-2507.1428,state-markov,4,960,0.007481|0.1329|0.4665|0.03459,0.007538|0.07225|0.4291|0.02652,0|0.5288|0.5092|0.2598,
controlled,108,2,ge10,hmc_in,,oracle,ignorable,,,,,-11464.7,0.10552,0.106127,5239,01,True,0.0666667,30,0.106354,5209,0.933333,0.997576,0.124239,0.404675,0.935622,0.0642424,0|0|0|0|0|0|0|0|1|29,0|0|0|0|0|0|0|0|0.929375|28.9979,0|0|0|0|0|0|0|0|0|28,0.1667|0.8333,0.1024|0.8976,,,,,,,,state,0,103,0.0019|0.008296|0.02431,0.001428|0.008044|0.01966,0.25|0.03846|0.2113,
controlled,108,2,ge10,hmc_in,,oracle,state,,,,,-12055.9,0.136793,0.106318,5239,01,True,0.0666667,30,0.106546,5209,0.933333,0.999218,0.130327,0.48053,0.934072,0.065885,0|0|0|0|0|0|0|0|0|30,0|0|0|0|0|0|0|0|0|29.9766,0|0|0|0|0|0|0|0|0|28,0.1667|0.8333,0.1008|0.8992,0.0023802|0.0079785,,,,,,,state,0,103,0.0019|0.008296|0.02431,0.001428|0.008044|0.01966,0.25|0.03846|0.2113,
controlled,108,2,ge10,hmc_in,,oracle,state-markov,,,,,-12057.6,0.146435,0.106318,5239,01,True,0.0666667,30,0.106546,5209,0.933333,0.999228,0.130365,0.48138,0.934063,0.0658949,0|0|0|0|0|0|0|0|0|30,0|0|0|0|0|0|0|0|0|29.9768,0|0|0|0|0|0|0|0|0|28,0.1667|0.8333,0.1008|0.8992,0.0023859|0.0079853,0.0023859|0.0080453,0.0024038|0.00053419,,,,,state,0,103,0.0019|0.008296|0.02431,0.001428|0.008044|0.01966,0.25|0.03846|0.2113,
controlled,108,2,ge10,hmc_in,0,unsupervised,ignorable,start,18,2.31172,-2.2234|0.7650,-9780.98,0.116883,0.188204,5239,01,True,0.1,30,0.188712,5209,0.9,0.998883,0.198985,0.63652,0.899393,0.0988834,0|0|0|0|0|0|0|0|0|30,0|0|0|0|0|0|0|0|0|29.9665,0|0|0|0|0|0|0|0|0|27,0.1667|0.8333,0.0676|0.9324,,,,,,,-552.6910|-552.6525,state,0,103,0.0019|0.008296|0.02431,0.001428|0.008044|0.01966,0.25|0.03846|0.2113,
controlled,108,2,ge10,hmc_in,0,unsupervised,state,start,18,2.62665,-2.2236|0.7649,-10332.8,0.142407,0.188204,5239,01,True,0.1,30,0.188712,5209,0.9,0.999126,0.199241,0.665501,0.899507,0.099126,0|0|0|0|0|0|0|0|0|30,0|0|0|0|0|0|0|0|0|29.9738,0|0|0|0|0|0|0|0|0|27,0.1667|0.8333,0.0674|0.9326,0.01024|0.013715,,,0.01024|0.013715,,,-552.6910|-552.6525,state,0,103,0.0019|0.008296|0.02431,0.001428|0.008044|0.01966,0.25|0.03846|0.2113,
controlled,108,2,ge10,hmc_in,0,unsupervised,state-markov,start,18,2.40201,-2.2236|0.7649,-10332.5,0.109974,0.188204,5239,01,True,0.1,30,0.188712,5209,0.9,0.999117,0.199227,0.664043,0.899504,0.0991166,0|0|0|0|0|0|0|0|0|30,0|0|0|0|0|0|0|0|0|29.9735,0|0|0|0|0|0|0|0|0|27,0.1667|0.8333,0.0674|0.9326,0.01026|0.013712,0.010361|0.013717,0.00049843|0.013358,0.01026|0.013712,0.010361|0.013717,0.00049843|0.013358,-552.6910|-552.6525,state,0,103,0.0019|0.008296|0.02431,0.001428|0.008044|0.01966,0.25|0.03846|0.2113,
controlled,108,2,ge10,hmc_in,0,unsupervised,state,ignorable fit,3,0.433051,-2.2279|0.7601,-10332,0.123092,0.188395,5239,01,True,0.1,30,0.188904,5209,0.9,0.999148,0.19933,0.671189,0.899484,0.0991482,0|0|0|0|0|0|0|0|0|30,0|0|0|0|0|0|0|0|0|29.9744,0|0|0|0|0|0|0|0|0|27,0.1667|0.8333,0.0673|0.9327,0.010235|0.01371,,,0.010235|0.01371,,,-552.6910|-552.6525,state,0,103,0.0019|0.008296|0.02431,0.001428|0.008044|0.01966,0.25|0.03846|0.2113,
controlled,108,2,ge10,hmc_in,0,unsupervised,state-markov,ignorable fit,3,0.385639,-2.2279|0.7601,-10331.8,0.132432,0.188395,5239,01,True,0.1,30,0.188904,5209,0.9,0.99914,0.199319,0.669795,0.899481,0.0991396,0|0|0|0|0|0|0|0|0|30,0|0|0|0|0|0|0|0|0|29.9742,0|0|0|0|0|0|0|0|0|27,0.1667|0.8333,0.0673|0.9327,0.010254|0.013707,0.010355|0.013712,0.00050107|0.013334,0.010254|0.013707,0.010355|0.013712,0.00050107|0.013334,-552.6910|-552.6525,state,0,103,0.0019|0.008296|0.02431,0.001428|0.008044|0.01966,0.25|0.03846|0.2113,
controlled,108,2,ge10,hmc_in,,oracle,ignorable,,,,,-11449.8,0.180003,0.106318,5239,01,True,0.0322581,31,0.106759,5208,0.967742,0.982659,0.0207179,0.0298064,0.978753,0.0212474,0|1|0|0|0|0|0|0|1|29,0|0.560545|0|0|0|0|0|0|0.918484|28.9834,0|0|0|0|0|0|0|0|1|29,0.1935|0.8065,0.2095|0.7905,,,,,,,,state,1,115,0.0019|0.008296|0.02431,0.001428|0.008044|0.01966,0.25|0.03846|0.2113,
controlled,108,2,ge10,hmc_in,,oracle,state,,,,,-12105.8,0.113316,0.104027,5239,01,True,0,31,0.104647,5208,1,0.983529,0.00870114,0.0191627,0.983529,0.0164714,0|0|0|1|0|0|1|0|0|29,0|0|0|0.690114|0|0|0.802955|0|0|28.9963,0|0|0|1|0|0|1|0|0|29,0.1935|0.8065,0.1973|0.8027,0.0028557|0.007979,,,,,,,state,1,115,0.0019|0.008296|0.02431,0.001428|0.008044|0.01966,0.25|0.03846|0.2113,
controlled,108,2,ge10,hmc_in,,oracle,state-markov,,,,,-12101,0.161314,0.104027,5239,01,True,0,31,0.104647,5208,1,0.983516,0.00885353,0.0192439,0.983516,0.0164841,0|0|0|1|0|0|1|0|0|29,0|0|0|0.680564|0|0|0.812446|0|0|28.996,0|0|0|1|0|0|1|0|0|29,0.1935|0.8065,0.1979|0.8021,0.0028784|0.0079841,0.0028636|0.0077214,0.0080049|0.040617,,,,,state,1,115,0.0019|0.008296|0.02431,0.001428|0.008044|0.01966,0.25|0.03846|0.2113,
controlled,108,2,ge10,hmc_in,0,unsupervised,ignorable,start,18,2.56277,-2.2305|0.7606,-9770.84,0.106672,0.188586,5239,01,True,0.0645161,31,0.189324,5208,0.935484,0.965979,0.0935601,0.269696,0.933333,0.064876,1|1|0|0|0|0|0|1|0|28,0.506973|0.570695|0|0|0|0|0|0.896402|0|27.9713,0|1|0|0|0|0|0|1|0|27,0.1935|0.8065,0.1352|0.8648,,,,,,,-604.3236|-600.6774,state,1,115,0.0019|0.008296|0.02431,0.001428|0.008044|0.01966,0.25|0.03846|0.2113,
controlled,108,2,ge10,hmc_in,0,unsupervised,state,start,18,2.58697,-2.2304|0.7607,-10375.2,0.129109,0.188586,5239,01,True,0.0645161,31,0.189324,5208,0.935484,0.965888,0.0929147,0.268393,0.933606,0.0645686,1|1|0|0|0|0|0|1|0|28,0.501352|0.576276|0|0|0|0|0|0.894173|0|27.9707,0|1|0|0|0|0|0|1|0|27,0.1935|0.8065,0.1356|0.8644,0.014312|0.013994,,,0.014312|0.013994,,,-604.3236|-600.6774,state,1,115,0.0019|0.008296|0.02431,0.001428|0.008044|0.01966,0.25|0.03846|0.2113,
controlled,108,2,ge10,hmc_in,0,unsupervised,state-markov,start,18,2.58252,-2.2301|0.7611,-10371.3,0.127639,0.188586,5239,01,True,0.0645161,31,0.189324,5208,0.935484,0.965646,0.0933906,0.269339,0.933199,0.0646981,1|1|0|0|0|0|0|1|0|28,0.503891|0.570728|0|0|0|0|0|0.893964|0|27.9664,0|1|0|0|0|0|0|1|0|27,0.1935|0.8065,0.1355|0.8645,0.01479|0.013782,0.013664|0.013497,0.089803|0.034231,0.01479|0.013782,0.013664|0.013497,0.089803|0.034231,-604.3236|-600.6774,state,1,115,0.0019|0.008296|0.02431,0.001428|0.008044|0.01966,0.25|0.03846|0.2113,
controlled,108,2,ge10,hmc_in,0,unsupervised,state,ignorable fit,2,0.282481,-2.2332|0.7576,-10374.5,0.129229,0.188586,5239,01,True,0.0645161,31,0.189324,5208,0.935484,0.966034,0.093555,0.269156,0.933525,0.0646659,1|1|0|0|0|0|0|0|1|28,0.504843|0.56631|0|0|0|0|0|0|0.904889|27.971,0|1|0|0|0|0|0|0|1|27,0.1935|0.8065,0.1348|0.8652,0.01418|0.014054,,,0.01418|0.014054,,,-604.3236|-600.6774,state,1,115,0.0019|0.008296|0.02431,0.001428|0.008044|0.01966,0.25|0.03846|0.2113,
controlled,108,2,ge10,hmc_in,0,unsupervised,state-markov,ignorable fit,2,0.284342,-2.2332|0.7576,-10370.7,0.128283,0.188586,5239,01,True,0.0645161,31,0.189324,5208,0.935484,0.966027,0.0942646,0.270547,0.933169,0.0649711,1|1|0|0|0|0|0|0|1|28,0.510237|0.559653|0|0|0|0|0|0|0.906707|27.9702,0|1|0|0|0|0|0|0|1|27,0.1935|0.8065,0.1344|0.8656,0.014184|0.014053,0.013431|0.013602,0.066545|0.045728,0.014184|0.014053,0.013431|0.013602,0.066545|0.045728,-604.3236|-600.6774,state,1,115,0.0019|0.008296|0.02431,0.001428|0.008044|0.01966,0.25|0.03846|0.2113,
controlled,108,2,ge10,hmc_in,,oracle,ignorable,,,,,-11481.1,0.0996332,0.106127,5239,01,True,0,21,0.106554,5218,1,0.999997,2.56796e-10,2.62465e-06,0.999997,2.62458e-06,0|0|0|0|0|0|0|0|0|21,0|0|0|0|0|0|0|0|0|20.9999,0|0|0|0|0|0|0|0|0|21,0.0476|0.9524,0.0476|0.9524,,,,,,,,state,2,86,0.0019|0.008296|0.02431,0.001428|0.008044|0.01966,0.25|0.03846|0.2113,
controlled,108,2,ge10,hmc_in,,oracle,state,,,,,-12047.4,0.117236,0.106318,5239,01,True,0,21,0.106746,5218,1,1,1.58579e-12,2.12291e-07,1,2.12291e-07,0|0|0|0|0|0|0|0|0|21,0|0|0|0|0|0|0|0|0|21,0|0|0|0|0|0|0|0|0|21,0.0476|0.9524,0.0476|0.9524,0.00047987|0.006383,,,,,,,state,2,86,0.0019|0.008296|0.02431,0.001428|0.008044|0.01966,0.25|0.03846|0.2113,
controlled,108,2,ge10,hmc_in,,oracle,state-markov,,,,,-12044.4,0.169249,0.106318,5239,01,True,0,21,0.106746,5218,1,1,1.52443e-12,2.08359e-07,1,2.08358e-07,0|0|0|0|0|0|0|0|0|21,0|0|0|0|0|0|0|0|0|21,0|0|0|0|0|0|0|0|0|21,0.0476|0.9524,0.0476|0.9524,0.00048403|0.00639,0.00048009|0.006426,0.0086207|0.0007837,,,,,state,2,86,0.0019|0.008296|0.02431,0.001428|0.008044|0.01966,0.25|0.03846|0.2113,
controlled,108,2,ge10,hmc_in,0,unsupervised,ignorable,start,19,2.64255,-2.2282|0.7595,-9807.9,0.0999776,0.188204,5239,01,True,0,21,0.188961,5218,1,0.999054,1.79167e-06,0.000946821,0.999054,0.000946373,0|0|0|0|0|0|0|0|0|21,0|0|0|0|0|0|0|0|0|20.9801,0|0|0|0|0|0|0|0|0|21,0.0476|0.9524,0.0485|0.9515,,,,,,,-477.0733|-477.0685,state,2,86,0.0019|0.008296|0.02431,0.001428|0.008044|0.01966,0.25|0.03846|0.2113,
controlled,108,2,ge10,hmc_in,0,unsupervised,state,start,19,2.64996,-2.2282|0.7595,-10284.9,0.105278,0.188395,5239,01,True,0,21,0.189153,5218,1,0.999002,1.99349e-06,0.000998745,0.999002,0.000998246,0|0|0|0|0|0|0|0|0|21,0|0|0|0|0|0|0|0|0|20.979,0|0|0|0|0|0|0|0|0|21,0.0476|0.9524,0.0485|0.9515,0.010971|0.010343,,,0.010971|0.010343,,,-477.0733|-477.0685,state,2,86,0.0019|0.008296|0.02431,0.001428|0.008044|0.01966,0.25|0.03846|0.2113,
controlled,108,2,ge10,hmc_in,0,unsupervised,state-markov,start,19,2.58667,-2.2282|0.7595,-10283.8,0.132496,0.188395,5239,01,True,0,21,0.189153,5218,1,0.999039,1.84634e-06,0.000961226,0.999039,0.000960764,0|0|0|0|0|0|0|0|0|21,0|0|0|0|0|0|0|0|0|20.9798,0|0|0|0|0|0|0|0|0|21,0.0476|0.9524,0.0485|0.9515,0.01092|0.010367,0.010649|0.010472,0.03544|0.00029099,0.01092|0.010367,0.010649|0.010472,0.03544|0.00029099,-477.0733|-477.0685,state,2,86,0.0019|0.008296|0.02431,0.001428|0.008044|0.01966,0.25|0.03846|0.2113,
controlled,108,2,ge10,hmc_in,0,unsupervised,state,ignorable fit,2,0.352908,-2.2303|0.7571,-10284.6,0.128801,0.188395,5239,01,True,0,21,0.189153,5218,1,0.999008,1.96849e-06,0.000992504,0.999008,0.000992011,0|0|0|0|0|0|0|0|0|21,0|0|0|0|0|0|0|0|0|20.9792,0|0|0|0|0|0|0|0|0|21,0.0476|0.9524,0.0485|0.9515,0.010912|0.01037,,,0.010912|0.01037,,,-477.0733|-477.0685,state,2,86,0.0019|0.008296|0.02431,0.001428|0.008044|0.01966,0.25|0.03846|0.2113,
controlled,108,2,ge10,hmc_in,0,unsupervised,state-markov,ignorable fit,3,0.459413,-2.2320|0.7553,-10283.2,0.118738,0.188395,5239,01,True,0,21,0.189153,5218,1,0.999038,1.85269e-06,0.000962886,0.999038,0.000962422,0|0|0|0|0|0|0|0|0|21,0|0|0|0|0|0|0|0|0|20.9798,0|0|0|0|0|0|0|0|0|21,0.0476|0.9524,0.0485|0.9515,0.010911|0.010372,0.010639|0.010477,0.035563|0.00029053,0.010911|0.010372,0.010639|0.010477,0.035563|0.00029053,-477.0733|-477.0685,state,2,86,0.0019|0.008296|0.02431,0.001428|0.008044|0.01966,0.25|0.03846|0.2113,
controlled,108,2,ge10,hmc_in,,oracle,ignorable,,,,,-11466.4,0.161634,0.106127,5239,01,True,0.0285714,35,0.106649,5204,0.971429,0.995275,0.0488647,0.0754962,0.971155,0.0250467,0|0|0|0|0|0|0|0|2|33,0|0|0|0|0|0|0|0|1.85564|32.979,0|0|0|0|0|0|0|0|1|33,0.2000|0.8000,0.2238|0.7762,,,,,,,,state,3,100,0.0019|0.008296|0.02431,0.001428|0.008044|0.01966,0.25|0.03846|0.2113,
controlled,108,2,ge10,hmc_in,,oracle,state,,,,,-12031.5,0.108358,0.106318,5239,01,True,0.0285714,35,0.106841,5204,0.971429,0.984929,0.0417822,0.0593683,0.966833,0.0331673,0|0|0|0|0|1|1|1|0|32,0|0|0|0|0|0.777985|0.816687|0.877847|0|32,0|0|0|0|0|1|0|1|0|32,0.2000|0.8000,0.2135|0.7865,0.0033297|0.0089353,,,,,,,state,3,100,0.0019|0.008296|0.02431,0.001428|0.008044|0.01966,0.25|0.03846|0.2113,
controlled,108,2,ge10,hmc_in,,oracle,state-markov,,,,,-12031.2,0.138664,0.106318,5239,01,True,0.0285714,35,0.106841,5204,0.971429,0.984707,0.0417378,0.0592973,0.966714,0.0332864,0|0|0|0|0|1|1|1|0|32,0|0|0|0|0|0.774512|0.814879|0.875343|0|32,0|0|0|0|0|1|0|1|0|32,0.2000|0.8000,0.2133|0.7867,0.0033359|0.0089399,0.0033408|0.0090159,0.0018564|0.00051212,,,,,state,3,100,0.0019|0.008296|0.02431,0.001428|0.008044|0.01966,0.25|0.03846|0.2113,
controlled,108,2,ge10,hmc_in,0,unsupervised,ignorable,start,18,2.38337,-2.2302|0.7572,-9761.97,0.140491,0.188395,5239,01,True,0.0571429,35,0.189277,5204,0.942857,0.990543,0.117143,0.40911,0.933506,0.0648213,0|0|0|0|0|1|0|0|1|33,0|0|0|0|0|0.783961|0|0|0.916166|32.9689,0|0|0|0|0|1|0|0|1|31,0.2000|0.8000,0.1473|0.8527,,,,,,,-539.5677|-539.5450,state,3,100,0.0019|0.008296|0.02431,0.001428|0.008044|0.01966,0.25|0.03846|0.2113,
controlled,108,2,ge10,hmc_in,0,unsupervised,state,start,18,2.33039,-2.2302|0.7573,-10300.1,0.110513,0.188395,5239,01,True,0.0571429,35,0.189277,5204,0.942857,0.991426,0.116355,0.431172,0.934354,0.0643326,0|0|0|0|0|0|1|1|0|33,0|0|0|0|0|0|0.844532|0.879608|0|32.9758,0|0|0|0|0|0|1|1|0|31,0.2000|0.8000,0.1442|0.8558,0.009106|0.013685,,,0.009106|0.013685,,,-539.5677|-539.5450,state,3,100,0.0019|0.008296|0.02431,0.001428|0.008044|0.01966,0.25|0.03846|0.2113,
controlled,108,2,ge10,hmc_in,0,unsupervised,state-markov,start,18,2.49692,-2.2302|0.7572,-10299,0.138995,0.188395,5239,01,True,0.0571429,35,0.189277,5204,0.942857,0.991313,0.116408,0.431991,0.934241,0.0644529,0|0|0|0|0|0|1|1|0|33,0|0|0|0|0|0|0.84628|0.873778|0|32.9759,0|0|0|0|0|0|1|1|0|31,0.2000|0.8000,0.1440|0.8560,0.0093394|0.013576,0.0090465|0.013759,0.040416|0.00024164,0.0093394|0.013576,0.0090465|0.013759,0.040416|0.00024164,-539.5677|-539.5450,state,3,100,0.0019|0.008296|0.02431,0.001428|0.008044|0.01966,0.25|0.03846|0.2113,
controlled,108,2,ge10,hmc_in,0,unsupervised,state,ignorable fit,3,0.342546,-2.2337|0.7534,-10299.6,0.0943018,0.188395,5239,01,True,0.0571429,35,0.189277,5204,0.942857,0.991579,0.116242,0.430713,0.934507,0.0641736,0|0|0|0|0|0|0|2|0|33,0|0|0|0|0|0|0|1.72959|0|32.9757,0|0|0|0|0|0|0|2|0|31,0.2000|0.8000,0.1437|0.8563,0.0091247|0.013668,,,0.0091247|0.013668,,,-539.5677|-539.5450,state,3,100,0.0019|0.008296|0.02431,0.001428|0.008044|0.01966,0.25|0.03846|0.2113,
controlled,108,2,ge10,hmc_in,0,unsupervised,state-markov,ignorable fit,3,0.342726,-2.2337|0.7534,-10298.5,0.128095,0.188395,5239,01,True,0.0571429,35,0.189277,5204,0.942857,0.991471,0.1163,0.431761,0.934398,0.0642917,0|0|0|0|0|0|0|2|0|33,0|0|0|0|0|0|0|1.72563|0|32.9758,0|0|0|0|0|0|0|2|0|31,0.2000|0.8000,0.1435|0.8565,0.0092958|0.013588,0.009036|0.013755,0.036986|0.0014313,0.0092958|0.013588,0.009036|0.013755,0.036986|0.0014313,-539.5677|-539.5450,state,3,100,0.0019|0.008296|0.02431,0.001428|0.008044|0.01966,0.25|0.03846|0.2113,
controlled,108,2,ge10,hmc_in,,oracle,ignorable,,,,,-11455.3,0.127788,0.106318,5239,01,True,0.142857,28,0.106122,5211,0.857143,0.983492,0.232959,1.00821,0.873651,0.126349,0|1|0|0|0|0|0|0|0|27,0|0.569777|0|0|0|0|0|0|0|26.968,0|0|0|0|0|0|0|0|0|24,0.2143|0.7857,0.2695|0.7305,,,,,,,,state,4,107,0.0019|0.008296|0.02431,0.001428|0.008044|0.01966,0.25|0.03846|0.2113,
controlled,108,2,ge10,hmc_in,,oracle,state,,,,,-12082.1,0.134807,0.106127,5239,01,True,0.107143,28,0.106122,5211,0.892857,0.985118,0.213882,0.962281,0.88271,0.11729,0|0|1|0|0|0|0|0|1|26,0|0|0.649588|0|0|0|0|0|0.935598|25.9981,0|0|1|0|0|0|0|0|0|24,0.2143|0.7857,0.2603|0.7397,0.0028553|0.0070217,,,,,,,state,4,107,0.0019|0.008296|0.02431,0.001428|0.008044|0.01966,0.25|0.03846|0.2113,
controlled,108,2,ge10,hmc_in,,oracle,state-markov,,,,,-12080.3,0.115431,0.106127,5239,01,True,0.107143,28,0.106122,5211,0.892857,0.985144,0.213721,0.961851,0.882785,0.117215,0|0|0|1|0|0|0|0|1|26,0|0|0|0.650996|0|0|0|0|0.934909|25.9981,0|0|0|1|0|0|0|0|0|24,0.2143|0.7857,0.2602|0.7398,0.0028684|0.0070315,0.0028633|0.0070713,0.0046296|0.001409,,,,,state,4,107,0.0019|0.008296|0.02431,0.001428|0.008044|0.01966,0.25|0.03846|0.2113,
controlled,108,2,ge10,hmc_in,0,unsupervised,ignorable,start,18,2.50031,-2.2288|0.7649,-9756.15,0.137631,0.188395,5239,01,True,0.142857,28,0.188639,5211,0.857143,0.970337,0.201134,0.575028,0.880841,0.11764,1|0|0|0|1|0|0|0|1|25,0.508159|0|0|0|0.746676|0|0|0|0.937762|24.9769,0|0|0|0|0|0|0|0|1|23,0.2143|0.7857,0.2255|0.7745,,,,,,,-570.0516|-569.3445,state,4,107,0.0019|0.008296|0.02431,0.001428|0.008044|0.01966,0.25|0.03846|0.2113,
controlled,108,2,ge10,hmc_in,0,unsupervised,state,start,18,2.56666,-2.2283|0.7656,-10325.9,0.18222,0.188204,5239,01,True,0.107143,28,0.188639,5211,0.892857,0.972241,0.201878,0.577534,0.880706,0.117547,1|0|0|0|0|1|0|0|1|25,0.540973|0|0|0|0|0.783409|0|0|0.924732|24.9736,1|0|0|0|0|0|0|0|1|23,0.2143|0.7857,0.2292|0.7708,0.014946|0.012277,,,0.014946|0.012277,,,-570.0516|-569.3445,state,4,107,0.0019|0.008296|0.02431,0.001428|0.008044|0.01966,0.25|0.03846|0.2113,
controlled,108,2,ge10,hmc_in,0,unsupervised,state-markov,start,18,2.3358,-2.2282|0.7658,-10324.3,0.109636,0.188204,5239,01,True,0.107143,28,0.188639,5211,0.892857,0.971479,0.200935,0.575119,0.880946,0.117339,1|0|0|0|0|1|0|0|1|25,0.531425|0|0|0|0|0.769389|0|0|0.926535|24.9741,1|0|0|0|0|0|0|0|1|23,0.2143|0.7857,0.2283|0.7717,0.015209|0.012162,0.014362|0.012256,0.070084|0.0044799,0.015209|0.012162,0.014362|0.012256,0.070084|0.0044799,-570.0516|-569.3445,state,4,107,0.0019|0.008296|0.02431,0.001428|0.008044|0.01966,0.25|0.03846|0.2113,
controlled,108,2,ge10,hmc_in,0,unsupervised,state,ignorable fit,2,0.289583,-2.2311|0.7623,-10325.4,0.109688,0.188204,5239,01,True,0.107143,28,0.188639,5211,0.892857,0.971607,0.200813,0.576038,0.881093,0.117212,1|0|0|0|0|1|0|0|1|25,0.53242|0|0|0|0|0.769091|0|0|0.929108|24.9744,1|0|0|0|0|0|0|0|1|23,0.2143|0.7857,0.2282|0.7718,0.014632|0.012424,,,0.014632|0.012424,,,-570.0516|-569.3445,state,4,107,0.0019|0.008296|0.02431,0.001428|0.008044|0.01966,0.25|0.03846|0.2113,
controlled,108,2,ge10,hmc_in,0,unsupervised,state-markov,ignorable fit,3,0.369889,-2.2327|0.7606,-10323.6,0.131323,0.188013,5239,01,True,0.107143,28,0.188448,5211,0.892857,0.970864,0.199449,0.573554,0.881537,0.116794,1|0|0|0|0|1|0|0|1|25,0.525504|0|0|0|0|0.752482|0|0|0.931482|24.9747,1|0|0|0|0|0|0|0|1|23,0.2143|0.7857,0.2273|0.7727,0.014888|0.012315,0.014161|0.012352,0.063034|0.0093084,0.014888|0.012315,0.014161|0.012352,0.063034|0.0093084,-570.0516|-569.3445,state,4,107,0.0019|0.008296|0.02431,0.001428|0.008044|0.01966,0.25|0.03846|0.2113,
controlled,108,2,ge10,hmc_in,,oracle,ignorable,,,,,-11469.1,0.168286,0.106318,5239,01,True,0.0645161,31,0.106567,5208,0.935484,0.998734,0.129127,0.821667,0.934218,0.0632502,0|0|0|0|0|0|0|0|0|31,0|0|0|0|0|0|0|0|0|30.9608,0|0|0|0|0|0|0|0|0|29,0.0323|0.9677,0.0980|0.9020,,,,,,,,state-markov,0,99,0.0019|0.008296|0.02431,0.001428|0.008044|0.01966,0.25|0.03846|0.2113,
controlled,108,2,ge10,hmc_in,,oracle,state,,,,,-12098.5,0.116385,0.106127,5239,01,True,0.0645161,31,0.106375,5208,0.935484,0.999548,0.129026,0.630563,0.935039,0.0640638,0|0|0|0|0|0|0|0|0|31,0|0|0|0|0|0|0|0|0|30.986,0|0|0|0|0|0|0|0|0|29,0.0323|0.9677,0.0965|0.9035,0.00048062|0.0095733,,,,,,,state-markov,0,99,0.0019|0.008296|0.02431,0.001428|0.008044|0.01966,0.25|0.03846|0.2113,
controlled,108,2,ge10,hmc_in,,oracle,state-markov,,,,,-12039.1,0.109472,0.106127,5239,01,True,0.0645161,31,0.106375,5208,0.935484,0.999529,0.129026,0.628267,0.935021,0.0640451,0|0|0|0|0|0|0|0|0|31,0|0|0|0|0|0|0|0|0|30.9854,0|0|0|0|0|0|0|0|0|29,0.0323|0.9677,0.0964|0.9036,0.00052849|0.0096209,0.00047986|0.009343,0.0925|0.038226,,,,,state-markov,0,99,0.0019|0.008296|0.02431,0.001428|0.008044|0.01966,0.25|0.03846|0.2113,
controlled,108,2,ge10,hmc_in,0,unsupervised,ignorable,start,18,2.46116,-2.2280|0.7606,-9783.55,0.158855,0.188204,5239,01,True,0.0322581,31,0.189132,5208,0.967742,0.983453,0.0793841,0.239622,0.951271,0.0468385,1|0|0|0|0|0|0|0|0|30,0.517521|0|0|0|0|0|0|0|0|29.9695,1|0|0|0|0|0|0|0|0|29,0.0323|0.9677,0.0165|0.9835,,,,,,,-535.1731|-500.1614,state-markov,0,99,0.0019|0.008296|0.02431,0.001428|0.008044|0.01966,0.25|0.03846|0.2113,
controlled,108,2,ge10,hmc_in,0,unsupervised,state,start,18,2.54669,-2.2280|0.7606,-10318.7,0.143775,0.188204,5239,01,True,0.0322581,31,0.189132,5208,0.967742,0.983972,0.0785155,0.240513,0.951786,0.0464351,1|0|0|0|0|0|0|0|0|30,0.531816|0|0|0|0|0|0|0|0|29.9713,1|0|0|0|0|0|0|0|0|29,0.0323|0.9677,0.0160|0.9840,0.011659|0.012348,,,0.011659|0.012348,,,-535.1731|-500.1614,state-markov,0,99,0.0019|0.008296|0.02431,0.001428|0.008044|0.01966,0.25|0.03846|0.2113,
controlled,108,2,ge10,hmc_in,0,unsupervised,state-markov,start,18,2.4466,-2.2271|0.7616,-10281.7,0.111795,0.188204,5239,01,True,0.0322581,31,0.189132,5208,0.967742,0.985529,0.0758588,0.244462,0.953329,0.044975,0|1|0|0|0|0|0|0|0|30,0|0.578585|0|0|0|0|0|0|0|29.9728,0|1|0|0|0|0|0|0|0|29,0.0323|0.9677,0.0145|0.9855,0.011847|0.012209,0.008423|0.01079,0.29746|0.12707,0.011847|0.012209,0.008423|0.01079,0.29746|0.12707,-535.1731|-500.1614,state-markov,0,99,0.0019|0.008296|0.02431,0.001428|0.008044|0.01966,0.25|0.03846|0.2113,
controlled,108,2,ge10,hmc_in,0,unsupervised,state,ignorable fit,2,0.269076,-2.2303|0.7581,-10318.3,0.0993366,0.188204,5239,01,True,0.0322581,31,0.189132,5208,0.967742,0.983887,0.0786537,0.240898,0.9517,0.0464963,1|0|0|0|0|0|0|0|0|30,0.529551|0|0|0|0|0|0|0|0|29.9709,1|0|0|0|0|0|0|0|0|29,0.0323|0.9677,0.0161|0.9839,0.011747|0.012307,,,0.011747|0.012307,,,-535.1731|-500.1614,state-markov,0,99,0.0019|0.008296|0.02431,0.001428|0.008044|0.01966,0.25|0.03846|0.2113,
controlled,108,2,ge10,hmc_in,0,unsupervised,state-markov,ignorable fit,3,0.546924,-2.2320|0.7562,-10280.9,0.056032,0.188204,5239,01,True,0.0322581,31,0.189132,5208,0.967742,0.985546,0.0758347,0.245403,0.953345,0.0449598,0|1|0|0|0|0|0|0|0|30,0|0.579093|0|0|0|0|0|0|0|29.9728,0|1|0|0|0|0|0|0|0|29,0.0323|0.9677,0.0145|0.9855,0.011792|0.012238,0.0084293|0.010781,0.29363|0.12983,0.011792|0.012238,0.0084293|0.010781,0.29363|0.12983,-535.1731|-500.1614,state-markov,0,99,0.0019|0.008296|0.02431,0.001428|0.008044|0.01966,0.25|0.03846|0.2113,
controlled,108,2,ge10,hmc_in,,oracle,ignorable,,,,,-11463.9,0.132046,0.106127,5239,01,True,0.0645161,31,0.106375,5208,0.935484,0.999998,0.129032,0.934315,0.935482,0.0645138,0|0|0|0|0|0|0|0|0|31,0|0|0|0|0|0|0|0|0|30.9999,0|0|0|0|0|0|0|0|0|29,0.2581|0.7419,0.3226|0.6774,,,,,,,,state-markov,1,100,0.0019|0.008296|0.02431,0.001428|0.008044|0.01966,0.25|0.03846|0.2113,
controlled,108,2,ge10,hmc_in,,oracle,state,,,,,-12036.9,0.123805,0.106318,5239,01,True,0.0645161,31,0.106567,5208,0.935484,0.999997,0.129031,0.892836,0.935481,0.0645126,0|0|0|0|0|0|0|0|0|31,0|0|0|0|0|0|0|0|0|30.9999,0|0|0|0|0|0|0|0|0|29,0.2581|0.7419,0.3226|0.6774,0.0038045|0.0073405,,,,,,,state-markov,1,100,0.0019|0.008296|0.02431,0.001428|0.008044|0.01966,0.25|0.03846|0.2113,
controlled,108,2,ge10,hmc_in,,oracle,state-markov,,,,,-12005.2,0.109196,0.106318,5239,01,True,0.0645161,31,0.106567,5208,0.935484,0.999996,0.129031,0.86637,0.93548,0.0645116,0|0|0|0|0|0|0|0|0|31,0|0|0|0|0|0|0|0|0|30.9999,0|0|0|0|0|0|0|0|0|29,0.2581|0.7419,0.3226|0.6774,0.0036396|0.0073751,0.0028663|0.0070728,0.21535|0.048061,,,,,state-markov,1,100,0.0019|0.008296|0.02431,0.001428|0.008044|0.01966,0.25|0.03846|0.2113,
controlled,108,2,ge10,hmc_in,0,unsupervised,ignorable,start,19,2.55438,-2.2271|0.7588,-9799.3,0.12357,0.188395,5239,01,True,0.0967742,31,0.18894,5208,0.903226,0.99866,0.192881,0.625747,0.902222,0.0954343,0|0|0|0|0|0|0|0|0|31,0|0|0|0|0|0|0|0|0|30.9585,0|0|0|0|0|0|0|0|0|28,0.2581|0.7419,0.2262|0.7738,,,,,,,-539.5677|-513.7443,state-markov,1,100,0.0019|0.008296|0.02431,0.001428|0.008044|0.01966,0.25|0.03846|0.2113,
controlled,108,2,ge10,hmc_in,0,unsupervised,state,start,19,2.61306,-2.2271|0.7587,-10338.3,0.116787,0.188395,5239,01,True,0.0967742,31,0.18894,5208,0.903226,0.998564,0.192771,0.618649,0.902181,0.0953382,0|0|0|0|0|0|0|0|0|31,0|0|0|0|0|0|0|0|0|30.9555,0|0|0|0|0|0|0|0|0|28,0.2581|0.7419,0.2266|0.7734,0.014262|0.011342,,,0.014262|0.011342,,,-539.5677|-513.7443,state-markov,1,100,0.0019|0.008296|0.02431,0.001428|0.008044|0.01966,0.25|0.03846|0.2113,
controlled,108,2,ge10,hmc_in,0,unsupervised,state-markov,start,19,2.95665,-2.2271|0.7587,-10312.4,0.149603,0.188395,5239,01,True,0.0967742,31,0.18894,5208,0.903226,0.99869,0.192837,0.6226,0.902274,0.0954643,0|0|0|0|0|0|0|0|0|31,0|0|0|0|0|0|0|0|0|30.9594,0|0|0|0|0|0|0|0|0|28,0.2581|0.7419,0.2265|0.7735,0.013838|0.011468,0.011287|0.01021,0.19563|0.1199,0.013838|0.011468,0.011287|0.01021,0.19563|0.1199,-539.5677|-513.7443,state-markov,1,100,0.0019|0.008296|0.02431,0.001428|0.008044|0.01966,0.25|0.03846|0.2113,
controlled,108,2,ge10,hmc_in,0,unsupervised,state,ignorable fit,3,0.410824,-2.2319|0.7535,-10337.4,0.109158,0.188395,5239,01,True,0.0967742,31,0.18894,5208,0.903226,0.998572,0.192817,0.622616,0.902166,0.0953463,0|0|0|0|0|0|0|0|0|31,0|0|0|0|0|0|0|0|0|30.9557,0|0|0|0|0|0|0|0|0|28,0.2581|0.7419,0.2266|0.7734,0.014235|0.011362,,,0.014235|0.011362,,,-539.5677|-513.7443,state-markov,1,100,0.0019|0.008296|0.02431,0.001428|0.008044|0.01966,0.25|0.03846|0.2113,
controlled,108,2,ge10,hmc_in,0,unsupervised,state-markov,ignorable fit,3,0.399366,-2.2319|0.7535,-10311.5,0.101083,0.188395,5239,01,True,0.0967742,31,0.18894,5208,0.903226,0.998698,0.192878,0.626572,0.902261,0.0954723,0|0|0|0|0|0|0|0|0|31,0|0|0|0|0|0|0|0|0|30.9596,0|0|0|0|0|0|0|0|0|28,0.2581|0.7419,0.2265|0.7735,0.013816|0.011482,0.01126|0.010225,0.19631|0.11968,0.013816|0.011482,0.01126|0.010225,0.19631|0.11968,-539.5677|-513.7443,state-markov,1,100,0.0019|0.008296|0.02431,0.001428|0.008044|0.01966,0.25|0.03846|0.2113,
controlled,108,2,ge10,hmc_in,,oracle,ignorable,,,,,-11435.7,0.0943104,0.106127,5239,01,True,0.170732,41,0.105618,5198,0.829268,0.982245,0.287603,1.33234,0.845103,0.152977,1|0|0|0|0|0|1|0|0|39,0.509052|0|0|0|0|0|0.826296|0|0|38.9367,0|0|0|0|0|0|0|0|0|34,0.0488|0.9512,0.1069|0.8931,,,,,,,,state-markov,2,120,0.0019|0.008296|0.02431,0.001428|0.008044|0.01966,0.25|0.03846|0.2113,
controlled,108,2,ge10,hmc_in,,oracle,state,,,,,-12159.3,0.145827,0.105364,5239,01,True,0.121951,41,0.105233,5198,0.878049,0.987494,0.231967,1.14883,0.874139,0.125705,0|0|0|0|1|0|1|0|1|38,0|0|0|0|0.729332|0|0.825183|0|0.937337|37.9954,0|0|0|0|1|0|0|0|1|34,0.0488|0.9512,0.0771|0.9229,0.00095668|0.012445,,,,,,,state-markov,2,120,0.0019|0.008296|0.02431,0.001428|0.008044|0.01966,0.25|0.03846|0.2113,
controlled,108,2,ge10,hmc_in,,oracle,state-markov,,,,,-12137.2,0.109801,0.105364,5239,01,True,0.121951,41,0.105233,5198,0.878049,0.987472,0.23142,1.21454,0.874401,0.125445,0|0|0|0|1|0|1|0|1|38,0|0|0|0|0.731869|0|0.819276|0|0.939685|37.9955,0|0|0|0|1|0|0|0|1|34,0.0488|0.9512,0.0769|0.9231,0.00099284|0.012479,0.00095687|0.012601,0.03719|0.0027893,,,,,state-markov,2,120,0.0019|0.008296|0.02431,0.001428|0.008044|0.01966,0.25|0.03846|0.2113,
controlled,108,2,ge10,hmc_in,0,unsupervised,ignorable,start,17,2.10624,-2.2276|0.7619,-9738.19,0.122914,0.188395,5239,01,True,0.121951,41,0.188919,5198,0.878049,0.984454,0.244942,0.681891,0.868074,0.13034,1|0|0|0|0|0|0|0|1|39,0.509345|0|0|0|0|0|0|0|0.907176|38.9461,1|0|0|0|0|0|0|0|0|35,0.0488|0.9512,0.0832|0.9168,,,,,,,-625.4542|-609.5175,state-markov,2,120,0.0019|0.008296|0.02431,0.001428|0.008044|0.01966,0.25|0.03846|0.2113,
controlled,108,2,ge10,hmc_in,0,unsupervised,state,start,17,2.29532,-2.2277|0.7618,-10363.4,0.128515,0.188395,5239,01,True,0.121951,41,0.188919,5198,0.878049,0.984961,0.24178,0.674252,0.869437,0.129181,1|0|0|0|0|0|0|1|0|39,0.543494|0|0|0|0|0|0|0.895029|0|38.9449,1|0|0|0|0|0|0|0|0|35,0.0488|0.9512,0.0819|0.9181,0.013359|0.015321,,,0.013359|0.015321,,,-625.4542|-609.5175,state-markov,2,120,0.0019|0.008296|0.02431,0.001428|0.008044|0.01966,0.25|0.03846|0.2113,
controlled,108,2,ge10,hmc_in,0,unsupervised,state-markov,start,17,2.36259,-2.2276|0.7620,-10347.1,0.104391,0.188395,5239,01,True,0.121951,41,0.188919,5198,0.878049,0.985355,0.241775,0.684064,0.869613,0.129058,0|1|0|0|0|0|0|1|0|39,0|0.554095|0|0|0|0|0|0.891186|0|38.9543,0|1|0|0|0|0|0|0|0|35,0.0488|0.9512,0.0817|0.9183,0.01354|0.015258,0.011729|0.014029,0.14547|0.094568,0.01354|0.015258,0.011729|0.014029,0.14547|0.094568,-625.4542|-609.5175,state-markov,2,120,0.0019|0.008296|0.02431,0.001428|0.008044|0.01966,0.25|0.03846|0.2113,
controlled,108,2,ge10,hmc_in,0,unsupervised,state,ignorable fit,2,0.265355,-2.2300|0.7592,-10363,0.114247,0.188395,5239,01,True,0.121951,41,0.188919,5198,0.878049,0.984745,0.241752,0.672372,0.869364,0.129224,1|0|0|0|0|0|0|1|0|39,0.538194|0|0|0|0|0|0|0.893376|0|38.943,1|0|0|0|0|0|0|0|0|35,0.0488|0.9512,0.0819|0.9181,0.013567|0.015224,,,0.013567|0.015224,,,-625.4542|-609.5175,state-markov,2,120,0.0019|0.008296|0.02431,0.001428|0.008044|0.01966,0.25|0.03846|0.2113,
controlled,108,2,ge10,hmc_in,0,unsupervised,state-markov,ignorable fit,2,0.264021,-2.2300|0.7592,-10346.7,0.109303,0.188395,5239,01,True,0.121951,41,0.188919,5198,0.878049,0.985127,0.241563,0.680282,0.869602,0.129048,1|0|0|0|0|0|0|1|0|39,0.549624|0|0|0|0|0|0|0.888981|0|38.9516,1|0|0|0|0|0|0|0|0|35,0.0488|0.9512,0.0817|0.9183,0.013612|0.015227,0.011884|0.013956,0.13883|0.097431,0.013612|0.015227,0.011884|0.013956,0.13883|0.097431,-625.4542|-609.5175,state-markov,2,120,0.0019|0.008296|0.02431,0.001428|0.008044|0.01966,0.25|0.03846|0.2113,
controlled,108,2,ge10,hmc_in,,oracle,ignorable,,,,,-11459.7,0.121498,0.104791,5239,01,True,0.172414,29,0.104415,5210,0.827586,0.997522,0.342903,1.8141,0.826182,0.173806,0|0|0|0|0|0|0|0|1|28,0|0|0|0|0|0|0|0|0.943873|27.9843,0|0|0|0|0|0|0|0|1|23,0.1379|0.8621,0.1059|0.8941,,,,,,,,state-markov,3,110,0.0019|0.008296|0.02431,0.001428|0.008044|0.01966,0.25|0.03846|0.2113,
controlled,108,2,ge10,hmc_in,,oracle,state,,,,,-12094.7,0.132902,0.104982,5239,01,True,0.172414,29,0.104607,5210,0.827586,0.99949,0.344808,2.1423,0.827094,0.171904,0|0|0|0|0|0|0|0|0|29,0|0|0|0|0|0|0|0|0|28.9852,0|0|0|0|0|0|0|0|0|24,0.1379|0.8621,0.1040|0.8960,0.0019058|0.0079788,,,,,,,state-markov,3,110,0.0019|0.008296|0.02431,0.001428|0.008044|0.01966,0.25|0.03846|0.2113,
controlled,108,2,ge10,hmc_in,,oracle,state-markov,,,,,-12104.5,0.120712,0.104982,5239,01,True,0.172414,29,0.104607,5210,0.827586,0.996471,0.331677,1.47864,0.830741,0.168885,0|0|0|0|0|0|0|0|0|29,0|0|0|0|0|0|0|0|0|28.8977,0|0|0|0|0|0|0|0|0|24,0.1379|0.8621,0.1070|0.8930,0.0014794|0.0080044,0.00095769|0.0077209,0.3536|0.043139,,,,,state-markov,3,110,0.0019|0.008296|0.02431,0.001428|0.008044|0.01966,0.25|0.03846|0.2113,
controlled,108,2,ge10,hmc_in,0,unsupervised,ignorable,start,18,2.57422,-2.2273|0.7617,-9784.35,0.133135,0.188013,5239,01,True,0.172414,29,0.1881,5210,0.827586,0.998042,0.343315,1.07586,0.826403,0.170456,0|0|0|0|0|0|0|0|0|29,0|0|0|0|0|0|0|0|0|28.9432,0|0|0|0|0|0|0|0|0|24,0.1379|0.8621,0.1052|0.8948,,,,,,,-582.9723|-564.9917,state-markov,3,110,0.0019|0.008296|0.02431,0.001428|0.008044|0.01966,0.25|0.03846|0.2113,
controlled,108,2,ge10,hmc_in,0,unsupervised,state,start,18,2.78487,-2.2273|0.7617,-10367.3,0.133078,0.188013,5239,01,True,0.172414,29,0.1881,5210,0.827586,0.998034,0.343307,1.07537,0.826399,0.170448,0|0|0|0|0|0|0|0|0|29,0|0|0|0|0|0|0|0|0|28.943,0|0|0|0|0|0|0|0|0|24,0.1379|0.8621,0.1052|0.8948,0.013514|0.013465,,,0.013514|0.013465,,,-582.9723|-564.9917,state-markov,3,110,0.0019|0.008296|0.02431,0.001428|0.008044|0.01966,0.25|0.03846|0.2113,
controlled,108,2,ge10,hmc_in,0,unsupervised,state-markov,start,18,2.42971,-2.2273|0.7616,-10348.2,0.139039,0.188013,5239,01,True,0.172414,29,0.1881,5210,0.827586,0.998142,0.344152,1.19262,0.826088,0.170556,0|0|0|0|0|0|0|0|0|29,0|0|0|0|0|0|0|0|0|28.9461,0|0|0|0|0|0|0|0|0|24,0.1379|0.8621,0.1051|0.8949,0.013585|0.013453,0.012969|0.011631,0.05833|0.1471,0.013585|0.013453,0.012969|0.011631,0.05833|0.1471,-582.9723|-564.9917,state-markov,3,110,0.0019|0.008296|0.02431,0.001428|0.008044|0.01966,0.25|0.03846|0.2113,
controlled,108,2,ge10,hmc_in,0,unsupervised,state,ignorable fit,2,0.288358,-2.2297|0.7590,-10366.9,0.142741,0.188013,5239,01,True,0.172414,29,0.1881,5210,0.827586,0.998061,0.343304,1.07512,0.826426,0.170475,0|0|0|0|0|0|0|0|0|29,0|0|0|0|0|0|0|0|0|28.9438,0|0|0|0|0|0|0|0|0|24,0.1379|0.8621,0.1052|0.8948,0.013505|0.013469,,,0.013505|0.013469,,,-582.9723|-564.9917,state-markov,3,110,0.0019|0.008296|0.02431,0.001428|0.008044|0.01966,0.25|0.03846|0.2113,
controlled,108,2,ge10,hmc_in,0,unsupervised,state-markov,ignorable fit,3,0.352273,-2.2314|0.7571,-10347.5,0.171289,0.188013,5239,01,True,0.172414,29,0.1881,5210,0.827586,0.998191,0.344142,1.1912,0.82614,0.170605,0|0|0|0|0|0|0|0|0|29,0|0|0|0|0|0|0|0|0|28.9475,0|0|0|0|0|0|0|0|0|24,0.1379|0.8621,0.1051|0.8949,0.013568|0.013463,0.01295|0.011642,0.058508|0.14688,0.013568|0.013463,0.01295|0.011642,0.058508|0.14688,-582.9723|-564.9917,state-markov,3,110,0.0019|0.008296|0.02431,0.001428|0.008044|0.01966,0.25|0.03846|0.2113,
controlled,108,2,ge10,hmc_in,,oracle,ignorable,,,,,-11487.2,0.111205,0.106127,5239,01,True,0.105263,19,0.10613,5220,0.894737,0.972044,0.126825,0.216268,0.920694,0.0773068,1|0|0|0|0|0|0|0|0|18,0.522908|0|0|0|0|0|0|0|0|17.9459,0|0|0|0|0|0|0|0|0|17,0.2105|0.7895,0.1863|0.8137,,,,,,,,state-markov,4,80,0.0019|0.008296|0.02431,0.001428|0.008044|0.01966,0.25|0.03846|0.2113,
controlled,108,2,ge10,hmc_in,,oracle,state,,,,,-11978.2,0.130375,0.106318,5239,01,True,0.0526316,19,0.106513,5220,0.947368,0.980877,0.112179,0.244708,0.92976,0.0654767,0|0|0|1|0|0|0|0|0|18,0|0|0|0.696303|0|0|0|0|0|17.9404,0|0|0|1|0|0|0|0|0|17,0.2105|0.7895,0.1723|0.8277,0.001904|0.0047878,,,,,,,state-markov,4,80,0.0019|0.008296|0.02431,0.001428|0.008044|0.01966,0.25|0.03846|0.2113,
controlled,108,2,ge10,hmc_in,,oracle,state-markov,,,,,-11961.5,0.111547,0.106318,5239,01,True,0.0526316,19,0.106513,5220,0.947368,0.980942,0.112121,0.245143,0.92981,0.0653934,0|0|0|1|0|0|0|0|0|18,0|0|0|0.697712|0|0|0|0|0|17.9402,0|0|0|1|0|0|0|0|0|17,0.2105|0.7895,0.1722|0.8278,0.001954|0.0048256,0.0019071|0.004812,0.025926|0.0076253,,,,,state-markov,4,80,0.0019|0.008296|0.02431,0.001428|0.008044|0.01966,0.25|0.03846|0.2113,
controlled,108,2,ge10,hmc_in,0,unsupervised,ignorable,start,18,2.6653,-2.2248|0.7638,-9801.42,0.128437,0.188395,5239,01,True,0.157895,19,0.188506,5220,0.842105,0.980945,0.32674,1.03991,0.823714,0.174785,0|0|0|1|0|0|0|0|0|18,0|0|0|0.658523|0|0|0|0|0|17.9794,0|0|0|1|0|0|0|0|0|15,0.2105|0.7895,0.0716|0.9284,,,,,,,-449.6044|-432.2443,state-markov,4,80,0.0019|0.008296|0.02431,0.001428|0.008044|0.01966,0.25|0.03846|0.2113,
controlled,108,2,ge10,hmc_in,0,unsupervised,state,start,18,2.29274,-2.2248|0.7638,-10251,0.135572,0.188395,5239,01,True,0.157895,19,0.188506,5220,0.842105,0.980706,0.327018,1.03734,0.823488,0.174987,0|0|0|1|0|0|0|0|0|18,0|0|0|0.654338|0|0|0|0|0|17.9791,0|0|0|1|0|0|0|0|0|15,0.2105|0.7895,0.0718|0.9282,0.0099292|0.0097465,,,0.0099292|0.0097465,,,-449.6044|-432.2443,state-markov,4,80,0.0019|0.008296|0.02431,0.001428|0.008044|0.01966,0.25|0.03846|0.2113,
controlled,108,2,ge10,hmc_in,0,unsupervised,state-markov,start,18,2.63045,-2.2249|0.7638,-10233.6,0.135705,0.188395,5239,01,True,0.157895,19,0.188506,5220,0.842105,0.980902,0.326823,1.04091,0.823661,0.174832,0|0|0|1|0|0|0|0|0|18,0|0|0|0.657666|0|0|0|0|0|17.9795,0|0|0|1|0|0|0|0|0|15,0.2105|0.7895,0.0716|0.9284,0.010078|0.0096927,0.0086889|0.0086514,0.14651|0.11608,0.010078|0.0096927,0.0086889|0.0086514,0.14651|0.11608,-449.6044|-432.2443,state-markov,4,80,0.0019|0.008296|0.02431,0.001428|0.008044|0.01966,0.25|0.03846|0.2113,
controlled,108,2,ge10,hmc_in,0,unsupervised,state,ignorable fit,2,0.273773,-2.2274|0.7610,-10250.5,0.123856,0.188395,5239,01,True,0.157895,19,0.188506,5220,0.842105,0.981252,0.326518,1.04832,0.823944,0.174538,0|0|0|1|0|0|0|0|0|18,0|0|0|0.663788|0|0|0|0|0|17.98,0|0|0|1|0|0|0|0|0|15,0.2105|0.7895,0.0713|0.9287,0.009888|0.0097656,,,0.009888|0.0097656,,,-449.6044|-432.2443,state-markov,4,80,0.0019|0.008296|0.02431,0.001428|0.008044|0.01966,0.25|0.03846|0.2113,
controlled,108,2,ge10,hmc_in,0,unsupervised,state-markov,ignorable fit,2,0.301492,-2.2274|0.7610,-10233.1,0.125755,0.188395,5239,01,True,0.157895,19,0.188506,5220,0.842105,0.981439,0.326326,1.05157,0.824114,0.174387,0|0|0|1|0|0|0|0|0|18,0|0|0|0.666992|0|0|0|0|0|17.9803,0|0|0|1|0|0|0|0|0|15,0.2105|0.7895,0.0711|0.9289,0.010011|0.0097219,0.0086513|0.0086687,0.14448|0.117,0.010011|0.0097219,0.0086513|0.0086687,0.14448|0.117,-449.6044|-432.2443,state-markov,4,80,0.0019|0.008296|0.02431,0.001428|0.008044|0.01966,0.25|0.03846|0.2113,
controlled,108,2,any,hmc_in,,oracle,ignorable,,,,,-10425.3,0.11857,0.103073,5239,01,True,0.0746812,549,0.106397,4690,0.925319,0.99192,0.140735,0.774206,0.923998,0.0693759,2|0|1|5|1|1|1|2|2|534,1.04141|0|0.649231|3.36176|0.710088|0.756153|0.83302|1.74508|1.87625|533.591,1|0|1|3|0|1|1|1|0|500,0.0710|0.9290,0.1124|0.8876,,,,,,,,state,0,891,0.01853|0.1662|0.1181,0.01791|0.1263|0.07417,0.05128|0.3666|0.4464,
controlled,108,2,any,hmc_in,,oracle,state,,,,,-13353.7,0.120167,0.0992556,5239,01,True,0.0619308,549,0.103625,4690,0.938069,0.992911,0.11512,0.621891,0.937449,0.0552313,1|0|2|3|2|3|0|1|3|534,0.506899|0|1.22994|2.06389|1.47289|2.32433|0|0.89299|2.80406|533.813,0|0|1|2|1|2|0|1|2|506,0.0710|0.9290,0.0978|0.9022,0.01857|0.16271,,,,,,,state,0,891,0.01853|0.1662|0.1181,0.01791|0.1263|0.07417,0.05128|0.3666|0.4464,
controlled,108,2,any,hmc_in,,oracle,state-markov,,,,,-13346.4,0.136223,0.0992556,5239,01,True,0.0619308,549,0.103625,4690,0.938069,0.99249,0.116925,0.626353,0.936486,0.056909,2|3|0|1|0|4|1|1|3|534,1.04118|1.75945|0|0.669046|0|3.1066|0.806279|0.888489|2.80532|533.801,1|2|0|1|0|2|0|1|2|506,0.0710|0.9290,0.0988|0.9012,0.018622|0.1627,0.018435|0.16404,0.028489|0.15579,,,,,state,0,891,0.01853|0.1662|0.1181,0.01791|0.1263|0.07417,0.05128|0.3666|0.4464,
controlled,108,2,any,hmc_in,0,unsupervised,ignorable,start,21,2.94439,-2.2693|0.6895,-8763.5,0.0979507,0.18954,5239,01,True,0.0728597,549,0.203198,4690,0.92714,0.989842,0.131644,0.380274,0.926925,0.0673249,1|2|1|5|1|2|2|1|2|532,0.514865|1.12056|0.611169|3.32782|0.735839|1.55303|1.65135|0.869019|1.85303|531.186,1|0|1|2|1|0|1|1|1|501,0.0710|0.9290,0.0782|0.9218,,,,,,,-2813.7389|-2809.4081,state,0,891,0.01853|0.1662|0.1181,0.01791|0.1263|0.07417,0.05128|0.3666|0.4464,
controlled,108,2,any,hmc_in,0,unsupervised,state,start,20,2.6335,-2.2657|0.6939,-11540.8,0.136904,0.187822,5239,01,True,0.0673953,549,0.201919,4690,0.932605,0.990658,0.125356,0.372198,0.930833,0.0626135,1|3|2|2|3|0|0|4|1|533,0.542963|1.74821|1.21012|1.34386|2.1798|0|0|3.46237|0.948409|532.435,0|3|1|1|1|0|0|3|0|503,0.0710|0.9290,0.0726|0.9274,0.063141|0.12898,,,0.063141|0.12898,,,-2813.7389|-2809.4081,state,0,891,0.01853|0.1662|0.1181,0.01791|0.1263|0.07417,0.05128|0.3666|0.4464,
controlled,108,2,any,hmc_in,0,unsupervised,state-markov,start,20,2.76779,-2.2657|0.6939,-11538.4,0.158461,0.187822,5239,01,True,0.0673953,549,0.201919,4690,0.932605,0.990559,0.125749,0.372988,0.930596,0.0632422,1|3|2|2|3|0|1|3|0|534,0.540935|1.69862|1.23055|1.34723|2.18083|0|0.849884|2.58885|0|533.38,0|3|1|1|1|0|1|2|0|503,0.0710|0.9290,0.0729|0.9271,0.063272|0.12895,0.062033|0.1255,0.081608|0.15226,0.063272|0.12895,0.062033|0.1255,0.081608|0.15226,-2813.7389|-2809.4081,state,0,891,0.01853|0.1662|0.1181,0.01791|0.1263|0.07417,0.05128|0.3666|0.4464,
controlled,108,2,any,hmc_in,0,unsupervised,state,ignorable fit,3,0.435483,-2.2728|0.6848,-11539.2,0.12187,0.188395,5239,01,True,0.0673953,549,0.202559,4690,0.932605,0.990356,0.124049,0.370327,0.931356,0.0618798,0|5|3|2|1|0|1|3|2|532,0|2.90278|1.87455|1.3761|0.723989|0|0.838002|2.61596|1.88496|531.489,0|2|2|2|0|0|0|3|0|503,0.0710|0.9290,0.0718|0.9282,0.063499|0.12859,,,0.063499|0.12859,,,-2813.7389|-2809.4081,state,0,891,0.01853|0.1662|0.1181,0.01791|0.1263|0.07417,0.05128|0.3666|0.4464,
controlled,108,2,any,hmc_in,0,unsupervised,state-markov,ignorable fit,3,0.370747,-2.2728|0.6848,-11536.9,0.123961,0.188395,5239,01,True,0.0673953,549,0.202559,4690,0.932605,0.990245,0.124534,0.371287,0.931062,0.0613204,0|5|3|2|1|0|2|2|1|533,0|2.87832|1.87145|1.37512|0.722388|0|1.68874|1.73637|0.942709|532.429,0|3|1|2|0|0|1|2|0|503,0.0710|0.9290,0.0721|0.9279,0.0637|0.12852,0.062313|0.12512,0.084081|0.15163,0.0637|0.12852,0.062313|0.12512,0.084081|0.15163,-2813.7389|-2809.4081,state,0,891,0.01853|0.1662|0.1181,0.01791|0.1263|0.07417,0.05128|0.3666|0.4464,
controlled,108,2,any,hmc_in,,oracle,ignorable,,,,,-10421.8,0.105,0.106318,5239,01,True,0.0675182,548,0.110851,4691,0.932482,0.993301,0.129275,0.725816,0.93068,0.0678847,1|2|0|4|0|0|1|3|5|532,0.532871|1.14217|0|2.70585|0|0|0.825433|2.64733|4.66309|531.812,1|0|0|4|0|0|1|1|3|501,0.0931|0.9069,0.1404|0.8596,,,,,,,,state,1,890,0.01853|0.1662|0.1181,0.01791|0.1263|0.07417,0.05128|0.3666|0.4464,
controlled,108,2,any,hmc_in,,oracle,state,,,,,-13336.1,0.107053,0.101546,5239,01,True,0.0583942,548,0.106587,4691,0.941606,0.995343,0.111543,0.606019,0.940911,0.0580343,1|1|0|1|2|0|1|2|2|538,0.50905|0.565538|0|0.681277|1.48794|0|0.847254|1.76919|1.82614|537.762,0|1|0|0|2|0|0|2|1|510,0.0931|0.9069,0.1301|0.8699,0.024268|0.15857,,,,,,,state,1,890,0.01853|0.1662|0.1181,0.01791|0.1263|0.07417,0.05128|0.3666|0.4464,
controlled,108,2,any,hmc_in,,oracle,state-markov,,,,,-13336.6,0.118968,0.101355,5239,01,True,0.0565693,548,0.106587,4691,0.943431,0.995437,0.111409,0.604891,0.941011,0.0571464,1|1|0|1|2|0|0|2|3|538,0.51651|0.595987|0|0.683582|1.47906|0|0|1.72675|2.73032|537.767,1|1|0|0|2|0|0|1|2|510,0.0931|0.9069,0.1300|0.8700,0.024321|0.15856,0.024382|0.1573,0.021875|0.16527,,,,,state,1,890,0.01853|0.1662|0.1181,0.01791|0.1263|0.07417,0.05128|0.3666|0.4464,
controlled,108,2,any,hmc_in,0,unsupervised,ignorable,start,18,2.42165,-2.2522|0.7099,-8791.83,0.117796,0.187822,5239,01,True,0.0638686,548,0.202302,4691,0.936131,0.989401,0.123423,0.369826,0.931202,0.0604889,3|3|1|3|2|1|0|0|3|532,1.52101|1.73981|0.646333|2.03982|1.4419|0.760988|0|0|2.77869|531.263,3|2|0|2|1|1|0|0|2|502,0.0931|0.9069,0.1055|0.8945,,,,,,,-2811.6393|-2807.8456,state,1,890,0.01853|0.1662|0.1181,0.01791|0.1263|0.07417,0.05128|0.3666|0.4464,
controlled,108,2,any,hmc_in,0,unsupervised,state,start,17,2.18516,-2.2492|0.7132,-11580.4,0.0838926,0.187822,5239,01,True,0.0620438,548,0.202515,4691,0.937956,0.990636,0.120346,0.361045,0.933393,0.061221,2|1|3|4|1|1|1|1|0|534,1.05687|0.584633|1.91269|2.74451|0.709446|0.753896|0.832627|0.866339|0|533.407,1|1|3|2|1|1|1|1|0|503,0.0931|0.9069,0.1019|0.8981,0.072872|0.12501,,,0.072872|0.12501,,,-2811.6393|-2807.8456,state,1,890,0.01853|0.1662|0.1181,0.01791|0.1263|0.07417,0.05128|0.3666|0.4464,
controlled,108,2,any,hmc_in,0,unsupervised,state-markov,start,17,2.23159,-2.2490|0.7135,-11577.4,0.117267,0.187822,5239,01,True,0.0620438,548,0.202515,4691,0.937956,0.990797,0.120174,0.35947,0.933583,0.0623703,2|0|4|3|2|1|0|2|1|533,1.05233|0|2.48766|2.05022|1.43208|0.787195|0|1.73378|0.948267|532.465,1|0|4|1|2|1|0|2|1|502,0.0931|0.9069,0.1019|0.8981,0.072939|0.12502,0.073036|0.12081,0.071696|0.15449,0.072939|0.12502,0.073036|0.12081,0.071696|0.15449,-2811.6393|-2807.8456,state,1,890,0.01853|0.1662|0.1181,0.01791|0.1263|0.07417,0.05128|0.3666|0.4464,
controlled,108,2,any,hmc_in,0,unsupervised,state,ignorable fit,3,0.390882,-2.2572|0.7039,-11578.4,0.136932,0.187059,5239,01,True,0.060219,548,0.201876,4691,0.939781,0.98984,0.120112,0.35972,0.933323,0.0623883,5|0|4|0|2|1|2|0|1|533,2.61799|0|2.54917|0|1.43284|0.771855|1.68285|0|0.900728|532.477,4|0|4|0|1|1|2|0|0|503,0.0931|0.9069,0.1007|0.8993,0.072844|0.1248,,,0.072844|0.1248,,,-2811.6393|-2807.8456,state,1,890,0.01853|0.1662|0.1181,0.01791|0.1263|0.07417,0.05128|0.3666|0.4464,
controlled,108,2,any,hmc_in,0,unsupervised,state-markov,ignorable fit,3,0.408607,-2.2572|0.7039,-11575.4,0.111184,0.186868,5239,01,True,0.0583942,548,0.201876,4691,0.941606,0.989951,0.119908,0.358168,0.933499,0.0640665,3|2|4|0|2|0|1|2|1|533,1.52833|1.10691|2.53846|0|1.4152|0|0.8024|1.71628|0.902996|532.483,3|2|4|0|1|0|1|2|0|503,0.0931|0.9069,0.1007|0.8993,0.072911|0.12481,0.072947|0.12064,0.072458|0.15402,0.072911|0.12481,0.072947|0.12064,0.072458|0.15402,-2811.6393|-2807.8456,state,1,890,0.01853|0.1662|0.1181,0.01791|0.1263|0.07417,0.05128|0.3666|0.4464,
controlled,108,2,any,hmc_in,,oracle,ignorable,,,,,-10442.9,0.163137,0.103837,5239,01,True,0.0683919,541,0.107918,4698,0.931608,0.987024,0.117865,0.608954,0.932388,0.0590643,4|3|1|1|3|3|4|3|2|517,2.10792|1.69679|0.639081|0.67719|2.1321|2.29083|3.27328|2.59329|1.83908|516.73,0|2|1|1|1|2|3|1|1|492,0.0739|0.9261,0.1112|0.8888,,,,,,,,state,2,872,0.01853|0.1662|0.1181,0.01791|0.1263|0.07417,0.05128|0.3666|0.4464,
controlled,108,2,any,hmc_in,,oracle,state,,,,,-13314,0.137434,0.103264,5239,01,True,0.0573013,541,0.108557,4698,0.942699,0.993137,0.10506,0.514743,0.942592,0.0510579,1|2|0|3|0|1|1|4|3|526,0.515144|1.16363|0|2.03711|0|0.753822|0.832347|3.49273|2.76338|525.729,0|1|0|2|0|0|1|3|1|502,0.0739|0.9261,0.0950|0.9050,0.019044|0.15984,,,,,,,state,2,872,0.01853|0.1662|0.1181,0.01791|0.1263|0.07417,0.05128|0.3666|0.4464,
controlled,108,2,any,hmc_in,,oracle,state-markov,,,,,-13304.4,0.146353,0.103264,5239,01,True,0.0573013,541,0.108557,4698,0.942699,0.992213,0.10589,0.518729,0.941622,0.0525534,1|1|2|3|2|0|1|3|3|525,0.50674|0.55684|1.25727|2.04626|1.44087|0|0.849168|2.62112|2.76351|524.746,0|1|1|2|1|0|0|3|1|501,0.0739|0.9261,0.0957|0.9043,0.019085|0.15983,0.018443|0.15955,0.052063|0.1613,,,,,state,2,872,0.01853|0.1662|0.1181,0.01791|0.1263|0.07417,0.05128|0.3666|0.4464,
controlled,108,2,any,hmc_in,0,unsupervised,ignorable,start,17,2.31362,-2.2562|0.7109,-8753.23,0.0946388,0.189349,5239,01,True,0.0702403,541,0.203065,4698,0.92976,0.989602,0.128819,0.392711,0.928511,0.064216,3|1|3|2|1|2|1|1|2|525,1.54882|0.556866|1.85554|1.33191|0.713523|1.55255|0.819667|0.895914|1.87003|524.23,2|0|1|1|0|2|1|1|1|494,0.0739|0.9261,0.0826|0.9174,,,,,,,-2773.6285|-2770.0400,state,2,872,0.01853|0.1662|0.1181,0.01791|0.1263|0.07417,0.05128|0.3666|0.4464,
controlled,108,2,any,hmc_in,0,unsupervised,state,start,18,2.42229,-2.2609|0.7050,-11494.5,0.149171,0.188776,5239,01,True,0.0628466,541,0.203278,4698,0.937153,0.991596,0.12435,0.384368,0.932096,0.0618875,0|5|0|4|0|0|1|1|3|527,0|2.82072|0|2.70595|0|0|0.805079|0.851481|2.80301|526.467,0|4|0|3|0|0|1|1|3|495,0.0739|0.9261,0.0769|0.9231,0.065947|0.1247,,,0.065947|0.1247,,,-2773.6285|-2770.0400,state,2,872,0.01853|0.1662|0.1181,0.01791|0.1263|0.07417,0.05128|0.3666|0.4464,
controlled,108,2,any,hmc_in,0,unsupervised,state-markov,start,18,2.51999,-2.2614|0.7044,-11491.3,0.132958,0.189158,5239,01,True,0.0665434,541,0.203278,4698,0.933457,0.991329,0.125499,0.386865,0.931305,0.0613111,1|4|0|4|1|0|1|1|1|528,0.529713|2.32741|0|2.71433|0.706586|0|0.82274|0.89585|0.930277|527.382,0|2|0|3|1|0|1|1|1|496,0.0739|0.9261,0.0776|0.9224,0.066122|0.1246,0.063089|0.12237,0.10896|0.14026,0.066122|0.1246,0.063089|0.12237,0.10896|0.14026,-2773.6285|-2770.0400,state,2,872,0.01853|0.1662|0.1181,0.01791|0.1263|0.07417,0.05128|0.3666|0.4464,
controlled,108,2,any,hmc_in,0,unsupervised,state,ignorable fit,4,0.571808,-2.2648|0.7003,-11493.4,0.142295,0.189158,5239,01,True,0.0628466,541,0.203704,4698,0.937153,0.991953,0.124333,0.383583,0.932218,0.0623339,0|3|2|3|1|0|1|1|2|528,0|1.69252|1.26084|2.00427|0.737168|0|0.807598|0.852295|1.87235|527.419,0|3|1|2|1|0|1|1|2|496,0.0739|0.9261,0.0765|0.9235,0.065707|0.12468,,,0.065707|0.12468,,,-2773.6285|-2770.0400,state,2,872,0.01853|0.1662|0.1181,0.01791|0.1263|0.07417,0.05128|0.3666|0.4464,
controlled,108,2,any,hmc_in,0,unsupervised,state-markov,ignorable fit,4,0.506797,-2.2649|0.7001,-11490.3,0.148739,0.18954,5239,01,True,0.0665434,541,0.203704,4698,0.933457,0.991628,0.125519,0.38621,0.931396,0.0614428,1|2|2|4|0|1|1|1|1|528,0.530393|1.15574|1.28512|2.69922|0|0.753049|0.823003|0.896239|0.943441|527.384,0|1|1|3|0|1|1|1|1|496,0.0739|0.9261,0.0772|0.9228,0.06591|0.12457,0.062844|0.12236,0.10936|0.14011,0.06591|0.12457,0.062844|0.12236,0.10936|0.14011,-2773.6285|-2770.0400,state,2,872,0.01853|0.1662|0.1181,0.01791|0.1263|0.07417,0.05128|0.3666|0.4464,
controlled,108,2,any,hmc_in,,oracle,ignorable,,,,,-10407,0.163317,0.102119,5239,01,True,0.0636516,597,0.107066,4642,0.936348,0.991317,0.115349,0.65495,0.936095,0.0570724,2|0|4|1|1|2|2|5|6|574,1.05635|0|2.55379|0.662917|0.709015|1.52422|1.63828|4.39398|5.53022|573.747,1|0|1|1|1|0|1|4|4|546,0.0536|0.9464,0.1004|0.8996,,,,,,,,state,3,907,0.01853|0.1662|0.1181,0.01791|0.1263|0.07417,0.05128|0.3666|0.4464,
controlled,108,2,any,hmc_in,,oracle,state,,,,,-13379.1,0.0550533,0.0977286,5239,01,True,0.0485762,597,0.10405,4642,0.951424,0.995515,0.095717,0.484256,0.948975,0.0474059,2|0|0|1|1|0|1|4|3|585,1.01096|0|0|0.660018|0.741721|0|0.827098|3.50035|2.78177|584.801,1|0|0|1|1|0|1|3|3|558,0.0536|0.9464,0.0862|0.9138,0.015247|0.18026,,,,,,,state,3,907,0.01853|0.1662|0.1181,0.01791|0.1263|0.07417,0.05128|0.3666|0.4464,
controlled,108,2,any,hmc_in,,oracle,state-markov,,,,,-13395.4,0.141982,0.0977286,5239,01,True,0.0485762,597,0.10405,4642,0.951424,0.995787,0.0955276,0.470702,0.94929,0.0475624,2|0|0|1|1|0|1|3|3|586,1.01241|0|0|0.658387|0.741347|0|0.849485|2.64854|2.79589|585.779,1|0|0|1|1|0|1|2|3|559,0.0536|0.9464,0.0859|0.9141,0.015313|0.18024,0.015489|0.18239,0.0040004|0.17045,,,,,state,3,907,0.01853|0.1662|0.1181,0.01791|0.1263|0.07417,0.05128|0.3666|0.4464,
controlled,108,2,any,hmc_in,0,unsupervised,ignorable,start,19,2.69511,-2.2669|0.6850,-8706.05,0.149952,0.190303,5239,01,True,0.0619765,597,0.206807,4642,0.938023,0.990035,0.112503,0.312719,0.936758,0.0531972,4|0|0|5|1|1|3|1|3|579,2.04674|0|0|3.32377|0.713682|0.765338|2.49887|0.880872|2.76172|578.06,2|0|0|3|0|1|1|1|1|551,0.0536|0.9464,0.0731|0.9269,,,,,,,-2847.1630|-2844.2327,state,3,907,0.01853|0.1662|0.1181,0.01791|0.1263|0.07417,0.05128|0.3666|0.4464,
controlled,108,2,any,hmc_in,0,unsupervised,state,start,17,2.35386,-2.2607|0.6923,-11509.2,0.107557,0.189349,5239,01,True,0.0586265,597,0.206161,4642,0.941374,0.992554,0.108778,0.296654,0.939973,0.0551475,0|1|2|4|1|0|3|4|3|579,0|0.593596|1.22231|2.78013|0.734067|0|2.49092|3.49893|2.8091|578.426,0|1|2|2|0|0|0|3|1|553,0.0536|0.9464,0.0679|0.9321,0.060925|0.13296,,,0.060925|0.13296,,,-2847.1630|-2844.2327,state,3,907,0.01853|0.1662|0.1181,0.01791|0.1263|0.07417,0.05128|0.3666|0.4464,
controlled,108,2,any,hmc_in,0,unsupervised,state-markov,start,17,2.30617,-2.2607|0.6923,-11508,0.104869,0.189349,5239,01,True,0.0586265,597,0.206161,4642,0.941374,0.992607,0.108734,0.29633,0.940034,0.0551497,0|0|3|4|1|0|4|3|2|580,0|0|1.831|2.76258|0.738064|0|3.34443|2.6691|1.85502|579.386,0|0|3|2|0|0|1|2|0|554,0.0536|0.9464,0.0680|0.9320,0.06093|0.13298,0.060912|0.13023,0.061208|0.1509,0.06093|0.13298,0.060912|0.13023,0.061208|0.1509,-2847.1630|-2844.2327,state,3,907,0.01853|0.1662|0.1181,0.01791|0.1263|0.07417,0.05128|0.3666|0.4464,
controlled,108,2,any,hmc_in,0,unsupervised,state,ignorable fit,3,0.346952,-2.2715|0.6788,-11506.3,0.151389,0.190303,5239,01,True,0.0603015,597,0.207023,4642,0.939698,0.991852,0.106785,0.292457,0.940682,0.0560231,0|2|2|4|1|0|1|6|1|580,0|1.11095|1.22265|2.75375|0.700672|0|0.815036|5.22243|0.921741|579.389,0|0|2|1|1|0|0|2|1|554,0.0536|0.9464,0.0666|0.9334,0.06085|0.13257,,,0.06085|0.13257,,,-2847.1630|-2844.2327,state,3,907,0.01853|0.1662|0.1181,0.01791|0.1263|0.07417,0.05128|0.3666|0.4464,
controlled,108,2,any,hmc_in,0,unsupervised,state-markov,ignorable fit,3,0.411675,-2.2715|0.6789,-11505.1,0.162167,0.190494,5239,01,True,0.0603015,597,0.207238,4642,0.939698,0.991873,0.10676,0.292253,0.940717,0.0550363,0|2|2|5|0|0|3|4|1|580,0|1.10891|1.22668|3.44302|0|0|2.51826|3.53403|0.918963|579.398,0|0|2|2|0|0|0|2|1|554,0.0536|0.9464,0.0666|0.9334,0.060954|0.13255,0.060853|0.12984,0.062506|0.15029,0.060954|0.13255,0.060853|0.12984,0.062506|0.15029,-2847.1630|-2844.2327,state,3,907,0.01853|0.1662|0.1181,0.01791|0.1263|0.07417,0.05128|0.3666|0.4464,
controlled,108,2,any,hmc_in,,oracle,ignorable,,,,,-10430.8,0.128277,0.105173,5239,01,True,0.0661896,559,0.109829,4680,0.93381,0.990117,0.112867,0.596189,0.936788,0.0583741,0|5|2|1|2|5|0|1|3|540,0|2.86508|1.26744|0.661143|1.40669|3.95221|0|0.876363|2.76105|539.686,0|1|1|1|1|0|0|0|3|515,0.0751|0.9249,0.1101|0.8899,,,,,,,,state,4,897,0.01853|0.1662|0.1181,0.01791|0.1263|0.07417,0.05128|0.3666|0.4464,
controlled,108,2,any,hmc_in,,oracle,state,,,,,-13345.1,0.107868,0.100592,5239,01,True,0.0465116,559,0.107051,4680,0.953488,0.996767,0.0886167,0.486826,0.953057,0.0454272,0|0|0|2|0|0|1|3|5|548,0|0|0|1.34709|0|0|0.803806|2.59575|4.66369|547.783,0|0|0|0|0|0|1|3|4|525,0.0751|0.9249,0.0934|0.9066,0.019995|0.16495,,,,,,,state,4,897,0.01853|0.1662|0.1181,0.01791|0.1263|0.07417,0.05128|0.3666|0.4464,
controlled,108,2,any,hmc_in,,oracle,state-markov,,,,,-13331.4,0.153422,0.100783,5239,01,True,0.0465116,559,0.107265,4680,0.953488,0.99681,0.0904615,0.487798,0.951976,0.0443327,0|0|0|0|0|0|5|2|5|547,0|0|0|0|0|0|4.15134|1.71729|4.61218|546.736,0|0|0|0|0|0|3|2|4|524,0.0751|0.9249,0.0944|0.9056,0.020026|0.16495,0.019441|0.16785,0.048685|0.15027,,,,,state,4,897,0.01853|0.1662|0.1181,0.01791|0.1263|0.07417,0.05128|0.3666|0.4464,
controlled,108,2,any,hmc_in,0,unsupervised,ignorable,start,15,1.87181,-2.2332|0.7266,-8805.31,0.0944952,0.188013,5239,01,True,0.0536673,559,0.20406,4680,0.946333,0.990433,0.104607,0.323005,0.941076,0.0510282,2|1|2|5|0|1|1|1|4|542,1.02943|0.553665|1.22564|3.32065|0|0.762967|0.835272|0.882267|3.77087|541.271,2|1|1|3|0|1|1|1|3|516,0.0751|0.9249,0.0801|0.9199,,,,,,,-2826.3105|-2821.4452,state,4,897,0.01853|0.1662|0.1181,0.01791|0.1263|0.07417,0.05128|0.3666|0.4464,
controlled,108,2,any,hmc_in,0,unsupervised,state,start,16,2.17249,-2.2357|0.7235,-11590.8,0.111836,0.187631,5239,01,True,0.0518784,559,0.203846,4680,0.948122,0.99362,0.101487,0.318942,0.944448,0.0529905,0|2|1|2|0|2|1|4|1|546,0|1.18363|0.626036|1.37355|0|1.52647|0.849415|3.49931|0.941958|545.433,0|2|0|2|0|1|1|4|0|520,0.0751|0.9249,0.0750|0.9250,0.06321|0.13079,,,0.06321|0.13079,,,-2826.3105|-2821.4452,state,4,897,0.01853|0.1662|0.1181,0.01791|0.1263|0.07417,0.05128|0.3666|0.4464,
controlled,108,2,any,hmc_in,0,unsupervised,state-markov,start,16,2.30091,-2.2355|0.7237,-11587.6,0.118125,0.187631,5239,01,True,0.0518784,559,0.203846,4680,0.948122,0.993253,0.101811,0.319641,0.944053,0.0531976,0|2|1|2|0|2|3|2|2|545,0|1.13001|0.62851|1.37855|0|1.53|2.48126|1.75558|1.87565|544.449,0|2|0|2|0|1|3|2|1|519,0.0751|0.9249,0.0754|0.9246,0.063565|0.13065,0.060987|0.12762,0.10155|0.15082,0.063565|0.13065,0.060987|0.12762,0.10155|0.15082,-2826.3105|-2821.4452,state,4,897,0.01853|0.1662|0.1181,0.01791|0.1263|0.07417,0.05128|0.3666|0.4464,
controlled,108,2,any,hmc_in,0,unsupervised,state,ignorable fit,3,0.333175,-2.2380|0.7206,-11590.3,0.115905,0.187631,5239,01,True,0.0518784,559,0.203846,4680,0.948122,0.993593,0.101524,0.319044,0.944408,0.0526974,0|2|1|2|0|2|1|3|2|546,0|1.18009|0.629727|1.37112|0|1.53486|0.843086|2.58601|1.839|545.435,0|2|0|2|0|1|1|3|1|520,0.0751|0.9249,0.0749|0.9251,0.063544|0.13057,,,0.063544|0.13057,,,-2826.3105|-2821.4452,state,4,897,0.01853|0.1662|0.1181,0.01791|0.1263|0.07417,0.05128|0.3666|0.4464,
controlled,108,2,any,hmc_in,0,unsupervised,state-markov,ignorable fit,3,0.374782,-2.2380|0.7207,-11587.2,0.0802468,0.187631,5239,01,True,0.0518784,559,0.203846,4680,0.948122,0.993214,0.101864,0.319764,0.943997,0.0532568,0|2|1|2|0|2|4|1|2|545,0|1.12426|0.633125|1.37718|0|1.53987|3.32097|0.895641|1.86856|544.447,0|2|0|2|0|1|4|1|1|519,0.0751|0.9249,0.0753|0.9247,0.063896|0.13042,0.061187|0.12743,0.10359|0.15034,0.063896|0.13042,0.061187|0.12743,0.10359|0.15034,-2826.3105|-2821.4452,state,4,897,0.01853|0.1662|0.1181,0.01791|0.1263|0.07417,0.05128|0.3666|0.4464,
controlled,108,2,any,hmc_in,,oracle,ignorable,,,,,-10404.1,0.128947,0.103646,5239,01,True,0.0733333,600,0.107566,4639,0.926667,0.99387,0.139284,0.809607,0.926155,0.0711111,3|0|1|1|1|0|2|2|2|588,1.54265|0|0.618473|0.671076|0.727461|0|1.66666|1.72196|1.85857|587.515,2|0|1|0|0|0|2|0|0|551,0.0717|0.9283,0.1130|0.8870,,,,,,,,state-markov,0,914,0.01853|0.1662|0.1181,0.01791|0.1263|0.07417,0.05128|0.3666|0.4464,
controlled,108,2,any,hmc_in,,oracle,state,,,,,-13360.2,0.110014,0.102882,5239,01,True,0.0666667,600,0.107566,4639,0.933333,0.993525,0.124547,0.599709,0.933294,0.0643192,2|1|3|0|1|0|2|3|4|584,1.05968|0.592548|1.89555|0|0.701999|0|1.65257|2.65935|3.74887|583.804,2|0|1|0|1|0|0|2|0|554,0.0717|0.9283,0.1021|0.8979,0.020471|0.17771,,,,,,,state-markov,0,914,0.01853|0.1662|0.1181,0.01791|0.1263|0.07417,0.05128|0.3666|0.4464,
controlled,108,2,any,hmc_in,,oracle,state-markov,,,,,-13048.6,0.1426,0.104409,5239,01,True,0.0733333,600,0.108429,4639,0.926667,0.994148,0.130569,0.673274,0.930553,0.0674812,1|2|1|0|2|0|2|5|1|586,0.5374|1.12128|0.645279|0|1.46657|0|1.68807|4.35355|0.93006|585.746,0|0|0|0|1|0|1|0|0|554,0.0717|0.9283,0.1054|0.8946,0.020604|0.1777,0.018457|0.12998,0.12269|0.39856,,,,,state-markov,0,914,0.01853|0.1662|0.1181,0.01791|0.1263|0.07417,0.05128|0.3666|0.4464,
controlled,108,2,any,hmc_in,0,unsupervised,ignorable,start,20,2.8283,-2.2731|0.6740,-8724.6,0.162987,0.190303,5239,01,True,0.0716667,600,0.205648,4639,0.928333,0.989954,0.134729,0.396741,0.925594,0.064697,4|0|1|6|0|1|0|0|0|588,2.07722|0|0.606388|3.98792|0|0.799418|0|0|0|586.502,3|0|0|3|0|0|0|0|0|551,0.0717|0.9283,0.0926|0.9074,,,,,,,-2861.6859|-2561.1528,state-markov,0,914,0.01853|0.1662|0.1181,0.01791|0.1263|0.07417,0.05128|0.3666|0.4464,
controlled,108,2,any,hmc_in,0,unsupervised,state,start,19,2.65935,-2.2686|0.6790,-11555.9,0.105715,0.189158,5239,01,True,0.0666667,600,0.205001,4639,0.933333,0.992079,0.129215,0.363079,0.929774,0.0657182,1|3|1|3|1|0|0|3|1|587,0.535762|1.7329|0.616614|2.0231|0.702264|0|0|2.57299|0.948299|586.116,1|2|1|3|0|0|0|2|0|551,0.0717|0.9283,0.0869|0.9131,0.066658|0.13123,,,0.066658|0.13123,,,-2861.6859|-2561.1528,state-markov,0,914,0.01853|0.1662|0.1181,0.01791|0.1263|0.07417,0.05128|0.3666|0.4464,
controlled,108,2,any,hmc_in,0,unsupervised,state-markov,start,18,2.41572,-2.2641|0.6846,-11266,0.117119,0.188395,5239,01,True,0.0666667,600,0.204139,4639,0.933333,0.991202,0.131214,0.3913,0.928059,0.0664455,2|0|3|3|1|2|1|0|1|587,1.03272|0|1.81952|2.0328|0.714714|1.54189|0.803277|0|0.948516|585.828,2|0|2|3|0|2|0|0|0|551,0.0717|0.9283,0.0894|0.9106,0.07111|0.12955,0.044995|0.09007,0.41224|0.39481,0.07111|0.12955,0.044995|0.09007,0.41224|0.39481,-2861.6859|-2561.1528,state-markov,0,914,0.01853|0.1662|0.1181,0.01791|0.1263|0.07417,0.05128|0.3666|0.4464,
controlled,108,2,any,hmc_in,0,unsupervised,state,ignorable fit,4,0.519899,-2.2783|0.6670,-11553.6,0.129621,0.189349,5239,01,True,0.0666667,600,0.205217,4639,0.933333,0.992043,0.128654,0.360396,0.929989,0.0633045,0|4|1|4|0|0|0|3|1|587,0|2.3072|0.635951|2.67834|0|0|0|2.57534|0.939122|586.09,0|3|1|3|0|0|0|2|0|551,0.0717|0.9283,0.0867|0.9133,0.066763|0.13086,,,0.066763|0.13086,,,-2861.6859|-2561.1528,state-markov,0,914,0.01853|0.1662|0.1181,0.01791|0.1263|0.07417,0.05128|0.3666|0.4464,
controlled,108,2,any,hmc_in,0,unsupervised,state-markov,ignorable fit,3,0.424397,-2.2768|0.6691,-11262.7,0.11634,0.189349,5239,01,True,0.0666667,600,0.205217,4639,0.933333,0.991154,0.130567,0.387642,0.928302,0.0645481,1|2|2|4|0|2|1|0|1|587,0.507695|1.17171|1.2392|2.68637|0|1.54839|0.802098|0|0.936723|585.8,1|1|2|3|0|2|0|0|0|551,0.0717|0.9283,0.0892|0.9108,0.071412|0.12905,0.045263|0.089633,0.41143|0.39507,0.071412|0.12905,0.045263|0.089633,0.41143|0.39507,-2861.6859|-2561.1528,state-markov,0,914,0.01853|0.1662|0.1181,0.01791|0.1263|0.07417,0.05128|0.3666|0.4464,
controlled,108,2,any,hmc_in,,oracle,ignorable,,,,,-10458.8,0.113173,0.103264,5239,01,True,0.089613,491,0.104676,4748,0.910387,0.985908,0.158304,0.703018,0.911526,0.0772049,3|3|4|1|4|2|2|0|4|468,1.56737|1.77128|2.5021|0.653853|2.93269|1.54762|1.67171|0|3.72099|467.713,1|1|2|1|3|1|0|0|0|438,0.0754|0.9246,0.1232|0.8768,,,,,,,,state-markov,1,848,0.01853|0.1662|0.1181,0.01791|0.1263|0.07417,0.05128|0.3666|0.4464,
controlled,108,2,any,hmc_in,,oracle,state,,,,,-13316.1,0.0968705,0.0962016,5239,01,True,0.0549898,491,0.100463,4748,0.94501,0.993561,0.10908,0.531638,0.940477,0.0556616,0|1|0|1|3|2|1|4|3|476,0|0.582349|0|0.651888|2.20952|1.56424|0.810461|3.51567|2.79301|475.711,0|1|0|1|3|1|1|3|2|452,0.0754|0.9246,0.0912|0.9088,0.017618|0.14485,,,,,,,state-markov,1,848,0.01853|0.1662|0.1181,0.01791|0.1263|0.07417,0.05128|0.3666|0.4464,
controlled,108,2,any,hmc_in,,oracle,state-markov,,,,,-13269.8,0.104331,0.0963924,5239,01,True,0.0549898,491,0.100674,4748,0.94501,0.994718,0.107893,0.514714,0.941727,0.0560146,0|0|0|0|2|4|1|4|3|477,0|0|0|0|1.42911|3.13917|0.83132|3.48117|2.76619|476.76,0|0|0|0|1|4|1|4|2|452,0.0754|0.9246,0.0903|0.9097,0.017764|0.14494,0.01792|0.11711,0.0091284|0.30913,,,,,state-markov,1,848,0.01853|0.1662|0.1181,0.01791|0.1263|0.07417,0.05128|0.3666|0.4464,
controlled,108,2,any,hmc_in,0,unsupervised,ignorable,start,19,2.62862,-2.2568|0.7107,-8825.07,0.107856,0.188013,5239,01,True,0.0733198,491,0.199874,4748,0.92668,0.984431,0.132916,0.390747,0.923252,0.0666234,7|1|2|1|3|3|0|1|0|473,3.63492|0.555206|1.23639|0.692221|2.21739|2.3163|0|0.870658|0|471.833,5|0|1|0|0|3|0|1|0|445,0.0754|0.9246,0.0880|0.9120,,,,,,,-2722.2990|-2509.1533,state-markov,1,848,0.01853|0.1662|0.1181,0.01791|0.1263|0.07417,0.05128|0.3666|0.4464,
controlled,108,2,any,hmc_in,0,unsupervised,state,start,18,2.28729,-2.2552|0.7123,-11518.9,0.118032,0.186868,5239,01,True,0.0610998,491,0.199874,4748,0.9389,0.989696,0.119927,0.371546,0.932555,0.0598249,3|0|0|2|3|4|1|1|6|471,1.57988|0|0|1.35435|2.15034|3.13902|0.827099|0.882927|5.59985|470.407,2|0|0|2|2|4|1|1|5|444,0.0754|0.9246,0.0773|0.9227,0.062957|0.12166,,,0.062957|0.12166,,,-2722.2990|-2509.1533,state-markov,1,848,0.01853|0.1662|0.1181,0.01791|0.1263|0.07417,0.05128|0.3666|0.4464,
controlled,108,2,any,hmc_in,0,unsupervised,state-markov,start,19,2.50107,-2.2559|0.7117,-11313,0.096604,0.187631,5239,01,True,0.0672098,491,0.200084,4748,0.93279,0.986375,0.126346,0.386249,0.927279,0.0626507,1|2|4|4|2|2|2|0|4|470,0.50468|1.17755|2.43732|2.67628|1.42623|1.53923|1.61687|0|3.72774|469.204,1|0|3|3|1|2|2|0|3|443,0.0754|0.9246,0.0824|0.9176,0.065572|0.1205,0.045877|0.089497,0.34623|0.34679,0.065572|0.1205,0.045877|0.089497,0.34623|0.34679,-2722.2990|-2509.1533,state-markov,1,848,0.01853|0.1662|0.1181,0.01791|0.1263|0.07417,0.05128|0.3666|0.4464,
controlled,108,2,any,hmc_in,0,unsupervised,state,ignorable fit,4,0.530847,-2.2628|0.7030,-11517.4,0.118311,0.186295,5239,01,True,0.0590631,491,0.199452,4748,0.940937,0.990065,0.119601,0.37038,0.932945,0.0634482,3|0|0|2|1|6|0|1|7|471,1.57134|0|0|1.3566|0.721058|4.67611|0|0.880364|6.50347|470.413,3|0|0|2|0|6|0|1|6|444,0.0754|0.9246,0.0765|0.9235,0.06305|0.12139,,,0.06305|0.12139,,,-2722.2990|-2509.1533,state-markov,1,848,0.01853|0.1662|0.1181,0.01791|0.1263|0.07417,0.05128|0.3666|0.4464,
controlled,108,2,any,hmc_in,0,unsupervised,state-markov,ignorable fit,3,0.427176,-2.2612|0.7053,-11312,0.122501,0.187249,5239,01,True,0.0672098,491,0.199663,4748,0.93279,0.986551,0.125387,0.384709,0.927792,0.0639921,1|3|2|5|1|3|2|0|4|470,0.521981|1.75616|1.22191|3.35613|0.722819|2.29519|1.6149|0|3.70854|469.199,0|1|2|4|0|3|2|0|3|443,0.0754|0.9246,0.0816|0.9184,0.065886|0.12023,0.046061|0.089291,0.34697|0.3466,0.065886|0.12023,0.046061|0.089291,0.34697|0.3466,-2722.2990|-2509.1533,state-markov,1,848,0.01853|0.1662|0.1181,0.01791|0.1263|0.07417,0.05128|0.3666|0.4464,
controlled,108,2,any,hmc_in,,oracle,ignorable,,,,,-10427.4,0.104769,0.104409,5239,01,True,0.0850277,541,0.106641,4698,0.914972,0.987607,0.149744,0.815177,0.916589,0.0761108,2|5|1|1|3|2|1|4|10|512,1.05986|2.88362|0.640389|0.679522|2.141|1.53745|0.84207|3.48194|9.21589|511.814,2|2|0|0|1|1|0|2|3|484,0.0573|0.9427,0.1301|0.8699,,,,,,,,state-markov,2,901,0.01853|0.1662|0.1181,0.01791|0.1263|0.07417,0.05128|0.3666|0.4464,
controlled,108,2,any,hmc_in,,oracle,state,,,,,-13356.5,0.133935,0.0960107,5239,01,True,0.0591497,541,0.100255,4698,0.94085,0.990548,0.0993829,0.449972,0.943883,0.0518617,3|1|0|5|0|2|0|6|2|522,1.55942|0.56639|0|3.34226|0|1.5569|0|5.25522|1.85778|521.749,1|0|0|0|0|2|0|4|2|500,0.0573|0.9427,0.0996|0.9004,0.014772|0.16271,,,,,,,state-markov,2,901,0.01853|0.1662|0.1181,0.01791|0.1263|0.07417,0.05128|0.3666|0.4464,
controlled,108,2,any,hmc_in,,oracle,state-markov,,,,,-13067.9,0.123671,0.0963924,5239,01,True,0.0609982,541,0.100468,4698,0.939002,0.991118,0.115212,0.57551,0.935854,0.0618098,1|1|1|3|2|3|3|4|1|522,0.547021|0.589842|0.645998|2.05572|1.43767|2.32917|2.53354|3.45926|0.909361|521.687,0|0|1|3|2|3|1|2|1|495,0.0573|0.9427,0.1078|0.8922,0.014835|0.16293,0.013055|0.12222,0.13305|0.37208,,,,,state-markov,2,901,0.01853|0.1662|0.1181,0.01791|0.1263|0.07417,0.05128|0.3666|0.4464,
controlled,108,2,any,hmc_in,0,unsupervised,ignorable,start,19,2.87348,-2.2804|0.6774,-8744.46,0.133711,0.190876,5239,01,True,0.0665434,541,0.205194,4698,0.933457,0.984028,0.122305,0.340764,0.92777,0.0572365,4|2|3|6|2|0|2|2|4|516,2.07685|1.12034|1.86828|4.0483|1.45777|0|1.66332|1.73346|3.70512|514.686,3|2|1|4|1|0|1|1|1|491,0.0573|0.9427,0.0948|0.9052,,,,,,,-2834.6664|-2548.0103,state-markov,2,901,0.01853|0.1662|0.1181,0.01791|0.1263|0.07417,0.05128|0.3666|0.4464,
controlled,108,2,any,hmc_in,0,unsupervised,state,start,19,2.50339,-2.2793|0.6790,-11540.8,0.122198,0.190113,5239,01,True,0.0665434,541,0.204342,4698,0.933457,0.987188,0.112046,0.291123,0.934748,0.0560171,2|1|2|3|5|3|3|4|2|516,1.06179|0.557405|1.21583|2.05738|3.64786|2.3219|2.46265|3.51057|1.82445|515.409,0|1|1|2|2|0|1|2|2|494,0.0573|0.9427,0.0823|0.9177,0.060589|0.13115,,,0.060589|0.13115,,,-2834.6664|-2548.0103,state-markov,2,901,0.01853|0.1662|0.1181,0.01791|0.1263|0.07417,0.05128|0.3666|0.4464,
controlled,108,2,any,hmc_in,0,unsupervised,state-markov,start,19,2.55437,-2.2800|0.6780,-11271.7,0.124477,0.190494,5239,01,True,0.064695,541,0.204981,4698,0.935305,0.986364,0.118266,0.313782,0.931302,0.0580169,4|1|2|4|2|0|6|3|1|518,2.11965|0.561602|1.24985|2.69556|1.43661|0|4.94009|2.61566|0.901119|517.103,3|1|1|2|2|0|2|2|0|493,0.0573|0.9427,0.0875|0.9125,0.063363|0.13029,0.046822|0.088496,0.30788|0.40925,0.063363|0.13029,0.046822|0.088496,0.30788|0.40925,-2834.6664|-2548.0103,state-markov,2,901,0.01853|0.1662|0.1181,0.01791|0.1263|0.07417,0.05128|0.3666|0.4464,
controlled,108,2,any,hmc_in,0,unsupervised,state,ignorable fit,4,0.577013,-2.2837|0.6731,-11540.1,0.143605,0.191067,5239,01,True,0.0665434,541,0.205407,4698,0.933457,0.98735,0.112239,0.29092,0.934686,0.0550111,0|3|2|4|4|3|4|2|4|515,0|1.70267|1.21222|2.75819|2.93252|2.32185|3.32113|1.75445|3.69765|514.456,0|1|1|2|2|0|1|1|4|493,0.0573|0.9427,0.0817|0.9183,0.060845|0.13088,,,0.060845|0.13088,,,-2834.6664|-2548.0103,state-markov,2,901,0.01853|0.1662|0.1181,0.01791|0.1263|0.07417,0.05128|0.3666|0.4464,
controlled,108,2,any,hmc_in,0,unsupervised,state-markov,ignorable fit,3,0.376137,-2.2832|0.6738,-11271.2,0.12184,0.190876,5239,01,True,0.064695,541,0.205407,4698,0.935305,0.986304,0.118662,0.314611,0.931035,0.0612744,4|2|0|5|2|1|7|1|2|517,2.1359|1.14037|0|3.39552|1.42121|0.795688|5.80585|0.890731|1.86757|516.137,4|1|0|2|2|1|2|0|2|492,0.0573|0.9427,0.0874|0.9126,0.064499|0.12968,0.047108|0.088295,0.31675|0.40743,0.064499|0.12968,0.047108|0.088295,0.31675|0.40743,-2834.6664|-2548.0103,state-markov,2,901,0.01853|0.1662|0.1181,0.01791|0.1263|0.07417,0.05128|0.3666|0.4464,
controlled,108,2,any,hmc_in,,oracle,ignorable,,,,,-10392.7,0.0955354,0.107654,5239,01,True,0.0734266,572,0.111849,4667,0.926573,0.983157,0.125203,0.510236,0.925856,0.0598664,3|2|6|3|7|2|3|3|8|535,1.53519|1.13666|3.77946|2.02347|5.12562|1.52586|2.46192|2.6591|7.40532|534.713,2|0|1|2|5|2|2|2|6|508,0.0717|0.9283,0.1281|0.8719,,,,,,,,state-markov,3,897,0.01853|0.1662|0.1181,0.01791|0.1263|0.07417,0.05128|0.3666|0.4464,
controlled,108,2,any,hmc_in,,oracle,state,,,,,-13283.4,0.132083,0.0992556,5239,01,True,0.0437063,572,0.106064,4667,0.956294,0.993557,0.0764261,0.298932,0.957016,0.0422647,0|1|3|2|0|1|1|5|3|556,0|0.598997|1.90649|1.32278|0|0.79819|0.803413|4.44868|2.75768|555.678,0|0|0|2|0|1|0|5|0|539,0.0717|0.9283,0.0949|0.9051,0.01952|0.16941,,,,,,,state-markov,3,897,0.01853|0.1662|0.1181,0.01791|0.1263|0.07417,0.05128|0.3666|0.4464,
controlled,108,2,any,hmc_in,,oracle,state-markov,,,,,-13100.4,0.133085,0.0996373,5239,01,True,0.0437063,572,0.106492,4667,0.956294,0.99413,0.0779271,0.307041,0.956397,0.0404103,0|0|1|2|1|3|0|5|6|554,0|0|0.649027|1.36264|0.739472|2.26373|0|4.32045|5.55726|553.75,0|0|0|0|0|3|0|4|3|537,0.0717|0.9283,0.0961|0.9039,0.019671|0.16921,0.019408|0.12839,0.032784|0.36962,,,,,state-markov,3,897,0.01853|0.1662|0.1181,0.01791|0.1263|0.07417,0.05128|0.3666|0.4464,
controlled,108,2,any,hmc_in,0,unsupervised,ignorable,start,17,2.09647,-2.2344|0.7189,-8755.87,0.112466,0.190494,5239,01,True,0.0751748,572,0.204628,4667,0.924825,0.986969,0.142058,0.385035,0.919963,0.0723014,5|2|1|2|3|2|1|0|6|550,2.59104|1.11692|0.618772|1.36254|2.16391|1.54276|0.844222|0|5.55816|548.748,4|2|0|1|1|2|1|0|0|518,0.0717|0.9283,0.0889|0.9111,,,,,,,-2826.3105|-2564.6953,state-markov,3,897,0.01853|0.1662|0.1181,0.01791|0.1263|0.07417,0.05128|0.3666|0.4464,
controlled,108,2,any,hmc_in,0,unsupervised,state,start,17,2.20871,-2.2321|0.7205,-11544.7,0.0929076,0.188395,5239,01,True,0.0629371,572,0.203771,4667,0.937063,0.989554,0.120004,0.344795,0.932271,0.0599977,0|2|2|5|4|0|3|3|3|550,0|1.15297|1.27972|3.44145|2.89569|0|2.51601|2.63849|2.80932|549.291,0|1|1|4|4|0|3|1|2|520,0.0717|0.9283,0.0752|0.9248,0.062199|0.13146,,,0.062199|0.13146,,,-2826.3105|-2564.6953,state-markov,3,897,0.01853|0.1662|0.1181,0.01791|0.1263|0.07417,0.05128|0.3666|0.4464,
controlled,108,2,any,hmc_in,0,unsupervised,state-markov,start,17,2.19893,-2.2321|0.7212,-11297.2,0.103614,0.190494,5239,01,True,0.0751748,572,0.204628,4667,0.924825,0.988627,0.135957,0.379228,0.923655,0.0667403,0|3|4|3|1|1|2|7|2|549,0|1.73004|2.51494|2.03842|0.713649|0.788138|1.65788|6.06721|1.88796|548.097,0|1|2|2|1|1|2|1|1|518,0.0717|0.9283,0.0839|0.9161,0.068389|0.12886,0.046077|0.092023,0.37232|0.37787,0.068389|0.12886,0.046077|0.092023,0.37232|0.37787,-2826.3105|-2564.6953,state-markov,3,897,0.01853|0.1662|0.1181,0.01791|0.1263|0.07417,0.05128|0.3666|0.4464,
controlled,108,2,any,hmc_in,0,unsupervised,state,ignorable fit,4,0.466979,-2.2402|0.7111,-11543.3,0.115022,0.188586,5239,01,True,0.0629371,572,0.203985,4667,0.937063,0.990103,0.118558,0.342047,0.933252,0.059417,1|1|0|5|1|5|2|4|2|551,0.546833|0.571393|0|3.39399|0.730519|3.87428|1.6403|3.48763|1.85523|550.239,0|1|0|3|1|5|1|3|1|521,0.0717|0.9283,0.0741|0.9259,0.062244|0.13116,,,0.062244|0.13116,,,-2826.3105|-2564.6953,state-markov,3,897,0.01853|0.1662|0.1181,0.01791|0.1263|0.07417,0.05128|0.3666|0.4464,
controlled,108,2,any,hmc_in,0,unsupervised,state-markov,ignorable fit,3,0.375963,-2.2382|0.7142,-11296.2,0.09815,0.190494,5239,01,True,0.0751748,572,0.204628,4667,0.924825,0.988263,0.134456,0.375843,0.924152,0.0660293,0|3|4|3|1|1|7|2|1|550,0|1.71769|2.52009|2.03703|0.718903|0.792335|5.78447|1.74758|0.941069|549.027,0|1|2|2|1|1|1|2|0|519,0.0717|0.9283,0.0833|0.9167,0.068869|0.12847,0.046292|0.091771,0.37412|0.37743,0.068869|0.12847,0.046292|0.091771,0.37412|0.37743,-2826.3105|-2564.6953,state-markov,3,897,0.01853|0.1662|0.1181,0.01791|0.1263|0.07417,0.05128|0.3666|0.4464,
controlled,108,2,any,hmc_in,,oracle,ignorable,,,,,-10497,0.118782,0.105936,5239,01,True,0.0638298,517,0.110546,4722,0.93617,0.98161,0.111378,0.531218,0.932249,0.0520415,6|2|3|4|6|2|3|3|4|484,3.17426|1.11901|1.92779|2.65228|4.36635|1.52897|2.45371|2.66252|3.73781|483.87,4|0|2|2|4|2|2|3|2|463,0.0735|0.9265,0.1201|0.8799,,,,,,,,state-markov,4,840,0.01853|0.1662|0.1181,0.01791|0.1263|0.07417,0.05128|0.3666|0.4464,
controlled,108,2,any,hmc_in,,oracle,state,,,,,-13268.1,0.13528,0.102691,5239,01,True,0.0444874,517,0.109064,4722,0.955513,0.994802,0.0890115,0.389929,0.951543,0.0475641,0|2|0|1|0|1|0|5|5|503,0|1.10125|0|0.698174|0|0.784148|0|4.43525|4.6263|502.667,0|2|0|1|0|0|0|5|5|481,0.0735|0.9265,0.0983|0.9017,0.018093|0.15282,,,,,,,state-markov,4,840,0.01853|0.1662|0.1181,0.01791|0.1263|0.07417,0.05128|0.3666|0.4464,
controlled,108,2,any,hmc_in,,oracle,state-markov,,,,,-13020.5,0.0701564,0.102882,5239,01,True,0.0483559,517,0.108852,4722,0.951644,0.993976,0.0898994,0.412874,0.950434,0.0476296,0|2|0|0|2|0|1|6|5|501,0|1.11185|0|0|1.45175|0|0.817536|5.16317|4.64991|500.692,0|0|0|0|1|0|1|6|5|479,0.0735|0.9265,0.0997|0.9003,0.018242|0.15295,0.017442|0.11068,0.061298|0.38704,,,,,state-markov,4,840,0.01853|0.1662|0.1181,0.01791|0.1263|0.07417,0.05128|0.3666|0.4464,
controlled,108,2,any,hmc_in,0,unsupervised,ignorable,start,16,2.10192,-2.2375|0.7317,-8801.33,0.101787,0.188586,5239,01,True,0.0541586,517,0.203304,4722,0.945841,0.988261,0.0954054,0.280833,0.943954,0.0467499,3|3|1|2|2|0|0|2|4|500,1.55781|1.76063|0.646883|1.35957|1.44465|0|0|1.75411|3.68186|498.725,1|1|0|1|2|0|0|2|4|478,0.0735|0.9265,0.0786|0.9214,,,,,,,-2705.0217|-2417.1424,state-markov,4,840,0.01853|0.1662|0.1181,0.01791|0.1263|0.07417,0.05128|0.3666|0.4464,
controlled,108,2,any,hmc_in,0,unsupervised,state,start,15,1.97485,-2.2345|0.7352,-11468.6,0.117792,0.187822,5239,01,True,0.0483559,517,0.203092,4722,0.951644,0.99212,0.0899485,0.270393,0.949184,0.0448299,1|1|1|3|1|0|2|3|3|502,0.522558|0.586746|0.612191|2.04535|0.710932|0|1.67546|2.65563|2.78988|501.327,0|1|1|2|0|0|2|2|2|482,0.0735|0.9265,0.0716|0.9284,0.05767|0.12347,,,0.05767|0.12347,,,-2705.0217|-2417.1424,state-markov,4,840,0.01853|0.1662|0.1181,0.01791|0.1263|0.07417,0.05128|0.3666|0.4464,
controlled,108,2,any,hmc_in,0,unsupervised,state-markov,start,15,1.91105,-2.2348|0.7349,-11193.4,0.125277,0.188013,5239,01,True,0.0502901,517,0.203092,4722,0.94971,0.990293,0.0923672,0.280623,0.946737,0.0449254,3|1|0|2|2|1|3|0|4|501,1.5633|0.591099|0|1.37936|1.45471|0.774709|2.51176|0|3.72251|499.984,1|1|0|1|1|1|3|0|3|480,0.0735|0.9265,0.0740|0.9260,0.060175|0.12243,0.039379|0.084783,0.38498|0.39231,0.060175|0.12243,0.039379|0.084783,0.38498|0.39231,-2705.0217|-2417.1424,state-markov,4,840,0.01853|0.1662|0.1181,0.01791|0.1263|0.07417,0.05128|0.3666|0.4464,
controlled,108,2,any,hmc_in,0,unsupervised,state,ignorable fit,3,0.404494,-2.2410|0.7276,-11467.6,0.0643444,0.188013,5239,01,True,0.0464217,517,0.203515,4722,0.953578,0.992019,0.0892337,0.268231,0.949501,0.0436769,1|0|2|3|1|0|3|3|1|503,0.500986|0|1.20753|2.03948|0.710655|0|2.52359|2.64527|0.937891|502.308,1|0|2|2|0|0|2|2|1|483,0.0735|0.9265,0.0712|0.9288,0.058699|0.12282,,,0.058699|0.12282,,,-2705.0217|-2417.1424,state-markov,4,840,0.01853|0.1662|0.1181,0.01791|0.1263|0.07417,0.05128|0.3666|0.4464,
controlled,108,2,any,hmc_in,0,unsupervised,state-markov,ignorable fit,3,0.393357,-2.2410|0.7276,-11192.4,0.0728999,0.188204,5239,01,True,0.0464217,517,0.203727,4722,0.953578,0.99041,0.0917413,0.277791,0.947122,0.0475548,3|0|1|2|1|2|3|0|5|500,1.55436|0|0.607638|1.37603|0.716001|1.54619|2.51988|0|4.67469|499.047,3|0|1|1|0|2|3|0|3|480,0.0735|0.9265,0.0735|0.9265,0.060647|0.12204,0.039601|0.084524,0.38662|0.39192,0.060647|0.12204,0.039601|0.084524,0.38662|0.39192,-2705.0217|-2417.1424,state-markov,4,840,0.01853|0.1662|0.1181,0.01791|0.1263|0.07417,0.05128|0.3666|0.4464,
controlled,108,3,ge10,hmc_in,,oracle,ignorable,,,,,-10569.1,0.14964,0.117007,5239,012,True,0.0689655,29,0.117274,5210,0.931034,0.992046,0.139859,1.24812,0.92308,0.0764877,0|0|0|0|0|0|0|1|1|27,0|0|0|0|0|0|0|0.850671|0.924919|26.9937,0|0|0|0|0|0|0|1|1|25,0.1379|0.5172|0.3448,0.1379|0.5438|0.3183,,,,,,,,state,0,90,0.0019|0.008289|0.00831|0.02431,0.001428|0.007866|0.00838|0.01966,0.25|0.05882|0|0.2113,
controlled,108,3,ge10,hmc_in,,oracle,state,,,,,-11099.2,0.132174,0.116816,5239,012,True,0.0689655,29,0.117083,5210,0.931034,0.99135,0.140193,1.20383,0.922385,0.0771166,0|0|0|0|0|0|0|1|1|27,0|0|0|0|0|0|0|0.838792|0.917595|26.9928,0|0|0|0|0|0|0|1|1|25,0.1379|0.5172|0.3448,0.1379|0.5431|0.3190,0.0019046|0.0073153|0.0092353,,,,,,,state,0,90,0.0019|0.008289|0.00831|0.02431,0.001428|0.007866|0.00838|0.01966,0.25|0.05882|0|0.2113,
controlled,108,3,ge10,hmc_in,,oracle,state-markov,,,,,-11096.3,0.148159,0.116816,5239,012,True,0.0689655,29,0.117083,5210,0.931034,0.992223,0.139769,1.18545,0.923258,0.0763115,0|0|0|0|0|0|0|1|1|27,0|0|0|0|0|0|0|0.854375|0.926345|26.9938,0|0|0|0|0|0|0|1|1|25,0.1379|0.5172|0.3448,0.1379|0.5439|0.3181,0.0019236|0.0073379|0.009119,0.001908|0.007369|0.0083977,0.01|0.003125|0.0875,,,,,state,0,90,0.0019|0.008289|0.00831|0.02431,0.001428|0.007866|0.00838|0.01966,0.25|0.05882|0|0.2113,
controlled,108,3,ge10,pmc_pair,,oracle,ignorable,,,,,-5672.63,0.306018,0.115671,5239,012,True,0.0689655,29,0.115931,5210,0.931034,0.957853,0.107799,0.530418,0.919049,0.0425621,0|0|0|2|0|0|0|1|1|25,0|0|0|1.09725|0|0|0|0.853394|0.918323|24.9088,0|0|0|1|0|0|0|1|1|24,0.1379|0.5172|0.3448,0.1708|0.4750|0.3542,,,,,,,,state,0,90,0.0019|0.008289|0.00831|0.02431,0.001428|0.007866|0.00838|0.01966,0.25|0.05882|0|0.2113,
controlled,108,3,ge10,pmc_pair,,oracle,state,,,,,-6210.37,0.331552,0.11548,5239,012,True,0.0689655,29,0.115739,5210,0.931034,0.952684,0.110949,0.447743,0.913125,0.0792455,0|0|1|1|0|0|0|1|2|24,0|0|0.506326|0.586771|0|0|0|0.833795|1.82474|23.8762,0|0|1|0|0|0|0|1|2|23,0.1379|0.5172|0.3448,0.1666|0.4765|0.3570,0.0019046|0.0073153|0.0092353,,,,,,,state,0,90,0.0019|0.008289|0.00831|0.02431,0.001428|0.007866|0.00838|0.01966,0.25|0.05882|0|0.2113,
controlled,108,3,ge10,pmc_pair,,oracle,state-markov,,,,,-6207.36,0.299481,0.114144,5239,012,True,0.0689655,29,0.114395,5210,0.931034,0.954606,0.107495,0.423782,0.916335,0.0453696,0|0|0|2|0|0|0|1|2|24,0|0|0|1.09475|0|0|0|0.85509|1.82884|23.9049,0|0|0|1|0|0|0|1|2|23,0.1379|0.5172|0.3448,0.1673|0.4792|0.3535,0.0019236|0.0073379|0.009119,0.001908|0.007369|0.0083977,0.01|0.003125|0.0875,,,,,state,0,90,0.0019|0.008289|0.00831|0.02431,0.001428|0.007866|0.00838|0.01966,0.25|0.05882|0|0.2113,
controlled,108,3,ge10,hmc_in,0,unsupervised,ignorable,start,17,2.31642,-2.3549|-0.5382|1.2866,-7647.67,0.107676,0.436534,5239,021,False,0.448276,29,0.436468,5210,0.551724,0.997609,0.89093,3.20355,0.552162,0.445885,0|0|0|0|0|0|0|0|0|29,0|0|0|0|0|0|0|0|0|28.9307,0|0|0|0|0|0|0|0|0|16,0.1379|0.5172|0.3448,0.1031|0.8270|0.0699,,,,,,,-495.1489|-492.4436,state,0,90,0.0019|0.008289|0.00831|0.02431,0.001428|0.007866|0.00838|0.01966,0.25|0.05882|0|0.2113,
controlled,108,3,ge10,hmc_in,0,unsupervised,state,start,16,2.19985,-2.3536|-0.5302|1.2886,-8143.04,0.126833,0.436534,5239,021,False,0.448276,29,0.436468,5210,0.551724,0.997693,0.890976,3.24947,0.552223,0.445969,0|0|0|0|0|0|0|0|0|29,0|0|0|0|0|0|0|0|0|28.9331,0|0|0|0|0|0|0|0|0|16,0.1379|0.5172|0.3448,0.1031|0.8271|0.0698,0.01022|0.010394|0.011897,,,0.01022|0.010394|0.011897,,,-495.1489|-492.4436,state,0,90,0.0019|0.008289|0.00831|0.02431,0.001428|0.007866|0.00838|0.01966,0.25|0.05882|0|0.2113,
controlled,108,3,ge10,hmc_in,0,unsupervised,state-markov,start,16,2.2366,-2.3536|-0.5304|1.2885,-8139.33,0.0910125,0.436534,5239,021,False,0.448276,29,0.436468,5210,0.551724,0.99788,0.891715,3.289,0.552038,0.446155,0|0|0|0|0|0|0|0|0|29,0|0|0|0|0|0|0|0|0|28.9385,0|0|0|0|0|0|0|0|0|16,0.1379|0.5172|0.3448,0.1033|0.8272|0.0696,0.010225|0.010394|0.011914,0.0093384|0.010079|0.011774,0.096059|0.040344|0.023503,0.010225|0.010394|0.011914,0.0093384|0.010079|0.011774,0.096059|0.040344|0.023503,-495.1489|-492.4436,state,0,90,0.0019|0.008289|0.00831|0.02431,0.001428|0.007866|0.00838|0.01966,0.25|0.05882|0|0.2113,
controlled,108,3,ge10,hmc_in,0,unsupervised,state,ignorable fit,2,0.26493,-2.3559|-0.5436|1.2853,-8142.38,0.1247,0.436343,5239,021,False,0.448276,29,0.436276,5210,0.551724,0.997647,0.890791,3.23999,0.552271,0.445923,0|0|0|0|0|0|0|0|0|29,0|0|0|0|0|0|0|0|0|28.9318,0|0|0|0|0|0|0|0|0|16,0.1379|0.5172|0.3448,0.1031|0.8272|0.0697,0.010222|0.01047|0.01184,,,0.010222|0.01047|0.01184,,,-495.1489|-492.4436,state,0,90,0.0019|0.008289|0.00831|0.02431,0.001428|0.007866|0.00838|0.01966,0.25|0.05882|0|0.2113,
controlled,108,3,ge10,hmc_in,0,unsupervised,state-markov,ignorable fit,3,0.414763,-2.3566|-0.5476|1.2844,-8138.55,0.132683,0.436534,5239,021,False,0.448276,29,0.436468,5210,0.551724,0.997835,0.891514,3.28039,0.552096,0.446111,0|0|0|0|0|0|0|0|0|29,0|0|0|0|0|0|0|0|0|28.9372,0|0|0|0|0|0|0|0|0|16,0.1379|0.5172|0.3448,0.1032|0.8273|0.0695,0.010207|0.010436|0.011889,0.0093125|0.010121|0.01175,0.096941|0.040313|0.023428,0.010207|0.010436|0.011889,0.0093125|0.010121|0.01175,0.096941|0.040313|0.023428,-495.1489|-492.4436,state,0,90,0.0019|0.008289|0.00831|0.02431,0.001428|0.007866|0.00838|0.01966,0.25|0.05882|0|0.2113,
controlled,108,3,ge10,hmc_in,,oracle,ignorable,,,,,-10538.2,0.102145,0.117961,5239,012,True,0.181818,33,0.117557,5206,0.818182,0.968375,0.267734,1.24822,0.845362,0.150193,0|0|1|0|1|0|0|0|3|28,0|0|0.529683|0|0.652961|0|0|0|2.774|27.9997,0|0|0|0|0|0|0|0|1|26,0.1515|0.4242|0.4242,0.1877|0.4446|0.3677,,,,,,,,state,1,113,0.0019|0.008289|0.00831|0.02431,0.001428|0.007866|0.00838|0.01966,0.25|0.05882|0|0.2113,
controlled,108,3,ge10,hmc_in,,oracle,state,,,,,-11197.5,0.094095,0.117389,5239,012,True,0.121212,33,0.117365,5206,0.878788,0.967361,0.224734,1.18246,0.86463,0.117621,0|0|0|0|1|2|0|0|1|29,0|0|0|0|0.602792|1.43898|0|0|0.917917|28.9632,0|0|0|0|1|1|0|0|1|26,0.1515|0.4242|0.4242,0.1647|0.4613|0.3740,0.0023808|0.0068294|0.012928,,,,,,,state,1,113,0.0019|0.008289|0.00831|0.02431,0.001428|0.007866|0.00838|0.01966,0.25|0.05882|0|0.2113,
controlled,108,3,ge10,hmc_in,,oracle,state-markov,,,,,-11198.1,0.112599,0.117389,5239,012,True,0.121212,33,0.117365,5206,0.878788,0.967341,0.224383,1.18223,0.864786,0.117533,0|0|0|0|1|2|0|0|1|29,0|0|0|0|0.604175|1.43688|0|0|0.917663|28.9635,0|0|0|0|1|1|0|0|1|26,0.1515|0.4242|0.4242,0.1645|0.4614|0.3741,0.0023894|0.0068392|0.012946,0.0023864|0.0068763|0.013097,0.003655|0.001462|0.001462,,,,,state,1,113,0.0019|0.008289|0.00831|0.02431,0.001428|0.007866|0.00838|0.01966,0.25|0.05882|0|0.2113,
controlled,108,3,ge10,pmc_pair,,oracle,ignorable,,,,,-5632.86,0.308001,0.129987,5239,012,True,0.181818,33,0.129658,5206,0.818182,0.95592,0.237594,0.402704,0.849246,0.137739,0|0|0|1|0|2|1|0|0|29,0|0|0|0.563334|0|1.38384|0.795898|0|0|28.8023,0|0|0|0|0|0|0|0|0|27,0.1515|0.4242|0.4242,0.2220|0.3333|0.4447,,,,,,,,state,1,113,0.0019|0.008289|0.00831|0.02431,0.001428|0.007866|0.00838|0.01966,0.25|0.05882|0|0.2113,
controlled,108,3,ge10,pmc_pair,,oracle,state,,,,,-6294.51,0.330605,0.110136,5239,012,True,0.121212,33,0.110065,5206,0.878788,0.939845,0.18782,0.333681,0.865139,0.129229,0|1|0|1|1|0|1|1|2|26,0|0.459949|0|0.592663|0.61131|0|0.762913|0.813782|1.82255|25.9517,0|1|0|1|0|0|0|0|2|25,0.1515|0.4242|0.4242,0.1931|0.3453|0.4616,0.0023808|0.0068294|0.012928,,,,,,,state,1,113,0.0019|0.008289|0.00831|0.02431,0.001428|0.007866|0.00838|0.01966,0.25|0.05882|0|0.2113,
controlled,108,3,ge10,pmc_pair,,oracle,state-markov,,,,,-6295.05,0.319236,0.110136,5239,012,True,0.121212,33,0.110065,5206,0.878788,0.939865,0.187255,0.333233,0.865327,0.128928,0|1|0|1|1|0|1|1|2|26,0|0.461904|0|0.597532|0.612162|0|0.756657|0.814211|1.82102|25.9521,0|1|0|1|0|0|0|0|2|25,0.1515|0.4242|0.4242,0.1926|0.3455|0.4619,0.0023894|0.0068392|0.012946,0.0023864|0.0068763|0.013097,0.003655|0.001462|0.001462,,,,,state,1,113,0.0019|0.008289|0.00831|0.02431,0.001428|0.007866|0.00838|0.01966,0.25|0.05882|0|0.2113,
controlled,108,3,ge10,hmc_in,0,unsupervised,ignorable,start,17,2.35362,-2.3530|-0.5247|1.2898,-7610.49,0.0935,0.436343,5239,021,False,0.575758,33,0.435459,5206,0.424242,0.963727,1.10167,3.67803,0.424023,0.539485,0|0|0|0|2|1|0|0|0|30,0|0|0|0|1.26657|0.691779|0|0|0|29.8446,0|0|0|0|1|0|0|0|0|13,0.1515|0.4242|0.4242,0.0215|0.7397|0.2388,,,,,,,-595.8101|-595.7528,state,1,113,0.0019|0.008289|0.00831|0.02431,0.001428|0.007866|0.00838|0.01966,0.25|0.05882|0|0.2113,
controlled,108,3,ge10,hmc_in,0,unsupervised,state,start,17,2.44344,-2.3533|-0.5269|1.2893,-8204.87,0.132081,0.436152,5239,021,False,0.575758,33,0.435267,5206,0.424242,0.969721,1.10825,3.59442,0.423173,0.545479,0|0|0|0|0|2|1|0|0|30,0|0|0|0|0|1.39614|0.744495|0|0|29.8602,0|0|0|0|0|1|0|0|0|13,0.1515|0.4242|0.4242,0.0179|0.7363|0.2458,0.01339|0.017265|0.011913,,,0.01339|0.017265|0.011913,,,-595.8101|-595.7528,state,1,113,0.0019|0.008289|0.00831|0.02431,0.001428|0.007866|0.00838|0.01966,0.25|0.05882|0|0.2113,
controlled,108,3,ge10,hmc_in,0,unsupervised,state-markov,start,17,2.52282,-2.3534|-0.5271|1.2892,-8204.28,0.121286,0.436152,5239,021,False,0.575758,33,0.435267,5206,0.424242,0.970264,1.10888,3.59213,0.423096,0.546022,0|0|0|0|0|2|1|0|0|30,0|0|0|0|0|1.40832|0.750062|0|0|29.8603,0|0|0|0|0|1|0|0|0|13,0.1515|0.4242|0.4242,0.0176|0.7360|0.2464,0.013599|0.017057|0.011906,0.013346|0.017335|0.011782,0.031934|0.0010623|0.022215,0.013599|0.017057|0.011906,0.013346|0.017335|0.011782,0.031934|0.0010623|0.022215,-595.8101|-595.7528,state,1,113,0.0019|0.008289|0.00831|0.02431,0.001428|0.007866|0.00838|0.01966,0.25|0.05882|0|0.2113,
controlled,108,3,ge10,hmc_in,0,unsupervised,state,ignorable fit,3,0.440806,-2.3553|-0.5368|1.2871,-8204.29,0.126965,0.436343,5239,021,False,0.575758,33,0.435459,5206,0.424242,0.969826,1.10807,3.59309,0.423319,0.545584,0|0|0|0|0|2|1|0|0|30,0|0|0|0|0|1.38985|0.75477|0|0|29.8596,0|0|0|0|0|1|0|0|0|13,0.1515|0.4242|0.4242,0.0173|0.7369|0.2458,0.013399|0.017261|0.011916,,,0.013399|0.017261|0.011916,,,-595.8101|-595.7528,state,1,113,0.0019|0.008289|0.00831|0.02431,0.001428|0.007866|0.00838|0.01966,0.25|0.05882|0|0.2113,
controlled,108,3,ge10,hmc_in,0,unsupervised,state-markov,ignorable fit,3,0.413376,-2.3554|-0.5369|1.2871,-8203.81,0.143061,0.436343,5239,021,False,0.575758,33,0.435459,5206,0.424242,0.970389,1.10872,3.5904,0.423242,0.546147,0|0|0|0|0|2|1|0|0|30,0|0|0|0|0|1.40249|0.760245|0|0|29.8601,0|0|0|0|0|1|0|0|0|13,0.1515|0.4242|0.4242,0.0169|0.7366|0.2464,0.013484|0.017175|0.011908,0.013301|0.017379|0.011785,0.026916|0.0054691|0.022101,0.013484|0.017175|0.011908,0.013301|0.017379|0.011785,0.026916|0.0054691|0.022101,-595.8101|-595.7528,state,1,113,0.0019|0.008289|0.00831|0.02431,0.001428|0.007866|0.00838|0.01966,0.25|0.05882|0|0.2113,
controlled,108,3,ge10,hmc_in,,oracle,ignorable,,,,,-10558,0.102523,0.117198,5239,012,True,0.16,25,0.116993,5214,0.84,0.98005,0.281068,1.46121,0.843038,0.156488,0|0|0|0|0|0|1|1|1|22,0|0|0|0|0|0|0.794521|0.808772|0.903848|21.9941,0|0|0|0|0|0|1|0|0|20,0.1200|0.5600|0.3200,0.2687|0.4030|0.3282,,,,,,,,state,2,94,0.0019|0.008289|0.00831|0.02431,0.001428|0.007866|0.00838|0.01966,0.25|0.05882|0|0.2113,
controlled,108,3,ge10,hmc_in,,oracle,state,,,,,-11127.9,0.126132,0.116434,5239,012,True,0.08,25,0.116609,5214,0.92,0.967293,0.178859,1.20668,0.887293,0.112599,0|0|0|0|1|0|2|0|0|22,0|0|0|0|0.633183|0|1.55049|0|0|21.9986,0|0|0|0|1|0|2|0|0|20,0.1200|0.5600|0.3200,0.2241|0.4473|0.3286,0.00143|0.0068283|0.0073908,,,,,,,state,2,94,0.0019|0.008289|0.00831|0.02431,0.001428|0.007866|0.00838|0.01966,0.25|0.05882|0|0.2113,
controlled,108,3,ge10,hmc_in,,oracle,state-markov,,,,,-11129.8,0.0928417,0.116434,5239,012,True,0.08,25,0.116609,5214,0.92,0.977036,0.170046,1.20127,0.897036,0.102847,0|0|0|0|0|0|2|0|1|22,0|0|0|0|0|0|1.51474|0|0.91263|21.9985,0|0|0|0|0|0|2|0|1|20,0.1200|0.5600|0.3200,0.2137|0.4570|0.3293,0.0014357|0.0068017|0.0074036,0.001432|0.0063845|0.0074457,0.0039474|0.067719|0.0017544,,,,,state,2,94,0.0019|0.008289|0.00831|0.02431,0.001428|0.007866|0.00838|0.01966,0.25|0.05882|0|0.2113,
controlled,108,3,ge10,pmc_pair,,oracle,ignorable,,,,,-5627.41,0.266778,0.115098,5239,012,True,0.2,25,0.114691,5214,0.8,0.92915,0.376422,0.902995,0.766603,0.198562,0|0|0|2|1|0|2|0|0|20,0|0|0|1.13607|0.601017|0|1.53133|0|0|19.9603,0|0|0|1|1|0|2|0|0|16,0.1200|0.5600|0.3200,0.1906|0.3272|0.4822,,,,,,,,state,2,94,0.0019|0.008289|0.00831|0.02431,0.001428|0.007866|0.00838|0.01966,0.25|0.05882|0|0.2113,
controlled,108,3,ge10,pmc_pair,,oracle,state,,,,,-6198.89,0.301333,0.114907,5239,012,True,0.16,25,0.114691,5214,0.84,0.945696,0.350618,0.811378,0.788779,0.208181,0|0|0|2|0|1|0|1|0|21,0|0|0|1.15026|0|0.731022|0|0.837662|0|20.9235,0|0|0|2|0|1|0|1|0|17,0.1200|0.5600|0.3200,0.1660|0.3498|0.4842,0.00143|0.0068283|0.0073908,,,,,,,state,2,94,0.0019|0.008289|0.00831|0.02431,0.001428|0.007866|0.00838|0.01966,0.25|0.05882|0|0.2113,
controlled,108,3,ge10,pmc_pair,,oracle,state-markov,,,,,-6199.81,0.329327,0.115862,5239,012,True,0.16,25,0.11565,5214,0.84,0.942636,0.358698,0.852795,0.78513,0.213481,0|0|1|1|0|1|0|1|0|21,0|0|0.533233|0.540475|0|0.694883|0|0.845847|0|20.9515,0|0|1|1|0|1|0|1|0|17,0.1200|0.5600|0.3200,0.1656|0.3460|0.4884,0.0014357|0.0068017|0.0074036,0.001432|0.0063845|0.0074457,0.0039474|0.067719|0.0017544,,,,,state,2,94,0.0019|0.008289|0.00831|0.02431,0.001428|0.007866|0.00838|0.01966,0.25|0.05882|0|0.2113,
controlled,108,3,ge10,hmc_in,0,unsupervised,ignorable,start,17,2.19571,-2.3537|-0.5414|1.2857,-7641.79,0.120271,0.437106,5239,021,False,0.6,25,0.436325,5214,0.4,0.941579,1.10503,4.12141,0.408599,0.558145,0|0|1|1|0|0|1|0|2|20,0|0|0.521265|0.556888|0|0|0.792933|0|1.82858|19.8398,0|0|0|0|0|0|1|0|1|8,0.1200|0.5600|0.3200,0.1373|0.6484|0.2143,,,,,,,-513.0447|-513.0414,state,2,94,0.0019|0.008289|0.00831|0.02431,0.001428|0.007866|0.00838|0.01966,0.25|0.05882|0|0.2113,
controlled,108,3,ge10,hmc_in,0,unsupervised,state,start,17,2.33294,-2.3538|-0.5421|1.2856,-8153.89,0.110047,0.436915,5239,021,False,0.6,25,0.436133,5214,0.4,0.944369,1.11874,4.10003,0.400781,0.565667,0|0|0|0|2|0|1|0|2|20,0|0|0|0|1.23233|0|0.733782|0|1.77295|19.8702,0|0|0|0|0|0|1|0|1|8,0.1200|0.5600|0.3200,0.1322|0.6406|0.2272,0.010602|0.014333|0.010247,,,0.010602|0.014333|0.010247,,,-513.0447|-513.0414,state,2,94,0.0019|0.008289|0.00831|0.02431,0.001428|0.007866|0.00838|0.01966,0.25|0.05882|0|0.2113,
controlled,108,3,ge10,hmc_in,0,unsupervised,state-markov,start,17,2.2046,-2.3538|-0.5423|1.2855,-8153.07,0.122356,0.436915,5239,021,False,0.6,25,0.436133,5214,0.4,0.945414,1.11947,4.29662,0.401708,0.56614,0|0|0|1|1|0|1|0|2|20,0|0|0|0.594376|0.621621|0|0.740925|0|1.78182|19.8966,0|0|0|0|0|0|1|0|1|8,0.1200|0.5600|0.3200,0.1317|0.6415|0.2268,0.010637|0.01427|0.010273,0.010744|0.01405|0.010376,0.00071338|0.029436|0.00039901,0.010637|0.01427|0.010273,0.010744|0.01405|0.010376,0.00071338|0.029436|0.00039901,-513.0447|-513.0414,state,2,94,0.0019|0.008289|0.00831|0.02431,0.001428|0.007866|0.00838|0.01966,0.25|0.05882|0|0.2113,
controlled,108,3,ge10,hmc_in,0,unsupervised,state,ignorable fit,3,0.392654,-2.3558|-0.5518|1.2836,-8153.4,0.111861,0.436915,5239,021,False,0.6,25,0.436133,5214,0.4,0.944481,1.11729,4.08421,0.401576,0.565337,0|0|0|1|1|0|1|0|2|20,0|0|0|0.599334|0.63153|0|0.739302|0|1.76913|19.8727,0|0|0|0|0|0|1|0|1|8,0.1200|0.5600|0.3200,0.1316|0.6414|0.2270,0.010646|0.014255|0.010273,,,0.010646|0.014255|0.010273,,,-513.0447|-513.0414,state,2,94,0.0019|0.008289|0.00831|0.02431,0.001428|0.007866|0.00838|0.01966,0.25|0.05882|0|0.2113,
controlled,108,3,ge10,hmc_in,0,unsupervised,state-markov,ignorable fit,3,0.432121,-2.3558|-0.5519|1.2836,-8152.6,0.124696,0.436915,5239,021,False,0.6,25,0.436133,5214,0.4,0.945436,1.11796,4.28206,0.402457,0.565748,0|0|0|1|1|0|1|0|2|20,0|0|0|0.590917|0.624072|0|0.746107|0|1.77788|19.8969,0|0|0|0|0|0|1|0|1|8,0.1200|0.5600|0.3200,0.1312|0.6423|0.2266,0.010674|0.0142|0.010297,0.010781|0.013981|0.0104,0.00074866|0.029423|0.00039765,0.010674|0.0142|0.010297,0.010781|0.013981|0.0104,0.00074866|0.029423|0.00039765,-513.0447|-513.0414,state,2,94,0.0019|0.008289|0.00831|0.02431,0.001428|0.007866|0.00838|0.01966,0.25|0.05882|0|0.2113,
controlled,108,3,ge10,hmc_in,,oracle,ignorable,,,,,-10542.7,0.11456,0.116816,5239,012,True,0,34,0.117579,5205,1,0.997293,0.000173369,0.00275136,0.997293,0.00270698,0|0|0|0|0|0|0|0|0|34,0|0|0|0|0|0|0|0|0|33.908,0|0|0|0|0|0|0|0|0|34,0.0294|0.5882|0.3824,0.0289|0.5866|0.3845,,,,,,,,state,3,110,0.0019|0.008289|0.00831|0.02431,0.001428|0.007866|0.00838|0.01966,0.25|0.05882|0|0.2113,
controlled,108,3,ge10,hmc_in,,oracle,state,,,,,-11254.5,0.100504,0.116816,5239,012,True,0,34,0.117579,5205,1,0.990654,0.0034957,0.0103814,0.990654,0.00934627,0|0|0|0|0|0|1|0|0|33,0|0|0|0|0|0|0.762642|0|0|32.9196,0|0|0|0|0|0|1|0|0|33,0.0294|0.5882|0.3824,0.0224|0.5929|0.3847,0.00048126|0.0097532|0.012005,,,,,,,state,3,110,0.0019|0.008289|0.00831|0.02431,0.001428|0.007866|0.00838|0.01966,0.25|0.05882|0|0.2113,
controlled,108,3,ge10,hmc_in,,oracle,state-markov,,,,,-11253.6,0.139794,0.116816,5239,012,True,0,34,0.117579,5205,1,0.990527,0.00361482,0.0105471,0.990527,0.00947281,0|0|0|0|0|0|1|0|0|33,0|0|0|0|0|0|0.758428|0|0|32.9195,0|0|0|0|0|0|1|0|0|33,0.0294|0.5882|0.3824,0.0223|0.5930|0.3847,0.0004851|0.0097635|0.012024,0.00048169|0.0098492|0.012151,0.0075075|0.0010725|0.0016088,,,,,state,3,110,0.0019|0.008289|0.00831|0.02431,0.001428|0.007866|0.00838|0.01966,0.25|0.05882|0|0.2113,
controlled,108,3,ge10,pmc_pair,,oracle,ignorable,,,,,-5668.15,0.277006,0.128841,5239,012,True,0.0882353,34,0.129107,5205,0.911765,0.967809,0.148624,0.39667,0.902325,0.0950392,0|0|0|0|1|1|0|2|0|30,0|0|0|0|0.619479|0.705489|0|1.6316|0|29.9489,0|0|0|0|0|1|0|2|0|28,0.0294|0.5882|0.3824,0.0001|0.5499|0.4501,,,,,,,,state,3,110,0.0019|0.008289|0.00831|0.02431,0.001428|0.007866|0.00838|0.01966,0.25|0.05882|0|0.2113,
controlled,108,3,ge10,pmc_pair,,oracle,state,,,,,-6374.43,0.350895,0.125215,5239,012,True,0.0882353,34,0.125456,5205,0.911765,0.965469,0.149689,0.475986,0.900715,0.0964725,0|0|0|0|1|1|1|1|0|30,0|0|0|0|0.605131|0.676487|0.796213|0.800233|0|29.9479,0|0|0|0|0|1|1|1|0|28,0.0294|0.5882|0.3824,0.0000|0.5482|0.4518,0.00048126|0.0097532|0.012005,,,,,,,state,3,110,0.0019|0.008289|0.00831|0.02431,0.001428|0.007866|0.00838|0.01966,0.25|0.05882|0|0.2113,
controlled,108,3,ge10,pmc_pair,,oracle,state-markov,,,,,-6373.4,0.285325,0.125215,5239,012,True,0.0882353,34,0.125456,5205,0.911765,0.96542,0.149694,0.476537,0.900691,0.0964912,0|0|0|0|1|1|1|1|0|30,0|0|0|0|0.604703|0.675966|0.79577|0.800058|0|29.9478,0|0|0|0|0|1|1|1|0|28,0.0294|0.5882|0.3824,0.0000|0.5481|0.4519,0.0004851|0.0097635|0.012024,0.00048169|0.0098492|0.012151,0.0075075|0.0010725|0.0016088,,,,,state,3,110,0.0019|0.008289|0.00831|0.02431,0.001428|0.007866|0.00838|0.01966,0.25|0.05882|0|0.2113,
controlled,108,3,ge10,hmc_in,0,unsupervised,ignorable,start,17,2.46223,-2.3568|-0.5382|1.2864,-7625.82,0.108287,0.436343,5239,021,False,0.470588,34,0.436119,5205,0.529412,0.962375,0.87752,3.14412,0.535712,0.432963,0|0|1|0|0|0|3|0|0|30,0|0|0.514934|0|0|0|2.27594|0|0|29.9299,0|0|0|0|0|0|2|0|0|16,0.0294|0.5882|0.3824,0.0002|0.9176|0.0822,,,,,,,-582.9723|-582.8887,state,3,110,0.0019|0.008289|0.00831|0.02431,0.001428|0.007866|0.00838|0.01966,0.25|0.05882|0|0.2113,
controlled,108,3,ge10,hmc_in,0,unsupervised,state,start,17,2.26855,-2.3568|-0.5381|1.2864,-8208.61,0.109695,0.436343,5239,021,False,0.470588,34,0.436119,5205,0.529412,0.962418,0.883149,3.10119,0.532399,0.449053,0|0|0|1|0|1|2|0|0|30,0|0|0|0.548454|0|0.7272|1.52434|0|0|29.9222,0|0|0|0|0|1|1|0|0|16,0.0294|0.5882|0.3824,0.0002|0.9142|0.0856,0.013873|0.014464|0.012629,,,0.013873|0.014464|0.012629,,,-582.9723|-582.8887,state,3,110,0.0019|0.008289|0.00831|0.02431,0.001428|0.007866|0.00838|0.01966,0.25|0.05882|0|0.2113,
controlled,108,3,ge10,hmc_in,0,unsupervised,state-markov,start,17,2.3782,-2.3567|-0.5365|1.2869,-8207.92,0.119841,0.436343,5239,021,False,0.470588,34,0.436119,5205,0.529412,0.962254,0.88259,3.10808,0.532627,0.448865,0|0|0|1|0|1|2|0|0|30,0|0|0|0.545761|0|0.727602|1.52083|0|0|29.9224,0|0|0|0|0|1|1|0|0|16,0.0294|0.5882|0.3824,0.0002|0.9145|0.0853,0.013838|0.014649|0.012537,0.013568|0.014417|0.012687,0.033059|0.030273|0.00068214,0.013838|0.014649|0.012537,0.013568|0.014417|0.012687,0.033059|0.030273|0.00068214,-582.9723|-582.8887,state,3,110,0.0019|0.008289|0.00831|0.02431,0.001428|0.007866|0.00838|0.01966,0.25|0.05882|0|0.2113,
controlled,108,3,ge10,hmc_in,0,unsupervised,state,ignorable fit,2,0.291451,-2.3579|-0.5444|1.2849,-8208.28,0.120515,0.436534,5239,021,False,0.470588,34,0.436311,5205,0.529412,0.962957,0.881769,3.10128,0.533487,0.433545,0|0|0|1|0|0|3|0|0|30,0|0|0|0.543517|0|0|2.26804|0|0|29.929,0|0|0|0|0|0|2|0|0|16,0.0294|0.5882|0.3824,0.0002|0.9153|0.0845,0.013893|0.014347|0.012695,,,0.013893|0.014347|0.012695,,,-582.9723|-582.8887,state,3,110,0.0019|0.008289|0.00831|0.02431,0.001428|0.007866|0.00838|0.01966,0.25|0.05882|0|0.2113,
controlled,108,3,ge10,hmc_in,0,unsupervised,state-markov,ignorable fit,3,0.408753,-2.3588|-0.5489|1.2840,-8207.48,0.0875155,0.436534,5239,021,False,0.470588,34,0.436311,5205,0.529412,0.963322,0.881213,3.09818,0.533999,0.43391,0|0|0|1|0|0|3|0|0|30,0|0|0|0.543427|0|0|2.27634|0|0|29.9332,0|0|0|0|0|0|2|0|0|16,0.0294|0.5882|0.3824,0.0002|0.9158|0.0840,0.013788|0.014616|0.012589,0.013513|0.014459|0.012696,0.03344|0.025177|0.0042129,0.013788|0.014616|0.012589,0.013513|0.014459|0.012696,0.03344|0.025177|0.0042129,-582.9723|-582.8887,state,3,110,0.0019|0.008289|0.00831|0.02431,0.001428|0.007866|0.00838|0.01966,0.25|0.05882|0|0.2113,
controlled,108,3,ge10,hmc_in,,oracle,ignorable,,,,,-10533.9,0.0979866,0.116816,5239,012,True,0.0833333,36,0.117048,5203,0.916667,0.994103,0.167715,1.18844,0.910771,0.0882676,0|0|0|0|0|0|0|0|2|34,0|0|0|0|0|0|0|0|1.80504|33.9827,0|0|0|0|0|0|0|0|2|31,0.1111|0.4167|0.4722,0.1411|0.3868|0.4721,,,,,,,,state,4,114,0.0019|0.008289|0.00831|0.02431,0.001428|0.007866|0.00838|0.01966,0.25|0.05882|0|0.2113,
controlled,108,3,ge10,hmc_in,,oracle,state,,,,,-11196.8,0.0998811,0.116625,5239,012,True,0.0833333,36,0.116856,5203,0.916667,0.994925,0.167498,1.15089,0.911595,0.0842967,0|0|0|0|0|0|0|0|1|35,0|0|0|0|0|0|0|0|0.891318|34.926,0|0|0|0|0|0|0|0|1|32,0.1111|0.4167|0.4722,0.1377|0.3875|0.4749,0.001906|0.0073168|0.015696,,,,,,,state,4,114,0.0019|0.008289|0.00831|0.02431,0.001428|0.007866|0.00838|0.01966,0.25|0.05882|0|0.2113,
controlled,108,3,ge10,hmc_in,,oracle,state-markov,,,,,-11195.9,0.129182,0.116625,5239,012,True,0.0833333,36,0.116856,5203,0.916667,0.994915,0.167503,1.1506,0.911585,0.084301,0|0|0|0|0|0|0|0|1|35,0|0|0|0|0|0|0|0|0.891048|34.9259,0|0|0|0|0|0|0|0|1|32,0.1111|0.4167|0.4722,0.1376|0.3875|0.4749,0.0019077|0.0073188|0.015699,0.0019097|0.0073708|0.015946,0.00086957|0.00027174|0.00024155,,,,,state,4,114,0.0019|0.008289|0.00831|0.02431,0.001428|0.007866|0.00838|0.01966,0.25|0.05882|0|0.2113,
controlled,108,3,ge10,pmc_pair,,oracle,ignorable,,,,,-5630.53,0.251873,0.12846,5239,012,True,0.166667,36,0.128195,5203,0.833333,0.937602,0.178647,0.323778,0.870429,0.124175,0|0|1|1|1|3|0|0|0|30,0|0|0.513588|0.540527|0.641676|2.12255|0|0|0|29.9353,0|0|0|0|1|0|0|0|0|29,0.1111|0.4167|0.4722,0.1417|0.3286|0.5297,,,,,,,,state,4,114,0.0019|0.008289|0.00831|0.02431,0.001428|0.007866|0.00838|0.01966,0.25|0.05882|0|0.2113,
controlled,108,3,ge10,pmc_pair,,oracle,state,,,,,-6297.66,0.303161,0.131132,5239,012,True,0.166667,36,0.130886,5203,0.833333,0.956677,0.223161,0.371249,0.855898,0.139352,0|0|0|0|2|0|1|2|2|29,0|0|0|0|1.25633|0|0.778277|1.67557|1.79662|28.9336,0|0|0|0|0|0|1|0|0|29,0.1111|0.4167|0.4722,0.1187|0.3190|0.5623,0.001906|0.0073168|0.015696,,,,,,,state,4,114,0.0019|0.008289|0.00831|0.02431,0.001428|0.007866|0.00838|0.01966,0.25|0.05882|0|0.2113,
controlled,108,3,ge10,pmc_pair,,oracle,state-markov,,,,,-6296.67,0.251055,0.131132,5239,012,True,0.166667,36,0.130886,5203,0.833333,0.956931,0.224009,0.373162,0.855615,0.139524,0|0|0|0|2|0|1|2|2|29,0|0|0|0|1.26069|0|0.780174|1.67399|1.80152|28.9332,0|0|0|0|0|0|1|0|0|29,0.1111|0.4167|0.4722,0.1185|0.3188|0.5627,0.0019077|0.0073188|0.015699,0.0019097|0.0073708|0.015946,0.00086957|0.00027174|0.00024155,,,,,state,4,114,0.0019|0.008289|0.00831|0.02431,0.001428|0.007866|0.00838|0.01966,0.25|0.05882|0|0.2113,
controlled,108,3,ge10,hmc_in,0,unsupervised,ignorable,start,17,2.40621,-2.3554|-0.5380|1.2888,-7609.74,0.117796,0.436534,5239,021,False,0.611111,36,0.435326,5203,0.388889,0.97232,1.20109,4.72623,0.380454,0.607949,0|0|0|1|0|1|0|1|0|33,0|0|0|0.558677|0|0.703417|0|0.831442|0|32.91,0|0|0|1|0|0|0|0|0|13,0.1111|0.4167|0.4722,0.0747|0.8425|0.0828,,,,,,,-600.0713|-598.4558,state,4,114,0.0019|0.008289|0.00831|0.02431,0.001428|0.007866|0.00838|0.01966,0.25|0.05882|0|0.2113,
controlled,108,3,ge10,hmc_in,0,unsupervised,state,start,17,2.32542,-2.3558|-0.5390|1.2888,-8205.34,0.108652,0.436725,5239,021,False,0.638889,36,0.435326,5203,0.361111,0.963069,1.19738,4.60389,0.378859,0.601958,0|0|1|1|0|0|1|0|0|33,0|0|0.500363|0.534666|0|0|0.773753|0|0|32.8617,0|0|0|0|0|0|0|0|0|13,0.1111|0.4167|0.4722,0.0681|0.8376|0.0942,0.0082734|0.019683|0.013478,,,0.0082734|0.019683|0.013478,,,-600.0713|-598.4558,state,4,114,0.0019|0.008289|0.00831|0.02431,0.001428|0.007866|0.00838|0.01966,0.25|0.05882|0|0.2113,
controlled,108,3,ge10,hmc_in,0,unsupervised,state-markov,start,17,2.37365,-2.3558|-0.5391|1.2888,-8203.58,0.104238,0.436725,5239,021,False,0.638889,36,0.435326,5203,0.361111,0.963196,1.19734,4.60029,0.378812,0.602085,0|0|1|1|0|0|1|0|0|33,0|0|0.505764|0.53719|0|0|0.77227|0|0|32.8598,0|0|0|0|0|0|0|0|0|13,0.1111|0.4167|0.4722,0.0680|0.8375|0.0945,0.0082554|0.019717|0.013469,0.0083221|0.020112|0.013651,0.00023341|8.978e-05|8.7052e-05,0.0082554|0.019717|0.013469,0.0083221|0.020112|0.013651,0.00023341|8.978e-05|8.7052e-05,-600.0713|-598.4558,state,4,114,0.0019|0.008289|0.00831|0.02431,0.001428|0.007866|0.00838|0.01966,0.25|0.05882|0|0.2113,
controlled,108,3,ge10,hmc_in,0,unsupervised,state,ignorable fit,3,0.43398,-2.3576|-0.5483|1.2867,-8204.91,0.130129,0.436725,5239,021,False,0.638889,36,0.435326,5203,0.361111,0.963624,1.19767,4.60073,0.378932,0.602513,0|0|2|0|0|0|1|0|0|33,0|0|1.04303|0|0|0|0.781788|0|0|32.8656,0|0|0|0|0|0|0|0|0|13,0.1111|0.4167|0.4722,0.0677|0.8382|0.0941,0.0084124|0.019437|0.013552,,,0.0084124|0.019437|0.013552,,,-600.0713|-598.4558,state,4,114,0.0019|0.008289|0.00831|0.02431,0.001428|0.007866|0.00838|0.01966,0.25|0.05882|0|0.2113,
controlled,108,3,ge10,hmc_in,0,unsupervised,state-markov,ignorable fit,3,0.441903,-2.3576|-0.5483|1.2867,-8203.15,0.100924,0.436725,5239,021,False,0.638889,36,0.435326,5203,0.361111,0.963741,1.19765,4.59741,0.378888,0.60263,0|0|2|0|0|0|1|0|0|33,0|0|1.05035|0|0|0|0.780441|0|0|32.8639,0|0|0|0|0|0|0|0|0|13,0.1111|0.4167|0.4722,0.0675|0.8381|0.0944,0.0083994|0.019466|0.013544,0.0084686|0.019851|0.013729,0.00023383|9.0273e-05|8.6535e-05,0.0083994|0.019466|0.013544,0.0084686|0.019851|0.013729,0.00023383|9.0273e-05|8.6535e-05,-600.0713|-598.4558,state,4,114,0.0019|0.008289|0.00831|0.02431,0.001428|0.007866|0.00838|0.01966,0.25|0.05882|0|0.2113,
controlled,108,3,ge10,hmc_in,,oracle,ignorable,,,,,-10538.2,0.10893,0.116816,5239,012,True,0.115385,26,0.116823,5213,0.884615,0.976418,0.240724,1.57383,0.863648,0.136236,0|0|0|1|0|0|0|1|0|24,0|0|0|0.589688|0|0|0|0.832668|0|23.9645,0|0|0|1|0|0|0|1|0|21,0.1154|0.5769|0.3077,0.2517|0.4855|0.2628,,,,,,,,state-markov,0,104,0.0019|0.008289|0.00831|0.02431,0.001428|0.007866|0.00838|0.01966,0.25|0.05882|0|0.2113,
controlled,108,3,ge10,hmc_in,,oracle,state,,,,,-11173.4,0.094379,0.116625,5239,012,True,0.115385,26,0.116631,5213,0.884615,0.988066,0.210542,1.36965,0.88428,0.112703,0|0|0|0|0|0|0|1|1|24,0|0|0|0|0|0|0|0.849204|0.879718|23.9608,0|0|0|0|0|0|0|0|1|22,0.1154|0.5769|0.3077,0.2310|0.5011|0.2678,0.0014306|0.0073162|0.0073919,,,,,,,state-markov,0,104,0.0019|0.008289|0.00831|0.02431,0.001428|0.007866|0.00838|0.01966,0.25|0.05882|0|0.2113,
controlled,108,3,ge10,hmc_in,,oracle,state-markov,,,,,-11131.6,0.114768,0.116625,5239,012,True,0.115385,26,0.116631,5213,0.884615,0.988231,0.203532,1.32737,0.888274,0.109663,0|0|0|0|0|0|1|0|1|24,0|0|0|0|0|0|0.799419|0|0.921376|23.9732,0|0|0|0|0|0|0|0|1|22,0.1154|0.5769|0.3077,0.2270|0.5047|0.2683,0.001357|0.0073738|0.0075443,0.00095607|0.0068781|0.0074448,0.29643|0.074107|0.020635,,,,,state-markov,0,104,0.0019|0.008289|0.00831|0.02431,0.001428|0.007866|0.00838|0.01966,0.25|0.05882|0|0.2113,
controlled,108,3,ge10,pmc_pair,,oracle,ignorable,,,,,-5637.37,0.287605,0.128841,5239,012,True,0.192308,26,0.128525,5213,0.807692,0.91395,0.265227,0.658364,0.806416,0.166848,0|0|0|0|2|2|3|0|1|18,0|0|0|0|1.21554|1.41176|2.30459|0|0.90773|17.9231,0|0|0|0|0|1|3|0|1|16,0.1154|0.5769|0.3077,0.2301|0.4243|0.3456,,,,,,,,state-markov,0,104,0.0019|0.008289|0.00831|0.02431,0.001428|0.007866|0.00838|0.01966,0.25|0.05882|0|0.2113,
controlled,108,3,ge10,pmc_pair,,oracle,state,,,,,-6285.61,0.330918,0.125978,5239,012,True,0.153846,26,0.125839,5213,0.846154,0.91706,0.216431,0.497417,0.832053,0.150536,0|0|0|0|2|1|3|0|3|17,0|0|0|0|1.22447|0.672701|2.2921|0|2.70135|16.9529,0|0|0|0|0|1|3|0|2|16,0.1154|0.5769|0.3077,0.2027|0.4472|0.3501,0.0014306|0.0073162|0.0073919,,,,,,,state-markov,0,104,0.0019|0.008289|0.00831|0.02431,0.001428|0.007866|0.00838|0.01966,0.25|0.05882|0|0.2113,
controlled,108,3,ge10,pmc_pair,,oracle,state-markov,,,,,-6236.44,0.345176,0.125978,5239,012,True,0.153846,26,0.125839,5213,0.846154,0.929747,0.186242,0.424123,0.855604,0.115699,0|0|0|1|1|0|2|0|4|18,0|0|0|0.586211|0.602095|0|1.49118|0|3.58263|17.9113,0|0|0|0|0|0|1|0|4|17,0.1154|0.5769|0.3077,0.1940|0.4683|0.3376,0.001357|0.0073738|0.0075443,0.00095607|0.0068781|0.0074448,0.29643|0.074107|0.020635,,,,,state-markov,0,104,0.0019|0.008289|0.00831|0.02431,0.001428|0.007866|0.00838|0.01966,0.25|0.05882|0|0.2113,
controlled,108,3,ge10,hmc_in,0,unsupervised,ignorable,start,17,2.27778,-2.3546|-0.5330|1.2909,-7612.98,0.120509,0.436534,5239,021,False,0.384615,26,0.436793,5213,0.615385,0.963639,0.677692,2.83103,0.634638,0.348255,0|0|0|0|1|0|2|0|0|23,0|0|0|0|0.61747|0|1.53655|0|0|22.9006,0|0|0|0|0|0|0|0|0|16,0.1154|0.5769|0.3077,0.1632|0.7347|0.1021,,,,,,,-557.0457|-520.8785,state-markov,0,104,0.0019|0.008289|0.00831|0.02431,0.001428|0.007866|0.00838|0.01966,0.25|0.05882|0|0.2113,
controlled,108,3,ge10,hmc_in,0,unsupervised,state,start,17,2.42419,-2.3553|-0.5369|1.2899,-8163.34,0.12479,0.436343,5239,021,False,0.384615,26,0.436601,5213,0.615385,0.96365,0.682462,2.67282,0.630657,0.353549,0|0|0|0|1|0|1|1|1|22,0|0|0|0|0.625176|0|0.787102|0.85358|0.931318|21.8577,0|0|0|0|0|0|0|0|1|15,0.1154|0.5769|0.3077,0.1577|0.7185|0.1238,0.010608|0.020592|0.0088922,,,0.010608|0.020592|0.0088922,,,-557.0457|-520.8785,state-markov,0,104,0.0019|0.008289|0.00831|0.02431,0.001428|0.007866|0.00838|0.01966,0.25|0.05882|0|0.2113,
controlled,108,3,ge10,hmc_in,0,unsupervised,state-markov,start,17,2.53214,-2.3550|-0.5348|1.2906,-8128.87,0.116093,0.436343,5239,021,False,0.384615,26,0.436601,5213,0.615385,0.964919,0.681429,2.7133,0.632005,0.349534,0|0|0|0|0|1|1|1|0|23,0|0|0|0|0|0.673363|0.747542|0.830577|0|22.8364,0|0|0|0|0|0|0|0|0|16,0.1154|0.5769|0.3077,0.1591|0.7232|0.1177,0.010897|0.020184|0.0090064,0.0089381|0.015475|0.0083182,0.1887|0.2488|0.08473,0.010897|0.020184|0.0090064,0.0089381|0.015475|0.0083182,0.1887|0.2488|0.08473,-557.0457|-520.8785,state-markov,0,104,0.0019|0.008289|0.00831|0.02431,0.001428|0.007866|0.00838|0.01966,0.25|0.05882|0|0.2113,
controlled,108,3,ge10,hmc_in,0,unsupervised,state,ignorable fit,3,0.43763,-2.3569|-0.5451|1.2881,-8162.9,0.100462,0.436343,5239,021,False,0.384615,26,0.436601,5213,0.615385,0.964581,0.682993,2.67317,0.631057,0.349197,0|0|0|0|1|0|1|1|0|23,0|0|0|0|0.633135|0|0.78238|0.86053|0|22.8031,0|0|0|0|0|0|0|0|0|16,0.1154|0.5769|0.3077,0.1575|0.7195|0.1231,0.010772|0.020349|0.0089658,,,0.010772|0.020349|0.0089658,,,-557.0457|-520.8785,state-markov,0,104,0.0019|0.008289|0.00831|0.02431,0.001428|0.007866|0.00838|0.01966,0.25|0.05882|0|0.2113,
controlled,108,3,ge10,hmc_in,0,unsupervised,state-markov,ignorable fit,3,0.486611,-2.3569|-0.5447|1.2883,-8128.35,0.124175,0.436343,5239,021,False,0.384615,26,0.436601,5213,0.615385,0.965924,0.682256,2.70929,0.632337,0.35054,0|0|0|0|0|1|1|1|0|23,0|0|0|0|0|0.678725|0.744362|0.843754|0|22.8472,0|0|0|0|0|0|0|0|0|16,0.1154|0.5769|0.3077,0.1586|0.7239|0.1175,0.010975|0.020037|0.0090587,0.008958|0.015421|0.0083475,0.19274|0.24581|0.086855,0.010975|0.020037|0.0090587,0.008958|0.015421|0.0083475,0.19274|0.24581|0.086855,-557.0457|-520.8785,state-markov,0,104,0.0019|0.008289|0.00831|0.02431,0.001428|0.007866|0.00838|0.01966,0.25|0.05882|0|0.2113,
controlled,108,3,ge10,hmc_in,,oracle,ignorable,,,,,-10552.7,0.126355,0.117007,5239,012,True,0.09375,32,0.11715,5207,0.90625,0.98807,0.1627,0.854277,0.908668,0.089438,0|0|0|0|0|0|1|0|1|30,0|0|0|0|0|0|0.783993|0|0.878106|29.9561,0|0|0|0|0|0|0|0|1|28,0.0625|0.5938|0.3438,0.1191|0.5640|0.3169,,,,,,,,state-markov,1,102,0.0019|0.008289|0.00831|0.02431,0.001428|0.007866|0.00838|0.01966,0.25|0.05882|0|0.2113,
controlled,108,3,ge10,hmc_in,,oracle,state,,,,,-11165.4,0.127254,0.116434,5239,012,True,0.0625,32,0.116766,5207,0.9375,0.986849,0.130687,0.771716,0.92438,0.0744993,0|0|0|0|0|1|0|0|1|30,0|0|0|0|0|0.723352|0|0|0.874247|29.9816,0|0|0|0|0|1|0|0|1|28,0.0625|0.5938|0.3438,0.1023|0.5806|0.3171,0.00095563|0.0092654|0.010159,,,,,,,state-markov,1,102,0.0019|0.008289|0.00831|0.02431,0.001428|0.007866|0.00838|0.01966,0.25|0.05882|0|0.2113,
controlled,108,3,ge10,hmc_in,,oracle,state-markov,,,,,-11147.5,0.101194,0.116434,5239,012,True,0.0625,32,0.116766,5207,0.9375,0.986972,0.130568,0.771832,0.924501,0.0743829,0|0|0|0|0|1|0|0|1|30,0|0|0|0|0|0.726723|0|0|0.874702|29.9817,0|0|0|0|0|1|0|0|1|28,0.0625|0.5938|0.3438,0.1022|0.5807|0.3171,0.0010018|0.0093296|0.010277,0.00095579|0.0093512|0.010262,0.046926|0.0070388|0.011731,,,,,state-markov,1,102,0.0019|0.008289|0.00831|0.02431,0.001428|0.007866|0.00838|0.01966,0.25|0.05882|0|0.2113,
controlled,108,3,ge10,pmc_pair,,oracle,ignorable,,,,,-5647.45,0.295528,0.128841,5239,012,True,0.1875,32,0.128481,5207,0.8125,0.935902,0.29874,0.73002,0.803883,0.149073,0|0|0|1|1|0|1|5|0|24,0|0|0|0.589251|0.60356|0|0.734551|4.10157|0|23.9199,0|0|0|1|0|0|0|4|0|21,0.0625|0.5938|0.3438,0.1251|0.4506|0.4243,,,,,,,,state-markov,1,102,0.0019|0.008289|0.00831|0.02431,0.001428|0.007866|0.00838|0.01966,0.25|0.05882|0|0.2113,
controlled,108,3,ge10,pmc_pair,,oracle,state,,,,,-6262.57,0.279048,0.126169,5239,012,True,0.15625,32,0.125984,5207,0.84375,0.930274,0.243559,0.552333,0.82707,0.143723,0|0|0|1|1|0|4|2|1|23,0|0|0|0.574809|0.622144|0|3.1104|1.6291|0.880913|22.9514,0|0|0|1|0|0|2|2|1|21,0.0625|0.5938|0.3438,0.1175|0.4289|0.4536,0.00095563|0.0092654|0.010159,,,,,,,state-markov,1,102,0.0019|0.008289|0.00831|0.02431,0.001428|0.007866|0.00838|0.01966,0.25|0.05882|0|0.2113,
controlled,108,3,ge10,pmc_pair,,oracle,state-markov,,,,,-6247.85,0.330785,0.126169,5239,012,True,0.15625,32,0.125984,5207,0.84375,0.92847,0.243364,0.550301,0.825913,0.144982,0|0|0|1|1|0|4|3|0|23,0|0|0|0.575375|0.620302|0|3.10419|2.46044|0|22.9507,0|0|0|1|0|0|2|3|0|21,0.0625|0.5938|0.3438,0.1173|0.4309|0.4518,0.0010018|0.0093296|0.010277,0.00095579|0.0093512|0.010262,0.046926|0.0070388|0.011731,,,,,state-markov,1,102,0.0019|0.008289|0.00831|0.02431,0.001428|0.007866|0.00838|0.01966,0.25|0.05882|0|0.2113,
controlled,108,3,ge10,hmc_in,0,unsupervised,ignorable,start,17,2.1695,-2.3539|-0.5379|1.2905,-7625.13,0.121085,0.436915,5239,021,False,0.4375,32,0.436912,5207,0.5625,0.991342,0.874759,3.41449,0.55501,0.439718,0|0|0|0|0|0|0|1|0|31,0|0|0|0|0|0|0|0.825996|0|30.897,0|0|0|0|0|0|0|1|0|17,0.0625|0.5938|0.3438,0.0315|0.8360|0.1324,,,,,,,-548.3265|-525.8175,state-markov,1,102,0.0019|0.008289|0.00831|0.02431,0.001428|0.007866|0.00838|0.01966,0.25|0.05882|0|0.2113,
controlled,108,3,ge10,hmc_in,0,unsupervised,state,start,17,2.30186,-2.3544|-0.5396|1.2902,-8171.88,0.117489,0.436915,5239,021,False,0.4375,32,0.436912,5207,0.5625,0.989722,0.875866,3.37239,0.553329,0.44466,0|0|0|0|0|0|1|0|1|30,0|0|0|0|0|0|0.789071|0|0.931922|29.9501,0|0|0|0|0|0|1|0|1|16,0.0625|0.5938|0.3438,0.0313|0.8342|0.1345,0.0094|0.015662|0.012229,,,0.0094|0.015662|0.012229,,,-548.3265|-525.8175,state-markov,1,102,0.0019|0.008289|0.00831|0.02431,0.001428|0.007866|0.00838|0.01966,0.25|0.05882|0|0.2113,
controlled,108,3,ge10,hmc_in,0,unsupervised,state-markov,start,17,2.3455,-2.3542|-0.5379|1.2906,-8149.4,0.106163,0.437106,5239,021,False,0.4375,32,0.437104,5207,0.5625,0.990579,0.875421,3.40066,0.554159,0.440171,0|0|0|0|0|0|0|1|0|31,0|0|0|0|0|0|0|0.806532|0|30.892,0|0|0|0|0|0|0|1|0|17,0.0625|0.5938|0.3438,0.0313|0.8351|0.1335,0.0096157|0.015458|0.012222,0.0083306|0.012803|0.011189,0.14198|0.18454|0.09574,0.0096157|0.015458|0.012222,0.0083306|0.012803|0.011189,0.14198|0.18454|0.09574,-548.3265|-525.8175,state-markov,1,102,0.0019|0.008289|0.00831|0.02431,0.001428|0.007866|0.00838|0.01966,0.25|0.05882|0|0.2113,
controlled,108,3,ge10,hmc_in,0,unsupervised,state,ignorable fit,3,0.456748,-2.3564|-0.5501|1.2879,-8171.26,0.0797377,0.436915,5239,021,False,0.4375,32,0.436912,5207,0.5625,0.990168,0.875598,3.36558,0.55379,0.440428,0|0|0|0|0|0|1|0|0|31,0|0|0|0|0|0|0.795842|0|0|30.8895,0|0|0|0|0|0|1|0|0|17,0.0625|0.5938|0.3438,0.0313|0.8347|0.1340,0.0094321|0.015542|0.012282,,,0.0094321|0.015542|0.012282,,,-548.3265|-525.8175,state-markov,1,102,0.0019|0.008289|0.00831|0.02431,0.001428|0.007866|0.00838|0.01966,0.25|0.05882|0|0.2113,
controlled,108,3,ge10,hmc_in,0,unsupervised,state-markov,ignorable fit,3,0.423249,-2.3564|-0.5498|1.2880,-8148.73,0.0994,0.436915,5239,021,False,0.4375,32,0.436912,5207,0.5625,0.990964,0.875194,3.39013,0.554564,0.4402,0|0|0|0|0|0|0|1|0|31,0|0|0|0|0|0|0|0.812222|0|30.8986,0|0|0|0|0|0|0|1|0|17,0.0625|0.5938|0.3438,0.0313|0.8355|0.1331,0.0096013|0.015369|0.01228,0.0083026|0.012781|0.011213,0.14356|0.18119|0.098173,0.0096013|0.015369|0.01228,0.0083026|0.012781|0.011213,0.14356|0.18119|0.098173,-548.3265|-525.8175,state-markov,1,102,0.0019|0.008289|0.00831|0.02431,0.001428|0.007866|0.00838|0.01966,0.25|0.05882|0|0.2113,
controlled,108,3,ge10,hmc_in,,oracle,ignorable,,,,,-10569.3,0.118513,0.116816,5239,012,True,0.0833333,24,0.11697,5215,0.916667,0.992529,0.168251,0.928937,0.909211,0.087148,0|0|0|0|0|0|0|1|0|23,0|0|0|0|0|0|0|0.864572|0|22.9561,0|0|0|0|0|0|0|1|0|21,0.2083|0.6250|0.1667,0.2139|0.6592|0.1268,,,,,,,,state-markov,2,89,0.0019|0.008289|0.00831|0.02431,0.001428|0.007866|0.00838|0.01966,0.25|0.05882|0|0.2113,
controlled,108,3,ge10,hmc_in,,oracle,state,,,,,-11097,0.119844,0.116625,5239,012,True,0.0833333,24,0.116779,5215,0.916667,0.996725,0.166852,0.950403,0.913417,0.0800579,0|0|0|0|0|0|0|0|0|24,0|0|0|0|0|0|0|0|0|23.9214,0|0|0|0|0|0|0|0|0|22,0.2083|0.6250|0.1667,0.2103|0.6635|0.1262,0.0023794|0.0073153|0.0037002,,,,,,,state-markov,2,89,0.0019|0.008289|0.00831|0.02431,0.001428|0.007866|0.00838|0.01966,0.25|0.05882|0|0.2113,
controlled,108,3,ge10,hmc_in,,oracle,state-markov,,,,,-11065.8,0.105218,0.116625,5239,012,True,0.0833333,24,0.116779,5215,0.916667,0.997171,0.16675,0.95171,0.913876,0.0805038,0|0|0|0|0|0|0|0|0|24,0|0|0|0|0|0|0|0|0|23.9321,0|0|0|0|0|0|0|0|0|22,0.2083|0.6250|0.1667,0.2098|0.6640|0.1262,0.0023822|0.0074087|0.0038561,0.0019081|0.0073681|0.0037119,0.20093|0.012847|0.041111,,,,,state-markov,2,89,0.0019|0.008289|0.00831|0.02431,0.001428|0.007866|0.00838|0.01966,0.25|0.05882|0|0.2113,
controlled,108,3,ge10,pmc_pair,,oracle,ignorable,,,,,-5652.47,0.270205,0.126933,5239,012,True,0.125,24,0.126942,5215,0.875,0.940096,0.198103,0.462138,0.857471,0.130987,0|0|0|1|1|0|1|1|2|18,0|0|0|0.589828|0.623319|0|0.772233|0.813751|1.79646|17.9667,0|0|0|0|1|0|1|1|1|17,0.2083|0.6250|0.1667,0.2165|0.6039|0.1797,,,,,,,,state-markov,2,89,0.0019|0.008289|0.00831|0.02431,0.001428|0.007866|0.00838|0.01966,0.25|0.05882|0|0.2113,
controlled,108,3,ge10,pmc_pair,,oracle,state,,,,,-6178.06,0.283817,0.122352,5239,012,True,0.0833333,24,0.122531,5215,0.916667,0.953691,0.168604,0.449087,0.882265,0.0986659,0|0|1|0|0|0|0|2|2|19,0|0|0.519391|0|0|0|0|1.69451|1.7409|18.9338,0|0|1|0|0|0|0|1|2|18,0.2083|0.6250|0.1667,0.2074|0.6275|0.1651,0.0023794|0.0073153|0.0037002,,,,,,,state-markov,2,89,0.0019|0.008289|0.00831|0.02431,0.001428|0.007866|0.00838|0.01966,0.25|0.05882|0|0.2113,
controlled,108,3,ge10,pmc_pair,,oracle,state-markov,,,,,-6147.48,0.295627,0.119488,5239,012,True,0.0833333,24,0.119655,5215,0.916667,0.953876,0.159015,0.449247,0.887178,0.107399,0|0|1|0|0|0|0|1|3|19,0|0|0.527577|0|0|0|0|0.800541|2.63015|18.9348,0|0|1|0|0|0|0|0|3|18,0.2083|0.6250|0.1667,0.2032|0.6302|0.1666,0.0023822|0.0074087|0.0038561,0.0019081|0.0073681|0.0037119,0.20093|0.012847|0.041111,,,,,state-markov,2,89,0.0019|0.008289|0.00831|0.02431,0.001428|0.007866|0.00838|0.01966,0.25|0.05882|0|0.2113,
controlled,108,3,ge10,hmc_in,0,unsupervised,ignorable,start,16,2.13828,-2.3527|-0.5181|1.2955,-7632.87,0.137877,0.436915,5239,021,False,0.375,24,0.4372,5215,0.625,0.953012,0.662008,2.03363,0.63592,0.347453,0|0|1|0|0|0|1|1|2|19,0|0|0.503623|0|0|0|0.766713|0.859787|1.8382|18.904,0|0|0|0|0|0|1|0|1|13,0.2083|0.6250|0.1667,0.0438|0.7309|0.2253,,,,,,,-490.6472|-451.5686,state-markov,2,89,0.0019|0.008289|0.00831|0.02431,0.001428|0.007866|0.00838|0.01966,0.25|0.05882|0|0.2113,
controlled,108,3,ge10,hmc_in,0,unsupervised,state,start,16,2.23437,-2.3532|-0.5198|1.2953,-8120.19,0.103422,0.436725,5239,021,False,0.375,24,0.437009,5215,0.625,0.958097,0.678998,2.12651,0.627813,0.356017,0|0|0|0|1|0|1|1|1|20,0|0|0|0|0.640716|0|0.777128|0.856243|0.868719|19.8515,0|0|0|0|0|0|0|1|1|13,0.2083|0.6250|0.1667,0.0422|0.7132|0.2445,0.0080557|0.016373|0.0089601,,,0.0080557|0.016373|0.0089601,,,-490.6472|-451.5686,state-markov,2,89,0.0019|0.008289|0.00831|0.02431,0.001428|0.007866|0.00838|0.01966,0.25|0.05882|0|0.2113,
controlled,108,3,ge10,hmc_in,0,unsupervised,state-markov,start,16,2.20557,-2.3530|-0.5197|1.2950,-8080.79,0.100427,0.436725,5239,021,False,0.375,24,0.437009,5215,0.625,0.956368,0.665362,2.10133,0.636276,0.331368,0|0|1|0|0|0|0|2|2|19,0|0|0.516082|0|0|0|0|1.67181|1.83999|18.9249,0|0|0|0|0|0|0|1|1|13,0.2083|0.6250|0.1667,0.0426|0.7285|0.2289,0.008295|0.016093|0.009133,0.007023|0.011056|0.0083441,0.16037|0.32404|0.094713,0.008295|0.016093|0.009133,0.007023|0.011056|0.0083441,0.16037|0.32404|0.094713,-490.6472|-451.5686,state-markov,2,89,0.0019|0.008289|0.00831|0.02431,0.001428|0.007866|0.00838|0.01966,0.25|0.05882|0|0.2113,
controlled,108,3,ge10,hmc_in,0,unsupervised,state,ignorable fit,3,0.408446,-2.3549|-0.5296|1.2929,-8119.74,0.136064,0.436915,5239,021,False,0.375,24,0.4372,5215,0.625,0.957994,0.67607,2.10993,0.629599,0.35559,0|0|0|0|1|0|1|1|1|20,0|0|0|0|0.615981|0|0.79498|0.846769|0.882079|19.8521,0|0|0|0|0|0|0|1|1|13,0.2083|0.6250|0.1667,0.0423|0.7165|0.2412,0.0084723|0.015935|0.0090161,,,0.0084723|0.015935|0.0090161,,,-490.6472|-451.5686,state-markov,2,89,0.0019|0.008289|0.00831|0.02431,0.001428|0.007866|0.00838|0.01966,0.25|0.05882|0|0.2113,
controlled,108,3,ge10,hmc_in,0,unsupervised,state-markov,ignorable fit,3,0.455764,-2.3549|-0.5297|1.2928,-8080.33,0.127999,0.436725,5239,021,False,0.333333,24,0.4372,5215,0.666667,0.955825,0.663339,2.09015,0.63739,0.347009,0|0|1|0|0|0|0|1|3|19,0|0|0.500912|0|0|0|0|0.804877|2.70785|18.9262,0|0|1|0|0|0|0|1|1|13,0.2083|0.6250|0.1667,0.0426|0.7305|0.2268,0.0085906|0.015748|0.0091493,0.0071059|0.010961|0.0083572,0.17993|0.31497|0.094941,0.0085906|0.015748|0.0091493,0.0071059|0.010961|0.0083572,0.17993|0.31497|0.094941,-490.6472|-451.5686,state-markov,2,89,0.0019|0.008289|0.00831|0.02431,0.001428|0.007866|0.00838|0.01966,0.25|0.05882|0|0.2113,
controlled,108,3,ge10,hmc_in,,oracle,ignorable,,,,,-10530.2,0.101113,0.117007,5239,012,True,0.0555556,36,0.117432,5203,0.944444,0.985659,0.113769,0.680986,0.930319,0.0639455,0|0|0|0|0|0|1|0|2|33,0|0|0|0|0|0|0.797266|0|1.79358|32.8929,0|0|0|0|0|0|1|0|2|31,0.1667|0.4444|0.3889,0.2231|0.3802|0.3967,,,,,,,,state-markov,3,109,0.0019|0.008289|0.00831|0.02431,0.001428|0.007866|0.00838|0.01966,0.25|0.05882|0|0.2113,
controlled,108,3,ge10,hmc_in,,oracle,state,,,,,-11159.9,0.0929335,0.117007,5239,012,True,0.0555556,36,0.117432,5203,0.944444,0.951857,0.136797,0.666878,0.896881,0.101255,0|0|0|0|2|1|3|0|0|30,0|0|0|0|1.32158|0.675207|2.31404|0|0|29.956,0|0|0|0|2|1|3|0|0|28,0.1667|0.4444|0.3889,0.1949|0.3986|0.4066,0.0028554|0.0078038|0.012928,,,,,,,state-markov,3,109,0.0019|0.008289|0.00831|0.02431,0.001428|0.007866|0.00838|0.01966,0.25|0.05882|0|0.2113,
controlled,108,3,ge10,hmc_in,,oracle,state-markov,,,,,-11147.7,0.141245,0.116816,5239,012,True,0.0555556,36,0.11724,5203,0.944444,0.975439,0.12029,0.610857,0.920971,0.0750093,0|0|0|0|0|1|2|0|0|33,0|0|0|0|0|0.722444|1.48529|0|0|32.9081,0|0|0|0|0|1|2|0|0|31,0.1667|0.4444|0.3889,0.2208|0.3691|0.4102,0.0027245|0.0078241|0.013016,0.0019106|0.0073734|0.013096,0.30065|0.064973|0.0069697,,,,,state-markov,3,109,0.0019|0.008289|0.00831|0.02431,0.001428|0.007866|0.00838|0.01966,0.25|0.05882|0|0.2113,
controlled,108,3,ge10,pmc_pair,,oracle,ignorable,,,,,-5653.14,0.361687,0.127123,5239,012,True,0.305556,36,0.125889,5203,0.694444,0.939978,0.424728,1.04125,0.744902,0.245534,0|0|0|0|2|4|0|0|2|28,0|0|0|0|1.23925|2.88479|0|0|1.79859|27.9166,0|0|0|0|0|0|0|0|1|24,0.1667|0.4444|0.3889,0.1369|0.3554|0.5077,,,,,,,,state-markov,3,109,0.0019|0.008289|0.00831|0.02431,0.001428|0.007866|0.00838|0.01966,0.25|0.05882|0|0.2113,
controlled,108,3,ge10,pmc_pair,,oracle,state,,,,,-6277.25,0.323259,0.11548,5239,012,True,0.305556,36,0.114165,5203,0.694444,0.964845,0.510674,1.33628,0.715449,0.281049,0|0|0|0|0|0|3|1|4|28,0|0|0|0|0|0|2.33976|0.808322|3.65185|27.9345,0|0|0|0|0|0|0|1|0|24,0.1667|0.4444|0.3889,0.1329|0.3266|0.5405,0.0028554|0.0078038|0.012928,,,,,,,state-markov,3,109,0.0019|0.008289|0.00831|0.02431,0.001428|0.007866|0.00838|0.01966,0.25|0.05882|0|0.2113,
controlled,108,3,ge10,pmc_pair,,oracle,state-markov,,,,,-6273.57,0.308098,0.103646,5239,012,True,0.222222,36,0.102825,5203,0.777778,0.916366,0.368637,0.784413,0.764798,0.203012,0|0|4|0|1|0|1|2|0|28,0|0|2.05621|0|0.654811|0|0.784163|1.63884|0|27.8551,0|0|3|0|0|0|1|0|0|24,0.1667|0.4444|0.3889,0.1315|0.3716|0.4968,0.0027245|0.0078241|0.013016,0.0019106|0.0073734|0.013096,0.30065|0.064973|0.0069697,,,,,state-markov,3,109,0.0019|0.008289|0.00831|0.02431,0.001428|0.007866|0.00838|0.01966,0.25|0.05882|0|0.2113,
controlled,108,3,ge10,hmc_in,0,unsupervised,ignorable,start,17,2.33131,-2.3542|-0.5367|1.2881,-7623.47,0.0701275,0.436534,5239,021,False,0.583333,36,0.435518,5203,0.416667,0.974938,1.1567,4.38174,0.405823,0.558272,0|0|0|2|0|0|0|0|0|34,0|0|0|1.18517|0|0|0|0|0|33.9126,0|0|0|1|0|0|0|0|0|14,0.1667|0.4444|0.3889,0.0732|0.7657|0.1611,,,,,,,-578.6748|-565.0968,state-markov,3,109,0.0019|0.008289|0.00831|0.02431,0.001428|0.007866|0.00838|0.01966,0.25|0.05882|0|0.2113,
controlled,108,3,ge10,hmc_in,0,unsupervised,state,start,17,2.35462,-2.3558|-0.5441|1.2868,-8195.18,0.126016,0.436725,5239,021,False,0.611111,36,0.435518,5203,0.388889,0.975735,1.16834,4.34523,0.400282,0.586846,0|0|0|1|1|0|0|0|0|34,0|0|0|0.559729|0.653974|0|0|0|0|33.9128,0|0|0|0|0|0|0|0|0|14,0.1667|0.4444|0.3889,0.0649|0.7608|0.1743,0.0076851|0.021173|0.011511,,,0.0076851|0.021173|0.011511,,,-578.6748|-565.0968,state-markov,3,109,0.0019|0.008289|0.00831|0.02431,0.001428|0.007866|0.00838|0.01966,0.25|0.05882|0|0.2113,
controlled,108,3,ge10,hmc_in,0,unsupervised,state-markov,start,17,2.23676,-2.3552|-0.5423|1.2869,-8179.95,0.0733409,0.436343,5239,021,False,0.583333,36,0.435326,5203,0.416667,0.972232,1.16357,4.56178,0.40206,0.582277,0|0|1|1|0|0|0|0|0|34,0|0|0.519192|0.56821|0|0|0|0|0|33.913,0|0|1|0|0|0|0|0|0|14,0.1667|0.4444|0.3889,0.0673|0.7627|0.1700,0.008098|0.020713|0.011641,0.0081039|0.016852|0.011486,0.0073822|0.20327|0.024781,0.008098|0.020713|0.011641,0.0081039|0.016852|0.011486,0.0073822|0.20327|0.024781,-578.6748|-565.0968,state-markov,3,109,0.0019|0.008289|0.00831|0.02431,0.001428|0.007866|0.00838|0.01966,0.25|0.05882|0|0.2113,
controlled,108,3,ge10,hmc_in,0,unsupervised,state,ignorable fit,4,0.633994,-2.3579|-0.5552|1.2843,-8194.58,0.0981022,0.436915,5239,021,False,0.611111,36,0.43571,5203,0.388889,0.975907,1.16823,4.3356,0.400423,0.587018,0|0|0|1|1|0|0|0|0|34,0|0|0|0.555639|0.663936|0|0|0|0|33.9131,0|0|0|0|0|0|0|0|0|14,0.1667|0.4444|0.3889,0.0646|0.7609|0.1745,0.0076225|0.021209|0.011519,,,0.0076225|0.021209|0.011519,,,-578.6748|-565.0968,state-markov,3,109,0.0019|0.008289|0.00831|0.02431,0.001428|0.007866|0.00838|0.01966,0.25|0.05882|0|0.2113,
controlled,108,3,ge10,hmc_in,0,unsupervised,state-markov,ignorable fit,4,0.566694,-2.3577|-0.5547|1.2843,-8179.31,0.137398,0.436725,5239,021,False,0.583333,36,0.43571,5203,0.416667,0.972801,1.1635,4.53815,0.402172,0.58266,0|0|1|1|0|0|0|0|0|34,0|0|0.522543|0.585435|0|0|0|0|0|33.9129,0|0|1|0|0|0|0|0|0|14,0.1667|0.4444|0.3889,0.0668|0.7628|0.1704,0.0079789|0.020793|0.011641,0.0079708|0.016955|0.011487,0.0089851|0.20154|0.024712,0.0079789|0.020793|0.011641,0.0079708|0.016955|0.011487,0.0089851|0.20154|0.024712,-578.6748|-565.0968,state-markov,3,109,0.0019|0.008289|0.00831|0.02431,0.001428|0.007866|0.00838|0.01966,0.25|0.05882|0|0.2113,
controlled,108,3,ge10,hmc_in,,oracle,ignorable,,,,,-10525.9,0.100011,0.116625,5239,012,True,0.0540541,37,0.11707,5202,0.945946,0.977099,0.113983,0.629567,0.926172,0.0546254,0|0|0|1|0|0|0|0|4|32,0|0|0|0.565752|0|0|0|0|3.60029|31.9866,0|0|0|1|0|0|0|0|3|31,0.0000|0.6486|0.3514,0.0429|0.6257|0.3314,,,,,,,,state-markov,4,110,0.0019|0.008289|0.00831|0.02431,0.001428|0.007866|0.00838|0.01966,0.25|0.05882|0|0.2113,
controlled,108,3,ge10,hmc_in,,oracle,state,,,,,-11402.4,0.118243,0.116053,5239,012,True,0.0540541,37,0.116494,5202,0.945946,0.992582,0.106851,0.401862,0.939736,0.0601844,0|0|0|0|0|0|0|0|3|34,0|0|0|0|0|0|0|0|2.74936|33.9762,0|0|0|0|0|0|0|0|3|32,0.0000|0.6486|0.3514,0.0270|0.6412|0.3317,6.4293e-06|0.011703|0.012005,,,,,,,state-markov,4,110,0.0019|0.008289|0.00831|0.02431,0.001428|0.007866|0.00838|0.01966,0.25|0.05882|0|0.2113,
controlled,108,3,ge10,hmc_in,,oracle,state-markov,,,,,-11320.8,0.142005,0.116053,5239,012,True,0.0540541,37,0.116494,5202,0.945946,0.99274,0.107052,0.399086,0.939775,0.0601537,0|0|0|0|0|0|0|0|3|34,0|0|0|0|0|0|0|0|2.75284|33.9785,0|0|0|0|0|0|0|0|3|32,0.0000|0.6486|0.3514,0.0270|0.6414|0.3316,6.5474e-06|0.011783|0.012154,5.3972e-06|0.01184|0.012149,0.17568|0.007027|0.012548,,,,,state-markov,4,110,0.0019|0.008289|0.00831|0.02431,0.001428|0.007866|0.00838|0.01966,0.25|0.05882|0|0.2113,
controlled,108,3,ge10,pmc_pair,,oracle,ignorable,,,,,-5640.64,0.278991,0.130368,5239,012,True,0.216216,37,0.129758,5202,0.783784,0.948027,0.324871,0.605025,0.796786,0.176027,0|0|0|1|0|0|3|3|2|28,0|0|0|0.568696|0|0|2.26763|2.53472|1.782|27.9239,0|0|0|0|0|0|1|0|2|26,0.0000|0.6486|0.3514,0.0292|0.4874|0.4834,,,,,,,,state-markov,4,110,0.0019|0.008289|0.00831|0.02431,0.001428|0.007866|0.00838|0.01966,0.25|0.05882|0|0.2113,
controlled,108,3,ge10,pmc_pair,,oracle,state,,,,,-6448.18,0.316884,0.110136,5239,012,True,0.108108,37,0.11015,5202,0.891892,0.948385,0.195304,0.430965,0.862555,0.100328,0|0|0|0|0|2|3|2|2|28,0|0|0|0|0|1.4061|2.23824|1.70259|1.78295|27.9603,0|0|0|0|0|2|2|1|2|26,0.0000|0.6486|0.3514,0.0000|0.5201|0.4798,6.4293e-06|0.011703|0.012005,,,,,,,state-markov,4,110,0.0019|0.008289|0.00831|0.02431,0.001428|0.007866|0.00838|0.01966,0.25|0.05882|0|0.2113,
controlled,108,3,ge10,pmc_pair,,oracle,state-markov,,,,,-6409.53,0.335462,0.122733,5239,012,True,0.108108,37,0.122837,5202,0.891892,0.945455,0.198501,0.434136,0.859837,0.117189,0|0|0|0|2|1|2|2|2|28,0|0|0|0|1.32866|0.707913|1.49686|1.70181|1.78635|27.9603,0|0|0|0|2|1|1|1|2|26,0.0000|0.6486|0.3514,0.0000|0.5174|0.4826,6.5474e-06|0.011783|0.012154,5.3972e-06|0.01184|0.012149,0.17568|0.007027|0.012548,,,,,state-markov,4,110,0.0019|0.008289|0.00831|0.02431,0.001428|0.007866|0.00838|0.01966,0.25|0.05882|0|0.2113,
controlled,108,3,ge10,hmc_in,0,unsupervised,ignorable,start,17,2.46267,-2.3539|-0.5375|1.2851,-7621.74,0.110974,0.436915,5239,021,False,0.432432,37,0.436947,5202,0.567568,0.970464,0.858183,3.03892,0.547478,0.439225,0|0|0|0|0|1|1|2|1|32,0|0|0|0|0|0.682972|0.738182|1.6978|0.906764|31.8814,0|0|0|0|0|1|1|1|1|17,0.0000|0.6486|0.3514,0.0005|0.8462|0.1533,,,,,,,-582.9723|-549.0199,state-markov,4,110,0.0019|0.008289|0.00831|0.02431,0.001428|0.007866|0.00838|0.01966,0.25|0.05882|0|0.2113,
controlled,108,3,ge10,hmc_in,0,unsupervised,state,start,17,2.34951,-2.3540|-0.5381|1.2849,-8203.94,0.123824,0.436915,5239,021,False,0.432432,37,0.436947,5202,0.567568,0.968402,0.862859,3.00698,0.544292,0.445696,0|0|0|0|1|1|0|1|2|32,0|0|0|0|0.648985|0.708345|0|0.812724|1.77454|31.8863,0|0|0|0|1|1|0|1|1|17,0.0000|0.6486|0.3514,0.0003|0.8427|0.1569,0.010954|0.015736|0.013466,,,0.010954|0.015736|0.013466,,,-582.9723|-549.0199,state-markov,4,110,0.0019|0.008289|0.00831|0.02431,0.001428|0.007866|0.00838|0.01966,0.25|0.05882|0|0.2113,
controlled,108,3,ge10,hmc_in,0,unsupervised,state-markov,start,17,2.33507,-2.3539|-0.5367|1.2854,-8169.1,0.179369,0.436725,5239,021,False,0.432432,37,0.436755,5202,0.567568,0.97081,0.858597,3.02782,0.547592,0.443636,0|0|0|0|0|1|1|1|2|32,0|0|0|0|0|0.676363|0.747119|0.829245|1.78107|31.8862,0|0|0|0|0|1|1|1|1|17,0.0000|0.6486|0.3514,0.0003|0.8463|0.1534,0.010902|0.015883|0.013384,0.0087136|0.012507|0.012002,0.20945|0.22505|0.11525,0.010902|0.015883|0.013384,0.0087136|0.012507|0.012002,0.20945|0.22505|0.11525,-582.9723|-549.0199,state-markov,4,110,0.0019|0.008289|0.00831|0.02431,0.001428|0.007866|0.00838|0.01966,0.25|0.05882|0|0.2113,
controlled,108,3,ge10,hmc_in,0,unsupervised,state,ignorable fit,3,0.430129,-2.3561|-0.5484|1.2827,-8203.41,0.138492,0.436534,5239,021,False,0.432432,37,0.436563,5202,0.567568,0.968989,0.861531,3.00278,0.545246,0.44528,0|0|0|0|1|1|0|1|2|32,0|0|0|0|0.654522|0.717051|0|0.817044|1.77801|31.886,0|0|0|0|1|1|0|1|1|17,0.0000|0.6486|0.3514,0.0003|0.8438|0.1559,0.011059|0.01559|0.013494,,,0.011059|0.01559|0.013494,,,-582.9723|-549.0199,state-markov,4,110,0.0019|0.008289|0.00831|0.02431,0.001428|0.007866|0.00838|0.01966,0.25|0.05882|0|0.2113,
controlled,108,3,ge10,hmc_in,0,unsupervised,state-markov,ignorable fit,3,0.421317,-2.3561|-0.5481|1.2828,-8168.53,0.0931024,0.436534,5239,021,False,0.432432,37,0.436563,5202,0.567568,0.971187,0.857439,3.02144,0.548366,0.438588,0|0|0|0|0|1|1|2|1|32,0|0|0|0|0|0.680523|0.753563|1.69638|0.919006|31.8845,0|0|0|0|0|1|1|1|1|17,0.0000|0.6486|0.3514,0.0003|0.8471|0.1525,0.010991|0.015697|0.013441,0.0087536|0.012448|0.012008,0.21234|0.21947|0.1186,0.010991|0.015697|0.013441,0.0087536|0.012448|0.012008,0.21234|0.21947|0.1186,-582.9723|-549.0199,state-markov,4,110,0.0019|0.008289|0.00831|0.02431,0.001428|0.007866|0.00838|0.01966,0.25|0.05882|0|0.2113,
controlled,108,3,any,hmc_in,,oracle,ignorable,,,,,-9596.56,0.131666,0.117389,5239,012,True,0.0716846,558,0.122837,4681,0.928315,0.986499,0.139228,0.844613,0.920468,0.0657553,0|0|3|1|0|4|13|1|7|529,0|0|1.52424|0.544142|0|2.80726|10.154|0.857851|6.41242|528.166,0|0|2|1|0|3|11|1|5|495,0.0681|0.5036|0.4283,0.1035|0.4771|0.4195,,,,,,,,state,0,909,0.01853|0.1336|0.2281|0.1181,0.01791|0.09679|0.189|0.07417,0.05128|0.3723|0.3603|0.4464,
controlled,108,3,any,hmc_in,,oracle,state,,,,,-12505.6,0.141522,0.107654,5239,012,True,0.0645161,558,0.112796,4681,0.935484,0.994792,0.12003,0.717187,0.936032,0.0615761,0|0|0|2|0|1|2|1|3|549,0|0|0|1.10704|0|0.667657|1.52581|0.810914|2.69962|548.283,0|0|0|0|0|1|0|0|3|518,0.0681|0.5036|0.4283,0.0919|0.4910|0.4172,0.018097|0.13699|0.22058,,,,,,,state,0,909,0.01853|0.1336|0.2281|0.1181,0.01791|0.09679|0.189|0.07417,0.05128|0.3723|0.3603|0.4464,
controlled,108,3,any,hmc_in,,oracle,state-markov,,,,,-12543,0.113063,0.1067,5239,012,True,0.0609319,558,0.112156,4681,0.939068,0.994338,0.117154,0.69466,0.937509,0.0571906,0|0|0|4|0|1|0|1|2|550,0|0|0|2.21164|0|0.6691|0|0.807949|1.79507|549.357,0|0|0|2|0|1|0|0|2|519,0.0681|0.5036|0.4283,0.0905|0.4924|0.4171,0.018156|0.13697|0.2205,0.018428|0.14107|0.2259,0.0034799|0.1112|0.2014,,,,,state,0,909,0.01853|0.1336|0.2281|0.1181,0.01791|0.09679|0.189|0.07417,0.05128|0.3723|0.3603|0.4464,
controlled,108,3,any,pmc_pair,,oracle,ignorable,,,,,-5159.42,0.566191,0.114144,5239,012,True,0.116487,558,0.113865,4681,0.883513,0.959823,0.195951,0.528836,0.872066,0.0956462,0|0|0|9|4|18|19|23|18|467,0|0|0|5.10237|2.54919|12.4622|14.6933|19.1083|16.3945|465.271,0|0|0|9|2|5|10|20|17|430,0.0681|0.5036|0.4283,0.1067|0.4131|0.4802,,,,,,,,state,0,909,0.01853|0.1336|0.2281|0.1181,0.01791|0.09679|0.189|0.07417,0.05128|0.3723|0.3603|0.4464,
controlled,108,3,any,pmc_pair,,oracle,state,,,,,-8035.04,0.548721,0.0576446,5239,012,True,0.0555556,558,0.0578936,4681,0.944444,0.972332,0.0791395,0.245777,0.94092,0.0411409,0|0|3|12|6|0|3|7|27|500,0|0|1.56041|6.76671|3.71917|0|2.27509|5.87155|24.1557|498.213,0|0|1|4|1|0|3|7|26|485,0.0681|0.5036|0.4283,0.0898|0.4736|0.4366,0.018097|0.13699|0.22058,,,,,,,state,0,909,0.01853|0.1336|0.2281|0.1181,0.01791|0.09679|0.189|0.07417,0.05128|0.3723|0.3603|0.4464,
controlled,108,3,any,pmc_pair,,oracle,state-markov,,,,,-8064.32,0.606578,0.0543997,5239,012,True,0.046595,558,0.0553301,4681,0.953405,0.97231,0.0699681,0.228473,0.94571,0.0318447,0|0|2|13|6|0|5|7|28|497,0|0|1.00599|7.23325|3.67735|0|3.87661|5.82996|25.3608|495.565,0|0|2|3|4|0|5|7|25|486,0.0681|0.5036|0.4283,0.0864|0.4781|0.4355,0.018156|0.13697|0.2205,0.018428|0.14107|0.2259,0.0034799|0.1112|0.2014,,,,,state,0,909,0.01853|0.1336|0.2281|0.1181,0.01791|0.09679|0.189|0.07417,0.05128|0.3723|0.3603|0.4464,
controlled,108,3,any,hmc_in,0,unsupervised,ignorable,start,16,2.12817,-2.3609|-0.5722|1.2540,-6766.11,0.115535,0.436343,5239,021,False,0.541219,558,0.423841,4681,0.458781,0.97164,1.0389,3.68601,0.461276,0.512858,0|0|6|8|6|6|7|10|6|509,0|0|3.0838|4.49308|3.74582|4.12766|5.37734|8.46634|5.45182|507.429,0|0|1|4|2|0|3|5|1|240,0.0681|0.5036|0.4283,0.0627|0.8335|0.1037,,,,,,,-2851.3186|-2848.5122,state,0,909,0.01853|0.1336|0.2281|0.1181,0.01791|0.09679|0.189|0.07417,0.05128|0.3723|0.3603|0.4464,
controlled,108,3,any,hmc_in,0,unsupervised,state,start,16,2.11404,-2.3610|-0.5634|1.2577,-9546.14,0.109053,0.435388,5239,021,False,0.532258,558,0.423841,4681,0.467742,0.973073,1.0276,3.89769,0.467659,0.505332,0|0|3|8|9|7|4|7|14|506,0|0|1.54583|4.45897|5.66057|4.81652|3.12012|5.95921|12.7729|504.641,0|0|1|2|4|3|2|2|5|242,0.0681|0.5036|0.4283,0.0602|0.8417|0.0981,0.054044|0.09356|0.15426,,,0.054044|0.09356|0.15426,,,-2851.3186|-2848.5122,state,0,909,0.01853|0.1336|0.2281|0.1181,0.01791|0.09679|0.189|0.07417,0.05128|0.3723|0.3603|0.4464,
controlled,108,3,any,hmc_in,0,unsupervised,state-markov,start,16,2.18799,-2.3608|-0.5617|1.2580,-9538.97,0.114569,0.435579,5239,021,False,0.53405,558,0.423841,4681,0.46595,0.973338,1.03223,3.86257,0.465371,0.508079,0|0|4|5|9|11|3|4|13|509,0|0|2.08496|2.8072|5.67558|7.68936|2.29642|3.34895|11.7168|507.503,0|0|1|3|2|5|1|1|6|241,0.0681|0.5036|0.4283,0.0602|0.8399|0.0998,0.053962|0.094201|0.154,0.052672|0.086514|0.15752,0.076582|0.16812|0.13466,0.053962|0.094201|0.154,0.052672|0.086514|0.15752,0.076582|0.16812|0.13466,-2851.3186|-2848.5122,state,0,909,0.01853|0.1336|0.2281|0.1181,0.01791|0.09679|0.189|0.07417,0.05128|0.3723|0.3603|0.4464,
controlled,108,3,any,hmc_in,0,unsupervised,state,ignorable fit,3,0.38729,-2.3631|-0.5804|1.2526,-9545.54,0.107911,0.435198,5239,021,False,0.532258,558,0.423627,4681,0.467742,0.973264,1.02574,3.87922,0.468608,0.505522,0|0|3|7|10|7|4|7|15|505,0|0|1.58798|3.83386|6.35704|4.86834|3.08671|5.93215|13.6867|503.728,0|0|0|2|4|4|2|1|6|242,0.0681|0.5036|0.4283,0.0599|0.8429|0.0972,0.054473|0.093134|0.15381,,,0.054473|0.093134|0.15381,,,-2851.3186|-2848.5122,state,0,909,0.01853|0.1336|0.2281|0.1181,0.01791|0.09679|0.189|0.07417,0.05128|0.3723|0.3603|0.4464,
controlled,108,3,any,hmc_in,0,unsupervised,state-markov,ignorable fit,3,0.408434,-2.3631|-0.5800|1.2526,-9538.4,0.127718,0.435579,5239,021,False,0.53405,558,0.423841,4681,0.46595,0.973533,1.03007,3.84389,0.466498,0.507583,0|0|3|8|6|13|3|3|12|510,0|0|1.54416|4.62035|3.81745|9.11827|2.35297|2.50989|10.8224|508.446,0|0|1|2|3|5|1|1|5|242,0.0681|0.5036|0.4283,0.0600|0.8412|0.0987,0.054724|0.093402|0.15356,0.052953|0.086223|0.15693,0.085307|0.16308|0.13496,0.054724|0.093402|0.15356,0.052953|0.086223|0.15693,0.085307|0.16308|0.13496,-2851.3186|-2848.5122,state,0,909,0.01853|0.1336|0.2281|0.1181,0.01791|0.09679|0.189|0.07417,0.05128|0.3723|0.3603|0.4464,
controlled,108,3,any,hmc_in,,oracle,ignorable,,,,,-9600.75,0.148565,0.11758,5239,012,True,0.069808,573,0.123446,4666,0.930192,0.975319,0.135756,0.64924,0.915629,0.0647997,0|0|15|1|2|1|4|3|26|521,0|0|7.69616|0.548615|1.26569|0.667581|3.04724|2.45213|23.5666|519.614,0|0|13|0|1|1|2|2|20|494,0.0663|0.5096|0.4241,0.1118|0.4863|0.4019,,,,,,,,state,1,907,0.01853|0.1336|0.2281|0.1181,0.01791|0.09679|0.189|0.07417,0.05128|0.3723|0.3603|0.4464,
controlled,108,3,any,hmc_in,,oracle,state,,,,,-12506.7,0.129889,0.111281,5239,012,True,0.0506108,573,0.118731,4666,0.949389,0.981758,0.102706,0.478569,0.934287,0.0482384,0|0|1|1|1|15|4|5|20|526,0|0|0.521258|0.557393|0.655269|10.7195|3.14437|4.14108|18.4756|524.333,0|0|1|1|1|14|3|4|18|502,0.0663|0.5096|0.4241,0.0962|0.4959|0.4079,0.018096|0.14235|0.22427,,,,,,,state,1,907,0.01853|0.1336|0.2281|0.1181,0.01791|0.09679|0.189|0.07417,0.05128|0.3723|0.3603|0.4464,
controlled,108,3,any,hmc_in,,oracle,state-markov,,,,,-12498.6,0.144946,0.111281,5239,012,True,0.0506108,573,0.118731,4666,0.949389,0.981614,0.10231,0.48335,0.934141,0.048586,0|0|1|1|0|3|19|9|11|529,0|0|0.508906|0.559722|0|2.06076|14.5677|7.67629|9.71532|527.376,0|0|1|1|0|2|18|8|9|505,0.0663|0.5096|0.4241,0.0965|0.4958|0.4077,0.018149|0.14234|0.2242,0.017952|0.13934|0.22934,0.028813|0.16038|0.20639,,,,,state,1,907,0.01853|0.1336|0.2281|0.1181,0.01791|0.09679|0.189|0.07417,0.05128|0.3723|0.3603|0.4464,
controlled,108,3,any,pmc_pair,,oracle,ignorable,,,,,-5126.17,0.552336,0.13514,5239,012,True,0.151832,573,0.13309,4666,0.848168,0.957714,0.226255,0.541567,0.856342,0.11575,0|1|6|9|1|15|22|12|33|474,0|0.422239|3.09449|5.12817|0.660094|10.4117|16.5071|10.0861|29.8279|472.632,0|0|4|6|0|3|2|4|14|453,0.0663|0.5096|0.4241,0.1050|0.4124|0.4826,,,,,,,,state,1,907,0.01853|0.1336|0.2281|0.1181,0.01791|0.09679|0.189|0.07417,0.05128|0.3723|0.3603|0.4464,
controlled,108,3,any,pmc_pair,,oracle,state,,,,,-8006.53,0.586236,0.0899027,5239,012,True,0.113438,573,0.0870124,4666,0.886562,0.95808,0.140405,0.322995,0.901983,0.0745134,0|1|5|18|17|1|13|3|29|486,0|0.454014|2.59724|10.1848|10.8544|0.687777|9.8657|2.53373|26.4423|485.36,0|1|2|1|3|1|8|2|12|478,0.0663|0.5096|0.4241,0.0891|0.4443|0.4666,0.018096|0.14235|0.22427,,,,,,,state,1,907,0.01853|0.1336|0.2281|0.1181,0.01791|0.09679|0.189|0.07417,0.05128|0.3723|0.3603|0.4464,
controlled,108,3,any,pmc_pair,,oracle,state-markov,,,,,-8000.14,0.712084,0.0899027,5239,012,True,0.113438,573,0.0870124,4666,0.886562,0.957467,0.141833,0.338599,0.901436,0.0748474,0|1|4|27|9|5|10|1|15|501,0|0.46428|2.09952|15.4342|5.58172|3.56341|7.55643|0.842869|13.5114|499.575,0|1|0|3|3|4|6|1|13|477,0.0663|0.5096|0.4241,0.0898|0.4444|0.4658,0.018149|0.14234|0.2242,0.017952|0.13934|0.22934,0.028813|0.16038|0.20639,,,,,state,1,907,0.01853|0.1336|0.2281|0.1181,0.01791|0.09679|0.189|0.07417,0.05128|0.3723|0.3603|0.4464,
controlled,108,3,any,hmc_in,0,unsupervised,ignorable,start,16,2.14288,-2.3651|-0.5806|1.2466,-6737.68,0.129019,0.435007,5239,021,False,0.478185,573,0.429704,4666,0.521815,0.969515,0.919221,3.20676,0.519299,0.4477,0|0|7|7|8|10|3|9|12|517,0|0|3.60684|3.99094|5.13415|7.13031|2.28506|7.49156|10.7733|515.12,0|0|2|2|3|5|2|6|8|271,0.0663|0.5096|0.4241,0.0531|0.8406|0.1063,,,,,,,-2847.1630|-2839.1771,state,1,907,0.01853|0.1336|0.2281|0.1181,0.01791|0.09679|0.189|0.07417,0.05128|0.3723|0.3603|0.4464,
controlled,108,3,any,hmc_in,0,unsupervised,state,start,15,2.05303,-2.3630|-0.5583|1.2549,-9511,0.126251,0.435007,5239,021,False,0.471204,573,0.430562,4666,0.528796,0.972023,0.915634,3.48468,0.522833,0.447962,0|0|7|7|5|6|9|8|12|519,0|0|3.6434|3.99495|3.22617|4.15204|6.95824|6.64904|10.8538|517.492,0|0|5|2|2|2|6|3|7|276,0.0663|0.5096|0.4241,0.0516|0.8501|0.0983,0.058844|0.083428|0.15761,,,0.058844|0.083428|0.15761,,,-2847.1630|-2839.1771,state,1,907,0.01853|0.1336|0.2281|0.1181,0.01791|0.09679|0.189|0.07417,0.05128|0.3723|0.3603|0.4464,
controlled,108,3,any,hmc_in,0,unsupervised,state-markov,start,15,2.12436,-2.3631|-0.5594|1.2545,-9508.14,0.12358,0.434816,5239,021,False,0.471204,573,0.430347,4666,0.528796,0.971925,0.915863,3.477,0.522677,0.446308,0|0|6|8|5|7|7|8|13|519,0|0|3.08929|4.5306|3.20769|4.8914|5.42056|6.58242|11.7101|517.481,0|0|4|3|2|3|5|3|7|276,0.0663|0.5096|0.4241,0.0515|0.8497|0.0987,0.05891|0.083587|0.15748,0.057586|0.082069|0.15224,0.080059|0.10023|0.18555,0.05891|0.083587|0.15748,0.057586|0.082069|0.15224,0.080059|0.10023|0.18555,-2847.1630|-2839.1771,state,1,907,0.01853|0.1336|0.2281|0.1181,0.01791|0.09679|0.189|0.07417,0.05128|0.3723|0.3603|0.4464,
controlled,108,3,any,hmc_in,0,unsupervised,state,ignorable fit,3,0.400213,-2.3673|-0.5886|1.2461,-9509.7,0.139759,0.434434,5239,021,False,0.471204,573,0.429919,4666,0.528796,0.972467,0.914007,3.4631,0.523983,0.444993,0|0|7|7|5|6|6|10|14|518,0|0|3.62114|4.04393|3.15575|4.18028|4.63722|8.24959|12.6883|516.647,0|0|4|3|1|4|2|5|9|275,0.0663|0.5096|0.4241,0.0509|0.8517|0.0974,0.058571|0.08383|0.15662,,,0.058571|0.08383|0.15662,,,-2847.1630|-2839.1771,state,1,907,0.01853|0.1336|0.2281|0.1181,0.01791|0.09679|0.189|0.07417,0.05128|0.3723|0.3603|0.4464,
controlled,108,3,any,hmc_in,0,unsupervised,state-markov,ignorable fit,3,0.396277,-2.3673|-0.5888|1.2460,-9506.85,0.137643,0.434434,5239,021,False,0.471204,573,0.429919,4666,0.528796,0.972374,0.914307,3.45655,0.523789,0.444896,0|0|7|8|4|5|8|9|15|517,0|0|3.62262|4.61881|2.55875|3.4407|6.16516|7.44723|13.6148|515.702,0|0|4|3|1|3|4|4|9|275,0.0663|0.5096|0.4241,0.0509|0.8513|0.0978,0.058649|0.083971|0.15652,0.057305|0.082448|0.15125,0.080225|0.10058|0.18496,0.058649|0.083971|0.15652,0.057305|0.082448|0.15125,0.080225|0.10058|0.18496,-2847.1630|-2839.1771,state,1,907,0.01853|0.1336|0.2281|0.1181,0.01791|0.09679|0.189|0.07417,0.05128|0.3723|0.3603|0.4464,
controlled,108,3,any,hmc_in,,oracle,ignorable,,,,,-9555.38,0.158485,0.117771,5239,012,True,0.0920354,565,0.120881,4674,0.907965,0.983492,0.169808,0.889302,0.902452,0.0844521,0|0|1|4|1|4|6|3|29|517,0|0|0.514199|2.21771|0.644767|2.79311|4.59461|2.47378|26.4678|515.967,0|0|0|3|0|3|2|2|28|475,0.0549|0.4920|0.4531,0.1294|0.4537|0.4169,,,,,,,,state,2,928,0.01853|0.1336|0.2281|0.1181,0.01791|0.09679|0.189|0.07417,0.05128|0.3723|0.3603|0.4464,
controlled,108,3,any,hmc_in,,oracle,state,,,,,-12581.7,0.151202,0.122161,5239,012,True,0.100885,565,0.124733,4674,0.899115,0.975039,0.150607,0.65553,0.906964,0.0846527,0|0|0|8|8|10|3|8|21|507,0|0|0|4.5672|5.0685|6.81827|2.36363|6.75359|18.7806|506.545,0|0|0|2|1|0|0|7|21|477,0.0549|0.4920|0.4531,0.1022|0.4360|0.4617,0.014774|0.13553|0.23627,,,,,,,state,2,928,0.01853|0.1336|0.2281|0.1181,0.01791|0.09679|0.189|0.07417,0.05128|0.3723|0.3603|0.4464,
controlled,108,3,any,hmc_in,,oracle,state-markov,,,,,-12605.8,0.144478,0.121588,5239,012,True,0.100885,565,0.124091,4674,0.899115,0.97534,0.147568,0.642943,0.908622,0.0870174,0|0|0|8|6|13|3|7|19|509,0|0|0|4.61079|3.77268|9.01075|2.33448|5.94663|17.0045|508.387,0|0|0|0|1|0|2|7|19|479,0.0549|0.4920|0.4531,0.0998|0.4358|0.4644,0.01484|0.13554|0.23619,0.014992|0.1364|0.23805,0.0046925|0.13004|0.23016,,,,,state,2,928,0.01853|0.1336|0.2281|0.1181,0.01791|0.09679|0.189|0.07417,0.05128|0.3723|0.3603|0.4464,
controlled,108,3,any,pmc_pair,,oracle,ignorable,,,,,-5119.55,0.567272,0.14602,5239,012,True,0.153982,565,0.145058,4674,0.846018,0.934395,0.231522,0.680117,0.842485,0.098079,0|0|19|18|23|16|19|7|6|457,0|0|9.69442|10.1501|14.8032|11.0459|14.7343|5.83065|5.44653|456.228,0|0|10|6|10|7|17|6|5|417,0.0549|0.4920|0.4531,0.1154|0.3779|0.5067,,,,,,,,state,2,928,0.01853|0.1336|0.2281|0.1181,0.01791|0.09679|0.189|0.07417,0.05128|0.3723|0.3603|0.4464,
controlled,108,3,any,pmc_pair,,oracle,state,,,,,-8085.22,0.535549,0.0753961,5239,012,True,0.106195,565,0.0716731,4674,0.893805,0.959675,0.150069,0.308684,0.897034,0.0731059,0|0|6|11|9|17|7|16|13|486,0|0|3.04188|6.19236|5.95588|11.9846|5.42335|13.1462|11.5476|484.925,0|0|3|4|8|5|1|3|11|470,0.0549|0.4920|0.4531,0.0754|0.4270|0.4975,0.014774|0.13553|0.23627,,,,,,,state,2,928,0.01853|0.1336|0.2281|0.1181,0.01791|0.09679|0.189|0.07417,0.05128|0.3723|0.3603|0.4464,
controlled,108,3,any,pmc_pair,,oracle,state-markov,,,,,-8104.65,0.615406,0.0755869,5239,012,True,0.107965,565,0.0716731,4674,0.892035,0.960806,0.150541,0.313477,0.897495,0.0687709,0|0|6|10|3|26|5|16|11|488,0|0|3.09212|5.58961|1.93548|18.3041|3.94107|13.2602|9.84416|486.889,0|0|2|3|1|13|2|2|9|472,0.0549|0.4920|0.4531,0.0750|0.4279|0.4971,0.01484|0.13554|0.23619,0.014992|0.1364|0.23805,0.0046925|0.13004|0.23016,,,,,state,2,928,0.01853|0.1336|0.2281|0.1181,0.01791|0.09679|0.189|0.07417,0.05128|0.3723|0.3603|0.4464,
controlled,108,3,any,hmc_in,0,unsupervised,ignorable,start,16,2.17342,-2.3710|-0.5877|1.2437,-6731.8,0.131603,0.432907,5239,021,False,0.516814,565,0.422764,4674,0.483186,0.96864,1.0018,3.6552,0.47738,0.485454,0|0|8|7|4|11|6|11|13|505,0|0|4.13213|3.91344|2.56204|7.71878|4.64686|9.17768|11.8427|503.288,0|0|2|3|2|5|3|5|8|245,0.0549|0.4920|0.4531,0.0634|0.8297|0.1070,,,,,,,-2890.5509|-2884.2693,state,2,928,0.01853|0.1336|0.2281|0.1181,0.01791|0.09679|0.189|0.07417,0.05128|0.3723|0.3603|0.4464,
controlled,108,3,any,hmc_in,0,unsupervised,state,start,15,2.06116,-2.3701|-0.5708|1.2496,-9556.65,0.157975,0.433861,5239,021,False,0.518584,565,0.42362,4674,0.481416,0.971086,1.0003,3.93901,0.478859,0.48967,0|0|1|8|8|8|12|12|10|506,0|0|0.508197|4.55475|5.12556|5.6817|9.27347|10.0589|8.93597|504.525,0|0|0|1|3|2|7|9|2|248,0.0549|0.4920|0.4531,0.0605|0.8397|0.0997,0.063607|0.087437|0.15761,,,0.063607|0.087437|0.15761,,,-2890.5509|-2884.2693,state,2,928,0.01853|0.1336|0.2281|0.1181,0.01791|0.09679|0.189|0.07417,0.05128|0.3723|0.3603|0.4464,
controlled,108,3,any,hmc_in,0,unsupervised,state-markov,start,15,2.25104,-2.3700|-0.5707|1.2495,-9554.07,0.101172,0.433861,5239,021,False,0.518584,565,0.42362,4674,0.481416,0.971449,1.00048,3.9176,0.478983,0.490033,0|0|0|9|6|9|11|13|11|506,0|0|0|5.07486|3.79445|6.3088|8.41848|10.8728|9.90892|504.49,0|0|0|1|2|3|5|9|4|248,0.0549|0.4920|0.4531,0.0607|0.8386|0.1007,0.063698|0.087621|0.15747,0.062016|0.084734|0.1541,0.08842|0.11768|0.17549,0.063698|0.087621|0.15747,0.062016|0.084734|0.1541,0.08842|0.11768|0.17549,-2890.5509|-2884.2693,state,2,928,0.01853|0.1336|0.2281|0.1181,0.01791|0.09679|0.189|0.07417,0.05128|0.3723|0.3603|0.4464,
controlled,108,3,any,hmc_in,0,unsupervised,state,ignorable fit,3,0.440841,-2.3731|-0.5937|1.2435,-9555.7,0.145941,0.432907,5239,021,False,0.518584,565,0.42255,4674,0.481416,0.970765,0.998575,3.90016,0.479632,0.489349,0|0|2|8|7|9|12|12|9|506,0|0|1.02868|4.59718|4.47998|6.36426|9.25709|10.1053|8.0861|504.564,0|0|0|1|2|2|8|7|4|248,0.0549|0.4920|0.4531,0.0597|0.8410|0.0993,0.062976|0.088184|0.15685,,,0.062976|0.088184|0.15685,,,-2890.5509|-2884.2693,state,2,928,0.01853|0.1336|0.2281|0.1181,0.01791|0.09679|0.189|0.07417,0.05128|0.3723|0.3603|0.4464,
controlled,108,3,any,hmc_in,0,unsupervised,state-markov,ignorable fit,3,0.392612,-2.3731|-0.5937|1.2435,-9553.11,0.161186,0.433098,5239,021,False,0.518584,565,0.422764,4674,0.481416,0.971196,0.998782,3.88032,0.479756,0.48978,0|0|2|7|7|11|8|11|14|505,0|0|1.05899|3.98458|4.42485|7.80041|6.20085|9.0965|12.5627|503.597,0|0|0|1|1|4|4|8|7|247,0.0549|0.4920|0.4531,0.0599|0.8399|0.1002,0.063091|0.088317|0.15672,0.061351|0.085499|0.15329,0.088931|0.11741|0.1752,0.063091|0.088317|0.15672,0.061351|0.085499|0.15329,0.088931|0.11741|0.1752,-2890.5509|-2884.2693,state,2,928,0.01853|0.1336|0.2281|0.1181,0.01791|0.09679|0.189|0.07417,0.05128|0.3723|0.3603|0.4464,
controlled,108,3,any,hmc_in,,oracle,ignorable,,,,,-9572.17,0.148342,0.116434,5239,012,True,0.0942408,573,0.11916,4666,0.905759,0.988493,0.177324,1.16739,0.903105,0.0839976,0|0|2|3|1|3|4|3|6|551,0|0|1.02292|1.63782|0.655061|2.09438|3.04695|2.46812|5.42012|550.061,0|0|1|2|0|1|3|1|4|507,0.0646|0.4991|0.4363,0.1260|0.4773|0.3967,,,,,,,,state,3,922,0.01853|0.1336|0.2281|0.1181,0.01791|0.09679|0.189|0.07417,0.05128|0.3723|0.3603|0.4464,
controlled,108,3,any,hmc_in,,oracle,state,,,,,-12567.9,0.0974649,0.114907,5239,012,True,0.0855148,573,0.118517,4666,0.914485,0.995623,0.164902,0.923137,0.914029,0.0811378,0|0|0|1|0|1|0|3|7|561,0|0|0|0.538633|0|0.67629|0|2.47637|6.30852|560.492,0|0|0|0|0|0|0|2|6|516,0.0646|0.4991|0.4363,0.1151|0.4832|0.4017,0.017623|0.13943|0.23073,,,,,,,state,3,922,0.01853|0.1336|0.2281|0.1181,0.01791|0.09679|0.189|0.07417,0.05128|0.3723|0.3603|0.4464,
controlled,108,3,any,hmc_in,,oracle,state-markov,,,,,-12537.2,0.139543,0.114907,5239,012,True,0.0855148,573,0.118517,4666,0.914485,0.995569,0.164889,0.967477,0.913989,0.0810839,0|0|0|1|1|0|0|3|7|561,0|0|0|0.553874|0.643871|0|0|2.5102|6.28624|560.467,0|0|0|0|0|0|0|2|6|516,0.0646|0.4991|0.4363,0.1151|0.4834|0.4015,0.017666|0.13944|0.23065,0.016969|0.14446|0.23274,0.056409|0.10851|0.22368,,,,,state,3,922,0.01853|0.1336|0.2281|0.1181,0.01791|0.09679|0.189|0.07417,0.05128|0.3723|0.3603|0.4464,
controlled,108,3,any,pmc_pair,,oracle,ignorable,,,,,-5103.24,0.598572,0.153846,5239,012,True,0.181501,573,0.15045,4666,0.818499,0.967027,0.311907,0.800255,0.818228,0.153228,0|0|4|1|3|7|20|12|49|477,0|0|2.04136|0.560386|1.8863|4.94562|15.0863|10.2067|44.1573|475.223,0|0|2|1|2|3|12|11|10|428,0.0646|0.4991|0.4363,0.1225|0.3617|0.5158,,,,,,,,state,3,922,0.01853|0.1336|0.2281|0.1181,0.01791|0.09679|0.189|0.07417,0.05128|0.3723|0.3603|0.4464,
controlled,108,3,any,pmc_pair,,oracle,state,,,,,-8052.67,0.579037,0.0502004,5239,012,True,0.0541012,573,0.0497214,4666,0.945899,0.966757,0.0954799,0.302215,0.926481,0.0361764,0|0|0|7|3|4|23|20|33|483,0|0|0|3.97694|1.86953|2.79183|17.3746|16.7649|29.8631|481.311,0|0|0|7|3|2|12|17|27|474,0.0646|0.4991|0.4363,0.0977|0.4539|0.4484,0.017623|0.13943|0.23073,,,,,,,state,3,922,0.01853|0.1336|0.2281|0.1181,0.01791|0.09679|0.189|0.07417,0.05128|0.3723|0.3603|0.4464,
controlled,108,3,any,pmc_pair,,oracle,state-markov,,,,,-8029.66,0.566786,0.0406566,5239,012,True,0.0541012,573,0.0390056,4666,0.945899,0.967856,0.0973192,0.323254,0.926914,0.0570035,0|0|0|7|3|18|10|13|29|493,0|0|0|3.97457|1.88534|12.6406|7.72945|10.8764|26.4935|490.982,0|0|0|7|3|6|10|13|28|475,0.0646|0.4991|0.4363,0.1013|0.4533|0.4455,0.017666|0.13944|0.23065,0.016969|0.14446|0.23274,0.056409|0.10851|0.22368,,,,,state,3,922,0.01853|0.1336|0.2281|0.1181,0.01791|0.09679|0.189|0.07417,0.05128|0.3723|0.3603|0.4464,
controlled,108,3,any,hmc_in,0,unsupervised,ignorable,start,15,2.12295,-2.3630|-0.5639|1.2497,-6758.1,0.130945,0.434625,5239,021,False,0.518325,573,0.424346,4666,0.481675,0.966935,0.98083,3.42576,0.486997,0.485259,0|0|7|9|9|8|6|8|12|514,0|0|3.58867|5.1072|5.64688|5.61145|4.60941|6.63893|10.7336|512.117,0|0|0|3|3|3|2|3|5|257,0.0646|0.4991|0.4363,0.0717|0.8173|0.1110,,,,,,,-2878.2095|-2873.7343,state,3,922,0.01853|0.1336|0.2281|0.1181,0.01791|0.09679|0.189|0.07417,0.05128|0.3723|0.3603|0.4464,
controlled,108,3,any,hmc_in,0,unsupervised,state,start,15,2.01142,-2.3627|-0.5464|1.2561,-9580.52,0.0940991,0.433671,5239,021,False,0.507853,573,0.424561,4666,0.492147,0.967429,0.973264,3.66095,0.491252,0.477686,0|0|5|11|10|12|2|6|9|518,0|0|2.59497|6.31152|6.31031|8.32958|1.56573|4.97072|8.10072|516.153,0|0|0|7|2|5|1|2|4|261,0.0646|0.4991|0.4363,0.0683|0.8244|0.1073,0.064675|0.092343|0.15297,,,0.064675|0.092343|0.15297,,,-2878.2095|-2873.7343,state,3,922,0.01853|0.1336|0.2281|0.1181,0.01791|0.09679|0.189|0.07417,0.05128|0.3723|0.3603|0.4464,
controlled,108,3,any,hmc_in,0,unsupervised,state-markov,start,15,2.0834,-2.3625|-0.5459|1.2559,-9574.42,0.136439,0.433098,5239,021,False,0.507853,573,0.423918,4666,0.492147,0.966799,0.970481,3.61323,0.492367,0.474652,0|0|6|8|13|11|5|5|8|517,0|0|3.1109|4.47004|8.1284|7.7172|3.8155|4.27718|7.27867|515.178,0|0|3|2|3|6|1|3|4|260,0.0646|0.4991|0.4363,0.0688|0.8254|0.1058,0.065187|0.09149|0.15319,0.061995|0.085618|0.15403,0.11095|0.14979|0.14856,0.065187|0.09149|0.15319,0.061995|0.085618|0.15403,0.11095|0.14979|0.14856,-2878.2095|-2873.7343,state,3,922,0.01853|0.1336|0.2281|0.1181,0.01791|0.09679|0.189|0.07417,0.05128|0.3723|0.3603|0.4464,
controlled,108,3,any,hmc_in,0,unsupervised,state,ignorable fit,3,0.422285,-2.3655|-0.5735|1.2481,-9579.43,0.147592,0.432716,5239,021,False,0.504363,573,0.423918,4666,0.495637,0.966732,0.969456,3.61667,0.492948,0.472084,0|0|6|10|12|11|5|2|9|518,0|0|3.12129|5.73164|7.47548|7.69685|3.80132|1.71665|8.16449|516.23,0|0|3|3|4|6|1|2|4|261,0.0646|0.4991|0.4363,0.0676|0.8266|0.1058,0.064605|0.092539|0.15214,,,0.064605|0.092539|0.15214,,,-2878.2095|-2873.7343,state,3,922,0.01853|0.1336|0.2281|0.1181,0.01791|0.09679|0.189|0.07417,0.05128|0.3723|0.3603|0.4464,
controlled,108,3,any,hmc_in,0,unsupervised,state-markov,ignorable fit,3,0.421087,-2.3654|-0.5739|1.2477,-9573.22,0.12136,0.432525,5239,021,False,0.502618,573,0.423918,4666,0.497382,0.966207,0.966443,3.57029,0.494233,0.468825,0|0|4|15|12|10|3|0|12|517,0|0|2.05253|8.55176|7.55907|7.10791|2.31248|0|10.8087|515.244,0|0|2|6|3|6|1|0|6|261,0.0646|0.4991|0.4363,0.0680|0.8278|0.1042,0.065112|0.091797|0.15229,0.061755|0.085988|0.15303,0.11331|0.14927|0.14814,0.065112|0.091797|0.15229,0.061755|0.085988|0.15303,0.11331|0.14927|0.14814,-2878.2095|-2873.7343,state,3,922,0.01853|0.1336|0.2281|0.1181,0.01791|0.09679|0.189|0.07417,0.05128|0.3723|0.3603|0.4464,
controlled,108,3,any,hmc_in,,oracle,ignorable,,,,,-9607.42,0.130414,0.116816,5239,012,True,0.0851449,552,0.120546,4687,0.914855,0.991043,0.15895,0.940346,0.91339,0.0795513,0|0|1|1|1|1|4|3|5|536,0|0|0.503764|0.568072|0.659941|0.717323|3.11409|2.49058|4.52654|534.476,0|0|1|1|0|0|0|2|2|499,0.0851|0.4928|0.4221,0.1317|0.4732|0.3951,,,,,,,,state,4,880,0.01853|0.1336|0.2281|0.1181,0.01791|0.09679|0.189|0.07417,0.05128|0.3723|0.3603|0.4464,
controlled,108,3,any,hmc_in,,oracle,state,,,,,-12476.9,0.112576,0.113571,5239,012,True,0.076087,552,0.117986,4687,0.923913,0.988392,0.147259,0.798402,0.917783,0.0801663,0|0|2|1|3|1|0|17|5|523,0|0|1.02118|0.55406|1.92002|0.671185|0|14.1963|4.6154|522.614,0|0|0|1|3|0|0|17|4|485,0.0851|0.4928|0.4221,0.1253|0.4731|0.4015,0.022368|0.13261|0.21504,,,,,,,state,4,880,0.01853|0.1336|0.2281|0.1181,0.01791|0.09679|0.189|0.07417,0.05128|0.3723|0.3603|0.4464,
controlled,108,3,any,hmc_in,,oracle,state-markov,,,,,-12532.3,0.100379,0.112617,5239,012,True,0.076087,552,0.116919,4687,0.923913,0.988962,0.146468,0.763121,0.91857,0.0769605,0|0|2|1|4|0|0|17|5|523,0|0|1.02988|0.539144|2.56861|0|0|14.6045|4.60665|522.558,0|0|0|1|3|0|0|17|4|485,0.0851|0.4928|0.4221,0.1254|0.4739|0.4008,0.022431|0.1326|0.21497,0.022877|0.13096|0.21843,0.0029914|0.14338|0.20233,,,,,state,4,880,0.01853|0.1336|0.2281|0.1181,0.01791|0.09679|0.189|0.07417,0.05128|0.3723|0.3603|0.4464,
controlled,108,3,any,pmc_pair,,oracle,ignorable,,,,,-5191.25,0.679854,0.0614621,5239,012,True,0.0597826,552,0.0616599,4687,0.940217,0.949883,0.122536,0.45521,0.903644,0.0689067,0|0|5|17|18|3|5|23|39|442,0|0|2.46605|9.59689|11.4762|2.07835|3.80847|19.4261|35.3419|440.142,0|0|1|15|16|2|5|23|37|420,0.0851|0.4928|0.4221,0.1364|0.4433|0.4203,,,,,,,,state,4,880,0.01853|0.1336|0.2281|0.1181,0.01791|0.09679|0.189|0.07417,0.05128|0.3723|0.3603|0.4464,
controlled,108,3,any,pmc_pair,,oracle,state,,,,,-8039.67,0.552365,0.041611,5239,012,True,0.057971,552,0.0396842,4687,0.942029,0.961092,0.103186,0.307504,0.923695,0.0400328,0|0|26|5|1|2|0|7|28|483,0|0|13.3403|2.79228|0.647091|1.35644|0|5.91002|25.4327|481.044,0|0|18|3|1|0|0|5|26|467,0.0851|0.4928|0.4221,0.1192|0.4561|0.4248,0.022368|0.13261|0.21504,,,,,,,state,4,880,0.01853|0.1336|0.2281|0.1181,0.01791|0.09679|0.189|0.07417,0.05128|0.3723|0.3603|0.4464,
controlled,108,3,any,pmc_pair,,oracle,state-markov,,,,,-8090.7,0.492683,0.0482917,5239,012,True,0.0561594,552,0.0473651,4687,0.943841,0.967211,0.0969253,0.282494,0.929458,0.0559907,0|0|0|17|15|3|0|6|15|496,0|0|0|9.41461|9.59461|2.05694|0|5.04512|13.5822|494.207,0|0|0|17|2|2|0|5|15|480,0.0851|0.4928|0.4221,0.1128|0.4553|0.4319,0.022431|0.1326|0.21497,0.022877|0.13096|0.21843,0.0029914|0.14338|0.20233,,,,,state,4,880,0.01853|0.1336|0.2281|0.1181,0.01791|0.09679|0.189|0.07417,0.05128|0.3723|0.3603|0.4464,
controlled,108,3,any,hmc_in,0,unsupervised,ignorable,start,16,1.90335,-2.3662|-0.5855|1.2500,-6800.7,0.12377,0.435007,5239,021,False,0.514493,552,0.425645,4687,0.485507,0.968406,0.987353,3.59681,0.484747,0.482899,0|0|11|6|4|5|5|16|12|493,0|0|5.60554|3.5017|2.5629|3.50678|3.76775|13.384|10.8454|491.386,0|0|1|2|2|3|3|9|6|242,0.0851|0.4928|0.4221,0.0828|0.8101|0.1072,,,,,,,-2790.5731|-2784.6401,state,4,880,0.01853|0.1336|0.2281|0.1181,0.01791|0.09679|0.189|0.07417,0.05128|0.3723|0.3603|0.4464,
controlled,108,3,any,hmc_in,0,unsupervised,state,start,15,1.94881,-2.3648|-0.5743|1.2522,-9546.18,0.121757,0.433671,5239,021,False,0.503623,552,0.425432,4687,0.496377,0.970802,0.979772,3.84886,0.489653,0.474425,0|0|4|7|10|4|11|4|15|497,0|0|2.07988|3.91112|6.33488|2.9088|8.47008|3.38908|13.3808|495.408,0|0|2|2|5|1|7|1|9|247,0.0851|0.4928|0.4221,0.0820|0.8181|0.0999,0.07192|0.08165|0.14427,,,0.07192|0.08165|0.14427,,,-2790.5731|-2784.6401,state,4,880,0.01853|0.1336|0.2281|0.1181,0.01791|0.09679|0.189|0.07417,0.05128|0.3723|0.3603|0.4464,
controlled,108,3,any,hmc_in,0,unsupervised,state-markov,start,15,1.8299,-2.3649|-0.5749|1.2520,-9541.67,0.131027,0.433671,5239,021,False,0.503623,552,0.425432,4687,0.496377,0.970913,0.980219,3.83896,0.48947,0.478081,0|0|2|8|11|3|11|5|16|496,0|0|1.02151|4.38546|6.95422|2.17872|8.40009|4.2272|14.3005|494.476,0|0|2|2|5|0|8|2|9|246,0.0851|0.4928|0.4221,0.0821|0.8181|0.0999,0.072086|0.081542|0.14423,0.067676|0.079637|0.14126,0.12885|0.103|0.16186,0.072086|0.081542|0.14423,0.067676|0.079637|0.14126,0.12885|0.103|0.16186,-2790.5731|-2784.6401,state,4,880,0.01853|0.1336|0.2281|0.1181,0.01791|0.09679|0.189|0.07417,0.05128|0.3723|0.3603|0.4464,
controlled,108,3,any,hmc_in,0,unsupervised,state,ignorable fit,3,0.389826,-2.3685|-0.5937|1.2485,-9545.18,0.125932,0.434052,5239,021,False,0.503623,552,0.425859,4687,0.496377,0.971081,0.978619,3.82305,0.49036,0.478172,0|0|2|8|10|4|11|6|14|497,0|0|1.04303|4.39203|6.31064|2.78278|8.49836|5.00445|12.6062|495.399,0|0|2|2|4|2|6|2|8|248,0.0851|0.4928|0.4221,0.0813|0.8192|0.0995,0.07123|0.082333|0.14386,,,0.07123|0.082333|0.14386,,,-2790.5731|-2784.6401,state,4,880,0.01853|0.1336|0.2281|0.1181,0.01791|0.09679|0.189|0.07417,0.05128|0.3723|0.3603|0.4464,
controlled,108,3,any,hmc_in,0,unsupervised,state-markov,ignorable fit,3,0.396316,-2.3685|-0.5939|1.2484,-9540.67,0.0993458,0.434052,5239,021,False,0.503623,552,0.425859,4687,0.496377,0.971215,0.979093,3.81288,0.490184,0.476389,0|0|3|8|9|4|11|6|13|498,0|0|1.57192|4.47247|5.73507|2.76418|8.52105|5.04605|11.6599|496.34,0|0|2|3|3|2|6|2|7|249,0.0851|0.4928|0.4221,0.0813|0.8192|0.0995,0.071372|0.082252|0.14382,0.06702|0.080261|0.14084,0.12799|0.10447|0.16155,0.071372|0.082252|0.14382,0.06702|0.080261|0.14084,0.12799|0.10447|0.16155,-2790.5731|-2784.6401,state,4,880,0.01853|0.1336|0.2281|0.1181,0.01791|0.09679|0.189|0.07417,0.05128|0.3723|0.3603|0.4464,
controlled,108,3,any,hmc_in,,oracle,ignorable,,,,,-9499.31,0.124694,0.131514,5239,012,True,0.11512,582,0.133562,4657,0.88488,0.968384,0.169453,0.786001,0.894379,0.0850496,1|0|3|18|9|4|7|5|10|525,0.389621|0|1.55028|10.4735|5.77823|2.78598|5.41368|4.17277|8.98595|524.049,0|0|2|2|3|2|3|3|5|495,0.0790|0.4553|0.4656,0.1335|0.4166|0.4499,,,,,,,,state-markov,0,976,0.01853|0.1336|0.2281|0.1181,0.01791|0.09679|0.189|0.07417,0.05128|0.3723|0.3603|0.4464,
controlled,108,3,any,hmc_in,,oracle,state,,,,,-12550.2,0.117859,0.118534,5239,012,True,0.0876289,582,0.122396,4657,0.912371,0.990851,0.16634,0.687385,0.909711,0.0822503,0|0|1|2|0|2|2|6|6|563,0|0|0.502535|1.09099|0|1.38028|1.53909|4.98344|5.46912|561.71,0|0|0|1|0|2|2|5|4|517,0.0790|0.4553|0.4656,0.1061|0.4203|0.4736,0.021899|0.1292|0.25011,,,,,,,state-markov,0,976,0.01853|0.1336|0.2281|0.1181,0.01791|0.09679|0.189|0.07417,0.05128|0.3723|0.3603|0.4464,
controlled,108,3,any,hmc_in,,oracle,state-markov,,,,,-12298.2,0.148215,0.121015,5239,012,True,0.0893471,582,0.124973,4657,0.910653,0.989101,0.162775,0.67412,0.910067,0.0828222,0|0|1|3|0|2|3|5|21|547,0|0|0.517262|1.74869|0|1.35349|2.37376|4.17462|19.2363|546.253,0|0|0|1|0|2|3|3|4|517,0.0790|0.4553|0.4656,0.1075|0.4214|0.4711,0.022059|0.12974|0.25037,0.021398|0.096692|0.18929,0.051384|0.35139|0.43327,,,,,state-markov,0,976,0.01853|0.1336|0.2281|0.1181,0.01791|0.09679|0.189|0.07417,0.05128|0.3723|0.3603|0.4464,
controlled,108,3,any,pmc_pair,,oracle,ignorable,,,,,-5137.39,0.545437,0.128269,5239,012,True,0.170103,582,0.123041,4657,0.829897,0.958484,0.271088,0.719881,0.833625,0.128965,0|2|3|6|2|22|11|35|17|484,0|0.889867|1.55272|3.40953|1.24268|15.4254|8.5244|29.0441|15.323|482.426,0|1|1|2|1|7|8|11|15|437,0.0790|0.4553|0.4656,0.1273|0.3452|0.5275,,,,,,,,state-markov,0,976,0.01853|0.1336|0.2281|0.1181,0.01791|0.09679|0.189|0.07417,0.05128|0.3723|0.3603|0.4464,
controlled,108,3,any,pmc_pair,,oracle,state,,,,,-8142.04,0.48308,0.0553541,5239,012,True,0.0773196,582,0.052609,4657,0.92268,0.978658,0.134714,0.443999,0.917086,0.0631393,0|0|5|4|4|0|10|8|7|544,0|0|2.62175|2.13994|2.51538|0|7.72389|6.67659|6.20859|541.693,0|0|1|0|3|0|9|7|6|511,0.0790|0.4553|0.4656,0.0985|0.4069|0.4946,0.021899|0.1292|0.25011,,,,,,,state-markov,0,976,0.01853|0.1336|0.2281|0.1181,0.01791|0.09679|0.189|0.07417,0.05128|0.3723|0.3603|0.4464,
controlled,108,3,any,pmc_pair,,oracle,state-markov,,,,,-7906.37,0.517642,0.0627982,5239,012,True,0.0876289,582,0.0596951,4657,0.912371,0.975946,0.150117,0.457741,0.907966,0.0654858,0|0|2|15|1|3|1|10|10|540,0|0|1.03195|8.5278|0.649477|2.02728|0.794442|8.36905|9.08448|537.516,0|0|0|6|1|2|1|8|7|506,0.0790|0.4553|0.4656,0.1015|0.4012|0.4973,0.022059|0.12974|0.25037,0.021398|0.096692|0.18929,0.051384|0.35139|0.43327,,,,,state-markov,0,976,0.01853|0.1336|0.2281|0.1181,0.01791|0.09679|0.189|0.07417,0.05128|0.3723|0.3603|0.4464,
controlled,108,3,any,hmc_in,0,unsupervised,ignorable,start,15,2.10022,-2.3621|-0.5460|1.2430,-6700.38,0.125258,0.43577,5239,021,False,0.54811,582,0.421731,4657,0.45189,0.963267,1.04703,3.56517,0.450115,0.511377,0|0|4|5|15|13|11|14|10|510,0|0|2.05474|2.87792|9.54655|9.11154|8.41606|11.7023|8.9771|507.935,0|0|1|2|5|6|4|8|4|233,0.0790|0.4553|0.4656,0.0755|0.8292|0.0953,,,,,,,-2987.7262|-2655.9511,state-markov,0,976,0.01853|0.1336|0.2281|0.1181,0.01791|0.09679|0.189|0.07417,0.05128|0.3723|0.3603|0.4464,
controlled,108,3,any,hmc_in,0,unsupervised,state,start,15,1.99154,-2.3610|-0.5296|1.2494,-9635.44,0.126449,0.434625,5239,021,False,0.539519,582,0.421516,4657,0.460481,0.969167,1.04837,3.97657,0.454186,0.517631,0|1|5|7|8|6|10|13|11|521,0|0.459551|2.59886|3.9375|5.02933|4.26508|7.59504|10.9113|9.81522|519.443,0|1|1|6|2|2|6|7|4|239,0.0790|0.4553|0.4656,0.0738|0.8461|0.0801,0.079065|0.086622|0.16298,,,0.079065|0.086622|0.16298,,,-2987.7262|-2655.9511,state-markov,0,976,0.01853|0.1336|0.2281|0.1181,0.01791|0.09679|0.189|0.07417,0.05128|0.3723|0.3603|0.4464,
controlled,108,3,any,hmc_in,0,unsupervised,state-markov,start,15,2.01322,-2.3616|-0.5365|1.2467,-9317.45,0.163312,0.434816,5239,021,False,0.542955,582,0.421301,4657,0.457045,0.965506,1.04093,3.74348,0.454946,0.510022,0|0|3|9|10|9|11|14|14|512,0|0|1.54582|5.03669|6.2837|6.30275|8.31553|11.6585|12.5288|510.253,0|0|2|2|3|4|6|6|7|236,0.0790|0.4553|0.4656,0.0746|0.8365|0.0890,0.078668|0.091608|0.15985,0.048554|0.058847|0.11232,0.43135|0.41647|0.40963,0.078668|0.091608|0.15985,0.048554|0.058847|0.11232,0.43135|0.41647|0.40963,-2987.7262|-2655.9511,state-markov,0,976,0.01853|0.1336|0.2281|0.1181,0.01791|0.09679|0.189|0.07417,0.05128|0.3723|0.3603|0.4464,
controlled,108,3,any,hmc_in,0,unsupervised,state,ignorable fit,4,0.571294,-2.3650|-0.5541|1.2435,-9634.56,0.0960943,0.43348,5239,021,False,0.537801,582,0.420442,4657,0.462199,0.968719,1.04606,3.93686,0.455221,0.513403,0|0|7|8|5|10|7|14|12|519,0|0|3.58019|4.52696|3.12539|7.01896|5.41667|11.7242|10.8154|517.587,0|0|5|3|3|2|6|5|6|239,0.0790|0.4553|0.4656,0.0724|0.8467|0.0809,0.077165|0.089065|0.1619,,,0.077165|0.089065|0.1619,,,-2987.7262|-2655.9511,state-markov,0,976,0.01853|0.1336|0.2281|0.1181,0.01791|0.09679|0.189|0.07417,0.05128|0.3723|0.3603|0.4464,
controlled,108,3,any,hmc_in,0,unsupervised,state-markov,ignorable fit,3,0.397867,-2.3643|-0.5545|1.2422,-9316.78,0.108229,0.433861,5239,021,False,0.542955,582,0.420228,4657,0.457045,0.965327,1.03914,3.71824,0.455866,0.508282,0|0|4|10|8|11|9|12|16|512,0|0|2.0646|5.63288|5.0243|7.75199|6.82142|9.93122|14.3046|510.289,0|0|2|2|3|4|5|5|9|236,0.0790|0.4553|0.4656,0.0739|0.8372|0.0889,0.078071|0.092638|0.15911,0.048267|0.059356|0.11178,0.43003|0.41862|0.40928,0.078071|0.092638|0.15911,0.048267|0.059356|0.11178,0.43003|0.41862|0.40928,-2987.7262|-2655.9511,state-markov,0,976,0.01853|0.1336|0.2281|0.1181,0.01791|0.09679|0.189|0.07417,0.05128|0.3723|0.3603|0.4464,
controlled,108,3,any,hmc_in,,oracle,ignorable,,,,,-9612,0.0828616,0.116434,5239,012,True,0.0689655,551,0.122014,4688,0.931034,0.98507,0.1231,0.712167,0.927078,0.0557284,0|0|2|3|2|3|2|2|31|506,0|0|1.02914|1.72562|1.29606|2.0844|1.47788|1.64365|27.8901|505.627,0|0|1|1|0|1|1|2|28|479,0.0653|0.4791|0.4555,0.1032|0.4581|0.4387,,,,,,,,state-markov,1,896,0.01853|0.1336|0.2281|0.1181,0.01791|0.09679|0.189|0.07417,0.05128|0.3723|0.3603|0.4464,
controlled,108,3,any,hmc_in,,oracle,state,,,,,-12479.3,0.126932,0.111472,5239,012,True,0.0544465,551,0.118174,4688,0.945554,0.984768,0.109045,0.593873,0.934497,0.0601382,0|0|1|1|3|16|1|2|5|522,0|0|0.505456|0.564786|1.8676|11.4342|0.734|1.63484|4.4641|521.402,0|0|0|1|2|16|1|2|3|496,0.0653|0.4791|0.4555,0.0918|0.4605|0.4477,0.017146|0.12871|0.23165,,,,,,,state-markov,1,896,0.01853|0.1336|0.2281|0.1181,0.01791|0.09679|0.189|0.07417,0.05128|0.3723|0.3603|0.4464,
controlled,108,3,any,hmc_in,,oracle,state-markov,,,,,-12281.2,0.100782,0.11319,5239,012,True,0.0598911,551,0.119454,4688,0.940109,0.984708,0.109832,0.60841,0.933638,0.0637227,0|0|3|1|1|1|18|3|10|514,0|0|1.55519|0.591661|0.624468|0.730039|13.962|2.5313|9.17774|513.402,0|0|0|1|0|0|18|1|10|488,0.0653|0.4791|0.4555,0.0930|0.4613|0.4457,0.017296|0.12855|0.23184,0.016945|0.095175|0.19314,0.037196|0.3548|0.36006,,,,,state-markov,1,896,0.01853|0.1336|0.2281|0.1181,0.01791|0.09679|0.189|0.07417,0.05128|0.3723|0.3603|0.4464,
controlled,108,3,any,pmc_pair,,oracle,ignorable,,,,,-5171.64,0.538335,0.119488,5239,012,True,0.121597,551,0.119241,4688,0.878403,0.952896,0.188623,0.533767,0.874169,0.0832462,0|1|3|31|6|1|9|14|19|467,0|0.458819|1.56434|17.6803|3.7937|0.693658|6.81829|11.7361|16.8949|465.406,0|0|1|14|2|1|6|11|19|430,0.0653|0.4791|0.4555,0.1066|0.3875|0.5059,,,,,,,,state-markov,1,896,0.01853|0.1336|0.2281|0.1181,0.01791|0.09679|0.189|0.07417,0.05128|0.3723|0.3603|0.4464,
controlled,108,3,any,pmc_pair,,oracle,state,,,,,-7999.48,0.527063,0.0490552,5239,012,True,0.0653358,551,0.0471416,4688,0.934664,0.963205,0.10686,0.279527,0.918896,0.0464004,0|0|1|4|8|9|22|17|41|449,0|0|0.512561|2.25152|5.04357|6.33853|16.5986|14.007|37.5166|448.458,0|0|1|2|6|6|10|16|39|435,0.0653|0.4791|0.4555,0.0915|0.4233|0.4853,0.017146|0.12871|0.23165,,,,,,,state-markov,1,896,0.01853|0.1336|0.2281|0.1181,0.01791|0.09679|0.189|0.07417,0.05128|0.3723|0.3603|0.4464,
controlled,108,3,any,pmc_pair,,oracle,state-markov,,,,,-7818.86,0.500597,0.0841764,5239,012,True,0.0998185,551,0.0823379,4688,0.900181,0.962108,0.126678,0.308966,0.909814,0.062837,0|0|2|2|23|11|18|7|14|474,0|0|1.04189|1.18002|14.5751|7.57212|14.1131|5.74905|12.7615|473.129,0|0|0|0|2|4|13|6|12|459,0.0653|0.4791|0.4555,0.0931|0.4167|0.4902,0.017296|0.12855|0.23184,0.016945|0.095175|0.19314,0.037196|0.3548|0.36006,,,,,state-markov,1,896,0.01853|0.1336|0.2281|0.1181,0.01791|0.09679|0.189|0.07417,0.05128|0.3723|0.3603|0.4464,
controlled,108,3,any,hmc_in,0,unsupervised,ignorable,start,16,2.01293,-2.3640|-0.5684|1.2513,-6787.06,0.128564,0.434243,5239,021,False,0.555354,551,0.420009,4688,0.444646,0.969779,1.06166,3.66638,0.448353,0.525133,0|0|7|9|4|7|5|10|14|495,0|0|3.55994|5.11842|2.5765|4.92495|3.86443|8.35037|12.6578|493.296,0|0|0|4|0|4|2|6|7|222,0.0653|0.4791|0.4555,0.0511|0.8418|0.1071,,,,,,,-2824.2184|-2563.7983,state-markov,1,896,0.01853|0.1336|0.2281|0.1181,0.01791|0.09679|0.189|0.07417,0.05128|0.3723|0.3603|0.4464,
controlled,108,3,any,hmc_in,0,unsupervised,state,start,16,1.95564,-2.3648|-0.5616|1.2557,-9539.8,0.137576,0.432716,5239,021,False,0.546279,551,0.419369,4688,0.453721,0.973504,1.05586,3.97254,0.453181,0.521356,0|0|3|5|10|6|6|9|16|496,0|0|1.56661|2.82361|6.34826|4.23154|4.63072|7.61219|14.4489|494.739,0|0|2|1|4|1|3|5|8|226,0.0653|0.4791|0.4555,0.0474|0.8513|0.1014,0.051702|0.088709|0.1549,,,0.051702|0.088709|0.1549,,,-2824.2184|-2563.7983,state-markov,1,896,0.01853|0.1336|0.2281|0.1181,0.01791|0.09679|0.189|0.07417,0.05128|0.3723|0.3603|0.4464,
controlled,108,3,any,hmc_in,0,unsupervised,state-markov,start,15,2.12165,-2.3623|-0.5507|1.2575,-9302.19,0.106356,0.433671,5239,021,False,0.551724,551,0.419795,4688,0.448276,0.972278,1.06022,3.88012,0.450117,0.524771,0|0|3|5|10|5|8|9|18|493,0|0|1.53772|2.78816|6.30371|3.52281|6.13967|7.44128|16.2813|491.711,0|0|0|3|3|1|2|6|8|224,0.0653|0.4791|0.4555,0.0486|0.8475|0.1039,0.059647|0.086088|0.1527,0.038808|0.060504|0.11168,0.38818|0.35769|0.38028,0.059647|0.086088|0.1527,0.038808|0.060504|0.11168,0.38818|0.35769|0.38028,-2824.2184|-2563.7983,state-markov,1,896,0.01853|0.1336|0.2281|0.1181,0.01791|0.09679|0.189|0.07417,0.05128|0.3723|0.3603|0.4464,
controlled,108,3,any,hmc_in,0,unsupervised,state,ignorable fit,4,0.490396,-2.3676|-0.5800|1.2506,-9539.02,0.103912,0.432716,5239,021,False,0.544465,551,0.419582,4688,0.455535,0.973458,1.05418,3.95812,0.454057,0.521222,0|0|4|4|10|5|6|11|15|496,0|0|2.09123|2.26143|6.35094|3.45068|4.63349|9.20474|13.6085|494.775,0|0|3|1|4|1|2|5|8|227,0.0653|0.4791|0.4555,0.0471|0.8526|0.1003,0.052028|0.087904|0.15468,,,0.052028|0.087904|0.15468,,,-2824.2184|-2563.7983,state-markov,1,896,0.01853|0.1336|0.2281|0.1181,0.01791|0.09679|0.189|0.07417,0.05128|0.3723|0.3603|0.4464,
controlled,108,3,any,hmc_in,0,unsupervised,state-markov,ignorable fit,3,0.453507,-2.3662|-0.5760|1.2508,-9301.02,0.116824,0.433861,5239,021,False,0.551724,551,0.420009,4688,0.448276,0.972437,1.05866,3.85015,0.450986,0.524161,0|0|3|4|10|7|7|10|15|495,0|0|1.52666|2.20963|6.25319|4.91449|5.43205|8.34347|13.5264|493.607,0|0|0|2|3|2|2|6|6|226,0.0653|0.4791|0.4555,0.0480|0.8488|0.1032,0.058682|0.086952|0.15199,0.038527|0.060737|0.11112,0.382|0.36223|0.38001,0.058682|0.086952|0.15199,0.038527|0.060737|0.11112,0.382|0.36223|0.38001,-2824.2184|-2563.7983,state-markov,1,896,0.01853|0.1336|0.2281|0.1181,0.01791|0.09679|0.189|0.07417,0.05128|0.3723|0.3603|0.4464,
controlled,108,3,any,hmc_in,,oracle,ignorable,,,,,-9577.31,0.108565,0.136858,5239,012,True,0.143351,579,0.136052,4660,0.856649,0.955591,0.231724,1.24506,0.856867,0.115023,1|3|18|8|15|6|5|7|7|509,0.382964|1.33828|9.06651|4.62325|9.43862|4.1304|3.94615|5.81418|6.287|508.26,1|3|2|7|9|4|1|4|1|464,0.0674|0.5095|0.4231,0.1435|0.4534|0.4032,,,,,,,,state-markov,2,904,0.01853|0.1336|0.2281|0.1181,0.01791|0.09679|0.189|0.07417,0.05128|0.3723|0.3603|0.4464,
controlled,108,3,any,hmc_in,,oracle,state,,,,,-12451.8,0.120596,0.123306,5239,012,True,0.115717,579,0.124249,4660,0.884283,0.973926,0.189597,0.899496,0.886864,0.106059,0|0|0|12|7|4|8|16|8|524,0|0|0|7.02397|4.20734|2.78404|6.26532|13.1982|7.15484|523.269,0|0|0|0|0|4|8|15|6|479,0.0674|0.5095|0.4231,0.1112|0.4802|0.4086,0.018571|0.14382|0.22612,,,,,,,state-markov,2,904,0.01853|0.1336|0.2281|0.1181,0.01791|0.09679|0.189|0.07417,0.05128|0.3723|0.3603|0.4464,
controlled,108,3,any,hmc_in,,oracle,state-markov,,,,,-12315.7,0.112712,0.104791,5239,012,True,0.0829016,579,0.107511,4660,0.917098,0.981485,0.167858,0.810851,0.90218,0.0896195,0|0|0|1|1|21|2|4|10|540,0|0|0|0.591031|0.659326|14.4446|1.53808|3.35209|9.0053|538.689,0|0|0|1|1|21|1|2|8|497,0.0674|0.5095|0.4231,0.1101|0.4966|0.3933,0.018733|0.14402|0.2263,0.018905|0.098451|0.19533,0.0097099|0.41488|0.3322,,,,,state-markov,2,904,0.01853|0.1336|0.2281|0.1181,0.01791|0.09679|0.189|0.07417,0.05128|0.3723|0.3603|0.4464,
controlled,108,3,any,pmc_pair,,oracle,ignorable,,,,,-5089.25,0.432711,0.0820767,5239,012,True,0.107081,579,0.07897,4660,0.892919,0.950353,0.175707,0.530757,0.876434,0.0782866,0|0|6|13|14|16|9|14|28|479,0|0|3.12803|7.48097|8.84477|11.1484|6.9701|11.7366|25.469|475.477,0|0|1|3|11|15|7|9|24|447,0.0674|0.5095|0.4231,0.1340|0.4372|0.4288,,,,,,,,state-markov,2,904,0.01853|0.1336|0.2281|0.1181,0.01791|0.09679|0.189|0.07417,0.05128|0.3723|0.3603|0.4464,
controlled,108,3,any,pmc_pair,,oracle,state,,,,,-7918.88,0.518827,0.046192,5239,012,True,0.0535406,579,0.045279,4660,0.946459,0.968581,0.0818113,0.191729,0.935561,0.042411,0|0|3|10|0|8|13|13|22|510,0|0|1.51536|5.65377|0|5.46246|10.1483|10.983|19.7243|507.321,0|0|2|0|0|8|13|9|19|497,0.0674|0.5095|0.4231,0.0990|0.4661|0.4350,0.018571|0.14382|0.22612,,,,,,,state-markov,2,904,0.01853|0.1336|0.2281|0.1181,0.01791|0.09679|0.189|0.07417,0.05128|0.3723|0.3603|0.4464,
controlled,108,3,any,pmc_pair,,oracle,state-markov,,,,,-7777.18,0.553353,0.0297767,5239,012,True,0.0276339,579,0.0300429,4660,0.972366,0.980722,0.0542477,0.136942,0.958357,0.0260302,0|1|3|6|0|1|1|12|17|538,0|0.449022|1.5445|3.37573|0|0.676013|0.762479|9.95405|15.5704|535.506,0|0|3|4|0|1|1|12|16|526,0.0674|0.5095|0.4231,0.0932|0.4947|0.4121,0.018733|0.14402|0.2263,0.018905|0.098451|0.19533,0.0097099|0.41488|0.3322,,,,,state-markov,2,904,0.01853|0.1336|0.2281|0.1181,0.01791|0.09679|0.189|0.07417,0.05128|0.3723|0.3603|0.4464,
controlled,108,3,any,hmc_in,0,unsupervised,ignorable,start,15,1.96793,-2.3612|-0.5807|1.2429,-6727.25,0.128216,0.43138,5239,021,False,0.516408,579,0.420815,4660,0.483592,0.949622,0.974123,3.41965,0.479078,0.468543,0|0|9|16|10|21|15|8|13|487,0|0|4.46649|8.97803|6.27228|14.7369|11.4465|6.79804|11.6559|485.477,0|0|2|6|7|6|9|5|10|235,0.0674|0.5095|0.4231,0.0768|0.7980|0.1252,,,,,,,-2840.9203|-2558.8004,state-markov,2,904,0.01853|0.1336|0.2281|0.1181,0.01791|0.09679|0.189|0.07417,0.05128|0.3723|0.3603|0.4464,
controlled,108,3,any,hmc_in,0,unsupervised,state,start,15,2.03168,-2.3625|-0.5774|1.2442,-9493,0.123717,0.427181,5239,021,False,0.488774,579,0.419528,4660,0.511226,0.961043,0.948846,3.64494,0.498606,0.452234,0|0|9|6|13|9|15|12|14|501,0|0|4.63766|3.30039|8.17245|6.32136|11.6776|10.1358|12.8385|499.36,0|0|4|4|6|4|10|9|10|249,0.0674|0.5095|0.4231,0.0647|0.8190|0.1162,0.051426|0.089075|0.15589,,,0.051426|0.089075|0.15589,,,-2840.9203|-2558.8004,state-markov,2,904,0.01853|0.1336|0.2281|0.1181,0.01791|0.09679|0.189|0.07417,0.05128|0.3723|0.3603|0.4464,
controlled,108,3,any,hmc_in,0,unsupervised,state-markov,start,15,2.09959,-2.3619|-0.5777|1.2444,-9234.03,0.107383,0.430807,5239,021,False,0.509499,579,0.42103,4660,0.490501,0.954311,0.966216,3.58212,0.485108,0.46744,0|2|3|12|17|13|20|11|6|495,0|0.92168|1.52066|6.94918|10.7335|9.18008|15.4818|9.12281|5.42221|493.214,0|0|0|8|5|4|13|7|4|243,0.0674|0.5095|0.4231,0.0713|0.8064|0.1223,0.05592|0.090116|0.15301,0.036425|0.059977|0.11081,0.38504|0.39442|0.38659,0.05592|0.090116|0.15301,0.036425|0.059977|0.11081,0.38504|0.39442|0.38659,-2840.9203|-2558.8004,state-markov,2,904,0.01853|0.1336|0.2281|0.1181,0.01791|0.09679|0.189|0.07417,0.05128|0.3723|0.3603|0.4464,
controlled,108,3,any,hmc_in,0,unsupervised,state,ignorable fit,4,0.513185,-2.3658|-0.5958|1.2402,-9491.73,0.107563,0.426799,5239,021,False,0.488774,579,0.419099,4660,0.511226,0.961618,0.947587,3.62616,0.499632,0.451186,0|0|12|5|8|12|10|15|14|503,0|0|6.17724|2.77023|5.12953|8.42538|7.79735|12.5094|12.7234|501.244,0|0|5|3|3|7|7|10|10|251,0.0674|0.5095|0.4231,0.0638|0.8202|0.1160,0.050937|0.089347|0.1555,,,0.050937|0.089347|0.1555,,,-2840.9203|-2558.8004,state-markov,2,904,0.01853|0.1336|0.2281|0.1181,0.01791|0.09679|0.189|0.07417,0.05128|0.3723|0.3603|0.4464,
controlled,108,3,any,hmc_in,0,unsupervised,state-markov,ignorable fit,3,0.416246,-2.3642|-0.5914|1.2412,-9233.21,0.180045,0.430235,5239,021,False,0.507772,579,0.420601,4660,0.492228,0.954203,0.964366,3.56496,0.486053,0.467026,0|2|3|13|17|9|19|14|7|495,0|0.9091|1.52397|7.53753|10.7186|6.22689|14.5255|11.5383|6.28157|493.222,0|0|1|9|2|4|13|9|4|243,0.0674|0.5095|0.4231,0.0709|0.8076|0.1215,0.056188|0.089934|0.15264,0.036475|0.059934|0.11052,0.38732|0.39351|0.38648,0.056188|0.089934|0.15264,0.036475|0.059934|0.11052,0.38732|0.39351|0.38648,-2840.9203|-2558.8004,state-markov,2,904,0.01853|0.1336|0.2281|0.1181,0.01791|0.09679|0.189|0.07417,0.05128|0.3723|0.3603|0.4464,
controlled,108,3,any,hmc_in,,oracle,ignorable,,,,,-9531.15,0.152651,0.114526,5239,012,True,0.0733083,532,0.119184,4707,0.926692,0.983808,0.13145,0.636429,0.922825,0.0588177,0|0|3|3|6|1|5|3|7|504,0|0|1.52844|1.75464|3.79287|0.696506|3.9045|2.4979|6.25486|502.956,0|0|1|2|4|0|3|2|4|477,0.0808|0.4925|0.4267,0.1086|0.4902|0.4011,,,,,,,,state-markov,3,970,0.01853|0.1336|0.2281|0.1181,0.01791|0.09679|0.189|0.07417,0.05128|0.3723|0.3603|0.4464,
controlled,108,3,any,hmc_in,,oracle,state,,,,,-12624,0.114117,0.110708,5239,012,True,0.0620301,532,0.11621,4707,0.93797,0.992493,0.121489,0.568652,0.932934,0.0601479,0|0|0|1|0|1|1|3|15|511,0|0|0|0.544254|0|0.709486|0.760124|2.44327|13.4898|510.059,0|0|0|1|0|1|1|1|14|481,0.0808|0.4925|0.4267,0.0915|0.4973|0.4113,0.020474|0.12774|0.20952,,,,,,,state-markov,3,970,0.01853|0.1336|0.2281|0.1181,0.01791|0.09679|0.189|0.07417,0.05128|0.3723|0.3603|0.4464,
controlled,108,3,any,hmc_in,,oracle,state-markov,,,,,-12273.8,0.137991,0.110899,5239,012,True,0.0639098,532,0.11621,4707,0.93609,0.992719,0.12099,0.570388,0.93357,0.0590616,0|0|1|0|0|2|2|2|8|517,0|0|0.509225|0|0|1.35294|1.51554|1.70948|7.2211|515.818,0|0|0|0|0|2|1|1|6|488,0.0808|0.4925|0.4267,0.0929|0.4977|0.4094,0.020616|0.12794|0.20954,0.018458|0.095521|0.16345,0.12313|0.34892|0.38341,,,,,state-markov,3,970,0.01853|0.1336|0.2281|0.1181,0.01791|0.09679|0.189|0.07417,0.05128|0.3723|0.3603|0.4464,
controlled,108,3,any,pmc_pair,,oracle,ignorable,,,,,-5038.76,0.48122,0.127505,5239,012,True,0.12406,532,0.127895,4707,0.87594,0.958515,0.168831,0.432605,0.88651,0.0841241,0|1|5|20|3|7|11|6|15|464,0|0.442024|2.59684|11.6219|1.95567|4.97723|8.41018|4.99126|13.5249|461.41,0|0|3|0|1|2|3|5|12|440,0.0808|0.4925|0.4267,0.1171|0.4357|0.4472,,,,,,,,state-markov,3,970,0.01853|0.1336|0.2281|0.1181,0.01791|0.09679|0.189|0.07417,0.05128|0.3723|0.3603|0.4464,
controlled,108,3,any,pmc_pair,,oracle,state,,,,,-8054.08,0.515993,0.0627982,5239,012,True,0.056391,532,0.0635224,4707,0.943609,0.960285,0.0894397,0.234455,0.924129,0.0464418,0|0|1|1|3|14|17|46|22|428,0|0|0.527788|0.556091|1.95181|9.61906|12.9725|38.1375|19.9449|427.162,0|0|0|0|1|7|10|46|20|418,0.0808|0.4925|0.4267,0.0919|0.4545|0.4536,0.020474|0.12774|0.20952,,,,,,,state-markov,3,970,0.01853|0.1336|0.2281|0.1181,0.01791|0.09679|0.189|0.07417,0.05128|0.3723|0.3603|0.4464,
controlled,108,3,any,pmc_pair,,oracle,state-markov,,,,,-7749.54,0.52103,0.0843672,5239,012,True,0.0733083,532,0.0856172,4707,0.926692,0.96446,0.0929877,0.237046,0.929364,0.0393173,0|0|3|17|8|7|1|7|21|468,0|0|1.5109|9.4969|5.14722|4.73655|0.768296|5.81962|19.0245|466.589,0|0|0|6|2|1|1|6|19|458,0.0808|0.4925|0.4267,0.0930|0.4587|0.4483,0.020616|0.12794|0.20954,0.018458|0.095521|0.16345,0.12313|0.34892|0.38341,,,,,state-markov,3,970,0.01853|0.1336|0.2281|0.1181,0.01791|0.09679|0.189|0.07417,0.05128|0.3723|0.3603|0.4464,
controlled,108,3,any,hmc_in,0,unsupervised,ignorable,start,15,1.92264,-2.3658|-0.5534|1.2661,-6694.98,0.14366,0.436915,5239,021,False,0.5,532,0.429785,4707,0.5,0.967616,0.958667,3.21105,0.498076,0.469457,0|0|5|10|6|7|8|7|14|475,0|0|2.51033|5.71135|3.82478|4.90018|6.15195|5.81429|12.6521|473.207,0|0|3|4|2|2|2|4|7|242,0.0808|0.4925|0.4267,0.0616|0.8349|0.1035,,,,,,,-2975.7283|-2638.4821,state-markov,3,970,0.01853|0.1336|0.2281|0.1181,0.01791|0.09679|0.189|0.07417,0.05128|0.3723|0.3603|0.4464,
controlled,108,3,any,hmc_in,0,unsupervised,state,start,15,1.81593,-2.3649|-0.5341|1.2737,-9608.04,0.106713,0.439206,5239,021,False,0.5,532,0.432335,4707,0.5,0.968823,0.958508,3.54241,0.499304,0.468823,0|0|2|14|7|9|3|8|10|479,0|0|1.03241|7.99652|4.45225|6.28954|2.30723|6.64602|9.15484|477.535,0|0|1|5|2|3|2|3|5|245,0.0808|0.4925|0.4267,0.0586|0.8462|0.0952,0.066058|0.0945|0.16388,,,0.066058|0.0945|0.16388,,,-2975.7283|-2638.4821,state-markov,3,970,0.01853|0.1336|0.2281|0.1181,0.01791|0.09679|0.189|0.07417,0.05128|0.3723|0.3603|0.4464,
controlled,108,3,any,hmc_in,0,unsupervised,state-markov,start,15,1.94435,-2.3652|-0.5417|1.2705,-9288.21,0.117102,0.436152,5239,021,False,0.49812,532,0.429148,4707,0.50188,0.968292,0.957312,3.36815,0.499181,0.469541,0|0|6|7|7|9|6|8|14|475,0|0|3.16786|3.95225|4.34153|6.34348|4.54054|6.72487|12.7276|473.333,0|0|4|3|0|5|2|4|4|245,0.0808|0.4925|0.4267,0.0599|0.8416|0.0986,0.067765|0.097402|0.16081,0.045185|0.057922|0.11333,0.37839|0.46325|0.4086,0.067765|0.097402|0.16081,0.045185|0.057922|0.11333,0.37839|0.46325|0.4086,-2975.7283|-2638.4821,state-markov,3,970,0.01853|0.1336|0.2281|0.1181,0.01791|0.09679|0.189|0.07417,0.05128|0.3723|0.3603|0.4464,
controlled,108,3,any,hmc_in,0,unsupervised,state,ignorable fit,4,0.577047,-2.3688|-0.5645|1.2645,-9606.94,0.104269,0.435198,5239,021,False,0.49812,532,0.428086,4707,0.50188,0.968368,0.954903,3.51265,0.500967,0.467543,0|0|4|10|11|7|5|4|11|480,0|0|2.03506|5.71935|6.9561|4.87953|3.82907|3.29605|9.92482|478.532,0|0|0|6|3|3|1|3|2|249,0.0808|0.4925|0.4267,0.0581|0.8492|0.0926,0.065722|0.094683|0.16303,,,0.065722|0.094683|0.16303,,,-2975.7283|-2638.4821,state-markov,3,970,0.01853|0.1336|0.2281|0.1181,0.01791|0.09679|0.189|0.07417,0.05128|0.3723|0.3603|0.4464,
controlled,108,3,any,hmc_in,0,unsupervised,state-markov,ignorable fit,3,0.370487,-2.3680|-0.5637|1.2639,-9287.42,0.132694,0.435388,5239,021,False,0.49812,532,0.428298,4707,0.50188,0.967806,0.954851,3.35025,0.50025,0.467628,0|0|5|11|6|10|4|7|12|477,0|0|2.54739|6.29717|3.89631|7.08463|3.06621|5.88561|10.8258|475.27,0|0|3|3|2|4|2|3|3|247,0.0808|0.4925|0.4267,0.0596|0.8438|0.0966,0.068509|0.096434|0.16038,0.045207|0.057905|0.11278,0.38534|0.45744|0.40955,0.068509|0.096434|0.16038,0.045207|0.057905|0.11278,0.38534|0.45744|0.40955,-2975.7283|-2638.4821,state-markov,3,970,0.01853|0.1336|0.2281|0.1181,0.01791|0.09679|0.189|0.07417,0.05128|0.3723|0.3603|0.4464,
controlled,108,3,any,hmc_in,,oracle,ignorable,,,,,-9592.78,0.139485,0.119488,5239,012,True,0.071028,535,0.125,4704,0.928972,0.982733,0.141937,0.787607,0.917306,0.0764704,0|0|2|1|12|3|1|2|9|505,0|0|1.00705|0.587621|7.33059|2.05982|0.766557|1.67336|8.13372|504.203,0|0|2|1|12|1|0|1|5|475,0.0598|0.4598|0.4804,0.1039|0.4521|0.4439,,,,,,,,state-markov,4,897,0.01853|0.1336|0.2281|0.1181,0.01791|0.09679|0.189|0.07417,0.05128|0.3723|0.3603|0.4464,
controlled,108,3,any,hmc_in,,oracle,state,,,,,-12537.9,0.113145,0.107082,5239,012,True,0.0560748,535,0.112883,4704,0.943925,0.988119,0.106078,0.537128,0.937659,0.0593929,0|1|0|2|1|0|9|7|8|507,0|0.459884|0|1.19058|0.604519|0|7.04832|5.76056|7.12532|506.454,0|0|0|0|0|0|9|7|8|481,0.0598|0.4598|0.4804,0.0884|0.4654|0.4462,0.015247|0.11994|0.23719,,,,,,,state-markov,4,897,0.01853|0.1336|0.2281|0.1181,0.01791|0.09679|0.189|0.07417,0.05128|0.3723|0.3603|0.4464,
controlled,108,3,any,hmc_in,,oracle,state-markov,,,,,-12257.4,0.108389,0.109563,5239,012,True,0.0560748,535,0.115646,4704,0.943925,0.989965,0.109359,0.596039,0.937479,0.0543142,0|0|0|1|3|2|5|5|0|519,0|0|0|0.578033|1.90776|1.3445|3.86404|4.21076|0|517.726,0|0|0|1|1|2|5|3|0|493,0.0598|0.4598|0.4804,0.0915|0.4673|0.4412,0.015365|0.11996|0.23738,0.014508|0.089743|0.19816,0.070303|0.34166|0.36339,,,,,state-markov,4,897,0.01853|0.1336|0.2281|0.1181,0.01791|0.09679|0.189|0.07417,0.05128|0.3723|0.3603|0.4464,
controlled,108,3,any,pmc_pair,,oracle,ignorable,,,,,-5079.16,0.428962,0.126933,5239,012,True,0.147664,535,0.124575,4704,0.852336,0.9573,0.22653,0.575411,0.856735,0.104964,0|0|5|9|16|9|3|15|34|444,0|0|2.55623|5.0247|9.9898|6.20912|2.30525|12.5662|31.0257|442.478,0|0|2|4|5|2|2|8|19|414,0.0598|0.4598|0.4804,0.1100|0.3685|0.5215,,,,,,,,state-markov,4,897,0.01853|0.1336|0.2281|0.1181,0.01791|0.09679|0.189|0.07417,0.05128|0.3723|0.3603|0.4464,
controlled,108,3,any,pmc_pair,,oracle,state,,,,,-7968.18,0.562791,0.0589807,5239,012,True,0.0598131,535,0.0588861,4704,0.940187,0.973407,0.098225,0.21539,0.931618,0.0490209,2|3|0|3|5|8|6|10|21|477,0.767183|1.23496|0|1.74632|3.2231|5.70889|4.58008|8.4842|19.0458|475.982,0|0|0|0|3|7|6|10|19|458,0.0598|0.4598|0.4804,0.0768|0.4231|0.5001,0.015247|0.11994|0.23719,,,,,,,state-markov,4,897,0.01853|0.1336|0.2281|0.1181,0.01791|0.09679|0.189|0.07417,0.05128|0.3723|0.3603|0.4464,
controlled,108,3,any,pmc_pair,,oracle,state-markov,,,,,-7713.43,0.450714,0.0652796,5239,012,True,0.071028,535,0.0646259,4704,0.928972,0.983414,0.12537,0.278993,0.923313,0.060241,0|0|0|1|3|0|3|11|35|482,0|0|0|0.559051|1.90612|0|2.37439|9.44869|31.2204|480.618,0|0|0|0|1|0|1|11|23|461,0.0598|0.4598|0.4804,0.0904|0.4230|0.4866,0.015365|0.11996|0.23738,0.014508|0.089743|0.19816,0.070303|0.34166|0.36339,,,,,state-markov,4,897,0.01853|0.1336|0.2281|0.1181,0.01791|0.09679|0.189|0.07417,0.05128|0.3723|0.3603|0.4464,
controlled,108,3,any,hmc_in,0,unsupervised,ignorable,start,16,2.07381,-2.3691|-0.5785|1.2543,-6750.19,0.0996799,0.435579,5239,021,False,0.527103,535,0.42517,4704,0.472897,0.972489,1.02147,3.4453,0.469564,0.499591,0|0|6|3|4|9|8|9|9|487,0|0|3.06907|1.63289|2.62751|6.27572|6.0123|7.60548|8.14381|484.915,0|0|3|1|0|6|5|6|6|226,0.0598|0.4598|0.4804,0.0495|0.8465|0.1039,,,,,,,-2826.3105|-2540.4419,state-markov,4,897,0.01853|0.1336|0.2281|0.1181,0.01791|0.09679|0.189|0.07417,0.05128|0.3723|0.3603|0.4464,
controlled,108,3,any,hmc_in,0,unsupervised,state,start,15,1.91483,-2.3686|-0.5691|1.2578,-9513,0.101377,0.434243,5239,021,False,0.51215,535,0.425383,4704,0.48785,0.975945,1.00724,3.76063,0.479223,0.500406,0|0|4|6|4|3|7|7|18|486,0|0|2.05755|3.38656|2.45323|2.13018|5.32006|5.96394|16.2432|484.576,0|0|1|5|2|2|7|4|10|230,0.0598|0.4598|0.4804,0.0455|0.8565|0.0979,0.055748|0.089563|0.15204,,,0.055748|0.089563|0.15204,,,-2826.3105|-2540.4419,state-markov,4,897,0.01853|0.1336|0.2281|0.1181,0.01791|0.09679|0.189|0.07417,0.05128|0.3723|0.3603|0.4464,
controlled,108,3,any,hmc_in,0,unsupervised,state-markov,start,15,1.99899,-2.3676|-0.5654|1.2584,-9236.12,0.117253,0.434816,5239,021,False,0.517757,535,0.425383,4704,0.482243,0.972774,1.01378,3.61945,0.473788,0.4958,0|0|2|10|5|5|6|10|10|487,0|0|1.04528|5.54535|3.1975|3.51976|4.65672|8.34366|9.13676|484.989,0|0|2|6|3|2|4|7|6|228,0.0598|0.4598|0.4804,0.0483|0.8525|0.0992,0.061055|0.08773|0.1503,0.037906|0.054898|0.11165,0.41705|0.42914|0.36882,0.061055|0.08773|0.1503,0.037906|0.054898|0.11165,0.41705|0.42914|0.36882,-2826.3105|-2540.4419,state-markov,4,897,0.01853|0.1336|0.2281|0.1181,0.01791|0.09679|0.189|0.07417,0.05128|0.3723|0.3603|0.4464,
controlled,108,3,any,hmc_in,0,unsupervised,state,ignorable fit,4,0.537285,-2.3727|-0.5916|1.2530,-9511.66,0.115656,0.433861,5239,021,False,0.51028,535,0.42517,4704,0.48972,0.975982,1.00536,3.74129,0.48017,0.497648,0|0|4|8|2|2|8|6|17|488,0|0|2.06463|4.5936|1.24688|1.39281|6.11379|5.04528|15.2466|486.447,0|0|2|5|2|1|8|3|9|232,0.0598|0.4598|0.4804,0.0451|0.8575|0.0974,0.055244|0.089589|0.15172,,,0.055244|0.089589|0.15172,,,-2826.3105|-2540.4419,state-markov,4,897,0.01853|0.1336|0.2281|0.1181,0.01791|0.09679|0.189|0.07417,0.05128|0.3723|0.3603|0.4464,
controlled,108,3,any,hmc_in,0,unsupervised,state-markov,ignorable fit,3,0.400885,-2.3714|-0.5871|1.2534,-9235.02,0.119716,0.434816,5239,021,False,0.517757,535,0.425383,4704,0.482243,0.972774,1.01155,3.60131,0.474909,0.493973,0|0|2|10|6|4|6|8|15|484,0|0|1.04903|5.59485|3.83106|2.84467|4.58668|6.65358|13.6503|482.224,0|0|1|6|4|2|2|7|9|227,0.0598|0.4598|0.4804,0.0479|0.8536|0.0985,0.060899|0.087805|0.14984,0.037722|0.055042|0.1112,0.4183|0.42818|0.36908,0.060899|0.087805|0.14984,0.037722|0.055042|0.1112,0.4183|0.42818|0.36908,-2826.3105|-2540.4419,state-markov,4,897,0.01853|0.1336|0.2281|0.1181,0.01791|0.09679|0.189|0.07417,0.05128|0.3723|0.3603|0.4464,
controlled,105,2,ge10,hmc_in,,oracle,ignorable,,,,,-10394.9,0.0840118,0.0471733,5448,01,True,0.0462963,108,0.047191,5340,0.953704,0.996347,0.0905487,0.379931,0.951906,0.0479338,0|0|0|0|1|0|0|0|1|106,0|0|0|0|0.714306|0|0|0|0.908627|105.983,0|0|0|0|1|0|0|0|0|102,0.0185|0.9815,0.0666|0.9334,,,,,,,,state,0,112,0.002365|0.02759|0.001466,0.001897|0.01943|0.000979,0.2|0.3152|0.3333,
controlled,105,2,ge10,hmc_in,,oracle,state,,,,,-10948.2,0.0769872,0.0451542,5448,01,True,0.037037,108,0.0453184,5340,0.962963,0.995581,0.0674535,0.236198,0.962737,0.0370314,0|0|0|0|0|1|1|0|0|106,0|0|0|0|0|0.761703|0.805998|0|0|105.955,0|0|0|0|0|1|0|0|0|103,0.0185|0.9815,0.0558|0.9442,0.00095272|0.031789,,,,,,,state,0,112,0.002365|0.02759|0.001466,0.001897|0.01943|0.000979,0.2|0.3152|0.3333,
controlled,105,2,ge10,hmc_in,,oracle,state-markov,,,,,-10947.7,0.0826814,0.0447871,5448,01,True,0.037037,108,0.0449438,5340,0.962963,0.995623,0.0672598,0.235239,0.962852,0.0369221,0|0|0|0|0|1|1|0|0|106,0|0|0|0|0|0.769829|0.802724|0|0|105.955,0|0|0|0|0|1|0|0|0|103,0.0185|0.9815,0.0557|0.9443,0.00095699|0.03179,0.00095367|0.032522,0.0044248|0.0094699,,,,,state,0,112,0.002365|0.02759|0.001466,0.001897|0.01943|0.000979,0.2|0.3152|0.3333,
controlled,105,2,ge10,hmc_in,0,unsupervised,ignorable,start,25,2.74213,-2.0090|0.7260,-9847.28,0.105693,0.215308,5448,01,True,0.0462963,108,0.218727,5340,0.953704,0.993142,0.0882075,0.207738,0.951074,0.047696,0|1|0|0|0|0|0|1|1|105,0|0.554058|0|0|0|0|0|0.883113|0.91928|104.903,0|1|0|0|0|0|0|0|0|102,0.0185|0.9815,0.0489|0.9511,,,,,,,-581.9501|-581.7873,state,0,112,0.002365|0.02759|0.001466,0.001897|0.01943|0.000979,0.2|0.3152|0.3333,
controlled,105,2,ge10,hmc_in,0,unsupervised,state,start,27,3.07892,-2.0037|0.7286,-10416.8,0.0852835,0.214941,5448,01,True,0.0462963,108,0.218352,5340,0.953704,0.990657,0.066979,0.163146,0.95983,0.0369535,0|0|1|1|0|0|0|2|0|104,0|0|0.601716|0.695373|0|0|0|1.73373|0|103.96,0|0|0|0|0|0|0|1|0|102,0.0185|0.9815,0.0397|0.9603,0.0035126|0.018561,,,0.0035126|0.018561,,,-581.9501|-581.7873,state,0,112,0.002365|0.02759|0.001466,0.001897|0.01943|0.000979,0.2|0.3152|0.3333,
controlled,105,2,ge10,hmc_in,0,unsupervised,state-markov,start,27,3.12808,-2.0034|0.7287,-10416.5,0.157026,0.214758,5448,01,True,0.0462963,108,0.218165,5340,0.953704,0.990626,0.0668699,0.162935,0.959878,0.0369225,0|1|0|1|0|0|0|2|0|104,0|0.599028|0|0.694457|0|0|0|1.73387|0|103.96,0|0|0|0|0|0|0|1|0|102,0.0185|0.9815,0.0397|0.9603,0.0035155|0.018564,0.0035217|0.018735,0.001765|0.0095196,0.0035155|0.018564,0.0035217|0.018735,0.001765|0.0095196,-581.9501|-581.7873,state,0,112,0.002365|0.02759|0.001466,0.001897|0.01943|0.000979,0.2|0.3152|0.3333,
controlled,105,2,ge10,hmc_in,0,unsupervised,state,ignorable fit,3,0.346852,-2.0171|0.7219,-10415.9,0.0954045,0.215859,5448,01,True,0.0462963,108,0.219288,5340,0.953704,0.990287,0.0660921,0.166865,0.960123,0.0365837,0|1|0|1|0|0|0|2|0|104,0|0.584683|0|0.67817|0|0|0|1.74009|0|103.948,0|0|0|0|0|0|0|1|0|102,0.0185|0.9815,0.0392|0.9608,0.0035744|0.018483,,,0.0035744|0.018483,,,-581.9501|-581.7873,state,0,112,0.002365|0.02759|0.001466,0.001897|0.01943|0.000979,0.2|0.3152|0.3333,
controlled,105,2,ge10,hmc_in,0,unsupervised,state-markov,ignorable fit,3,0.415898,-2.0171|0.7219,-10415.6,0.0864225,0.215859,5448,01,True,0.0462963,108,0.219288,5340,0.953704,0.990247,0.0659646,0.166737,0.960178,0.0365432,0|1|0|1|0|0|0|2|0|104,0|0.581623|0|0.676813|0|0|0|1.74028|0|103.948,0|0|0|0|0|0|0|1|0|102,0.0185|0.9815,0.0391|0.9609,0.0035781|0.018484,0.0035846|0.018653,0.0017668|0.0095192,0.0035781|0.018484,0.0035846|0.018653,0.0017668|0.0095192,-581.9501|-581.7873,state,0,112,0.002365|0.02759|0.001466,0.001897|0.01943|0.000979,0.2|0.3152|0.3333,
controlled,105,2,ge10,hmc_in,,oracle,ignorable,,,,,-10391,0.12769,0.0486417,5448,01,True,0.0934579,107,0.0477439,5341,0.906542,0.979442,0.157517,0.685441,0.906989,0.0891962,1|1|0|1|1|1|2|1|0|99,0.549075|0.589805|0|0.697443|0.730392|0.775739|1.61596|0.881657|0|98.9603,1|0|0|1|0|0|1|1|0|93,0.0374|0.9626,0.1304|0.8696,,,,,,,,state,1,109,0.002365|0.02759|0.001466,0.001897|0.01943|0.000979,0.2|0.3152|0.3333,
controlled,105,2,ge10,hmc_in,,oracle,state,,,,,-10937.9,0.0845954,0.042768,5448,01,True,0.0560748,107,0.0425014,5341,0.943925,0.993527,0.103598,0.479417,0.942806,0.0553248,0|0|0|0|1|0|1|1|1|103,0|0|0|0|0.723823|0|0.844634|0.899228|0.949963|102.89,0|0|0|0|0|0|1|1|1|98,0.0374|0.9626,0.0946|0.9054,0.0018982|0.030889,,,,,,,state,1,109,0.002365|0.02759|0.001466,0.001897|0.01943|0.000979,0.2|0.3152|0.3333,
controlled,105,2,ge10,hmc_in,,oracle,state-markov,,,,,-10936.9,0.0998972,0.042768,5448,01,True,0.0560748,107,0.0425014,5341,0.943925,0.993465,0.103737,0.480677,0.942672,0.0553866,0|0|0|0|1|0|1|1|1|103,0|0|0|0|0.727431|0|0.841586|0.896824|0.948775|102.886,0|0|0|0|0|0|1|1|1|98,0.0374|0.9626,0.0947|0.9053,0.0019171|0.030889,0.0019015|0.030326,0.01|0.048558,,,,,state,1,109,0.002365|0.02759|0.001466,0.001897|0.01943|0.000979,0.2|0.3152|0.3333,
controlled,105,2,ge10,hmc_in,0,unsupervised,ignorable,start,24,2.8967,-1.9973|0.7294,-9845.41,0.111619,0.214574,5448,01,True,0.0654206,107,0.217562,5341,0.934579,0.99372,0.132705,0.41498,0.929675,0.0683072,1|0|0|0|0|0|0|0|1|105,0.509567|0|0|0|0|0|0|0|0.933501|104.885,1|0|0|0|0|0|0|0|0|99,0.0374|0.9626,0.0703|0.9297,,,,,,,-569.3437|-566.9048,state,1,109,0.002365|0.02759|0.001466,0.001897|0.01943|0.000979,0.2|0.3152|0.3333,
controlled,105,2,ge10,hmc_in,0,unsupervised,state,start,26,2.93002,-1.9954|0.7304,-10404.6,0.134963,0.213656,5448,01,True,0.0654206,107,0.216626,5341,0.934579,0.995757,0.123898,0.373387,0.934564,0.0647905,0|0|0|0|0|1|1|0|0|105,0|0|0|0|0|0.79211|0.806715|0|0|104.947,0|0|0|0|0|0|1|0|0|99,0.0374|0.9626,0.0653|0.9347,0.0044214|0.017775,,,0.0044214|0.017775,,,-569.3437|-566.9048,state,1,109,0.002365|0.02759|0.001466,0.001897|0.01943|0.000979,0.2|0.3152|0.3333,
controlled,105,2,ge10,hmc_in,0,unsupervised,state-markov,start,26,3.16955,-1.9960|0.7301,-10402.5,0.156245,0.21384,5448,01,True,0.0654206,107,0.216813,5341,0.934579,0.995775,0.124208,0.37475,0.934421,0.0649299,0|0|0|0|0|1|1|0|0|105,0|0|0|0|0|0.799958|0.80024|0|0|104.948,0|0|0|0|0|0|1|0|0|99,0.0374|0.9626,0.0654|0.9346,0.0044565|0.017775,0.0044538|0.017192,0.0050703|0.049954,0.0044565|0.017775,0.0044538|0.017192,0.0050703|0.049954,-569.3437|-566.9048,state,1,109,0.002365|0.02759|0.001466,0.001897|0.01943|0.000979,0.2|0.3152|0.3333,
controlled,105,2,ge10,hmc_in,0,unsupervised,state,ignorable fit,3,0.38389,-2.0074|0.7244,-10403.7,0.159319,0.215125,5448,01,True,0.0654206,107,0.218124,5341,0.934579,0.99536,0.122672,0.372859,0.934964,0.0644176,0|0|0|0|0|1|1|0|0|105,0|0|0|0|0|0.750132|0.805433|0|0|104.948,0|0|0|0|0|0|1|0|0|99,0.0374|0.9626,0.0649|0.9351,0.0044563|0.017717,,,0.0044563|0.017717,,,-569.3437|-566.9048,state,1,109,0.002365|0.02759|0.001466,0.001897|0.01943|0.000979,0.2|0.3152|0.3333,
controlled,105,2,ge10,hmc_in,0,unsupervised,state-markov,ignorable fit,3,0.39399,-2.0074|0.7244,-10401.6,0.126278,0.215125,5448,01,True,0.0654206,107,0.218124,5341,0.934579,0.995413,0.123073,0.374257,0.934788,0.0608336,0|0|0|0|0|2|0|0|0|105,0|0|0|0|0|1.56045|0|0|0|104.949,0|0|0|0|0|1|0|0|0|99,0.0374|0.9626,0.0651|0.9349,0.004491|0.017719,0.0044883|0.017138,0.0051009|0.049929,0.004491|0.017719,0.0044883|0.017138,0.0051009|0.049929,-569.3437|-566.9048,state,1,109,0.002365|0.02759|0.001466,0.001897|0.01943|0.000979,0.2|0.3152|0.3333,
controlled,105,2,ge10,hmc_in,,oracle,ignorable,,,,,-10403.8,0.0942899,0.0468062,5448,01,True,0.0631579,95,0.046516,5353,0.936842,0.988872,0.11729,0.746747,0.932883,0.0666591,0|0|0|1|1|0|1|2|0|90,0|0|0|0.660151|0.729706|0|0.811579|1.76383|0|89.9776,0|0|0|0|1|0|1|2|0|85,0.0632|0.9368,0.1299|0.8701,,,,,,,,state,2,99,0.002365|0.02759|0.001466,0.001897|0.01943|0.000979,0.2|0.3152|0.3333,
controlled,105,2,ge10,hmc_in,,oracle,state,,,,,-10909,0.133345,0.0451542,5448,01,True,0.0526316,95,0.0450215,5353,0.947368,0.99634,0.105886,0.615171,0.943827,0.0545218,0|0|0|0|0|0|1|0|1|93,0|0|0|0|0|0|0.826228|0|0.910156|92.916,0|0|0|0|0|0|1|0|1|88,0.0632|0.9368,0.1174|0.8826,0.0028432|0.026691,,,,,,,state,2,99,0.002365|0.02759|0.001466,0.001897|0.01943|0.000979,0.2|0.3152|0.3333,
controlled,105,2,ge10,hmc_in,,oracle,state-markov,,,,,-10908.1,0.100478,0.0451542,5448,01,True,0.0526316,95,0.0450215,5353,0.947368,0.996242,0.10592,0.616374,0.943727,0.0544682,0|0|0|0|0|0|1|0|1|93,0|0|0|0|0|0|0.821963|0|0.912303|92.9087,0|0|0|0|0|0|1|0|1|88,0.0632|0.9368,0.1176|0.8824,0.0028613|0.026691,0.0028511|0.02619,0.0064286|0.044944,,,,,state,2,99,0.002365|0.02759|0.001466,0.001897|0.01943|0.000979,0.2|0.3152|0.3333,
controlled,105,2,ge10,hmc_in,0,unsupervised,ignorable,start,24,2.7996,-1.9899|0.7366,-9861.17,0.102565,0.212004,5448,01,True,0.0842105,95,0.214272,5353,0.915789,0.987336,0.161309,0.501741,0.910939,0.0817052,1|0|0|0|2|0|0|0|1|91,0.517474|0|0|0|1.42902|0|0|0|0.908992|90.9415,1|0|0|0|1|0|0|0|0|85,0.0632|0.9368,0.0886|0.9114,,,,,,,-526.7036|-524.8487,state,2,99,0.002365|0.02759|0.001466,0.001897|0.01943|0.000979,0.2|0.3152|0.3333,
controlled,105,2,ge10,hmc_in,0,unsupervised,state,start,27,3.1562,-1.9941|0.7344,-10378.5,0.108287,0.214023,5448,01,True,0.0947368,95,0.21614,5353,0.905263,0.989997,0.163598,0.475549,0.910882,0.0887521,0|0|1|0|1|0|1|0|1|91,0|0|0.641539|0|0.711867|0|0.809134|0|0.916281|90.9709,0|0|0|0|0|0|1|0|0|85,0.0632|0.9368,0.0773|0.9227,0.0040821|0.016131,,,0.0040821|0.016131,,,-526.7036|-524.8487,state,2,99,0.002365|0.02759|0.001466,0.001897|0.01943|0.000979,0.2|0.3152|0.3333,
controlled,105,2,ge10,hmc_in,0,unsupervised,state-markov,start,27,3.30158,-1.9946|0.7342,-10376.9,0.0909603,0.21384,5448,01,True,0.0947368,95,0.215954,5353,0.905263,0.989854,0.16342,0.475894,0.910907,0.0887318,0|0|1|0|1|0|1|0|1|91,0|0|0.630084|0|0.718435|0|0.803321|0|0.912846|90.9715,0|0|0|0|0|0|1|0|0|85,0.0632|0.9368,0.0776|0.9224,0.0041205|0.016126,0.0041165|0.015671,0.0050966|0.043905,0.0041205|0.016126,0.0041165|0.015671,0.0050966|0.043905,-526.7036|-524.8487,state,2,99,0.002365|0.02759|0.001466,0.001897|0.01943|0.000979,0.2|0.3152|0.3333,
controlled,105,2,ge10,hmc_in,0,unsupervised,state,ignorable fit,3,0.391414,-2.0010|0.7310,-10378,0.0758774,0.214941,5448,01,True,0.0947368,95,0.217075,5353,0.905263,0.990365,0.164704,0.478153,0.910484,0.089149,0|0|0|1|1|0|1|0|1|91,0|0|0|0.679381|0.700943|0|0.807774|0|0.925712|90.9709,0|0|0|0|0|0|1|0|0|85,0.0632|0.9368,0.0767|0.9233,0.0041151|0.016096,,,0.0041151|0.016096,,,-526.7036|-524.8487,state,2,99,0.002365|0.02759|0.001466,0.001897|0.01943|0.000979,0.2|0.3152|0.3333,
controlled,105,2,ge10,hmc_in,0,unsupervised,state-markov,ignorable fit,3,0.348489,-2.0010|0.7310,-10376.4,0.088619,0.214941,5448,01,True,0.0947368,95,0.217075,5353,0.905263,0.990205,0.164454,0.478277,0.910526,0.0891112,0|0|0|1|1|0|1|0|1|91,0|0|0|0.665597|0.708598|0|0.801938|0|0.921829|90.9715,0|0|0|0|0|0|1|0|0|85,0.0632|0.9368,0.0770|0.9230,0.0041535|0.016093,0.0041494|0.015638,0.005143|0.043869,0.0041535|0.016093,0.0041494|0.015638,0.005143|0.043869,-526.7036|-524.8487,state,2,99,0.002365|0.02759|0.001466,0.001897|0.01943|0.000979,0.2|0.3152|0.3333,
controlled,105,2,ge10,hmc_in,,oracle,ignorable,,,,,-10390.2,0.106572,0.0475404,5448,01,True,0.0471698,106,0.0475477,5342,0.95283,0.996847,0.0827796,0.316047,0.955896,0.0440172,0|0|0|0|0|0|1|0|1|104,0|0|0|0|0|0|0.810873|0|0.908627|103.946,0|0|0|0|0|0|0|0|0|101,0.0566|0.9434,0.1007|0.8993,,,,,,,,state,3,107,0.002365|0.02759|0.001466,0.001897|0.01943|0.000979,0.2|0.3152|0.3333,
controlled,105,2,ge10,hmc_in,,oracle,state,,,,,-10918.5,0.113502,0.0449706,5448,01,True,0.0283019,106,0.0453014,5342,0.971698,0.989601,0.0533113,0.230288,0.966983,0.0330003,1|0|0|1|1|0|0|0|0|103,0.504021|0|0|0.695824|0.700983|0|0|0|0|102.997,1|0|0|1|0|0|0|0|0|101,0.0566|0.9434,0.0896|0.9104,0.0028437|0.029989,,,,,,,state,3,107,0.002365|0.02759|0.001466,0.001897|0.01943|0.000979,0.2|0.3152|0.3333,
controlled,105,2,ge10,hmc_in,,oracle,state-markov,,,,,-10918.5,0.119412,0.0449706,5448,01,True,0.0283019,106,0.0453014,5342,0.971698,0.989597,0.0533346,0.23035,0.96697,0.0330126,1|0|0|1|1|0|0|0|0|103,0.503718|0|0|0.695238|0.701394|0|0|0|0|102.997,1|0|0|1|0|0|0|0|0|101,0.0566|0.9434,0.0896|0.9104,0.0028567|0.02999,0.0028517|0.029989,0.0046296|0.030024,,,,,state,3,107,0.002365|0.02759|0.001466,0.001897|0.01943|0.000979,0.2|0.3152|0.3333,
controlled,105,2,ge10,hmc_in,0,unsupervised,ignorable,start,24,2.74123,-2.0010|0.7292,-9843.91,0.0910029,0.214758,5448,01,True,0.0566038,106,0.217896,5342,0.943396,0.990133,0.116152,0.356544,0.935738,0.0631119,1|1|0|0|0|0|0|1|0|103,0.540885|0.591237|0|0|0|0|0|0.889081|0|102.933,1|1|0|0|0|0|0|0|0|98,0.0566|0.9434,0.0454|0.9546,,,,,,,-560.8930|-560.3200,state,3,107,0.002365|0.02759|0.001466,0.001897|0.01943|0.000979,0.2|0.3152|0.3333,
controlled,105,2,ge10,hmc_in,0,unsupervised,state,start,7,0.902304,-1.6381|0.8999,-10475.8,0.0922558,0.138767,5448,01,True,0.0471698,106,0.140584,5342,0.95283,0.992774,0.0959458,0.310144,0.946452,0.0527451,0|0|0|1|1|0|0|1|0|103,0|0|0|0.690192|0.749151|0|0|0.882213|0|102.913,0|0|0|1|1|0|0|1|0|98,0.0566|0.9434,0.0486|0.9514,0.0021398|0.020135,,,0.0021398|0.020135,,,-560.8930|-560.3200,state,3,107,0.002365|0.02759|0.001466,0.001897|0.01943|0.000979,0.2|0.3152|0.3333,
controlled,105,2,ge10,hmc_in,0,unsupervised,state-markov,start,7,0.862744,-1.6382|0.8998,-10475.6,0.14334,0.138767,5448,01,True,0.0471698,106,0.140584,5342,0.95283,0.992752,0.0959977,0.310071,0.946417,0.0527706,0|0|0|1|0|1|0|1|0|103,0|0|0|0.685915|0|0.752398|0|0.880699|0|102.913,0|0|0|1|0|1|0|1|0|98,0.0566|0.9434,0.0487|0.9513,0.0021548|0.020134,0.0021497|0.019936,0.0044759|0.029809,0.0021548|0.020134,0.0021497|0.019936,0.0044759|0.029809,-560.8930|-560.3200,state,3,107,0.002365|0.02759|0.001466,0.001897|0.01943|0.000979,0.2|0.3152|0.3333,
controlled,105,2,ge10,hmc_in,0,unsupervised,state,ignorable fit,3,0.383326,-2.0104|0.7244,-10387.5,0.105595,0.214941,5448,01,True,0.0471698,106,0.21827,5342,0.95283,0.993672,0.0977936,0.393314,0.946984,0.0526977,1|0|0|0|0|0|0|0|2|103,0.530111|0|0|0|0|0|0|0|1.84153|102.958,1|0|0|0|0|0|0|0|2|98,0.0566|0.9434,0.0340|0.9660,0.0020903|0.018098,,,0.0020903|0.018098,,,-560.8930|-560.3200,state,3,107,0.002365|0.02759|0.001466,0.001897|0.01943|0.000979,0.2|0.3152|0.3333,
controlled,105,2,ge10,hmc_in,0,unsupervised,state-markov,ignorable fit,3,0.423979,-2.0104|0.7244,-10387.2,0.0830511,0.214941,5448,01,True,0.0471698,106,0.21827,5342,0.95283,0.993597,0.0979136,0.392983,0.946902,0.0527767,1|0|0|0|0|0|0|0|2|103,0.524584|0|0|0|0|0|0|0|1.83891|102.958,1|0|0|0|0|0|0|0|2|98,0.0566|0.9434,0.0340|0.9660,0.0021086|0.018098,0.0020998|0.017893,0.0062384|0.029222,0.0021086|0.018098,0.0020998|0.017893,0.0062384|0.029222,-560.8930|-560.3200,state,3,107,0.002365|0.02759|0.001466,0.001897|0.01943|0.000979,0.2|0.3152|0.3333,
controlled,105,2,ge10,hmc_in,,oracle,ignorable,,,,,-10390.2,0.113373,0.0469897,5448,01,True,0.038835,103,0.0471469,5345,0.961165,0.987401,0.0551233,0.369701,0.964263,0.027624,1|0|0|2|0|0|0|0|1|99,0.526657|0|0|1.33175|0|0|0|0|0.928541|98.9154,0|0|0|1|0|0|0|0|1|97,0.0388|0.9612,0.0746|0.9254,,,,,,,,state,4,107,0.002365|0.02759|0.001466,0.001897|0.01943|0.000979,0.2|0.3152|0.3333,
controlled,105,2,ge10,hmc_in,,oracle,state,,,,,-10915.5,0.095058,0.0447871,5448,01,True,0.0194175,103,0.045276,5345,0.980583,0.99786,0.0391988,0.296545,0.978442,0.0208223,0|0|0|0|0|0|0|1|1|101,0|0|0|0|0|0|0|0.88413|0.933307|100.962,0|0|0|0|0|0|0|1|1|99,0.0388|0.9612,0.0604|0.9396,0.001898|0.029689,,,,,,,state,4,107,0.002365|0.02759|0.001466,0.001897|0.01943|0.000979,0.2|0.3152|0.3333,
controlled,105,2,ge10,hmc_in,,oracle,state-markov,,,,,-10915,0.0854941,0.0447871,5448,01,True,0.0194175,103,0.045276,5345,0.980583,0.997911,0.0391817,0.296163,0.978494,0.0207932,0|0|0|0|0|0|0|1|1|101,0|0|0|0|0|0|0|0.887008|0.934571|100.963,0|0|0|0|0|0|0|1|1|99,0.0388|0.9612,0.0603|0.9397,0.0019033|0.02969,0.0019017|0.030289,0.0027778|0.010139,,,,,state,4,107,0.002365|0.02759|0.001466,0.001897|0.01943|0.000979,0.2|0.3152|0.3333,
controlled,105,2,ge10,hmc_in,0,unsupervised,ignorable,start,25,3.10713,-2.0022|0.7301,-9846.51,0.0909514,0.214941,5448,01,True,0.0194175,103,0.218709,5345,0.980583,0.989512,0.0473222,0.156741,0.970119,0.0280472,1|1|0|0|0|0|0|0|1|100,0.512014|0.555679|0|0|0|0|0|0|0.947761|99.9043,1|1|0|0|0|0|0|0|1|98,0.0388|0.9612,0.0669|0.9331,,,,,,,-560.8930|-560.7863,state,4,107,0.002365|0.02759|0.001466,0.001897|0.01943|0.000979,0.2|0.3152|0.3333,
controlled,105,2,ge10,hmc_in,0,unsupervised,state,start,6,0.887214,-1.6121|0.9139,-10484.8,0.101168,0.135646,5448,01,True,0.0194175,103,0.137886,5345,0.980583,0.99692,0.0390446,0.108712,0.977672,0.0207507,0|0|0|0|0|0|0|2|0|101,0|0|0|0|0|0|0|1.77272|0|100.91,0|0|0|0|0|0|0|2|0|99,0.0388|0.9612,0.0600|0.9400,0.0025851|0.020089,,,0.0025851|0.020089,,,-560.8930|-560.7863,state,4,107,0.002365|0.02759|0.001466,0.001897|0.01943|0.000979,0.2|0.3152|0.3333,
controlled,105,2,ge10,hmc_in,0,unsupervised,state-markov,start,6,0.768381,-1.6120|0.9140,-10484.5,0.145065,0.135646,5448,01,True,0.0194175,103,0.137886,5345,0.980583,0.996931,0.0390349,0.108529,0.977684,0.0207265,0|0|0|0|0|0|0|2|0|101,0|0|0|0|0|0|0|1.77453|0|100.909,0|0|0|0|0|0|0|2|0|99,0.0388|0.9612,0.0600|0.9400,0.0025874|0.020093,0.0025892|0.0203,0.0019062|0.009971,0.0025874|0.020093,0.0025892|0.0203,0.0019062|0.009971,-560.8930|-560.7863,state,4,107,0.002365|0.02759|0.001466,0.001897|0.01943|0.000979,0.2|0.3152|0.3333,
controlled,105,2,ge10,hmc_in,0,unsupervised,state,ignorable fit,3,0.341289,-2.0115|0.7254,-10394.3,0.0987474,0.215492,5448,01,True,0.0194175,103,0.21927,5345,0.980583,0.992937,0.0410117,0.11854,0.973648,0.0257588,0|0|0|0|0|1|2|1|0|99,0|0|0|0|0|0.767549|1.67036|0.871748|0|98.9628,0|0|0|0|0|1|2|1|0|97,0.0388|0.9612,0.0569|0.9431,0.0033604|0.017698,,,0.0033604|0.017698,,,-560.8930|-560.7863,state,4,107,0.002365|0.02759|0.001466,0.001897|0.01943|0.000979,0.2|0.3152|0.3333,
controlled,105,2,ge10,hmc_in,0,unsupervised,state-markov,ignorable fit,3,0.342066,-2.0115|0.7254,-10394,0.0765215,0.215492,5448,01,True,0.0194175,103,0.21927,5345,0.980583,0.992911,0.0410339,0.118461,0.973624,0.0257819,0|0|0|0|0|1|2|1|0|99,0|0|0|0|0|0.765425|1.66937|0.872372|0|98.9627,0|0|0|0|0|1|2|1|0|97,0.0388|0.9612,0.0568|0.9432,0.0033642|0.0177,0.0033683|0.01784,0.002134|0.0098961,0.0033642|0.0177,0.0033683|0.01784,0.002134|0.0098961,-560.8930|-560.7863,state,4,107,0.002365|0.02759|0.001466,0.001897|0.01943|0.000979,0.2|0.3152|0.3333,
controlled,105,2,ge10,hmc_in,,oracle,ignorable,,,,,-10421.2,0.126337,0.0453377,5448,01,True,0.0659341,91,0.0449879,5357,0.934066,0.978367,0.103759,0.549351,0.933847,0.0586942,0|1|1|2|1|1|0|0|0|85,0|0.573647|0.624183|1.3484|0.713929|0.771477|0|0|0|84.9998,0|1|0|1|0|1|0|0|0|82,0.0110|0.9890,0.0771|0.9229,,,,,,,,state-markov,0,93,0.002365|0.02759|0.001466,0.001897|0.01943|0.000979,0.2|0.3152|0.3333,
controlled,105,2,ge10,hmc_in,,oracle,state,,,,,-10894.1,0.1256,0.0429515,5448,01,True,0.032967,91,0.0431211,5357,0.967033,0.999123,0.065776,0.290959,0.966262,0.0320901,0|0|0|0|0|0|0|0|0|91,0|0|0|0|0|0|0|0|0|90.9202,0|0|0|0|0|0|0|0|0|88,0.0110|0.9890,0.0447|0.9553,0.00047871|0.02699,,,,,,,state-markov,0,93,0.002365|0.02759|0.001466,0.001897|0.01943|0.000979,0.2|0.3152|0.3333,
controlled,105,2,ge10,hmc_in,,oracle,state-markov,,,,,-10793.2,0.134448,0.0435022,5448,01,True,0.032967,91,0.0436812,5357,0.967033,0.993969,0.0685301,0.380168,0.961042,0.0381033,0|0|0|1|0|0|0|1|1|88,0|0|0|0.680026|0|0|0|0.890121|0.921744|87.9593,0|0|0|1|0|0|0|1|1|85,0.0110|0.9890,0.0499|0.9501,0.00059896|0.027183,0.00047658|0.016638,0.20479|0.40455,,,,,state-markov,0,93,0.002365|0.02759|0.001466,0.001897|0.01943|0.000979,0.2|0.3152|0.3333,
controlled,105,2,ge10,hmc_in,0,unsupervised,ignorable,start,25,3.22853,-2.0022|0.7293,-9875.54,0.144285,0.215125,5448,01,True,0.032967,91,0.218219,5357,0.967033,0.993845,0.0673164,0.235122,0.960951,0.0357582,0|0|0|0|0|1|0|1|1|88,0|0|0|0|0|0.774129|0|0.89123|0.927578|87.8469,0|0|0|0|0|1|0|1|1|85,0.0110|0.9890,0.0500|0.9500,,,,,,,-500.6341|-387.3198,state-markov,0,93,0.002365|0.02759|0.001466,0.001897|0.01943|0.000979,0.2|0.3152|0.3333,
controlled,105,2,ge10,hmc_in,0,unsupervised,state,start,28,3.38807,-1.9987|0.7311,-10366.5,0.146427,0.214758,5448,01,True,0.032967,91,0.217846,5357,0.967033,0.998005,0.0621554,0.153976,0.967049,0.0309718,0|0|0|0|0|0|0|0|2|89,0|0|0|0|0|0|0|0|1.85442|88.964,0|0|0|0|0|0|0|0|1|87,0.0110|0.9890,0.0439|0.9561,0.0032158|0.015335,,,0.0032158|0.015335,,,-500.6341|-387.3198,state-markov,0,93,0.002365|0.02759|0.001466,0.001897|0.01943|0.000979,0.2|0.3152|0.3333,
controlled,105,2,ge10,hmc_in,0,unsupervised,state-markov,start,26,3.23157,-1.9969|0.7320,-10258,0.116904,0.214391,5448,01,True,0.032967,91,0.217472,5357,0.967033,0.997159,0.0655414,0.182946,0.964535,0.0334949,0|0|0|0|0|0|0|0|2|89,0|0|0|0|0|0|0|0|1.84673|88.8948,0|0|0|0|0|0|0|0|2|86,0.0110|0.9890,0.0464|0.9536,0.003372|0.015324,0.0022639|0.0090975,0.33088|0.41542,0.003372|0.015324,0.0022639|0.0090975,0.33088|0.41542,-500.6341|-387.3198,state-markov,0,93,0.002365|0.02759|0.001466,0.001897|0.01943|0.000979,0.2|0.3152|0.3333,
controlled,105,2,ge10,hmc_in,0,unsupervised,state,ignorable fit,3,0.372906,-2.0104|0.7253,-10365.7,0.138207,0.215859,5448,01,True,0.032967,91,0.218966,5357,0.967033,0.998158,0.0623823,0.155234,0.96707,0.0311254,0|0|0|0|0|0|0|0|2|89,0|0|0|0|0|0|0|0|1.86631|88.9661,0|0|0|0|0|0|0|0|1|87,0.0110|0.9890,0.0439|0.9561,0.0032983|0.015267,,,0.0032983|0.015267,,,-500.6341|-387.3198,state-markov,0,93,0.002365|0.02759|0.001466,0.001897|0.01943|0.000979,0.2|0.3152|0.3333,
controlled,105,2,ge10,hmc_in,0,unsupervised,state-markov,ignorable fit,3,0.430883,-2.0107|0.7251,-10256.9,0.124106,0.215859,5448,01,True,0.032967,91,0.218966,5357,0.967033,0.99752,0.0654649,0.182962,0.964891,0.0333135,0|0|0|0|0|0|0|0|2|89,0|0|0|0|0|0|0|0|1.87141|88.9029,0|0|0|0|0|0|0|0|2|86,0.0110|0.9890,0.0460|0.9540,0.0034212|0.015256,0.0022889|0.0090614,0.33324|0.41509,0.0034212|0.015256,0.0022889|0.0090614,0.33324|0.41509,-500.6341|-387.3198,state-markov,0,93,0.002365|0.02759|0.001466,0.001897|0.01943|0.000979,0.2|0.3152|0.3333,
controlled,105,2,ge10,hmc_in,,oracle,ignorable,,,,,-10429.5,0.100767,0.0440529,5448,01,True,0.0632911,79,0.0437698,5369,0.936709,0.984291,0.134569,0.353698,0.922561,0.0773053,0|2|0|0|1|0|0|0|1|75,0|1.15259|0|0|0.729711|0|0|0|0.943653|74.9331,0|2|0|0|1|0|0|0|1|70,0.0506|0.9494,0.1066|0.8934,,,,,,,,state-markov,1,79,0.002365|0.02759|0.001466,0.001897|0.01943|0.000979,0.2|0.3152|0.3333,
controlled,105,2,ge10,hmc_in,,oracle,state,,,,,-10840.8,0.109793,0.0455213,5448,01,True,0.0379747,79,0.0456323,5369,0.962025,0.991609,0.0597914,0.11174,0.963418,0.0325606,0|0|0|1|0|0|0|1|0|77,0|0|0|0.662849|0|0|0|0.882424|0|76.7919,0|0|0|0|0|0|0|1|0|75,0.0506|0.9494,0.0378|0.9622,0.0018963|0.022492,,,,,,,state-markov,1,79,0.002365|0.02759|0.001466,0.001897|0.01943|0.000979,0.2|0.3152|0.3333,
controlled,105,2,ge10,hmc_in,,oracle,state-markov,,,,,-10787.4,0.131757,0.0464391,5448,01,True,0.0886076,79,0.0458186,5369,0.911392,0.990103,0.143998,0.254966,0.92021,0.0787109,0|0|0|1|0|0|2|0|0|76,0|0|0|0.663428|0|0|1.68458|0|0|75.8702,0|0|0|0|0|0|0|0|0|72,0.0506|0.9494,0.0878|0.9122,0.0019184|0.022492,0.0014247|0.01626,0.25875|0.29334,,,,,state-markov,1,79,0.002365|0.02759|0.001466,0.001897|0.01943|0.000979,0.2|0.3152|0.3333,
controlled,105,2,ge10,hmc_in,0,unsupervised,ignorable,start,25,2.9137,-1.9977|0.7313,-9885.49,0.100183,0.214758,5448,01,True,0.101266,79,0.216428,5369,0.898734,0.99599,0.190768,0.489911,0.900812,0.097256,0|0|0|0|0|0|0|0|2|77,0|0|0|0|0|0|0|0|1.83941|76.8438,0|0|0|0|0|0|0|0|0|71,0.0506|0.9494,0.0487|0.9513,,,,,,,-438.2331|-377.0598,state-markov,1,79,0.002365|0.02759|0.001466,0.001897|0.01943|0.000979,0.2|0.3152|0.3333,
controlled,105,2,ge10,hmc_in,0,unsupervised,state,start,27,3.23474,-1.9973|0.7313,-10305.8,0.0886239,0.213289,5448,01,True,0.0506329,79,0.215683,5369,0.949367,0.999994,0.101266,0.747933,0.949361,0.0506271,0|0|0|0|0|0|0|0|0|79,0|0|0|0|0|0|0|0|0|78.9995,0|0|0|0|0|0|0|0|0|75,0.0506|0.9494,0.0000|1.0000,6.1226e-06|0.013885,,,6.1226e-06|0.013885,,,-438.2331|-377.0598,state-markov,1,79,0.002365|0.02759|0.001466,0.001897|0.01943|0.000979,0.2|0.3152|0.3333,
controlled,105,2,ge10,hmc_in,0,unsupervised,state-markov,start,26,3.39968,-1.9927|0.7338,-10249.4,0.115063,0.214023,5448,01,True,0.101266,79,0.215683,5369,0.898734,0.994876,0.188004,0.577771,0.901167,0.0961422,0|0|0|0|0|0|0|0|4|75,0|0|0|0|0|0|0|0|3.70326|74.892,0|0|0|0|0|0|0|0|0|71,0.0506|0.9494,0.0482|0.9518,0.0015546|0.013243,0.00051809|0.0098291,0.66726|0.2676,0.0015546|0.013243,0.00051809|0.0098291,0.66726|0.2676,-438.2331|-377.0598,state-markov,1,79,0.002365|0.02759|0.001466,0.001897|0.01943|0.000979,0.2|0.3152|0.3333,
controlled,105,2,ge10,hmc_in,0,unsupervised,state,ignorable fit,4,0.482461,-2.0101|0.7250,-10305,0.09805,0.214574,5448,01,True,0.0506329,79,0.216986,5369,0.949367,0.999988,0.101266,0.712908,0.949355,0.0506207,0|0|0|0|0|0|0|0|0|79,0|0|0|0|0|0|0|0|0|78.999,0|0|0|0|0|0|0|0|0|75,0.0506|0.9494,0.0000|1.0000,1.2819e-05|0.013831,,,1.2819e-05|0.013831,,,-438.2331|-377.0598,state-markov,1,79,0.002365|0.02759|0.001466,0.001897|0.01943|0.000979,0.2|0.3152|0.3333,
controlled,105,2,ge10,hmc_in,0,unsupervised,state-markov,ignorable fit,3,0.344579,-2.0069|0.7268,-10248.3,0.093426,0.215125,5448,01,True,0.101266,79,0.2168,5369,0.898734,0.994536,0.186746,0.575344,0.901509,0.0958016,0|0|0|0|0|0|0|0|4|75,0|0|0|0|0|0|0|0|3.67627|74.8921,0|0|0|0|0|0|0|0|0|71,0.0506|0.9494,0.0479|0.9521,0.0015767|0.013189,0.00052441|0.0097875,0.66792|0.26772,0.0015767|0.013189,0.00052441|0.0097875,0.66792|0.26772,-438.2331|-377.0598,state-markov,1,79,0.002365|0.02759|0.001466,0.001897|0.01943|0.000979,0.2|0.3152|0.3333,
controlled,105,2,ge10,hmc_in,,oracle,ignorable,,,,,-10446.4,0.121058,0.0468062,5448,01,True,0.125,72,0.0457589,5376,0.875,0.981252,0.217397,1.40128,0.880243,0.118532,1|1|1|0|0|0|0|0|0|69,0.517467|0.55792|0.648887|0|0|0|0|0|0|68.9259,0|1|0|0|0|0|0|0|0|62,0.0139|0.9861,0.1336|0.8664,,,,,,,,state-markov,2,74,0.002365|0.02759|0.001466,0.001897|0.01943|0.000979,0.2|0.3152|0.3333,
controlled,105,2,ge10,hmc_in,,oracle,state,,,,,-10855.2,0.118828,0.0420338,5448,01,True,0.0833333,72,0.0414807,5376,0.916667,0.998211,0.166498,0.647714,0.915022,0.0815441,0|0|0|0|0|0|0|0|0|72,0|0|0|0|0|0|0|0|0|71.8712,0|0|0|0|0|0|0|0|0|66,0.0139|0.9861,0.0989|0.9011,0.00047751|0.021292,,,,,,,state-markov,2,74,0.002365|0.02759|0.001466,0.001897|0.01943|0.000979,0.2|0.3152|0.3333,
controlled,105,2,ge10,hmc_in,,oracle,state-markov,,,,,-10808.7,0.112653,0.0420338,5448,01,True,0.0833333,72,0.0414807,5376,0.916667,0.992555,0.17151,1.00174,0.909272,0.089214,0|1|0|0|0|0|0|0|1|70,0|0.584912|0|0|0|0|0|0|0.935358|69.9437,0|1|0|0|0|0|0|0|1|64,0.0139|0.9861,0.1046|0.8954,0.0005434|0.021471,0.00047664|0.016536,0.12333|0.24638,,,,,state-markov,2,74,0.002365|0.02759|0.001466,0.001897|0.01943|0.000979,0.2|0.3152|0.3333,
controlled,105,2,ge10,hmc_in,0,unsupervised,ignorable,start,26,2.92801,-2.0050|0.7314,-9907.01,0.101748,0.215308,5448,01,True,0.111111,72,0.216704,5376,0.888889,0.991808,0.199503,0.598228,0.895252,0.102919,1|0|0|0|0|0|0|0|0|71,0.521814|0|0|0|0|0|0|0|0|70.8884,0|0|0|0|0|0|0|0|0|64,0.0139|0.9861,0.1186|0.8814,,,,,,,-415.3600|-370.5011,state-markov,2,74,0.002365|0.02759|0.001466,0.001897|0.01943|0.000979,0.2|0.3152|0.3333,
controlled,105,2,ge10,hmc_in,0,unsupervised,state,start,28,3.66474,-2.0051|0.7313,-10319.8,0.107378,0.215125,5448,01,True,0.0972222,72,0.216704,5376,0.902778,0.994614,0.189905,0.468898,0.900603,0.0987651,0|0|0|0|0|1|0|0|1|70,0|0|0|0|0|0.750559|0|0|0.928064|69.9336,0|0|0|0|0|1|0|0|0|64,0.0139|0.9861,0.1132|0.8868,0.0053625|0.0113,,,0.0053625|0.0113,,,-415.3600|-370.5011,state-markov,2,74,0.002365|0.02759|0.001466,0.001897|0.01943|0.000979,0.2|0.3152|0.3333,
controlled,105,2,ge10,hmc_in,0,unsupervised,state-markov,start,27,3.33169,-2.0008|0.7334,-10274.6,0.0857164,0.214758,5448,01,True,0.0972222,72,0.216332,5376,0.902778,0.992559,0.192141,0.553073,0.898317,0.0994951,0|0|0|1|0|0|0|0|1|70,0|0|0|0.6503|0|0|0|0|0.906069|69.9079,0|0|0|1|0|0|0|0|0|64,0.0139|0.9861,0.1155|0.8845,0.0053127|0.011274,0.0034959|0.0088403,0.34548|0.22471,0.0053127|0.011274,0.0034959|0.0088403,0.34548|0.22471,-415.3600|-370.5011,state-markov,2,74,0.002365|0.02759|0.001466,0.001897|0.01943|0.000979,0.2|0.3152|0.3333,
controlled,105,2,ge10,hmc_in,0,unsupervised,state,ignorable fit,3,0.306321,-2.0141|0.7269,-10319.2,0.112809,0.215859,5448,01,True,0.0972222,72,0.217448,5376,0.902778,0.994571,0.189526,0.46973,0.900741,0.0986171,0|0|0|0|0|1|0|0|1|70,0|0|0|0|0|0.754353|0|0|0.920144|69.9346,0|0|0|0|0|1|0|0|0|64,0.0139|0.9861,0.1131|0.8869,0.0054337|0.011262,,,0.0054337|0.011262,,,-415.3600|-370.5011,state-markov,2,74,0.002365|0.02759|0.001466,0.001897|0.01943|0.000979,0.2|0.3152|0.3333,
controlled,105,2,ge10,hmc_in,0,unsupervised,state-markov,ignorable fit,3,0.342036,-2.0141|0.7268,-10273.6,0.128224,0.215859,5448,01,True,0.0972222,72,0.217448,5376,0.902778,0.992515,0.191093,0.55103,0.898718,0.0990882,0|0|0|1|0|0|0|1|0|70,0|0|0|0.663352|0|0|0|0.889972|0|69.9077,0|0|0|1|0|0|0|0|0|64,0.0139|0.9861,0.1151|0.8849,0.0053621|0.011235,0.0035277|0.0088093,0.34563|0.22472,0.0053621|0.011235,0.0035277|0.0088093,0.34563|0.22472,-415.3600|-370.5011,state-markov,2,74,0.002365|0.02759|0.001466,0.001897|0.01943|0.000979,0.2|0.3152|0.3333,
controlled,105,2,ge10,hmc_in,,oracle,ignorable,,,,,-10389,0.0942995,0.0449706,5448,01,True,0.0545455,110,0.0447733,5338,0.945455,0.990452,0.078689,0.307002,0.954399,0.0449973,1|0|0|1|0|0|0|1|1|106,0.522746|0|0|0.66816|0|0|0|0.86374|0.928383|105.967,0|0|0|0|0|0|0|0|0|104,0.0182|0.9818,0.0638|0.9362,,,,,,,,state-markov,3,113,0.002365|0.02759|0.001466,0.001897|0.01943|0.000979,0.2|0.3152|0.3333,
controlled,105,2,ge10,hmc_in,,oracle,state,,,,,-10927.5,0.106236,0.0412996,5448,01,True,0.0181818,110,0.0417759,5338,0.981818,0.998076,0.0344361,0.162631,0.980947,0.0162577,0|0|0|0|0|0|0|0|2|108,0|0|0|0|0|0|0|0|1.88319|107.905,0|0|0|0|0|0|0|0|1|107,0.0182|0.9818,0.0371|0.9629,0.00095279|0.032388,,,,,,,state-markov,3,113,0.002365|0.02759|0.001466,0.001897|0.01943|0.000979,0.2|0.3152|0.3333,
controlled,105,2,ge10,hmc_in,,oracle,state-markov,,,,,-10838.3,0.112548,0.0416667,5448,01,True,0.0181818,110,0.0421506,5338,0.981818,0.994253,0.037454,0.179434,0.976497,0.0233377,0|0|0|0|0|1|1|1|1|106,0|0|0|0|0|0.772926|0.803594|0.895515|0.928296|105.967,0|0|0|0|0|1|1|1|1|104,0.0182|0.9818,0.0416|0.9584,0.0010849|0.032389,0.00095111|0.021075,0.12427|0.37039,,,,,state-markov,3,113,0.002365|0.02759|0.001466,0.001897|0.01943|0.000979,0.2|0.3152|0.3333,
controlled,105,2,ge10,hmc_in,0,unsupervised,ignorable,start,23,2.47646,-2.0076|0.7253,-9839.82,0.127663,0.214207,5448,01,True,0.0454545,110,0.217685,5338,0.954545,0.987619,0.0799165,0.220002,0.950811,0.0455662,1|0|0|0|1|0|1|1|1|105,0.547701|0|0|0|0.717742|0|0.819352|0.865243|0.910552|104.777,0|0|0|0|1|0|1|1|1|101,0.0182|0.9818,0.0313|0.9687,,,,,,,-586.1341|-474.9579,state-markov,3,113,0.002365|0.02759|0.001466,0.001897|0.01943|0.000979,0.2|0.3152|0.3333,
controlled,105,2,ge10,hmc_in,0,unsupervised,state,start,25,3.06725,-2.0046|0.7268,-10403.9,0.156736,0.214023,5448,01,True,0.0363636,110,0.217685,5338,0.963636,0.997918,0.0663734,0.213709,0.965034,0.0342819,0|0|0|0|0|0|1|0|0|109,0|0|0|0|0|0|0.820173|0|0|108.951,0|0|0|0|0|0|0|0|0|106,0.0182|0.9818,0.0168|0.9832,0.0010418|0.0195,,,0.0010418|0.0195,,,-586.1341|-474.9579,state-markov,3,113,0.002365|0.02759|0.001466,0.001897|0.01943|0.000979,0.2|0.3152|0.3333,
controlled,105,2,ge10,hmc_in,0,unsupervised,state-markov,start,24,2.99131,-2.0078|0.7252,-10302.2,0.101049,0.214023,5448,01,True,0.0363636,110,0.217685,5338,0.963636,0.998106,0.0694896,0.213364,0.963473,0.0344692,0|0|0|0|0|0|0|0|2|108,0|0|0|0|0|0|0|0|1.84738|107.944,0|0|0|0|0|0|0|0|1|105,0.0182|0.9818,0.0184|0.9816,0.0012969|0.019439,0.0011194|0.012335,0.13799|0.3778,0.0012969|0.019439,0.0011194|0.012335,0.13799|0.3778,-586.1341|-474.9579,state-markov,3,113,0.002365|0.02759|0.001466,0.001897|0.01943|0.000979,0.2|0.3152|0.3333,
controlled,105,2,ge10,hmc_in,0,unsupervised,state,ignorable fit,3,0.323494,-2.0167|0.7208,-10403.1,0.0822656,0.214758,5448,01,True,0.0363636,110,0.218434,5338,0.963636,0.997891,0.0663103,0.216146,0.965048,0.0342544,0|0|0|0|0|0|1|0|0|109,0|0|0|0|0|0|0.817001|0|0|108.951,0|0|0|0|0|0|0|0|0|106,0.0182|0.9818,0.0168|0.9832,0.0011147|0.019412,,,0.0011147|0.019412,,,-586.1341|-474.9579,state-markov,3,113,0.002365|0.02759|0.001466,0.001897|0.01943|0.000979,0.2|0.3152|0.3333,
controlled,105,2,ge10,hmc_in,0,unsupervised,state-markov,ignorable fit,3,0.322314,-2.0171|0.7205,-10301.6,0.115396,0.214758,5448,01,True,0.0363636,110,0.218434,5338,0.963636,0.998011,0.0694029,0.215636,0.963432,0.034375,0|0|0|0|0|0|0|0|2|108,0|0|0|0|0|0|0|0|1.84148|107.94,0|0|0|0|0|0|0|0|1|105,0.0182|0.9818,0.0184|0.9816,0.0013842|0.019356,0.0011699|0.012288,0.15603|0.37747,0.0013842|0.019356,0.0011699|0.012288,0.15603|0.37747,-586.1341|-474.9579,state-markov,3,113,0.002365|0.02759|0.001466,0.001897|0.01943|0.000979,0.2|0.3152|0.3333,
controlled,105,2,ge10,hmc_in,,oracle,ignorable,,,,,-10374,0.11556,0.0462555,5448,01,True,0.0862069,116,0.0453863,5332,0.913793,0.984955,0.165285,0.635204,0.90732,0.0837858,0|1|2|1|0|0|0|2|0|110,0|0.576306|1.25261|0.691483|0|0|0|1.7704|0|109.964,0|1|1|1|0|0|0|1|0|102,0.0948|0.9052,0.1875|0.8125,,,,,,,,state-markov,4,121,0.002365|0.02759|0.001466,0.001897|0.01943|0.000979,0.2|0.3152|0.3333,
controlled,105,2,ge10,hmc_in,,oracle,state,,,,,-10974.2,0.143448,0.0440529,5448,01,True,0.0775862,116,0.0433233,5332,0.922414,0.976052,0.0956827,0.344783,0.937099,0.0591039,3|1|1|0|0|1|0|0|1|109,1.61757|0.580003|0.610824|0|0|0.777076|0|0|0.905889|108.731,0|0|0|0|0|1|0|0|1|105,0.0948|0.9052,0.1544|0.8456,0.0052086|0.031489,,,,,,,state-markov,4,121,0.002365|0.02759|0.001466,0.001897|0.01943|0.000979,0.2|0.3152|0.3333,
controlled,105,2,ge10,hmc_in,,oracle,state-markov,,,,,-10870.8,0.141646,0.0442364,5448,01,True,0.0775862,116,0.0435109,5332,0.922414,0.990998,0.137357,0.461461,0.924465,0.0750904,0|0|1|0|0|1|1|0|2|111,0|0|0.63582|0|0|0.752919|0.806024|0|1.8166|110.944,0|0|0|0|0|0|1|0|2|104,0.0948|0.9052,0.1704|0.8296,0.0046702|0.031721,0.001431|0.023518,0.69501|0.28212,,,,,state-markov,4,121,0.002365|0.02759|0.001466,0.001897|0.01943|0.000979,0.2|0.3152|0.3333,
controlled,105,2,ge10,hmc_in,0,unsupervised,ignorable,start,26,3.25194,-1.9945|0.7288,-9838.18,0.109539,0.21384,5448,01,True,0.0689655,116,0.216992,5332,0.931034,0.981772,0.120136,0.286541,0.926476,0.0647182,0|1|0|2|1|1|1|1|1|108,0|0.586565|0|1.35692|0.73404|0.766995|0.841346|0.868528|0.918756|107.812,0|1|0|1|1|0|0|1|0|104,0.0948|0.9052,0.1670|0.8330,,,,,,,-619.2883|-518.9370,state-markov,4,121,0.002365|0.02759|0.001466,0.001897|0.01943|0.000979,0.2|0.3152|0.3333,
controlled,105,2,ge10,hmc_in,0,unsupervised,state,start,6,0.703234,-1.6091|0.9086,-10537.3,0.130837,0.136197,5448,01,True,0.103448,116,0.136909,5332,0.896552,0.9876,0.196993,0.489779,0.891208,0.107511,0|0|0|1|0|1|2|2|2|108,0|0|0|0.685119|0|0.778473|1.69214|1.76646|1.81514|107.824,0|0|0|1|0|1|0|2|2|98,0.0948|0.9052,0.0710|0.9290,0.0034991|0.022358,,,0.0034991|0.022358,,,-619.2883|-518.9370,state-markov,4,121,0.002365|0.02759|0.001466,0.001897|0.01943|0.000979,0.2|0.3152|0.3333,
controlled,105,2,ge10,hmc_in,0,unsupervised,state-markov,start,6,0.702022,-1.6114|0.9076,-10433.3,0.12763,0.13638,5448,01,True,0.0775862,116,0.137659,5332,0.922414,0.989151,0.143014,0.353458,0.920346,0.0774343,0|1|0|1|0|0|1|1|0|112,0|0.599462|0|0.679018|0|0|0.821648|0.878914|0|111.763,0|0|0|1|0|0|1|1|0|104,0.0948|0.9052,0.1741|0.8259,0.0085184|0.01948,0.0034918|0.01452,0.59357|0.26911,0.0085184|0.01948,0.0034918|0.01452,0.59357|0.26911,-619.2883|-518.9370,state-markov,4,121,0.002365|0.02759|0.001466,0.001897|0.01943|0.000979,0.2|0.3152|0.3333,
controlled,105,2,ge10,hmc_in,0,unsupervised,state,ignorable fit,3,0.365265,-2.0045|0.7239,-10454.7,0.106579,0.214391,5448,01,True,0.0431034,116,0.218117,5332,0.956897,0.971567,0.0898387,0.234108,0.93446,0.0579625,1|0|1|2|1|1|4|2|2|102,0.506404|0|0.612461|1.35079|0.707829|0.778296|3.32983|1.72829|1.82592|101.862,1|0|1|1|1|1|4|2|2|98,0.0948|0.9052,0.1410|0.8590,0.010664|0.017865,,,0.010664|0.017865,,,-619.2883|-518.9370,state-markov,4,121,0.002365|0.02759|0.001466,0.001897|0.01943|0.000979,0.2|0.3152|0.3333,
controlled,105,2,ge10,hmc_in,0,unsupervised,state-markov,ignorable fit,3,0.374716,-2.0043|0.7240,-10347.3,0.115592,0.215308,5448,01,True,0.0775862,116,0.218305,5332,0.922414,0.985687,0.125121,0.262644,0.926461,0.0656684,0|0|2|0|0|0|3|1|2|108,0|0|1.25026|0|0|0|2.51684|0.861095|1.87939|107.832,0|0|0|0|0|0|2|1|0|104,0.0948|0.9052,0.1681|0.8319,0.011262|0.017287,0.0045749|0.012831,0.59836|0.27062,0.011262|0.017287,0.0045749|0.012831,0.59836|0.27062,-619.2883|-518.9370,state-markov,4,121,0.002365|0.02759|0.001466,0.001897|0.01943|0.000979,0.2|0.3152|0.3333,
controlled,105,2,any,hmc_in,,oracle,ignorable,,,,,-9906.95,0.102912,0.0475404,5448,01,True,0.0479616,417,0.0475055,5031,0.952038,0.986734,0.0858799,0.415297,0.948443,0.0426418,4|1|1|2|5|1|0|1|3|399,2.04332|0.557919|0.604543|1.39355|3.66277|0.787299|0|0.859862|2.79177|398.767,2|1|1|2|2|1|0|0|2|386,0.0671|0.9329,0.1185|0.8815,,,,,,,,state,0,483,0.01372|0.1185|0.03224,0.01295|0.07009|0.02879,0.06897|0.4785|0.1364,
controlled,105,2,any,hmc_in,,oracle,state,,,,,-11618.3,0.128707,0.035793,5448,01,True,0.0335731,417,0.0359769,5031,0.966427,0.993589,0.0630977,0.316689,0.963728,0.0338305,2|0|1|0|0|1|0|4|6|403,1.08112|0|0.629743|0|0|0.788357|0|3.52853|5.5394|402.759,2|0|0|0|0|0|0|4|4|393,0.0671|0.9329,0.1032|0.8968,0.013269|0.11666,,,,,,,state,0,483,0.01372|0.1185|0.03224,0.01295|0.07009|0.02879,0.06897|0.4785|0.1364,
controlled,105,2,any,hmc_in,,oracle,state-markov,,,,,-11619.5,0.099509,0.035793,5448,01,True,0.0335731,417,0.0359769,5031,0.966427,0.993837,0.0632267,0.310902,0.963894,0.033588,2|0|1|0|0|1|0|3|6|404,1.06713|0|0.637727|0|0|0.792344|0|2.64487|5.53493|403.753,2|0|0|0|0|0|0|3|4|394,0.0671|0.9329,0.1031|0.8969,0.013314|0.11666,0.013446|0.11607,0.0035266|0.12109,,,,,state,0,483,0.01372|0.1185|0.03224,0.01295|0.07009|0.02879,0.06897|0.4785|0.1364,
controlled,105,2,any,hmc_in,0,unsupervised,ignorable,start,21,2.25216,-2.0240|0.6983,-9352.82,0.1199,0.217327,5448,01,True,0.0623501,417,0.230173,5031,0.93765,0.989217,0.113461,0.352341,0.936591,0.0571883,4|3|1|0|1|0|1|0|1|406,2.10531|1.70571|0.633949|0|0.722751|0|0.816422|0|0.920308|405.599,3|1|0|0|1|0|0|0|0|386,0.0671|0.9329,0.0653|0.9347,,,,,,,-1791.4653|-1786.3661,state,0,483,0.01372|0.1185|0.03224,0.01295|0.07009|0.02879,0.06897|0.4785|0.1364,
controlled,105,2,any,hmc_in,0,unsupervised,state,start,6,0.699904,-1.6475|0.8807,-11194.8,0.108169,0.137298,5448,01,True,0.0479616,417,0.144703,5031,0.952038,0.992813,0.0889701,0.253,0.94981,0.0452751,0|0|1|2|1|1|3|1|5|403,0|0|0.601619|1.37487|0.749179|0.776577|2.45847|0.877318|4.65865|402.506,0|0|0|1|1|1|2|1|5|386,0.0671|0.9329,0.0751|0.9249,0.021109|0.084997,,,0.021109|0.084997,,,-1791.4653|-1786.3661,state,0,483,0.01372|0.1185|0.03224,0.01295|0.07009|0.02879,0.06897|0.4785|0.1364,
controlled,105,2,any,hmc_in,0,unsupervised,state-markov,start,6,0.697518,-1.6489|0.8800,-11192.5,0.117956,0.137482,5448,01,True,0.0479616,417,0.144902,5031,0.952038,0.992515,0.0892752,0.255403,0.949488,0.0440279,0|0|1|3|0|1|3|1|5|403,0|0|0.600346|2.0619|0|0.75019|2.45522|0.874883|4.63457|402.502,0|0|0|2|0|1|2|1|5|386,0.0671|0.9329,0.0753|0.9247,0.021163|0.084955,0.0207|0.0827,0.042571|0.10925,0.021163|0.084955,0.0207|0.0827,0.042571|0.10925,-1791.4653|-1786.3661,state,0,483,0.01372|0.1185|0.03224,0.01295|0.07009|0.02879,0.06897|0.4785|0.1364,
controlled,105,2,any,hmc_in,0,unsupervised,state,ignorable fit,3,0.341926,-2.0300|0.6951,-11105.7,0.0808899,0.21696,5448,01,True,0.059952,417,0.229974,5031,0.940048,0.993324,0.109721,0.354548,0.940046,0.0542246,0|1|0|0|2|5|1|2|1|405,0|0.561341|0|0|1.43935|3.94398|0.802138|1.70801|0.946083|404.815,0|0|0|0|1|3|1|1|0|386,0.0671|0.9329,0.0574|0.9426,0.022714|0.077176,,,0.022714|0.077176,,,-1791.4653|-1786.3661,state,0,483,0.01372|0.1185|0.03224,0.01295|0.07009|0.02879,0.06897|0.4785|0.1364,
controlled,105,2,any,hmc_in,0,unsupervised,state-markov,ignorable fit,3,0.28953,-2.0301|0.6950,-11102.4,0.134479,0.21696,5448,01,True,0.059952,417,0.229974,5031,0.940048,0.993022,0.110034,0.357226,0.939714,0.052974,0|1|0|0|3|5|0|2|2|404,0|0.56071|0|0|2.1426|3.94339|0|1.70786|1.87983|403.856,0|0|0|0|2|3|0|1|1|385,0.0671|0.9329,0.0577|0.9423,0.022736|0.077176,0.022015|0.074736,0.053728|0.10635,0.022736|0.077176,0.022015|0.074736,0.053728|0.10635,-1791.4653|-1786.3661,state,0,483,0.01372|0.1185|0.03224,0.01295|0.07009|0.02879,0.06897|0.4785|0.1364,
controlled,105,2,any,hmc_in,,oracle,ignorable,,,,,-9910.37,0.121053,0.0466226,5448,01,True,0.0671642,402,0.0449861,5046,0.932836,0.983846,0.120966,0.549033,0.928167,0.0629784,1|3|2|1|6|3|1|7|3|375,0.5091|1.71281|1.27692|0.699612|4.29959|2.31682|0.809218|6.18838|2.79497|374.899,1|1|2|1|5|1|1|2|2|359,0.0821|0.9179,0.1511|0.8489,,,,,,,,state,1,472,0.01372|0.1185|0.03224,0.01295|0.07009|0.02879,0.06897|0.4785|0.1364,
controlled,105,2,any,hmc_in,,oracle,state,,,,,-11627.5,0.0835019,0.0345081,5448,01,True,0.0422886,402,0.0338882,5046,0.957711,0.989952,0.0774072,0.384077,0.954068,0.0410556,1|2|1|1|0|3|2|3|4|385,0.531903|1.16929|0.605523|0.660942|0|2.30176|1.66004|2.61336|3.72444|384.694,0|1|1|1|0|3|2|1|3|373,0.0821|0.9179,0.1269|0.8731,0.015633|0.11066,,,,,,,state,1,472,0.01372|0.1185|0.03224,0.01295|0.07009|0.02879,0.06897|0.4785|0.1364,
controlled,105,2,any,hmc_in,,oracle,state-markov,,,,,-11624.5,0.105106,0.0354258,5448,01,True,0.0472637,402,0.0344828,5046,0.952736,0.987574,0.0838393,0.401915,0.949703,0.0433182,2|3|2|0|1|2|2|1|4|385,1.00072|1.71927|1.23942|0|0.738716|1.56432|1.61754|0.874127|3.69586|384.555,1|1|2|0|0|2|2|1|3|371,0.0821|0.9179,0.1312|0.8688,0.015646|0.11066,0.014919|0.11297,0.061404|0.092129,,,,,state,1,472,0.01372|0.1185|0.03224,0.01295|0.07009|0.02879,0.06897|0.4785|0.1364,
controlled,105,2,any,hmc_in,0,unsupervised,ignorable,start,20,2.42061,-2.0182|0.7031,-9340.88,0.101053,0.216593,5448,01,True,0.0721393,402,0.228101,5046,0.927861,0.989487,0.138762,0.424912,0.92378,0.0749094,3|1|2|1|1|2|0|0|2|390,1.53264|0.583061|1.2637|0.679744|0.705165|1.53456|0|0|1.84714|389.628,3|1|0|1|0|2|0|0|0|366,0.0821|0.9179,0.0820|0.9180,,,,,,,-1761.9015|-1759.6934,state,1,472,0.01372|0.1185|0.03224,0.01295|0.07009|0.02879,0.06897|0.4785|0.1364,
controlled,105,2,any,hmc_in,0,unsupervised,state,start,21,2.3986,-2.0068|0.7092,-11080.2,0.106633,0.214574,5448,01,True,0.0671642,402,0.226318,5046,0.932836,0.99044,0.129836,0.420436,0.928567,0.0662685,1|2|0|2|4|0|2|0|1|390,0.513365|1.16249|0|1.30796|2.88546|0|1.61781|0|0.902543|389.767,0|2|0|2|3|0|1|0|1|366,0.0821|0.9179,0.0755|0.9245,0.029607|0.073482,,,0.029607|0.073482,,,-1761.9015|-1759.6934,state,1,472,0.01372|0.1185|0.03224,0.01295|0.07009|0.02879,0.06897|0.4785|0.1364,
controlled,105,2,any,hmc_in,0,unsupervised,state-markov,start,21,2.59387,-2.0070|0.7091,-11078.6,0.100721,0.214574,5448,01,True,0.0671642,402,0.226318,5046,0.932836,0.990363,0.131506,0.421168,0.927788,0.0686114,2|2|0|1|3|1|1|2|0|390,1.04776|1.16312|0|0.650031|2.16272|0.796203|0.80949|1.73195|0|389.765,1|2|0|1|3|1|0|1|0|366,0.0821|0.9179,0.0762|0.9238,0.029733|0.07344,0.028824|0.072079,0.059382|0.09061,0.029733|0.07344,0.028824|0.072079,0.059382|0.09061,-1761.9015|-1759.6934,state,1,472,0.01372|0.1185|0.03224,0.01295|0.07009|0.02879,0.06897|0.4785|0.1364,
controlled,105,2,any,hmc_in,0,unsupervised,state,ignorable fit,3,0.371502,-2.0254|0.6995,-11079,0.0810988,0.216777,5448,01,True,0.0646766,402,0.228894,5046,0.935323,0.990128,0.129714,0.426019,0.928573,0.0690787,1|2|1|2|3|1|1|0|1|390,0.510405|1.12749|0.60825|1.33359|2.15673|0.771606|0.827649|0|0.900454|389.795,1|2|1|1|3|0|1|0|1|366,0.0821|0.9179,0.0747|0.9253,0.029928|0.073146,,,0.029928|0.073146,,,-1761.9015|-1759.6934,state,1,472,0.01372|0.1185|0.03224,0.01295|0.07009|0.02879,0.06897|0.4785|0.1364,
controlled,105,2,any,hmc_in,0,unsupervised,state-markov,ignorable fit,3,0.361785,-2.0254|0.6995,-11077.4,0.118935,0.216777,5448,01,True,0.0646766,402,0.228894,5046,0.935323,0.990107,0.131445,0.426565,0.927758,0.0706322,2|2|1|0|3|1|2|1|0|390,1.04992|1.12314|0.61108|0|2.16169|0.773657|1.64286|0.86853|0|389.792,2|2|1|0|3|0|1|1|0|366,0.0821|0.9179,0.0755|0.9245,0.030048|0.073109,0.029123|0.071737,0.059916|0.090506,0.030048|0.073109,0.029123|0.071737,0.059916|0.090506,-1761.9015|-1759.6934,state,1,472,0.01372|0.1185|0.03224,0.01295|0.07009|0.02879,0.06897|0.4785|0.1364,
controlled,105,2,any,hmc_in,,oracle,ignorable,,,,,-9847.05,0.101715,0.0455213,5448,01,True,0.0382883,444,0.0461631,5004,0.961712,0.991799,0.078458,0.444887,0.955397,0.0428278,1|2|2|2|2|0|0|1|1|433,0.523463|1.118|1.27685|1.3604|1.46255|0|0|0.884636|0.906187|432.827,1|2|2|1|2|0|0|1|1|417,0.0766|0.9234,0.1212|0.8788,,,,,,,,state,2,529,0.01372|0.1185|0.03224,0.01295|0.07009|0.02879,0.06897|0.4785|0.1364,
controlled,105,2,any,hmc_in,,oracle,state,,,,,-11685.6,0.125951,0.0365272,5448,01,True,0.036036,444,0.0365707,5004,0.963964,0.997226,0.0682015,0.361091,0.963538,0.0348375,0|0|0|0|1|1|0|1|6|435,0|0|0|0|0.710404|0.778907|0|0.871416|5.59556|434.812,0|0|0|0|0|1|0|1|4|422,0.0766|0.9234,0.1130|0.8870,0.016109|0.12296,,,,,,,state,2,529,0.01372|0.1185|0.03224,0.01295|0.07009|0.02879,0.06897|0.4785|0.1364,
controlled,105,2,any,hmc_in,,oracle,state-markov,,,,,-11684,0.119727,0.0365272,5448,01,True,0.036036,444,0.0365707,5004,0.963964,0.997242,0.0681284,0.363251,0.96359,0.0348279,0|0|0|0|1|1|0|1|6|435,0|0|0|0|0.706718|0.782474|0|0.873353|5.59682|434.816,0|0|0|0|0|1|0|1|4|422,0.0766|0.9234,0.1130|0.8870,0.016147|0.12295,0.01589|0.12242,0.031779|0.12679,,,,,state,2,529,0.01372|0.1185|0.03224,0.01295|0.07009|0.02879,0.06897|0.4785|0.1364,
controlled,105,2,any,hmc_in,0,unsupervised,ignorable,start,20,2.36599,-2.0230|0.6916,-9277.74,0.120591,0.21696,5448,01,True,0.0563063,444,0.231215,5004,0.943694,0.992536,0.103559,0.318466,0.943188,0.0531303,2|1|1|2|0|1|0|2|0|435,1.0481|0.583088|0.607451|1.35114|0|0.76872|0|1.75594|0|434.572,2|0|0|1|0|0|0|1|0|415,0.0766|0.9234,0.0803|0.9197,,,,,,,-1912.2567|-1905.9224,state,2,529,0.01372|0.1185|0.03224,0.01295|0.07009|0.02879,0.06897|0.4785|0.1364,
controlled,105,2,any,hmc_in,0,unsupervised,state,start,23,2.7452,-2.0094|0.6987,-11160.6,0.110348,0.214391,5448,01,True,0.0518018,444,0.228817,5004,0.948198,0.992821,0.0996236,0.307581,0.945375,0.0523311,1|1|2|2|1|1|1|0|0|435,0.510614|0.580623|1.25579|1.34332|0.73857|0.783754|0.841474|0|0|434.758,1|0|2|1|1|1|0|0|0|415,0.0766|0.9234,0.0767|0.9233,0.03082|0.083007,,,0.03082|0.083007,,,-1912.2567|-1905.9224,state,2,529,0.01372|0.1185|0.03224,0.01295|0.07009|0.02879,0.06897|0.4785|0.1364,
controlled,105,2,any,hmc_in,0,unsupervised,state-markov,start,23,2.73067,-2.0121|0.6973,-11156,0.11479,0.214391,5448,01,True,0.0518018,444,0.228817,5004,0.948198,0.99277,0.0999357,0.308635,0.945215,0.053972,1|1|3|1|1|1|0|1|0|435,0.50847|0.586693|1.89003|0.672842|0.733656|0.781097|0|0.859947|0|434.757,1|0|3|0|1|1|0|0|0|415,0.0766|0.9234,0.0766|0.9234,0.03088|0.082978,0.030336|0.079649,0.047965|0.11977,0.03088|0.082978,0.030336|0.079649,0.047965|0.11977,-1912.2567|-1905.9224,state,2,529,0.01372|0.1185|0.03224,0.01295|0.07009|0.02879,0.06897|0.4785|0.1364,
controlled,105,2,any,hmc_in,0,unsupervised,state,ignorable fit,3,0.383453,-2.0304|0.6879,-11159,0.111781,0.217878,5448,01,True,0.0540541,444,0.232414,5004,0.945946,0.992898,0.101843,0.3151,0.94438,0.0498768,2|0|2|2|2|0|0|0|0|436,1.08754|0|1.25444|1.35077|1.44059|0|0|0|0|435.713,1|0|1|2|1|0|0|0|0|415,0.0766|0.9234,0.0752|0.9248,0.030926|0.082656,,,0.030926|0.082656,,,-1912.2567|-1905.9224,state,2,529,0.01372|0.1185|0.03224,0.01295|0.07009|0.02879,0.06897|0.4785|0.1364,
controlled,105,2,any,hmc_in,0,unsupervised,state-markov,ignorable fit,3,0.388891,-2.0305|0.6878,-11154.7,0.0971487,0.217878,5448,01,True,0.0540541,444,0.232414,5004,0.945946,0.992858,0.101875,0.315287,0.944349,0.0515657,1|1|2|2|2|0|0|0|0|436,0.533133|0.558649|1.24043|1.35058|1.4338|0|0|0|0|435.712,1|0|1|1|2|0|0|0|0|415,0.0766|0.9234,0.0754|0.9246,0.030989|0.082665,0.030428|0.079342,0.048551|0.11954,0.030989|0.082665,0.030428|0.079342,0.048551|0.11954,-1912.2567|-1905.9224,state,2,529,0.01372|0.1185|0.03224,0.01295|0.07009|0.02879,0.06897|0.4785|0.1364,
controlled,105,2,any,hmc_in,,oracle,ignorable,,,,,-9851.38,0.102237,0.0455213,5448,01,True,0.0493562,466,0.0451626,4982,0.950644,0.995302,0.0925508,0.515639,0.95032,0.048421,1|0|2|0|0|1|1|2|2|457,0.543902|0|1.28045|0|0|0.767969|0.810905|1.75444|1.84289|456.81,0|0|2|0|0|0|0|1|2|438,0.0515|0.9485,0.1012|0.8988,,,,,,,,state,3,531,0.01372|0.1185|0.03224,0.01295|0.07009|0.02879,0.06897|0.4785|0.1364,
controlled,105,2,any,hmc_in,,oracle,state,,,,,-11659.3,0.104748,0.0363436,5448,01,True,0.0407725,466,0.0359293,4982,0.959227,0.996692,0.0778713,0.326247,0.958415,0.040281,0|0|0|2|0|0|1|3|2|458,0|0|0|1.34376|0|0|0.828996|2.63149|1.85376|457.8,0|0|0|2|0|0|0|1|1|443,0.0515|0.9485,0.0931|0.9069,0.011381|0.13255,,,,,,,state,3,531,0.01372|0.1185|0.03224,0.01295|0.07009|0.02879,0.06897|0.4785|0.1364,
controlled,105,2,any,hmc_in,,oracle,state-markov,,,,,-11662.6,0.117893,0.0363436,5448,01,True,0.0407725,466,0.0359293,4982,0.959227,0.995569,0.0740583,0.306333,0.959506,0.0398376,0|0|1|1|1|2|1|1|4|455,0|0|0.648397|0.689002|0.726173|1.55897|0.8479|0.897685|3.71697|454.85,0|0|1|1|0|0|1|0|1|443,0.0515|0.9485,0.0920|0.9080,0.011432|0.13255,0.01151|0.13246,0.0046992|0.13315,,,,,state,3,531,0.01372|0.1185|0.03224,0.01295|0.07009|0.02879,0.06897|0.4785|0.1364,
controlled,105,2,any,hmc_in,0,unsupervised,ignorable,start,21,2.5667,-2.0244|0.6872,-9293.42,0.113365,0.216777,5448,01,True,0.0643777,466,0.231032,4982,0.935622,0.992978,0.127841,0.392087,0.931217,0.0673938,1|2|1|1|1|0|2|1|1|456,0.523198|1.12737|0.619285|0.689685|0.70542|0|1.68581|0.896239|0.911704|455.569,1|2|1|0|1|0|2|0|0|429,0.0515|0.9485,0.0717|0.9283,,,,,,,-1917.4082|-1909.5458,state,3,531,0.01372|0.1185|0.03224,0.01295|0.07009|0.02879,0.06897|0.4785|0.1364,
controlled,105,2,any,hmc_in,0,unsupervised,state,start,5,0.581202,-1.6092|0.8894,-11268.8,0.114435,0.133811,5448,01,True,0.0579399,466,0.140907,4982,0.94206,0.993659,0.110282,0.28964,0.939854,0.0542882,0|0|0|2|3|2|3|0|2|454,0|0|0|1.37637|2.20401|1.51925|2.49885|0|1.85412|453.592,0|0|0|1|2|2|2|0|2|430,0.0515|0.9485,0.0781|0.9219,0.024946|0.093574,,,0.024946|0.093574,,,-1917.4082|-1909.5458,state,3,531,0.01372|0.1185|0.03224,0.01295|0.07009|0.02879,0.06897|0.4785|0.1364,
controlled,105,2,any,hmc_in,0,unsupervised,state-markov,start,5,0.552721,-1.6107|0.8886,-11263.7,0.101559,0.133994,5448,01,True,0.0579399,466,0.141108,4982,0.94206,0.993199,0.111616,0.303009,0.939036,0.055347,0|1|0|1|4|2|2|0|2|454,0|0.560964|0|0.694208|2.92152|1.52779|1.65392|0|1.8429|453.63,0|1|0|1|3|1|1|0|2|430,0.0515|0.9485,0.0787|0.9213,0.024995|0.093499,0.023535|0.090592,0.081953|0.12169,0.024995|0.093499,0.023535|0.090592,0.081953|0.12169,-1917.4082|-1909.5458,state,3,531,0.01372|0.1185|0.03224,0.01295|0.07009|0.02879,0.06897|0.4785|0.1364,
controlled,105,2,any,hmc_in,0,unsupervised,state,ignorable fit,3,0.362957,-2.0309|0.6838,-11176.9,0.0969957,0.216777,5448,01,True,0.0643777,466,0.231032,4982,0.935622,0.994539,0.121446,0.355375,0.935203,0.0634574,1|1|0|0|1|2|1|0|6|454,0.533791|0.583704|0|0|0.71475|1.54082|0.817583|0|5.57034|453.694,0|1|0|0|0|2|1|0|2|430,0.0515|0.9485,0.0660|0.9340,0.029476|0.083468,,,0.029476|0.083468,,,-1917.4082|-1909.5458,state,3,531,0.01372|0.1185|0.03224,0.01295|0.07009|0.02879,0.06897|0.4785|0.1364,
controlled,105,2,any,hmc_in,0,unsupervised,state-markov,ignorable fit,3,0.419161,-2.0310|0.6838,-11170.7,0.0938853,0.216777,5448,01,True,0.0643777,466,0.231032,4982,0.935622,0.994982,0.123231,0.366196,0.934476,0.0643785,0|1|0|1|1|2|1|1|4|455,0|0.57699|0|0.697894|0.72148|1.54718|0.821156|0.885213|3.73855|454.673,0|1|0|0|0|2|1|1|2|429,0.0515|0.9485,0.0666|0.9334,0.029617|0.083422,0.027835|0.080085,0.088013|0.12008,0.029617|0.083422,0.027835|0.080085,0.088013|0.12008,-1917.4082|-1909.5458,state,3,531,0.01372|0.1185|0.03224,0.01295|0.07009|0.02879,0.06897|0.4785|0.1364,
controlled,105,2,any,hmc_in,,oracle,ignorable,,,,,-9914.29,0.0980748,0.0436858,5448,01,True,0.0431655,417,0.0437289,5031,0.956835,0.987446,0.0790655,0.307794,0.952207,0.0399697,3|3|1|0|3|0|1|4|5|397,1.53261|1.69079|0.644182|0|2.14529|0|0.825424|3.49397|4.62153|396.811,2|3|0|0|2|0|1|2|2|387,0.0408|0.9592,0.0862|0.9138,,,,,,,,state,4,477,0.01372|0.1185|0.03224,0.01295|0.07009|0.02879,0.06897|0.4785|0.1364,
controlled,105,2,any,hmc_in,,oracle,state,,,,,-11604.5,0.123234,0.0317548,5448,01,True,0.0215827,417,0.0325979,5031,0.978417,0.993294,0.0429424,0.204117,0.973611,0.0237505,1|0|0|2|2|2|0|2|4|404,0.545876|0|0|1.33892|1.4506|1.51119|0|1.75381|3.74987|403.853,1|0|0|2|1|2|0|2|3|397,0.0408|0.9592,0.0659|0.9341,0.0080679|0.11996,,,,,,,state,4,477,0.01372|0.1185|0.03224,0.01295|0.07009|0.02879,0.06897|0.4785|0.1364,
controlled,105,2,any,hmc_in,,oracle,state-markov,,,,,-11604,0.117763,0.0317548,5448,01,True,0.0215827,417,0.0325979,5031,0.978417,0.993342,0.0429594,0.204265,0.973647,0.0238264,1|0|0|2|2|2|0|2|4|404,0.548998|0|0|1.33402|1.45359|1.50933|0|1.75165|3.75983|403.866,1|0|0|2|1|2|0|2|3|397,0.0408|0.9592,0.0659|0.9341,0.0081119|0.11995,0.0081321|0.11991,0.0056369|0.12025,,,,,state,4,477,0.01372|0.1185|0.03224,0.01295|0.07009|0.02879,0.06897|0.4785|0.1364,
controlled,105,2,any,hmc_in,0,unsupervised,ignorable,start,17,1.94839,-2.0133|0.6981,-9328.49,0.128975,0.215859,5448,01,True,0.0335731,417,0.230968,5031,0.966427,0.990212,0.0676121,0.188038,0.959851,0.0349282,2|3|2|1|0|0|0|2|2|405,1.03279|1.72072|1.26191|0.66129|0|0|0|1.78794|1.86086|404.593,2|2|2|1|0|0|0|1|1|394,0.0408|0.9592,0.0551|0.9449,,,,,,,-1775.3732|-1770.2968,state,4,477,0.01372|0.1185|0.03224,0.01295|0.07009|0.02879,0.06897|0.4785|0.1364,
controlled,105,2,any,hmc_in,0,unsupervised,state,start,19,2.08753,-1.9965|0.7067,-11060.3,0.102841,0.213473,5448,01,True,0.0335731,417,0.228384,5031,0.966427,0.994324,0.0609843,0.17256,0.964917,0.0344188,0|0|0|1|1|2|4|3|1|405,0|0|0|0.661935|0.749615|1.58049|3.28416|2.6065|0.926831|404.824,0|0|0|0|1|0|4|3|0|395,0.0408|0.9592,0.0479|0.9521,0.019195|0.077812,,,0.019195|0.077812,,,-1775.3732|-1770.2968,state,4,477,0.01372|0.1185|0.03224,0.01295|0.07009|0.02879,0.06897|0.4785|0.1364,
controlled,105,2,any,hmc_in,0,unsupervised,state-markov,start,19,2.20869,-1.9980|0.7059,-11056.4,0.133631,0.21384,5448,01,True,0.0335731,417,0.228782,5031,0.966427,0.994204,0.061222,0.173125,0.964747,0.0302703,0|0|1|0|1|2|5|2|1|405,0|0|0.643265|0|0.733909|1.59398|4.10348|1.74635|0.930701|404.832,0|0|0|0|1|1|4|2|0|395,0.0408|0.9592,0.0482|0.9518,0.019422|0.077769,0.019756|0.075085,0.0025449|0.1096,0.019422|0.077769,0.019756|0.075085,0.0025449|0.1096,-1775.3732|-1770.2968,state,4,477,0.01372|0.1185|0.03224,0.01295|0.07009|0.02879,0.06897|0.4785|0.1364,
controlled,105,2,any,hmc_in,0,unsupervised,state,ignorable fit,3,0.318813,-2.0209|0.6939,-11058.6,0.0786153,0.216226,5448,01,True,0.0335731,417,0.231366,5031,0.966427,0.993915,0.0603988,0.174504,0.96496,0.0320726,0|0|0|2|0|3|4|2|2|404,0|0|0|1.38228|0|2.30429|3.29191|1.75231|1.86896|403.863,0|0|0|0|0|2|4|2|1|394,0.0408|0.9592,0.0471|0.9529,0.019496|0.077301,,,0.019496|0.077301,,,-1775.3732|-1770.2968,state,4,477,0.01372|0.1185|0.03224,0.01295|0.07009|0.02879,0.06897|0.4785|0.1364,
controlled,105,2,any,hmc_in,0,unsupervised,state-markov,ignorable fit,3,0.366833,-2.0209|0.6939,-11054.9,0.110455,0.21641,5448,01,True,0.0335731,417,0.231564,5031,0.966427,0.993854,0.0606902,0.1749,0.964783,0.0313007,0|0|0|1|2|3|3|2|2|404,0|0|0|0.670638|1.45933|2.36673|2.45645|1.73583|1.87813|403.87,0|0|0|0|1|2|3|2|1|394,0.0408|0.9592,0.0475|0.9525,0.019717|0.077284,0.020061|0.074591,0.0026029|0.10943,0.019717|0.077284,0.020061|0.074591,0.0026029|0.10943,-1775.3732|-1770.2968,state,4,477,0.01372|0.1185|0.03224,0.01295|0.07009|0.02879,0.06897|0.4785|0.1364,
controlled,105,2,any,hmc_in,,oracle,ignorable,,,,,-9909.75,0.0931424,0.0466226,5448,01,True,0.0606796,412,0.0454726,5036,0.93932,0.986414,0.109995,0.5569,0.935702,0.0568402,2|1|2|4|1|3|4|1|4|390,1.03409|0.568533|1.23918|2.66555|0.718986|2.35578|3.2986|0.872445|3.72806|389.921,2|0|2|1|1|2|3|0|3|373,0.0631|0.9369,0.1255|0.8745,,,,,,,,state-markov,0,478,0.01372|0.1185|0.03224,0.01295|0.07009|0.02879,0.06897|0.4785|0.1364,
controlled,105,2,any,hmc_in,,oracle,state,,,,,-11626.7,0.132467,0.034141,5448,01,True,0.0412621,412,0.0335584,5036,0.958738,0.994224,0.071331,0.347052,0.959622,0.0372677,0|0|0|2|0|0|2|7|3|398,0|0|0|1.34214|0|0|1.63293|6.03748|2.79154|397.816,0|0|0|0|0|0|2|3|1|389,0.0631|0.9369,0.1028|0.8972,0.012323|0.11576,,,,,,,state-markov,0,478,0.01372|0.1185|0.03224,0.01295|0.07009|0.02879,0.06897|0.4785|0.1364,
controlled,105,2,any,hmc_in,,oracle,state-markov,,,,,-11442.7,0.0842193,0.0328561,5448,01,True,0.0315534,412,0.0329627,5036,0.968447,0.992892,0.058604,0.333777,0.965359,0.0340784,0|1|0|1|3|3|1|1|2|400,0|0.589833|0|0.650217|2.19236|2.34533|0.81998|0.851468|1.80639|399.816,0|0|0|0|3|3|1|1|2|389,0.0631|0.9369,0.0965|0.9035,0.012487|0.11555,0.012466|0.071927,0.014111|0.44944,,,,,state-markov,0,478,0.01372|0.1185|0.03224,0.01295|0.07009|0.02879,0.06897|0.4785|0.1364,
controlled,105,2,any,hmc_in,0,unsupervised,ignorable,start,24,2.83956,-2.0498|0.6822,-9342.69,0.172353,0.224119,5448,01,True,0.0776699,412,0.2361,5036,0.92233,0.988314,0.142062,0.426257,0.920859,0.0682324,3|0|2|3|0|1|3|1|2|397,1.53685|0|1.27167|2.01859|0|0.770514|2.46356|0.889991|1.87402|396.36,2|0|1|2|0|0|1|0|0|374,0.0631|0.9369,0.0670|0.9330,,,,,,,-1778.0608|-1544.3449,state-markov,0,478,0.01372|0.1185|0.03224,0.01295|0.07009|0.02879,0.06897|0.4785|0.1364,
controlled,105,2,any,hmc_in,0,unsupervised,state,start,5,0.618794,-1.6174|0.8947,-11197.5,0.0864211,0.134178,5448,01,True,0.0509709,412,0.140985,5036,0.949029,0.991339,0.101185,0.273215,0.942907,0.0524343,1|1|1|0|2|2|1|1|7|396,0.527533|0.575421|0.624902|0|1.46699|1.53433|0.846875|0.872589|6.43794|395.545,1|1|1|0|2|1|1|1|6|377,0.0631|0.9369,0.0774|0.9226,0.023533|0.083657,,,0.023533|0.083657,,,-1778.0608|-1544.3449,state-markov,0,478,0.01372|0.1185|0.03224,0.01295|0.07009|0.02879,0.06897|0.4785|0.1364,
controlled,105,2,any,hmc_in,0,unsupervised,state-markov,start,27,3.22366,-2.0531|0.6803,-10869.6,0.111304,0.223752,5448,01,True,0.0728155,412,0.2361,5036,0.927184,0.992974,0.136391,0.413512,0.926413,0.0705246,0|1|1|0|2|2|1|3|2|400,0|0.582867|0.641471|0|1.42589|1.56069|0.800226|2.62567|1.81056|399.658,0|1|1|0|0|1|1|1|1|376,0.0631|0.9369,0.0582|0.9418,0.02445|0.075572,0.019977|0.049127,0.20292|0.39905,0.02445|0.075572,0.019977|0.049127,0.20292|0.39905,-1778.0608|-1544.3449,state-markov,0,478,0.01372|0.1185|0.03224,0.01295|0.07009|0.02879,0.06897|0.4785|0.1364,
controlled,105,2,any,hmc_in,0,unsupervised,state,ignorable fit,4,0.44173,-2.0634|0.6746,-11086.4,0.122269,0.223935,5448,01,True,0.0728155,412,0.236299,5036,0.927184,0.994606,0.13518,0.411777,0.928036,0.0694541,0|0|0|1|1|4|0|1|4|401,0|0|0|0.696834|0.72216|3.10391|0|0.85919|3.69456|400.701,0|0|0|0|1|1|0|1|2|377,0.0631|0.9369,0.0551|0.9449,0.022628|0.0758,,,0.022628|0.0758,,,-1778.0608|-1544.3449,state-markov,0,478,0.01372|0.1185|0.03224,0.01295|0.07009|0.02879,0.06897|0.4785|0.1364,
controlled,105,2,any,hmc_in,0,unsupervised,state-markov,ignorable fit,3,0.372147,-2.0595|0.6768,-10869,0.116827,0.223752,5448,01,True,0.0728155,412,0.2361,5036,0.927184,0.993045,0.137124,0.41785,0.926126,0.0706571,0|1|1|0|2|2|1|3|2|400,0|0.573611|0.637205|0|1.43075|1.54834|0.801112|2.64447|1.84385|399.655,0|1|1|0|0|1|1|2|0|376,0.0631|0.9369,0.0581|0.9419,0.024755|0.075361,0.020022|0.049056,0.21121|0.39811,0.024755|0.075361,0.020022|0.049056,0.21121|0.39811,-1778.0608|-1544.3449,state-markov,0,478,0.01372|0.1185|0.03224,0.01295|0.07009|0.02879,0.06897|0.4785|0.1364,
controlled,105,2,any,hmc_in,,oracle,ignorable,,,,,-9854.2,0.115205,0.0466226,5448,01,True,0.0528541,473,0.0460302,4975,0.947146,0.986382,0.0816671,0.335149,0.949865,0.0392356,3|1|2|3|4|3|2|3|4|448,1.53335|0.565295|1.25621|2.00871|2.97074|2.36598|1.64988|2.61812|3.74002|447.85,1|0|0|2|2|2|1|0|3|437,0.0423|0.9577,0.0924|0.9076,,,,,,,,state-markov,1,541,0.01372|0.1185|0.03224,0.01295|0.07009|0.02879,0.06897|0.4785|0.1364,
controlled,105,2,any,hmc_in,,oracle,state,,,,,-11691.3,0.115327,0.0335903,5448,01,True,0.0211416,473,0.0347739,4975,0.978858,0.997542,0.0419569,0.146508,0.977006,0.0227178,0|0|1|0|0|0|1|1|6|464,0|0|0.62063|0|0|0|0.848467|0.898367|5.57679|463.893,0|0|1|0|0|0|1|0|6|455,0.0423|0.9577,0.0653|0.9347,0.0094904|0.13585,,,,,,,state-markov,1,541,0.01372|0.1185|0.03224,0.01295|0.07009|0.02879,0.06897|0.4785|0.1364,
controlled,105,2,any,hmc_in,,oracle,state-markov,,,,,-11426,0.144373,0.0334068,5448,01,True,0.0211416,473,0.0345729,4975,0.978858,0.994963,0.0443303,0.210951,0.974114,0.0241575,1|1|0|0|1|0|1|4|3|462,0.502583|0.587225|0|0|0.723307|0|0.815125|3.46731|2.7865|461.736,1|1|0|0|1|0|1|4|2|453,0.0423|0.9577,0.0682|0.9318,0.0096518|0.13583,0.0086126|0.079127,0.11628|0.49657,,,,,state-markov,1,541,0.01372|0.1185|0.03224,0.01295|0.07009|0.02879,0.06897|0.4785|0.1364,
controlled,105,2,any,hmc_in,0,unsupervised,ignorable,start,17,1.92871,-2.0273|0.6903,-9263.02,0.0990322,0.217695,5448,01,True,0.0465116,473,0.23397,4975,0.953488,0.984924,0.074819,0.188917,0.952446,0.0322283,3|3|5|2|0|2|1|0|2|455,1.56759|1.73764|3.07989|1.32798|0|1.56016|0.81246|0|1.85792|453.925,1|1|3|1|0|1|1|0|0|443,0.0423|0.9577,0.0500|0.9500,,,,,,,-1943.0449|-1613.9588,state-markov,1,541,0.01372|0.1185|0.03224,0.01295|0.07009|0.02879,0.06897|0.4785|0.1364,
controlled,105,2,any,hmc_in,0,unsupervised,state,start,20,2.32354,-2.0222|0.6930,-11151.4,0.125905,0.216226,5448,01,True,0.0359408,473,0.233367,4975,0.964059,0.989968,0.06495,0.149303,0.960564,0.0359219,3|1|1|0|2|1|5|4|1|455,1.55253|0.568748|0.618976|0|1.46032|0.763416|4.15139|3.48186|0.937008|454.72,3|0|1|0|2|0|3|1|0|446,0.0423|0.9577,0.0312|0.9688,0.017842|0.088936,,,0.017842|0.088936,,,-1943.0449|-1613.9588,state-markov,1,541,0.01372|0.1185|0.03224,0.01295|0.07009|0.02879,0.06897|0.4785|0.1364,
controlled,105,2,any,hmc_in,0,unsupervised,state-markov,start,19,2.28351,-2.0294|0.6893,-10850,0.0799535,0.217327,5448,01,True,0.0422833,473,0.23397,4975,0.957717,0.991702,0.0749647,0.170701,0.956077,0.0392213,0|0|2|2|0|4|4|2|3|456,0|0|1.24689|1.33287|0|3.12751|3.30147|1.73355|2.7812|455.551,0|0|2|1|0|1|2|2|3|442,0.0423|0.9577,0.0387|0.9613,0.020201|0.088572,0.01595|0.052434,0.22641|0.46044,0.020201|0.088572,0.01595|0.052434,0.22641|0.46044,-1943.0449|-1613.9588,state-markov,1,541,0.01372|0.1185|0.03224,0.01295|0.07009|0.02879,0.06897|0.4785|0.1364,
controlled,105,2,any,hmc_in,0,unsupervised,state,ignorable fit,4,0.505366,-2.0392|0.6837,-11150,0.116105,0.21953,5448,01,True,0.0401691,473,0.236583,4975,0.959831,0.989258,0.0682522,0.155866,0.95886,0.0355213,5|1|1|0|0|1|4|5|1|455,2.5588|0.569512|0.626495|0|0|0.795751|3.29687|4.40726|0.933026|454.731,4|0|0|0|0|0|3|1|0|446,0.0423|0.9577,0.0295|0.9705,0.01796|0.088544,,,0.01796|0.088544,,,-1943.0449|-1613.9588,state-markov,1,541,0.01372|0.1185|0.03224,0.01295|0.07009|0.02879,0.06897|0.4785|0.1364,
controlled,105,2,any,hmc_in,0,unsupervised,state-markov,ignorable fit,3,0.407628,-2.0363|0.6855,-10849.5,0.0869832,0.218429,5448,01,True,0.0422833,473,0.235176,4975,0.957717,0.991324,0.0760327,0.173859,0.955396,0.0397066,1|0|2|1|0|3|7|0|3|456,0.526457|0|1.26148|0.692883|0|2.32847|5.7575|0|2.76948|455.56,1|0|2|0|0|1|4|0|3|442,0.0423|0.9577,0.0382|0.9618,0.020672|0.088239,0.01614|0.052295,0.23538|0.45964,0.020672|0.088239,0.01614|0.052295,0.23538|0.45964,-1943.0449|-1613.9588,state-markov,1,541,0.01372|0.1185|0.03224,0.01295|0.07009|0.02879,0.06897|0.4785|0.1364,
controlled,105,2,any,hmc_in,,oracle,ignorable,,,,,-9896.19,0.107151,0.0468062,5448,01,True,0.0696629,445,0.0447731,5003,0.930337,0.983596,0.117416,0.321593,0.929666,0.0574546,4|0|0|5|3|3|6|3|7|414,2.06646|0|0|3.39683|2.20488|2.27685|4.95673|2.59262|6.42115|413.785,3|0|0|2|1|2|3|0|3|400,0.0584|0.9416,0.1246|0.8754,,,,,,,,state-markov,2,505,0.01372|0.1185|0.03224,0.01295|0.07009|0.02879,0.06897|0.4785|0.1364,
controlled,105,2,any,hmc_in,,oracle,state,,,,,-11645.9,0.118739,0.0332232,5448,01,True,0.00898876,445,0.0353788,5003,0.991011,0.996939,0.0184418,0.0847395,0.988082,0.0105512,0|0|0|0|0|1|2|0|5|437,0|0|0|0|0|0.769449|1.66121|0|4.54068|436.667,0|0|0|0|0|1|2|0|5|433,0.0584|0.9416,0.0660|0.9340,0.012325|0.12566,,,,,,,state-markov,2,505,0.01372|0.1185|0.03224,0.01295|0.07009|0.02879,0.06897|0.4785|0.1364,
controlled,105,2,any,hmc_in,,oracle,state-markov,,,,,-11391.8,0.072873,0.0334068,5448,01,True,0.00898876,445,0.0355787,5003,0.991011,0.988694,0.0250338,0.099382,0.979917,0.0184275,1|5|1|1|1|0|3|2|2|429,0.541576|2.82071|0.607228|0.684512|0.705479|0|2.44791|1.72837|1.84847|428.585,1|5|1|1|1|0|3|2|2|425,0.0584|0.9416,0.0742|0.9258,0.012492|0.12562,0.011508|0.071002,0.090287|0.5058,,,,,state-markov,2,505,0.01372|0.1185|0.03224,0.01295|0.07009|0.02879,0.06897|0.4785|0.1364,
controlled,105,2,any,hmc_in,0,unsupervised,ignorable,start,20,2.31395,-2.0258|0.7008,-9344.11,0.107655,0.21696,5448,01,True,0.0629213,445,0.230662,5003,0.937079,0.982181,0.109897,0.298098,0.93239,0.0522332,3|2|2|5|4|2|3|2|1|421,1.58949|1.19012|1.26481|3.39976|2.9197|1.55648|2.53043|1.72646|0.907291|419.986,2|2|0|3|2|1|2|2|1|402,0.0584|0.9416,0.0697|0.9303,,,,,,,-1849.7951|-1534.0048,state-markov,2,505,0.01372|0.1185|0.03224,0.01295|0.07009|0.02879,0.06897|0.4785|0.1364,
controlled,105,2,any,hmc_in,0,unsupervised,state,start,5,0.6091,-1.6258|0.8962,-11240.3,0.0980063,0.133076,5448,01,True,0.0269663,445,0.142514,5003,0.973034,0.993803,0.0547918,0.175867,0.967327,0.0300108,0|0|1|0|0|0|5|3|5|431,0|0|0.622707|0|0|0|4.07218|2.6157|4.63327|430.299,0|0|1|0|0|0|5|3|5|419,0.0584|0.9416,0.0470|0.9530,0.016573|0.091965,,,0.016573|0.091965,,,-1849.7951|-1534.0048,state-markov,2,505,0.01372|0.1185|0.03224,0.01295|0.07009|0.02879,0.06897|0.4785|0.1364,
controlled,105,2,any,hmc_in,0,unsupervised,state-markov,start,22,2.52364,-2.0199|0.7038,-10856.5,0.0907166,0.214758,5448,01,True,0.0494382,445,0.229462,5003,0.950562,0.985841,0.0842413,0.26623,0.947996,0.0385539,3|0|3|3|3|1|3|4|4|421,1.51957|0|1.92028|2.0199|2.19041|0.751814|2.45687|3.51524|3.72829|420.597,2|0|1|1|2|1|2|3|3|408,0.0584|0.9416,0.0507|0.9493,0.020251|0.082318,0.015509|0.048865,0.24967|0.45525,0.020251|0.082318,0.015509|0.048865,0.24967|0.45525,-1849.7951|-1534.0048,state-markov,2,505,0.01372|0.1185|0.03224,0.01295|0.07009|0.02879,0.06897|0.4785|0.1364,
controlled,105,2,any,hmc_in,0,unsupervised,state,ignorable fit,4,0.521851,-2.0344|0.6956,-11145.6,0.0862953,0.216043,5448,01,True,0.0382022,445,0.231861,5003,0.961798,0.993533,0.0716748,0.256016,0.95917,0.0356198,1|0|1|0|0|3|2|2|4|432,0.517382|0|0.624224|0|0|2.34224|1.61829|1.73121|3.72875|431.56,1|0|0|0|0|2|2|1|3|419,0.0584|0.9416,0.0365|0.9635,0.017429|0.082451,,,0.017429|0.082451,,,-1849.7951|-1534.0048,state-markov,2,505,0.01372|0.1185|0.03224,0.01295|0.07009|0.02879,0.06897|0.4785|0.1364,
controlled,105,2,any,hmc_in,0,unsupervised,state-markov,ignorable fit,3,0.365978,-2.0344|0.6961,-10855.6,0.121186,0.218429,5448,01,True,0.0539326,445,0.23306,5003,0.946067,0.985444,0.0901083,0.275756,0.94456,0.0458207,1|2|2|5|1|2|4|4|4|420,0.524081|1.14051|1.23091|3.3352|0.739883|1.5246|3.24819|3.53423|3.67164|419.573,0|0|2|4|0|0|3|2|3|407,0.0584|0.9416,0.0531|0.9469,0.021914|0.081464,0.015869|0.048602,0.29171|0.452,0.021914|0.081464,0.015869|0.048602,0.29171|0.452,-1849.7951|-1534.0048,state-markov,2,505,0.01372|0.1185|0.03224,0.01295|0.07009|0.02879,0.06897|0.4785|0.1364,
controlled,105,2,any,hmc_in,,oracle,ignorable,,,,,-9835.58,0.106269,0.0447871,5448,01,True,0.0576132,486,0.0435308,4962,0.942387,0.980471,0.0841522,0.28883,0.94494,0.0419134,4|3|4|7|1|3|3|4|4|453,2.06953|1.73962|2.4989|4.7213|0.746617|2.29325|2.49789|3.49787|3.67973|452.764,3|1|2|1|0|2|0|3|2|444,0.0823|0.9177,0.1333|0.8667,,,,,,,,state-markov,3,536,0.01372|0.1185|0.03224,0.01295|0.07009|0.02879,0.06897|0.4785|0.1364,
controlled,105,2,any,hmc_in,,oracle,state,,,,,-11638.5,0.104968,0.0337739,5448,01,True,0.0185185,486,0.035268,4962,0.981481,0.995317,0.0322794,0.186463,0.980262,0.0186128,0|1|1|0|0|2|0|4|2|476,0|0.59679|0.605103|0|0|1.52505|0|3.43044|1.88369|475.683,0|0|0|0|0|2|0|4|2|469,0.0823|0.9177,0.0979|0.9021,0.018946|0.13375,,,,,,,state-markov,3,536,0.01372|0.1185|0.03224,0.01295|0.07009|0.02879,0.06897|0.4785|0.1364,
controlled,105,2,any,hmc_in,,oracle,state-markov,,,,,-11357.2,0.106716,0.0337739,5448,01,True,0.0185185,486,0.035268,4962,0.981481,0.993527,0.036313,0.199567,0.9768,0.0187292,0|1|0|1|1|4|2|2|5|470,0|0.558508|0|0.658332|0.748965|3.12198|1.64703|1.77055|4.6396|469.709,0|1|0|1|1|3|1|2|5|463,0.0823|0.9177,0.1014|0.8986,0.019115|0.13372,0.01737|0.072704,0.10867|0.52898,,,,,state-markov,3,536,0.01372|0.1185|0.03224,0.01295|0.07009|0.02879,0.06897|0.4785|0.1364,
controlled,105,2,any,hmc_in,0,unsupervised,ignorable,start,18,2.03167,-2.0367|0.6771,-9218.26,0.0851525,0.217878,5448,01,True,0.0720165,486,0.232164,4962,0.927984,0.97827,0.121123,0.324976,0.924345,0.0562952,3|5|3|6|3|5|2|6|1|452,1.55182|2.90894|1.86175|4.10502|2.18865|3.88292|1.68425|5.27641|0.946193|451.033,2|2|1|5|1|4|0|3|0|433,0.0823|0.9177,0.0811|0.9189,,,,,,,-1930.2517|-1581.1353,state-markov,3,536,0.01372|0.1185|0.03224,0.01295|0.07009|0.02879,0.06897|0.4785|0.1364,
controlled,105,2,any,hmc_in,0,unsupervised,state,start,22,2.59288,-2.0324|0.6792,-11104.5,0.117467,0.216043,5448,01,True,0.0576132,486,0.23156,4962,0.942387,0.99151,0.107455,0.336811,0.939733,0.0521863,1|1|0|0|4|4|2|0|8|466,0.543259|0.592411|0|0|2.9633|3.10432|1.66326|0|7.47209|465.535,0|1|0|0|2|3|2|0|6|444,0.0823|0.9177,0.0552|0.9448,0.022572|0.086429,,,0.022572|0.086429,,,-1930.2517|-1581.1353,state-markov,3,536,0.01372|0.1185|0.03224,0.01295|0.07009|0.02879,0.06897|0.4785|0.1364,
controlled,105,2,any,hmc_in,0,unsupervised,state-markov,start,19,2.13631,-2.0305|0.6805,-10775.8,0.101595,0.216226,5448,01,True,0.0576132,486,0.231761,4962,0.942387,0.991822,0.107383,0.319626,0.940073,0.0515079,0|0|0|6|2|1|2|1|2|472,0|0|0|4.02367|1.47174|0.784731|1.65676|0.868397|1.8431|471.377,0|0|0|4|1|1|0|1|2|449,0.0823|0.9177,0.0579|0.9421,0.023656|0.086371,0.022614|0.048273,0.066656|0.48938,0.023656|0.086371,0.022614|0.048273,0.066656|0.48938,-1930.2517|-1581.1353,state-markov,3,536,0.01372|0.1185|0.03224,0.01295|0.07009|0.02879,0.06897|0.4785|0.1364,
controlled,105,2,any,hmc_in,0,unsupervised,state,ignorable fit,4,0.443538,-2.0469|0.6712,-11103.6,0.131838,0.218245,5448,01,True,0.0576132,486,0.233978,4962,0.942387,0.991497,0.109061,0.346156,0.938969,0.0523925,1|0|0|3|3|3|2|0|8|466,0.517803|0|0|2.04831|2.2451|2.31728|1.68463|0|7.48502|465.569,1|0|0|1|2|2|2|0|7|443,0.0823|0.9177,0.0539|0.9461,0.022485|0.086175,,,0.022485|0.086175,,,-1930.2517|-1581.1353,state-markov,3,536,0.01372|0.1185|0.03224,0.01295|0.07009|0.02879,0.06897|0.4785|0.1364,
controlled,105,2,any,hmc_in,0,unsupervised,state-markov,ignorable fit,4,0.524674,-2.0470|0.6714,-10774.8,0.0714157,0.218062,5448,01,True,0.0596708,486,0.233575,4962,0.940329,0.991105,0.108825,0.329054,0.939115,0.0543738,1|0|0|6|2|1|1|1|6|468,0.505517|0|0|4.01235|1.44443|0.798754|0.830169|0.851116|5.67036|467.564,0|0|0|3|2|0|1|1|4|446,0.0823|0.9177,0.0568|0.9432,0.023775|0.085982,0.022522|0.048168,0.075227|0.48796,0.023775|0.085982,0.022522|0.048168,0.075227|0.48796,-1930.2517|-1581.1353,state-markov,3,536,0.01372|0.1185|0.03224,0.01295|0.07009|0.02879,0.06897|0.4785|0.1364,
controlled,105,2,any,hmc_in,,oracle,ignorable,,,,,-9936.01,0.106739,0.049743,5448,01,True,0.0652174,414,0.0484704,5034,0.934783,0.983868,0.111518,0.386447,0.932699,0.0575279,1|1|2|5|3|3|7|3|0|389,0.508655|0.559636|1.22695|3.38306|2.18411|2.35466|5.76252|2.61043|0|388.731,1|1|1|1|3|2|3|1|0|374,0.0604|0.9396,0.1243|0.8757,,,,,,,,state-markov,4,470,0.01372|0.1185|0.03224,0.01295|0.07009|0.02879,0.06897|0.4785|0.1364,
controlled,105,2,any,hmc_in,,oracle,state,,,,,-11591,0.11063,0.0363436,5448,01,True,0.0338164,414,0.0365515,5034,0.966184,0.993135,0.0616436,0.220022,0.964074,0.0346582,0|1|1|1|2|2|0|3|3|401,0|0.556995|0.638228|0.698229|1.44799|1.55654|0|2.65301|2.79045|400.817,0|1|1|0|0|2|0|3|2|391,0.0604|0.9396,0.0917|0.9083,0.01185|0.11666,,,,,,,state-markov,4,470,0.01372|0.1185|0.03224,0.01295|0.07009|0.02879,0.06897|0.4785|0.1364,
controlled,105,2,any,hmc_in,,oracle,state-markov,,,,,-11380.8,0.176015,0.0383627,5448,01,True,0.0434783,414,0.037942,5034,0.956522,0.991389,0.0702505,0.249611,0.958921,0.038921,3|1|0|0|1|1|2|3|3|400,1.59334|0.564637|0|0|0.739903|0.782459|1.63843|2.64036|2.77039|399.705,0|0|0|0|1|1|2|1|1|390,0.0604|0.9396,0.0971|0.9029,0.012001|0.11703,0.011024|0.069891,0.092479|0.47269,,,,,state-markov,4,470,0.01372|0.1185|0.03224,0.01295|0.07009|0.02879,0.06897|0.4785|0.1364,
controlled,105,2,any,hmc_in,0,unsupervised,ignorable,start,21,2.5482,-2.0269|0.6963,-9385.84,0.102814,0.217511,5448,01,True,0.0652174,414,0.230036,5034,0.934783,0.985665,0.113766,0.303624,0.93304,0.0582487,3|2|2|0|2|3|3|1|1|397,1.57187|1.1438|1.25683|0|1.46861|2.31014|2.43794|0.871201|0.903209|396.102,3|0|1|0|0|2|1|0|1|379,0.0604|0.9396,0.0725|0.9275,,,,,,,-1756.4970|-1493.7605,state-markov,4,470,0.01372|0.1185|0.03224,0.01295|0.07009|0.02879,0.06897|0.4785|0.1364,
controlled,105,2,any,hmc_in,0,unsupervised,state,start,8,0.889125,-1.6555|0.8754,-11192.5,0.127092,0.139134,5448,01,True,0.0386473,414,0.147398,5034,0.961353,0.992753,0.0705098,0.171495,0.95895,0.036149,0|0|1|1|1|4|1|1|6|399,0|0|0.628061|0.694765|0.70609|3.08827|0.838896|0.86745|5.61616|398.56,0|0|0|1|1|3|0|0|6|387,0.0604|0.9396,0.0756|0.9244,0.019729|0.082918,,,0.019729|0.082918,,,-1756.4970|-1493.7605,state-markov,4,470,0.01372|0.1185|0.03224,0.01295|0.07009|0.02879,0.06897|0.4785|0.1364,
controlled,105,2,any,hmc_in,0,unsupervised,state-markov,start,24,3.24794,-2.0239|0.6978,-10859.2,0.125531,0.216043,5448,01,True,0.0531401,414,0.22944,5034,0.94686,0.990907,0.0970311,0.279818,0.944614,0.050954,0|1|1|2|4|0|1|5|2|398,0|0.582877|0.640714|1.34663|2.93876|0|0.818511|4.39125|1.87998|397.637,0|1|1|2|1|0|0|3|0|384,0.0604|0.9396,0.0595|0.9405,0.021122|0.075855,0.018369|0.046835,0.14874|0.4294,0.021122|0.075855,0.018369|0.046835,0.14874|0.4294,-1756.4970|-1493.7605,state-markov,4,470,0.01372|0.1185|0.03224,0.01295|0.07009|0.02879,0.06897|0.4785|0.1364,
controlled,105,2,any,hmc_in,0,unsupervised,state,ignorable fit,3,0.412681,-2.0343|0.6922,-11103,0.116583,0.217511,5448,01,True,0.0531401,414,0.231029,5034,0.94686,0.991382,0.0933986,0.281322,0.946824,0.0448007,1|0|0|2|4|1|2|1|5|398,0.530695|0|0|1.32434|2.94233|0.783482|1.63074|0.884585|4.65128|397.685,0|0|0|1|3|0|1|0|3|384,0.0604|0.9396,0.0561|0.9439,0.020877|0.075409,,,0.020877|0.075409,,,-1756.4970|-1493.7605,state-markov,4,470,0.01372|0.1185|0.03224,0.01295|0.07009|0.02879,0.06897|0.4785|0.1364,
controlled,105,2,any,hmc_in,0,unsupervised,state-markov,ignorable fit,3,0.414569,-2.0353|0.6917,-10858.5,0.110186,0.218062,5448,01,True,0.0531401,414,0.231625,5034,0.94686,0.990635,0.0976217,0.283753,0.944208,0.0509625,0|1|3|1|2|1|1|4|3|398,0|0.59395|1.91818|0.668244|1.45896|0.753276|0.82626|3.49778|2.79862|397.607,0|1|3|0|1|0|0|3|0|384,0.0604|0.9396,0.0595|0.9405,0.021641|0.075478,0.018515|0.046689,0.16299|0.42811,0.021641|0.075478,0.018515|0.046689,0.16299|0.42811,-1756.4970|-1493.7605,state-markov,4,470,0.01372|0.1185|0.03224,0.01295|0.07009|0.02879,0.06897|0.4785|0.1364,
controlled,105,3,ge10,hmc_in,,oracle,ignorable,,,,,-8901.93,0.0894282,0.0945301,5448,012,True,0.043956,91,0.0953892,5357,0.956044,0.99677,0.0888679,0.416848,0.953009,0.0461297,0|0|0|0|0|0|1|0|0|90,0|0|0|0|0|0|0.754119|0|0|89.9519,0|0|0|0|0|0|1|0|0|86,0.0440|0.9231|0.0330,0.0904|0.8766|0.0330,,,,,,,,state,0,95,0.002365|0.04024|0.004266|0.001466,0.001897|0.02795|0.004284|0.000979,0.2|0.3333|0|0.3333,
controlled,105,3,ge10,hmc_in,,oracle,state,,,,,-9390.34,0.107632,0.0928781,5448,012,True,0.043956,91,0.0937092,5357,0.956044,0.995474,0.0824307,0.285727,0.954998,0.0445868,0|0|0|0|0|0|1|0|1|89,0|0|0|0|0|0|0.765346|0|0.912922|88.9098,0|0|0|0|0|0|1|0|0|86,0.0440|0.9231|0.0330,0.0838|0.8832|0.0330,0.0018973|0.038841|0.0025684,,,,,,,state,0,95,0.002365|0.04024|0.004266|0.001466,0.001897|0.02795|0.004284|0.000979,0.2|0.3333|0|0.3333,
controlled,105,3,ge10,hmc_in,,oracle,state-markov,,,,,-9390.93,0.10671,0.0928781,5448,012,True,0.043956,91,0.0937092,5357,0.956044,0.995405,0.0823995,0.285046,0.954972,0.0446215,0|0|0|0|0|0|1|0|1|89,0|0|0|0|0|0|0.760669|0|0.911903|88.9093,0|0|0|0|0|0|1|0|0|86,0.0440|0.9231|0.0330,0.0837|0.8833|0.0330,0.0019071|0.038842|0.0025851,0.0019008|0.039448|0.0025749,0.0052083|0.023836|0.0065104,,,,,state,0,95,0.002365|0.04024|0.004266|0.001466,0.001897|0.02795|0.004284|0.000979,0.2|0.3333|0|0.3333,
controlled,105,3,ge10,pmc_pair,,oracle,ignorable,,,,,-4947.6,0.275511,0.14464,5448,012,True,0.0879121,91,0.145604,5357,0.912088,0.98809,0.160271,0.998173,0.911234,0.0885013,0|0|0|0|1|1|0|1|2|86,0|0|0|0|0.61125|0.668566|0|0.860303|1.82005|85.9561,0|0|0|0|1|0|0|0|2|80,0.0440|0.9231|0.0330,0.0997|0.9002|0.0001,,,,,,,,state,0,95,0.002365|0.04024|0.004266|0.001466,0.001897|0.02795|0.004284|0.000979,0.2|0.3333|0|0.3333,
controlled,105,3,ge10,pmc_pair,,oracle,state,,,,,-5437.2,0.350654,0.139317,5448,012,True,0.0659341,91,0.140564,5357,0.934066,0.994609,0.118214,0.920619,0.937185,0.0622332,0|0|0|0|1|0|0|0|1|89,0|0|0|0|0.6166|0|0|0|0.923115|88.9697,0|0|0|0|0|0|0|0|1|84,0.0440|0.9231|0.0330,0.0738|0.9262|0.0000,0.0018973|0.038841|0.0025684,,,,,,,state,0,95,0.002365|0.04024|0.004266|0.001466,0.001897|0.02795|0.004284|0.000979,0.2|0.3333|0|0.3333,
controlled,105,3,ge10,pmc_pair,,oracle,state-markov,,,,,-5437.81,0.251413,0.139317,5448,012,True,0.0659341,91,0.140564,5357,0.934066,0.994613,0.118124,0.920564,0.937254,0.0621847,0|0|0|0|1|0|0|0|1|89,0|0|0|0|0.613664|0|0|0|0.925479|88.9706,0|0|0|0|0|0|0|0|1|84,0.0440|0.9231|0.0330,0.0737|0.9263|0.0000,0.0019071|0.038842|0.0025851,0.0019008|0.039448|0.0025749,0.0052083|0.023836|0.0065104,,,,,state,0,95,0.002365|0.04024|0.004266|0.001466,0.001897|0.02795|0.004284|0.000979,0.2|0.3333|0|0.3333,
controlled,105,3,ge10,hmc_in,0,unsupervised,ignorable,start,24,3.48864,-2.2778|-0.2611|1.3851,-7716.86,0.0959323,0.434104,5448,201,False,0.186813,91,0.438305,5357,0.813187,0.934783,0.32614,1.51698,0.791916,0.142711,0|0|3|1|3|1|5|1|9|68,0|0|1.52006|0.537007|1.93191|0.725521|3.79371|0.819627|8.02585|67.7116,0|0|2|0|1|1|4|0|6|60,0.0440|0.9231|0.0330,0.1624|0.7921|0.0456,,,,,,,-509.3663|-509.1406,state,0,95,0.002365|0.04024|0.004266|0.001466,0.001897|0.02795|0.004284|0.000979,0.2|0.3333|0|0.3333,
controlled,105,3,ge10,hmc_in,0,unsupervised,state,start,23,3.04201,-2.2803|-0.2719|1.3757,-8198.02,0.0986976,0.430984,5448,201,False,0.131868,91,0.436065,5357,0.868132,0.963645,0.239674,1.30929,0.85334,0.110373,0|0|0|1|2|1|3|4|2|78,0|0|0|0.552372|1.24893|0.66769|2.32388|3.36629|1.84884|77.6837,0|0|0|0|1|0|3|3|1|71,0.0440|0.9231|0.0330,0.1030|0.8542|0.0428,0.0030287|0.0044545|0.02433,,,0.0030287|0.0044545|0.02433,,,-509.3663|-509.1406,state,0,95,0.002365|0.04024|0.004266|0.001466,0.001897|0.02795|0.004284|0.000979,0.2|0.3333|0|0.3333,
controlled,105,3,ge10,hmc_in,0,unsupervised,state-markov,start,23,2.99886,-2.2803|-0.2717|1.3757,-8198,0.146139,0.430984,5448,201,False,0.131868,91,0.436065,5357,0.868132,0.963442,0.239997,1.31016,0.853043,0.110364,0|0|0|1|3|0|3|4|2|78,0|0|0|0.556023|1.91114|0|2.31506|3.36163|1.84877|77.6806,0|0|0|0|1|0|3|3|1|71,0.0440|0.9231|0.0330,0.1033|0.8539|0.0428,0.0030416|0.0044739|0.024324,0.0030362|0.0044862|0.024279,0.0047856|0.0017379|0.026123,0.0030416|0.0044739|0.024324,0.0030362|0.0044862|0.024279,0.0047856|0.0017379|0.026123,-509.3663|-509.1406,state,0,95,0.002365|0.04024|0.004266|0.001466,0.001897|0.02795|0.004284|0.000979,0.2|0.3333|0|0.3333,
controlled,105,3,ge10,hmc_in,0,unsupervised,state,ignorable fit,4,0.502134,-2.2852|-0.2761|1.3763,-8197.3,0.126679,0.4308,5448,201,False,0.131868,91,0.435878,5357,0.868132,0.963032,0.239669,1.32581,0.852968,0.109975,0|0|0|1|3|0|3|4|2|78,0|0|0|0.559394|1.89395|0|2.3141|3.34087|1.84932|77.6783,0|0|0|0|1|0|3|3|1|71,0.0440|0.9231|0.0330,0.1040|0.8538|0.0422,0.0029643|0.0045506|0.024277,,,0.0029643|0.0045506|0.024277,,,-509.3663|-509.1406,state,0,95,0.002365|0.04024|0.004266|0.001466,0.001897|0.02795|0.004284|0.000979,0.2|0.3333|0|0.3333,
controlled,105,3,ge10,hmc_in,0,unsupervised,state-markov,ignorable fit,4,0.523424,-2.2852|-0.2761|1.3763,-8197.27,0.127125,0.4308,5448,201,False,0.131868,91,0.435878,5357,0.868132,0.962814,0.239992,1.32657,0.852666,0.109952,0|0|0|1|3|0|3|4|2|78,0|0|0|0.563035|1.88795|0|2.30522|3.33559|1.84917|77.6751,0|0|0|0|1|0|3|3|1|71,0.0440|0.9231|0.0330,0.1044|0.8535|0.0422,0.0029765|0.0045719|0.024268,0.0029709|0.004585|0.024221,0.0048438|0.0017109|0.026181,0.0029765|0.0045719|0.024268,0.0029709|0.004585|0.024221,0.0048438|0.0017109|0.026181,-509.3663|-509.1406,state,0,95,0.002365|0.04024|0.004266|0.001466,0.001897|0.02795|0.004284|0.000979,0.2|0.3333|0|0.3333,
controlled,105,3,ge10,hmc_in,,oracle,ignorable,,,,,-8879.49,0.0934887,0.0943465,5448,012,True,0.0701754,114,0.0948631,5334,0.929825,0.996311,0.134586,0.657515,0.9295,0.069939,0|0|0|0|0|0|0|1|2|111,0|0|0|0|0|0|0|0.816793|1.80317|110.959,0|0|0|0|0|0|0|0|2|104,0.0526|0.8860|0.0614,0.1219|0.8255|0.0526,,,,,,,,state,1,116,0.002365|0.04024|0.004266|0.001466,0.001897|0.02795|0.004284|0.000979,0.2|0.3333|0|0.3333,
controlled,105,3,ge10,hmc_in,,oracle,state,,,,,-9462.52,0.149417,0.0932452,5448,012,True,0.0614035,114,0.0939258,5334,0.938596,0.993003,0.120998,0.473232,0.934381,0.0653355,0|0|0|0|1|0|1|0|0|112,0|0|0|0|0.607268|0|0.769755|0|0|111.825,0|0|0|0|1|0|1|0|0|105,0.0526|0.8860|0.0614,0.1113|0.8361|0.0526,0.0028442|0.046702|0.0059809,,,,,,,state,1,116,0.002365|0.04024|0.004266|0.001466,0.001897|0.02795|0.004284|0.000979,0.2|0.3333|0|0.3333,
controlled,105,3,ge10,hmc_in,,oracle,state-markov,,,,,-9462.94,0.150849,0.0932452,5448,012,True,0.0614035,114,0.0939258,5334,0.938596,0.99291,0.120621,0.469842,0.934508,0.0652161,0|0|0|1|0|0|1|0|0|112,0|0|0|0.59805|0|0|0.7805|0|0|111.813,0|0|0|1|0|0|1|0|0|105,0.0526|0.8860|0.0614,0.1110|0.8364|0.0526,0.0028495|0.046703|0.0059904,0.0028524|0.048504|0.0060169,0.0018315|0.0099296|0.0016026,,,,,state,1,116,0.002365|0.04024|0.004266|0.001466,0.001897|0.02795|0.004284|0.000979,0.2|0.3333|0|0.3333,
controlled,105,3,ge10,pmc_pair,,oracle,ignorable,,,,,-4950.09,0.281244,0.139501,5448,012,True,0.0964912,114,0.14042,5334,0.903509,0.990997,0.191285,1.16021,0.897857,0.0996053,0|0|1|0|0|0|1|0|2|110,0|0|0.529647|0|0|0|0.779709|0|1.85373|109.811,0|0|1|0|0|0|1|0|1|100,0.0526|0.8860|0.0614,0.1176|0.8627|0.0196,,,,,,,,state,1,116,0.002365|0.04024|0.004266|0.001466,0.001897|0.02795|0.004284|0.000979,0.2|0.3333|0|0.3333,
controlled,105,3,ge10,pmc_pair,,oracle,state,,,,,-5530.55,0.278623,0.138767,5448,012,True,0.0789474,114,0.140045,5334,0.921053,0.988876,0.132538,1.02892,0.925669,0.0699034,0|0|0|1|0|1|0|2|1|109,0|0|0|0.573328|0|0.670423|0|1.71718|0.881427|108.889,0|0|0|0|0|0|0|1|1|103,0.0526|0.8860|0.0614,0.0915|0.8906|0.0179,0.0028442|0.046702|0.0059809,,,,,,,state,1,116,0.002365|0.04024|0.004266|0.001466,0.001897|0.02795|0.004284|0.000979,0.2|0.3333|0|0.3333,
controlled,105,3,ge10,pmc_pair,,oracle,state-markov,,,,,-5530.75,0.291921,0.138767,5448,012,True,0.0789474,114,0.140045,5334,0.921053,0.988953,0.13183,1.02798,0.926158,0.0720697,0|0|0|1|1|0|0|1|2|109,0|0|0|0.564817|0.663476|0|0|0.857285|1.76232|108.893,0|0|0|0|0|0|0|0|2|103,0.0526|0.8860|0.0614,0.0910|0.8911|0.0179,0.0028495|0.046703|0.0059904,0.0028524|0.048504|0.0060169,0.0018315|0.0099296|0.0016026,,,,,state,1,116,0.002365|0.04024|0.004266|0.001466,0.001897|0.02795|0.004284|0.000979,0.2|0.3333|0|0.3333,
controlled,105,3,ge10,hmc_in,0,unsupervised,ignorable,start,29,4.04853,-2.2796|-0.2568|1.3933,-7699.8,0.129862,0.43906,5448,201,False,0.245614,114,0.443195,5334,0.754386,0.940118,0.458115,2.16487,0.730985,0.198634,0|0|5|0|3|2|7|3|3|91,0|0|2.56305|0|1.87328|1.39134|5.38121|2.56519|2.72905|90.6704,0|0|2|0|2|2|5|1|1|73,0.0526|0.8860|0.0614,0.1837|0.7528|0.0635,,,,,,,-598.6322|-598.4164,state,1,116,0.002365|0.04024|0.004266|0.001466,0.001897|0.02795|0.004284|0.000979,0.2|0.3333|0|0.3333,
controlled,105,3,ge10,hmc_in,0,unsupervised,state,start,27,3.62482,-2.2799|-0.2650|1.3845,-8268.65,0.102805,0.434838,5448,201,False,0.219298,114,0.439445,5334,0.780702,0.960573,0.385732,1.93003,0.781937,0.187873,0|0|4|1|2|0|1|3|3|100,0|0|2.02492|0.548336|1.2494|0|0.755872|2.5439|2.75943|99.6235,0|0|1|0|0|0|0|3|1|84,0.0526|0.8860|0.0614,0.1329|0.8038|0.0634,0.0056653|0.0056451|0.028872,,,0.0056653|0.0056451|0.028872,,,-598.6322|-598.4164,state,1,116,0.002365|0.04024|0.004266|0.001466,0.001897|0.02795|0.004284|0.000979,0.2|0.3333|0|0.3333,
controlled,105,3,ge10,hmc_in,0,unsupervised,state-markov,start,27,3.54846,-2.2795|-0.2644|1.3847,-8267.93,0.142392,0.435022,5448,201,False,0.210526,114,0.43982,5334,0.789474,0.960556,0.385222,1.93018,0.78225,0.1766,0|0|4|1|2|0|1|2|4|100,0|0|2.02671|0.542171|1.24401|0|0.747573|1.6855|3.62885|99.6286,0|0|2|0|0|0|0|2|2|84,0.0526|0.8860|0.0614,0.1324|0.8041|0.0635,0.0056862|0.0056325|0.028882,0.0057101|0.0056606|0.02941,0.0015031|0.00066658|0.011112,0.0056862|0.0056325|0.028882,0.0057101|0.0056606|0.02941,0.0015031|0.00066658|0.011112,-598.6322|-598.4164,state,1,116,0.002365|0.04024|0.004266|0.001466,0.001897|0.02795|0.004284|0.000979,0.2|0.3333|0|0.3333,
controlled,105,3,ge10,hmc_in,0,unsupervised,state,ignorable fit,4,0.498263,-2.2867|-0.2719|1.3843,-8267.6,0.0879663,0.433921,5448,201,False,0.219298,114,0.438508,5334,0.780702,0.962354,0.386846,1.95094,0.782222,0.189687,0|0|4|1|2|0|0|3|4|100,0|0|2.06949|0.550948|1.26928|0|0|2.542|3.65031|99.6263,0|0|1|0|0|0|0|3|1|84,0.0526|0.8860|0.0614,0.1348|0.8039|0.0613,0.0054269|0.0057905|0.028825,,,0.0054269|0.0057905|0.028825,,,-598.6322|-598.4164,state,1,116,0.002365|0.04024|0.004266|0.001466,0.001897|0.02795|0.004284|0.000979,0.2|0.3333|0|0.3333,
controlled,105,3,ge10,hmc_in,0,unsupervised,state-markov,ignorable fit,4,0.58801,-2.2867|-0.2719|1.3843,-8266.8,0.151973,0.433737,5448,201,False,0.210526,114,0.438508,5334,0.789474,0.96242,0.386299,1.94932,0.782607,0.17851,0|0|4|1|2|0|0|2|5|100,0|0|2.07077|0.54455|1.26282|0|0|1.68285|4.52235|99.6325,0|0|2|0|0|0|0|2|2|84,0.0526|0.8860|0.0614,0.1344|0.8043|0.0613,0.0054376|0.0057811|0.028832,0.0054588|0.0058109|0.029358,0.0015497|0.00065544|0.011122,0.0054376|0.0057811|0.028832,0.0054588|0.0058109|0.029358,0.0015497|0.00065544|0.011122,-598.6322|-598.4164,state,1,116,0.002365|0.04024|0.004266|0.001466,0.001897|0.02795|0.004284|0.000979,0.2|0.3333|0|0.3333,
controlled,105,3,ge10,hmc_in,,oracle,ignorable,,,,,-8891.72,0.0651789,0.0947137,5448,012,True,0.06,100,0.0953628,5348,0.94,0.991751,0.104071,0.75279,0.942366,0.0571077,0|0|0|1|0|1|0|0|1|97,0|0|0|0.572959|0|0.732156|0|0|0.896252|96.9737,0|0|0|0|0|1|0|0|0|93,0.0500|0.8800|0.0700,0.1076|0.8224|0.0700,,,,,,,,state,2,102,0.002365|0.04024|0.004266|0.001466,0.001897|0.02795|0.004284|0.000979,0.2|0.3333|0|0.3333,
controlled,105,3,ge10,hmc_in,,oracle,state,,,,,-9416.21,0.13855,0.0923275,5448,012,True,0.04,100,0.0933059,5348,0.96,0.99596,0.0825611,0.611285,0.95596,0.0430602,0|0|0|0|1|0|0|0|0|99,0|0|0|0|0.644976|0|0|0|0|98.951,0|0|0|0|1|0|0|0|0|95,0.0500|0.8800|0.0700,0.0940|0.8360|0.0700,0.0023705|0.040691|0.0059793,,,,,,,state,2,102,0.002365|0.04024|0.004266|0.001466,0.001897|0.02795|0.004284|0.000979,0.2|0.3333|0|0.3333,
controlled,105,3,ge10,hmc_in,,oracle,state-markov,,,,,-9416.91,0.138812,0.0923275,5448,012,True,0.04,100,0.0933059,5348,0.96,0.996016,0.082505,0.610579,0.956016,0.0430408,0|0|0|0|1|0|0|0|0|99,0|0|0|0|0.648737|0|0|0|0|98.9528,0|0|0|0|1|0|0|0|0|95,0.0500|0.8800|0.0700,0.0940|0.8360|0.0700,0.0023801|0.040691|0.0059972,0.0023761|0.041452|0.0060151,0.0040453|0.022745|0.003034,,,,,state,2,102,0.002365|0.04024|0.004266|0.001466,0.001897|0.02795|0.004284|0.000979,0.2|0.3333|0|0.3333,
controlled,105,3,ge10,pmc_pair,,oracle,ignorable,,,,,-4984.8,0.308437,0.139868,5448,012,True,0.09,100,0.1408,5348,0.91,0.985626,0.15639,1.23548,0.912092,0.0869402,0|0|0|2|0|1|0|1|1|95,0|0|0|1.17822|0|0.696439|0|0.843041|0.894787|94.9501,0|0|0|0|0|1|0|1|1|88,0.0500|0.8800|0.0700,0.0878|0.8921|0.0201,,,,,,,,state,2,102,0.002365|0.04024|0.004266|0.001466,0.001897|0.02795|0.004284|0.000979,0.2|0.3333|0|0.3333,
controlled,105,3,ge10,pmc_pair,,oracle,state,,,,,-5499.8,0.283284,0.137298,5448,012,True,0.07,100,0.138556,5348,0.93,0.999018,0.139026,1.22069,0.929524,0.0690179,0|0|0|0|0|0|0|0|0|100,0|0|0|0|0|0|0|0|0|99.9018,0|0|0|0|0|0|0|0|0|93,0.0500|0.8800|0.0700,0.0705|0.9095|0.0200,0.0023705|0.040691|0.0059793,,,,,,,state,2,102,0.002365|0.04024|0.004266|0.001466,0.001897|0.02795|0.004284|0.000979,0.2|0.3333|0|0.3333,
controlled,105,3,ge10,pmc_pair,,oracle,state-markov,,,,,-5500.34,0.279749,0.137298,5448,012,True,0.07,100,0.138556,5348,0.93,0.999033,0.138992,1.22062,0.929556,0.069033,0|0|0|0|0|0|0|0|0|100,0|0|0|0|0|0|0|0|0|99.9033,0|0|0|0|0|0|0|0|0|93,0.0500|0.8800|0.0700,0.0704|0.9096|0.0200,0.0023801|0.040691|0.0059972,0.0023761|0.041452|0.0060151,0.0040453|0.022745|0.003034,,,,,state,2,102,0.002365|0.04024|0.004266|0.001466,0.001897|0.02795|0.004284|0.000979,0.2|0.3333|0|0.3333,
controlled,105,3,ge10,hmc_in,0,unsupervised,ignorable,start,24,2.87581,-2.2756|-0.2540|1.3865,-7717.89,0.118978,0.439611,5448,201,False,0.27,100,0.442782,5348,0.73,0.981902,0.527901,2.83514,0.722544,0.261813,0|0|1|0|0|2|0|0|4|93,0|0|0.504454|0|0|1.41879|0|0|3.63249|92.6344,0|0|1|0|0|1|0|0|2|69,0.0500|0.8800|0.0700,0.1875|0.7575|0.0549,,,,,,,-539.5987|-539.4765,state,2,102,0.002365|0.04024|0.004266|0.001466,0.001897|0.02795|0.004284|0.000979,0.2|0.3333|0|0.3333,
controlled,105,3,ge10,hmc_in,0,unsupervised,state,start,24,2.97682,-2.2750|-0.2529|1.3870,-8234.06,0.101306,0.440529,5448,201,False,0.26,100,0.443904,5348,0.74,0.982243,0.501378,2.5869,0.736537,0.260763,0|0|0|1|1|0|2|1|1|94,0|0|0|0.535059|0.613531|0|1.54701|0.857312|0.925393|93.746,0|0|0|1|1|0|0|0|1|71,0.0500|0.8800|0.0700,0.1760|0.7705|0.0536,0.0041355|0.0064552|0.024484,,,0.0041355|0.0064552|0.024484,,,-539.5987|-539.4765,state,2,102,0.002365|0.04024|0.004266|0.001466,0.001897|0.02795|0.004284|0.000979,0.2|0.3333|0|0.3333,
controlled,105,3,ge10,hmc_in,0,unsupervised,state-markov,start,24,3.07836,-2.2750|-0.2528|1.3870,-8233.95,0.114367,0.440529,5448,201,False,0.26,100,0.443904,5348,0.74,0.98228,0.501786,2.58965,0.736378,0.260895,0|0|1|0|1|0|2|1|1|94,0|0|0.530301|0|0.614504|0|1.55263|0.859322|0.924421|93.7468,0|0|1|0|1|0|0|0|1|71,0.0500|0.8800|0.0700,0.1761|0.7703|0.0536,0.0041497|0.0064694|0.024481,0.00415|0.0065041|0.024441,0.0040639|0.0011389|0.026059,0.0041497|0.0064694|0.024481,0.00415|0.0065041|0.024441,0.0040639|0.0011389|0.026059,-539.5987|-539.4765,state,2,102,0.002365|0.04024|0.004266|0.001466,0.001897|0.02795|0.004284|0.000979,0.2|0.3333|0|0.3333,
controlled,105,3,ge10,hmc_in,0,unsupervised,state,ignorable fit,3,0.37385,-2.2809|-0.2619|1.3837,-8233.08,0.124426,0.437408,5448,201,False,0.26,100,0.440726,5348,0.74,0.981831,0.49722,2.62053,0.738056,0.259326,0|0|0|1|1|0|2|1|1|94,0|0|0|0.594394|0.612325|0|1.48822|0.839553|0.918541|93.73,0|0|0|1|1|0|0|0|1|71,0.0500|0.8800|0.0700,0.1745|0.7720|0.0535,0.0041573|0.0064284|0.024425,,,0.0041573|0.0064284|0.024425,,,-539.5987|-539.4765,state,2,102,0.002365|0.04024|0.004266|0.001466,0.001897|0.02795|0.004284|0.000979,0.2|0.3333|0|0.3333,
controlled,105,3,ge10,hmc_in,0,unsupervised,state-markov,ignorable fit,3,0.400876,-2.2809|-0.2619|1.3838,-8232.97,0.0919813,0.437408,5448,201,False,0.26,100,0.440726,5348,0.74,0.981878,0.497602,2.62282,0.737904,0.259453,0|0|0|1|1|0|2|1|1|94,0|0|0|0.590376|0.613256|0|1.49376|0.841608|0.917577|93.7312,0|0|0|1|1|0|0|0|1|71,0.0500|0.8800|0.0700,0.1747|0.7718|0.0535,0.0041719|0.0064422|0.02442,0.0041723|0.0064766|0.02438,0.0040753|0.0011445|0.02602,0.0041719|0.0064422|0.02442,0.0041723|0.0064766|0.02438,0.0040753|0.0011445|0.02602,-539.5987|-539.4765,state,2,102,0.002365|0.04024|0.004266|0.001466,0.001897|0.02795|0.004284|0.000979,0.2|0.3333|0|0.3333,
controlled,105,3,ge10,hmc_in,,oracle,ignorable,,,,,-8907.64,0.0905172,0.0943465,5448,012,True,0.0357143,84,0.0952647,5364,0.964286,0.988992,0.0507397,0.112955,0.967152,0.0328257,0|0|1|0|0|0|0|2|1|80,0|0|0.523205|0|0|0|0|1.65897|0.896252|79.9969,0|0|0|0|0|0|0|2|0|79,0.0238|0.9167|0.0595,0.0567|0.8838|0.0595,,,,,,,,state,3,90,0.002365|0.04024|0.004266|0.001466,0.001897|0.02795|0.004284|0.000979,0.2|0.3333|0|0.3333,
controlled,105,3,ge10,hmc_in,,oracle,state,,,,,-9376.67,0.126016,0.0923275,5448,012,True,0.0119048,84,0.0935869,5364,0.988095,0.996292,0.0216168,0.0350103,0.986029,0.0139715,0|0|0|0|0|0|1|0|1|82,0|0|0|0|0|0|0.799857|0|0.931069|81.9576,0|0|0|0|0|0|1|0|0|82,0.0238|0.9167|0.0595,0.0378|0.9027|0.0595,0.00095133|0.035604|0.0042729,,,,,,,state,3,90,0.002365|0.04024|0.004266|0.001466,0.001897|0.02795|0.004284|0.000979,0.2|0.3333|0|0.3333,
controlled,105,3,ge10,hmc_in,,oracle,state-markov,,,,,-9377.01,0.175515,0.0923275,5448,012,True,0.0119048,84,0.0935869,5364,0.988095,0.996339,0.0215254,0.0347239,0.986105,0.0138948,0|0|0|0|0|0|0|1|1|82,0|0|0|0|0|0|0|0.803528|0.929822|81.9591,0|0|0|0|0|0|0|1|0|82,0.0238|0.9167|0.0595,0.0377|0.9028|0.0595,0.00095659|0.035606|0.0042846,0.00095224|0.036439|0.0042912,0.0054945|0.013032|0.0027473,,,,,state,3,90,0.002365|0.04024|0.004266|0.001466,0.001897|0.02795|0.004284|0.000979,0.2|0.3333|0|0.3333,
controlled,105,3,ge10,pmc_pair,,oracle,ignorable,,,,,-4963.01,0.245389,0.139317,5448,012,True,0.0833333,84,0.140194,5364,0.916667,0.993243,0.160764,1.47475,0.914345,0.0838039,0|0|0|0|0|1|0|1|0|82,0|0|0|0|0|0.696438|0|0.826252|0|81.9097,0|0|0|0|0|1|0|0|0|76,0.0238|0.9167|0.0595,0.0498|0.9501|0.0002,,,,,,,,state,3,90,0.002365|0.04024|0.004266|0.001466,0.001897|0.02795|0.004284|0.000979,0.2|0.3333|0|0.3333,
controlled,105,3,ge10,pmc_pair,,oracle,state,,,,,-5426.58,0.289142,0.136747,5448,012,True,0.0714286,84,0.13777,5364,0.928571,0.994411,0.131574,1.5102,0.929954,0.0696681,0|0|0|0|0|1|0|1|0|82,0|0|0|0|0|0.707154|0|0.839197|0|81.9842,0|0|0|0|0|0|0|1|0|77,0.0238|0.9167|0.0595,0.0343|0.9657|0.0000,0.00095133|0.035604|0.0042729,,,,,,,state,3,90,0.002365|0.04024|0.004266|0.001466,0.001897|0.02795|0.004284|0.000979,0.2|0.3333|0|0.3333,
controlled,105,3,ge10,pmc_pair,,oracle,state-markov,,,,,-5426.79,0.297007,0.136747,5448,012,True,0.0714286,84,0.13777,5364,0.928571,0.994364,0.131204,1.51082,0.930142,0.0694941,0|0|0|0|0|1|0|1|0|82,0|0|0|0|0|0.697296|0|0.84454|0|81.9848,0|0|0|0|0|0|0|1|0|77,0.0238|0.9167|0.0595,0.0341|0.9659|0.0000,0.00095659|0.035606|0.0042846,0.00095224|0.036439|0.0042912,0.0054945|0.013032|0.0027473,,,,,state,3,90,0.002365|0.04024|0.004266|0.001466,0.001897|0.02795|0.004284|0.000979,0.2|0.3333|0|0.3333,
controlled,105,3,ge10,hmc_in,0,unsupervised,ignorable,start,26,3.50228,-2.2798|-0.2590|1.3858,-7719.65,0.0968115,0.439244,5448,201,False,0.25,84,0.442207,5364,0.75,0.969374,0.429619,1.91731,0.763782,0.229546,0|0|0|2|2|0|1|0|4|75,0|0|0|1.11129|1.26279|0|0.772495|0|3.57275|74.7081,0|0|0|0|0|0|0|0|4|59,0.0238|0.9167|0.0595,0.1438|0.8232|0.0331,,,,,,,-487.4538|-487.4506,state,3,90,0.002365|0.04024|0.004266|0.001466,0.001897|0.02795|0.004284|0.000979,0.2|0.3333|0|0.3333,
controlled,105,3,ge10,hmc_in,0,unsupervised,state,start,26,3.40533,-2.2823|-0.2671|1.3804,-8179.7,0.130793,0.433737,5448,201,False,0.202381,84,0.43736,5364,0.797619,0.980865,0.376614,1.75512,0.795908,0.188425,0|0|0|0|0|1|1|4|2|76,0|0|0|0|0|0.686154|0.782482|3.34332|1.77984|75.8009,0|0|0|0|0|0|1|3|0|63,0.0238|0.9167|0.0595,0.1108|0.8553|0.0339,0.0052539|0.0033822|0.023013,,,0.0052539|0.0033822|0.023013,,,-487.4538|-487.4506,state,3,90,0.002365|0.04024|0.004266|0.001466,0.001897|0.02795|0.004284|0.000979,0.2|0.3333|0|0.3333,
controlled,105,3,ge10,hmc_in,0,unsupervised,state-markov,start,26,3.37746,-2.2823|-0.2671|1.3804,-8179.5,0.128281,0.433737,5448,201,False,0.202381,84,0.43736,5364,0.797619,0.980891,0.376312,1.75432,0.79608,0.1884,0|0|0|0|0|1|1|4|2|76,0|0|0|0|0|0.683246|0.784621|3.34876|1.77767|75.8005,0|0|0|0|0|0|1|3|0|63,0.0238|0.9167|0.0595,0.1106|0.8555|0.0339,0.005266|0.0033816|0.023017,0.0052829|0.0033883|0.023233,0.0020648|0.0014114|0.013863,0.005266|0.0033816|0.023017,0.0052829|0.0033883|0.023233,0.0020648|0.0014114|0.013863,-487.4538|-487.4506,state,3,90,0.002365|0.04024|0.004266|0.001466,0.001897|0.02795|0.004284|0.000979,0.2|0.3333|0|0.3333,
controlled,105,3,ge10,hmc_in,0,unsupervised,state,ignorable fit,3,0.378405,-2.2852|-0.2687|1.3815,-8179.31,0.109298,0.433554,5448,201,False,0.202381,84,0.437174,5364,0.797619,0.98058,0.377859,1.76123,0.795087,0.188392,0|0|0|0|0|1|1|4|2|76,0|0|0|0|0|0.700821|0.771898|3.30285|1.7898|75.8034,0|0|0|0|0|0|1|3|0|63,0.0238|0.9167|0.0595,0.1118|0.8545|0.0336,0.0052237|0.0035236|0.022923,,,0.0052237|0.0035236|0.022923,,,-487.4538|-487.4506,state,3,90,0.002365|0.04024|0.004266|0.001466,0.001897|0.02795|0.004284|0.000979,0.2|0.3333|0|0.3333,
controlled,105,3,ge10,hmc_in,0,unsupervised,state-markov,ignorable fit,3,0.415136,-2.2852|-0.2687|1.3815,-8179.1,0.129197,0.433554,5448,201,False,0.202381,84,0.437174,5364,0.797619,0.980609,0.377596,1.76039,0.795238,0.188375,0|0|0|0|0|1|1|4|2|76,0|0|0|0|0|0.69835|0.773836|3.30776|1.788|75.8032,0|0|0|0|0|0|1|3|0|63,0.0238|0.9167|0.0595,0.1117|0.8547|0.0336,0.0052356|0.0035255|0.022925,0.0052523|0.0035332|0.023136,0.0020673|0.00137|0.013928,0.0052356|0.0035255|0.022925,0.0052523|0.0035332|0.023136,0.0020673|0.00137|0.013928,-487.4538|-487.4506,state,3,90,0.002365|0.04024|0.004266|0.001466,0.001897|0.02795|0.004284|0.000979,0.2|0.3333|0|0.3333,
controlled,105,3,ge10,hmc_in,,oracle,ignorable,,,,,-8880.28,0.082327,0.0943465,5448,012,True,0.00877193,114,0.0961755,5334,0.991228,0.988916,0.0169686,0.0241886,0.984231,0.0118944,0|0|1|0|0|1|2|0|0|110,0|0|0.50535|0|0|0.708492|1.54621|0|0|109.976,0|0|1|0|0|1|1|0|0|110,0.0789|0.8596|0.0614,0.0812|0.8573|0.0614,,,,,,,,state,4,118,0.002365|0.04024|0.004266|0.001466,0.001897|0.02795|0.004284|0.000979,0.2|0.3333|0|0.3333,
controlled,105,3,ge10,hmc_in,,oracle,state,,,,,-9460.67,0.105386,0.0921439,5448,012,True,0.00877193,114,0.0939258,5334,0.991228,0.998238,0.0167408,0.0325192,0.989981,0.00873719,0|0|0|0|0|0|0|0|1|113,0|0|0|0|0|0|0|0|0.901567|112.898,0|0|0|0|0|0|0|0|1|112,0.0789|0.8596|0.0614,0.0719|0.8667|0.0614,0.0042628|0.045315|0.0059811,,,,,,,state,4,118,0.002365|0.04024|0.004266|0.001466,0.001897|0.02795|0.004284|0.000979,0.2|0.3333|0|0.3333,
controlled,105,3,ge10,hmc_in,,oracle,state-markov,,,,,-9459.47,0.120575,0.0921439,5448,012,True,0.00877193,114,0.0939258,5334,0.991228,0.998191,0.01672,0.0322866,0.98995,0.00873258,0|0|0|0|0|0|0|0|1|113,0|0|0|0|0|0|0|0|0.899151|112.895,0|0|0|0|0|0|0|0|1|112,0.0789|0.8596|0.0614,0.0719|0.8667|0.0614,0.0042858|0.045312|0.0060214,0.0042807|0.044559|0.0060165,0.0054622|0.061158|0.0068277,,,,,state,4,118,0.002365|0.04024|0.004266|0.001466,0.001897|0.02795|0.004284|0.000979,0.2|0.3333|0|0.3333,
controlled,105,3,ge10,pmc_pair,,oracle,ignorable,,,,,-4948.85,0.253154,0.139868,5448,012,True,0.0438596,114,0.14192,5334,0.95614,0.989659,0.0806281,0.890426,0.952027,0.0459402,0|0|0|0|1|1|1|1|0|110,0|0|0|0|0.644965|0.687843|0.789111|0.815007|0|109.884,0|0|0|0|0|1|1|1|0|106,0.0789|0.8596|0.0614,0.0880|0.8856|0.0264,,,,,,,,state,4,118,0.002365|0.04024|0.004266|0.001466,0.001897|0.02795|0.004284|0.000979,0.2|0.3333|0|0.3333,
controlled,105,3,ge10,pmc_pair,,oracle,state,,,,,-5530.27,0.276677,0.139317,5448,012,True,0.0350877,114,0.141545,5334,0.964912,0.997777,0.0706465,0.934629,0.962689,0.0355639,0|0|0|0|0|0|0|1|0|113,0|0|0|0|0|0|0|0.846124|0|112.9,0|0|0|0|0|0|0|1|0|109,0.0789|0.8596|0.0614,0.0807|0.8929|0.0263,0.0042628|0.045315|0.0059811,,,,,,,state,4,118,0.002365|0.04024|0.004266|0.001466,0.001897|0.02795|0.004284|0.000979,0.2|0.3333|0|0.3333,
controlled,105,3,ge10,pmc_pair,,oracle,state-markov,,,,,-5529.14,0.247479,0.139317,5448,012,True,0.0350877,114,0.141545,5334,0.964912,0.997715,0.0706723,0.934021,0.962628,0.0355742,0|0|0|0|0|0|0|1|0|113,0|0|0|0|0|0|0|0.842051|0|112.898,0|0|0|0|0|0|0|1|0|109,0.0789|0.8596|0.0614,0.0808|0.8929|0.0263,0.0042858|0.045312|0.0060214,0.0042807|0.044559|0.0060165,0.0054622|0.061158|0.0068277,,,,,state,4,118,0.002365|0.04024|0.004266|0.001466,0.001897|0.02795|0.004284|0.000979,0.2|0.3333|0|0.3333,
controlled,105,3,ge10,hmc_in,0,unsupervised,ignorable,start,26,3.29008,-2.2738|-0.2557|1.3894,-7696.54,0.0983215,0.438877,5448,201,False,0.210526,114,0.443757,5334,0.789474,0.955818,0.346747,1.56434,0.79833,0.174106,0|0|3|3|3|0|0|1|6|98,0|0|1.55755|1.67263|1.88343|0|0|0.842688|5.30342|97.7035,0|0|2|1|0|0|0|0|3|84,0.0789|0.8596|0.0614,0.1314|0.8247|0.0440,,,,,,,-606.9204|-603.8782,state,4,118,0.002365|0.04024|0.004266|0.001466,0.001897|0.02795|0.004284|0.000979,0.2|0.3333|0|0.3333,
controlled,105,3,ge10,hmc_in,0,unsupervised,state,start,26,3.36448,-2.2772|-0.2700|1.3784,-8258.13,0.124941,0.428598,5448,201,False,0.114035,114,0.435321,5334,0.885965,0.981499,0.237535,1.52499,0.867662,0.126531,0|0|1|1|0|0|1|2|3|106,0|0|0.5153|0.588125|0|0|0.740366|1.69288|2.69647|105.658,0|0|1|1|0|0|1|2|3|93,0.0789|0.8596|0.0614,0.0618|0.8943|0.0439,0.0038525|0.0033919|0.032152,,,0.0038525|0.0033919|0.032152,,,-606.9204|-603.8782,state,4,118,0.002365|0.04024|0.004266|0.001466,0.001897|0.02795|0.004284|0.000979,0.2|0.3333|0|0.3333,
controlled,105,3,ge10,hmc_in,0,unsupervised,state-markov,start,26,3.40052,-2.2771|-0.2697|1.3786,-8257.16,0.0981541,0.428781,5448,201,False,0.114035,114,0.435508,5334,0.885965,0.980705,0.23826,1.52435,0.866867,0.126941,0|0|1|1|0|1|0|2|3|106,0|0|0.504871|0.572916|0|0.721648|0|1.68203|2.68309|105.636,0|0|1|1|0|1|0|2|3|93,0.0789|0.8596|0.0614,0.0626|0.8935|0.0439,0.0038861|0.0034389|0.032163,0.0038657|0.0034297|0.031228,0.0091286|0.0061103|0.060296,0.0038861|0.0034389|0.032163,0.0038657|0.0034297|0.031228,0.0091286|0.0061103|0.060296,-606.9204|-603.8782,state,4,118,0.002365|0.04024|0.004266|0.001466,0.001897|0.02795|0.004284|0.000979,0.2|0.3333|0|0.3333,
controlled,105,3,ge10,hmc_in,0,unsupervised,state,ignorable fit,4,0.561975,-2.2813|-0.2721|1.3801,-8257.6,0.107153,0.428781,5448,201,False,0.122807,114,0.435321,5334,0.877193,0.980818,0.238321,1.53822,0.86693,0.12693,0|0|1|1|0|1|0|2|3|106,0|0|0.502446|0.571285|0|0.729354|0|1.68411|2.68687|105.639,0|0|0|1|0|1|0|2|3|93,0.0789|0.8596|0.0614,0.0625|0.8936|0.0439,0.0038766|0.0034949|0.032114,,,0.0038766|0.0034949|0.032114,,,-606.9204|-603.8782,state,4,118,0.002365|0.04024|0.004266|0.001466,0.001897|0.02795|0.004284|0.000979,0.2|0.3333|0|0.3333,
controlled,105,3,ge10,hmc_in,0,unsupervised,state-markov,ignorable fit,4,0.539684,-2.2813|-0.2715|1.3807,-8256.71,0.078007,0.428965,5448,201,False,0.122807,114,0.435508,5334,0.877193,0.97886,0.239922,1.53854,0.864647,0.132515,0|0|1|1|0|1|0|2|7|102,0|0|0.520828|0.549988|0|0.684266|0|1.66782|6.33955|101.828,0|0|0|1|0|1|0|2|7|89,0.0789|0.8596|0.0614,0.0648|0.8913|0.0439,0.0039116|0.0036402|0.03203,0.0038911|0.0035941|0.031137,0.0091307|0.016256|0.059011,0.0039116|0.0036402|0.03203,0.0038911|0.0035941|0.031137,0.0091307|0.016256|0.059011,-606.9204|-603.8782,state,4,118,0.002365|0.04024|0.004266|0.001466,0.001897|0.02795|0.004284|0.000979,0.2|0.3333|0|0.3333,
controlled,105,3,ge10,hmc_in,,oracle,ignorable,,,,,-8904.9,0.115892,0.0943465,5448,012,True,0.0537634,93,0.0950514,5355,0.946237,0.997992,0.100802,0.616874,0.9479,0.0517554,0|0|0|0|0|0|0|1|0|92,0|0|0|0|0|0|0|0.831392|0|91.9819,0|0|0|0|0|0|0|0|0|88,0.0108|0.9570|0.0323,0.0629|0.9049|0.0323,,,,,,,,state-markov,0,96,0.002365|0.04024|0.004266|0.001466,0.001897|0.02795|0.004284|0.000979,0.2|0.3333|0|0.3333,
controlled,105,3,ge10,hmc_in,,oracle,state,,,,,-9393.3,0.113301,0.0917768,5448,012,True,0.0430108,93,0.0926237,5355,0.956989,0.997928,0.0807675,0.41159,0.957771,0.0409384,0|0|0|0|0|0|0|0|1|92,0|0|0|0|0|0|0|0|0.86754|91.9397,0|0|0|0|0|0|0|0|0|89,0.0108|0.9570|0.0323,0.0530|0.9148|0.0323,0.0004789|0.041153|0.0025685,,,,,,,state-markov,0,96,0.002365|0.04024|0.004266|0.001466,0.001897|0.02795|0.004284|0.000979,0.2|0.3333|0|0.3333,
controlled,105,3,ge10,hmc_in,,oracle,state-markov,,,,,-9334.26,0.120697,0.0928781,5448,012,True,0.0430108,93,0.0937442,5355,0.956989,0.998032,0.0819407,0.426751,0.957244,0.0410429,0|0|0|0|0|0|0|0|2|91,0|0|0|0|0|0|0|0|1.81752|90.9995,0|0|0|0|0|0|0|0|1|88,0.0108|0.9570|0.0323,0.0535|0.9142|0.0323,0.00056264|0.041146|0.0027758,0.00047735|0.029416|0.0025719,0.15206|0.31449|0.076031,,,,,state-markov,0,96,0.002365|0.04024|0.004266|0.001466,0.001897|0.02795|0.004284|0.000979,0.2|0.3333|0|0.3333,
controlled,105,3,ge10,pmc_pair,,oracle,ignorable,,,,,-4972.16,0.271174,0.13895,5448,012,True,0.0645161,93,0.140243,5355,0.935484,0.985495,0.104968,0.654391,0.937526,0.0545885,0|0|0|1|0|2|1|0|0|89,0|0|0|0.558871|0|1.40813|0.787172|0|0|88.8969,0|0|0|0|0|1|1|0|0|85,0.0108|0.9570|0.0323,0.0518|0.9372|0.0110,,,,,,,,state-markov,0,96,0.002365|0.04024|0.004266|0.001466,0.001897|0.02795|0.004284|0.000979,0.2|0.3333|0|0.3333,
controlled,105,3,ge10,pmc_pair,,oracle,state,,,,,-5455.04,0.28887,0.13638,5448,012,True,0.0430108,93,0.138002,5355,0.956989,0.999474,0.0859722,0.566617,0.956499,0.0424847,0|0|0|0|0|0|0|0|0|93,0|0|0|0|0|0|0|0|0|92.9511,0|0|0|0|0|0|0|0|0|89,0.0108|0.9570|0.0323,0.0328|0.9565|0.0108,0.0004789|0.041153|0.0025685,,,,,,,state-markov,0,96,0.002365|0.04024|0.004266|0.001466,0.001897|0.02795|0.004284|0.000979,0.2|0.3333|0|0.3333,
controlled,105,3,ge10,pmc_pair,,oracle,state-markov,,,,,-5396.45,0.295985,0.13638,5448,012,True,0.0430108,93,0.138002,5355,0.956989,0.99922,0.0859605,0.567817,0.95626,0.0422305,0|0|0|0|0|0|0|0|0|93,0|0|0|0|0|0|0|0|0|92.9274,0|0|0|0|0|0|0|0|0|89,0.0108|0.9570|0.0323,0.0330|0.9562|0.0108,0.00056264|0.041146|0.0027758,0.00047735|0.029416|0.0025719,0.15206|0.31449|0.076031,,,,,state-markov,0,96,0.002365|0.04024|0.004266|0.001466,0.001897|0.02795|0.004284|0.000979,0.2|0.3333|0|0.3333,
controlled,105,3,ge10,hmc_in,0,unsupervised,ignorable,start,25,3.15609,-2.2818|-0.2596|1.3877,-7716.53,0.080228,0.439427,5448,201,False,0.204301,93,0.443511,5355,0.795699,0.940741,0.343004,1.65382,0.789557,0.180313,0|0|1|6|2|1|1|3|4|75,0|0|0.507971|3.39385|1.31575|0.709521|0.774138|2.47751|3.56053|74.7497,0|0|0|1|2|1|1|2|4|63,0.0108|0.9570|0.0323,0.1460|0.8114|0.0426,,,,,,,-513.7163|-440.7063,state-markov,0,96,0.002365|0.04024|0.004266|0.001466,0.001897|0.02795|0.004284|0.000979,0.2|0.3333|0|0.3333,
controlled,105,3,ge10,hmc_in,0,unsupervised,state,start,24,3.23986,-2.2814|-0.2651|1.3818,-8192.18,0.112731,0.431718,5448,201,False,0.129032,93,0.436975,5355,0.870968,0.973265,0.234297,1.34646,0.863745,0.114321,0|0|0|1|3|1|1|0|3|84,0|0|0|0.594893|1.96166|0.696786|0.744115|0|2.73525|83.781,0|0|0|0|1|1|1|0|2|76,0.0108|0.9570|0.0323,0.0675|0.8860|0.0465,0.0041051|0.0021012|0.026555,,,0.0041051|0.0021012|0.026555,,,-513.7163|-440.7063,state-markov,0,96,0.002365|0.04024|0.004266|0.001466,0.001897|0.02795|0.004284|0.000979,0.2|0.3333|0|0.3333,
controlled,105,3,ge10,hmc_in,0,unsupervised,state-markov,start,25,3.30401,-2.2842|-0.2687|1.3807,-8134.16,0.118588,0.432269,5448,201,False,0.150538,93,0.437162,5355,0.849462,0.974064,0.269038,1.4092,0.846259,0.124601,0|0|0|1|2|0|1|3|1|85,0|0|0|0.56699|1.22908|0|0.791427|2.52427|0.931809|84.5443,0|0|0|0|1|0|0|1|0|77,0.0108|0.9570|0.0323,0.0858|0.8684|0.0458,0.0042591|0.0027632|0.025987,0.0040878|0.0023649|0.017645,0.044313|0.14652|0.33865,0.0042591|0.0027632|0.025987,0.0040878|0.0023649|0.017645,0.044313|0.14652|0.33865,-513.7163|-440.7063,state-markov,0,96,0.002365|0.04024|0.004266|0.001466,0.001897|0.02795|0.004284|0.000979,0.2|0.3333|0|0.3333,
controlled,105,3,ge10,hmc_in,0,unsupervised,state,ignorable fit,4,0.555964,-2.2892|-0.2734|1.3810,-8190.9,0.113538,0.4308,5448,201,False,0.129032,93,0.436041,5355,0.870968,0.971558,0.236183,1.35762,0.862365,0.108902,0|0|0|1|3|1|1|0|2|85,0|0|0|0.550331|1.88011|0.671874|0.733391|0|1.8023|84.7169,0|0|0|0|2|0|1|0|1|77,0.0108|0.9570|0.0323,0.0700|0.8845|0.0455,0.0039975|0.0023097|0.026397,,,0.0039975|0.0023097|0.026397,,,-513.7163|-440.7063,state-markov,0,96,0.002365|0.04024|0.004266|0.001466,0.001897|0.02795|0.004284|0.000979,0.2|0.3333|0|0.3333,
controlled,105,3,ge10,hmc_in,0,unsupervised,state-markov,ignorable fit,4,0.518796,-2.2892|-0.2736|1.3807,-8133.38,0.116365,0.431718,5448,201,False,0.150538,93,0.436601,5355,0.849462,0.973865,0.269581,1.42086,0.846018,0.124402,0|0|0|1|2|0|1|3|2|84,0|0|0|0.547727|1.2175|0|0.794866|2.53308|1.86561|83.6106,0|0|0|0|1|0|0|1|1|76,0.0108|0.9570|0.0323,0.0865|0.8681|0.0454,0.0042139|0.0028536|0.025927,0.0040436|0.0024354|0.017602,0.044466|0.149|0.33867,0.0042139|0.0028536|0.025927,0.0040436|0.0024354|0.017602,0.044466|0.149|0.33867,-513.7163|-440.7063,state-markov,0,96,0.002365|0.04024|0.004266|0.001466,0.001897|0.02795|0.004284|0.000979,0.2|0.3333|0|0.3333,
controlled,105,3,ge10,hmc_in,,oracle,ignorable,,,,,-8882.26,0.147847,0.0945301,5448,012,True,0.0769231,117,0.0949165,5331,0.923077,0.991262,0.129694,0.835559,0.929735,0.0681851,0|0|1|0|1|0|0|0|0|115,0|0|0.506629|0|0.627375|0|0|0|0|114.844,0|0|0|0|0|0|0|0|0|108,0.0769|0.8632|0.0598,0.0708|0.8864|0.0428,,,,,,,,state-markov,1,117,0.002365|0.04024|0.004266|0.001466,0.001897|0.02795|0.004284|0.000979,0.2|0.3333|0|0.3333,
controlled,105,3,ge10,hmc_in,,oracle,state,,,,,-9448.37,0.102105,0.0923275,5448,012,True,0.0598291,117,0.0930407,5331,0.940171,0.997916,0.119843,0.92546,0.938214,0.0614815,0|0|0|0|0|0|0|1|1|115,0|0|0|0|0|0|0|0.863463|0.917945|114.975,0|0|0|0|0|0|0|1|1|108,0.0769|0.8632|0.0598,0.0617|0.8955|0.0427,0.0042627|0.046702|0.005981,,,,,,,state-markov,1,117,0.002365|0.04024|0.004266|0.001466,0.001897|0.02795|0.004284|0.000979,0.2|0.3333|0|0.3333,
controlled,105,3,ge10,hmc_in,,oracle,state-markov,,,,,-9376.45,0.086488,0.0934288,5448,012,True,0.0598291,117,0.0941662,5331,0.940171,0.997602,0.119984,0.865502,0.937904,0.061754,0|0|0|0|0|0|0|1|1|115,0|0|0|0|0|0|0|0.840846|0.906248|114.972,0|0|0|0|0|0|0|1|1|108,0.0769|0.8632|0.0598,0.0621|0.8952|0.0427,0.0043147|0.046683|0.0062226,0.003329|0.032013|0.0060128,0.23178|0.34625|0.039725,,,,,state-markov,1,117,0.002365|0.04024|0.004266|0.001466,0.001897|0.02795|0.004284|0.000979,0.2|0.3333|0|0.3333,
controlled,105,3,ge10,pmc_pair,,oracle,ignorable,,,,,-4941.4,0.247222,0.14152,5448,012,True,0.0683761,117,0.143125,5331,0.931624,0.977101,0.108548,0.786933,0.931613,0.0494254,0|0|2|2|1|0|0|1|1|110,0|0|1.04047|1.13855|0.604022|0|0|0.837671|0.931339|109.769,0|0|1|1|0|0|0|1|1|105,0.0769|0.8632|0.0598,0.1164|0.8578|0.0259,,,,,,,,state-markov,1,117,0.002365|0.04024|0.004266|0.001466,0.001897|0.02795|0.004284|0.000979,0.2|0.3333|0|0.3333,
controlled,105,3,ge10,pmc_pair,,oracle,state,,,,,-5520.37,0.295523,0.164097,5448,012,True,0.0769231,117,0.16601,5331,0.923077,0.988701,0.121155,0.808065,0.930915,0.0683883,0|0|0|0|0|4|0|0|2|111,0|0|0|0|0|2.88147|0|0|1.83831|110.958,0|0|0|0|0|0|0|0|2|106,0.0769|0.8632|0.0598,0.0710|0.9034|0.0256,0.0042627|0.046702|0.005981,,,,,,,state-markov,1,117,0.002365|0.04024|0.004266|0.001466,0.001897|0.02795|0.004284|0.000979,0.2|0.3333|0|0.3333,
controlled,105,3,ge10,pmc_pair,,oracle,state-markov,,,,,-5444.04,0.275374,0.139684,5448,012,True,0.042735,117,0.141812,5331,0.957265,0.99178,0.0873938,0.760109,0.94906,0.0490201,0|0|0|0|0|0|0|4|3|110,0|0|0|0|0|0|0|3.41429|2.73717|109.887,0|0|0|0|0|0|0|4|3|105,0.0769|0.8632|0.0598,0.0921|0.8823|0.0256,0.0043147|0.046683|0.0062226,0.003329|0.032013|0.0060128,0.23178|0.34625|0.039725,,,,,state-markov,1,117,0.002365|0.04024|0.004266|0.001466,0.001897|0.02795|0.004284|0.000979,0.2|0.3333|0|0.3333,
controlled,105,3,ge10,hmc_in,0,unsupervised,ignorable,start,23,2.87196,-2.2789|-0.2626|1.3842,-7695.27,0.0744494,0.438326,5448,201,False,0.222222,117,0.443069,5331,0.777778,0.952399,0.405685,1.68059,0.7646,0.202554,0|0|2|2|4|1|4|2|2|100,0|0|1.01585|1.16347|2.52886|0.71704|3.07987|1.63302|1.82805|99.4645,0|0|2|0|2|1|2|2|1|81,0.0769|0.8632|0.0598,0.2323|0.7387|0.0289,,,,,,,-602.7806|-514.5163,state-markov,1,117,0.002365|0.04024|0.004266|0.001466,0.001897|0.02795|0.004284|0.000979,0.2|0.3333|0|0.3333,
controlled,105,3,ge10,hmc_in,0,unsupervised,state,start,23,2.74522,-2.2811|-0.2671|1.3818,-8266.53,0.0887619,0.43649,5448,201,False,0.196581,117,0.441756,5331,0.803419,0.97256,0.352107,1.46322,0.802341,0.180174,0|0|1|0|0|2|1|4|9|100,0|0|0.506808|0|0|1.38538|0.744319|3.35458|8.23075|99.5677,0|0|0|0|0|1|0|4|3|86,0.0769|0.8632|0.0598,0.1994|0.7790|0.0217,0.0020061|0.0076988|0.028758,,,0.0020061|0.0076988|0.028758,,,-602.7806|-514.5163,state-markov,1,117,0.002365|0.04024|0.004266|0.001466,0.001897|0.02795|0.004284|0.000979,0.2|0.3333|0|0.3333,
controlled,105,3,ge10,hmc_in,0,unsupervised,state-markov,start,23,2.80511,-2.2804|-0.2663|1.3820,-8191.73,0.0883244,0.436858,5448,201,False,0.196581,117,0.442131,5331,0.803419,0.968015,0.371156,1.55878,0.790433,0.194623,0|0|0|1|2|2|3|2|5|102,0|0|0|0.573969|1.25413|1.36185|2.3076|1.67394|4.5177|101.569,0|0|0|1|0|2|3|1|4|83,0.0769|0.8632|0.0598,0.2118|0.7655|0.0227,0.0023091|0.0081495|0.028398,0.0021023|0.0066439|0.018631,0.091677|0.19139|0.36257,0.0023091|0.0081495|0.028398,0.0021023|0.0066439|0.018631,0.091677|0.19139|0.36257,-602.7806|-514.5163,state-markov,1,117,0.002365|0.04024|0.004266|0.001466,0.001897|0.02795|0.004284|0.000979,0.2|0.3333|0|0.3333,
controlled,105,3,ge10,hmc_in,0,unsupervised,state,ignorable fit,4,0.505036,-2.2864|-0.2747|1.3796,-8265.68,0.0906025,0.435756,5448,201,False,0.188034,117,0.441193,5331,0.811966,0.973472,0.353009,1.46683,0.802456,0.184118,0|0|1|0|0|1|2|3|9|101,0|0|0.510962|0|0|0.667657|1.51664|2.49858|8.18978|100.513,0|0|1|0|0|1|0|3|3|87,0.0769|0.8632|0.0598,0.1994|0.7797|0.0210,0.0019469|0.0077193|0.028689,,,0.0019469|0.0077193|0.028689,,,-602.7806|-514.5163,state-markov,1,117,0.002365|0.04024|0.004266|0.001466,0.001897|0.02795|0.004284|0.000979,0.2|0.3333|0|0.3333,
controlled,105,3,ge10,hmc_in,0,unsupervised,state-markov,ignorable fit,3,0.386892,-2.2841|-0.2713|1.3808,-8191.1,0.105391,0.43649,5448,201,False,0.196581,117,0.441756,5331,0.803419,0.968599,0.371808,1.56118,0.790428,0.176906,0|0|0|2|0|3|3|2|6|101,0|0|0|1.16928|0|2.06055|2.31407|1.67593|5.46574|100.641,0|0|0|1|0|2|3|1|4|83,0.0769|0.8632|0.0598,0.2118|0.7659|0.0223,0.0023281|0.0082107|0.028278,0.0021179|0.0066758|0.018564,0.092438|0.19361|0.36208,0.0023281|0.0082107|0.028278,0.0021179|0.0066758|0.018564,0.092438|0.19361|0.36208,-602.7806|-514.5163,state-markov,1,117,0.002365|0.04024|0.004266|0.001466,0.001897|0.02795|0.004284|0.000979,0.2|0.3333|0|0.3333,
controlled,105,3,ge10,hmc_in,,oracle,ignorable,,,,,-8883.48,0.0939305,0.0945301,5448,012,True,0.0508475,118,0.0954972,5330,0.949153,0.96988,0.0886618,0.366819,0.935864,0.0448879,0|0|2|2|0|2|2|2|2|106,0|0|1.03611|1.14474|0|1.40378|1.50589|1.66484|1.7718|105.919,0|0|1|1|0|2|2|2|1|103,0.0339|0.8898|0.0763,0.0684|0.8637|0.0678,,,,,,,,state-markov,2,121,0.002365|0.04024|0.004266|0.001466,0.001897|0.02795|0.004284|0.000979,0.2|0.3333|0|0.3333,
controlled,105,3,ge10,hmc_in,,oracle,state,,,,,-9466.05,0.199461,0.0914097,5448,012,True,0.0423729,118,0.0924953,5330,0.957627,0.996478,0.0840556,0.366297,0.955141,0.0435537,0|0|0|0|0|1|0|0|0|117,0|0|0|0|0|0.722516|0|0|0|116.862,0|0|0|0|0|1|0|0|0|112,0.0339|0.8898|0.0763,0.0284|0.9037|0.0678,0.0018989|0.048551|0.0076865,,,,,,,state-markov,2,121,0.002365|0.04024|0.004266|0.001466,0.001897|0.02795|0.004284|0.000979,0.2|0.3333|0|0.3333,
controlled,105,3,ge10,hmc_in,,oracle,state-markov,,,,,-9369.78,0.135616,0.0930617,5448,012,True,0.0423729,118,0.0941839,5330,0.957627,0.989305,0.0830978,0.336573,0.95032,0.0466298,0|0|0|0|1|1|1|0|3|112,0|0|0|0|0.623756|0.697149|0.796943|0|2.73572|111.884,0|0|0|0|1|1|1|0|1|109,0.0339|0.8898|0.0763,0.0356|0.8965|0.0679,0.0019577|0.048526|0.00797,0.0014261|0.030617|0.007741,0.27295|0.39967|0.036475,,,,,state-markov,2,121,0.002365|0.04024|0.004266|0.001466,0.001897|0.02795|0.004284|0.000979,0.2|0.3333|0|0.3333,
controlled,105,3,ge10,pmc_pair,,oracle,ignorable,,,,,-4980.02,0.255141,0.139868,5448,012,True,0.059322,118,0.141651,5330,0.940678,0.983554,0.106219,1.02261,0.935992,0.0594238,0|0|1|1|0|1|2|1|0|112,0|0|0.507165|0.597943|0|0.671788|1.53375|0.818126|0|111.931,0|0|0|0|0|1|2|1|0|107,0.0339|0.8898|0.0763,0.0533|0.9127|0.0340,,,,,,,,state-markov,2,121,0.002365|0.04024|0.004266|0.001466,0.001897|0.02795|0.004284|0.000979,0.2|0.3333|0|0.3333,
controlled,105,3,ge10,pmc_pair,,oracle,state,,,,,-5564.45,0.282897,0.139684,5448,012,True,0.0508475,118,0.141651,5330,0.949153,0.99922,0.101303,1.01538,0.948592,0.050067,0|0|0|0|0|0|0|0|0|118,0|0|0|0|0|0|0|0|0|117.908,0|0|0|0|0|0|0|0|0|112,0.0339|0.8898|0.0763,0.0427|0.9234|0.0339,0.0018989|0.048551|0.0076865,,,,,,,state-markov,2,121,0.002365|0.04024|0.004266|0.001466,0.001897|0.02795|0.004284|0.000979,0.2|0.3333|0|0.3333,
controlled,105,3,ge10,pmc_pair,,oracle,state-markov,,,,,-5466.49,0.282432,0.139684,5448,012,True,0.0508475,118,0.141651,5330,0.949153,0.99797,0.101616,1.00649,0.947384,0.0513969,0|0|0|0|0|0|0|1|0|117,0|0|0|0|0|0|0|0.847812|0|116.913,0|0|0|0|0|0|0|1|0|111,0.0339|0.8898|0.0763,0.0418|0.9243|0.0339,0.0019577|0.048526|0.00797,0.0014261|0.030617|0.007741,0.27295|0.39967|0.036475,,,,,state-markov,2,121,0.002365|0.04024|0.004266|0.001466,0.001897|0.02795|0.004284|0.000979,0.2|0.3333|0|0.3333,
controlled,105,3,ge10,hmc_in,0,unsupervised,ignorable,start,23,2.89408,-2.2761|-0.2574|1.3887,-7695.17,0.115524,0.439611,5448,201,False,0.237288,118,0.44409,5330,0.762712,0.959774,0.420313,1.96953,0.762567,0.198598,0|0|2|2|3|1|3|2|0|105,0|0|1.04752|1.16534|1.90936|0.70792|2.29381|1.62588|0|104.504,0|0|1|0|2|0|2|1|0|84,0.0339|0.8898|0.0763,0.1741|0.8049|0.0210,,,,,,,-619.2883|-507.1827,state-markov,2,121,0.002365|0.04024|0.004266|0.001466,0.001897|0.02795|0.004284|0.000979,0.2|0.3333|0|0.3333,
controlled,105,3,ge10,hmc_in,0,unsupervised,state,start,23,2.81206,-2.2756|-0.2565|1.3895,-8271.35,0.139733,0.437592,5448,201,False,0.161017,118,0.443715,5330,0.838983,0.984245,0.306028,1.80493,0.834122,0.150759,0|0|0|0|1|1|0|1|5|110,0|0|0|0|0.642415|0.675701|0|0.819568|4.46535|109.538,0|0|0|0|0|1|0|0|4|94,0.0339|0.8898|0.0763,0.1026|0.8772|0.0202,0.003361|0.0042987|0.032871,,,0.003361|0.0042987|0.032871,,,-619.2883|-507.1827,state-markov,2,121,0.002365|0.04024|0.004266|0.001466,0.001897|0.02795|0.004284|0.000979,0.2|0.3333|0|0.3333,
controlled,105,3,ge10,hmc_in,0,unsupervised,state-markov,start,23,2.97821,-2.2757|-0.2567|1.3889,-8179.31,0.0825047,0.438693,5448,201,False,0.194915,118,0.44409,5330,0.805085,0.966702,0.355628,1.90368,0.797657,0.178761,0|0|0|1|3|1|4|3|4|102,0|0|0|0.587495|1.90024|0.685186|3.03083|2.5008|3.61078|101.756,0|0|0|1|2|0|1|3|2|86,0.0339|0.8898|0.0763,0.1399|0.8402|0.0198,0.0033397|0.0056774|0.031745,0.0025671|0.0040412|0.02015,0.23391|0.29225|0.3854,0.0033397|0.0056774|0.031745,0.0025671|0.0040412|0.02015,0.23391|0.29225|0.3854,-619.2883|-507.1827,state-markov,2,121,0.002365|0.04024|0.004266|0.001466,0.001897|0.02795|0.004284|0.000979,0.2|0.3333|0|0.3333,
controlled,105,3,ge10,hmc_in,0,unsupervised,state,ignorable fit,4,0.515566,-2.2825|-0.2673|1.3852,-8270.38,0.118956,0.434104,5448,201,False,0.161017,118,0.44015,5330,0.838983,0.985108,0.304915,1.78507,0.835022,0.146125,0|0|0|0|0|2|1|0|5|110,0|0|0|0|0|1.43459|0.786886|0|4.46563|109.556,0|0|0|0|0|1|0|0|4|94,0.0339|0.8898|0.0763,0.1023|0.8781|0.0196,0.0033298|0.004351|0.032696,,,0.0033298|0.004351|0.032696,,,-619.2883|-507.1827,state-markov,2,121,0.002365|0.04024|0.004266|0.001466,0.001897|0.02795|0.004284|0.000979,0.2|0.3333|0|0.3333,
controlled,105,3,ge10,hmc_in,0,unsupervised,state-markov,ignorable fit,3,0.417816,-2.2807|-0.2647|1.3858,-8178.6,0.121799,0.435573,5448,201,False,0.194915,118,0.440901,5330,0.805085,0.965803,0.359634,1.89938,0.794974,0.180678,0|0|0|2|1|3|4|4|3|101,0|0|0|1.17819|0.64422|2.09046|3.11971|3.3493|2.77737|100.806,0|0|0|2|1|1|2|2|2|85,0.0339|0.8898|0.0763,0.1430|0.8376|0.0195,0.0033263|0.0060259|0.031282,0.0025474|0.0041186|0.020019,0.23671|0.32064|0.38005,0.0033263|0.0060259|0.031282,0.0025474|0.0041186|0.020019,0.23671|0.32064|0.38005,-619.2883|-507.1827,state-markov,2,121,0.002365|0.04024|0.004266|0.001466,0.001897|0.02795|0.004284|0.000979,0.2|0.3333|0|0.3333,
controlled,105,3,ge10,hmc_in,,oracle,ignorable,,,,,-8919.43,0.081469,0.0943465,5448,012,True,0,80,0.0957526,5368,1,0.999107,5.58709e-05,0.000907267,0.999107,0.000892969,0|0|0|0|0|0|0|0|0|80,0|0|0|0|0|0|0|0|0|79.9286,0|0|0|0|0|0|0|0|0|80,0.0250|0.9250|0.0500,0.0259|0.9241|0.0500,,,,,,,,state-markov,3,80,0.002365|0.04024|0.004266|0.001466,0.001897|0.02795|0.004284|0.000979,0.2|0.3333|0|0.3333,
controlled,105,3,ge10,hmc_in,,oracle,state,,,,,-9329.89,0.0858335,0.0930617,5448,012,True,0,80,0.0944486,5368,1,0.999965,7.18656e-08,3.48938e-05,0.999965,3.48757e-05,0|0|0|0|0|0|0|0|0|80,0|0|0|0|0|0|0|0|0|79.9972,0|0|0|0|0|0|0|0|0|80,0.0250|0.9250|0.0500,0.0250|0.9250|0.0500,0.0009507|0.034217|0.0034192,,,,,,,state-markov,3,80,0.002365|0.04024|0.004266|0.001466,0.001897|0.02795|0.004284|0.000979,0.2|0.3333|0|0.3333,
controlled,105,3,ge10,hmc_in,,oracle,state-markov,,,,,-9293.85,0.116367,0.0936123,5448,012,True,0,80,0.0950075,5368,1,0.999952,1.37995e-07,4.81473e-05,0.999952,4.81127e-05,0|0|0|0|0|0|0|0|0|80,0|0|0|0|0|0|0|0|0|79.9962,0|0|0|0|0|0|0|0|0|80,0.0250|0.9250|0.0500,0.0250|0.9250|0.0500,0.0010323|0.034207|0.0035893,0.00095045|0.026332|0.0034288,0.080247|0.25654|0.048148,,,,,state-markov,3,80,0.002365|0.04024|0.004266|0.001466,0.001897|0.02795|0.004284|0.000979,0.2|0.3333|0|0.3333,
controlled,105,3,ge10,pmc_pair,,oracle,ignorable,,,,,-4971.67,0.250697,0.139684,5448,012,True,0.0125,80,0.14158,5368,0.9875,0.997117,0.0254027,0.297962,0.984617,0.0124698,0|0|0|0|0|0|0|0|1|79,0|0|0|0|0|0|0|0|0.885891|78.8835,0|0|0|0|0|0|0|0|1|78,0.0250|0.9250|0.0500,0.0276|0.9346|0.0378,,,,,,,,state-markov,3,80,0.002365|0.04024|0.004266|0.001466,0.001897|0.02795|0.004284|0.000979,0.2|0.3333|0|0.3333,
controlled,105,3,ge10,pmc_pair,,oracle,state,,,,,-5386.61,0.267009,0.139868,5448,012,True,0.0125,80,0.141766,5368,0.9875,0.999827,0.0250012,0.322934,0.987327,0.0123268,0|0|0|0|0|0|0|0|0|80,0|0|0|0|0|0|0|0|0|79.9861,0|0|0|0|0|0|0|0|0|79,0.0250|0.9250|0.0500,0.0250|0.9375|0.0375,0.0009507|0.034217|0.0034192,,,,,,,state-markov,3,80,0.002365|0.04024|0.004266|0.001466,0.001897|0.02795|0.004284|0.000979,0.2|0.3333|0|0.3333,
controlled,105,3,ge10,pmc_pair,,oracle,state-markov,,,,,-5349.68,0.258936,0.139868,5448,012,True,0.0125,80,0.141766,5368,0.9875,0.999697,0.0250026,0.31946,0.987197,0.0121973,0|0|0|0|0|0|0|0|0|80,0|0|0|0|0|0|0|0|0|79.9758,0|0|0|0|0|0|0|0|0|79,0.0250|0.9250|0.0500,0.0251|0.9373|0.0375,0.0010323|0.034207|0.0035893,0.00095045|0.026332|0.0034288,0.080247|0.25654|0.048148,,,,,state-markov,3,80,0.002365|0.04024|0.004266|0.001466,0.001897|0.02795|0.004284|0.000979,0.2|0.3333|0|0.3333,
controlled,105,3,ge10,hmc_in,0,unsupervised,ignorable,start,24,3.12345,-2.2754|-0.2511|1.3906,-7735.9,0.125784,0.442915,5448,201,False,0.2,80,0.446535,5368,0.8,0.955475,0.368782,1.34893,0.784543,0.199059,0|0|1|2|1|2|1|1|5|67,0|0|0.508565|1.13099|0.617081|1.39869|0.787664|0.833342|4.51701|66.6447,0|0|1|2|1|1|0|0|1|58,0.0250|0.9250|0.0500,0.1777|0.8157|0.0066,,,,,,,-442.7687|-397.4289,state-markov,3,80,0.002365|0.04024|0.004266|0.001466,0.001897|0.02795|0.004284|0.000979,0.2|0.3333|0|0.3333,
controlled,105,3,ge10,hmc_in,0,unsupervised,state,start,24,3.12374,-2.2806|-0.2802|1.3659,-8136.36,0.0902322,0.42511,5448,201,False,0.075,80,0.430328,5368,0.925,0.987146,0.140578,1.26873,0.919594,0.066618,0|0|0|0|0|2|0|1|0|77,0|0|0|0|0|1.4019|0|0.821104|0|76.7486,0|0|0|0|0|1|0|1|0|72,0.0250|0.9250|0.0500,0.0551|0.9448|0.0001,1.5447e-05|0.0015138|0.023389,,,1.5447e-05|0.0015138|0.023389,,,-442.7687|-397.4289,state-markov,3,80,0.002365|0.04024|0.004266|0.001466,0.001897|0.02795|0.004284|0.000979,0.2|0.3333|0|0.3333,
controlled,105,3,ge10,hmc_in,0,unsupervised,state-markov,start,24,3.21179,-2.2785|-0.2696|1.3739,-8103.33,0.105426,0.431718,5448,201,False,0.15,80,0.435917,5368,0.85,0.965539,0.237197,1.42873,0.857358,0.127898,0|0|1|0|2|2|1|2|1|71,0|0|0.505652|0|1.26911|1.36885|0.740425|1.71233|0.93189|70.7149,0|0|1|0|0|1|0|0|0|66,0.0250|0.9250|0.0500,0.1175|0.8825|0.0001,1.09e-05|0.00325|0.02209,9.5718e-06|0.002142|0.017483,0.1219|0.34305|0.22603,1.09e-05|0.00325|0.02209,9.5718e-06|0.002142|0.017483,0.1219|0.34305|0.22603,-442.7687|-397.4289,state-markov,3,80,0.002365|0.04024|0.004266|0.001466,0.001897|0.02795|0.004284|0.000979,0.2|0.3333|0|0.3333,
controlled,105,3,ge10,hmc_in,0,unsupervised,state,ignorable fit,5,0.613361,-2.2846|-0.2794|1.3702,-8135.96,0.114835,0.427129,5448,201,False,0.075,80,0.432377,5368,0.925,0.98635,0.142908,1.29672,0.917878,0.0701291,0|0|0|0|1|0|2|0|0|77,0|0|0|0|0.648835|0|1.54203|0|0|76.7171,0|0|0|0|1|0|1|0|0|72,0.0250|0.9250|0.0500,0.0567|0.9431|0.0001,1.9764e-05|0.0016075|0.023412,,,1.9764e-05|0.0016075|0.023412,,,-442.7687|-397.4289,state-markov,3,80,0.002365|0.04024|0.004266|0.001466,0.001897|0.02795|0.004284|0.000979,0.2|0.3333|0|0.3333,
controlled,105,3,ge10,hmc_in,0,unsupervised,state-markov,ignorable fit,4,0.50528,-2.2824|-0.2692|1.3780,-8102.94,0.158725,0.432452,5448,201,False,0.1625,80,0.436475,5368,0.8375,0.966885,0.244766,1.40728,0.853807,0.129385,0|0|1|0|2|2|1|1|1|72,0|0|0.530533|0|1.30713|1.40385|0.76082|0.865606|0.875534|71.6074,0|0|0|0|1|0|0|0|0|66,0.0250|0.9250|0.0500,0.1208|0.8790|0.0002,3.5875e-05|0.0033899|0.022035,3.1499e-05|0.0022421|0.017449,0.12201|0.34083|0.22559,3.5875e-05|0.0033899|0.022035,3.1499e-05|0.0022421|0.017449,0.12201|0.34083|0.22559,-442.7687|-397.4289,state-markov,3,80,0.002365|0.04024|0.004266|0.001466,0.001897|0.02795|0.004284|0.000979,0.2|0.3333|0|0.3333,
controlled,105,3,ge10,hmc_in,,oracle,ignorable,,,,,-8904.96,0.140815,0.0943465,5448,012,True,0,83,0.0958062,5365,1,0.993745,0.00486658,0.00802049,0.993745,0.00625521,0|0|0|1|0|0|0|0|0|82,0|0|0|0.553026|0|0|0|0|0|81.9278,0|0|0|1|0|0|0|0|0|82,0.0120|0.9277|0.0602,0.0183|0.9215|0.0602,,,,,,,,state-markov,4,86,0.002365|0.04024|0.004266|0.001466,0.001897|0.02795|0.004284|0.000979,0.2|0.3333|0|0.3333,
controlled,105,3,ge10,hmc_in,,oracle,state,,,,,-9339.88,0.0932908,0.0930617,5448,012,True,0,83,0.0945014,5365,1,0.999829,3.16889e-06,0.000171756,0.999829,0.00017095,0|0|0|0|0|0|0|0|0|83,0|0|0|0|0|0|0|0|0|82.9858,0|0|0|0|0|0|0|0|0|83,0.0120|0.9277|0.0602,0.0122|0.9276|0.0602,0.00047827|0.035604|0.0042724,,,,,,,state-markov,4,86,0.002365|0.04024|0.004266|0.001466,0.001897|0.02795|0.004284|0.000979,0.2|0.3333|0|0.3333,
controlled,105,3,ge10,hmc_in,,oracle,state-markov,,,,,-9294.62,0.121301,0.0936123,5448,012,True,0,83,0.0950606,5365,1,0.999762,5.79576e-06,0.000239773,0.999762,0.000238302,0|0|0|0|0|0|0|0|0|83,0|0|0|0|0|0|0|0|0|82.9802,0|0|0|0|0|0|0|0|0|83,0.0120|0.9277|0.0602,0.0123|0.9275|0.0602,0.00055128|0.035594|0.0044702,0.00047709|0.02637|0.0042882,0.13506|0.28551|0.045019,,,,,state-markov,4,86,0.002365|0.04024|0.004266|0.001466,0.001897|0.02795|0.004284|0.000979,0.2|0.3333|0|0.3333,
controlled,105,3,ge10,pmc_pair,,oracle,ignorable,,,,,-4933.17,0.226662,0.139684,5448,012,True,0.0481928,83,0.1411,5365,0.951807,0.985659,0.102957,0.840698,0.937525,0.0613252,0|0|0|0|0|1|2|2|0|78,0|0|0|0|0|0.692047|1.48931|1.67852|0|77.9499,0|0|0|0|0|1|2|2|0|74,0.0120|0.9277|0.0602,0.0262|0.9617|0.0121,,,,,,,,state-markov,4,86,0.002365|0.04024|0.004266|0.001466,0.001897|0.02795|0.004284|0.000979,0.2|0.3333|0|0.3333,
controlled,105,3,ge10,pmc_pair,,oracle,state,,,,,-5365.54,0.268876,0.139868,5448,012,True,0.0481928,83,0.141286,5365,0.951807,0.997931,0.0970557,0.940638,0.94974,0.0501508,0|0|0|0|0|0|0|1|0|82,0|0|0|0|0|0|0|0.832892|0|81.9954,0|0|0|0|0|0|0|1|0|78,0.0120|0.9277|0.0602,0.0101|0.9779|0.0121,0.00047827|0.035604|0.0042724,,,,,,,state-markov,4,86,0.002365|0.04024|0.004266|0.001466,0.001897|0.02795|0.004284|0.000979,0.2|0.3333|0|0.3333,
controlled,105,3,ge10,pmc_pair,,oracle,state-markov,,,,,-5321,0.276051,0.139868,5448,012,True,0.0481928,83,0.141286,5365,0.951807,0.997511,0.0968685,0.911259,0.94932,0.0503644,0|0|0|0|0|0|0|0|2|81,0|0|0|0|0|0|0|0|1.80657|80.9868,0|0|0|0|0|0|0|0|2|77,0.0120|0.9277|0.0602,0.0115|0.9764|0.0121,0.00055128|0.035594|0.0044702,0.00047709|0.02637|0.0042882,0.13506|0.28551|0.045019,,,,,state-markov,4,86,0.002365|0.04024|0.004266|0.001466,0.001897|0.02795|0.004284|0.000979,0.2|0.3333|0|0.3333,
controlled,105,3,ge10,hmc_in,0,unsupervised,ignorable,start,24,3.16313,-2.2785|-0.2608|1.3849,-7720.08,0.140093,0.437041,5448,201,False,0.289157,83,0.439329,5365,0.710843,0.933495,0.493121,1.78842,0.70811,0.237018,0|0|0|6|2|1|3|3|4|64,0|0|0|3.4038|1.28785|0.676232|2.29515|2.5465|3.61695|63.6536,0|0|0|4|1|0|1|0|3|50,0.0120|0.9277|0.0602,0.2431|0.7563|0.0007,,,,,,,-469.7221|-413.0153,state-markov,4,86,0.002365|0.04024|0.004266|0.001466,0.001897|0.02795|0.004284|0.000979,0.2|0.3333|0|0.3333,
controlled,105,3,ge10,hmc_in,0,unsupervised,state,start,24,3.14886,-2.2832|-0.2843|1.3666,-8158.2,0.108678,0.42768,5448,201,False,0.168675,83,0.431687,5365,0.831325,0.96424,0.253509,1.39385,0.846465,0.13504,0|0|0|1|2|0|3|4|1|72,0|0|0|0.579842|1.27435|0|2.27014|3.34328|0.911782|71.6525,0|0|0|0|0|0|0|3|1|65,0.0120|0.9277|0.0602,0.1053|0.8947|0.0000,0.00033688|0.0033052|0.02345,,,0.00033688|0.0033052|0.02345,,,-469.7221|-413.0153,state-markov,4,86,0.002365|0.04024|0.004266|0.001466,0.001897|0.02795|0.004284|0.000979,0.2|0.3333|0|0.3333,
controlled,105,3,ge10,hmc_in,0,unsupervised,state-markov,start,24,3.20263,-2.2816|-0.2758|1.3731,-8107.62,0.0953987,0.429515,5448,201,False,0.192771,83,0.433178,5365,0.807229,0.958827,0.351672,1.70149,0.792009,0.16759,0|0|0|2|0|1|1|9|3|67,0|0|0|1.16569|0|0.716121|0.798774|7.53758|2.70593|66.6586,0|0|0|1|0|0|1|8|2|55,0.0120|0.9277|0.0602,0.1597|0.8402|0.0001,0.00048961|0.0046665|0.022102,0.00042178|0.0027555|0.01732,0.13895|0.41226|0.23368,0.00048961|0.0046665|0.022102,0.00042178|0.0027555|0.01732,0.13895|0.41226|0.23368,-469.7221|-413.0153,state-markov,4,86,0.002365|0.04024|0.004266|0.001466,0.001897|0.02795|0.004284|0.000979,0.2|0.3333|0|0.3333,
controlled,105,3,ge10,hmc_in,0,unsupervised,state,ignorable fit,5,0.674168,-2.2885|-0.2863|1.3695,-8157.46,0.132229,0.428047,5448,201,False,0.168675,83,0.43206,5365,0.831325,0.96772,0.270823,1.48722,0.838853,0.144224,0|0|0|0|1|2|1|6|1|72,0|0|0|0|0.627743|1.42305|0.776256|5.01058|0.898831|71.5843,0|0|0|0|0|0|1|2|1|65,0.0120|0.9277|0.0602,0.1129|0.8871|0.0000,0.00018978|0.003761|0.023156,,,0.00018978|0.003761|0.023156,,,-469.7221|-413.0153,state-markov,4,86,0.002365|0.04024|0.004266|0.001466,0.001897|0.02795|0.004284|0.000979,0.2|0.3333|0|0.3333,
controlled,105,3,ge10,hmc_in,0,unsupervised,state-markov,ignorable fit,4,0.573176,-2.2861|-0.2775|1.3758,-8107,0.0969775,0.429332,5448,201,False,0.192771,83,0.432992,5365,0.807229,0.956722,0.357025,1.75033,0.787875,0.18043,0|0|0|1|1|1|3|7|3|67,0|0|0|0.548095|0.626494|0.72978|2.36537|5.80263|2.68197|66.6535,0|0|0|1|0|0|3|6|2|55,0.0120|0.9277|0.0602,0.1639|0.8361|0.0001,0.0004031|0.0050325|0.021869,0.00034693|0.0029761|0.01718,0.1397|0.4116|0.23159,0.0004031|0.0050325|0.021869,0.00034693|0.0029761|0.01718,0.1397|0.4116|0.23159,-469.7221|-413.0153,state-markov,4,86,0.002365|0.04024|0.004266|0.001466,0.001897|0.02795|0.004284|0.000979,0.2|0.3333|0|0.3333,
controlled,105,3,any,hmc_in,,oracle,ignorable,,,,,-8499.8,0.12131,0.0961821,5448,012,True,0.0738095,420,0.0980509,5028,0.92619,0.987089,0.122549,0.621311,0.929496,0.0620141,0|0|2|2|0|5|1|6|5|399,0|0|1.0258|1.15407|0|3.53356|0.76575|5.02513|4.50281|398.57,0|0|0|1|0|1|1|3|3|380,0.0857|0.6738|0.2405,0.1087|0.6608|0.2306,,,,,,,,state,0,483,0.01372|0.1383|0.08191|0.03224,0.01295|0.06978|0.07063|0.02879,0.06897|0.5652|0.2083|0.1364,
controlled,105,3,any,hmc_in,,oracle,state,,,,,-10252.9,0.106318,0.0870044,5448,012,True,0.0571429,420,0.0894988,5028,0.942857,0.990702,0.110827,0.584157,0.93816,0.0543337,0|0|1|3|0|2|0|5|3|406,0|0|0.522042|1.63741|0|1.39438|0|4.19418|2.68612|405.661,0|0|0|3|0|1|0|4|2|386,0.0857|0.6738|0.2405,0.0932|0.6745|0.2323,0.017052|0.13087|0.086159,,,,,,,state,0,483,0.01372|0.1383|0.08191|0.03224,0.01295|0.06978|0.07063|0.02879,0.06897|0.5652|0.2083|0.1364,
controlled,105,3,any,hmc_in,,oracle,state-markov,,,,,-10253.3,0.0887026,0.0870044,5448,012,True,0.0571429,420,0.0894988,5028,0.942857,0.991212,0.110569,0.582934,0.938734,0.0523912,0|0|3|1|0|2|0|3|3|408,0|0|1.58099|0.571354|0|1.38477|0|2.49058|2.67911|407.602,0|0|2|1|0|1|0|2|2|388,0.0857|0.6738|0.2405,0.0927|0.6750|0.2323,0.01709|0.13083|0.086149,0.017346|0.13333|0.084947,0.0023732|0.11419|0.0989,,,,,state,0,483,0.01372|0.1383|0.08191|0.03224,0.01295|0.06978|0.07063|0.02879,0.06897|0.5652|0.2083|0.1364,
controlled,105,3,any,pmc_pair,,oracle,ignorable,,,,,-4763.88,0.392065,0.139317,5448,012,True,0.171429,420,0.136635,5028,0.828571,0.987142,0.335625,3.25438,0.822588,0.166147,0|0|0|1|3|5|4|6|2|399,0|0|0|0.595666|1.89445|3.56123|3.07797|4.99488|1.84083|398.635,0|0|0|1|2|2|4|4|2|333,0.0857|0.6738|0.2405,0.1211|0.7803|0.0986,,,,,,,,state,0,483,0.01372|0.1383|0.08191|0.03224,0.01295|0.06978|0.07063|0.02879,0.06897|0.5652|0.2083|0.1364,
controlled,105,3,any,pmc_pair,,oracle,state,,,,,-6487.65,0.4371,0.136747,5448,012,True,0.161905,420,0.134646,5028,0.838095,0.996555,0.322367,3.2368,0.8358,0.160404,0|0|0|0|0|0|2|2|5|411,0|0|0|0|0|0|1.59163|1.68021|4.54847|410.733,0|0|0|0|0|0|2|1|4|345,0.0857|0.6738|0.2405,0.1106|0.7912|0.0982,0.017052|0.13087|0.086159,,,,,,,state,0,483,0.01372|0.1383|0.08191|0.03224,0.01295|0.06978|0.07063|0.02879,0.06897|0.5652|0.2083|0.1364,
controlled,105,3,any,pmc_pair,,oracle,state-markov,,,,,-6487.28,0.430358,0.136747,5448,012,True,0.161905,420,0.134646,5028,0.838095,0.996589,0.322353,3.23006,0.835832,0.159485,0|0|0|0|0|0|1|3|5|411,0|0|0|0|0|0|0.791804|2.48899|4.55008|410.736,0|0|0|0|0|0|1|2|4|345,0.0857|0.6738|0.2405,0.1106|0.7912|0.0981,0.01709|0.13083|0.086149,0.017346|0.13333|0.084947,0.0023732|0.11419|0.0989,,,,,state,0,483,0.01372|0.1383|0.08191|0.03224,0.01295|0.06978|0.07063|0.02879,0.06897|0.5652|0.2083|0.1364,
controlled,105,3,any,hmc_in,0,unsupervised,ignorable,start,25,3.06747,-2.2729|-0.2552|1.3818,-7318.58,0.0938997,0.439794,5448,201,False,0.380952,420,0.44471,5028,0.619048,0.964183,0.713254,5.69523,0.619034,0.351795,0|0|4|9|6|7|5|8|12|369,0|0|2.04477|4.9921|3.86409|4.85722|3.80836|6.65368|10.7932|367.943,0|0|1|2|1|3|5|4|11|233,0.0857|0.6738|0.2405,0.1656|0.7840|0.0504,,,,,,,-1791.4653|-1789.4838,state,0,483,0.01372|0.1383|0.08191|0.03224,0.01295|0.06978|0.07063|0.02879,0.06897|0.5652|0.2083|0.1364,
controlled,105,3,any,hmc_in,0,unsupervised,state,start,24,2.93643,-2.2709|-0.2546|1.3804,-9019.03,0.102291,0.433554,5448,201,False,0.347619,420,0.440732,5028,0.652381,0.975652,0.686335,6.42549,0.639271,0.337191,0|0|1|3|9|4|8|2|10|383,0|0|0.516054|1.70624|5.76063|2.85459|6.23574|1.67533|9.00785|382.018,0|0|1|3|5|4|4|1|6|250,0.0857|0.6738|0.2405,0.1456|0.8054|0.0490,0.024242|0.033957|0.11025,,,0.024242|0.033957|0.11025,,,-1791.4653|-1789.4838,state,0,483,0.01372|0.1383|0.08191|0.03224,0.01295|0.06978|0.07063|0.02879,0.06897|0.5652|0.2083|0.1364,
controlled,105,3,any,hmc_in,0,unsupervised,state-markov,start,24,2.90733,-2.2704|-0.2533|1.3813,-9017.22,0.0931759,0.434655,5448,201,False,0.347619,420,0.441925,5028,0.652381,0.975672,0.687353,6.52621,0.639002,0.33329,0|0|1|4|9|2|7|4|8|385,0|0|0.515007|2.28483|5.71615|1.38424|5.40831|3.3392|7.1675|383.967,0|0|1|3|6|2|4|2|6|250,0.0857|0.6738|0.2405,0.1459|0.8051|0.0490,0.024331|0.034042|0.11028,0.024874|0.034836|0.10931,0.0025661|0.011519|0.11808,0.024331|0.034042|0.11028,0.024874|0.034836|0.10931,0.0025661|0.011519|0.11808,-1791.4653|-1789.4838,state,0,483,0.01372|0.1383|0.08191|0.03224,0.01295|0.06978|0.07063|0.02879,0.06897|0.5652|0.2083|0.1364,
controlled,105,3,any,hmc_in,0,unsupervised,state,ignorable fit,3,0.347541,-2.2778|-0.2627|1.3790,-9018,0.0867607,0.431351,5448,201,False,0.347619,420,0.438345,5028,0.652381,0.976178,0.68579,5.92883,0.639766,0.342019,0|0|1|3|6|7|8|2|11|382,0|0|0.533261|1.72101|3.81935|4.91929|6.23708|1.70628|9.97641|381.082,0|0|1|3|2|7|4|1|6|250,0.0857|0.6738|0.2405,0.1454|0.8060|0.0486,0.024132|0.03412|0.11,,,0.024132|0.03412|0.11,,,-1791.4653|-1789.4838,state,0,483,0.01372|0.1383|0.08191|0.03224,0.01295|0.06978|0.07063|0.02879,0.06897|0.5652|0.2083|0.1364,
controlled,105,3,any,hmc_in,0,unsupervised,state-markov,ignorable fit,4,0.495766,-2.2797|-0.2654|1.3782,-9015.88,0.112726,0.431351,5448,201,False,0.347619,420,0.438345,5028,0.652381,0.976593,0.685947,6.01251,0.640069,0.336994,0|0|0|5|6|5|7|3|11|383,0|0|0|2.83898|3.87495|3.47685|5.41701|2.51366|9.94985|382.098,0|0|0|4|3|5|4|1|6|251,0.0857|0.6738|0.2405,0.1451|0.8063|0.0486,0.0243|0.033893|0.11011,0.024841|0.034674|0.10916,0.0026023|0.011628|0.1178,0.0243|0.033893|0.11011,0.024841|0.034674|0.10916,0.0026023|0.011628|0.1178,-1791.4653|-1789.4838,state,0,483,0.01372|0.1383|0.08191|0.03224,0.01295|0.06978|0.07063|0.02879,0.06897|0.5652|0.2083|0.1364,
controlled,105,3,any,hmc_in,,oracle,ignorable,,,,,-8521.23,0.0940844,0.0945301,5448,012,True,0.0632603,411,0.0970816,5037,0.93674,0.989446,0.103066,0.634926,0.941316,0.0537241,0|0|1|3|1|2|2|4|2|396,0|0|0.500418|1.68976|0.617978|1.41087|1.57275|3.27151|1.7908|395.808,0|0|0|0|0|1|1|2|2|379,0.0779|0.6983|0.2238,0.1170|0.6769|0.2060,,,,,,,,state,1,467,0.01372|0.1383|0.08191|0.03224,0.01295|0.06978|0.07063|0.02879,0.06897|0.5652|0.2083|0.1364,
controlled,105,3,any,hmc_in,,oracle,state,,,,,-10246.8,0.0991027,0.0903084,5448,012,True,0.0437956,411,0.0941036,5037,0.956204,0.993659,0.0873028,0.528463,0.951705,0.0448946,0|0|1|0|1|1|1|6|1|400,0|0|0.513782|0|0.605724|0.722912|0.755526|5.05137|0.873059|399.871,0|0|1|0|1|1|1|4|1|384,0.0779|0.6983|0.2238,0.1069|0.6854|0.2077,0.01516|0.13271|0.078485,,,,,,,state,1,467,0.01372|0.1383|0.08191|0.03224,0.01295|0.06978|0.07063|0.02879,0.06897|0.5652|0.2083|0.1364,
controlled,105,3,any,hmc_in,,oracle,state-markov,,,,,-10243,0.101603,0.0904919,5448,012,True,0.0462287,411,0.0941036,5037,0.953771,0.993541,0.0876902,0.514336,0.951442,0.0449968,0|0|1|1|0|1|1|6|1|400,0|0|0.522129|0.591963|0|0.718257|0.746569|5.02416|0.869039|399.873,0|0|0|1|0|1|1|4|1|384,0.0779|0.6983|0.2238,0.1071|0.6854|0.2076,0.015212|0.1327|0.078466,0.015391|0.1301|0.073135,0.0036584|0.14972|0.14108,,,,,state,1,467,0.01372|0.1383|0.08191|0.03224,0.01295|0.06978|0.07063|0.02879,0.06897|0.5652|0.2083|0.1364,
controlled,105,3,any,pmc_pair,,oracle,ignorable,,,,,-4763.28,0.452599,0.144457,5448,012,True,0.158151,411,0.143339,5037,0.841849,0.984126,0.29293,2.83033,0.842392,0.146905,0|0|2|5|1|1|3|8|6|385,0|0|1.04895|2.88153|0.642344|0.729839|2.23127|6.7191|5.45533|384.768,0|0|2|0|0|0|2|5|4|333,0.0779|0.6983|0.2238,0.1237|0.7750|0.1013,,,,,,,,state,1,467,0.01372|0.1383|0.08191|0.03224,0.01295|0.06978|0.07063|0.02879,0.06897|0.5652|0.2083|0.1364,
controlled,105,3,any,pmc_pair,,oracle,state,,,,,-6455.59,0.468626,0.139868,5448,012,True,0.138686,411,0.139964,5037,0.861314,0.994191,0.273841,2.77574,0.858395,0.13607,0|0|0|0|1|0|3|4|3|400,0|0|0|0|0.602535|0|2.29764|3.32844|2.74146|399.643,0|0|0|0|1|0|1|3|3|346,0.0779|0.6983|0.2238,0.1055|0.7937|0.1008,0.01516|0.13271|0.078485,,,,,,,state,1,467,0.01372|0.1383|0.08191|0.03224,0.01295|0.06978|0.07063|0.02879,0.06897|0.5652|0.2083|0.1364,
controlled,105,3,any,pmc_pair,,oracle,state-markov,,,,,-6450.23,0.37922,0.139868,5448,012,True,0.138686,411,0.139964,5037,0.861314,0.994882,0.274145,2.77899,0.858796,0.138173,0|0|0|1|0|0|2|3|4|401,0|0|0|0.587162|0|0|1.5528|2.46651|3.61238|400.678,0|0|0|1|0|0|0|3|3|347,0.0779|0.6983|0.2238,0.1049|0.7943|0.1008,0.015212|0.1327|0.078466,0.015391|0.1301|0.073135,0.0036584|0.14972|0.14108,,,,,state,1,467,0.01372|0.1383|0.08191|0.03224,0.01295|0.06978|0.07063|0.02879,0.06897|0.5652|0.2083|0.1364,
controlled,105,3,any,hmc_in,0,unsupervised,ignorable,start,19,2.36653,-2.2810|-0.2675|1.3881,-7311.62,0.130527,0.439244,5448,201,False,0.36983,411,0.444908,5037,0.63017,0.9631,0.687701,5.70487,0.630028,0.336835,0|0|5|6|4|9|6|10|18|353,0|0|2.56565|3.43768|2.54163|6.19752|4.70009|8.3824|16.2925|351.717,0|0|1|2|0|7|3|4|10|232,0.0779|0.6983|0.2238,0.1831|0.7734|0.0435,,,,,,,-1748.3733|-1736.8746,state,1,467,0.01372|0.1383|0.08191|0.03224,0.01295|0.06978|0.07063|0.02879,0.06897|0.5652|0.2083|0.1364,
controlled,105,3,any,hmc_in,0,unsupervised,state,start,18,2.33263,-2.2814|-0.2779|1.3751,-8975.37,0.0912198,0.427863,5448,201,False,0.313869,411,0.437165,5037,0.686131,0.973203,0.606123,5.38994,0.677331,0.287071,0|0|1|4|7|3|8|7|11|370,0|0|0.530819|2.22087|4.54093|2.08286|6.09159|5.87676|9.89559|368.747,0|0|0|2|4|2|5|5|6|258,0.0779|0.6983|0.2238,0.1347|0.8225|0.0428,0.026681|0.029907|0.10675,,,0.026681|0.029907|0.10675,,,-1748.3733|-1736.8746,state,1,467,0.01372|0.1383|0.08191|0.03224,0.01295|0.06978|0.07063|0.02879,0.06897|0.5652|0.2083|0.1364,
controlled,105,3,any,hmc_in,0,unsupervised,state-markov,start,18,2.25647,-2.2813|-0.2775|1.3756,-8971.61,0.117939,0.42768,5448,201,False,0.316302,411,0.436768,5037,0.683698,0.972959,0.608153,5.44068,0.676297,0.294192,0|0|1|4|5|7|6|7|12|369,0|0|0.50641|2.22973|3.12368|4.82926|4.65154|5.86297|10.8573|367.825,0|0|0|1|4|4|3|6|6|257,0.0779|0.6983|0.2238,0.1359|0.8211|0.0430,0.026745|0.030154|0.10665,0.026365|0.02997|0.10124,0.040571|0.036063|0.15198,0.026745|0.030154|0.10665,0.026365|0.02997|0.10124,0.040571|0.036063|0.15198,-1748.3733|-1736.8746,state,1,467,0.01372|0.1383|0.08191|0.03224,0.01295|0.06978|0.07063|0.02879,0.06897|0.5652|0.2083|0.1364,
controlled,105,3,any,hmc_in,0,unsupervised,state,ignorable fit,4,0.517504,-2.2887|-0.2835|1.3769,-8974.18,0.0880611,0.427863,5448,201,False,0.313869,411,0.437165,5037,0.686131,0.973293,0.607386,5.9241,0.676706,0.287182,0|0|0|4|7|3|9|6|12|370,0|0|0|2.16034|4.48476|2.04638|6.83556|4.99573|10.7666|368.734,0|0|0|2|4|2|5|5|7|257,0.0779|0.6983|0.2238,0.1355|0.8221|0.0424,0.026517|0.030256|0.10665,,,0.026517|0.030256|0.10665,,,-1748.3733|-1736.8746,state,1,467,0.01372|0.1383|0.08191|0.03224,0.01295|0.06978|0.07063|0.02879,0.06897|0.5652|0.2083|0.1364,
controlled,105,3,any,hmc_in,0,unsupervised,state-markov,ignorable fit,4,0.600894,-2.2886|-0.2832|1.3774,-8970.44,0.140989,0.428231,5448,201,False,0.316302,411,0.437364,5037,0.683698,0.972757,0.610107,5.92015,0.675089,0.29291,0|0|1|3|7|5|7|7|11|370,0|0|0.510462|1.6406|4.40434|3.46012|5.36835|5.80408|9.91419|368.701,0|0|0|1|5|3|3|6|6|257,0.0779|0.6983|0.2238,0.1373|0.8203|0.0424,0.026522|0.030642|0.10644,0.02621|0.03031|0.1011,0.037961|0.041135|0.1513,0.026522|0.030642|0.10644,0.02621|0.03031|0.1011,0.037961|0.041135|0.1513,-1748.3733|-1736.8746,state,1,467,0.01372|0.1383|0.08191|0.03224,0.01295|0.06978|0.07063|0.02879,0.06897|0.5652|0.2083|0.1364,
controlled,105,3,any,hmc_in,,oracle,ignorable,,,,,-8492.73,0.117435,0.0945301,5448,012,True,0.0578704,432,0.0976874,5016,0.94213,0.993575,0.102439,0.701317,0.944295,0.0540178,0|0|1|0|3|1|1|0|4|422,0|0|0.507504|0|1.91208|0.681576|0.762886|0|3.63396|421.727,0|0|0|0|0|1|1|0|1|404,0.0463|0.7014|0.2523,0.0894|0.6738|0.2369,,,,,,,,state,2,494,0.01372|0.1383|0.08191|0.03224,0.01295|0.06978|0.07063|0.02879,0.06897|0.5652|0.2083|0.1364,
controlled,105,3,any,hmc_in,,oracle,state,,,,,-10261.8,0.113568,0.0827827,5448,012,True,0.0462963,432,0.085925,5016,0.953704,0.998479,0.0905019,0.578082,0.953455,0.0458098,0|0|0|0|0|0|1|0|2|429,0|0|0|0|0|0|0.739476|0|1.77644|428.827,0|0|0|0|0|0|0|0|2|410,0.0463|0.7014|0.2523,0.0796|0.6837|0.2367,0.0094875|0.14011|0.09298,,,,,,,state,2,494,0.01372|0.1383|0.08191|0.03224,0.01295|0.06978|0.07063|0.02879,0.06897|0.5652|0.2083|0.1364,
controlled,105,3,any,hmc_in,,oracle,state-markov,,,,,-10261.7,0.119808,0.0772761,5448,012,True,0.0462963,432,0.0799442,5016,0.953704,0.998176,0.090619,0.587181,0.953124,0.0463719,0|0|0|0|0|0|1|0|4|427,0|0|0|0|0|0|0.744212|0|3.58968|426.878,0|0|0|0|0|0|0|0|4|408,0.0463|0.7014|0.2523,0.0799|0.6834|0.2367,0.0095121|0.14009|0.092987,0.0090995|0.14404|0.093105,0.052477|0.11585|0.091837,,,,,state,2,494,0.01372|0.1383|0.08191|0.03224,0.01295|0.06978|0.07063|0.02879,0.06897|0.5652|0.2083|0.1364,
controlled,105,3,any,pmc_pair,,oracle,ignorable,,,,,-4700.81,0.365831,0.164648,5448,012,True,0.157407,432,0.165271,5016,0.842593,0.990652,0.30592,2.99029,0.840298,0.151445,0|0|1|3|0|1|2|4|5|416,0|0|0.510905|1.72789|0|0.682487|1.54075|3.3453|4.56776|415.587,0|0|0|2|0|0|2|2|4|354,0.0463|0.7014|0.2523,0.0861|0.7868|0.1270,,,,,,,,state,2,494,0.01372|0.1383|0.08191|0.03224,0.01295|0.06978|0.07063|0.02879,0.06897|0.5652|0.2083|0.1364,
controlled,105,3,any,pmc_pair,,oracle,state,,,,,-6435.55,0.388898,0.136747,5448,012,True,0.138889,432,0.136563,5016,0.861111,0.995865,0.27621,2.84911,0.858394,0.136255,0|0|0|0|0|0|5|1|1|425,0|0|0|0|0|0|3.90367|0.853633|0.918438|424.538,0|0|0|0|0|0|4|1|1|366,0.0463|0.7014|0.2523,0.0712|0.7994|0.1294,0.0094875|0.14011|0.09298,,,,,,,state,2,494,0.01372|0.1383|0.08191|0.03224,0.01295|0.06978|0.07063|0.02879,0.06897|0.5652|0.2083|0.1364,
controlled,105,3,any,pmc_pair,,oracle,state-markov,,,,,-6437.84,0.436307,0.139317,5448,012,True,0.148148,432,0.138557,5016,0.851852,0.995881,0.286666,2.86272,0.853212,0.145285,0|0|0|0|0|0|5|1|1|425,0|0|0|0|0|0|3.90944|0.805291|0.923575|424.582,0|0|0|0|0|0|0|1|1|366,0.0463|0.7014|0.2523,0.0769|0.7937|0.1293,0.0095121|0.14009|0.092987,0.0090995|0.14404|0.093105,0.052477|0.11585|0.091837,,,,,state,2,494,0.01372|0.1383|0.08191|0.03224,0.01295|0.06978|0.07063|0.02879,0.06897|0.5652|0.2083|0.1364,
controlled,105,3,any,hmc_in,0,unsupervised,ignorable,start,26,3.29963,-2.3023|-0.3081|1.3676,-7292.54,0.101005,0.429332,5448,201,False,0.395833,432,0.432217,5016,0.604167,0.962472,0.742718,4.56015,0.603329,0.361588,0|0|7|9|4|8|3|9|14|378,0|0|3.58395|5.00595|2.60243|5.58285|2.29108|7.40438|12.6474|376.67,0|0|3|3|1|4|3|6|4|237,0.0463|0.7014|0.2523,0.1333|0.8184|0.0483,,,,,,,-1820.7613|-1816.0661,state,2,494,0.01372|0.1383|0.08191|0.03224,0.01295|0.06978|0.07063|0.02879,0.06897|0.5652|0.2083|0.1364,
controlled,105,3,any,hmc_in,0,unsupervised,state,start,24,3.02064,-2.3019|-0.3213|1.3529,-8993.66,0.0945829,0.415565,5448,201,False,0.349537,432,0.421252,5016,0.650463,0.974315,0.672208,4.54569,0.645293,0.325749,0|0|4|1|8|3|4|12|14|386,0|0|2.07965|0.590251|5.14259|2.08261|3.05513|10.1507|12.5815|385.222,0|0|0|1|5|1|3|7|10|254,0.0463|0.7014|0.2523,0.0906|0.8614|0.0480,0.024513|0.025584|0.11781,,,0.024513|0.025584|0.11781,,,-1820.7613|-1816.0661,state,2,494,0.01372|0.1383|0.08191|0.03224,0.01295|0.06978|0.07063|0.02879,0.06897|0.5652|0.2083|0.1364,
controlled,105,3,any,hmc_in,0,unsupervised,state-markov,start,24,3.31055,-2.3026|-0.3250|1.3500,-8990.82,0.15075,0.414831,5448,201,False,0.344907,432,0.420853,5016,0.655093,0.975407,0.669489,4.50026,0.6473,0.323822,0|0|2|3|5|7|2|8|19|386,0|0|1.04708|1.68191|3.20982|4.83271|1.56044|6.69144|17.0962|385.256,0|0|0|2|3|4|2|3|15|254,0.0463|0.7014|0.2523,0.0882|0.8637|0.0481,0.024557|0.025205|0.11776,0.023274|0.024275|0.11858,0.075539|0.061151|0.11166,0.024557|0.025205|0.11776,0.023274|0.024275|0.11858,0.075539|0.061151|0.11166,-1820.7613|-1816.0661,state,2,494,0.01372|0.1383|0.08191|0.03224,0.01295|0.06978|0.07063|0.02879,0.06897|0.5652|0.2083|0.1364,
controlled,105,3,any,hmc_in,0,unsupervised,state,ignorable fit,4,0.485764,-2.3070|-0.3238|1.3555,-8993.15,0.113191,0.415565,5448,201,False,0.349537,432,0.421252,5016,0.650463,0.973957,0.673368,4.63928,0.644492,0.323494,0|0|2|4|7|3|4|12|13|387,0|0|1.03591|2.25|4.46719|2.11753|3.03996|10.0631|11.6376|386.138,0|0|0|2|4|1|3|7|10|254,0.0463|0.7014|0.2523,0.0919|0.8606|0.0475,0.02433|0.025981|0.11783,,,0.02433|0.025981|0.11783,,,-1820.7613|-1816.0661,state,2,494,0.01372|0.1383|0.08191|0.03224,0.01295|0.06978|0.07063|0.02879,0.06897|0.5652|0.2083|0.1364,
controlled,105,3,any,hmc_in,0,unsupervised,state-markov,ignorable fit,4,0.565082,-2.3071|-0.3249|1.3544,-8990.5,0.111651,0.415015,5448,201,False,0.344907,432,0.421053,5016,0.655093,0.974592,0.671268,4.60351,0.645943,0.321554,0|0|3|1|8|4|3|11|16|386,0|0|1.55631|0.538577|5.0995|2.70932|2.27579|9.2207|14.4048|385.219,0|0|2|0|5|2|2|6|12|254,0.0463|0.7014|0.2523,0.0900|0.8623|0.0477,0.024379|0.025711|0.11788,0.023093|0.024806|0.11865,0.075843|0.060013|0.1121,0.024379|0.025711|0.11788,0.023093|0.024806|0.11865,0.075843|0.060013|0.1121,-1820.7613|-1816.0661,state,2,494,0.01372|0.1383|0.08191|0.03224,0.01295|0.06978|0.07063|0.02879,0.06897|0.5652|0.2083|0.1364,
controlled,105,3,any,hmc_in,,oracle,ignorable,,,,,-8461.66,0.119265,0.0943465,5448,012,True,0.0536913,447,0.0979804,5001,0.946309,0.98977,0.0876642,0.364918,0.949178,0.0472201,0|0|1|2|2|4|2|2|2|432,0|0|0.505802|1.11994|1.31407|2.76657|1.52771|1.63224|1.83799|431.723,0|0|0|0|1|1|2|2|0|417,0.0872|0.6890|0.2237,0.1045|0.6812|0.2144,,,,,,,,state,3,521,0.01372|0.1383|0.08191|0.03224,0.01295|0.06978|0.07063|0.02879,0.06897|0.5652|0.2083|0.1364,
controlled,105,3,any,hmc_in,,oracle,state,,,,,-10315.8,0.121102,0.0930617,5448,012,True,0.0447427,447,0.0973805,5001,0.955257,0.993899,0.0815279,0.324372,0.954639,0.0435237,0|0|0|1|1|2|1|3|3|436,0|0|0|0.595842|0.610577|1.40756|0.758834|2.50142|2.7111|435.688,0|0|0|0|0|2|0|3|2|420,0.0872|0.6890|0.2237,0.0956|0.6885|0.2159,0.018473|0.14243|0.085311,,,,,,,state,3,521,0.01372|0.1383|0.08191|0.03224,0.01295|0.06978|0.07063|0.02879,0.06897|0.5652|0.2083|0.1364,
controlled,105,3,any,hmc_in,,oracle,state-markov,,,,,-10316.7,0.101292,0.0930617,5448,012,True,0.0447427,447,0.0973805,5001,0.955257,0.993982,0.0814281,0.323493,0.954736,0.0423057,0|0|0|0|2|1|2|3|3|436,0|0|0|0|1.21141|0.692052|1.48391|2.50763|2.72239|435.693,0|0|0|0|0|1|1|3|2|420,0.0872|0.6890|0.2237,0.0955|0.6886|0.2159,0.0185|0.14241|0.085342,0.018346|0.14505|0.0886,0.026656|0.12651|0.050425,,,,,state,3,521,0.01372|0.1383|0.08191|0.03224,0.01295|0.06978|0.07063|0.02879,0.06897|0.5652|0.2083|0.1364,
controlled,105,3,any,pmc_pair,,oracle,ignorable,,,,,-4778.49,0.413099,0.141153,5448,012,True,0.1566,447,0.139772,5001,0.8434,0.989272,0.298504,2.97805,0.843052,0.147219,0|0|3|1|1|1|1|5|8|427,0|0|1.56478|0.590674|0.618346|0.698917|0.771927|4.15463|7.3077|426.498,0|0|1|0|0|1|0|4|5|366,0.0872|0.6890|0.2237,0.1197|0.7869|0.0933,,,,,,,,state,3,521,0.01372|0.1383|0.08191|0.03224,0.01295|0.06978|0.07063|0.02879,0.06897|0.5652|0.2083|0.1364,
controlled,105,3,any,pmc_pair,,oracle,state,,,,,-6598.38,0.455924,0.136931,5448,012,True,0.138702,447,0.136773,5001,0.861298,0.995963,0.278226,2.95046,0.857705,0.138682,0|0|0|1|0|1|0|1|4|440,0|0|0|0.543755|0|0.725697|0|0.832855|3.54388|439.549,0|0|0|1|0|1|0|1|3|379,0.0872|0.6890|0.2237,0.1062|0.8001|0.0937,0.018473|0.14243|0.085311,,,,,,,state,3,521,0.01372|0.1383|0.08191|0.03224,0.01295|0.06978|0.07063|0.02879,0.06897|0.5652|0.2083|0.1364,
controlled,105,3,any,pmc_pair,,oracle,state-markov,,,,,-6597.66,0.403033,0.136931,5448,012,True,0.138702,447,0.136773,5001,0.861298,0.996103,0.278097,2.94847,0.857855,0.138705,0|0|0|1|0|0|1|1|4|440,0|0|0|0.557301|0|0|0.734591|0.836697|3.56509|439.564,0|0|0|1|0|0|1|1|3|379,0.0872|0.6890|0.2237,0.1061|0.8002|0.0937,0.0185|0.14241|0.085342,0.018346|0.14505|0.0886,0.026656|0.12651|0.050425,,,,,state,3,521,0.01372|0.1383|0.08191|0.03224,0.01295|0.06978|0.07063|0.02879,0.06897|0.5652|0.2083|0.1364,
controlled,105,3,any,hmc_in,0,unsupervised,ignorable,start,24,3.11127,-2.2842|-0.2628|1.3882,-7254.92,0.128422,0.43594,5448,201,False,0.344519,447,0.444111,5001,0.655481,0.964625,0.644611,4.06175,0.654104,0.31149,0|0|8|9|4|6|7|3|12|398,0|0|4.09245|5.14784|2.54051|4.20031|5.34118|2.47576|10.942|396.448,0|0|2|2|2|4|4|3|10|266,0.0872|0.6890|0.2237,0.1584|0.8012|0.0403,,,,,,,-1891.5688|-1889.5336,state,3,521,0.01372|0.1383|0.08191|0.03224,0.01295|0.06978|0.07063|0.02879,0.06897|0.5652|0.2083|0.1364,
controlled,105,3,any,hmc_in,0,unsupervised,state,start,22,2.76663,-2.2824|-0.2634|1.3839,-9042.33,0.161597,0.429515,5448,201,False,0.310962,447,0.440112,5001,0.689038,0.974429,0.608457,4.30235,0.677832,0.294854,0|0|1|7|5|5|8|6|7|408,0|0|0.528364|3.83439|3.15697|3.57193|6.15369|5.05061|6.40288|406.871,0|0|0|5|3|3|4|6|5|282,0.0872|0.6890|0.2237,0.1342|0.8261|0.0397,0.02868|0.0336|0.12047,,,0.02868|0.0336|0.12047,,,-1891.5688|-1889.5336,state,3,521,0.01372|0.1383|0.08191|0.03224,0.01295|0.06978|0.07063|0.02879,0.06897|0.5652|0.2083|0.1364,
controlled,105,3,any,hmc_in,0,unsupervised,state-markov,start,22,3.02855,-2.2823|-0.2634|1.3838,-9041.73,0.114641,0.428781,5448,201,False,0.310962,447,0.439312,5001,0.689038,0.974416,0.608013,4.30252,0.678024,0.298243,0|0|2|6|4|5|8|7|7|408,0|0|1.04253|3.31937|2.50733|3.50678|6.10176|5.80525|6.40563|406.875,0|0|0|5|2|3|4|7|5|282,0.0872|0.6890|0.2237,0.1341|0.8263|0.0396,0.02864|0.033596|0.12047,0.02793|0.033324|0.12188,0.052704|0.041417|0.11018,0.02864|0.033596|0.12047,0.02793|0.033324|0.12188,0.052704|0.041417|0.11018,-1891.5688|-1889.5336,state,3,521,0.01372|0.1383|0.08191|0.03224,0.01295|0.06978|0.07063|0.02879,0.06897|0.5652|0.2083|0.1364,
controlled,105,3,any,hmc_in,0,unsupervised,state,ignorable fit,4,0.613721,-2.2921|-0.2748|1.3824,-9040.68,0.080382,0.428965,5448,201,False,0.313199,447,0.439312,5001,0.686801,0.974785,0.607864,4.30912,0.678411,0.294478,0|0|2|6|4|5|9|5|8|408,0|0|1.01082|3.34272|2.51271|3.47825|6.94179|4.20591|7.28907|406.948,0|0|0|4|2|2|6|5|5|283,0.0872|0.6890|0.2237,0.1341|0.8269|0.0390,0.028562|0.033582|0.12035,,,0.028562|0.033582|0.12035,,,-1891.5688|-1889.5336,state,3,521,0.01372|0.1383|0.08191|0.03224,0.01295|0.06978|0.07063|0.02879,0.06897|0.5652|0.2083|0.1364,
controlled,105,3,any,hmc_in,0,unsupervised,state-markov,ignorable fit,4,0.53892,-2.2921|-0.2748|1.3823,-9040.07,0.105463,0.428231,5448,201,False,0.310962,447,0.438712,5001,0.689038,0.974876,0.607448,4.30873,0.678614,0.293803,0|0|2|6|4|5|8|7|7|408,0|0|1.01365|3.38375|2.52723|3.47138|6.1597|5.83593|6.41685|406.961,0|0|1|4|2|2|5|7|4|283,0.0872|0.6890|0.2237,0.1339|0.8271|0.0389,0.028511|0.033581|0.12036,0.027781|0.033316|0.12176,0.053397|0.041187|0.11013,0.028511|0.033581|0.12036,0.027781|0.033316|0.12176,0.053397|0.041187|0.11013,-1891.5688|-1889.5336,state,3,521,0.01372|0.1383|0.08191|0.03224,0.01295|0.06978|0.07063|0.02879,0.06897|0.5652|0.2083|0.1364,
controlled,105,3,any,hmc_in,,oracle,ignorable,,,,,-8496.88,0.132539,0.0943465,5448,012,True,0.0470588,425,0.0983476,5023,0.952941,0.988682,0.0856581,0.51133,0.949141,0.042339,0|0|1|1|2|5|2|4|3|407,0|0|0.513258|0.55187|1.28492|3.49119|1.55488|3.34452|2.69996|406.749,0|0|0|1|1|4|2|2|2|393,0.0776|0.6776|0.2447,0.1036|0.6607|0.2356,,,,,,,,state,4,498,0.01372|0.1383|0.08191|0.03224,0.01295|0.06978|0.07063|0.02879,0.06897|0.5652|0.2083|0.1364,
controlled,105,3,any,hmc_in,,oracle,state,,,,,-10263,0.0871505,0.0868209,5448,012,True,0.0329412,425,0.0913797,5023,0.967059,0.995407,0.0670809,0.450534,0.962884,0.034364,0|0|0|1|1|0|0|3|5|415,0|0|0|0.581767|0.651862|0|0|2.488|4.52951|414.797,0|0|0|1|1|0|0|3|4|402,0.0776|0.6776|0.2447,0.0895|0.6734|0.2371,0.015634|0.13318|0.088718,,,,,,,state,4,498,0.01372|0.1383|0.08191|0.03224,0.01295|0.06978|0.07063|0.02879,0.06897|0.5652|0.2083|0.1364,
controlled,105,3,any,hmc_in,,oracle,state-markov,,,,,-10263.6,0.124735,0.0866373,5448,012,True,0.0329412,425,0.0911806,5023,0.967059,0.994486,0.0679024,0.451325,0.961935,0.0360789,0|0|0|1|1|2|0|3|3|415,0|0|0|0.559501|0.646955|1.39682|0|2.55831|2.74022|414.755,0|0|0|1|1|2|0|3|2|402,0.0776|0.6776|0.2447,0.0903|0.6726|0.2371,0.015632|0.13317|0.088719,0.014928|0.13603|0.087993,0.059977|0.11453|0.096183,,,,,state,4,498,0.01372|0.1383|0.08191|0.03224,0.01295|0.06978|0.07063|0.02879,0.06897|0.5652|0.2083|0.1364,
controlled,105,3,any,pmc_pair,,oracle,ignorable,,,,,-4756.19,0.35018,0.140235,5448,012,True,0.129412,425,0.141151,5023,0.870588,0.992617,0.249362,2.48792,0.869828,0.128357,0|0|0|2|1|1|1|1|8|411,0|0|0|1.11508|0.637321|0.712596|0.746289|0.833363|7.10918|410.708,0|0|0|0|0|1|0|1|8|360,0.0776|0.6776|0.2447,0.1036|0.7598|0.1366,,,,,,,,state,4,498,0.01372|0.1383|0.08191|0.03224,0.01295|0.06978|0.07063|0.02879,0.06897|0.5652|0.2083|0.1364,
controlled,105,3,any,pmc_pair,,oracle,state,,,,,-6495.53,0.440506,0.139684,5448,012,True,0.122353,425,0.141151,5023,0.877647,0.998149,0.243827,2.4466,0.876392,0.122093,0|0|0|0|0|0|0|1|3|421,0|0|0|0|0|0|0|0.858682|2.66201|420.693,0|0|0|0|0|0|0|0|3|370,0.0776|0.6776|0.2447,0.0971|0.7663|0.1366,0.015634|0.13318|0.088718,,,,,,,state,4,498,0.01372|0.1383|0.08191|0.03224,0.01295|0.06978|0.07063|0.02879,0.06897|0.5652|0.2083|0.1364,
controlled,105,3,any,pmc_pair,,oracle,state-markov,,,,,-6496.26,0.445661,0.139684,5448,012,True,0.122353,425,0.141151,5023,0.877647,0.998164,0.243746,2.44717,0.876458,0.122136,0|0|0|0|0|0|0|1|3|421,0|0|0|0|0|0|0|0.841513|2.656|420.722,0|0|0|0|0|0|0|0|3|370,0.0776|0.6776|0.2447,0.0972|0.7662|0.1366,0.015632|0.13317|0.088719,0.014928|0.13603|0.087993,0.059977|0.11453|0.096183,,,,,state,4,498,0.01372|0.1383|0.08191|0.03224,0.01295|0.06978|0.07063|0.02879,0.06897|0.5652|0.2083|0.1364,
controlled,105,3,any,hmc_in,0,unsupervised,ignorable,start,23,2.93428,-2.2856|-0.2862|1.3714,-7304.35,0.114647,0.430066,5448,201,False,0.388235,425,0.433605,5023,0.611765,0.952007,0.725572,4.3532,0.605787,0.340243,0|0|11|8|10|13|0|7|16|360,0|0|5.62512|4.51244|6.28056|9.09204|0|5.84842|14.4271|358.817,0|0|5|4|5|5|0|5|10|226,0.0776|0.6776|0.2447,0.1667|0.7894|0.0439,,,,,,,-1831.3491|-1827.4541,state,4,498,0.01372|0.1383|0.08191|0.03224,0.01295|0.06978|0.07063|0.02879,0.06897|0.5652|0.2083|0.1364,
controlled,105,3,any,hmc_in,0,unsupervised,state,start,21,2.68858,-2.2844|-0.2979|1.3566,-9042.79,0.0721024,0.419604,5448,201,False,0.343529,425,0.42604,5023,0.656471,0.970385,0.670627,4.54274,0.643132,0.318703,0|0|2|3|8|7|11|3|13|378,0|0|1.04853|1.73028|5.13955|4.93388|8.40601|2.5084|11.7396|376.907,0|0|2|1|5|5|8|2|7|249,0.0776|0.6776|0.2447,0.1335|0.8271|0.0395,0.019193|0.037128|0.11143,,,0.019193|0.037128|0.11143,,,-1831.3491|-1827.4541,state,4,498,0.01372|0.1383|0.08191|0.03224,0.01295|0.06978|0.07063|0.02879,0.06897|0.5652|0.2083|0.1364,
controlled,105,3,any,hmc_in,0,unsupervised,state-markov,start,21,2.70545,-2.2848|-0.2993|1.3558,-9039.31,0.113609,0.419787,5448,201,False,0.345882,425,0.42604,5023,0.654118,0.969311,0.670315,4.51192,0.642513,0.31782,0|0|0|7|6|7|13|2|13|377,0|0|0|4.00615|3.85412|4.90022|9.9852|1.68761|11.6916|375.832,0|0|0|3|4|5|9|2|7|248,0.0776|0.6776|0.2447,0.1335|0.8265|0.0400,0.019547|0.037096|0.11127,0.017865|0.035817|0.1118,0.10394|0.070296|0.10699,0.019547|0.037096|0.11127,0.017865|0.035817|0.1118,0.10394|0.070296|0.10699,-1831.3491|-1827.4541,state,4,498,0.01372|0.1383|0.08191|0.03224,0.01295|0.06978|0.07063|0.02879,0.06897|0.5652|0.2083|0.1364,
controlled,105,3,any,hmc_in,0,unsupervised,state,ignorable fit,4,0.447507,-2.2924|-0.3049|1.3578,-9041.46,0.0934395,0.419053,5448,201,False,0.343529,425,0.425443,5023,0.656471,0.970945,0.671114,4.66255,0.643139,0.321758,0|0|1|3|9|6|11|4|15|376,0|0|0.522758|1.68611|5.78101|4.24345|8.4546|3.3423|13.5876|375.034,0|0|1|2|5|5|7|3|7|249,0.0776|0.6776|0.2447,0.1341|0.8271|0.0389,0.019132|0.037167|0.11144,,,0.019132|0.037167|0.11144,,,-1831.3491|-1827.4541,state,4,498,0.01372|0.1383|0.08191|0.03224,0.01295|0.06978|0.07063|0.02879,0.06897|0.5652|0.2083|0.1364,
controlled,105,3,any,hmc_in,0,unsupervised,state-markov,ignorable fit,4,0.403668,-2.2924|-0.3056|1.3572,-9038.05,0.102499,0.41942,5448,201,False,0.345882,425,0.425642,5023,0.654118,0.969749,0.670909,4.63304,0.642418,0.319501,0|0|0|6|7|6|12|4|15|375,0|0|0|3.44245|4.47533|4.17767|9.23427|3.32777|13.5186|373.967,0|0|0|3|4|5|8|3|7|248,0.0776|0.6776|0.2447,0.1342|0.8264|0.0394,0.019483|0.037171|0.11127,0.017792|0.035886|0.11181,0.10457|0.070463|0.10698,0.019483|0.037171|0.11127,0.017792|0.035886|0.11181,0.10457|0.070463|0.10698,-1831.3491|-1827.4541,state,4,498,0.01372|0.1383|0.08191|0.03224,0.01295|0.06978|0.07063|0.02879,0.06897|0.5652|0.2083|0.1364,
controlled,105,3,any,hmc_in,,oracle,ignorable,,,,,-8437.86,0.136484,0.0939794,5448,012,True,0.0653061,490,0.0968132,4958,0.934694,0.991221,0.121053,0.756763,0.933266,0.0607304,0|0|1|2|2|1|3|4|4|473,0|0|0.524341|1.13404|1.25878|0.711311|2.34296|3.31563|3.6373|472.774,0|0|0|1|2|1|1|1|2|450,0.0633|0.7429|0.1939,0.1083|0.7149|0.1768,,,,,,,,state-markov,0,567,0.01372|0.1383|0.08191|0.03224,0.01295|0.06978|0.07063|0.02879,0.06897|0.5652|0.2083|0.1364,
controlled,105,3,any,hmc_in,,oracle,state,,,,,-10411.7,0.121365,0.0870044,5448,012,True,0.0510204,490,0.0905607,4958,0.94898,0.993228,0.0872117,0.486502,0.951744,0.0469426,0|0|0|4|1|1|1|1|5|477,0|0|0|2.34195|0.624849|0.720792|0.762647|0.859383|4.48057|476.892,0|0|0|0|0|0|0|1|5|459,0.0633|0.7429|0.1939,0.0916|0.7311|0.1773,0.014693|0.16832|0.081053,,,,,,,state-markov,0,567,0.01372|0.1383|0.08191|0.03224,0.01295|0.06978|0.07063|0.02879,0.06897|0.5652|0.2083|0.1364,
controlled,105,3,any,hmc_in,,oracle,state-markov,,,,,-10099.7,0.112357,0.0866373,5448,012,True,0.0510204,490,0.0901573,4958,0.94898,0.992656,0.0894007,0.508892,0.950369,0.0470697,0|0|0|4|1|1|2|3|1|478,0|0|0|2.24464|0.63047|0.721231|1.5269|2.5302|0.920408|477.827,0|0|0|0|0|1|2|2|1|459,0.0633|0.7429|0.1939,0.0908|0.7320|0.1772,0.014875|0.16957|0.080903,0.014417|0.085486|0.060395,0.045197|0.58134|0.31388,,,,,state-markov,0,567,0.01372|0.1383|0.08191|0.03224,0.01295|0.06978|0.07063|0.02879,0.06897|0.5652|0.2083|0.1364,
controlled,105,3,any,pmc_pair,,oracle,ignorable,,,,,-4721.42,0.334282,0.145007,5448,012,True,0.15102,490,0.144413,4958,0.84898,0.983603,0.289601,2.74818,0.843924,0.14461,0|0|4|2|3|4|6|4|5|462,0|0|2.03169|1.1242|1.91401|2.76983|4.69946|3.34793|4.52164|461.557,0|0|4|1|1|1|3|3|5|398,0.0633|0.7429|0.1939,0.1124|0.8104|0.0771,,,,,,,,state-markov,0,567,0.01372|0.1383|0.08191|0.03224,0.01295|0.06978|0.07063|0.02879,0.06897|0.5652|0.2083|0.1364,
controlled,105,3,any,pmc_pair,,oracle,state,,,,,-6658.74,0.488822,0.142254,5448,012,True,0.134694,490,0.143001,4958,0.865306,0.99551,0.264716,2.62911,0.86419,0.130204,0|0|0|2|0|0|0|3|5|480,0|0|0|1.13446|0|0|0|2.45111|4.54195|479.672,0|0|0|1|0|0|0|0|3|420,0.0633|0.7429|0.1939,0.0925|0.8311|0.0764,0.014693|0.16832|0.081053,,,,,,,state-markov,0,567,0.01372|0.1383|0.08191|0.03224,0.01295|0.06978|0.07063|0.02879,0.06897|0.5652|0.2083|0.1364,
controlled,105,3,any,pmc_pair,,oracle,state-markov,,,,,-6368.51,0.386488,0.141153,5448,012,True,0.134694,490,0.141791,4958,0.865306,0.994297,0.262937,2.56958,0.864416,0.129691,0|0|1|0|0|5|0|1|2|481,0|0|0.470798|0|0|3.4716|0|0.828573|1.81004|480.625,0|0|0|0|0|1|0|1|1|421,0.0633|0.7429|0.1939,0.0912|0.8321|0.0767,0.014875|0.16957|0.080903,0.014417|0.085486|0.060395,0.045197|0.58134|0.31388,,,,,state-markov,0,567,0.01372|0.1383|0.08191|0.03224,0.01295|0.06978|0.07063|0.02879,0.06897|0.5652|0.2083|0.1364,
controlled,105,3,any,hmc_in,0,unsupervised,ignorable,start,24,3.08995,-2.0699|0.3141|2.1602,-7114.51,0.10029,0.237885,5448,012,True,0.0836735,490,0.253126,4958,0.916327,0.983396,0.158032,0.689238,0.908788,0.0774351,0|0|3|2|3|4|2|5|5|466,0|0|1.53695|1.13583|1.91106|2.80882|1.49889|4.19846|4.54211|464.232,0|0|1|1|2|4|1|5|5|430,0.0633|0.7429|0.1939,0.0768|0.7402|0.1830,,,,,,,-2008.7762|-1668.0284,state-markov,0,567,0.01372|0.1383|0.08191|0.03224,0.01295|0.06978|0.07063|0.02879,0.06897|0.5652|0.2083|0.1364,
controlled,105,3,any,hmc_in,0,unsupervised,state,start,27,3.40124,-2.2980|-0.2775|1.4012,-9121.89,0.110899,0.427496,5448,201,False,0.293878,490,0.440702,4958,0.706122,0.974988,0.54822,3.81397,0.707965,0.26922,0|0|2|7|3|9|6|6|12|445,0|0|1.01741|4.08236|1.91326|6.3338|4.52164|5.04351|10.8051|444.027,0|0|1|2|2|1|3|1|6|330,0.0633|0.7429|0.1939,0.1156|0.8338|0.0506,0.033864|0.033861|0.13259,,,0.033864|0.033861|0.13259,,,-2008.7762|-1668.0284,state-markov,0,567,0.01372|0.1383|0.08191|0.03224,0.01295|0.06978|0.07063|0.02879,0.06897|0.5652|0.2083|0.1364,
controlled,105,3,any,hmc_in,0,unsupervised,state-markov,start,28,3.33031,-2.2978|-0.2756|1.4046,-8845.58,0.0879328,0.434288,5448,201,False,0.308163,490,0.446753,4958,0.691837,0.976017,0.589059,3.85708,0.687955,0.286032,0|0|3|4|4|5|6|7|11|450,0|0|1.54633|2.24319|2.53776|3.45554|4.56188|5.85643|9.94594|448.101,0|0|2|2|1|1|4|1|6|322,0.0633|0.7429|0.1939,0.1344|0.8136|0.0520,0.034331|0.036852|0.1304,0.024865|0.029236|0.071789,0.30057|0.23592|0.52128,0.034331|0.036852|0.1304,0.024865|0.029236|0.071789,0.30057|0.23592|0.52128,-2008.7762|-1668.0284,state-markov,0,567,0.01372|0.1383|0.08191|0.03224,0.01295|0.06978|0.07063|0.02879,0.06897|0.5652|0.2083|0.1364,
controlled,105,3,any,hmc_in,0,unsupervised,state,ignorable fit,4,0.506213,-2.0547|0.3228|2.1605,-9090.91,0.112345,0.234398,5448,012,True,0.0795918,490,0.249697,4958,0.920408,0.98583,0.144596,0.623321,0.917242,0.0724888,0|0|1|2|2|6|3|3|8|465,0|0|0.533226|1.0956|1.25369|4.18758|2.30969|2.48174|7.21058|463.985,0|0|1|1|2|2|1|3|6|435,0.0633|0.7429|0.1939,0.0677|0.7515|0.1808,0.033549|0.090823|0.077478,,,0.033549|0.090823|0.077478,,,-2008.7762|-1668.0284,state-markov,0,567,0.01372|0.1383|0.08191|0.03224,0.01295|0.06978|0.07063|0.02879,0.06897|0.5652|0.2083|0.1364,
controlled,105,3,any,hmc_in,0,unsupervised,state-markov,ignorable fit,3,0.34951,-2.0606|0.3197|2.1605,-8762.77,0.0934692,0.235316,5448,012,True,0.077551,490,0.250908,4958,0.922449,0.987835,0.149455,0.645751,0.916177,0.0740417,0|0|1|3|2|1|3|2|13|465,0|0|0.514372|1.71363|1.29825|0.674743|2.34871|1.62796|11.698|464.164,0|0|1|2|1|1|3|2|9|433,0.0633|0.7429|0.1939,0.0716|0.7481|0.1803,0.035533|0.089965|0.077544,0.027297|0.04935|0.057398,0.25907|0.50081|0.3172,0.035533|0.089965|0.077544,0.027297|0.04935|0.057398,0.25907|0.50081|0.3172,-2008.7762|-1668.0284,state-markov,0,567,0.01372|0.1383|0.08191|0.03224,0.01295|0.06978|0.07063|0.02879,0.06897|0.5652|0.2083|0.1364,
controlled,105,3,any,hmc_in,,oracle,ignorable,,,,,-8519.79,0.0947226,0.0959985,5448,012,True,0.0589623,424,0.0991242,5024,0.941038,0.979531,0.0890721,0.476386,0.941856,0.043866,0|0|4|2|6|4|5|5|5|393,0|0|2.05379|1.19641|3.75112|2.86096|3.78775|4.16599|4.58659|392.919,0|0|0|1|3|4|1|4|4|382,0.0472|0.7052|0.2476,0.0947|0.6738|0.2315,,,,,,,,state-markov,1,479,0.01372|0.1383|0.08191|0.03224,0.01295|0.06978|0.07063|0.02879,0.06897|0.5652|0.2083|0.1364,
controlled,105,3,any,hmc_in,,oracle,state,,,,,-10255.2,0.104984,0.085536,5448,012,True,0.0283019,424,0.0903662,5024,0.971698,0.996313,0.0557819,0.292275,0.969085,0.0289091,0|0|0|0|1|0|1|2|4|416,0|0|0|0|0.609161|0|0.769973|1.71426|3.6053|415.738,0|0|0|0|0|0|1|2|4|405,0.0472|0.7052|0.2476,0.0663|0.6948|0.2388,0.0094865|0.13826|0.089569,,,,,,,state-markov,1,479,0.01372|0.1383|0.08191|0.03224,0.01295|0.06978|0.07063|0.02879,0.06897|0.5652|0.2083|0.1364,
controlled,105,3,any,hmc_in,,oracle,state-markov,,,,,-9967.27,0.08052,0.0906755,5448,012,True,0.0283019,424,0.0959395,5024,0.971698,0.99457,0.0570123,0.336009,0.967386,0.0304882,0|0|1|0|1|1|0|2|6|413,0|0|0.531|0|0.625418|0.707381|0|1.66322|5.38932|412.781,0|0|0|0|1|1|0|2|6|402,0.0472|0.7052|0.2476,0.0678|0.6941|0.2381,0.0096597|0.1386|0.089464,0.0090877|0.069726|0.06939,0.068304|0.56667|0.29378,,,,,state-markov,1,479,0.01372|0.1383|0.08191|0.03224,0.01295|0.06978|0.07063|0.02879,0.06897|0.5652|0.2083|0.1364,
controlled,105,3,any,pmc_pair,,oracle,ignorable,,,,,-4694.42,0.380307,0.142988,5448,012,True,0.162736,424,0.141322,5024,0.837264,0.984962,0.312268,3.1363,0.832848,0.151994,0|0|1|2|3|2|4|7|9|396,0|0|0.530837|1.08927|1.93187|1.41922|3.0243|5.84586|8.1075|395.675,0|0|0|2|0|1|2|5|8|337,0.0472|0.7052|0.2476,0.0909|0.7943|0.1148,,,,,,,,state-markov,1,479,0.01372|0.1383|0.08191|0.03224,0.01295|0.06978|0.07063|0.02879,0.06897|0.5652|0.2083|0.1364,
controlled,105,3,any,pmc_pair,,oracle,state,,,,,-6372.88,0.35538,0.140051,5448,012,True,0.148585,424,0.139331,5024,0.851415,0.997337,0.293355,3.01477,0.850928,0.14776,0|0|0|0|0|0|1|1|6|416,0|0|0|0|0|0|0.744869|0.865434|5.52177|415.739,0|0|0|0|0|0|1|1|1|358,0.0472|0.7052|0.2476,0.0705|0.8125|0.1170,0.0094865|0.13826|0.089569,,,,,,,state-markov,1,479,0.01372|0.1383|0.08191|0.03224,0.01295|0.06978|0.07063|0.02879,0.06897|0.5652|0.2083|0.1364,
controlled,105,3,any,pmc_pair,,oracle,state-markov,,,,,-6124.43,0.357412,0.138767,5448,012,True,0.148585,424,0.137938,5024,0.851415,0.996572,0.294652,2.99864,0.850027,0.146359,0|0|1|0|0|0|1|0|3|419,0|0|0.514914|0|0|0|0.745162|0|2.67002|418.616,0|0|0|0|0|0|1|0|2|358,0.0472|0.7052|0.2476,0.0705|0.8125|0.1170,0.0096597|0.1386|0.089464,0.0090877|0.069726|0.06939,0.068304|0.56667|0.29378,,,,,state-markov,1,479,0.01372|0.1383|0.08191|0.03224,0.01295|0.06978|0.07063|0.02879,0.06897|0.5652|0.2083|0.1364,
controlled,105,3,any,hmc_in,0,unsupervised,ignorable,start,22,2.60462,-2.2825|-0.2718|1.3905,-7297.67,0.101016,0.440712,5448,201,False,0.403302,424,0.443869,5024,0.596698,0.953318,0.743724,4.28923,0.596153,0.362293,0|0|7|12|7|5|7|11|22|353,0|0|3.56937|6.79724|4.47101|3.44981|5.35654|9.16089|19.859|351.543,0|0|2|8|2|3|1|1|11|225,0.0472|0.7052|0.2476,0.1703|0.7912|0.0385,,,,,,,-1780.7461|-1475.3744,state-markov,1,479,0.01372|0.1383|0.08191|0.03224,0.01295|0.06978|0.07063|0.02879,0.06897|0.5652|0.2083|0.1364,
controlled,105,3,any,hmc_in,0,unsupervised,state,start,21,2.28629,-2.2828|-0.2875|1.3770,-8942.7,0.134562,0.424743,5448,201,False,0.299528,424,0.435311,5024,0.700472,0.983412,0.576624,4.38895,0.699213,0.285599,0|0|3|0|1|7|1|8|10|394,0|0|1.52749|0|0.640712|4.98845|0.795586|6.80073|8.98481|393.229,0|0|0|0|1|1|1|5|7|282,0.0472|0.7052|0.2476,0.0609|0.9015|0.0376,0.019543|0.019286|0.12211,,,0.019543|0.019286|0.12211,,,-1780.7461|-1475.3744,state-markov,1,479,0.01372|0.1383|0.08191|0.03224,0.01295|0.06978|0.07063|0.02879,0.06897|0.5652|0.2083|0.1364,
controlled,105,3,any,hmc_in,0,unsupervised,state-markov,start,21,2.34976,-2.2820|-0.2851|1.3787,-8715.86,0.11048,0.430617,5448,201,False,0.320755,424,0.439889,5024,0.679245,0.966391,0.610328,4.29404,0.670489,0.289466,0|0|1|6|7|12|4|8|20|366,0|0|0.507048|3.43001|4.50803|8.33919|3.1156|6.71114|18.1043|365.034,0|0|0|3|5|4|1|6|15|254,0.0472|0.7052|0.2476,0.0929|0.8697|0.0375,0.019284|0.024514|0.11915,0.014798|0.019746|0.068374,0.24744|0.21424|0.49453,0.019284|0.024514|0.11915,0.014798|0.019746|0.068374,0.24744|0.21424|0.49453,-1780.7461|-1475.3744,state-markov,1,479,0.01372|0.1383|0.08191|0.03224,0.01295|0.06978|0.07063|0.02879,0.06897|0.5652|0.2083|0.1364,
controlled,105,3,any,hmc_in,0,unsupervised,state,ignorable fit,5,0.556202,-2.2909|-0.2948|1.3773,-8941.55,0.0997341,0.424192,5448,201,False,0.299528,424,0.434713,5024,0.700472,0.983385,0.576022,4.51785,0.699437,0.282913,0|0|3|0|0|7|2|8|10|394,0|0|1.52928|0|0|4.97125|1.52325|6.78777|8.91648|393.227,0|0|0|0|0|2|1|4|8|282,0.0472|0.7052|0.2476,0.0617|0.9013|0.0370,0.01936|0.0196|0.12201,,,0.01936|0.0196|0.12201,,,-1780.7461|-1475.3744,state-markov,1,479,0.01372|0.1383|0.08191|0.03224,0.01295|0.06978|0.07063|0.02879,0.06897|0.5652|0.2083|0.1364,
controlled,105,3,any,hmc_in,0,unsupervised,state-markov,ignorable fit,5,0.532615,-2.2910|-0.2934|1.3790,-8714.77,0.101615,0.4308,5448,201,False,0.332547,424,0.439092,5024,0.667453,0.96489,0.622635,4.42121,0.663134,0.302714,0|0|2|6|7|6|5|18|16|364,0|0|1.03979|3.3326|4.47033|4.19599|3.84152|15.0354|14.3759|362.822,0|0|2|0|3|2|4|7|14|251,0.0472|0.7052|0.2476,0.1018|0.8616|0.0365,0.018945|0.026211|0.1177,0.014622|0.02013|0.068083,0.2428|0.25213|0.48964,0.018945|0.026211|0.1177,0.014622|0.02013|0.068083,0.2428|0.25213|0.48964,-1780.7461|-1475.3744,state-markov,1,479,0.01372|0.1383|0.08191|0.03224,0.01295|0.06978|0.07063|0.02879,0.06897|0.5652|0.2083|0.1364,
controlled,105,3,any,hmc_in,,oracle,ignorable,,,,,-8484.25,0.135072,0.094163,5448,012,True,0.0913242,438,0.0944112,5010,0.908676,0.980724,0.147346,0.753534,0.913367,0.0732284,0|0|3|3|3|6|7|4|4|408,0|0|1.52543|1.74152|1.89609|4.10343|5.41151|3.33344|3.6452|407.9,0|0|1|2|1|1|3|2|1|387,0.0776|0.6530|0.2694,0.1431|0.6030|0.2539,,,,,,,,state-markov,2,497,0.01372|0.1383|0.08191|0.03224,0.01295|0.06978|0.07063|0.02879,0.06897|0.5652|0.2083|0.1364,
controlled,105,3,any,hmc_in,,oracle,state,,,,,-10290.6,0.116578,0.0877386,5448,012,True,0.0502283,438,0.091018,5010,0.949772,0.995146,0.0948864,0.480526,0.948517,0.04834,0|0|0|0|1|0|0|4|7|426,0|0|0|0|0.605462|0|0|3.35043|6.23402|425.684,0|0|0|0|0|0|0|4|3|409,0.0776|0.6530|0.2694,0.1077|0.6333|0.2590,0.016107|0.13225|0.10065,,,,,,,state-markov,2,497,0.01372|0.1383|0.08191|0.03224,0.01295|0.06978|0.07063|0.02879,0.06897|0.5652|0.2083|0.1364,
controlled,105,3,any,hmc_in,,oracle,state-markov,,,,,-10043.1,0.122654,0.0875551,5448,012,True,0.0410959,438,0.0916168,5010,0.958904,0.995322,0.0804151,0.400695,0.956142,0.0412272,0|0|0|0|2|0|0|3|6|427,0|0|0|0|1.22366|0|0|2.44913|5.49759|426.781,0|0|0|0|1|0|0|3|6|410,0.0776|0.6530|0.2694,0.1002|0.6404|0.2593,0.016279|0.13301|0.10078,0.016359|0.067612|0.082505,0.011446|0.5593|0.26387,,,,,state-markov,2,497,0.01372|0.1383|0.08191|0.03224,0.01295|0.06978|0.07063|0.02879,0.06897|0.5652|0.2083|0.1364,
controlled,105,3,any,pmc_pair,,oracle,ignorable,,,,,-4770.55,0.343972,0.14409,5448,012,True,0.226027,438,0.136926,5010,0.773973,0.979944,0.429232,3.94916,0.771946,0.208466,0|0|2|5|4|5|6|2|2|412,0|0|1.02423|2.84474|2.53944|3.44225|4.45368|1.67767|1.79909|411.435,0|0|1|2|1|2|5|1|1|326,0.0776|0.6530|0.2694,0.1444|0.7562|0.0994,,,,,,,,state-markov,2,497,0.01372|0.1383|0.08191|0.03224,0.01295|0.06978|0.07063|0.02879,0.06897|0.5652|0.2083|0.1364,
controlled,105,3,any,pmc_pair,,oracle,state,,,,,-6527.36,0.331929,0.138216,5448,012,True,0.189498,438,0.133733,5010,0.810502,0.995031,0.37887,3.7582,0.806358,0.190817,0|0|0|0|0|1|2|4|6|425,0|0|0|0|0|0.720379|1.54606|3.3564|5.51596|424.685,0|0|0|0|0|1|2|4|4|344,0.0776|0.6530|0.2694,0.1119|0.7879|0.1002,0.016107|0.13225|0.10065,,,,,,,state-markov,2,497,0.01372|0.1383|0.08191|0.03224,0.01295|0.06978|0.07063|0.02879,0.06897|0.5652|0.2083|0.1364,
controlled,105,3,any,pmc_pair,,oracle,state-markov,,,,,-6304.09,0.349714,0.135646,5448,012,True,0.189498,438,0.130938,5010,0.810502,0.994586,0.371914,3.63134,0.809637,0.185894,0|0|0|0|0|1|6|2|1|428,0|0|0|0|0|0.680173|4.69391|1.64448|0.923373|427.687,0|0|0|0|0|1|3|0|1|350,0.0776|0.6530|0.2694,0.1083|0.7913|0.1004,0.016279|0.13301|0.10078,0.016359|0.067612|0.082505,0.011446|0.5593|0.26387,,,,,state-markov,2,497,0.01372|0.1383|0.08191|0.03224,0.01295|0.06978|0.07063|0.02879,0.06897|0.5652|0.2083|0.1364,
controlled,105,3,any,hmc_in,0,unsupervised,ignorable,start,23,2.67037,-2.2963|-0.2976|1.3640,-7270.71,0.128942,0.42511,5448,201,False,0.413242,438,0.426148,5010,0.586758,0.944102,0.800931,4.67379,0.559266,0.371348,0|0|6|2|16|17|17|12|24|344,0|0|3.04874|1.16802|10.2918|11.9331|13.0308|10.0628|21.528|342.453,0|0|3|1|9|15|11|7|11|200,0.0776|0.6530|0.2694,0.1695|0.7626|0.0678,,,,,,,-1828.7054|-1566.7291,state-markov,2,497,0.01372|0.1383|0.08191|0.03224,0.01295|0.06978|0.07063|0.02879,0.06897|0.5652|0.2083|0.1364,
controlled,105,3,any,hmc_in,0,unsupervised,state,start,21,2.32022,-2.2952|-0.3081|1.3501,-9001.05,0.150787,0.416116,5448,201,False,0.351598,438,0.421756,5010,0.648402,0.98128,0.68764,4.32526,0.641707,0.335119,0|0|1|3|2|0|9|11|7|405,0|0|0.509288|1.67605|1.2697|0|6.91324|9.16099|6.44402|403.827,0|0|1|1|1|0|6|6|3|266,0.0776|0.6530|0.2694,0.0853|0.8510|0.0637,0.033141|0.024194|0.11614,,,0.033141|0.024194|0.11614,,,-1828.7054|-1566.7291,state-markov,2,497,0.01372|0.1383|0.08191|0.03224,0.01295|0.06978|0.07063|0.02879,0.06897|0.5652|0.2083|0.1364,
controlled,105,3,any,hmc_in,0,unsupervised,state-markov,start,22,2.50827,-2.2963|-0.3101|1.3509,-8792.96,0.0960973,0.41942,5448,201,False,0.385845,438,0.422355,5010,0.614155,0.96544,0.725483,4.53765,0.612448,0.356493,0|5|2|7|3|4|8|4|21|384,0|2.23054|1.01185|4.00966|1.84571|2.85931|6.13093|3.28615|18.8545|382.634,0|0|0|3|0|4|0|2|16|244,0.0776|0.6530|0.2694,0.1106|0.8196|0.0698,0.035651|0.028276|0.11247,0.026915|0.022449|0.068686,0.27194|0.22852|0.45798,0.035651|0.028276|0.11247,0.026915|0.022449|0.068686,0.27194|0.22852|0.45798,-1828.7054|-1566.7291,state-markov,2,497,0.01372|0.1383|0.08191|0.03224,0.01295|0.06978|0.07063|0.02879,0.06897|0.5652|0.2083|0.1364,
controlled,105,3,any,hmc_in,0,unsupervised,state,ignorable fit,4,0.426597,-2.3016|-0.3116|1.3525,-9000.33,0.0754935,0.414831,5448,201,False,0.351598,438,0.420359,5010,0.648402,0.980477,0.689212,4.55972,0.640481,0.339983,0|0|2|2|2|3|8|7|9|405,0|0|0.998652|1.15149|1.26954|2.13905|6.08623|5.77557|8.2229|403.805,0|0|2|0|2|2|5|4|3|266,0.0776|0.6530|0.2694,0.0872|0.8496|0.0632,0.032966|0.025035|0.11584,,,0.032966|0.025035|0.11584,,,-1828.7054|-1566.7291,state-markov,2,497,0.01372|0.1383|0.08191|0.03224,0.01295|0.06978|0.07063|0.02879,0.06897|0.5652|0.2083|0.1364,
controlled,105,3,any,hmc_in,0,unsupervised,state-markov,ignorable fit,4,0.485791,-2.3016|-0.3121|1.3541,-8792.48,0.114384,0.418869,5448,201,False,0.385845,438,0.421756,5010,0.614155,0.966358,0.738211,4.7013,0.605762,0.357572,0|1|3|4|2|6|16|11|15|380,0|0.462958|1.57147|2.24527|1.26484|4.2527|12.3132|9.13056|13.494|378.53,0|0|2|1|0|5|6|3|11|241,0.0776|0.6530|0.2694,0.1235|0.8126|0.0639,0.033188|0.030743|0.11153,0.026516|0.02293|0.068587,0.22756|0.27706|0.4536,0.033188|0.030743|0.11153,0.026516|0.02293|0.068587,0.22756|0.27706|0.4536,-1828.7054|-1566.7291,state-markov,2,497,0.01372|0.1383|0.08191|0.03224,0.01295|0.06978|0.07063|0.02879,0.06897|0.5652|0.2083|0.1364,
controlled,105,3,any,hmc_in,,oracle,ignorable,,,,,-8496.81,0.0807605,0.0934288,5448,012,True,0.0737101,407,0.0950208,5041,0.92629,0.982402,0.122713,0.575168,0.926668,0.0561124,0|0|2|2|4|5|4|3|6|381,0|0|1.02391|1.12635|2.47575|3.4503|3.07335|2.48315|5.4333|380.772,0|0|1|1|1|2|3|1|4|364,0.0811|0.7224|0.1966,0.1233|0.6850|0.1917,,,,,,,,state-markov,3,474,0.01372|0.1383|0.08191|0.03224,0.01295|0.06978|0.07063|0.02879,0.06897|0.5652|0.2083|0.1364,
controlled,105,3,any,hmc_in,,oracle,state,,,,,-10219.1,0.115085,0.0959985,5448,012,True,0.0589681,407,0.0989883,5041,0.941032,0.990685,0.0961558,0.458792,0.945248,0.0513172,0|0|0|4|1|0|3|1|6|392,0|0|0|2.36051|0.661398|0|2.28224|0.827971|5.32066|391.756,0|0|0|0|1|0|0|0|3|379,0.0811|0.7224|0.1966,0.0885|0.7198|0.1917,0.015633|0.13595|0.068255,,,,,,,state-markov,3,474,0.01372|0.1383|0.08191|0.03224,0.01295|0.06978|0.07063|0.02879,0.06897|0.5652|0.2083|0.1364,
controlled,105,3,any,hmc_in,,oracle,state-markov,,,,,-9990.41,0.0785943,0.089207,5448,012,True,0.046683,407,0.0926403,5041,0.953317,0.993215,0.0815958,0.422441,0.954197,0.0418213,0|0|0|0|4|1|1|2|2|397,0|0|0|0|2.58913|0.707592|0.76575|1.6423|1.8428|396.691,0|0|0|0|1|0|1|0|2|384,0.0811|0.7224|0.1966,0.0946|0.7138|0.1917,0.015801|0.13714|0.068463,0.01587|0.070001|0.062252,0.011486|0.55956|0.15297,,,,,state-markov,3,474,0.01372|0.1383|0.08191|0.03224,0.01295|0.06978|0.07063|0.02879,0.06897|0.5652|0.2083|0.1364,
controlled,105,3,any,pmc_pair,,oracle,ignorable,,,,,-4762.68,0.296733,0.138216,5448,012,True,0.181818,407,0.134695,5041,0.818182,0.975472,0.337761,3.07028,0.814458,0.159608,0|0|3|4|2|12|6|4|1|375,0|0|1.52835|2.30064|1.20747|8.50072|4.64434|3.39031|0.879882|374.565,0|0|2|1|1|8|4|3|0|314,0.0811|0.7224|0.1966,0.1263|0.8089|0.0648,,,,,,,,state-markov,3,474,0.01372|0.1383|0.08191|0.03224,0.01295|0.06978|0.07063|0.02879,0.06897|0.5652|0.2083|0.1364,
controlled,105,3,any,pmc_pair,,oracle,state,,,,,-6454.23,0.366485,0.132893,5448,012,True,0.149877,407,0.131522,5041,0.850123,0.994756,0.292883,3.0161,0.849343,0.149439,0|0|0|0|2|0|0|2|6|397,0|0|0|0|1.25246|0|0|1.65359|5.36836|396.591,0|0|0|0|0|0|0|2|6|338,0.0811|0.7224|0.1966,0.0982|0.8374|0.0644,0.015633|0.13595|0.068255,,,,,,,state-markov,3,474,0.01372|0.1383|0.08191|0.03224,0.01295|0.06978|0.07063|0.02879,0.06897|0.5652|0.2083|0.1364,
controlled,105,3,any,pmc_pair,,oracle,state-markov,,,,,-6255.57,0.304741,0.132526,5448,012,True,0.149877,407,0.131125,5041,0.850123,0.995844,0.296815,2.88769,0.848245,0.150045,0|0|0|0|2|0|0|1|4|400,0|0|0|0|1.29755|0|0|0.822547|3.60326|399.585,0|0|0|0|2|0|0|1|0|343,0.0811|0.7224|0.1966,0.0988|0.8363|0.0648,0.015801|0.13714|0.068463,0.01587|0.070001|0.062252,0.011486|0.55956|0.15297,,,,,state-markov,3,474,0.01372|0.1383|0.08191|0.03224,0.01295|0.06978|0.07063|0.02879,0.06897|0.5652|0.2083|0.1364,
controlled,105,3,any,hmc_in,0,unsupervised,ignorable,start,23,2.48771,-2.2842|-0.2805|1.3780,-7322.59,0.0623488,0.433003,5448,201,False,0.388206,407,0.43662,5041,0.611794,0.957935,0.724207,3.94949,0.607349,0.348569,0|2|7|2|7|4|10|8|26|341,0|0.904607|3.50598|1.15482|4.48751|2.8405|7.66807|6.62413|23.4983|339.196,0|0|4|1|2|1|5|2|9|225,0.0811|0.7224|0.1966,0.1956|0.7433|0.0611,,,,,,,-1767.2969|-1522.0188,state-markov,3,474,0.01372|0.1383|0.08191|0.03224,0.01295|0.06978|0.07063|0.02879,0.06897|0.5652|0.2083|0.1364,
controlled,105,3,any,hmc_in,0,unsupervised,state,start,23,2.32795,-2.2854|-0.2835|1.3742,-9014.19,0.0695057,0.426028,5448,201,False,0.307125,407,0.435628,5041,0.692875,0.96381,0.561435,3.60888,0.695494,0.27318,0|0|8|9|7|3|2|5|9|364,0|0|4.13282|5.09913|4.32197|2.18327|1.54318|4.14303|8.04313|362.804,0|0|3|1|1|1|2|3|7|264,0.0811|0.7224|0.1966,0.1179|0.8316|0.0505,0.025695|0.031102|0.1076,,,0.025695|0.031102|0.1076,,,-1767.2969|-1522.0188,state-markov,3,474,0.01372|0.1383|0.08191|0.03224,0.01295|0.06978|0.07063|0.02879,0.06897|0.5652|0.2083|0.1364,
controlled,105,3,any,hmc_in,0,unsupervised,state-markov,start,24,2.50579,-2.2880|-0.2956|1.3652,-8807.29,0.0912114,0.422357,5448,201,False,0.31941,407,0.430669,5041,0.68059,0.962136,0.585366,3.59838,0.679975,0.286763,0|0|3|4|9|14|5|6|16|350,0|0|1.51314|2.35318|5.69809|9.90794|3.76761|4.93843|14.3405|349.071,0|0|0|1|3|3|2|6|12|250,0.0811|0.7224|0.1966,0.1219|0.8153|0.0628,0.028839|0.032346|0.10509,0.019248|0.028365|0.062952,0.35183|0.15146|0.46391,0.028839|0.032346|0.10509,0.019248|0.028365|0.062952,0.35183|0.15146|0.46391,-1767.2969|-1522.0188,state-markov,3,474,0.01372|0.1383|0.08191|0.03224,0.01295|0.06978|0.07063|0.02879,0.06897|0.5652|0.2083|0.1364,
controlled,105,3,any,hmc_in,0,unsupervised,state,ignorable fit,4,0.399605,-2.2922|-0.2927|1.3711,-9013.11,0.102282,0.424927,5448,201,False,0.312039,407,0.434041,5041,0.687961,0.964553,0.562373,3.69441,0.694887,0.276593,0|0|5|8|8|5|4|6|9|362,0|0|2.55047|4.53628|5.07404|3.4208|3.0221|5.0174|8.08769|360.864,0|0|1|2|0|1|2|4|6|264,0.0811|0.7224|0.1966,0.1214|0.8305|0.0481,0.024873|0.032175|0.10674,,,0.024873|0.032175|0.10674,,,-1767.2969|-1522.0188,state-markov,3,474,0.01372|0.1383|0.08191|0.03224,0.01295|0.06978|0.07063|0.02879,0.06897|0.5652|0.2083|0.1364,
controlled,105,3,any,hmc_in,0,unsupervised,state-markov,ignorable fit,5,0.513503,-2.2943|-0.2993|1.3674,-8806.91,0.0746949,0.422173,5448,201,False,0.316953,407,0.430669,5041,0.683047,0.959331,0.596471,3.72084,0.67222,0.28535,0|1|1|4|10|11|13|13|6|348,0|0.441398|0.50348|2.32577|6.29844|7.75576|9.90226|10.825|5.45455|346.941,0|1|1|2|3|8|4|5|6|248,0.0811|0.7224|0.1966,0.1371|0.8071|0.0558,0.026617|0.034749|0.10396,0.018647|0.028913|0.06273,0.31809|0.19686|0.45931,0.026617|0.034749|0.10396,0.018647|0.028913|0.06273,0.31809|0.19686|0.45931,-1767.2969|-1522.0188,state-markov,3,474,0.01372|0.1383|0.08191|0.03224,0.01295|0.06978|0.07063|0.02879,0.06897|0.5652|0.2083|0.1364,
controlled,105,3,any,hmc_in,,oracle,ignorable,,,,,-8504.28,0.061679,0.0939794,5448,012,True,0.0784314,408,0.0952381,5040,0.921569,0.989583,0.136029,0.689571,0.924807,0.0680143,0|0|0|3|1|4|4|1|0|395,0|0|0|1.69744|0.666346|2.78149|3.0317|0.843077|0|394.73,0|0|0|1|0|1|2|0|0|372,0.0515|0.6789|0.2696,0.1031|0.6363|0.2606,,,,,,,,state-markov,4,486,0.01372|0.1383|0.08191|0.03224,0.01295|0.06978|0.07063|0.02879,0.06897|0.5652|0.2083|0.1364,
controlled,105,3,any,hmc_in,,oracle,state,,,,,-10274.8,0.0933233,0.0859031,5448,012,True,0.0367647,408,0.089881,5040,0.963235,0.99422,0.0742621,0.44985,0.958423,0.0392343,0|0|0|0|1|1|3|3|3|397,0|0|0|0|0.620557|0.683653|2.27766|2.46331|2.73523|396.861,0|0|0|0|1|1|3|2|3|383,0.0515|0.6789|0.2696,0.0678|0.6704|0.2618,0.0099598|0.12809|0.093832,,,,,,,state-markov,4,486,0.01372|0.1383|0.08191|0.03224,0.01295|0.06978|0.07063|0.02879,0.06897|0.5652|0.2083|0.1364,
controlled,105,3,any,hmc_in,,oracle,state-markov,,,,,-10052,0.128857,0.0881057,5448,012,True,0.0392157,408,0.0920635,5040,0.960784,0.995482,0.0747735,0.449749,0.958864,0.0398413,0|0|0|0|0|1|2|1|9|395,0|0|0|0|0|0.677901|1.57404|0.825107|8.1256|394.954,0|0|0|0|0|0|1|1|9|381,0.0515|0.6789|0.2696,0.0682|0.6701|0.2617,0.010119|0.12797|0.09389,0.010049|0.068952|0.083845,0.01694|0.53012|0.19083,,,,,state-markov,4,486,0.01372|0.1383|0.08191|0.03224,0.01295|0.06978|0.07063|0.02879,0.06897|0.5652|0.2083|0.1364,
controlled,105,3,any,pmc_pair,,oracle,ignorable,,,,,-4789.89,0.338355,0.139134,5448,012,True,0.218137,408,0.132738,5040,0.781863,0.988648,0.418411,3.91928,0.783246,0.21224,0|0|4|1|1|1|2|2|2|395,0|0|2.0611|0.574319|0.646945|0.723889|1.48702|1.63799|1.82582|394.411,0|0|1|1|0|0|2|0|2|313,0.0515|0.6789|0.2696,0.0985|0.8031|0.0984,,,,,,,,state-markov,4,486,0.01372|0.1383|0.08191|0.03224,0.01295|0.06978|0.07063|0.02879,0.06897|0.5652|0.2083|0.1364,
controlled,105,3,any,pmc_pair,,oracle,state,,,,,-6517.02,0.335961,0.140602,5448,012,True,0.191176,408,0.136508,5040,0.808824,0.998855,0.382024,3.82473,0.807896,0.191425,0|0|0|0|0|0|0|0|4|404,0|0|0|0|0|0|0|0|3.7157|403.817,0|0|0|0|0|0|0|0|4|326,0.0515|0.6789|0.2696,0.0743|0.8274|0.0982,0.0099598|0.12809|0.093832,,,,,,,state-markov,4,486,0.01372|0.1383|0.08191|0.03224,0.01295|0.06978|0.07063|0.02879,0.06897|0.5652|0.2083|0.1364,
controlled,105,3,any,pmc_pair,,oracle,state-markov,,,,,-6326.04,0.341303,0.137482,5448,012,True,0.191176,408,0.133135,5040,0.808824,0.998596,0.381895,3.69799,0.807763,0.19155,0|0|0|0|0|0|0|0|3|405,0|0|0|0|0|0|0|0|2.63748|404.79,0|0|0|0|0|0|0|0|3|327,0.0515|0.6789|0.2696,0.0746|0.8272|0.0982,0.010119|0.12797|0.09389,0.010049|0.068952|0.083845,0.01694|0.53012|0.19083,,,,,state-markov,4,486,0.01372|0.1383|0.08191|0.03224,0.01295|0.06978|0.07063|0.02879,0.06897|0.5652|0.2083|0.1364,
controlled,105,3,any,hmc_in,0,unsupervised,ignorable,start,27,2.90621,-2.2993|-0.3105|1.3494,-7292.37,0.130523,0.427129,5448,201,False,0.39951,408,0.429365,5040,0.60049,0.971751,0.760688,4.88294,0.599399,0.371261,0|0|4|2|7|2|8|9|11|365,0|0|2.05625|1.0904|4.43813|1.41551|6.04587|7.54546|9.96182|363.921,0|0|0|1|2|0|1|5|9|227,0.0515|0.6789|0.2696,0.1318|0.8290|0.0392,,,,,,,-1799.4815|-1575.2271,state-markov,4,486,0.01372|0.1383|0.08191|0.03224,0.01295|0.06978|0.07063|0.02879,0.06897|0.5652|0.2083|0.1364,
controlled,105,3,any,hmc_in,0,unsupervised,state,start,23,2.51174,-2.2826|-0.2728|1.3714,-9001.57,0.0749105,0.428965,5448,201,False,0.370098,408,0.43373,5040,0.629902,0.975723,0.724624,4.95007,0.620527,0.353098,0|0|3|5|4|5|4|5|5|377,0|0|1.51549|2.8897|2.55185|3.51544|3.07819|4.1835|4.52715|375.834,0|0|3|1|2|3|2|2|4|240,0.0515|0.6789|0.2696,0.1145|0.8501|0.0353,0.02301|0.032628|0.11178,,,0.02301|0.032628|0.11178,,,-1799.4815|-1575.2271,state-markov,4,486,0.01372|0.1383|0.08191|0.03224,0.01295|0.06978|0.07063|0.02879,0.06897|0.5652|0.2083|0.1364,
controlled,105,3,any,hmc_in,0,unsupervised,state-markov,start,23,2.59455,-2.2844|-0.2822|1.3633,-8820.71,0.11925,0.427496,5448,201,False,0.384804,408,0.430952,5040,0.615196,0.975419,0.745559,5.02631,0.610022,0.360223,0|0|3|5|4|5|4|6|4|377,0|0|1.56725|2.83264|2.58968|3.42803|3.01749|5.0343|3.65606|375.846,0|0|1|2|0|3|2|4|2|237,0.0515|0.6789|0.2696,0.1261|0.8399|0.0341,0.022894|0.034242|0.11012,0.020207|0.025875|0.071281,0.13759|0.27021|0.42399,0.022894|0.034242|0.11012,0.020207|0.025875|0.071281,0.13759|0.27021|0.42399,-1799.4815|-1575.2271,state-markov,4,486,0.01372|0.1383|0.08191|0.03224,0.01295|0.06978|0.07063|0.02879,0.06897|0.5652|0.2083|0.1364,
controlled,105,3,any,hmc_in,0,unsupervised,state,ignorable fit,4,0.463617,-2.3060|-0.3140|1.3538,-8997.1,0.0916731,0.424743,5448,201,False,0.372549,408,0.428968,5040,0.627451,0.979322,0.724344,5.06258,0.622646,0.35647,0|0|0|5|4|4|4|5|6|380,0|0|0|2.83047|2.53172|2.81662|3.06173|4.20003|5.39809|378.725,0|0|0|2|1|2|4|1|3|243,0.0515|0.6789|0.2696,0.1133|0.8532|0.0335,0.021956|0.032902|0.11028,,,0.021956|0.032902|0.11028,,,-1799.4815|-1575.2271,state-markov,4,486,0.01372|0.1383|0.08191|0.03224,0.01295|0.06978|0.07063|0.02879,0.06897|0.5652|0.2083|0.1364,
controlled,105,3,any,hmc_in,0,unsupervised,state-markov,ignorable fit,3,0.336635,-2.3043|-0.3164|1.3493,-8816.56,0.0788973,0.425661,5448,201,False,0.384804,408,0.428968,5040,0.615196,0.977717,0.743717,5.08888,0.612415,0.362521,0|0|2|3|6|5|3|4|5|380,0|0|1.04781|1.68494|3.71497|3.53054|2.23239|3.34743|4.53163|378.819,0|0|1|0|2|2|1|3|3|239,0.0515|0.6789|0.2696,0.1236|0.8429|0.0334,0.022569|0.034302|0.1089,0.019568|0.026056|0.070555,0.15252|0.26645|0.42266,0.022569|0.034302|0.1089,0.019568|0.026056|0.070555,0.15252|0.26645|0.42266,-1799.4815|-1575.2271,state-markov,4,486,0.01372|0.1383|0.08191|0.03224,0.01295|0.06978|0.07063|0.02879,0.06897|0.5652|0.2083|0.1364,
real,102,2,ge10,hmc_in,0,oracle,ignorable,,,,,-11505,0.0392666,0.067388,5268,01,True,0,159,0.0694852,5109,1,1,2.32421e-15,2.2831e-08,1,2.2831e-08,0|0|0|0|0|0|0|0|0|159,0|0|0|0|0|0|0|0|0|159,0|0|0|0|0|0|0|0|0|159,0.0000|1.0000,0.0000|1.0000,,,,,,,,,,,,,,1:nan:0:0.0533:469|2:nan:0:0.0537:447|3:nan:0:0.0195:512|4:0.0000:46:0.0165:605|5:0.0000:33:0.0000:151|6:nan:0:0.0438:502|7:0.0000:72:0.0249:523|12:nan:0:0.0980:347|13:nan:0:0.0689:305|16:nan:0:0.0676:414|17:nan:0:0.2721:577|24:0.0000:8:0.0428:257
real,102,2,ge10,hmc_in,0,oracle,state,,,,,-12309.2,0.058567,0.0671982,5268,01,True,0,159,0.0692895,5109,1,1,8.90421e-24,2.10362e-12,1,2.10339e-12,0|0|0|0|0|0|0|0|0|159,0|0|0|0|0|0|0|0|0|159,0|0|0|0|0|0|0|0|0|159,0.0000|1.0000,0.0000|1.0000,9.4505e-06|0.048719,,,,,,,,,,,,,1:nan:0:0.0533:469|2:nan:0:0.0537:447|3:nan:0:0.0195:512|4:0.0000:46:0.0165:605|5:0.0000:33:0.0000:151|6:nan:0:0.0438:502|7:0.0000:72:0.0249:523|12:nan:0:0.0980:347|13:nan:0:0.0689:305|16:nan:0:0.0676:414|17:nan:0:0.2704:577|24:0.0000:8:0.0428:257
real,102,2,ge10,hmc_in,0,oracle,state-markov,,,,,-12260.3,0.0649005,0.0671982,5268,01,True,0,159,0.0692895,5109,1,1,6.77478e-16,6.46159e-09,1,6.46159e-09,0|0|0|0|0|0|0|0|0|159,0|0|0|0|0|0|0|0|0|159,0|0|0|0|0|0|0|0|0|159,0.0000|1.0000,0.0000|1.0000,9.6619e-06|0.048717,7.7012e-06|0.040585,0.20294|0.20752,,,,,,,,,,,1:nan:0:0.0533:469|2:nan:0:0.0537:447|3:nan:0:0.0195:512|4:0.0000:46:0.0165:605|5:0.0000:33:0.0000:151|6:nan:0:0.0438:502|7:0.0000:72:0.0249:523|12:nan:0:0.0980:347|13:nan:0:0.0689:305|16:nan:0:0.0676:414|17:nan:0:0.2704:577|24:0.0000:8:0.0428:257
real,102,2,ge10,pmc_pair,0,oracle,ignorable,,,,,-6818.3,0.135534,0.035877,5268,01,True,0,159,0.0369935,5109,1,1,7.53535e-14,1.12399e-07,1,1.12399e-07,0|0|0|0|0|0|0|0|0|159,0|0|0|0|0|0|0|0|0|159,0|0|0|0|0|0|0|0|0|159,0.0000|1.0000,0.0000|1.0000,,,,,,,,,,,,,,1:nan:0:0.0000:469|2:nan:0:0.0000:447|3:nan:0:0.0000:512|4:0.0000:46:0.0347:605|5:0.0000:33:0.0530:151|6:nan:0:0.0438:502|7:0.0000:72:0.0268:523|12:nan:0:0.0692:347|13:nan:0:0.0459:305|16:nan:0:0.0821:414|17:nan:0:0.0711:577|24:0.0000:8:0.0428:257
real,102,2,ge10,pmc_pair,0,oracle,state,,,,,-7591.98,0.156085,0.035877,5268,01,True,0,159,0.0369935,5109,1,1,4.74108e-22,1.00451e-11,1,1.00456e-11,0|0|0|0|0|0|0|0|0|159,0|0|0|0|0|0|0|0|0|159,0|0|0|0|0|0|0|0|0|159,0.0000|1.0000,0.0000|1.0000,9.4505e-06|0.048719,,,,,,,,,,,,,1:nan:0:0.0000:469|2:nan:0:0.0000:447|3:nan:0:0.0000:512|4:0.0000:46:0.0347:605|5:0.0000:33:0.0530:151|6:nan:0:0.0438:502|7:0.0000:72:0.0268:523|12:nan:0:0.0692:347|13:nan:0:0.0459:305|16:nan:0:0.0821:414|17:nan:0:0.0711:577|24:0.0000:8:0.0428:257
real,102,2,ge10,pmc_pair,0,oracle,state-markov,,,,,-7550.99,0.143081,0.035877,5268,01,True,0,159,0.0369935,5109,1,1,1.66384e-14,3.13889e-08,1,3.13889e-08,0|0|0|0|0|0|0|0|0|159,0|0|0|0|0|0|0|0|0|159,0|0|0|0|0|0|0|0|0|159,0.0000|1.0000,0.0000|1.0000,9.6619e-06|0.048717,7.7012e-06|0.040585,0.20294|0.20752,,,,,,,,,,,1:nan:0:0.0000:469|2:nan:0:0.0000:447|3:nan:0:0.0000:512|4:0.0000:46:0.0347:605|5:0.0000:33:0.0530:151|6:nan:0:0.0438:502|7:0.0000:72:0.0268:523|12:nan:0:0.0692:347|13:nan:0:0.0459:305|16:nan:0:0.0821:414|17:nan:0:0.0711:577|24:0.0000:8:0.0428:257
real,102,2,ge10,hmc_in,0,unsupervised,ignorable,start,4,0.493583,-1.9211|0.8060,-10248.4,0.0932503,0.0985194,5268,01,True,0,159,0.101585,5109,1,0.997432,2.93446e-05,0.00257582,0.997432,0.00256844,0|0|0|0|0|0|0|0|0|159,0|0|0|0|0|0|0|0|0|158.592,0|0|0|0|0|0|0|0|0|159,0.0000|1.0000,0.0026|0.9974,,,,,,,-838.0507|-782.2845,,,,,,,
real,102,2,ge10,hmc_in,0,unsupervised,state,ignorable fit,4,0.478778,-1.9115|0.8112,-11018.9,0.0998546,0.0968109,5268,01,True,0,159,0.0998238,5109,1,0.99998,7.96686e-10,1.99578e-05,0.99998,1.99576e-05,0|0|0|0|0|0|0|0|0|159,0|0|0|0|0|0|0|0|0|158.997,0|0|0|0|0|0|0|0|0|159,0.0000|1.0000,0.0000|1.0000,0.00046449|0.030014,,,0.00046449|0.030014,,,-838.0507|-782.2845,,,,,,,
real,102,2,ge10,hmc_in,0,unsupervised,state-markov,ignorable fit,3,0.343442,-1.9149|0.8092,-10975.2,0.109674,0.0973804,5268,01,True,0,159,0.100411,5109,1,0.997354,0.000147642,0.00268408,0.997354,0.0026463,0|0|0|0|0|0|0|0|0|159,0|0|0|0|0|0|0|0|0|158.579,0|0|0|0|0|0|0|0|0|159,0.0000|1.0000,0.0026|0.9974,0.00085074|0.029698,0.00059496|0.024539,0.30125|0.19825,0.00085074|0.029698,0.00059496|0.024539,0.30125|0.19825,-838.0507|-782.2845,,,,,,,
real,102,2,ge10,hmc_in,1,unsupervised,ignorable,start,5,0.58743,-1.9388|0.7948,-10250.1,0.107653,0.101557,5268,01,True,0,159,0.104717,5109,1,0.997479,2.8261e-05,0.00252842,0.997479,0.00252131,0|0|0|0|0|0|0|0|0|159,0|0|0|0|0|0|0|0|0|158.599,0|0|0|0|0|0|0|0|0|159,0.0000|1.0000,0.0025|0.9975,,,,,,,-838.0507|-782.2845,,,,,,,
real,102,2,ge10,hmc_in,1,unsupervised,state,ignorable fit,4,0.487087,-1.9216|0.8052,-11019.8,0.121756,0.0981397,5268,01,True,0,159,0.101194,5109,1,0.99998,8.25106e-10,2.03106e-05,0.99998,2.03104e-05,0|0|0|0|0|0|0|0|0|159,0|0|0|0|0|0|0|0|0|158.997,0|0|0|0|0|0|0|0|0|159,0.0000|1.0000,0.0000|1.0000,0.00046945|0.029882,,,0.00046945|0.029882,,,-838.0507|-782.2845,,,,,,,
real,102,2,ge10,hmc_in,1,unsupervised,state-markov,ignorable fit,4,0.499009,-1.9224|0.8047,-10975.9,0.118288,0.0981397,5268,01,True,0,159,0.101194,5109,1,0.996619,0.000253612,0.00344668,0.996619,0.00338129,0|0|0|0|0|0|0|0|2|157,0|0|0|0|0|0|0|0|1.89229|156.57,0|0|0|0|0|0|0|0|2|157,0.0000|1.0000,0.0034|0.9966,0.00085338|0.02959,0.00057667|0.02447,0.32482|0.1975,0.00085338|0.02959,0.00057667|0.02447,0.32482|0.1975,-838.0507|-782.2845,,,,,,,
real,102,2,ge10,hmc_in,2,unsupervised,ignorable,start,5,0.593726,-1.9019|0.8169,-10248.2,0.10283,0.0966211,5268,01,True,0,159,0.0996281,5109,1,0.997481,2.828e-05,0.0025263,0.997481,0.00251919,0|0|0|0|0|0|0|0|0|159,0|0|0|0|0|0|0|0|0|158.599,0|0|0|0|0|0|0|0|0|159,0.0000|1.0000,0.0025|0.9975,,,,,,,-838.0507|-782.2845,,,,,,,
real,102,2,ge10,hmc_in,2,unsupervised,state,ignorable fit,3,0.382502,-1.9038|0.8157,-11018.9,0.112423,0.0966211,5268,01,True,0,159,0.0996281,5109,1,0.999971,1.64396e-09,2.86677e-05,0.999971,2.86673e-05,0|0|0|0|0|0|0|0|0|159,0|0|0|0|0|0|0|0|0|158.995,0|0|0|0|0|0|0|0|0|159,0.0000|1.0000,0.0000|1.0000,0.00066994|0.02999,,,0.00066994|0.02999,,,-838.0507|-782.2845,,,,,,,
real,102,2,ge10,hmc_in,2,unsupervised,state-markov,ignorable fit,3,0.375481,-1.9042|0.8155,-10974.9,0.121373,0.0966211,5268,01,True,0,159,0.0996281,5109,1,0.99756,0.000123441,0.00247163,0.99756,0.00244011,0|0|0|0|0|0|0|0|0|159,0|0|0|0|0|0|0|0|0|158.612,0|0|0|0|0|0|0|0|0|159,0.0000|1.0000,0.0024|0.9976,0.00083841|0.02984,0.00059252|0.024655,0.29387|0.19844,0.00083841|0.02984,0.00059252|0.024655,0.29387|0.19844,-838.0507|-782.2845,,,,,,,
real,102,2,ge10,hmc_in,0,unsupervised,state,start,4,0.517518,-1.9176|0.8081,-11019.4,0.0923158,0.0977601,5268,01,True,0,159,0.100803,5109,1,0.999979,8.71145e-10,2.08695e-05,0.999979,2.08693e-05,0|0|0|0|0|0|0|0|0|159,0|0|0|0|0|0|0|0|0|158.997,0|0|0|0|0|0|0|0|0|159,0.0000|1.0000,0.0000|1.0000,0.00047407|0.029936,,,0.00047407|0.029936,,,-838.0507|-782.2845,,,,,,,
real,102,2,ge10,hmc_in,1,unsupervised,state,start,6,0.737755,-1.9264|0.8023,-11020.4,0.130143,0.0987092,5268,01,True,0,159,0.101781,5109,1,0.999984,4.82416e-10,1.55305e-05,0.999984,1.55304e-05,0|0|0|0|0|0|0|0|0|159,0|0|0|0|0|0|0|0|0|158.998,0|0|0|0|0|0|0|0|0|159,0.0000|1.0000,0.0000|1.0000,0.00035775|0.029886,,,0.00035775|0.029886,,,-838.0507|-782.2845,,,,,,,
real,102,2,ge10,hmc_in,2,unsupervised,state,start,5,0.55562,-1.8983|0.8191,-11018.7,0.100367,0.0962415,5268,01,True,0,159,0.0992366,5109,1,0.999984,5.06463e-10,1.59129e-05,0.999984,1.59127e-05,0|0|0|0|0|0|0|0|0|159,0|0|0|0|0|0|0|0|0|158.997,0|0|0|0|0|0|0|0|0|159,0.0000|1.0000,0.0000|1.0000,0.00037154|0.03024,,,0.00037154|0.03024,,,-838.0507|-782.2845,,,,,,,
real,102,2,ge10,hmc_in,0,unsupervised,state-markov,start,4,0.506595,-1.9184|0.8077,-10975.3,0.0899399,0.0977601,5268,01,True,0,159,0.100803,5109,1,0.987182,0.00431785,0.0140571,0.987182,0.0128178,0|0|0|0|0|6|0|4|0|149,0|0|0|0|0|4.76444|0|3.41835|0|148.779,0|0|0|0|0|6|0|4|0|149,0.0000|1.0000,0.0128|0.9872,0.0010886|0.029416,0.00057591|0.024519,0.47155|0.191,0.0010886|0.029416,0.00057591|0.024519,0.47155|0.191,-838.0507|-782.2845,,,,,,,
real,102,2,ge10,hmc_in,1,unsupervised,state-markov,start,6,0.651832,-1.9280|0.8013,-10976.5,0.102575,0.0987092,5268,01,True,0,159,0.101781,5109,1,0.991964,0.00162758,0.00847717,0.991964,0.00803555,0|0|0|0|0|0|0|6|4|149,0|0|0|0|0|0|0|5.23661|3.65334|148.832,0|0|0|0|0|0|0|6|4|149,0.0000|1.0000,0.0080|0.9920,0.00099225|0.029392,0.00057982|0.02441,0.41623|0.19392,0.00099225|0.029392,0.00057982|0.02441,0.41623|0.19392,-838.0507|-782.2845,,,,,,,
real,102,2,ge10,hmc_in,2,unsupervised,state-markov,start,4,0.52943,-1.8972|0.8203,-10975,0.104108,0.0962415,5268,01,True,0,159,0.0992366,5109,1,0.987834,0.00387426,0.0132688,0.987834,0.0121655,0|0|0|0|0|2|4|4|0|149,0|0|0|0|0|1.59087|3.23774|3.451|0|148.786,0|0|0|0|0|2|4|4|0|149,0.0000|1.0000,0.0122|0.9878,0.0010542|0.029692,0.00056623|0.024753,0.46344|0.19109,0.0010542|0.029692,0.00056623|0.024753,0.46344|0.19109,-838.0507|-782.2845,,,,,,,
real,102,2,any,hmc_in,0,oracle,ignorable,,,,,-10677.2,0.0453833,0.067388,5268,01,True,0.00878294,797,0.0778349,4471,0.991217,0.999056,0.015824,0.0575645,0.991319,0.00832217,0|0|0|0|0|1|1|2|0|793,0|0|0|0|0|0.751244|0.807545|1.71811|0|792.971,0|0|0|0|0|0|1|1|0|788,0.0188|0.9812,0.0154|0.9846,,,,,,,,,,,,,,1:1.0000:1:0.0513:468|2:0.5000:2:0.0517:445|3:0.3333:3:0.0177:509|4:0.0000:286:0.0274:365|5:0.0000:101:0.0000:83|6:0.0000:1:0.0439:501|7:0.0036:280:0.0381:315|12:0.0000:1:0.0983:346|13:0.2000:5:0.0667:300|16:0.0000:2:0.0680:412|17:0.2222:9:0.2729:568|24:0.0000:106:0.0692:159
real,102,2,any,hmc_in,0,oracle,state,,,,,-13359.6,0.048878,0.0637813,5268,01,True,0.00752823,797,0.073809,4471,0.992472,0.999803,0.0149601,0.0584314,0.992337,0.00759369,0|0|0|0|0|0|0|1|0|796,0|0|0|0|0|0|0|0.895365|0|795.948,0|0|0|0|0|0|0|1|0|790,0.0188|0.9812,0.0140|0.9860,0.0075291|0.23962,,,,,,,,,,,,,1:1.0000:1:0.0513:468|2:0.5000:2:0.0494:445|3:0.3333:3:0.0177:509|4:0.0000:286:0.0274:365|5:0.0000:101:0.0000:83|6:0.0000:1:0.0439:501|7:0.0036:280:0.0381:315|12:0.0000:1:0.1012:346|13:0.0000:5:0.0633:300|16:0.0000:2:0.0680:412|17:0.2222:9:0.2430:568|24:0.0000:106:0.0692:159
real,102,2,any,hmc_in,0,oracle,state-markov,,,,,-13018.9,0.0626951,0.0662491,5268,01,True,0.00752823,797,0.0767166,4471,0.992472,0.999738,0.0149881,0.0592888,0.992271,0.00763021,0|0|0|0|0|0|0|1|0|796,0|0|0|0|0|0|0|0.855078|0|795.936,0|0|0|0|0|0|0|1|0|790,0.0188|0.9812,0.0140|0.9860,0.0077346|0.23959,0.0075644|0.15232,0.029561|0.51657,,,,,,,,,,,1:1.0000:1:0.0513:468|2:0.5000:2:0.0494:445|3:0.3333:3:0.0177:509|4:0.0000:286:0.0274:365|5:0.0000:101:0.0000:83|6:0.0000:1:0.0439:501|7:0.0036:280:0.0381:315|12:0.0000:1:0.1012:346|13:0.0000:5:0.0633:300|16:0.0000:2:0.0680:412|17:0.2222:9:0.2658:568|24:0.0000:106:0.0692:159
real,102,2,any,pmc_pair,0,oracle,ignorable,,,,,-6339.44,0.206708,0.0375854,5268,01,True,0.00376412,797,0.0436144,4471,0.996236,0.998524,0.00514487,0.0149889,0.996324,0.00242103,0|0|0|2|1|0|0|0|1|793,0|0|0|1.36007|0.708367|0|0|0|0.94716|792.808,0|0|0|1|0|0|0|0|1|792,0.0188|0.9812,0.0198|0.9802,,,,,,,,,,,,,,1:0.0000:1:0.0000:468|2:0.0000:2:0.0000:445|3:0.3333:3:0.0177:509|4:0.0000:286:0.0575:365|5:0.0000:101:0.0964:83|6:0.0000:1:0.0439:501|7:0.0036:280:0.0413:315|12:0.0000:1:0.0694:346|13:0.2000:5:0.0400:300|16:0.0000:2:0.0825:412|17:0.0000:9:0.0722:568|24:0.0000:106:0.0692:159
real,102,2,any,pmc_pair,0,oracle,state,,,,,-8908.16,0.203682,0.0457479,5268,01,True,0.00376412,797,0.0532319,4471,0.996236,0.998609,0.00561795,0.0142685,0.996252,0.00369176,0|1|1|0|0|0|0|1|2|792,0|0.563885|0.620421|0|0|0|0|0.875556|1.85391|791.977,0|0|1|0|0|0|0|0|2|791,0.0188|0.9812,0.0178|0.9822,0.0075291|0.23962,,,,,,,,,,,,,1:0.0000:1:0.0000:468|2:0.0000:2:0.0000:445|3:0.3333:3:0.0177:509|4:0.0000:286:0.0575:365|5:0.0000:101:0.0964:83|6:0.0000:1:0.0439:501|7:0.0036:280:0.0413:315|12:0.0000:1:0.0896:346|13:0.0000:5:0.0633:300|16:0.0000:2:0.1383:412|17:0.1111:9:0.0810:568|24:0.0000:106:0.0755:159
real,102,2,any,pmc_pair,0,oracle,state-markov,,,,,-8624.76,0.200831,0.0419514,5268,01,True,0.00376412,797,0.0487587,4471,0.996236,0.99871,0.0054154,0.0141254,0.996371,0.00330035,0|1|0|0|1|0|0|2|1|792,0|0.559205|0|0|0.74142|0|0|1.76843|0.929492|791.974,0|0|0|0|1|0|0|1|1|791,0.0188|0.9812,0.0180|0.9820,0.0077346|0.23959,0.0075644|0.15232,0.029561|0.51657,,,,,,,,,,,1:0.0000:1:0.0000:468|2:0.0000:2:0.0000:445|3:0.3333:3:0.0177:509|4:0.0000:286:0.0575:365|5:0.0000:101:0.0964:83|6:0.0000:1:0.0439:501|7:0.0036:280:0.0413:315|12:0.0000:1:0.0694:346|13:0.0000:5:0.0400:300|16:0.0000:2:0.1165:412|17:0.1111:9:0.0880:568|24:0.0000:106:0.0692:159
real,102,2,any,hmc_in,0,unsupervised,ignorable,start,6,0.747156,-1.9780|0.7185,-9393.36,0.10981,0.110478,5268,01,True,0.0188206,797,0.126817,4471,0.981179,0.987176,0.0327232,0.0949511,0.97234,0.00945798,3|1|0|0|0|0|0|9|20|764,1.5485|0.567889|0|0|0|0|0|8.00111|18.6196|758.042,1|0|0|0|0|0|0|9|19|753,0.0188|0.9812,0.0166|0.9834,,,,,,,-2971.6047|-2475.1117,,,,,,,
real,102,2,any,hmc_in,0,unsupervised,state,ignorable fit,5,0.636472,-1.9697|0.7243,-12005.9,0.0676554,0.107821,5268,01,True,0.0188206,797,0.123686,4471,0.981179,0.999312,0.0358123,0.141696,0.981536,0.0181331,0|0|0|0|1|0|0|0|2|794,0|0|0|0|0.703361|0|0|0|1.83225|793.916,0|0|0|0|0|0|0|0|1|781,0.0188|0.9812,0.0028|0.9972,0.0023958|0.1599,,,0.0023958|0.1599,,,-2971.6047|-2475.1117,,,,,,,
real,102,2,any,hmc_in,0,unsupervised,state-markov,ignorable fit,4,0.48886,-1.9837|0.7143,-11671.8,0.105527,0.110478,5268,01,True,0.0188206,797,0.126817,4471,0.981179,0.998844,0.0356139,0.132831,0.981215,0.0176644,0|0|1|0|0|0|0|0|0|796,0|0|0.633216|0|0|0|0|0|0|795.445,0|0|0|0|0|0|0|0|0|782,0.0188|0.9812,0.0035|0.9965,0.0038006|0.15929,0.0031425|0.098148,0.17631|0.48199,0.0038006|0.15929,0.0031425|0.098148,0.17631|0.48199,-2971.6047|-2475.1117,,,,,,,
real,102,2,any,hmc_in,1,unsupervised,ignorable,start,20,2.37198,-2.1995|0.5534,-9281.13,0.0815175,0.149203,5268,01,True,0.0188206,797,0.172445,4471,0.981179,0.99167,0.0339125,0.111789,0.975656,0.0138515,1|1|0|0|1|2|1|0|13|778,0.508438|0.55652|0|0|0.723395|1.58233|0.815923|0|12.1523|774.022,1|0|0|0|0|1|0|0|13|767,0.0188|0.9812,0.0101|0.9899,,,,,,,-2971.6047|-2475.1117,,,,,,,
real,102,2,any,hmc_in,1,unsupervised,state,ignorable fit,4,0.470836,-2.2008|0.5522,-11963.7,0.126837,0.148443,5268,01,True,0.0175659,797,0.171774,4471,0.982434,0.999817,0.0350325,0.173521,0.982306,0.0173826,0|0|0|0|0|0|0|0|0|797,0|0|0|0|0|0|0|0|0|796.854,0|0|0|0|0|0|0|0|0|783,0.0188|0.9812,0.0013|0.9987,0.0023836|0.14563,,,0.0023836|0.14563,,,-2971.6047|-2475.1117,,,,,,,
real,102,2,any,hmc_in,1,unsupervised,state-markov,ignorable fit,4,0.548386,-2.2039|0.5496,-11596,0.123345,0.149013,5268,01,True,0.0175659,797,0.172445,4471,0.982434,0.999383,0.0349404,0.163191,0.981926,0.0171717,0|0|0|0|0|0|0|0|1|796,0|0|0|0|0|0|0|0|0.911051|795.597,0|0|0|0|0|0|0|0|1|782,0.0188|0.9812,0.0018|0.9982,0.0034433|0.14554,0.0026896|0.088889,0.22158|0.47813,0.0034433|0.14554,0.0026896|0.088889,0.22158|0.47813,-2971.6047|-2475.1117,,,,,,,
real,102,2,any,hmc_in,2,unsupervised,ignorable,start,10,1.08732,-1.9749|0.7206,-9393.83,0.100986,0.110099,5268,01,True,0.0188206,797,0.12637,4471,0.981179,0.987159,0.0326778,0.0944759,0.972348,0.00944737,3|1|0|0|0|0|0|9|20|764,1.54557|0.570205|0|0|0|0|0|7.99976|18.6183|758.032,1|0|0|0|0|0|0|9|19|753,0.0188|0.9812,0.0166|0.9834,,,,,,,-2971.6047|-2475.1117,,,,,,,
real,102,2,any,hmc_in,2,unsupervised,state,ignorable fit,5,0.575015,-1.9674|0.7259,-12005.7,0.124416,0.107631,5268,01,True,0.0188206,797,0.123462,4471,0.981179,0.999298,0.0357733,0.141179,0.981549,0.0181188,0|0|0|1|0|0|0|0|2|794,0|0|0|0.69277|0|0|0|0|1.83212|793.916,0|0|0|0|0|0|0|0|1|781,0.0188|0.9812,0.0028|0.9972,0.0023983|0.16005,,,0.0023983|0.16005,,,-2971.6047|-2475.1117,,,,,,,
real,102,2,any,hmc_in,2,unsupervised,state-markov,ignorable fit,4,0.401709,-1.9808|0.7163,-11671.8,0.106227,0.110289,5268,01,True,0.0188206,797,0.126594,4471,0.981179,0.998826,0.0355657,0.132235,0.981235,0.0176461,0|0|1|0|0|0|0|0|0|796,0|0|0.618984|0|0|0|0|0|0|795.445,0|0|0|0|0|0|0|0|0|782,0.0188|0.9812,0.0035|0.9965,0.0038034|0.15948,0.0031472|0.098279,0.17567|0.48205,0.0038034|0.15948,0.0031472|0.098279,0.17567|0.48205,-2971.6047|-2475.1117,,,,,,,
real,102,2,any,hmc_in,0,unsupervised,state,start,5,0.659098,-1.9494|0.7386,-12004.4,0.0952223,0.104594,5268,01,True,0.0188206,797,0.119884,4471,0.981179,0.99917,0.0354447,0.1366,0.981671,0.0179909,0|1|0|0|0|0|0|0|2|794,0|0.596515|0|0|0|0|0|0|1.83497|793.907,0|0|0|0|0|0|0|0|1|781,0.0188|0.9812,0.0029|0.9971,0.0024879|0.16124,,,0.0024879|0.16124,,,-2971.6047|-2475.1117,,,,,,,
real,102,2,any,hmc_in,1,unsupervised,state,start,5,0.617447,-1.9718|0.7230,-12006.1,0.167021,0.108011,5268,01,True,0.0188206,797,0.12391,4471,0.981179,0.999323,0.0358422,0.142052,0.981525,0.0181435,0|0|0|0|1|0|0|0|2|794,0|0|0|0|0.711697|0|0|0|1.832|793.917,0|0|0|0|0|0|0|0|1|781,0.0188|0.9812,0.0028|0.9972,0.0023997|0.15977,,,0.0023997|0.15977,,,-2971.6047|-2475.1117,,,,,,,
real,102,2,any,hmc_in,2,unsupervised,state,start,5,0.579259,-1.9232|0.7559,-12004.4,0.0795601,0.0994685,5268,01,True,0.0175659,797,0.114068,4471,0.982434,0.999103,0.0350087,0.130148,0.981867,0.01779,0|1|0|0|0|0|0|0|2|794,0|0.553253|0|0|0|0|0|0|1.84398|793.888,0|1|0|0|0|0|0|0|1|781,0.0188|0.9812,0.0031|0.9969,0.0026587|0.16293,,,0.0026587|0.16293,,,-2971.6047|-2475.1117,,,,,,,
real,102,2,any,hmc_in,0,unsupervised,state-markov,start,5,0.640644,-1.9638|0.7288,-11676.9,0.0829447,0.115604,5268,01,True,0.0690088,797,0.12391,4471,0.930991,0.948971,0.119643,0.277283,0.902759,0.0446013,8|7|10|37|5|15|22|18|61|614,4.34627|3.93343|6.13401|25.0337|3.66988|11.4556|18.4005|15.6172|57.0052|610.734,5|5|6|31|2|12|16|16|59|590,0.0188|0.9812,0.0822|0.9178,0.011525|0.15241,0.0031585|0.099136,0.72909|0.44868,0.011525|0.15241,0.0031585|0.099136,0.72909|0.44868,-2971.6047|-2475.1117,,,,,,,
real,102,2,any,hmc_in,1,unsupervised,state-markov,start,5,0.632784,-1.9859|0.7129,-11671.9,0.124726,0.110668,5268,01,True,0.0188206,797,0.127041,4471,0.981179,0.998839,0.0356671,0.133579,0.98117,0.0176592,0|0|1|0|0|0|0|0|0|796,0|0|0.648532|0|0|0|0|0|0|795.426,0|0|0|0|0|0|0|0|0|782,0.0188|0.9812,0.0035|0.9965,0.0037466|0.15917,0.0030745|0.098089,0.18248|0.48182,0.0037466|0.15917,0.0030745|0.098089,0.18248|0.48182,-2971.6047|-2475.1117,,,,,,,
real,102,2,any,hmc_in,2,unsupervised,state-markov,start,5,0.532455,-1.9372|0.7469,-11681.2,0.134185,0.105923,5268,01,True,0.0401506,797,0.117647,4471,0.959849,0.966133,0.0734593,0.192621,0.936645,0.0249887,4|6|4|7|6|6|20|37|44|663,2.14901|3.39498|2.47035|4.70686|4.34655|4.5596|16.4369|32.0502|40.8248|659.069,4|4|3|6|4|4|16|31|44|649,0.0188|0.9812,0.0487|0.9513,0.0086901|0.15707,0.0032371|0.10036,0.63073|0.46142,0.0086901|0.15707,0.0032371|0.10036,0.63073|0.46142,-2971.6047|-2475.1117,,,,,,,
real,102,3,ge10,hmc_in,0,oracle,ignorable,,,,,-10779.8,0.113763,0.13003,5268,012,True,0,159,0.134077,5109,1,0.999988,9.66194e-09,1.21306e-05,0.999988,1.21282e-05,0|0|0|0|0|0|0|0|0|159,0|0|0|0|0|0|0|0|0|158.998,0|0|0|0|0|0|0|0|0|159,0.0000|0.2893|0.7107,0.0000|0.2893|0.7107,,,,,,,,,,,,,,1:nan:0:0.0533:469|2:nan:0:0.0515:447|3:nan:0:0.0195:512|4:0.0000:46:0.0165:605|5:0.0000:33:0.0530:151|6:nan:0:0.0418:502|7:0.0000:72:0.0593:523|12:nan:0:0.0951:347|13:nan:0:1.0000:305|16:nan:0:0.0652:414|17:nan:0:0.2790:577|24:0.0000:8:0.1206:257
real,102,3,ge10,hmc_in,0,oracle,state,,,,,-11495.6,0.087128,0.114844,5268,012,True,0.0880503,159,0.115678,5109,0.91195,0.982267,0.130504,0.179358,0.91932,0.0724345,0|0|0|0|0|0|2|2|18|137,0|0|0|0|0|0|1.53324|1.71109|16.1044|136.832,0|0|0|0|0|0|0|0|8|137,0.0000|0.2893|0.7107,0.0000|0.2086|0.7914,9.4505e-06|0.020729|0.10815,,,,,,,,,,,,,1:nan:0:0.0533:469|2:nan:0:0.0515:447|3:nan:0:0.0195:512|4:0.3043:46:0.0479:605|5:0.0000:33:0.0530:151|6:nan:0:0.0418:502|7:0.0000:72:0.0612:523|12:nan:0:0.0980:347|13:nan:0:0.6230:305|16:nan:0:0.0652:414|17:nan:0:0.2790:577|24:0.0000:8:0.1206:257
real,102,3,ge10,hmc_in,0,oracle,state-markov,,,,,-11468.6,0.0842235,0.10877,5268,012,True,0,159,0.112155,5109,1,0.99063,0.00118921,0.00968066,0.99063,0.00936959,0|0|0|0|0|0|0|0|6|153,0|0|0|0|0|0|0|0|5.54928|151.961,0|0|0|0|0|0|0|0|6|153,0.0000|0.2893|0.7107,0.0000|0.2799|0.7201,9.6619e-06|0.020765|0.10811,7.7012e-06|0.018406|0.092291,0.20294|0.13198|0.23862,,,,,,,,,,,1:nan:0:0.0533:469|2:nan:0:0.0515:447|3:nan:0:0.0195:512|4:0.0000:46:0.0165:605|5:0.0000:33:0.0530:151|6:nan:0:0.0418:502|7:0.0000:72:0.0612:523|12:nan:0:0.0980:347|13:nan:0:0.6262:305|16:nan:0:0.0652:414|17:nan:0:0.2790:577|24:0.0000:8:0.1206:257
real,102,3,ge10,pmc_pair,0,oracle,ignorable,,,,,-6720.43,0.177323,0.0666287,5268,012,True,0,159,0.0687023,5109,1,0.998254,3.49043e-05,0.00175486,0.998254,0.00174605,0|0|0|0|0|0|0|0|0|159,0|0|0|0|0|0|0|0|0|158.722,0|0|0|0|0|0|0|0|0|159,0.0000|0.2893|0.7107,0.0000|0.2903|0.7097,,,,,,,,,,,,,,1:nan:0:0.0000:469|2:nan:0:0.0000:447|3:nan:0:0.0000:512|4:0.0000:46:0.0149:605|5:0.0000:33:0.0530:151|6:nan:0:0.0438:502|7:0.0000:72:0.0478:523|12:nan:0:0.0692:347|13:nan:0:0.5213:305|16:nan:0:0.0628:414|17:nan:0:0.0884:577|24:0.0000:8:0.1051:257
real,102,3,ge10,pmc_pair,0,oracle,state,,,,,-7412.78,0.182341,0.0949127,5268,012,True,0.169811,159,0.0925817,5109,0.830189,0.986766,0.332889,1.01245,0.822966,0.169009,0|0|1|0|0|1|0|2|3|152,0|0|0.514234|0|0|0.702028|0|1.65913|2.79544|151.225,0|0|1|0|0|1|0|1|3|126,0.0000|0.2893|0.7107,0.0000|0.1151|0.8849,9.4505e-06|0.020729|0.10815,,,,,,,,,,,,,1:nan:0:0.0000:469|2:nan:0:0.0000:447|3:nan:0:0.0000:512|4:0.5870:46:0.2116:605|5:0.0000:33:0.0530:151|6:nan:0:0.0438:502|7:0.0000:72:0.0746:523|12:nan:0:0.0692:347|13:nan:0:0.4197:305|16:nan:0:0.0628:414|17:nan:0:0.0884:577|24:0.0000:8:0.1829:257
real,102,3,ge10,pmc_pair,0,oracle,state-markov,,,,,-7394.12,0.220758,0.0960516,5268,012,True,0.176101,159,0.0935604,5109,0.823899,0.976815,0.33448,0.768567,0.814047,0.167903,0|0|0|0|2|0|5|4|3|145,0|0|0|0|1.30057|0|3.80851|3.28981|2.7345|144.18,0|0|0|0|1|0|5|3|1|121,0.0000|0.2893|0.7107,0.0000|0.1053|0.8947,9.6619e-06|0.020765|0.10811,7.7012e-06|0.018406|0.092291,0.20294|0.13198|0.23862,,,,,,,,,,,1:nan:0:0.0000:469|2:nan:0:0.0000:447|3:nan:0:0.0000:512|4:0.6087:46:0.2264:605|5:0.0000:33:0.0530:151|6:nan:0:0.0438:502|7:0.0000:72:0.0631:523|12:nan:0:0.0692:347|13:nan:0:0.4262:305|16:nan:0:0.0628:414|17:nan:0:0.0884:577|24:0.0000:8:0.1829:257
real,102,3,ge10,hmc_in,0,unsupervised,ignorable,start,11,1.27443,-2.4106|-0.7759|0.9675,-7916.6,0.156988,0.385535,5268,021,False,0.710692,159,0.375416,5109,0.289308,0.995439,1.4077,3.99566,0.29163,0.706131,0|0|0|0|0|0|0|0|0|159,0|0|0|0|0|0|0|0|0|158.275,0|0|0|0|0|0|0|0|0|46,0.0000|0.2893|0.7107,0.0000|0.9954|0.0046,,,,,,,-838.0507|-782.2845,,,,,,,
real,102,3,ge10,hmc_in,0,unsupervised,state,ignorable fit,4,0.48048,-2.4127|-0.7846|0.9665,-8668.97,0.143741,0.386295,5268,021,False,0.710692,159,0.376199,5109,0.289308,0.999927,1.42118,6.79634,0.289335,0.710619,0|0|0|0|0|0|0|0|0|159,0|0|0|0|0|0|0|0|0|158.988,0|0|0|0|0|0|0|0|0|46,0.0000|0.2893|0.7107,0.0000|0.9999|0.0001,0.00050828|0.00099599|0.034607,,,0.00050828|0.00099599|0.034607,,,-838.0507|-782.2845,,,,,,,
real,102,3,ge10,hmc_in,0,unsupervised,state-markov,ignorable fit,3,0.353735,-2.4123|-0.7845|0.9662,-8629.65,0.106971,0.385725,5268,021,False,0.710692,159,0.375612,5109,0.289308,0.996682,1.40943,5.62298,0.292063,0.707373,0|0|0|0|0|0|0|0|0|159,0|0|0|0|0|0|0|0|0|158.472,0|0|0|0|0|0|0|0|0|46,0.0000|0.2893|0.7107,0.0000|0.9967|0.0033,0.00056326|0.0017175|0.034245,0.00050413|0.0012425|0.028373,0.10548|0.2778|0.19983,0.00056326|0.0017175|0.034245,0.00050413|0.0012425|0.028373,0.10548|0.2778|0.19983,-838.0507|-782.2845,,,,,,,
real,102,3,ge10,hmc_in,1,unsupervised,ignorable,start,12,1.34998,-2.4110|-0.7755|0.9676,-7916.6,0.0994257,0.385535,5268,021,False,0.710692,159,0.375416,5109,0.289308,0.995478,1.40782,4.00214,0.291609,0.70617,0|0|0|0|0|0|0|0|0|159,0|0|0|0|0|0|0|0|0|158.281,0|0|0|0|0|0|0|0|0|46,0.0000|0.2893|0.7107,0.0000|0.9955|0.0045,,,,,,,-838.0507|-782.2845,,,,,,,
real,102,3,ge10,hmc_in,1,unsupervised,state,ignorable fit,4,0.463152,-2.4128|-0.7842|0.9666,-8668.97,0.103379,0.386295,5268,021,False,0.710692,159,0.376199,5109,0.289308,0.999927,1.42118,6.79559,0.289335,0.710619,0|0|0|0|0|0|0|0|0|159,0|0|0|0|0|0|0|0|0|158.988,0|0|0|0|0|0|0|0|0|46,0.0000|0.2893|0.7107,0.0000|0.9999|0.0001,0.00050834|0.00099981|0.034612,,,0.00050834|0.00099981|0.034612,,,-838.0507|-782.2845,,,,,,,
real,102,3,ge10,hmc_in,1,unsupervised,state-markov,ignorable fit,3,0.378807,-2.4125|-0.7841|0.9663,-8629.66,0.104463,0.385915,5268,021,False,0.710692,159,0.375807,5109,0.289308,0.996716,1.40956,5.62599,0.292032,0.707408,0|0|0|0|0|0|0|0|0|159,0|0|0|0|0|0|0|0|0|158.478,0|0|0|0|0|0|0|0|0|46,0.0000|0.2893|0.7107,0.0000|0.9967|0.0033,0.0005634|0.0017189|0.034252,0.00050427|0.0012447|0.028379,0.10546|0.2771|0.19985,0.0005634|0.0017189|0.034252,0.00050427|0.0012447|0.028379,0.10546|0.2771|0.19985,-838.0507|-782.2845,,,,,,,
real,102,3,ge10,hmc_in,2,unsupervised,ignorable,start,11,1.29339,-2.4103|-0.7759|0.9674,-7916.62,0.085228,0.385535,5268,021,False,0.710692,159,0.375416,5109,0.289308,0.995422,1.40765,3.99292,0.291639,0.706114,0|0|0|0|0|0|0|0|0|159,0|0|0|0|0|0|0|0|0|158.272,0|0|0|0|0|0|0|0|0|46,0.0000|0.2893|0.7107,0.0000|0.9954|0.0046,,,,,,,-838.0507|-782.2845,,,,,,,
real,102,3,ge10,hmc_in,2,unsupervised,state,ignorable fit,4,0.536974,-2.4127|-0.7847|0.9665,-8668.97,0.112674,0.386295,5268,021,False,0.710692,159,0.376199,5109,0.289308,0.999927,1.42118,6.79654,0.289335,0.710619,0|0|0|0|0|0|0|0|0|159,0|0|0|0|0|0|0|0|0|158.988,0|0|0|0|0|0|0|0|0|46,0.0000|0.2893|0.7107,0.0000|0.9999|0.0001,0.00050824|0.00099457|0.034606,,,0.00050824|0.00099457|0.034606,,,-838.0507|-782.2845,,,,,,,
real,102,3,ge10,hmc_in,2,unsupervised,state-markov,ignorable fit,3,0.375827,-2.4123|-0.7846|0.9661,-8629.65,0.0996628,0.385725,5268,021,False,0.710692,159,0.375612,5109,0.289308,0.996667,1.40938,5.62165,0.292076,0.707359,0|0|0|0|0|0|0|0|0|159,0|0|0|0|0|0|0|0|0|158.47,0|0|0|0|0|0|0|0|0|46,0.0000|0.2893|0.7107,0.0000|0.9967|0.0033,0.00056317|0.0017171|0.034242,0.00050405|0.0012417|0.028371,0.10548|0.2781|0.19982,0.00056317|0.0017171|0.034242,0.00050405|0.0012417|0.028371,0.10548|0.2781|0.19982,-838.0507|-782.2845,,,,,,,
real,102,3,ge10,hmc_in,0,unsupervised,state,start,11,1.35255,-2.4099|-0.7609|0.9718,-8669.46,0.115409,0.386674,5268,021,False,0.710692,159,0.37659,5109,0.289308,0.999962,1.42128,7.26474,0.289322,0.710654,0|0|0|0|0|0|0|0|0|159,0|0|0|0|0|0|0|0|0|158.994,0|0|0|0|0|0|0|0|0|46,0.0000|0.2893|0.7107,0.0000|1.0000|0.0000,0.00050864|0.00053843|0.035068,,,0.00050864|0.00053843|0.035068,,,-838.0507|-782.2845,,,,,,,
real,102,3,ge10,hmc_in,1,unsupervised,state,start,12,1.43342,-2.4103|-0.7593|0.9722,-8669.53,0.0967582,0.386674,5268,021,False,0.710692,159,0.37659,5109,0.289308,0.999959,1.42127,7.20617,0.289323,0.710651,0|0|0|0|0|0|0|0|0|159,0|0|0|0|0|0|0|0|0|158.993,0|0|0|0|0|0|0|0|0|46,0.0000|0.2893|0.7107,0.0000|1.0000|0.0000,0.00050885|0.00059292|0.035075,,,0.00050885|0.00059292|0.035075,,,-838.0507|-782.2845,,,,,,,
real,102,3,ge10,hmc_in,2,unsupervised,state,start,11,1.32511,-2.4097|-0.7613|0.9716,-8669.46,0.0977537,0.386674,5268,021,False,0.710692,159,0.37659,5109,0.289308,0.999963,1.42128,7.27852,0.289322,0.710655,0|0|0|0|0|0|0|0|0|159,0|0|0|0|0|0|0|0|0|158.994,0|0|0|0|0|0|0|0|0|46,0.0000|0.2893|0.7107,0.0000|1.0000|0.0000,0.00050844|0.0005254|0.035064,,,0.00050844|0.0005254|0.035064,,,-838.0507|-782.2845,,,,,,,
real,102,3,ge10,hmc_in,0,unsupervised,state-markov,start,11,1.34285,-2.4100|-0.7665|0.9705,-8628.85,0.114677,0.384776,5268,021,False,0.647799,159,0.37659,5109,0.352201,0.977685,1.28007,5.23484,0.342408,0.65419,0|0|0|0|0|4|3|6|0|146,0|0|0|0|0|2.70387|2.3307|5.01401|0|145.403,0|0|0|0|0|4|0|6|0|46,0.0000|0.2893|0.7107,0.0000|0.9435|0.0565,0.00056508|0.0037742|0.032814,0.00050628|0.0010035|0.028651,0.10456|0.73511|0.15552,0.00056508|0.0037742|0.032814,0.00050628|0.0010035|0.028651,0.10456|0.73511|0.15552,-838.0507|-782.2845,,,,,,,
real,102,3,ge10,hmc_in,1,unsupervised,state-markov,start,12,1.52762,-2.4104|-0.7653|0.9709,-8628.9,0.137939,0.384966,5268,021,False,0.647799,159,0.376786,5109,0.352201,0.977499,1.28087,5.23882,0.341939,0.65474,0|0|0|0|0|4|3|6|0|146,0|0|0|0|0|2.68071|2.34749|4.97864|0|145.416,0|0|0|0|0|4|0|6|0|46,0.0000|0.2893|0.7107,0.0000|0.9440|0.0560,0.00056534|0.0037729|0.032856,0.00050655|0.0010151|0.028665,0.10451|0.73196|0.15621,0.00056534|0.0037729|0.032856,0.00050655|0.0010151|0.028665,0.10451|0.73196|0.15621,-838.0507|-782.2845,,,,,,,
real,102,3,ge10,hmc_in,2,unsupervised,state-markov,start,11,1.36761,-2.4098|-0.7667|0.9704,-8628.86,0.0981109,0.384586,5268,021,False,0.647799,159,0.376395,5109,0.352201,0.977736,1.27982,5.23312,0.342554,0.654016,0|0|0|0|0|4|3|6|0|146,0|0|0|0|0|2.7109|2.32518|5.02483|0|145.399,0|0|0|0|0|4|0|6|0|46,0.0000|0.2893|0.7107,0.0000|0.9433|0.0567,0.00056487|0.0037736|0.0328,0.00050608|0.00099982|0.028645,0.10459|0.73605|0.15532,0.00056487|0.0037736|0.0328,0.00050608|0.00099982|0.028645,0.10459|0.73605|0.15532,-838.0507|-782.2845,,,,,,,
real,102,3,any,hmc_in,0,oracle,ignorable,,,,,-10128.1,0.0807022,0.129841,5268,012,True,0.02133,797,0.149184,4471,0.97867,0.996877,0.0377861,0.13366,0.978733,0.0185543,0|0|0|1|1|1|3|1|3|787,0|0|0|0.584914|0.638438|0.713485|2.30717|0.861584|2.7406|786.665,0|0|0|0|0|0|2|1|1|776,0.0188|0.3701|0.6110,0.0159|0.3764|0.6077,,,,,,,,,,,,,,1:1.0000:1:0.0513:468|2:0.5000:2:0.0494:445|3:0.3333:3:0.0177:509|4:0.0000:286:0.0274:365|5:0.0000:101:0.0964:83|6:0.0000:1:0.0419:501|7:0.0107:280:0.0857:315|12:0.0000:1:0.0954:346|13:1.0000:5:1.0000:300|16:0.0000:2:0.0655:412|17:0.2222:9:0.2799:568|24:0.0377:106:0.1698:159
real,102,3,any,hmc_in,0,oracle,state,,,,,-12354.6,0.0921965,0.18508,5268,012,True,0.34128,797,0.157236,4471,0.65872,0.981518,0.650811,3.57262,0.661315,0.328876,0|0|5|4|2|9|12|10|14|741,0|0|2.57771|2.22815|1.31|6.24375|9.20659|8.34933|12.6678|739.686,0|0|5|2|0|5|1|1|9|502,0.0188|0.3701|0.6110,0.0136|0.0625|0.9239,0.0075291|0.13293|0.46613,,,,,,,,,,,,,1:1.0000:1:0.0513:468|2:0.5000:2:0.0494:445|3:0.3333:3:0.0177:509|4:0.8986:286:0.4795:365|5:0.0000:101:0.0964:83|6:0.0000:1:0.0439:501|7:0.0179:280:0.1524:315|12:0.0000:1:0.0983:346|13:0.4000:5:0.5033:300|16:0.0000:2:0.0655:412|17:0.2222:9:0.2746:568|24:0.0283:106:0.1698:159
real,102,3,any,hmc_in,0,oracle,state-markov,,,,,-12192.2,0.0612365,0.183941,5268,012,True,0.336261,797,0.156788,4471,0.663739,0.980714,0.639128,2.75055,0.666008,0.316975,0|0|0|4|9|8|12|13|17|734,0|0|0|2.21372|5.73645|5.64775|9.17158|10.9898|15.4502|732.42,0|0|0|2|4|5|5|6|3|504,0.0188|0.3701|0.6110,0.0139|0.0627|0.9234,0.0077346|0.13289|0.46605,0.0075644|0.072239|0.42842,0.029561|0.52862|0.50917,,,,,,,,,,,1:1.0000:1:0.0513:468|2:0.5000:2:0.0494:445|3:0.3333:3:0.0177:509|4:0.8916:286:0.5151:365|5:0.0000:101:0.0964:83|6:0.0000:1:0.0439:501|7:0.0107:280:0.1079:315|12:0.0000:1:0.0983:346|13:0.4000:5:0.5000:300|16:0.0000:2:0.0655:412|17:0.2222:9:0.2746:568|24:0.0283:106:0.1698:159
real,102,3,any,pmc_pair,0,oracle,ignorable,,,,,-6244.87,0.209986,0.0922551,5268,012,True,0.0125471,797,0.106464,4471,0.987453,0.986897,0.018164,0.0438282,0.980662,0.00453654,0|0|0|3|5|8|3|9|8|761,0|0|0|1.69824|3.21342|5.63305|2.25514|7.53218|7.22993|758.995,0|0|0|1|4|5|2|8|8|759,0.0188|0.3701|0.6110,0.0226|0.3702|0.6072,,,,,,,,,,,,,,1:0.0000:1:0.0000:468|2:0.0000:2:0.0000:445|3:0.0000:3:0.0000:509|4:0.0000:286:0.0247:365|5:0.0000:101:0.0964:83|6:0.0000:1:0.0439:501|7:0.0036:280:0.0635:315|12:0.0000:1:0.0694:346|13:1.0000:5:0.9700:300|16:0.0000:2:0.0631:412|17:0.1111:9:0.0880:568|24:0.0283:106:0.1635:159
real,102,3,any,pmc_pair,0,oracle,state,,,,,-8341.82,0.198417,0.143888,5268,012,True,0.355082,797,0.10624,4471,0.644918,0.987803,0.693672,3.866,0.644593,0.348919,0|0|5|4|0|6|4|5|9|764,0|0|2.59527|2.22|0|4.25796|3.13657|4.14646|8.15609|762.767,0|0|5|2|0|2|2|1|3|499,0.0188|0.3701|0.6110,0.0173|0.0380|0.9447,0.0075291|0.13293|0.46613,,,,,,,,,,,,,1:0.0000:1:0.0000:468|2:0.5000:2:0.0090:445|3:0.0000:3:0.0000:509|4:0.9580:286:0.6548:365|5:0.0000:101:0.0964:83|6:0.0000:1:0.0439:501|7:0.0179:280:0.1619:315|12:0.0000:1:0.0838:346|13:0.0000:5:0.0633:300|16:0.0000:2:0.0680:412|17:0.1111:9:0.0880:568|24:0.0189:106:0.1572:159
real,102,3,any,pmc_pair,0,oracle,state-markov,,,,,-8189.15,0.223048,0.155277,5268,012,True,0.361355,797,0.118542,4471,0.638645,0.98571,0.693123,3.37821,0.643269,0.347065,0|0|4|6|4|3|5|4|12|759,0|0|2.0577|3.43138|2.5655|2.12871|3.84457|3.34898|10.9506|757.284,0|0|2|2|1|0|1|1|3|499,0.0188|0.3701|0.6110,0.0177|0.0346|0.9477,0.0077346|0.13289|0.46605,0.0075644|0.072239|0.42842,0.029561|0.52862|0.50917,,,,,,,,,,,1:0.0000:1:0.0000:468|2:0.5000:2:0.0090:445|3:0.0000:3:0.0000:509|4:0.9755:286:0.8466:365|5:0.0000:101:0.0964:83|6:0.0000:1:0.0439:501|7:0.0179:280:0.1587:315|12:0.0000:1:0.0694:346|13:0.0000:5:0.0400:300|16:0.0000:2:0.0631:412|17:0.1111:9:0.0880:568|24:0.0189:106:0.1572:159
real,102,3,any,hmc_in,0,unsupervised,ignorable,start,11,1.2282,-2.4129|-0.8393|0.9090,-7161.65,0.123941,0.382118,5268,021,False,0.629862,797,0.337956,4471,0.370138,0.980701,1.22091,3.05001,0.371848,0.611445,0|0|2|0|1|0|1|1|36|756,0|0|1.02785|0|0.648557|0|0.760168|0.842983|32.5768|745.762,0|0|1|0|1|0|0|0|18|275,0.0188|0.3701|0.6110,0.0023|0.9674|0.0303,,,,,,,-2971.6047|-2475.1117,,,,,,,
real,102,3,any,hmc_in,0,unsupervised,state,ignorable fit,5,0.531924,-2.4146|-0.8231|0.9169,-9719.14,0.105235,0.385915,5268,021,False,0.628607,797,0.342653,4471,0.371393,0.996626,1.25178,5.16876,0.371629,0.625233,0|0|0|1|3|0|0|2|3|788,0|0|0|0.565888|1.83832|0|0|1.71396|2.74649|787.446,0|0|0|0|0|0|0|0|2|294,0.0188|0.3701|0.6110,0.0013|0.9870|0.0117,0.0017468|0.017052|0.18156,,,0.0017468|0.017052|0.18156,,,-2971.6047|-2475.1117,,,,,,,
real,102,3,any,hmc_in,0,unsupervised,state-markov,ignorable fit,4,0.49684,-2.4148|-0.8428|0.9098,-9417.01,0.115803,0.384586,5268,021,False,0.628607,797,0.341087,4471,0.371393,0.996702,1.25139,4.59239,0.371526,0.62566,0|0|0|0|1|2|1|1|4|788,0|0|0|0|0.649007|1.39968|0.785613|0.860189|3.66249|787.014,0|0|0|0|0|0|0|1|2|293,0.0188|0.3701|0.6110,0.0013|0.9855|0.0133,0.0018199|0.021968|0.17977,0.0013835|0.0196|0.11022,0.2412|0.12741|0.49712,0.0018199|0.021968|0.17977,0.0013835|0.0196|0.11022,0.2412|0.12741|0.49712,-2971.6047|-2475.1117,,,,,,,
real,102,3,any,hmc_in,1,unsupervised,ignorable,start,12,1.54264,-2.4133|-0.8393|0.9091,-7161.65,0.106938,0.381929,5268,021,False,0.629862,797,0.337732,4471,0.370138,0.980793,1.22112,3.05407,0.371831,0.611537,0|0|2|0|1|0|1|1|36|756,0|0|1.02755|0|0.648322|0|0.759665|0.842503|32.5912|745.822,0|0|1|0|1|0|0|0|18|275,0.0188|0.3701|0.6110,0.0023|0.9675|0.0302,,,,,,,-2971.6047|-2475.1117,,,,,,,
real,102,3,any,hmc_in,1,unsupervised,state,ignorable fit,5,0.610244,-2.4146|-0.8228|0.9169,-9719.13,0.105181,0.385915,5268,021,False,0.628607,797,0.342653,4471,0.371393,0.996632,1.25179,5.1691,0.371628,0.625239,0|0|0|1|3|0|0|2|3|788,0|0|0|0.566968|1.84066|0|0|1.71472|2.74676|787.446,0|0|0|0|0|0|0|0|2|294,0.0188|0.3701|0.6110,0.0013|0.9870|0.0117,0.0017458|0.017065|0.18157,,,0.0017458|0.017065|0.18157,,,-2971.6047|-2475.1117,,,,,,,
real,102,3,any,hmc_in,1,unsupervised,state-markov,ignorable fit,4,0.477304,-2.4149|-0.8426|0.9099,-9417,0.147755,0.384586,5268,021,False,0.628607,797,0.341087,4471,0.371393,0.996708,1.2514,4.59355,0.371525,0.625666,0|0|0|0|1|2|1|1|4|788,0|0|0|0|0.650233|1.40104|0.786476|0.86012|3.66307|787.015,0|0|0|0|0|0|0|1|2|293,0.0188|0.3701|0.6110,0.0013|0.9854|0.0133,0.0018191|0.021977|0.17979,0.0013827|0.019609|0.11023,0.24131|0.12735|0.49714,0.0018191|0.021977|0.17979,0.0013827|0.019609|0.11023,0.24131|0.12735|0.49714,-2971.6047|-2475.1117,,,,,,,
real,102,3,any,hmc_in,2,unsupervised,ignorable,start,11,1.36674,-2.4127|-0.8390|0.9090,-7161.68,0.103735,0.382118,5268,021,False,0.629862,797,0.337956,4471,0.370138,0.980666,1.22083,3.0485,0.371853,0.61141,0|0|2|0|1|0|1|1|36|756,0|0|1.02796|0|0.648593|0|0.760688|0.843069|32.5712|745.739,0|0|1|0|1|0|0|0|18|275,0.0188|0.3701|0.6110,0.0023|0.9674|0.0303,,,,,,,-2971.6047|-2475.1117,,,,,,,
real,102,3,any,hmc_in,2,unsupervised,state,ignorable fit,5,0.614941,-2.4145|-0.8230|0.9169,-9719.14,0.127492,0.385915,5268,021,False,0.628607,797,0.342653,4471,0.371393,0.996625,1.25178,5.16865,0.371629,0.625233,0|0|0|1|3|0|0|2|3|788,0|0|0|0.565776|1.83812|0|0|1.71389|2.74641|787.446,0|0|0|0|0|0|0|0|2|294,0.0188|0.3701|0.6110,0.0013|0.9870|0.0117,0.0017475|0.01705|0.18156,,,0.0017475|0.01705|0.18156,,,-2971.6047|-2475.1117,,,,,,,
real,102,3,any,hmc_in,2,unsupervised,state-markov,ignorable fit,4,0.518918,-2.4148|-0.8428|0.9099,-9417.01,0.146026,0.384396,5268,021,False,0.628607,797,0.340863,4471,0.371393,0.996701,1.25138,4.59197,0.371526,0.625659,0|0|0|0|1|2|1|1|4|788,0|0|0|0|0.648857|1.39963|0.785484|0.8602|3.66239|787.014,0|0|0|0|0|0|0|1|2|293,0.0188|0.3701|0.6110,0.0013|0.9855|0.0133,0.0018206|0.021968|0.17977,0.0013842|0.019599|0.11022,0.24111|0.12744|0.49712,0.0018206|0.021968|0.17977,0.0013842|0.019599|0.11022,0.24111|0.12744|0.49712,-2971.6047|-2475.1117,,,,,,,
real,102,3,any,hmc_in,0,unsupervised,state,start,10,1.23828,-2.4093|-0.7697|0.9303,-9719.32,0.10781,0.387813,5268,021,False,0.628607,797,0.344889,4471,0.371393,0.99716,1.25232,5.19597,0.371553,0.625767,0|0|0|0|1|3|0|0|4|789,0|0|0|0|0.660661|2.10343|0|0|3.59592|788.376,0|0|0|0|0|0|0|0|2|294,0.0188|0.3701|0.6110,0.0014|0.9863|0.0123,0.0019579|0.017754|0.18416,,,0.0019579|0.017754|0.18416,,,-2971.6047|-2475.1117,,,,,,,
real,102,3,any,hmc_in,1,unsupervised,state,start,11,1.38268,-2.4097|-0.7641|0.9318,-9719.45,0.106176,0.387623,5268,021,False,0.628607,797,0.344666,4471,0.371393,0.997256,1.25243,5.20423,0.371542,0.625864,0|0|0|0|0|3|1|0|4|789,0|0|0|0|0|2.08877|0.737703|0|3.61004|788.377,0|0|0|0|0|0|0|0|2|294,0.0188|0.3701|0.6110,0.0013|0.9862|0.0124,0.001937|0.018053|0.18446,,,0.001937|0.018053|0.18446,,,-2971.6047|-2475.1117,,,,,,,
real,102,3,any,hmc_in,2,unsupervised,state,start,10,1.14196,-2.4089|-0.7698|0.9302,-9719.39,0.0829326,0.387813,5268,021,False,0.628607,797,0.344889,4471,0.371393,0.997142,1.2523,5.19365,0.371553,0.625749,0|0|0|0|1|3|0|0|4|789,0|0|0|0|0.659756|2.09353|0|0|3.59288|788.376,0|0|0|0|0|0|0|0|2|294,0.0188|0.3701|0.6110,0.0014|0.9864|0.0123,0.0019696|0.017698|0.18413,,,0.0019696|0.017698|0.18413,,,-2971.6047|-2475.1117,,,,,,,
real,102,3,any,hmc_in,0,unsupervised,state-markov,start,10,1.29048,-2.4107|-0.8062|0.9196,-9417.54,0.0988168,0.385535,5268,021,False,0.628607,797,0.342205,4471,0.371393,0.997053,1.25195,4.67127,0.371457,0.62566,0|0|0|0|0|1|2|2|3|789,0|0|0|0|0|0.711613|1.49224|1.68564|2.74817|788.014,0|0|0|0|0|0|0|1|2|293,0.0188|0.3701|0.6110,0.0013|0.9852|0.0135,0.0019056|0.021705|0.18183,0.0014505|0.019727|0.11143,0.24026|0.11085|0.49858,0.0019056|0.021705|0.18183,0.0014505|0.019727|0.11143,0.24026|0.11085|0.49858,-2971.6047|-2475.1117,,,,,,,
real,102,3,any,hmc_in,1,unsupervised,state-markov,start,11,1.30341,-2.4112|-0.8037|0.9204,-9417.54,0.118418,0.385535,5268,021,False,0.628607,797,0.342205,4471,0.371393,0.997113,1.25205,4.68977,0.371448,0.625721,0|0|0|0|0|1|2|2|3|789,0|0|0|0|0|0.72248|1.50407|1.69237|2.75124|788.029,0|0|0|0|0|0|0|1|2|293,0.0188|0.3701|0.6110,0.0013|0.9852|0.0135,0.0018958|0.02175|0.18201,0.0014402|0.019811|0.11153,0.24175|0.10894|0.49877,0.0018958|0.02175|0.18201,0.0014402|0.019811|0.11153,0.24175|0.10894|0.49877,-2971.6047|-2475.1117,,,,,,,
real,102,3,any,hmc_in,2,unsupervised,state-markov,start,10,1.26401,-2.4102|-0.8063|0.9195,-9417.61,0.123686,0.385535,5268,021,False,0.628607,797,0.342205,4471,0.371393,0.997037,1.25192,4.66593,0.37146,0.625644,0|0|0|0|0|1|2|2|3|789,0|0|0|0|0|0.70872|1.48945|1.68378|2.74698|788.009,0|0|0|0|0|0|0|1|2|293,0.0188|0.3701|0.6110,0.0013|0.9852|0.0135,0.0019142|0.02169|0.18179,0.0014586|0.019703|0.11142,0.23945|0.11129|0.49854,0.0019142|0.02169|0.18179,0.0014586|0.019703|0.11142,0.23945|0.11129|0.49854,-2971.6047|-2475.1117,,,,,,,
real,108,2,ge10,hmc_in,0,oracle,ignorable,,,,,-11466.1,0.0522877,0.106127,5239,01,True,0.0333333,30,0.106546,5209,0.966667,0.999929,0.0663975,0.206818,0.966731,0.0332626,0|0|0|0|0|0|0|0|0|30,0|0|0|0|0|0|0|0|0|29.9979,0|0|0|0|0|0|0|0|0|29,0.1333|0.8667,0.1001|0.8999,,,,,,,,,,,,,,1:nan:0:0.0000:483|2:0.0000:1:0.0000:458|3:0.0000:2:0.0000:501|4:0.0000:17:0.0375:613|5:0.0000:6:0.0679:324|6:nan:0:0.0490:510|7:0.0000:1:0.0365:576|12:nan:0:0.1545:233|13:nan:0:0.1865:193|16:nan:0:0.0763:485|17:1.0000:1:0.5129:659|24:0.0000:2:0.0977:174
real,108,2,ge10,hmc_in,0,oracle,state,,,,,-12041.7,0.0844243,0.106318,5239,01,True,0.0333333,30,0.106738,5209,0.966667,0.999983,0.066603,0.254913,0.966682,0.0333166,0|0|0|0|0|0|0|0|0|30,0|0|0|0|0|0|0|0|0|29.9995,0|0|0|0|0|0|0|0|0|29,0.1333|0.8667,0.1000|0.9000,0.0019052|0.0082974,,,,,,,,,,,,,1:nan:0:0.0000:483|2:0.0000:1:0.0000:458|3:0.0000:2:0.0000:501|4:0.0000:17:0.0375:613|5:0.0000:6:0.0679:324|6:nan:0:0.0490:510|7:0.0000:1:0.0365:576|12:nan:0:0.1545:233|13:nan:0:0.1865:193|16:nan:0:0.0784:485|17:1.0000:1:0.5129:659|24:0.0000:2:0.0977:174
real,108,2,ge10,hmc_in,0,oracle,state-markov,,,,,-12017.4,0.0611166,0.106318,5239,01,True,0.0333333,30,0.106738,5209,0.966667,0.999988,0.0666194,0.264821,0.966678,0.0333209,0|0|0|0|0|0|0|0|0|30,0|0|0|0|0|0|0|0|0|29.9996,0|0|0|0|0|0|0|0|0|29,0.1333|0.8667,0.1000|0.9000,0.001867|0.0083393,0.0014322|0.0080445,0.23431|0.043391,,,,,,,,,,,1:nan:0:0.0000:483|2:0.0000:1:0.0000:458|3:0.0000:2:0.0000:501|4:0.0000:17:0.0375:613|5:0.0000:6:0.0679:324|6:nan:0:0.0490:510|7:0.0000:1:0.0365:576|12:nan:0:0.1545:233|13:nan:0:0.1865:193|16:nan:0:0.0784:485|17:1.0000:1:0.5129:659|24:0.0000:2:0.0977:174
real,108,2,ge10,pmc_pair,0,oracle,ignorable,,,,,-5624.6,0.10397,0.139149,5239,01,True,0.0333333,30,0.139758,5209,0.966667,0.994223,0.0462843,0.059916,0.97201,0.0279899,0|0|0|0|0|0|1|0|0|29,0|0|0|0|0|0|0.833201|0|0|28.9935,0|0|0|0|0|0|0|0|0|29,0.1333|0.8667,0.1058|0.8942,,,,,,,,,,,,,,1:nan:0:0.0000:483|2:0.0000:1:0.0000:458|3:0.0000:2:0.0000:501|4:0.0000:17:0.0000:613|5:0.0000:6:0.0833:324|6:nan:0:0.0431:510|7:0.0000:1:0.0365:576|12:nan:0:0.1288:233|13:nan:0:0.1503:193|16:nan:0:0.0454:485|17:1.0000:1:0.8513:659|24:0.0000:2:0.0920:174
real,108,2,ge10,pmc_pair,0,oracle,state,,,,,-6204.38,0.172471,0.140676,5239,01,True,0.0333333,30,0.141294,5209,0.966667,0.996653,0.0541713,0.0772919,0.969892,0.0301082,0|0|0|0|0|0|0|0|1|29,0|0|0|0|0|0|0|0|0.901425|28.9982,0|0|0|0|0|0|0|0|0|29,0.1333|0.8667,0.1033|0.8967,0.0019052|0.0082974,,,,,,,,,,,,,1:nan:0:0.0000:483|2:0.0000:1:0.0000:458|3:0.0000:2:0.0000:501|4:0.0000:17:0.0131:613|5:0.0000:6:0.0833:324|6:nan:0:0.0431:510|7:0.0000:1:0.0365:576|12:nan:0:0.1288:233|13:nan:0:0.1503:193|16:nan:0:0.0454:485|17:1.0000:1:0.8513:659|24:0.0000:2:0.0920:174
real,108,2,ge10,pmc_pair,0,oracle,state-markov,,,,,-6180.67,0.184491,0.140676,5239,01,True,0.0333333,30,0.141294,5209,0.966667,0.997798,0.0583023,0.0912378,0.968787,0.0312131,0|0|0|0|0|0|0|0|1|29,0|0|0|0|0|0|0|0|0.935165|28.9988,0|0|0|0|0|0|0|0|0|29,0.1333|0.8667,0.1022|0.8978,0.001867|0.0083393,0.0014322|0.0080445,0.23431|0.043391,,,,,,,,,,,1:nan:0:0.0000:483|2:0.0000:1:0.0000:458|3:0.0000:2:0.0000:501|4:0.0000:17:0.0131:613|5:0.0000:6:0.0833:324|6:nan:0:0.0431:510|7:0.0000:1:0.0365:576|12:nan:0:0.1288:233|13:nan:0:0.1503:193|16:nan:0:0.0454:485|17:1.0000:1:0.8513:659|24:0.0000:2:0.0920:174
real,108,2,ge10,hmc_in,0,unsupervised,ignorable,start,19,2.09557,-2.2308|0.7578,-9759.46,0.116134,0.188204,5239,01,True,0.0666667,30,0.188904,5209,0.933333,0.97677,0.104733,0.28395,0.931848,0.043437,0|0|0|2|0|0|0|0|0|28,0|0|0|1.33194|0|0|0|0|0|27.9712,0|0|0|1|0|0|0|0|0|27,0.1333|0.8667,0.0670|0.9330,,,,,,,-543.9521|-512.6898,,,,,,,
real,108,2,ge10,hmc_in,0,unsupervised,state,ignorable fit,3,0.354105,-2.2347|0.7535,-10300.1,0.0781166,0.188395,5239,01,True,0.1,30,0.188904,5209,0.9,0.978629,0.132633,0.337014,0.92026,0.078629,1|0|0|0|0|0|1|0|0|28,0.540089|0|0|0|0|0|0.835992|0|0|27.9828,0|0|0|0|0|0|0|0|0|27,0.1333|0.8667,0.0546|0.9454,0.0080952|0.014305,,,0.0080952|0.014305,,,-543.9521|-512.6898,,,,,,,
real,108,2,ge10,hmc_in,0,unsupervised,state-markov,ignorable fit,3,0.347766,-2.2346|0.7535,-10269.4,0.12293,0.188395,5239,01,True,0.1,30,0.188904,5209,0.9,0.976879,0.128244,0.328601,0.921938,0.0768788,1|0|0|0|0|0|1|0|0|28,0.508397|0|0|0|0|0|0.816307|0|0|27.9817,0|0|0|0|0|0|0|0|0|27,0.1333|0.8667,0.0563|0.9437,0.0081045|0.014337,0.0072301|0.011868,0.11512|0.18408,0.0081045|0.014337,0.0072301|0.011868,0.11512|0.18408,-543.9521|-512.6898,,,,,,,
real,108,2,ge10,hmc_in,1,unsupervised,ignorable,start,18,1.80225,-2.2296|0.7591,-9759.72,0.116229,0.188204,5239,01,True,0.0666667,30,0.188904,5209,0.933333,0.976771,0.104722,0.283975,0.931855,0.0434373,0|0|0|2|0|0|0|0|0|28,0|0|0|1.33192|0|0|0|0|0|27.9712,0|0|0|1|0|0|0|0|0|27,0.1333|0.8667,0.0670|0.9330,,,,,,,-543.9521|-512.6898,,,,,,,
real,108,2,ge10,hmc_in,1,unsupervised,state,ignorable fit,3,0.311605,-2.2339|0.7543,-10300.2,0.0833492,0.188395,5239,01,True,0.1,30,0.188904,5209,0.9,0.978612,0.132587,0.336975,0.920278,0.0786122,1|0|0|0|0|0|1|0|0|28,0.539781|0|0|0|0|0|0.835777|0|0|27.9828,0|0|0|0|0|0|0|0|0|27,0.1333|0.8667,0.0546|0.9454,0.0081014|0.014305,,,0.0081014|0.014305,,,-543.9521|-512.6898,,,,,,,
real,108,2,ge10,hmc_in,1,unsupervised,state-markov,ignorable fit,3,0.299598,-2.2339|0.7544,-10269.5,0.1097,0.188395,5239,01,True,0.1,30,0.188904,5209,0.9,0.976893,0.128272,0.328648,0.921925,0.076893,1|0|0|0|0|0|1|0|0|28,0.508799|0|0|0|0|0|0.816311|0|0|27.9817,0|0|0|0|0|0|0|0|0|27,0.1333|0.8667,0.0563|0.9437,0.0081105|0.014337,0.0072371|0.011867,0.11492|0.18417,0.0081105|0.014337,0.0072371|0.011867,0.11492|0.18417,-543.9521|-512.6898,,,,,,,
real,108,2,ge10,hmc_in,2,unsupervised,ignorable,start,19,2.07115,-2.2292|0.7595,-9759.8,0.104364,0.188204,5239,01,True,0.0666667,30,0.188904,5209,0.933333,0.976771,0.104718,0.28398,0.931857,0.0434373,0|0|0|2|0|0|0|0|0|28,0|0|0|1.33191|0|0|0|0|0|27.9712,0|0|0|1|0|0|0|0|0|27,0.1333|0.8667,0.0670|0.9330,,,,,,,-543.9521|-512.6898,,,,,,,
real,108,2,ge10,hmc_in,2,unsupervised,state,ignorable fit,3,0.315389,-2.2337|0.7546,-10300.2,0.127517,0.188395,5239,01,True,0.1,30,0.188904,5209,0.9,0.978607,0.132574,0.336964,0.920283,0.0786073,1|0|0|0|0|0|1|0|0|28,0.539691|0|0|0|0|0|0.835715|0|0|27.9828,0|0|0|0|0|0|0|0|0|27,0.1333|0.8667,0.0546|0.9454,0.0081032|0.014305,,,0.0081032|0.014305,,,-543.9521|-512.6898,,,,,,,
real,108,2,ge10,hmc_in,2,unsupervised,state-markov,ignorable fit,3,0.319859,-2.2336|0.7546,-10269.6,0.111358,0.188395,5239,01,True,0.1,30,0.188904,5209,0.9,0.976897,0.12828,0.328661,0.921921,0.0768972,1|0|0|0|0|0|1|0|0|28,0.50892|0|0|0|0|0|0.816313|0|0|27.9817,0|0|0|0|0|0|0|0|0|27,0.1333|0.8667,0.0563|0.9437,0.0081122|0.014337,0.0072391|0.011866,0.11486|0.1842,0.0081122|0.014337,0.0072391|0.011866,0.11486|0.1842,-543.9521|-512.6898,,,,,,,
real,108,2,ge10,hmc_in,0,unsupervised,state,start,19,2.03603,-2.2306|0.7580,-10300.8,0.117768,0.188395,5239,01,True,0.1,30,0.188904,5209,0.9,0.978767,0.132978,0.337967,0.920136,0.0787672,1|0|0|0|0|0|1|0|0|28,0.542474|0|0|0|0|0|0.837533|0|0|27.983,0|0|0|0|0|0|0|0|0|27,0.1333|0.8667,0.0544|0.9456,0.0080514|0.014338,,,0.0080514|0.014338,,,-543.9521|-512.6898,,,,,,,
real,108,2,ge10,hmc_in,1,unsupervised,state,start,18,1.85055,-2.2293|0.7594,-10301.1,0.0487339,0.188395,5239,01,True,0.1,30,0.188904,5209,0.9,0.978746,0.132921,0.337888,0.920158,0.078746,1|0|0|0|0|0|1|0|0|28,0.542101|0|0|0|0|0|0.837265|0|0|27.983,0|0|0|0|0|0|0|0|0|27,0.1333|0.8667,0.0545|0.9455,0.0080591|0.014339,,,0.0080591|0.014339,,,-543.9521|-512.6898,,,,,,,
real,108,2,ge10,hmc_in,2,unsupervised,state,start,19,1.87102,-2.2289|0.7599,-10301.2,0.0634329,0.188395,5239,01,True,0.1,30,0.188904,5209,0.9,0.97874,0.132905,0.337864,0.920164,0.07874,1|0|0|0|0|0|1|0|0|28,0.541997|0|0|0|0|0|0.837189|0|0|27.983,0|0|0|0|0|0|0|0|0|27,0.1333|0.8667,0.0545|0.9455,0.0080613|0.014339,,,0.0080613|0.014339,,,-543.9521|-512.6898,,,,,,,
real,108,2,ge10,hmc_in,0,unsupervised,state-markov,start,19,1.69998,-2.2306|0.7580,-10270.1,0.0570361,0.188395,5239,01,True,0.1,30,0.188904,5209,0.9,0.977152,0.128886,0.329751,0.921678,0.0771519,1|0|0|0|0|0|1|0|0|28,0.514013|0|0|0|0|0|0.818682|0|0|27.9819,0|0|0|0|0|0|0|0|0|27,0.1333|0.8667,0.0561|0.9439,0.0080684|0.014369,0.0072144|0.011885,0.11306|0.18481,0.0080684|0.014369,0.0072144|0.011885,0.11306|0.18481,-543.9521|-512.6898,,,,,,,
real,108,2,ge10,hmc_in,1,unsupervised,state-markov,start,18,1.69622,-2.2294|0.7593,-10270.4,0.114223,0.188395,5239,01,True,0.1,30,0.188904,5209,0.9,0.977174,0.128932,0.329794,0.921657,0.0771737,1|0|0|0|0|0|1|0|0|28,0.514618|0|0|0|0|0|0.818723|0|0|27.9819,0|0|0|0|0|0|0|0|0|27,0.1333|0.8667,0.0560|0.9440,0.0080752|0.014371,0.0072228|0.011884,0.11278|0.18494,0.0080752|0.014371,0.0072228|0.011884,0.11278|0.18494,-543.9521|-512.6898,,,,,,,
real,108,2,ge10,hmc_in,2,unsupervised,state-markov,start,19,1.66991,-2.2290|0.7598,-10270.5,0.073841,0.188395,5239,01,True,0.1,30,0.188904,5209,0.9,0.97718,0.128946,0.329805,0.92165,0.0771802,1|0|0|0|0|0|1|0|0|28,0.514799|0|0|0|0|0|0.818738|0|0|27.9819,0|0|0|0|0|0|0|0|0|27,0.1333|0.8667,0.0560|0.9440,0.0080771|0.014371,0.0072252|0.011884,0.1127|0.18498,0.0080771|0.014371,0.0072252|0.011884,0.1127|0.18498,-543.9521|-512.6898,,,,,,,
real,108,2,any,hmc_in,0,oracle,ignorable,,,,,-10375.2,0.0796958,0.108418,5239,01,True,0.0321429,560,0.117546,4679,0.967857,0.994081,0.0552199,0.213496,0.968023,0.0277367,2|0|0|0|2|2|2|4|1|547,1.02936|0|0|0|1.45982|1.54545|1.66095|3.47321|0.915488|546.601,0|0|0|0|1|1|2|3|1|534,0.0696|0.9304,0.0525|0.9475,,,,,,,,,,,,,,1:0.0000:2:0.0000:481|2:0.0000:6:0.0000:453|3:0.0000:10:0.0000:493|4:0.0000:245:0.0597:385|5:0.0090:111:0.0959:219|6:0.0000:8:0.0498:502|7:0.0000:91:0.0432:486|12:nan:0:0.1545:233|13:nan:0:0.1865:193|16:0.0476:21:0.0776:464|17:0.6667:21:0.5258:639|24:0.0444:45:0.1221:131
real,108,2,any,hmc_in,0,oracle,state,,,,,-13054.4,0.076923,0.107082,5239,01,True,0.0267857,560,0.116692,4679,0.973214,0.998266,0.0524541,0.232624,0.972311,0.0276019,0|0|0|0|1|0|1|2|3|553,0|0|0|0|0.735635|0|0.803061|1.76992|2.78037|552.94,0|0|0|0|1|0|0|2|3|539,0.0696|0.9304,0.0464|0.9536,0.018571|0.16622,,,,,,,,,,,,,1:0.0000:2:0.0000:481|2:0.0000:6:0.0000:453|3:0.0000:10:0.0000:493|4:0.0000:245:0.0597:385|5:0.0000:111:0.0959:219|6:0.0000:8:0.0498:502|7:0.0000:91:0.0432:486|12:nan:0:0.1588:233|13:nan:0:0.1865:193|16:0.0476:21:0.0841:464|17:0.6667:21:0.5133:639|24:0.0000:45:0.1221:131
real,108,2,any,hmc_in,0,oracle,state-markov,,,,,-12873.8,0.077634,0.107082,5239,01,True,0.0267857,560,0.116692,4679,0.973214,0.99812,0.0523369,0.2316,0.972243,0.0267515,0|0|0|0|0|2|1|1|3|553,0|0|0|0|0|1.55501|0.837884|0.859703|2.78561|552.909,0|0|0|0|0|1|1|1|3|539,0.0696|0.9304,0.0467|0.9533,0.018717|0.16623,0.017938|0.12627,0.059589|0.36664,,,,,,,,,,,1:0.0000:2:0.0000:481|2:0.0000:6:0.0000:453|3:0.0000:10:0.0000:493|4:0.0000:245:0.0597:385|5:0.0000:111:0.0959:219|6:0.0000:8:0.0498:502|7:0.0000:91:0.0432:486|12:nan:0:0.1545:233|13:nan:0:0.1865:193|16:0.0476:21:0.0841:464|17:0.6667:21:0.5149:639|24:0.0000:45:0.1221:131
real,108,2,any,pmc_pair,0,oracle,ignorable,,,,,-5191.98,0.214062,0.138958,5239,01,True,0.0375,560,0.151101,4679,0.9625,0.990911,0.0670219,0.242335,0.95952,0.0332009,0|1|2|3|0|2|7|8|2|535,0|0.593522|1.28239|2.05456|0|1.521|5.84515|6.94015|1.84265|534.831,0|1|2|2|0|1|1|7|2|523,0.0696|0.9304,0.0444|0.9556,,,,,,,,,,,,,,1:0.0000:2:0.0000:481|2:0.0000:6:0.0000:453|3:0.0000:10:0.0000:493|4:0.0000:245:0.0208:385|5:0.0090:111:0.1324:219|6:0.0000:8:0.0438:502|7:0.0000:91:0.0432:486|12:nan:0:0.1288:233|13:nan:0:0.1503:193|16:0.0000:21:0.0194:464|17:0.9048:21:0.8498:639|24:0.0222:45:0.1221:131
real,108,2,any,pmc_pair,0,oracle,state,,,,,-7846.19,0.183661,0.0610804,5239,01,True,0.0160714,560,0.0664672,4679,0.983929,0.993764,0.0243238,0.0352362,0.983057,0.014154,0|1|1|1|1|4|0|3|8|541,0|0.559381|0.629014|0.682747|0.709002|3.13162|0|2.62604|7.33045|540.84,0|1|0|1|1|1|0|0|6|541,0.0696|0.9304,0.0563|0.9437,0.018571|0.16622,,,,,,,,,,,,,1:0.0000:2:0.0000:481|2:0.0000:6:0.0000:453|3:0.0000:10:0.0000:493|4:0.0000:245:0.0208:385|5:0.0090:111:0.1324:219|6:0.0000:8:0.0438:502|7:0.0000:91:0.0432:486|12:nan:0:0.1373:233|13:nan:0:0.1503:193|16:0.0000:21:0.0194:464|17:0.3810:21:0.2269:639|24:0.0000:45:0.1221:131
real,108,2,any,pmc_pair,0,oracle,state-markov,,,,,-7675.46,0.210346,0.103073,5239,01,True,0.025,560,0.112417,4679,0.975,0.99462,0.0472202,0.100608,0.972231,0.0259158,0|1|0|2|2|0|4|4|1|546,0|0.59402|0|1.3934|1.47607|0|3.25013|3.5773|0.91689|545.779,0|1|0|1|2|0|4|1|1|536,0.0696|0.9304,0.0458|0.9542,0.018717|0.16623,0.017938|0.12627,0.059589|0.36664,,,,,,,,,,,1:0.0000:2:0.0000:481|2:0.0000:6:0.0000:453|3:0.0000:10:0.0000:493|4:0.0000:245:0.0208:385|5:0.0090:111:0.1324:219|6:0.0000:8:0.0438:502|7:0.0000:91:0.0432:486|12:nan:0:0.1373:233|13:nan:0:0.1503:193|16:0.0000:21:0.0194:464|17:0.6190:21:0.5634:639|24:0.0000:45:0.1221:131
real,108,2,any,hmc_in,0,unsupervised,ignorable,start,19,1.39347,-2.2560|0.6743,-8594.8,0.203971,0.189731,5239,01,True,0.0625,560,0.204958,4679,0.9375,0.992002,0.119528,0.387614,0.934307,0.0556001,4|0|0|2|0|1|0|0|1|552,2.13782|0|0|1.332|0|0.774672|0|0|0.917787|550.359,2|0|0|1|0|1|0|0|1|520,0.0696|0.9304,0.0139|0.9861,,,,,,,-2843.0024|-2569.7984,,,,,,,
real,108,2,any,hmc_in,0,unsupervised,state,ignorable fit,4,0.314069,-2.2616|0.6648,-11252.8,0.05168,0.189731,5239,01,True,0.0642857,560,0.204745,4679,0.935714,0.998233,0.127286,0.529438,0.935033,0.0641492,1|0|0|0|0|0|0|1|3|555,0.543546|0|0|0|0|0|0|0.898506|2.71676|554.852,1|0|0|0|0|0|0|0|1|522,0.0696|0.9304,0.0054|0.9946,0.016033|0.15124,,,0.016033|0.15124,,,-2843.0024|-2569.7984,,,,,,,
real,108,2,any,hmc_in,0,unsupervised,state-markov,ignorable fit,4,0.417418,-2.2621|0.6653,-11052.2,0.0674604,0.189731,5239,01,True,0.0642857,560,0.204745,4679,0.935714,0.997099,0.124901,0.502127,0.935288,0.0616791,0|0|2|0|0|0|0|3|1|554,0|0|1.22252|0|0|0|0|2.63013|0.917516|553.605,0|0|1|0|0|0|0|1|1|521,0.0696|0.9304,0.0068|0.9932,0.019895|0.15005,0.015709|0.10696,0.22607|0.39416,0.019895|0.15005,0.015709|0.10696,0.22607|0.39416,-2843.0024|-2569.7984,,,,,,,
real,108,2,any,hmc_in,1,unsupervised,ignorable,start,18,1.50162,-2.2548|0.6759,-8595.12,0.110395,0.18954,5239,01,True,0.0625,560,0.204745,4679,0.9375,0.992091,0.119583,0.387608,0.934296,0.0556933,2|2|0|2|0|1|0|0|1|552,1.04563|1.1394|0|1.332|0|0.771517|0|0|0.91984|550.363,1|1|0|1|0|1|0|0|1|520,0.0696|0.9304,0.0140|0.9860,,,,,,,-2843.0024|-2569.7984,,,,,,,
real,108,2,any,hmc_in,1,unsupervised,state,ignorable fit,4,0.237614,-2.2609|0.6658,-11253,0.0657925,0.189731,5239,01,True,0.0642857,560,0.204745,4679,0.935714,0.998218,0.127238,0.529071,0.935038,0.064116,1|0|0|0|0|0|0|2|2|555,0.548463|0|0|0|0|0|0|1.79283|1.80994|554.851,1|0|0|0|0|0|0|1|0|522,0.0696|0.9304,0.0055|0.9945,0.016089|0.15127,,,0.016089|0.15127,,,-2843.0024|-2569.7984,,,,,,,
real,108,2,any,hmc_in,1,unsupervised,state-markov,ignorable fit,4,0.506987,-2.2613|0.6663,-11052.3,0.0666758,0.189731,5239,01,True,0.0642857,560,0.204745,4679,0.935714,0.997079,0.124857,0.501842,0.935291,0.0616643,0|0|2|0|0|0|0|3|1|554,0|0|1.22721|0|0|0|0|2.61554|0.916084|553.605,0|0|1|0|0|0|0|1|1|521,0.0696|0.9304,0.0069|0.9931,0.019941|0.15009,0.015753|0.10698,0.22578|0.39422,0.019941|0.15009,0.015753|0.10698,0.22578|0.39422,-2843.0024|-2569.7984,,,,,,,
real,108,2,any,hmc_in,2,unsupervised,ignorable,start,19,1.79054,-2.2545|0.6762,-8595.18,0.0667992,0.18954,5239,01,True,0.0625,560,0.204745,4679,0.9375,0.992109,0.119595,0.387607,0.934294,0.0557116,2|2|0|2|0|1|0|0|1|552,1.04439|1.14989|0|1.33201|0|0.770908|0|0|0.920239|550.363,1|1|0|1|0|1|0|0|1|520,0.0696|0.9304,0.0140|0.9860,,,,,,,-2843.0024|-2569.7984,,,,,,,
real,108,2,any,hmc_in,2,unsupervised,state,ignorable fit,4,0.272151,-2.2607|0.6660,-11253,0.0585179,0.189731,5239,01,True,0.0642857,560,0.204745,4679,0.935714,0.998214,0.127228,0.528998,0.935039,0.0641093,1|0|0|0|0|0|0|2|2|555,0.549439|0|0|0|0|0|0|1.79135|1.80884|554.85,1|0|0|0|0|0|0|1|0|522,0.0696|0.9304,0.0055|0.9945,0.0161|0.15128,,,0.0161|0.15128,,,-2843.0024|-2569.7984,,,,,,,
real,108,2,any,hmc_in,2,unsupervised,state-markov,ignorable fit,4,0.405157,-2.2612|0.6665,-11052.3,0.0775441,0.189731,5239,01,True,0.0642857,560,0.204745,4679,0.935714,0.997075,0.124849,0.501785,0.935291,0.0616612,0|0|2|0|0|0|0|3|1|554,0|0|1.22814|0|0|0|0|2.61254|0.9158|553.605,0|0|1|0|0|0|0|1|1|521,0.0696|0.9304,0.0069|0.9931,0.019951|0.15009,0.015762|0.10698,0.22572|0.39423,0.019951|0.15009,0.015762|0.10698,0.22572|0.39423,-2843.0024|-2569.7984,,,,,,,
real,108,2,any,hmc_in,0,unsupervised,state,start,20,1.78158,-2.2553|0.6729,-11254.4,0.0512677,0.189731,5239,01,True,0.0642857,560,0.204745,4679,0.935714,0.998076,0.126945,0.528706,0.935048,0.064469,0|1|0|0|0|0|1|2|2|554,0|0.575856|0|0|0|0|0.833993|1.75781|1.85675|553.898,0|1|0|0|0|0|1|0|1|521,0.0696|0.9304,0.0057|0.9943,0.0159|0.15174,,,0.0159|0.15174,,,-2843.0024|-2569.7984,,,,,,,
real,108,2,any,hmc_in,1,unsupervised,state,start,20,1.62057,-2.2567|0.6711,-11253.9,0.0642358,0.189349,5239,01,True,0.0642857,560,0.204317,4679,0.935714,0.998124,0.127051,0.52945,0.93504,0.0639583,0|1|0|0|0|0|0|2|2|555,0|0.56635|0|0|0|0|0|1.72536|1.8086|554.849,0|1|0|0|0|0|0|1|0|522,0.0696|0.9304,0.0056|0.9944,0.015792|0.15167,,,0.015792|0.15167,,,-2843.0024|-2569.7984,,,,,,,
real,108,2,any,hmc_in,2,unsupervised,state,start,21,1.70933,-2.2563|0.6716,-11254.1,0.14517,0.189349,5239,01,True,0.0642857,560,0.204317,4679,0.935714,0.998111,0.127022,0.529247,0.935042,0.06448,0|1|0|0|0|0|1|1|2|555,0|0.568941|0|0|0|0|0.847817|0.868842|1.80827|554.848,0|1|0|0|0|0|1|0|0|522,0.0696|0.9304,0.0056|0.9944,0.015822|0.15169,,,0.015822|0.15169,,,-2843.0024|-2569.7984,,,,,,,
real,108,2,any,hmc_in,0,unsupervised,state-markov,start,19,1.90295,-2.2547|0.6748,-11053.9,0.0981039,0.18954,5239,01,True,0.0642857,560,0.204531,4679,0.935714,0.996963,0.124605,0.500466,0.935324,0.0636562,0|0|1|1|0|1|1|1|1|554,0|0|0.64118|0.65102|0|0.767023|0.801771|0.874203|0.907725|553.656,0|0|0|1|0|1|0|0|1|521,0.0696|0.9304,0.0071|0.9929,0.019515|0.15077,0.015922|0.10725,0.20002|0.39592,0.019515|0.15077,0.015922|0.10725,0.20002|0.39592,-2843.0024|-2569.7984,,,,,,,
real,108,2,any,hmc_in,1,unsupervised,state-markov,start,19,1.78296,-2.2562|0.6730,-11053.5,0.171406,0.18954,5239,01,True,0.0642857,560,0.204531,4679,0.935714,0.997031,0.124699,0.501031,0.935323,0.0623818,0|0|2|0|0|1|1|1|1|554,0|0|1.28395|0|0|0.791403|0.819977|0.874746|0.910428|553.657,0|0|1|0|0|1|0|0|1|521,0.0696|0.9304,0.0070|0.9930,0.019416|0.15071,0.015841|0.10721,0.20001|0.39584,0.019416|0.15071,0.015841|0.10721,0.20001|0.39584,-2843.0024|-2569.7984,,,,,,,
real,108,2,any,hmc_in,2,unsupervised,state-markov,start,20,1.74932,-2.2559|0.6734,-11053.6,0.0432034,0.18954,5239,01,True,0.0642857,560,0.204531,4679,0.935714,0.997017,0.124679,0.500909,0.935324,0.0623878,0|0|2|0|0|1|1|1|1|554,0|0|1.28572|0|0|0.786349|0.816232|0.874629|0.90985|553.657,0|0|1|0|0|1|0|0|1|521,0.0696|0.9304,0.0070|0.9930,0.019437|0.15072,0.015858|0.10722,0.20001|0.39586,0.019437|0.15072,0.015858|0.10722,0.20001|0.39586,-2843.0024|-2569.7984,,,,,,,
real,108,3,ge10,hmc_in,0,oracle,ignorable,,,,,-10556.8,0.0843756,0.116816,5239,012,True,0.0333333,30,0.117297,5209,0.966667,0.999841,0.0665837,0.246079,0.966549,0.0331739,0|0|0|0|0|0|0|0|0|30,0|0|0|0|0|0|0|0|0|29.9952,0|0|0|0|0|0|0|0|0|29,0.1333|0.5667|0.3000,0.1000|0.6001|0.2999,,,,,,,,,,,,,,1:nan:0:0.0000:483|2:0.0000:1:0.0000:458|3:0.0000:2:0.0000:501|4:0.0000:17:0.0359:613|5:0.0000:6:0.0741:324|6:nan:0:0.0471:510|7:0.0000:1:0.0365:576|12:nan:0:0.1502:233|13:nan:0:0.1658:193|16:nan:0:0.0454:485|17:1.0000:1:0.6039:659|24:0.0000:2:0.1897:174
real,108,3,ge10,hmc_in,0,oracle,state,,,,,-11132.3,0.0894181,0.116625,5239,012,True,0.0333333,30,0.117105,5209,0.966667,0.999879,0.0666467,0.293487,0.966556,0.0332125,0|0|0|0|0|0|0|0|0|30,0|0|0|0|0|0|0|0|0|29.9964,0|0|0|0|0|0|0|0|0|29,0.1333|0.5667|0.3000,0.1000|0.6001|0.2999,0.0019052|0.0082907|0.0083141,,,,,,,,,,,,,1:nan:0:0.0000:483|2:0.0000:1:0.0000:458|3:0.0000:2:0.0000:501|4:0.0000:17:0.0359:613|5:0.0000:6:0.0741:324|6:nan:0:0.0471:510|7:0.0000:1:0.0365:576|12:nan:0:0.1502:233|13:nan:0:0.1658:193|16:nan:0:0.0454:485|17:1.0000:1:0.6024:659|24:0.0000:2:0.1897:174
real,108,3,ge10,hmc_in,0,oracle,state-markov,,,,,-11104,0.0888301,0.116625,5239,012,True,0.0333333,30,0.117105,5209,0.966667,0.999889,0.0666511,0.30224,0.966564,0.0332225,0|0|0|0|0|0|0|0|0|30,0|0|0|0|0|0|0|0|0|29.9967,0|0|0|0|0|0|0|0|0|29,0.1333|0.5667|0.3000,0.1000|0.6001|0.2999,0.001867|0.0083451|0.008456,0.0014322|0.0078676|0.0083818,0.23431|0.065087|0.017157,,,,,,,,,,,1:nan:0:0.0000:483|2:0.0000:1:0.0000:458|3:0.0000:2:0.0000:501|4:0.0000:17:0.0359:613|5:0.0000:6:0.0741:324|6:nan:0:0.0471:510|7:0.0000:1:0.0365:576|12:nan:0:0.1502:233|13:nan:0:0.1658:193|16:nan:0:0.0454:485|17:1.0000:1:0.6024:659|24:0.0000:2:0.1897:174
real,108,3,ge10,pmc_pair,0,oracle,ignorable,,,,,-5616.83,0.192749,0.128651,5239,012,True,0,30,0.129391,5209,1,0.998288,0.000126335,0.00174945,0.998288,0.00171159,0|0|0|0|0|0|0|0|0|30,0|0|0|0|0|0|0|0|0|29.9487,0|0|0|0|0|0|0|0|0|30,0.1333|0.5667|0.3000,0.1346|0.5669|0.2985,,,,,,,,,,,,,,1:nan:0:0.0000:483|2:0.0000:1:0.0131:458|3:0.0000:2:0.0000:501|4:0.0000:17:0.0179:613|5:0.0000:6:0.0833:324|6:nan:0:0.0431:510|7:0.0000:1:0.0365:576|12:nan:0:0.0858:233|13:nan:0:0.8135:193|16:nan:0:0.5340:485|17:0.0000:1:0.1851:659|24:0.0000:2:0.1667:174
real,108,3,ge10,pmc_pair,0,oracle,state,,,,,-6197.33,0.16106,0.126169,5239,012,True,0,30,0.126896,5209,1,0.999137,1.72937e-05,0.000868289,0.999137,0.000862621,0|0|0|0|0|0|0|0|0|30,0|0|0|0|0|0|0|0|0|29.9741,0|0|0|0|0|0|0|0|0|30,0.1333|0.5667|0.3000,0.1335|0.5670|0.2995,0.0019052|0.0082907|0.0083141,,,,,,,,,,,,,1:nan:0:0.0000:483|2:0.0000:1:0.0131:458|3:0.0000:2:0.0000:501|4:0.0000:17:0.0179:613|5:0.0000:6:0.0833:324|6:nan:0:0.0431:510|7:0.0000:1:0.0365:576|12:nan:0:0.0858:233|13:nan:0:0.8135:193|16:nan:0:0.5340:485|17:0.0000:1:0.1851:659|24:0.0000:2:0.0920:174
real,108,3,ge10,pmc_pair,0,oracle,state-markov,,,,,-6170.64,0.199684,0.126169,5239,012,True,0,30,0.126896,5209,1,0.999149,1.48437e-05,0.000855919,0.999149,0.000851264,0|0|0|0|0|0|0|0|0|30,0|0|0|0|0|0|0|0|0|29.9745,0|0|0|0|0|0|0|0|0|30,0.1333|0.5667|0.3000,0.1333|0.5671|0.2996,0.001867|0.0083451|0.008456,0.0014322|0.0078676|0.0083818,0.23431|0.065087|0.017157,,,,,,,,,,,1:nan:0:0.0000:483|2:0.0000:1:0.0131:458|3:0.0000:2:0.0000:501|4:0.0000:17:0.0179:613|5:0.0000:6:0.0833:324|6:nan:0:0.0431:510|7:0.0000:1:0.0365:576|12:nan:0:0.0858:233|13:nan:0:0.8135:193|16:nan:0:0.5340:485|17:0.0000:1:0.1851:659|24:0.0000:2:0.0920:174
real,108,3,ge10,hmc_in,0,unsupervised,ignorable,start,17,1.70874,-2.3536|-0.5314|1.2921,-7606.22,0.0804629,0.436534,5239,021,False,0.366667,30,0.436936,5209,0.633333,0.975316,0.700553,2.59746,0.63272,0.341983,0|0|0|0|2|0|0|0|0|28,0|0|0|0|1.32374|0|0|0|0|27.9357,0|0|0|0|1|0|0|0|0|18,0.1333|0.5667|0.3000,0.0663|0.8980|0.0358,,,,,,,-543.9521|-512.6898,,,,,,,
real,108,3,ge10,hmc_in,0,unsupervised,state,ignorable fit,3,0.347522,-2.3554|-0.5408|1.2901,-8144.91,0.135014,0.436725,5239,021,False,0.4,30,0.436936,5209,0.6,0.978286,0.732073,2.74462,0.619617,0.378286,0|0|0|1|0|0|0|1|0|28,0|0|0|0.558225|0|0|0|0.841678|0|27.9487,0|0|0|0|0|0|0|0|0|18,0.1333|0.5667|0.3000,0.0531|0.8985|0.0484,0.0065406|0.012147|0.015806,,,0.0065406|0.012147|0.015806,,,-543.9521|-512.6898,,,,,,,
real,108,3,ge10,hmc_in,0,unsupervised,state-markov,ignorable fit,3,0.395422,-2.3555|-0.5413|1.2899,-8113.73,0.11057,0.436534,5239,021,False,0.366667,30,0.436936,5209,0.633333,0.981036,0.706908,2.66853,0.631957,0.365638,0|0|0|0|0|1|1|0|0|28,0|0|0|0|0|0.730964|0.760039|0|0|27.9401,0|0|0|0|0|1|0|0|0|18,0.1333|0.5667|0.3000,0.0654|0.8983|0.0363,0.0064385|0.012211|0.015757,0.0053628|0.011266|0.012751,0.17243|0.088678|0.20357,0.0064385|0.012211|0.015757,0.0053628|0.011266|0.012751,0.17243|0.088678|0.20357,-543.9521|-512.6898,,,,,,,
real,108,3,ge10,hmc_in,1,unsupervised,ignorable,start,17,1.73713,-2.3526|-0.5257|1.2936,-7606.55,0.113754,0.436343,5239,021,False,0.366667,30,0.436744,5209,0.633333,0.975255,0.70038,2.59611,0.632746,0.341922,0|0|0|0|2|0|0|0|0|28,0|0|0|0|1.32399|0|0|0|0|27.9337,0|0|0|0|1|0|0|0|0|18,0.1333|0.5667|0.3000,0.0663|0.8979|0.0358,,,,,,,-543.9521|-512.6898,,,,,,,
real,108,3,ge10,hmc_in,1,unsupervised,state,ignorable fit,3,0.39487,-2.3549|-0.5377|1.2908,-8145.01,0.102743,0.436725,5239,021,False,0.4,30,0.436936,5209,0.6,0.978211,0.731889,2.74442,0.619672,0.378211,0|0|0|1|0|0|0|1|0|28,0|0|0|0.557228|0|0|0|0.841124|0|27.948,0|0|0|0|0|0|0|0|0|18,0.1333|0.5667|0.3000,0.0532|0.8985|0.0483,0.0065461|0.012132|0.01582,,,0.0065461|0.012132|0.01582,,,-543.9521|-512.6898,,,,,,,
real,108,3,ge10,hmc_in,1,unsupervised,state-markov,ignorable fit,3,0.310009,-2.3549|-0.5382|1.2906,-8113.83,0.131656,0.436534,5239,021,False,0.366667,30,0.436936,5209,0.633333,0.980994,0.706811,2.66847,0.631973,0.365598,0|0|0|0|0|1|1|0|0|28,0|0|0|0|0|0.730939|0.759625|0|0|27.9392,0|0|0|0|0|1|0|0|0|18,0.1333|0.5667|0.3000,0.0655|0.8982|0.0363,0.006445|0.012196|0.015771,0.00537|0.011251|0.012762,0.17216|0.088757|0.20358,0.006445|0.012196|0.015771,0.00537|0.011251|0.012762,0.17216|0.088757|0.20358,-543.9521|-512.6898,,,,,,,
real,108,3,ge10,hmc_in,2,unsupervised,ignorable,start,17,1.72158,-2.3534|-0.5304|1.2924,-7606.28,0.0810668,0.436534,5239,021,False,0.366667,30,0.436936,5209,0.633333,0.975306,0.700523,2.5972,0.632725,0.341973,0|0|0|0|2|0|0|0|0|28,0|0|0|0|1.32379|0|0|0|0|27.9354,0|0|0|0|1|0|0|0|0|18,0.1333|0.5667|0.3000,0.0663|0.8980|0.0358,,,,,,,-543.9521|-512.6898,,,,,,,
real,108,3,ge10,hmc_in,2,unsupervised,state,ignorable fit,3,0.385379,-2.3553|-0.5403|1.2902,-8144.92,0.0882013,0.436725,5239,021,False,0.4,30,0.436936,5209,0.6,0.978272,0.73204,2.74458,0.619627,0.378272,0|0|0|1|0|0|0|1|0|28,0|0|0|0.558044|0|0|0|0.841579|0|27.9485,0|0|0|0|0|0|0|0|0|18,0.1333|0.5667|0.3000,0.0531|0.8985|0.0484,0.0065416|0.012144|0.015809,,,0.0065416|0.012144|0.015809,,,-543.9521|-512.6898,,,,,,,
real,108,3,ge10,hmc_in,2,unsupervised,state-markov,ignorable fit,3,0.366174,-2.3554|-0.5407|1.2900,-8113.74,0.134628,0.436534,5239,021,False,0.366667,30,0.436936,5209,0.633333,0.981028,0.706891,2.66851,0.63196,0.365631,0|0|0|0|0|1|1|0|0|28,0|0|0|0|0|0.730959|0.759965|0|0|27.9399,0|0|0|0|0|1|0|0|0|18,0.1333|0.5667|0.3000,0.0655|0.8983|0.0363,0.0064397|0.012208|0.01576,0.0053641|0.011263|0.012753,0.17238|0.088693|0.20357,0.0064397|0.012208|0.01576,0.0053641|0.011263|0.012753,0.17238|0.088693|0.20357,-543.9521|-512.6898,,,,,,,
real,108,3,ge10,hmc_in,0,unsupervised,state,start,17,1.90907,-2.3535|-0.5291|1.2931,-8145.37,0.0850182,0.436534,5239,021,False,0.4,30,0.436744,5209,0.6,0.978438,0.732573,2.74409,0.619359,0.378438,0|0|0|1|0|0|0|1|0|28,0|0|0|0.562782|0|0|0|0.845014|0|27.9453,0|0|0|0|0|0|0|0|0|18,0.1333|0.5667|0.3000,0.0528|0.8984|0.0487,0.0064532|0.012187|0.015857,,,0.0064532|0.012187|0.015857,,,-543.9521|-512.6898,,,,,,,
real,108,3,ge10,hmc_in,1,unsupervised,state,start,17,1.978,-2.3525|-0.5232|1.2946,-8145.7,0.100715,0.436725,5239,021,False,0.4,30,0.436936,5209,0.6,0.978277,0.732175,2.74355,0.619475,0.378277,0|0|0|1|0|0|0|1|0|28,0|0|0|0.560685|0|0|0|0.843806|0|27.9438,0|0|0|0|0|0|0|0|0|18,0.1333|0.5667|0.3000,0.0529|0.8984|0.0487,0.0064665|0.012153|0.015886,,,0.0064665|0.012153|0.015886,,,-543.9521|-512.6898,,,,,,,
real,108,3,ge10,hmc_in,2,unsupervised,state,start,17,1.86048,-2.3533|-0.5280|1.2934,-8145.42,0.0957486,0.436534,5239,021,False,0.4,30,0.436744,5209,0.6,0.978409,0.732502,2.74396,0.61938,0.378409,0|0|0|1|0|0|0|1|0|28,0|0|0|0.562402|0|0|0|0.844797|0|27.9451,0|0|0|0|0|0|0|0|0|18,0.1333|0.5667|0.3000,0.0529|0.8984|0.0487,0.0064556|0.012181|0.015862,,,0.0064556|0.012181|0.015862,,,-543.9521|-512.6898,,,,,,,
real,108,3,ge10,hmc_in,0,unsupervised,state-markov,start,17,2.06896,-2.3536|-0.5308|1.2925,-8114.15,0.110432,0.436534,5239,021,False,0.366667,30,0.436936,5209,0.633333,0.98104,0.706782,2.66726,0.631972,0.36551,0|0|0|0|0|1|1|0|0|28,0|0|0|0|0|0.732945|0.761722|0|0|27.9365,0|0|0|0|0|1|0|0|0|18,0.1333|0.5667|0.3000,0.0655|0.8981|0.0364,0.0063693|0.012234|0.015802,0.0053006|0.011295|0.012786,0.17309|0.088089|0.20367,0.0063693|0.012234|0.015802,0.0053006|0.011295|0.012786,0.17309|0.088089|0.20367,-543.9521|-512.6898,,,,,,,
real,108,3,ge10,hmc_in,1,unsupervised,state-markov,start,17,1.97675,-2.3526|-0.5250|1.2940,-8114.49,0.11242,0.436343,5239,021,False,0.366667,30,0.436744,5209,0.633333,0.980947,0.706574,2.66705,0.632004,0.365424,0|0|0|0|0|1|1|0|0|28,0|0|0|0|0|0.732833|0.760818|0|0|27.9347,0|0|0|0|0|1|0|0|0|18,0.1333|0.5667|0.3000,0.0655|0.8981|0.0364,0.0063844|0.012201|0.01583,0.0053166|0.011262|0.012808,0.17257|0.088245|0.2037,0.0063844|0.012201|0.01583,0.0053166|0.011262|0.012808,0.17257|0.088245|0.2037,-543.9521|-512.6898,,,,,,,
real,108,3,ge10,hmc_in,2,unsupervised,state-markov,start,17,2.00902,-2.3534|-0.5298|1.2928,-8114.21,0.0865902,0.436343,5239,021,False,0.366667,30,0.436744,5209,0.633333,0.981024,0.706746,2.6672,0.631977,0.365496,0|0|0|0|0|1|1|0|0|28,0|0|0|0|0|0.732921|0.761561|0|0|27.9362,0|0|0|0|0|1|0|0|0|18,0.1333|0.5667|0.3000,0.0655|0.8981|0.0364,0.006372|0.012228|0.015807,0.0053035|0.011289|0.01279,0.17299|0.088119|0.20367,0.006372|0.012228|0.015807,0.0053035|0.011289|0.01279,0.17299|0.088119|0.20367,-543.9521|-512.6898,,,,,,,
real,108,3,any,hmc_in,0,oracle,ignorable,,,,,-9655.79,0.0556057,0.121206,5239,012,True,0.0428571,560,0.130583,4679,0.957143,0.989313,0.0736515,0.321146,0.955954,0.0365552,0|1|1|4|3|1|5|2|2|541,0|0.454396|0.472133|2.32447|1.9364|0.718411|3.81216|1.6629|1.78128|540.853,0|1|0|1|2|1|1|2|1|527,0.0696|0.4893|0.4411,0.0503|0.5213|0.4284,,,,,,,,,,,,,,1:0.0000:2:0.0000:481|2:0.0000:6:0.0000:453|3:0.0000:10:0.0000:493|4:0.0000:245:0.0571:385|5:0.0090:111:0.1050:219|6:0.0000:8:0.0478:502|7:0.0000:91:0.0432:486|12:nan:0:0.1502:233|13:nan:0:0.1658:193|16:0.0476:21:0.0453:464|17:0.8095:21:0.6369:639|24:0.1111:45:0.1985:131
real,108,3,any,hmc_in,0,oracle,state,,,,,-12303.5,0.063673,0.117007,5239,012,True,0.0375,560,0.126523,4679,0.9625,0.97423,0.0764671,0.365503,0.94012,0.0467425,0|0|0|1|1|1|2|62|18|475,0|0|0|0.537077|0.657903|0.713466|1.50659|52.4014|15.9171|473.835,0|0|0|0|1|1|2|61|16|458,0.0696|0.4893|0.4411,0.0420|0.5017|0.4564,0.018571|0.13358|0.22796,,,,,,,,,,,,,1:0.0000:2:0.0000:481|2:0.0000:6:0.0000:453|3:0.0000:10:0.0000:493|4:0.0000:245:0.0597:385|5:0.0000:111:0.1005:219|6:0.0000:8:0.0478:502|7:0.0000:91:0.0432:486|12:nan:0:0.1502:233|13:nan:0:0.1658:193|16:0.0476:21:0.0776:464|17:0.8095:21:0.5837:639|24:0.0667:45:0.1985:131
real,108,3,any,hmc_in,0,oracle,state-markov,,,,,-12129.3,0.0669568,0.117389,5239,012,True,0.0392857,560,0.126736,4679,0.960714,0.995303,0.0715432,0.340558,0.96085,0.0359277,0|0|1|0|0|4|1|1|3|550,0|0|0.511817|0|0|2.76507|0.772993|0.859935|2.63062|549.829,0|0|0|0|0|3|0|1|1|533,0.0696|0.4893|0.4411,0.0422|0.5239|0.4338,0.018717|0.13359|0.22797,0.017938|0.096781|0.18886,0.059589|0.3723|0.36042,,,,,,,,,,,1:0.0000:2:0.0000:481|2:0.0000:6:0.0000:453|3:0.0000:10:0.0000:493|4:0.0000:245:0.0571:385|5:0.0000:111:0.1005:219|6:0.0000:8:0.0478:502|7:0.0000:91:0.0432:486|12:nan:0:0.1502:233|13:nan:0:0.1658:193|16:0.0476:21:0.0733:464|17:0.8095:21:0.5900:639|24:0.0889:45:0.1985:131
real,108,3,any,pmc_pair,0,oracle,ignorable,,,,,-5180.42,0.309269,0.105554,5239,012,True,0.0214286,560,0.115623,4679,0.978571,0.988871,0.0403736,0.0877622,0.971703,0.0193266,0|0|2|3|1|2|2|6|9|535,0|0|1.04336|1.70681|0.603921|1.41806|1.51768|5.11846|8.02195|534.338,0|0|2|2|1|1|1|6|6|529,0.0696|0.4893|0.4411,0.0741|0.4896|0.4363,,,,,,,,,,,,,,1:0.0000:2:0.0000:481|2:0.0000:6:0.0132:453|3:0.0000:10:0.0000:493|4:0.0000:245:0.0286:385|5:0.0090:111:0.1324:219|6:0.0000:8:0.0438:502|7:0.0000:91:0.0432:486|12:nan:0:0.0858:233|13:nan:0:0.8135:193|16:0.0952:21:0.3384:464|17:0.1429:21:0.1440:639|24:0.1333:45:0.1985:131
real,108,3,any,pmc_pair,0,oracle,state,,,,,-7726.34,0.400654,0.170452,5239,012,True,0.444643,560,0.137636,4679,0.555357,0.991088,0.871389,4.37901,0.557827,0.436975,0|0|0|3|2|2|3|2|6|542,0|0|0|1.65182|1.26967|1.39135|2.24128|1.67857|5.41938|541.357,0|0|0|2|0|1|0|0|3|305,0.0696|0.4893|0.4411,0.0628|0.0654|0.8718,0.018571|0.13358|0.22796,,,,,,,,,,,,,1:0.0000:2:0.0000:481|2:0.1667:6:0.0132:453|3:0.0000:10:0.0000:493|4:0.9959:245:0.9662:385|5:0.0090:111:0.1324:219|6:0.0000:8:0.0438:502|7:0.0000:91:0.0432:486|12:nan:0:0.1288:233|13:nan:0:0.1503:193|16:0.0000:21:0.0582:464|17:0.1429:21:0.1440:639|24:0.0000:45:0.1221:131
real,108,3,any,pmc_pair,0,oracle,state-markov,,,,,-7602.61,0.355992,0.165871,5239,012,True,0.439286,560,0.133148,4679,0.560714,0.987992,0.854171,4.01346,0.564012,0.427278,0|0|0|2|3|5|4|6|5|535,0|0|0|1.09417|1.88994|3.48427|3.08734|4.93142|4.49362|534.295,0|0|0|0|1|2|2|2|2|305,0.0696|0.4893|0.4411,0.0629|0.0716|0.8655,0.018717|0.13359|0.22797,0.017938|0.096781|0.18886,0.059589|0.3723|0.36042,,,,,,,,,,,1:0.0000:2:0.0000:481|2:0.1667:6:0.0132:453|3:0.0000:10:0.0000:493|4:0.9837:245:0.9636:385|5:0.0090:111:0.1324:219|6:0.0000:8:0.0438:502|7:0.0000:91:0.0432:486|12:nan:0:0.0858:233|13:nan:0:0.0984:193|16:0.0000:21:0.0582:464|17:0.1429:21:0.1440:639|24:0.0000:45:0.1221:131
real,108,3,any,hmc_in,0,unsupervised,ignorable,start,16,1.93201,-2.3638|-0.6257|1.2413,-6663.21,0.0868318,0.434052,5239,021,False,0.507143,560,0.425305,4679,0.492857,0.982578,0.991484,3.34803,0.491434,0.493872,0|0|3|3|2|7|4|6|11|524,0|0|1.54525|1.71835|1.29219|4.93887|3.0779|5.02188|9.92673|522.722,0|0|2|0|2|2|1|3|5|261,0.0696|0.4893|0.4411,0.0071|0.9219|0.0710,,,,,,,-2843.0024|-2569.7984,,,,,,,
real,108,3,any,hmc_in,0,unsupervised,state,ignorable fit,4,0.48824,-2.3670|-0.6387|1.2402,-9248.72,0.10239,0.436343,5239,021,False,0.514286,560,0.427014,4679,0.485714,0.989956,1.009,4.08793,0.487543,0.504242,0|0|0|1|2|2|5|9|6|535,0|0|0|0.57177|1.31641|1.43373|3.78795|7.57488|5.39244|534.298,0|0|0|0|1|0|2|0|1|268,0.0696|0.4893|0.4411,0.0041|0.9343|0.0616,0.010075|0.06933|0.18818,,,0.010075|0.06933|0.18818,,,-2843.0024|-2569.7984,,,,,,,
real,108,3,any,hmc_in,0,unsupervised,state-markov,ignorable fit,4,0.493168,-2.3672|-0.6432|1.2384,-9073.92,0.0952938,0.435198,5239,021,False,0.5125,560,0.425946,4679,0.4875,0.989133,1.00673,3.94562,0.488182,0.501633,0|0|0|2|2|3|5|5|10|533,0|0|0|1.17071|1.27474|2.14209|3.82147|4.1944|9.07584|532.235,0|0|0|1|0|2|1|0|2|267,0.0696|0.4893|0.4411,0.0051|0.9315|0.0633,0.013005|0.070356|0.18618,0.009376|0.060385|0.13069,0.28844|0.20211|0.42872,0.013005|0.070356|0.18618,0.009376|0.060385|0.13069,0.28844|0.20211|0.42872,-2843.0024|-2569.7984,,,,,,,
real,108,3,any,hmc_in,1,unsupervised,ignorable,start,17,1.9056,-2.3641|-0.6273|1.2410,-6663.11,0.120204,0.434052,5239,021,False,0.507143,560,0.425305,4679,0.492857,0.982601,0.991482,3.34773,0.491446,0.493906,0|0|3|3|2|6|5|6|10|525,0|0|1.54331|1.72219|1.29147|4.21169|3.81462|5.02152|8.99787|523.654,0|0|2|0|2|2|1|3|5|261,0.0696|0.4893|0.4411,0.0071|0.9220|0.0709,,,,,,,-2843.0024|-2569.7984,,,,,,,
real,108,3,any,hmc_in,1,unsupervised,state,ignorable fit,4,0.44872,-2.3671|-0.6396|1.2400,-9248.69,0.125637,0.436343,5239,021,False,0.514286,560,0.427014,4679,0.485714,0.989945,1.00896,4.08794,0.487557,0.504231,0|0|0|1|2|2|5|9|6|535,0|0|0|0.570341|1.31589|1.43261|3.78944|7.56854|5.39397|534.298,0|0|0|0|1|0|2|0|1|268,0.0696|0.4893|0.4411,0.0041|0.9343|0.0615,0.010065|0.069299|0.18817,,,0.010065|0.069299|0.18817,,,-2843.0024|-2569.7984,,,,,,,
real,108,3,any,hmc_in,1,unsupervised,state-markov,ignorable fit,4,0.507909,-2.3674|-0.6440|1.2382,-9073.9,0.0769792,0.435198,5239,021,False,0.5125,560,0.425946,4679,0.4875,0.989133,1.00671,3.94551,0.488191,0.501633,0|0|0|2|2|3|5|5|10|533,0|0|0|1.17075|1.27383|2.14307|3.82127|4.19669|9.07278|532.236,0|0|0|1|0|2|1|0|2|267,0.0696|0.4893|0.4411,0.0051|0.9316|0.0633,0.012996|0.070338|0.18616,0.0093673|0.06037|0.13068,0.28858|0.20208|0.42869,0.012996|0.070338|0.18616,0.0093673|0.06037|0.13068,0.28858|0.20208|0.42869,-2843.0024|-2569.7984,,,,,,,
real,108,3,any,hmc_in,2,unsupervised,ignorable,start,17,1.82682,-2.3649|-0.6328|1.2397,-6662.83,0.0709881,0.434052,5239,021,False,0.507143,560,0.425305,4679,0.492857,0.982676,0.99145,3.34419,0.491493,0.494011,0|0|3|3|2|5|6|5|11|525,0|0|1.53712|1.73177|1.28917|3.49436|4.5692|4.15278|9.87723|523.647,0|0|2|0|2|2|1|2|6|261,0.0696|0.4893|0.4411,0.0071|0.9222|0.0707,,,,,,,-2843.0024|-2569.7984,,,,,,,
real,108,3,any,hmc_in,2,unsupervised,state,ignorable fit,4,0.453202,-2.3675|-0.6424|1.2393,-9248.62,0.0722084,0.436725,5239,021,False,0.514286,560,0.427442,4679,0.485714,0.989902,1.00883,4.08734,0.487604,0.504187,0|0|0|1|2|3|6|7|5|536,0|0|0|0.565298|1.31417|2.15891|4.65926|5.94957|4.46501|535.233,0|0|0|0|1|0|2|0|1|268,0.0696|0.4893|0.4411,0.0041|0.9345|0.0614,0.010041|0.069194|0.18811,,,0.010041|0.069194|0.18811,,,-2843.0024|-2569.7984,,,,,,,
real,108,3,any,hmc_in,2,unsupervised,state-markov,ignorable fit,4,0.471546,-2.3678|-0.6467|1.2376,-9073.82,0.110807,0.435198,5239,021,False,0.5125,560,0.425946,4679,0.4875,0.989126,1.00665,3.94452,0.48822,0.501626,0|0|0|2|2|3|5|5|10|533,0|0|0|1.17093|1.2706|2.14637|3.81942|4.20446|9.06176|532.237,0|0|0|1|0|2|1|0|2|267,0.0696|0.4893|0.4411,0.0051|0.9317|0.0632,0.012971|0.070278|0.18608,0.0093434|0.060321|0.13063,0.28899|0.20201|0.42861,0.012971|0.070278|0.18608,0.0093434|0.060321|0.13063,0.28899|0.20201|0.42861,-2843.0024|-2569.7984,,,,,,,
real,108,3,any,hmc_in,0,unsupervised,state,start,17,1.99086,-2.3643|-0.6141|1.2480,-9249.61,0.119117,0.436343,5239,021,False,0.514286,560,0.427014,4679,0.485714,0.990294,1.01029,4.09869,0.487073,0.50458,0|0|0|0|2|5|3|5|11|534,0|0|0|0|1.28013|3.58118|2.31549|4.19792|9.83794|533.352,0|0|0|0|0|2|1|0|2|267,0.0696|0.4893|0.4411,0.0041|0.9330|0.0629,0.0096836|0.0703|0.1891,,,0.0096836|0.0703|0.1891,,,-2843.0024|-2569.7984,,,,,,,
real,108,3,any,hmc_in,1,unsupervised,state,start,18,2.0704,-2.3645|-0.6154|1.2477,-9249.54,0.096525,0.436152,5239,021,False,0.514286,560,0.426801,4679,0.485714,0.990287,1.01025,4.0986,0.487091,0.504572,0|0|0|0|2|5|3|5|10|535,0|0|0|0|1.2778|3.58382|2.31327|4.19772|8.9013|534.287,0|0|0|0|0|2|1|0|1|268,0.0696|0.4893|0.4411,0.0041|0.9331|0.0628,0.0096688|0.070268|0.18906,,,0.0096688|0.070268|0.18906,,,-2843.0024|-2569.7984,,,,,,,
real,108,3,any,hmc_in,2,unsupervised,state,start,17,1.94314,-2.3642|-0.6136|1.2481,-9249.64,0.107313,0.436343,5239,021,False,0.514286,560,0.427014,4679,0.485714,0.990296,1.0103,4.09859,0.487068,0.504582,0|0|0|0|2|5|3|5|11|534,0|0|0|0|1.28076|3.58054|2.31574|4.19802|9.83863|533.352,0|0|0|0|0|2|1|0|2|267,0.0696|0.4893|0.4411,0.0041|0.9330|0.0629,0.0096896|0.07031|0.18911,,,0.0096896|0.07031|0.18911,,,-2843.0024|-2569.7984,,,,,,,
real,108,3,any,hmc_in,0,unsupervised,state-markov,start,16,1.81432,-2.3646|-0.6237|1.2435,-9074.74,0.0912755,0.43577,5239,021,False,0.5125,560,0.426587,4679,0.4875,0.989224,1.00732,3.96404,0.48796,0.501724,0|0|0|1|3|3|5|5|8|535,0|0|0|0.574162|1.92319|2.08773|3.83045|4.17044|7.26627|534.113,0|0|0|0|1|2|1|0|2|267,0.0696|0.4893|0.4411,0.0052|0.9308|0.0640,0.01316|0.070379|0.18696,0.0093837|0.060769|0.13112,0.29633|0.19731|0.42982,0.01316|0.070379|0.18696,0.0093837|0.060769|0.13112,0.29633|0.19731|0.42982,-2843.0024|-2569.7984,,,,,,,
real,108,3,any,hmc_in,1,unsupervised,state-markov,start,17,2.02908,-2.3648|-0.6252|1.2432,-9074.65,0.111781,0.435388,5239,021,False,0.5125,560,0.426159,4679,0.4875,0.989228,1.0073,3.96383,0.487974,0.501728,0|0|0|1|3|3|5|5|8|535,0|0|0|0.574335|1.92115|2.09341|3.83155|4.17048|7.26425|534.113,0|0|0|0|1|2|1|0|2|267,0.0696|0.4893|0.4411,0.0052|0.9308|0.0640,0.013143|0.070353|0.18692,0.0093688|0.060746|0.13109,0.29655|0.1973|0.42978,0.013143|0.070353|0.18692,0.0093688|0.060746|0.13109,0.29655|0.1973|0.42978,-2843.0024|-2569.7984,,,,,,,
real,108,3,any,hmc_in,2,unsupervised,state-markov,start,16,2.03933,-2.3645|-0.6234|1.2436,-9074.77,0.102123,0.43577,5239,021,False,0.5125,560,0.426587,4679,0.4875,0.989222,1.00733,3.96385,0.487957,0.501722,0|0|0|1|3|3|5|5|8|535,0|0|0|0.574123|1.92352|2.08684|3.8299|4.17033|7.26651|534.113,0|0|0|0|1|2|1|0|2|267,0.0696|0.4893|0.4411,0.0052|0.9308|0.0641,0.013165|0.070385|0.18697,0.0093884|0.060774|0.13112,0.29626|0.19732|0.42983,0.013165|0.070385|0.18697,0.0093884|0.060774|0.13112,0.29626|0.19732|0.42983,-2843.0024|-2569.7984,,,,,,,
real,105,2,ge10,hmc_in,0,oracle,ignorable,,,,,-10426.1,0.0495933,0.0469897,5448,01,True,0,97,0.0478415,5351,1,0.999992,6.2973e-09,8.02324e-06,0.999992,8.02166e-06,0|0|0|0|0|0|0|0|0|97,0|0|0|0|0|0|0|0|0|96.9992,0|0|0|0|0|0|0|0|0|97,0.0515|0.9485,0.0515|0.9485,,,,,,,,,,,,,,1:0.0000:1:0.0000:473|2:0.0000:2:0.0000:535|3:nan:0:0.0000:443|4:0.0000:87:0.0415:554|5:0.0000:3:0.0429:489|6:nan:0:0.0508:492|7:0.0000:2:0.0229:524|12:nan:0:0.1263:285|13:nan:0:0.1529:255|16:nan:0:0.0491:489|17:0.0000:2:0.0973:658|24:nan:0:0.0779:154
real,105,2,ge10,hmc_in,0,oracle,state,,,,,-10917.8,0.0449005,0.0455213,5448,01,True,0,97,0.0463465,5351,1,0.999469,2.73426e-05,0.000537828,0.999469,0.000530873,0|0|0|0|0|0|0|0|0|97,0|0|0|0|0|0|0|0|0|96.9485,0|0|0|0|0|0|0|0|0|97,0.0515|0.9485,0.0510|0.9490,0.0023704|0.02759,,,,,,,,,,,,,1:0.0000:1:0.0000:473|2:0.0000:2:0.0000:535|3:nan:0:0.0000:443|4:0.0000:87:0.0415:554|5:0.0000:3:0.0429:489|6:nan:0:0.0508:492|7:0.0000:2:0.0229:524|12:nan:0:0.1263:285|13:nan:0:0.1529:255|16:nan:0:0.0491:489|17:0.0000:2:0.0851:658|24:nan:0:0.0779:154
real,105,2,ge10,hmc_in,0,oracle,state-markov,,,,,-10853.7,0.0394413,0.0458884,5448,01,True,0,97,0.0467202,5351,1,0.999928,5.11822e-07,7.23109e-05,0.999928,7.21826e-05,0|0|0|0|0|0|0|0|0|97,0|0|0|0|0|0|0|0|0|96.993,0|0|0|0|0|0|0|0|0|97,0.0515|0.9485,0.0515|0.9485,0.002426|0.027589,0.0019002|0.019429,0.21865|0.31518,,,,,,,,,,,1:0.0000:1:0.0000:473|2:0.0000:2:0.0000:535|3:nan:0:0.0000:443|4:0.0000:87:0.0415:554|5:0.0000:3:0.0429:489|6:nan:0:0.0508:492|7:0.0000:2:0.0229:524|12:nan:0:0.1263:285|13:nan:0:0.1529:255|16:nan:0:0.0491:489|17:0.0000:2:0.0881:658|24:nan:0:0.0779:154
real,105,2,ge10,pmc_pair,0,oracle,ignorable,,,,,-5583.42,0.0683567,0.025514,5448,01,True,0,97,0.0259765,5351,1,0.999999,4.87566e-11,9.90708e-07,0.999999,9.90696e-07,0|0|0|0|0|0|0|0|0|97,0|0|0|0|0|0|0|0|0|96.9999,0|0|0|0|0|0|0|0|0|97,0.0515|0.9485,0.0515|0.9485,,,,,,,,,,,,,,1:0.0000:1:0.0000:473|2:0.0000:2:0.0000:535|3:nan:0:0.0000:443|4:0.0000:87:0.0343:554|5:0.0000:3:0.0409:489|6:nan:0:0.0589:492|7:0.0000:2:0.0000:524|12:nan:0:0.0702:285|13:nan:0:0.1333:255|16:nan:0:0.0102:489|17:0.0000:2:0.0000:658|24:nan:0:0.0779:154
real,105,2,ge10,pmc_pair,0,oracle,state,,,,,-6077.44,0.080206,0.0284508,5448,01,True,0,97,0.0289665,5351,1,0.999956,1.86777e-07,4.42992e-05,0.999956,4.42525e-05,0|0|0|0|0|0|0|0|0|97,0|0|0|0|0|0|0|0|0|96.9957,0|0|0|0|0|0|0|0|0|97,0.0515|0.9485,0.0515|0.9485,0.0023704|0.02759,,,,,,,,,,,,,1:0.0000:1:0.0000:473|2:0.0000:2:0.0000:535|3:nan:0:0.0000:443|4:0.0000:87:0.0343:554|5:0.0000:3:0.0409:489|6:nan:0:0.0589:492|7:0.0000:2:0.0172:524|12:nan:0:0.0772:285|13:nan:0:0.1333:255|16:nan:0:0.0204:489|17:0.0000:2:0.0000:658|24:nan:0:0.0779:154
real,105,2,ge10,pmc_pair,0,oracle,state-markov,,,,,-6012.94,0.067102,0.0273495,5448,01,True,0,97,0.0278453,5351,1,0.999994,2.88696e-09,5.81129e-06,0.999994,5.81057e-06,0|0|0|0|0|0|0|0|0|97,0|0|0|0|0|0|0|0|0|96.9994,0|0|0|0|0|0|0|0|0|97,0.0515|0.9485,0.0515|0.9485,0.002426|0.027589,0.0019002|0.019429,0.21865|0.31518,,,,,,,,,,,1:0.0000:1:0.0000:473|2:0.0000:2:0.0000:535|3:nan:0:0.0000:443|4:0.0000:87:0.0343:554|5:0.0000:3:0.0409:489|6:nan:0:0.0589:492|7:0.0000:2:0.0076:524|12:nan:0:0.0737:285|13:nan:0:0.1333:255|16:nan:0:0.0204:489|17:0.0000:2:0.0000:658|24:nan:0:0.0779:154
real,105,2,ge10,hmc_in,0,unsupervised,ignorable,start,26,2.87725,-2.0010|0.7347,-9899.08,0.0845277,0.215125,5448,01,True,0.0206186,97,0.218651,5351,0.979381,0.998242,0.04116,0.141712,0.97767,0.0188602,0|0|0|0|0|0|0|0|0|97,0|0|0|0|0|0|0|0|0|96.8294,0|0|0|0|0|0|0|0|0|95,0.0515|0.9485,0.0325|0.9675,,,,,,,-531.0120|-453.1285,,,,,,,
real,105,2,ge10,hmc_in,0,unsupervised,state,ignorable fit,3,0.286601,-2.0092|0.7307,-10414.3,0.116705,0.215675,5448,01,True,0.0206186,97,0.219211,5351,0.979381,0.9991,0.0412903,0.194461,0.978485,0.0197185,0|0|0|0|0|0|0|0|0|97,0|0|0|0|0|0|0|0|0|96.9127,0|0|0|0|0|0|0|0|0|95,0.0515|0.9485,0.0302|0.9698,0.0022034|0.016838,,,0.0022034|0.016838,,,-531.0120|-453.1285,,,,,,,
real,105,2,ge10,hmc_in,0,unsupervised,state-markov,ignorable fit,3,0.270951,-2.0096|0.7304,-10342,0.0794525,0.215675,5448,01,True,0.0206186,97,0.219211,5351,0.979381,0.999388,0.041248,0.18481,0.978775,0.0200068,0|0|0|0|0|0|0|0|0|97,0|0|0|0|0|0|0|0|0|96.9407,0|0|0|0|0|0|0|0|0|95,0.0515|0.9485,0.0306|0.9694,0.0023684|0.016826,0.0022224|0.011592,0.06388|0.32262,0.0023684|0.016826,0.0022224|0.011592,0.06388|0.32262,-531.0120|-453.1285,,,,,,,
real,105,2,ge10,hmc_in,1,unsupervised,ignorable,start,23,2.214,-2.0001|0.7352,-9899.17,0.0950597,0.214941,5448,01,True,0.0206186,97,0.218464,5351,0.979381,0.998243,0.0411599,0.141698,0.977671,0.0188615,0|0|0|0|0|0|0|0|0|97,0|0|0|0|0|0|0|0|0|96.8296,0|0|0|0|0|0|0|0|0|95,0.0515|0.9485,0.0325|0.9675,,,,,,,-531.0120|-453.1285,,,,,,,
real,105,2,ge10,hmc_in,1,unsupervised,state,ignorable fit,3,0.298844,-2.0087|0.7309,-10414.3,0.0748047,0.215492,5448,01,True,0.0206186,97,0.219024,5351,0.979381,0.999108,0.0412891,0.194459,0.978492,0.0197261,0|0|0|0|0|0|0|0|0|97,0|0|0|0|0|0|0|0|0|96.9134,0|0|0|0|0|0|0|0|0|95,0.0515|0.9485,0.0302|0.9698,0.0022027|0.01684,,,0.0022027|0.01684,,,-531.0120|-453.1285,,,,,,,
real,105,2,ge10,hmc_in,1,unsupervised,state-markov,ignorable fit,3,0.299524,-2.0091|0.7307,-10342,0.0759163,0.215675,5448,01,True,0.0206186,97,0.219211,5351,0.979381,0.999392,0.0412476,0.184807,0.978779,0.020011,0|0|0|0|0|0|0|0|0|97,0|0|0|0|0|0|0|0|0|96.9411,0|0|0|0|0|0|0|0|0|95,0.0515|0.9485,0.0306|0.9694,0.0023675|0.016828,0.0022215|0.011594,0.063875|0.32262,0.0023675|0.016828,0.0022215|0.011594,0.063875|0.32262,-531.0120|-453.1285,,,,,,,
real,105,2,ge10,hmc_in,2,unsupervised,ignorable,start,29,2.96363,-1.9976|0.7364,-9899.41,0.0920384,0.214941,5448,01,True,0.0206186,97,0.218464,5351,0.979381,0.998246,0.0411597,0.141659,0.977674,0.0188647,0|0|0|0|0|0|0|0|0|97,0|0|0|0|0|0|0|0|0|96.8299,0|0|0|0|0|0|0|0|0|95,0.0515|0.9485,0.0325|0.9675,,,,,,,-531.0120|-453.1285,,,,,,,
real,105,2,ge10,hmc_in,2,unsupervised,state,ignorable fit,3,0.309064,-2.0072|0.7316,-10414.4,0.0935848,0.215308,5448,01,True,0.0206186,97,0.218838,5351,0.979381,0.999127,0.0412862,0.194454,0.978512,0.0197458,0|0|0|0|0|0|0|0|0|97,0|0|0|0|0|0|0|0|0|96.9153,0|0|0|0|0|0|0|0|0|95,0.0515|0.9485,0.0302|0.9698,0.0022009|0.016847,,,0.0022009|0.016847,,,-531.0120|-453.1285,,,,,,,
real,105,2,ge10,hmc_in,2,unsupervised,state-markov,ignorable fit,3,0.303005,-2.0076|0.7314,-10342.1,0.069023,0.215492,5448,01,True,0.0206186,97,0.219024,5351,0.979381,0.999403,0.0412466,0.1848,0.97879,0.0200219,0|0|0|0|0|0|0|0|0|97,0|0|0|0|0|0|0|0|0|96.9421,0|0|0|0|0|0|0|0|0|95,0.0515|0.9485,0.0306|0.9694,0.002365|0.016835,0.0022192|0.011599,0.063861|0.32263,0.002365|0.016835,0.0022192|0.011599,0.063861|0.32263,-531.0120|-453.1285,,,,,,,
real,105,2,ge10,hmc_in,0,unsupervised,state,start,6,0.630297,-1.5970|0.9267,-10503.1,0.0516173,0.134178,5448,01,True,0.0206186,97,0.136236,5351,0.979381,0.999738,0.0412213,0.176247,0.979129,0.0203568,0|0|0|0|0|0|0|0|0|97,0|0|0|0|0|0|0|0|0|96.9746,0|0|0|0|0|0|0|0|0|95,0.0515|0.9485,0.0308|0.9692,0.0015848|0.019289,,,0.0015848|0.019289,,,-531.0120|-453.1285,,,,,,,
real,105,2,ge10,hmc_in,1,unsupervised,state,start,5,0.501506,-1.6273|0.9121,-10500.6,0.0508946,0.139134,5448,01,True,0.0206186,97,0.141282,5351,0.979381,0.999731,0.0412234,0.17806,0.979121,0.0203495,0|0|0|0|0|0|0|0|0|97,0|0|0|0|0|0|0|0|0|96.9739,0|0|0|0|0|0|0|0|0|95,0.0515|0.9485,0.0308|0.9692,0.0016217|0.019066,,,0.0016217|0.019066,,,-531.0120|-453.1285,,,,,,,
real,105,2,ge10,hmc_in,2,unsupervised,state,start,9,0.925673,-1.5788|0.9356,-10504.6,0.113286,0.131057,5448,01,True,0.0206186,97,0.133059,5351,0.979381,0.999742,0.0412199,0.175017,0.979134,0.020361,0|0|0|0|0|0|0|0|0|97,0|0|0|0|0|0|0|0|0|96.975,0|0|0|0|0|0|0|0|0|95,0.0515|0.9485,0.0308|0.9692,0.0015631|0.019427,,,0.0015631|0.019427,,,-531.0120|-453.1285,,,,,,,
real,105,2,ge10,hmc_in,0,unsupervised,state-markov,start,10,0.948519,-1.6482|0.9013,-10430,0.122307,0.141336,5448,01,True,0.0206186,97,0.143525,5351,0.979381,0.999755,0.0411959,0.160097,0.979158,0.0203736,0|0|0|0|0|0|0|0|0|97,0|0|0|0|0|0|0|0|0|96.9762,0|0|0|0|0|0|0|0|0|95,0.0515|0.9485,0.0309|0.9691,0.0017635|0.018905,0.0016547|0.01305,0.063318|0.32272,0.0017635|0.018905,0.0016547|0.01305,0.063318|0.32272,-531.0120|-453.1285,,,,,,,
real,105,2,ge10,hmc_in,1,unsupervised,state-markov,start,7,0.653102,-1.6537|0.8987,-10429.5,0.0908028,0.142621,5448,01,True,0.0206186,97,0.144833,5351,0.979381,0.999754,0.0411972,0.16062,0.979156,0.0203728,0|0|0|0|0|0|0|0|0|97,0|0|0|0|0|0|0|0|0|96.9762,0|0|0|0|0|0|0|0|0|95,0.0515|0.9485,0.0309|0.9691,0.001771|0.018866,0.0016618|0.013023,0.063323|0.32272,0.001771|0.018866,0.0016618|0.013023,0.063323|0.32272,-531.0120|-453.1285,,,,,,,
real,105,2,ge10,hmc_in,2,unsupervised,state-markov,start,15,1.61043,-1.6570|0.8970,-10429.2,0.0990631,0.143172,5448,01,True,0.0206186,97,0.145393,5351,0.979381,0.999755,0.041198,0.160996,0.979156,0.0203731,0|0|0|0|0|0|0|0|0|97,0|0|0|0|0|0|0|0|0|96.9762,0|0|0|0|0|0|0|0|0|95,0.0515|0.9485,0.0309|0.9691,0.0017758|0.018842,0.0016663|0.013007,0.063316|0.32272,0.0017758|0.018842,0.0016663|0.013007,0.063316|0.32272,-531.0120|-453.1285,,,,,,,
real,105,2,any,hmc_in,0,oracle,ignorable,,,,,-9956.57,0.0533544,0.0517621,5448,01,True,0.0117925,424,0.0551354,5024,0.988208,0.997979,0.0174368,0.102255,0.990052,0.00977111,0|2|0|0|0|0|0|0|0|422,0|1.18132|0|0|0|0|0|0|0|421.962,0|0|0|0|0|0|0|0|0|419,0.0684|0.9316,0.0726|0.9274,,,,,,,,,,,,,,1:0.0000:4:0.0000:470|2:0.0000:4:0.0000:533|3:0.0000:5:0.0000:438|4:0.0036:278:0.0606:363|5:0.0000:30:0.0455:462|6:0.0000:7:0.0515:485|7:0.0000:45:0.0249:481|12:0.0000:5:0.1286:280|13:0.2500:4:0.1514:251|16:0.2000:5:0.0475:484|17:0.1250:16:0.1366:644|24:0.0000:21:0.0902:133
real,105,2,any,hmc_in,0,oracle,state,,,,,-11633.5,0.0748835,0.0471733,5448,01,True,0.0117925,424,0.0501592,5024,0.988208,0.998749,0.0195051,0.0943991,0.989282,0.0105414,0|0|0|0|0|2|0|0|0|422,0|0|0|0|0|1.50874|0|0|0|421.961,0|0|0|0|0|0|0|0|0|419,0.0684|0.9316,0.0718|0.9282,0.013743|0.11846,,,,,,,,,,,,,1:0.0000:4:0.0000:470|2:0.0000:4:0.0000:533|3:0.0000:5:0.0000:438|4:0.0036:278:0.0606:363|5:0.0000:30:0.0455:462|6:0.0000:7:0.0557:485|7:0.0000:45:0.0249:481|12:0.0000:5:0.1286:280|13:0.2500:4:0.1514:251|16:0.2000:5:0.0661:484|17:0.1250:16:0.0807:644|24:0.0000:21:0.0902:133
real,105,2,any,hmc_in,0,oracle,state-markov,,,,,-11424.2,0.0649375,0.0466226,5448,01,True,0.0117925,424,0.0495621,5024,0.988208,0.998473,0.0186925,0.0953511,0.989567,0.0102656,0|0|0|2|0|0|0|0|0|422,0|0|0|1.38942|0|0|0|0|0|421.963,0|0|0|0|0|0|0|0|0|419,0.0684|0.9316,0.0721|0.9279,0.013899|0.11843,0.012963|0.070082,0.080278|0.4783,,,,,,,,,,,1:0.0000:4:0.0000:470|2:0.0000:4:0.0000:533|3:0.0000:5:0.0000:438|4:0.0036:278:0.0606:363|5:0.0000:30:0.0455:462|6:0.0000:7:0.0536:485|7:0.0000:45:0.0249:481|12:0.0000:5:0.1286:280|13:0.2500:4:0.1514:251|16:0.2000:5:0.0620:484|17:0.1250:16:0.0807:644|24:0.0000:21:0.0902:133
real,105,2,any,pmc_pair,0,oracle,ignorable,,,,,-5348.98,0.0944111,0.025514,5448,01,True,0.00471698,424,0.0272691,5024,0.995283,0.999836,0.00943564,0.0513852,0.995121,0.00455315,0|0|0|0|0|0|0|0|0|424,0|0|0|0|0|0|0|0|0|423.931,0|0|0|0|0|0|0|0|0|422,0.0684|0.9316,0.0732|0.9268,,,,,,,,,,,,,,1:0.0000:4:0.0000:470|2:0.0000:4:0.0000:533|3:0.0000:5:0.0000:438|4:0.0036:278:0.0496:363|5:0.0000:30:0.0433:462|6:0.0000:7:0.0598:485|7:0.0000:45:0.0000:481|12:0.0000:5:0.0714:280|13:0.2500:4:0.1315:251|16:0.0000:5:0.0103:484|17:0.0000:16:0.0000:644|24:0.0000:21:0.0902:133
real,105,2,any,pmc_pair,0,oracle,state,,,,,-7020.25,0.123358,0.030837,5448,01,True,0.00471698,424,0.0330414,5024,0.995283,0.999967,0.00942513,0.047683,0.995254,0.00468388,0|0|0|0|0|0|0|0|0|424,0|0|0|0|0|0|0|0|0|423.986,0|0|0|0|0|0|0|0|0|422,0.0684|0.9316,0.0731|0.9269,0.013743|0.11846,,,,,,,,,,,,,1:0.0000:4:0.0000:470|2:0.0000:4:0.0000:533|3:0.0000:5:0.0000:438|4:0.0036:278:0.0496:363|5:0.0000:30:0.0433:462|6:0.0000:7:0.0845:485|7:0.0000:45:0.0187:481|12:0.0000:5:0.0821:280|13:0.2500:4:0.1315:251|16:0.0000:5:0.0207:484|17:0.0000:16:0.0000:644|24:0.0000:21:0.0902:133
real,105,2,any,pmc_pair,0,oracle,state-markov,,,,,-6815.64,0.108991,0.0299192,5448,01,True,0.00471698,424,0.0320462,5024,0.995283,0.999955,0.00942609,0.0481338,0.995242,0.00467191,0|0|0|0|0|0|0|0|0|424,0|0|0|0|0|0|0|0|0|423.981,0|0|0|0|0|0|0|0|0|422,0.0684|0.9316,0.0731|0.9269,0.013899|0.11843,0.012963|0.070082,0.080278|0.4783,,,,,,,,,,,1:0.0000:4:0.0000:470|2:0.0000:4:0.0000:533|3:0.0000:5:0.0000:438|4:0.0036:278:0.0496:363|5:0.0000:30:0.0433:462|6:0.0000:7:0.0742:485|7:0.0000:45:0.0187:481|12:0.0000:5:0.0821:280|13:0.2500:4:0.1315:251|16:0.0000:5:0.0207:484|17:0.0000:16:0.0000:644|24:0.0000:21:0.0902:133
real,105,2,any,hmc_in,0,unsupervised,ignorable,start,19,2.04553,-2.0235|0.7010,-9406.96,0.10065,0.217511,5448,01,True,0.0518868,424,0.231489,5024,0.948113,0.995818,0.102536,0.355785,0.944773,0.0488501,0|0|0|0|0|1|1|0|0|422,0|0|0|0|0|0.757218|0.84574|0|0|420.624,0|0|0|0|0|1|0|0|0|401,0.0684|0.9316,0.0327|0.9673,,,,,,,-1810.1389|-1538.7722,,,,,,,
real,105,2,any,hmc_in,0,unsupervised,state,ignorable fit,3,0.308005,-2.0290|0.6983,-11151.8,0.0786051,0.218062,5448,01,True,0.0542453,424,0.231887,5024,0.945755,0.996394,0.102825,0.429737,0.946038,0.053429,1|0|0|1|0|1|1|1|1|418,0.515228|0|0|0.670824|0|0.787178|0.813936|0.85788|0.949626|417.876,0|0|0|0|0|1|1|1|1|397,0.0684|0.9316,0.0265|0.9735,0.01353|0.081233,,,0.01353|0.081233,,,-1810.1389|-1538.7722,,,,,,,
real,105,2,any,hmc_in,0,unsupervised,state-markov,ignorable fit,3,0.328901,-2.0301|0.6975,-10910,0.108429,0.218612,5448,01,True,0.0518868,424,0.232683,5024,0.948113,0.997059,0.102331,0.408694,0.946816,0.0526251,1|0|0|1|0|0|0|1|2|419,0.500768|0|0|0.662067|0|0|0|0.898778|1.82049|418.871,1|0|0|0|0|0|0|1|2|398,0.0684|0.9316,0.0280|0.9720,0.014135|0.081144,0.013041|0.050684,0.090416|0.42607,0.014135|0.081144,0.013041|0.050684,0.090416|0.42607,-1810.1389|-1538.7722,,,,,,,
real,105,2,any,hmc_in,1,unsupervised,ignorable,start,17,1.74471,-2.0229|0.7013,-9407.01,0.0900624,0.217511,5448,01,True,0.0518868,424,0.231489,5024,0.948113,0.995836,0.102539,0.355659,0.944782,0.0488459,0|0|0|0|0|1|1|0|0|422,0|0|0|0|0|0.761855|0.847619|0|0|420.625,0|0|0|0|0|1|0|0|0|401,0.0684|0.9316,0.0327|0.9673,,,,,,,-1810.1389|-1538.7722,,,,,,,
real,105,2,any,hmc_in,1,unsupervised,state,ignorable fit,3,0.309098,-2.0286|0.6985,-11151.8,0.093434,0.217878,5448,01,True,0.0542453,424,0.231688,5024,0.945755,0.996405,0.102806,0.42962,0.946054,0.0534148,1|0|0|1|0|1|1|1|1|418,0.51742|0|0|0.667447|0|0.788713|0.815257|0.860029|0.949909|417.877,0|0|0|0|0|1|1|1|1|397,0.0684|0.9316,0.0265|0.9735,0.013533|0.08124,,,0.013533|0.08124,,,-1810.1389|-1538.7722,,,,,,,
real,105,2,any,hmc_in,1,unsupervised,state-markov,ignorable fit,3,0.340422,-2.0298|0.6977,-10910,0.0927137,0.218429,5448,01,True,0.0518868,424,0.232484,5024,0.948113,0.99708,0.102322,0.408592,0.946828,0.0526146,1|0|0|1|0|0|0|0|3|419,0.504498|0|0|0.66388|0|0|0|0|2.72209|418.871,1|0|0|0|0|0|0|0|3|398,0.0684|0.9316,0.0281|0.9719,0.014137|0.081151,0.013043|0.050688,0.090396|0.42608,0.014137|0.081151,0.013043|0.050688,0.090396|0.42608,-1810.1389|-1538.7722,,,,,,,
real,105,2,any,hmc_in,2,unsupervised,ignorable,start,21,2.03272,-2.0210|0.7023,-9407.18,0.0376677,0.217144,5448,01,True,0.0518868,424,0.231091,5024,0.948113,0.995885,0.10255,0.35529,0.944808,0.0488339,0|0|0|0|0|1|0|1|0|422,0|0|0|0|0|0.774937|0|0.852975|0|420.628,0|0|0|0|0|1|0|0|0|401,0.0684|0.9316,0.0327|0.9673,,,,,,,-1810.1389|-1538.7722,,,,,,,
real,105,2,any,hmc_in,2,unsupervised,state,ignorable fit,3,0.338867,-2.0275|0.6991,-11151.9,0.0959278,0.217695,5448,01,True,0.0542453,424,0.231489,5024,0.945755,0.996435,0.102751,0.429282,0.946101,0.0531412,1|0|0|1|0|1|1|1|0|419,0.523823|0|0|0.657487|0|0.793147|0.819073|0.86612|0|418.829,0|0|0|0|0|1|1|1|0|398,0.0684|0.9316,0.0266|0.9734,0.013542|0.08126,,,0.013542|0.08126,,,-1810.1389|-1538.7722,,,,,,,
real,105,2,any,hmc_in,2,unsupervised,state-markov,ignorable fit,3,0.293934,-2.0287|0.6983,-10910,0.113855,0.218062,5448,01,True,0.0518868,424,0.232086,5024,0.948113,0.997139,0.102297,0.408296,0.946862,0.0525843,1|0|0|1|0|0|0|0|3|419,0.515385|0|0|0.669152|0|0|0|0|2.73014|418.872,1|0|0|0|0|0|0|0|3|398,0.0684|0.9316,0.0281|0.9719,0.014141|0.081171,0.013048|0.050699,0.090337|0.42611,0.014141|0.081171,0.013048|0.050699,0.090337|0.42611,-1810.1389|-1538.7722,,,,,,,
real,105,2,any,hmc_in,0,unsupervised,state,start,22,2.2993,-1.9997|0.7140,-11153.7,0.0963152,0.214207,5448,01,True,0.0518868,424,0.227906,5024,0.948113,0.997238,0.102023,0.421837,0.946968,0.0524551,0|1|0|1|0|0|0|2|1|419,0|0.586846|0|0.668689|0|0|0|1.75858|0.948579|418.866,0|1|0|0|0|0|0|2|1|398,0.0684|0.9316,0.0281|0.9719,0.013518|0.081831,,,0.013518|0.081831,,,-1810.1389|-1538.7722,,,,,,,
real,105,2,any,hmc_in,1,unsupervised,state,start,20,2.05744,-2.0039|0.7118,-11153.3,0.0996795,0.214574,5448,01,True,0.0518868,424,0.228304,5024,0.948113,0.997044,0.102064,0.422939,0.946867,0.0525348,0|1|1|0|0|0|0|2|1|419,0|0.552498|0.64863|0|0|0|0|1.74162|0.941734|418.862,0|1|0|0|0|0|0|2|1|398,0.0684|0.9316,0.0279|0.9721,0.013516|0.081745,,,0.013516|0.081745,,,-1810.1389|-1538.7722,,,,,,,
real,105,2,any,hmc_in,2,unsupervised,state,start,26,2.5398,-2.0049|0.7112,-11153.2,0.0643452,0.214574,5448,01,True,0.0518868,424,0.228304,5024,0.948113,0.996996,0.102077,0.423198,0.946842,0.0525549,1|0|1|0|0|0|0|2|1|419,0.544138|0|0.643805|0|0|0|0|1.73734|0.939932|418.861,1|0|0|0|0|0|0|2|1|398,0.0684|0.9316,0.0279|0.9721,0.013514|0.081725,,,0.013514|0.081725,,,-1810.1389|-1538.7722,,,,,,,
real,105,2,any,hmc_in,0,unsupervised,state-markov,start,20,2.08708,-2.0106|0.7081,-10911.3,0.085851,0.215492,5448,01,True,0.0518868,424,0.229299,5024,0.948113,0.997964,0.102124,0.403726,0.94732,0.0519553,0|0|0|1|1|0|0|0|2|420,0|0|0|0.67967|0.748154|0|0|0|1.87427|419.835,0|0|0|1|0|0|0|0|2|399,0.0684|0.9316,0.0289|0.9711,0.014092|0.081562,0.013036|0.050921,0.088011|0.42659,0.014092|0.081562,0.013036|0.050921,0.088011|0.42659,-1810.1389|-1538.7722,,,,,,,
real,105,2,any,hmc_in,1,unsupervised,state-markov,start,18,1.7008,-2.0114|0.7076,-10911.2,0.110367,0.215492,5448,01,True,0.0518868,424,0.229299,5024,0.948113,0.997932,0.102123,0.403934,0.947303,0.0522005,0|0|0|1|1|0|0|0|3|419,0|0|0|0.673075|0.744894|0|0|0|2.8221|418.883,0|0|0|1|0|0|0|0|3|398,0.0684|0.9316,0.0289|0.9711,0.014094|0.081544,0.013036|0.050911,0.088044|0.42657,0.014094|0.081544,0.013036|0.050911,0.088044|0.42657,-1810.1389|-1538.7722,,,,,,,
real,105,2,any,hmc_in,2,unsupervised,state-markov,start,23,2.50123,-2.0116|0.7075,-10911.1,0.0849656,0.215492,5448,01,True,0.0518868,424,0.229299,5024,0.948113,0.997926,0.102123,0.403975,0.9473,0.0522035,0|0|0|1|1|0|0|0|3|419,0|0|0|0.671763|0.744248|0|0|0|2.82144|418.883,0|0|0|1|0|0|0|0|3|398,0.0684|0.9316,0.0289|0.9711,0.014094|0.08154,0.013037|0.050909,0.08805|0.42657,0.014094|0.08154,0.013037|0.050909,0.08805|0.42657,-1810.1389|-1538.7722,,,,,,,
real,105,3,ge10,hmc_in,0,oracle,ignorable,,,,,-8913.58,0.0601897,0.0943465,5448,012,True,0.0206186,97,0.095683,5351,0.979381,0.996813,0.0295779,0.0388432,0.982515,0.0174846,0|0|0|0|0|0|0|2|0|95,0|0|0|0|0|0|0|1.69343|0|94.9974,0|0|0|0|0|0|0|0|0|95,0.0515|0.8969|0.0515,0.0341|0.9144|0.0515,,,,,,,,,,,,,,1:0.0000:1:0.0000:473|2:0.0000:2:0.0000:535|3:nan:0:0.0000:443|4:0.0000:87:0.0397:554|5:0.0000:3:0.0450:489|6:nan:0:0.0285:492|7:0.0000:2:0.0382:524|12:nan:0:0.1158:285|13:nan:0:0.1451:255|16:nan:0:0.0409:489|17:1.0000:2:0.5046:658|24:nan:0:0.0779:154
real,105,3,ge10,hmc_in,0,oracle,state,,,,,-9407.08,0.0749785,0.0936123,5448,012,True,0.0206186,97,0.0949355,5351,0.979381,0.999752,0.0410027,0.125797,0.979254,0.0203702,0|0|0|0|0|0|0|0|0|97,0|0|0|0|0|0|0|0|0|96.9759,0|0|0|0|0|0|0|0|0|95,0.0515|0.8969|0.0515,0.0310|0.9177|0.0514,0.0023704|0.040228|0.004274,,,,,,,,,,,,,1:0.0000:1:0.0000:473|2:0.0000:2:0.0000:535|3:nan:0:0.0000:443|4:0.0000:87:0.0397:554|5:0.0000:3:0.0450:489|6:nan:0:0.0285:492|7:0.0000:2:0.0382:524|12:nan:0:0.1158:285|13:nan:0:0.1451:255|16:nan:0:0.0409:489|17:1.0000:2:0.4985:658|24:nan:0:0.0779:154
real,105,3,ge10,hmc_in,0,oracle,state-markov,,,,,-9344.13,0.0840857,0.0937959,5448,012,True,0.0206186,97,0.0951224,5351,0.979381,0.999236,0.0386587,0.0762001,0.979937,0.0198543,0|0|0|0|0|0|0|0|0|97,0|0|0|0|0|0|0|0|0|96.9259,0|0|0|0|0|0|0|0|0|95,0.0515|0.8969|0.0515,0.0316|0.9170|0.0514,0.002426|0.040214|0.0045037,0.0019002|0.027943|0.0042889,0.21865|0.33309|0.05198,,,,,,,,,,,1:0.0000:1:0.0000:473|2:0.0000:2:0.0000:535|3:nan:0:0.0000:443|4:0.0000:87:0.0397:554|5:0.0000:3:0.0450:489|6:nan:0:0.0285:492|7:0.0000:2:0.0382:524|12:nan:0:0.1158:285|13:nan:0:0.1451:255|16:nan:0:0.0409:489|17:1.0000:2:0.5000:658|24:nan:0:0.0779:154
real,105,3,ge10,pmc_pair,0,oracle,ignorable,,,,,-4996.16,0.155244,0.139684,5448,012,True,0.0309278,97,0.141656,5351,0.969072,0.999999,0.0618557,0.758297,0.969071,0.0309264,0|0|0|0|0|0|0|0|0|97,0|0|0|0|0|0|0|0|0|96.9999,0|0|0|0|0|0|0|0|0|94,0.0515|0.8969|0.0515,0.0515|0.9278|0.0206,,,,,,,,,,,,,,1:0.0000:1:0.0000:473|2:0.0000:2:0.0000:535|3:nan:0:0.0000:443|4:0.0000:87:0.0397:554|5:1.0000:3:1.0000:489|6:nan:0:0.0244:492|7:0.0000:2:0.0248:524|12:nan:0:0.0842:285|13:nan:0:0.1333:255|16:nan:0:0.0204:489|17:0.0000:2:0.0000:658|24:nan:0:1.0000:154
real,105,3,ge10,pmc_pair,0,oracle,state,,,,,-5495.99,0.110382,0.139868,5448,012,True,0.0309278,97,0.141843,5351,0.969072,0.999974,0.0618557,0.791144,0.969046,0.0309015,0|0|0|0|0|0|0|0|0|97,0|0|0|0|0|0|0|0|0|96.9974,0|0|0|0|0|0|0|0|0|94,0.0515|0.8969|0.0515,0.0515|0.9279|0.0206,0.0023704|0.040228|0.004274,,,,,,,,,,,,,1:0.0000:1:0.0000:473|2:0.0000:2:0.0000:535|3:nan:0:0.0000:443|4:0.0000:87:0.0397:554|5:1.0000:3:1.0000:489|6:nan:0:0.0244:492|7:0.0000:2:0.0248:524|12:nan:0:0.0877:285|13:nan:0:0.1333:255|16:nan:0:0.0204:489|17:0.0000:2:0.0000:658|24:nan:0:1.0000:154
real,105,3,ge10,pmc_pair,0,oracle,state-markov,,,,,-5430.37,0.141301,0.139868,5448,012,True,0.0309278,97,0.141843,5351,0.969072,0.999995,0.0618557,0.784221,0.969067,0.0309227,0|0|0|0|0|0|0|0|0|97,0|0|0|0|0|0|0|0|0|96.9995,0|0|0|0|0|0|0|0|0|94,0.0515|0.8969|0.0515,0.0515|0.9278|0.0206,0.002426|0.040214|0.0045037,0.0019002|0.027943|0.0042889,0.21865|0.33309|0.05198,,,,,,,,,,,1:0.0000:1:0.0000:473|2:0.0000:2:0.0000:535|3:nan:0:0.0000:443|4:0.0000:87:0.0397:554|5:1.0000:3:1.0000:489|6:nan:0:0.0244:492|7:0.0000:2:0.0248:524|12:nan:0:0.0877:285|13:nan:0:0.1333:255|16:nan:0:0.0204:489|17:0.0000:2:0.0000:658|24:nan:0:1.0000:154
real,105,3,ge10,hmc_in,0,unsupervised,ignorable,start,24,2.30116,-2.2765|-0.2528|1.3956,-7723.79,0.0830356,0.440345,5448,201,False,0.0618557,97,0.447206,5351,0.938144,0.992804,0.128716,0.959746,0.930987,0.0648231,0|0|1|0|0|0|0|0|0|96,0|0|0.507097|0|0|0|0|0|0|95.7949,0|0|1|0|0|0|0|0|0|90,0.0515|0.8969|0.0515,0.0370|0.9470|0.0160,,,,,,,-531.0120|-453.1285,,,,,,,
real,105,3,ge10,hmc_in,0,unsupervised,state,ignorable fit,3,0.307872,-2.2813|-0.2555|1.3975,-8196.6,0.0841425,0.441079,5448,201,False,0.0721649,97,0.447767,5351,0.927835,0.993285,0.129715,1.10789,0.93079,0.0654496,0|0|1|0|0|0|0|0|0|96,0|0|0.532006|0|0|0|0|0|0|95.8166,0|0|0|0|0|0|0|0|0|90,0.0515|0.8969|0.0515,0.0339|0.9497|0.0164,0.0019989|0.0017042|0.029489,,,0.0019989|0.0017042|0.029489,,,-531.0120|-453.1285,,,,,,,
real,105,3,ge10,hmc_in,0,unsupervised,state-markov,ignorable fit,3,0.340856,-2.2813|-0.2568|1.3962,-8136.38,0.1083,0.440896,5448,201,False,0.0721649,97,0.44758,5351,0.927835,0.994919,0.132806,1.09377,0.929832,0.0691884,0|0|0|0|1|0|0|0|1|95,0|0|0|0|0.657256|0|0|0|0.897945|94.952,0|0|0|0|0|0|0|0|1|89,0.0515|0.8969|0.0515,0.0336|0.9483|0.0182,0.0023493|0.0016015|0.02938,0.0021119|0.0010682|0.020734,0.10315|0.33407|0.31502,0.0023493|0.0016015|0.02938,0.0021119|0.0010682|0.020734,0.10315|0.33407|0.31502,-531.0120|-453.1285,,,,,,,
real,105,3,ge10,hmc_in,1,unsupervised,ignorable,start,25,2.67934,-2.2757|-0.2517|1.3960,-7723.92,0.0887633,0.440529,5448,201,False,0.0618557,97,0.447393,5351,0.938144,0.992788,0.128719,0.960238,0.93097,0.0648076,0|0|1|0|0|0|0|0|0|96,0|0|0.507029|0|0|0|0|0|0|95.7934,0|0|1|0|0|0|0|0|0|90,0.0515|0.8969|0.0515,0.0370|0.9470|0.0160,,,,,,,-531.0120|-453.1285,,,,,,,
real,105,3,ge10,hmc_in,1,unsupervised,state,ignorable fit,3,0.352916,-2.2807|-0.2547|1.3978,-8196.64,0.106772,0.441079,5448,201,False,0.0721649,97,0.447767,5351,0.927835,0.993276,0.129715,1.10827,0.930782,0.0654407,0|0|1|0|0|0|0|0|0|96,0|0|0.531934|0|0|0|0|0|0|95.8158,0|0|0|0|0|0|0|0|0|90,0.0515|0.8969|0.0515,0.0339|0.9497|0.0164,0.0019976|0.0017039|0.029499,,,0.0019976|0.0017039|0.029499,,,-531.0120|-453.1285,,,,,,,
real,105,3,ge10,hmc_in,1,unsupervised,state-markov,ignorable fit,3,0.361389,-2.2807|-0.2560|1.3965,-8136.43,0.0985249,0.440896,5448,201,False,0.0721649,97,0.44758,5351,0.927835,0.994906,0.132812,1.09416,0.929818,0.0692013,0|0|0|0|1|0|0|0|1|95,0|0|0|0|0.657304|0|0|0|0.89668|94.9519,0|0|0|0|0|0|0|0|1|89,0.0515|0.8969|0.0515,0.0336|0.9483|0.0182,0.0023483|0.0016011|0.02939,0.0021111|0.0010678|0.020741,0.10311|0.33413|0.31502,0.0023483|0.0016011|0.02939,0.0021111|0.0010678|0.020741,0.10311|0.33413|0.31502,-531.0120|-453.1285,,,,,,,
real,105,3,ge10,hmc_in,2,unsupervised,ignorable,start,24,2.49541,-2.2767|-0.2532|1.3955,-7723.76,0.121256,0.440162,5448,201,False,0.0618557,97,0.447019,5351,0.938144,0.99281,0.128715,0.959475,0.930992,0.0648278,0|0|1|0|0|0|0|0|0|96,0|0|0.507118|0|0|0|0|0|0|95.7954,0|0|1|0|0|0|0|0|0|90,0.0515|0.8969|0.0515,0.0370|0.9470|0.0160,,,,,,,-531.0120|-453.1285,,,,,,,
real,105,3,ge10,hmc_in,2,unsupervised,state,ignorable fit,3,0.309135,-2.2814|-0.2557|1.3974,-8196.58,0.113898,0.441079,5448,201,False,0.0721649,97,0.447767,5351,0.927835,0.993287,0.129715,1.1077,0.930792,0.0654524,0|0|1|0|0|0|0|0|0|96,0|0|0.532027|0|0|0|0|0|0|95.8169,0|0|0|0|0|0|0|0|0|90,0.0515|0.8969|0.0515,0.0339|0.9497|0.0164,0.0019992|0.0017043|0.029485,,,0.0019992|0.0017043|0.029485,,,-531.0120|-453.1285,,,,,,,
real,105,3,ge10,hmc_in,2,unsupervised,state-markov,ignorable fit,3,0.349808,-2.2814|-0.2570|1.3961,-8136.36,0.119589,0.440896,5448,201,False,0.0721649,97,0.44758,5351,0.927835,0.994923,0.132804,1.09358,0.929837,0.0691845,0|0|0|0|1|0|0|0|1|95,0|0|0|0|0.657241|0|0|0|0.898335|94.952,0|0|0|0|0|0|0|0|1|89,0.0515|0.8969|0.0515,0.0336|0.9483|0.0181,0.0023496|0.0016017|0.029376,0.0021122|0.0010684|0.020731,0.10316|0.33406|0.31502,0.0023496|0.0016017|0.029376,0.0021122|0.0010684|0.020731,0.10316|0.33406|0.31502,-531.0120|-453.1285,,,,,,,
real,105,3,ge10,hmc_in,0,unsupervised,state,start,24,2.66349,-2.2715|-0.2358|1.4077,-8197.93,0.0887462,0.445485,5448,201,False,0.0721649,97,0.452252,5351,0.927835,0.9931,0.129979,1.17176,0.930425,0.0668022,0|0|0|1|0|0|0|0|1|95,0|0|0|0.540863|0|0|0|0|0.925449|94.8644,0|0|0|0|0|0|0|0|1|89,0.0515|0.8969|0.0515,0.0335|0.9498|0.0167,0.0020103|0.0016607|0.02986,,,0.0020103|0.0016607|0.02986,,,-531.0120|-453.1285,,,,,,,
real,105,3,ge10,hmc_in,1,unsupervised,state,start,26,2.65294,-2.2733|-0.2380|1.4072,-8197.61,0.0676585,0.445117,5448,201,False,0.0721649,97,0.451878,5351,0.927835,0.993137,0.129971,1.18787,0.93046,0.0667802,0|0|0|1|0|0|0|0|1|95,0|0|0|0.540942|0|0|0|0|0.928282|94.865,0|0|0|0|0|0|0|0|1|89,0.0515|0.8969|0.0515,0.0336|0.9498|0.0167,0.0020132|0.0016614|0.029841,,,0.0020132|0.0016614|0.029841,,,-531.0120|-453.1285,,,,,,,
real,105,3,ge10,hmc_in,2,unsupervised,state,start,24,2.54404,-2.2721|-0.2366|1.4075,-8197.82,0.0970178,0.445301,5448,201,False,0.0721649,97,0.452065,5351,0.927835,0.993113,0.129975,1.16738,0.930438,0.0667948,0|0|0|1|0|0|0|0|1|95,0|0|0|0.54082|0|0|0|0|0.926428|94.8647,0|0|0|0|0|0|0|0|1|89,0.0515|0.8969|0.0515,0.0336|0.9498|0.0167,0.0020111|0.0016612|0.029851,,,0.0020111|0.0016612|0.029851,,,-531.0120|-453.1285,,,,,,,
real,105,3,ge10,hmc_in,0,unsupervised,state-markov,start,24,2.68507,-2.2725|-0.2398|1.4046,-8137.64,0.0864751,0.444016,5448,201,False,0.0721649,97,0.450757,5351,0.927835,0.994726,0.133335,1.132,0.929352,0.0696304,0|0|0|0|0|1|0|0|1|95,0|0|0|0|0|0.671207|0|0|0.867141|94.9501,0|0|0|0|0|0|0|0|1|89,0.0515|0.8969|0.0515,0.0331|0.9483|0.0186,0.0023989|0.0015487|0.029672,0.0021594|0.0010303|0.020946,0.10199|0.33578|0.31503,0.0023989|0.0015487|0.029672,0.0021594|0.0010303|0.020946,0.10199|0.33578|0.31503,-531.0120|-453.1285,,,,,,,
real,105,3,ge10,hmc_in,1,unsupervised,state-markov,start,26,3.04109,-2.2745|-0.2424|1.4039,-8137.29,0.0803134,0.443465,5448,201,False,0.0721649,97,0.450196,5351,0.927835,0.994786,0.133278,1.13891,0.92943,0.0695605,0|0|0|0|0|1|0|0|1|95,0|0|0|0|0|0.670361|0|0|0.873452|94.9505,0|0|0|0|0|0|0|0|1|89,0.0515|0.8969|0.0515,0.0332|0.9483|0.0185,0.0023988|0.0015519|0.029648,0.0021588|0.001033|0.020928,0.10224|0.33539|0.31503,0.0023988|0.0015519|0.029648,0.0021588|0.001033|0.020928,0.10224|0.33539|0.31503,-531.0120|-453.1285,,,,,,,
real,105,3,ge10,hmc_in,2,unsupervised,state-markov,start,24,2.50298,-2.2729|-0.2404|1.4044,-8137.56,0.0866972,0.444016,5448,201,False,0.0721649,97,0.450757,5351,0.927835,0.99474,0.133321,1.1302,0.929371,0.069614,0|0|0|0|0|1|0|0|1|95,0|0|0|0|0|0.670982|0|0|0.86861|94.9502,0|0|0|0|0|0|0|0|1|89,0.0515|0.8969|0.0515,0.0331|0.9483|0.0186,0.0023987|0.0015496|0.029665,0.0021591|0.001031|0.020941,0.10205|0.33569|0.31503,0.0023987|0.0015496|0.029665,0.0021591|0.001031|0.020941,0.10205|0.33569|0.31503,-531.0120|-453.1285,,,,,,,
real,105,3,any,hmc_in,0,oracle,ignorable,,,,,-8555.38,0.052459,0.0937959,5448,012,True,0.0306604,424,0.0991242,5024,0.96934,0.997206,0.0534253,0.259306,0.971171,0.0278661,0|0|0|0|2|0|0|0|3|419,0|0|0|0|1.2981|0|0|0|2.68262|418.835,0|0|0|0|0|0|0|0|1|410,0.0684|0.7052|0.2264,0.0537|0.7199|0.2264,,,,,,,,,,,,,,1:0.0000:4:0.0000:470|2:0.0000:4:0.0000:533|3:0.0000:5:0.0000:438|4:0.0036:278:0.0579:363|5:0.0000:30:0.0476:462|6:0.0000:7:0.0289:485|7:0.0000:45:0.0416:481|12:0.0000:5:0.1179:280|13:0.2500:4:0.1434:251|16:0.2000:5:0.0393:484|17:0.6250:16:0.4984:644|24:0.0000:21:0.0902:133
real,105,3,any,hmc_in,0,oracle,state,,,,,-10270.3,0.0485226,0.0906755,5448,012,True,0.0283019,424,0.0959395,5024,0.971698,0.99705,0.0578595,0.273637,0.969179,0.0303286,0|0|1|1|0|0|0|1|0|421,0|0|0.523583|0.557181|0|0|0|0.864213|0|420.804,0|0|1|1|0|0|0|1|0|409,0.0684|0.7052|0.2264,0.0517|0.7219|0.2264,0.013743|0.13826|0.081897,,,,,,,,,,,,,1:0.0000:4:0.0000:470|2:0.0000:4:0.0000:533|3:0.0000:5:0.0000:438|4:0.0036:278:0.0606:363|5:0.0000:30:0.0476:462|6:0.0000:7:0.0330:485|7:0.0000:45:0.0416:481|12:0.0000:5:0.1214:280|13:0.2500:4:0.1434:251|16:0.2000:5:0.0413:484|17:0.5625:16:0.4658:644|24:0.0000:21:0.0902:133
real,105,3,any,hmc_in,0,oracle,state-markov,,,,,-10023.3,0.0427897,0.0937959,5448,012,True,0.0306604,424,0.0991242,5024,0.96934,0.997445,0.0566941,0.270224,0.969823,0.029836,0|0|0|1|0|1|0|1|1|420,0|0|0|0.555953|0|0.721164|0|0.851556|0.912018|419.876,0|0|0|0|0|1|0|0|1|409,0.0684|0.7052|0.2264,0.0523|0.7213|0.2264,0.013899|0.13813|0.082079,0.012963|0.069765|0.070605,0.080278|0.56469|0.2104,,,,,,,,,,,1:0.0000:4:0.0000:470|2:0.0000:4:0.0000:533|3:0.0000:5:0.0000:438|4:0.0036:278:0.0579:363|5:0.0000:30:0.0476:462|6:0.0000:7:0.0289:485|7:0.0000:45:0.0416:481|12:0.0000:5:0.1179:280|13:0.2500:4:0.1434:251|16:0.2000:5:0.0413:484|17:0.6250:16:0.4969:644|24:0.0000:21:0.0902:133
real,105,3,any,pmc_pair,0,oracle,ignorable,,,,,-4849.1,0.162431,0.139684,5448,012,True,0.125,424,0.140924,5024,0.875,0.997392,0.252247,2.62999,0.8724,0.126995,0|0|2|0|0|0|0|0|0|422,0|0|1.02424|0|0|0|0|0|0|421.87,0|0|2|0|0|0|0|0|0|369,0.0684|0.7052|0.2264,0.0710|0.8229|0.1061,,,,,,,,,,,,,,1:0.0000:4:0.0000:470|2:0.0000:4:0.0000:533|3:0.0000:5:0.0000:438|4:0.0036:278:0.0579:363|5:1.0000:30:1.0000:462|6:0.0000:7:0.0247:485|7:0.0000:45:0.0270:481|12:0.0000:5:0.0857:280|13:0.2500:4:0.1315:251|16:0.0000:5:0.0207:484|17:0.0000:16:0.0000:644|24:1.0000:21:1.0000:133
real,105,3,any,pmc_pair,0,oracle,state,,,,,-6536.09,0.150646,0.14409,5448,012,True,0.125,424,0.145701,5024,0.875,0.999918,0.249943,2.69102,0.874947,0.124918,0|0|0|0|0|0|0|0|0|424,0|0|0|0|0|0|0|0|0|423.965,0|0|0|0|0|0|0|0|0|371,0.0684|0.7052|0.2264,0.0731|0.8207|0.1061,0.013743|0.13826|0.081897,,,,,,,,,,,,,1:0.0000:4:0.0000:470|2:0.0000:4:0.0000:533|3:0.0000:5:0.0000:438|4:0.0036:278:0.0579:363|5:1.0000:30:1.0000:462|6:0.0000:7:0.0680:485|7:0.0000:45:0.0270:481|12:0.0000:5:0.0964:280|13:0.2500:4:0.1315:251|16:0.0000:5:0.0207:484|17:0.0000:16:0.0000:644|24:1.0000:21:1.0000:133
real,105,3,any,pmc_pair,0,oracle,state-markov,,,,,-6317.8,0.19174,0.140419,5448,012,True,0.125,424,0.14172,5024,0.875,0.999887,0.249946,2.56622,0.874915,0.124887,0|0|0|0|0|0|0|0|0|424,0|0|0|0|0|0|0|0|0|423.952,0|0|0|0|0|0|0|0|0|371,0.0684|0.7052|0.2264,0.0731|0.8208|0.1061,0.013899|0.13813|0.082079,0.012963|0.069765|0.070605,0.080278|0.56469|0.2104,,,,,,,,,,,1:0.0000:4:0.0000:470|2:0.0000:4:0.0000:533|3:0.0000:5:0.0000:438|4:0.0036:278:0.0579:363|5:1.0000:30:1.0000:462|6:0.0000:7:0.0309:485|7:0.0000:45:0.0270:481|12:0.0000:5:0.0893:280|13:0.2500:4:0.1315:251|16:0.0000:5:0.0207:484|17:0.0000:16:0.0000:644|24:1.0000:21:1.0000:133
real,105,3,any,hmc_in,0,unsupervised,ignorable,start,26,2.86032,-2.0592|0.3212|2.1669,-7211.92,0.0796015,0.234398,5448,012,True,0.0542453,424,0.249602,5024,0.945755,0.993585,0.106715,0.352766,0.940818,0.0497691,0|0|0|1|0|0|0|1|2|420,0|0|0|0.589015|0|0|0|0.841604|1.75753|418.092,0|0|0|1|0|0|0|0|1|399,0.0684|0.7052|0.2264,0.0320|0.7426|0.2255,,,,,,,-1810.1389|-1538.7722,,,,,,,
real,105,3,any,hmc_in,0,unsupervised,state,ignorable fit,3,0.341279,-2.0500|0.3268|2.1670,-8956.97,0.112449,0.23293,5448,012,True,0.0542453,424,0.24801,5024,0.945755,0.994845,0.108195,0.426863,0.942567,0.05646,0|0|1|2|1|0|1|0|0|419,0|0|0.507265|1.17011|0.654491|0|0.76035|0|0|418.722,0|0|1|2|0|0|1|0|0|397,0.0684|0.7052|0.2264,0.0247|0.7498|0.2255,0.013229|0.0803|0.083672,,,0.013229|0.0803|0.083672,,,-1810.1389|-1538.7722,,,,,,,
real,105,3,any,hmc_in,0,unsupervised,state-markov,ignorable fit,4,0.44707,-2.0478|0.3282|2.1675,-8696.57,0.0940553,0.232746,5448,012,True,0.0542453,424,0.247811,5024,0.945755,0.996743,0.106473,0.398873,0.944162,0.0546106,0|0|0|0|0|1|2|3|0|418,0|0|0|0|0|0.695362|1.53671|2.52758|0|417.859,0|0|0|0|0|1|2|1|0|397,0.0684|0.7052|0.2264,0.0269|0.7475|0.2257,0.013901|0.080275|0.083929,0.012905|0.045203|0.072342,0.084591|0.4821|0.2104,0.013901|0.080275|0.083929,0.012905|0.045203|0.072342,0.084591|0.4821|0.2104,-1810.1389|-1538.7722,,,,,,,
real,105,3,any,hmc_in,1,unsupervised,ignorable,start,15,1.65531,-2.0533|0.3245|2.1662,-7211.48,0.0548407,0.233664,5448,012,True,0.0542453,424,0.248806,5024,0.945755,0.993649,0.106426,0.351641,0.941023,0.0497967,0|0|0|1|0|0|1|0|2|420,0|0|0|0.596654|0|0|0.794034|0|1.80909|418.107,0|0|0|1|0|0|0|0|1|399,0.0684|0.7052|0.2264,0.0322|0.7423|0.2255,,,,,,,-1810.1389|-1538.7722,,,,,,,
real,105,3,any,hmc_in,1,unsupervised,state,ignorable fit,3,0.312706,-2.0466|0.3288|2.1670,-8956.73,0.0964827,0.232562,5448,012,True,0.0542453,424,0.247611,5024,0.945755,0.995083,0.107972,0.425642,0.942745,0.0563163,0|0|1|2|0|1|1|0|1|418,0|0|0.533296|1.19275|0|0.676974|0.79247|0|0.932699|417.787,0|0|1|2|0|0|1|0|0|397,0.0684|0.7052|0.2264,0.0250|0.7495|0.2255,0.013276|0.080373|0.083671,,,0.013276|0.080373|0.083671,,,-1810.1389|-1538.7722,,,,,,,
real,105,3,any,hmc_in,1,unsupervised,state-markov,ignorable fit,3,0.356387,-2.0475|0.3283|2.1673,-8696.58,0.0867814,0.232562,5448,012,True,0.0542453,424,0.247611,5024,0.945755,0.996789,0.106419,0.398517,0.944212,0.0542584,0|0|0|0|0|1|1|3|1|418,0|0|0|0|0|0.696255|0.752098|2.46454|0.868147|417.858,0|0|0|0|0|1|1|1|1|397,0.0684|0.7052|0.2264,0.0269|0.7474|0.2257,0.014029|0.080229|0.08392,0.012966|0.045184|0.072333,0.088757|0.482|0.2104,0.014029|0.080229|0.08392,0.012966|0.045184|0.072333,0.088757|0.482|0.2104,-1810.1389|-1538.7722,,,,,,,
real,105,3,any,hmc_in,2,unsupervised,ignorable,start,27,2.99806,-2.2833|-0.2559|1.4135,-7347.98,0.0849701,0.440712,5448,201,False,0.254717,424,0.456409,5024,0.745283,0.993588,0.506494,4.32612,0.740978,0.250656,0|0|0|0|1|1|0|0|2|420,0|0|0|0|0.654894|0.675|0|0|1.82668|418.125,0|0|0|0|0|1|0|0|2|313,0.0684|0.7052|0.2264,0.0766|0.9090|0.0144,,,,,,,-1810.1389|-1538.7722,,,,,,,
real,105,3,any,hmc_in,2,unsupervised,state,ignorable fit,4,0.422173,-2.2900|-0.2485|1.4294,-8986.28,0.0907611,0.449339,5448,201,False,0.252358,424,0.465963,5024,0.747642,0.995554,0.498164,5.03872,0.747582,0.251363,0|0|0|0|1|3|0|0|3|417,0|0|0|0|0.605438|2.09524|0|0|2.66295|416.751,0|0|0|0|1|0|0|0|3|313,0.0684|0.7052|0.2264,0.0718|0.9152|0.0130,0.011869|0.025375|0.12878,,,0.011869|0.025375|0.12878,,,-1810.1389|-1538.7722,,,,,,,
real,105,3,any,hmc_in,2,unsupervised,state-markov,ignorable fit,3,0.313622,-2.2885|-0.2582|1.4168,-8796.46,0.118856,0.443098,5448,201,False,0.252358,424,0.459196,5024,0.747642,0.995528,0.499133,4.7601,0.747102,0.250389,0|0|0|1|0|2|2|0|1|418,0|0|0|0.546509|0|1.42747|1.55608|0|0.922927|417.651,0|0|0|1|0|0|1|0|1|314,0.0684|0.7052|0.2264,0.0720|0.9146|0.0134,0.012361|0.026163|0.12689,0.011191|0.023476|0.075472,0.10585|0.12617|0.4807,0.012361|0.026163|0.12689,0.011191|0.023476|0.075472,0.10585|0.12617|0.4807,-1810.1389|-1538.7722,,,,,,,
real,105,3,any,hmc_in,0,unsupervised,state,start,13,1.34751,-2.1316|0.1421|1.7923,-8993,0.0836275,0.404552,5448,012,True,0.709906,424,0.378782,5024,0.290094,0.98415,1.38786,6.32945,0.294857,0.698558,0|0|2|3|5|1|2|3|5|403,0|0|1.04545|1.71897|3.22917|0.717309|1.56078|2.5256|4.5433|401.939,0|0|2|0|1|0|0|2|2|116,0.0684|0.7052|0.2264,0.0201|0.1069|0.8730,0.013271|0.025142|0.18368,,,0.013271|0.025142|0.18368,,,-1810.1389|-1538.7722,,,,,,,
real,105,3,any,hmc_in,1,unsupervised,state,start,13,1.32565,-2.1080|0.1703|1.8199,-8994.89,0.110748,0.386931,5448,012,True,0.691038,424,0.361266,5024,0.308962,0.98426,1.3634,6.13652,0.306329,0.686127,0|0|1|1|5|1|2|8|11|395,0|0|0.532612|0.58559|3.17153|0.709976|1.52675|6.69454|9.95349|394.152,0|0|1|0|5|0|1|5|2|117,0.0684|0.7052|0.2264,0.0217|0.1159|0.8624,0.013478|0.025959|0.18721,,,0.013478|0.025959|0.18721,,,-1810.1389|-1538.7722,,,,,,,
real,105,3,any,hmc_in,2,unsupervised,state,start,16,1.70846,-2.1704|0.1016|1.7640,-8990.43,0.0660684,0.419053,5448,012,True,0.716981,424,0.393909,5024,0.283019,0.989227,1.41241,6.51128,0.285177,0.708437,0|0|0|1|1|2|2|6|11|401,0|0|0|0.536205|0.631756|1.41995|1.52748|5.02949|9.96368|400.324,0|0|0|0|0|1|2|2|5|110,0.0684|0.7052|0.2264,0.0173|0.1022|0.8805,0.012905|0.024634|0.17946,,,0.012905|0.024634|0.17946,,,-1810.1389|-1538.7722,,,,,,,
real,105,3,any,hmc_in,0,unsupervised,state-markov,start,39,3.98826,-2.2813|-0.2368|1.4330,-8797.37,0.0818865,0.449156,5448,201,False,0.252358,424,0.465764,5024,0.747642,0.996144,0.501369,5.72539,0.746288,0.251921,0|0|0|1|0|0|1|3|1|418,0|0|0|0.545867|0|0|0.796095|2.49095|0.933305|417.599,0|0|0|1|0|0|1|0|1|314,0.0684|0.7052|0.2264,0.0729|0.9137|0.0134,0.012361|0.026074|0.12878,0.011206|0.023367|0.076667,0.10466|0.12719|0.48136,0.012361|0.026074|0.12878,0.011206|0.023367|0.076667,0.10466|0.12719|0.48136,-1810.1389|-1538.7722,,,,,,,
real,105,3,any,hmc_in,1,unsupervised,state-markov,start,14,1.40151,-2.1218|0.1492|1.8011,-8850.14,0.100311,0.398128,5448,012,True,0.691038,424,0.373408,5024,0.308962,0.975027,1.32994,5.09827,0.317238,0.668343,0|0|1|4|9|2|8|6|6|388,0|0|0.517064|2.26059|5.70071|1.37125|6.16904|5.07261|5.45939|386.861,0|0|1|2|3|0|2|0|2|121,0.0684|0.7052|0.2264,0.0210|0.1279|0.8511,0.013634|0.027415|0.18157,0.01269|0.024324|0.10837,0.081894|0.13707|0.51149,0.013634|0.027415|0.18157,0.01269|0.024324|0.10837,0.081894|0.13707|0.51149,-1810.1389|-1538.7722,,,,,,,
real,105,3,any,hmc_in,2,unsupervised,state-markov,start,34,3.46701,-2.2806|-0.2357|1.4335,-8797.49,0.0764687,0.449156,5448,201,False,0.252358,424,0.465764,5024,0.747642,0.996161,0.501447,5.72501,0.746259,0.251623,0|0|0|1|0|0|1|3|0|419,0|0|0|0.545821|0|0|0.796344|2.50071|0|418.53,0|0|0|1|0|0|1|0|0|315,0.0684|0.7052|0.2264,0.0729|0.9137|0.0134,0.012367|0.026074|0.12884,0.011214|0.023364|0.076705,0.10447|0.12728|0.48137,0.012367|0.026074|0.12884,0.011214|0.023364|0.076705,0.10447|0.12728|0.48137,-1810.1389|-1538.7722,,,,,,,
