setting,subject,K,rule,mask,r,M,model,fit,mechanism,start_from,subset,n,rmse,mae,crps,cov90,width90,impute_s
controlled,102,2,ge10,state,0,169,hmc_in,oracle,ignorable,,all,169,0.638228,0.508621,0.368785,0.970414,2.82123,0.940344
controlled,102,2,ge10,state,0,169,hmc_in,oracle,ignorable,,locomotion,105,0.548854,0.420335,0.322818,0.980952,2.78301,0.940344
controlled,102,2,ge10,state,0,169,hmc_in,oracle,ignorable,,vigorous,46,0.784504,0.681235,0.459055,0.934783,2.70396,0.940344
controlled,102,2,ge10,state,0,169,hmc_in,oracle,ignorable,,transient,18,0.703114,0.5825,0.406235,1,3.3439,0.940344
controlled,102,2,ge10,state,0,169,hmc_in,oracle,state,,all,169,0.750237,0.554861,0.410055,0.934911,2.72845,0.933026
controlled,102,2,ge10,state,0,169,hmc_in,oracle,state,,locomotion,105,0.619562,0.443947,0.347741,0.952381,2.70151,0.933026
controlled,102,2,ge10,state,0,169,hmc_in,oracle,state,,vigorous,46,0.784499,0.681232,0.455735,0.934783,2.70397,0.933026
controlled,102,2,ge10,state,0,169,hmc_in,oracle,state,,transient,18,1.21352,0.878911,0.656811,0.833333,2.94821,0.933026
controlled,102,2,ge10,state,0,169,hmc_in,oracle,state-markov,,all,169,0.750743,0.555196,0.409297,0.934911,2.72787,0.996811
controlled,102,2,ge10,state,0,169,hmc_in,oracle,state-markov,,locomotion,105,0.619853,0.444333,0.342868,0.952381,2.70145,0.996811
controlled,102,2,ge10,state,0,169,hmc_in,oracle,state-markov,,vigorous,46,0.784499,0.681232,0.460534,0.934783,2.70397,0.996811
controlled,102,2,ge10,state,0,169,hmc_in,oracle,state-markov,,transient,18,1.21559,0.879807,0.665862,0.833333,2.94304,0.996811
controlled,102,2,ge10,state,0,169,hmc_in,unsupervised,ignorable,start,all,169,0.689576,0.5443,0.386323,0.911243,2.32123,0.812826
controlled,102,2,ge10,state,0,169,hmc_in,unsupervised,ignorable,start,locomotion,105,0.577298,0.428612,0.319503,0.952381,2.32156,0.812826
controlled,102,2,ge10,state,0,169,hmc_in,unsupervised,ignorable,start,vigorous,46,0.888877,0.791453,0.533241,0.804348,2.21953,0.812826
controlled,102,2,ge10,state,0,169,hmc_in,unsupervised,ignorable,start,transient,18,0.708037,0.587533,0.400652,0.944444,2.57924,0.812826
controlled,102,2,ge10,state,0,169,hmc_in,unsupervised,state,start,all,169,0.689506,0.538118,0.384034,0.899408,2.27745,0.707815
controlled,102,2,ge10,state,0,169,hmc_in,unsupervised,state,start,locomotion,105,0.533075,0.405465,0.301706,0.952381,2.28567,0.707815
controlled,102,2,ge10,state,0,169,hmc_in,unsupervised,state,start,vigorous,46,0.883731,0.786664,0.530609,0.804348,2.21342,0.707815
controlled,102,2,ge10,state,0,169,hmc_in,unsupervised,state,start,transient,18,0.900087,0.676752,0.489705,0.833333,2.39314,0.707815
controlled,102,2,ge10,state,0,169,hmc_in,unsupervised,state-markov,start,all,169,0.691362,0.539598,0.387745,0.899408,2.28781,0.653536
controlled,102,2,ge10,state,0,169,hmc_in,unsupervised,state-markov,start,locomotion,105,0.537575,0.408235,0.307271,0.952381,2.3018,0.653536
controlled,102,2,ge10,state,0,169,hmc_in,unsupervised,state-markov,start,vigorous,46,0.883675,0.786601,0.531879,0.804348,2.213,0.653536
controlled,102,2,ge10,state,0,169,hmc_in,unsupervised,state-markov,start,transient,18,0.897986,0.674653,0.488835,0.833333,2.39733,0.653536
controlled,102,2,ge10,state,0,169,hmc_in,unsupervised,state,ignorable fit,all,169,0.688889,0.537964,0.388598,0.899408,2.27479,0.595242
controlled,102,2,ge10,state,0,169,hmc_in,unsupervised,state,ignorable fit,locomotion,105,0.533678,0.406114,0.307079,0.952381,2.28249,0.595242
controlled,102,2,ge10,state,0,169,hmc_in,unsupervised,state,ignorable fit,vigorous,46,0.882333,0.785131,0.532795,0.804348,2.20997,0.595242
controlled,102,2,ge10,state,0,169,hmc_in,unsupervised,state,ignorable fit,transient,18,0.897067,0.675441,0.495623,0.833333,2.39556,0.595242
controlled,102,2,ge10,state,0,169,hmc_in,unsupervised,state-markov,ignorable fit,all,169,0.690531,0.539289,0.383195,0.899408,2.28489,0.666335
controlled,102,2,ge10,state,0,169,hmc_in,unsupervised,state-markov,ignorable fit,locomotion,105,0.537619,0.408572,0.303594,0.952381,2.29817,0.666335
controlled,102,2,ge10,state,0,169,hmc_in,unsupervised,state-markov,ignorable fit,vigorous,46,0.882339,0.785136,0.523172,0.804348,2.20982,0.666335
controlled,102,2,ge10,state,0,169,hmc_in,unsupervised,state-markov,ignorable fit,transient,18,0.895173,0.673528,0.489817,0.833333,2.39933,0.666335
controlled,102,2,ge10,state,1,165,hmc_in,oracle,ignorable,,all,165,0.630444,0.493243,0.363546,0.981818,2.79602,0.622733
controlled,102,2,ge10,state,1,165,hmc_in,oracle,ignorable,,locomotion,109,0.578828,0.446821,0.34069,0.990826,2.75269,0.622733
controlled,102,2,ge10,state,1,165,hmc_in,oracle,ignorable,,vigorous,45,0.641288,0.526289,0.367899,0.977778,2.70457,0.622733
controlled,102,2,ge10,state,1,165,hmc_in,oracle,ignorable,,transient,11,0.979568,0.818056,0.572232,0.909091,3.59945,0.622733
controlled,102,2,ge10,state,1,165,hmc_in,oracle,state,,all,165,0.654545,0.508109,0.374408,0.975758,2.75811,0.684086
controlled,102,2,ge10,state,1,165,hmc_in,oracle,state,,locomotion,109,0.591793,0.458985,0.341586,0.990826,2.68843,0.684086
controlled,102,2,ge10,state,1,165,hmc_in,oracle,state,,vigorous,45,0.641284,0.526286,0.374242,0.977778,2.70459,0.684086
controlled,102,2,ge10,state,1,165,hmc_in,oracle,state,,transient,11,1.12859,0.920524,0.700332,0.818182,3.66758,0.684086
controlled,102,2,ge10,state,1,165,hmc_in,oracle,state-markov,,all,165,0.654433,0.50787,0.372934,0.975758,2.75857,0.625402
controlled,102,2,ge10,state,1,165,hmc_in,oracle,state-markov,,locomotion,109,0.591796,0.458987,0.342515,0.990826,2.68843,0.625402
controlled,102,2,ge10,state,1,165,hmc_in,oracle,state-markov,,vigorous,45,0.641283,0.526286,0.3698,0.977778,2.70459,0.625402
controlled,102,2,ge10,state,1,165,hmc_in,oracle,state-markov,,transient,11,1.12761,0.916916,0.687171,0.818182,3.67442,0.625402
controlled,102,2,ge10,state,1,165,hmc_in,unsupervised,ignorable,start,all,165,0.639041,0.503515,0.365281,0.909091,2.29747,0.595632
controlled,102,2,ge10,state,1,165,hmc_in,unsupervised,ignorable,start,locomotion,109,0.559613,0.42884,0.325093,0.93578,2.29175,0.595632
controlled,102,2,ge10,state,1,165,hmc_in,unsupervised,ignorable,start,vigorous,45,0.732807,0.619296,0.419523,0.844444,2.21926,0.595632
controlled,102,2,ge10,state,1,165,hmc_in,unsupervised,ignorable,start,transient,11,0.908609,0.769821,0.541612,0.909091,2.67402,0.595632
controlled,102,2,ge10,state,1,165,hmc_in,unsupervised,state,start,all,165,0.640963,0.499559,0.365702,0.909091,2.29182,0.98355
controlled,102,2,ge10,state,1,165,hmc_in,unsupervised,state,start,locomotion,109,0.564195,0.43529,0.319495,0.93578,2.23766,0.98355
controlled,102,2,ge10,state,1,165,hmc_in,unsupervised,state,start,vigorous,45,0.724154,0.609802,0.421995,0.844444,2.24421,0.98355
controlled,102,2,ge10,state,1,165,hmc_in,unsupervised,state,start,transient,11,0.928983,0.685415,0.593291,0.909091,3.02335,0.98355
controlled,102,2,ge10,state,1,165,hmc_in,unsupervised,state-markov,start,all,165,0.640658,0.499118,0.364943,0.909091,2.29212,0.845345
controlled,102,2,ge10,state,1,165,hmc_in,unsupervised,state-markov,start,locomotion,109,0.564079,0.435187,0.320566,0.93578,2.23803,0.845345
controlled,102,2,ge10,state,1,165,hmc_in,unsupervised,state-markov,start,vigorous,45,0.724241,0.609923,0.419645,0.844444,2.24401,0.845345
controlled,102,2,ge10,state,1,165,hmc_in,unsupervised,state-markov,start,transient,11,0.926245,0.67933,0.580892,0.909091,3.02495,0.845345
controlled,102,2,ge10,state,1,165,hmc_in,unsupervised,state,ignorable fit,all,165,0.63853,0.495975,0.361691,0.909091,2.28819,1.00879
controlled,102,2,ge10,state,1,165,hmc_in,unsupervised,state,ignorable fit,locomotion,109,0.563485,0.434797,0.320472,0.93578,2.23444,1.00879
controlled,102,2,ge10,state,1,165,hmc_in,unsupervised,state,ignorable fit,vigorous,45,0.722832,0.608706,0.416571,0.844444,2.23579,1.00879
controlled,102,2,ge10,state,1,165,hmc_in,unsupervised,state,ignorable fit,transient,11,0.912175,0.641013,0.545616,0.909091,3.0352,1.00879
controlled,102,2,ge10,state,1,165,hmc_in,unsupervised,state-markov,ignorable fit,all,165,0.638334,0.495954,0.365726,0.909091,2.28837,0.822398
controlled,102,2,ge10,state,1,165,hmc_in,unsupervised,state-markov,ignorable fit,locomotion,109,0.563365,0.434687,0.322427,0.93578,2.23474,0.822398
controlled,102,2,ge10,state,1,165,hmc_in,unsupervised,state-markov,ignorable fit,vigorous,45,0.722906,0.608803,0.416147,0.844444,2.23553,0.822398
controlled,102,2,ge10,state,1,165,hmc_in,unsupervised,state-markov,ignorable fit,transient,11,0.91062,0.6414,0.588516,0.909091,3.03594,0.822398
controlled,102,2,ge10,state,2,174,hmc_in,oracle,ignorable,,all,174,0.612445,0.467139,0.347113,0.982759,2.87332,0.714544
controlled,102,2,ge10,state,2,174,hmc_in,oracle,ignorable,,locomotion,121,0.504175,0.381729,0.298648,0.991736,2.81456,0.714544
controlled,102,2,ge10,state,2,174,hmc_in,oracle,ignorable,,vigorous,36,0.781843,0.644561,0.445881,0.944444,2.74466,0.714544
controlled,102,2,ge10,state,2,174,hmc_in,oracle,ignorable,,transient,17,0.85757,0.699338,0.482909,1,3.56398,0.714544
controlled,102,2,ge10,state,2,174,hmc_in,oracle,state,,all,174,0.716743,0.508184,0.383389,0.95977,2.79829,0.856206
controlled,102,2,ge10,state,2,174,hmc_in,oracle,state,,locomotion,121,0.582341,0.399944,0.320866,0.983471,2.72679,0.856206
controlled,102,2,ge10,state,2,174,hmc_in,oracle,state,,vigorous,36,0.863829,0.687214,0.48297,0.916667,2.67701,0.856206
controlled,102,2,ge10,state,2,174,hmc_in,oracle,state,,transient,17,1.12434,0.899475,0.617528,0.882353,3.56401,0.856206
controlled,102,2,ge10,state,2,174,hmc_in,oracle,state-markov,,all,174,0.717745,0.508354,0.386412,0.95977,2.79799,0.825644
controlled,102,2,ge10,state,2,174,hmc_in,oracle,state-markov,,locomotion,121,0.584122,0.400363,0.318622,0.983471,2.72654,0.825644
controlled,102,2,ge10,state,2,174,hmc_in,oracle,state-markov,,vigorous,36,0.863832,0.687215,0.492129,0.916667,2.67701,0.825644
controlled,102,2,ge10,state,2,174,hmc_in,oracle,state-markov,,transient,17,1.12431,0.898232,0.64505,0.882353,3.56275,0.825644
controlled,102,2,ge10,state,2,174,hmc_in,unsupervised,ignorable,start,all,174,0.581695,0.443137,0.332146,0.948276,2.34933,0.911513
controlled,102,2,ge10,state,2,174,hmc_in,unsupervised,ignorable,start,locomotion,121,0.442271,0.336724,0.26425,0.991736,2.29998,0.911513
controlled,102,2,ge10,state,2,174,hmc_in,unsupervised,ignorable,start,vigorous,36,0.86869,0.739574,0.519559,0.777778,2.28773,0.911513
controlled,102,2,ge10,state,2,174,hmc_in,unsupervised,ignorable,start,transient,17,0.687778,0.572799,0.418534,1,2.831,0.911513
controlled,102,2,ge10,state,2,174,hmc_in,unsupervised,state,start,all,174,0.651104,0.470407,0.357069,0.948276,2.30783,0.872703
controlled,102,2,ge10,state,2,174,hmc_in,unsupervised,state,start,locomotion,121,0.49422,0.3501,0.278462,0.991736,2.25467,0.872703
controlled,102,2,ge10,state,2,174,hmc_in,unsupervised,state,start,vigorous,36,0.913025,0.766344,0.544502,0.777778,2.26091,0.872703
controlled,102,2,ge10,state,2,174,hmc_in,unsupervised,state,start,transient,17,0.913947,0.700018,0.519651,1,2.78553,0.872703
controlled,102,2,ge10,state,2,174,hmc_in,unsupervised,state-markov,start,all,174,0.651123,0.470415,0.355827,0.948276,2.30776,0.840198
controlled,102,2,ge10,state,2,174,hmc_in,unsupervised,state-markov,start,locomotion,121,0.49423,0.350104,0.27831,0.991736,2.25462,0.840198
controlled,102,2,ge10,state,2,174,hmc_in,unsupervised,state-markov,start,vigorous,36,0.913031,0.766344,0.542391,0.777778,2.26088,0.840198
controlled,102,2,ge10,state,2,174,hmc_in,unsupervised,state-markov,start,transient,17,0.914037,0.700072,0.512489,1,2.78531,0.840198
controlled,102,2,ge10,state,2,174,hmc_in,unsupervised,state,ignorable fit,all,174,0.649952,0.470044,0.355603,0.948276,2.3072,0.786094
controlled,102,2,ge10,state,2,174,hmc_in,unsupervised,state,ignorable fit,locomotion,121,0.493905,0.350193,0.276068,0.991736,2.25321,0.786094
controlled,102,2,ge10,state,2,174,hmc_in,unsupervised,state,ignorable fit,vigorous,36,0.911623,0.765005,0.541996,0.777778,2.25882,0.786094
controlled,102,2,ge10,state,2,174,hmc_in,unsupervised,state,ignorable fit,transient,17,0.909724,0.698479,0.52699,1,2.79393,0.786094
controlled,102,2,ge10,state,2,174,hmc_in,unsupervised,state-markov,ignorable fit,all,174,0.649969,0.470052,0.358576,0.948276,2.30715,0.980896
controlled,102,2,ge10,state,2,174,hmc_in,unsupervised,state-markov,ignorable fit,locomotion,121,0.493911,0.350196,0.278061,0.991736,2.25316,0.980896
controlled,102,2,ge10,state,2,174,hmc_in,unsupervised,state-markov,ignorable fit,vigorous,36,0.911628,0.765005,0.551352,0.777778,2.25881,0.980896
controlled,102,2,ge10,state,2,174,hmc_in,unsupervised,state-markov,ignorable fit,transient,17,0.909811,0.698534,0.523426,1,2.79374,0.980896
controlled,102,2,ge10,state,3,156,hmc_in,oracle,ignorable,,all,156,0.571955,0.433865,0.332823,0.955128,2.74823,0.879763
controlled,102,2,ge10,state,3,156,hmc_in,oracle,ignorable,,locomotion,101,0.471422,0.34881,0.28892,0.980198,2.72688,0.879763
controlled,102,2,ge10,state,3,156,hmc_in,oracle,ignorable,,vigorous,50,0.734483,0.605775,0.416772,0.9,2.70212,0.879763
controlled,102,2,ge10,state,3,156,hmc_in,oracle,ignorable,,transient,5,0.568039,0.432875,0.380164,1,3.64058,0.879763
controlled,102,2,ge10,state,3,156,hmc_in,oracle,state,,all,156,0.577645,0.439902,0.335185,0.955128,2.73456,0.781548
controlled,102,2,ge10,state,3,156,hmc_in,oracle,state,,locomotion,101,0.471823,0.348348,0.289485,0.980198,2.72892,0.781548
controlled,102,2,ge10,state,3,156,hmc_in,oracle,state,,vigorous,50,0.734489,0.605903,0.419938,0.9,2.70182,0.781548
controlled,102,2,ge10,state,3,156,hmc_in,oracle,state,,transient,5,0.720443,0.62928,0.4108,1,3.1761,0.781548
controlled,102,2,ge10,state,3,156,hmc_in,oracle,state-markov,,all,156,0.577661,0.439903,0.339002,0.955128,2.73465,0.972854
controlled,102,2,ge10,state,3,156,hmc_in,oracle,state-markov,,locomotion,101,0.471857,0.348352,0.290621,0.980198,2.72905,0.972854
controlled,102,2,ge10,state,3,156,hmc_in,oracle,state-markov,,vigorous,50,0.734488,0.605903,0.427771,0.9,2.70182,0.972854
controlled,102,2,ge10,state,3,156,hmc_in,oracle,state-markov,,transient,5,0.720395,0.629237,0.42859,1,3.17624,0.972854
controlled,102,2,ge10,state,3,156,hmc_in,unsupervised,ignorable,start,all,156,0.621634,0.479066,0.350114,0.910256,2.23128,0.911248
controlled,102,2,ge10,state,3,156,hmc_in,unsupervised,ignorable,start,locomotion,101,0.474111,0.355317,0.274978,0.970297,2.22788,0.911248
controlled,102,2,ge10,state,3,156,hmc_in,unsupervised,ignorable,start,vigorous,50,0.833389,0.714553,0.489853,0.78,2.22544,0.911248
controlled,102,2,ge10,state,3,156,hmc_in,unsupervised,ignorable,start,transient,5,0.755405,0.623908,0.470474,1,2.35824,0.911248
controlled,102,2,ge10,state,3,156,hmc_in,unsupervised,state,start,all,156,0.618781,0.477266,0.346748,0.910256,2.22279,0.880612
controlled,102,2,ge10,state,3,156,hmc_in,unsupervised,state,start,locomotion,101,0.47384,0.355215,0.273864,0.970297,2.21984,0.880612
controlled,102,2,ge10,state,3,156,hmc_in,unsupervised,state,start,vigorous,50,0.826201,0.707301,0.484918,0.78,2.21854,0.880612
controlled,102,2,ge10,state,3,156,hmc_in,unsupervised,state,start,transient,5,0.764656,0.642343,0.437292,1,2.32467,0.880612
controlled,102,2,ge10,state,3,156,hmc_in,unsupervised,state-markov,start,all,156,0.618871,0.477308,0.352077,0.910256,2.22264,0.836146
controlled,102,2,ge10,state,3,156,hmc_in,unsupervised,state-markov,start,locomotion,101,0.473828,0.355197,0.279375,0.970297,2.21985,0.836146
controlled,102,2,ge10,state,3,156,hmc_in,unsupervised,state-markov,start,vigorous,50,0.826398,0.70748,0.489219,0.78,2.21827,0.836146
controlled,102,2,ge10,state,3,156,hmc_in,unsupervised,state-markov,start,transient,5,0.764954,0.642237,0.449258,1,2.32274,0.836146
controlled,102,2,ge10,state,3,156,hmc_in,unsupervised,state,ignorable fit,all,156,0.61824,0.476762,0.345843,0.910256,2.22085,0.906468
controlled,102,2,ge10,state,3,156,hmc_in,unsupervised,state,ignorable fit,locomotion,101,0.473633,0.355006,0.272728,0.970297,2.21794,0.906468
controlled,102,2,ge10,state,3,156,hmc_in,unsupervised,state,ignorable fit,vigorous,50,0.825234,0.706184,0.48493,0.78,2.21618,0.906468
controlled,102,2,ge10,state,3,156,hmc_in,unsupervised,state,ignorable fit,transient,5,0.764051,0.642008,0.43189,1,2.3261,0.906468
controlled,102,2,ge10,state,3,156,hmc_in,unsupervised,state-markov,ignorable fit,all,156,0.618312,0.476789,0.346895,0.910256,2.22064,1.00466
controlled,102,2,ge10,state,3,156,hmc_in,unsupervised,state-markov,ignorable fit,locomotion,101,0.473614,0.354983,0.271668,0.970297,2.21787,1.00466
controlled,102,2,ge10,state,3,156,hmc_in,unsupervised,state-markov,ignorable fit,vigorous,50,0.825398,0.706328,0.488194,0.78,2.21586,1.00466
controlled,102,2,ge10,state,3,156,hmc_in,unsupervised,state-markov,ignorable fit,transient,5,0.764313,0.641888,0.453492,1,2.32427,1.00466
controlled,102,2,ge10,state,4,167,hmc_in,oracle,ignorable,,all,167,0.57439,0.448957,0.340097,0.982036,2.75559,0.828786
controlled,102,2,ge10,state,4,167,hmc_in,oracle,ignorable,,locomotion,108,0.4826,0.372571,0.30138,1,2.75175,0.828786
controlled,102,2,ge10,state,4,167,hmc_in,oracle,ignorable,,vigorous,53,0.731716,0.607596,0.422172,0.943396,2.72543,0.828786
controlled,102,2,ge10,state,4,167,hmc_in,oracle,ignorable,,transient,6,0.511071,0.42259,0.312007,1,3.09104,0.828786
controlled,102,2,ge10,state,4,167,hmc_in,oracle,state,,all,167,0.68207,0.503021,0.380798,0.958084,2.7213,0.759616
controlled,102,2,ge10,state,4,167,hmc_in,oracle,state,,locomotion,108,0.659998,0.450377,0.35895,0.962963,2.68914,0.759616
controlled,102,2,ge10,state,4,167,hmc_in,oracle,state,,vigorous,53,0.740719,0.619391,0.431919,0.943396,2.74494,0.759616
controlled,102,2,ge10,state,4,167,hmc_in,oracle,state,,transient,6,0.511187,0.422676,0.322508,1,3.09129,0.759616
controlled,102,2,ge10,state,4,167,hmc_in,oracle,state-markov,,all,167,0.682427,0.503273,0.380225,0.958084,2.72137,0.77386
controlled,102,2,ge10,state,4,167,hmc_in,oracle,state-markov,,locomotion,108,0.660071,0.450396,0.358571,0.962963,2.6891,0.77386
controlled,102,2,ge10,state,4,167,hmc_in,oracle,state-markov,,vigorous,53,0.741621,0.620145,0.430713,0.943396,2.74525,0.77386
controlled,102,2,ge10,state,4,167,hmc_in,oracle,state-markov,,transient,6,0.511194,0.422681,0.324026,1,3.09131,0.77386
controlled,102,2,ge10,state,4,167,hmc_in,unsupervised,ignorable,start,all,167,0.597396,0.467817,0.33805,0.928144,2.26064,0.924111
controlled,102,2,ge10,state,4,167,hmc_in,unsupervised,ignorable,start,locomotion,108,0.457295,0.355909,0.273531,0.990741,2.27123,0.924111
controlled,102,2,ge10,state,4,167,hmc_in,unsupervised,ignorable,start,vigorous,53,0.823321,0.706376,0.478722,0.792453,2.22741,0.924111
controlled,102,2,ge10,state,4,167,hmc_in,unsupervised,ignorable,start,transient,6,0.42586,0.374896,0.256789,1,2.36356,0.924111
controlled,102,2,ge10,state,4,167,hmc_in,unsupervised,state,start,all,167,0.629143,0.489501,0.353569,0.928144,2.28587,0.902055
controlled,102,2,ge10,state,4,167,hmc_in,unsupervised,state,start,locomotion,108,0.504277,0.381318,0.287234,0.990741,2.28147,0.902055
controlled,102,2,ge10,state,4,167,hmc_in,unsupervised,state,start,vigorous,53,0.81939,0.702945,0.487746,0.792453,2.2543,0.902055
controlled,102,2,ge10,state,4,167,hmc_in,unsupervised,state,start,transient,6,0.713437,0.551382,0.362361,1,2.6438,0.902055
controlled,102,2,ge10,state,4,167,hmc_in,unsupervised,state-markov,start,all,167,0.627715,0.488881,0.352894,0.928144,2.28582,0.829404
controlled,102,2,ge10,state,4,167,hmc_in,unsupervised,state-markov,start,locomotion,108,0.502596,0.38079,0.286078,0.990741,2.28184,0.829404
controlled,102,2,ge10,state,4,167,hmc_in,unsupervised,state-markov,start,vigorous,53,0.819389,0.702859,0.49003,0.792453,2.25363,0.829404
controlled,102,2,ge10,state,4,167,hmc_in,unsupervised,state-markov,start,transient,6,0.699656,0.544375,0.344223,1,2.64186,0.829404
controlled,102,2,ge10,state,4,167,hmc_in,unsupervised,state,ignorable fit,all,167,0.626365,0.488039,0.354035,0.928144,2.28204,0.806694
controlled,102,2,ge10,state,4,167,hmc_in,unsupervised,state,ignorable fit,locomotion,108,0.501561,0.380546,0.290769,0.990741,2.2783,0.806694
controlled,102,2,ge10,state,4,167,hmc_in,unsupervised,state,ignorable fit,vigorous,53,0.817884,0.700994,0.482883,0.792453,2.24912,0.806694
controlled,102,2,ge10,state,4,167,hmc_in,unsupervised,state,ignorable fit,transient,6,0.694891,0.541816,0.354686,1,2.64021,0.806694
controlled,102,2,ge10,state,4,167,hmc_in,unsupervised,state-markov,ignorable fit,all,167,0.625055,0.487428,0.348605,0.928144,2.28189,0.949415
controlled,102,2,ge10,state,4,167,hmc_in,unsupervised,state-markov,ignorable fit,locomotion,108,0.50003,0.380017,0.284883,0.990741,2.27849,0.949415
controlled,102,2,ge10,state,4,167,hmc_in,unsupervised,state-markov,ignorable fit,vigorous,53,0.817879,0.700906,0.480107,0.792453,2.24848,0.949415
controlled,102,2,ge10,state,4,167,hmc_in,unsupervised,state-markov,ignorable fit,transient,6,0.681841,0.535123,0.334007,1,2.63824,0.949415
controlled,102,2,ge10,state-markov,0,184,hmc_in,oracle,ignorable,,all,184,0.648446,0.494283,0.363373,0.978261,2.82876,1.00423
controlled,102,2,ge10,state-markov,0,184,hmc_in,oracle,ignorable,,locomotion,116,0.466744,0.372557,0.289289,1,2.775,1.00423
controlled,102,2,ge10,state-markov,0,184,hmc_in,oracle,ignorable,,vigorous,51,0.777661,0.64705,0.450871,0.960784,2.70132,1.00423
controlled,102,2,ge10,state-markov,0,184,hmc_in,oracle,ignorable,,transient,17,1.11818,0.866586,0.606395,0.882353,3.57785,1.00423
controlled,102,2,ge10,state-markov,0,184,hmc_in,oracle,state,,all,184,0.790709,0.551138,0.417939,0.945652,2.74845,0.884831
controlled,102,2,ge10,state-markov,0,184,hmc_in,oracle,state,,locomotion,116,0.705002,0.444749,0.357202,0.956897,2.68772,0.884831
controlled,102,2,ge10,state-markov,0,184,hmc_in,oracle,state,,vigorous,51,0.777662,0.647053,0.451404,0.960784,2.70132,0.884831
controlled,102,2,ge10,state-markov,0,184,hmc_in,oracle,state,,transient,17,1.24954,0.989338,0.731986,0.823529,3.30428,0.884831
controlled,102,2,ge10,state-markov,0,184,hmc_in,oracle,state-markov,,all,184,0.680122,0.506005,0.373048,0.978261,2.82536,0.948473
controlled,102,2,ge10,state-markov,0,184,hmc_in,oracle,state-markov,,locomotion,116,0.526784,0.390716,0.298717,1,2.78952,0.948473
controlled,102,2,ge10,state-markov,0,184,hmc_in,oracle,state-markov,,vigorous,51,0.777662,0.647053,0.458746,0.960784,2.70132,0.948473
controlled,102,2,ge10,state-markov,0,184,hmc_in,oracle,state-markov,,transient,17,1.13964,0.869538,0.623148,0.882353,3.44201,0.948473
controlled,102,2,ge10,state-markov,0,184,hmc_in,unsupervised,ignorable,start,all,184,0.645481,0.495,0.360796,0.896739,2.27335,0.821423
controlled,102,2,ge10,state-markov,0,184,hmc_in,unsupervised,ignorable,start,locomotion,116,0.452815,0.358589,0.272204,0.982759,2.2599,0.821423
controlled,102,2,ge10,state-markov,0,184,hmc_in,unsupervised,ignorable,start,vigorous,51,0.873807,0.750846,0.526998,0.705882,2.23025,0.821423
controlled,102,2,ge10,state-markov,0,184,hmc_in,unsupervised,ignorable,start,transient,17,0.905458,0.658265,0.466704,0.882353,2.49445,0.821423
controlled,102,2,ge10,state-markov,0,184,hmc_in,unsupervised,state,start,all,184,0.672644,0.509072,0.367695,0.907609,2.29795,0.855378
controlled,102,2,ge10,state-markov,0,184,hmc_in,unsupervised,state,start,locomotion,116,0.508756,0.382934,0.28251,0.991379,2.29727,0.855378
controlled,102,2,ge10,state-markov,0,184,hmc_in,unsupervised,state,start,vigorous,51,0.867097,0.742902,0.518459,0.705882,2.21437,0.855378
controlled,102,2,ge10,state-markov,0,184,hmc_in,unsupervised,state,start,transient,17,0.935618,0.668287,0.496671,0.941176,2.55339,0.855378
controlled,102,2,ge10,state-markov,0,184,hmc_in,unsupervised,state-markov,start,all,184,0.638954,0.488116,0.353627,0.907609,2.25801,0.868357
controlled,102,2,ge10,state-markov,0,184,hmc_in,unsupervised,state-markov,start,locomotion,116,0.449513,0.356219,0.26555,0.991379,2.24856,0.868357
controlled,102,2,ge10,state-markov,0,184,hmc_in,unsupervised,state-markov,start,vigorous,51,0.86896,0.745077,0.51638,0.705882,2.21867,0.868357
controlled,102,2,ge10,state-markov,0,184,hmc_in,unsupervised,state-markov,start,transient,17,0.88022,0.617237,0.466367,0.941176,2.44049,0.868357
controlled,102,2,ge10,state-markov,0,184,hmc_in,unsupervised,state,ignorable fit,all,184,0.667838,0.506439,0.366352,0.907609,2.29857,0.93209
controlled,102,2,ge10,state-markov,0,184,hmc_in,unsupervised,state,ignorable fit,locomotion,116,0.501114,0.379993,0.281702,0.991379,2.2987,0.93209
controlled,102,2,ge10,state-markov,0,184,hmc_in,unsupervised,state,ignorable fit,vigorous,51,0.866266,0.741989,0.514222,0.705882,2.21278,0.93209
controlled,102,2,ge10,state-markov,0,184,hmc_in,unsupervised,state,ignorable fit,transient,17,0.92878,0.662601,0.500347,0.941176,2.55511,0.93209
controlled,102,2,ge10,state-markov,0,184,hmc_in,unsupervised,state-markov,ignorable fit,all,184,0.638538,0.487742,0.354554,0.907609,2.25619,0.773649
controlled,102,2,ge10,state-markov,0,184,hmc_in,unsupervised,state-markov,ignorable fit,locomotion,116,0.449333,0.356096,0.267994,0.991379,2.24636,0.773649
controlled,102,2,ge10,state-markov,0,184,hmc_in,unsupervised,state-markov,ignorable fit,vigorous,51,0.867837,0.743792,0.511201,0.705882,2.21634,0.773649
controlled,102,2,ge10,state-markov,0,184,hmc_in,unsupervised,state-markov,ignorable fit,transient,17,0.880904,0.617886,0.47526,0.941176,2.44285,0.773649
controlled,102,2,ge10,state-markov,1,189,hmc_in,oracle,ignorable,,all,189,0.630299,0.484691,0.358838,0.968254,2.79494,0.859174
controlled,102,2,ge10,state-markov,1,189,hmc_in,oracle,ignorable,,locomotion,132,0.588867,0.435055,0.334511,0.969697,2.76923,0.859174
controlled,102,2,ge10,state-markov,1,189,hmc_in,oracle,ignorable,,vigorous,46,0.738505,0.621313,0.420332,0.956522,2.67696,0.859174
controlled,102,2,ge10,state-markov,1,189,hmc_in,oracle,ignorable,,transient,11,0.619714,0.508987,0.393606,1,3.59677,0.859174
controlled,102,2,ge10,state-markov,1,189,hmc_in,oracle,state,,all,189,0.704822,0.51131,0.385555,0.952381,2.76215,0.894312
controlled,102,2,ge10,state-markov,1,189,hmc_in,oracle,state,,locomotion,132,0.68642,0.461107,0.364071,0.954545,2.7337,0.894312
controlled,102,2,ge10,state-markov,1,189,hmc_in,oracle,state,,vigorous,46,0.738505,0.621313,0.424517,0.956522,2.67696,0.894312
controlled,102,2,ge10,state-markov,1,189,hmc_in,oracle,state,,transient,11,0.775041,0.65372,0.480437,0.909091,3.45983,0.894312
controlled,102,2,ge10,state-markov,1,189,hmc_in,oracle,state-markov,,all,189,0.705537,0.512131,0.38033,0.952381,2.76213,0.90191
controlled,102,2,ge10,state-markov,1,189,hmc_in,oracle,state-markov,,locomotion,132,0.686327,0.461083,0.356457,0.954545,2.73376,0.90191
controlled,102,2,ge10,state-markov,1,189,hmc_in,oracle,state-markov,,vigorous,46,0.738505,0.621313,0.423496,0.956522,2.67696,0.90191
controlled,102,2,ge10,state-markov,1,189,hmc_in,oracle,state-markov,,transient,11,0.787126,0.66812,0.486292,0.909091,3.45881,0.90191
controlled,102,2,ge10,state-markov,1,189,hmc_in,unsupervised,ignorable,start,all,189,0.628906,0.492014,0.355309,0.920635,2.33151,0.917233
controlled,102,2,ge10,state-markov,1,189,hmc_in,unsupervised,ignorable,start,locomotion,132,0.532209,0.400539,0.30184,0.969697,2.33941,0.917233
controlled,102,2,ge10,state-markov,1,189,hmc_in,unsupervised,ignorable,start,vigorous,46,0.836514,0.73349,0.497562,0.782609,2.22943,0.917233
controlled,102,2,ge10,state-markov,1,189,hmc_in,unsupervised,ignorable,start,transient,11,0.685994,0.579907,0.402056,0.909091,2.66356,0.917233
controlled,102,2,ge10,state-markov,1,189,hmc_in,unsupervised,state,start,all,189,0.704603,0.520251,0.377556,0.904762,2.2927,0.876925
controlled,102,2,ge10,state-markov,1,189,hmc_in,unsupervised,state,start,locomotion,132,0.648747,0.442151,0.334812,0.939394,2.25668,0.876925
controlled,102,2,ge10,state-markov,1,189,hmc_in,unsupervised,state,start,vigorous,46,0.831646,0.728112,0.485237,0.782609,2.21747,0.876925
controlled,102,2,ge10,state-markov,1,189,hmc_in,unsupervised,state,start,transient,11,0.766425,0.588213,0.440179,1,3.03947,0.876925
controlled,102,2,ge10,state-markov,1,189,hmc_in,unsupervised,state-markov,start,all,189,0.698963,0.518251,0.383228,0.910053,2.30035,0.921369
controlled,102,2,ge10,state-markov,1,189,hmc_in,unsupervised,state-markov,start,locomotion,132,0.643613,0.44036,0.340881,0.94697,2.26883,0.921369
controlled,102,2,ge10,state-markov,1,189,hmc_in,unsupervised,state-markov,start,vigorous,46,0.831918,0.728419,0.494078,0.782609,2.21815,0.921369
controlled,102,2,ge10,state-markov,1,189,hmc_in,unsupervised,state-markov,start,transient,11,0.727406,0.574063,0.427844,1,3.02227,0.921369
controlled,102,2,ge10,state-markov,1,189,hmc_in,unsupervised,state,ignorable fit,all,189,0.702927,0.519595,0.380562,0.904762,2.29053,0.808446
controlled,102,2,ge10,state-markov,1,189,hmc_in,unsupervised,state,ignorable fit,locomotion,132,0.648156,0.441972,0.335369,0.939394,2.25542,0.808446
controlled,102,2,ge10,state-markov,1,189,hmc_in,unsupervised,state,ignorable fit,vigorous,46,0.830222,0.726485,0.495693,0.782609,2.21407,0.808446
controlled,102,2,ge10,state-markov,1,189,hmc_in,unsupervised,state,ignorable fit,transient,11,0.752309,0.585891,0.441433,1,3.03153,0.808446
controlled,102,2,ge10,state-markov,1,189,hmc_in,unsupervised,state-markov,ignorable fit,all,189,0.69615,0.517081,0.377402,0.910053,2.29949,0.839307
controlled,102,2,ge10,state-markov,1,189,hmc_in,unsupervised,state-markov,ignorable fit,locomotion,132,0.64091,0.43956,0.331044,0.94697,2.26972,0.839307
controlled,102,2,ge10,state-markov,1,189,hmc_in,unsupervised,state-markov,ignorable fit,vigorous,46,0.830432,0.726716,0.493183,0.782609,2.21452,0.839307
controlled,102,2,ge10,state-markov,1,189,hmc_in,unsupervised,state-markov,ignorable fit,transient,11,0.716718,0.570677,0.449522,1,3.01207,0.839307
controlled,102,2,ge10,state-markov,2,193,hmc_in,oracle,ignorable,,all,193,0.572442,0.452353,0.340482,0.979275,2.81269,0.881056
controlled,102,2,ge10,state-markov,2,193,hmc_in,oracle,ignorable,,locomotion,129,0.447954,0.355506,0.288666,1,2.79687,0.881056
controlled,102,2,ge10,state-markov,2,193,hmc_in,oracle,ignorable,,vigorous,55,0.802348,0.692315,0.464617,0.927273,2.72003,0.881056
controlled,102,2,ge10,state-markov,2,193,hmc_in,oracle,ignorable,,transient,9,0.465671,0.374072,0.324574,1,3.60575,0.881056
controlled,102,2,ge10,state-markov,2,193,hmc_in,oracle,state,,all,193,0.658116,0.497294,0.370861,0.948187,2.69665,0.881306
controlled,102,2,ge10,state-markov,2,193,hmc_in,oracle,state,,locomotion,129,0.511676,0.384389,0.303465,0.976744,2.69625,0.881306
controlled,102,2,ge10,state-markov,2,193,hmc_in,oracle,state,,vigorous,55,0.80414,0.696767,0.4703,0.927273,2.69956,0.881306
controlled,102,2,ge10,state-markov,2,193,hmc_in,oracle,state,,transient,9,1.25841,0.896592,0.729188,0.666667,2.68472,0.881306
controlled,102,2,ge10,state-markov,2,193,hmc_in,oracle,state-markov,,all,193,0.658729,0.498009,0.366615,0.948187,2.69912,0.862561
controlled,102,2,ge10,state-markov,2,193,hmc_in,oracle,state-markov,,locomotion,129,0.512741,0.385428,0.303392,0.976744,2.70001,0.862561
controlled,102,2,ge10,state-markov,2,193,hmc_in,oracle,state-markov,,vigorous,55,0.804141,0.696767,0.458388,0.927273,2.69956,0.862561
controlled,102,2,ge10,state-markov,2,193,hmc_in,oracle,state-markov,,transient,9,1.25908,0.897037,0.71198,0.666667,2.68362,0.862561
controlled,102,2,ge10,state-markov,2,193,hmc_in,unsupervised,ignorable,start,all,193,0.62,0.4729,0.35155,0.917098,2.31255,0.866766
controlled,102,2,ge10,state-markov,2,193,hmc_in,unsupervised,ignorable,start,locomotion,129,0.415509,0.329174,0.257682,1,2.30041,0.866766
controlled,102,2,ge10,state-markov,2,193,hmc_in,unsupervised,ignorable,start,vigorous,55,0.888744,0.78354,0.534764,0.745455,2.23515,0.866766
controlled,102,2,ge10,state-markov,2,193,hmc_in,unsupervised,ignorable,start,transient,9,0.97039,0.634616,0.577342,0.777778,2.95951,0.866766
controlled,102,2,ge10,state-markov,2,193,hmc_in,unsupervised,state,start,all,193,0.662722,0.500357,0.367366,0.896373,2.22414,0.953014
controlled,102,2,ge10,state-markov,2,193,hmc_in,unsupervised,state,start,locomotion,129,0.476207,0.358211,0.276602,0.976744,2.22305,0.953014
controlled,102,2,ge10,state-markov,2,193,hmc_in,unsupervised,state,start,vigorous,55,0.884411,0.779889,0.532116,0.745455,2.22208,0.953014
controlled,102,2,ge10,state-markov,2,193,hmc_in,unsupervised,state,start,transient,9,1.17813,0.829525,0.661502,0.666667,2.25237,0.953014
controlled,102,2,ge10,state-markov,2,193,hmc_in,unsupervised,state-markov,start,all,193,0.660825,0.49925,0.368097,0.901554,2.22596,0.852018
controlled,102,2,ge10,state-markov,2,193,hmc_in,unsupervised,state-markov,start,locomotion,129,0.473058,0.356831,0.27281,0.984496,2.22513,0.852018
controlled,102,2,ge10,state-markov,2,193,hmc_in,unsupervised,state-markov,start,vigorous,55,0.884619,0.780071,0.541399,0.745455,2.22017,0.852018
controlled,102,2,ge10,state-markov,2,193,hmc_in,unsupervised,state-markov,start,transient,9,1.17249,0.824465,0.674795,0.666667,2.27318,0.852018
controlled,102,2,ge10,state-markov,2,193,hmc_in,unsupervised,state,ignorable fit,all,193,0.662303,0.500054,0.367036,0.896373,2.2183,0.821571
controlled,102,2,ge10,state-markov,2,193,hmc_in,unsupervised,state,ignorable fit,locomotion,129,0.476677,0.358626,0.272304,0.976744,2.21719,0.821571
controlled,102,2,ge10,state-markov,2,193,hmc_in,unsupervised,state,ignorable fit,vigorous,55,0.882394,0.777735,0.539867,0.745455,2.21624,0.821571
controlled,102,2,ge10,state-markov,2,193,hmc_in,unsupervised,state,ignorable fit,transient,9,1.17959,0.830249,0.668672,0.666667,2.24673,0.821571
controlled,102,2,ge10,state-markov,2,193,hmc_in,unsupervised,state-markov,ignorable fit,all,193,0.660582,0.499046,0.365036,0.901554,2.21972,0.793732
controlled,102,2,ge10,state-markov,2,193,hmc_in,unsupervised,state-markov,ignorable fit,locomotion,129,0.473916,0.357408,0.272359,0.984496,2.21867,0.793732
controlled,102,2,ge10,state-markov,2,193,hmc_in,unsupervised,state-markov,ignorable fit,vigorous,55,0.882556,0.777865,0.532245,0.745455,2.21447,0.793732
controlled,102,2,ge10,state-markov,2,193,hmc_in,unsupervised,state-markov,ignorable fit,transient,9,1.17409,0.825302,0.671576,0.666667,2.26694,0.793732
controlled,102,2,ge10,state-markov,3,163,hmc_in,oracle,ignorable,,all,163,0.598276,0.466697,0.349441,0.96319,2.78596,0.76287
controlled,102,2,ge10,state-markov,3,163,hmc_in,oracle,ignorable,,locomotion,104,0.538711,0.404459,0.317923,0.980769,2.76231,0.76287
controlled,102,2,ge10,state-markov,3,163,hmc_in,oracle,ignorable,,vigorous,53,0.707188,0.596178,0.41059,0.924528,2.77073,0.76287
controlled,102,2,ge10,state-markov,3,163,hmc_in,oracle,ignorable,,transient,6,0.525261,0.401743,0.355609,1,3.33047,0.76287
controlled,102,2,ge10,state-markov,3,163,hmc_in,oracle,state,,all,163,0.729254,0.522239,0.397702,0.944785,2.79348,0.908293
controlled,102,2,ge10,state-markov,3,163,hmc_in,oracle,state,,locomotion,104,0.722703,0.474352,0.379279,0.961538,2.74731,0.908293
controlled,102,2,ge10,state-markov,3,163,hmc_in,oracle,state,,vigorous,53,0.715857,0.602417,0.419427,0.924528,2.85461,0.908293
controlled,102,2,ge10,state-markov,3,163,hmc_in,oracle,state,,transient,6,0.931511,0.644032,0.52512,0.833333,3.0537,0.908293
controlled,102,2,ge10,state-markov,3,163,hmc_in,oracle,state-markov,,all,163,0.664494,0.497863,0.375398,0.95092,2.77087,0.80845
controlled,102,2,ge10,state-markov,3,163,hmc_in,oracle,state-markov,,locomotion,104,0.614347,0.436355,0.343083,0.971154,2.73374,0.80845
controlled,102,2,ge10,state-markov,3,163,hmc_in,oracle,state-markov,,vigorous,53,0.720294,0.601897,0.422025,0.924528,2.81235,0.80845
controlled,102,2,ge10,state-markov,3,163,hmc_in,oracle,state-markov,,transient,6,0.933048,0.645039,0.52366,0.833333,3.04805,0.80845
controlled,102,2,ge10,state-markov,3,163,hmc_in,unsupervised,ignorable,start,all,163,0.61692,0.481801,0.354067,0.90184,2.29828,0.93559
controlled,102,2,ge10,state-markov,3,163,hmc_in,unsupervised,ignorable,start,locomotion,104,0.508039,0.380413,0.295854,0.951923,2.3074,0.93559
controlled,102,2,ge10,state-markov,3,163,hmc_in,unsupervised,ignorable,start,vigorous,53,0.797724,0.691472,0.470669,0.792453,2.23852,0.93559
controlled,102,2,ge10,state-markov,3,163,hmc_in,unsupervised,ignorable,start,transient,6,0.494324,0.387094,0.333098,1,2.668,0.93559
controlled,102,2,ge10,state-markov,3,163,hmc_in,unsupervised,state,start,all,163,0.626395,0.49133,0.355966,0.907975,2.34085,0.912316
controlled,102,2,ge10,state-markov,3,163,hmc_in,unsupervised,state,start,locomotion,104,0.513918,0.387305,0.295146,0.951923,2.31251,0.912316
controlled,102,2,ge10,state-markov,3,163,hmc_in,unsupervised,state,start,vigorous,53,0.798824,0.689579,0.470704,0.811321,2.36793,0.912316
controlled,102,2,ge10,state-markov,3,163,hmc_in,unsupervised,state,start,transient,6,0.666884,0.543238,0.396641,1,2.59296,0.912316
controlled,102,2,ge10,state-markov,3,163,hmc_in,unsupervised,state-markov,start,all,163,0.626752,0.491039,0.352775,0.907975,2.30558,1.1067
controlled,102,2,ge10,state-markov,3,163,hmc_in,unsupervised,state-markov,start,locomotion,104,0.506009,0.382314,0.291705,0.951923,2.28572,1.1067
controlled,102,2,ge10,state-markov,3,163,hmc_in,unsupervised,state-markov,start,vigorous,53,0.809496,0.698455,0.467666,0.811321,2.31197,1.1067
controlled,102,2,ge10,state-markov,3,163,hmc_in,unsupervised,state-markov,start,transient,6,0.667161,0.54342,0.396439,1,2.5934,1.1067
controlled,102,2,ge10,state-markov,3,163,hmc_in,unsupervised,state,ignorable fit,all,163,0.622755,0.488205,0.354862,0.907975,2.33685,1.07972
controlled,102,2,ge10,state-markov,3,163,hmc_in,unsupervised,state,ignorable fit,locomotion,104,0.51101,0.385457,0.292877,0.951923,2.30956,1.07972
controlled,102,2,ge10,state-markov,3,163,hmc_in,unsupervised,state,ignorable fit,vigorous,53,0.794044,0.683803,0.470751,0.811321,2.36126,1.07972
controlled,102,2,ge10,state-markov,3,163,hmc_in,unsupervised,state,ignorable fit,transient,6,0.663417,0.541396,0.405581,1,2.5943,1.07972
controlled,102,2,ge10,state-markov,3,163,hmc_in,unsupervised,state-markov,ignorable fit,all,163,0.623413,0.488434,0.353291,0.907975,2.30316,1.02846
controlled,102,2,ge10,state-markov,3,163,hmc_in,unsupervised,state-markov,ignorable fit,locomotion,104,0.504507,0.38127,0.295294,0.951923,2.28409,1.02846
controlled,102,2,ge10,state-markov,3,163,hmc_in,unsupervised,state-markov,ignorable fit,vigorous,53,0.803674,0.69269,0.462203,0.811321,2.30766,1.02846
controlled,102,2,ge10,state-markov,3,163,hmc_in,unsupervised,state-markov,ignorable fit,transient,6,0.664049,0.541682,0.396508,1,2.59416,1.02846
controlled,102,2,ge10,state-markov,4,193,hmc_in,oracle,ignorable,,all,193,0.670912,0.499384,0.368351,0.968912,2.82166,0.88483
controlled,102,2,ge10,state-markov,4,193,hmc_in,oracle,ignorable,,locomotion,124,0.524794,0.385351,0.30669,0.983871,2.75087,0.88483
controlled,102,2,ge10,state-markov,4,193,hmc_in,oracle,ignorable,,vigorous,56,0.810824,0.660261,0.45149,0.946429,2.72283,0.88483
controlled,102,2,ge10,state-markov,4,193,hmc_in,oracle,ignorable,,transient,13,1.10616,0.894074,0.598356,0.923077,3.92262,0.88483
controlled,102,2,ge10,state-markov,4,193,hmc_in,oracle,state,,all,193,0.747314,0.539485,0.398034,0.948187,2.76958,0.849266
controlled,102,2,ge10,state-markov,4,193,hmc_in,oracle,state,,locomotion,124,0.542672,0.396726,0.311811,0.975806,2.67698,0.849266
controlled,102,2,ge10,state-markov,4,193,hmc_in,oracle,state,,vigorous,56,0.808802,0.659671,0.455303,0.946429,2.75922,0.849266
controlled,102,2,ge10,state-markov,4,193,hmc_in,oracle,state,,transient,13,1.63227,1.38346,0.973764,0.692308,3.69748,0.849266
controlled,102,2,ge10,state-markov,4,193,hmc_in,oracle,state-markov,,all,193,0.739331,0.534801,0.395498,0.948187,2.75915,0.928176
controlled,102,2,ge10,state-markov,4,193,hmc_in,oracle,state-markov,,locomotion,124,0.543544,0.39824,0.312794,0.975806,2.69364,0.928176
controlled,102,2,ge10,state-markov,4,193,hmc_in,oracle,state-markov,,vigorous,56,0.810783,0.659674,0.452245,0.946429,2.72135,0.928176
controlled,102,2,ge10,state-markov,4,193,hmc_in,oracle,state-markov,,transient,13,1.57012,1.29947,0.939916,0.692308,3.54678,0.928176
controlled,102,2,ge10,state-markov,4,193,hmc_in,unsupervised,ignorable,start,all,193,0.659531,0.496796,0.359596,0.927461,2.32629,0.97322
controlled,102,2,ge10,state-markov,4,193,hmc_in,unsupervised,ignorable,start,locomotion,124,0.447411,0.345895,0.269949,0.991935,2.30167,0.97322
controlled,102,2,ge10,state-markov,4,193,hmc_in,unsupervised,ignorable,start,vigorous,56,0.879058,0.752948,0.513484,0.785714,2.26138,0.97322
controlled,102,2,ge10,state-markov,4,193,hmc_in,unsupervised,ignorable,start,transient,13,1.10439,0.832729,0.551791,0.923077,2.84085,0.97322
controlled,102,2,ge10,state-markov,4,193,hmc_in,unsupervised,state,start,all,193,0.708521,0.52121,0.379778,0.917098,2.30046,1.10659
controlled,102,2,ge10,state-markov,4,193,hmc_in,unsupervised,state,start,locomotion,124,0.461995,0.353876,0.271996,0.983871,2.25547,1.10659
controlled,102,2,ge10,state-markov,4,193,hmc_in,unsupervised,state,start,vigorous,56,0.877481,0.749709,0.511267,0.803571,2.27782,1.10659
controlled,102,2,ge10,state-markov,4,193,hmc_in,unsupervised,state,start,transient,13,1.44917,1.13302,0.841441,0.769231,2.82718,1.10659
controlled,102,2,ge10,state-markov,4,193,hmc_in,unsupervised,state-markov,start,all,193,0.701572,0.515813,0.37259,0.911917,2.28387,1.11005
controlled,102,2,ge10,state-markov,4,193,hmc_in,unsupervised,state-markov,start,locomotion,124,0.460354,0.351663,0.271122,0.983871,2.26242,1.11005
controlled,102,2,ge10,state-markov,4,193,hmc_in,unsupervised,state-markov,start,vigorous,56,0.883614,0.751282,0.510317,0.785714,2.23006,1.11005
controlled,102,2,ge10,state-markov,4,193,hmc_in,unsupervised,state-markov,start,transient,13,1.38656,1.06722,0.747153,0.769231,2.72022,1.11005
controlled,102,2,ge10,state-markov,4,193,hmc_in,unsupervised,state,ignorable fit,all,193,0.708117,0.52072,0.38096,0.917098,2.29891,0.863706
controlled,102,2,ge10,state-markov,4,193,hmc_in,unsupervised,state,ignorable fit,locomotion,124,0.461875,0.353707,0.272029,0.983871,2.25491,0.863706
controlled,102,2,ge10,state-markov,4,193,hmc_in,unsupervised,state,ignorable fit,vigorous,56,0.877231,0.749075,0.513712,0.803571,2.27532,0.863706
controlled,102,2,ge10,state-markov,4,193,hmc_in,unsupervised,state,ignorable fit,transient,13,1.44726,1.13008,0.848129,0.769231,2.82023,0.863706
controlled,102,2,ge10,state-markov,4,193,hmc_in,unsupervised,state-markov,ignorable fit,all,193,0.701217,0.515514,0.374591,0.911917,2.283,1.0637
controlled,102,2,ge10,state-markov,4,193,hmc_in,unsupervised,state-markov,ignorable fit,locomotion,124,0.460365,0.35159,0.269011,0.983871,2.26124,1.0637
controlled,102,2,ge10,state-markov,4,193,hmc_in,unsupervised,state-markov,ignorable fit,vigorous,56,0.882933,0.750444,0.507381,0.785714,2.22857,1.0637
controlled,102,2,ge10,state-markov,4,193,hmc_in,unsupervised,state-markov,ignorable fit,transient,13,1.38572,1.06709,0.809636,0.769231,2.72514,1.0637
controlled,102,2,any,state,0,914,hmc_in,oracle,ignorable,,all,914,0.704814,0.53275,0.390774,0.964989,2.91053,0.975821
controlled,102,2,any,state,0,914,hmc_in,oracle,ignorable,,rest,15,0.808454,0.787542,0.4706,1,3.98897,0.975821
controlled,102,2,any,state,0,914,hmc_in,oracle,ignorable,,locomotion,537,0.53953,0.410142,0.316437,0.988827,2.77567,0.975821
controlled,102,2,any,state,0,914,hmc_in,oracle,ignorable,,vigorous,214,0.770318,0.651104,0.446369,0.934579,2.74304,0.975821
controlled,102,2,any,state,0,914,hmc_in,oracle,ignorable,,transient,148,1.04278,0.780658,0.572018,0.918919,3.53273,0.975821
controlled,102,2,any,state,0,914,hmc_in,oracle,state,,all,914,0.736314,0.548615,0.403154,0.958425,2.87831,1.02112
controlled,102,2,any,state,0,914,hmc_in,oracle,state,,rest,15,0.784092,0.740237,0.468508,1,3.85119,1.02112
controlled,102,2,any,state,0,914,hmc_in,oracle,state,,locomotion,537,0.60375,0.428515,0.335324,0.981378,2.74881,1.02112
controlled,102,2,any,state,0,914,hmc_in,oracle,state,,vigorous,214,0.790011,0.66608,0.45514,0.925234,2.71757,1.02112
controlled,102,2,any,state,0,914,hmc_in,oracle,state,,transient,148,1.02998,0.795111,0.567471,0.918919,3.48203,1.02112
controlled,102,2,any,state,0,914,hmc_in,oracle,state-markov,,all,914,0.737008,0.548432,0.402639,0.956236,2.87553,1.07178
controlled,102,2,any,state,0,914,hmc_in,oracle,state-markov,,rest,15,0.783895,0.740331,0.460133,1,3.85087,1.07178
controlled,102,2,any,state,0,914,hmc_in,oracle,state-markov,,locomotion,537,0.59601,0.42557,0.33063,0.979516,2.74752,1.07178
controlled,102,2,any,state,0,914,hmc_in,oracle,state-markov,,vigorous,214,0.790054,0.666062,0.456373,0.925234,2.71671,1.07178
controlled,102,2,any,state,0,914,hmc_in,oracle,state-markov,,transient,148,1.04918,0.80469,0.580396,0.912162,3.4708,1.07178
controlled,102,2,any,state,0,914,hmc_in,unsupervised,ignorable,start,all,914,0.664153,0.521346,0.375545,0.924508,2.39879,1.06758
controlled,102,2,any,state,0,914,hmc_in,unsupervised,ignorable,start,rest,15,0.71743,0.584306,0.448422,0.866667,2.55069,1.06758
controlled,102,2,any,state,0,914,hmc_in,unsupervised,ignorable,start,locomotion,537,0.514065,0.39686,0.295949,0.979516,2.33875,1.06758
controlled,102,2,any,state,0,914,hmc_in,unsupervised,ignorable,start,vigorous,214,0.884656,0.768328,0.528352,0.771028,2.32862,1.06758
controlled,102,2,any,state,0,914,hmc_in,unsupervised,ignorable,start,transient,148,0.76253,0.609527,0.436011,0.952703,2.7027,1.06758
controlled,102,2,any,state,0,914,hmc_in,unsupervised,state,start,all,914,0.674671,0.524397,0.379549,0.926696,2.38446,1.15069
controlled,102,2,any,state,0,914,hmc_in,unsupervised,state,start,rest,15,0.699619,0.556668,0.404984,0.933333,2.64737,1.15069
controlled,102,2,any,state,0,914,hmc_in,unsupervised,state,start,locomotion,537,0.539327,0.404684,0.301488,0.979516,2.31329,1.15069
controlled,102,2,any,state,0,914,hmc_in,unsupervised,state,start,vigorous,214,0.883745,0.768957,0.531731,0.775701,2.32748,1.15069
controlled,102,2,any,state,0,914,hmc_in,unsupervised,state,start,transient,148,0.759439,0.601873,0.440158,0.952703,2.69843,1.15069
controlled,102,2,any,state,0,914,hmc_in,unsupervised,state-markov,start,all,914,0.669839,0.522187,0.375113,0.92779,2.38145,1.03815
controlled,102,2,any,state,0,914,hmc_in,unsupervised,state-markov,start,rest,15,0.699135,0.549281,0.414566,0.933333,2.60582,1.03815
controlled,102,2,any,state,0,914,hmc_in,unsupervised,state-markov,start,locomotion,537,0.531477,0.402325,0.297974,0.979516,2.31348,1.03815
controlled,102,2,any,state,0,914,hmc_in,unsupervised,state-markov,start,vigorous,214,0.880612,0.765234,0.526391,0.775701,2.31896,1.03815
controlled,102,2,any,state,0,914,hmc_in,unsupervised,state-markov,start,transient,148,0.758412,0.602911,0.432261,0.959459,2.69568,1.03815
controlled,102,2,any,state,0,914,hmc_in,unsupervised,state,ignorable fit,all,914,0.677048,0.526311,0.380758,0.92779,2.39898,1.05457
controlled,102,2,any,state,0,914,hmc_in,unsupervised,state,ignorable fit,rest,15,0.709707,0.555822,0.436278,0.933333,2.58816,1.05457
controlled,102,2,any,state,0,914,hmc_in,unsupervised,state,ignorable fit,locomotion,537,0.540282,0.405181,0.30027,0.981378,2.33209,1.05457
controlled,102,2,any,state,0,914,hmc_in,unsupervised,state,ignorable fit,vigorous,214,0.888808,0.774317,0.538568,0.775701,2.3484,1.05457
controlled,102,2,any,state,0,914,hmc_in,unsupervised,state,ignorable fit,transient,148,0.760546,0.604225,0.43899,0.952703,2.69565,1.05457
controlled,102,2,any,state,0,914,hmc_in,unsupervised,state-markov,ignorable fit,all,914,0.672789,0.524642,0.378914,0.92779,2.39886,1.16589
controlled,102,2,any,state,0,914,hmc_in,unsupervised,state-markov,ignorable fit,rest,15,0.709808,0.548731,0.416227,0.933333,2.52814,1.16589
controlled,102,2,any,state,0,914,hmc_in,unsupervised,state-markov,ignorable fit,locomotion,537,0.53233,0.402843,0.301547,0.981378,2.33641,1.16589
controlled,102,2,any,state,0,914,hmc_in,unsupervised,state-markov,ignorable fit,vigorous,214,0.887461,0.77268,0.529195,0.775701,2.34226,1.16589
controlled,102,2,any,state,0,914,hmc_in,unsupervised,state-markov,ignorable fit,transient,148,0.759818,0.605486,0.438551,0.952703,2.6942,1.16589
controlled,102,2,any,state,1,916,hmc_in,oracle,ignorable,,all,916,0.686043,0.525565,0.384592,0.965066,2.88935,0.996767
controlled,102,2,any,state,1,916,hmc_in,oracle,ignorable,,rest,19,1.07318,0.951159,0.605365,0.947368,3.94893,0.996767
controlled,102,2,any,state,1,916,hmc_in,oracle,ignorable,,locomotion,520,0.507341,0.387024,0.305844,0.990385,2.79073,0.996767
controlled,102,2,any,state,1,916,hmc_in,oracle,ignorable,,vigorous,253,0.790852,0.675558,0.455885,0.928854,2.70388,0.996767
controlled,102,2,any,state,1,916,hmc_in,oracle,ignorable,,transient,124,0.972001,0.7353,0.53554,0.935484,3.51895,0.996767
controlled,102,2,any,state,1,916,hmc_in,oracle,state,,all,916,0.78717,0.5708,0.421705,0.945415,2.84565,1.14326
controlled,102,2,any,state,1,916,hmc_in,oracle,state,,rest,19,1.0514,0.942569,0.614835,0.947368,3.98087,1.14326
controlled,102,2,any,state,1,916,hmc_in,oracle,state,,locomotion,520,0.710139,0.457445,0.364593,0.963462,2.73922,1.14326
controlled,102,2,any,state,1,916,hmc_in,oracle,state,,vigorous,253,0.823605,0.693084,0.470789,0.920949,2.69919,1.14326
controlled,102,2,any,state,1,916,hmc_in,oracle,state,,transient,124,0.953486,0.739693,0.53147,0.919355,3.41687,1.14326
controlled,102,2,any,state,1,916,hmc_in,oracle,state-markov,,all,916,0.786269,0.570521,0.416983,0.945415,2.84631,1.20934
controlled,102,2,any,state,1,916,hmc_in,oracle,state-markov,,rest,19,1.05104,0.941912,0.616773,0.947368,3.98096,1.20934
controlled,102,2,any,state,1,916,hmc_in,oracle,state-markov,,locomotion,520,0.70861,0.457072,0.362241,0.963462,2.74009,1.20934
controlled,102,2,any,state,1,916,hmc_in,oracle,state-markov,,vigorous,253,0.823401,0.693018,0.46481,0.920949,2.69956,1.20934
controlled,102,2,any,state,1,916,hmc_in,oracle,state-markov,,transient,124,0.953187,0.739432,0.518352,0.919355,3.41733,1.20934
controlled,102,2,any,state,1,916,hmc_in,unsupervised,ignorable,start,all,916,0.656442,0.517073,0.372319,0.932314,2.38847,0.840846
controlled,102,2,any,state,1,916,hmc_in,unsupervised,ignorable,start,rest,19,0.852853,0.719674,0.510945,0.947368,2.7206,0.840846
controlled,102,2,any,state,1,916,hmc_in,unsupervised,ignorable,start,locomotion,520,0.482471,0.37215,0.282286,0.988462,2.35707,0.840846
controlled,102,2,any,state,1,916,hmc_in,unsupervised,ignorable,start,vigorous,253,0.912877,0.808999,0.550241,0.790514,2.31979,0.840846
controlled,102,2,any,state,1,916,hmc_in,unsupervised,ignorable,start,transient,124,0.628739,0.498147,0.365614,0.983871,2.60938,0.840846
controlled,102,2,any,state,1,916,hmc_in,unsupervised,state,start,all,916,0.68706,0.534302,0.383451,0.930131,2.38524,0.971836
controlled,102,2,any,state,1,916,hmc_in,unsupervised,state,start,rest,19,0.878106,0.789574,0.522042,1,2.77559,0.971836
controlled,102,2,any,state,1,916,hmc_in,unsupervised,state,start,locomotion,520,0.549111,0.398761,0.30071,0.984615,2.36275,0.971836
controlled,102,2,any,state,1,916,hmc_in,unsupervised,state,start,vigorous,253,0.921222,0.81485,0.553962,0.786561,2.30433,0.971836
controlled,102,2,any,state,1,916,hmc_in,unsupervised,state,start,transient,124,0.610715,0.491174,0.3613,0.983871,2.58485,0.971836
controlled,102,2,any,state,1,916,hmc_in,unsupervised,state-markov,start,all,916,0.664296,0.521623,0.372042,0.932314,2.36561,0.852893
controlled,102,2,any,state,1,916,hmc_in,unsupervised,state-markov,start,rest,19,0.883398,0.793499,0.535016,1,2.77073,0.852893
controlled,102,2,any,state,1,916,hmc_in,unsupervised,state-markov,start,locomotion,520,0.509756,0.382359,0.286653,0.988462,2.33558,0.852893
controlled,102,2,any,state,1,916,hmc_in,unsupervised,state-markov,start,vigorous,253,0.908598,0.804587,0.544165,0.786561,2.28795,0.852893
controlled,102,2,any,state,1,916,hmc_in,unsupervised,state-markov,start,transient,124,0.605128,0.486637,0.353964,0.983871,2.58795,0.852893
controlled,102,2,any,state,1,916,hmc_in,unsupervised,state,ignorable fit,all,916,0.690371,0.536407,0.383942,0.931223,2.40308,0.871636
controlled,102,2,any,state,1,916,hmc_in,unsupervised,state,ignorable fit,rest,19,0.89901,0.804281,0.534855,1,2.75281,0.871636
controlled,102,2,any,state,1,916,hmc_in,unsupervised,state,ignorable fit,locomotion,520,0.550118,0.399559,0.300819,0.986538,2.38319,0.871636
controlled,102,2,any,state,1,916,hmc_in,unsupervised,state,ignorable fit,vigorous,253,0.928838,0.822172,0.556339,0.786561,2.32679,0.871636
controlled,102,2,any,state,1,916,hmc_in,unsupervised,state,ignorable fit,transient,124,0.606287,0.486189,0.357657,0.983871,2.58856,0.871636
controlled,102,2,any,state,1,916,hmc_in,unsupervised,state-markov,ignorable fit,all,916,0.668623,0.524622,0.376142,0.933406,2.38625,1.10311
controlled,102,2,any,state,1,916,hmc_in,unsupervised,state-markov,ignorable fit,rest,19,0.9078,0.808598,0.545309,1,2.73923,1.10311
controlled,102,2,any,state,1,916,hmc_in,unsupervised,state-markov,ignorable fit,locomotion,520,0.511839,0.38373,0.289617,0.990385,2.35926,1.10311
controlled,102,2,any,state,1,916,hmc_in,unsupervised,state-markov,ignorable fit,vigorous,253,0.917483,0.813846,0.551167,0.786561,2.31428,1.10311
controlled,102,2,any,state,1,916,hmc_in,unsupervised,state-markov,ignorable fit,transient,124,0.60005,0.481834,0.355961,0.983871,2.59222,1.10311
controlled,102,2,any,state,2,899,hmc_in,oracle,ignorable,,all,899,0.675836,0.524529,0.385109,0.963293,2.89723,1.13469
controlled,102,2,any,state,2,899,hmc_in,oracle,ignorable,,rest,16,0.950428,0.86984,0.531626,1,3.86672,1.13469
controlled,102,2,any,state,2,899,hmc_in,oracle,ignorable,,locomotion,516,0.537043,0.412333,0.321552,0.986434,2.80289,1.13469
controlled,102,2,any,state,2,899,hmc_in,oracle,ignorable,,vigorous,253,0.796994,0.668284,0.46183,0.916996,2.7228,1.13469
controlled,102,2,any,state,2,899,hmc_in,oracle,ignorable,,transient,114,0.871785,0.664863,0.481956,0.95614,3.57528,1.13469
controlled,102,2,any,state,2,899,hmc_in,oracle,state,,all,899,0.735096,0.54882,0.404027,0.948832,2.83677,1.34656
controlled,102,2,any,state,2,899,hmc_in,oracle,state,,rest,16,0.998945,0.918122,0.583749,1,3.9118,1.34656
controlled,102,2,any,state,2,899,hmc_in,oracle,state,,locomotion,516,0.639216,0.449427,0.349548,0.968992,2.75525,1.34656
controlled,102,2,any,state,2,899,hmc_in,oracle,state,,vigorous,253,0.804005,0.668304,0.458017,0.913043,2.69383,1.34656
controlled,102,2,any,state,2,899,hmc_in,oracle,state,,transient,114,0.914992,0.681701,0.505576,0.929825,3.37211,1.34656
controlled,102,2,any,state,2,899,hmc_in,oracle,state-markov,,all,899,0.730831,0.547707,0.399904,0.952169,2.8393,0.885998
controlled,102,2,any,state,2,899,hmc_in,oracle,state-markov,,rest,16,0.999481,0.918435,0.558047,1,3.91187,0.885998
controlled,102,2,any,state,2,899,hmc_in,oracle,state-markov,,locomotion,516,0.630888,0.447548,0.344981,0.974806,2.75923,0.885998
controlled,102,2,any,state,2,899,hmc_in,oracle,state-markov,,vigorous,253,0.804013,0.668306,0.455807,0.913043,2.69382,0.885998
controlled,102,2,any,state,2,899,hmc_in,oracle,state-markov,,transient,114,0.914112,0.681379,0.502243,0.929825,3.37403,0.885998
controlled,102,2,any,state,2,899,hmc_in,unsupervised,ignorable,start,all,899,0.680198,0.533464,0.382914,0.917686,2.40088,0.933419
controlled,102,2,any,state,2,899,hmc_in,unsupervised,ignorable,start,rest,16,0.634874,0.58203,0.391677,1,2.58041,0.933419
controlled,102,2,any,state,2,899,hmc_in,unsupervised,ignorable,start,locomotion,516,0.515904,0.395267,0.297162,0.976744,2.35924,0.933419
controlled,102,2,any,state,2,899,hmc_in,unsupervised,ignorable,start,vigorous,253,0.90986,0.78855,0.543727,0.774704,2.32257,0.933419
controlled,102,2,any,state,2,899,hmc_in,unsupervised,ignorable,start,transient,114,0.741674,0.586063,0.412937,0.95614,2.73798,0.933419
controlled,102,2,any,state,2,899,hmc_in,unsupervised,state,start,all,899,0.698253,0.5416,0.389584,0.911012,2.36892,0.910409
controlled,102,2,any,state,2,899,hmc_in,unsupervised,state,start,rest,16,0.633601,0.609745,0.417815,1,2.83401,0.910409
controlled,102,2,any,state,2,899,hmc_in,unsupervised,state,start,locomotion,516,0.563524,0.420658,0.309886,0.972868,2.33937,0.910409
controlled,102,2,any,state,2,899,hmc_in,unsupervised,state,start,vigorous,253,0.906309,0.780975,0.542329,0.770751,2.26731,0.910409
controlled,102,2,any,state,2,899,hmc_in,unsupervised,state,start,transient,114,0.726787,0.548211,0.407375,0.929825,2.6629,0.910409
controlled,102,2,any,state,2,899,hmc_in,unsupervised,state-markov,start,all,899,0.684504,0.53425,0.382374,0.911012,2.36552,0.890589
controlled,102,2,any,state,2,899,hmc_in,unsupervised,state-markov,start,rest,16,0.633685,0.609794,0.397175,1,2.82898,0.890589
controlled,102,2,any,state,2,899,hmc_in,unsupervised,state-markov,start,locomotion,516,0.53739,0.408495,0.301968,0.97093,2.3312,0.890589
controlled,102,2,any,state,2,899,hmc_in,unsupervised,state-markov,start,vigorous,253,0.906882,0.781781,0.537964,0.774704,2.27092,0.890589
controlled,102,2,any,state,2,899,hmc_in,unsupervised,state-markov,start,transient,114,0.711477,0.543509,0.39894,0.929825,2.66574,0.890589
controlled,102,2,any,state,2,899,hmc_in,unsupervised,state,ignorable fit,all,899,0.700946,0.543421,0.390256,0.912125,2.38916,1.02797
controlled,102,2,any,state,2,899,hmc_in,unsupervised,state,ignorable fit,rest,16,0.639107,0.609366,0.400702,1,2.82957,1.02797
controlled,102,2,any,state,2,899,hmc_in,unsupervised,state,ignorable fit,locomotion,516,0.564531,0.421013,0.311536,0.974806,2.36098,1.02797
controlled,102,2,any,state,2,899,hmc_in,unsupervised,state,ignorable fit,vigorous,253,0.912813,0.788068,0.543486,0.770751,2.29096,1.02797
controlled,102,2,any,state,2,899,hmc_in,unsupervised,state,ignorable fit,transient,114,0.724947,0.545273,0.405037,0.929825,2.67282,1.02797
controlled,102,2,any,state,2,899,hmc_in,unsupervised,state-markov,ignorable fit,all,899,0.687682,0.536383,0.385801,0.914349,2.38609,0.938606
controlled,102,2,any,state,2,899,hmc_in,unsupervised,state-markov,ignorable fit,rest,16,0.639316,0.609275,0.396932,1,2.82489,0.938606
controlled,102,2,any,state,2,899,hmc_in,unsupervised,state-markov,ignorable fit,locomotion,516,0.539185,0.409256,0.303965,0.976744,2.35325,0.938606
controlled,102,2,any,state,2,899,hmc_in,unsupervised,state-markov,ignorable fit,vigorous,253,0.913498,0.788966,0.548994,0.774704,2.29471,0.938606
controlled,102,2,any,state,2,899,hmc_in,unsupervised,state-markov,ignorable fit,transient,114,0.710009,0.541012,0.392481,0.929825,2.67596,0.938606
controlled,102,2,any,state,3,964,hmc_in,oracle,ignorable,,all,964,0.664786,0.519427,0.379728,0.967842,2.90087,0.89255
controlled,102,2,any,state,3,964,hmc_in,oracle,ignorable,,rest,21,0.837218,0.795079,0.492391,1,3.90877,0.89255
controlled,102,2,any,state,3,964,hmc_in,oracle,ignorable,,locomotion,539,0.519858,0.397221,0.312388,0.992579,2.79981,0.89255
controlled,102,2,any,state,3,964,hmc_in,oracle,ignorable,,vigorous,264,0.790314,0.672021,0.455267,0.92803,2.70352,0.89255
controlled,102,2,any,state,3,964,hmc_in,oracle,ignorable,,transient,140,0.848323,0.660824,0.479642,0.942857,3.51091,0.89255
controlled,102,2,any,state,3,964,hmc_in,oracle,state,,all,964,0.682002,0.530845,0.387176,0.963693,2.84631,0.798594
controlled,102,2,any,state,3,964,hmc_in,oracle,state,,rest,21,0.821154,0.76097,0.490468,1,3.81158,0.798594
controlled,102,2,any,state,3,964,hmc_in,oracle,state,,locomotion,539,0.535959,0.406028,0.315978,0.987013,2.7506,0.798594
controlled,102,2,any,state,3,964,hmc_in,oracle,state,,vigorous,264,0.785143,0.670322,0.454185,0.92803,2.68686,0.798594
controlled,102,2,any,state,3,964,hmc_in,oracle,state,,transient,140,0.912808,0.713855,0.519431,0.935714,3.37072,0.798594
controlled,102,2,any,state,3,964,hmc_in,oracle,state-markov,,all,964,0.681864,0.530773,0.386477,0.963693,2.84638,0.919401
controlled,102,2,any,state,3,964,hmc_in,oracle,state-markov,,rest,21,0.821151,0.760887,0.494969,1,3.81188,0.919401
controlled,102,2,any,state,3,964,hmc_in,oracle,state-markov,,locomotion,539,0.535792,0.405972,0.316939,0.987013,2.75063,0.919401
controlled,102,2,any,state,3,964,hmc_in,oracle,state-markov,,vigorous,264,0.785147,0.670325,0.453946,0.92803,2.68687,0.919401
controlled,102,2,any,state,3,964,hmc_in,oracle,state-markov,,transient,140,0.912471,0.71358,0.510698,0.935714,3.37094,0.919401
controlled,102,2,any,state,3,964,hmc_in,unsupervised,ignorable,start,all,964,0.664199,0.517899,0.3774,0.920124,2.41074,0.88217
controlled,102,2,any,state,3,964,hmc_in,unsupervised,ignorable,start,rest,21,0.711951,0.613991,0.400304,0.904762,2.49833,0.88217
controlled,102,2,any,state,3,964,hmc_in,unsupervised,ignorable,start,locomotion,539,0.499866,0.376096,0.293001,0.987013,2.37301,0.88217
controlled,102,2,any,state,3,964,hmc_in,unsupervised,ignorable,start,vigorous,264,0.898485,0.791071,0.533372,0.772727,2.32681,0.88217
controlled,102,2,any,state,3,964,hmc_in,unsupervised,ignorable,start,transient,140,0.690943,0.534301,0.404784,0.942857,2.70115,0.88217
controlled,102,2,any,state,3,964,hmc_in,unsupervised,state,start,all,964,0.669734,0.524213,0.380655,0.922199,2.36211,0.889446
controlled,102,2,any,state,3,964,hmc_in,unsupervised,state,start,rest,21,0.830774,0.692436,0.454374,0.904762,2.52779,0.889446
controlled,102,2,any,state,3,964,hmc_in,unsupervised,state,start,locomotion,539,0.498855,0.376712,0.290168,0.983302,2.3142,0.889446
controlled,102,2,any,state,3,964,hmc_in,unsupervised,state,start,vigorous,264,0.888944,0.781748,0.53707,0.776515,2.27095,0.889446
controlled,102,2,any,state,3,964,hmc_in,unsupervised,state,start,transient,140,0.732656,0.581219,0.42302,0.964286,2.69359,0.889446
controlled,102,2,any,state,3,964,hmc_in,unsupervised,state-markov,start,all,964,0.667995,0.523124,0.378559,0.922199,2.36408,1.06232
controlled,102,2,any,state,3,964,hmc_in,unsupervised,state-markov,start,rest,21,0.824389,0.687695,0.44667,0.904762,2.52359,1.06232
controlled,102,2,any,state,3,964,hmc_in,unsupervised,state-markov,start,locomotion,539,0.497053,0.375999,0.289708,0.985158,2.31551,1.06232
controlled,102,2,any,state,3,964,hmc_in,unsupervised,state-markov,start,vigorous,264,0.889494,0.782465,0.534852,0.776515,2.27424,1.06232
controlled,102,2,any,state,3,964,hmc_in,unsupervised,state-markov,start,transient,140,0.726237,0.57583,0.415698,0.957143,2.69653,1.06232
controlled,102,2,any,state,3,964,hmc_in,unsupervised,state,ignorable fit,all,964,0.675723,0.527926,0.381647,0.922199,2.39032,1.10461
controlled,102,2,any,state,3,964,hmc_in,unsupervised,state,ignorable fit,rest,21,0.836427,0.686679,0.464661,0.904762,2.47986,1.10461
controlled,102,2,any,state,3,964,hmc_in,unsupervised,state,ignorable fit,locomotion,539,0.50072,0.377544,0.290153,0.985158,2.34671,1.10461
controlled,102,2,any,state,3,964,hmc_in,unsupervised,state,ignorable fit,vigorous,264,0.899277,0.792331,0.540464,0.776515,2.30639,1.10461
controlled,102,2,any,state,3,964,hmc_in,unsupervised,state,ignorable fit,transient,140,0.740832,0.584491,0.42196,0.957143,2.70307,1.10461
controlled,102,2,any,state,3,964,hmc_in,unsupervised,state-markov,ignorable fit,all,964,0.674127,0.526926,0.380791,0.923237,2.39287,0.844051
controlled,102,2,any,state,3,964,hmc_in,unsupervised,state-markov,ignorable fit,rest,21,0.830549,0.682126,0.458743,0.904762,2.47651,0.844051
controlled,102,2,any,state,3,964,hmc_in,unsupervised,state-markov,ignorable fit,locomotion,539,0.498966,0.376942,0.290674,0.987013,2.34859,0.844051
controlled,102,2,any,state,3,964,hmc_in,unsupervised,state-markov,ignorable fit,vigorous,264,0.89996,0.793177,0.538242,0.776515,2.30998,0.844051
controlled,102,2,any,state,3,964,hmc_in,unsupervised,state-markov,ignorable fit,transient,140,0.734779,0.579007,0.419142,0.957143,2.70712,0.844051
controlled,102,2,any,state,4,885,hmc_in,oracle,ignorable,,all,885,0.697594,0.539291,0.390029,0.962712,2.89509,0.941872
controlled,102,2,any,state,4,885,hmc_in,oracle,ignorable,,rest,20,0.901932,0.809476,0.509787,1,3.85431,0.941872
controlled,102,2,any,state,4,885,hmc_in,oracle,ignorable,,locomotion,534,0.534117,0.411168,0.317535,0.986891,2.77397,0.941872
controlled,102,2,any,state,4,885,hmc_in,oracle,ignorable,,vigorous,212,0.790889,0.682585,0.457702,0.938679,2.75603,0.941872
controlled,102,2,any,state,4,885,hmc_in,oracle,ignorable,,transient,119,1.04301,0.813542,0.574652,0.890756,3.52518,0.941872
controlled,102,2,any,state,4,885,hmc_in,oracle,state,,all,885,0.727472,0.552185,0.401111,0.953672,2.85451,1.02646
controlled,102,2,any,state,4,885,hmc_in,oracle,state,,rest,20,1.03872,0.869238,0.584901,0.95,3.75295,1.02646
controlled,102,2,any,state,4,885,hmc_in,oracle,state,,locomotion,534,0.576312,0.428352,0.331245,0.979401,2.74945,1.02646
controlled,102,2,any,state,4,885,hmc_in,oracle,state,,vigorous,212,0.780907,0.675253,0.448431,0.938679,2.7011,1.02646
controlled,102,2,any,state,4,885,hmc_in,oracle,state,,transient,119,1.08517,0.835345,0.599438,0.865546,3.44828,1.02646
controlled,102,2,any,state,4,885,hmc_in,oracle,state-markov,,all,885,0.727986,0.55234,0.402639,0.953672,2.85451,0.899916
controlled,102,2,any,state,4,885,hmc_in,oracle,state-markov,,rest,20,1.03838,0.869113,0.586461,0.95,3.75356,0.899916
controlled,102,2,any,state,4,885,hmc_in,oracle,state-markov,,locomotion,534,0.577514,0.428674,0.331661,0.979401,2.74946,0.899916
controlled,102,2,any,state,4,885,hmc_in,oracle,state-markov,,vigorous,212,0.780787,0.675165,0.453157,0.938679,2.70111,0.899916
controlled,102,2,any,state,4,885,hmc_in,oracle,state-markov,,transient,119,1.08508,0.835224,0.60025,0.865546,3.44811,0.899916
controlled,102,2,any,state,4,885,hmc_in,unsupervised,ignorable,start,all,885,0.657083,0.513905,0.370141,0.912994,2.36793,0.925282
controlled,102,2,any,state,4,885,hmc_in,unsupervised,ignorable,start,rest,20,0.662195,0.574453,0.375922,1,2.43093,0.925282
controlled,102,2,any,state,4,885,hmc_in,unsupervised,ignorable,start,locomotion,534,0.513063,0.390952,0.295213,0.97191,2.32855,0.925282
controlled,102,2,any,state,4,885,hmc_in,unsupervised,ignorable,start,vigorous,212,0.898084,0.792379,0.537077,0.754717,2.30086,0.925282
controlled,102,2,any,state,4,885,hmc_in,unsupervised,ignorable,start,transient,119,0.720522,0.559363,0.408002,0.915966,2.65351,0.925282
controlled,102,2,any,state,4,885,hmc_in,unsupervised,state,start,all,885,0.669897,0.519514,0.373569,0.910734,2.33898,0.837596
controlled,102,2,any,state,4,885,hmc_in,unsupervised,state,start,rest,20,0.796961,0.63881,0.424091,1,2.4748,0.837596
controlled,102,2,any,state,4,885,hmc_in,unsupervised,state,start,locomotion,534,0.529576,0.400528,0.299933,0.966292,2.30329,0.837596
controlled,102,2,any,state,4,885,hmc_in,unsupervised,state,start,vigorous,212,0.876955,0.773046,0.526211,0.754717,2.25206,0.837596
controlled,102,2,any,state,4,885,hmc_in,unsupervised,state,start,transient,119,0.775962,0.581732,0.423577,0.92437,2.63111,0.837596
controlled,102,2,any,state,4,885,hmc_in,unsupervised,state-markov,start,all,885,0.666029,0.517681,0.372486,0.911864,2.33728,0.912646
controlled,102,2,any,state,4,885,hmc_in,unsupervised,state-markov,start,rest,20,0.791351,0.63413,0.439262,1,2.46269,0.912646
controlled,102,2,any,state,4,885,hmc_in,unsupervised,state-markov,start,locomotion,534,0.522527,0.397233,0.297893,0.968165,2.2981,0.912646
controlled,102,2,any,state,4,885,hmc_in,unsupervised,state-markov,start,vigorous,212,0.879926,0.775586,0.526098,0.754717,2.26285,0.912646
controlled,102,2,any,state,4,885,hmc_in,unsupervised,state-markov,start,transient,119,0.767572,0.579147,0.422332,0.92437,2.62466,0.912646
controlled,102,2,any,state,4,885,hmc_in,unsupervised,state,ignorable fit,all,885,0.671318,0.520643,0.374538,0.912994,2.34982,0.74718
controlled,102,2,any,state,4,885,hmc_in,unsupervised,state,ignorable fit,rest,20,0.792301,0.633173,0.423073,1,2.46102,0.74718
controlled,102,2,any,state,4,885,hmc_in,unsupervised,state,ignorable fit,locomotion,534,0.529034,0.400372,0.299368,0.968165,2.31696,0.74718
controlled,102,2,any,state,4,885,hmc_in,unsupervised,state,ignorable fit,vigorous,212,0.881505,0.777724,0.530037,0.754717,2.26698,0.74718
controlled,102,2,any,state,4,885,hmc_in,unsupervised,state,ignorable fit,transient,119,0.778372,0.583439,0.426677,0.932773,2.62614,0.74718
controlled,102,2,any,state,4,885,hmc_in,unsupervised,state-markov,ignorable fit,all,885,0.66714,0.518343,0.373134,0.911864,2.3459,0.795449
controlled,102,2,any,state,4,885,hmc_in,unsupervised,state-markov,ignorable fit,rest,20,0.788754,0.630972,0.418783,1,2.45739,0.795449
controlled,102,2,any,state,4,885,hmc_in,unsupervised,state-markov,ignorable fit,locomotion,534,0.52253,0.397287,0.298062,0.968165,2.30818,0.795449
controlled,102,2,any,state,4,885,hmc_in,unsupervised,state-markov,ignorable fit,vigorous,212,0.882815,0.778573,0.530099,0.754717,2.2738,0.795449
controlled,102,2,any,state,4,885,hmc_in,unsupervised,state-markov,ignorable fit,transient,119,0.769278,0.579037,0.422705,0.92437,2.62486,0.795449
controlled,102,2,any,state-markov,0,944,hmc_in,oracle,ignorable,,all,944,0.674235,0.531023,0.383196,0.973517,2.91019,0.884402
controlled,102,2,any,state-markov,0,944,hmc_in,oracle,ignorable,,rest,16,0.711579,0.639238,0.429552,1,3.73062,0.884402
controlled,102,2,any,state-markov,0,944,hmc_in,oracle,ignorable,,locomotion,535,0.544865,0.420459,0.321562,0.992523,2.80285,0.884402
controlled,102,2,any,state-markov,0,944,hmc_in,oracle,ignorable,,vigorous,247,0.763,0.651059,0.44234,0.935223,2.71211,0.884402
controlled,102,2,any,state-markov,0,944,hmc_in,oracle,ignorable,,transient,146,0.900568,0.721235,0.503904,0.965753,3.54874,0.884402
controlled,102,2,any,state-markov,0,944,hmc_in,oracle,state,,all,944,0.745407,0.563077,0.408717,0.955508,2.82758,0.776852
controlled,102,2,any,state-markov,0,944,hmc_in,oracle,state,,rest,16,0.734642,0.663782,0.42534,1,3.75507,0.776852
controlled,102,2,any,state-markov,0,944,hmc_in,oracle,state,,locomotion,535,0.670399,0.467359,0.360556,0.970093,2.70605,0.776852
controlled,102,2,any,state-markov,0,944,hmc_in,oracle,state,,vigorous,247,0.780344,0.657659,0.44734,0.927126,2.69841,0.776852
controlled,102,2,any,state-markov,0,944,hmc_in,oracle,state,,transient,146,0.925387,0.742778,0.518034,0.945205,3.38979,0.776852
controlled,102,2,any,state-markov,0,944,hmc_in,oracle,state-markov,,all,944,0.737049,0.559363,0.406732,0.958686,2.83244,0.837124
controlled,102,2,any,state-markov,0,944,hmc_in,oracle,state-markov,,rest,16,0.721905,0.652132,0.458747,1,3.75973,0.837124
controlled,102,2,any,state-markov,0,944,hmc_in,oracle,state-markov,,locomotion,535,0.666048,0.465627,0.359762,0.971963,2.71204,0.837124
controlled,102,2,any,state-markov,0,944,hmc_in,oracle,state-markov,,vigorous,247,0.779108,0.657317,0.446377,0.927126,2.70017,0.837124
controlled,102,2,any,state-markov,0,944,hmc_in,oracle,state-markov,,transient,146,0.896008,0.726961,0.506077,0.958904,3.39575,0.837124
controlled,102,2,any,state-markov,0,944,hmc_in,unsupervised,ignorable,start,all,944,0.681346,0.541093,0.389527,0.916314,2.44475,0.861861
controlled,102,2,any,state-markov,0,944,hmc_in,unsupervised,ignorable,start,rest,16,0.696881,0.579208,0.459185,0.875,3.01111,0.861861
controlled,102,2,any,state-markov,0,944,hmc_in,unsupervised,ignorable,start,locomotion,535,0.529503,0.411272,0.306304,0.981308,2.40251,0.861861
controlled,102,2,any,state-markov,0,944,hmc_in,unsupervised,ignorable,start,vigorous,247,0.890537,0.78199,0.527064,0.777328,2.34383,0.861861
controlled,102,2,any,state-markov,0,944,hmc_in,unsupervised,ignorable,start,transient,146,0.761128,0.605088,0.454172,0.917808,2.7082,0.861861
controlled,102,2,any,state-markov,0,944,hmc_in,unsupervised,state,start,all,944,0.782557,0.585802,0.425648,0.900424,2.40661,0.859691
controlled,102,2,any,state-markov,0,944,hmc_in,unsupervised,state,start,rest,16,0.587131,0.457287,0.423503,1,3.09987,0.859691
controlled,102,2,any,state-markov,0,944,hmc_in,unsupervised,state,start,locomotion,535,0.617032,0.441191,0.329472,0.960748,2.32432,0.859691
controlled,102,2,any,state-markov,0,944,hmc_in,unsupervised,state,start,vigorous,247,0.884808,0.771142,0.527592,0.773279,2.28672,0.859691
controlled,102,2,any,state-markov,0,944,hmc_in,unsupervised,state,start,transient,146,1.09646,0.816241,0.605842,0.883562,2.83499,0.859691
controlled,102,2,any,state-markov,0,944,hmc_in,unsupervised,state-markov,start,all,944,0.712663,0.553465,0.398431,0.916314,2.41141,0.789842
controlled,102,2,any,state-markov,0,944,hmc_in,unsupervised,state-markov,start,rest,16,0.595569,0.463669,0.43423,0.9375,3.09449,0.789842
controlled,102,2,any,state-markov,0,944,hmc_in,unsupervised,state-markov,start,locomotion,535,0.585227,0.428556,0.320333,0.971963,2.34203,0.789842
controlled,102,2,any,state-markov,0,944,hmc_in,unsupervised,state-markov,start,vigorous,247,0.886024,0.772415,0.523777,0.777328,2.30046,0.789842
controlled,102,2,any,state-markov,0,944,hmc_in,unsupervised,state-markov,start,transient,146,0.813563,0.650605,0.468629,0.945205,2.77852,0.789842
controlled,102,2,any,state-markov,0,944,hmc_in,unsupervised,state,ignorable fit,all,944,0.78539,0.588193,0.428913,0.902542,2.43301,0.822423
controlled,102,2,any,state-markov,0,944,hmc_in,unsupervised,state,ignorable fit,rest,16,0.580198,0.467314,0.436047,1,3.11115,0.822423
controlled,102,2,any,state-markov,0,944,hmc_in,unsupervised,state,ignorable fit,locomotion,535,0.618648,0.442702,0.332374,0.964486,2.355,0.822423
controlled,102,2,any,state-markov,0,944,hmc_in,unsupervised,state,ignorable fit,vigorous,247,0.89394,0.780525,0.533062,0.773279,2.31821,0.822423
controlled,102,2,any,state-markov,0,944,hmc_in,unsupervised,state,ignorable fit,transient,146,1.09408,0.809189,0.605688,0.883562,2.83878,0.822423
controlled,102,2,any,state-markov,0,944,hmc_in,unsupervised,state-markov,ignorable fit,all,944,0.716042,0.555889,0.401387,0.918432,2.43704,0.743629
controlled,102,2,any,state-markov,0,944,hmc_in,unsupervised,state-markov,ignorable fit,rest,16,0.579043,0.452918,0.437198,0.9375,3.09999,0.743629
controlled,102,2,any,state-markov,0,944,hmc_in,unsupervised,state-markov,ignorable fit,locomotion,535,0.58598,0.428999,0.321113,0.975701,2.37161,0.743629
controlled,102,2,any,state-markov,0,944,hmc_in,unsupervised,state-markov,ignorable fit,vigorous,247,0.894892,0.781732,0.531257,0.777328,2.33062,0.743629
controlled,102,2,any,state-markov,0,944,hmc_in,unsupervised,state-markov,ignorable fit,transient,146,0.815643,0.650074,0.471907,0.945205,2.78419,0.743629
controlled,102,2,any,state-markov,1,909,hmc_in,oracle,ignorable,,all,909,0.690948,0.534225,0.392891,0.961496,2.92047,0.844927
controlled,102,2,any,state-markov,1,909,hmc_in,oracle,ignorable,,rest,18,0.797115,0.746939,0.497776,1,3.84839,0.844927
controlled,102,2,any,state-markov,1,909,hmc_in,oracle,ignorable,,locomotion,530,0.543769,0.420376,0.32456,0.981132,2.80327,0.844927
controlled,102,2,any,state-markov,1,909,hmc_in,oracle,ignorable,,vigorous,238,0.79974,0.663244,0.465432,0.932773,2.7441,0.844927
controlled,102,2,any,state-markov,1,909,hmc_in,oracle,ignorable,,transient,123,0.961004,0.744023,0.531611,0.926829,3.63095,0.844927
controlled,102,2,any,state-markov,1,909,hmc_in,oracle,state,,all,909,0.746495,0.560099,0.411711,0.939494,2.83445,0.907033
controlled,102,2,any,state-markov,1,909,hmc_in,oracle,state,,rest,18,0.876294,0.797105,0.535549,1,3.76244,0.907033
controlled,102,2,any,state-markov,1,909,hmc_in,oracle,state,,locomotion,530,0.616703,0.453008,0.344328,0.956604,2.70768,0.907033
controlled,102,2,any,state-markov,1,909,hmc_in,oracle,state,,vigorous,238,0.834457,0.675352,0.471655,0.920168,2.71289,0.907033
controlled,102,2,any,state-markov,1,909,hmc_in,oracle,state,,transient,123,1.00982,0.763856,0.56795,0.894309,3.4801,0.907033
controlled,102,2,any,state-markov,1,909,hmc_in,oracle,state-markov,,all,909,0.745244,0.559464,0.408787,0.940594,2.83054,0.874662
controlled,102,2,any,state-markov,1,909,hmc_in,oracle,state-markov,,rest,18,0.863681,0.790791,0.50959,1,3.80019,0.874662
controlled,102,2,any,state-markov,1,909,hmc_in,oracle,state-markov,,locomotion,530,0.615611,0.452648,0.344285,0.958491,2.70861,0.874662
controlled,102,2,any,state-markov,1,909,hmc_in,oracle,state-markov,,vigorous,238,0.834293,0.675624,0.470099,0.920168,2.71128,0.874662
controlled,102,2,any,state-markov,1,909,hmc_in,oracle,state-markov,,transient,123,1.00772,0.761113,0.553331,0.894309,3.4448,0.874662
controlled,102,2,any,state-markov,1,909,hmc_in,unsupervised,ignorable,start,all,909,0.698233,0.543487,0.392728,0.915292,2.43638,0.758951
controlled,102,2,any,state-markov,1,909,hmc_in,unsupervised,ignorable,start,rest,18,0.678339,0.54335,0.396232,0.944444,2.48774,0.758951
controlled,102,2,any,state-markov,1,909,hmc_in,unsupervised,ignorable,start,locomotion,530,0.554423,0.423898,0.313705,0.975472,2.39836,0.758951
controlled,102,2,any,state-markov,1,909,hmc_in,unsupervised,ignorable,start,vigorous,238,0.935947,0.810761,0.552998,0.768908,2.33947,0.758951
controlled,102,2,any,state-markov,1,909,hmc_in,unsupervised,ignorable,start,transient,123,0.718398,0.541643,0.422609,0.934959,2.78023,0.758951
controlled,102,2,any,state-markov,1,909,hmc_in,unsupervised,state,start,all,909,0.775867,0.589022,0.425004,0.886689,2.36266,0.812814
controlled,102,2,any,state-markov,1,909,hmc_in,unsupervised,state,start,rest,18,0.723463,0.59463,0.401699,0.944444,2.59418,0.812814
controlled,102,2,any,state-markov,1,909,hmc_in,unsupervised,state,start,locomotion,530,0.618725,0.453321,0.335335,0.945283,2.28719,0.812814
controlled,102,2,any,state-markov,1,909,hmc_in,unsupervised,state,start,vigorous,238,0.959091,0.8178,0.572189,0.756303,2.2937,0.812814
controlled,102,2,any,state-markov,1,909,hmc_in,unsupervised,state,start,transient,123,0.970909,0.730252,0.529998,0.878049,2.78738,0.812814
controlled,102,2,any,state-markov,1,909,hmc_in,unsupervised,state-markov,start,all,909,0.72085,0.555573,0.398987,0.90099,2.3769,0.789706
controlled,102,2,any,state-markov,1,909,hmc_in,unsupervised,state-markov,start,rest,18,0.703453,0.578822,0.427182,0.944444,2.55233,0.789706
controlled,102,2,any,state-markov,1,909,hmc_in,unsupervised,state-markov,start,locomotion,530,0.570309,0.431973,0.318043,0.960377,2.32178,0.789706
controlled,102,2,any,state-markov,1,909,hmc_in,unsupervised,state-markov,start,vigorous,238,0.930399,0.794986,0.54759,0.756303,2.31194,0.789706
controlled,102,2,any,state-markov,1,909,hmc_in,unsupervised,state-markov,start,transient,123,0.831424,0.621502,0.456103,0.918699,2.7144,0.789706
controlled,102,2,any,state-markov,1,909,hmc_in,unsupervised,state,ignorable fit,all,909,0.775475,0.589686,0.425082,0.888889,2.38239,0.764004
controlled,102,2,any,state-markov,1,909,hmc_in,unsupervised,state,ignorable fit,rest,18,0.715723,0.57998,0.419083,0.944444,2.57593,0.764004
controlled,102,2,any,state-markov,1,909,hmc_in,unsupervised,state,ignorable fit,locomotion,530,0.616608,0.453155,0.332645,0.94717,2.31137,0.764004
controlled,102,2,any,state-markov,1,909,hmc_in,unsupervised,state,ignorable fit,vigorous,238,0.965739,0.825325,0.572043,0.756303,2.31813,0.764004
controlled,102,2,any,state-markov,1,909,hmc_in,unsupervised,state,ignorable fit,transient,123,0.962453,0.723458,0.5399,0.886179,2.78446,0.764004
controlled,102,2,any,state-markov,1,909,hmc_in,unsupervised,state-markov,ignorable fit,all,909,0.722689,0.55741,0.401602,0.90319,2.3923,0.791779
controlled,102,2,any,state-markov,1,909,hmc_in,unsupervised,state-markov,ignorable fit,rest,18,0.696421,0.568973,0.413166,0.944444,2.5426,0.791779
controlled,102,2,any,state-markov,1,909,hmc_in,unsupervised,state-markov,ignorable fit,locomotion,530,0.570086,0.432247,0.318841,0.964151,2.34056,0.791779
controlled,102,2,any,state-markov,1,909,hmc_in,unsupervised,state-markov,ignorable fit,vigorous,238,0.935576,0.800993,0.55324,0.756303,2.33324,0.791779
controlled,102,2,any,state-markov,1,909,hmc_in,unsupervised,state-markov,ignorable fit,transient,123,0.833499,0.623713,0.463106,0.918699,2.70755,0.791779
controlled,102,2,any,state-markov,2,1002,hmc_in,oracle,ignorable,,all,1002,0.732517,0.554311,0.40443,0.952096,2.88174,0.792335
controlled,102,2,any,state-markov,2,1002,hmc_in,oracle,ignorable,,rest,20,0.930151,0.874839,0.545932,1,3.8602,0.792335
controlled,102,2,any,state-markov,2,1002,hmc_in,oracle,ignorable,,locomotion,599,0.513872,0.397386,0.308731,0.989983,2.77783,0.792335
controlled,102,2,any,state-markov,2,1002,hmc_in,oracle,ignorable,,vigorous,260,0.847538,0.729226,0.489588,0.919231,2.75021,0.792335
controlled,102,2,any,state-markov,2,1002,hmc_in,oracle,ignorable,,transient,123,1.1942,0.896666,0.667462,0.829268,3.50667,0.792335
controlled,102,2,any,state-markov,2,1002,hmc_in,oracle,state,,all,1002,0.756801,0.56489,0.412723,0.94511,2.81778,0.80026
controlled,102,2,any,state-markov,2,1002,hmc_in,oracle,state,,rest,20,0.921712,0.86742,0.5497,1,3.8551,0.80026
controlled,102,2,any,state-markov,2,1002,hmc_in,oracle,state,,locomotion,599,0.579219,0.419386,0.327022,0.978297,2.72598,0.80026
controlled,102,2,any,state-markov,2,1002,hmc_in,oracle,state,,vigorous,260,0.898997,0.749448,0.505858,0.903846,2.69815,0.80026
controlled,102,2,any,state-markov,2,1002,hmc_in,oracle,state,,transient,123,1.08878,0.834174,0.61094,0.861789,3.34909,0.80026
controlled,102,2,any,state-markov,2,1002,hmc_in,oracle,state-markov,,all,1002,0.753674,0.564944,0.413523,0.946108,2.81986,0.768904
controlled,102,2,any,state-markov,2,1002,hmc_in,oracle,state-markov,,rest,20,0.912947,0.859236,0.546713,1,3.85173,0.768904
controlled,102,2,any,state-markov,2,1002,hmc_in,oracle,state-markov,,locomotion,599,0.569114,0.416653,0.326877,0.979967,2.72871,0.768904
controlled,102,2,any,state-markov,2,1002,hmc_in,oracle,state-markov,,vigorous,260,0.898575,0.74945,0.50506,0.903846,2.69934,0.768904
controlled,102,2,any,state-markov,2,1002,hmc_in,oracle,state-markov,,transient,123,1.09895,0.849247,0.620334,0.861789,3.3507,0.768904
controlled,102,2,any,state-markov,2,1002,hmc_in,unsupervised,ignorable,start,all,1002,0.714462,0.554202,0.39645,0.907186,2.43238,0.826057
controlled,102,2,any,state-markov,2,1002,hmc_in,unsupervised,ignorable,start,rest,20,0.701103,0.6213,0.420569,1,2.57945,0.826057
controlled,102,2,any,state-markov,2,1002,hmc_in,unsupervised,ignorable,start,locomotion,599,0.520849,0.394797,0.295332,0.979967,2.39632,0.826057
controlled,102,2,any,state-markov,2,1002,hmc_in,unsupervised,ignorable,start,vigorous,260,0.962017,0.857862,0.57783,0.734615,2.34236,0.826057
controlled,102,2,any,state-markov,2,1002,hmc_in,unsupervised,ignorable,start,transient,123,0.894985,0.6777,0.501561,0.902439,2.77437,0.826057
controlled,102,2,any,state-markov,2,1002,hmc_in,unsupervised,state,start,all,1002,0.750928,0.566125,0.41059,0.892216,2.3365,0.781823
controlled,102,2,any,state-markov,2,1002,hmc_in,unsupervised,state,start,rest,20,0.853366,0.722876,0.481083,0.95,2.53675,0.781823
controlled,102,2,any,state-markov,2,1002,hmc_in,unsupervised,state,start,locomotion,599,0.553941,0.402433,0.304057,0.961603,2.27799,0.781823
controlled,102,2,any,state-markov,2,1002,hmc_in,unsupervised,state,start,vigorous,260,0.987101,0.85789,0.592162,0.730769,2.26654,0.781823
controlled,102,2,any,state-markov,2,1002,hmc_in,unsupervised,state,start,transient,123,0.959833,0.721068,0.534125,0.886179,2.73673,0.781823
controlled,102,2,any,state-markov,2,1002,hmc_in,unsupervised,state-markov,start,all,1002,0.736482,0.560879,0.407667,0.898204,2.34784,0.789219
controlled,102,2,any,state-markov,2,1002,hmc_in,unsupervised,state-markov,start,rest,20,0.823128,0.700068,0.475432,1,2.52866,0.789219
controlled,102,2,any,state-markov,2,1002,hmc_in,unsupervised,state-markov,start,locomotion,599,0.541199,0.397149,0.300028,0.96828,2.2955,0.789219
controlled,102,2,any,state-markov,2,1002,hmc_in,unsupervised,state-markov,start,vigorous,260,0.98909,0.864338,0.599928,0.730769,2.27952,0.789219
controlled,102,2,any,state-markov,2,1002,hmc_in,unsupervised,state-markov,start,transient,123,0.902289,0.694136,0.51444,0.894309,2.7177,0.789219
controlled,102,2,any,state-markov,2,1002,hmc_in,unsupervised,state,ignorable fit,all,1002,0.751633,0.567304,0.412136,0.893214,2.34937,0.945518
controlled,102,2,any,state-markov,2,1002,hmc_in,unsupervised,state,ignorable fit,rest,20,0.8546,0.721739,0.48859,0.95,2.50357,0.945518
controlled,102,2,any,state-markov,2,1002,hmc_in,unsupervised,state,ignorable fit,locomotion,599,0.553556,0.402314,0.303278,0.963272,2.29296,0.945518
controlled,102,2,any,state-markov,2,1002,hmc_in,unsupervised,state,ignorable fit,vigorous,260,0.991248,0.862792,0.598308,0.730769,2.28292,0.945518
controlled,102,2,any,state-markov,2,1002,hmc_in,unsupervised,state,ignorable fit,transient,123,0.956187,0.721074,0.536298,0.886179,2.7395,0.945518
controlled,102,2,any,state-markov,2,1002,hmc_in,unsupervised,state-markov,ignorable fit,all,1002,0.737179,0.561472,0.408119,0.899202,2.35774,0.79165
controlled,102,2,any,state-markov,2,1002,hmc_in,unsupervised,state-markov,ignorable fit,rest,20,0.823669,0.698744,0.467332,1,2.50336,0.79165
controlled,102,2,any,state-markov,2,1002,hmc_in,unsupervised,state-markov,ignorable fit,locomotion,599,0.54108,0.397156,0.302322,0.96995,2.30697,0.79165
controlled,102,2,any,state-markov,2,1002,hmc_in,unsupervised,state-markov,ignorable fit,vigorous,260,0.992199,0.868036,0.597464,0.730769,2.29199,0.79165
controlled,102,2,any,state-markov,2,1002,hmc_in,unsupervised,state-markov,ignorable fit,transient,123,0.899972,0.691332,0.513469,0.894309,2.72026,0.79165
controlled,102,2,any,state-markov,3,968,hmc_in,oracle,ignorable,,all,968,0.684975,0.540078,0.3889,0.966942,2.89728,0.818168
controlled,102,2,any,state-markov,3,968,hmc_in,oracle,ignorable,,rest,18,0.939142,0.8909,0.548655,1,3.91928,0.818168
controlled,102,2,any,state-markov,3,968,hmc_in,oracle,ignorable,,locomotion,530,0.546607,0.425064,0.320127,0.990566,2.78617,0.818168
controlled,102,2,any,state-markov,3,968,hmc_in,oracle,ignorable,,vigorous,291,0.794239,0.670673,0.456836,0.934708,2.72109,0.818168
controlled,102,2,any,state-markov,3,968,hmc_in,oracle,ignorable,,transient,129,0.864371,0.669061,0.495917,0.937984,3.60866,0.818168
controlled,102,2,any,state-markov,3,968,hmc_in,oracle,state,,all,968,0.786953,0.579541,0.422996,0.948347,2.8343,0.867709
controlled,102,2,any,state-markov,3,968,hmc_in,oracle,state,,rest,18,0.939061,0.890592,0.53833,1,3.92022,0.867709
controlled,102,2,any,state-markov,3,968,hmc_in,oracle,state,,locomotion,530,0.723883,0.479046,0.369831,0.966038,2.72249,0.867709
controlled,102,2,any,state-markov,3,968,hmc_in,oracle,state,,vigorous,291,0.815285,0.678171,0.463738,0.927835,2.69268,0.867709
controlled,102,2,any,state-markov,3,968,hmc_in,oracle,state,,transient,129,0.933677,0.726535,0.533426,0.914729,3.46162,0.867709
controlled,102,2,any,state-markov,3,968,hmc_in,oracle,state-markov,,all,968,0.76655,0.573693,0.416975,0.956612,2.84439,0.761372
controlled,102,2,any,state-markov,3,968,hmc_in,oracle,state-markov,,rest,18,0.939104,0.890756,0.550804,1,3.91972,0.761372
controlled,102,2,any,state-markov,3,968,hmc_in,oracle,state-markov,,locomotion,530,0.683341,0.468564,0.358902,0.979245,2.74415,0.761372
controlled,102,2,any,state-markov,3,968,hmc_in,oracle,state-markov,,vigorous,291,0.814628,0.677883,0.463433,0.927835,2.69286,0.761372
controlled,102,2,any,state-markov,3,968,hmc_in,oracle,state-markov,,transient,129,0.933125,0.726343,0.532094,0.922481,3.44801,0.761372
controlled,102,2,any,state-markov,3,968,hmc_in,unsupervised,ignorable,start,all,968,0.710717,0.564363,0.400349,0.894628,2.41922,0.862629
controlled,102,2,any,state-markov,3,968,hmc_in,unsupervised,ignorable,start,rest,18,0.789257,0.69293,0.47272,0.833333,2.39638,0.862629
controlled,102,2,any,state-markov,3,968,hmc_in,unsupervised,ignorable,start,locomotion,530,0.544832,0.419207,0.307347,0.977358,2.41705,0.862629
controlled,102,2,any,state-markov,3,968,hmc_in,unsupervised,ignorable,start,vigorous,291,0.933282,0.826056,0.557292,0.745704,2.35219,0.862629
controlled,102,2,any,state-markov,3,968,hmc_in,unsupervised,ignorable,start,transient,129,0.720414,0.552468,0.418319,0.899225,2.58249,0.862629
controlled,102,2,any,state-markov,3,968,hmc_in,unsupervised,state,start,all,968,0.802794,0.606582,0.437296,0.878099,2.35109,0.770497
controlled,102,2,any,state-markov,3,968,hmc_in,unsupervised,state,start,rest,18,0.793187,0.708192,0.489729,0.888889,2.53983,0.770497
controlled,102,2,any,state-markov,3,968,hmc_in,unsupervised,state,start,locomotion,530,0.680585,0.462351,0.347238,0.949057,2.29723,0.770497
controlled,102,2,any,state-markov,3,968,hmc_in,unsupervised,state,start,vigorous,291,0.923374,0.803704,0.552626,0.742268,2.25518,0.770497
controlled,102,2,any,state-markov,3,968,hmc_in,unsupervised,state,start,transient,129,0.960152,0.740313,0.539826,0.891473,2.76238,0.770497
controlled,102,2,any,state-markov,3,968,hmc_in,unsupervised,state-markov,start,all,968,0.729172,0.570703,0.404811,0.889463,2.36064,0.774485
controlled,102,2,any,state-markov,3,968,hmc_in,unsupervised,state-markov,start,rest,18,0.790217,0.69802,0.469473,0.888889,2.45882,0.774485
controlled,102,2,any,state-markov,3,968,hmc_in,unsupervised,state-markov,start,locomotion,530,0.5787,0.429462,0.312776,0.967925,2.33254,0.774485
controlled,102,2,any,state-markov,3,968,hmc_in,unsupervised,state-markov,start,vigorous,291,0.926533,0.810722,0.551996,0.742268,2.27698,0.774485
controlled,102,2,any,state-markov,3,968,hmc_in,unsupervised,state-markov,start,transient,129,0.768223,0.591795,0.44189,0.899225,2.6511,0.774485
controlled,102,2,any,state-markov,3,968,hmc_in,unsupervised,state,ignorable fit,all,968,0.803188,0.609305,0.440328,0.882231,2.38219,0.858878
controlled,102,2,any,state-markov,3,968,hmc_in,unsupervised,state,ignorable fit,rest,18,0.786222,0.698559,0.496565,0.888889,2.51281,0.858878
controlled,102,2,any,state-markov,3,968,hmc_in,unsupervised,state,ignorable fit,locomotion,530,0.678301,0.462065,0.349243,0.954717,2.33274,0.858878
controlled,102,2,any,state-markov,3,968,hmc_in,unsupervised,state,ignorable fit,vigorous,291,0.933996,0.81581,0.562634,0.745704,2.29108,0.858878
controlled,102,2,any,state-markov,3,968,hmc_in,unsupervised,state,ignorable fit,transient,129,0.946798,0.735955,0.53081,0.891473,2.77265,0.858878
controlled,102,2,any,state-markov,3,968,hmc_in,unsupervised,state-markov,ignorable fit,all,968,0.734207,0.574883,0.410041,0.891529,2.38579,0.792998
controlled,102,2,any,state-markov,3,968,hmc_in,unsupervised,state-markov,ignorable fit,rest,18,0.786054,0.692294,0.483329,0.833333,2.43256,0.792998
controlled,102,2,any,state-markov,3,968,hmc_in,unsupervised,state-markov,ignorable fit,locomotion,530,0.582244,0.431415,0.317441,0.971698,2.35974,0.792998
controlled,102,2,any,state-markov,3,968,hmc_in,unsupervised,state-markov,ignorable fit,vigorous,291,0.935673,0.821135,0.561697,0.745704,2.30906,0.792998
controlled,102,2,any,state-markov,3,968,hmc_in,unsupervised,state-markov,ignorable fit,transient,129,0.768813,0.592445,0.438158,0.899225,2.6594,0.792998
controlled,102,2,any,state-markov,4,925,hmc_in,oracle,ignorable,,all,925,0.700543,0.519087,0.385219,0.954595,2.87251,0.804092
controlled,102,2,any,state-markov,4,925,hmc_in,oracle,ignorable,,rest,13,1.01563,0.88092,0.59921,0.846154,3.82395,0.804092
controlled,102,2,any,state-markov,4,925,hmc_in,oracle,ignorable,,locomotion,567,0.58772,0.415971,0.327003,0.977072,2.7627,0.804092
controlled,102,2,any,state-markov,4,925,hmc_in,oracle,ignorable,,vigorous,225,0.759531,0.646047,0.442933,0.928889,2.75561,0.804092
controlled,102,2,any,state-markov,4,925,hmc_in,oracle,ignorable,,transient,120,0.978493,0.729066,0.528892,0.908333,3.50751,0.804092
controlled,102,2,any,state-markov,4,925,hmc_in,oracle,state,,all,925,0.713149,0.523847,0.391858,0.949189,2.81151,0.776637
controlled,102,2,any,state-markov,4,925,hmc_in,oracle,state,,rest,13,1.0158,0.881038,0.590173,0.846154,3.82368,0.776637
controlled,102,2,any,state-markov,4,925,hmc_in,oracle,state,,locomotion,567,0.631398,0.429144,0.341703,0.962963,2.70534,0.776637
controlled,102,2,any,state-markov,4,925,hmc_in,oracle,state,,vigorous,225,0.785567,0.664177,0.456247,0.924444,2.7093,0.776637
controlled,102,2,any,state-markov,4,925,hmc_in,oracle,state,,transient,120,0.876214,0.669502,0.486631,0.941667,3.39514,0.776637
controlled,102,2,any,state-markov,4,925,hmc_in,oracle,state-markov,,all,925,0.708742,0.52389,0.390722,0.953514,2.82142,0.73251
controlled,102,2,any,state-markov,4,925,hmc_in,oracle,state-markov,,rest,13,1.0158,0.881034,0.617144,0.846154,3.82369,0.73251
controlled,102,2,any,state-markov,4,925,hmc_in,oracle,state-markov,,locomotion,567,0.628471,0.428305,0.341633,0.970018,2.70863,0.73251
controlled,102,2,any,state-markov,4,925,hmc_in,oracle,state-markov,,vigorous,225,0.769721,0.65583,0.446236,0.924444,2.70758,0.73251
controlled,102,2,any,state-markov,4,925,hmc_in,oracle,state-markov,,transient,120,0.884923,0.689449,0.494051,0.941667,3.45926,0.73251
controlled,102,2,any,state-markov,4,925,hmc_in,unsupervised,ignorable,start,all,925,0.627605,0.488399,0.355529,0.936216,2.436,0.744997
controlled,102,2,any,state-markov,4,925,hmc_in,unsupervised,ignorable,start,rest,13,0.854084,0.698515,0.500679,0.846154,2.50359,0.744997
controlled,102,2,any,state-markov,4,925,hmc_in,unsupervised,ignorable,start,locomotion,567,0.473622,0.36187,0.279854,0.987654,2.40121,0.744997
controlled,102,2,any,state-markov,4,925,hmc_in,unsupervised,ignorable,start,vigorous,225,0.884656,0.778947,0.523936,0.8,2.36887,0.744997
controlled,102,2,any,state-markov,4,925,hmc_in,unsupervised,ignorable,start,transient,120,0.655661,0.518712,0.381603,0.958333,2.71889,0.744997
controlled,102,2,any,state-markov,4,925,hmc_in,unsupervised,state,start,all,925,0.722976,0.538781,0.392572,0.92,2.37329,0.874268
controlled,102,2,any,state-markov,4,925,hmc_in,unsupervised,state,start,rest,13,0.823458,0.649936,0.499619,0.846154,2.55451,0.874268
controlled,102,2,any,state-markov,4,925,hmc_in,unsupervised,state,start,locomotion,567,0.598318,0.414624,0.31978,0.961199,2.32194,0.874268
controlled,102,2,any,state-markov,4,925,hmc_in,unsupervised,state,start,vigorous,225,0.867606,0.761869,0.516093,0.804444,2.29992,0.874268
controlled,102,2,any,state-markov,4,925,hmc_in,unsupervised,state,start,transient,120,0.923464,0.695094,0.493314,0.95,2.73387,0.874268
controlled,102,2,any,state-markov,4,925,hmc_in,unsupervised,state-markov,start,all,925,0.667969,0.510215,0.370412,0.935135,2.40045,0.774087
controlled,102,2,any,state-markov,4,925,hmc_in,unsupervised,state-markov,start,rest,13,0.823826,0.651048,0.48016,0.846154,2.52454,0.774087
controlled,102,2,any,state-markov,4,925,hmc_in,unsupervised,state-markov,start,locomotion,567,0.534579,0.390128,0.296942,0.984127,2.36565,0.774087
controlled,102,2,any,state-markov,4,925,hmc_in,unsupervised,state-markov,start,vigorous,225,0.868309,0.759857,0.517712,0.804444,2.31774,0.774087
controlled,102,2,any,state-markov,4,925,hmc_in,unsupervised,state-markov,start,transient,120,0.77578,0.594291,0.429481,0.958333,2.70652,0.774087
controlled,102,2,any,state-markov,4,925,hmc_in,unsupervised,state,ignorable fit,all,925,0.726092,0.541934,0.394719,0.918919,2.39818,0.736206
controlled,102,2,any,state-markov,4,925,hmc_in,unsupervised,state,ignorable fit,rest,13,0.820206,0.657114,0.50435,0.846154,2.53849,0.736206
controlled,102,2,any,state-markov,4,925,hmc_in,unsupervised,state,ignorable fit,locomotion,567,0.597208,0.414651,0.32001,0.964727,2.3512,0.736206
controlled,102,2,any,state-markov,4,925,hmc_in,unsupervised,state,ignorable fit,vigorous,225,0.876007,0.770825,0.521425,0.804444,2.32998,0.736206
controlled,102,2,any,state-markov,4,925,hmc_in,unsupervised,state,ignorable fit,transient,120,0.931112,0.701697,0.498272,0.925,2.73279,0.736206
controlled,102,2,any,state-markov,4,925,hmc_in,unsupervised,state-markov,ignorable fit,all,925,0.671499,0.513366,0.37585,0.937297,2.42052,0.747467
controlled,102,2,any,state-markov,4,925,hmc_in,unsupervised,state-markov,ignorable fit,rest,13,0.818624,0.639228,0.490586,0.846154,2.50538,0.747467
controlled,102,2,any,state-markov,4,925,hmc_in,unsupervised,state-markov,ignorable fit,locomotion,567,0.534284,0.390578,0.301271,0.987654,2.3899,0.747467
controlled,102,2,any,state-markov,4,925,hmc_in,unsupervised,state-markov,ignorable fit,vigorous,225,0.876115,0.767913,0.524142,0.804444,2.34396,0.747467
controlled,102,2,any,state-markov,4,925,hmc_in,unsupervised,state-markov,ignorable fit,transient,120,0.784325,0.602633,0.437756,0.958333,2.69956,0.747467
controlled,102,3,ge10,state,0,170,hmc_in,oracle,ignorable,,all,170,0.518553,0.393392,0.298722,1,2.45967,0.768236
controlled,102,3,ge10,state,0,170,hmc_in,oracle,ignorable,,locomotion,41,0.403602,0.313613,0.253634,1,2.46231,0.768236
controlled,102,3,ge10,state,0,170,hmc_in,oracle,ignorable,,vigorous,123,0.554657,0.420594,0.315605,1,2.43123,0.768236
controlled,102,3,ge10,state,0,170,hmc_in,oracle,ignorable,,transient,6,0.446039,0.380891,0.260706,1,3.0246,0.768236
controlled,102,3,ge10,state,0,170,hmc_in,oracle,state,,all,170,0.508415,0.392514,0.29229,1,2.40552,0.779515
controlled,102,3,ge10,state,0,170,hmc_in,oracle,state,,locomotion,41,0.404322,0.314224,0.253643,1,2.4612,0.779515
controlled,102,3,ge10,state,0,170,hmc_in,oracle,state,,vigorous,123,0.54164,0.420223,0.305951,1,2.36042,0.779515
controlled,102,3,ge10,state,0,170,hmc_in,oracle,state,,transient,6,0.438755,0.359454,0.276318,1,2.94973,0.779515
controlled,102,3,ge10,state,0,170,hmc_in,oracle,state-markov,,all,170,0.511419,0.393311,0.292794,1,2.40538,0.796731
controlled,102,3,ge10,state,0,170,hmc_in,oracle,state-markov,,locomotion,41,0.404396,0.314302,0.255737,1,2.46109,0.796731
controlled,102,3,ge10,state,0,170,hmc_in,oracle,state-markov,,vigorous,123,0.545517,0.421298,0.304903,1,2.36025,0.796731
controlled,102,3,ge10,state,0,170,hmc_in,oracle,state-markov,,transient,6,0.438772,0.359465,0.297791,1,2.94976,0.796731
controlled,102,3,ge10,state,0,170,pmc_pair,oracle,ignorable,,all,170,0.477898,0.346542,0.25366,0.835294,1.16466,1.77762
controlled,102,3,ge10,state,0,170,pmc_pair,oracle,ignorable,,locomotion,41,0.491184,0.332038,0.253822,0.853659,1.25416,1.77762
controlled,102,3,ge10,state,0,170,pmc_pair,oracle,ignorable,,vigorous,123,0.479234,0.355782,0.256899,0.829268,1.13363,1.77762
controlled,102,3,ge10,state,0,170,pmc_pair,oracle,ignorable,,transient,6,0.337943,0.256216,0.186165,0.833333,1.18914,1.77762
controlled,102,3,ge10,state,0,170,pmc_pair,oracle,state,,all,170,0.437126,0.326257,0.238637,0.841176,1.16729,1.77543
controlled,102,3,ge10,state,0,170,pmc_pair,oracle,state,,locomotion,41,0.490258,0.33135,0.250494,0.853659,1.2502,1.77543
controlled,102,3,ge10,state,0,170,pmc_pair,oracle,state,,vigorous,123,0.422428,0.327937,0.237794,0.829268,1.1384,1.77543
controlled,102,3,ge10,state,0,170,pmc_pair,oracle,state,,transient,6,0.336701,0.257038,0.174897,1,1.19292,1.77543
controlled,102,3,ge10,state,0,170,pmc_pair,oracle,state-markov,,all,170,0.437158,0.326384,0.235626,0.841176,1.16664,1.86767
controlled,102,3,ge10,state,0,170,pmc_pair,oracle,state-markov,,locomotion,41,0.490257,0.331349,0.253497,0.853659,1.2502,1.86767
controlled,102,3,ge10,state,0,170,pmc_pair,oracle,state-markov,,vigorous,123,0.422478,0.328111,0.232599,0.829268,1.13748,1.86767
controlled,102,3,ge10,state,0,170,pmc_pair,oracle,state-markov,,transient,6,0.336591,0.25704,0.175561,1,1.19323,1.86767
controlled,102,3,ge10,state,0,170,hmc_in,unsupervised,ignorable,start,all,170,0.728359,0.583038,0.411803,0.8,1.89549,0.934703
controlled,102,3,ge10,state,0,170,hmc_in,unsupervised,ignorable,start,locomotion,41,0.471823,0.347324,0.251849,0.97561,1.89875,0.934703
controlled,102,3,ge10,state,0,170,hmc_in,unsupervised,ignorable,start,vigorous,123,0.798386,0.668391,0.470235,0.731707,1.90558,0.934703
controlled,102,3,ge10,state,0,170,hmc_in,unsupervised,ignorable,start,transient,6,0.66535,0.444004,0.306963,1,1.66642,0.934703
controlled,102,3,ge10,state,0,170,hmc_in,unsupervised,state,start,all,170,0.69928,0.560422,0.401685,0.794118,1.83938,0.837408
controlled,102,3,ge10,state,0,170,hmc_in,unsupervised,state,start,locomotion,41,0.420756,0.333099,0.238851,0.97561,1.83174,0.837408
controlled,102,3,ge10,state,0,170,hmc_in,unsupervised,state,start,vigorous,123,0.779846,0.647761,0.464574,0.723577,1.84588,0.837408
controlled,102,3,ge10,state,0,170,hmc_in,unsupervised,state,start,transient,6,0.421627,0.323342,0.225172,1,1.75822,0.837408
controlled,102,3,ge10,state,0,170,hmc_in,unsupervised,state-markov,start,all,170,0.699517,0.560671,0.403348,0.794118,1.84008,0.766827
controlled,102,3,ge10,state,0,170,hmc_in,unsupervised,state-markov,start,locomotion,41,0.420931,0.333187,0.241758,0.97561,1.83304,0.766827
controlled,102,3,ge10,state,0,170,hmc_in,unsupervised,state-markov,start,vigorous,123,0.779916,0.647867,0.466265,0.723577,1.8464,0.766827
controlled,102,3,ge10,state,0,170,hmc_in,unsupervised,state-markov,start,transient,6,0.428865,0.327639,0.217748,1,1.7588,0.766827
controlled,102,3,ge10,state,0,170,hmc_in,unsupervised,state,ignorable fit,all,170,0.700283,0.561441,0.402537,0.794118,1.8467,0.801117
controlled,102,3,ge10,state,0,170,hmc_in,unsupervised,state,ignorable fit,locomotion,41,0.420276,0.332299,0.234514,0.97561,1.8418,0.801117
controlled,102,3,ge10,state,0,170,hmc_in,unsupervised,state,ignorable fit,vigorous,123,0.781286,0.64961,0.467539,0.723577,1.85253,0.801117
controlled,102,3,ge10,state,0,170,hmc_in,unsupervised,state,ignorable fit,transient,6,0.417379,0.319801,0.218166,1,1.76068,0.801117
controlled,102,3,ge10,state,0,170,hmc_in,unsupervised,state-markov,ignorable fit,all,170,0.700521,0.561677,0.402756,0.794118,1.84729,0.724534
controlled,102,3,ge10,state,0,170,hmc_in,unsupervised,state-markov,ignorable fit,locomotion,41,0.420513,0.33243,0.240647,0.97561,1.84275,0.724534
controlled,102,3,ge10,state,0,170,hmc_in,unsupervised,state-markov,ignorable fit,vigorous,123,0.781344,0.649675,0.465668,0.723577,1.85299,0.724534
controlled,102,3,ge10,state,0,170,hmc_in,unsupervised,state-markov,ignorable fit,transient,6,0.424784,0.324247,0.220804,1,1.76126,0.724534
controlled,102,3,ge10,state,1,186,hmc_in,oracle,ignorable,,all,186,0.471895,0.369228,0.283506,1,2.45342,0.750213
controlled,102,3,ge10,state,1,186,hmc_in,oracle,ignorable,,locomotion,40,0.500283,0.397635,0.301369,1,2.67615,0.750213
controlled,102,3,ge10,state,1,186,hmc_in,oracle,ignorable,,vigorous,129,0.435165,0.343405,0.268205,1,2.33216,0.750213
controlled,102,3,ge10,state,1,186,hmc_in,oracle,ignorable,,transient,17,0.640749,0.498338,0.35759,1,2.84954,0.750213
controlled,102,3,ge10,state,1,186,hmc_in,oracle,state,,all,186,0.509759,0.388112,0.292068,0.989247,2.39943,0.840468
controlled,102,3,ge10,state,1,186,hmc_in,oracle,state,,locomotion,40,0.636668,0.464542,0.339696,0.975,2.54632,0.840468
controlled,102,3,ge10,state,1,186,hmc_in,oracle,state,,vigorous,129,0.456831,0.357623,0.271317,0.992248,2.30411,0.840468
controlled,102,3,ge10,state,1,186,hmc_in,oracle,state,,transient,17,0.552929,0.439637,0.33747,1,2.77715,0.840468
controlled,102,3,ge10,state,1,186,hmc_in,oracle,state-markov,,all,186,0.510118,0.388762,0.290093,0.989247,2.39885,0.827011
controlled,102,3,ge10,state,1,186,hmc_in,oracle,state-markov,,locomotion,40,0.637476,0.465317,0.336815,0.975,2.54558,0.827011
controlled,102,3,ge10,state,1,186,hmc_in,oracle,state-markov,,vigorous,129,0.456981,0.357777,0.268373,0.992248,2.304,0.827011
controlled,102,3,ge10,state,1,186,hmc_in,oracle,state-markov,,transient,17,0.553424,0.443753,0.344972,1,2.77338,0.827011
controlled,102,3,ge10,state,1,186,pmc_pair,oracle,ignorable,,all,186,0.415774,0.336661,0.242246,0.83871,1.17446,1.88615
controlled,102,3,ge10,state,1,186,pmc_pair,oracle,ignorable,,locomotion,40,0.419829,0.330899,0.235996,0.875,1.26127,1.88615
controlled,102,3,ge10,state,1,186,pmc_pair,oracle,ignorable,,vigorous,129,0.396234,0.325784,0.234915,0.837209,1.12863,1.88615
controlled,102,3,ge10,state,1,186,pmc_pair,oracle,ignorable,,transient,17,0.534129,0.432759,0.312575,0.764706,1.31802,1.88615
controlled,102,3,ge10,state,1,186,pmc_pair,oracle,state,,all,186,0.437165,0.347579,0.246656,0.83871,1.16349,1.84289
controlled,102,3,ge10,state,1,186,pmc_pair,oracle,state,,locomotion,40,0.442283,0.344131,0.242733,0.875,1.30685,1.84289
controlled,102,3,ge10,state,1,186,pmc_pair,oracle,state,,vigorous,129,0.421561,0.336572,0.239983,0.837209,1.10261,1.84289
controlled,102,3,ge10,state,1,186,pmc_pair,oracle,state,,transient,17,0.531228,0.439211,0.306522,0.764706,1.28817,1.84289
controlled,102,3,ge10,state,1,186,pmc_pair,oracle,state-markov,,all,186,0.436915,0.347512,0.249434,0.83871,1.16342,2.02887
controlled,102,3,ge10,state,1,186,pmc_pair,oracle,state-markov,,locomotion,40,0.441444,0.343678,0.246245,0.875,1.30829,2.02887
controlled,102,3,ge10,state,1,186,pmc_pair,oracle,state-markov,,vigorous,129,0.421502,0.336532,0.241447,0.837209,1.10251,2.02887
controlled,102,3,ge10,state,1,186,pmc_pair,oracle,state-markov,,transient,17,0.530975,0.439852,0.317548,0.764706,1.28468,2.02887
controlled,102,3,ge10,state,1,186,hmc_in,unsupervised,ignorable,start,all,186,0.660649,0.540318,0.381179,0.833333,1.89354,0.775169
controlled,102,3,ge10,state,1,186,hmc_in,unsupervised,ignorable,start,locomotion,40,0.490665,0.392572,0.282515,0.975,1.9555,0.775169
controlled,102,3,ge10,state,1,186,hmc_in,unsupervised,ignorable,start,vigorous,129,0.717712,0.599334,0.421698,0.767442,1.84754,0.775169
controlled,102,3,ge10,state,1,186,hmc_in,unsupervised,ignorable,start,transient,17,0.547804,0.440137,0.305863,1,2.09682,0.775169
controlled,102,3,ge10,state,1,186,hmc_in,unsupervised,state,start,all,186,0.669496,0.546262,0.3899,0.827957,1.85494,0.830619
controlled,102,3,ge10,state,1,186,hmc_in,unsupervised,state,start,locomotion,40,0.538817,0.412831,0.298983,0.95,1.88067,0.830619
controlled,102,3,ge10,state,1,186,hmc_in,unsupervised,state,start,vigorous,129,0.714887,0.59853,0.425816,0.767442,1.8223,0.830619
controlled,102,3,ge10,state,1,186,hmc_in,unsupervised,state,start,transient,17,0.585589,0.463593,0.331281,1,2.04206,0.830619
controlled,102,3,ge10,state,1,186,hmc_in,unsupervised,state-markov,start,all,186,0.669477,0.546291,0.387133,0.827957,1.85547,0.83565
controlled,102,3,ge10,state,1,186,hmc_in,unsupervised,state-markov,start,locomotion,40,0.538473,0.412672,0.299895,0.95,1.88203,0.83565
controlled,102,3,ge10,state,1,186,hmc_in,unsupervised,state-markov,start,vigorous,129,0.714947,0.598585,0.424082,0.767442,1.8226,0.83565
controlled,102,3,ge10,state,1,186,hmc_in,unsupervised,state-markov,start,transient,17,0.585552,0.463865,0.312013,1,2.04237,0.83565
controlled,102,3,ge10,state,1,186,hmc_in,unsupervised,state,ignorable fit,all,186,0.671857,0.548389,0.383671,0.827957,1.86375,0.819063
controlled,102,3,ge10,state,1,186,hmc_in,unsupervised,state,ignorable fit,locomotion,40,0.533483,0.409092,0.29637,0.95,1.89219,0.819063
controlled,102,3,ge10,state,1,186,hmc_in,unsupervised,state,ignorable fit,vigorous,129,0.719182,0.602756,0.417607,0.767442,1.83156,0.819063
controlled,102,3,ge10,state,1,186,hmc_in,unsupervised,state,ignorable fit,transient,17,0.586762,0.463605,0.331574,1,2.04102,0.819063
controlled,102,3,ge10,state,1,186,hmc_in,unsupervised,state-markov,ignorable fit,all,186,0.671816,0.548404,0.389209,0.827957,1.86419,0.783205
controlled,102,3,ge10,state,1,186,hmc_in,unsupervised,state-markov,ignorable fit,locomotion,40,0.533192,0.408991,0.300554,0.95,1.89345,0.783205
controlled,102,3,ge10,state,1,186,hmc_in,unsupervised,state-markov,ignorable fit,vigorous,129,0.719192,0.602762,0.424305,0.767442,1.83177,0.783205
controlled,102,3,ge10,state,1,186,hmc_in,unsupervised,state-markov,ignorable fit,transient,17,0.586776,0.463952,0.331489,1,2.04132,0.783205
controlled,102,3,ge10,state,2,172,hmc_in,oracle,ignorable,,all,172,0.466059,0.354432,0.278069,0.994186,2.45571,0.778371
controlled,102,3,ge10,state,2,172,hmc_in,oracle,ignorable,,locomotion,49,0.46104,0.340607,0.279221,1,2.52321,0.778371
controlled,102,3,ge10,state,2,172,hmc_in,oracle,ignorable,,vigorous,111,0.459952,0.353175,0.270944,0.990991,2.35125,0.778371
controlled,102,3,ge10,state,2,172,hmc_in,oracle,ignorable,,transient,12,0.53715,0.422517,0.339276,1,3.14626,0.778371
controlled,102,3,ge10,state,2,172,hmc_in,oracle,state,,all,172,0.509459,0.377772,0.295953,0.988372,2.42036,0.750536
controlled,102,3,ge10,state,2,172,hmc_in,oracle,state,,locomotion,49,0.484575,0.362949,0.290776,1,2.5317,0.750536
controlled,102,3,ge10,state,2,172,hmc_in,oracle,state,,vigorous,111,0.467911,0.359397,0.277572,0.990991,2.31658,0.750536
controlled,102,3,ge10,state,2,172,hmc_in,oracle,state,,transient,12,0.858008,0.608264,0.487114,0.916667,2.92569,0.750536
controlled,102,3,ge10,state,2,172,hmc_in,oracle,state-markov,,all,172,0.509724,0.377945,0.293,0.988372,2.42025,0.829708
controlled,102,3,ge10,state,2,172,hmc_in,oracle,state-markov,,locomotion,49,0.484615,0.363183,0.287174,1,2.53213,0.829708
controlled,102,3,ge10,state,2,172,hmc_in,oracle,state-markov,,vigorous,111,0.468001,0.359472,0.275743,0.990991,2.31689,0.829708
controlled,102,3,ge10,state,2,172,hmc_in,oracle,state-markov,,transient,12,0.859716,0.609102,0.476418,0.916667,2.91948,0.829708
controlled,102,3,ge10,state,2,172,pmc_pair,oracle,ignorable,,all,172,0.450153,0.337298,0.243542,0.877907,1.20222,1.83574
controlled,102,3,ge10,state,2,172,pmc_pair,oracle,ignorable,,locomotion,49,0.421601,0.325312,0.234326,0.918367,1.27411,1.83574
controlled,102,3,ge10,state,2,172,pmc_pair,oracle,ignorable,,vigorous,111,0.453254,0.338128,0.243817,0.864865,1.14632,1.83574
controlled,102,3,ge10,state,2,172,pmc_pair,oracle,ignorable,,transient,12,0.527599,0.378564,0.278626,0.833333,1.42571,1.83574
controlled,102,3,ge10,state,2,172,pmc_pair,oracle,state,,all,172,0.421298,0.330552,0.234631,0.877907,1.19035,1.81493
controlled,102,3,ge10,state,2,172,pmc_pair,oracle,state,,locomotion,49,0.443591,0.338494,0.242374,0.918367,1.27711,1.81493
controlled,102,3,ge10,state,2,172,pmc_pair,oracle,state,,vigorous,111,0.389715,0.315436,0.222658,0.864865,1.11879,1.81493
controlled,102,3,ge10,state,2,172,pmc_pair,oracle,state,,transient,12,0.579395,0.437945,0.313765,0.833333,1.49808,1.81493
controlled,102,3,ge10,state,2,172,pmc_pair,oracle,state-markov,,all,172,0.422031,0.330928,0.23538,0.877907,1.19029,1.84087
controlled,102,3,ge10,state,2,172,pmc_pair,oracle,state-markov,,locomotion,49,0.443884,0.338619,0.243894,0.918367,1.27706,1.84087
controlled,102,3,ge10,state,2,172,pmc_pair,oracle,state-markov,,vigorous,111,0.389694,0.315448,0.223795,0.864865,1.1188,1.84087
controlled,102,3,ge10,state,2,172,pmc_pair,oracle,state-markov,,transient,12,0.586211,0.442707,0.307775,0.833333,1.49714,1.84087
controlled,102,3,ge10,state,2,172,hmc_in,unsupervised,ignorable,start,all,172,0.65043,0.527128,0.371448,0.843023,1.93362,0.770684
controlled,102,3,ge10,state,2,172,hmc_in,unsupervised,ignorable,start,locomotion,49,0.512742,0.419063,0.293916,0.938776,1.97469,0.770684
controlled,102,3,ge10,state,2,172,hmc_in,unsupervised,ignorable,start,vigorous,111,0.713335,0.583894,0.411788,0.783784,1.8769,0.770684
controlled,102,3,ge10,state,2,172,hmc_in,unsupervised,ignorable,start,transient,12,0.53245,0.443316,0.314889,1,2.29056,0.770684
controlled,102,3,ge10,state,2,172,hmc_in,unsupervised,state,start,all,172,0.674716,0.542528,0.383806,0.825581,1.89035,0.756088
controlled,102,3,ge10,state,2,172,hmc_in,unsupervised,state,start,locomotion,49,0.53279,0.436736,0.315706,0.897959,1.92042,0.756088
controlled,102,3,ge10,state,2,172,hmc_in,unsupervised,state,start,vigorous,111,0.716948,0.582642,0.408482,0.774775,1.84726,0.756088
controlled,102,3,ge10,state,2,172,hmc_in,unsupervised,state,start,transient,12,0.781903,0.603449,0.433638,1,2.16611,0.756088
controlled,102,3,ge10,state,2,172,hmc_in,unsupervised,state-markov,start,all,172,0.673897,0.542192,0.383952,0.831395,1.89147,0.744894
controlled,102,3,ge10,state,2,172,hmc_in,unsupervised,state-markov,start,locomotion,49,0.532049,0.436356,0.314174,0.918367,1.92091,0.744894
controlled,102,3,ge10,state,2,172,hmc_in,unsupervised,state-markov,start,vigorous,111,0.71705,0.582787,0.411039,0.774775,1.84816,0.744894
controlled,102,3,ge10,state,2,172,hmc_in,unsupervised,state-markov,start,transient,12,0.772928,0.59885,0.418324,1,2.17183,0.744894
controlled,102,3,ge10,state,2,172,hmc_in,unsupervised,state,ignorable fit,all,172,0.675848,0.543996,0.381692,0.831395,1.8979,0.784537
controlled,102,3,ge10,state,2,172,hmc_in,unsupervised,state,ignorable fit,locomotion,49,0.531722,0.433719,0.310082,0.918367,1.9264,0.784537
controlled,102,3,ge10,state,2,172,hmc_in,unsupervised,state,ignorable fit,vigorous,111,0.720998,0.58749,0.411027,0.774775,1.85614,0.784537
controlled,102,3,ge10,state,2,172,hmc_in,unsupervised,state,ignorable fit,transient,12,0.764242,0.591978,0.402756,1,2.16781,0.784537
controlled,102,3,ge10,state,2,172,hmc_in,unsupervised,state-markov,ignorable fit,all,172,0.675022,0.543672,0.38219,0.831395,1.89891,0.770139
controlled,102,3,ge10,state,2,172,hmc_in,unsupervised,state-markov,ignorable fit,locomotion,49,0.53099,0.433595,0.304881,0.918367,1.927,0.770139
controlled,102,3,ge10,state,2,172,hmc_in,unsupervised,state-markov,ignorable fit,vigorous,111,0.720976,0.587498,0.413593,0.774775,1.85681,0.770139
controlled,102,3,ge10,state,2,172,hmc_in,unsupervised,state-markov,ignorable fit,transient,12,0.756006,0.587764,0.407387,1,2.17355,0.770139
controlled,102,3,ge10,state,3,167,hmc_in,oracle,ignorable,,all,167,0.561421,0.421835,0.305544,0.988024,2.45965,0.91732
controlled,102,3,ge10,state,3,167,hmc_in,oracle,ignorable,,locomotion,39,0.496018,0.375707,0.282455,1,2.56655,0.91732
controlled,102,3,ge10,state,3,167,hmc_in,oracle,ignorable,,vigorous,117,0.542814,0.413966,0.298131,0.982906,2.36137,0.91732
controlled,102,3,ge10,state,3,167,hmc_in,oracle,ignorable,,transient,11,0.882571,0.669079,0.466258,1,3.12593,0.91732
controlled,102,3,ge10,state,3,167,hmc_in,oracle,state,,all,167,0.584018,0.420597,0.313177,0.982036,2.41025,0.764641
controlled,102,3,ge10,state,3,167,hmc_in,oracle,state,,locomotion,39,0.515499,0.391087,0.291838,1,2.52219,0.764641
controlled,102,3,ge10,state,3,167,hmc_in,oracle,state,,vigorous,117,0.585582,0.413414,0.30799,0.974359,2.29294,0.764641
controlled,102,3,ge10,state,3,167,hmc_in,oracle,state,,transient,11,0.767291,0.601628,0.443999,1,3.26106,0.764641
controlled,102,3,ge10,state,3,167,hmc_in,oracle,state-markov,,all,167,0.583051,0.419939,0.310896,0.982036,2.41078,0.832022
controlled,102,3,ge10,state,3,167,hmc_in,oracle,state-markov,,locomotion,39,0.515747,0.391422,0.290591,1,2.52096,0.832022
controlled,102,3,ge10,state,3,167,hmc_in,oracle,state-markov,,vigorous,117,0.585441,0.413111,0.306342,0.974359,2.2938,0.832022
controlled,102,3,ge10,state,3,167,hmc_in,oracle,state-markov,,transient,11,0.756603,0.593676,0.431314,1,3.26437,0.832022
controlled,102,3,ge10,state,3,167,pmc_pair,oracle,ignorable,,all,167,0.471712,0.361561,0.254062,0.862275,1.21332,1.77025
controlled,102,3,ge10,state,3,167,pmc_pair,oracle,ignorable,,locomotion,39,0.426954,0.351277,0.241799,0.897436,1.27245,1.77025
controlled,102,3,ge10,state,3,167,pmc_pair,oracle,ignorable,,vigorous,117,0.464248,0.352932,0.249786,0.846154,1.16302,1.77025
controlled,102,3,ge10,state,3,167,pmc_pair,oracle,ignorable,,transient,11,0.662893,0.489815,0.343019,0.909091,1.53876,1.77025
controlled,102,3,ge10,state,3,167,pmc_pair,oracle,state,,all,167,0.502453,0.364835,0.263008,0.844311,1.17394,1.65621
controlled,102,3,ge10,state,3,167,pmc_pair,oracle,state,,locomotion,39,0.411816,0.342915,0.232425,0.871795,1.25309,1.65621
controlled,102,3,ge10,state,3,167,pmc_pair,oracle,state,,vigorous,117,0.512309,0.359859,0.2661,0.82906,1.12466,1.65621
controlled,102,3,ge10,state,3,167,pmc_pair,oracle,state,,transient,11,0.663235,0.495479,0.33855,0.909091,1.41747,1.65621
controlled,102,3,ge10,state,3,167,pmc_pair,oracle,state-markov,,all,167,0.502603,0.365124,0.264772,0.844311,1.17419,1.67302
controlled,102,3,ge10,state,3,167,pmc_pair,oracle,state-markov,,locomotion,39,0.412007,0.343594,0.240719,0.871795,1.25462,1.67302
controlled,102,3,ge10,state,3,167,pmc_pair,oracle,state-markov,,vigorous,117,0.512399,0.35994,0.263942,0.82906,1.12475,1.67302
controlled,102,3,ge10,state,3,167,pmc_pair,oracle,state-markov,,transient,11,0.663802,0.4966,0.358883,0.909091,1.41489,1.67302
controlled,102,3,ge10,state,3,167,hmc_in,unsupervised,ignorable,start,all,167,0.740892,0.612873,0.425709,0.778443,1.92932,0.706104
controlled,102,3,ge10,state,3,167,hmc_in,unsupervised,ignorable,start,locomotion,39,0.483121,0.391831,0.274154,1,1.95604,0.706104
controlled,102,3,ge10,state,3,167,hmc_in,unsupervised,ignorable,start,vigorous,117,0.819626,0.692825,0.484195,0.683761,1.88005,0.706104
controlled,102,3,ge10,state,3,167,hmc_in,unsupervised,ignorable,start,transient,11,0.600614,0.54618,0.340965,1,2.35863,0.706104
controlled,102,3,ge10,state,3,167,hmc_in,unsupervised,state,start,all,167,0.740471,0.599924,0.428825,0.778443,1.8769,0.754551
controlled,102,3,ge10,state,3,167,hmc_in,unsupervised,state,start,locomotion,39,0.444199,0.365656,0.251908,1,1.88155,0.754551
controlled,102,3,ge10,state,3,167,hmc_in,unsupervised,state,start,vigorous,117,0.832114,0.690779,0.50014,0.683761,1.84005,0.754551
controlled,102,3,ge10,state,3,167,hmc_in,unsupervised,state,start,transient,11,0.50973,0.464145,0.297545,1,2.25234,0.754551
controlled,102,3,ge10,state,3,167,hmc_in,unsupervised,state-markov,start,all,167,0.740347,0.600188,0.428645,0.778443,1.87952,0.740161
controlled,102,3,ge10,state,3,167,hmc_in,unsupervised,state-markov,start,locomotion,39,0.445927,0.366505,0.259657,1,1.88444,0.740161
controlled,102,3,ge10,state,3,167,hmc_in,unsupervised,state-markov,start,vigorous,117,0.831625,0.690979,0.495705,0.683761,1.84218,0.740161
controlled,102,3,ge10,state,3,167,hmc_in,unsupervised,state-markov,start,transient,11,0.510119,0.463013,0.314518,1,2.25928,0.740161
controlled,102,3,ge10,state,3,167,hmc_in,unsupervised,state,ignorable fit,all,167,0.742837,0.602515,0.426521,0.778443,1.88526,0.771057
controlled,102,3,ge10,state,3,167,hmc_in,unsupervised,state,ignorable fit,locomotion,39,0.443774,0.365123,0.255803,1,1.89248,0.771057
controlled,102,3,ge10,state,3,167,hmc_in,unsupervised,state,ignorable fit,vigorous,117,0.835076,0.6948,0.494194,0.683761,1.84775,0.771057
controlled,102,3,ge10,state,3,167,hmc_in,unsupervised,state,ignorable fit,transient,11,0.511792,0.462606,0.311994,1,2.25867,0.771057
controlled,102,3,ge10,state,3,167,hmc_in,unsupervised,state-markov,ignorable fit,all,167,0.742634,0.602649,0.42673,0.778443,1.88737,0.795173
controlled,102,3,ge10,state,3,167,hmc_in,unsupervised,state-markov,ignorable fit,locomotion,39,0.445736,0.366103,0.252707,1,1.89489,0.795173
controlled,102,3,ge10,state,3,167,hmc_in,unsupervised,state-markov,ignorable fit,vigorous,117,0.834407,0.694767,0.496287,0.683761,1.84938,0.795173
controlled,102,3,ge10,state,3,167,hmc_in,unsupervised,state-markov,ignorable fit,transient,11,0.512866,0.461522,0.303883,1,2.26478,0.795173
controlled,102,3,ge10,state,4,187,hmc_in,oracle,ignorable,,all,187,0.491814,0.374537,0.289796,0.989305,2.48031,0.76802
controlled,102,3,ge10,state,4,187,hmc_in,oracle,ignorable,,locomotion,61,0.457349,0.337096,0.273173,0.983607,2.53695,0.76802
controlled,102,3,ge10,state,4,187,hmc_in,oracle,ignorable,,vigorous,121,0.482417,0.382543,0.286453,1,2.40899,0.76802
controlled,102,3,ge10,state,4,187,hmc_in,oracle,ignorable,,transient,5,0.928727,0.637582,0.573518,0.8,3.51505,0.76802
controlled,102,3,ge10,state,4,187,hmc_in,oracle,state,,all,187,0.587593,0.412839,0.318029,0.967914,2.44548,0.780203
controlled,102,3,ge10,state,4,187,hmc_in,oracle,state,,locomotion,61,0.565,0.378872,0.300238,0.967213,2.52003,0.780203
controlled,102,3,ge10,state,4,187,hmc_in,oracle,state,,vigorous,121,0.540489,0.393672,0.301428,0.983471,2.35962,0.780203
controlled,102,3,ge10,state,4,187,hmc_in,oracle,state,,transient,5,1.39602,1.2911,0.936811,0.6,3.61359,0.780203
controlled,102,3,ge10,state,4,187,hmc_in,oracle,state-markov,,all,187,0.574316,0.403438,0.311422,0.967914,2.43004,0.791271
controlled,102,3,ge10,state,4,187,hmc_in,oracle,state-markov,,locomotion,61,0.567915,0.379683,0.306738,0.967213,2.51782,0.791271
controlled,102,3,ge10,state,4,187,hmc_in,oracle,state-markov,,vigorous,121,0.541789,0.394336,0.298577,0.983471,2.36024,0.791271
controlled,102,3,ge10,state,4,187,hmc_in,oracle,state-markov,,transient,5,1.13911,0.913529,0.6794,0.6,3.04838,0.791271
controlled,102,3,ge10,state,4,187,pmc_pair,oracle,ignorable,,all,187,0.469981,0.356745,0.262084,0.84492,1.24019,1.669
controlled,102,3,ge10,state,4,187,pmc_pair,oracle,ignorable,,locomotion,61,0.466281,0.337393,0.240397,0.918033,1.32666,1.669
controlled,102,3,ge10,state,4,187,pmc_pair,oracle,ignorable,,vigorous,121,0.472211,0.367635,0.272997,0.809917,1.18366,1.669
controlled,102,3,ge10,state,4,187,pmc_pair,oracle,ignorable,,transient,5,0.46074,0.329308,0.262561,0.8,1.55311,1.669
controlled,102,3,ge10,state,4,187,pmc_pair,oracle,state,,all,187,0.580001,0.401814,0.301704,0.818182,1.21606,1.70147
controlled,102,3,ge10,state,4,187,pmc_pair,oracle,state,,locomotion,61,0.470776,0.349578,0.257093,0.868852,1.28178,1.70147
controlled,102,3,ge10,state,4,187,pmc_pair,oracle,state,,vigorous,121,0.551412,0.396922,0.293814,0.793388,1.13071,1.70147
controlled,102,3,ge10,state,4,187,pmc_pair,oracle,state,,transient,5,1.58726,1.15747,1.0369,0.8,2.47955,1.70147
controlled,102,3,ge10,state,4,187,pmc_pair,oracle,state-markov,,all,187,0.52275,0.379202,0.278396,0.818182,1.18949,1.80711
controlled,102,3,ge10,state,4,187,pmc_pair,oracle,state-markov,,locomotion,61,0.470175,0.349256,0.258975,0.868852,1.2817,1.80711
controlled,102,3,ge10,state,4,187,pmc_pair,oracle,state-markov,,vigorous,121,0.55063,0.396609,0.288662,0.793388,1.1308,1.80711
controlled,102,3,ge10,state,4,187,pmc_pair,oracle,state-markov,,transient,5,0.4312,0.323287,0.266893,0.8,1.4846,1.80711
controlled,102,3,ge10,state,4,187,hmc_in,unsupervised,ignorable,start,all,187,0.642882,0.523827,0.375678,0.855615,2.00007,0.771777
controlled,102,3,ge10,state,4,187,hmc_in,unsupervised,ignorable,start,locomotion,61,0.468013,0.381271,0.277029,0.983607,2.06717,0.771777
controlled,102,3,ge10,state,4,187,hmc_in,unsupervised,ignorable,start,vigorous,121,0.723872,0.605915,0.428852,0.785124,1.92234,0.771777
controlled,102,3,ge10,state,4,187,hmc_in,unsupervised,ignorable,start,transient,5,0.323259,0.276475,0.292374,1,3.06266,0.771777
controlled,102,3,ge10,state,4,187,hmc_in,unsupervised,state,start,all,187,0.678133,0.55215,0.39052,0.84492,1.93578,0.792857
controlled,102,3,ge10,state,4,187,hmc_in,unsupervised,state,start,locomotion,61,0.50825,0.407909,0.29646,0.967213,1.97019,0.792857
controlled,102,3,ge10,state,4,187,hmc_in,unsupervised,state,start,vigorous,121,0.743344,0.616043,0.435329,0.77686,1.87422,0.792857
controlled,102,3,ge10,state,4,187,hmc_in,unsupervised,state,start,transient,5,0.821864,0.765671,0.453676,1,3.00596,0.792857
controlled,102,3,ge10,state,4,187,hmc_in,unsupervised,state-markov,start,all,187,0.67501,0.549831,0.389688,0.84492,1.93967,0.737154
controlled,102,3,ge10,state,4,187,hmc_in,unsupervised,state-markov,start,locomotion,61,0.505942,0.405749,0.291771,0.967213,1.97475,0.737154
controlled,102,3,ge10,state,4,187,hmc_in,unsupervised,state-markov,start,vigorous,121,0.74117,0.615714,0.436724,0.77686,1.88442,0.737154
controlled,102,3,ge10,state,4,187,hmc_in,unsupervised,state-markov,start,transient,5,0.789994,0.713268,0.445986,1,2.8486,0.737154
controlled,102,3,ge10,state,4,187,hmc_in,unsupervised,state,ignorable fit,all,187,0.680245,0.554046,0.390904,0.84492,1.94198,0.703664
controlled,102,3,ge10,state,4,187,hmc_in,unsupervised,state,ignorable fit,locomotion,61,0.506839,0.406817,0.293901,0.967213,1.97371,0.703664
controlled,102,3,ge10,state,4,187,hmc_in,unsupervised,state,ignorable fit,vigorous,121,0.746512,0.619353,0.43642,0.77686,1.88141,0.703664
controlled,102,3,ge10,state,4,187,hmc_in,unsupervised,state,ignorable fit,transient,5,0.828272,0.769822,0.472846,1,3.02071,0.703664
controlled,102,3,ge10,state,4,187,hmc_in,unsupervised,state-markov,ignorable fit,all,187,0.676534,0.551344,0.38926,0.84492,1.9438,0.728153
controlled,102,3,ge10,state,4,187,hmc_in,unsupervised,state-markov,ignorable fit,locomotion,61,0.505092,0.405929,0.290992,0.967213,1.97676,0.728153
controlled,102,3,ge10,state,4,187,hmc_in,unsupervised,state-markov,ignorable fit,vigorous,121,0.743514,0.61809,0.435245,0.77686,1.88944,0.728153
controlled,102,3,ge10,state,4,187,hmc_in,unsupervised,state-markov,ignorable fit,transient,5,0.792092,0.710169,0.475293,1,2.85739,0.728153
controlled,102,3,ge10,state-markov,0,165,hmc_in,oracle,ignorable,,all,165,0.465667,0.381326,0.278719,1,2.47657,0.743815
controlled,102,3,ge10,state-markov,0,165,hmc_in,oracle,ignorable,,locomotion,45,0.422356,0.357973,0.263225,1,2.58697,0.743815
controlled,102,3,ge10,state-markov,0,165,hmc_in,oracle,ignorable,,vigorous,109,0.45984,0.372309,0.272073,1,2.35915,0.743815
controlled,102,3,ge10,state-markov,0,165,hmc_in,oracle,ignorable,,transient,11,0.653927,0.566203,0.407967,1,3.18847,0.743815
controlled,102,3,ge10,state-markov,0,165,hmc_in,oracle,state,,all,165,0.615828,0.444095,0.326225,0.987879,2.49219,0.745387
controlled,102,3,ge10,state-markov,0,165,hmc_in,oracle,state,,locomotion,45,0.56112,0.408762,0.309037,0.977778,2.52327,0.745387
controlled,102,3,ge10,state-markov,0,165,hmc_in,oracle,state,,vigorous,109,0.611713,0.429356,0.316245,1,2.42162,0.745387
controlled,102,3,ge10,state-markov,0,165,hmc_in,oracle,state,,transient,11,0.832296,0.734691,0.495428,0.909091,3.06427,0.745387
controlled,102,3,ge10,state-markov,0,165,hmc_in,oracle,state-markov,,all,165,0.541926,0.415298,0.306997,0.987879,2.45703,0.68178
controlled,102,3,ge10,state-markov,0,165,hmc_in,oracle,state-markov,,locomotion,45,0.560581,0.408538,0.314777,0.977778,2.5238,0.68178
controlled,102,3,ge10,state-markov,0,165,hmc_in,oracle,state-markov,,vigorous,109,0.494477,0.385688,0.284096,1,2.36827,0.68178
controlled,102,3,ge10,state-markov,0,165,hmc_in,oracle,state-markov,,transient,11,0.834766,0.736351,0.502102,0.909091,3.06345,0.68178
controlled,102,3,ge10,state-markov,0,165,pmc_pair,oracle,ignorable,,all,165,0.467979,0.340392,0.241033,0.90303,1.24554,1.61368
controlled,102,3,ge10,state-markov,0,165,pmc_pair,oracle,ignorable,,locomotion,45,0.540853,0.3548,0.262305,0.911111,1.38882,1.61368
controlled,102,3,ge10,state-markov,0,165,pmc_pair,oracle,ignorable,,vigorous,109,0.385896,0.307231,0.212362,0.917431,1.16628,1.61368
controlled,102,3,ge10,state-markov,0,165,pmc_pair,oracle,ignorable,,transient,11,0.782794,0.610039,0.43812,0.727273,1.44483,1.61368
controlled,102,3,ge10,state-markov,0,165,pmc_pair,oracle,state,,all,165,0.566834,0.372041,0.269221,0.89697,1.26773,1.61765
controlled,102,3,ge10,state-markov,0,165,pmc_pair,oracle,state,,locomotion,45,0.420422,0.329205,0.230328,0.911111,1.36378,1.61765
controlled,102,3,ge10,state-markov,0,165,pmc_pair,oracle,state,,vigorous,109,0.598318,0.366456,0.268541,0.899083,1.22711,1.61765
controlled,102,3,ge10,state-markov,0,165,pmc_pair,oracle,state,,transient,11,0.741025,0.602625,0.43506,0.818182,1.27731,1.61765
controlled,102,3,ge10,state-markov,0,165,pmc_pair,oracle,state-markov,,all,165,0.418733,0.330991,0.229393,0.909091,1.23506,1.58755
controlled,102,3,ge10,state-markov,0,165,pmc_pair,oracle,state-markov,,locomotion,45,0.422862,0.330745,0.225433,0.911111,1.36807,1.58755
controlled,102,3,ge10,state-markov,0,165,pmc_pair,oracle,state-markov,,vigorous,109,0.369101,0.30371,0.209543,0.917431,1.17593,1.58755
controlled,102,3,ge10,state-markov,0,165,pmc_pair,oracle,state-markov,,transient,11,0.740667,0.602324,0.44229,0.818182,1.27698,1.58755
controlled,102,3,ge10,state-markov,0,165,hmc_in,unsupervised,ignorable,start,all,165,0.696874,0.572828,0.403607,0.8,1.92038,0.746981
controlled,102,3,ge10,state-markov,0,165,hmc_in,unsupervised,ignorable,start,locomotion,45,0.444913,0.333891,0.25929,0.977778,1.95628,0.746981
controlled,102,3,ge10,state-markov,0,165,hmc_in,unsupervised,ignorable,start,vigorous,109,0.774508,0.670519,0.466651,0.724771,1.89218,0.746981
controlled,102,3,ge10,state-markov,0,165,hmc_in,unsupervised,ignorable,start,transient,11,0.728433,0.58227,0.369282,0.818182,2.05295,0.746981
controlled,102,3,ge10,state-markov,0,165,hmc_in,unsupervised,state,start,all,165,0.699652,0.57221,0.402813,0.793939,1.88908,0.729936
controlled,102,3,ge10,state-markov,0,165,hmc_in,unsupervised,state,start,locomotion,45,0.463505,0.343562,0.262572,0.955556,1.90087,0.729936
controlled,102,3,ge10,state-markov,0,165,hmc_in,unsupervised,state,start,vigorous,109,0.777531,0.668147,0.464049,0.715596,1.89108,0.729936
controlled,102,3,ge10,state-markov,0,165,hmc_in,unsupervised,state,start,transient,11,0.687916,0.556927,0.369728,0.909091,1.82105,0.729936
controlled,102,3,ge10,state-markov,0,165,hmc_in,unsupervised,state-markov,start,all,165,0.689859,0.562508,0.399574,0.793939,1.87356,0.700389
controlled,102,3,ge10,state-markov,0,165,hmc_in,unsupervised,state-markov,start,locomotion,45,0.462266,0.342498,0.258233,0.955556,1.90325,0.700389
controlled,102,3,ge10,state-markov,0,165,hmc_in,unsupervised,state-markov,start,vigorous,109,0.764471,0.653854,0.460094,0.715596,1.86576,0.700389
controlled,102,3,ge10,state-markov,0,165,hmc_in,unsupervised,state-markov,start,transient,11,0.688016,0.557389,0.378093,0.909091,1.82941,0.700389
controlled,102,3,ge10,state-markov,0,165,hmc_in,unsupervised,state,ignorable fit,all,165,0.705208,0.576654,0.404621,0.793939,1.89708,0.668819
controlled,102,3,ge10,state-markov,0,165,hmc_in,unsupervised,state,ignorable fit,locomotion,45,0.459879,0.340358,0.257052,0.955556,1.90757,0.668819
controlled,102,3,ge10,state-markov,0,165,hmc_in,unsupervised,state,ignorable fit,vigorous,109,0.786,0.676214,0.468418,0.715596,1.89944,0.668819
controlled,102,3,ge10,state-markov,0,165,hmc_in,unsupervised,state,ignorable fit,transient,11,0.687607,0.556769,0.376134,0.909091,1.83078,0.668819
controlled,102,3,ge10,state-markov,0,165,hmc_in,unsupervised,state-markov,ignorable fit,all,165,0.693741,0.567675,0.40188,0.793939,1.88563,0.630739
controlled,102,3,ge10,state-markov,0,165,hmc_in,unsupervised,state-markov,ignorable fit,locomotion,45,0.458237,0.338957,0.26126,0.955556,1.91093,0.630739
controlled,102,3,ge10,state-markov,0,165,hmc_in,unsupervised,state-markov,ignorable fit,vigorous,109,0.770815,0.663168,0.46389,0.715596,1.87991,0.630739
controlled,102,3,ge10,state-markov,0,165,hmc_in,unsupervised,state-markov,ignorable fit,transient,11,0.687452,0.557096,0.36268,0.909091,1.83885,0.630739
controlled,102,3,ge10,state-markov,1,195,hmc_in,oracle,ignorable,,all,195,0.571206,0.429334,0.316986,0.984615,2.52219,0.775979
controlled,102,3,ge10,state-markov,1,195,hmc_in,oracle,ignorable,,locomotion,52,0.626925,0.455213,0.347051,0.980769,2.77849,0.775979
controlled,102,3,ge10,state-markov,1,195,hmc_in,oracle,ignorable,,vigorous,134,0.490021,0.388576,0.286706,0.992537,2.34205,0.775979
controlled,102,3,ge10,state-markov,1,195,hmc_in,oracle,ignorable,,transient,9,1.10603,0.886666,0.594118,0.888889,3.72339,0.775979
controlled,102,3,ge10,state-markov,1,195,hmc_in,oracle,state,,all,195,0.734932,0.468164,0.358676,0.969231,2.4631,0.818993
controlled,102,3,ge10,state-markov,1,195,hmc_in,oracle,state,,locomotion,52,1.05227,0.572213,0.483383,0.923077,2.5151,0.818993
controlled,102,3,ge10,state-markov,1,195,hmc_in,oracle,state,,vigorous,134,0.57125,0.42181,0.307994,0.985075,2.38148,0.818993
controlled,102,3,ge10,state-markov,1,195,hmc_in,oracle,state,,transient,9,0.66825,0.557137,0.39274,1,3.3779,0.818993
controlled,102,3,ge10,state-markov,1,195,hmc_in,oracle,state-markov,,all,195,0.52564,0.400079,0.304246,0.984615,2.47146,0.722608
controlled,102,3,ge10,state-markov,1,195,hmc_in,oracle,state-markov,,locomotion,52,0.580462,0.398881,0.324929,0.980769,2.65552,0.722608
controlled,102,3,ge10,state-markov,1,195,hmc_in,oracle,state-markov,,vigorous,134,0.490182,0.389133,0.288111,0.985075,2.33957,0.722608
controlled,102,3,ge10,state-markov,1,195,hmc_in,oracle,state-markov,,transient,9,0.679873,0.569988,0.424977,1,3.37168,0.722608
controlled,102,3,ge10,state-markov,1,195,pmc_pair,oracle,ignorable,,all,195,0.443607,0.35161,0.249913,0.887179,1.29167,1.72385
controlled,102,3,ge10,state-markov,1,195,pmc_pair,oracle,ignorable,,locomotion,52,0.526394,0.419891,0.302217,0.846154,1.41955,1.72385
controlled,102,3,ge10,state-markov,1,195,pmc_pair,oracle,ignorable,,vigorous,134,0.379813,0.307386,0.217834,0.902985,1.21678,1.72385
controlled,102,3,ge10,state-markov,1,195,pmc_pair,oracle,ignorable,,transient,9,0.717582,0.615545,0.425333,0.888889,1.66786,1.72385
controlled,102,3,ge10,state-markov,1,195,pmc_pair,oracle,state,,all,195,0.592741,0.390265,0.288925,0.866667,1.23215,1.71086
controlled,102,3,ge10,state-markov,1,195,pmc_pair,oracle,state,,locomotion,52,0.62629,0.435354,0.324124,0.826923,1.34307,1.71086
controlled,102,3,ge10,state-markov,1,195,pmc_pair,oracle,state,,vigorous,134,0.522261,0.343788,0.252084,0.88806,1.16789,1.71086
controlled,102,3,ge10,state-markov,1,195,pmc_pair,oracle,state,,transient,9,1.13362,0.821743,0.634084,0.777778,1.54801,1.71086
controlled,102,3,ge10,state-markov,1,195,pmc_pair,oracle,state-markov,,all,195,0.505901,0.364092,0.267946,0.871795,1.24693,1.60454
controlled,102,3,ge10,state-markov,1,195,pmc_pair,oracle,state-markov,,locomotion,52,0.596613,0.430779,0.323658,0.826923,1.43161,1.60454
controlled,102,3,ge10,state-markov,1,195,pmc_pair,oracle,state-markov,,vigorous,134,0.385281,0.307643,0.220527,0.895522,1.15579,1.60454
controlled,102,3,ge10,state-markov,1,195,pmc_pair,oracle,state-markov,,transient,9,1.13074,0.81924,0.652075,0.777778,1.53681,1.60454
controlled,102,3,ge10,state-markov,1,195,hmc_in,unsupervised,ignorable,start,all,195,0.712568,0.594395,0.417221,0.8,1.91843,0.840668
controlled,102,3,ge10,state-markov,1,195,hmc_in,unsupervised,ignorable,start,locomotion,52,0.483281,0.390535,0.280362,0.980769,2.00239,0.840668
controlled,102,3,ge10,state-markov,1,195,hmc_in,unsupervised,ignorable,start,vigorous,134,0.785658,0.671876,0.47426,0.716418,1.84913,0.840668
controlled,102,3,ge10,state-markov,1,195,hmc_in,unsupervised,ignorable,start,transient,9,0.67938,0.61866,0.358711,1,2.46525,0.840668
controlled,102,3,ge10,state-markov,1,195,hmc_in,unsupervised,state,start,all,195,0.71093,0.57908,0.410953,0.789744,1.84759,0.78498
controlled,102,3,ge10,state-markov,1,195,hmc_in,unsupervised,state,start,locomotion,52,0.473715,0.370837,0.268153,0.942308,1.82072,0.78498
controlled,102,3,ge10,state-markov,1,195,hmc_in,unsupervised,state,start,vigorous,134,0.787777,0.667685,0.473207,0.716418,1.83836,0.78498
controlled,102,3,ge10,state-markov,1,195,hmc_in,unsupervised,state,start,transient,9,0.643667,0.463029,0.309126,1,2.14014,0.78498
controlled,102,3,ge10,state-markov,1,195,hmc_in,unsupervised,state-markov,start,all,195,0.703408,0.576519,0.406959,0.794872,1.86497,0.75624
controlled,102,3,ge10,state-markov,1,195,hmc_in,unsupervised,state-markov,start,locomotion,52,0.462752,0.359923,0.265067,0.961538,1.87538,0.75624
controlled,102,3,ge10,state-markov,1,195,hmc_in,unsupervised,state-markov,start,vigorous,134,0.77971,0.66497,0.466067,0.716418,1.83277,0.75624
controlled,102,3,ge10,state-markov,1,195,hmc_in,unsupervised,state-markov,start,transient,9,0.656783,0.511028,0.346735,1,2.28414,0.75624
controlled,102,3,ge10,state-markov,1,195,hmc_in,unsupervised,state,ignorable fit,all,195,0.709551,0.58016,0.411783,0.8,1.88294,0.698965
controlled,102,3,ge10,state-markov,1,195,hmc_in,unsupervised,state,ignorable fit,locomotion,52,0.46958,0.369932,0.273615,0.980769,1.92119,0.698965
controlled,102,3,ge10,state-markov,1,195,hmc_in,unsupervised,state,ignorable fit,vigorous,134,0.786468,0.667524,0.470224,0.716418,1.84402,0.698965
controlled,102,3,ge10,state-markov,1,195,hmc_in,unsupervised,state,ignorable fit,transient,9,0.651971,0.494063,0.339972,1,2.24149,0.698965
controlled,102,3,ge10,state-markov,1,195,hmc_in,unsupervised,state-markov,ignorable fit,all,195,0.70589,0.578626,0.414739,0.794872,1.87479,0.677155
controlled,102,3,ge10,state-markov,1,195,hmc_in,unsupervised,state-markov,ignorable fit,locomotion,52,0.461636,0.357531,0.273409,0.961538,1.88953,0.677155
controlled,102,3,ge10,state-markov,1,195,hmc_in,unsupervised,state-markov,ignorable fit,vigorous,134,0.782415,0.667839,0.474217,0.716418,1.83854,0.677155
controlled,102,3,ge10,state-markov,1,195,hmc_in,unsupervised,state-markov,ignorable fit,transient,9,0.670965,0.527781,0.345754,1,2.32935,0.677155
controlled,102,3,ge10,state-markov,2,160,hmc_in,oracle,ignorable,,all,160,0.546924,0.42105,0.313055,0.99375,2.42654,0.817752
controlled,102,3,ge10,state-markov,2,160,hmc_in,oracle,ignorable,,locomotion,46,0.450806,0.369558,0.279312,1,2.47768,0.817752
controlled,102,3,ge10,state-markov,2,160,hmc_in,oracle,ignorable,,vigorous,104,0.53298,0.414692,0.306512,1,2.38597,0.817752
controlled,102,3,ge10,state-markov,2,160,hmc_in,oracle,ignorable,,transient,10,0.947037,0.724026,0.536323,0.9,2.61322,0.817752
controlled,102,3,ge10,state-markov,2,160,hmc_in,oracle,state,,all,160,0.540558,0.421142,0.313705,0.9875,2.38457,0.726332
controlled,102,3,ge10,state-markov,2,160,hmc_in,oracle,state,,locomotion,46,0.477589,0.386835,0.291554,1,2.48264,0.726332
controlled,102,3,ge10,state-markov,2,160,hmc_in,oracle,state,,vigorous,104,0.536335,0.422135,0.309434,0.990385,2.31481,0.726332
controlled,102,3,ge10,state-markov,2,160,hmc_in,oracle,state,,transient,10,0.796503,0.56862,0.460031,0.9,2.65892,0.726332
controlled,102,3,ge10,state-markov,2,160,hmc_in,oracle,state-markov,,all,160,0.541314,0.422055,0.311894,0.9875,2.38335,0.756066
controlled,102,3,ge10,state-markov,2,160,hmc_in,oracle,state-markov,,locomotion,46,0.480539,0.388204,0.28695,1,2.48046,0.756066
controlled,102,3,ge10,state-markov,2,160,hmc_in,oracle,state-markov,,vigorous,104,0.536151,0.422051,0.310487,0.990385,2.3152,0.756066
controlled,102,3,ge10,state-markov,2,160,hmc_in,oracle,state-markov,,transient,10,0.797842,0.577812,0.441264,0.9,2.64535,0.756066
controlled,102,3,ge10,state-markov,2,160,pmc_pair,oracle,ignorable,,all,160,0.405802,0.304845,0.223408,0.8875,1.2526,1.58888
controlled,102,3,ge10,state-markov,2,160,pmc_pair,oracle,ignorable,,locomotion,46,0.40561,0.289878,0.224879,0.869565,1.30465,1.58888
controlled,102,3,ge10,state-markov,2,160,pmc_pair,oracle,ignorable,,vigorous,104,0.359231,0.288563,0.207145,0.903846,1.17505,1.58888
controlled,102,3,ge10,state-markov,2,160,pmc_pair,oracle,ignorable,,transient,10,0.732068,0.54303,0.38578,0.8,1.81965,1.58888
controlled,102,3,ge10,state-markov,2,160,pmc_pair,oracle,state,,all,160,0.387616,0.301057,0.21327,0.88125,1.21068,1.63108
controlled,102,3,ge10,state-markov,2,160,pmc_pair,oracle,state,,locomotion,46,0.406786,0.290326,0.222933,0.869565,1.30285,1.63108
controlled,102,3,ge10,state-markov,2,160,pmc_pair,oracle,state,,vigorous,104,0.355202,0.288124,0.198011,0.903846,1.14034,1.63108
controlled,102,3,ge10,state-markov,2,160,pmc_pair,oracle,state,,transient,10,0.574976,0.484924,0.327513,0.7,1.51818,1.63108
controlled,102,3,ge10,state-markov,2,160,pmc_pair,oracle,state-markov,,all,160,0.398426,0.305641,0.218677,0.8875,1.22806,1.52999
controlled,102,3,ge10,state-markov,2,160,pmc_pair,oracle,state-markov,,locomotion,46,0.406472,0.290049,0.222865,0.869565,1.30387,1.52999
controlled,102,3,ge10,state-markov,2,160,pmc_pair,oracle,state-markov,,vigorous,104,0.355996,0.288748,0.202333,0.903846,1.14087,1.52999
controlled,102,3,ge10,state-markov,2,160,pmc_pair,oracle,state-markov,,transient,10,0.679604,0.553064,0.369392,0.8,1.78612,1.52999
controlled,102,3,ge10,state-markov,2,160,hmc_in,unsupervised,ignorable,start,all,160,0.726799,0.607797,0.428482,0.76875,1.93411,0.709754
controlled,102,3,ge10,state-markov,2,160,hmc_in,unsupervised,ignorable,start,locomotion,46,0.471882,0.402555,0.276528,1,1.93354,0.709754
controlled,102,3,ge10,state-markov,2,160,hmc_in,unsupervised,ignorable,start,vigorous,104,0.8175,0.699996,0.501155,0.653846,1.91052,0.709754
controlled,102,3,ge10,state-markov,2,160,hmc_in,unsupervised,ignorable,start,transient,10,0.690724,0.593036,0.371671,0.9,2.18202,0.709754
controlled,102,3,ge10,state-markov,2,160,hmc_in,unsupervised,state,start,all,160,0.731322,0.61535,0.432697,0.7625,1.88283,0.680331
controlled,102,3,ge10,state-markov,2,160,hmc_in,unsupervised,state,start,locomotion,46,0.478967,0.402831,0.277635,0.978261,1.8854,0.680331
controlled,102,3,ge10,state-markov,2,160,hmc_in,unsupervised,state,start,vigorous,104,0.824289,0.716629,0.509003,0.653846,1.85212,0.680331
controlled,102,3,ge10,state-markov,2,160,hmc_in,unsupervised,state,start,transient,10,0.660098,0.53963,0.352406,0.9,2.19028,0.680331
controlled,102,3,ge10,state-markov,2,160,hmc_in,unsupervised,state-markov,start,all,160,0.729174,0.613547,0.431325,0.76875,1.8891,0.638993
controlled,102,3,ge10,state-markov,2,160,hmc_in,unsupervised,state-markov,start,locomotion,46,0.480064,0.401518,0.285076,1,1.88824,0.638993
controlled,102,3,ge10,state-markov,2,160,hmc_in,unsupervised,state-markov,start,vigorous,104,0.822579,0.71474,0.504589,0.653846,1.85902,0.638993
controlled,102,3,ge10,state-markov,2,160,hmc_in,unsupervised,state-markov,start,transient,10,0.640287,0.53646,0.342127,0.9,2.20598,0.638993
controlled,102,3,ge10,state-markov,2,160,hmc_in,unsupervised,state,ignorable fit,all,160,0.73387,0.617407,0.430475,0.7625,1.88902,0.615612
controlled,102,3,ge10,state-markov,2,160,hmc_in,unsupervised,state,ignorable fit,locomotion,46,0.476519,0.401686,0.275168,0.978261,1.89208,0.615612
controlled,102,3,ge10,state-markov,2,160,hmc_in,unsupervised,state,ignorable fit,vigorous,104,0.827886,0.720264,0.503832,0.653846,1.85805,0.615612
controlled,102,3,ge10,state-markov,2,160,hmc_in,unsupervised,state,ignorable fit,transient,10,0.666635,0.540005,0.381975,0.9,2.19701,0.615612
controlled,102,3,ge10,state-markov,2,160,hmc_in,unsupervised,state-markov,ignorable fit,all,160,0.731308,0.615479,0.433011,0.76875,1.89518,0.637424
controlled,102,3,ge10,state-markov,2,160,hmc_in,unsupervised,state-markov,ignorable fit,locomotion,46,0.477112,0.400347,0.275417,1,1.89521,0.637424
controlled,102,3,ge10,state-markov,2,160,hmc_in,unsupervised,state-markov,ignorable fit,vigorous,104,0.826022,0.71823,0.510035,0.653846,1.86439,0.637424
controlled,102,3,ge10,state-markov,2,160,hmc_in,unsupervised,state-markov,ignorable fit,transient,10,0.643275,0.536478,0.356892,0.9,2.21533,0.637424
controlled,102,3,ge10,state-markov,3,156,hmc_in,oracle,ignorable,,all,156,0.481854,0.371513,0.283357,0.99359,2.45501,0.672089
controlled,102,3,ge10,state-markov,3,156,hmc_in,oracle,ignorable,,locomotion,30,0.497133,0.413807,0.301252,1,2.66202,0.672089
controlled,102,3,ge10,state-markov,3,156,hmc_in,oracle,ignorable,,vigorous,117,0.437829,0.340264,0.264926,1,2.34966,0.672089
controlled,102,3,ge10,state-markov,3,156,hmc_in,oracle,ignorable,,transient,9,0.841833,0.636762,0.463304,0.888889,3.13445,0.672089
controlled,102,3,ge10,state-markov,3,156,hmc_in,oracle,state,,all,156,0.579441,0.412048,0.321342,0.980769,2.4174,0.688074
controlled,102,3,ge10,state-markov,3,156,hmc_in,oracle,state,,locomotion,30,0.784182,0.532341,0.40965,0.933333,2.4762,0.688074
controlled,102,3,ge10,state-markov,3,156,hmc_in,oracle,state,,vigorous,117,0.482479,0.361101,0.284299,1,2.34767,0.688074
controlled,102,3,ge10,state-markov,3,156,hmc_in,oracle,state,,transient,9,0.862359,0.673388,0.508543,0.888889,3.12788,0.688074
controlled,102,3,ge10,state-markov,3,156,hmc_in,oracle,state-markov,,all,156,0.525268,0.390507,0.301297,0.987179,2.42226,0.729039
controlled,102,3,ge10,state-markov,3,156,hmc_in,oracle,state-markov,,locomotion,30,0.648543,0.47835,0.35344,0.966667,2.58647,0.729039
controlled,102,3,ge10,state-markov,3,156,hmc_in,oracle,state-markov,,vigorous,117,0.451084,0.346792,0.271708,1,2.3255,0.729039
controlled,102,3,ge10,state-markov,3,156,hmc_in,oracle,state-markov,,transient,9,0.857407,0.665983,0.512147,0.888889,3.13281,0.729039
controlled,102,3,ge10,state-markov,3,156,pmc_pair,oracle,ignorable,,all,156,0.471427,0.337735,0.24548,0.858974,1.26642,1.4485
controlled,102,3,ge10,state-markov,3,156,pmc_pair,oracle,ignorable,,locomotion,30,0.428927,0.342455,0.247934,0.933333,1.43044,1.4485
controlled,102,3,ge10,state-markov,3,156,pmc_pair,oracle,ignorable,,vigorous,117,0.482705,0.338406,0.246208,0.837607,1.23466,1.4485
controlled,102,3,ge10,state-markov,3,156,pmc_pair,oracle,ignorable,,transient,9,0.458143,0.31328,0.227843,0.888889,1.13251,1.4485
controlled,102,3,ge10,state-markov,3,156,pmc_pair,oracle,state,,all,156,0.434986,0.329729,0.243134,0.839744,1.21073,1.4609
controlled,102,3,ge10,state-markov,3,156,pmc_pair,oracle,state,,locomotion,30,0.520618,0.392441,0.286879,0.833333,1.33041,1.4609
controlled,102,3,ge10,state-markov,3,156,pmc_pair,oracle,state,,vigorous,117,0.392814,0.305238,0.225145,0.846154,1.18393,1.4609
controlled,102,3,ge10,state-markov,3,156,pmc_pair,oracle,state,,transient,9,0.608496,0.439061,0.331183,0.777778,1.16014,1.4609
controlled,102,3,ge10,state-markov,3,156,pmc_pair,oracle,state-markov,,all,156,0.422522,0.324155,0.236529,0.846154,1.21668,1.36094
controlled,102,3,ge10,state-markov,3,156,pmc_pair,oracle,state-markov,,locomotion,30,0.454179,0.360331,0.258045,0.866667,1.34397,1.36094
controlled,102,3,ge10,state-markov,3,156,pmc_pair,oracle,state-markov,,vigorous,117,0.395513,0.305946,0.223781,0.846154,1.18965,1.36094
controlled,102,3,ge10,state-markov,3,156,pmc_pair,oracle,state-markov,,transient,9,0.610935,0.440287,0.330544,0.777778,1.14377,1.36094
controlled,102,3,ge10,state-markov,3,156,hmc_in,unsupervised,ignorable,start,all,156,0.642715,0.526134,0.366116,0.826923,1.8933,0.605367
controlled,102,3,ge10,state-markov,3,156,hmc_in,unsupervised,ignorable,start,locomotion,30,0.45472,0.361807,0.265058,0.966667,2.03773,0.605367
controlled,102,3,ge10,state-markov,3,156,hmc_in,unsupervised,ignorable,start,vigorous,117,0.699623,0.585052,0.404937,0.777778,1.8772,0.605367
controlled,102,3,ge10,state-markov,3,156,hmc_in,unsupervised,ignorable,start,transient,9,0.328217,0.30796,0.198311,1,1.62123,0.605367
controlled,102,3,ge10,state-markov,3,156,hmc_in,unsupervised,state,start,all,156,0.662562,0.542068,0.377308,0.826923,1.8783,0.640993
controlled,102,3,ge10,state-markov,3,156,hmc_in,unsupervised,state,start,locomotion,30,0.545614,0.395618,0.288782,0.966667,2.02326,0.640993
controlled,102,3,ge10,state-markov,3,156,hmc_in,unsupervised,state,start,vigorous,117,0.702884,0.593571,0.410429,0.777778,1.85474,0.640993
controlled,102,3,ge10,state-markov,3,156,hmc_in,unsupervised,state,start,transient,9,0.440713,0.3607,0.241835,1,1.70132,0.640993
controlled,102,3,ge10,state-markov,3,156,hmc_in,unsupervised,state-markov,start,all,156,0.651683,0.53426,0.37574,0.826923,1.86718,0.638585
controlled,102,3,ge10,state-markov,3,156,hmc_in,unsupervised,state-markov,start,locomotion,30,0.483702,0.367525,0.283925,0.966667,1.98051,0.638585
controlled,102,3,ge10,state-markov,3,156,hmc_in,unsupervised,state-markov,start,vigorous,117,0.700705,0.590122,0.409926,0.777778,1.85461,0.638585
controlled,102,3,ge10,state-markov,3,156,hmc_in,unsupervised,state-markov,start,transient,9,0.445604,0.363832,0.237363,1,1.65295,0.638585
controlled,102,3,ge10,state-markov,3,156,hmc_in,unsupervised,state,ignorable fit,all,156,0.660524,0.541022,0.377317,0.826923,1.88847,0.602722
controlled,102,3,ge10,state-markov,3,156,hmc_in,unsupervised,state,ignorable fit,locomotion,30,0.527942,0.386102,0.27861,0.966667,2.02638,0.602722
controlled,102,3,ge10,state-markov,3,156,hmc_in,unsupervised,state,ignorable fit,vigorous,117,0.704068,0.595139,0.414045,0.777778,1.86113,0.602722
controlled,102,3,ge10,state-markov,3,156,hmc_in,unsupervised,state,ignorable fit,transient,9,0.434823,0.353904,0.228876,1,1.7842,0.602722
controlled,102,3,ge10,state-markov,3,156,hmc_in,unsupervised,state-markov,ignorable fit,all,156,0.653391,0.535933,0.374963,0.826923,1.87421,0.61037
controlled,102,3,ge10,state-markov,3,156,hmc_in,unsupervised,state-markov,ignorable fit,locomotion,30,0.480594,0.366093,0.271406,0.966667,1.98385,0.61037
controlled,102,3,ge10,state-markov,3,156,hmc_in,unsupervised,state-markov,ignorable fit,vigorous,117,0.70321,0.592797,0.411712,0.777778,1.85977,0.61037
controlled,102,3,ge10,state-markov,3,156,hmc_in,unsupervised,state-markov,ignorable fit,transient,9,0.44887,0.362834,0.242418,1,1.69646,0.61037
controlled,102,3,ge10,state-markov,4,159,hmc_in,oracle,ignorable,,all,159,0.487212,0.38059,0.2915,0.993711,2.47,0.683907
controlled,102,3,ge10,state-markov,4,159,hmc_in,oracle,ignorable,,locomotion,42,0.516766,0.393843,0.302965,0.97619,2.56623,0.683907
controlled,102,3,ge10,state-markov,4,159,hmc_in,oracle,ignorable,,vigorous,107,0.435395,0.345576,0.271362,1,2.38352,0.683907
controlled,102,3,ge10,state-markov,4,159,hmc_in,oracle,ignorable,,transient,10,0.790113,0.699584,0.45883,1,2.99111,0.683907
controlled,102,3,ge10,state-markov,4,159,hmc_in,oracle,state,,all,159,0.560798,0.417908,0.310337,0.981132,2.40389,0.684807
controlled,102,3,ge10,state-markov,4,159,hmc_in,oracle,state,,locomotion,42,0.569147,0.397928,0.313003,0.952381,2.43887,0.684807
controlled,102,3,ge10,state-markov,4,159,hmc_in,oracle,state,,vigorous,107,0.5288,0.397686,0.294666,0.990654,2.35704,0.684807
controlled,102,3,ge10,state-markov,4,159,hmc_in,oracle,state,,transient,10,0.804934,0.718197,0.466817,1,2.75828,0.684807
controlled,102,3,ge10,state-markov,4,159,hmc_in,oracle,state-markov,,all,159,0.519096,0.395497,0.300113,0.981132,2.38399,0.640704
controlled,102,3,ge10,state-markov,4,159,hmc_in,oracle,state-markov,,locomotion,42,0.569698,0.398693,0.318844,0.952381,2.43634,0.640704
controlled,102,3,ge10,state-markov,4,159,hmc_in,oracle,state-markov,,vigorous,107,0.461004,0.364108,0.276128,0.990654,2.32843,0.640704
controlled,102,3,ge10,state-markov,4,159,hmc_in,oracle,state-markov,,transient,10,0.804533,0.717931,0.478091,1,2.75867,0.640704
controlled,102,3,ge10,state-markov,4,159,pmc_pair,oracle,ignorable,,all,159,0.46942,0.379571,0.274632,0.805031,1.24163,1.43019
controlled,102,3,ge10,state-markov,4,159,pmc_pair,oracle,ignorable,,locomotion,42,0.514136,0.422191,0.297976,0.761905,1.32548,1.43019
controlled,102,3,ge10,state-markov,4,159,pmc_pair,oracle,ignorable,,vigorous,107,0.428546,0.345404,0.253066,0.831776,1.16712,1.43019
controlled,102,3,ge10,state-markov,4,159,pmc_pair,oracle,ignorable,,transient,10,0.654498,0.566152,0.407353,0.7,1.68676,1.43019
controlled,102,3,ge10,state-markov,4,159,pmc_pair,oracle,state,,all,159,0.533897,0.405373,0.291193,0.792453,1.2122,1.48193
controlled,102,3,ge10,state-markov,4,159,pmc_pair,oracle,state,,locomotion,42,0.598133,0.452417,0.321965,0.761905,1.33923,1.48193
controlled,102,3,ge10,state-markov,4,159,pmc_pair,oracle,state,,vigorous,107,0.506086,0.379396,0.2761,0.803738,1.14138,1.48193
controlled,102,3,ge10,state-markov,4,159,pmc_pair,oracle,state,,transient,10,0.537689,0.48575,0.323438,0.8,1.43642,1.48193
controlled,102,3,ge10,state-markov,4,159,pmc_pair,oracle,state-markov,,all,159,0.500456,0.390254,0.278934,0.805031,1.21581,1.44221
controlled,102,3,ge10,state-markov,4,159,pmc_pair,oracle,state-markov,,locomotion,42,0.596879,0.452428,0.327962,0.761905,1.33954,1.44221
controlled,102,3,ge10,state-markov,4,159,pmc_pair,oracle,state-markov,,vigorous,107,0.453145,0.356927,0.25489,0.82243,1.1469,1.44221
controlled,102,3,ge10,state-markov,4,159,pmc_pair,oracle,state-markov,,transient,10,0.5374,0.485719,0.330285,0.8,1.43356,1.44221
controlled,102,3,ge10,state-markov,4,159,hmc_in,unsupervised,ignorable,start,all,159,0.649035,0.52513,0.372946,0.830189,1.9499,0.584596
controlled,102,3,ge10,state-markov,4,159,hmc_in,unsupervised,ignorable,start,locomotion,42,0.538576,0.424741,0.293314,1,2.025,0.584596
controlled,102,3,ge10,state-markov,4,159,hmc_in,unsupervised,ignorable,start,vigorous,107,0.692526,0.568419,0.405082,0.775701,1.90462,0.584596
controlled,102,3,ge10,state-markov,4,159,hmc_in,unsupervised,ignorable,start,transient,10,0.589841,0.483568,0.363549,0.7,2.1189,0.584596
controlled,102,3,ge10,state-markov,4,159,hmc_in,unsupervised,state,start,all,159,0.651137,0.525756,0.376334,0.823899,1.88519,0.621449
controlled,102,3,ge10,state-markov,4,159,hmc_in,unsupervised,state,start,locomotion,42,0.480071,0.370106,0.274363,0.97619,1.88535,0.621449
controlled,102,3,ge10,state-markov,4,159,hmc_in,unsupervised,state,start,vigorous,107,0.71005,0.586045,0.416029,0.775701,1.8702,0.621449
controlled,102,3,ge10,state-markov,4,159,hmc_in,unsupervised,state,start,transient,10,0.615371,0.534384,0.379878,0.7,2.04489,0.621449
controlled,102,3,ge10,state-markov,4,159,hmc_in,unsupervised,state-markov,start,all,159,0.640946,0.51662,0.369803,0.823899,1.89066,0.591771
controlled,102,3,ge10,state-markov,4,159,hmc_in,unsupervised,state-markov,start,locomotion,42,0.482503,0.369338,0.267919,0.97619,1.92577,0.591771
controlled,102,3,ge10,state-markov,4,159,hmc_in,unsupervised,state-markov,start,vigorous,107,0.695546,0.572872,0.407772,0.775701,1.86254,0.591771
controlled,102,3,ge10,state-markov,4,159,hmc_in,unsupervised,state-markov,start,transient,10,0.614514,0.533302,0.391445,0.7,2.04404,0.591771
controlled,102,3,ge10,state-markov,4,159,hmc_in,unsupervised,state,ignorable fit,all,159,0.653489,0.527192,0.372899,0.823899,1.89288,0.569118
controlled,102,3,ge10,state-markov,4,159,hmc_in,unsupervised,state,ignorable fit,locomotion,42,0.477797,0.366308,0.272068,0.97619,1.8946,0.569118
controlled,102,3,ge10,state-markov,4,159,hmc_in,unsupervised,state,ignorable fit,vigorous,107,0.713687,0.589549,0.410768,0.775701,1.87815,0.569118
controlled,102,3,ge10,state-markov,4,159,hmc_in,unsupervised,state,ignorable fit,transient,10,0.617419,0.535685,0.391187,0.7,2.04329,0.569118
controlled,102,3,ge10,state-markov,4,159,hmc_in,unsupervised,state-markov,ignorable fit,all,159,0.643685,0.518855,0.369218,0.823899,1.89949,0.596871
controlled,102,3,ge10,state-markov,4,159,hmc_in,unsupervised,state-markov,ignorable fit,locomotion,42,0.482097,0.366262,0.269489,0.97619,1.94044,0.596871
controlled,102,3,ge10,state-markov,4,159,hmc_in,unsupervised,state-markov,ignorable fit,vigorous,107,0.699433,0.57753,0.408446,0.775701,1.87009,0.596871
controlled,102,3,ge10,state-markov,4,159,hmc_in,unsupervised,state-markov,ignorable fit,transient,10,0.614152,0.531929,0.368333,0.7,2.04199,0.596871
controlled,102,3,any,state,0,922,hmc_in,oracle,ignorable,,all,922,0.615511,0.451827,0.335072,0.97397,2.61701,0.767187
controlled,102,3,any,state,0,922,hmc_in,oracle,ignorable,,rest,14,1.04397,0.842572,0.569991,0.928571,3.88102,0.767187
controlled,102,3,any,state,0,922,hmc_in,oracle,ignorable,,locomotion,308,0.52051,0.400015,0.306239,0.970779,2.58428,0.767187
controlled,102,3,any,state,0,922,hmc_in,oracle,ignorable,,vigorous,472,0.559155,0.411655,0.303502,0.989407,2.389,0.767187
controlled,102,3,any,state,0,922,hmc_in,oracle,ignorable,,transient,128,0.897154,0.681898,0.49517,0.929688,3.39833,0.767187
controlled,102,3,any,state,0,922,hmc_in,oracle,state,,all,922,0.600534,0.441263,0.329018,0.978308,2.55238,0.664651
controlled,102,3,any,state,0,922,hmc_in,oracle,state,,rest,14,0.960711,0.753155,0.524938,0.928571,3.79459,0.664651
controlled,102,3,any,state,0,922,hmc_in,oracle,state,,locomotion,308,0.518718,0.392964,0.298104,0.987013,2.53712,0.664651
controlled,102,3,any,state,0,922,hmc_in,oracle,state,,vigorous,472,0.533393,0.396459,0.297836,0.983051,2.31042,0.664651
controlled,102,3,any,state,0,922,hmc_in,oracle,state,,transient,128,0.89455,0.688583,0.496962,0.945312,3.34543,0.664651
controlled,102,3,any,state,0,922,hmc_in,oracle,state-markov,,all,922,0.597225,0.439694,0.328682,0.978308,2.55247,0.712874
controlled,102,3,any,state,0,922,hmc_in,oracle,state-markov,,rest,14,0.961022,0.754072,0.532741,0.928571,3.79887,0.712874
controlled,102,3,any,state,0,922,hmc_in,oracle,state-markov,,locomotion,308,0.518704,0.392834,0.301331,0.987013,2.53772,0.712874
controlled,102,3,any,state,0,922,hmc_in,oracle,state-markov,,vigorous,472,0.526169,0.393375,0.297247,0.983051,2.3103,0.712874
controlled,102,3,any,state,0,922,hmc_in,oracle,state-markov,,transient,128,0.894357,0.688871,0.488091,0.945312,3.34461,0.712874
controlled,102,3,any,state,0,922,pmc_pair,oracle,ignorable,,all,922,0.511062,0.368654,0.263829,0.890456,1.37702,2.8898
controlled,102,3,any,state,0,922,pmc_pair,oracle,ignorable,,rest,14,0.722782,0.464443,0.352676,0.857143,1.0967,2.8898
controlled,102,3,any,state,0,922,pmc_pair,oracle,ignorable,,locomotion,308,0.515427,0.374327,0.273105,0.88961,1.3829,2.8898
controlled,102,3,any,state,0,922,pmc_pair,oracle,ignorable,,vigorous,472,0.492926,0.349779,0.245828,0.896186,1.35319,2.8898
controlled,102,3,any,state,0,922,pmc_pair,oracle,ignorable,,transient,128,0.537567,0.41413,0.298171,0.875,1.48137,2.8898
controlled,102,3,any,state,0,922,pmc_pair,oracle,state,,all,922,0.472641,0.350241,0.253,0.883948,1.32181,2.72151
controlled,102,3,any,state,0,922,pmc_pair,oracle,state,,rest,14,0.722713,0.464339,0.352496,0.857143,1.09678,2.72151
controlled,102,3,any,state,0,922,pmc_pair,oracle,state,,locomotion,308,0.481978,0.361754,0.264266,0.876623,1.32325,2.72151
controlled,102,3,any,state,0,922,pmc_pair,oracle,state,,vigorous,472,0.431455,0.321242,0.230717,0.896186,1.29501,2.72151
controlled,102,3,any,state,0,922,pmc_pair,oracle,state,,transient,128,0.553674,0.416996,0.297175,0.859375,1.44177,2.72151
controlled,102,3,any,state,0,922,pmc_pair,oracle,state-markov,,all,922,0.472141,0.350406,0.251892,0.883948,1.32417,2.7628
controlled,102,3,any,state,0,922,pmc_pair,oracle,state-markov,,rest,14,0.722713,0.464339,0.354111,0.857143,1.09678,2.7628
controlled,102,3,any,state,0,922,pmc_pair,oracle,state-markov,,locomotion,308,0.481771,0.361724,0.261167,0.876623,1.3287,2.7628
controlled,102,3,any,state,0,922,pmc_pair,oracle,state-markov,,vigorous,472,0.430691,0.321533,0.229804,0.896186,1.29552,2.7628
controlled,102,3,any,state,0,922,pmc_pair,oracle,state-markov,,transient,128,0.553228,0.417177,0.299844,0.859375,1.44381,2.7628
controlled,102,3,any,state,0,922,hmc_in,unsupervised,ignorable,start,all,922,0.706036,0.564765,0.403192,0.817787,1.92305,0.609755
controlled,102,3,any,state,0,922,hmc_in,unsupervised,ignorable,start,rest,14,0.696376,0.471475,0.368092,0.785714,1.47334,0.609755
controlled,102,3,any,state,0,922,hmc_in,unsupervised,ignorable,start,locomotion,308,0.497191,0.376443,0.280508,0.928571,1.90806,0.609755
controlled,102,3,any,state,0,922,hmc_in,unsupervised,ignorable,start,vigorous,472,0.831415,0.7128,0.499233,0.711864,1.86327,0.609755
controlled,102,3,any,state,0,922,hmc_in,unsupervised,ignorable,start,transient,128,0.62754,0.48224,0.348091,0.945312,2.2288,0.609755
controlled,102,3,any,state,0,922,hmc_in,unsupervised,state,start,all,922,0.692515,0.554956,0.397237,0.817787,1.86231,0.966327
controlled,102,3,any,state,0,922,hmc_in,unsupervised,state,start,rest,14,0.668501,0.487172,0.345896,0.785714,1.53364,0.966327
controlled,102,3,any,state,0,922,hmc_in,unsupervised,state,start,locomotion,308,0.499541,0.380303,0.283466,0.925325,1.84474,0.966327
controlled,102,3,any,state,0,922,hmc_in,unsupervised,state,start,vigorous,472,0.801842,0.681355,0.482713,0.711864,1.78524,0.966327
controlled,102,3,any,state,0,922,hmc_in,unsupervised,state,start,transient,128,0.658968,0.516534,0.36142,0.953125,2.22477,0.966327
controlled,102,3,any,state,0,922,hmc_in,unsupervised,state-markov,start,all,922,0.693958,0.556897,0.399934,0.818872,1.86901,0.844358
controlled,102,3,any,state,0,922,hmc_in,unsupervised,state-markov,start,rest,14,0.67439,0.485504,0.361945,0.785714,1.52086,0.844358
controlled,102,3,any,state,0,922,hmc_in,unsupervised,state-markov,start,locomotion,308,0.495524,0.376961,0.279489,0.925325,1.85541,0.844358
controlled,102,3,any,state,0,922,hmc_in,unsupervised,state-markov,start,vigorous,472,0.80498,0.685571,0.48827,0.711864,1.79217,0.844358
controlled,102,3,any,state,0,922,hmc_in,unsupervised,state-markov,start,transient,128,0.662422,0.523188,0.368168,0.960938,2.22316,0.844358
controlled,102,3,any,state,0,922,hmc_in,unsupervised,state,ignorable fit,all,922,0.696308,0.558408,0.399023,0.817787,1.87206,0.808341
controlled,102,3,any,state,0,922,hmc_in,unsupervised,state,ignorable fit,rest,14,0.68487,0.501308,0.376226,0.785714,1.54356,0.808341
controlled,102,3,any,state,0,922,hmc_in,unsupervised,state,ignorable fit,locomotion,308,0.498586,0.379411,0.280111,0.925325,1.85504,0.808341
controlled,102,3,any,state,0,922,hmc_in,unsupervised,state,ignorable fit,vigorous,472,0.809716,0.690175,0.487857,0.711864,1.80246,0.808341
controlled,102,3,any,state,0,922,hmc_in,unsupervised,state,ignorable fit,transient,128,0.652121,0.509473,0.360077,0.953125,2.2056,0.808341
controlled,102,3,any,state,0,922,hmc_in,unsupervised,state-markov,ignorable fit,all,922,0.697132,0.559826,0.401191,0.818872,1.8782,0.759544
controlled,102,3,any,state,0,922,hmc_in,unsupervised,state-markov,ignorable fit,rest,14,0.688242,0.4979,0.367358,0.785714,1.52493,0.759544
controlled,102,3,any,state,0,922,hmc_in,unsupervised,state-markov,ignorable fit,locomotion,308,0.494821,0.376724,0.277661,0.925325,1.86577,0.759544
controlled,102,3,any,state,0,922,hmc_in,unsupervised,state-markov,ignorable fit,vigorous,472,0.811867,0.693296,0.492264,0.711864,1.8077,0.759544
controlled,102,3,any,state,0,922,hmc_in,unsupervised,state-markov,ignorable fit,transient,128,0.655102,0.515019,0.366304,0.960938,2.20673,0.759544
controlled,102,3,any,state,1,852,hmc_in,oracle,ignorable,,all,852,0.617693,0.441479,0.328984,0.9777,2.57639,0.697313
controlled,102,3,any,state,1,852,hmc_in,oracle,ignorable,,rest,15,1.12464,0.979135,0.610499,0.866667,3.95332,0.697313
controlled,102,3,any,state,1,852,hmc_in,oracle,ignorable,,locomotion,266,0.483847,0.365285,0.289129,0.984962,2.55153,0.697313
controlled,102,3,any,state,1,852,hmc_in,oracle,ignorable,,vigorous,467,0.497322,0.373917,0.281607,1,2.35753,0.697313
controlled,102,3,any,state,1,852,hmc_in,oracle,ignorable,,transient,104,1.11082,0.86219,0.603056,0.875,3.42411,0.697313
controlled,102,3,any,state,1,852,hmc_in,oracle,state,,all,852,0.640105,0.445601,0.336492,0.973005,2.52058,0.707009
controlled,102,3,any,state,1,852,hmc_in,oracle,state,,rest,15,1.06814,0.905631,0.594455,1,3.77354,0.707009
controlled,102,3,any,state,1,852,hmc_in,oracle,state,,locomotion,266,0.514027,0.375181,0.298651,0.981203,2.50483,0.707009
controlled,102,3,any,state,1,852,hmc_in,oracle,state,,vigorous,467,0.558518,0.384762,0.294454,0.987152,2.31056,0.707009
controlled,102,3,any,state,1,852,hmc_in,oracle,state,,transient,104,1.05621,0.832557,0.584842,0.884615,3.32319,0.707009
controlled,102,3,any,state,1,852,hmc_in,oracle,state-markov,,all,852,0.639263,0.444373,0.3354,0.973005,2.52574,0.652607
controlled,102,3,any,state,1,852,hmc_in,oracle,state-markov,,rest,15,1.06888,0.905117,0.59857,1,3.77843,0.652607
controlled,102,3,any,state,1,852,hmc_in,oracle,state-markov,,locomotion,266,0.513217,0.374857,0.297597,0.981203,2.50607,0.652607
controlled,102,3,any,state,1,852,hmc_in,oracle,state-markov,,vigorous,467,0.556813,0.382561,0.293795,0.987152,2.31886,0.652607
controlled,102,3,any,state,1,852,hmc_in,oracle,state-markov,,transient,104,1.05697,0.833284,0.580958,0.884615,3.32435,0.652607
controlled,102,3,any,state,1,852,pmc_pair,oracle,ignorable,,all,852,0.462729,0.340415,0.245173,0.887324,1.37612,2.59397
controlled,102,3,any,state,1,852,pmc_pair,oracle,ignorable,,rest,15,0.436534,0.362658,0.259472,0.8,1.35737,2.59397
controlled,102,3,any,state,1,852,pmc_pair,oracle,ignorable,,locomotion,266,0.431967,0.328749,0.240178,0.879699,1.36807,2.59397
controlled,102,3,any,state,1,852,pmc_pair,oracle,ignorable,,vigorous,467,0.448376,0.331356,0.232885,0.91863,1.38356,2.59397
controlled,102,3,any,state,1,852,pmc_pair,oracle,ignorable,,transient,104,0.588749,0.407726,0.311061,0.778846,1.36598,2.59397
controlled,102,3,any,state,1,852,pmc_pair,oracle,state,,all,852,0.487817,0.343193,0.251601,0.879108,1.32713,2.4762
controlled,102,3,any,state,1,852,pmc_pair,oracle,state,,rest,15,0.434832,0.361465,0.255306,0.8,1.35403,2.4762
controlled,102,3,any,state,1,852,pmc_pair,oracle,state,,locomotion,266,0.43363,0.331267,0.238128,0.87218,1.33898,2.4762
controlled,102,3,any,state,1,852,pmc_pair,oracle,state,,vigorous,467,0.494066,0.335166,0.244837,0.907923,1.31298,2.4762
controlled,102,3,any,state,1,852,pmc_pair,oracle,state,,transient,104,0.587513,0.407105,0.315899,0.778846,1.35649,2.4762
controlled,102,3,any,state,1,852,pmc_pair,oracle,state-markov,,all,852,0.488119,0.342926,0.251429,0.880282,1.32786,3.31415
controlled,102,3,any,state,1,852,pmc_pair,oracle,state-markov,,rest,15,0.434823,0.361457,0.266292,0.8,1.35402,3.31415
controlled,102,3,any,state,1,852,pmc_pair,oracle,state-markov,,locomotion,266,0.433506,0.331262,0.239924,0.87594,1.3395,3.31415
controlled,102,3,any,state,1,852,pmc_pair,oracle,state-markov,,vigorous,467,0.49473,0.334731,0.244826,0.907923,1.31402,3.31415
controlled,102,3,any,state,1,852,pmc_pair,oracle,state-markov,,transient,104,0.587292,0.406887,0.30836,0.778846,1.35649,3.31415
controlled,102,3,any,state,1,852,hmc_in,unsupervised,ignorable,start,all,852,0.696029,0.551398,0.393519,0.825117,1.92933,0.90641
controlled,102,3,any,state,1,852,hmc_in,unsupervised,ignorable,start,rest,15,0.544833,0.369531,0.265336,0.866667,1.89562,0.90641
controlled,102,3,any,state,1,852,hmc_in,unsupervised,ignorable,start,locomotion,266,0.436109,0.328728,0.246651,0.962406,1.94189,0.90641
controlled,102,3,any,state,1,852,hmc_in,unsupervised,ignorable,start,vigorous,467,0.798561,0.68454,0.474911,0.732334,1.88059,0.90641
controlled,102,3,any,state,1,852,hmc_in,unsupervised,ignorable,start,transient,104,0.758964,0.549293,0.422166,0.884615,2.12095,0.90641
controlled,102,3,any,state,1,852,hmc_in,unsupervised,state,start,all,852,0.703943,0.550483,0.396233,0.819249,1.86842,0.821094
controlled,102,3,any,state,1,852,hmc_in,unsupervised,state,start,rest,15,0.437693,0.280308,0.226883,0.933333,1.95582,0.821094
controlled,102,3,any,state,1,852,hmc_in,unsupervised,state,start,locomotion,266,0.467872,0.341562,0.257292,0.958647,1.87962,0.821094
controlled,102,3,any,state,1,852,hmc_in,unsupervised,state,start,vigorous,467,0.8063,0.674558,0.477319,0.72591,1.81308,0.821094
controlled,102,3,any,state,1,852,hmc_in,unsupervised,state,start,transient,104,0.743486,0.566659,0.41192,0.865385,2.07567,0.821094
controlled,102,3,any,state,1,852,hmc_in,unsupervised,state-markov,start,all,852,0.703351,0.550913,0.394694,0.820423,1.87612,0.811878
controlled,102,3,any,state,1,852,hmc_in,unsupervised,state-markov,start,rest,15,0.460032,0.296844,0.231027,0.933333,1.95321,0.811878
controlled,102,3,any,state,1,852,hmc_in,unsupervised,state-markov,start,locomotion,266,0.45829,0.337981,0.253356,0.958647,1.89112,0.811878
controlled,102,3,any,state,1,852,hmc_in,unsupervised,state-markov,start,vigorous,467,0.808365,0.677872,0.477412,0.728051,1.81748,0.811878
controlled,102,3,any,state,1,852,hmc_in,unsupervised,state-markov,start,transient,104,0.742149,0.562079,0.408367,0.865385,2.08996,0.811878
controlled,102,3,any,state,1,852,hmc_in,unsupervised,state,ignorable fit,all,852,0.708012,0.554761,0.395531,0.819249,1.87939,0.840309
controlled,102,3,any,state,1,852,hmc_in,unsupervised,state,ignorable fit,rest,15,0.427221,0.266272,0.222673,0.933333,1.96008,0.840309
controlled,102,3,any,state,1,852,hmc_in,unsupervised,state,ignorable fit,locomotion,266,0.471522,0.343676,0.255558,0.958647,1.88839,0.840309
controlled,102,3,any,state,1,852,hmc_in,unsupervised,state,ignorable fit,vigorous,467,0.813427,0.682933,0.47871,0.728051,1.82964,0.840309
controlled,102,3,any,state,1,852,hmc_in,unsupervised,state,ignorable fit,transient,104,0.735212,0.560722,0.404966,0.855769,2.06816,0.840309
controlled,102,3,any,state,1,852,hmc_in,unsupervised,state-markov,ignorable fit,all,852,0.706709,0.554734,0.39723,0.820423,1.88621,0.737679
controlled,102,3,any,state,1,852,hmc_in,unsupervised,state-markov,ignorable fit,rest,15,0.450115,0.286017,0.230869,0.933333,1.95665,0.737679
controlled,102,3,any,state,1,852,hmc_in,unsupervised,state-markov,ignorable fit,locomotion,266,0.461448,0.340842,0.253059,0.958647,1.90013,0.737679
controlled,102,3,any,state,1,852,hmc_in,unsupervised,state-markov,ignorable fit,vigorous,467,0.81441,0.685004,0.483202,0.728051,1.83216,0.737679
controlled,102,3,any,state,1,852,hmc_in,unsupervised,state-markov,ignorable fit,transient,104,0.73444,0.555594,0.403923,0.865385,2.0832,0.737679
controlled,102,3,any,state,2,945,hmc_in,oracle,ignorable,,all,945,0.567153,0.419823,0.316636,0.983069,2.59336,0.641567
controlled,102,3,any,state,2,945,hmc_in,oracle,ignorable,,rest,13,0.845344,0.766209,0.513063,1,3.57651,0.641567
controlled,102,3,any,state,2,945,hmc_in,oracle,ignorable,,locomotion,295,0.479588,0.362826,0.285409,0.983051,2.54636,0.641567
controlled,102,3,any,state,2,945,hmc_in,oracle,ignorable,,vigorous,501,0.469644,0.366306,0.278212,0.996008,2.38014,0.641567
controlled,102,3,any,state,2,945,hmc_in,oracle,ignorable,,transient,136,0.924844,0.707495,0.507144,0.933824,3.38676,0.641567
controlled,102,3,any,state,2,945,hmc_in,oracle,state,,all,945,0.607882,0.443135,0.331011,0.975661,2.53295,0.637269
controlled,102,3,any,state,2,945,hmc_in,oracle,state,,rest,13,0.845121,0.765828,0.503504,1,3.57535,0.637269
controlled,102,3,any,state,2,945,hmc_in,oracle,state,,locomotion,295,0.515407,0.386592,0.297011,0.983051,2.50224,0.637269
controlled,102,3,any,state,2,945,hmc_in,oracle,state,,vigorous,501,0.551692,0.400439,0.302336,0.98004,2.31272,0.637269
controlled,102,3,any,state,2,945,hmc_in,oracle,state,,transient,136,0.895496,0.692221,0.493907,0.941176,3.31119,0.637269
controlled,102,3,any,state,2,945,hmc_in,oracle,state-markov,,all,945,0.608768,0.443631,0.333462,0.973545,2.52964,0.813925
controlled,102,3,any,state,2,945,hmc_in,oracle,state-markov,,rest,13,0.845141,0.765873,0.5019,1,3.57518,0.813925
controlled,102,3,any,state,2,945,hmc_in,oracle,state-markov,,locomotion,295,0.514327,0.385872,0.296445,0.979661,2.5034,0.813925
controlled,102,3,any,state,2,945,hmc_in,oracle,state-markov,,vigorous,501,0.554345,0.401904,0.304421,0.98004,2.30087,0.813925
controlled,102,3,any,state,2,945,hmc_in,oracle,state-markov,,transient,136,0.894988,0.691832,0.50464,0.933824,3.32941,0.813925
controlled,102,3,any,state,2,945,pmc_pair,oracle,ignorable,,all,945,0.480508,0.348359,0.253908,0.891005,1.36887,3.49735
controlled,102,3,any,state,2,945,pmc_pair,oracle,ignorable,,rest,13,0.481357,0.288215,0.224565,0.923077,1.14386,3.49735
controlled,102,3,any,state,2,945,pmc_pair,oracle,ignorable,,locomotion,295,0.422422,0.311888,0.230213,0.918644,1.32884,3.49735
controlled,102,3,any,state,2,945,pmc_pair,oracle,ignorable,,vigorous,501,0.422444,0.330814,0.233285,0.908184,1.36569,3.49735
controlled,102,3,any,state,2,945,pmc_pair,oracle,ignorable,,transient,136,0.733288,0.497851,0.384079,0.764706,1.4889,3.49735
controlled,102,3,any,state,2,945,pmc_pair,oracle,state,,all,945,0.489463,0.352958,0.259002,0.883598,1.34393,3.49651
controlled,102,3,any,state,2,945,pmc_pair,oracle,state,,rest,13,0.481368,0.288219,0.217073,0.923077,1.14396,3.49651
controlled,102,3,any,state,2,945,pmc_pair,oracle,state,,locomotion,295,0.416505,0.31249,0.230341,0.908475,1.29041,3.49651
controlled,102,3,any,state,2,945,pmc_pair,oracle,state,,vigorous,501,0.439425,0.3384,0.241226,0.898204,1.34315,3.49651
controlled,102,3,any,state,2,945,pmc_pair,oracle,state,,transient,136,0.744932,0.500557,0.39066,0.772059,1.48201,3.49651
controlled,102,3,any,state,2,945,pmc_pair,oracle,state-markov,,all,945,0.491349,0.352022,0.258123,0.883598,1.33464,3.4642
controlled,102,3,any,state,2,945,pmc_pair,oracle,state-markov,,rest,13,0.481368,0.288219,0.216154,0.923077,1.14396,3.4642
controlled,102,3,any,state,2,945,pmc_pair,oracle,state-markov,,locomotion,295,0.415951,0.31218,0.228459,0.911864,1.2924,3.4642
controlled,102,3,any,state,2,945,pmc_pair,oracle,state-markov,,vigorous,501,0.445033,0.337774,0.241385,0.896208,1.32414,3.4642
controlled,102,3,any,state,2,945,pmc_pair,oracle,state-markov,,transient,136,0.741959,0.497029,0.38814,0.772059,1.48318,3.4642
controlled,102,3,any,state,2,945,hmc_in,unsupervised,ignorable,start,all,945,0.686037,0.551341,0.389587,0.833862,1.94537,0.910723
controlled,102,3,any,state,2,945,hmc_in,unsupervised,ignorable,start,rest,13,0.608986,0.441449,0.321934,0.846154,1.6637,0.910723
controlled,102,3,any,state,2,945,hmc_in,unsupervised,ignorable,start,locomotion,295,0.440137,0.349581,0.25565,0.972881,1.93244,0.910723
controlled,102,3,any,state,2,945,hmc_in,unsupervised,ignorable,start,vigorous,501,0.789551,0.674203,0.470652,0.722555,1.88232,0.910723
controlled,102,3,any,state,2,945,hmc_in,unsupervised,ignorable,start,transient,136,0.719854,0.546883,0.387951,0.941176,2.23263,0.910723
controlled,102,3,any,state,2,945,hmc_in,unsupervised,state,start,all,945,0.708937,0.561453,0.400576,0.825397,1.88149,0.791597
controlled,102,3,any,state,2,945,hmc_in,unsupervised,state,start,rest,13,0.618127,0.437762,0.331572,0.846154,1.72417,0.791597
controlled,102,3,any,state,2,945,hmc_in,unsupervised,state,start,locomotion,295,0.478762,0.380064,0.270557,0.972881,1.85121,0.791597
controlled,102,3,any,state,2,945,hmc_in,unsupervised,state,start,vigorous,501,0.79737,0.670466,0.474456,0.718563,1.80968,0.791597
controlled,102,3,any,state,2,945,hmc_in,unsupervised,state,start,transient,136,0.785102,0.565144,0.417034,0.897059,2.22675,0.791597
controlled,102,3,any,state,2,945,hmc_in,unsupervised,state-markov,start,all,945,0.702127,0.55865,0.397707,0.827513,1.89257,0.75008
controlled,102,3,any,state,2,945,hmc_in,unsupervised,state-markov,start,rest,13,0.61573,0.439534,0.33275,0.846154,1.71828,0.75008
controlled,102,3,any,state,2,945,hmc_in,unsupervised,state-markov,start,locomotion,295,0.471493,0.375717,0.269421,0.972881,1.86615,0.75008
controlled,102,3,any,state,2,945,hmc_in,unsupervised,state-markov,start,vigorous,501,0.792457,0.669827,0.472625,0.720559,1.82202,0.75008
controlled,102,3,any,state,2,945,hmc_in,unsupervised,state-markov,start,transient,136,0.770491,0.557288,0.406199,0.904412,2.22645,0.75008
controlled,102,3,any,state,2,945,hmc_in,unsupervised,state,ignorable fit,all,945,0.711744,0.564558,0.402577,0.82328,1.89459,0.736675
controlled,102,3,any,state,2,945,hmc_in,unsupervised,state,ignorable fit,rest,13,0.610081,0.436476,0.330565,0.846154,1.72819,0.736675
controlled,102,3,any,state,2,945,hmc_in,unsupervised,state,ignorable fit,locomotion,295,0.475885,0.375974,0.269201,0.972881,1.8652,0.736675
controlled,102,3,any,state,2,945,hmc_in,unsupervised,state,ignorable fit,vigorous,501,0.80564,0.679795,0.48134,0.716567,1.82928,0.736675
controlled,102,3,any,state,2,945,hmc_in,unsupervised,state,ignorable fit,transient,136,0.775995,0.561348,0.408622,0.889706,2.21488,0.736675
controlled,102,3,any,state,2,945,hmc_in,unsupervised,state-markov,ignorable fit,all,945,0.703512,0.560582,0.397701,0.826455,1.90287,0.778561
controlled,102,3,any,state,2,945,hmc_in,unsupervised,state-markov,ignorable fit,rest,13,0.61019,0.439135,0.324232,0.846154,1.71713,0.778561
controlled,102,3,any,state,2,945,hmc_in,unsupervised,state-markov,ignorable fit,locomotion,295,0.469839,0.372573,0.266144,0.972881,1.87553,0.778561
controlled,102,3,any,state,2,945,hmc_in,unsupervised,state-markov,ignorable fit,vigorous,501,0.79743,0.676289,0.47702,0.720559,1.83883,0.778561
controlled,102,3,any,state,2,945,hmc_in,unsupervised,state-markov,ignorable fit,transient,136,0.762944,0.55376,0.397893,0.897059,2.21583,0.778561
controlled,102,3,any,state,3,948,hmc_in,oracle,ignorable,,all,948,0.58735,0.435132,0.32412,0.978903,2.60352,0.616156
controlled,102,3,any,state,3,948,hmc_in,oracle,ignorable,,rest,16,0.723412,0.658768,0.439971,1,3.78717,0.616156
controlled,102,3,any,state,3,948,hmc_in,oracle,ignorable,,locomotion,268,0.495396,0.387498,0.298838,0.981343,2.60488,0.616156
controlled,102,3,any,state,3,948,hmc_in,oracle,ignorable,,vigorous,517,0.486299,0.374709,0.280864,0.996132,2.38848,0.616156
controlled,102,3,any,state,3,948,hmc_in,oracle,ignorable,,transient,147,0.942688,0.710144,0.509734,0.911565,3.22855,0.616156
controlled,102,3,any,state,3,948,hmc_in,oracle,state,,all,948,0.640718,0.46047,0.343101,0.9673,2.54496,0.620446
controlled,102,3,any,state,3,948,hmc_in,oracle,state,,rest,16,0.691472,0.623306,0.415167,1,3.83472,0.620446
controlled,102,3,any,state,3,948,hmc_in,oracle,state,,locomotion,268,0.528795,0.40157,0.304813,0.985075,2.56852,0.620446
controlled,102,3,any,state,3,948,hmc_in,oracle,state,,vigorous,517,0.600604,0.423401,0.317988,0.974855,2.33699,0.620446
controlled,102,3,any,state,3,948,hmc_in,oracle,state,,transient,147,0.903838,0.6805,0.493384,0.904762,3.09303,0.620446
controlled,102,3,any,state,3,948,hmc_in,oracle,state-markov,,all,948,0.617718,0.449197,0.335657,0.968354,2.54576,0.808051
controlled,102,3,any,state,3,948,hmc_in,oracle,state-markov,,rest,16,0.691316,0.623233,0.442612,1,3.83493,0.808051
controlled,102,3,any,state,3,948,hmc_in,oracle,state-markov,,locomotion,268,0.518409,0.39822,0.30323,0.985075,2.56865,0.808051
controlled,102,3,any,state,3,948,hmc_in,oracle,state-markov,,vigorous,517,0.560214,0.404614,0.305863,0.976789,2.3372,0.808051
controlled,102,3,any,state,3,948,hmc_in,oracle,state-markov,,transient,147,0.902783,0.679986,0.487916,0.904762,3.09724,0.808051
controlled,102,3,any,state,3,948,pmc_pair,oracle,ignorable,,all,948,0.480405,0.360853,0.258529,0.874473,1.37923,3.63317
controlled,102,3,any,state,3,948,pmc_pair,oracle,ignorable,,rest,16,0.406773,0.304125,0.200849,0.9375,1.31373,3.63317
controlled,102,3,any,state,3,948,pmc_pair,oracle,ignorable,,locomotion,268,0.460731,0.344392,0.251104,0.865672,1.3322,3.63317
controlled,102,3,any,state,3,948,pmc_pair,oracle,ignorable,,vigorous,517,0.440532,0.342205,0.242884,0.893617,1.37826,3.63317
controlled,102,3,any,state,3,948,pmc_pair,oracle,ignorable,,transient,147,0.633088,0.462625,0.333368,0.816327,1.47547,3.63317
controlled,102,3,any,state,3,948,pmc_pair,oracle,state,,all,948,0.53848,0.376669,0.273517,0.863924,1.35897,3.45761
controlled,102,3,any,state,3,948,pmc_pair,oracle,state,,rest,16,0.406759,0.304117,0.207179,0.9375,1.31378,3.45761
controlled,102,3,any,state,3,948,pmc_pair,oracle,state,,locomotion,268,0.451403,0.340157,0.24735,0.854478,1.30999,3.45761
controlled,102,3,any,state,3,948,pmc_pair,oracle,state,,vigorous,517,0.552698,0.37114,0.270014,0.882012,1.35287,3.45761
controlled,102,3,any,state,3,948,pmc_pair,oracle,state,,transient,147,0.637257,0.470577,0.340763,0.809524,1.47462,3.45761
controlled,102,3,any,state,3,948,pmc_pair,oracle,state-markov,,all,948,0.534421,0.374828,0.272781,0.869198,1.36818,3.46613
controlled,102,3,any,state,3,948,pmc_pair,oracle,state-markov,,rest,16,0.406758,0.304116,0.2034,0.9375,1.31378,3.46613
controlled,102,3,any,state,3,948,pmc_pair,oracle,state-markov,,locomotion,268,0.449974,0.339266,0.247738,0.854478,1.30794,3.46613
controlled,102,3,any,state,3,948,pmc_pair,oracle,state-markov,,vigorous,517,0.547918,0.369896,0.269934,0.891683,1.37144,3.46613
controlled,102,3,any,state,3,948,pmc_pair,oracle,state-markov,,transient,147,0.631554,0.464701,0.336001,0.809524,1.47243,3.46613
controlled,102,3,any,state,3,948,hmc_in,unsupervised,ignorable,start,all,948,0.698855,0.567406,0.397115,0.832278,1.96522,0.825913
controlled,102,3,any,state,3,948,hmc_in,unsupervised,ignorable,start,rest,16,0.464558,0.363594,0.265701,0.9375,1.82767,0.825913
controlled,102,3,any,state,3,948,hmc_in,unsupervised,ignorable,start,locomotion,268,0.467116,0.374989,0.264048,0.962687,1.9725,0.825913
controlled,102,3,any,state,3,948,hmc_in,unsupervised,ignorable,start,vigorous,517,0.794589,0.680215,0.473391,0.73501,1.89595,0.825913
controlled,102,3,any,state,3,948,hmc_in,unsupervised,ignorable,start,transient,147,0.712625,0.543639,0.385752,0.92517,2.21057,0.825913
controlled,102,3,any,state,3,948,hmc_in,unsupervised,state,start,all,948,0.721692,0.574888,0.407329,0.824895,1.91221,0.802778
controlled,102,3,any,state,3,948,hmc_in,unsupervised,state,start,rest,16,0.452437,0.348059,0.258891,0.9375,1.90404,0.802778
controlled,102,3,any,state,3,948,hmc_in,unsupervised,state,start,locomotion,268,0.493526,0.389517,0.277899,0.958955,1.90604,0.802778
controlled,102,3,any,state,3,948,hmc_in,unsupervised,state,start,vigorous,517,0.820785,0.684801,0.483982,0.725338,1.83287,0.802778
controlled,102,3,any,state,3,948,hmc_in,unsupervised,state,start,transient,147,0.723311,0.55097,0.389865,0.918367,2.20336,0.802778
controlled,102,3,any,state,3,948,hmc_in,unsupervised,state-markov,start,all,948,0.704581,0.565162,0.402428,0.828059,1.91854,0.739898
controlled,102,3,any,state,3,948,hmc_in,unsupervised,state-markov,start,rest,16,0.447934,0.344478,0.265658,0.9375,1.88904,0.739898
controlled,102,3,any,state,3,948,hmc_in,unsupervised,state-markov,start,locomotion,268,0.473734,0.375524,0.268748,0.958955,1.90727,0.739898
controlled,102,3,any,state,3,948,hmc_in,unsupervised,state-markov,start,vigorous,517,0.802643,0.677033,0.481829,0.729207,1.84361,0.739898
controlled,102,3,any,state,3,948,hmc_in,unsupervised,state-markov,start,transient,147,0.710438,0.541465,0.381779,0.92517,2.20583,0.739898
controlled,102,3,any,state,3,948,hmc_in,unsupervised,state,ignorable fit,all,948,0.724833,0.577995,0.411084,0.824895,1.91855,0.744326
controlled,102,3,any,state,3,948,hmc_in,unsupervised,state,ignorable fit,rest,16,0.450186,0.345576,0.266871,0.9375,1.89432,0.744326
controlled,102,3,any,state,3,948,hmc_in,unsupervised,state,ignorable fit,locomotion,268,0.494575,0.389592,0.275607,0.958955,1.91088,0.744326
controlled,102,3,any,state,3,948,hmc_in,unsupervised,state,ignorable fit,vigorous,517,0.826158,0.690915,0.491996,0.725338,1.84504,0.744326
controlled,102,3,any,state,3,948,hmc_in,unsupervised,state,ignorable fit,transient,147,0.720895,0.549638,0.389201,0.918367,2.1937,0.744326
controlled,102,3,any,state,3,948,hmc_in,unsupervised,state-markov,ignorable fit,all,948,0.712422,0.57118,0.403511,0.82384,1.92739,0.817338
controlled,102,3,any,state,3,948,hmc_in,unsupervised,state-markov,ignorable fit,rest,16,0.44428,0.342735,0.272542,0.9375,1.87987,0.817338
controlled,102,3,any,state,3,948,hmc_in,unsupervised,state-markov,ignorable fit,locomotion,268,0.488415,0.385929,0.275114,0.958955,1.92165,0.817338
controlled,102,3,any,state,3,948,hmc_in,unsupervised,state-markov,ignorable fit,vigorous,517,0.809677,0.681652,0.479488,0.725338,1.85467,0.817338
controlled,102,3,any,state,3,948,hmc_in,unsupervised,state-markov,ignorable fit,transient,147,0.714902,0.54525,0.38464,0.911565,2.19879,0.817338
controlled,102,3,any,state,4,922,hmc_in,oracle,ignorable,,all,922,0.577918,0.434142,0.321782,0.981562,2.58874,0.841365
controlled,102,3,any,state,4,922,hmc_in,oracle,ignorable,,rest,19,0.816939,0.750681,0.490794,0.947368,3.86167,0.841365
controlled,102,3,any,state,4,922,hmc_in,oracle,ignorable,,locomotion,284,0.47377,0.357758,0.28229,0.975352,2.53218,0.841365
controlled,102,3,any,state,4,922,hmc_in,oracle,ignorable,,vigorous,492,0.502542,0.395055,0.289944,1,2.36795,0.841365
controlled,102,3,any,state,4,922,hmc_in,oracle,ignorable,,transient,127,0.918992,0.709024,0.508154,0.929134,3.38015,0.841365
controlled,102,3,any,state,4,922,hmc_in,oracle,state,,all,922,0.612048,0.454075,0.334687,0.9718,2.53125,0.783633
controlled,102,3,any,state,4,922,hmc_in,oracle,state,,rest,19,0.917272,0.814617,0.529875,0.947368,3.83638,0.783633
controlled,102,3,any,state,4,922,hmc_in,oracle,state,,locomotion,284,0.477472,0.358665,0.283845,0.975352,2.51391,0.783633
controlled,102,3,any,state,4,922,hmc_in,oracle,state,,vigorous,492,0.542039,0.419254,0.305362,0.98374,2.30821,0.783633
controlled,102,3,any,state,4,922,hmc_in,oracle,state,,transient,127,0.972448,0.748392,0.532782,0.92126,3.2388,0.783633
controlled,102,3,any,state,4,922,hmc_in,oracle,state-markov,,all,922,0.612656,0.454422,0.334165,0.9718,2.53061,0.826128
controlled,102,3,any,state,4,922,hmc_in,oracle,state-markov,,rest,19,0.919374,0.815639,0.557414,0.947368,3.83598,0.826128
controlled,102,3,any,state,4,922,hmc_in,oracle,state-markov,,locomotion,284,0.477522,0.358701,0.283697,0.975352,2.51391,0.826128
controlled,102,3,any,state,4,922,hmc_in,oracle,state-markov,,vigorous,492,0.543012,0.419822,0.304814,0.98374,2.30743,0.826128
controlled,102,3,any,state,4,922,hmc_in,oracle,state-markov,,transient,127,0.972773,0.748476,0.527327,0.92126,3.23728,0.826128
controlled,102,3,any,state,4,922,pmc_pair,oracle,ignorable,,all,922,0.437837,0.333005,0.239564,0.89154,1.35183,3.26177
controlled,102,3,any,state,4,922,pmc_pair,oracle,ignorable,,rest,19,0.413774,0.334601,0.21954,0.789474,0.933188,3.26177
controlled,102,3,any,state,4,922,pmc_pair,oracle,ignorable,,locomotion,284,0.418702,0.308441,0.226774,0.897887,1.30397,3.26177
controlled,102,3,any,state,4,922,pmc_pair,oracle,ignorable,,vigorous,492,0.410664,0.322251,0.228028,0.906504,1.35377,3.26177
controlled,102,3,any,state,4,922,pmc_pair,oracle,ignorable,,transient,127,0.566341,0.42936,0.31585,0.834646,1.51398,3.26177
controlled,102,3,any,state,4,922,pmc_pair,oracle,state,,all,922,0.437143,0.332618,0.238585,0.89154,1.33362,3.70535
controlled,102,3,any,state,4,922,pmc_pair,oracle,state,,rest,19,0.416605,0.336165,0.221453,0.789474,0.931524,3.70535
controlled,102,3,any,state,4,922,pmc_pair,oracle,state,,locomotion,284,0.40108,0.303821,0.220328,0.901408,1.30946,3.70535
controlled,102,3,any,state,4,922,pmc_pair,oracle,state,,vigorous,492,0.404554,0.319536,0.226062,0.906504,1.31944,3.70535
controlled,102,3,any,state,4,922,pmc_pair,oracle,state,,transient,127,0.606285,0.447163,0.330487,0.826772,1.50271,3.70535
controlled,102,3,any,state,4,922,pmc_pair,oracle,state-markov,,all,922,0.43734,0.332742,0.23921,0.89154,1.33299,3.30744
controlled,102,3,any,state,4,922,pmc_pair,oracle,state-markov,,rest,19,0.416687,0.33621,0.230045,0.789474,0.931475,3.30744
controlled,102,3,any,state,4,922,pmc_pair,oracle,state-markov,,locomotion,284,0.401024,0.303792,0.221615,0.901408,1.30913,3.30744
controlled,102,3,any,state,4,922,pmc_pair,oracle,state-markov,,vigorous,492,0.404899,0.319767,0.2264,0.906504,1.31842,3.30744
controlled,102,3,any,state,4,922,pmc_pair,oracle,state-markov,,transient,127,0.606501,0.447228,0.329553,0.826772,1.50291,3.30744
controlled,102,3,any,state,4,922,hmc_in,unsupervised,ignorable,start,all,922,0.718059,0.581108,0.413366,0.789588,1.9272,0.742416
controlled,102,3,any,state,4,922,hmc_in,unsupervised,ignorable,start,rest,19,0.54315,0.418293,0.28473,0.894737,1.42596,0.742416
controlled,102,3,any,state,4,922,hmc_in,unsupervised,ignorable,start,locomotion,284,0.465904,0.356901,0.263936,0.961268,1.91411,0.742416
controlled,102,3,any,state,4,922,hmc_in,unsupervised,ignorable,start,vigorous,492,0.848677,0.736784,0.519501,0.652439,1.86711,0.742416
controlled,102,3,any,state,4,922,hmc_in,unsupervised,ignorable,start,transient,127,0.650709,0.503751,0.3556,0.92126,2.26423,0.742416
controlled,102,3,any,state,4,922,hmc_in,unsupervised,state,start,all,922,0.722359,0.583873,0.415489,0.785249,1.85224,0.83249
controlled,102,3,any,state,4,922,hmc_in,unsupervised,state,start,rest,19,0.57884,0.435026,0.288359,0.894737,1.45523,0.83249
controlled,102,3,any,state,4,922,hmc_in,unsupervised,state,start,locomotion,284,0.487514,0.369506,0.271741,0.950704,1.83409,0.83249
controlled,102,3,any,state,4,922,hmc_in,unsupervised,state,start,vigorous,492,0.833923,0.719212,0.510353,0.654472,1.77296,0.83249
controlled,102,3,any,state,4,922,hmc_in,unsupervised,state,start,transient,127,0.715888,0.561209,0.388451,0.905512,2.25933,0.83249
controlled,102,3,any,state,4,922,hmc_in,unsupervised,state-markov,start,all,922,0.72242,0.584174,0.416446,0.787419,1.8556,0.81152
controlled,102,3,any,state,4,922,hmc_in,unsupervised,state-markov,start,rest,19,0.581259,0.435007,0.294306,0.894737,1.4505,0.81152
controlled,102,3,any,state,4,922,hmc_in,unsupervised,state-markov,start,locomotion,284,0.485137,0.367757,0.270134,0.954225,1.84054,0.81152
controlled,102,3,any,state,4,922,hmc_in,unsupervised,state-markov,start,vigorous,492,0.837227,0.723012,0.515442,0.652439,1.77579,0.81152
controlled,102,3,any,state,4,922,hmc_in,unsupervised,state-markov,start,transient,127,0.704627,0.552587,0.378396,0.92126,2.25911,0.81152
controlled,102,3,any,state,4,922,hmc_in,unsupervised,state,ignorable fit,all,922,0.727891,0.587698,0.420016,0.785249,1.86296,0.805703
controlled,102,3,any,state,4,922,hmc_in,unsupervised,state,ignorable fit,rest,19,0.576097,0.431113,0.301099,0.894737,1.4387,0.805703
controlled,102,3,any,state,4,922,hmc_in,unsupervised,state,ignorable fit,locomotion,284,0.486114,0.367002,0.269692,0.950704,1.84303,0.805703
controlled,102,3,any,state,4,922,hmc_in,unsupervised,state,ignorable fit,vigorous,492,0.841838,0.727574,0.52047,0.654472,1.79015,0.805703
controlled,102,3,any,state,4,922,hmc_in,unsupervised,state,ignorable fit,transient,127,0.723107,0.562764,0.384803,0.905512,2.25307,0.805703
controlled,102,3,any,state,4,922,hmc_in,unsupervised,state-markov,ignorable fit,all,922,0.726773,0.587278,0.419172,0.786334,1.86628,0.783864
controlled,102,3,any,state,4,922,hmc_in,unsupervised,state-markov,ignorable fit,rest,19,0.578481,0.43389,0.284946,0.894737,1.43491,0.783864
controlled,102,3,any,state,4,922,hmc_in,unsupervised,state-markov,ignorable fit,locomotion,284,0.484336,0.365847,0.270316,0.954225,1.84901,0.783864
controlled,102,3,any,state,4,922,hmc_in,unsupervised,state-markov,ignorable fit,vigorous,492,0.843585,0.72967,0.518661,0.652439,1.79176,0.783864
controlled,102,3,any,state,4,922,hmc_in,unsupervised,state-markov,ignorable fit,transient,127,0.709311,0.553767,0.386708,0.913386,2.25812,0.783864
controlled,102,3,any,state-markov,0,933,hmc_in,oracle,ignorable,,all,933,0.568085,0.429708,0.319077,0.981779,2.57331,1.0014
controlled,102,3,any,state-markov,0,933,hmc_in,oracle,ignorable,,rest,11,0.859927,0.794314,0.536279,0.909091,3.85079,1.0014
controlled,102,3,any,state-markov,0,933,hmc_in,oracle,ignorable,,locomotion,313,0.506491,0.390489,0.298262,0.99361,2.66272,1.0014
controlled,102,3,any,state-markov,0,933,hmc_in,oracle,ignorable,,vigorous,490,0.459172,0.365727,0.276059,1,2.3418,1.0014
controlled,102,3,any,state-markov,0,933,hmc_in,oracle,ignorable,,transient,119,0.958634,0.762609,0.530878,0.882353,3.17335,1.0014
controlled,102,3,any,state-markov,0,933,hmc_in,oracle,state,,all,933,0.678484,0.467446,0.351755,0.961415,2.49164,0.897891
controlled,102,3,any,state-markov,0,933,hmc_in,oracle,state,,rest,11,0.949182,0.903893,0.616048,0.909091,3.81404,0.897891
controlled,102,3,any,state-markov,0,933,hmc_in,oracle,state,,locomotion,313,0.653625,0.433328,0.342225,0.955272,2.51249,0.897891
controlled,102,3,any,state-markov,0,933,hmc_in,oracle,state,,vigorous,490,0.599972,0.405639,0.308628,0.983673,2.30166,0.897891
controlled,102,3,any,state-markov,0,933,hmc_in,oracle,state,,transient,119,0.959174,0.771344,0.529972,0.890756,3.09684,0.897891
controlled,102,3,any,state-markov,0,933,hmc_in,oracle,state-markov,,all,933,0.61122,0.449689,0.332074,0.969989,2.508,0.775153
controlled,102,3,any,state-markov,0,933,hmc_in,oracle,state-markov,,rest,11,0.893037,0.855523,0.552067,0.909091,3.86077,0.775153
controlled,102,3,any,state-markov,0,933,hmc_in,oracle,state-markov,,locomotion,313,0.611642,0.43088,0.330133,0.964856,2.51343,0.775153
controlled,102,3,any,state-markov,0,933,hmc_in,oracle,state-markov,,vigorous,490,0.479423,0.37456,0.278982,0.993878,2.32519,0.775153
controlled,102,3,any,state-markov,0,933,hmc_in,oracle,state-markov,,transient,119,0.961735,0.771001,0.535461,0.890756,3.12141,0.775153
controlled,102,3,any,state-markov,0,933,pmc_pair,oracle,ignorable,,all,933,0.474517,0.355702,0.25769,0.897106,1.49724,3.05073
controlled,102,3,any,state-markov,0,933,pmc_pair,oracle,ignorable,,rest,11,0.400654,0.307921,0.243708,0.636364,0.831457,3.05073
controlled,102,3,any,state-markov,0,933,pmc_pair,oracle,ignorable,,locomotion,313,0.489817,0.363064,0.266347,0.939297,1.71475,3.05073
controlled,102,3,any,state-markov,0,933,pmc_pair,oracle,ignorable,,vigorous,490,0.412554,0.322595,0.229353,0.906122,1.38061,3.05073
controlled,102,3,any,state-markov,0,933,pmc_pair,oracle,ignorable,,transient,119,0.647041,0.477079,0.352894,0.773109,1.46695,3.05073
controlled,102,3,any,state-markov,0,933,pmc_pair,oracle,state,,all,933,0.560829,0.383331,0.282738,0.871383,1.43494,2.99365
controlled,102,3,any,state-markov,0,933,pmc_pair,oracle,state,,rest,11,0.419623,0.315718,0.24014,0.545455,0.788076,2.99365
controlled,102,3,any,state-markov,0,933,pmc_pair,oracle,state,,locomotion,313,0.62329,0.407963,0.307569,0.891374,1.57788,2.99365
controlled,102,3,any,state-markov,0,933,pmc_pair,oracle,state,,vigorous,490,0.492456,0.343883,0.249785,0.897959,1.35834,2.99365
controlled,102,3,any,state-markov,0,933,pmc_pair,oracle,state,,transient,119,0.65523,0.487228,0.357051,0.739496,1.43417,2.99365
controlled,102,3,any,state-markov,0,933,pmc_pair,oracle,state-markov,,all,933,0.522079,0.372435,0.271654,0.881029,1.44742,2.99013
controlled,102,3,any,state-markov,0,933,pmc_pair,oracle,state-markov,,rest,11,0.416476,0.314452,0.244484,0.545455,0.790511,2.99013
controlled,102,3,any,state-markov,0,933,pmc_pair,oracle,state-markov,,locomotion,313,0.551198,0.38541,0.284014,0.910543,1.60235,2.99013
controlled,102,3,any,state-markov,0,933,pmc_pair,oracle,state-markov,,vigorous,490,0.467399,0.338447,0.244865,0.9,1.36282,2.99013
controlled,102,3,any,state-markov,0,933,pmc_pair,oracle,state-markov,,transient,119,0.649853,0.483617,0.351963,0.756303,1.44899,2.99013
controlled,102,3,any,state-markov,0,933,hmc_in,unsupervised,ignorable,start,all,933,0.704245,0.567477,0.401066,0.824223,1.98828,0.795849
controlled,102,3,any,state-markov,0,933,hmc_in,unsupervised,ignorable,start,rest,11,0.540841,0.369633,0.268088,0.818182,1.54303,0.795849
controlled,102,3,any,state-markov,0,933,hmc_in,unsupervised,ignorable,start,locomotion,313,0.500615,0.378288,0.27998,0.955272,2.08711,0.795849
controlled,102,3,any,state-markov,0,933,hmc_in,unsupervised,ignorable,start,vigorous,490,0.815408,0.707552,0.488811,0.718367,1.8945,0.795849
controlled,102,3,any,state-markov,0,933,hmc_in,unsupervised,ignorable,start,transient,119,0.681543,0.506596,0.370538,0.915966,2.15563,0.795849
controlled,102,3,any,state-markov,0,933,hmc_in,unsupervised,state,start,all,933,0.768527,0.591944,0.430746,0.783494,1.82783,0.770859
controlled,102,3,any,state-markov,0,933,hmc_in,unsupervised,state,start,rest,11,0.54282,0.358986,0.2545,0.818182,1.55791,0.770859
controlled,102,3,any,state-markov,0,933,hmc_in,unsupervised,state,start,locomotion,313,0.641137,0.433313,0.331063,0.884984,1.82463,0.770859
controlled,102,3,any,state-markov,0,933,hmc_in,unsupervised,state,start,vigorous,490,0.843437,0.704509,0.500969,0.702041,1.80655,0.770859
controlled,102,3,any,state-markov,0,933,hmc_in,unsupervised,state,start,transient,119,0.770135,0.567209,0.420072,0.848739,1.9488,0.770859
controlled,102,3,any,state-markov,0,933,hmc_in,unsupervised,state-markov,start,all,933,0.715671,0.570877,0.406058,0.810289,1.88651,0.785758
controlled,102,3,any,state-markov,0,933,hmc_in,unsupervised,state-markov,start,rest,11,0.547082,0.37359,0.262677,0.818182,1.57136,0.785758
controlled,102,3,any,state-markov,0,933,hmc_in,unsupervised,state-markov,start,locomotion,313,0.553882,0.394166,0.293758,0.923323,1.91682,0.785758
controlled,102,3,any,state-markov,0,933,hmc_in,unsupervised,state-markov,start,vigorous,490,0.804077,0.693715,0.485685,0.712245,1.83229,0.785758
controlled,102,3,any,state-markov,0,933,hmc_in,unsupervised,state-markov,start,transient,119,0.720342,0.548105,0.386809,0.915966,2.05918,0.785758
controlled,102,3,any,state-markov,0,933,hmc_in,unsupervised,state,ignorable fit,all,933,0.773354,0.59711,0.433052,0.787781,1.84681,0.786481
controlled,102,3,any,state-markov,0,933,hmc_in,unsupervised,state,ignorable fit,rest,11,0.541703,0.363456,0.260829,0.818182,1.57259,0.786481
controlled,102,3,any,state-markov,0,933,hmc_in,unsupervised,state,ignorable fit,locomotion,313,0.638514,0.430551,0.328432,0.891374,1.8462,0.786481
controlled,102,3,any,state-markov,0,933,hmc_in,unsupervised,state,ignorable fit,vigorous,490,0.852436,0.715619,0.507585,0.704082,1.82635,0.786481
controlled,102,3,any,state-markov,0,933,hmc_in,unsupervised,state,ignorable fit,transient,119,0.773027,0.568823,0.417248,0.857143,1.95802,0.786481
controlled,102,3,any,state-markov,0,933,hmc_in,unsupervised,state-markov,ignorable fit,all,933,0.721854,0.57709,0.410173,0.810289,1.90686,0.757144
controlled,102,3,any,state-markov,0,933,hmc_in,unsupervised,state-markov,ignorable fit,rest,11,0.547202,0.376532,0.257865,0.818182,1.56828,0.757144
controlled,102,3,any,state-markov,0,933,hmc_in,unsupervised,state-markov,ignorable fit,locomotion,313,0.55052,0.392153,0.292677,0.923323,1.94136,0.757144
controlled,102,3,any,state-markov,0,933,hmc_in,unsupervised,state-markov,ignorable fit,vigorous,490,0.814276,0.704939,0.493349,0.712245,1.85261,0.757144
controlled,102,3,any,state-markov,0,933,hmc_in,unsupervised,state-markov,ignorable fit,transient,119,0.728258,0.555619,0.390808,0.915966,2.07076,0.757144
controlled,102,3,any,state-markov,1,939,hmc_in,oracle,ignorable,,all,939,0.533889,0.411877,0.307992,0.99148,2.62409,0.748941
controlled,102,3,any,state-markov,1,939,hmc_in,oracle,ignorable,,rest,12,0.732149,0.633832,0.46571,1,3.86303,0.748941
controlled,102,3,any,state-markov,1,939,hmc_in,oracle,ignorable,,locomotion,301,0.501108,0.393309,0.302305,0.993355,2.71895,0.748941
controlled,102,3,any,state-markov,1,939,hmc_in,oracle,ignorable,,vigorous,494,0.482729,0.371866,0.278566,0.993927,2.36183,0.748941
controlled,102,3,any,state-markov,1,939,hmc_in,oracle,ignorable,,transient,132,0.730911,0.583777,0.416749,0.977273,3.27666,0.748941
controlled,102,3,any,state-markov,1,939,hmc_in,oracle,state,,all,939,0.744356,0.485153,0.371895,0.955272,2.50271,0.756161
controlled,102,3,any,state-markov,1,939,hmc_in,oracle,state,,rest,12,0.746017,0.663048,0.461913,1,3.8231,0.756161
controlled,102,3,any,state-markov,1,939,hmc_in,oracle,state,,locomotion,301,0.935117,0.543267,0.437704,0.933555,2.55121,0.756161
controlled,102,3,any,state-markov,1,939,hmc_in,oracle,state,,vigorous,494,0.539395,0.390597,0.295458,0.979757,2.29793,0.756161
controlled,102,3,any,state-markov,1,939,hmc_in,oracle,state,,transient,132,0.898878,0.69033,0.499707,0.909091,3.03848,0.756161
controlled,102,3,any,state-markov,1,939,hmc_in,oracle,state-markov,,all,939,0.688137,0.468395,0.354522,0.966986,2.52197,0.751748
controlled,102,3,any,state-markov,1,939,hmc_in,oracle,state-markov,,rest,12,0.739336,0.652299,0.458408,1,3.84406,0.751748
controlled,102,3,any,state-markov,1,939,hmc_in,oracle,state-markov,,locomotion,301,0.804857,0.504015,0.392263,0.956811,2.58492,0.751748
controlled,102,3,any,state-markov,1,939,hmc_in,oracle,state-markov,,vigorous,494,0.532118,0.386542,0.292505,0.983806,2.30516,0.751748
controlled,102,3,any,state-markov,1,939,hmc_in,oracle,state-markov,,transient,132,0.884311,0.676778,0.491109,0.924242,3.06963,0.751748
controlled,102,3,any,state-markov,1,939,pmc_pair,oracle,ignorable,,all,939,0.464348,0.345592,0.250572,0.896699,1.50482,2.8843
controlled,102,3,any,state-markov,1,939,pmc_pair,oracle,ignorable,,rest,12,0.375865,0.286758,0.193992,0.75,1.01184,2.8843
controlled,102,3,any,state-markov,1,939,pmc_pair,oracle,ignorable,,locomotion,301,0.477617,0.348235,0.256436,0.910299,1.64238,2.8843
controlled,102,3,any,state-markov,1,939,pmc_pair,oracle,ignorable,,vigorous,494,0.42015,0.318733,0.228055,0.919028,1.44804,2.8843
controlled,102,3,any,state-markov,1,939,pmc_pair,oracle,ignorable,,transient,132,0.583249,0.445428,0.326613,0.795455,1.4485,2.8843
controlled,102,3,any,state-markov,1,939,pmc_pair,oracle,state,,all,939,0.591032,0.380076,0.284114,0.874334,1.46256,2.92755
controlled,102,3,any,state-markov,1,939,pmc_pair,oracle,state,,rest,12,0.37573,0.286615,0.19791,0.75,1.01186,2.92755
controlled,102,3,any,state-markov,1,939,pmc_pair,oracle,state,,locomotion,301,0.758091,0.445502,0.343756,0.863787,1.62953,2.92755
controlled,102,3,any,state-markov,1,939,pmc_pair,oracle,state,,vigorous,494,0.458037,0.320185,0.234146,0.906883,1.36244,2.92755
controlled,102,3,any,state-markov,1,939,pmc_pair,oracle,state,,transient,132,0.613549,0.463514,0.342952,0.787879,1.49745,2.92755
controlled,102,3,any,state-markov,1,939,pmc_pair,oracle,state-markov,,all,939,0.512873,0.358986,0.268083,0.880724,1.45095,2.85448
controlled,102,3,any,state-markov,1,939,pmc_pair,oracle,state-markov,,rest,12,0.375778,0.286657,0.194637,0.75,1.01186,2.85448
controlled,102,3,any,state-markov,1,939,pmc_pair,oracle,state-markov,,locomotion,301,0.558568,0.387199,0.291942,0.877076,1.61019,2.85448
controlled,102,3,any,state-markov,1,939,pmc_pair,oracle,state-markov,,vigorous,494,0.455665,0.319202,0.234382,0.908907,1.36564,2.85448
controlled,102,3,any,state-markov,1,939,pmc_pair,oracle,state-markov,,transient,132,0.608138,0.450118,0.346475,0.795455,1.44703,2.85448
controlled,102,3,any,state-markov,1,939,hmc_in,unsupervised,ignorable,start,all,939,0.691169,0.557733,0.391469,0.842386,1.96473,0.731536
controlled,102,3,any,state-markov,1,939,hmc_in,unsupervised,ignorable,start,rest,12,0.287261,0.217345,0.161248,0.916667,1.30186,0.731536
controlled,102,3,any,state-markov,1,939,hmc_in,unsupervised,ignorable,start,locomotion,301,0.509353,0.383952,0.275225,0.976744,2.03249,0.731536
controlled,102,3,any,state-markov,1,939,hmc_in,unsupervised,ignorable,start,vigorous,494,0.795325,0.682823,0.47441,0.742915,1.89059,0.731536
controlled,102,3,any,state-markov,1,939,hmc_in,unsupervised,ignorable,start,transient,132,0.657223,0.516808,0.367067,0.901515,2.14795,0.731536
controlled,102,3,any,state-markov,1,939,hmc_in,unsupervised,state,start,all,939,0.792263,0.594179,0.432468,0.820021,1.87243,0.751363
controlled,102,3,any,state-markov,1,939,hmc_in,unsupervised,state,start,rest,12,0.322481,0.242257,0.183509,0.916667,1.3574,0.751363
controlled,102,3,any,state-markov,1,939,hmc_in,unsupervised,state,start,locomotion,301,0.809584,0.497142,0.382738,0.923588,1.91077,0.751363
controlled,102,3,any,state-markov,1,939,hmc_in,unsupervised,state,start,vigorous,494,0.785073,0.66026,0.468207,0.744939,1.80003,0.751363
controlled,102,3,any,state-markov,1,939,hmc_in,unsupervised,state,start,transient,132,0.808991,0.600143,0.434752,0.856061,2.10277,0.751363
controlled,102,3,any,state-markov,1,939,hmc_in,unsupervised,state-markov,start,all,939,0.736987,0.571359,0.406891,0.834931,1.90327,0.722488
controlled,102,3,any,state-markov,1,939,hmc_in,unsupervised,state-markov,start,rest,12,0.302746,0.228535,0.157205,0.916667,1.32756,0.722488
controlled,102,3,any,state-markov,1,939,hmc_in,unsupervised,state-markov,start,locomotion,301,0.641717,0.423532,0.305908,0.966777,1.97368,0.722488
controlled,102,3,any,state-markov,1,939,hmc_in,unsupervised,state-markov,start,vigorous,494,0.790469,0.667914,0.471308,0.742915,1.82082,0.722488
controlled,102,3,any,state-markov,1,939,hmc_in,unsupervised,state-markov,start,transient,132,0.760254,0.578263,0.418784,0.871212,2.10361,0.722488
controlled,102,3,any,state-markov,1,939,hmc_in,unsupervised,state,ignorable fit,all,939,0.795219,0.598603,0.432788,0.820021,1.88574,0.811064
controlled,102,3,any,state-markov,1,939,hmc_in,unsupervised,state,ignorable fit,rest,12,0.303363,0.229201,0.157778,0.916667,1.33597,0.811064
controlled,102,3,any,state-markov,1,939,hmc_in,unsupervised,state,ignorable fit,locomotion,301,0.806858,0.496949,0.378497,0.92691,1.92007,0.811064
controlled,102,3,any,state-markov,1,939,hmc_in,unsupervised,state,ignorable fit,vigorous,494,0.793697,0.670065,0.471929,0.742915,1.81819,0.811064
controlled,102,3,any,state-markov,1,939,hmc_in,unsupervised,state,ignorable fit,transient,132,0.804999,0.596547,0.435102,0.856061,2.11024,0.811064
controlled,102,3,any,state-markov,1,939,hmc_in,unsupervised,state-markov,ignorable fit,all,939,0.740938,0.57482,0.411802,0.834931,1.91134,0.759095
controlled,102,3,any,state-markov,1,939,hmc_in,unsupervised,state-markov,ignorable fit,rest,12,0.291552,0.22057,0.161188,0.916667,1.31375,0.759095
controlled,102,3,any,state-markov,1,939,hmc_in,unsupervised,state-markov,ignorable fit,locomotion,301,0.646786,0.425084,0.31388,0.963455,1.97709,0.759095
controlled,102,3,any,state-markov,1,939,hmc_in,unsupervised,state-markov,ignorable fit,vigorous,494,0.795763,0.674203,0.476826,0.742915,1.8341,0.759095
controlled,102,3,any,state-markov,1,939,hmc_in,unsupervised,state-markov,ignorable fit,transient,132,0.7575,0.576535,0.414529,0.878788,2.10481,0.759095
controlled,102,3,any,state-markov,2,943,hmc_in,oracle,ignorable,,all,943,0.609186,0.440375,0.330907,0.972428,2.61397,0.798261
controlled,102,3,any,state-markov,2,943,hmc_in,oracle,ignorable,,rest,16,0.877343,0.813736,0.521107,0.9375,3.89276,0.798261
controlled,102,3,any,state-markov,2,943,hmc_in,oracle,ignorable,,locomotion,296,0.535084,0.390825,0.30406,0.952703,2.52158,0.798261
controlled,102,3,any,state-markov,2,943,hmc_in,oracle,ignorable,,vigorous,483,0.485615,0.368159,0.279539,0.99793,2.3687,0.798261
controlled,102,3,any,state-markov,2,943,hmc_in,oracle,ignorable,,transient,148,0.969076,0.73479,0.531677,0.932432,3.46092,0.798261
controlled,102,3,any,state-markov,2,943,hmc_in,oracle,state,,all,943,0.606976,0.435444,0.330777,0.967126,2.54777,0.778616
controlled,102,3,any,state-markov,2,943,hmc_in,oracle,state,,rest,16,0.863504,0.825372,0.525081,0.9375,3.79567,0.778616
controlled,102,3,any,state-markov,2,943,hmc_in,oracle,state,,locomotion,296,0.528871,0.385855,0.303324,0.956081,2.49952,0.778616
controlled,102,3,any,state-markov,2,943,hmc_in,oracle,state,,vigorous,483,0.518349,0.376048,0.285183,0.989648,2.3208,0.778616
controlled,102,3,any,state-markov,2,943,hmc_in,oracle,state,,transient,148,0.911347,0.686307,0.513472,0.918919,3.25006,0.778616
controlled,102,3,any,state-markov,2,943,hmc_in,oracle,state-markov,,all,943,0.60406,0.435405,0.330978,0.969247,2.54965,0.72572
controlled,102,3,any,state-markov,2,943,hmc_in,oracle,state-markov,,rest,16,0.853691,0.812836,0.506166,0.9375,3.81969,0.72572
controlled,102,3,any,state-markov,2,943,hmc_in,oracle,state-markov,,locomotion,296,0.528962,0.386759,0.304334,0.959459,2.50094,0.72572
controlled,102,3,any,state-markov,2,943,hmc_in,oracle,state-markov,,vigorous,483,0.51861,0.376443,0.28904,0.989648,2.321,0.72572
controlled,102,3,any,state-markov,2,943,hmc_in,oracle,state-markov,,transient,148,0.899335,0.684319,0.502196,0.925676,3.25599,0.72572
controlled,102,3,any,state-markov,2,943,pmc_pair,oracle,ignorable,,all,943,0.483899,0.354307,0.258207,0.892895,1.49333,3.04669
controlled,102,3,any,state-markov,2,943,pmc_pair,oracle,ignorable,,rest,16,0.445613,0.251924,0.179106,0.8125,1.0381,3.04669
controlled,102,3,any,state-markov,2,943,pmc_pair,oracle,ignorable,,locomotion,296,0.477782,0.364315,0.264184,0.902027,1.56501,3.04669
controlled,102,3,any,state-markov,2,943,pmc_pair,oracle,ignorable,,vigorous,483,0.408043,0.308666,0.226977,0.917184,1.40471,3.04669
controlled,102,3,any,state-markov,2,943,pmc_pair,oracle,ignorable,,transient,148,0.685989,0.494312,0.356723,0.804054,1.68842,3.04669
controlled,102,3,any,state-markov,2,943,pmc_pair,oracle,state,,all,943,0.485723,0.355662,0.26072,0.886532,1.45813,3.0751
controlled,102,3,any,state-markov,2,943,pmc_pair,oracle,state,,rest,16,0.441222,0.244379,0.18788,0.8125,0.976301,3.0751
controlled,102,3,any,state-markov,2,943,pmc_pair,oracle,state,,locomotion,296,0.46474,0.350934,0.258745,0.89527,1.51903,3.0751
controlled,102,3,any,state-markov,2,943,pmc_pair,oracle,state,,vigorous,483,0.417032,0.313805,0.228917,0.906832,1.37943,3.0751
controlled,102,3,any,state-markov,2,943,pmc_pair,oracle,state,,transient,148,0.694728,0.513749,0.376335,0.810811,1.64524,3.0751
controlled,102,3,any,state-markov,2,943,pmc_pair,oracle,state-markov,,all,943,0.481415,0.353504,0.259392,0.888653,1.44112,3.05784
controlled,102,3,any,state-markov,2,943,pmc_pair,oracle,state-markov,,rest,16,0.442889,0.246172,0.185576,0.8125,0.984013,3.05784
controlled,102,3,any,state-markov,2,943,pmc_pair,oracle,state-markov,,locomotion,296,0.468306,0.355971,0.260672,0.898649,1.52123,3.05784
controlled,102,3,any,state-markov,2,943,pmc_pair,oracle,state-markov,,vigorous,483,0.421001,0.311763,0.229285,0.908903,1.3723,3.05784
controlled,102,3,any,state-markov,2,943,pmc_pair,oracle,state-markov,,transient,148,0.66214,0.496394,0.363068,0.810811,1.55489,3.05784
controlled,102,3,any,state-markov,2,943,hmc_in,unsupervised,ignorable,start,all,943,0.698091,0.559444,0.396469,0.839873,1.99965,0.774858
controlled,102,3,any,state-markov,2,943,hmc_in,unsupervised,ignorable,start,rest,16,0.50177,0.292723,0.224307,0.875,1.45794,0.774858
controlled,102,3,any,state-markov,2,943,hmc_in,unsupervised,ignorable,start,locomotion,296,0.472598,0.360976,0.270631,0.959459,2.00169,0.774858
controlled,102,3,any,state-markov,2,943,hmc_in,unsupervised,ignorable,start,vigorous,483,0.796543,0.682053,0.474281,0.745342,1.89748,0.774858
controlled,102,3,any,state-markov,2,943,hmc_in,unsupervised,ignorable,start,transient,148,0.748686,0.58508,0.412817,0.905405,2.38756,0.774858
controlled,102,3,any,state-markov,2,943,hmc_in,unsupervised,state,start,all,943,0.732024,0.576932,0.410475,0.823966,1.90169,0.779564
controlled,102,3,any,state-markov,2,943,hmc_in,unsupervised,state,start,rest,16,0.435988,0.280161,0.221852,0.875,1.44534,0.779564
controlled,102,3,any,state-markov,2,943,hmc_in,unsupervised,state,start,locomotion,296,0.531624,0.38771,0.287902,0.932432,1.85701,0.779564
controlled,102,3,any,state-markov,2,943,hmc_in,unsupervised,state,start,vigorous,483,0.787559,0.665554,0.466271,0.745342,1.81122,0.779564
controlled,102,3,any,state-markov,2,943,hmc_in,unsupervised,state,start,transient,148,0.896829,0.698242,0.493925,0.858108,2.3356,0.779564
controlled,102,3,any,state-markov,2,943,hmc_in,unsupervised,state-markov,start,all,943,0.702289,0.561882,0.398381,0.840933,1.93764,0.782051
controlled,102,3,any,state-markov,2,943,hmc_in,unsupervised,state-markov,start,rest,16,0.447026,0.281688,0.21366,0.875,1.45542,0.782051
controlled,102,3,any,state-markov,2,943,hmc_in,unsupervised,state-markov,start,locomotion,296,0.501101,0.373119,0.276656,0.949324,1.91154,0.782051
controlled,102,3,any,state-markov,2,943,hmc_in,unsupervised,state-markov,start,vigorous,483,0.786227,0.66557,0.467068,0.747412,1.83243,0.782051
controlled,102,3,any,state-markov,2,943,hmc_in,unsupervised,state-markov,start,transient,148,0.775494,0.631313,0.437639,0.925676,2.38535,0.782051
controlled,102,3,any,state-markov,2,943,hmc_in,unsupervised,state,ignorable fit,all,943,0.732885,0.578525,0.413996,0.826087,1.91375,0.850778
controlled,102,3,any,state-markov,2,943,hmc_in,unsupervised,state,ignorable fit,rest,16,0.440361,0.281059,0.219381,0.875,1.44163,0.850778
controlled,102,3,any,state-markov,2,943,hmc_in,unsupervised,state,ignorable fit,locomotion,296,0.528536,0.385053,0.286498,0.932432,1.87304,0.850778
controlled,102,3,any,state-markov,2,943,hmc_in,unsupervised,state,ignorable fit,vigorous,483,0.793613,0.672883,0.47542,0.747412,1.82788,0.850778
controlled,102,3,any,state-markov,2,943,hmc_in,unsupervised,state,ignorable fit,transient,148,0.887261,0.68969,0.48957,0.864865,2.32646,0.850778
controlled,102,3,any,state-markov,2,943,hmc_in,unsupervised,state-markov,ignorable fit,all,943,0.70471,0.563691,0.399192,0.838812,1.94553,0.863851
controlled,102,3,any,state-markov,2,943,hmc_in,unsupervised,state-markov,ignorable fit,rest,16,0.447393,0.280797,0.205682,0.875,1.44976,0.863851
controlled,102,3,any,state-markov,2,943,hmc_in,unsupervised,state-markov,ignorable fit,locomotion,296,0.499176,0.370714,0.275651,0.945946,1.92149,0.863851
controlled,102,3,any,state-markov,2,943,hmc_in,unsupervised,state-markov,ignorable fit,vigorous,483,0.79186,0.67197,0.470674,0.747412,1.84475,0.863851
controlled,102,3,any,state-markov,2,943,hmc_in,unsupervised,state-markov,ignorable fit,transient,148,0.773238,0.626857,0.433911,0.918919,2.37608,0.863851
controlled,102,3,any,state-markov,3,938,hmc_in,oracle,ignorable,,all,938,0.57051,0.43143,0.323956,0.978678,2.58614,0.832625
controlled,102,3,any,state-markov,3,938,hmc_in,oracle,ignorable,,rest,21,0.775874,0.707441,0.453178,1,3.85158,0.832625
controlled,102,3,any,state-markov,3,938,hmc_in,oracle,ignorable,,locomotion,287,0.481701,0.365103,0.289139,0.97561,2.54886,0.832625
controlled,102,3,any,state-markov,3,938,hmc_in,oracle,ignorable,,vigorous,498,0.514618,0.396938,0.296666,0.991968,2.356,0.832625
controlled,102,3,any,state-markov,3,938,hmc_in,oracle,ignorable,,transient,132,0.844678,0.661863,0.482056,0.931818,3.33418,0.832625
controlled,102,3,any,state-markov,3,938,hmc_in,oracle,state,,all,938,0.639769,0.46582,0.34427,0.974414,2.56288,0.79104
controlled,102,3,any,state-markov,3,938,hmc_in,oracle,state,,rest,21,0.774455,0.706621,0.456202,1,3.85394,0.79104
controlled,102,3,any,state-markov,3,938,hmc_in,oracle,state,,locomotion,287,0.504445,0.382617,0.295864,0.982578,2.56408,0.79104
controlled,102,3,any,state-markov,3,938,hmc_in,oracle,state,,vigorous,498,0.567219,0.414221,0.310663,0.97992,2.30631,0.79104
controlled,102,3,any,state-markov,3,938,hmc_in,oracle,state,,transient,132,1.02275,0.803084,0.558499,0.931818,3.32286,0.79104
controlled,102,3,any,state-markov,3,938,hmc_in,oracle,state-markov,,all,938,0.593494,0.442195,0.329353,0.976546,2.56273,0.777752
controlled,102,3,any,state-markov,3,938,hmc_in,oracle,state-markov,,rest,21,0.775216,0.707063,0.468331,1,3.85268,0.777752
controlled,102,3,any,state-markov,3,938,hmc_in,oracle,state-markov,,locomotion,287,0.488974,0.369848,0.290902,0.982578,2.53241,0.777752
controlled,102,3,any,state-markov,3,938,hmc_in,oracle,state-markov,,vigorous,498,0.558036,0.41036,0.305445,0.983936,2.31545,0.777752
controlled,102,3,any,state-markov,3,938,hmc_in,oracle,state-markov,,transient,132,0.844217,0.677465,0.481038,0.931818,3.35633,0.777752
controlled,102,3,any,state-markov,3,938,pmc_pair,oracle,ignorable,,all,938,0.488102,0.359235,0.258044,0.891258,1.46786,2.99815
controlled,102,3,any,state-markov,3,938,pmc_pair,oracle,ignorable,,rest,21,0.39599,0.3054,0.207984,0.857143,0.993236,2.99815
controlled,102,3,any,state-markov,3,938,pmc_pair,oracle,ignorable,,locomotion,287,0.457801,0.328008,0.2439,0.940767,1.5471,2.99815
controlled,102,3,any,state-markov,3,938,pmc_pair,oracle,ignorable,,vigorous,498,0.459283,0.346254,0.242298,0.899598,1.4272,2.99815
controlled,102,3,any,state-markov,3,938,pmc_pair,oracle,ignorable,,transient,132,0.645383,0.484666,0.356167,0.757576,1.52445,2.99815
controlled,102,3,any,state-markov,3,938,pmc_pair,oracle,state,,all,938,0.52448,0.366629,0.26752,0.886994,1.43419,3.05907
controlled,102,3,any,state-markov,3,938,pmc_pair,oracle,state,,rest,21,0.394972,0.303895,0.210709,0.857143,0.991044,3.05907
controlled,102,3,any,state-markov,3,938,pmc_pair,oracle,state,,locomotion,287,0.405227,0.315104,0.226718,0.958188,1.54613,3.05907
controlled,102,3,any,state-markov,3,938,pmc_pair,oracle,state,,vigorous,498,0.470782,0.342629,0.246631,0.891566,1.34514,3.05907
controlled,102,3,any,state-markov,3,938,pmc_pair,oracle,state,,transient,132,0.858317,0.57918,0.444081,0.719697,1.59726,3.05907
controlled,102,3,any,state-markov,3,938,pmc_pair,oracle,state-markov,,all,938,0.504688,0.360944,0.26233,0.895522,1.44522,3.0866
controlled,102,3,any,state-markov,3,938,pmc_pair,oracle,state-markov,,rest,21,0.394839,0.303817,0.213264,0.857143,0.991085,3.0866
controlled,102,3,any,state-markov,3,938,pmc_pair,oracle,state-markov,,locomotion,287,0.409354,0.311255,0.225519,0.954704,1.54584,3.0866
controlled,102,3,any,state-markov,3,938,pmc_pair,oracle,state-markov,,vigorous,498,0.450198,0.337235,0.242783,0.899598,1.35009,3.0866
controlled,102,3,any,state-markov,3,938,pmc_pair,oracle,state-markov,,transient,132,0.810057,0.567518,0.423916,0.757576,1.65756,3.0866
controlled,102,3,any,state-markov,3,938,hmc_in,unsupervised,ignorable,start,all,938,0.694676,0.551059,0.392553,0.828358,1.93989,0.77462
controlled,102,3,any,state-markov,3,938,hmc_in,unsupervised,ignorable,start,rest,21,0.407715,0.313752,0.204106,0.952381,1.65576,0.77462
controlled,102,3,any,state-markov,3,938,hmc_in,unsupervised,ignorable,start,locomotion,287,0.432267,0.338854,0.255883,0.97561,1.95622,0.77462
controlled,102,3,any,state-markov,3,938,hmc_in,unsupervised,ignorable,start,vigorous,498,0.813954,0.688886,0.478741,0.7249,1.88541,0.77462
controlled,102,3,any,state-markov,3,938,hmc_in,unsupervised,ignorable,start,transient,132,0.704968,0.530215,0.394526,0.878788,2.15515,0.77462
controlled,102,3,any,state-markov,3,938,hmc_in,unsupervised,state,start,all,938,0.733299,0.56939,0.410841,0.807036,1.851,0.83486
controlled,102,3,any,state-markov,3,938,hmc_in,unsupervised,state,start,rest,21,0.442215,0.335587,0.221754,0.952381,1.74432,0.83486
controlled,102,3,any,state-markov,3,938,hmc_in,unsupervised,state,start,locomotion,287,0.49546,0.380133,0.272264,0.944251,1.82662,0.83486
controlled,102,3,any,state-markov,3,938,hmc_in,unsupervised,state,start,vigorous,498,0.79604,0.664134,0.470729,0.720884,1.80099,0.83486
controlled,102,3,any,state-markov,3,938,hmc_in,unsupervised,state,start,transient,132,0.930365,0.660637,0.516283,0.810606,2.10967,0.83486
controlled,102,3,any,state-markov,3,938,hmc_in,unsupervised,state-markov,start,all,938,0.702263,0.555715,0.398721,0.812367,1.87932,0.995776
controlled,102,3,any,state-markov,3,938,hmc_in,unsupervised,state-markov,start,rest,21,0.450779,0.341886,0.220815,0.952381,1.71366,0.995776
controlled,102,3,any,state-markov,3,938,hmc_in,unsupervised,state-markov,start,locomotion,287,0.466439,0.364436,0.265555,0.95122,1.85552,0.995776
controlled,102,3,any,state-markov,3,938,hmc_in,unsupervised,state-markov,start,vigorous,498,0.784818,0.660664,0.469621,0.722892,1.8295,0.995776
controlled,102,3,any,state-markov,3,938,hmc_in,unsupervised,state-markov,start,transient,132,0.821813,0.609676,0.449072,0.825758,2.14534,0.995776
controlled,102,3,any,state-markov,3,938,hmc_in,unsupervised,state,ignorable fit,all,938,0.735703,0.572973,0.414806,0.808102,1.86796,0.832982
controlled,102,3,any,state-markov,3,938,hmc_in,unsupervised,state,ignorable fit,rest,21,0.433338,0.332545,0.220549,0.952381,1.72415,0.832982
controlled,102,3,any,state-markov,3,938,hmc_in,unsupervised,state,ignorable fit,locomotion,287,0.491923,0.378185,0.272306,0.944251,1.84094,0.832982
controlled,102,3,any,state-markov,3,938,hmc_in,unsupervised,state,ignorable fit,vigorous,498,0.803488,0.673091,0.480567,0.720884,1.8197,0.832982
controlled,102,3,any,state-markov,3,938,hmc_in,unsupervised,state,ignorable fit,transient,132,0.924426,0.657024,0.507446,0.818182,2.13163,0.832982
controlled,102,3,any,state-markov,3,938,hmc_in,unsupervised,state-markov,ignorable fit,all,938,0.700733,0.557411,0.397955,0.814499,1.89264,0.798052
controlled,102,3,any,state-markov,3,938,hmc_in,unsupervised,state-markov,ignorable fit,rest,21,0.442449,0.337679,0.227695,0.952381,1.69336,0.798052
controlled,102,3,any,state-markov,3,938,hmc_in,unsupervised,state-markov,ignorable fit,locomotion,287,0.461525,0.360588,0.260011,0.954704,1.87124,0.798052
controlled,102,3,any,state-markov,3,938,hmc_in,unsupervised,state-markov,ignorable fit,vigorous,498,0.791423,0.669284,0.474395,0.722892,1.84672,0.798052
controlled,102,3,any,state-markov,3,938,hmc_in,unsupervised,state-markov,ignorable fit,transient,132,0.794952,0.598239,0.436581,0.833333,2.14415,0.798052
controlled,102,3,any,state-markov,4,960,hmc_in,oracle,ignorable,,all,960,0.58054,0.426803,0.320737,0.979167,2.59274,0.794169
controlled,102,3,any,state-markov,4,960,hmc_in,oracle,ignorable,,rest,13,0.866704,0.838866,0.502098,1,3.97946,0.794169
controlled,102,3,any,state-markov,4,960,hmc_in,oracle,ignorable,,locomotion,325,0.471422,0.354051,0.281617,0.987692,2.58589,0.794169
controlled,102,3,any,state-markov,4,960,hmc_in,oracle,ignorable,,vigorous,487,0.495116,0.383558,0.285146,0.995893,2.37189,0.794169
controlled,102,3,any,state-markov,4,960,hmc_in,oracle,ignorable,,transient,135,0.951295,0.718266,0.525843,0.896296,3.27244,0.794169
controlled,102,3,any,state-markov,4,960,hmc_in,oracle,state,,all,960,0.687462,0.463118,0.354076,0.963542,2.52465,0.783872
controlled,102,3,any,state-markov,4,960,hmc_in,oracle,state,,rest,13,0.851558,0.808249,0.513459,1,3.8232,0.783872
controlled,102,3,any,state-markov,4,960,hmc_in,oracle,state,,locomotion,325,0.473307,0.353462,0.28343,0.984615,2.5025,0.783872
controlled,102,3,any,state-markov,4,960,hmc_in,oracle,state,,vigorous,487,0.576521,0.413899,0.308957,0.98152,2.33007,0.783872
controlled,102,3,any,state-markov,4,960,hmc_in,oracle,state,,transient,135,1.24603,0.871425,0.671566,0.844444,3.15485,0.783872
controlled,102,3,any,state-markov,4,960,hmc_in,oracle,state-markov,,all,960,0.614095,0.441896,0.331421,0.96875,2.53103,0.751925
controlled,102,3,any,state-markov,4,960,hmc_in,oracle,state-markov,,rest,13,0.85007,0.801223,0.520279,1,3.85756,0.751925
controlled,102,3,any,state-markov,4,960,hmc_in,oracle,state-markov,,locomotion,325,0.477413,0.358578,0.281288,0.984615,2.48977,0.751925
controlled,102,3,any,state-markov,4,960,hmc_in,oracle,state-markov,,vigorous,487,0.531412,0.398388,0.298413,0.983573,2.32444,0.751925
controlled,102,3,any,state-markov,4,960,hmc_in,oracle,state-markov,,transient,135,1.02209,0.764825,0.552999,0.874074,3.24787,0.751925
controlled,102,3,any,state-markov,4,960,pmc_pair,oracle,ignorable,,all,960,0.48657,0.353672,0.258395,0.8875,1.48046,2.85501
controlled,102,3,any,state-markov,4,960,pmc_pair,oracle,ignorable,,rest,13,0.3437,0.261342,0.180657,0.923077,1.08325,2.85501
controlled,102,3,any,state-markov,4,960,pmc_pair,oracle,ignorable,,locomotion,325,0.486043,0.340012,0.25642,0.907692,1.67015,2.85501
controlled,102,3,any,state-markov,4,960,pmc_pair,oracle,ignorable,,vigorous,487,0.421606,0.332224,0.233607,0.901437,1.3744,2.85501
controlled,102,3,any,state-markov,4,960,pmc_pair,oracle,ignorable,,transient,135,0.67988,0.472822,0.360054,0.785185,1.44463,2.85501
controlled,102,3,any,state-markov,4,960,pmc_pair,oracle,state,,all,960,0.556268,0.375869,0.278128,0.875,1.45524,3.12104
controlled,102,3,any,state-markov,4,960,pmc_pair,oracle,state,,rest,13,0.33953,0.25841,0.17296,0.923077,1.07819,3.12104
controlled,102,3,any,state-markov,4,960,pmc_pair,oracle,state,,locomotion,325,0.441406,0.330323,0.247185,0.907692,1.61437,3.12104
controlled,102,3,any,state-markov,4,960,pmc_pair,oracle,state,,vigorous,487,0.462612,0.342598,0.242931,0.893224,1.36166,3.12104
controlled,102,3,any,state-markov,4,960,pmc_pair,oracle,state,,transient,135,0.973775,0.61685,0.48972,0.725926,1.44609,3.12104
controlled,102,3,any,state-markov,4,960,pmc_pair,oracle,state-markov,,all,960,0.51164,0.364023,0.265086,0.8875,1.47407,3.34737
controlled,102,3,any,state-markov,4,960,pmc_pair,oracle,state-markov,,rest,13,0.33995,0.258714,0.170349,0.923077,1.08072,3.34737
controlled,102,3,any,state-markov,4,960,pmc_pair,oracle,state-markov,,locomotion,325,0.4278,0.32083,0.24022,0.913846,1.61409,3.34737
controlled,102,3,any,state-markov,4,960,pmc_pair,oracle,state-markov,,vigorous,487,0.45031,0.339307,0.239642,0.897331,1.365,3.34737
controlled,102,3,any,state-markov,4,960,pmc_pair,oracle,state-markov,,transient,135,0.823585,0.56731,0.425856,0.785185,1.5683,3.34737
controlled,102,3,any,state-markov,4,960,hmc_in,unsupervised,ignorable,start,all,960,0.686827,0.547231,0.389235,0.830208,1.96477,0.879802
controlled,102,3,any,state-markov,4,960,hmc_in,unsupervised,ignorable,start,rest,13,0.234549,0.201706,0.155357,1,1.39939,0.879802
controlled,102,3,any,state-markov,4,960,hmc_in,unsupervised,ignorable,start,locomotion,325,0.461346,0.35429,0.259211,0.978462,2.05555,0.879802
controlled,102,3,any,state-markov,4,960,hmc_in,unsupervised,ignorable,start,vigorous,487,0.805114,0.692596,0.485958,0.710472,1.87743,0.879802
controlled,102,3,any,state-markov,4,960,hmc_in,unsupervised,ignorable,start,transient,135,0.706038,0.520599,0.375858,0.888889,2.11574,0.879802
controlled,102,3,any,state-markov,4,960,hmc_in,unsupervised,state,start,all,960,0.720634,0.561212,0.40329,0.821875,1.87741,0.774844
controlled,102,3,any,state-markov,4,960,hmc_in,unsupervised,state,start,rest,13,0.224164,0.19348,0.15147,1,1.41176,0.774844
controlled,102,3,any,state-markov,4,960,hmc_in,unsupervised,state,start,locomotion,325,0.511923,0.374324,0.274127,0.953846,1.82702,0.774844
controlled,102,3,any,state-markov,4,960,hmc_in,unsupervised,state,start,vigorous,487,0.806872,0.684177,0.486211,0.714579,1.82571,0.774844
controlled,102,3,any,state-markov,4,960,hmc_in,unsupervised,state,start,transient,135,0.841772,0.602955,0.439355,0.874074,2.2301,0.774844
controlled,102,3,any,state-markov,4,960,hmc_in,unsupervised,state-markov,start,all,960,0.682911,0.541254,0.385728,0.828125,1.8929,0.890746
controlled,102,3,any,state-markov,4,960,hmc_in,unsupervised,state-markov,start,rest,13,0.220346,0.189898,0.152569,1,1.40545,0.890746
controlled,102,3,any,state-markov,4,960,hmc_in,unsupervised,state-markov,start,locomotion,325,0.452974,0.352665,0.255453,0.969231,1.91294,0.890746
controlled,102,3,any,state-markov,4,960,hmc_in,unsupervised,state-markov,start,vigorous,487,0.795473,0.678767,0.478775,0.712526,1.83361,0.890746
controlled,102,3,any,state-markov,4,960,hmc_in,unsupervised,state-markov,start,transient,135,0.731482,0.533034,0.386148,0.888889,2.1055,0.890746
controlled,102,3,any,state-markov,4,960,hmc_in,unsupervised,state,ignorable fit,all,960,0.720172,0.562604,0.403086,0.822917,1.88764,0.865426
controlled,102,3,any,state-markov,4,960,hmc_in,unsupervised,state,ignorable fit,rest,13,0.225848,0.193862,0.156195,1,1.40639,0.865426
controlled,102,3,any,state-markov,4,960,hmc_in,unsupervised,state,ignorable fit,locomotion,325,0.506762,0.371822,0.273832,0.953846,1.84067,0.865426
controlled,102,3,any,state-markov,4,960,hmc_in,unsupervised,state,ignorable fit,vigorous,487,0.811159,0.689637,0.487827,0.714579,1.83639,0.865426
controlled,102,3,any,state-markov,4,960,hmc_in,unsupervised,state,ignorable fit,transient,135,0.831509,0.599141,0.432333,0.881481,2.23194,0.865426
controlled,102,3,any,state-markov,4,960,hmc_in,unsupervised,state-markov,ignorable fit,all,960,0.684882,0.543072,0.387576,0.829167,1.90173,0.859459
controlled,102,3,any,state-markov,4,960,hmc_in,unsupervised,state-markov,ignorable fit,rest,13,0.223404,0.191054,0.150974,1,1.40027,0.859459
controlled,102,3,any,state-markov,4,960,hmc_in,unsupervised,state-markov,ignorable fit,locomotion,325,0.450725,0.351388,0.256759,0.969231,1.92584,0.859459
controlled,102,3,any,state-markov,4,960,hmc_in,unsupervised,state-markov,ignorable fit,vigorous,487,0.800053,0.683906,0.482108,0.714579,1.84365,0.859459
controlled,102,3,any,state-markov,4,960,hmc_in,unsupervised,state-markov,ignorable fit,transient,135,0.729821,0.530388,0.384279,0.888889,2.10147,0.859459
controlled,108,2,ge10,state,0,103,hmc_in,oracle,ignorable,,all,103,0.860099,0.710077,0.502192,0.990291,3.82136,0.65456
controlled,108,2,ge10,state,0,103,hmc_in,oracle,ignorable,,rest,5,1.12642,1.03267,0.724746,1,3.94526,0.65456
controlled,108,2,ge10,state,0,103,hmc_in,oracle,ignorable,,locomotion,11,0.529357,0.442253,0.347529,1,3.46357,0.65456
controlled,108,2,ge10,state,0,103,hmc_in,oracle,ignorable,,vigorous,14,1.05836,0.963863,0.608031,0.928571,3.46232,0.65456
controlled,108,2,ge10,state,0,103,hmc_in,oracle,ignorable,,transient,73,0.836563,0.679667,0.489956,1,3.93565,0.65456
controlled,108,2,ge10,state,0,103,hmc_in,oracle,state,,all,103,0.862508,0.712616,0.503893,0.990291,3.7705,0.718362
controlled,108,2,ge10,state,0,103,hmc_in,oracle,state,,rest,5,1.15018,1.05745,0.723519,1,3.85242,0.718362
controlled,108,2,ge10,state,0,103,hmc_in,oracle,state,,locomotion,11,0.529827,0.442579,0.353541,1,3.46271,0.718362
controlled,108,2,ge10,state,0,103,hmc_in,oracle,state,,vigorous,14,1.05836,0.963863,0.634822,0.928571,3.46232,0.718362
controlled,108,2,ge10,state,0,103,hmc_in,oracle,state,,transient,73,0.837802,0.681504,0.486397,1,3.87037,0.718362
controlled,108,2,ge10,state,0,103,hmc_in,oracle,state-markov,,all,103,0.85965,0.70487,0.498935,0.990291,3.79411,0.598817
controlled,108,2,ge10,state,0,103,hmc_in,oracle,state-markov,,rest,5,1.15033,1.0576,0.675569,1,3.85195,0.598817
controlled,108,2,ge10,state,0,103,hmc_in,oracle,state-markov,,locomotion,11,0.529829,0.442581,0.367126,1,3.46271,0.598817
controlled,108,2,ge10,state,0,103,hmc_in,oracle,state-markov,,vigorous,14,1.05836,0.963863,0.622026,0.928571,3.46232,0.598817
controlled,108,2,ge10,state,0,103,hmc_in,oracle,state-markov,,transient,73,0.833633,0.670564,0.483091,1,3.90372,0.598817
controlled,108,2,ge10,state,0,103,hmc_in,unsupervised,ignorable,start,all,103,0.728327,0.525072,0.400872,0.932039,2.94212,0.613886
controlled,108,2,ge10,state,0,103,hmc_in,unsupervised,ignorable,start,rest,5,1.12003,0.936574,0.624,0.8,2.47744,0.613886
controlled,108,2,ge10,state,0,103,hmc_in,unsupervised,ignorable,start,locomotion,11,0.494724,0.40326,0.321452,1,3.32438,0.613886
controlled,108,2,ge10,state,0,103,hmc_in,unsupervised,ignorable,start,vigorous,14,1.35559,1.22756,0.838159,0.714286,3.32438,0.613886
controlled,108,2,ge10,state,0,103,hmc_in,unsupervised,ignorable,start,transient,73,0.522717,0.380519,0.313693,0.972603,2.84303,0.613886
controlled,108,2,ge10,state,0,103,hmc_in,unsupervised,state,start,all,103,0.737797,0.535061,0.401563,0.932039,2.95431,0.640316
controlled,108,2,ge10,state,0,103,hmc_in,unsupervised,state,start,rest,5,1.12177,0.937983,0.575675,0.8,2.47421,0.640316
controlled,108,2,ge10,state,0,103,hmc_in,unsupervised,state,start,locomotion,11,0.49457,0.403209,0.342725,1,3.32264,0.640316
controlled,108,2,ge10,state,0,103,hmc_in,unsupervised,state,start,vigorous,14,1.35511,1.22715,0.789621,0.714286,3.32264,0.640316
controlled,108,2,ge10,state,0,103,hmc_in,unsupervised,state,start,transient,73,0.541138,0.394602,0.324081,0.972603,2.86105,0.640316
controlled,108,2,ge10,state,0,103,hmc_in,unsupervised,state-markov,start,all,103,0.737392,0.534739,0.407232,0.932039,2.95375,0.648358
controlled,108,2,ge10,state,0,103,hmc_in,unsupervised,state-markov,start,rest,5,1.1217,0.937941,0.647813,0.8,2.47438,0.648358
controlled,108,2,ge10,state,0,103,hmc_in,unsupervised,state-markov,start,locomotion,11,0.494565,0.403207,0.339188,1,3.3226,0.648358
controlled,108,2,ge10,state,0,103,hmc_in,unsupervised,state-markov,start,vigorous,14,1.35509,1.22714,0.812736,0.714286,3.3226,0.648358
controlled,108,2,ge10,state,0,103,hmc_in,unsupervised,state-markov,start,transient,73,0.540377,0.394152,0.32324,0.972603,2.86027,0.648358
controlled,108,2,ge10,state,0,103,hmc_in,unsupervised,state,ignorable fit,all,103,0.738432,0.534021,0.411403,0.932039,2.96305,0.767249
controlled,108,2,ge10,state,0,103,hmc_in,unsupervised,state,ignorable fit,rest,5,1.11847,0.933751,0.581511,0.8,2.47419,0.767249
controlled,108,2,ge10,state,0,103,hmc_in,unsupervised,state,ignorable fit,locomotion,11,0.49591,0.403648,0.336521,1,3.33587,0.767249
controlled,108,2,ge10,state,0,103,hmc_in,unsupervised,state,ignorable fit,vigorous,14,1.35923,1.2306,0.853375,0.714286,3.33587,0.767249
controlled,108,2,ge10,state,0,103,hmc_in,unsupervised,state,ignorable fit,transient,73,0.540659,0.392696,0.326273,0.972603,2.86886,0.767249
controlled,108,2,ge10,state,0,103,hmc_in,unsupervised,state-markov,ignorable fit,all,103,0.738025,0.533727,0.402455,0.932039,2.96265,0.689258
controlled,108,2,ge10,state,0,103,hmc_in,unsupervised,state-markov,ignorable fit,rest,5,1.11839,0.933685,0.62975,0.8,2.47433,0.689258
controlled,108,2,ge10,state,0,103,hmc_in,unsupervised,state-markov,ignorable fit,locomotion,11,0.495916,0.40365,0.329839,1,3.33593,0.689258
controlled,108,2,ge10,state,0,103,hmc_in,unsupervised,state-markov,ignorable fit,vigorous,14,1.35925,1.23062,0.794717,0.714286,3.33593,0.689258
controlled,108,2,ge10,state,0,103,hmc_in,unsupervised,state-markov,ignorable fit,transient,73,0.539877,0.392283,0.322601,0.972603,2.86826,0.689258
controlled,108,2,ge10,state,1,115,hmc_in,oracle,ignorable,,all,115,0.807195,0.627461,0.466792,0.973913,3.94012,0.653752
controlled,108,2,ge10,state,1,115,hmc_in,oracle,ignorable,,rest,6,0.746906,0.621389,0.46256,1,4.16081,0.653752
controlled,108,2,ge10,state,1,115,hmc_in,oracle,ignorable,,locomotion,23,0.552331,0.413409,0.356091,1,3.55705,0.653752
controlled,108,2,ge10,state,1,115,hmc_in,oracle,ignorable,,vigorous,2,0.617997,0.600809,0.358657,1,3.46232,0.653752
controlled,108,2,ge10,state,1,115,hmc_in,oracle,ignorable,,transient,84,0.871522,0.687139,0.499979,0.964286,4.04061,0.653752
controlled,108,2,ge10,state,1,115,hmc_in,oracle,state,,all,115,0.900589,0.677585,0.509516,0.973913,3.86751,0.651483
controlled,108,2,ge10,state,1,115,hmc_in,oracle,state,,rest,6,0.769462,0.671266,0.472409,1,4.2513,0.651483
controlled,108,2,ge10,state,1,115,hmc_in,oracle,state,,locomotion,23,0.523753,0.38669,0.33977,1,3.54512,0.651483
controlled,108,2,ge10,state,1,115,hmc_in,oracle,state,,vigorous,2,0.617997,0.600809,0.38764,1,3.46232,0.651483
controlled,108,2,ge10,state,1,115,hmc_in,oracle,state,,transient,84,0.99191,0.759514,0.561546,0.964286,3.93802,0.651483
controlled,108,2,ge10,state,1,115,hmc_in,oracle,state-markov,,all,115,0.912416,0.682071,0.508819,0.956522,3.86105,0.617268
controlled,108,2,ge10,state,1,115,hmc_in,oracle,state-markov,,rest,6,0.766902,0.667168,0.463523,1,4.24658,0.617268
controlled,108,2,ge10,state,1,115,hmc_in,oracle,state-markov,,locomotion,23,0.524253,0.387725,0.340944,1,3.54595,0.617268
controlled,108,2,ge10,state,1,115,hmc_in,oracle,state-markov,,vigorous,2,0.617997,0.600809,0.381383,1,3.46232,0.617268
controlled,108,2,ge10,state,1,115,hmc_in,oracle,state-markov,,transient,84,1.00667,0.765666,0.561054,0.940476,3.92928,0.617268
controlled,108,2,ge10,state,1,115,hmc_in,unsupervised,ignorable,start,all,115,0.742317,0.52119,0.393242,0.947826,3.06744,0.858167
controlled,108,2,ge10,state,1,115,hmc_in,unsupervised,ignorable,start,rest,6,1.03975,0.770316,0.520157,0.833333,2.70825,0.858167
controlled,108,2,ge10,state,1,115,hmc_in,unsupervised,ignorable,start,locomotion,23,0.536172,0.426188,0.327588,1,3.40116,0.858167
controlled,108,2,ge10,state,1,115,hmc_in,unsupervised,ignorable,start,vigorous,2,0.985065,0.974374,0.553073,1,3.34448,0.858167
controlled,108,2,ge10,state,1,115,hmc_in,unsupervised,ignorable,start,transient,84,0.758521,0.518617,0.398348,0.940476,2.99512,0.858167
controlled,108,2,ge10,state,1,115,hmc_in,unsupervised,state,start,all,115,0.739447,0.519097,0.388964,0.947826,3.06605,0.741673
controlled,108,2,ge10,state,1,115,hmc_in,unsupervised,state,start,rest,6,1.03519,0.76473,0.496582,0.833333,2.70662,0.741673
controlled,108,2,ge10,state,1,115,hmc_in,unsupervised,state,start,locomotion,23,0.536267,0.426494,0.346462,1,3.40156,0.741673
controlled,108,2,ge10,state,1,115,hmc_in,unsupervised,state,start,vigorous,2,0.985083,0.974392,0.606909,1,3.34455,0.741673
controlled,108,2,ge10,state,1,115,hmc_in,unsupervised,state,start,transient,84,0.755102,0.516067,0.387725,0.940476,2.99323,0.741673
controlled,108,2,ge10,state,1,115,hmc_in,unsupervised,state-markov,start,all,115,0.717623,0.505804,0.387027,0.947826,3.03999,0.6948
controlled,108,2,ge10,state,1,115,hmc_in,unsupervised,state-markov,start,rest,6,1.03895,0.769118,0.530849,0.833333,2.70846,0.6948
controlled,108,2,ge10,state,1,115,hmc_in,unsupervised,state-markov,start,locomotion,23,0.536861,0.426948,0.349456,1,3.40228,0.6948
controlled,108,2,ge10,state,1,115,hmc_in,unsupervised,state-markov,start,vigorous,2,0.984681,0.973986,0.581608,1,3.34337,0.6948
controlled,108,2,ge10,state,1,115,hmc_in,unsupervised,state-markov,start,transient,84,0.725211,0.49744,0.382409,0.940476,2.95725,0.6948
controlled,108,2,ge10,state,1,115,hmc_in,unsupervised,state,ignorable fit,all,115,0.74891,0.525391,0.394499,0.947826,3.07198,0.670857
controlled,108,2,ge10,state,1,115,hmc_in,unsupervised,state,ignorable fit,rest,6,1.03892,0.768591,0.52292,0.833333,2.70429,0.670857
controlled,108,2,ge10,state,1,115,hmc_in,unsupervised,state,ignorable fit,locomotion,23,0.537089,0.426284,0.341999,1,3.40801,0.670857
controlled,108,2,ge10,state,1,115,hmc_in,unsupervised,state,ignorable fit,vigorous,2,0.988091,0.977433,0.564407,1,3.35283,0.670857
controlled,108,2,ge10,state,1,115,hmc_in,unsupervised,state,ignorable fit,transient,84,0.767153,0.524393,0.395655,0.940476,2.99955,0.670857
controlled,108,2,ge10,state,1,115,hmc_in,unsupervised,state-markov,ignorable fit,all,115,0.737093,0.515166,0.402758,0.947826,3.06692,0.656427
controlled,108,2,ge10,state,1,115,hmc_in,unsupervised,state-markov,ignorable fit,rest,6,1.04403,0.774642,0.516148,0.833333,2.70611,0.656427
controlled,108,2,ge10,state,1,115,hmc_in,unsupervised,state-markov,ignorable fit,locomotion,23,0.537219,0.426185,0.344946,1,3.40801,0.656427
controlled,108,2,ge10,state,1,115,hmc_in,unsupervised,state-markov,ignorable fit,vigorous,2,0.98803,0.977372,0.569579,1,3.35265,0.656427
controlled,108,2,ge10,state,1,115,hmc_in,unsupervised,state-markov,ignorable fit,transient,84,0.750793,0.509991,0.406516,0.940476,2.99249,0.656427
controlled,108,2,ge10,state,2,86,hmc_in,oracle,ignorable,,all,86,0.984859,0.744752,0.545935,0.965116,3.80817,0.647576
controlled,108,2,ge10,state,2,86,hmc_in,oracle,ignorable,,rest,1,1.02583,1.02583,0.545339,1,4.05618,0.647576
controlled,108,2,ge10,state,2,86,hmc_in,oracle,ignorable,,locomotion,16,0.685347,0.452658,0.403614,0.9375,3.46235,0.647576
controlled,108,2,ge10,state,2,86,hmc_in,oracle,ignorable,,vigorous,4,1.0845,0.943076,0.646132,1,3.46232,0.647576
controlled,108,2,ge10,state,2,86,hmc_in,oracle,ignorable,,transient,65,1.03881,0.800123,0.574811,0.969231,3.91077,0.647576
controlled,108,2,ge10,state,2,86,hmc_in,oracle,state,,all,86,1.01795,0.767096,0.557358,0.953488,3.78655,0.657246
controlled,108,2,ge10,state,2,86,hmc_in,oracle,state,,rest,1,1.02583,1.02583,0.603562,1,4.05618,0.657246
controlled,108,2,ge10,state,2,86,hmc_in,oracle,state,,locomotion,16,0.685353,0.452666,0.391725,0.9375,3.46232,0.657246
controlled,108,2,ge10,state,2,86,hmc_in,oracle,state,,vigorous,4,1.0845,0.943076,0.657129,1,3.46232,0.657246
controlled,108,2,ge10,state,2,86,hmc_in,oracle,state,,transient,65,1.0802,0.829684,0.591279,0.953846,3.88217,0.657246
controlled,108,2,ge10,state,2,86,hmc_in,oracle,state-markov,,all,86,1.01809,0.76718,0.555655,0.953488,3.78628,0.638787
controlled,108,2,ge10,state,2,86,hmc_in,oracle,state-markov,,rest,1,1.02583,1.02583,0.488928,1,4.05618,0.638787
controlled,108,2,ge10,state,2,86,hmc_in,oracle,state-markov,,locomotion,16,0.685353,0.452666,0.378907,0.9375,3.46232,0.638787
controlled,108,2,ge10,state,2,86,hmc_in,oracle,state-markov,,vigorous,4,1.0845,0.943076,0.600419,1,3.46232,0.638787
controlled,108,2,ge10,state,2,86,hmc_in,oracle,state-markov,,transient,65,1.08037,0.829795,0.597434,0.953846,3.88181,0.638787
controlled,108,2,ge10,state,2,86,hmc_in,unsupervised,ignorable,start,all,86,0.770466,0.536736,0.398157,0.953488,2.9423,0.639658
controlled,108,2,ge10,state,2,86,hmc_in,unsupervised,ignorable,start,rest,1,0.256057,0.256057,0.151466,1,1.16633,0.639658
controlled,108,2,ge10,state,2,86,hmc_in,unsupervised,ignorable,start,locomotion,16,0.612392,0.402691,0.364986,0.9375,3.34195,0.639658
controlled,108,2,ge10,state,2,86,hmc_in,unsupervised,ignorable,start,vigorous,4,1.402,1.24088,0.787762,0.75,3.34192,0.639658
controlled,108,2,ge10,state,2,86,hmc_in,unsupervised,ignorable,start,transient,65,0.755724,0.530717,0.386141,0.969231,2.84666,0.639658
controlled,108,2,ge10,state,2,86,hmc_in,unsupervised,state,start,all,86,0.765798,0.533069,0.394259,0.953488,2.93555,0.688625
controlled,108,2,ge10,state,2,86,hmc_in,unsupervised,state,start,rest,1,0.255881,0.255881,0.139697,1,1.16612,0.688625
controlled,108,2,ge10,state,2,86,hmc_in,unsupervised,state,start,locomotion,16,0.612408,0.402734,0.358388,0.9375,3.34247,0.688625
controlled,108,2,ge10,state,2,86,hmc_in,unsupervised,state,start,vigorous,4,1.40215,1.24106,0.811469,0.75,3.34244,0.688625
controlled,108,2,ge10,state,2,86,hmc_in,unsupervised,state,start,transient,65,0.749401,0.525847,0.381331,0.969231,2.83757,0.688625
controlled,108,2,ge10,state,2,86,hmc_in,unsupervised,state-markov,start,all,86,0.769759,0.536147,0.39686,0.953488,2.94336,0.627674
controlled,108,2,ge10,state,2,86,hmc_in,unsupervised,state-markov,start,rest,1,0.255958,0.255958,0.142711,1,1.16609,0.627674
controlled,108,2,ge10,state,2,86,hmc_in,unsupervised,state-markov,start,locomotion,16,0.612402,0.402717,0.363982,0.9375,3.34224,0.627674
controlled,108,2,ge10,state,2,86,hmc_in,unsupervised,state-markov,start,vigorous,4,1.40209,1.24099,0.851431,0.75,3.34222,0.627674
controlled,108,2,ge10,state,2,86,hmc_in,unsupervised,state-markov,start,transient,65,0.754759,0.529927,0.380889,0.969231,2.84797,0.627674
controlled,108,2,ge10,state,2,86,hmc_in,unsupervised,state,ignorable fit,all,86,0.766831,0.533928,0.397388,0.953488,2.94245,0.681394
controlled,108,2,ge10,state,2,86,hmc_in,unsupervised,state,ignorable fit,rest,1,0.253766,0.253766,0.143209,1,1.15779,0.681394
controlled,108,2,ge10,state,2,86,hmc_in,unsupervised,state,ignorable fit,locomotion,16,0.612649,0.40332,0.356921,0.9375,3.34883,0.681394
controlled,108,2,ge10,state,2,86,hmc_in,unsupervised,state,ignorable fit,vigorous,4,1.40423,1.2434,0.863149,0.75,3.34881,0.681394
controlled,108,2,ge10,state,2,86,hmc_in,unsupervised,state,ignorable fit,transient,65,0.750521,0.526728,0.382597,0.969231,2.84486,0.681394
controlled,108,2,ge10,state,2,86,hmc_in,unsupervised,state-markov,ignorable fit,all,86,0.770594,0.536801,0.389922,0.953488,2.95388,0.640418
controlled,108,2,ge10,state,2,86,hmc_in,unsupervised,state-markov,ignorable fit,rest,1,0.252223,0.252223,0.162915,1,1.15141,0.640418
controlled,108,2,ge10,state,2,86,hmc_in,unsupervised,state-markov,ignorable fit,locomotion,16,0.612832,0.40375,0.353254,0.9375,3.35345,0.640418
controlled,108,2,ge10,state,2,86,hmc_in,unsupervised,state-markov,ignorable fit,vigorous,4,1.40574,1.24511,0.800125,0.75,3.35343,0.640418
controlled,108,2,ge10,state,2,86,hmc_in,unsupervised,state-markov,ignorable fit,transient,65,0.755401,0.530342,0.377197,0.969231,2.85867,0.640418
controlled,108,2,ge10,state,3,100,hmc_in,oracle,ignorable,,all,100,0.859651,0.663609,0.504385,0.98,3.90219,0.588038
controlled,108,2,ge10,state,3,100,hmc_in,oracle,ignorable,,rest,7,0.780026,0.737769,0.476537,1,4.15264,0.588038
controlled,108,2,ge10,state,3,100,hmc_in,oracle,ignorable,,locomotion,18,0.496082,0.412306,0.35579,1,3.52873,0.588038
controlled,108,2,ge10,state,3,100,hmc_in,oracle,ignorable,,vigorous,10,1.21665,1.07969,0.745907,0.9,3.46232,0.588038
controlled,108,2,ge10,state,3,100,hmc_in,oracle,ignorable,,transient,65,0.880635,0.661202,0.511376,0.984615,4.04631,0.588038
controlled,108,2,ge10,state,3,100,hmc_in,oracle,state,,all,100,0.823486,0.621778,0.489704,0.98,3.91966,0.73646
controlled,108,2,ge10,state,3,100,hmc_in,oracle,state,,rest,7,0.712435,0.642907,0.493663,1,4.35752,0.73646
controlled,108,2,ge10,state,3,100,hmc_in,oracle,state,,locomotion,18,0.484369,0.397157,0.341405,1,3.55795,0.73646
controlled,108,2,ge10,state,3,100,hmc_in,oracle,state,,vigorous,10,1.21665,1.07969,0.748103,0.9,3.46232,0.73646
controlled,108,2,ge10,state,3,100,hmc_in,oracle,state,,transient,65,0.834216,0.611258,0.490592,0.984615,4.04303,0.73646
controlled,108,2,ge10,state,3,100,hmc_in,oracle,state-markov,,all,100,0.823873,0.621942,0.481829,0.98,3.9187,0.669616
controlled,108,2,ge10,state,3,100,hmc_in,oracle,state-markov,,rest,7,0.7113,0.640699,0.482615,1,4.36052,0.669616
controlled,108,2,ge10,state,3,100,hmc_in,oracle,state-markov,,locomotion,18,0.48424,0.396897,0.34082,1,3.55827,0.669616
controlled,108,2,ge10,state,3,100,hmc_in,oracle,state-markov,,vigorous,10,1.21665,1.07969,0.723656,0.9,3.46232,0.669616
controlled,108,2,ge10,state,3,100,hmc_in,oracle,state-markov,,transient,65,0.834928,0.61182,0.483589,0.984615,4.04114,0.669616
controlled,108,2,ge10,state,3,100,hmc_in,unsupervised,ignorable,start,all,100,0.841435,0.627198,0.47864,0.9,3.0507,0.735244
controlled,108,2,ge10,state,3,100,hmc_in,unsupervised,ignorable,start,rest,7,0.772601,0.60149,0.387774,1,2.08796,0.735244
controlled,108,2,ge10,state,3,100,hmc_in,unsupervised,ignorable,start,locomotion,18,0.54772,0.453148,0.355227,1,3.42105,0.735244
controlled,108,2,ge10,state,3,100,hmc_in,unsupervised,ignorable,start,vigorous,10,1.56083,1.4566,1.01415,0.6,3.34044,0.735244
controlled,108,2,ge10,state,3,100,hmc_in,unsupervised,ignorable,start,transient,65,0.753056,0.550566,0.440214,0.907692,3.00725,0.735244
controlled,108,2,ge10,state,3,100,hmc_in,unsupervised,state,start,all,100,0.856834,0.643422,0.480348,0.89,3.05309,0.698281
controlled,108,2,ge10,state,3,100,hmc_in,unsupervised,state,start,rest,7,0.779405,0.617334,0.371532,1,2.15333,0.698281
controlled,108,2,ge10,state,3,100,hmc_in,unsupervised,state,start,locomotion,18,0.564354,0.46293,0.355594,1,3.4152,0.698281
controlled,108,2,ge10,state,3,100,hmc_in,unsupervised,state,start,vigorous,10,1.55991,1.45561,1.03931,0.6,3.33747,0.698281
controlled,108,2,ge10,state,3,100,hmc_in,unsupervised,state,start,transient,65,0.775571,0.571262,0.44062,0.892308,3.00596,0.698281
controlled,108,2,ge10,state,3,100,hmc_in,unsupervised,state-markov,start,all,100,0.842158,0.630301,0.477964,0.89,3.0179,0.647491
controlled,108,2,ge10,state,3,100,hmc_in,unsupervised,state-markov,start,rest,7,0.780595,0.619798,0.386112,1,2.16026,0.647491
controlled,108,2,ge10,state,3,100,hmc_in,unsupervised,state-markov,start,locomotion,18,0.564893,0.463227,0.364914,1,3.41515,0.647491
controlled,108,2,ge10,state,3,100,hmc_in,unsupervised,state-markov,start,vigorous,10,1.55994,1.45564,1.0124,0.6,3.33756,0.647491
controlled,108,2,ge10,state,3,100,hmc_in,unsupervised,state-markov,start,transient,65,0.750176,0.550722,0.43694,0.892308,2.95107,0.647491
controlled,108,2,ge10,state,3,100,hmc_in,unsupervised,state,ignorable fit,all,100,0.859173,0.644875,0.478073,0.89,3.05869,0.652437
controlled,108,2,ge10,state,3,100,hmc_in,unsupervised,state,ignorable fit,rest,7,0.778584,0.618289,0.392604,1,2.15509,0.652437
controlled,108,2,ge10,state,3,100,hmc_in,unsupervised,state,ignorable fit,locomotion,18,0.568994,0.46572,0.375236,1,3.42456,0.652437
controlled,108,2,ge10,state,3,100,hmc_in,unsupervised,state,ignorable fit,vigorous,10,1.56357,1.45953,1.00119,0.6,3.3482,0.652437
controlled,108,2,ge10,state,3,100,hmc_in,unsupervised,state,ignorable fit,transient,65,0.777563,0.572018,0.435275,0.892308,3.01015,0.652437
controlled,108,2,ge10,state,3,100,hmc_in,unsupervised,state-markov,ignorable fit,all,100,0.844773,0.631492,0.470817,0.89,3.02413,0.669075
controlled,108,2,ge10,state,3,100,hmc_in,unsupervised,state-markov,ignorable fit,rest,7,0.779879,0.620827,0.366479,1,2.16167,0.669075
controlled,108,2,ge10,state,3,100,hmc_in,unsupervised,state-markov,ignorable fit,locomotion,18,0.569603,0.466044,0.37364,1,3.42431,0.669075
controlled,108,2,ge10,state,3,100,hmc_in,unsupervised,state-markov,ignorable fit,vigorous,10,1.56355,1.45951,0.975638,0.6,3.34813,0.669075
controlled,108,2,ge10,state,3,100,hmc_in,unsupervised,state-markov,ignorable fit,transient,65,0.752634,0.551069,0.431299,0.892308,2.95634,0.669075
controlled,108,2,ge10,state,4,107,hmc_in,oracle,ignorable,,all,107,0.86382,0.69229,0.510923,0.971963,3.89599,0.70624
controlled,108,2,ge10,state,4,107,hmc_in,oracle,ignorable,,rest,6,1.09652,0.998351,0.65935,1,3.9624,0.70624
controlled,108,2,ge10,state,4,107,hmc_in,oracle,ignorable,,locomotion,14,0.744933,0.509745,0.439533,0.928571,3.50474,0.70624
controlled,108,2,ge10,state,4,107,hmc_in,oracle,ignorable,,vigorous,8,0.985036,0.876128,0.616231,1,3.81991,0.70624
controlled,108,2,ge10,state,4,107,hmc_in,oracle,ignorable,,transient,79,0.85014,0.682779,0.501637,0.974684,3.96799,0.70624
controlled,108,2,ge10,state,4,107,hmc_in,oracle,state,,all,107,0.86559,0.69072,0.514783,0.971963,3.90344,0.683051
controlled,108,2,ge10,state,4,107,hmc_in,oracle,state,,rest,6,1.09656,0.999502,0.618573,1,3.95933,0.683051
controlled,108,2,ge10,state,4,107,hmc_in,oracle,state,,locomotion,14,0.744933,0.509745,0.444158,0.928571,3.50474,0.683051
controlled,108,2,ge10,state,4,107,hmc_in,oracle,state,,vigorous,8,0.984032,0.838036,0.597922,1,3.84237,0.683051
controlled,108,2,ge10,state,4,107,hmc_in,oracle,state,,transient,79,0.852688,0.684422,0.510997,0.974684,3.97603,0.683051
controlled,108,2,ge10,state,4,107,hmc_in,oracle,state-markov,,all,107,0.865649,0.69088,0.509389,0.971963,3.90347,0.763023
controlled,108,2,ge10,state,4,107,hmc_in,oracle,state-markov,,rest,6,1.09656,0.999506,0.655011,1,3.95932,0.763023
controlled,108,2,ge10,state,4,107,hmc_in,oracle,state-markov,,locomotion,14,0.744933,0.509745,0.433745,0.928571,3.50474,0.763023
controlled,108,2,ge10,state,4,107,hmc_in,oracle,state-markov,,vigorous,8,0.984333,0.838714,0.595447,1,3.84279,0.763023
controlled,108,2,ge10,state,4,107,hmc_in,oracle,state-markov,,transient,79,0.852735,0.684569,0.50302,0.974684,3.97603,0.763023
controlled,108,2,ge10,state,4,107,hmc_in,unsupervised,ignorable,start,all,107,0.932054,0.700496,0.508737,0.906542,2.94261,0.705823
controlled,108,2,ge10,state,4,107,hmc_in,unsupervised,ignorable,start,rest,6,0.437131,0.406197,0.292381,1,2.12395,0.705823
controlled,108,2,ge10,state,4,107,hmc_in,unsupervised,ignorable,start,locomotion,14,0.562702,0.452088,0.337838,1,3.17567,0.705823
controlled,108,2,ge10,state,4,107,hmc_in,unsupervised,ignorable,start,vigorous,8,1.24502,1.13646,0.794457,0.75,3.59298,0.705823
controlled,108,2,ge10,state,4,107,hmc_in,unsupervised,ignorable,start,transient,79,0.974183,0.722722,0.526522,0.898734,2.89762,0.705823
controlled,108,2,ge10,state,4,107,hmc_in,unsupervised,state,start,all,107,0.914402,0.687131,0.499657,0.906542,2.93468,0.671759
controlled,108,2,ge10,state,4,107,hmc_in,unsupervised,state,start,rest,6,0.481509,0.430624,0.318882,1,2.11819,0.671759
controlled,108,2,ge10,state,4,107,hmc_in,unsupervised,state,start,locomotion,14,0.562707,0.452066,0.344438,1,3.17553,0.671759
controlled,108,2,ge10,state,4,107,hmc_in,unsupervised,state,start,vigorous,8,1.23321,1.11792,0.761067,0.75,3.59341,0.671759
controlled,108,2,ge10,state,4,107,hmc_in,unsupervised,state,start,transient,79,0.951185,0.704646,0.514422,0.898734,2.8873,0.671759
controlled,108,2,ge10,state,4,107,hmc_in,unsupervised,state-markov,start,all,107,0.878675,0.667858,0.480655,0.906542,2.93803,0.611112
controlled,108,2,ge10,state,4,107,hmc_in,unsupervised,state-markov,start,rest,6,0.472578,0.425891,0.308535,1,2.1194,0.611112
controlled,108,2,ge10,state,4,107,hmc_in,unsupervised,state-markov,start,locomotion,14,0.562748,0.452002,0.341639,1,3.17432,0.611112
controlled,108,2,ge10,state,4,107,hmc_in,unsupervised,state-markov,start,vigorous,8,1.23692,1.12361,0.741217,0.75,3.59631,0.611112
controlled,108,2,ge10,state,4,107,hmc_in,unsupervised,state-markov,start,transient,79,0.904267,0.678335,0.491977,0.898734,2.89167,0.611112
controlled,108,2,ge10,state,4,107,hmc_in,unsupervised,state,ignorable fit,all,107,0.920776,0.690841,0.499177,0.906542,2.94454,0.633426
controlled,108,2,ge10,state,4,107,hmc_in,unsupervised,state,ignorable fit,rest,6,0.473493,0.425562,0.31177,1,2.1138,0.633426
controlled,108,2,ge10,state,4,107,hmc_in,unsupervised,state,ignorable fit,locomotion,14,0.562334,0.45254,0.335234,1,3.18287,0.633426
controlled,108,2,ge10,state,4,107,hmc_in,unsupervised,state,ignorable fit,vigorous,8,1.23959,1.12648,0.719887,0.75,3.60192,0.633426
controlled,108,2,ge10,state,4,107,hmc_in,unsupervised,state,ignorable fit,transient,79,0.958987,0.709104,0.520113,0.898734,2.89883,0.633426
controlled,108,2,ge10,state,4,107,hmc_in,unsupervised,state-markov,ignorable fit,all,107,0.897066,0.679682,0.48884,0.906542,2.95369,0.69503
controlled,108,2,ge10,state,4,107,hmc_in,unsupervised,state-markov,ignorable fit,rest,6,0.467039,0.421622,0.306749,1,2.11107,0.69503
controlled,108,2,ge10,state,4,107,hmc_in,unsupervised,state-markov,ignorable fit,locomotion,14,0.562131,0.452795,0.343594,1,3.18667,0.69503
controlled,108,2,ge10,state,4,107,hmc_in,unsupervised,state-markov,ignorable fit,vigorous,8,1.24561,1.13444,0.716182,0.75,3.60906,0.69503
controlled,108,2,ge10,state,4,107,hmc_in,unsupervised,state-markov,ignorable fit,transient,79,0.927503,0.693438,0.505387,0.898734,2.91003,0.69503
controlled,108,2,ge10,state-markov,0,99,hmc_in,oracle,ignorable,,all,99,0.881727,0.704986,0.503647,0.969697,3.7947,0.774551
controlled,108,2,ge10,state-markov,0,99,hmc_in,oracle,ignorable,,rest,1,1.21358,1.21358,0.823932,1,4.06075,0.774551
controlled,108,2,ge10,state-markov,0,99,hmc_in,oracle,ignorable,,locomotion,20,0.778308,0.53373,0.410706,0.95,3.50733,0.774551
controlled,108,2,ge10,state-markov,0,99,hmc_in,oracle,ignorable,,vigorous,10,1.06874,0.837193,0.617832,1,3.52174,0.774551
controlled,108,2,ge10,state-markov,0,99,hmc_in,oracle,ignorable,,transient,68,0.87411,0.728433,0.509481,0.970588,3.91545,0.774551
controlled,108,2,ge10,state-markov,0,99,hmc_in,oracle,state,,all,99,1.05323,0.816442,0.579098,0.939394,3.7563,0.663467
controlled,108,2,ge10,state-markov,0,99,hmc_in,oracle,state,,rest,1,1.18482,1.18482,0.788656,1,4.14306,0.663467
controlled,108,2,ge10,state-markov,0,99,hmc_in,oracle,state,,locomotion,20,0.783008,0.53842,0.423922,0.95,3.49277,0.663467
controlled,108,2,ge10,state-markov,0,99,hmc_in,oracle,state,,vigorous,10,1.06873,0.837193,0.605609,1,3.52174,0.663467
controlled,108,2,ge10,state-markov,0,99,hmc_in,oracle,state,,transient,68,1.11627,0.889744,0.617758,0.926471,3.86262,0.663467
controlled,108,2,ge10,state-markov,0,99,hmc_in,oracle,state-markov,,all,99,0.894996,0.713106,0.514737,0.969697,3.79451,0.626621
controlled,108,2,ge10,state-markov,0,99,hmc_in,oracle,state-markov,,rest,1,1.18342,1.18342,0.815435,1,4.14718,0.626621
controlled,108,2,ge10,state-markov,0,99,hmc_in,oracle,state-markov,,locomotion,20,0.783003,0.538416,0.435769,0.95,3.49278,0.626621
controlled,108,2,ge10,state-markov,0,99,hmc_in,oracle,state-markov,,vigorous,10,1.06873,0.837193,0.620204,1,3.52174,0.626621
controlled,108,2,ge10,state-markov,0,99,hmc_in,oracle,state-markov,,transient,68,0.892918,0.73932,0.51803,0.970588,3.91817,0.626621
controlled,108,2,ge10,state-markov,0,99,hmc_in,unsupervised,ignorable,start,all,99,0.814313,0.606271,0.448417,0.909091,2.90856,0.777658
controlled,108,2,ge10,state-markov,0,99,hmc_in,unsupervised,ignorable,start,rest,1,0.997209,0.997209,0.602992,1,3.33436,0.777658
controlled,108,2,ge10,state-markov,0,99,hmc_in,unsupervised,ignorable,start,locomotion,20,0.542415,0.468736,0.343671,1,3.33307,0.777658
controlled,108,2,ge10,state-markov,0,99,hmc_in,unsupervised,ignorable,start,vigorous,10,1.40488,1.25085,0.893591,0.6,3.4742,0.777658
controlled,108,2,ge10,state-markov,0,99,hmc_in,unsupervised,ignorable,start,transient,68,0.757626,0.546183,0.411485,0.926471,2.69426,0.777658
controlled,108,2,ge10,state-markov,0,99,hmc_in,unsupervised,state,start,all,99,0.819264,0.610152,0.449568,0.909091,2.90872,0.660721
controlled,108,2,ge10,state-markov,0,99,hmc_in,unsupervised,state,start,rest,1,0.99746,0.99746,0.554175,1,3.33361,0.660721
controlled,108,2,ge10,state-markov,0,99,hmc_in,unsupervised,state,start,locomotion,20,0.542351,0.468702,0.349456,1,3.33235,0.660721
controlled,108,2,ge10,state-markov,0,99,hmc_in,unsupervised,state,start,vigorous,10,1.4079,1.25493,0.890744,0.6,3.47457,0.660721
controlled,108,2,ge10,state-markov,0,99,hmc_in,unsupervised,state,start,transient,68,0.764549,0.551239,0.412596,0.926471,2.69467,0.660721
controlled,108,2,ge10,state-markov,0,99,hmc_in,unsupervised,state-markov,start,all,99,0.784323,0.579906,0.42895,0.929293,2.92163,0.674595
controlled,108,2,ge10,state-markov,0,99,hmc_in,unsupervised,state-markov,start,rest,1,0.999045,0.999045,0.522109,1,3.32914,0.674595
controlled,108,2,ge10,state-markov,0,99,hmc_in,unsupervised,state-markov,start,locomotion,20,0.541445,0.467799,0.342317,1,3.32985,0.674595
controlled,108,2,ge10,state-markov,0,99,hmc_in,unsupervised,state-markov,start,vigorous,10,1.41812,1.26772,0.870573,0.6,3.47356,0.674595
controlled,108,2,ge10,state-markov,0,99,hmc_in,unsupervised,state-markov,start,transient,68,0.70637,0.505565,0.388116,0.955882,2.71441,0.674595
controlled,108,2,ge10,state-markov,0,99,hmc_in,unsupervised,state,ignorable fit,all,99,0.818953,0.609673,0.448864,0.89899,2.91082,0.674251
controlled,108,2,ge10,state-markov,0,99,hmc_in,unsupervised,state,ignorable fit,rest,1,0.99492,0.99492,0.620761,1,3.34053,0.674251
controlled,108,2,ge10,state-markov,0,99,hmc_in,unsupervised,state,ignorable fit,locomotion,20,0.543403,0.469476,0.336229,1,3.33946,0.674251
controlled,108,2,ge10,state-markov,0,99,hmc_in,unsupervised,state,ignorable fit,vigorous,10,1.40932,1.25635,0.863191,0.6,3.48072,0.674251
controlled,108,2,ge10,state-markov,0,99,hmc_in,unsupervised,state,ignorable fit,transient,68,0.763508,0.550143,0.418533,0.911765,2.69462,0.674251
controlled,108,2,ge10,state-markov,0,99,hmc_in,unsupervised,state-markov,ignorable fit,all,99,0.78998,0.582751,0.433354,0.919192,2.92324,0.642569
controlled,108,2,ge10,state-markov,0,99,hmc_in,unsupervised,state-markov,ignorable fit,rest,1,0.993732,0.993732,0.661233,1,3.34356,0.642569
controlled,108,2,ge10,state-markov,0,99,hmc_in,unsupervised,state-markov,ignorable fit,locomotion,20,0.543666,0.469446,0.344901,1,3.34448,0.642569
controlled,108,2,ge10,state-markov,0,99,hmc_in,unsupervised,state-markov,ignorable fit,vigorous,10,1.42218,1.27222,0.865497,0.6,3.48668,0.642569
controlled,108,2,ge10,state-markov,0,99,hmc_in,unsupervised,state-markov,ignorable fit,transient,68,0.713915,0.508639,0.392468,0.941176,2.71031,0.642569
controlled,108,2,ge10,state-markov,1,100,hmc_in,oracle,ignorable,,all,100,0.982426,0.728828,0.532484,0.95,3.89954,0.620177
controlled,108,2,ge10,state-markov,1,100,hmc_in,oracle,ignorable,,rest,8,0.887992,0.864957,0.521769,1,4.05622,0.620177
controlled,108,2,ge10,state-markov,1,100,hmc_in,oracle,ignorable,,locomotion,18,0.767538,0.477732,0.411954,0.944444,3.52832,0.620177
controlled,108,2,ge10,state-markov,1,100,hmc_in,oracle,ignorable,,vigorous,5,0.96973,0.794445,0.5426,0.8,3.46232,0.620177
controlled,108,2,ge10,state-markov,1,100,hmc_in,oracle,ignorable,,transient,69,1.04189,0.773793,0.564435,0.956522,4.0099,0.620177
controlled,108,2,ge10,state-markov,1,100,hmc_in,oracle,state,,all,100,0.946102,0.710346,0.507242,0.95,3.89028,0.69302
controlled,108,2,ge10,state-markov,1,100,hmc_in,oracle,state,,rest,8,0.887985,0.864944,0.544623,1,4.05626,0.69302
controlled,108,2,ge10,state-markov,1,100,hmc_in,oracle,state,,locomotion,18,0.767537,0.477733,0.411188,0.944444,3.52831,0.69302
controlled,108,2,ge10,state-markov,1,100,hmc_in,oracle,state,,vigorous,5,0.96973,0.794445,0.546725,0.8,3.46232,0.69302
controlled,108,2,ge10,state-markov,1,100,hmc_in,oracle,state,,transient,69,0.991973,0.747009,0.525105,0.956522,3.99647,0.69302
controlled,108,2,ge10,state-markov,1,100,hmc_in,oracle,state-markov,,all,100,1.01606,0.761501,0.54431,0.95,3.84735,0.604672
controlled,108,2,ge10,state-markov,1,100,hmc_in,oracle,state-markov,,rest,8,0.887979,0.864933,0.536206,1,4.05628,0.604672
controlled,108,2,ge10,state-markov,1,100,hmc_in,oracle,state-markov,,locomotion,18,0.767535,0.477733,0.399806,0.944444,3.52831,0.604672
controlled,108,2,ge10,state-markov,1,100,hmc_in,oracle,state-markov,,vigorous,5,0.96973,0.794445,0.543683,0.8,3.46232,0.604672
controlled,108,2,ge10,state-markov,1,100,hmc_in,oracle,state-markov,,transient,69,1.08764,0.821148,0.582992,0.956522,3.93425,0.604672
controlled,108,2,ge10,state-markov,1,100,hmc_in,unsupervised,ignorable,start,all,100,0.759986,0.56181,0.39873,0.94,2.83693,0.680056
controlled,108,2,ge10,state-markov,1,100,hmc_in,unsupervised,ignorable,start,rest,8,0.743207,0.479556,0.34559,0.875,1.71723,0.680056
controlled,108,2,ge10,state-markov,1,100,hmc_in,unsupervised,ignorable,start,locomotion,18,0.491708,0.425965,0.314486,1,3.21786,0.680056
controlled,108,2,ge10,state-markov,1,100,hmc_in,unsupervised,ignorable,start,vigorous,5,1.29534,1.16991,0.759769,0.8,3.33733,0.680056
controlled,108,2,ge10,state-markov,1,100,hmc_in,unsupervised,ignorable,start,transient,69,0.767051,0.56272,0.400706,0.942029,2.83112,0.680056
controlled,108,2,ge10,state-markov,1,100,hmc_in,unsupervised,state,start,all,100,0.739194,0.547681,0.391535,0.94,2.83196,0.754677
controlled,108,2,ge10,state-markov,1,100,hmc_in,unsupervised,state,start,rest,8,0.742225,0.478357,0.320519,0.875,1.71677,0.754677
controlled,108,2,ge10,state-markov,1,100,hmc_in,unsupervised,state,start,locomotion,18,0.492293,0.426578,0.31131,1,3.22058,0.754677
controlled,108,2,ge10,state-markov,1,100,hmc_in,unsupervised,state,start,vigorous,5,1.29604,1.17067,0.779544,0.8,3.33967,0.754677
controlled,108,2,ge10,state-markov,1,100,hmc_in,unsupervised,state,start,transient,69,0.736942,0.542166,0.392581,0.942029,2.82309,0.754677
controlled,108,2,ge10,state-markov,1,100,hmc_in,unsupervised,state-markov,start,all,100,0.747123,0.552723,0.392963,0.94,2.83409,0.683919
controlled,108,2,ge10,state-markov,1,100,hmc_in,unsupervised,state-markov,start,rest,8,0.742647,0.478244,0.309704,0.875,1.71545,0.683919
controlled,108,2,ge10,state-markov,1,100,hmc_in,unsupervised,state-markov,start,locomotion,18,0.492182,0.426505,0.317105,1,3.21991,0.683919
controlled,108,2,ge10,state-markov,1,100,hmc_in,unsupervised,state-markov,start,vigorous,5,1.29568,1.17028,0.78938,0.8,3.33845,0.683919
controlled,108,2,ge10,state-markov,1,100,hmc_in,unsupervised,state-markov,start,transient,69,0.748454,0.549535,0.393679,0.942029,2.82659,0.683919
controlled,108,2,ge10,state-markov,1,100,hmc_in,unsupervised,state,ignorable fit,all,100,0.745152,0.551809,0.397527,0.94,2.83638,0.702701
controlled,108,2,ge10,state-markov,1,100,hmc_in,unsupervised,state,ignorable fit,rest,8,0.739452,0.474813,0.325227,0.875,1.70573,0.702701
controlled,108,2,ge10,state-markov,1,100,hmc_in,unsupervised,state,ignorable fit,locomotion,18,0.495187,0.429494,0.324703,1,3.23285,0.702701
controlled,108,2,ge10,state-markov,1,100,hmc_in,unsupervised,state,ignorable fit,vigorous,5,1.30074,1.17588,0.794716,0.8,3.35377,0.702701
controlled,108,2,ge10,state-markov,1,100,hmc_in,unsupervised,state,ignorable fit,transient,69,0.744812,0.547422,0.396125,0.942029,2.82655,0.702701
controlled,108,2,ge10,state-markov,1,100,hmc_in,unsupervised,state-markov,ignorable fit,all,100,0.752643,0.556689,0.3948,0.93,2.83697,0.613013
controlled,108,2,ge10,state-markov,1,100,hmc_in,unsupervised,state-markov,ignorable fit,rest,8,0.739854,0.474687,0.308135,0.875,1.70452,0.613013
controlled,108,2,ge10,state-markov,1,100,hmc_in,unsupervised,state-markov,ignorable fit,locomotion,18,0.495065,0.429414,0.316345,1,3.23215,0.613013
controlled,108,2,ge10,state-markov,1,100,hmc_in,unsupervised,state-markov,ignorable fit,vigorous,5,1.30036,1.17546,0.836594,0.8,3.35248,0.613013
controlled,108,2,ge10,state-markov,1,100,hmc_in,unsupervised,state-markov,ignorable fit,transient,69,0.755672,0.55456,0.393301,0.927536,2.82782,0.613013
controlled,108,2,ge10,state-markov,2,120,hmc_in,oracle,ignorable,,all,120,0.948539,0.71208,0.527008,0.958333,3.81619,0.621376
controlled,108,2,ge10,state-markov,2,120,hmc_in,oracle,ignorable,,rest,2,1.03735,0.948871,0.629065,1,3.51701,0.621376
controlled,108,2,ge10,state-markov,2,120,hmc_in,oracle,ignorable,,locomotion,26,0.52625,0.42036,0.360233,1,3.68956,0.621376
controlled,108,2,ge10,state-markov,2,120,hmc_in,oracle,ignorable,,vigorous,13,1.34595,1.24188,0.811,1,3.46232,0.621376
controlled,108,2,ge10,state-markov,2,120,hmc_in,oracle,ignorable,,transient,79,0.974771,0.714912,0.532579,0.936709,3.92367,0.621376
controlled,108,2,ge10,state-markov,2,120,hmc_in,oracle,state,,all,120,1.00769,0.761757,0.5568,0.95,3.80708,0.602689
controlled,108,2,ge10,state-markov,2,120,hmc_in,oracle,state,,rest,2,1.04692,0.966843,0.612353,1,3.46702,0.602689
controlled,108,2,ge10,state-markov,2,120,hmc_in,oracle,state,,locomotion,26,0.660043,0.532986,0.39939,1,3.66425,0.602689
controlled,108,2,ge10,state-markov,2,120,hmc_in,oracle,state,,vigorous,13,1.34595,1.24188,0.846233,1,3.46232,0.602689
controlled,108,2,ge10,state-markov,2,120,hmc_in,oracle,state,,transient,79,1.03596,0.752849,0.559571,0.924051,3.91943,0.602689
controlled,108,2,ge10,state-markov,2,120,hmc_in,oracle,state-markov,,all,120,0.950077,0.732979,0.530629,0.966667,3.82885,0.606782
controlled,108,2,ge10,state-markov,2,120,hmc_in,oracle,state-markov,,rest,2,1.04697,0.966942,0.634946,1,3.46676,0.606782
controlled,108,2,ge10,state-markov,2,120,hmc_in,oracle,state-markov,,locomotion,26,0.661769,0.534055,0.408835,1,3.6638,0.606782
controlled,108,2,ge10,state-markov,2,120,hmc_in,oracle,state-markov,,vigorous,13,1.34595,1.24188,0.835691,1,3.46232,0.606782
controlled,108,2,ge10,state-markov,2,120,hmc_in,oracle,state-markov,,transient,79,0.949273,0.708781,0.517872,0.949367,3.95266,0.606782
controlled,108,2,ge10,state-markov,2,120,hmc_in,unsupervised,ignorable,start,all,120,0.931303,0.696818,0.516505,0.891667,3.10797,0.656683
controlled,108,2,ge10,state-markov,2,120,hmc_in,unsupervised,ignorable,start,rest,2,0.718023,0.596423,0.399311,1,3.3219,0.656683
controlled,108,2,ge10,state-markov,2,120,hmc_in,unsupervised,ignorable,start,locomotion,26,0.499868,0.395315,0.325267,1,3.21958,0.656683
controlled,108,2,ge10,state-markov,2,120,hmc_in,unsupervised,ignorable,start,vigorous,13,1.6936,1.60558,1.16271,0.384615,3.3219,0.656683
controlled,108,2,ge10,state-markov,2,120,hmc_in,unsupervised,ignorable,start,transient,79,0.866124,0.649044,0.476073,0.936709,3.03062,0.656683
controlled,108,2,ge10,state-markov,2,120,hmc_in,unsupervised,state,start,all,120,0.940572,0.705668,0.521915,0.891667,3.11754,0.723944
controlled,108,2,ge10,state-markov,2,120,hmc_in,unsupervised,state,start,rest,2,0.718236,0.596679,0.368615,1,3.32114,0.723944
controlled,108,2,ge10,state-markov,2,120,hmc_in,unsupervised,state,start,locomotion,26,0.503088,0.398429,0.329342,1,3.22681,0.723944
controlled,108,2,ge10,state-markov,2,120,hmc_in,unsupervised,state,start,vigorous,13,1.69336,1.60533,1.14687,0.384615,3.32114,0.723944
controlled,108,2,ge10,state-markov,2,120,hmc_in,unsupervised,state,start,transient,79,0.880675,0.661499,0.486333,0.936709,3.04292,0.723944
controlled,108,2,ge10,state-markov,2,120,hmc_in,unsupervised,state-markov,start,all,120,0.925978,0.696227,0.510174,0.9,3.13551,0.721008
controlled,108,2,ge10,state-markov,2,120,hmc_in,unsupervised,state-markov,start,rest,2,0.718449,0.596935,0.422757,1,3.32035,0.721008
controlled,108,2,ge10,state-markov,2,120,hmc_in,unsupervised,state-markov,start,locomotion,26,0.503786,0.398205,0.320115,1,3.22647,0.721008
controlled,108,2,ge10,state-markov,2,120,hmc_in,unsupervised,state-markov,start,vigorous,13,1.69312,1.60507,1.12873,0.384615,3.32035,0.721008
controlled,108,2,ge10,state-markov,2,120,hmc_in,unsupervised,state-markov,start,transient,79,0.856802,0.647266,0.473152,0.949367,3.07048,0.721008
controlled,108,2,ge10,state-markov,2,120,hmc_in,unsupervised,state,ignorable fit,all,120,0.939719,0.70395,0.517689,0.891667,3.12753,0.651392
controlled,108,2,ge10,state-markov,2,120,hmc_in,unsupervised,state,ignorable fit,rest,2,0.716046,0.59404,0.460614,1,3.32842,0.651392
controlled,108,2,ge10,state-markov,2,120,hmc_in,unsupervised,state,ignorable fit,locomotion,26,0.502994,0.398197,0.32563,1,3.23291,0.651392
controlled,108,2,ge10,state-markov,2,120,hmc_in,unsupervised,state,ignorable fit,vigorous,13,1.69586,1.60797,1.11781,0.384615,3.32842,0.651392
controlled,108,2,ge10,state-markov,2,120,hmc_in,unsupervised,state,ignorable fit,transient,79,0.878562,0.658597,0.483589,0.936709,3.0547,0.651392
controlled,108,2,ge10,state-markov,2,120,hmc_in,unsupervised,state-markov,ignorable fit,all,120,0.928504,0.696959,0.518703,0.9,3.14222,0.587168
controlled,108,2,ge10,state-markov,2,120,hmc_in,unsupervised,state-markov,ignorable fit,rest,2,0.716137,0.59415,0.403593,1,3.32809,0.587168
controlled,108,2,ge10,state-markov,2,120,hmc_in,unsupervised,state-markov,ignorable fit,locomotion,26,0.503796,0.398144,0.331777,1,3.23326,0.587168
controlled,108,2,ge10,state-markov,2,120,hmc_in,unsupervised,state-markov,ignorable fit,vigorous,13,1.69576,1.60786,1.16804,0.384615,3.32809,0.587168
controlled,108,2,ge10,state-markov,2,120,hmc_in,unsupervised,state-markov,ignorable fit,transient,79,0.860136,0.648011,0.476284,0.949367,3.07697,0.587168
controlled,108,2,ge10,state-markov,3,110,hmc_in,oracle,ignorable,,all,110,0.765119,0.606975,0.458804,0.990909,3.85434,0.671379
controlled,108,2,ge10,state-markov,3,110,hmc_in,oracle,ignorable,,rest,4,0.480755,0.417942,0.358962,1,3.63745,0.671379
controlled,108,2,ge10,state-markov,3,110,hmc_in,oracle,ignorable,,locomotion,17,0.530623,0.417544,0.343163,1,3.53219,0.671379
controlled,108,2,ge10,state-markov,3,110,hmc_in,oracle,ignorable,,vigorous,8,1.42051,1.21273,0.84017,0.875,3.52238,0.671379
controlled,108,2,ge10,state-markov,3,110,hmc_in,oracle,ignorable,,transient,81,0.724705,0.59624,0.450339,1,3.96544,0.671379
controlled,108,2,ge10,state-markov,3,110,hmc_in,oracle,state,,all,110,0.812571,0.627215,0.468803,0.972727,3.7396,0.664787
controlled,108,2,ge10,state-markov,3,110,hmc_in,oracle,state,,rest,4,0.486656,0.427851,0.315559,1,3.6112,0.664787
controlled,108,2,ge10,state-markov,3,110,hmc_in,oracle,state,,locomotion,17,0.530623,0.417544,0.346743,1,3.53219,0.664787
controlled,108,2,ge10,state-markov,3,110,hmc_in,oracle,state,,vigorous,8,1.44877,1.22616,0.858329,0.875,3.47529,0.664787
controlled,108,2,ge10,state-markov,3,110,hmc_in,oracle,state,,transient,81,0.786494,0.621911,0.463516,0.975309,3.81558,0.664787
controlled,108,2,ge10,state-markov,3,110,hmc_in,oracle,state-markov,,all,110,0.792009,0.611519,0.464998,0.990909,3.80793,0.714356
controlled,108,2,ge10,state-markov,3,110,hmc_in,oracle,state-markov,,rest,4,0.452908,0.365333,0.338833,1,3.79811,0.714356
controlled,108,2,ge10,state-markov,3,110,hmc_in,oracle,state-markov,,locomotion,17,0.530623,0.417544,0.354791,1,3.53219,0.714356
controlled,108,2,ge10,state-markov,3,110,hmc_in,oracle,state-markov,,vigorous,8,1.455,1.22908,0.833821,0.875,3.46697,0.714356
controlled,108,2,ge10,state-markov,3,110,hmc_in,oracle,state-markov,,transient,81,0.75733,0.603393,0.457932,1,3.89997,0.714356
controlled,108,2,ge10,state-markov,3,110,hmc_in,unsupervised,ignorable,start,all,110,0.755877,0.523312,0.400598,0.927273,2.83075,0.773942
controlled,108,2,ge10,state-markov,3,110,hmc_in,unsupervised,ignorable,start,rest,4,0.0812333,0.0777943,0.196091,1,2.80952,0.773942
controlled,108,2,ge10,state-markov,3,110,hmc_in,unsupervised,ignorable,start,locomotion,17,0.442675,0.366143,0.30066,1,3.08189,0.773942
controlled,108,2,ge10,state-markov,3,110,hmc_in,unsupervised,ignorable,start,vigorous,8,1.60091,1.50238,1.00326,0.75,3.36486,0.773942
controlled,108,2,ge10,state-markov,3,110,hmc_in,unsupervised,ignorable,start,transient,81,0.693777,0.481602,0.372149,0.925926,2.72634,0.773942
controlled,108,2,ge10,state-markov,3,110,hmc_in,unsupervised,state,start,all,110,0.755789,0.523289,0.395143,0.927273,2.83073,0.667539
controlled,108,2,ge10,state-markov,3,110,hmc_in,unsupervised,state,start,rest,4,0.0812736,0.0778346,0.200628,1,2.80965,0.667539
controlled,108,2,ge10,state-markov,3,110,hmc_in,unsupervised,state,start,locomotion,17,0.442673,0.366142,0.304431,1,3.08189,0.667539
controlled,108,2,ge10,state-markov,3,110,hmc_in,unsupervised,state,start,vigorous,8,1.60086,1.50235,0.990639,0.75,3.365,0.667539
controlled,108,2,ge10,state-markov,3,110,hmc_in,unsupervised,state,start,transient,81,0.693659,0.481571,0.364973,0.925926,2.72629,0.667539
controlled,108,2,ge10,state-markov,3,110,hmc_in,unsupervised,state-markov,start,all,110,0.754528,0.523254,0.400499,0.927273,2.8256,0.670635
controlled,108,2,ge10,state-markov,3,110,hmc_in,unsupervised,state-markov,start,rest,4,0.077193,0.0734216,0.208394,1,2.79623,0.670635
controlled,108,2,ge10,state-markov,3,110,hmc_in,unsupervised,state-markov,start,locomotion,17,0.442803,0.366141,0.307868,1,3.08195,0.670635
controlled,108,2,ge10,state-markov,3,110,hmc_in,unsupervised,state-markov,start,vigorous,8,1.5996,1.50177,1.02332,0.75,3.37077,0.670635
controlled,108,2,ge10,state-markov,3,110,hmc_in,unsupervised,state-markov,start,transient,81,0.692085,0.481798,0.367914,0.925926,2.7194,0.670635
controlled,108,2,ge10,state-markov,3,110,hmc_in,unsupervised,state,ignorable fit,all,110,0.757202,0.524353,0.404675,0.927273,2.83376,0.695275
controlled,108,2,ge10,state-markov,3,110,hmc_in,unsupervised,state,ignorable fit,rest,4,0.0828977,0.0792007,0.197713,1,2.81269,0.695275
controlled,108,2,ge10,state-markov,3,110,hmc_in,unsupervised,state,ignorable fit,locomotion,17,0.443689,0.367115,0.299337,1,3.0871,0.695275
controlled,108,2,ge10,state-markov,3,110,hmc_in,unsupervised,state,ignorable fit,vigorous,8,1.60273,1.50461,1.04348,0.75,3.37076,0.695275
controlled,108,2,ge10,state-markov,3,110,hmc_in,unsupervised,state,ignorable fit,transient,81,0.695178,0.482521,0.373911,0.925926,2.72859,0.695275
controlled,108,2,ge10,state-markov,3,110,hmc_in,unsupervised,state-markov,ignorable fit,all,110,0.756698,0.525104,0.403235,0.927273,2.83104,0.715143
controlled,108,2,ge10,state-markov,3,110,hmc_in,unsupervised,state-markov,ignorable fit,rest,4,0.0799215,0.0757756,0.198543,1,2.8014,0.715143
controlled,108,2,ge10,state-markov,3,110,hmc_in,unsupervised,state-markov,ignorable fit,locomotion,17,0.444544,0.367945,0.304063,1,3.09081,0.715143
controlled,108,2,ge10,state-markov,3,110,hmc_in,unsupervised,state-markov,ignorable fit,vigorous,8,1.60289,1.50569,1.0353,0.75,3.38014,0.715143
controlled,108,2,ge10,state-markov,3,110,hmc_in,unsupervised,state-markov,ignorable fit,transient,81,0.694299,0.483429,0.371731,0.925926,2.72374,0.715143
controlled,108,2,ge10,state-markov,4,80,hmc_in,oracle,ignorable,,all,80,0.996125,0.713343,0.54085,0.95,3.90777,0.65009
controlled,108,2,ge10,state-markov,4,80,hmc_in,oracle,ignorable,,rest,4,1.32022,1.19349,0.813528,1,4.01154,0.65009
controlled,108,2,ge10,state-markov,4,80,hmc_in,oracle,ignorable,,locomotion,9,0.439499,0.338149,0.335963,1,3.69153,0.65009
controlled,108,2,ge10,state-markov,4,80,hmc_in,oracle,ignorable,,vigorous,6,1.29519,1.16167,0.748545,0.833333,3.46232,0.65009
controlled,108,2,ge10,state-markov,4,80,hmc_in,oracle,ignorable,,transient,61,0.996762,0.693116,0.532769,0.95082,3.97668,0.65009
controlled,108,2,ge10,state-markov,4,80,hmc_in,oracle,state,,all,80,1.00957,0.741329,0.544044,0.9625,3.87086,0.715156
controlled,108,2,ge10,state-markov,4,80,hmc_in,oracle,state,,rest,4,1.3282,1.18981,0.755886,1,4.02098,0.715156
controlled,108,2,ge10,state-markov,4,80,hmc_in,oracle,state,,locomotion,9,0.467226,0.382418,0.351068,1,3.67013,0.715156
controlled,108,2,ge10,state-markov,4,80,hmc_in,oracle,state,,vigorous,6,1.29519,1.16167,0.766691,0.833333,3.46232,0.715156
controlled,108,2,ge10,state-markov,4,80,hmc_in,oracle,state,,transient,61,1.01184,0.723529,0.536725,0.967213,3.93081,0.715156
controlled,108,2,ge10,state-markov,4,80,hmc_in,oracle,state-markov,,all,80,1.00339,0.725078,0.54541,0.95,3.87533,0.809937
controlled,108,2,ge10,state-markov,4,80,hmc_in,oracle,state-markov,,rest,4,1.32824,1.1897,0.756697,1,4.02134,0.809937
controlled,108,2,ge10,state-markov,4,80,hmc_in,oracle,state-markov,,locomotion,9,0.467647,0.382824,0.330458,1,3.66983,0.809937
controlled,108,2,ge10,state-markov,4,80,hmc_in,oracle,state-markov,,vigorous,6,1.29519,1.16167,0.801854,0.833333,3.46232,0.809937
controlled,108,2,ge10,state-markov,4,80,hmc_in,oracle,state-markov,,transient,61,1.00371,0.702164,0.538046,0.95082,3.9367,0.809937
controlled,108,2,ge10,state-markov,4,80,hmc_in,unsupervised,ignorable,start,all,80,0.88739,0.651416,0.475344,0.9125,3.06325,0.649834
controlled,108,2,ge10,state-markov,4,80,hmc_in,unsupervised,ignorable,start,rest,4,1.02526,0.824954,0.577651,0.75,2.79503,0.649834
controlled,108,2,ge10,state-markov,4,80,hmc_in,unsupervised,ignorable,start,locomotion,9,0.464313,0.384298,0.331335,1,3.48694,0.649834
controlled,108,2,ge10,state-markov,4,80,hmc_in,unsupervised,ignorable,start,vigorous,6,1.62728,1.49545,1.06016,0.5,3.32148,0.649834
controlled,108,2,ge10,state-markov,4,80,hmc_in,unsupervised,ignorable,start,transient,61,0.819473,0.596427,0.43236,0.95082,2.99292,0.649834
controlled,108,2,ge10,state-markov,4,80,hmc_in,unsupervised,state,start,all,80,0.88704,0.650903,0.472331,0.9125,3.06156,0.65833
controlled,108,2,ge10,state-markov,4,80,hmc_in,unsupervised,state,start,rest,4,1.02521,0.824858,0.567642,0.75,2.79529,0.65833
controlled,108,2,ge10,state-markov,4,80,hmc_in,unsupervised,state,start,locomotion,9,0.46471,0.385708,0.341836,1,3.487,0.65833
controlled,108,2,ge10,state-markov,4,80,hmc_in,unsupervised,state,start,vigorous,6,1.62732,1.4955,1.07424,0.5,3.32163,0.65833
controlled,108,2,ge10,state-markov,4,80,hmc_in,unsupervised,state,start,transient,61,0.818939,0.595549,0.42613,0.95082,2.99066,0.65833
controlled,108,2,ge10,state-markov,4,80,hmc_in,unsupervised,state-markov,start,all,80,0.892714,0.653603,0.482825,0.9125,3.06677,0.763399
controlled,108,2,ge10,state-markov,4,80,hmc_in,unsupervised,state-markov,start,rest,4,1.02524,0.824992,0.538595,0.75,2.79481,0.763399
controlled,108,2,ge10,state-markov,4,80,hmc_in,unsupervised,state-markov,start,locomotion,9,0.464408,0.384608,0.371196,1,3.48704,0.763399
controlled,108,2,ge10,state-markov,4,80,hmc_in,unsupervised,state-markov,start,vigorous,6,1.62733,1.4955,1.05149,0.5,3.32161,0.763399
controlled,108,2,ge10,state-markov,4,80,hmc_in,unsupervised,state-markov,start,transient,61,0.827008,0.599243,0.439704,0.95082,2.99753,0.763399
controlled,108,2,ge10,state-markov,4,80,hmc_in,unsupervised,state,ignorable fit,all,80,0.8877,0.651454,0.471496,0.9125,3.07724,0.664585
controlled,108,2,ge10,state-markov,4,80,hmc_in,unsupervised,state,ignorable fit,rest,4,1.02311,0.822746,0.590087,0.75,2.79662,0.664585
controlled,108,2,ge10,state-markov,4,80,hmc_in,unsupervised,state,ignorable fit,locomotion,9,0.465154,0.384118,0.361582,1,3.49397,0.664585
controlled,108,2,ge10,state-markov,4,80,hmc_in,unsupervised,state,ignorable fit,vigorous,6,1.6299,1.4983,1.03303,0.5,3.3293,0.664585
controlled,108,2,ge10,state-markov,4,80,hmc_in,unsupervised,state,ignorable fit,transient,61,0.819508,0.596369,0.424703,0.95082,3.00936,0.664585
controlled,108,2,ge10,state-markov,4,80,hmc_in,unsupervised,state-markov,ignorable fit,all,80,0.893003,0.653984,0.474553,0.9125,3.08138,0.693473
controlled,108,2,ge10,state-markov,4,80,hmc_in,unsupervised,state-markov,ignorable fit,rest,4,1.02316,0.822877,0.562051,0.75,2.79626,0.693473
controlled,108,2,ge10,state-markov,4,80,hmc_in,unsupervised,state-markov,ignorable fit,locomotion,9,0.464903,0.383036,0.334452,1,3.49391,0.693473
controlled,108,2,ge10,state-markov,4,80,hmc_in,unsupervised,state-markov,ignorable fit,vigorous,6,1.62986,1.49826,1.08649,0.5,3.32918,0.693473
controlled,108,2,ge10,state-markov,4,80,hmc_in,unsupervised,state-markov,ignorable fit,transient,61,0.827053,0.599842,0.429295,0.95082,3.01484,0.693473
controlled,108,2,any,state,0,891,hmc_in,oracle,ignorable,,all,891,0.85083,0.665268,0.489591,0.970819,3.72044,0.690303
controlled,108,2,any,state,0,891,hmc_in,oracle,ignorable,,rest,39,0.840055,0.772254,0.495739,1,3.96535,0.690303
controlled,108,2,any,state,0,891,hmc_in,oracle,ignorable,,locomotion,338,0.567304,0.410071,0.35728,0.982249,3.55728,0.690303
controlled,108,2,any,state,0,891,hmc_in,oracle,ignorable,,vigorous,172,1.08009,0.952259,0.635297,0.959302,3.51509,0.690303
controlled,108,2,any,state,0,891,hmc_in,oracle,ignorable,,transient,342,0.94907,0.760946,0.546374,0.961988,3.95702,0.690303
controlled,108,2,any,state,0,891,hmc_in,oracle,state,,all,891,0.873514,0.686774,0.501423,0.973064,3.71005,0.797372
controlled,108,2,any,state,0,891,hmc_in,oracle,state,,rest,39,0.825468,0.753714,0.482254,1,3.95636,0.797372
controlled,108,2,any,state,0,891,hmc_in,oracle,state,,locomotion,338,0.628328,0.441934,0.377564,0.982249,3.55091,0.797372
controlled,108,2,any,state,0,891,hmc_in,oracle,state,,vigorous,172,1.08745,0.960884,0.649987,0.959302,3.48844,0.797372
controlled,108,2,any,state,0,891,hmc_in,oracle,state,,transient,342,0.961913,0.783259,0.551304,0.967836,3.9507,0.797372
controlled,108,2,any,state,0,891,hmc_in,oracle,state-markov,,all,891,0.869117,0.68317,0.496875,0.973064,3.71358,0.742739
controlled,108,2,any,state,0,891,hmc_in,oracle,state-markov,,rest,39,0.825307,0.753437,0.489609,1,3.95634,0.742739
controlled,108,2,any,state,0,891,hmc_in,oracle,state-markov,,locomotion,338,0.61638,0.437927,0.372325,0.982249,3.55167,0.742739
controlled,108,2,any,state,0,891,hmc_in,oracle,state-markov,,vigorous,172,1.08743,0.960877,0.641373,0.959302,3.48846,0.742739
controlled,108,2,any,state,0,891,hmc_in,oracle,state-markov,,transient,342,0.959196,0.777865,0.548125,0.967836,3.95912,0.742739
controlled,108,2,any,state,0,891,hmc_in,unsupervised,ignorable,start,all,891,0.894567,0.677613,0.493355,0.91358,3.20285,0.747475
controlled,108,2,any,state,0,891,hmc_in,unsupervised,ignorable,start,rest,39,0.663312,0.455681,0.335747,0.923077,2.36982,0.747475
controlled,108,2,any,state,0,891,hmc_in,unsupervised,ignorable,start,locomotion,338,0.619677,0.496287,0.374869,0.994083,3.44604,0.747475
controlled,108,2,any,state,0,891,hmc_in,unsupervised,ignorable,start,vigorous,172,1.44824,1.33736,0.901867,0.72093,3.40477,0.747475
controlled,108,2,any,state,0,891,hmc_in,unsupervised,ignorable,start,transient,342,0.774825,0.550325,0.422977,0.929825,2.95594,0.747475
controlled,108,2,any,state,0,891,hmc_in,unsupervised,state,start,all,891,0.917958,0.699011,0.501032,0.91358,3.2008,0.803671
controlled,108,2,any,state,0,891,hmc_in,unsupervised,state,start,rest,39,0.714101,0.491306,0.358808,0.923077,2.37846,0.803671
controlled,108,2,any,state,0,891,hmc_in,unsupervised,state,start,locomotion,338,0.641567,0.505258,0.379289,0.994083,3.4308,0.803671
controlled,108,2,any,state,0,891,hmc_in,unsupervised,state,start,vigorous,172,1.44394,1.33502,0.895648,0.72093,3.3953,0.803671
controlled,108,2,any,state,0,891,hmc_in,unsupervised,state,start,transient,342,0.82571,0.594319,0.439107,0.929825,2.96944,0.803671
controlled,108,2,any,state,0,891,hmc_in,unsupervised,state-markov,start,all,891,0.916783,0.698178,0.497677,0.914703,3.20076,0.661234
controlled,108,2,any,state,0,891,hmc_in,unsupervised,state-markov,start,rest,39,0.713361,0.490857,0.355951,0.923077,2.37841,0.661234
controlled,108,2,any,state,0,891,hmc_in,unsupervised,state-markov,start,locomotion,338,0.639709,0.504488,0.3762,0.994083,3.43119,0.661234
controlled,108,2,any,state,0,891,hmc_in,unsupervised,state-markov,start,vigorous,172,1.44391,1.33484,0.893771,0.72093,3.39369,0.661234
controlled,108,2,any,state,0,891,hmc_in,unsupervised,state-markov,start,transient,342,0.823832,0.593052,0.43469,0.932749,2.96976,0.661234
controlled,108,2,any,state,0,891,hmc_in,unsupervised,state,ignorable fit,all,891,0.92369,0.704391,0.502888,0.912458,3.2189,0.718821
controlled,108,2,any,state,0,891,hmc_in,unsupervised,state,ignorable fit,rest,39,0.719896,0.492652,0.354822,0.923077,2.37492,0.718821
controlled,108,2,any,state,0,891,hmc_in,unsupervised,state,ignorable fit,locomotion,338,0.647203,0.511355,0.381343,0.994083,3.45261,0.718821
controlled,108,2,any,state,0,891,hmc_in,unsupervised,state,ignorable fit,vigorous,172,1.45298,1.34516,0.899648,0.72093,3.42663,0.718821
controlled,108,2,any,state,0,891,hmc_in,unsupervised,state,ignorable fit,transient,342,0.829455,0.597055,0.440356,0.926901,2.97968,0.718821
controlled,108,2,any,state,0,891,hmc_in,unsupervised,state-markov,ignorable fit,all,891,0.922308,0.703354,0.502843,0.91358,3.21863,0.703154
controlled,108,2,any,state,0,891,hmc_in,unsupervised,state-markov,ignorable fit,rest,39,0.719222,0.492264,0.361109,0.923077,2.37488,0.703154
controlled,108,2,any,state,0,891,hmc_in,unsupervised,state-markov,ignorable fit,locomotion,338,0.644872,0.510382,0.382788,0.994083,3.45296,0.703154
controlled,108,2,any,state,0,891,hmc_in,unsupervised,state-markov,ignorable fit,vigorous,172,1.4529,1.34489,0.896481,0.72093,3.42382,0.703154
controlled,108,2,any,state,0,891,hmc_in,unsupervised,state-markov,ignorable fit,transient,342,0.827384,0.595496,0.439685,0.929825,2.98007,0.703154
controlled,108,2,any,state,1,890,hmc_in,oracle,ignorable,,all,890,0.851381,0.6653,0.487987,0.966292,3.73643,0.642749
controlled,108,2,any,state,1,890,hmc_in,oracle,ignorable,,rest,51,0.979963,0.901053,0.566394,0.980392,3.99209,0.642749
controlled,108,2,any,state,1,890,hmc_in,oracle,ignorable,,locomotion,336,0.582729,0.433321,0.364358,0.985119,3.55645,0.642749
controlled,108,2,any,state,1,890,hmc_in,oracle,ignorable,,vigorous,161,1.12982,0.966263,0.654394,0.888199,3.50917,0.642749
controlled,108,2,any,state,1,890,hmc_in,oracle,ignorable,,transient,342,0.899198,0.71637,0.519417,0.982456,3.98212,0.642749
controlled,108,2,any,state,1,890,hmc_in,oracle,state,,all,890,0.870733,0.682459,0.497433,0.964045,3.71191,0.801951
controlled,108,2,any,state,1,890,hmc_in,oracle,state,,rest,51,0.977481,0.899532,0.57469,0.980392,3.99668,0.801951
controlled,108,2,any,state,1,890,hmc_in,oracle,state,,locomotion,336,0.593795,0.436804,0.36822,0.985119,3.53802,0.801951
controlled,108,2,any,state,1,890,hmc_in,oracle,state,,vigorous,161,1.13382,0.971467,0.657785,0.888199,3.48909,0.801951
controlled,108,2,any,state,1,890,hmc_in,oracle,state,,transient,342,0.937525,0.75538,0.537372,0.976608,3.94517,0.801951
controlled,108,2,any,state,1,890,hmc_in,oracle,state-markov,,all,890,0.871459,0.682562,0.498307,0.964045,3.71145,0.719862
controlled,108,2,any,state,1,890,hmc_in,oracle,state-markov,,rest,51,0.977544,0.899572,0.574459,0.980392,3.99657,0.719862
controlled,108,2,any,state,1,890,hmc_in,oracle,state-markov,,locomotion,336,0.595275,0.437265,0.36567,0.985119,3.53749,0.719862
controlled,108,2,any,state,1,890,hmc_in,oracle,state-markov,,vigorous,161,1.13382,0.971446,0.660492,0.888199,3.48915,0.719862
controlled,108,2,any,state,1,890,hmc_in,oracle,state-markov,,transient,342,0.938351,0.755198,0.540911,0.976608,3.94448,0.719862
controlled,108,2,any,state,1,890,hmc_in,unsupervised,ignorable,start,all,890,0.908235,0.683888,0.491008,0.91236,3.08559,0.714278
controlled,108,2,any,state,1,890,hmc_in,unsupervised,ignorable,start,rest,51,0.687525,0.442744,0.326372,0.960784,2.06652,0.714278
controlled,108,2,any,state,1,890,hmc_in,unsupervised,ignorable,start,locomotion,336,0.608503,0.492244,0.366054,0.997024,3.35598,0.714278
controlled,108,2,any,state,1,890,hmc_in,unsupervised,ignorable,start,vigorous,161,1.45481,1.3301,0.896827,0.708075,3.35383,0.714278
controlled,108,2,any,state,1,890,hmc_in,unsupervised,ignorable,start,transient,342,0.846185,0.60392,0.447279,0.918129,2.84562,0.714278
controlled,108,2,any,state,1,890,hmc_in,unsupervised,state,start,all,890,0.926728,0.699305,0.502647,0.908989,3.08268,0.664465
controlled,108,2,any,state,1,890,hmc_in,unsupervised,state,start,rest,51,0.708498,0.466678,0.338105,0.941176,2.08163,0.664465
controlled,108,2,any,state,1,890,hmc_in,unsupervised,state,start,locomotion,336,0.631101,0.501011,0.375841,0.997024,3.34499,0.664465
controlled,108,2,any,state,1,890,hmc_in,unsupervised,state,start,vigorous,161,1.45028,1.32517,0.900179,0.708075,3.34057,0.664465
controlled,108,2,any,state,1,890,hmc_in,unsupervised,state,start,transient,342,0.88241,0.634176,0.464623,0.912281,2.85285,0.664465
controlled,108,2,any,state,1,890,hmc_in,unsupervised,state-markov,start,all,890,0.926398,0.698602,0.499174,0.907865,3.08146,0.625341
controlled,108,2,any,state,1,890,hmc_in,unsupervised,state-markov,start,rest,51,0.70503,0.463156,0.3369,0.960784,2.08024,0.625341
controlled,108,2,any,state,1,890,hmc_in,unsupervised,state-markov,start,locomotion,336,0.632273,0.501149,0.37423,0.997024,3.34397,0.625341
controlled,108,2,any,state,1,890,hmc_in,unsupervised,state-markov,start,vigorous,161,1.44996,1.32484,0.893462,0.708075,3.33914,0.625341
controlled,108,2,any,state,1,890,hmc_in,unsupervised,state-markov,start,transient,342,0.881345,0.632896,0.46051,0.906433,2.85155,0.625341
controlled,108,2,any,state,1,890,hmc_in,unsupervised,state,ignorable fit,all,890,0.934482,0.70612,0.504111,0.904494,3.1,0.691126
controlled,108,2,any,state,1,890,hmc_in,unsupervised,state,ignorable fit,rest,51,0.723966,0.48055,0.339708,0.941176,2.07429,0.691126
controlled,108,2,any,state,1,890,hmc_in,unsupervised,state,ignorable fit,locomotion,336,0.638564,0.506828,0.374986,0.997024,3.36647,0.691126
controlled,108,2,any,state,1,890,hmc_in,unsupervised,state,ignorable fit,vigorous,161,1.45848,1.33351,0.906769,0.701863,3.37628,0.691126
controlled,108,2,any,state,1,890,hmc_in,unsupervised,state,ignorable fit,transient,342,0.890145,0.640202,0.465932,0.903509,2.8611,0.691126
controlled,108,2,any,state,1,890,hmc_in,unsupervised,state-markov,ignorable fit,all,890,0.934171,0.705492,0.505199,0.906742,3.09902,0.666693
controlled,108,2,any,state,1,890,hmc_in,unsupervised,state-markov,ignorable fit,rest,51,0.720163,0.477289,0.337089,0.941176,2.07316,0.666693
controlled,108,2,any,state,1,890,hmc_in,unsupervised,state-markov,ignorable fit,locomotion,336,0.639608,0.507063,0.377833,0.997024,3.36606,0.666693
controlled,108,2,any,state,1,890,hmc_in,unsupervised,state-markov,ignorable fit,vigorous,161,1.45837,1.33332,0.90445,0.708075,3.37574,0.666693
controlled,108,2,any,state,1,890,hmc_in,unsupervised,state-markov,ignorable fit,transient,342,0.889102,0.638911,0.467447,0.906433,2.85937,0.666693
controlled,108,2,any,state,2,872,hmc_in,oracle,ignorable,,all,872,0.853303,0.669697,0.493993,0.965596,3.73334,0.686101
controlled,108,2,any,state,2,872,hmc_in,oracle,ignorable,,rest,40,1.09826,1.03098,0.646103,0.95,4.18218,0.686101
controlled,108,2,any,state,2,872,hmc_in,oracle,ignorable,,locomotion,317,0.572854,0.42423,0.364131,0.987382,3.56882,0.686101
controlled,108,2,any,state,2,872,hmc_in,oracle,ignorable,,vigorous,184,1.09042,0.947348,0.646299,0.940217,3.51472,0.686101
controlled,108,2,any,state,2,872,hmc_in,oracle,ignorable,,transient,331,0.89286,0.706779,0.515315,0.960725,3.9582,0.686101
controlled,108,2,any,state,2,872,hmc_in,oracle,state,,all,872,0.876808,0.690229,0.501635,0.963303,3.69112,0.733615
controlled,108,2,any,state,2,872,hmc_in,oracle,state,,rest,40,1.14221,1.04889,0.680964,0.95,4.12071,0.733615
controlled,108,2,any,state,2,872,hmc_in,oracle,state,,locomotion,317,0.641483,0.458527,0.383957,0.981073,3.51753,0.733615
controlled,108,2,any,state,2,872,hmc_in,oracle,state,,vigorous,184,1.09504,0.957365,0.637068,0.945652,3.50521,0.733615
controlled,108,2,any,state,2,872,hmc_in,oracle,state,,transient,331,0.898337,0.72029,0.517378,0.957704,3.90879,0.733615
controlled,108,2,any,state,2,872,hmc_in,oracle,state-markov,,all,872,0.873861,0.689004,0.499298,0.963303,3.69423,0.712472
controlled,108,2,any,state,2,872,hmc_in,oracle,state-markov,,rest,40,1.14542,1.04988,0.675334,0.95,4.1172,0.712472
controlled,108,2,any,state,2,872,hmc_in,oracle,state-markov,,locomotion,317,0.629153,0.454451,0.37791,0.981073,3.52543,0.712472
controlled,108,2,any,state,2,872,hmc_in,oracle,state-markov,,vigorous,184,1.0954,0.957765,0.6433,0.945652,3.50506,0.712472
controlled,108,2,any,state,2,872,hmc_in,oracle,state-markov,,transient,331,0.898386,0.720624,0.514228,0.957704,3.90994,0.712472
controlled,108,2,any,state,2,872,hmc_in,unsupervised,ignorable,start,all,872,0.911905,0.691818,0.507685,0.900229,3.0997,0.739434
controlled,108,2,any,state,2,872,hmc_in,unsupervised,ignorable,start,rest,40,0.906894,0.611695,0.449045,0.825,2.28736,0.739434
controlled,108,2,any,state,2,872,hmc_in,unsupervised,ignorable,start,locomotion,317,0.581545,0.464579,0.363812,0.996845,3.3528,0.739434
controlled,108,2,any,state,2,872,hmc_in,unsupervised,ignorable,start,vigorous,184,1.44832,1.34324,0.907629,0.706522,3.35529,0.739434
controlled,108,2,any,state,2,872,hmc_in,unsupervised,ignorable,start,transient,331,0.775486,0.557005,0.430234,0.924471,2.8134,0.739434
controlled,108,2,any,state,2,872,hmc_in,unsupervised,state,start,all,872,0.937319,0.712392,0.517278,0.900229,3.11441,0.656988
controlled,108,2,any,state,2,872,hmc_in,unsupervised,state,start,rest,40,0.924091,0.619132,0.459765,0.825,2.28339,0.656988
controlled,108,2,any,state,2,872,hmc_in,unsupervised,state,start,locomotion,317,0.59657,0.474754,0.367832,0.996845,3.36163,0.656988
controlled,108,2,any,state,2,872,hmc_in,unsupervised,state,start,vigorous,184,1.45713,1.35323,0.919492,0.701087,3.35959,0.656988
controlled,108,2,any,state,2,872,hmc_in,unsupervised,state,start,transient,331,0.830786,0.595013,0.443765,0.927492,2.84178,0.656988
controlled,108,2,any,state,2,872,hmc_in,unsupervised,state-markov,start,all,872,0.937038,0.711663,0.514935,0.899083,3.11596,0.69143
controlled,108,2,any,state,2,872,hmc_in,unsupervised,state-markov,start,rest,40,0.926117,0.620088,0.466506,0.825,2.28213,0.69143
controlled,108,2,any,state,2,872,hmc_in,unsupervised,state-markov,start,locomotion,317,0.593882,0.472121,0.363623,0.996845,3.36384,0.69143
controlled,108,2,any,state,2,872,hmc_in,unsupervised,state-markov,start,vigorous,184,1.45835,1.35457,0.916641,0.701087,3.36109,0.69143
controlled,108,2,any,state,2,872,hmc_in,unsupervised,state-markov,start,transient,331,0.830334,0.594753,0.442395,0.924471,2.84307,0.69143
controlled,108,2,any,state,2,872,hmc_in,unsupervised,state,ignorable fit,all,872,0.943158,0.717142,0.521228,0.897936,3.12185,0.619581
controlled,108,2,any,state,2,872,hmc_in,unsupervised,state,ignorable fit,rest,40,0.929777,0.622007,0.465397,0.825,2.27858,0.619581
controlled,108,2,any,state,2,872,hmc_in,unsupervised,state,ignorable fit,locomotion,317,0.599272,0.477186,0.369304,0.996845,3.37261,0.619581
controlled,108,2,any,state,2,872,hmc_in,unsupervised,state,ignorable fit,vigorous,184,1.46229,1.35868,0.919911,0.701087,3.37047,0.619581
controlled,108,2,any,state,2,872,hmc_in,unsupervised,state,ignorable fit,transient,331,0.840469,0.601822,0.45185,0.92145,2.84539,0.619581
controlled,108,2,any,state,2,872,hmc_in,unsupervised,state-markov,ignorable fit,all,872,0.942245,0.715915,0.516916,0.899083,3.12239,0.704788
controlled,108,2,any,state,2,872,hmc_in,unsupervised,state-markov,ignorable fit,rest,40,0.931446,0.622673,0.461209,0.825,2.27806,0.704788
controlled,108,2,any,state,2,872,hmc_in,unsupervised,state-markov,ignorable fit,locomotion,317,0.596319,0.474285,0.366609,0.996845,3.37381,0.704788
controlled,108,2,any,state,2,872,hmc_in,unsupervised,state-markov,ignorable fit,vigorous,184,1.46305,1.35951,0.912097,0.701087,3.37089,0.704788
controlled,108,2,any,state,2,872,hmc_in,unsupervised,state-markov,ignorable fit,transient,331,0.838822,0.600824,0.447919,0.924471,2.84549,0.704788
controlled,108,2,any,state,3,907,hmc_in,oracle,ignorable,,all,907,0.854632,0.657173,0.489762,0.965821,3.69777,0.68958
controlled,108,2,any,state,3,907,hmc_in,oracle,ignorable,,rest,32,0.928477,0.832759,0.535025,0.96875,3.98781,0.68958
controlled,108,2,any,state,3,907,hmc_in,oracle,ignorable,,locomotion,366,0.566401,0.423336,0.361001,0.991803,3.55268,0.68958
controlled,108,2,any,state,3,907,hmc_in,oracle,ignorable,,vigorous,199,1.11867,0.96498,0.659437,0.919598,3.54035,0.68958
controlled,108,2,any,state,3,907,hmc_in,oracle,ignorable,,transient,310,0.930547,0.717534,0.52819,0.964516,3.9402,0.68958
controlled,108,2,any,state,3,907,hmc_in,oracle,state,,all,907,0.866519,0.670705,0.495461,0.963616,3.685,0.70891
controlled,108,2,any,state,3,907,hmc_in,oracle,state,,rest,32,0.941699,0.857136,0.551936,0.96875,4.01001,0.70891
controlled,108,2,any,state,3,907,hmc_in,oracle,state,,locomotion,366,0.629763,0.452252,0.380724,0.983607,3.5133,0.70891
controlled,108,2,any,state,3,907,hmc_in,oracle,state,,vigorous,199,1.11736,0.970584,0.659514,0.919598,3.5126,0.70891
controlled,108,2,any,state,3,907,hmc_in,oracle,state,,transient,310,0.91412,0.716872,0.519783,0.967742,3.96482,0.70891
controlled,108,2,any,state,3,907,hmc_in,oracle,state-markov,,all,907,0.876279,0.675075,0.497729,0.963616,3.67928,0.675034
controlled,108,2,any,state,3,907,hmc_in,oracle,state-markov,,rest,32,0.941556,0.856992,0.532634,0.96875,4.01002,0.675034
controlled,108,2,any,state,3,907,hmc_in,oracle,state-markov,,locomotion,366,0.633379,0.453424,0.379558,0.983607,3.50935,0.675034
controlled,108,2,any,state,3,907,hmc_in,oracle,state-markov,,vigorous,199,1.11748,0.970853,0.654186,0.919598,3.51279,0.675034
controlled,108,2,any,state,3,907,hmc_in,oracle,state-markov,,transient,310,0.938002,0.728117,0.53321,0.967742,3.95264,0.675034
controlled,108,2,any,state,3,907,hmc_in,unsupervised,ignorable,start,all,907,0.960462,0.737431,0.528473,0.894157,3.16153,0.736968
controlled,108,2,any,state,3,907,hmc_in,unsupervised,ignorable,start,rest,32,0.780826,0.550016,0.380246,0.96875,2.31885,0.736968
controlled,108,2,any,state,3,907,hmc_in,unsupervised,ignorable,start,locomotion,366,0.620282,0.496865,0.377531,0.991803,3.37649,0.736968
controlled,108,2,any,state,3,907,hmc_in,unsupervised,ignorable,start,vigorous,199,1.48467,1.36487,0.932987,0.683417,3.39873,0.736968
controlled,108,2,any,state,3,907,hmc_in,unsupervised,ignorable,start,transient,310,0.875692,0.638022,0.46231,0.906452,2.84247,0.736968
controlled,108,2,any,state,3,907,hmc_in,unsupervised,state,start,all,907,0.978914,0.750743,0.538374,0.891951,3.16741,0.658649
controlled,108,2,any,state,3,907,hmc_in,unsupervised,state,start,rest,32,0.868234,0.607332,0.419273,0.96875,2.33157,0.658649
controlled,108,2,any,state,3,907,hmc_in,unsupervised,state,start,locomotion,366,0.629079,0.501881,0.37707,0.991803,3.35361,0.658649
controlled,108,2,any,state,3,907,hmc_in,unsupervised,state,start,vigorous,199,1.47983,1.35911,0.9359,0.693467,3.38805,0.658649
controlled,108,2,any,state,3,907,hmc_in,unsupervised,state,start,transient,310,0.923532,0.66883,0.485924,0.893548,2.89222,0.658649
controlled,108,2,any,state,3,907,hmc_in,unsupervised,state-markov,start,all,907,0.979033,0.750808,0.533556,0.891951,3.16816,0.684777
controlled,108,2,any,state,3,907,hmc_in,unsupervised,state-markov,start,rest,32,0.865072,0.6053,0.414379,0.96875,2.33139,0.684777
controlled,108,2,any,state,3,907,hmc_in,unsupervised,state-markov,start,locomotion,366,0.629465,0.502015,0.377132,0.991803,3.35334,0.684777
controlled,108,2,any,state,3,907,hmc_in,unsupervised,state-markov,start,vigorous,199,1.47984,1.35908,0.925122,0.693467,3.38849,0.684777
controlled,108,2,any,state,3,907,hmc_in,unsupervised,state-markov,start,transient,310,0.92388,0.669091,0.479179,0.893548,2.89447,0.684777
controlled,108,2,any,state,3,907,hmc_in,unsupervised,state,ignorable fit,all,907,0.987517,0.75888,0.541061,0.894157,3.20309,0.821932
controlled,108,2,any,state,3,907,hmc_in,unsupervised,state,ignorable fit,rest,32,0.885706,0.615813,0.411138,0.96875,2.32317,0.821932
controlled,108,2,any,state,3,907,hmc_in,unsupervised,state,ignorable fit,locomotion,366,0.635666,0.50954,0.384403,0.989071,3.38776,0.821932
controlled,108,2,any,state,3,907,hmc_in,unsupervised,state,ignorable fit,vigorous,199,1.49318,1.37246,0.934667,0.693467,3.4316,0.821932
controlled,108,2,any,state,3,907,hmc_in,unsupervised,state,ignorable fit,transient,310,0.929469,0.674152,0.486761,0.903226,2.92922,0.821932
controlled,108,2,any,state,3,907,hmc_in,unsupervised,state-markov,ignorable fit,all,907,0.987494,0.759042,0.540905,0.894157,3.20333,0.769536
controlled,108,2,any,state,3,907,hmc_in,unsupervised,state-markov,ignorable fit,rest,32,0.88241,0.613901,0.4165,0.96875,2.32313,0.769536
controlled,108,2,any,state,3,907,hmc_in,unsupervised,state-markov,ignorable fit,locomotion,366,0.635865,0.50959,0.380441,0.989071,3.38743,0.769536
controlled,108,2,any,state,3,907,hmc_in,unsupervised,state-markov,ignorable fit,vigorous,199,1.49315,1.37231,0.937019,0.693467,3.43131,0.769536
controlled,108,2,any,state,3,907,hmc_in,unsupervised,state-markov,ignorable fit,transient,310,0.929597,0.674857,0.488919,0.903226,2.93048,0.769536
controlled,108,2,any,state,4,897,hmc_in,oracle,ignorable,,all,897,0.836704,0.657394,0.481969,0.9699,3.70868,0.685843
controlled,108,2,any,state,4,897,hmc_in,oracle,ignorable,,rest,42,0.954763,0.874389,0.555752,0.97619,3.97845,0.685843
controlled,108,2,any,state,4,897,hmc_in,oracle,ignorable,,locomotion,340,0.591988,0.431675,0.367948,0.985294,3.56884,0.685843
controlled,108,2,any,state,4,897,hmc_in,oracle,ignorable,,vigorous,177,1.01256,0.852457,0.592006,0.937853,3.50572,0.685843
controlled,108,2,any,state,4,897,hmc_in,oracle,ignorable,,transient,338,0.924765,0.755335,0.529873,0.970414,3.9221,0.685843
controlled,108,2,any,state,4,897,hmc_in,oracle,state,,all,897,0.846248,0.66765,0.48551,0.9699,3.69429,0.674844
controlled,108,2,any,state,4,897,hmc_in,oracle,state,,rest,42,0.96037,0.87951,0.570331,0.97619,3.95876,0.674844
controlled,108,2,any,state,4,897,hmc_in,oracle,state,,locomotion,340,0.621941,0.444472,0.373479,0.982353,3.50872,0.674844
controlled,108,2,any,state,4,897,hmc_in,oracle,state,,vigorous,177,1.01354,0.851643,0.588125,0.937853,3.50018,0.674844
controlled,108,2,any,state,4,897,hmc_in,oracle,state,,transient,338,0.926746,0.769471,0.533928,0.973373,3.94974,0.674844
controlled,108,2,any,state,4,897,hmc_in,oracle,state-markov,,all,897,0.842591,0.664974,0.481738,0.9699,3.6939,0.699716
controlled,108,2,any,state,4,897,hmc_in,oracle,state-markov,,rest,42,0.96046,0.879545,0.562958,0.97619,3.95866,0.699716
controlled,108,2,any,state,4,897,hmc_in,oracle,state-markov,,locomotion,340,0.613186,0.44054,0.371658,0.982353,3.51436,0.699716
controlled,108,2,any,state,4,897,hmc_in,oracle,state-markov,,vigorous,177,1.01364,0.851728,0.581741,0.937853,3.50005,0.699716
controlled,108,2,any,state,4,897,hmc_in,oracle,state-markov,,transient,338,0.923703,0.766275,0.530007,0.973373,3.94311,0.699716
controlled,108,2,any,state,4,897,hmc_in,unsupervised,ignorable,start,all,897,0.871921,0.665116,0.479377,0.928651,3.13378,0.790169
controlled,108,2,any,state,4,897,hmc_in,unsupervised,ignorable,start,rest,42,0.650826,0.467746,0.330624,0.97619,2.13124,0.790169
controlled,108,2,any,state,4,897,hmc_in,unsupervised,ignorable,start,locomotion,340,0.606223,0.486594,0.370254,0.997059,3.37492,0.790169
controlled,108,2,any,state,4,897,hmc_in,unsupervised,ignorable,start,vigorous,177,1.33233,1.19303,0.811312,0.751412,3.3255,0.790169
controlled,108,2,any,state,4,897,hmc_in,unsupervised,ignorable,start,transient,338,0.815899,0.592768,0.433805,0.946746,2.91541,0.790169
controlled,108,2,any,state,4,897,hmc_in,unsupervised,state,start,all,897,0.907956,0.688265,0.493743,0.921962,3.15098,0.674536
controlled,108,2,any,state,4,897,hmc_in,unsupervised,state,start,rest,42,0.684978,0.487928,0.340216,0.97619,2.14497,0.674536
controlled,108,2,any,state,4,897,hmc_in,unsupervised,state,start,locomotion,340,0.624079,0.493073,0.373169,0.997059,3.373,0.674536
controlled,108,2,any,state,4,897,hmc_in,unsupervised,state,start,vigorous,177,1.33351,1.19167,0.81163,0.751412,3.32714,0.674536
controlled,108,2,any,state,4,897,hmc_in,unsupervised,state,start,transient,338,0.898052,0.645888,0.46764,0.928994,2.9604,0.674536
controlled,108,2,any,state,4,897,hmc_in,unsupervised,state-markov,start,all,897,0.903178,0.685481,0.493753,0.924192,3.15128,0.77462
controlled,108,2,any,state,4,897,hmc_in,unsupervised,state-markov,start,rest,42,0.685559,0.488146,0.336017,0.97619,2.14498,0.77462
controlled,108,2,any,state,4,897,hmc_in,unsupervised,state-markov,start,locomotion,340,0.621606,0.491827,0.376533,0.997059,3.3748,0.77462
controlled,108,2,any,state,4,897,hmc_in,unsupervised,state-markov,start,vigorous,177,1.33348,1.19161,0.811168,0.751412,3.32692,0.77462
controlled,108,2,any,state,4,897,hmc_in,unsupervised,state-markov,start,transient,338,0.886893,0.639758,0.465047,0.934911,2.95951,0.77462
controlled,108,2,any,state,4,897,hmc_in,unsupervised,state,ignorable fit,all,897,0.90937,0.689488,0.493661,0.921962,3.15679,0.689603
controlled,108,2,any,state,4,897,hmc_in,unsupervised,state,ignorable fit,rest,42,0.682882,0.484329,0.328496,0.97619,2.14631,0.689603
controlled,108,2,any,state,4,897,hmc_in,unsupervised,state,ignorable fit,locomotion,340,0.625066,0.494307,0.37492,0.997059,3.37967,0.689603
controlled,108,2,any,state,4,897,hmc_in,unsupervised,state,ignorable fit,vigorous,177,1.33585,1.19404,0.806793,0.751412,3.33643,0.689603
controlled,108,2,any,state,4,897,hmc_in,unsupervised,state,ignorable fit,transient,338,0.89953,0.647097,0.46965,0.928994,2.96409,0.689603
controlled,108,2,any,state,4,897,hmc_in,unsupervised,state-markov,ignorable fit,all,897,0.904607,0.68668,0.492108,0.924192,3.15747,0.617093
controlled,108,2,any,state,4,897,hmc_in,unsupervised,state-markov,ignorable fit,rest,42,0.683401,0.484249,0.336002,0.97619,2.14648,0.617093
controlled,108,2,any,state,4,897,hmc_in,unsupervised,state-markov,ignorable fit,locomotion,340,0.622604,0.493102,0.375692,0.997059,3.38202,0.617093
controlled,108,2,any,state,4,897,hmc_in,unsupervised,state-markov,ignorable fit,vigorous,177,1.33601,1.19416,0.806989,0.751412,3.33686,0.617093
controlled,108,2,any,state,4,897,hmc_in,unsupervised,state-markov,ignorable fit,transient,338,0.88826,0.640805,0.463718,0.934911,2.96329,0.617093
controlled,108,2,any,state-markov,0,914,hmc_in,oracle,ignorable,,all,914,0.838653,0.648812,0.48227,0.974836,3.7094,0.672825
controlled,108,2,any,state-markov,0,914,hmc_in,oracle,ignorable,,rest,43,0.916427,0.820604,0.553689,1,4.0663,0.672825
controlled,108,2,any,state-markov,0,914,hmc_in,oracle,ignorable,,locomotion,353,0.545381,0.398513,0.351783,0.991501,3.53782,0.672825
controlled,108,2,any,state-markov,0,914,hmc_in,oracle,ignorable,,vigorous,204,1.06575,0.919371,0.622093,0.946078,3.49922,0.672825
controlled,108,2,any,state-markov,0,914,hmc_in,oracle,ignorable,,transient,314,0.927353,0.730897,0.528345,0.971338,3.98997,0.672825
controlled,108,2,any,state-markov,0,914,hmc_in,oracle,state,,all,914,0.918021,0.695215,0.512782,0.966083,3.69292,0.684978
controlled,108,2,any,state-markov,0,914,hmc_in,oracle,state,,rest,43,0.989908,0.893708,0.582395,1,3.94714,0.684978
controlled,108,2,any,state-markov,0,914,hmc_in,oracle,state,,locomotion,353,0.595756,0.427023,0.365333,0.991501,3.54603,0.684978
controlled,108,2,any,state-markov,0,914,hmc_in,oracle,state,,vigorous,204,1.07605,0.924675,0.627817,0.941176,3.4953,0.684978
controlled,108,2,any,state-markov,0,914,hmc_in,oracle,state,,transient,314,1.08059,0.820459,0.594276,0.949045,3.95162,0.684978
controlled,108,2,any,state-markov,0,914,hmc_in,oracle,state-markov,,all,914,0.871502,0.674389,0.495109,0.974836,3.70169,0.818457
controlled,108,2,any,state-markov,0,914,hmc_in,oracle,state-markov,,rest,43,0.972497,0.881774,0.58402,1,3.99108,0.818457
controlled,108,2,any,state-markov,0,914,hmc_in,oracle,state-markov,,locomotion,353,0.569902,0.414774,0.359579,0.991501,3.54195,0.818457
controlled,108,2,any,state-markov,0,914,hmc_in,oracle,state-markov,,vigorous,204,1.07491,0.923935,0.626807,0.946078,3.49553,0.818457
controlled,108,2,any,state-markov,0,914,hmc_in,oracle,state-markov,,transient,314,0.982607,0.775723,0.549734,0.971338,3.97557,0.818457
controlled,108,2,any,state-markov,0,914,hmc_in,unsupervised,ignorable,start,all,914,0.968329,0.731394,0.525791,0.88512,3.17047,0.686547
controlled,108,2,any,state-markov,0,914,hmc_in,unsupervised,ignorable,start,rest,43,0.706541,0.493132,0.360831,0.930233,2.03555,0.686547
controlled,108,2,any,state-markov,0,914,hmc_in,unsupervised,ignorable,start,locomotion,353,0.60103,0.485318,0.368618,0.991501,3.40971,0.686547
controlled,108,2,any,state-markov,0,914,hmc_in,unsupervised,ignorable,start,vigorous,204,1.46904,1.34398,0.903971,0.686275,3.37666,0.686547
controlled,108,2,any,state-markov,0,914,hmc_in,unsupervised,ignorable,start,transient,314,0.923491,0.642675,0.479379,0.888535,2.92298,0.686547
controlled,108,2,any,state-markov,0,914,hmc_in,unsupervised,state,start,all,914,1.00006,0.764069,0.541618,0.889497,3.23648,0.733486
controlled,108,2,any,state-markov,0,914,hmc_in,unsupervised,state,start,rest,43,0.740524,0.527323,0.368587,0.930233,2.04746,0.733486
controlled,108,2,any,state-markov,0,914,hmc_in,unsupervised,state,start,locomotion,353,0.618814,0.492293,0.37452,0.991501,3.38745,0.733486
controlled,108,2,any,state-markov,0,914,hmc_in,unsupervised,state,start,vigorous,204,1.45969,1.33289,0.901357,0.70098,3.35662,0.733486
controlled,108,2,any,state-markov,0,914,hmc_in,unsupervised,state,start,transient,314,1.01061,0.732473,0.51945,0.89172,3.15152,0.733486
controlled,108,2,any,state-markov,0,914,hmc_in,unsupervised,state-markov,start,all,914,0.975827,0.738122,0.533121,0.887309,3.1649,0.719107
controlled,108,2,any,state-markov,0,914,hmc_in,unsupervised,state-markov,start,rest,43,0.725365,0.514325,0.365987,0.930233,2.05041,0.719107
controlled,108,2,any,state-markov,0,914,hmc_in,unsupervised,state-markov,start,locomotion,353,0.609891,0.487449,0.369766,0.991501,3.38402,0.719107
controlled,108,2,any,state-markov,0,914,hmc_in,unsupervised,state-markov,start,vigorous,204,1.45815,1.33216,0.908452,0.691176,3.34563,0.719107
controlled,108,2,any,state-markov,0,914,hmc_in,unsupervised,state-markov,start,transient,314,0.948801,0.664645,0.495809,0.89172,2.95377,0.719107
controlled,108,2,any,state-markov,0,914,hmc_in,unsupervised,state,ignorable fit,all,914,1.00628,0.771235,0.545416,0.888403,3.26374,0.742198
controlled,108,2,any,state-markov,0,914,hmc_in,unsupervised,state,ignorable fit,rest,43,0.733582,0.519836,0.36023,0.930233,2.03355,0.742198
controlled,108,2,any,state-markov,0,914,hmc_in,unsupervised,state,ignorable fit,locomotion,353,0.62429,0.498502,0.37709,0.991501,3.41818,0.742198
controlled,108,2,any,state-markov,0,914,hmc_in,unsupervised,state,ignorable fit,vigorous,204,1.47016,1.34405,0.910203,0.696078,3.38578,0.742198
controlled,108,2,any,state-markov,0,914,hmc_in,unsupervised,state,ignorable fit,transient,314,1.0156,0.740121,0.523015,0.89172,3.1793,0.742198
controlled,108,2,any,state-markov,0,914,hmc_in,unsupervised,state-markov,ignorable fit,all,914,0.984858,0.747509,0.534354,0.887309,3.1997,0.711436
controlled,108,2,any,state-markov,0,914,hmc_in,unsupervised,state-markov,ignorable fit,rest,43,0.716573,0.504313,0.352405,0.930233,2.03232,0.711436
controlled,108,2,any,state-markov,0,914,hmc_in,unsupervised,state-markov,ignorable fit,locomotion,353,0.617271,0.495442,0.372622,0.991501,3.42329,0.711436
controlled,108,2,any,state-markov,0,914,hmc_in,unsupervised,state-markov,ignorable fit,vigorous,204,1.4718,1.34689,0.910906,0.686275,3.38329,0.711436
controlled,108,2,any,state-markov,0,914,hmc_in,unsupervised,state-markov,ignorable fit,transient,314,0.957784,0.674782,0.496453,0.894904,2.98892,0.711436
controlled,108,2,any,state-markov,1,848,hmc_in,oracle,ignorable,,all,848,0.881653,0.701246,0.50871,0.966981,3.76331,0.715007
controlled,108,2,any,state-markov,1,848,hmc_in,oracle,ignorable,,rest,37,0.998099,0.908616,0.598556,0.972973,4.01119,0.715007
controlled,108,2,any,state-markov,1,848,hmc_in,oracle,ignorable,,locomotion,288,0.625525,0.456654,0.378713,0.982639,3.5976,0.715007
controlled,108,2,any,state-markov,1,848,hmc_in,oracle,ignorable,,vigorous,166,1.15805,0.981763,0.676119,0.927711,3.53351,0.715007
controlled,108,2,any,state-markov,1,848,hmc_in,oracle,ignorable,,transient,357,0.896607,0.746635,0.526427,0.971989,3.97815,0.715007
controlled,108,2,any,state-markov,1,848,hmc_in,oracle,state,,all,848,0.952072,0.7427,0.537779,0.951651,3.71032,0.765894
controlled,108,2,any,state-markov,1,848,hmc_in,oracle,state,,rest,37,0.989476,0.897186,0.596674,0.972973,3.939,0.765894
controlled,108,2,any,state-markov,1,848,hmc_in,oracle,state,,locomotion,288,0.761429,0.510791,0.423271,0.958333,3.53043,0.765894
controlled,108,2,any,state-markov,1,848,hmc_in,oracle,state,,vigorous,166,1.17685,1.0116,0.691302,0.921687,3.52285,0.765894
controlled,108,2,any,state-markov,1,848,hmc_in,oracle,state,,transient,357,0.969501,0.78874,0.552666,0.957983,3.91891,0.765894
controlled,108,2,any,state-markov,1,848,hmc_in,oracle,state-markov,,all,848,0.973767,0.759184,0.547774,0.944575,3.70047,0.739601
controlled,108,2,any,state-markov,1,848,hmc_in,oracle,state-markov,,rest,37,0.98833,0.891393,0.579983,0.972973,3.94727,0.739601
controlled,108,2,any,state-markov,1,848,hmc_in,oracle,state-markov,,locomotion,288,0.771602,0.514965,0.427555,0.954861,3.52318,0.739601
controlled,108,2,any,state-markov,1,848,hmc_in,oracle,state-markov,,vigorous,166,1.17918,1.01301,0.68913,0.921687,3.5207,0.739601
controlled,108,2,any,state-markov,1,848,hmc_in,oracle,state-markov,,transient,357,1.01207,0.824473,0.575691,0.943978,3.90151,0.739601
controlled,108,2,any,state-markov,1,848,hmc_in,unsupervised,ignorable,start,all,848,0.947236,0.718021,0.513213,0.896226,3.14151,0.787764
controlled,108,2,any,state-markov,1,848,hmc_in,unsupervised,ignorable,start,rest,37,0.640562,0.435869,0.358163,0.945946,2.21933,0.787764
controlled,108,2,any,state-markov,1,848,hmc_in,unsupervised,ignorable,start,locomotion,288,0.617542,0.493895,0.373792,0.993056,3.36896,0.787764
controlled,108,2,any,state-markov,1,848,hmc_in,unsupervised,ignorable,start,vigorous,166,1.47765,1.36261,0.919676,0.656627,3.41754,0.787764
controlled,108,2,any,state-markov,1,848,hmc_in,unsupervised,ignorable,start,transient,357,0.875126,0.628343,0.452757,0.92437,2.92525,0.787764
controlled,108,2,any,state-markov,1,848,hmc_in,unsupervised,state,start,all,848,1.00287,0.761053,0.539822,0.886792,3.15543,0.673715
controlled,108,2,any,state-markov,1,848,hmc_in,unsupervised,state,start,rest,37,0.647341,0.447622,0.351948,0.945946,2.28703,0.673715
controlled,108,2,any,state-markov,1,848,hmc_in,unsupervised,state,start,locomotion,288,0.67334,0.520439,0.389954,0.993056,3.3577,0.673715
controlled,108,2,any,state-markov,1,848,hmc_in,unsupervised,state,start,vigorous,166,1.48329,1.37102,0.925428,0.656627,3.39828,0.673715
controlled,108,2,any,state-markov,1,848,hmc_in,unsupervised,state,start,transient,357,0.978141,0.704019,0.500894,0.901961,2.96933,0.673715
controlled,108,2,any,state-markov,1,848,hmc_in,unsupervised,state-markov,start,all,848,0.968039,0.734736,0.524954,0.896226,3.14501,0.668115
controlled,108,2,any,state-markov,1,848,hmc_in,unsupervised,state-markov,start,rest,37,0.647003,0.447429,0.355299,0.972973,2.30645,0.668115
controlled,108,2,any,state-markov,1,848,hmc_in,unsupervised,state-markov,start,locomotion,288,0.636717,0.503697,0.379773,0.993056,3.36828,0.668115
controlled,108,2,any,state-markov,1,848,hmc_in,unsupervised,state-markov,start,vigorous,166,1.48009,1.36605,0.925994,0.656627,3.40695,0.668115
controlled,108,2,any,state-markov,1,848,hmc_in,unsupervised,state-markov,start,transient,357,0.91481,0.657344,0.473181,0.921569,2.93,0.668115
controlled,108,2,any,state-markov,1,848,hmc_in,unsupervised,state,ignorable fit,all,848,1.00835,0.766118,0.541976,0.886792,3.17051,0.719429
controlled,108,2,any,state-markov,1,848,hmc_in,unsupervised,state,ignorable fit,rest,37,0.643289,0.44212,0.360302,0.972973,2.327,0.719429
controlled,108,2,any,state-markov,1,848,hmc_in,unsupervised,state,ignorable fit,locomotion,288,0.682473,0.527186,0.396043,0.986111,3.37997,0.719429
controlled,108,2,any,state-markov,1,848,hmc_in,unsupervised,state,ignorable fit,vigorous,166,1.49085,1.37912,0.930244,0.656627,3.42119,0.719429
controlled,108,2,any,state-markov,1,848,hmc_in,unsupervised,state,ignorable fit,transient,357,0.981342,0.707413,0.497993,0.904762,2.9724,0.719429
controlled,108,2,any,state-markov,1,848,hmc_in,unsupervised,state-markov,ignorable fit,all,848,0.972852,0.738868,0.52582,0.895047,3.15527,0.631851
controlled,108,2,any,state-markov,1,848,hmc_in,unsupervised,state-markov,ignorable fit,rest,37,0.644,0.443467,0.352534,0.972973,2.32768,0.631851
controlled,108,2,any,state-markov,1,848,hmc_in,unsupervised,state-markov,ignorable fit,locomotion,288,0.644297,0.508649,0.382321,0.993056,3.38448,0.631851
controlled,108,2,any,state-markov,1,848,hmc_in,unsupervised,state-markov,ignorable fit,vigorous,166,1.48535,1.37161,0.929915,0.656627,3.42266,0.631851
controlled,108,2,any,state-markov,1,848,hmc_in,unsupervised,state-markov,ignorable fit,transient,357,0.918899,0.660993,0.471644,0.918768,2.9318,0.631851
controlled,108,2,any,state-markov,2,901,hmc_in,oracle,ignorable,,all,901,0.843678,0.642054,0.482511,0.961154,3.73217,0.683584
controlled,108,2,any,state-markov,2,901,hmc_in,oracle,ignorable,,rest,31,1.0827,0.899398,0.622841,0.935484,4.12986,0.683584
controlled,108,2,any,state-markov,2,901,hmc_in,oracle,ignorable,,locomotion,337,0.618232,0.447553,0.376594,0.985163,3.60724,0.683584
controlled,108,2,any,state-markov,2,901,hmc_in,oracle,ignorable,,vigorous,173,1.09038,0.94278,0.639416,0.913295,3.51138,0.683584
controlled,108,2,any,state-markov,2,901,hmc_in,oracle,ignorable,,transient,360,0.866823,0.657452,0.494175,0.963889,3.92098,0.683584
controlled,108,2,any,state-markov,2,901,hmc_in,oracle,state,,all,901,0.937637,0.695002,0.520111,0.941176,3.66697,0.691694
controlled,108,2,any,state-markov,2,901,hmc_in,oracle,state,,rest,31,1.09675,0.928458,0.625313,0.935484,4.05833,0.691694
controlled,108,2,any,state-markov,2,901,hmc_in,oracle,state,,locomotion,337,0.715827,0.486198,0.405136,0.976261,3.5558,0.691694
controlled,108,2,any,state-markov,2,901,hmc_in,oracle,state,,vigorous,173,1.1054,0.952003,0.642798,0.913295,3.51717,0.691694
controlled,108,2,any,state-markov,2,901,hmc_in,oracle,state,,transient,360,1.01484,0.74686,0.559724,0.922222,3.80933,0.691694
controlled,108,2,any,state-markov,2,901,hmc_in,oracle,state-markov,,all,901,0.922185,0.692197,0.512825,0.950055,3.67887,0.736128
controlled,108,2,any,state-markov,2,901,hmc_in,oracle,state-markov,,rest,31,1.09501,0.925734,0.62109,0.935484,4.06599,0.736128
controlled,108,2,any,state-markov,2,901,hmc_in,oracle,state-markov,,locomotion,337,0.68926,0.477174,0.395516,0.979228,3.57041,0.736128
controlled,108,2,any,state-markov,2,901,hmc_in,oracle,state-markov,,vigorous,173,1.10548,0.954937,0.643842,0.913295,3.51342,0.736128
controlled,108,2,any,state-markov,2,901,hmc_in,oracle,state-markov,,transient,360,0.996577,0.747111,0.550354,0.941667,3.82658,0.736128
controlled,108,2,any,state-markov,2,901,hmc_in,unsupervised,ignorable,start,all,901,0.954774,0.722292,0.521663,0.901221,3.25548,0.690685
controlled,108,2,any,state-markov,2,901,hmc_in,unsupervised,ignorable,start,rest,31,0.672065,0.511703,0.360607,0.903226,2.29265,0.690685
controlled,108,2,any,state-markov,2,901,hmc_in,unsupervised,ignorable,start,locomotion,337,0.636939,0.507553,0.381193,0.985163,3.40811,0.690685
controlled,108,2,any,state-markov,2,901,hmc_in,unsupervised,ignorable,start,vigorous,173,1.47053,1.33683,0.918528,0.705202,3.48092,0.690685
controlled,108,2,any,state-markov,2,901,hmc_in,unsupervised,ignorable,start,transient,360,0.907562,0.646127,0.476311,0.916667,3.08717,0.690685
controlled,108,2,any,state-markov,2,901,hmc_in,unsupervised,state,start,all,901,1.01523,0.771536,0.54843,0.892342,3.2712,0.637045
controlled,108,2,any,state-markov,2,901,hmc_in,unsupervised,state,start,rest,31,0.731703,0.546634,0.377076,0.903226,2.33551,0.637045
controlled,108,2,any,state-markov,2,901,hmc_in,unsupervised,state,start,locomotion,337,0.689399,0.535804,0.403933,0.985163,3.4201,0.637045
controlled,108,2,any,state-markov,2,901,hmc_in,unsupervised,state,start,vigorous,173,1.46194,1.32712,0.904925,0.699422,3.46917,0.637045
controlled,108,2,any,state-markov,2,901,hmc_in,unsupervised,state,start,transient,360,1.03029,0.744588,0.527134,0.897222,3.11725,0.637045
controlled,108,2,any,state-markov,2,901,hmc_in,unsupervised,state-markov,start,all,901,0.986148,0.750271,0.536105,0.894562,3.25057,0.698594
controlled,108,2,any,state-markov,2,901,hmc_in,unsupervised,state-markov,start,rest,31,0.718842,0.537337,0.377796,0.903226,2.32208,0.698594
controlled,108,2,any,state-markov,2,901,hmc_in,unsupervised,state-markov,start,locomotion,337,0.661622,0.521706,0.391907,0.985163,3.40266,0.698594
controlled,108,2,any,state-markov,2,901,hmc_in,unsupervised,state-markov,start,vigorous,173,1.46625,1.33171,0.917563,0.699422,3.47159,0.698594
controlled,108,2,any,state-markov,2,901,hmc_in,unsupervised,state-markov,start,transient,360,0.972886,0.703154,0.501412,0.902778,3.08195,0.698594
controlled,108,2,any,state-markov,2,901,hmc_in,unsupervised,state,ignorable fit,all,901,1.01749,0.774169,0.550901,0.895671,3.2839,0.696514
controlled,108,2,any,state-markov,2,901,hmc_in,unsupervised,state,ignorable fit,rest,31,0.757742,0.56074,0.380084,0.903226,2.33688,0.696514
controlled,108,2,any,state-markov,2,901,hmc_in,unsupervised,state,ignorable fit,locomotion,337,0.691134,0.538771,0.397746,0.985163,3.43451,0.696514
controlled,108,2,any,state-markov,2,901,hmc_in,unsupervised,state,ignorable fit,vigorous,173,1.46659,1.33174,0.916763,0.699422,3.48532,0.696514
controlled,108,2,any,state-markov,2,901,hmc_in,unsupervised,state,ignorable fit,transient,360,1.03,0.744964,0.533164,0.905556,3.12767,0.696514
controlled,108,2,any,state-markov,2,901,hmc_in,unsupervised,state-markov,ignorable fit,all,901,0.986629,0.751127,0.534644,0.896781,3.25846,0.74614
controlled,108,2,any,state-markov,2,901,hmc_in,unsupervised,state-markov,ignorable fit,rest,31,0.736082,0.547975,0.388738,0.903226,2.31903,0.74614
controlled,108,2,any,state-markov,2,901,hmc_in,unsupervised,state-markov,ignorable fit,locomotion,337,0.661642,0.522965,0.390446,0.985163,3.41321,0.74614
controlled,108,2,any,state-markov,2,901,hmc_in,unsupervised,state-markov,ignorable fit,vigorous,173,1.4699,1.33539,0.909884,0.699422,3.48402,0.74614
controlled,108,2,any,state-markov,2,901,hmc_in,unsupervised,state-markov,ignorable fit,transient,360,0.970332,0.701435,0.501869,0.908333,3.08609,0.74614
controlled,108,2,any,state-markov,3,897,hmc_in,oracle,ignorable,,all,897,0.890919,0.698366,0.506369,0.966555,3.77133,0.676918
controlled,108,2,any,state-markov,3,897,hmc_in,oracle,ignorable,,rest,41,0.988694,0.872021,0.570118,0.97561,4.04387,0.676918
controlled,108,2,any,state-markov,3,897,hmc_in,oracle,ignorable,,locomotion,330,0.588593,0.433159,0.367233,0.984848,3.60639,0.676918
controlled,108,2,any,state-markov,3,897,hmc_in,oracle,ignorable,,vigorous,201,1.15823,0.995655,0.674677,0.915423,3.58283,0.676918
controlled,108,2,any,state-markov,3,897,hmc_in,oracle,ignorable,,transient,325,0.941251,0.761885,0.535511,0.978462,4.021,0.676918
controlled,108,2,any,state-markov,3,897,hmc_in,oracle,state,,all,897,0.978984,0.753406,0.546755,0.945373,3.67473,0.669576
controlled,108,2,any,state-markov,3,897,hmc_in,oracle,state,,rest,41,0.986957,0.875883,0.585485,0.97561,4.05945,0.669576
controlled,108,2,any,state-markov,3,897,hmc_in,oracle,state,,locomotion,330,0.630754,0.45863,0.377472,0.978788,3.52542,0.669576
controlled,108,2,any,state-markov,3,897,hmc_in,oracle,state,,vigorous,201,1.12105,0.972677,0.658564,0.925373,3.50575,0.669576
controlled,108,2,any,state-markov,3,897,hmc_in,oracle,state,,transient,325,1.15806,0.901655,0.644607,0.92,3.8823,0.669576
controlled,108,2,any,state-markov,3,897,hmc_in,oracle,state-markov,,all,897,0.977827,0.752056,0.547759,0.946488,3.67739,0.593845
controlled,108,2,any,state-markov,3,897,hmc_in,oracle,state-markov,,rest,41,0.985206,0.875678,0.595157,0.97561,4.05427,0.593845
controlled,108,2,any,state-markov,3,897,hmc_in,oracle,state-markov,,locomotion,330,0.627026,0.45588,0.379036,0.978788,3.52819,0.593845
controlled,108,2,any,state-markov,3,897,hmc_in,oracle,state-markov,,vigorous,201,1.1202,0.971842,0.660928,0.925373,3.50465,0.593845
controlled,108,2,any,state-markov,3,897,hmc_in,oracle,state-markov,,transient,325,1.15812,0.901264,0.643107,0.923077,3.88819,0.593845
controlled,108,2,any,state-markov,3,897,hmc_in,unsupervised,ignorable,start,all,897,0.956549,0.729597,0.521772,0.891862,3.11729,0.705849
controlled,108,2,any,state-markov,3,897,hmc_in,unsupervised,ignorable,start,rest,41,0.8828,0.636842,0.423948,0.878049,2.24817,0.705849
controlled,108,2,any,state-markov,3,897,hmc_in,unsupervised,ignorable,start,locomotion,330,0.610652,0.493136,0.36963,1,3.28975,0.705849
controlled,108,2,any,state-markov,3,897,hmc_in,unsupervised,ignorable,start,vigorous,201,1.50945,1.3735,0.944374,0.671642,3.35548,0.705849
controlled,108,2,any,state-markov,3,897,hmc_in,unsupervised,ignorable,start,transient,325,0.799553,0.583166,0.427232,0.92,2.90451,0.705849
controlled,108,2,any,state-markov,3,897,hmc_in,unsupervised,state,start,all,897,0.994021,0.757715,0.540097,0.894091,3.12008,0.673051
controlled,108,2,any,state-markov,3,897,hmc_in,unsupervised,state,start,rest,41,0.932046,0.666358,0.460709,0.878049,2.25092,0.673051
controlled,108,2,any,state-markov,3,897,hmc_in,unsupervised,state,start,locomotion,330,0.614333,0.496054,0.367033,1,3.27746,0.673051
controlled,108,2,any,state-markov,3,897,hmc_in,unsupervised,state,start,vigorous,201,1.45113,1.33471,0.913929,0.701493,3.39923,0.673051
controlled,108,2,any,state-markov,3,897,hmc_in,unsupervised,state,start,transient,325,0.965377,0.678074,0.494639,0.907692,2.89727,0.673051
controlled,108,2,any,state-markov,3,897,hmc_in,unsupervised,state-markov,start,all,897,0.970212,0.74197,0.527951,0.894091,3.12206,0.688133
controlled,108,2,any,state-markov,3,897,hmc_in,unsupervised,state-markov,start,rest,41,0.929131,0.664768,0.445475,0.853659,2.24916,0.688133
controlled,108,2,any,state-markov,3,897,hmc_in,unsupervised,state-markov,start,locomotion,330,0.614633,0.495336,0.368763,1,3.28034,0.688133
controlled,108,2,any,state-markov,3,897,hmc_in,unsupervised,state-markov,start,vigorous,201,1.49525,1.36395,0.94087,0.686567,3.37076,0.688133
controlled,108,2,any,state-markov,3,897,hmc_in,unsupervised,state-markov,start,transient,325,0.85017,0.617471,0.444619,0.92,2.91765,0.688133
controlled,108,2,any,state-markov,3,897,hmc_in,unsupervised,state,ignorable fit,all,897,0.998588,0.761301,0.539505,0.892977,3.13622,0.604536
controlled,108,2,any,state-markov,3,897,hmc_in,unsupervised,state,ignorable fit,rest,41,0.930354,0.662206,0.456896,0.878049,2.24307,0.604536
controlled,108,2,any,state-markov,3,897,hmc_in,unsupervised,state,ignorable fit,locomotion,330,0.619606,0.501091,0.373255,1,3.30095,0.604536
controlled,108,2,any,state-markov,3,897,hmc_in,unsupervised,state,ignorable fit,vigorous,201,1.45801,1.34055,0.918471,0.701493,3.42282,0.604536
controlled,108,2,any,state-markov,3,897,hmc_in,unsupervised,state,ignorable fit,transient,325,0.96875,0.679773,0.484357,0.904615,2.90438,0.604536
controlled,108,2,any,state-markov,3,897,hmc_in,unsupervised,state-markov,ignorable fit,all,897,0.973262,0.744393,0.528231,0.895206,3.13483,0.678054
controlled,108,2,any,state-markov,3,897,hmc_in,unsupervised,state-markov,ignorable fit,rest,41,0.927542,0.661505,0.44077,0.878049,2.24311,0.678054
controlled,108,2,any,state-markov,3,897,hmc_in,unsupervised,state-markov,ignorable fit,locomotion,330,0.618599,0.499088,0.369726,1,3.29764,0.678054
controlled,108,2,any,state-markov,3,897,hmc_in,unsupervised,state-markov,ignorable fit,vigorous,201,1.49797,1.36805,0.936266,0.691542,3.39463,0.678054
controlled,108,2,any,state-markov,3,897,hmc_in,unsupervised,state-markov,ignorable fit,transient,325,0.854121,0.618221,0.447855,0.916923,2.92133,0.678054
controlled,108,2,any,state-markov,4,840,hmc_in,oracle,ignorable,,all,840,0.835065,0.65662,0.482002,0.97381,3.76822,0.759948
controlled,108,2,any,state-markov,4,840,hmc_in,oracle,ignorable,,rest,38,0.955949,0.893491,0.575263,1,4.0938,0.759948
controlled,108,2,any,state-markov,4,840,hmc_in,oracle,ignorable,,locomotion,326,0.583569,0.439383,0.369603,0.990798,3.61767,0.759948
controlled,108,2,any,state-markov,4,840,hmc_in,oracle,ignorable,,vigorous,153,1.07654,0.922972,0.623728,0.941176,3.53313,0.759948
controlled,108,2,any,state-markov,4,840,hmc_in,oracle,ignorable,,transient,323,0.90183,0.721842,0.517339,0.96904,3.99321,0.759948
controlled,108,2,any,state-markov,4,840,hmc_in,oracle,state,,all,840,0.869929,0.681218,0.495039,0.966667,3.68084,0.646719
controlled,108,2,any,state-markov,4,840,hmc_in,oracle,state,,rest,38,0.961469,0.889667,0.579144,1,4.06531,0.646719
controlled,108,2,any,state-markov,4,840,hmc_in,oracle,state,,locomotion,326,0.620417,0.455501,0.375712,0.981595,3.51179,0.646719
controlled,108,2,any,state-markov,4,840,hmc_in,oracle,state,,vigorous,153,1.09557,0.946121,0.639747,0.941176,3.51632,0.646719
controlled,108,2,any,state-markov,4,840,hmc_in,oracle,state,,transient,323,0.94989,0.759027,0.537033,0.959752,3.88416,0.646719
controlled,108,2,any,state-markov,4,840,hmc_in,oracle,state-markov,,all,840,0.863051,0.675812,0.494688,0.967857,3.68244,0.647693
controlled,108,2,any,state-markov,4,840,hmc_in,oracle,state-markov,,rest,38,0.958003,0.888542,0.56054,1,4.07197,0.647693
controlled,108,2,any,state-markov,4,840,hmc_in,oracle,state-markov,,locomotion,326,0.61616,0.453042,0.378141,0.984663,3.51947,0.647693
controlled,108,2,any,state-markov,4,840,hmc_in,oracle,state-markov,,vigorous,153,1.09075,0.941089,0.639813,0.941176,3.52133,0.647693
controlled,108,2,any,state-markov,4,840,hmc_in,oracle,state-markov,,transient,323,0.939348,0.749966,0.535828,0.959752,3.87741,0.647693
controlled,108,2,any,state-markov,4,840,hmc_in,unsupervised,ignorable,start,all,840,0.914904,0.700485,0.50494,0.894048,3.12119,0.708411
controlled,108,2,any,state-markov,4,840,hmc_in,unsupervised,ignorable,start,rest,38,0.940942,0.663144,0.468198,0.894737,2.0898,0.708411
controlled,108,2,any,state-markov,4,840,hmc_in,unsupervised,ignorable,start,locomotion,326,0.62385,0.509932,0.379957,0.990798,3.34158,0.708411
controlled,108,2,any,state-markov,4,840,hmc_in,unsupervised,ignorable,start,vigorous,153,1.42941,1.29305,0.886627,0.686275,3.40753,0.708411
controlled,108,2,any,state-markov,4,840,hmc_in,unsupervised,ignorable,start,transient,323,0.843828,0.616512,0.454607,0.894737,2.88446,0.708411
controlled,108,2,any,state-markov,4,840,hmc_in,unsupervised,state,start,all,840,0.94256,0.724228,0.517824,0.903571,3.14748,0.630544
controlled,108,2,any,state-markov,4,840,hmc_in,unsupervised,state,start,rest,38,0.975639,0.688961,0.495789,0.894737,2.117,0.630544
controlled,108,2,any,state-markov,4,840,hmc_in,unsupervised,state,start,locomotion,326,0.631018,0.511662,0.380886,0.996933,3.32462,0.630544
controlled,108,2,any,state-markov,4,840,hmc_in,unsupervised,state,start,vigorous,153,1.42736,1.29193,0.879937,0.679739,3.377,0.630544
controlled,108,2,any,state-markov,4,840,hmc_in,unsupervised,state,start,transient,323,0.911871,0.674007,0.4871,0.916409,2.98121,0.630544
controlled,108,2,any,state-markov,4,840,hmc_in,unsupervised,state-markov,start,all,840,0.929773,0.713493,0.512684,0.896429,3.11828,0.68446
controlled,108,2,any,state-markov,4,840,hmc_in,unsupervised,state-markov,start,rest,38,0.974932,0.687762,0.483367,0.894737,2.11752,0.68446
controlled,108,2,any,state-markov,4,840,hmc_in,unsupervised,state-markov,start,locomotion,326,0.629826,0.511693,0.381807,0.993865,3.3255,0.68446
controlled,108,2,any,state-markov,4,840,hmc_in,unsupervised,state-markov,start,vigorous,153,1.42821,1.29421,0.880228,0.686275,3.38943,0.68446
controlled,108,2,any,state-markov,4,840,hmc_in,unsupervised,state-markov,start,transient,323,0.877373,0.645118,0.474126,0.897833,2.89843,0.68446
controlled,108,2,any,state-markov,4,840,hmc_in,unsupervised,state,ignorable fit,all,840,0.944707,0.725855,0.521968,0.902381,3.15786,0.731681
controlled,108,2,any,state-markov,4,840,hmc_in,unsupervised,state,ignorable fit,rest,38,0.970022,0.682305,0.480727,0.894737,2.10966,0.731681
controlled,108,2,any,state-markov,4,840,hmc_in,unsupervised,state,ignorable fit,locomotion,326,0.634078,0.515191,0.38634,0.996933,3.34304,0.731681
controlled,108,2,any,state-markov,4,840,hmc_in,unsupervised,state,ignorable fit,vigorous,153,1.43369,1.29868,0.89174,0.679739,3.39544,0.731681
controlled,108,2,any,state-markov,4,840,hmc_in,unsupervised,state,ignorable fit,transient,323,0.911512,0.672261,0.488551,0.913313,2.98173,0.731681
controlled,108,2,any,state-markov,4,840,hmc_in,unsupervised,state-markov,ignorable fit,all,840,0.93277,0.716158,0.514551,0.896429,3.13101,0.728071
controlled,108,2,any,state-markov,4,840,hmc_in,unsupervised,state-markov,ignorable fit,rest,38,0.969954,0.681586,0.491734,0.894737,2.11092,0.728071
controlled,108,2,any,state-markov,4,840,hmc_in,unsupervised,state-markov,ignorable fit,locomotion,326,0.633829,0.515805,0.382878,0.996933,3.34867,0.728071
controlled,108,2,any,state-markov,4,840,hmc_in,unsupervised,state-markov,ignorable fit,vigorous,153,1.43469,1.30103,0.88922,0.686275,3.40754,0.728071
controlled,108,2,any,state-markov,4,840,hmc_in,unsupervised,state-markov,ignorable fit,transient,323,0.878372,0.645396,0.472657,0.894737,2.90036,0.728071
controlled,108,3,ge10,state,0,90,hmc_in,oracle,ignorable,,all,90,0.720792,0.58791,0.420459,0.988889,3.44913,0.679718
controlled,108,3,ge10,state,0,90,hmc_in,oracle,ignorable,,rest,4,1.20803,0.982515,0.658684,0.75,3.7534,0.679718
controlled,108,3,ge10,state,0,90,hmc_in,oracle,ignorable,,locomotion,15,0.543039,0.48538,0.348163,1,2.87934,0.679718
controlled,108,3,ge10,state,0,90,hmc_in,oracle,ignorable,,vigorous,10,0.537917,0.448223,0.352822,1,3.47319,0.679718
controlled,108,3,ge10,state,0,90,hmc_in,oracle,ignorable,,transient,61,0.742221,0.610147,0.433704,1,3.56535,0.679718
controlled,108,3,ge10,state,0,90,hmc_in,oracle,state,,all,90,0.72325,0.5936,0.419408,0.988889,3.45812,0.61408
controlled,108,3,ge10,state,0,90,hmc_in,oracle,state,,rest,4,1.20803,0.982515,0.696218,0.75,3.7534,0.61408
controlled,108,3,ge10,state,0,90,hmc_in,oracle,state,,locomotion,15,0.543519,0.485631,0.321945,1,2.88216,0.61408
controlled,108,3,ge10,state,0,90,hmc_in,oracle,state,,vigorous,10,0.537917,0.448223,0.333741,1,3.47319,0.61408
controlled,108,3,ge10,state,0,90,hmc_in,oracle,state,,transient,61,0.745655,0.61848,0.439266,1,3.57792,0.61408
controlled,108,3,ge10,state,0,90,hmc_in,oracle,state-markov,,all,90,0.723143,0.593547,0.416384,0.988889,3.45762,0.661564
controlled,108,3,ge10,state,0,90,hmc_in,oracle,state-markov,,rest,4,1.20803,0.982515,0.660241,0.75,3.7534,0.661564
controlled,108,3,ge10,state,0,90,hmc_in,oracle,state-markov,,locomotion,15,0.542789,0.485223,0.319673,1,2.87863,0.661564
controlled,108,3,ge10,state,0,90,hmc_in,oracle,state-markov,,vigorous,10,0.537918,0.448223,0.338044,1,3.47319,0.661564
controlled,108,3,ge10,state,0,90,hmc_in,oracle,state-markov,,transient,61,0.745633,0.618502,0.437017,1,3.57805,0.661564
controlled,108,3,ge10,state,0,90,pmc_pair,oracle,ignorable,,all,90,0.397315,0.280621,0.215871,0.866667,1.24125,1.30267
controlled,108,3,ge10,state,0,90,pmc_pair,oracle,ignorable,,rest,4,0.589919,0.411611,0.329346,0.75,1.278,1.30267
controlled,108,3,ge10,state,0,90,pmc_pair,oracle,ignorable,,locomotion,15,0.40725,0.307028,0.222932,0.866667,1.25119,1.30267
controlled,108,3,ge10,state,0,90,pmc_pair,oracle,ignorable,,vigorous,10,0.374253,0.252016,0.209482,0.9,1.13508,1.30267
controlled,108,3,ge10,state,0,90,pmc_pair,oracle,ignorable,,transient,61,0.382546,0.270227,0.207742,0.868852,1.25381,1.30267
controlled,108,3,ge10,state,0,90,pmc_pair,oracle,state,,all,90,0.397322,0.28154,0.213659,0.877778,1.25723,1.44427
controlled,108,3,ge10,state,0,90,pmc_pair,oracle,state,,rest,4,0.590359,0.408727,0.297872,0.75,1.26691,1.44427
controlled,108,3,ge10,state,0,90,pmc_pair,oracle,state,,locomotion,15,0.407306,0.307048,0.216908,0.866667,1.25203,1.44427
controlled,108,3,ge10,state,0,90,pmc_pair,oracle,state,,vigorous,10,0.373904,0.251486,0.189363,0.9,1.13667,1.44427
controlled,108,3,ge10,state,0,90,pmc_pair,oracle,state,,transient,61,0.382554,0.271855,0.211321,0.885246,1.27764,1.44427
controlled,108,3,ge10,state,0,90,pmc_pair,oracle,state-markov,,all,90,0.399068,0.284023,0.212496,0.866667,1.235,1.37714
controlled,108,3,ge10,state,0,90,pmc_pair,oracle,state-markov,,rest,4,0.590369,0.408657,0.322157,0.75,1.26665,1.37714
controlled,108,3,ge10,state,0,90,pmc_pair,oracle,state-markov,,locomotion,15,0.407264,0.307044,0.216335,0.866667,1.25074,1.37714
controlled,108,3,ge10,state,0,90,pmc_pair,oracle,state-markov,,vigorous,10,0.374065,0.251913,0.192003,0.9,1.1349,1.37714
controlled,108,3,ge10,state,0,90,pmc_pair,oracle,state-markov,,transient,61,0.38521,0.275453,0.20772,0.868852,1.24546,1.37714
controlled,108,3,ge10,state,0,90,hmc_in,unsupervised,ignorable,start,all,90,0.610811,0.457282,0.330415,0.911111,2.17878,0.704608
controlled,108,3,ge10,state,0,90,hmc_in,unsupervised,ignorable,start,rest,4,0.613832,0.41189,0.287556,1,1.63147,0.704608
controlled,108,3,ge10,state,0,90,hmc_in,unsupervised,ignorable,start,locomotion,15,0.402292,0.281797,0.238302,0.933333,2.28388,0.704608
controlled,108,3,ge10,state,0,90,hmc_in,unsupervised,ignorable,start,vigorous,10,0.804635,0.632025,0.463497,0.8,2.08216,0.704608
controlled,108,3,ge10,state,0,90,hmc_in,unsupervised,ignorable,start,transient,61,0.616295,0.474765,0.33406,0.918033,2.20467,0.704608
controlled,108,3,ge10,state,0,90,hmc_in,unsupervised,state,start,all,90,0.610942,0.456951,0.329166,0.911111,2.17436,0.728822
controlled,108,3,ge10,state,0,90,hmc_in,unsupervised,state,start,rest,4,0.610423,0.410657,0.266503,1,1.6321,0.728822
controlled,108,3,ge10,state,0,90,hmc_in,unsupervised,state,start,locomotion,15,0.402299,0.282238,0.251051,0.933333,2.28156,0.728822
controlled,108,3,ge10,state,0,90,hmc_in,unsupervised,state,start,vigorous,10,0.802955,0.62996,0.468743,0.8,2.08032,0.728822
controlled,108,3,ge10,state,0,90,hmc_in,unsupervised,state,start,transient,61,0.617066,0.474587,0.329603,0.918033,2.19897,0.728822
controlled,108,3,ge10,state,0,90,hmc_in,unsupervised,state-markov,start,all,90,0.612325,0.45834,0.335972,0.9,2.18272,0.658883
controlled,108,3,ge10,state,0,90,hmc_in,unsupervised,state-markov,start,rest,4,0.610359,0.410677,0.267837,1,1.63171,0.658883
controlled,108,3,ge10,state,0,90,hmc_in,unsupervised,state-markov,start,locomotion,15,0.402202,0.28216,0.248188,0.933333,2.28165,0.658883
controlled,108,3,ge10,state,0,90,hmc_in,unsupervised,state-markov,start,vigorous,10,0.80327,0.630947,0.44813,0.8,2.07923,0.658883
controlled,108,3,ge10,state,0,90,hmc_in,unsupervised,state-markov,start,transient,61,0.619038,0.476492,0.34364,0.901639,2.21149,0.658883
controlled,108,3,ge10,state,0,90,hmc_in,unsupervised,state,ignorable fit,all,90,0.612068,0.458168,0.333289,0.922222,2.18619,0.69162
controlled,108,3,ge10,state,0,90,hmc_in,unsupervised,state,ignorable fit,rest,4,0.616496,0.413501,0.294935,1,1.62871,0.69162
controlled,108,3,ge10,state,0,90,hmc_in,unsupervised,state,ignorable fit,locomotion,15,0.402009,0.281493,0.240103,0.933333,2.2856,0.69162
controlled,108,3,ge10,state,0,90,hmc_in,unsupervised,state,ignorable fit,vigorous,10,0.805431,0.633022,0.455536,0.8,2.08278,0.69162
controlled,108,3,ge10,state,0,90,hmc_in,unsupervised,state,ignorable fit,transient,61,0.617833,0.475878,0.338679,0.934426,2.21525,0.69162
controlled,108,3,ge10,state,0,90,hmc_in,unsupervised,state-markov,ignorable fit,all,90,0.613886,0.460317,0.328777,0.911111,2.20055,0.680112
controlled,108,3,ge10,state,0,90,hmc_in,unsupervised,state-markov,ignorable fit,rest,4,0.618177,0.414358,0.283122,1,1.62736,0.680112
controlled,108,3,ge10,state,0,90,hmc_in,unsupervised,state-markov,ignorable fit,locomotion,15,0.401822,0.281256,0.238931,0.933333,2.28693,0.680112
controlled,108,3,ge10,state,0,90,hmc_in,unsupervised,state-markov,ignorable fit,vigorous,10,0.806429,0.634899,0.450185,0.8,2.08227,0.680112
controlled,108,3,ge10,state,0,90,hmc_in,unsupervised,state-markov,ignorable fit,transient,61,0.620197,0.478742,0.333961,0.918033,2.23629,0.680112
controlled,108,3,ge10,state,1,113,hmc_in,oracle,ignorable,,all,113,0.776055,0.572762,0.431754,0.982301,3.59637,0.662662
controlled,108,3,ge10,state,1,113,hmc_in,oracle,ignorable,,rest,5,0.804048,0.67131,0.463545,1,3.71218,0.662662
controlled,108,3,ge10,state,1,113,hmc_in,oracle,ignorable,,locomotion,14,0.524294,0.417868,0.327988,1,3.15583,0.662662
controlled,108,3,ge10,state,1,113,hmc_in,oracle,ignorable,,vigorous,14,1.17713,0.631768,0.559002,0.928571,3.56217,0.662662
controlled,108,3,ge10,state,1,113,hmc_in,oracle,ignorable,,transient,80,0.720899,0.583383,0.425657,0.9875,3.67221,0.662662
controlled,108,3,ge10,state,1,113,hmc_in,oracle,state,,all,113,0.75385,0.563057,0.424116,0.99115,3.58505,0.732805
controlled,108,3,ge10,state,1,113,hmc_in,oracle,state,,rest,5,0.834691,0.692857,0.515204,1,3.61926,0.732805
controlled,108,3,ge10,state,1,113,hmc_in,oracle,state,,locomotion,14,0.408911,0.336808,0.287397,1,3.13051,0.732805
controlled,108,3,ge10,state,1,113,hmc_in,oracle,state,,vigorous,14,1.02126,0.584401,0.471814,1,3.64,0.732805
controlled,108,3,ge10,state,1,113,hmc_in,oracle,state,,transient,80,0.739854,0.590803,0.434002,0.9875,3.65284,0.732805
controlled,108,3,ge10,state,1,113,hmc_in,oracle,state-markov,,all,113,0.753533,0.562944,0.427315,0.99115,3.58495,0.702229
controlled,108,3,ge10,state,1,113,hmc_in,oracle,state-markov,,rest,5,0.834906,0.693004,0.493499,1,3.61875,0.702229
controlled,108,3,ge10,state,1,113,hmc_in,oracle,state-markov,,locomotion,14,0.408493,0.33638,0.281191,1,3.13024,0.702229
controlled,108,3,ge10,state,1,113,hmc_in,oracle,state-markov,,vigorous,14,1.01881,0.583641,0.485779,1,3.64041,0.702229
controlled,108,3,ge10,state,1,113,hmc_in,oracle,state-markov,,transient,80,0.740013,0.590842,0.43852,0.9875,3.65271,0.702229
controlled,108,3,ge10,state,1,113,pmc_pair,oracle,ignorable,,all,113,0.604177,0.400565,0.289021,0.823009,1.33031,1.4933
controlled,108,3,ge10,state,1,113,pmc_pair,oracle,ignorable,,rest,5,0.218293,0.210721,0.14723,1,1.50974,1.4933
controlled,108,3,ge10,state,1,113,pmc_pair,oracle,ignorable,,locomotion,14,0.495049,0.34623,0.259059,0.785714,1.41249,1.4933
controlled,108,3,ge10,state,1,113,pmc_pair,oracle,ignorable,,vigorous,14,1.00392,0.543492,0.407385,0.785714,1.27191,1.4933
controlled,108,3,ge10,state,1,113,pmc_pair,oracle,ignorable,,transient,80,0.54163,0.396927,0.282413,0.825,1.31494,1.4933
controlled,108,3,ge10,state,1,113,pmc_pair,oracle,state,,all,113,0.618773,0.407981,0.304813,0.814159,1.34516,1.50977
controlled,108,3,ge10,state,1,113,pmc_pair,oracle,state,,rest,5,0.220577,0.212451,0.142841,1,1.49893,1.50977
controlled,108,3,ge10,state,1,113,pmc_pair,oracle,state,,locomotion,14,0.455159,0.325905,0.253875,0.785714,1.4075,1.50977
controlled,108,3,ge10,state,1,113,pmc_pair,oracle,state,,vigorous,14,0.819578,0.477743,0.364608,0.785714,1.45039,1.50977
controlled,108,3,ge10,state,1,113,pmc_pair,oracle,state,,transient,80,0.619656,0.422357,0.313386,0.8125,1.30623,1.50977
controlled,108,3,ge10,state,1,113,pmc_pair,oracle,state-markov,,all,113,0.618924,0.408095,0.301238,0.814159,1.34519,1.51418
controlled,108,3,ge10,state,1,113,pmc_pair,oracle,state-markov,,rest,5,0.220612,0.212477,0.150916,1,1.49876,1.51418
controlled,108,3,ge10,state,1,113,pmc_pair,oracle,state-markov,,locomotion,14,0.455009,0.325822,0.239955,0.785714,1.40744,1.51418
controlled,108,3,ge10,state,1,113,pmc_pair,oracle,state-markov,,vigorous,14,0.817442,0.477506,0.356294,0.785714,1.45078,1.51418
controlled,108,3,ge10,state,1,113,pmc_pair,oracle,state-markov,,transient,80,0.62038,0.422572,0.311723,0.8125,1.30622,1.51418
controlled,108,3,ge10,state,1,113,hmc_in,unsupervised,ignorable,start,all,113,0.715958,0.516231,0.389027,0.938053,2.37638,0.73025
controlled,108,3,ge10,state,1,113,hmc_in,unsupervised,ignorable,start,rest,5,0.564901,0.403809,0.376327,1,3.14488,0.73025
controlled,108,3,ge10,state,1,113,hmc_in,unsupervised,ignorable,start,locomotion,14,0.570478,0.463063,0.32503,0.928571,2.35713,0.73025
controlled,108,3,ge10,state,1,113,hmc_in,unsupervised,ignorable,start,vigorous,14,1.24313,0.973396,0.727154,0.714286,2.35006,0.73025
controlled,108,3,ge10,state,1,113,hmc_in,unsupervised,ignorable,start,transient,80,0.613764,0.452558,0.341848,0.975,2.33633,0.73025
controlled,108,3,ge10,state,1,113,hmc_in,unsupervised,state,start,all,113,0.728361,0.533911,0.389678,0.938053,2.4002,0.680071
controlled,108,3,ge10,state,1,113,hmc_in,unsupervised,state,start,rest,5,0.591535,0.449066,0.370182,1,3.13136,0.680071
controlled,108,3,ge10,state,1,113,hmc_in,unsupervised,state,start,locomotion,14,0.573194,0.464062,0.325222,0.928571,2.35267,0.680071
controlled,108,3,ge10,state,1,113,hmc_in,unsupervised,state,start,vigorous,14,1.24719,0.982162,0.707958,0.714286,2.35155,0.680071
controlled,108,3,ge10,state,1,113,hmc_in,unsupervised,state,start,transient,80,0.63069,0.472994,0.346477,0.975,2.37134,0.680071
controlled,108,3,ge10,state,1,113,hmc_in,unsupervised,state-markov,start,all,113,0.727307,0.530571,0.386819,0.938053,2.37975,0.777435
controlled,108,3,ge10,state,1,113,hmc_in,unsupervised,state-markov,start,rest,5,0.594653,0.453493,0.372997,1,3.13022,0.777435
controlled,108,3,ge10,state,1,113,hmc_in,unsupervised,state-markov,start,locomotion,14,0.573351,0.464062,0.315689,0.928571,2.35276,0.777435
controlled,108,3,ge10,state,1,113,hmc_in,unsupervised,state-markov,start,vigorous,14,1.2476,0.982997,0.69342,0.714286,2.35169,0.777435
controlled,108,3,ge10,state,1,113,hmc_in,unsupervised,state-markov,start,transient,80,0.628619,0.467853,0.346476,0.975,2.34248,0.777435
controlled,108,3,ge10,state,1,113,hmc_in,unsupervised,state,ignorable fit,all,113,0.729489,0.535419,0.383791,0.938053,2.40866,0.697217
controlled,108,3,ge10,state,1,113,hmc_in,unsupervised,state,ignorable fit,rest,5,0.59095,0.448679,0.365892,1,3.13635,0.697217
controlled,108,3,ge10,state,1,113,hmc_in,unsupervised,state,ignorable fit,locomotion,14,0.573923,0.4638,0.321471,0.928571,2.35587,0.697217
controlled,108,3,ge10,state,1,113,hmc_in,unsupervised,state,ignorable fit,vigorous,14,1.25053,0.98561,0.718983,0.714286,2.35375,0.697217
controlled,108,3,ge10,state,1,113,hmc_in,unsupervised,state,ignorable fit,transient,80,0.631292,0.474591,0.337156,0.975,2.38203,0.697217
controlled,108,3,ge10,state,1,113,hmc_in,unsupervised,state-markov,ignorable fit,all,113,0.728395,0.531592,0.386733,0.938053,2.40099,0.694239
controlled,108,3,ge10,state,1,113,hmc_in,unsupervised,state-markov,ignorable fit,rest,5,0.594067,0.453167,0.378205,1,3.13505,0.694239
controlled,108,3,ge10,state,1,113,hmc_in,unsupervised,state-markov,ignorable fit,locomotion,14,0.574082,0.463815,0.311709,0.928571,2.35577,0.694239
controlled,108,3,ge10,state,1,113,hmc_in,unsupervised,state-markov,ignorable fit,vigorous,14,1.25089,0.986413,0.719486,0.714286,2.35383,0.694239
controlled,108,3,ge10,state,1,113,hmc_in,unsupervised,state-markov,ignorable fit,transient,80,0.62917,0.468761,0.342163,0.975,2.37127,0.694239
controlled,108,3,ge10,state,2,94,hmc_in,oracle,ignorable,,all,94,0.809715,0.648834,0.454058,0.978723,3.52494,0.643146
controlled,108,3,ge10,state,2,94,hmc_in,oracle,ignorable,,rest,3,0.781043,0.705833,0.472849,1,4.05618,0.643146
controlled,108,3,ge10,state,2,94,hmc_in,oracle,ignorable,,locomotion,14,0.701902,0.560091,0.404233,1,3.31115,0.643146
controlled,108,3,ge10,state,2,94,hmc_in,oracle,ignorable,,vigorous,8,0.27242,0.245473,0.264957,1,3.40841,0.643146
controlled,108,3,ge10,state,2,94,hmc_in,oracle,ignorable,,transient,69,0.870689,0.711128,0.485276,0.971014,3.55874,0.643146
controlled,108,3,ge10,state,2,94,hmc_in,oracle,state,,all,94,0.829139,0.673399,0.476144,0.978723,3.50586,0.687877
controlled,108,3,ge10,state,2,94,hmc_in,oracle,state,,rest,3,0.781043,0.705834,0.503098,1,4.05618,0.687877
controlled,108,3,ge10,state,2,94,hmc_in,oracle,state,,locomotion,14,0.812506,0.696364,0.464152,1,3.31078,0.687877
controlled,108,3,ge10,state,2,94,hmc_in,oracle,state,,vigorous,8,0.27242,0.245473,0.290757,1,3.40841,0.687877
controlled,108,3,ge10,state,2,94,hmc_in,oracle,state,,transient,69,0.87606,0.716943,0.498899,0.971014,3.53282,0.687877
controlled,108,3,ge10,state,2,94,hmc_in,oracle,state-markov,,all,94,0.837832,0.679258,0.47403,0.978723,3.49441,0.654592
controlled,108,3,ge10,state,2,94,hmc_in,oracle,state-markov,,rest,3,0.781043,0.705834,0.466943,1,4.05618,0.654592
controlled,108,3,ge10,state,2,94,hmc_in,oracle,state-markov,,locomotion,14,0.873695,0.739305,0.504267,1,3.22845,0.654592
controlled,108,3,ge10,state,2,94,hmc_in,oracle,state-markov,,vigorous,8,0.27242,0.245473,0.263695,1,3.40841,0.654592
controlled,108,3,ge10,state,2,94,hmc_in,oracle,state-markov,,transient,69,0.875379,0.716213,0.492589,0.971014,3.53392,0.654592
controlled,108,3,ge10,state,2,94,pmc_pair,oracle,ignorable,,all,94,0.579126,0.415958,0.318448,0.787234,1.38545,1.34949
controlled,108,3,ge10,state,2,94,pmc_pair,oracle,ignorable,,rest,3,0.386127,0.280188,0.19214,0.666667,0.727697,1.34949
controlled,108,3,ge10,state,2,94,pmc_pair,oracle,ignorable,,locomotion,14,0.707538,0.559058,0.458908,0.642857,1.64896,1.34949
controlled,108,3,ge10,state,2,94,pmc_pair,oracle,ignorable,,vigorous,8,0.584898,0.525781,0.359928,0.5,1.26374,1.34949
controlled,108,3,ge10,state,2,94,pmc_pair,oracle,ignorable,,transient,69,0.556043,0.380093,0.290631,0.855072,1.3747,1.34949
controlled,108,3,ge10,state,2,94,pmc_pair,oracle,state,,all,94,0.593141,0.441728,0.329421,0.787234,1.3642,1.43938
controlled,108,3,ge10,state,2,94,pmc_pair,oracle,state,,rest,3,0.386063,0.28015,0.211922,0.666667,0.727775,1.43938
controlled,108,3,ge10,state,2,94,pmc_pair,oracle,state,,locomotion,14,0.743853,0.633483,0.459186,0.642857,1.56499,1.43938
controlled,108,3,ge10,state,2,94,pmc_pair,oracle,state,,vigorous,8,0.584896,0.525779,0.364549,0.5,1.26373,1.43938
controlled,108,3,ge10,state,2,94,pmc_pair,oracle,state,,transient,69,0.566457,0.400101,0.304128,0.855072,1.36278,1.43938
controlled,108,3,ge10,state,2,94,pmc_pair,oracle,state-markov,,all,94,0.592286,0.441351,0.32599,0.787234,1.36622,1.35641
controlled,108,3,ge10,state,2,94,pmc_pair,oracle,state-markov,,rest,3,0.386071,0.280154,0.190714,0.666667,0.727765,1.35641
controlled,108,3,ge10,state,2,94,pmc_pair,oracle,state-markov,,locomotion,14,0.74483,0.635508,0.470429,0.642857,1.56421,1.35641
controlled,108,3,ge10,state,2,94,pmc_pair,oracle,state-markov,,vigorous,8,0.584896,0.525779,0.357716,0.5,1.26373,1.35641
controlled,108,3,ge10,state,2,94,pmc_pair,oracle,state-markov,,transient,69,0.564976,0.399177,0.298886,0.855072,1.36569,1.35641
controlled,108,3,ge10,state,2,94,hmc_in,unsupervised,ignorable,start,all,94,0.75418,0.55359,0.395886,0.93617,2.34954,0.698738
controlled,108,3,ge10,state,2,94,hmc_in,unsupervised,ignorable,start,rest,3,0.671689,0.447264,0.306312,1,1.41373,0.698738
controlled,108,3,ge10,state,2,94,hmc_in,unsupervised,ignorable,start,locomotion,14,0.869665,0.66528,0.50265,0.928571,2.7186,0.698738
controlled,108,3,ge10,state,2,94,hmc_in,unsupervised,ignorable,start,vigorous,8,0.741486,0.713343,0.448472,1,2.23408,0.698738
controlled,108,3,ge10,state,2,94,hmc_in,unsupervised,ignorable,start,transient,69,0.733522,0.517029,0.372021,0.927536,2.32874,0.698738
controlled,108,3,ge10,state,2,94,hmc_in,unsupervised,state,start,all,94,0.752752,0.558185,0.390554,0.93617,2.38167,0.662529
controlled,108,3,ge10,state,2,94,hmc_in,unsupervised,state,start,rest,3,0.672196,0.447501,0.284322,1,1.41238,0.662529
controlled,108,3,ge10,state,2,94,hmc_in,unsupervised,state,start,locomotion,14,0.839079,0.634217,0.477147,0.928571,2.75478,0.662529
controlled,108,3,ge10,state,2,94,hmc_in,unsupervised,state,start,vigorous,8,0.741968,0.713843,0.441501,1,2.2351,0.662529
controlled,108,3,ge10,state,2,94,hmc_in,unsupervised,state,start,transient,69,0.738656,0.529524,0.371696,0.927536,2.36511,0.662529
controlled,108,3,ge10,state,2,94,hmc_in,unsupervised,state-markov,start,all,94,0.752993,0.558053,0.388083,0.93617,2.37524,0.678337
controlled,108,3,ge10,state,2,94,hmc_in,unsupervised,state-markov,start,rest,3,0.671999,0.447395,0.284185,1,1.41236,0.678337
controlled,108,3,ge10,state,2,94,hmc_in,unsupervised,state-markov,start,locomotion,14,0.844117,0.641256,0.470877,0.928571,2.73525,0.678337
controlled,108,3,ge10,state,2,94,hmc_in,unsupervised,state-markov,start,vigorous,8,0.741992,0.713868,0.455659,1,2.23507,0.678337
controlled,108,3,ge10,state,2,94,hmc_in,unsupervised,state-markov,start,transient,69,0.737831,0.527917,0.367967,0.927536,2.36031,0.678337
controlled,108,3,ge10,state,2,94,hmc_in,unsupervised,state,ignorable fit,all,94,0.754177,0.558233,0.394069,0.93617,2.38985,0.644758
controlled,108,3,ge10,state,2,94,hmc_in,unsupervised,state,ignorable fit,rest,3,0.666465,0.444218,0.302096,1,1.40892,0.644758
controlled,108,3,ge10,state,2,94,hmc_in,unsupervised,state,ignorable fit,locomotion,14,0.840215,0.633743,0.465239,0.928571,2.75908,0.644758
controlled,108,3,ge10,state,2,94,hmc_in,unsupervised,state,ignorable fit,vigorous,8,0.743872,0.715822,0.452778,1,2.23734,0.644758
controlled,108,3,ge10,state,2,94,hmc_in,unsupervised,state,ignorable fit,transient,69,0.740377,0.529599,0.37682,0.927536,2.37527,0.644758
controlled,108,3,ge10,state,2,94,hmc_in,unsupervised,state-markov,ignorable fit,all,94,0.75433,0.558069,0.392911,0.93617,2.38416,0.705311
controlled,108,3,ge10,state,2,94,hmc_in,unsupervised,state-markov,ignorable fit,rest,3,0.66637,0.44417,0.29245,1,1.40896,0.705311
controlled,108,3,ge10,state,2,94,hmc_in,unsupervised,state-markov,ignorable fit,locomotion,14,0.844892,0.640368,0.49128,0.928571,2.74083,0.705311
controlled,108,3,ge10,state,2,94,hmc_in,unsupervised,state-markov,ignorable fit,vigorous,8,0.743856,0.715805,0.445843,1,2.23726,0.705311
controlled,108,3,ge10,state,2,94,hmc_in,unsupervised,state-markov,ignorable fit,transient,69,0.739514,0.528035,0.371183,0.927536,2.37122,0.705311
controlled,108,3,ge10,state,3,110,hmc_in,oracle,ignorable,,all,110,0.733093,0.598048,0.431221,1,3.5424,0.695011
controlled,108,3,ge10,state,3,110,hmc_in,oracle,ignorable,,rest,1,1.71837,1.71837,1.10824,1,4.1589,0.695011
controlled,108,3,ge10,state,3,110,hmc_in,oracle,ignorable,,locomotion,20,0.526812,0.401146,0.321639,1,2.8534,0.695011
controlled,108,3,ge10,state,3,110,hmc_in,oracle,ignorable,,vigorous,13,0.589184,0.479804,0.380042,1,3.40848,0.695011
controlled,108,3,ge10,state,3,110,hmc_in,oracle,ignorable,,transient,76,0.778836,0.655349,0.459905,1,3.73851,0.695011
controlled,108,3,ge10,state,3,110,hmc_in,oracle,state,,all,110,0.722491,0.595265,0.42664,1,3.53046,0.711765
controlled,108,3,ge10,state,3,110,hmc_in,oracle,state,,rest,1,1.22947,1.22947,0.833979,1,4.85767,0.711765
controlled,108,3,ge10,state,3,110,hmc_in,oracle,state,,locomotion,20,0.526621,0.400822,0.323265,1,2.8541,0.711765
controlled,108,3,ge10,state,3,110,hmc_in,oracle,state,,vigorous,13,0.589179,0.479795,0.382522,1,3.40846,0.711765
controlled,108,3,ge10,state,3,110,hmc_in,oracle,state,,transient,76,0.776703,0.657841,0.456031,1,3.71185,0.711765
controlled,108,3,ge10,state,3,110,hmc_in,oracle,state-markov,,all,110,0.722354,0.595109,0.423051,1,3.53027,0.730753
controlled,108,3,ge10,state,3,110,hmc_in,oracle,state-markov,,rest,1,1.2201,1.2201,0.680693,1,4.86279,0.730753
controlled,108,3,ge10,state,3,110,hmc_in,oracle,state-markov,,locomotion,20,0.52662,0.400817,0.325286,1,2.85411,0.730753
controlled,108,3,ge10,state,3,110,hmc_in,oracle,state-markov,,vigorous,13,0.589179,0.479795,0.371677,1,3.40846,0.730753
controlled,108,3,ge10,state,3,110,hmc_in,oracle,state-markov,,transient,76,0.776713,0.657739,0.454176,1,3.71151,0.730753
controlled,108,3,ge10,state,3,110,pmc_pair,oracle,ignorable,,all,110,0.416843,0.279996,0.207439,0.890909,1.16977,1.42667
controlled,108,3,ge10,state,3,110,pmc_pair,oracle,ignorable,,rest,1,0.0811274,0.0811274,0.11917,1,1.23573,1.42667
controlled,108,3,ge10,state,3,110,pmc_pair,oracle,ignorable,,locomotion,20,0.376554,0.298047,0.216696,0.9,1.25381,1.42667
controlled,108,3,ge10,state,3,110,pmc_pair,oracle,ignorable,,vigorous,13,0.431492,0.327339,0.236367,0.846154,1.12513,1.42667
controlled,108,3,ge10,state,3,110,pmc_pair,oracle,ignorable,,transient,76,0.4269,0.269764,0.201217,0.894737,1.15443,1.42667
controlled,108,3,ge10,state,3,110,pmc_pair,oracle,state,,all,110,0.420968,0.284731,0.209141,0.881818,1.18165,1.45264
controlled,108,3,ge10,state,3,110,pmc_pair,oracle,state,,rest,1,0.0805498,0.0805498,0.100385,1,1.23328,1.45264
controlled,108,3,ge10,state,3,110,pmc_pair,oracle,state,,locomotion,20,0.376591,0.298139,0.220346,0.9,1.25403,1.45264
controlled,108,3,ge10,state,3,110,pmc_pair,oracle,state,,vigorous,13,0.431492,0.32734,0.230779,0.846154,1.12513,1.45264
controlled,108,3,ge10,state,3,110,pmc_pair,oracle,state,,transient,76,0.432713,0.276601,0.203922,0.881579,1.17159,1.45264
controlled,108,3,ge10,state,3,110,pmc_pair,oracle,state-markov,,all,110,0.420992,0.284726,0.212505,0.881818,1.18198,1.52661
controlled,108,3,ge10,state,3,110,pmc_pair,oracle,state-markov,,rest,1,0.0805496,0.0805496,0.0964629,1,1.23327,1.52661
controlled,108,3,ge10,state,3,110,pmc_pair,oracle,state-markov,,locomotion,20,0.376591,0.29814,0.208274,0.9,1.25403,1.52661
controlled,108,3,ge10,state,3,110,pmc_pair,oracle,state-markov,,vigorous,13,0.431492,0.32734,0.237714,0.846154,1.12513,1.52661
controlled,108,3,ge10,state,3,110,pmc_pair,oracle,state-markov,,transient,76,0.432747,0.276593,0.210833,0.881579,1.17207,1.52661
controlled,108,3,ge10,state,3,110,hmc_in,unsupervised,ignorable,start,all,110,0.636887,0.47348,0.341258,0.918182,2.28586,0.701811
controlled,108,3,ge10,state,3,110,hmc_in,unsupervised,ignorable,start,rest,1,0.844051,0.844051,0.444729,1,2.88161,0.701811
controlled,108,3,ge10,state,3,110,hmc_in,unsupervised,ignorable,start,locomotion,20,0.432583,0.336742,0.26696,1,2.53161,0.701811
controlled,108,3,ge10,state,3,110,hmc_in,unsupervised,ignorable,start,vigorous,13,0.970839,0.838918,0.594659,0.692308,2.23208,0.701811
controlled,108,3,ge10,state,3,110,hmc_in,unsupervised,ignorable,start,transient,76,0.606011,0.442078,0.316103,0.934211,2.22255,0.701811
controlled,108,3,ge10,state,3,110,hmc_in,unsupervised,state,start,all,110,0.6383,0.475507,0.343808,0.918182,2.28724,0.624956
controlled,108,3,ge10,state,3,110,hmc_in,unsupervised,state,start,rest,1,0.844077,0.844077,0.483421,1,2.87965,0.624956
controlled,108,3,ge10,state,3,110,hmc_in,unsupervised,state,start,locomotion,20,0.428044,0.337217,0.265159,1,2.53748,0.624956
controlled,108,3,ge10,state,3,110,hmc_in,unsupervised,state,start,vigorous,13,0.970954,0.839034,0.590606,0.692308,2.23245,0.624956
controlled,108,3,ge10,state,3,110,hmc_in,unsupervised,state,start,transient,76,0.608971,0.444867,0.320452,0.934211,2.22296,0.624956
controlled,108,3,ge10,state,3,110,hmc_in,unsupervised,state-markov,start,all,110,0.645697,0.482587,0.350396,0.918182,2.27428,0.693944
controlled,108,3,ge10,state,3,110,hmc_in,unsupervised,state-markov,start,rest,1,0.842296,0.842296,0.638521,1,2.88101,0.693944
controlled,108,3,ge10,state,3,110,hmc_in,unsupervised,state-markov,start,locomotion,20,0.428452,0.337547,0.279283,1,2.53709,0.693944
controlled,108,3,ge10,state,3,110,hmc_in,unsupervised,state-markov,start,vigorous,13,0.970438,0.838521,0.594121,0.692308,2.23184,0.693944
controlled,108,3,ge10,state,3,110,hmc_in,unsupervised,state-markov,start,transient,76,0.62025,0.455139,0.323628,0.934211,2.2044,0.693944
controlled,108,3,ge10,state,3,110,hmc_in,unsupervised,state,ignorable fit,all,110,0.638611,0.476222,0.34172,0.918182,2.28788,0.709695
controlled,108,3,ge10,state,3,110,hmc_in,unsupervised,state,ignorable fit,rest,1,0.850398,0.850398,0.528312,1,2.88196,0.709695
controlled,108,3,ge10,state,3,110,hmc_in,unsupervised,state,ignorable fit,locomotion,20,0.429592,0.336889,0.26018,1,2.53588,0.709695
controlled,108,3,ge10,state,3,110,hmc_in,unsupervised,state,ignorable fit,vigorous,13,0.972173,0.840245,0.589204,0.692308,2.23404,0.709695
controlled,108,3,ge10,state,3,110,hmc_in,unsupervised,state,ignorable fit,transient,76,0.608707,0.445697,0.31839,0.934211,2.22401,0.709695
controlled,108,3,ge10,state,3,110,hmc_in,unsupervised,state-markov,ignorable fit,all,110,0.645402,0.483602,0.352329,0.918182,2.28116,0.703291
controlled,108,3,ge10,state,3,110,hmc_in,unsupervised,state-markov,ignorable fit,rest,1,0.854634,0.854634,0.572829,1,2.88333,0.703291
controlled,108,3,ge10,state,3,110,hmc_in,unsupervised,state-markov,ignorable fit,locomotion,20,0.430426,0.336819,0.283345,1,2.53533,0.703291
controlled,108,3,ge10,state,3,110,hmc_in,unsupervised,state-markov,ignorable fit,vigorous,13,0.972986,0.841052,0.59283,0.692308,2.2352,0.703291
controlled,108,3,ge10,state,3,110,hmc_in,unsupervised,state-markov,ignorable fit,transient,76,0.61854,0.456204,0.326443,0.934211,2.21421,0.703291
controlled,108,3,ge10,state,4,114,hmc_in,oracle,ignorable,,all,114,0.814703,0.662413,0.462816,0.991228,3.52743,0.762803
controlled,108,3,ge10,state,4,114,hmc_in,oracle,ignorable,,rest,4,0.604568,0.534099,0.385093,1,3.77674,0.762803
controlled,108,3,ge10,state,4,114,hmc_in,oracle,ignorable,,locomotion,15,0.46704,0.397318,0.301471,1,3.02097,0.762803
controlled,108,3,ge10,state,4,114,hmc_in,oracle,ignorable,,vigorous,17,0.67112,0.559613,0.40457,1,3.49595,0.762803
controlled,108,3,ge10,state,4,114,hmc_in,oracle,ignorable,,transient,78,0.900681,0.742378,0.510524,0.987179,3.6189,0.762803
controlled,108,3,ge10,state,4,114,hmc_in,oracle,state,,all,114,0.80291,0.652961,0.454069,0.991228,3.51333,0.6432
controlled,108,3,ge10,state,4,114,hmc_in,oracle,state,,rest,4,0.584974,0.511023,0.369249,1,3.83276,0.6432
controlled,108,3,ge10,state,4,114,hmc_in,oracle,state,,locomotion,15,0.465802,0.396333,0.302347,1,3.02307,0.6432
controlled,108,3,ge10,state,4,114,hmc_in,oracle,state,,vigorous,17,0.691764,0.575801,0.407821,1,3.41544,0.6432
controlled,108,3,ge10,state,4,114,hmc_in,oracle,state,,transient,78,0.882401,0.726408,0.497676,0.987179,3.61257,0.6432
controlled,108,3,ge10,state,4,114,hmc_in,oracle,state-markov,,all,114,0.80286,0.652896,0.4574,0.991228,3.51327,0.692978
controlled,108,3,ge10,state,4,114,hmc_in,oracle,state-markov,,rest,4,0.584834,0.510847,0.389543,1,3.83315,0.692978
controlled,108,3,ge10,state,4,114,hmc_in,oracle,state-markov,,locomotion,15,0.465778,0.396314,0.307559,1,3.02311,0.692978
controlled,108,3,ge10,state,4,114,hmc_in,oracle,state-markov,,vigorous,17,0.691816,0.575837,0.407652,1,3.41533,0.692978
controlled,108,3,ge10,state,4,114,hmc_in,oracle,state-markov,,transient,78,0.882332,0.726319,0.500538,0.987179,3.61248,0.692978
controlled,108,3,ge10,state,4,114,pmc_pair,oracle,ignorable,,all,114,0.489656,0.366754,0.267426,0.842105,1.38058,1.35422
controlled,108,3,ge10,state,4,114,pmc_pair,oracle,ignorable,,rest,4,0.365428,0.31499,0.221283,1,1.3981,1.35422
controlled,108,3,ge10,state,4,114,pmc_pair,oracle,ignorable,,locomotion,15,0.201425,0.158414,0.125448,1,1.25856,1.35422
controlled,108,3,ge10,state,4,114,pmc_pair,oracle,ignorable,,vigorous,17,0.619475,0.472965,0.3353,0.705882,1.26631,1.35422
controlled,108,3,ge10,state,4,114,pmc_pair,oracle,ignorable,,transient,78,0.50213,0.386325,0.282303,0.833333,1.42804,1.35422
controlled,108,3,ge10,state,4,114,pmc_pair,oracle,state,,all,114,0.478897,0.365417,0.267356,0.842105,1.37386,1.46509
controlled,108,3,ge10,state,4,114,pmc_pair,oracle,state,,rest,4,0.351125,0.304072,0.211831,1,1.34256,1.46509
controlled,108,3,ge10,state,4,114,pmc_pair,oracle,state,,locomotion,15,0.240306,0.187118,0.132109,1,1.45514,1.46509
controlled,108,3,ge10,state,4,114,pmc_pair,oracle,state,,vigorous,17,0.575536,0.418134,0.333875,0.705882,1.254,1.46509
controlled,108,3,ge10,state,4,114,pmc_pair,oracle,state,,transient,78,0.495551,0.391361,0.281714,0.833333,1.38596,1.46509
controlled,108,3,ge10,state,4,114,pmc_pair,oracle,state-markov,,all,114,0.479035,0.365616,0.266271,0.842105,1.37335,1.31503
controlled,108,3,ge10,state,4,114,pmc_pair,oracle,state-markov,,rest,4,0.350994,0.303964,0.221673,1,1.3421,1.31503
controlled,108,3,ge10,state,4,114,pmc_pair,oracle,state-markov,,locomotion,15,0.241966,0.187885,0.129406,1,1.45596,1.31503
controlled,108,3,ge10,state,4,114,pmc_pair,oracle,state-markov,,vigorous,17,0.575542,0.418366,0.330639,0.705882,1.25379,1.31503
controlled,108,3,ge10,state,4,114,pmc_pair,oracle,state-markov,,transient,78,0.495595,0.391459,0.280849,0.833333,1.38513,1.31503
controlled,108,3,ge10,state,4,114,hmc_in,unsupervised,ignorable,start,all,114,0.693431,0.548242,0.387162,0.921053,2.48691,0.637087
controlled,108,3,ge10,state,4,114,hmc_in,unsupervised,ignorable,start,rest,4,0.309554,0.273338,0.202274,1,2.18404,0.637087
controlled,108,3,ge10,state,4,114,hmc_in,unsupervised,ignorable,start,locomotion,15,0.424921,0.336076,0.27892,1,2.29043,0.637087
controlled,108,3,ge10,state,4,114,hmc_in,unsupervised,ignorable,start,vigorous,17,0.99419,0.867166,0.612893,0.705882,2.29063,0.637087
controlled,108,3,ge10,state,4,114,hmc_in,unsupervised,ignorable,start,transient,78,0.669116,0.533631,0.368261,0.948718,2.58301,0.637087
controlled,108,3,ge10,state,4,114,hmc_in,unsupervised,state,start,all,114,0.716595,0.564732,0.40084,0.921053,2.50886,0.627985
controlled,108,3,ge10,state,4,114,hmc_in,unsupervised,state,start,rest,4,0.308615,0.274585,0.193419,1,2.18457,0.627985
controlled,108,3,ge10,state,4,114,hmc_in,unsupervised,state,start,locomotion,15,0.446866,0.367687,0.276895,1,2.32164,0.627985
controlled,108,3,ge10,state,4,114,hmc_in,unsupervised,state,start,vigorous,17,0.993507,0.861319,0.616145,0.705882,2.3022,0.627985
controlled,108,3,ge10,state,4,114,hmc_in,unsupervised,state,start,transient,78,0.701497,0.552864,0.388387,0.948718,2.60654,0.627985
controlled,108,3,ge10,state,4,114,hmc_in,unsupervised,state-markov,start,all,114,0.717341,0.565139,0.394659,0.921053,2.50916,0.745725
controlled,108,3,ge10,state,4,114,hmc_in,unsupervised,state-markov,start,rest,4,0.308549,0.274581,0.204915,1,2.18471,0.745725
controlled,108,3,ge10,state,4,114,hmc_in,unsupervised,state-markov,start,locomotion,15,0.447751,0.368467,0.269691,1,2.32263,0.745725
controlled,108,3,ge10,state,4,114,hmc_in,unsupervised,state-markov,start,vigorous,17,0.993503,0.861174,0.598819,0.705882,2.30244,0.745725
controlled,108,3,ge10,state,4,114,hmc_in,unsupervised,state-markov,start,transient,78,0.702505,0.553341,0.383925,0.948718,2.60672,0.745725
controlled,108,3,ge10,state,4,114,hmc_in,unsupervised,state,ignorable fit,all,114,0.716258,0.563953,0.39246,0.921053,2.51152,0.730038
controlled,108,3,ge10,state,4,114,hmc_in,unsupervised,state,ignorable fit,rest,4,0.303283,0.269329,0.209184,1,2.18368,0.730038
controlled,108,3,ge10,state,4,114,hmc_in,unsupervised,state,ignorable fit,locomotion,15,0.447822,0.368551,0.280948,1,2.3224,0.730038
controlled,108,3,ge10,state,4,114,hmc_in,unsupervised,state,ignorable fit,vigorous,17,0.995215,0.863666,0.597865,0.705882,2.30371,0.730038
controlled,108,3,ge10,state,4,114,hmc_in,unsupervised,state,ignorable fit,transient,78,0.700467,0.551317,0.378536,0.948718,2.61,0.730038
controlled,108,3,ge10,state,4,114,hmc_in,unsupervised,state-markov,ignorable fit,all,114,0.716944,0.564458,0.397887,0.921053,2.51178,0.681547
controlled,108,3,ge10,state,4,114,hmc_in,unsupervised,state-markov,ignorable fit,rest,4,0.303248,0.269351,0.188837,1,2.18379,0.681547
controlled,108,3,ge10,state,4,114,hmc_in,unsupervised,state-markov,ignorable fit,locomotion,15,0.448664,0.36927,0.276532,1,2.32334,0.681547
controlled,108,3,ge10,state,4,114,hmc_in,unsupervised,state-markov,ignorable fit,vigorous,17,0.995204,0.863528,0.61844,0.705882,2.30393,0.681547
controlled,108,3,ge10,state,4,114,hmc_in,unsupervised,state-markov,ignorable fit,transient,78,0.701394,0.551946,0.383876,0.948718,2.61015,0.681547
controlled,108,3,ge10,state-markov,0,104,hmc_in,oracle,ignorable,,all,104,0.89367,0.69592,0.49932,0.951923,3.64258,0.749581
controlled,108,3,ge10,state-markov,0,104,hmc_in,oracle,ignorable,,rest,3,1.01796,1.01224,0.539877,1,4.05618,0.749581
controlled,108,3,ge10,state-markov,0,104,hmc_in,oracle,ignorable,,locomotion,15,0.484782,0.408116,0.312171,1,3.15422,0.749581
controlled,108,3,ge10,state-markov,0,104,hmc_in,oracle,ignorable,,vigorous,8,0.603868,0.494153,0.412333,1,3.75469,0.749581
controlled,108,3,ge10,state-markov,0,104,hmc_in,oracle,ignorable,,transient,78,0.970778,0.759795,0.542672,0.935897,3.70909,0.749581
controlled,108,3,ge10,state-markov,0,104,hmc_in,oracle,state,,all,104,0.913607,0.712877,0.513824,0.942308,3.5398,0.662922
controlled,108,3,ge10,state-markov,0,104,hmc_in,oracle,state,,rest,3,1.01796,1.01224,0.574789,1,4.05618,0.662922
controlled,108,3,ge10,state-markov,0,104,hmc_in,oracle,state,,locomotion,15,0.524049,0.438412,0.310648,1,3.12002,0.662922
controlled,108,3,ge10,state-markov,0,104,hmc_in,oracle,state,,vigorous,8,0.702756,0.547017,0.447613,1,3.5404,0.662922
controlled,108,3,ge10,state-markov,0,104,hmc_in,oracle,state,,transient,78,0.984674,0.771156,0.557343,0.923077,3.60061,0.662922
controlled,108,3,ge10,state-markov,0,104,hmc_in,oracle,state-markov,,all,104,0.92542,0.723972,0.519628,0.951923,3.57631,0.662904
controlled,108,3,ge10,state-markov,0,104,hmc_in,oracle,state-markov,,rest,3,1.01796,1.01224,0.588202,1,4.05618,0.662904
controlled,108,3,ge10,state-markov,0,104,hmc_in,oracle,state-markov,,locomotion,15,0.544475,0.451975,0.332812,1,3.09877,0.662904
controlled,108,3,ge10,state-markov,0,104,hmc_in,oracle,state-markov,,vigorous,8,0.71315,0.552079,0.426085,1,3.52001,0.662904
controlled,108,3,ge10,state-markov,0,104,hmc_in,oracle,state-markov,,transient,78,0.996414,0.782822,0.562511,0.935897,3.65546,0.662904
controlled,108,3,ge10,state-markov,0,104,pmc_pair,oracle,ignorable,,all,104,0.625403,0.437445,0.319221,0.846154,1.36992,1.31781
controlled,108,3,ge10,state-markov,0,104,pmc_pair,oracle,ignorable,,rest,3,0.124034,0.116141,0.081122,1,0.549679,1.31781
controlled,108,3,ge10,state-markov,0,104,pmc_pair,oracle,ignorable,,locomotion,15,0.478477,0.401827,0.264952,0.933333,1.41384,1.31781
controlled,108,3,ge10,state-markov,0,104,pmc_pair,oracle,ignorable,,vigorous,8,0.637691,0.523647,0.37438,0.75,1.17092,1.31781
controlled,108,3,ge10,state-markov,0,104,pmc_pair,oracle,ignorable,,transient,78,0.659681,0.447811,0.333157,0.833333,1.41343,1.31781
controlled,108,3,ge10,state-markov,0,104,pmc_pair,oracle,state,,all,104,0.632764,0.434731,0.313948,0.836538,1.33042,1.45764
controlled,108,3,ge10,state-markov,0,104,pmc_pair,oracle,state,,rest,3,0.123989,0.116103,0.0788426,1,0.549704,1.45764
controlled,108,3,ge10,state-markov,0,104,pmc_pair,oracle,state,,locomotion,15,0.574734,0.421787,0.284163,0.866667,1.38862,1.45764
controlled,108,3,ge10,state-markov,0,104,pmc_pair,oracle,state,,vigorous,8,0.657839,0.553397,0.374485,0.75,1.42152,1.45764
controlled,108,3,ge10,state-markov,0,104,pmc_pair,oracle,state,,transient,78,0.652193,0.437304,0.322509,0.833333,1.33991,1.45764
controlled,108,3,ge10,state-markov,0,104,pmc_pair,oracle,state-markov,,all,104,0.645639,0.443794,0.325128,0.836538,1.34076,1.50706
controlled,108,3,ge10,state-markov,0,104,pmc_pair,oracle,state-markov,,rest,3,0.124033,0.116141,0.0763177,1,0.549683,1.50706
controlled,108,3,ge10,state-markov,0,104,pmc_pair,oracle,state-markov,,locomotion,15,0.596415,0.426278,0.296152,0.866667,1.3504,1.50706
controlled,108,3,ge10,state-markov,0,104,pmc_pair,oracle,state-markov,,vigorous,8,0.68461,0.582638,0.398312,0.75,1.45391,1.50706
controlled,108,3,ge10,state-markov,0,104,pmc_pair,oracle,state-markov,,transient,78,0.662367,0.445524,0.332764,0.833333,1.35773,1.50706
controlled,108,3,ge10,state-markov,0,104,hmc_in,unsupervised,ignorable,start,all,104,0.831502,0.626338,0.442136,0.913462,2.40444,0.665133
controlled,108,3,ge10,state-markov,0,104,hmc_in,unsupervised,ignorable,start,rest,3,0.162062,0.123241,0.0877547,1,0.690382,0.665133
controlled,108,3,ge10,state-markov,0,104,hmc_in,unsupervised,ignorable,start,locomotion,15,0.589013,0.469434,0.334645,1,2.32324,0.665133
controlled,108,3,ge10,state-markov,0,104,hmc_in,unsupervised,ignorable,start,vigorous,8,0.928829,0.811943,0.554672,0.75,2.46592,0.665133
controlled,108,3,ge10,state-markov,0,104,hmc_in,unsupervised,ignorable,start,transient,78,0.875014,0.656825,0.464895,0.910256,2.47968,0.665133
controlled,108,3,ge10,state-markov,0,104,hmc_in,unsupervised,state,start,all,104,0.825105,0.630151,0.449483,0.903846,2.43346,0.678541
controlled,108,3,ge10,state-markov,0,104,hmc_in,unsupervised,state,start,rest,3,0.170439,0.139216,0.0875472,1,0.707537,0.678541
controlled,108,3,ge10,state-markov,0,104,hmc_in,unsupervised,state,start,locomotion,15,0.614396,0.491915,0.363121,1,2.34842,0.678541
controlled,108,3,ge10,state-markov,0,104,hmc_in,unsupervised,state,start,vigorous,8,0.909861,0.775731,0.552257,0.75,2.49907,0.678541
controlled,108,3,ge10,state-markov,0,104,hmc_in,unsupervised,state,start,transient,78,0.865514,0.660686,0.469471,0.897436,2.50946,0.678541
controlled,108,3,ge10,state-markov,0,104,hmc_in,unsupervised,state-markov,start,all,104,0.82785,0.63104,0.450139,0.903846,2.41938,0.660587
controlled,108,3,ge10,state-markov,0,104,hmc_in,unsupervised,state-markov,start,rest,3,0.167056,0.131527,0.0900107,1,0.698478,0.660587
controlled,108,3,ge10,state-markov,0,104,hmc_in,unsupervised,state-markov,start,locomotion,15,0.607655,0.483422,0.349661,1,2.33598,0.660587
controlled,108,3,ge10,state-markov,0,104,hmc_in,unsupervised,state-markov,start,vigorous,8,0.914116,0.786181,0.557189,0.75,2.49192,0.660587
controlled,108,3,ge10,state-markov,0,104,hmc_in,unsupervised,state-markov,start,transient,78,0.86948,0.662728,0.472333,0.897436,2.49417,0.660587
controlled,108,3,ge10,state-markov,0,104,hmc_in,unsupervised,state,ignorable fit,all,104,0.826743,0.632426,0.45348,0.903846,2.4327,0.668437
controlled,108,3,ge10,state-markov,0,104,hmc_in,unsupervised,state,ignorable fit,rest,3,0.168629,0.136668,0.0826383,1,0.700425,0.668437
controlled,108,3,ge10,state-markov,0,104,hmc_in,unsupervised,state,ignorable fit,locomotion,15,0.614995,0.491679,0.351632,1,2.34474,0.668437
controlled,108,3,ge10,state-markov,0,104,hmc_in,unsupervised,state,ignorable fit,vigorous,8,0.910256,0.777427,0.564157,0.75,2.50099,0.668437
controlled,108,3,ge10,state-markov,0,104,hmc_in,unsupervised,state,ignorable fit,transient,78,0.867485,0.663689,0.475978,0.897436,2.50923,0.668437
controlled,108,3,ge10,state-markov,0,104,hmc_in,unsupervised,state-markov,ignorable fit,all,104,0.829846,0.633843,0.443225,0.913462,2.42004,0.683335
controlled,108,3,ge10,state-markov,0,104,hmc_in,unsupervised,state-markov,ignorable fit,rest,3,0.165498,0.129326,0.095388,1,0.691238,0.683335
controlled,108,3,ge10,state-markov,0,104,hmc_in,unsupervised,state-markov,ignorable fit,locomotion,15,0.609555,0.484035,0.347198,1,2.33379,0.683335
controlled,108,3,ge10,state-markov,0,104,hmc_in,unsupervised,state-markov,ignorable fit,vigorous,8,0.914413,0.787423,0.566018,0.75,2.49438,0.683335
controlled,108,3,ge10,state-markov,0,104,hmc_in,unsupervised,state-markov,ignorable fit,transient,78,0.871737,0.666304,0.462476,0.910256,2.49549,0.683335
controlled,108,3,ge10,state-markov,1,102,hmc_in,oracle,ignorable,,all,102,0.725127,0.597753,0.422917,0.970588,3.52124,0.69117
controlled,108,3,ge10,state-markov,1,102,hmc_in,oracle,ignorable,,rest,2,1.08855,1.01638,0.669086,1,4.0562,0.69117
controlled,108,3,ge10,state-markov,1,102,hmc_in,oracle,ignorable,,locomotion,19,0.456011,0.359768,0.289068,1,3.02976,0.69117
controlled,108,3,ge10,state-markov,1,102,hmc_in,oracle,ignorable,,vigorous,11,0.723167,0.647358,0.42639,1,3.37213,0.69117
controlled,108,3,ge10,state-markov,1,102,hmc_in,oracle,ignorable,,transient,70,0.770519,0.642593,0.451668,0.957143,3.6628,0.69117
controlled,108,3,ge10,state-markov,1,102,hmc_in,oracle,state,,all,102,0.693663,0.574838,0.411266,0.970588,3.45354,0.686167
controlled,108,3,ge10,state-markov,1,102,hmc_in,oracle,state,,rest,2,1.08852,1.01632,0.667895,1,4.05635,0.686167
controlled,108,3,ge10,state-markov,1,102,hmc_in,oracle,state,,locomotion,19,0.427245,0.337463,0.274325,1,3.02019,0.686167
controlled,108,3,ge10,state-markov,1,102,hmc_in,oracle,state,,vigorous,11,0.730432,0.652597,0.432649,1,3.35743,0.686167
controlled,108,3,ge10,state-markov,1,102,hmc_in,oracle,state,,transient,70,0.730678,0.614436,0.437743,0.957143,3.56904,0.686167
controlled,108,3,ge10,state-markov,1,102,hmc_in,oracle,state-markov,,all,102,0.738809,0.602387,0.432993,0.970588,3.47928,0.695395
controlled,108,3,ge10,state-markov,1,102,hmc_in,oracle,state-markov,,rest,2,1.08851,1.01632,0.649558,1,4.05636,0.695395
controlled,108,3,ge10,state-markov,1,102,hmc_in,oracle,state-markov,,locomotion,19,0.427554,0.337835,0.297562,1,3.01968,0.695395
controlled,108,3,ge10,state-markov,1,102,hmc_in,oracle,state-markov,,vigorous,11,0.730442,0.652604,0.452811,1,3.35741,0.695395
controlled,108,3,ge10,state-markov,1,102,hmc_in,oracle,state-markov,,transient,70,0.792497,0.654476,0.46045,0.957143,3.60669,0.695395
controlled,108,3,ge10,state-markov,1,102,pmc_pair,oracle,ignorable,,all,102,0.468416,0.349276,0.25524,0.823529,1.37615,1.40652
controlled,108,3,ge10,state-markov,1,102,pmc_pair,oracle,ignorable,,rest,2,0.216458,0.206407,0.174605,1,1.67083,1.40652
controlled,108,3,ge10,state-markov,1,102,pmc_pair,oracle,ignorable,,locomotion,19,0.328252,0.258922,0.183983,1,1.33552,1.40652
controlled,108,3,ge10,state-markov,1,102,pmc_pair,oracle,ignorable,,vigorous,11,0.439426,0.350082,0.250106,0.727273,1.13852,1.40652
controlled,108,3,ge10,state-markov,1,102,pmc_pair,oracle,ignorable,,transient,70,0.508712,0.377756,0.277692,0.785714,1.4161,1.40652
controlled,108,3,ge10,state-markov,1,102,pmc_pair,oracle,state,,all,102,0.548632,0.370148,0.281822,0.794118,1.26845,1.39307
controlled,108,3,ge10,state-markov,1,102,pmc_pair,oracle,state,,rest,2,0.21623,0.206236,0.147529,1,1.67212,1.39307
controlled,108,3,ge10,state-markov,1,102,pmc_pair,oracle,state,,locomotion,19,0.323214,0.251558,0.18211,1,1.37151,1.39307
controlled,108,3,ge10,state-markov,1,102,pmc_pair,oracle,state,,vigorous,11,0.442366,0.356656,0.253817,0.727273,1.14521,1.39307
controlled,108,3,ge10,state-markov,1,102,pmc_pair,oracle,state,,transient,70,0.614942,0.40914,0.317124,0.742857,1.24831,1.39307
controlled,108,3,ge10,state-markov,1,102,pmc_pair,oracle,state-markov,,all,102,0.487898,0.356775,0.263413,0.823529,1.34036,1.39298
controlled,108,3,ge10,state-markov,1,102,pmc_pair,oracle,state-markov,,rest,2,0.216216,0.206225,0.171921,1,1.6722,1.39298
controlled,108,3,ge10,state-markov,1,102,pmc_pair,oracle,state-markov,,locomotion,19,0.32323,0.251578,0.185032,1,1.37135,1.39298
controlled,108,3,ge10,state-markov,1,102,pmc_pair,oracle,state-markov,,vigorous,11,0.44229,0.356511,0.245589,0.727273,1.14377,1.39298
controlled,108,3,ge10,state-markov,1,102,pmc_pair,oracle,state-markov,,transient,70,0.535192,0.389671,0.290103,0.785714,1.35336,1.39298
controlled,108,3,ge10,state-markov,1,102,hmc_in,unsupervised,ignorable,start,all,102,0.695205,0.548288,0.382195,0.921569,2.42701,0.658286
controlled,108,3,ge10,state-markov,1,102,hmc_in,unsupervised,ignorable,start,rest,2,0.401292,0.388017,0.294671,1,2.8629,0.658286
controlled,108,3,ge10,state-markov,1,102,hmc_in,unsupervised,ignorable,start,locomotion,19,0.541334,0.465466,0.30738,1,2.25899,0.658286
controlled,108,3,ge10,state-markov,1,102,hmc_in,unsupervised,ignorable,start,vigorous,11,0.939624,0.732307,0.562301,0.727273,2.28338,0.658286
controlled,108,3,ge10,state-markov,1,102,hmc_in,unsupervised,ignorable,start,transient,70,0.693808,0.54643,0.3767,0.928571,2.48274,0.658286
controlled,108,3,ge10,state-markov,1,102,hmc_in,unsupervised,state,start,all,102,0.706699,0.560312,0.391984,0.941176,2.45031,0.6892
controlled,108,3,ge10,state-markov,1,102,hmc_in,unsupervised,state,start,rest,2,0.401605,0.388394,0.307056,1,2.85353,0.6892
controlled,108,3,ge10,state-markov,1,102,hmc_in,unsupervised,state,start,locomotion,19,0.542795,0.467445,0.307387,1,2.27192,0.6892
controlled,108,3,ge10,state-markov,1,102,hmc_in,unsupervised,state,start,vigorous,11,0.940019,0.7326,0.535673,0.727273,2.28341,0.6892
controlled,108,3,ge10,state-markov,1,102,hmc_in,unsupervised,state,start,transient,70,0.710138,0.563357,0.394793,0.957143,2.51344,0.6892
controlled,108,3,ge10,state-markov,1,102,hmc_in,unsupervised,state-markov,start,all,102,0.701531,0.555683,0.391354,0.941176,2.44583,0.670508
controlled,108,3,ge10,state-markov,1,102,hmc_in,unsupervised,state-markov,start,rest,2,0.401047,0.38824,0.266959,1,2.85618,0.670508
controlled,108,3,ge10,state-markov,1,102,hmc_in,unsupervised,state-markov,start,locomotion,19,0.542357,0.466832,0.316224,1,2.26494,0.670508
controlled,108,3,ge10,state-markov,1,102,hmc_in,unsupervised,state-markov,start,vigorous,11,0.939596,0.732153,0.556184,0.727273,2.28286,0.670508
controlled,108,3,ge10,state-markov,1,102,hmc_in,unsupervised,state-markov,start,transient,70,0.702822,0.556853,0.389398,0.957143,2.50882,0.670508
controlled,108,3,ge10,state-markov,1,102,hmc_in,unsupervised,state,ignorable fit,all,102,0.709984,0.563289,0.400946,0.921569,2.45326,0.724864
controlled,108,3,ge10,state-markov,1,102,hmc_in,unsupervised,state,ignorable fit,rest,2,0.404346,0.388325,0.263756,1,2.85686,0.724864
controlled,108,3,ge10,state-markov,1,102,hmc_in,unsupervised,state,ignorable fit,locomotion,19,0.541739,0.466487,0.314603,1,2.27011,0.724864
controlled,108,3,ge10,state-markov,1,102,hmc_in,unsupervised,state,ignorable fit,vigorous,11,0.941933,0.734821,0.548494,0.727273,2.2862,0.724864
controlled,108,3,ge10,state-markov,1,102,hmc_in,unsupervised,state,ignorable fit,transient,70,0.714674,0.567608,0.405116,0.928571,2.51769,0.724864
controlled,108,3,ge10,state-markov,1,102,hmc_in,unsupervised,state-markov,ignorable fit,all,102,0.705299,0.558262,0.392868,0.931373,2.45001,0.621033
controlled,108,3,ge10,state-markov,1,102,hmc_in,unsupervised,state-markov,ignorable fit,rest,2,0.404105,0.388166,0.264875,1,2.85905,0.621033
controlled,108,3,ge10,state-markov,1,102,hmc_in,unsupervised,state-markov,ignorable fit,locomotion,19,0.541178,0.465754,0.318238,1,2.2639,0.621033
controlled,108,3,ge10,state-markov,1,102,hmc_in,unsupervised,state-markov,ignorable fit,vigorous,11,0.941782,0.734678,0.549303,0.727273,2.28598,0.621033
controlled,108,3,ge10,state-markov,1,102,hmc_in,unsupervised,state-markov,ignorable fit,transient,70,0.708035,0.560508,0.3922,0.942857,2.51461,0.621033
controlled,108,3,ge10,state-markov,2,89,hmc_in,oracle,ignorable,,all,89,0.742679,0.609223,0.424914,1,3.52091,0.641003
controlled,108,3,ge10,state-markov,2,89,hmc_in,oracle,ignorable,,rest,5,1.1397,0.98579,0.675657,1,3.81438,0.641003
controlled,108,3,ge10,state-markov,2,89,hmc_in,oracle,ignorable,,locomotion,15,0.44315,0.375146,0.296427,1,2.93001,0.641003
controlled,108,3,ge10,state-markov,2,89,hmc_in,oracle,ignorable,,vigorous,4,1.20729,1.12378,0.70957,1,3.5708,0.641003
controlled,108,3,ge10,state-markov,2,89,hmc_in,oracle,ignorable,,transient,65,0.721318,0.602609,0.41776,1,3.63162,0.641003
controlled,108,3,ge10,state-markov,2,89,hmc_in,oracle,state,,all,89,0.725651,0.600395,0.42308,1,3.51238,0.665778
controlled,108,3,ge10,state-markov,2,89,hmc_in,oracle,state,,rest,5,1.13956,0.985474,0.641292,1,3.81521,0.665778
controlled,108,3,ge10,state-markov,2,89,hmc_in,oracle,state,,locomotion,15,0.449098,0.389035,0.296819,1,2.87186,0.665778
controlled,108,3,ge10,state-markov,2,89,hmc_in,oracle,state,,vigorous,4,1.20711,1.12366,0.674358,1,3.57111,0.665778
controlled,108,3,ge10,state-markov,2,89,hmc_in,oracle,state,,transient,65,0.696341,0.587348,0.419968,1,3.63329,0.665778
controlled,108,3,ge10,state-markov,2,89,hmc_in,oracle,state-markov,,all,89,0.719572,0.595018,0.425785,1,3.60565,0.709917
controlled,108,3,ge10,state-markov,2,89,hmc_in,oracle,state-markov,,rest,5,1.13949,0.9853,0.691639,1,3.81567,0.709917
controlled,108,3,ge10,state-markov,2,89,hmc_in,oracle,state-markov,,locomotion,15,0.450083,0.390634,0.301151,1,2.86596,0.709917
controlled,108,3,ge10,state-markov,2,89,hmc_in,oracle,state-markov,,vigorous,4,1.20692,1.12354,0.746266,1,3.57147,0.709917
controlled,108,3,ge10,state-markov,2,89,hmc_in,oracle,state-markov,,transient,65,0.68753,0.579638,0.414375,1,3.7623,0.709917
controlled,108,3,ge10,state-markov,2,89,pmc_pair,oracle,ignorable,,all,89,0.567545,0.387427,0.298829,0.842697,1.24511,1.36665
controlled,108,3,ge10,state-markov,2,89,pmc_pair,oracle,ignorable,,rest,5,1.21073,0.910928,0.807139,0.6,0.981608,1.36665
controlled,108,3,ge10,state-markov,2,89,pmc_pair,oracle,ignorable,,locomotion,15,0.360662,0.283727,0.200167,0.933333,1.31085,1.36665
controlled,108,3,ge10,state-markov,2,89,pmc_pair,oracle,ignorable,,vigorous,4,0.515064,0.326014,0.258476,1,1.34579,1.36665
controlled,108,3,ge10,state-markov,2,89,pmc_pair,oracle,ignorable,,transient,65,0.530978,0.374868,0.284979,0.830769,1.24401,1.36665
controlled,108,3,ge10,state-markov,2,89,pmc_pair,oracle,state,,all,89,0.569864,0.390483,0.296482,0.831461,1.2546,1.37549
controlled,108,3,ge10,state-markov,2,89,pmc_pair,oracle,state,,rest,5,1.21043,0.910711,0.81294,0.6,0.982116,1.37549
controlled,108,3,ge10,state-markov,2,89,pmc_pair,oracle,state,,locomotion,15,0.369488,0.291134,0.206339,0.866667,1.27643,1.37549
controlled,108,3,ge10,state-markov,2,89,pmc_pair,oracle,state,,vigorous,4,0.488891,0.312641,0.221074,1,1.37668,1.37549
controlled,108,3,ge10,state-markov,2,89,pmc_pair,oracle,state,,transient,65,0.53454,0.378182,0.282197,0.830769,1.26301,1.37549
controlled,108,3,ge10,state-markov,2,89,pmc_pair,oracle,state-markov,,all,89,0.633845,0.424141,0.307207,0.831461,1.3656,1.43159
controlled,108,3,ge10,state-markov,2,89,pmc_pair,oracle,state-markov,,rest,5,1.21073,0.910898,0.796521,0.6,0.981348,1.43159
controlled,108,3,ge10,state-markov,2,89,pmc_pair,oracle,state-markov,,locomotion,15,0.371376,0.292574,0.212232,0.866667,1.26949,1.43159
controlled,108,3,ge10,state-markov,2,89,pmc_pair,oracle,state-markov,,vigorous,4,0.456195,0.295886,0.223363,1,1.4064,1.43159
controlled,108,3,ge10,state-markov,2,89,pmc_pair,oracle,state-markov,,transient,65,0.626664,0.424952,0.296644,0.830769,1.41482,1.43159
controlled,108,3,ge10,state-markov,2,89,hmc_in,unsupervised,ignorable,start,all,89,0.742752,0.568373,0.401333,0.898876,2.46974,0.697923
controlled,108,3,ge10,state-markov,2,89,hmc_in,unsupervised,ignorable,start,rest,5,0.526217,0.412853,0.286906,1,2.55876,0.697923
controlled,108,3,ge10,state-markov,2,89,hmc_in,unsupervised,ignorable,start,locomotion,15,0.512014,0.405807,0.302102,1,2.44911,0.697923
controlled,108,3,ge10,state-markov,2,89,hmc_in,unsupervised,ignorable,start,vigorous,4,1.23737,1.17742,0.862834,0.25,2.59195,0.697923
controlled,108,3,ge10,state-markov,2,89,hmc_in,unsupervised,ignorable,start,transient,65,0.761157,0.580371,0.404634,0.907692,2.46013,0.697923
controlled,108,3,ge10,state-markov,2,89,hmc_in,unsupervised,state,start,all,89,0.797413,0.616441,0.436306,0.910112,2.49885,0.708396
controlled,108,3,ge10,state-markov,2,89,hmc_in,unsupervised,state,start,rest,5,0.522789,0.432827,0.288835,1,2.5717,0.708396
controlled,108,3,ge10,state-markov,2,89,hmc_in,unsupervised,state,start,locomotion,15,0.514118,0.416784,0.311878,1,2.47505,0.708396
controlled,108,3,ge10,state-markov,2,89,hmc_in,unsupervised,state,start,vigorous,4,1.25748,1.21775,0.865098,0.25,2.54747,0.708396
controlled,108,3,ge10,state-markov,2,89,hmc_in,unsupervised,state,start,transient,65,0.831457,0.639636,0.449976,0.923077,2.49575,0.708396
controlled,108,3,ge10,state-markov,2,89,hmc_in,unsupervised,state-markov,start,all,89,0.785328,0.602754,0.43302,0.910112,2.47372,0.715745
controlled,108,3,ge10,state-markov,2,89,hmc_in,unsupervised,state-markov,start,rest,5,0.516617,0.405252,0.284487,1,2.52063,0.715745
controlled,108,3,ge10,state-markov,2,89,hmc_in,unsupervised,state-markov,start,locomotion,15,0.512599,0.407111,0.294421,1,2.44899,0.715745
controlled,108,3,ge10,state-markov,2,89,hmc_in,unsupervised,state-markov,start,vigorous,4,1.24729,1.19827,0.866128,0.25,2.57306,0.715745
controlled,108,3,ge10,state-markov,2,89,hmc_in,unsupervised,state-markov,start,transient,65,0.81704,0.626448,0.449778,0.923077,2.46971,0.715745
controlled,108,3,ge10,state-markov,2,89,hmc_in,unsupervised,state,ignorable fit,all,89,0.793376,0.613194,0.438982,0.910112,2.49854,0.663642
controlled,108,3,ge10,state-markov,2,89,hmc_in,unsupervised,state,ignorable fit,rest,5,0.524911,0.42999,0.279244,1,2.56649,0.663642
controlled,108,3,ge10,state-markov,2,89,hmc_in,unsupervised,state,ignorable fit,locomotion,15,0.514443,0.415793,0.312999,1,2.47268,0.663642
controlled,108,3,ge10,state-markov,2,89,hmc_in,unsupervised,state,ignorable fit,vigorous,4,1.25833,1.21744,0.904199,0.25,2.55787,0.663642
controlled,108,3,ge10,state-markov,2,89,hmc_in,unsupervised,state,ignorable fit,transient,65,0.825923,0.635657,0.451714,0.923077,2.49563,0.663642
controlled,108,3,ge10,state-markov,2,89,hmc_in,unsupervised,state-markov,ignorable fit,all,89,0.781875,0.599963,0.432808,0.910112,2.47746,0.694965
controlled,108,3,ge10,state-markov,2,89,hmc_in,unsupervised,state-markov,ignorable fit,rest,5,0.520975,0.405748,0.283213,1,2.51668,0.694965
controlled,108,3,ge10,state-markov,2,89,hmc_in,unsupervised,state-markov,ignorable fit,locomotion,15,0.512275,0.405523,0.307242,1,2.44958,0.694965
controlled,108,3,ge10,state-markov,2,89,hmc_in,unsupervised,state-markov,ignorable fit,vigorous,4,1.24849,1.19851,0.895262,0.25,2.58067,0.694965
controlled,108,3,ge10,state-markov,2,89,hmc_in,unsupervised,state-markov,ignorable fit,transient,65,0.812213,0.622939,0.444833,0.923077,2.47453,0.694965
controlled,108,3,ge10,state-markov,3,109,hmc_in,oracle,ignorable,,all,109,0.894291,0.697708,0.50713,0.963303,3.68637,0.689861
controlled,108,3,ge10,state-markov,3,109,hmc_in,oracle,ignorable,,rest,6,1.05904,1.02404,0.636415,1,4.14922,0.689861
controlled,108,3,ge10,state-markov,3,109,hmc_in,oracle,ignorable,,locomotion,16,0.504448,0.39969,0.314813,1,3.11183,0.689861
controlled,108,3,ge10,state-markov,3,109,hmc_in,oracle,ignorable,,vigorous,14,0.473019,0.38122,0.311198,1,3.40847,0.689861
controlled,108,3,ge10,state-markov,3,109,hmc_in,oracle,ignorable,,transient,73,1.00164,0.796902,0.576231,0.945205,3.82755,0.689861
controlled,108,3,ge10,state-markov,3,109,hmc_in,oracle,state,,all,109,0.893592,0.700371,0.50725,0.963303,3.72067,0.671549
controlled,108,3,ge10,state-markov,3,109,hmc_in,oracle,state,,rest,6,0.779717,0.708167,0.552716,1,4.52227,0.671549
controlled,108,3,ge10,state-markov,3,109,hmc_in,oracle,state,,locomotion,16,0.487958,0.377084,0.306618,1,3.1118,0.671549
controlled,108,3,ge10,state-markov,3,109,hmc_in,oracle,state,,vigorous,14,0.473006,0.381202,0.313811,1,3.40845,0.671549
controlled,108,3,ge10,state-markov,3,109,hmc_in,oracle,state,,transient,73,1.02334,0.831799,0.584586,0.945205,3.84811,0.671549
controlled,108,3,ge10,state-markov,3,109,hmc_in,oracle,state-markov,,all,109,0.919183,0.720681,0.51674,0.963303,3.68488,0.720532
controlled,108,3,ge10,state-markov,3,109,hmc_in,oracle,state-markov,,rest,6,1.07437,1.03575,0.598293,1,4.11786,0.720532
controlled,108,3,ge10,state-markov,3,109,hmc_in,oracle,state-markov,,locomotion,16,0.487484,0.382918,0.311435,1,3.11469,0.720532
controlled,108,3,ge10,state-markov,3,109,hmc_in,oracle,state-markov,,vigorous,14,0.473003,0.381198,0.320525,1,3.40844,0.720532
controlled,108,3,ge10,state-markov,3,109,hmc_in,oracle,state-markov,,transient,73,1.03523,0.833922,0.592666,0.945205,3.82729,0.720532
controlled,108,3,ge10,state-markov,3,109,pmc_pair,oracle,ignorable,,all,109,0.516701,0.358954,0.264801,0.917431,1.37985,1.4528
controlled,108,3,ge10,state-markov,3,109,pmc_pair,oracle,ignorable,,rest,6,0.242612,0.20478,0.170518,1,1.48921,1.4528
controlled,108,3,ge10,state-markov,3,109,pmc_pair,oracle,ignorable,,locomotion,16,0.337374,0.279668,0.191811,1,1.31206,1.4528
controlled,108,3,ge10,state-markov,3,109,pmc_pair,oracle,ignorable,,vigorous,14,0.435504,0.36165,0.24272,0.928571,1.14311,1.4528
controlled,108,3,ge10,state-markov,3,109,pmc_pair,oracle,ignorable,,transient,73,0.576613,0.388486,0.292783,0.890411,1.43112,1.4528
controlled,108,3,ge10,state-markov,3,109,pmc_pair,oracle,state,,all,109,0.538612,0.368818,0.26599,0.93578,1.39747,1.51716
controlled,108,3,ge10,state-markov,3,109,pmc_pair,oracle,state,,rest,6,0.242529,0.203663,0.151661,1,1.48208,1.51716
controlled,108,3,ge10,state-markov,3,109,pmc_pair,oracle,state,,locomotion,16,0.348308,0.288584,0.19772,1,1.35097,1.51716
controlled,108,3,ge10,state-markov,3,109,pmc_pair,oracle,state,,vigorous,14,0.435504,0.36165,0.250776,0.928571,1.1431,1.51716
controlled,108,3,ge10,state-markov,3,109,pmc_pair,oracle,state,,transient,73,0.604457,0.401352,0.293268,0.917808,1.44949,1.51716
controlled,108,3,ge10,state-markov,3,109,pmc_pair,oracle,state-markov,,all,109,0.568802,0.37683,0.281274,0.908257,1.38047,1.51532
controlled,108,3,ge10,state-markov,3,109,pmc_pair,oracle,state-markov,,rest,6,0.239484,0.205403,0.153703,1,1.51265,1.51532
controlled,108,3,ge10,state-markov,3,109,pmc_pair,oracle,state-markov,,locomotion,16,0.364797,0.297158,0.195207,1,1.33574,1.51532
controlled,108,3,ge10,state-markov,3,109,pmc_pair,oracle,state-markov,,vigorous,14,0.435504,0.36165,0.246143,0.928571,1.14309,1.51532
controlled,108,3,ge10,state-markov,3,109,pmc_pair,oracle,state-markov,,transient,73,0.64252,0.411294,0.317361,0.876712,1.42494,1.51532
controlled,108,3,ge10,state-markov,3,109,hmc_in,unsupervised,ignorable,start,all,109,0.702202,0.553409,0.383824,0.944954,2.4898,0.6709
controlled,108,3,ge10,state-markov,3,109,hmc_in,unsupervised,ignorable,start,rest,6,0.315176,0.248194,0.223201,1,2.54958,0.6709
controlled,108,3,ge10,state-markov,3,109,hmc_in,unsupervised,ignorable,start,locomotion,16,0.479327,0.390042,0.272999,1,2.28879,0.6709
controlled,108,3,ge10,state-markov,3,109,hmc_in,unsupervised,ignorable,start,vigorous,14,0.871234,0.770742,0.514922,0.785714,2.22921,0.6709
controlled,108,3,ge10,state-markov,3,109,hmc_in,unsupervised,ignorable,start,transient,73,0.729494,0.572621,0.396175,0.958904,2.57891,0.6709
controlled,108,3,ge10,state-markov,3,109,hmc_in,unsupervised,state,start,all,109,0.753851,0.605292,0.413617,0.972477,2.50785,0.648033
controlled,108,3,ge10,state-markov,3,109,hmc_in,unsupervised,state,start,rest,6,0.312979,0.24829,0.23348,1,2.50823,0.648033
controlled,108,3,ge10,state-markov,3,109,hmc_in,unsupervised,state,start,locomotion,16,0.549241,0.433009,0.296172,1,2.31081,0.648033
controlled,108,3,ge10,state-markov,3,109,hmc_in,unsupervised,state,start,vigorous,14,0.873101,0.772865,0.528383,0.785714,2.2329,0.648033
controlled,108,3,ge10,state-markov,3,109,hmc_in,unsupervised,state,start,transient,73,0.792578,0.640258,0.432155,1,2.60374,0.648033
controlled,108,3,ge10,state-markov,3,109,hmc_in,unsupervised,state-markov,start,all,109,0.739512,0.592282,0.401894,0.963303,2.48123,0.734419
controlled,108,3,ge10,state-markov,3,109,hmc_in,unsupervised,state-markov,start,rest,6,0.311803,0.247238,0.216376,1,2.50051,0.734419
controlled,108,3,ge10,state-markov,3,109,hmc_in,unsupervised,state-markov,start,locomotion,16,0.516916,0.41265,0.280005,1,2.31082,0.734419
controlled,108,3,ge10,state-markov,3,109,hmc_in,unsupervised,state-markov,start,vigorous,14,0.872705,0.772409,0.508675,0.785714,2.23183,0.734419
controlled,108,3,ge10,state-markov,3,109,hmc_in,unsupervised,state-markov,start,transient,73,0.777145,0.625468,0.42338,0.986301,2.56483,0.734419
controlled,108,3,ge10,state-markov,3,109,hmc_in,unsupervised,state,ignorable fit,all,109,0.756321,0.606533,0.408265,0.972477,2.50835,0.671312
controlled,108,3,ge10,state-markov,3,109,hmc_in,unsupervised,state,ignorable fit,rest,6,0.317817,0.249823,0.224246,1,2.50932,0.671312
controlled,108,3,ge10,state-markov,3,109,hmc_in,unsupervised,state,ignorable fit,locomotion,16,0.549611,0.431903,0.284513,1,2.31268,0.671312
controlled,108,3,ge10,state-markov,3,109,hmc_in,unsupervised,state,ignorable fit,vigorous,14,0.875323,0.775374,0.527635,0.785714,2.23581,0.671312
controlled,108,3,ge10,state-markov,3,109,hmc_in,unsupervised,state,ignorable fit,transient,73,0.795402,0.641747,0.42762,1,2.60342,0.671312
controlled,108,3,ge10,state-markov,3,109,hmc_in,unsupervised,state-markov,ignorable fit,all,109,0.743213,0.594815,0.406907,0.954128,2.48409,0.697518
controlled,108,3,ge10,state-markov,3,109,hmc_in,unsupervised,state-markov,ignorable fit,rest,6,0.317169,0.248946,0.216523,1,2.50264,0.697518
controlled,108,3,ge10,state-markov,3,109,hmc_in,unsupervised,state-markov,ignorable fit,locomotion,16,0.518848,0.412268,0.284376,1,2.31325,0.697518
controlled,108,3,ge10,state-markov,3,109,hmc_in,unsupervised,state-markov,ignorable fit,vigorous,14,0.875075,0.775085,0.518314,0.785714,2.23495,0.697518
controlled,108,3,ge10,state-markov,3,109,hmc_in,unsupervised,state-markov,ignorable fit,transient,73,0.781433,0.62868,0.428045,0.972603,2.5678,0.697518
controlled,108,3,ge10,state-markov,4,110,hmc_in,oracle,ignorable,,all,110,0.949893,0.738123,0.522043,0.945455,3.52368,0.679999
controlled,108,3,ge10,state-markov,4,110,hmc_in,oracle,ignorable,,locomotion,24,0.8926,0.658656,0.490042,0.916667,3.02477,0.679999
controlled,108,3,ge10,state-markov,4,110,hmc_in,oracle,ignorable,,vigorous,13,0.67544,0.593215,0.391417,1,3.42001,0.679999
controlled,108,3,ge10,state-markov,4,110,hmc_in,oracle,ignorable,,transient,73,1.00819,0.790055,0.555827,0.945205,3.70617,0.679999
controlled,108,3,ge10,state-markov,4,110,hmc_in,oracle,state,,all,110,0.936634,0.7498,0.527388,0.927273,3.47603,0.660025
controlled,108,3,ge10,state-markov,4,110,hmc_in,oracle,state,,locomotion,24,0.963319,0.694203,0.521298,0.875,2.91939,0.660025
controlled,108,3,ge10,state-markov,4,110,hmc_in,oracle,state,,vigorous,13,0.694203,0.607699,0.425478,1,3.36897,0.660025
controlled,108,3,ge10,state-markov,4,110,hmc_in,oracle,state,,transient,73,0.964895,0.793384,0.547538,0.931507,3.6781,0.660025
controlled,108,3,ge10,state-markov,4,110,hmc_in,oracle,state-markov,,all,110,1.00243,0.773006,0.543211,0.927273,3.44123,0.681999
controlled,108,3,ge10,state-markov,4,110,hmc_in,oracle,state-markov,,locomotion,24,0.963427,0.694262,0.525753,0.875,2.91904,0.681999
controlled,108,3,ge10,state-markov,4,110,hmc_in,oracle,state-markov,,vigorous,13,0.69396,0.607527,0.391815,1,3.36858,0.681999
controlled,108,3,ge10,state-markov,4,110,hmc_in,oracle,state-markov,,transient,73,1.05984,0.828364,0.575912,0.931507,3.62585,0.681999
controlled,108,3,ge10,state-markov,4,110,pmc_pair,oracle,ignorable,,all,110,0.580754,0.400056,0.292666,0.845455,1.34191,1.42915
controlled,108,3,ge10,state-markov,4,110,pmc_pair,oracle,ignorable,,locomotion,24,0.754329,0.522484,0.388873,0.708333,1.41844,1.42915
controlled,108,3,ge10,state-markov,4,110,pmc_pair,oracle,ignorable,,vigorous,13,0.525642,0.378138,0.302675,0.615385,1.23208,1.42915
controlled,108,3,ge10,state-markov,4,110,pmc_pair,oracle,ignorable,,transient,73,0.521485,0.363708,0.259254,0.931507,1.33631,1.42915
controlled,108,3,ge10,state-markov,4,110,pmc_pair,oracle,state,,all,110,0.759307,0.52972,0.375815,0.809091,1.51544,1.40954
controlled,108,3,ge10,state-markov,4,110,pmc_pair,oracle,state,,locomotion,24,0.560894,0.439146,0.325357,0.75,1.32267,1.40954
controlled,108,3,ge10,state-markov,4,110,pmc_pair,oracle,state,,vigorous,13,0.532377,0.391347,0.294896,0.615385,1.13301,1.40954
controlled,108,3,ge10,state-markov,4,110,pmc_pair,oracle,state,,transient,73,0.845498,0.584139,0.406814,0.863014,1.64692,1.40954
controlled,108,3,ge10,state-markov,4,110,pmc_pair,oracle,state-markov,,all,110,0.547353,0.397441,0.289931,0.818182,1.28067,1.42096
controlled,108,3,ge10,state-markov,4,110,pmc_pair,oracle,state-markov,,locomotion,24,0.560982,0.439262,0.323284,0.75,1.3243,1.42096
controlled,108,3,ge10,state-markov,4,110,pmc_pair,oracle,state-markov,,vigorous,13,0.532372,0.39134,0.303123,0.615385,1.133,1.42096
controlled,108,3,ge10,state-markov,4,110,pmc_pair,oracle,state-markov,,transient,73,0.545444,0.384779,0.276617,0.876712,1.29263,1.42096
controlled,108,3,ge10,state-markov,4,110,hmc_in,unsupervised,ignorable,start,all,110,0.717852,0.513332,0.377991,0.909091,2.33162,0.618494
controlled,108,3,ge10,state-markov,4,110,hmc_in,unsupervised,ignorable,start,locomotion,24,0.616012,0.487181,0.345937,0.916667,2.56454,0.618494
controlled,108,3,ge10,state-markov,4,110,hmc_in,unsupervised,ignorable,start,vigorous,13,1.08966,0.995161,0.701759,0.615385,2.29002,0.618494
controlled,108,3,ge10,state-markov,4,110,hmc_in,unsupervised,ignorable,start,transient,73,0.663543,0.436125,0.330871,0.958904,2.26245,0.618494
controlled,108,3,ge10,state-markov,4,110,hmc_in,unsupervised,state,start,all,110,0.729361,0.530024,0.383552,0.918182,2.34406,0.771563
controlled,108,3,ge10,state-markov,4,110,hmc_in,unsupervised,state,start,locomotion,24,0.616001,0.48867,0.347513,0.916667,2.57277,0.771563
controlled,108,3,ge10,state-markov,4,110,hmc_in,unsupervised,state,start,vigorous,13,1.09011,0.995973,0.702129,0.615385,2.28821,0.771563
controlled,108,3,ge10,state-markov,4,110,hmc_in,unsupervised,state,start,transient,73,0.68207,0.460643,0.338667,0.972603,2.27881,0.771563
controlled,108,3,ge10,state-markov,4,110,hmc_in,unsupervised,state-markov,start,all,110,0.731924,0.532717,0.389286,0.918182,2.34568,0.72335
controlled,108,3,ge10,state-markov,4,110,hmc_in,unsupervised,state-markov,start,locomotion,24,0.616618,0.486823,0.36379,0.916667,2.56079,0.72335
controlled,108,3,ge10,state-markov,4,110,hmc_in,unsupervised,state-markov,start,vigorous,13,1.08945,0.994864,0.704771,0.615385,2.28913,0.72335
controlled,108,3,ge10,state-markov,4,110,hmc_in,unsupervised,state-markov,start,transient,73,0.6862,0.465505,0.341486,0.972603,2.28503,0.72335
controlled,108,3,ge10,state-markov,4,110,hmc_in,unsupervised,state,ignorable fit,all,110,0.730907,0.531017,0.383681,0.918182,2.34436,0.697074
controlled,108,3,ge10,state-markov,4,110,hmc_in,unsupervised,state,ignorable fit,locomotion,24,0.615068,0.487177,0.343778,0.916667,2.57335,0.697074
controlled,108,3,ge10,state-markov,4,110,hmc_in,unsupervised,state,ignorable fit,vigorous,13,1.0922,0.998507,0.69284,0.615385,2.29174,0.697074
controlled,108,3,ge10,state-markov,4,110,hmc_in,unsupervised,state,ignorable fit,transient,73,0.684242,0.462178,0.341743,0.972603,2.27844,0.697074
controlled,108,3,ge10,state-markov,4,110,hmc_in,unsupervised,state-markov,ignorable fit,all,110,0.733249,0.533392,0.387561,0.918182,2.34568,0.696859
controlled,108,3,ge10,state-markov,4,110,hmc_in,unsupervised,state-markov,ignorable fit,locomotion,24,0.615642,0.48566,0.350252,0.916667,2.56233,0.696859
controlled,108,3,ge10,state-markov,4,110,hmc_in,unsupervised,state-markov,ignorable fit,vigorous,13,1.09186,0.997776,0.723077,0.615385,2.29306,0.696859
controlled,108,3,ge10,state-markov,4,110,hmc_in,unsupervised,state-markov,ignorable fit,transient,73,0.687935,0.466386,0.340078,0.972603,2.28382,0.696859
controlled,108,3,any,state,0,909,hmc_in,oracle,ignorable,,all,909,0.744869,0.588949,0.426299,0.974697,3.40405,0.689412
controlled,108,3,any,state,0,909,hmc_in,oracle,ignorable,,rest,38,0.949425,0.867858,0.558484,0.947368,3.71783,0.689412
controlled,108,3,any,state,0,909,hmc_in,oracle,ignorable,,locomotion,281,0.579269,0.453679,0.346368,0.985765,3.02783,0.689412
controlled,108,3,any,state,0,909,hmc_in,oracle,ignorable,,vigorous,239,0.683322,0.556222,0.403865,0.987448,3.45587,0.689412
controlled,108,3,any,state,0,909,hmc_in,oracle,ignorable,,transient,351,0.867587,0.689332,0.491255,0.960114,3.63597,0.689412
controlled,108,3,any,state,0,909,hmc_in,oracle,state,,all,909,0.77313,0.60742,0.437995,0.966997,3.3536,0.760615
controlled,108,3,any,state,0,909,hmc_in,oracle,state,,rest,38,0.944232,0.865842,0.547151,0.947368,3.72056,0.760615
controlled,108,3,any,state,0,909,hmc_in,oracle,state,,locomotion,281,0.606652,0.471968,0.353,0.978648,2.95582,0.760615
controlled,108,3,any,state,0,909,hmc_in,oracle,state,,vigorous,239,0.696535,0.562151,0.412177,0.987448,3.43919,0.760615
controlled,108,3,any,state,0,909,hmc_in,oracle,state,,transient,351,0.909098,0.718706,0.511803,0.945869,3.57403,0.760615
controlled,108,3,any,state,0,909,hmc_in,oracle,state-markov,,all,909,0.775842,0.608193,0.43911,0.966997,3.35318,0.714987
controlled,108,3,any,state,0,909,hmc_in,oracle,state-markov,,rest,38,0.944079,0.86575,0.56803,0.947368,3.72081,0.714987
controlled,108,3,any,state,0,909,hmc_in,oracle,state-markov,,locomotion,281,0.618702,0.47809,0.359734,0.978648,2.95243,0.714987
controlled,108,3,any,state,0,909,hmc_in,oracle,state-markov,,vigorous,239,0.696502,0.562144,0.408847,0.987448,3.43917,0.714987
controlled,108,3,any,state,0,909,hmc_in,oracle,state-markov,,transient,351,0.908615,0.715821,0.509305,0.945869,3.57566,0.714987
controlled,108,3,any,state,0,909,pmc_pair,oracle,ignorable,,all,909,0.494728,0.355786,0.261592,0.852585,1.31285,3.53564
controlled,108,3,any,state,0,909,pmc_pair,oracle,ignorable,,rest,38,0.450374,0.268489,0.205986,0.921053,1.10461,3.53564
controlled,108,3,any,state,0,909,pmc_pair,oracle,ignorable,,locomotion,281,0.442401,0.32884,0.239188,0.882562,1.35677,3.53564
controlled,108,3,any,state,0,909,pmc_pair,oracle,ignorable,,vigorous,239,0.476878,0.345898,0.258544,0.845188,1.28575,3.53564
controlled,108,3,any,state,0,909,pmc_pair,oracle,ignorable,,transient,351,0.548052,0.393542,0.287623,0.826211,1.31868,3.53564
controlled,108,3,any,state,0,909,pmc_pair,oracle,state,,all,909,0.500218,0.357875,0.264378,0.842684,1.2742,3.56836
controlled,108,3,any,state,0,909,pmc_pair,oracle,state,,rest,38,0.452597,0.270625,0.205789,0.921053,1.11707,3.56836
controlled,108,3,any,state,0,909,pmc_pair,oracle,state,,locomotion,281,0.422183,0.322712,0.235552,0.871886,1.30559,3.56836
controlled,108,3,any,state,0,909,pmc_pair,oracle,state,,vigorous,239,0.471175,0.342462,0.255187,0.849372,1.26581,3.56836
controlled,108,3,any,state,0,909,pmc_pair,oracle,state,,transient,351,0.576165,0.405967,0.300058,0.806268,1.2718,3.56836
controlled,108,3,any,state,0,909,pmc_pair,oracle,state-markov,,all,909,0.508789,0.360494,0.266005,0.842684,1.27682,3.69737
controlled,108,3,any,state,0,909,pmc_pair,oracle,state-markov,,rest,38,0.452706,0.270716,0.204664,0.921053,1.11751,3.69737
controlled,108,3,any,state,0,909,pmc_pair,oracle,state-markov,,locomotion,281,0.423562,0.323976,0.233261,0.871886,1.31244,3.69737
controlled,108,3,any,state,0,909,pmc_pair,oracle,state-markov,,vigorous,239,0.471157,0.342415,0.256763,0.849372,1.26559,3.69737
controlled,108,3,any,state,0,909,pmc_pair,oracle,state-markov,,transient,351,0.594498,0.411758,0.305152,0.806268,1.2732,3.69737
controlled,108,3,any,state,0,909,hmc_in,unsupervised,ignorable,start,all,909,0.736956,0.56656,0.407127,0.878988,2.3468,0.739548
controlled,108,3,any,state,0,909,hmc_in,unsupervised,ignorable,start,rest,38,0.491061,0.303095,0.225034,0.947368,1.7415,0.739548
controlled,108,3,any,state,0,909,hmc_in,unsupervised,ignorable,start,locomotion,281,0.527128,0.407149,0.303952,0.975089,2.39239,0.739548
controlled,108,3,any,state,0,909,hmc_in,unsupervised,ignorable,start,vigorous,239,0.997626,0.842517,0.603892,0.661088,2.22977,0.739548
controlled,108,3,any,state,0,909,hmc_in,unsupervised,ignorable,start,transient,351,0.693009,0.534801,0.37546,0.94302,2.45553,0.739548
controlled,108,3,any,state,0,909,hmc_in,unsupervised,state,start,all,909,0.751759,0.582012,0.413922,0.882288,2.35437,0.708628
controlled,108,3,any,state,0,909,hmc_in,unsupervised,state,start,rest,38,0.509289,0.31564,0.23075,0.947368,1.74799,0.708628
controlled,108,3,any,state,0,909,hmc_in,unsupervised,state,start,locomotion,281,0.536337,0.414378,0.306592,0.975089,2.3892,0.708628
controlled,108,3,any,state,0,909,hmc_in,unsupervised,state,start,vigorous,239,0.995422,0.84036,0.60326,0.665272,2.2253,0.708628
controlled,108,3,any,state,0,909,hmc_in,unsupervised,state,start,transient,351,0.72836,0.569141,0.390756,0.948718,2.48001,0.708628
controlled,108,3,any,state,0,909,hmc_in,unsupervised,state-markov,start,all,909,0.750146,0.579578,0.416042,0.880088,2.35456,0.709331
controlled,108,3,any,state,0,909,hmc_in,unsupervised,state-markov,start,rest,38,0.508817,0.316119,0.236152,0.947368,1.74753,0.709331
controlled,108,3,any,state,0,909,hmc_in,unsupervised,state-markov,start,locomotion,281,0.533323,0.411544,0.306637,0.975089,2.3929,0.709331
controlled,108,3,any,state,0,909,hmc_in,unsupervised,state-markov,start,vigorous,239,0.995552,0.840487,0.608015,0.661088,2.22293,0.709331
controlled,108,3,any,state,0,909,hmc_in,unsupervised,state-markov,start,transient,351,0.725735,0.564968,0.392386,0.945869,2.4792,0.709331
controlled,108,3,any,state,0,909,hmc_in,unsupervised,state,ignorable fit,all,909,0.753193,0.582757,0.415011,0.877888,2.35762,0.734497
controlled,108,3,any,state,0,909,hmc_in,unsupervised,state,ignorable fit,rest,38,0.507835,0.313077,0.240195,0.947368,1.74547,0.734497
controlled,108,3,any,state,0,909,hmc_in,unsupervised,state,ignorable fit,locomotion,281,0.534947,0.412814,0.302656,0.97153,2.39491,0.734497
controlled,108,3,any,state,0,909,hmc_in,unsupervised,state,ignorable fit,vigorous,239,0.999612,0.8451,0.607617,0.656904,2.23144,0.734497
controlled,108,3,any,state,0,909,hmc_in,unsupervised,state,ignorable fit,transient,351,0.729219,0.569371,0.392739,0.945869,2.47997,0.734497
controlled,108,3,any,state,0,909,hmc_in,unsupervised,state-markov,ignorable fit,all,909,0.75099,0.579927,0.414229,0.876788,2.3573,0.661527
controlled,108,3,any,state,0,909,hmc_in,unsupervised,state-markov,ignorable fit,rest,38,0.507758,0.314537,0.228953,0.947368,1.74457,0.661527
controlled,108,3,any,state,0,909,hmc_in,unsupervised,state-markov,ignorable fit,locomotion,281,0.532037,0.410001,0.303722,0.97153,2.39704,0.661527
controlled,108,3,any,state,0,909,hmc_in,unsupervised,state-markov,ignorable fit,vigorous,239,0.999935,0.845455,0.611651,0.656904,2.22979,0.661527
controlled,108,3,any,state,0,909,hmc_in,unsupervised,state-markov,ignorable fit,transient,351,0.724729,0.563895,0.38833,0.94302,2.47865,0.661527
controlled,108,3,any,state,1,907,hmc_in,oracle,ignorable,,all,907,0.733684,0.578674,0.424798,0.981257,3.41603,0.721449
controlled,108,3,any,state,1,907,hmc_in,oracle,ignorable,,rest,38,1.04966,0.946592,0.624265,0.973684,3.97562,0.721449
controlled,108,3,any,state,1,907,hmc_in,oracle,ignorable,,locomotion,292,0.55606,0.432079,0.334147,0.982877,2.98219,0.721449
controlled,108,3,any,state,1,907,hmc_in,oracle,ignorable,,vigorous,243,0.687639,0.552538,0.411264,1,3.5265,0.721449
controlled,108,3,any,state,1,907,hmc_in,oracle,ignorable,,transient,334,0.849751,0.683991,0.491202,0.967066,3.65127,0.721449
controlled,108,3,any,state,1,907,hmc_in,oracle,state,,all,907,0.749374,0.590467,0.429242,0.977949,3.37681,0.804862
controlled,108,3,any,state,1,907,hmc_in,oracle,state,,rest,38,1.04469,0.946751,0.625143,0.973684,3.99859,0.804862
controlled,108,3,any,state,1,907,hmc_in,oracle,state,,locomotion,292,0.566078,0.440096,0.335627,0.982877,2.95974,0.804862
controlled,108,3,any,state,1,907,hmc_in,oracle,state,,vigorous,243,0.74709,0.587587,0.432667,0.99177,3.4913,0.804862
controlled,108,3,any,state,1,907,hmc_in,oracle,state,,transient,334,0.845319,0.683488,0.486306,0.964072,3.5874,0.804862
controlled,108,3,any,state,1,907,hmc_in,oracle,state-markov,,all,907,0.747698,0.589403,0.424519,0.977949,3.37769,0.795889
controlled,108,3,any,state,1,907,hmc_in,oracle,state-markov,,rest,38,1.04534,0.947247,0.625915,0.973684,3.99567,0.795889
controlled,108,3,any,state,1,907,hmc_in,oracle,state-markov,,locomotion,292,0.564432,0.439028,0.336704,0.982877,2.96106,0.795889
controlled,108,3,any,state,1,907,hmc_in,oracle,state-markov,,vigorous,243,0.743063,0.585407,0.42491,0.99177,3.49424,0.795889
controlled,108,3,any,state,1,907,hmc_in,oracle,state-markov,,transient,334,0.844744,0.683064,0.478095,0.964072,3.58681,0.795889
controlled,108,3,any,state,1,907,pmc_pair,oracle,ignorable,,all,907,0.486913,0.345456,0.259598,0.865491,1.33936,3.38051
controlled,108,3,any,state,1,907,pmc_pair,oracle,ignorable,,rest,38,0.390517,0.250846,0.196417,0.868421,1.00967,3.38051
controlled,108,3,any,state,1,907,pmc_pair,oracle,ignorable,,locomotion,292,0.411567,0.300951,0.22243,0.924658,1.37716,3.38051
controlled,108,3,any,state,1,907,pmc_pair,oracle,ignorable,,vigorous,243,0.518936,0.373268,0.285314,0.82716,1.33393,3.38051
controlled,108,3,any,state,1,907,pmc_pair,oracle,ignorable,,transient,334,0.531468,0.374894,0.280571,0.841317,1.34778,3.38051
controlled,108,3,any,state,1,907,pmc_pair,oracle,state,,all,907,0.506945,0.352846,0.262967,0.855568,1.29001,3.65599
controlled,108,3,any,state,1,907,pmc_pair,oracle,state,,rest,38,0.390042,0.246177,0.193238,0.868421,1.03127,3.65599
controlled,108,3,any,state,1,907,pmc_pair,oracle,state,,locomotion,292,0.414353,0.304921,0.22438,0.917808,1.35763,3.65599
controlled,108,3,any,state,1,907,pmc_pair,oracle,state,,vigorous,243,0.544423,0.380762,0.286828,0.831276,1.28892,3.65599
controlled,108,3,any,state,1,907,pmc_pair,oracle,state,,transient,334,0.561101,0.386569,0.287275,0.817365,1.26112,3.65599
controlled,108,3,any,state,1,907,pmc_pair,oracle,state-markov,,all,907,0.505986,0.352233,0.264746,0.855568,1.2908,3.49469
controlled,108,3,any,state,1,907,pmc_pair,oracle,state-markov,,rest,38,0.389967,0.246285,0.194795,0.868421,1.0314,3.49469
controlled,108,3,any,state,1,907,pmc_pair,oracle,state-markov,,locomotion,292,0.414606,0.305006,0.227277,0.917808,1.35777,3.49469
controlled,108,3,any,state,1,907,pmc_pair,oracle,state-markov,,vigorous,243,0.543531,0.380162,0.287609,0.82716,1.28814,3.49469
controlled,108,3,any,state,1,907,pmc_pair,oracle,state-markov,,transient,334,0.559218,0.385257,0.288829,0.820359,1.26371,3.49469
controlled,108,3,any,state,1,907,hmc_in,unsupervised,ignorable,start,all,907,0.730422,0.553073,0.403189,0.877619,2.32716,0.741308
controlled,108,3,any,state,1,907,hmc_in,unsupervised,ignorable,start,rest,38,0.464516,0.311157,0.23847,0.921053,1.72145,0.741308
controlled,108,3,any,state,1,907,hmc_in,unsupervised,ignorable,start,locomotion,292,0.505622,0.389374,0.293238,0.979452,2.39102,0.741308
controlled,108,3,any,state,1,907,hmc_in,unsupervised,ignorable,start,vigorous,243,1.02062,0.864299,0.615264,0.670782,2.30232,0.741308
controlled,108,3,any,state,1,907,hmc_in,unsupervised,ignorable,start,transient,334,0.665501,0.49728,0.363759,0.934132,2.35832,0.741308
controlled,108,3,any,state,1,907,hmc_in,unsupervised,state,start,all,907,0.73604,0.560435,0.408259,0.877619,2.32269,0.704634
controlled,108,3,any,state,1,907,hmc_in,unsupervised,state,start,rest,38,0.47242,0.325717,0.244512,0.947368,1.72563,0.704634
controlled,108,3,any,state,1,907,hmc_in,unsupervised,state,start,locomotion,292,0.519377,0.401397,0.301933,0.979452,2.364,0.704634
controlled,108,3,any,state,1,907,hmc_in,unsupervised,state,start,vigorous,243,1.02037,0.86188,0.623376,0.670782,2.28914,0.704634
controlled,108,3,any,state,1,907,hmc_in,unsupervised,state,start,transient,334,0.672652,0.506864,0.363336,0.931138,2.37892,0.704634
controlled,108,3,any,state,1,907,hmc_in,unsupervised,state-markov,start,all,907,0.73608,0.560457,0.40853,0.877619,2.32271,0.73205
controlled,108,3,any,state,1,907,hmc_in,unsupervised,state-markov,start,rest,38,0.472536,0.325455,0.237334,0.947368,1.72529,0.73205
controlled,108,3,any,state,1,907,hmc_in,unsupervised,state-markov,start,locomotion,292,0.518874,0.401077,0.300604,0.979452,2.36539,0.73205
controlled,108,3,any,state,1,907,hmc_in,unsupervised,state-markov,start,vigorous,243,1.02053,0.862043,0.620023,0.670782,2.28966,0.73205
controlled,108,3,any,state,1,907,hmc_in,unsupervised,state-markov,start,transient,334,0.672924,0.507114,0.36849,0.931138,2.3774,0.73205
controlled,108,3,any,state,1,907,hmc_in,unsupervised,state,ignorable fit,all,907,0.738522,0.562231,0.410495,0.878721,2.33327,0.793147
controlled,108,3,any,state,1,907,hmc_in,unsupervised,state,ignorable fit,rest,38,0.476767,0.325496,0.253107,0.921053,1.71783,0.793147
controlled,108,3,any,state,1,907,hmc_in,unsupervised,state,ignorable fit,locomotion,292,0.517326,0.39965,0.297422,0.979452,2.37228,0.793147
controlled,108,3,any,state,1,907,hmc_in,unsupervised,state,ignorable fit,vigorous,243,1.02724,0.869073,0.629607,0.670782,2.29889,0.793147
controlled,108,3,any,state,1,907,hmc_in,unsupervised,state,ignorable fit,transient,334,0.67347,0.508061,0.367841,0.937126,2.39419,0.793147
controlled,108,3,any,state,1,907,hmc_in,unsupervised,state-markov,ignorable fit,all,907,0.738524,0.562216,0.409002,0.878721,2.33304,0.76404
controlled,108,3,any,state,1,907,hmc_in,unsupervised,state-markov,ignorable fit,rest,38,0.476772,0.325278,0.248195,0.921053,1.71772,0.76404
controlled,108,3,any,state,1,907,hmc_in,unsupervised,state-markov,ignorable fit,locomotion,292,0.516924,0.399389,0.295253,0.979452,2.37342,0.76404
controlled,108,3,any,state,1,907,hmc_in,unsupervised,state-markov,ignorable fit,vigorous,243,1.02717,0.869011,0.62626,0.670782,2.29906,0.76404
controlled,108,3,any,state,1,907,hmc_in,unsupervised,state-markov,ignorable fit,transient,334,0.673815,0.508318,0.368678,0.937126,2.39248,0.76404
controlled,108,3,any,state,2,928,hmc_in,oracle,ignorable,,all,928,0.777783,0.595087,0.435324,0.966595,3.43816,0.764408
controlled,108,3,any,state,2,928,hmc_in,oracle,ignorable,,rest,31,1.15935,1.03873,0.67121,0.935484,3.92233,0.764408
controlled,108,3,any,state,2,928,hmc_in,oracle,ignorable,,locomotion,278,0.572217,0.45409,0.341797,0.982014,3.01784,0.764408
controlled,108,3,any,state,2,928,hmc_in,oracle,ignorable,,vigorous,256,0.71563,0.533223,0.408887,0.988281,3.54746,0.764408
controlled,108,3,any,state,2,928,hmc_in,oracle,ignorable,,transient,363,0.905436,0.70881,0.505451,0.942149,3.64164,0.764408
controlled,108,3,any,state,2,928,hmc_in,oracle,state,,all,928,0.814911,0.612459,0.449044,0.962284,3.42288,0.788134
controlled,108,3,any,state,2,928,hmc_in,oracle,state,,rest,31,1.15531,1.03878,0.682693,0.967742,3.92099,0.788134
controlled,108,3,any,state,2,928,hmc_in,oracle,state,,locomotion,278,0.620062,0.463234,0.358315,0.97482,3.04471,0.788134
controlled,108,3,any,state,2,928,hmc_in,oracle,state,,vigorous,256,0.815873,0.583224,0.444907,0.976562,3.49391,0.788134
controlled,108,3,any,state,2,928,hmc_in,oracle,state,,transient,363,0.905444,0.710953,0.501492,0.942149,3.61987,0.788134
controlled,108,3,any,state,2,928,hmc_in,oracle,state-markov,,all,928,0.820883,0.614782,0.451203,0.961207,3.42226,0.779347
controlled,108,3,any,state,2,928,hmc_in,oracle,state-markov,,rest,31,1.15516,1.03867,0.674853,0.967742,3.92148,0.779347
controlled,108,3,any,state,2,928,hmc_in,oracle,state-markov,,locomotion,278,0.625977,0.464946,0.356332,0.97482,3.03918,0.779347
controlled,108,3,any,state,2,928,hmc_in,oracle,state-markov,,vigorous,256,0.845015,0.596535,0.453032,0.972656,3.48874,0.779347
controlled,108,3,any,state,2,928,hmc_in,oracle,state-markov,,transient,363,0.89725,0.706202,0.50347,0.942149,3.62614,0.779347
controlled,108,3,any,state,2,928,pmc_pair,oracle,ignorable,,all,928,0.513502,0.365935,0.269304,0.84375,1.31942,3.61191
controlled,108,3,any,state,2,928,pmc_pair,oracle,ignorable,,rest,31,0.41565,0.247866,0.201122,0.903226,1.11469,3.61191
controlled,108,3,any,state,2,928,pmc_pair,oracle,ignorable,,locomotion,278,0.428028,0.324704,0.236833,0.899281,1.3671,3.61191
controlled,108,3,any,state,2,928,pmc_pair,oracle,ignorable,,vigorous,256,0.573964,0.41442,0.304926,0.820312,1.383,3.61191
controlled,108,3,any,state,2,928,pmc_pair,oracle,ignorable,,transient,363,0.535453,0.373401,0.274873,0.812672,1.25555,3.61191
controlled,108,3,any,state,2,928,pmc_pair,oracle,state,,all,928,0.528368,0.369274,0.272847,0.84375,1.28958,3.61216
controlled,108,3,any,state,2,928,pmc_pair,oracle,state,,rest,31,0.424022,0.256985,0.200488,0.935484,1.11486,3.61216
controlled,108,3,any,state,2,928,pmc_pair,oracle,state,,locomotion,278,0.428185,0.319922,0.233725,0.895683,1.34273,3.61216
controlled,108,3,any,state,2,928,pmc_pair,oracle,state,,vigorous,256,0.578141,0.412272,0.303765,0.816406,1.35909,3.61216
controlled,108,3,any,state,2,928,pmc_pair,oracle,state,,transient,363,0.567635,0.386336,0.287183,0.815427,1.21478,3.61216
controlled,108,3,any,state,2,928,pmc_pair,oracle,state-markov,,all,928,0.528102,0.369398,0.27252,0.84375,1.28771,3.62822
controlled,108,3,any,state,2,928,pmc_pair,oracle,state-markov,,rest,31,0.423261,0.256718,0.19396,0.935484,1.11516,3.62822
controlled,108,3,any,state,2,928,pmc_pair,oracle,state-markov,,locomotion,278,0.428223,0.320219,0.232196,0.895683,1.34149,3.62822
controlled,108,3,any,state,2,928,pmc_pair,oracle,state-markov,,vigorous,256,0.577042,0.411601,0.304591,0.816406,1.3531,3.62822
controlled,108,3,any,state,2,928,pmc_pair,oracle,state-markov,,transient,363,0.567818,0.38692,0.287493,0.815427,1.21516,3.62822
controlled,108,3,any,state,2,928,hmc_in,unsupervised,ignorable,start,all,928,0.749002,0.577115,0.410018,0.892241,2.34508,0.73695
controlled,108,3,any,state,2,928,hmc_in,unsupervised,ignorable,start,rest,31,0.552663,0.39785,0.263193,0.967742,1.72086,0.73695
controlled,108,3,any,state,2,928,hmc_in,unsupervised,ignorable,start,locomotion,278,0.526642,0.407159,0.302214,0.985612,2.38411,0.73695
controlled,108,3,any,state,2,928,hmc_in,unsupervised,ignorable,start,vigorous,256,0.997906,0.830287,0.594549,0.714844,2.32047,0.73695
controlled,108,3,any,state,2,928,hmc_in,unsupervised,ignorable,start,transient,363,0.702436,0.544037,0.37498,0.939394,2.38585,0.73695
controlled,108,3,any,state,2,928,hmc_in,unsupervised,state,start,all,928,0.752485,0.580908,0.413861,0.890086,2.34685,0.732525
controlled,108,3,any,state,2,928,hmc_in,unsupervised,state,start,rest,31,0.549086,0.392536,0.27015,0.967742,1.75361,0.732525
controlled,108,3,any,state,2,928,hmc_in,unsupervised,state,start,locomotion,278,0.532144,0.411802,0.304493,0.985612,2.37224,0.732525
controlled,108,3,any,state,2,928,hmc_in,unsupervised,state,start,vigorous,256,0.986491,0.818109,0.585712,0.714844,2.31334,0.732525
controlled,108,3,any,state,2,928,hmc_in,unsupervised,state,start,transient,363,0.720165,0.55922,0.388696,0.933884,2.40169,0.732525
controlled,108,3,any,state,2,928,hmc_in,unsupervised,state-markov,start,all,928,0.752385,0.580699,0.411241,0.890086,2.34619,0.724144
controlled,108,3,any,state,2,928,hmc_in,unsupervised,state-markov,start,rest,31,0.5485,0.391964,0.264593,0.967742,1.75383,0.724144
controlled,108,3,any,state,2,928,hmc_in,unsupervised,state-markov,start,locomotion,278,0.532421,0.411343,0.302183,0.985612,2.37155,0.724144
controlled,108,3,any,state,2,928,hmc_in,unsupervised,state-markov,start,vigorous,256,0.986851,0.818419,0.589539,0.714844,2.31283,0.724144
controlled,108,3,any,state,2,928,hmc_in,unsupervised,state-markov,start,transient,363,0.719431,0.558868,0.381543,0.933884,2.40088,0.724144
controlled,108,3,any,state,2,928,hmc_in,unsupervised,state,ignorable fit,all,928,0.756018,0.584046,0.415045,0.890086,2.35058,0.745464
controlled,108,3,any,state,2,928,hmc_in,unsupervised,state,ignorable fit,rest,31,0.542491,0.386164,0.263083,0.967742,1.7581,0.745464
controlled,108,3,any,state,2,928,hmc_in,unsupervised,state,ignorable fit,locomotion,278,0.533207,0.411977,0.302755,0.985612,2.37708,0.745464
controlled,108,3,any,state,2,928,hmc_in,unsupervised,state,ignorable fit,vigorous,256,0.990839,0.822993,0.591611,0.714844,2.32056,0.745464
controlled,108,3,any,state,2,928,hmc_in,unsupervised,state,ignorable fit,transient,363,0.725222,0.564208,0.389498,0.933884,2.40206,0.745464
controlled,108,3,any,state,2,928,hmc_in,unsupervised,state-markov,ignorable fit,all,928,0.755842,0.583787,0.415161,0.890086,2.35005,0.817611
controlled,108,3,any,state,2,928,hmc_in,unsupervised,state-markov,ignorable fit,rest,31,0.541917,0.385571,0.263458,0.967742,1.75847,0.817611
controlled,108,3,any,state,2,928,hmc_in,unsupervised,state-markov,ignorable fit,locomotion,278,0.533376,0.411511,0.304975,0.985612,2.3763,0.817611
controlled,108,3,any,state,2,928,hmc_in,unsupervised,state-markov,ignorable fit,vigorous,256,0.99114,0.82326,0.595526,0.714844,2.3202,0.817611
controlled,108,3,any,state,2,928,hmc_in,unsupervised,state-markov,ignorable fit,transient,363,0.724403,0.563766,0.385302,0.933884,2.40151,0.817611
controlled,108,3,any,state,3,922,hmc_in,oracle,ignorable,,all,922,0.746771,0.587114,0.425354,0.981562,3.43522,0.775046
controlled,108,3,any,state,3,922,hmc_in,oracle,ignorable,,rest,37,0.929911,0.824237,0.55675,0.972973,3.83173,0.775046
controlled,108,3,any,state,3,922,hmc_in,oracle,ignorable,,locomotion,286,0.588276,0.479531,0.351405,0.993007,2.983,0.775046
controlled,108,3,any,state,3,922,hmc_in,oracle,ignorable,,vigorous,250,0.732374,0.552873,0.415475,0.984,3.53182,0.775046
controlled,108,3,any,state,3,922,hmc_in,oracle,ignorable,,transient,349,0.844847,0.674666,0.4791,0.971347,3.69457,0.775046
controlled,108,3,any,state,3,922,hmc_in,oracle,state,,all,922,0.760808,0.598109,0.433242,0.980477,3.39624,0.764312
controlled,108,3,any,state,3,922,hmc_in,oracle,state,,rest,37,0.923507,0.831232,0.548931,1,3.82938,0.764312
controlled,108,3,any,state,3,922,hmc_in,oracle,state,,locomotion,286,0.602634,0.485617,0.354436,0.993007,2.95238,0.764312
controlled,108,3,any,state,3,922,hmc_in,oracle,state,,vigorous,250,0.770291,0.574363,0.435309,0.98,3.46783,0.764312
controlled,108,3,any,state,3,922,hmc_in,oracle,state,,transient,349,0.846231,0.682589,0.484076,0.968481,3.66276,0.764312
controlled,108,3,any,state,3,922,hmc_in,oracle,state-markov,,all,922,0.761075,0.59908,0.430875,0.981562,3.3968,0.725617
controlled,108,3,any,state,3,922,hmc_in,oracle,state-markov,,rest,37,0.923108,0.831759,0.542228,1,3.82936,0.725617
controlled,108,3,any,state,3,922,hmc_in,oracle,state-markov,,locomotion,286,0.603388,0.486133,0.356695,0.993007,2.95117,0.725617
controlled,108,3,any,state,3,922,hmc_in,oracle,state-markov,,vigorous,250,0.767917,0.573646,0.42821,0.984,3.47111,0.725617
controlled,108,3,any,state,3,922,hmc_in,oracle,state-markov,,transient,349,0.848015,0.685189,0.481768,0.968481,3.66289,0.725617
controlled,108,3,any,state,3,922,pmc_pair,oracle,ignorable,,all,922,0.510267,0.364626,0.268726,0.831887,1.32331,3.62427
controlled,108,3,any,state,3,922,pmc_pair,oracle,ignorable,,rest,37,0.448367,0.272735,0.204949,0.864865,1.01424,3.62427
controlled,108,3,any,state,3,922,pmc_pair,oracle,ignorable,,locomotion,286,0.397289,0.302225,0.218043,0.916084,1.36059,3.62427
controlled,108,3,any,state,3,922,pmc_pair,oracle,ignorable,,vigorous,250,0.587375,0.422613,0.315623,0.764,1.36452,3.62427
controlled,108,3,any,state,3,922,pmc_pair,oracle,ignorable,,transient,349,0.538573,0.383968,0.283429,0.808023,1.296,3.62427
controlled,108,3,any,state,3,922,pmc_pair,oracle,state,,all,922,0.532241,0.376413,0.276138,0.829718,1.29102,3.54139
controlled,108,3,any,state,3,922,pmc_pair,oracle,state,,rest,37,0.489218,0.289997,0.218738,0.891892,1.09231,3.54139
controlled,108,3,any,state,3,922,pmc_pair,oracle,state,,locomotion,286,0.412311,0.307546,0.22306,0.902098,1.29624,3.54139
controlled,108,3,any,state,3,922,pmc_pair,oracle,state,,vigorous,250,0.596864,0.433818,0.321415,0.764,1.33207,3.54139
controlled,108,3,any,state,3,922,pmc_pair,oracle,state,,transient,349,0.573152,0.400888,0.293288,0.810888,1.27841,3.54139
controlled,108,3,any,state,3,922,pmc_pair,oracle,state-markov,,all,922,0.525652,0.372995,0.275381,0.829718,1.29101,3.57906
controlled,108,3,any,state,3,922,pmc_pair,oracle,state-markov,,rest,37,0.460549,0.277635,0.200614,0.891892,1.07172,3.57906
controlled,108,3,any,state,3,922,pmc_pair,oracle,state-markov,,locomotion,286,0.412031,0.307258,0.225577,0.902098,1.29492,3.57906
controlled,108,3,any,state,3,922,pmc_pair,oracle,state-markov,,vigorous,250,0.594879,0.433175,0.318518,0.764,1.33508,3.57906
controlled,108,3,any,state,3,922,pmc_pair,oracle,state-markov,,transient,349,0.561121,0.393866,0.293221,0.810888,1.27949,3.57906
controlled,108,3,any,state,3,922,hmc_in,unsupervised,ignorable,start,all,922,0.72796,0.548571,0.399464,0.890456,2.32562,0.775269
controlled,108,3,any,state,3,922,hmc_in,unsupervised,ignorable,start,rest,37,0.593108,0.380405,0.282247,0.972973,1.66158,0.775269
controlled,108,3,any,state,3,922,hmc_in,unsupervised,ignorable,start,locomotion,286,0.480174,0.378915,0.287186,0.986014,2.3948,0.775269
controlled,108,3,any,state,3,922,hmc_in,unsupervised,ignorable,start,vigorous,250,1.00137,0.831441,0.595181,0.684,2.2879,0.775269
controlled,108,3,any,state,3,922,hmc_in,unsupervised,ignorable,start,transient,349,0.674866,0.502803,0.363704,0.951289,2.36635,0.775269
controlled,108,3,any,state,3,922,hmc_in,unsupervised,state,start,all,922,0.730558,0.553229,0.401915,0.892625,2.33361,0.687998
controlled,108,3,any,state,3,922,hmc_in,unsupervised,state,start,rest,37,0.562739,0.368544,0.257627,0.972973,1.67881,0.687998
controlled,108,3,any,state,3,922,hmc_in,unsupervised,state,start,locomotion,286,0.488743,0.380779,0.29173,0.982517,2.38968,0.687998
controlled,108,3,any,state,3,922,hmc_in,unsupervised,state,start,vigorous,250,0.99297,0.826447,0.591554,0.688,2.28122,0.687998
controlled,108,3,any,state,3,922,hmc_in,unsupervised,state,start,transient,349,0.688742,0.518415,0.371662,0.95702,2.39462,0.687998
controlled,108,3,any,state,3,922,hmc_in,unsupervised,state-markov,start,all,922,0.73003,0.551338,0.401901,0.892625,2.33247,0.743144
controlled,108,3,any,state,3,922,hmc_in,unsupervised,state-markov,start,rest,37,0.577458,0.372344,0.276517,0.972973,1.67626,0.743144
controlled,108,3,any,state,3,922,hmc_in,unsupervised,state-markov,start,locomotion,286,0.485147,0.375521,0.290664,0.982517,2.39054,0.743144
controlled,108,3,any,state,3,922,hmc_in,unsupervised,state-markov,start,vigorous,250,0.993538,0.826531,0.592332,0.688,2.28089,0.743144
controlled,108,3,any,state,3,922,hmc_in,unsupervised,state-markov,start,transient,349,0.687467,0.517265,0.369939,0.95702,2.39139,0.743144
controlled,108,3,any,state,3,922,hmc_in,unsupervised,state,ignorable fit,all,922,0.732358,0.554047,0.402021,0.89154,2.33781,0.788716
controlled,108,3,any,state,3,922,hmc_in,unsupervised,state,ignorable fit,rest,37,0.558736,0.367197,0.255096,0.972973,1.6742,0.788716
controlled,108,3,any,state,3,922,hmc_in,unsupervised,state,ignorable fit,locomotion,286,0.486564,0.377638,0.290795,0.982517,2.3971,0.788716
controlled,108,3,any,state,3,922,hmc_in,unsupervised,state,ignorable fit,vigorous,250,0.998586,0.832085,0.594101,0.684,2.28887,0.788716
controlled,108,3,any,state,3,922,hmc_in,unsupervised,state,ignorable fit,transient,349,0.689586,0.519254,0.371154,0.95702,2.39463,0.788716
controlled,108,3,any,state,3,922,hmc_in,unsupervised,state-markov,ignorable fit,all,922,0.732134,0.552922,0.404597,0.89154,2.33685,0.653469
controlled,108,3,any,state,3,922,hmc_in,unsupervised,state-markov,ignorable fit,rest,37,0.573809,0.371275,0.264592,0.972973,1.67212,0.653469
controlled,108,3,any,state,3,922,hmc_in,unsupervised,state-markov,ignorable fit,locomotion,286,0.483771,0.374605,0.292181,0.982517,2.39801,0.653469
controlled,108,3,any,state,3,922,hmc_in,unsupervised,state-markov,ignorable fit,vigorous,250,0.999382,0.832384,0.600904,0.684,2.28868,0.653469
controlled,108,3,any,state,3,922,hmc_in,unsupervised,state-markov,ignorable fit,transient,349,0.688431,0.518119,0.370943,0.95702,2.3917,0.653469
controlled,108,3,any,state,4,880,hmc_in,oracle,ignorable,,all,880,0.789749,0.617696,0.443784,0.978409,3.43666,0.752573
controlled,108,3,any,state,4,880,hmc_in,oracle,ignorable,,rest,47,1.09642,0.924185,0.627479,0.93617,3.9265,0.752573
controlled,108,3,any,state,4,880,hmc_in,oracle,ignorable,,locomotion,272,0.619694,0.491875,0.35775,0.981618,2.97057,0.752573
controlled,108,3,any,state,4,880,hmc_in,oracle,ignorable,,vigorous,233,0.774429,0.591725,0.437851,0.987124,3.49039,0.752573
controlled,108,3,any,state,4,880,hmc_in,oracle,ignorable,,transient,328,0.86983,0.696567,0.493022,0.97561,3.71482,0.752573
controlled,108,3,any,state,4,880,hmc_in,oracle,state,,all,880,0.79678,0.622085,0.445275,0.975,3.4154,0.692993
controlled,108,3,any,state,4,880,hmc_in,oracle,state,,rest,47,1.1022,0.930323,0.631359,0.93617,3.90804,0.692993
controlled,108,3,any,state,4,880,hmc_in,oracle,state,,locomotion,272,0.618152,0.492433,0.355599,0.981618,2.97418,0.692993
controlled,108,3,any,state,4,880,hmc_in,oracle,state,,vigorous,233,0.763918,0.586827,0.430549,0.987124,3.47449,0.692993
controlled,108,3,any,state,4,880,hmc_in,oracle,state,,transient,328,0.893186,0.710478,0.503435,0.966463,3.66873,0.692993
controlled,108,3,any,state,4,880,hmc_in,oracle,state-markov,,all,880,0.797551,0.621016,0.447756,0.972727,3.41566,0.655554
controlled,108,3,any,state,4,880,hmc_in,oracle,state-markov,,rest,47,1.1021,0.93014,0.626416,0.93617,3.90939,0.655554
controlled,108,3,any,state,4,880,hmc_in,oracle,state-markov,,locomotion,272,0.619123,0.49338,0.357009,0.981618,2.97267,0.655554
controlled,108,3,any,state,4,880,hmc_in,oracle,state-markov,,vigorous,233,0.763942,0.586828,0.432903,0.987124,3.47454,0.655554
controlled,108,3,any,state,4,880,hmc_in,oracle,state-markov,,transient,328,0.894475,0.706852,0.50796,0.960366,3.67045,0.655554
controlled,108,3,any,state,4,880,pmc_pair,oracle,ignorable,,all,880,0.510018,0.360177,0.266669,0.838636,1.29186,3.24491
controlled,108,3,any,state,4,880,pmc_pair,oracle,ignorable,,rest,47,0.468412,0.3142,0.235508,0.893617,1.10748,3.24491
controlled,108,3,any,state,4,880,pmc_pair,oracle,ignorable,,locomotion,272,0.454908,0.337319,0.24298,0.863971,1.31752,3.24491
controlled,108,3,any,state,4,880,pmc_pair,oracle,ignorable,,vigorous,233,0.546825,0.381632,0.288295,0.806867,1.30876,3.24491
controlled,108,3,any,state,4,880,pmc_pair,oracle,ignorable,,transient,328,0.531429,0.37048,0.275415,0.832317,1.285,3.24491
controlled,108,3,any,state,4,880,pmc_pair,oracle,state,,all,880,0.517409,0.36347,0.269838,0.828409,1.27376,3.42194
controlled,108,3,any,state,4,880,pmc_pair,oracle,state,,rest,47,0.4655,0.31275,0.232952,0.893617,1.12272,3.42194
controlled,108,3,any,state,4,880,pmc_pair,oracle,state,,locomotion,272,0.472971,0.346753,0.253169,0.852941,1.32769,3.42194
controlled,108,3,any,state,4,880,pmc_pair,oracle,state,,vigorous,233,0.559077,0.384273,0.292774,0.793991,1.28483,3.42194
controlled,108,3,any,state,4,880,pmc_pair,oracle,state,,transient,328,0.528825,0.369823,0.272653,0.823171,1.24282,3.42194
controlled,108,3,any,state,4,880,pmc_pair,oracle,state-markov,,all,880,0.526601,0.367666,0.272551,0.829545,1.27415,3.55721
controlled,108,3,any,state,4,880,pmc_pair,oracle,state-markov,,rest,47,0.465565,0.312793,0.234796,0.893617,1.12263,3.55721
controlled,108,3,any,state,4,880,pmc_pair,oracle,state-markov,,locomotion,272,0.493122,0.354922,0.260354,0.852941,1.32739,3.55721
controlled,108,3,any,state,4,880,pmc_pair,oracle,state-markov,,vigorous,233,0.575048,0.389827,0.296638,0.793991,1.27767,3.55721
controlled,108,3,any,state,4,880,pmc_pair,oracle,state-markov,,transient,328,0.525721,0.370354,0.270964,0.82622,1.2492,3.55721
controlled,108,3,any,state,4,880,hmc_in,unsupervised,ignorable,start,all,880,0.765985,0.569906,0.414138,0.870455,2.27886,0.658923
controlled,108,3,any,state,4,880,hmc_in,unsupervised,ignorable,start,rest,47,0.594689,0.378904,0.287872,0.93617,1.81114,0.658923
controlled,108,3,any,state,4,880,hmc_in,unsupervised,ignorable,start,locomotion,272,0.559022,0.423248,0.311535,0.970588,2.34244,0.658923
controlled,108,3,any,state,4,880,hmc_in,unsupervised,ignorable,start,vigorous,233,1.06375,0.897032,0.650176,0.622318,2.25087,0.658923
controlled,108,3,any,state,4,880,hmc_in,unsupervised,ignorable,start,transient,328,0.678604,0.486515,0.349642,0.954268,2.31304,0.658923
controlled,108,3,any,state,4,880,hmc_in,unsupervised,state,start,all,880,0.76547,0.569213,0.411909,0.871591,2.27458,0.676246
controlled,108,3,any,state,4,880,hmc_in,unsupervised,state,start,rest,47,0.591253,0.378043,0.289053,0.93617,1.82081,0.676246
controlled,108,3,any,state,4,880,hmc_in,unsupervised,state,start,locomotion,272,0.551237,0.418491,0.306998,0.970588,2.32256,0.676246
controlled,108,3,any,state,4,880,hmc_in,unsupervised,state,start,vigorous,233,1.05936,0.891879,0.645581,0.626609,2.24876,0.676246
controlled,108,3,any,state,4,880,hmc_in,unsupervised,state,start,transient,328,0.687583,0.492383,0.35052,0.954268,2.31815,0.676246
controlled,108,3,any,state,4,880,hmc_in,unsupervised,state-markov,start,all,880,0.765348,0.569431,0.411851,0.871591,2.27405,0.699059
controlled,108,3,any,state,4,880,hmc_in,unsupervised,state-markov,start,rest,47,0.591488,0.378165,0.288571,0.93617,1.82161,0.699059
controlled,108,3,any,state,4,880,hmc_in,unsupervised,state-markov,start,locomotion,272,0.551692,0.419294,0.31008,0.970588,2.32147,0.699059
controlled,108,3,any,state,4,880,hmc_in,unsupervised,state-markov,start,vigorous,233,1.05972,0.89233,0.644022,0.626609,2.24924,0.699059
controlled,108,3,any,state,4,880,hmc_in,unsupervised,state-markov,start,transient,328,0.686491,0.491965,0.348987,0.954268,2.31719,0.699059
controlled,108,3,any,state,4,880,hmc_in,unsupervised,state,ignorable fit,all,880,0.768721,0.570996,0.415666,0.870455,2.27955,0.602111
controlled,108,3,any,state,4,880,hmc_in,unsupervised,state,ignorable fit,rest,47,0.592265,0.375628,0.288329,0.93617,1.81714,0.602111
controlled,108,3,any,state,4,880,hmc_in,unsupervised,state,ignorable fit,locomotion,272,0.552029,0.41806,0.307582,0.966912,2.32643,0.602111
controlled,108,3,any,state,4,880,hmc_in,unsupervised,state,ignorable fit,vigorous,233,1.06258,0.895154,0.652296,0.626609,2.25219,0.602111
controlled,108,3,any,state,4,880,hmc_in,unsupervised,state,ignorable fit,transient,328,0.693111,0.495545,0.35545,0.954268,2.32638,0.602111
controlled,108,3,any,state,4,880,hmc_in,unsupervised,state-markov,ignorable fit,all,880,0.7685,0.571121,0.41537,0.870455,2.27808,0.77254
controlled,108,3,any,state,4,880,hmc_in,unsupervised,state-markov,ignorable fit,rest,47,0.592536,0.37575,0.283284,0.93617,1.81783,0.77254
controlled,108,3,any,state,4,880,hmc_in,unsupervised,state-markov,ignorable fit,locomotion,272,0.55242,0.4189,0.309887,0.966912,2.3242,0.77254
controlled,108,3,any,state,4,880,hmc_in,unsupervised,state-markov,ignorable fit,vigorous,233,1.06281,0.895462,0.644644,0.626609,2.25262,0.77254
controlled,108,3,any,state,4,880,hmc_in,unsupervised,state-markov,ignorable fit,transient,328,0.691901,0.494948,0.358903,0.954268,2.32388,0.77254
controlled,108,3,any,state-markov,0,976,hmc_in,oracle,ignorable,,all,976,0.743384,0.598182,0.428,0.98668,3.52636,0.719057
controlled,108,3,any,state-markov,0,976,hmc_in,oracle,ignorable,,rest,46,0.869845,0.761817,0.50263,1,3.90148,0.719057
controlled,108,3,any,state-markov,0,976,hmc_in,oracle,ignorable,,locomotion,265,0.591996,0.465757,0.350964,0.984906,3.09873,0.719057
controlled,108,3,any,state-markov,0,976,hmc_in,oracle,ignorable,,vigorous,271,0.732775,0.601796,0.427605,0.99631,3.55626,0.719057
controlled,108,3,any,state-markov,0,976,hmc_in,oracle,ignorable,,transient,394,0.821915,0.665659,0.471371,0.979695,3.74963,0.719057
controlled,108,3,any,state-markov,0,976,hmc_in,oracle,state,,all,976,0.921388,0.69244,0.502327,0.946721,3.40626,0.649688
controlled,108,3,any,state-markov,0,976,hmc_in,oracle,state,,rest,46,0.872297,0.763262,0.520427,1,3.90072,0.649688
controlled,108,3,any,state-markov,0,976,hmc_in,oracle,state,,locomotion,265,0.730596,0.521661,0.399923,0.954717,2.98303,0.649688
controlled,108,3,any,state-markov,0,976,hmc_in,oracle,state,,vigorous,271,0.881711,0.652903,0.475699,0.97417,3.48415,0.649688
controlled,108,3,any,state-markov,0,976,hmc_in,oracle,state,,transient,394,1.0585,0.826229,0.587405,0.916244,3.57962,0.649688
controlled,108,3,any,state-markov,0,976,hmc_in,oracle,state-markov,,all,976,0.910373,0.683779,0.498778,0.946721,3.39744,0.760139
controlled,108,3,any,state-markov,0,976,hmc_in,oracle,state-markov,,rest,46,0.870998,0.759642,0.50332,1,3.89989,0.760139
controlled,108,3,any,state-markov,0,976,hmc_in,oracle,state-markov,,locomotion,265,0.725521,0.518655,0.395916,0.958491,2.99006,0.760139
controlled,108,3,any,state-markov,0,976,hmc_in,oracle,state-markov,,vigorous,271,0.871222,0.648618,0.475727,0.97417,3.4846,0.760139
controlled,108,3,any,state-markov,0,976,hmc_in,oracle,state-markov,,transient,394,1.04323,0.810168,0.583288,0.913706,3.55284,0.760139
controlled,108,3,any,state-markov,0,976,pmc_pair,oracle,ignorable,,all,976,0.505908,0.361715,0.263766,0.876025,1.49179,3.30311
controlled,108,3,any,state-markov,0,976,pmc_pair,oracle,ignorable,,rest,46,0.415863,0.294795,0.212542,0.826087,1.05877,3.30311
controlled,108,3,any,state-markov,0,976,pmc_pair,oracle,ignorable,,locomotion,265,0.444406,0.333059,0.242207,0.950943,1.54688,3.30311
controlled,108,3,any,state-markov,0,976,pmc_pair,oracle,ignorable,,vigorous,271,0.534815,0.372471,0.272451,0.856089,1.51447,3.30311
controlled,108,3,any,state-markov,0,976,pmc_pair,oracle,ignorable,,transient,394,0.533152,0.381404,0.278274,0.845178,1.48969,3.30311
controlled,108,3,any,state-markov,0,976,pmc_pair,oracle,state,,all,976,0.665028,0.425314,0.314656,0.854508,1.49029,3.221
controlled,108,3,any,state-markov,0,976,pmc_pair,oracle,state,,rest,46,0.41027,0.297881,0.209092,0.847826,1.09073,3.221
controlled,108,3,any,state-markov,0,976,pmc_pair,oracle,state,,locomotion,265,0.443212,0.332841,0.240402,0.928302,1.43898,3.221
controlled,108,3,any,state-markov,0,976,pmc_pair,oracle,state,,vigorous,271,0.618694,0.401171,0.300239,0.845018,1.46008,3.221
controlled,108,3,any,state-markov,0,976,pmc_pair,oracle,state,,transient,394,0.824922,0.518994,0.38684,0.812183,1.59222,3.221
controlled,108,3,any,state-markov,0,976,pmc_pair,oracle,state-markov,,all,976,0.620498,0.405584,0.302722,0.858607,1.46619,3.12551
controlled,108,3,any,state-markov,0,976,pmc_pair,oracle,state-markov,,rest,46,0.410034,0.296682,0.21195,0.847826,1.08728,3.12551
controlled,108,3,any,state-markov,0,976,pmc_pair,oracle,state-markov,,locomotion,265,0.438959,0.330957,0.240474,0.932075,1.44222,3.12551
controlled,108,3,any,state-markov,0,976,pmc_pair,oracle,state-markov,,vigorous,271,0.61291,0.398446,0.297998,0.841328,1.45343,3.12551
controlled,108,3,any,state-markov,0,976,pmc_pair,oracle,state-markov,,transient,394,0.739011,0.473402,0.358436,0.822335,1.53532,3.12551
controlled,108,3,any,state-markov,0,976,hmc_in,unsupervised,ignorable,start,all,976,0.769397,0.582374,0.420228,0.877049,2.33153,0.7085
controlled,108,3,any,state-markov,0,976,hmc_in,unsupervised,ignorable,start,rest,46,0.516608,0.36551,0.262772,0.956522,1.82478,0.7085
controlled,108,3,any,state-markov,0,976,hmc_in,unsupervised,ignorable,start,locomotion,265,0.486891,0.377268,0.288934,0.996226,2.39938,0.7085
controlled,108,3,any,state-markov,0,976,hmc_in,unsupervised,ignorable,start,vigorous,271,1.07125,0.91622,0.65841,0.638376,2.26363,0.7085
controlled,108,3,any,state-markov,0,976,hmc_in,unsupervised,ignorable,start,transient,394,0.697479,0.51602,0.363091,0.951777,2.39177,0.7085
controlled,108,3,any,state-markov,0,976,hmc_in,unsupervised,state,start,all,976,0.798226,0.597438,0.432557,0.867828,2.32175,0.749142
controlled,108,3,any,state-markov,0,976,hmc_in,unsupervised,state,start,rest,46,0.519788,0.370527,0.265345,0.956522,1.82212,0.749142
controlled,108,3,any,state-markov,0,976,hmc_in,unsupervised,state,start,locomotion,265,0.531904,0.400838,0.297848,0.996226,2.35844,0.749142
controlled,108,3,any,state-markov,0,976,hmc_in,unsupervised,state,start,vigorous,271,1.09918,0.923863,0.671867,0.623616,2.22224,0.749142
controlled,108,3,any,state-markov,0,976,hmc_in,unsupervised,state,start,transient,394,0.724917,0.53164,0.378082,0.939086,2.42384,0.749142
controlled,108,3,any,state-markov,0,976,hmc_in,unsupervised,state-markov,start,all,976,0.771703,0.585421,0.420757,0.877049,2.32613,0.650025
controlled,108,3,any,state-markov,0,976,hmc_in,unsupervised,state-markov,start,rest,46,0.526106,0.377844,0.256268,0.956522,1.81102,0.650025
controlled,108,3,any,state-markov,0,976,hmc_in,unsupervised,state-markov,start,locomotion,265,0.496239,0.38329,0.289306,0.996226,2.37596,0.650025
controlled,108,3,any,state-markov,0,976,hmc_in,unsupervised,state-markov,start,vigorous,271,1.07039,0.915015,0.655753,0.638376,2.25828,0.650025
controlled,108,3,any,state-markov,0,976,hmc_in,unsupervised,state-markov,start,transient,394,0.69944,0.518906,0.366739,0.951777,2.39943,0.650025
controlled,108,3,any,state-markov,0,976,hmc_in,unsupervised,state,ignorable fit,all,976,0.800926,0.601141,0.434017,0.866803,2.34032,0.659465
controlled,108,3,any,state-markov,0,976,hmc_in,unsupervised,state,ignorable fit,rest,46,0.515406,0.371454,0.263716,0.934783,1.81205,0.659465
controlled,108,3,any,state-markov,0,976,hmc_in,unsupervised,state,ignorable fit,locomotion,265,0.533034,0.400308,0.296674,0.996226,2.36387,0.659465
controlled,108,3,any,state-markov,0,976,hmc_in,unsupervised,state,ignorable fit,vigorous,271,1.10264,0.929725,0.677462,0.623616,2.23424,0.659465
controlled,108,3,any,state-markov,0,976,hmc_in,unsupervised,state,ignorable fit,transient,394,0.728478,0.537029,0.37883,0.939086,2.45912,0.659465
controlled,108,3,any,state-markov,0,976,hmc_in,unsupervised,state-markov,ignorable fit,all,976,0.773055,0.587001,0.424077,0.877049,2.33382,0.721464
controlled,108,3,any,state-markov,0,976,hmc_in,unsupervised,state-markov,ignorable fit,rest,46,0.524274,0.378633,0.262317,0.956522,1.80149,0.721464
controlled,108,3,any,state-markov,0,976,hmc_in,unsupervised,state-markov,ignorable fit,locomotion,265,0.497174,0.383106,0.292052,0.996226,2.37863,0.721464
controlled,108,3,any,state-markov,0,976,hmc_in,unsupervised,state-markov,ignorable fit,vigorous,271,1.07326,0.918737,0.664095,0.638376,2.26598,0.721464
controlled,108,3,any,state-markov,0,976,hmc_in,unsupervised,state-markov,ignorable fit,transient,394,0.699827,0.520291,0.366672,0.951777,2.4125,0.721464
controlled,108,3,any,state-markov,1,896,hmc_in,oracle,ignorable,,all,896,0.728175,0.578682,0.424254,0.983259,3.44413,0.687347
controlled,108,3,any,state-markov,1,896,hmc_in,oracle,ignorable,,rest,36,0.970459,0.807915,0.564966,0.972222,3.92613,0.687347
controlled,108,3,any,state-markov,1,896,hmc_in,oracle,ignorable,,locomotion,264,0.586922,0.448356,0.34487,0.981061,2.99691,0.687347
controlled,108,3,any,state-markov,1,896,hmc_in,oracle,ignorable,,vigorous,251,0.667641,0.537981,0.400377,0.996016,3.46266,0.687347
controlled,108,3,any,state-markov,1,896,hmc_in,oracle,ignorable,,transient,345,0.831213,0.684102,0.487689,0.976812,3.72259,0.687347
controlled,108,3,any,state-markov,1,896,hmc_in,oracle,state,,all,896,0.792201,0.61607,0.446753,0.966518,3.37666,0.670673
controlled,108,3,any,state-markov,1,896,hmc_in,oracle,state,,rest,36,0.980035,0.843599,0.581628,0.972222,3.85494,0.670673
controlled,108,3,any,state-markov,1,896,hmc_in,oracle,state,,locomotion,264,0.612198,0.463443,0.353141,0.977273,2.97141,0.670673
controlled,108,3,any,state-markov,1,896,hmc_in,oracle,state,,vigorous,251,0.684977,0.549324,0.408178,1,3.45452,0.670673
controlled,108,3,any,state-markov,1,896,hmc_in,oracle,state,,transient,345,0.949487,0.75768,0.532377,0.933333,3.58021,0.670673
controlled,108,3,any,state-markov,1,896,hmc_in,oracle,state-markov,,all,896,0.781142,0.609404,0.442088,0.966518,3.3641,0.720292
controlled,108,3,any,state-markov,1,896,hmc_in,oracle,state-markov,,rest,36,0.979625,0.839174,0.564537,0.972222,3.87031,0.720292
controlled,108,3,any,state-markov,1,896,hmc_in,oracle,state-markov,,locomotion,264,0.608833,0.461661,0.351016,0.977273,2.97543,0.720292
controlled,108,3,any,state-markov,1,896,hmc_in,oracle,state-markov,,vigorous,251,0.67812,0.547138,0.403321,1,3.45552,0.720292
controlled,108,3,any,state-markov,1,896,hmc_in,oracle,state-markov,,transient,345,0.930787,0.743785,0.527204,0.933333,3.54219,0.720292
controlled,108,3,any,state-markov,1,896,pmc_pair,oracle,ignorable,,all,896,0.485965,0.353105,0.259438,0.872768,1.4524,3.03569
controlled,108,3,any,state-markov,1,896,pmc_pair,oracle,ignorable,,rest,36,0.448463,0.318592,0.240364,0.777778,1.12465,3.03569
controlled,108,3,any,state-markov,1,896,pmc_pair,oracle,ignorable,,locomotion,264,0.434668,0.324848,0.238283,0.916667,1.51164,3.03569
controlled,108,3,any,state-markov,1,896,pmc_pair,oracle,ignorable,,vigorous,251,0.502897,0.365115,0.269153,0.868526,1.4136,3.03569
controlled,108,3,any,state-markov,1,896,pmc_pair,oracle,ignorable,,transient,345,0.513591,0.369591,0.270548,0.852174,1.46948,3.03569
controlled,108,3,any,state-markov,1,896,pmc_pair,oracle,state,,all,896,0.601708,0.393971,0.292959,0.860491,1.49768,2.96612
controlled,108,3,any,state-markov,1,896,pmc_pair,oracle,state,,rest,36,0.44207,0.314348,0.234688,0.777778,1.14158,2.96612
controlled,108,3,any,state-markov,1,896,pmc_pair,oracle,state,,locomotion,264,0.430615,0.320723,0.23597,0.905303,1.47491,2.96612
controlled,108,3,any,state-markov,1,896,pmc_pair,oracle,state,,vigorous,251,0.505071,0.360521,0.266543,0.868526,1.39016,2.96612
controlled,108,3,any,state-markov,1,896,pmc_pair,oracle,state,,transient,345,0.769682,0.482666,0.361868,0.828986,1.63048,2.96612
controlled,108,3,any,state-markov,1,896,pmc_pair,oracle,state-markov,,all,896,0.542656,0.375712,0.274751,0.866071,1.48964,3.04596
controlled,108,3,any,state-markov,1,896,pmc_pair,oracle,state-markov,,rest,36,0.444997,0.316535,0.235628,0.777778,1.13587,3.04596
controlled,108,3,any,state-markov,1,896,pmc_pair,oracle,state-markov,,locomotion,264,0.429947,0.321193,0.237833,0.909091,1.48934,3.04596
controlled,108,3,any,state-markov,1,896,pmc_pair,oracle,state-markov,,vigorous,251,0.503798,0.361287,0.268937,0.868526,1.38945,3.04596
controlled,108,3,any,state-markov,1,896,pmc_pair,oracle,state-markov,,transient,345,0.646536,0.434101,0.311315,0.84058,1.59968,3.04596
controlled,108,3,any,state-markov,1,896,hmc_in,unsupervised,ignorable,start,all,896,0.733562,0.563115,0.405354,0.889509,2.38292,0.727592
controlled,108,3,any,state-markov,1,896,hmc_in,unsupervised,ignorable,start,rest,36,0.548139,0.4188,0.287975,1,2.17876,0.727592
controlled,108,3,any,state-markov,1,896,hmc_in,unsupervised,ignorable,start,locomotion,264,0.529375,0.405288,0.307824,0.958333,2.40522,0.727592
controlled,108,3,any,state-markov,1,896,hmc_in,unsupervised,ignorable,start,vigorous,251,0.977902,0.826571,0.589674,0.693227,2.24769,0.727592
controlled,108,3,any,state-markov,1,896,hmc_in,unsupervised,ignorable,start,transient,345,0.67528,0.507274,0.358134,0.968116,2.48554,0.727592
controlled,108,3,any,state-markov,1,896,hmc_in,unsupervised,state,start,all,896,0.762987,0.588776,0.419395,0.885045,2.421,0.694242
controlled,108,3,any,state-markov,1,896,hmc_in,unsupervised,state,start,rest,36,0.60243,0.459783,0.320862,0.972222,2.20197,0.694242
controlled,108,3,any,state-markov,1,896,hmc_in,unsupervised,state,start,locomotion,264,0.538975,0.411708,0.307237,0.962121,2.38042,0.694242
controlled,108,3,any,state-markov,1,896,hmc_in,unsupervised,state,start,vigorous,251,0.974128,0.821885,0.587139,0.689243,2.24052,0.694242
controlled,108,3,any,state-markov,1,896,hmc_in,unsupervised,state,start,transient,345,0.74924,0.568137,0.393461,0.95942,2.60622,0.694242
controlled,108,3,any,state-markov,1,896,hmc_in,unsupervised,state-markov,start,all,896,0.738428,0.568521,0.406986,0.889509,2.38422,0.74944
controlled,108,3,any,state-markov,1,896,hmc_in,unsupervised,state-markov,start,rest,36,0.593502,0.452068,0.301503,0.972222,2.20064,0.74944
controlled,108,3,any,state-markov,1,896,hmc_in,unsupervised,state-markov,start,locomotion,264,0.533175,0.408637,0.303719,0.965909,2.38906,0.74944
controlled,108,3,any,state-markov,1,896,hmc_in,unsupervised,state-markov,start,vigorous,251,0.972959,0.820905,0.589701,0.689243,2.23926,0.74944
controlled,108,3,any,state-markov,1,896,hmc_in,unsupervised,state-markov,start,transient,345,0.687842,0.519401,0.364082,0.968116,2.50513,0.74944
controlled,108,3,any,state-markov,1,896,hmc_in,unsupervised,state,ignorable fit,all,896,0.763893,0.588856,0.42044,0.883929,2.42423,0.707589
controlled,108,3,any,state-markov,1,896,hmc_in,unsupervised,state,ignorable fit,rest,36,0.594733,0.454622,0.300499,0.972222,2.1935,0.707589
controlled,108,3,any,state-markov,1,896,hmc_in,unsupervised,state,ignorable fit,locomotion,264,0.537484,0.410263,0.309979,0.962121,2.38464,0.707589
controlled,108,3,any,state-markov,1,896,hmc_in,unsupervised,state,ignorable fit,vigorous,251,0.977362,0.825412,0.588618,0.689243,2.2462,0.707589
controlled,108,3,any,state-markov,1,896,hmc_in,unsupervised,state,ignorable fit,transient,345,0.750036,0.567423,0.395127,0.956522,2.60813,0.707589
controlled,108,3,any,state-markov,1,896,hmc_in,unsupervised,state-markov,ignorable fit,all,896,0.740016,0.569996,0.408907,0.888393,2.39276,0.708347
controlled,108,3,any,state-markov,1,896,hmc_in,unsupervised,state-markov,ignorable fit,rest,36,0.586925,0.447965,0.304285,0.972222,2.18913,0.708347
controlled,108,3,any,state-markov,1,896,hmc_in,unsupervised,state-markov,ignorable fit,locomotion,264,0.531225,0.406505,0.304725,0.965909,2.39589,0.708347
controlled,108,3,any,state-markov,1,896,hmc_in,unsupervised,state-markov,ignorable fit,vigorous,251,0.977312,0.825629,0.591389,0.689243,2.24647,0.708347
controlled,108,3,any,state-markov,1,896,hmc_in,unsupervised,state-markov,ignorable fit,transient,345,0.689527,0.521853,0.366782,0.965217,2.51804,0.708347
controlled,108,3,any,state-markov,2,904,hmc_in,oracle,ignorable,,all,904,0.777191,0.607649,0.442798,0.978982,3.49577,0.718677
controlled,108,3,any,state-markov,2,904,hmc_in,oracle,ignorable,,rest,39,1.01243,0.89645,0.589175,0.923077,3.82547,0.718677
controlled,108,3,any,state-markov,2,904,hmc_in,oracle,ignorable,,locomotion,295,0.643313,0.498053,0.373612,0.979661,3.18885,0.718677
controlled,108,3,any,state-markov,2,904,hmc_in,oracle,ignorable,,vigorous,245,0.814531,0.619293,0.456149,0.983673,3.50526,0.718677
controlled,108,3,any,state-markov,2,904,hmc_in,oracle,ignorable,,transient,325,0.825422,0.663693,0.477968,0.981538,3.72764,0.718677
controlled,108,3,any,state-markov,2,904,hmc_in,oracle,state,,all,904,0.856895,0.658383,0.471959,0.956858,3.378,0.753885
controlled,108,3,any,state-markov,2,904,hmc_in,oracle,state,,rest,39,1.01534,0.897185,0.591162,0.923077,3.79647,0.753885
controlled,108,3,any,state-markov,2,904,hmc_in,oracle,state,,locomotion,295,0.767013,0.555279,0.416153,0.945763,3.02998,0.753885
controlled,108,3,any,state-markov,2,904,hmc_in,oracle,state,,vigorous,245,0.809879,0.621632,0.451826,0.979592,3.47064,0.753885
controlled,108,3,any,state-markov,2,904,hmc_in,oracle,state,,transient,325,0.943521,0.751017,0.523487,0.953846,3.57384,0.753885
controlled,108,3,any,state-markov,2,904,hmc_in,oracle,state-markov,,all,904,0.923962,0.687011,0.50147,0.938053,3.33915,0.711256
controlled,108,3,any,state-markov,2,904,hmc_in,oracle,state-markov,,rest,39,1.01303,0.896264,0.576137,0.923077,3.82246,0.711256
controlled,108,3,any,state-markov,2,904,hmc_in,oracle,state-markov,,locomotion,295,0.76124,0.549486,0.419722,0.942373,2.983,0.711256
controlled,108,3,any,state-markov,2,904,hmc_in,oracle,state-markov,,vigorous,245,0.799933,0.619551,0.450076,0.979592,3.48775,0.711256
controlled,108,3,any,state-markov,2,904,hmc_in,oracle,state-markov,,transient,325,1.11494,0.837587,0.605455,0.904615,3.49241,0.711256
controlled,108,3,any,state-markov,2,904,pmc_pair,oracle,ignorable,,all,904,0.576646,0.395409,0.294139,0.856195,1.51015,2.8402
controlled,108,3,any,state-markov,2,904,pmc_pair,oracle,ignorable,,rest,39,0.4757,0.308005,0.228712,0.897436,1.22849,2.8402
controlled,108,3,any,state-markov,2,904,pmc_pair,oracle,ignorable,,locomotion,295,0.587657,0.405524,0.300019,0.864407,1.54986,2.8402
controlled,108,3,any,state-markov,2,904,pmc_pair,oracle,ignorable,,vigorous,245,0.570598,0.38094,0.289132,0.820408,1.41692,2.8402
controlled,108,3,any,state-markov,2,904,pmc_pair,oracle,ignorable,,transient,325,0.582119,0.407624,0.300427,0.870769,1.57819,2.8402
controlled,108,3,any,state-markov,2,904,pmc_pair,oracle,state,,all,904,0.699537,0.445275,0.335386,0.82854,1.50531,2.97561
controlled,108,3,any,state-markov,2,904,pmc_pair,oracle,state,,rest,39,0.475905,0.307226,0.225401,0.897436,1.24499,2.97561
controlled,108,3,any,state-markov,2,904,pmc_pair,oracle,state,,locomotion,295,0.634102,0.415756,0.317127,0.844068,1.49868,2.97561
controlled,108,3,any,state-markov,2,904,pmc_pair,oracle,state,,vigorous,245,0.63361,0.423823,0.320876,0.808163,1.38572,2.97561
controlled,108,3,any,state-markov,2,904,pmc_pair,oracle,state,,transient,325,0.81631,0.504805,0.376096,0.821538,1.63272,2.97561
controlled,108,3,any,state-markov,2,904,pmc_pair,oracle,state-markov,,all,904,0.715347,0.4601,0.346725,0.824115,1.50664,2.86448
controlled,108,3,any,state-markov,2,904,pmc_pair,oracle,state-markov,,rest,39,0.476654,0.30903,0.22128,0.897436,1.2368,2.86448
controlled,108,3,any,state-markov,2,904,pmc_pair,oracle,state-markov,,locomotion,295,0.622515,0.415106,0.316068,0.840678,1.48187,2.86448
controlled,108,3,any,state-markov,2,904,pmc_pair,oracle,state-markov,,vigorous,245,0.623818,0.416829,0.315757,0.808163,1.39262,2.86448
controlled,108,3,any,state-markov,2,904,pmc_pair,oracle,state-markov,,transient,325,0.8666,0.551689,0.412951,0.812308,1.64747,2.86448
controlled,108,3,any,state-markov,2,904,hmc_in,unsupervised,ignorable,start,all,904,0.798808,0.604371,0.439487,0.868363,2.40465,0.671123
controlled,108,3,any,state-markov,2,904,hmc_in,unsupervised,ignorable,start,rest,39,0.588118,0.431003,0.288519,1,1.89394,0.671123
controlled,108,3,any,state-markov,2,904,hmc_in,unsupervised,ignorable,start,locomotion,295,0.631291,0.460262,0.341625,0.962712,2.4782,0.671123
controlled,108,3,any,state-markov,2,904,hmc_in,unsupervised,ignorable,start,vigorous,245,1.07073,0.890735,0.65061,0.632653,2.30548,0.671123
controlled,108,3,any,state-markov,2,904,hmc_in,unsupervised,ignorable,start,transient,325,0.712305,0.540108,0.387276,0.944615,2.47394,0.671123
controlled,108,3,any,state-markov,2,904,hmc_in,unsupervised,state,start,all,904,0.832606,0.635384,0.458461,0.858407,2.41961,0.725924
controlled,108,3,any,state-markov,2,904,hmc_in,unsupervised,state,start,rest,39,0.582686,0.429517,0.290325,1,1.9101,0.725924
controlled,108,3,any,state-markov,2,904,hmc_in,unsupervised,state,start,locomotion,295,0.68969,0.502928,0.369303,0.955932,2.41985,0.725924
controlled,108,3,any,state-markov,2,904,hmc_in,unsupervised,state,start,vigorous,245,1.07489,0.90007,0.656289,0.640816,2.30244,0.725924
controlled,108,3,any,state-markov,2,904,hmc_in,unsupervised,state,start,transient,325,0.764695,0.580785,0.410433,0.916923,2.56885,0.725924
controlled,108,3,any,state-markov,2,904,hmc_in,unsupervised,state-markov,start,all,904,0.808461,0.613331,0.447345,0.867257,2.40564,0.717275
controlled,108,3,any,state-markov,2,904,hmc_in,unsupervised,state-markov,start,rest,39,0.58435,0.431011,0.287551,1,1.9051,0.717275
controlled,108,3,any,state-markov,2,904,hmc_in,unsupervised,state-markov,start,locomotion,295,0.643995,0.470557,0.352996,0.962712,2.4647,0.717275
controlled,108,3,any,state-markov,2,904,hmc_in,unsupervised,state-markov,start,vigorous,245,1.07226,0.894689,0.652605,0.640816,2.30476,0.717275
controlled,108,3,any,state-markov,2,904,hmc_in,unsupervised,state-markov,start,transient,325,0.73068,0.552703,0.397424,0.935385,2.48814,0.717275
controlled,108,3,any,state-markov,2,904,hmc_in,unsupervised,state,ignorable fit,all,904,0.83504,0.638837,0.461899,0.858407,2.42512,0.684961
controlled,108,3,any,state-markov,2,904,hmc_in,unsupervised,state,ignorable fit,rest,39,0.577824,0.425228,0.276611,1,1.9064,0.684961
controlled,108,3,any,state-markov,2,904,hmc_in,unsupervised,state,ignorable fit,locomotion,295,0.69101,0.504717,0.371559,0.955932,2.42271,0.684961
controlled,108,3,any,state-markov,2,904,hmc_in,unsupervised,state,ignorable fit,vigorous,245,1.07795,0.903334,0.662397,0.636735,2.30669,0.684961
controlled,108,3,any,state-markov,2,904,hmc_in,unsupervised,state,ignorable fit,transient,325,0.768184,0.58682,0.414988,0.92,2.57882,0.684961
controlled,108,3,any,state-markov,2,904,hmc_in,unsupervised,state-markov,ignorable fit,all,904,0.809661,0.614146,0.445575,0.86615,2.40885,0.648829
controlled,108,3,any,state-markov,2,904,hmc_in,unsupervised,state-markov,ignorable fit,rest,39,0.580458,0.427808,0.27975,1,1.90154,0.648829
controlled,108,3,any,state-markov,2,904,hmc_in,unsupervised,state-markov,ignorable fit,locomotion,295,0.643815,0.468974,0.349734,0.962712,2.46794,0.648829
controlled,108,3,any,state-markov,2,904,hmc_in,unsupervised,state-markov,ignorable fit,vigorous,245,1.07456,0.897077,0.653496,0.636735,2.30806,0.648829
controlled,108,3,any,state-markov,2,904,hmc_in,unsupervised,state-markov,ignorable fit,transient,325,0.732336,0.554991,0.395728,0.935385,2.49208,0.648829
controlled,108,3,any,state-markov,3,970,hmc_in,oracle,ignorable,,all,970,0.770624,0.591216,0.431469,0.982474,3.48122,0.664513
controlled,108,3,any,state-markov,3,970,hmc_in,oracle,ignorable,,rest,43,0.980716,0.841345,0.577584,0.976744,3.87822,0.664513
controlled,108,3,any,state-markov,3,970,hmc_in,oracle,ignorable,,locomotion,262,0.543268,0.43442,0.325098,0.992366,2.95816,0.664513
controlled,108,3,any,state-markov,3,970,hmc_in,oracle,ignorable,,vigorous,227,0.825273,0.610582,0.458295,0.977974,3.56999,0.664513
controlled,108,3,any,state-markov,3,970,hmc_in,oracle,ignorable,,transient,438,0.8314,0.650413,0.466849,0.979452,3.70913,0.664513
controlled,108,3,any,state-markov,3,970,hmc_in,oracle,state,,all,970,0.851657,0.626206,0.460318,0.968041,3.39115,0.714661
controlled,108,3,any,state-markov,3,970,hmc_in,oracle,state,,rest,43,1.01763,0.874455,0.5888,0.953488,3.73613,0.714661
controlled,108,3,any,state-markov,3,970,hmc_in,oracle,state,,locomotion,262,0.587066,0.445258,0.34039,0.977099,2.92439,0.714661
controlled,108,3,any,state-markov,3,970,hmc_in,oracle,state,,vigorous,227,0.866641,0.633192,0.471258,0.969163,3.4699,0.714661
controlled,108,3,any,state-markov,3,970,hmc_in,oracle,state,,transient,438,0.953533,0.706451,0.513772,0.96347,3.59568,0.714661
controlled,108,3,any,state-markov,3,970,hmc_in,oracle,state-markov,,all,970,0.808728,0.605784,0.444308,0.971134,3.392,0.652055
controlled,108,3,any,state-markov,3,970,hmc_in,oracle,state-markov,,rest,43,1.01071,0.868702,0.578351,0.953488,3.76338,0.652055
controlled,108,3,any,state-markov,3,970,hmc_in,oracle,state-markov,,locomotion,262,0.582914,0.445978,0.341173,0.980916,2.92641,0.652055
controlled,108,3,any,state-markov,3,970,hmc_in,oracle,state-markov,,vigorous,227,0.864461,0.631696,0.468045,0.969163,3.47523,0.652055
controlled,108,3,any,state-markov,3,970,hmc_in,oracle,state-markov,,transient,438,0.870408,0.662135,0.480539,0.968037,3.59091,0.652055
controlled,108,3,any,state-markov,3,970,pmc_pair,oracle,ignorable,,all,970,0.554976,0.390557,0.28454,0.870103,1.51243,3.12775
controlled,108,3,any,state-markov,3,970,pmc_pair,oracle,ignorable,,rest,43,0.601273,0.380408,0.270679,0.906977,1.33616,3.12775
controlled,108,3,any,state-markov,3,970,pmc_pair,oracle,ignorable,,locomotion,262,0.412261,0.302192,0.220256,0.935115,1.49463,3.12775
controlled,108,3,any,state-markov,3,970,pmc_pair,oracle,ignorable,,vigorous,227,0.640105,0.451729,0.336452,0.788546,1.47193,3.12775
controlled,108,3,any,state-markov,3,970,pmc_pair,oracle,ignorable,,transient,438,0.576705,0.412708,0.297449,0.869863,1.56138,3.12775
controlled,108,3,any,state-markov,3,970,pmc_pair,oracle,state,,all,970,0.631833,0.425533,0.314293,0.846392,1.5135,3.1137
controlled,108,3,any,state-markov,3,970,pmc_pair,oracle,state,,rest,43,0.5892,0.372834,0.266595,0.906977,1.34243,3.1137
controlled,108,3,any,state-markov,3,970,pmc_pair,oracle,state,,locomotion,262,0.49916,0.327867,0.246679,0.919847,1.47098,3.1137
controlled,108,3,any,state-markov,3,970,pmc_pair,oracle,state,,vigorous,227,0.677815,0.464306,0.348764,0.76652,1.42644,3.1137
controlled,108,3,any,state-markov,3,970,pmc_pair,oracle,state,,transient,438,0.680346,0.469032,0.341554,0.8379,1.60086,3.1137
controlled,108,3,any,state-markov,3,970,pmc_pair,oracle,state-markov,,all,970,0.607114,0.410577,0.306094,0.852577,1.46122,3.19571
controlled,108,3,any,state-markov,3,970,pmc_pair,oracle,state-markov,,rest,43,0.590126,0.374556,0.270566,0.906977,1.34327,3.19571
controlled,108,3,any,state-markov,3,970,pmc_pair,oracle,state-markov,,locomotion,262,0.480997,0.323542,0.23975,0.919847,1.47253,3.19571
controlled,108,3,any,state-markov,3,970,pmc_pair,oracle,state-markov,,vigorous,227,0.675638,0.463423,0.349936,0.76652,1.42788,3.19571
controlled,108,3,any,state-markov,3,970,pmc_pair,oracle,state-markov,,transient,438,0.638056,0.438788,0.326546,0.851598,1.48331,3.19571
controlled,108,3,any,state-markov,3,970,hmc_in,unsupervised,ignorable,start,all,970,0.7428,0.556042,0.405455,0.887629,2.35838,0.633679
controlled,108,3,any,state-markov,3,970,hmc_in,unsupervised,ignorable,start,rest,43,0.599193,0.416485,0.302313,0.953488,2.04227,0.633679
controlled,108,3,any,state-markov,3,970,hmc_in,unsupervised,ignorable,start,locomotion,262,0.48582,0.367013,0.279265,0.992366,2.36133,0.633679
controlled,108,3,any,state-markov,3,970,hmc_in,unsupervised,ignorable,start,vigorous,227,1.06168,0.895418,0.646291,0.682819,2.30026,0.633679
controlled,108,3,any,state-markov,3,970,hmc_in,unsupervised,ignorable,start,transient,438,0.679203,0.506929,0.366248,0.924658,2.41776,0.633679
controlled,108,3,any,state-markov,3,970,hmc_in,unsupervised,state,start,all,970,0.77694,0.585207,0.418404,0.879381,2.37005,0.679438
controlled,108,3,any,state-markov,3,970,hmc_in,unsupervised,state,start,rest,43,0.57699,0.410765,0.286595,0.953488,2.06382,0.679438
controlled,108,3,any,state-markov,3,970,hmc_in,unsupervised,state,start,locomotion,262,0.493856,0.373888,0.283878,0.98855,2.35636,0.679438
controlled,108,3,any,state-markov,3,970,hmc_in,unsupervised,state,start,vigorous,227,1.06395,0.891593,0.6399,0.678414,2.27673,0.679438
controlled,108,3,any,state-markov,3,970,hmc_in,unsupervised,state,start,transient,438,0.756023,0.569948,0.39702,0.910959,2.45667,0.679438
controlled,108,3,any,state-markov,3,970,hmc_in,unsupervised,state-markov,start,all,970,0.752943,0.566503,0.410862,0.884536,2.36358,0.683864
controlled,108,3,any,state-markov,3,970,hmc_in,unsupervised,state-markov,start,rest,43,0.573705,0.410075,0.294327,0.953488,2.06676,0.683864
controlled,108,3,any,state-markov,3,970,hmc_in,unsupervised,state-markov,start,locomotion,262,0.493332,0.369752,0.280863,0.98855,2.3539,0.683864
controlled,108,3,any,state-markov,3,970,hmc_in,unsupervised,state-markov,start,vigorous,227,1.058,0.889905,0.645179,0.678414,2.29116,0.683864
controlled,108,3,any,state-markov,3,970,hmc_in,unsupervised,state-markov,start,transient,438,0.705337,0.531943,0.378626,0.922374,2.43603,0.683864
controlled,108,3,any,state-markov,3,970,hmc_in,unsupervised,state,ignorable fit,all,970,0.777652,0.586333,0.422006,0.878351,2.38225,0.665369
controlled,108,3,any,state-markov,3,970,hmc_in,unsupervised,state,ignorable fit,rest,43,0.565072,0.404385,0.283449,0.953488,2.07354,0.665369
controlled,108,3,any,state-markov,3,970,hmc_in,unsupervised,state,ignorable fit,locomotion,262,0.4875,0.370729,0.280555,0.98855,2.36465,0.665369
controlled,108,3,any,state-markov,3,970,hmc_in,unsupervised,state,ignorable fit,vigorous,227,1.07053,0.898437,0.650133,0.678414,2.28565,0.665369
controlled,108,3,any,state-markov,3,970,hmc_in,unsupervised,state,ignorable fit,transient,438,0.756183,0.571412,0.40199,0.908676,2.47315,0.665369
controlled,108,3,any,state-markov,3,970,hmc_in,unsupervised,state-markov,ignorable fit,all,970,0.75219,0.565831,0.409809,0.884536,2.36947,0.578753
controlled,108,3,any,state-markov,3,970,hmc_in,unsupervised,state-markov,ignorable fit,rest,43,0.565269,0.406862,0.284489,0.953488,2.07419,0.578753
controlled,108,3,any,state-markov,3,970,hmc_in,unsupervised,state-markov,ignorable fit,locomotion,262,0.489334,0.366928,0.279975,0.98855,2.3595,0.578753
controlled,108,3,any,state-markov,3,970,hmc_in,unsupervised,state-markov,ignorable fit,vigorous,227,1.06277,0.895197,0.641357,0.678414,2.2977,0.578753
controlled,108,3,any,state-markov,3,970,hmc_in,unsupervised,state-markov,ignorable fit,transient,438,0.70216,0.529717,0.379773,0.922374,2.44162,0.578753
controlled,108,3,any,state-markov,4,897,hmc_in,oracle,ignorable,,all,897,0.756191,0.593442,0.433553,0.971014,3.44516,0.733173
controlled,108,3,any,state-markov,4,897,hmc_in,oracle,ignorable,,rest,32,0.917304,0.851957,0.552468,0.96875,3.86868,0.733173
controlled,108,3,any,state-markov,4,897,hmc_in,oracle,ignorable,,locomotion,246,0.551452,0.444673,0.336148,0.995935,2.9614,0.733173
controlled,108,3,any,state-markov,4,897,hmc_in,oracle,ignorable,,vigorous,257,0.667566,0.522065,0.398969,0.980545,3.48896,0.733173
controlled,108,3,any,state-markov,4,897,hmc_in,oracle,ignorable,,transient,362,0.905267,0.722361,0.513787,0.947514,3.70538,0.733173
controlled,108,3,any,state-markov,4,897,hmc_in,oracle,state,,all,897,0.823446,0.631342,0.4602,0.959866,3.41692,0.717108
controlled,108,3,any,state-markov,4,897,hmc_in,oracle,state,,rest,32,0.916588,0.850276,0.549157,0.96875,3.87307,0.717108
controlled,108,3,any,state-markov,4,897,hmc_in,oracle,state,,locomotion,246,0.630685,0.479779,0.358034,0.98374,2.91818,0.717108
controlled,108,3,any,state-markov,4,897,hmc_in,oracle,state,,vigorous,257,0.745582,0.553387,0.423397,0.972763,3.48168,0.717108
controlled,108,3,any,state-markov,4,897,hmc_in,oracle,state,,transient,362,0.970026,0.770327,0.547891,0.933702,3.66954,0.717108
controlled,108,3,any,state-markov,4,897,hmc_in,oracle,state-markov,,all,897,0.795323,0.616775,0.447754,0.968785,3.40113,0.72808
controlled,108,3,any,state-markov,4,897,hmc_in,oracle,state-markov,,rest,32,0.916932,0.850995,0.539806,0.96875,3.8712,0.72808
controlled,108,3,any,state-markov,4,897,hmc_in,oracle,state-markov,,locomotion,246,0.612581,0.475301,0.348275,0.995935,2.92058,0.72808
controlled,108,3,any,state-markov,4,897,hmc_in,oracle,state-markov,,vigorous,257,0.72416,0.543878,0.41592,0.976654,3.48709,0.72808
controlled,108,3,any,state-markov,4,897,hmc_in,oracle,state-markov,,transient,362,0.930449,0.743961,0.52982,0.944751,3.6251,0.72808
controlled,108,3,any,state-markov,4,897,pmc_pair,oracle,ignorable,,all,897,0.533978,0.387529,0.28015,0.857302,1.49394,2.92081
controlled,108,3,any,state-markov,4,897,pmc_pair,oracle,ignorable,,rest,32,0.366163,0.286724,0.204588,0.84375,1.14642,2.92081
controlled,108,3,any,state-markov,4,897,pmc_pair,oracle,ignorable,,locomotion,246,0.458309,0.337348,0.242158,0.906504,1.54192,2.92081
controlled,108,3,any,state-markov,4,897,pmc_pair,oracle,ignorable,,vigorous,257,0.527679,0.389795,0.285377,0.848249,1.46949,2.92081
controlled,108,3,any,state-markov,4,897,pmc_pair,oracle,ignorable,,transient,362,0.595196,0.428931,0.308935,0.831492,1.50941,2.92081
controlled,108,3,any,state-markov,4,897,pmc_pair,oracle,state,,all,897,0.643598,0.442846,0.318556,0.833891,1.50676,3.01917
controlled,108,3,any,state-markov,4,897,pmc_pair,oracle,state,,rest,32,0.367969,0.289559,0.203042,0.84375,1.15659,3.01917
controlled,108,3,any,state-markov,4,897,pmc_pair,oracle,state,,locomotion,246,0.50602,0.348313,0.259037,0.886179,1.42703,3.01917
controlled,108,3,any,state-markov,4,897,pmc_pair,oracle,state,,vigorous,257,0.580863,0.423537,0.306071,0.836576,1.51262,3.01917
controlled,108,3,any,state-markov,4,897,pmc_pair,oracle,state,,transient,362,0.775166,0.534345,0.378077,0.79558,1.58774,3.01917
controlled,108,3,any,state-markov,4,897,pmc_pair,oracle,state-markov,,all,897,0.581305,0.407485,0.296621,0.83835,1.44018,2.79527
controlled,108,3,any,state-markov,4,897,pmc_pair,oracle,state-markov,,rest,32,0.367576,0.288996,0.195793,0.84375,1.14964,2.79527
controlled,108,3,any,state-markov,4,897,pmc_pair,oracle,state-markov,,locomotion,246,0.504663,0.347748,0.256802,0.894309,1.42869,2.79527
controlled,108,3,any,state-markov,4,897,pmc_pair,oracle,state-markov,,vigorous,257,0.56347,0.401881,0.296747,0.836576,1.46536,2.79527
controlled,108,3,any,state-markov,4,897,pmc_pair,oracle,state-markov,,transient,362,0.653374,0.462531,0.332504,0.801105,1.4558,2.79527
controlled,108,3,any,state-markov,4,897,hmc_in,unsupervised,ignorable,start,all,897,0.77064,0.597934,0.425346,0.875139,2.38201,0.678978
controlled,108,3,any,state-markov,4,897,hmc_in,unsupervised,ignorable,start,rest,32,0.545141,0.395892,0.277575,0.875,1.73176,0.678978
controlled,108,3,any,state-markov,4,897,hmc_in,unsupervised,ignorable,start,locomotion,246,0.522673,0.414766,0.304032,0.979675,2.42519,0.678978
controlled,108,3,any,state-markov,4,897,hmc_in,unsupervised,ignorable,start,vigorous,257,0.956986,0.809195,0.574363,0.735409,2.27026,0.678978
controlled,108,3,any,state-markov,4,897,hmc_in,unsupervised,ignorable,start,transient,362,0.780699,0.590285,0.415056,0.903315,2.48948,0.678978
controlled,108,3,any,state-markov,4,897,hmc_in,unsupervised,state,start,all,897,0.794842,0.619699,0.439411,0.871795,2.42104,0.692052
controlled,108,3,any,state-markov,4,897,hmc_in,unsupervised,state,start,rest,32,0.551525,0.402287,0.278333,0.875,1.73695,0.692052
controlled,108,3,any,state-markov,4,897,hmc_in,unsupervised,state,start,locomotion,246,0.529831,0.422747,0.310847,0.97561,2.38302,0.692052
controlled,108,3,any,state-markov,4,897,hmc_in,unsupervised,state,start,vigorous,257,0.960505,0.812954,0.578549,0.743191,2.28261,0.692052
controlled,108,3,any,state-markov,4,897,hmc_in,unsupervised,state,start,transient,362,0.832372,0.635558,0.442235,0.892265,2.60562,0.692052
controlled,108,3,any,state-markov,4,897,hmc_in,unsupervised,state-markov,start,all,897,0.775528,0.602503,0.426774,0.877369,2.38741,0.725382
controlled,108,3,any,state-markov,4,897,hmc_in,unsupervised,state-markov,start,rest,32,0.547904,0.399437,0.280047,0.875,1.74422,0.725382
controlled,108,3,any,state-markov,4,897,hmc_in,unsupervised,state-markov,start,locomotion,246,0.525719,0.419069,0.305436,0.97561,2.40775,0.725382
controlled,108,3,any,state-markov,4,897,hmc_in,unsupervised,state-markov,start,vigorous,257,0.95664,0.808491,0.572128,0.743191,2.26685,0.725382
controlled,108,3,any,state-markov,4,897,hmc_in,unsupervised,state-markov,start,transient,362,0.79136,0.598867,0.419008,0.906077,2.51603,0.725382
controlled,108,3,any,state-markov,4,897,hmc_in,unsupervised,state,ignorable fit,all,897,0.797433,0.622505,0.437423,0.871795,2.43106,0.66826
controlled,108,3,any,state-markov,4,897,hmc_in,unsupervised,state,ignorable fit,rest,32,0.548893,0.400341,0.281394,0.875,1.7371,0.66826
controlled,108,3,any,state-markov,4,897,hmc_in,unsupervised,state,ignorable fit,locomotion,246,0.527984,0.420674,0.308096,0.979675,2.38802,0.66826
controlled,108,3,any,state-markov,4,897,hmc_in,unsupervised,state,ignorable fit,vigorous,257,0.96442,0.817243,0.57589,0.743191,2.2884,0.66826
controlled,108,3,any,state-markov,4,897,hmc_in,unsupervised,state,ignorable fit,transient,362,0.836242,0.641046,0.440796,0.889503,2.62294,0.66826
controlled,108,3,any,state-markov,4,897,hmc_in,unsupervised,state-markov,ignorable fit,all,897,0.777077,0.60359,0.430147,0.875139,2.39665,0.672859
controlled,108,3,any,state-markov,4,897,hmc_in,unsupervised,state-markov,ignorable fit,rest,32,0.545323,0.397402,0.28424,0.875,1.74403,0.672859
controlled,108,3,any,state-markov,4,897,hmc_in,unsupervised,state-markov,ignorable fit,locomotion,246,0.523909,0.417419,0.308118,0.979675,2.41188,0.672859
controlled,108,3,any,state-markov,4,897,hmc_in,unsupervised,state-markov,ignorable fit,vigorous,257,0.960498,0.813046,0.575318,0.743191,2.27303,0.672859
controlled,108,3,any,state-markov,4,897,hmc_in,unsupervised,state-markov,ignorable fit,transient,362,0.792781,0.599627,0.422907,0.89779,2.53176,0.672859
controlled,105,2,ge10,state,0,112,hmc_in,oracle,ignorable,,all,112,0.769927,0.605001,0.456016,0.991071,3.36297,0.576332
controlled,105,2,ge10,state,0,112,hmc_in,oracle,ignorable,,rest,2,0.374032,0.373607,0.290918,1,3.58202,0.576332
controlled,105,2,ge10,state,0,112,hmc_in,oracle,ignorable,,locomotion,75,0.550621,0.39803,0.351132,0.986667,3.33652,0.576332
controlled,105,2,ge10,state,0,112,hmc_in,oracle,ignorable,,vigorous,31,1.11393,1.06024,0.69579,1,3.38456,0.576332
controlled,105,2,ge10,state,0,112,hmc_in,oracle,ignorable,,transient,4,1.10769,1.0733,0.646895,1,3.58202,0.576332
controlled,105,2,ge10,state,0,112,hmc_in,oracle,state,,all,112,0.797086,0.627825,0.465592,0.991071,3.36556,0.556874
controlled,105,2,ge10,state,0,112,hmc_in,oracle,state,,rest,2,0.37403,0.373605,0.33062,1,3.58202,0.556874
controlled,105,2,ge10,state,0,112,hmc_in,oracle,state,,locomotion,75,0.596422,0.419789,0.360063,0.986667,3.34547,0.556874
controlled,105,2,ge10,state,0,112,hmc_in,oracle,state,,vigorous,31,1.12583,1.09006,0.699291,1,3.37227,0.556874
controlled,105,2,ge10,state,0,112,hmc_in,oracle,state,,transient,4,1.10768,1.07329,0.700573,1,3.58203,0.556874
controlled,105,2,ge10,state,0,112,hmc_in,oracle,state-markov,,all,112,0.797597,0.628074,0.456867,0.991071,3.36548,0.548742
controlled,105,2,ge10,state,0,112,hmc_in,oracle,state-markov,,rest,2,0.37403,0.373605,0.283294,1,3.58202,0.548742
controlled,105,2,ge10,state,0,112,hmc_in,oracle,state-markov,,locomotion,75,0.597294,0.42005,0.362558,0.986667,3.34525,0.548742
controlled,105,2,ge10,state,0,112,hmc_in,oracle,state-markov,,vigorous,31,1.12602,1.09033,0.673421,1,3.37251,0.548742
controlled,105,2,ge10,state,0,112,hmc_in,oracle,state-markov,,transient,4,1.10768,1.07329,0.633663,1,3.58203,0.548742
controlled,105,2,ge10,state,0,112,hmc_in,unsupervised,ignorable,start,all,112,0.913846,0.707974,0.51924,0.848214,3.18477,0.541608
controlled,105,2,ge10,state,0,112,hmc_in,unsupervised,ignorable,start,rest,2,1.38381,1.37427,0.986816,0.5,2.52483,0.541608
controlled,105,2,ge10,state,0,112,hmc_in,unsupervised,ignorable,start,locomotion,75,0.49233,0.40662,0.327394,1,3.23879,0.541608
controlled,105,2,ge10,state,0,112,hmc_in,unsupervised,ignorable,start,vigorous,31,1.50678,1.43262,0.983175,0.483871,3.18427,0.541608
controlled,105,2,ge10,state,0,112,hmc_in,unsupervised,ignorable,start,transient,4,0.534366,0.409209,0.287071,1,2.50572,0.541608
controlled,105,2,ge10,state,0,112,hmc_in,unsupervised,state,start,all,112,0.92112,0.710309,0.518123,0.848214,3.21122,0.60845
controlled,105,2,ge10,state,0,112,hmc_in,unsupervised,state,start,rest,2,1.36335,1.34947,0.915494,0.5,2.58223,0.60845
controlled,105,2,ge10,state,0,112,hmc_in,unsupervised,state,start,locomotion,75,0.516924,0.410666,0.330556,1,3.26358,0.60845
controlled,105,2,ge10,state,0,112,hmc_in,unsupervised,state,start,vigorous,31,1.50388,1.43261,0.975815,0.483871,3.21496,0.60845
controlled,105,2,ge10,state,0,112,hmc_in,unsupervised,state,start,transient,4,0.538128,0.411199,0.289205,1,2.51486,0.60845
controlled,105,2,ge10,state,0,112,hmc_in,unsupervised,state-markov,start,all,112,0.921109,0.710372,0.520567,0.848214,3.21102,0.505876
controlled,105,2,ge10,state,0,112,hmc_in,unsupervised,state-markov,start,rest,2,1.36337,1.34947,0.949035,0.5,2.58232,0.505876
controlled,105,2,ge10,state,0,112,hmc_in,unsupervised,state-markov,start,locomotion,75,0.517035,0.410771,0.336435,1,3.26335,0.505876
controlled,105,2,ge10,state,0,112,hmc_in,unsupervised,state-markov,start,vigorous,31,1.50375,1.43257,0.967505,0.483871,3.21476,0.505876
controlled,105,2,ge10,state,0,112,hmc_in,unsupervised,state-markov,start,transient,4,0.538263,0.411277,0.295036,1,2.5152,0.505876
controlled,105,2,ge10,state,0,112,hmc_in,unsupervised,state,ignorable fit,all,112,0.924577,0.713777,0.517222,0.848214,3.22342,0.549513
controlled,105,2,ge10,state,0,112,hmc_in,unsupervised,state,ignorable fit,rest,2,1.35132,1.33628,0.979076,0.5,2.6268,0.549513
controlled,105,2,ge10,state,0,112,hmc_in,unsupervised,state,ignorable fit,locomotion,75,0.519511,0.413662,0.331015,1,3.27635,0.549513
controlled,105,2,ge10,state,0,112,hmc_in,unsupervised,state,ignorable fit,vigorous,31,1.51032,1.43918,0.971264,0.483871,3.22691,0.549513
controlled,105,2,ge10,state,0,112,hmc_in,unsupervised,state,ignorable fit,transient,4,0.532687,0.407854,0.258866,1,2.50223,0.549513
controlled,105,2,ge10,state,0,112,hmc_in,unsupervised,state-markov,ignorable fit,all,112,0.924645,0.713917,0.524158,0.848214,3.2235,0.681234
controlled,105,2,ge10,state,0,112,hmc_in,unsupervised,state-markov,ignorable fit,rest,2,1.35109,1.33599,0.952419,0.5,2.62808,0.681234
controlled,105,2,ge10,state,0,112,hmc_in,unsupervised,state-markov,ignorable fit,locomotion,75,0.519677,0.41383,0.326952,1,3.2764,0.681234
controlled,105,2,ge10,state,0,112,hmc_in,unsupervised,state-markov,ignorable fit,vigorous,31,1.51035,1.43929,1.0025,0.483871,3.22697,0.681234
controlled,105,2,ge10,state,0,112,hmc_in,unsupervised,state-markov,ignorable fit,transient,4,0.532697,0.407857,0.300539,1,2.50229,0.681234
controlled,105,2,ge10,state,1,109,hmc_in,oracle,ignorable,,all,109,0.827573,0.677397,0.484586,0.981651,3.45437,0.577787
controlled,105,2,ge10,state,1,109,hmc_in,oracle,ignorable,,rest,4,0.956283,0.877185,0.578002,1,3.58202,0.577787
controlled,105,2,ge10,state,1,109,hmc_in,oracle,ignorable,,locomotion,62,0.544181,0.410305,0.356778,1,3.52471,0.577787
controlled,105,2,ge10,state,1,109,hmc_in,oracle,ignorable,,vigorous,41,1.08548,1.02517,0.647477,0.95122,3.32932,0.577787
controlled,105,2,ge10,state,1,109,hmc_in,oracle,ignorable,,transient,2,1.47047,1.42832,0.920518,1,3.58202,0.577787
controlled,105,2,ge10,state,1,109,hmc_in,oracle,state,,all,109,0.84356,0.702334,0.49292,0.981651,3.38549,0.596463
controlled,105,2,ge10,state,1,109,hmc_in,oracle,state,,rest,4,0.956283,0.877185,0.547566,1,3.58202,0.596463
controlled,105,2,ge10,state,1,109,hmc_in,oracle,state,,locomotion,62,0.585629,0.454058,0.373322,1,3.40338,0.596463
controlled,105,2,ge10,state,1,109,hmc_in,oracle,state,,vigorous,41,1.08558,1.0253,0.64615,0.95122,3.32969,0.596463
controlled,105,2,ge10,state,1,109,hmc_in,oracle,state,,transient,2,1.47046,1.42831,0.949964,1,3.58204,0.596463
controlled,105,2,ge10,state,1,109,hmc_in,oracle,state-markov,,all,109,0.843297,0.702026,0.485588,0.981651,3.38608,0.555555
controlled,105,2,ge10,state,1,109,hmc_in,oracle,state-markov,,rest,4,0.956283,0.877185,0.559825,1,3.58202,0.555555
controlled,105,2,ge10,state,1,109,hmc_in,oracle,state-markov,,locomotion,62,0.584967,0.45352,0.361437,1,3.40442,0.555555
controlled,105,2,ge10,state,1,109,hmc_in,oracle,state-markov,,vigorous,41,1.08558,1.0253,0.645856,0.95122,3.32967,0.555555
controlled,105,2,ge10,state,1,109,hmc_in,oracle,state-markov,,transient,2,1.47046,1.42831,0.900335,1,3.58204,0.555555
controlled,105,2,ge10,state,1,109,hmc_in,unsupervised,ignorable,start,all,109,0.997091,0.779592,0.571846,0.862385,3.1392,0.559353
controlled,105,2,ge10,state,1,109,hmc_in,unsupervised,ignorable,start,rest,4,1.02423,0.892589,0.601882,1,2.51718,0.559353
controlled,105,2,ge10,state,1,109,hmc_in,unsupervised,ignorable,start,locomotion,62,0.473554,0.377157,0.317268,1,3.19569,0.559353
controlled,105,2,ge10,state,1,109,hmc_in,unsupervised,ignorable,start,vigorous,41,1.48314,1.40605,0.97262,0.634146,3.14471,0.559353
controlled,105,2,ge10,state,1,109,hmc_in,unsupervised,ignorable,start,transient,2,0.198945,0.186779,0.187815,1,2.51888,0.559353
controlled,105,2,ge10,state,1,109,hmc_in,unsupervised,state,start,all,109,1.00232,0.78435,0.566688,0.862385,3.14204,0.541214
controlled,105,2,ge10,state,1,109,hmc_in,unsupervised,state,start,rest,4,1.0289,0.89974,0.58403,1,2.52274,0.541214
controlled,105,2,ge10,state,1,109,hmc_in,unsupervised,state,start,locomotion,62,0.496298,0.386646,0.321205,1,3.20343,0.541214
controlled,105,2,ge10,state,1,109,hmc_in,unsupervised,state,start,vigorous,41,1.48091,1.40336,0.952598,0.634146,3.14003,0.541214
controlled,105,2,ge10,state,1,109,hmc_in,unsupervised,state,start,transient,2,0.204772,0.192625,0.230807,1,2.51876,0.541214
controlled,105,2,ge10,state,1,109,hmc_in,unsupervised,state-markov,start,all,109,1.00225,0.784041,0.569257,0.862385,3.14234,0.66644
controlled,105,2,ge10,state,1,109,hmc_in,unsupervised,state-markov,start,rest,4,1.02841,0.898957,0.557775,1,2.52167,0.66644
controlled,105,2,ge10,state,1,109,hmc_in,unsupervised,state-markov,start,locomotion,62,0.495544,0.385994,0.323642,1,3.20377,0.66644
controlled,105,2,ge10,state,1,109,hmc_in,unsupervised,state-markov,start,vigorous,41,1.4812,1.40364,0.959454,0.634146,3.14045,0.66644
controlled,105,2,ge10,state,1,109,hmc_in,unsupervised,state-markov,start,transient,2,0.204086,0.191989,0.207253,1,2.51805,0.66644
controlled,105,2,ge10,state,1,109,hmc_in,unsupervised,state,ignorable fit,all,109,1.00546,0.787551,0.566356,0.862385,3.15167,0.566667
controlled,105,2,ge10,state,1,109,hmc_in,unsupervised,state,ignorable fit,rest,4,1.02272,0.891233,0.557602,1,2.51241,0.566667
controlled,105,2,ge10,state,1,109,hmc_in,unsupervised,state,ignorable fit,locomotion,62,0.497201,0.389042,0.324971,1,3.21503,0.566667
controlled,105,2,ge10,state,1,109,hmc_in,unsupervised,state,ignorable fit,vigorous,41,1.48658,1.40951,0.950038,0.634146,3.14967,0.566667
controlled,105,2,ge10,state,1,109,hmc_in,unsupervised,state,ignorable fit,transient,2,0.195409,0.183853,0.201284,1,2.50708,0.566667
controlled,105,2,ge10,state,1,109,hmc_in,unsupervised,state-markov,ignorable fit,all,109,1.0052,0.787076,0.560488,0.862385,3.15149,0.631451
controlled,105,2,ge10,state,1,109,hmc_in,unsupervised,state-markov,ignorable fit,rest,4,1.02253,0.890851,0.553493,1,2.51179,0.631451
controlled,105,2,ge10,state,1,109,hmc_in,unsupervised,state-markov,ignorable fit,locomotion,62,0.496317,0.388208,0.323291,1,3.21481,0.631451
controlled,105,2,ge10,state,1,109,hmc_in,unsupervised,state-markov,ignorable fit,vigorous,41,1.48658,1.40955,0.936984,0.634146,3.1496,0.631451
controlled,105,2,ge10,state,1,109,hmc_in,unsupervised,state-markov,ignorable fit,transient,2,0.195204,0.183674,0.209433,1,2.50691,0.631451
controlled,105,2,ge10,state,2,99,hmc_in,oracle,ignorable,,all,99,0.841574,0.711559,0.48725,0.989899,3.42377,0.484783
controlled,105,2,ge10,state,2,99,hmc_in,oracle,ignorable,,rest,6,1.02647,0.973389,0.623674,1,3.60155,0.484783
controlled,105,2,ge10,state,2,99,hmc_in,oracle,ignorable,,locomotion,52,0.663473,0.526067,0.394811,0.980769,3.42122,0.484783
controlled,105,2,ge10,state,2,99,hmc_in,oracle,ignorable,,vigorous,37,1.02504,0.938566,0.599174,1,3.37531,0.484783
controlled,105,2,ge10,state,2,99,hmc_in,oracle,ignorable,,transient,4,0.712117,0.630405,0.449025,1,3.63848,0.484783
controlled,105,2,ge10,state,2,99,hmc_in,oracle,state,,all,99,0.858657,0.726185,0.493681,0.989899,3.38981,0.560946
controlled,105,2,ge10,state,2,99,hmc_in,oracle,state,,rest,6,0.996096,0.945159,0.588481,1,3.68936,0.560946
controlled,105,2,ge10,state,2,99,hmc_in,oracle,state,,locomotion,52,0.695947,0.544704,0.405655,0.980769,3.34289,0.560946
controlled,105,2,ge10,state,2,99,hmc_in,oracle,state,,vigorous,37,1.04581,0.969324,0.614105,1,3.36369,0.560946
controlled,105,2,ge10,state,2,99,hmc_in,oracle,state,,transient,4,0.58855,0.507939,0.381902,1,3.79206,0.560946
controlled,105,2,ge10,state,2,99,hmc_in,oracle,state-markov,,all,99,0.858392,0.726085,0.490577,0.989899,3.39032,0.589555
controlled,105,2,ge10,state,2,99,hmc_in,oracle,state-markov,,rest,6,0.996941,0.945997,0.567835,1,3.68698,0.589555
controlled,105,2,ge10,state,2,99,hmc_in,oracle,state-markov,,locomotion,52,0.695422,0.544421,0.406306,0.980769,3.34389,0.589555
controlled,105,2,ge10,state,2,99,hmc_in,oracle,state-markov,,vigorous,37,1.04548,0.969055,0.60781,1,3.36417,0.589555
controlled,105,2,ge10,state,2,99,hmc_in,oracle,state-markov,,transient,4,0.590281,0.510373,0.385805,1,3.79078,0.589555
controlled,105,2,ge10,state,2,99,hmc_in,unsupervised,ignorable,start,all,99,0.96142,0.753175,0.544082,0.858586,3.16914,0.647897
controlled,105,2,ge10,state,2,99,hmc_in,unsupervised,ignorable,start,rest,6,0.803074,0.63845,0.497939,1,3.20694,0.647897
controlled,105,2,ge10,state,2,99,hmc_in,unsupervised,ignorable,start,locomotion,52,0.508782,0.383707,0.318307,1,3.15919,0.647897
controlled,105,2,ge10,state,2,99,hmc_in,unsupervised,ignorable,start,vigorous,37,1.40101,1.31614,0.887407,0.621622,3.17291,0.647897
controlled,105,2,ge10,state,2,99,hmc_in,unsupervised,ignorable,start,transient,4,0.623313,0.520924,0.372612,1,3.20695,0.647897
controlled,105,2,ge10,state,2,99,hmc_in,unsupervised,state,start,all,99,0.962251,0.75786,0.549061,0.858586,3.17548,0.541433
controlled,105,2,ge10,state,2,99,hmc_in,unsupervised,state,start,rest,6,0.731565,0.530847,0.457043,1,3.16551,0.541433
controlled,105,2,ge10,state,2,99,hmc_in,unsupervised,state,start,locomotion,52,0.513243,0.392143,0.325508,1,3.17814,0.541433
controlled,105,2,ge10,state,2,99,hmc_in,unsupervised,state,start,vigorous,37,1.4066,1.3343,0.897039,0.621622,3.16993,0.541433
controlled,105,2,ge10,state,2,99,hmc_in,unsupervised,state,start,transient,4,0.623001,0.520632,0.37449,1,3.2071,0.541433
controlled,105,2,ge10,state,2,99,hmc_in,unsupervised,state-markov,start,all,99,0.962084,0.757167,0.549824,0.858586,3.17604,0.515912
controlled,105,2,ge10,state,2,99,hmc_in,unsupervised,state-markov,start,rest,6,0.730154,0.523627,0.457853,1,3.16956,0.515912
controlled,105,2,ge10,state,2,99,hmc_in,unsupervised,state-markov,start,locomotion,52,0.512908,0.391822,0.321653,1,3.1783,0.515912
controlled,105,2,ge10,state,2,99,hmc_in,unsupervised,state-markov,start,vigorous,37,1.40659,1.33408,0.902718,0.621622,3.17049,0.515912
controlled,105,2,ge10,state,2,99,hmc_in,unsupervised,state-markov,start,transient,4,0.622838,0.520496,0.389736,1,3.20764,0.515912
controlled,105,2,ge10,state,2,99,hmc_in,unsupervised,state,ignorable fit,all,99,0.964027,0.760348,0.541216,0.858586,3.17979,0.498404
controlled,105,2,ge10,state,2,99,hmc_in,unsupervised,state,ignorable fit,rest,6,0.733663,0.547552,0.412997,1,3.14815,0.498404
controlled,105,2,ge10,state,2,99,hmc_in,unsupervised,state,ignorable fit,locomotion,52,0.513509,0.393004,0.318347,1,3.18407,0.498404
controlled,105,2,ge10,state,2,99,hmc_in,unsupervised,state,ignorable fit,vigorous,37,1.40963,1.33722,0.893554,0.621622,3.17522,0.498404
controlled,105,2,ge10,state,2,99,hmc_in,unsupervised,state,ignorable fit,transient,4,0.62098,0.518934,0.371714,1,3.21381,0.498404
controlled,105,2,ge10,state,2,99,hmc_in,unsupervised,state-markov,ignorable fit,all,99,0.963687,0.759482,0.551876,0.858586,3.18008,0.584434
controlled,105,2,ge10,state,2,99,hmc_in,unsupervised,state-markov,ignorable fit,rest,6,0.731414,0.539421,0.421007,1,3.15438,0.584434
controlled,105,2,ge10,state,2,99,hmc_in,unsupervised,state-markov,ignorable fit,locomotion,52,0.513126,0.392611,0.322651,1,3.18379,0.584434
controlled,105,2,ge10,state,2,99,hmc_in,unsupervised,state-markov,ignorable fit,vigorous,37,1.4094,1.33678,0.915808,0.621622,3.17539,0.584434
controlled,105,2,ge10,state,2,99,hmc_in,unsupervised,state-markov,ignorable fit,transient,4,0.62097,0.518926,0.36174,1,3.21385,0.584434
controlled,105,2,ge10,state,3,107,hmc_in,oracle,ignorable,,all,107,0.917205,0.768243,0.521221,0.990654,3.36366,0.709807
controlled,105,2,ge10,state,3,107,hmc_in,oracle,ignorable,,rest,6,1.01618,0.998383,0.600577,1,3.58207,0.709807
controlled,105,2,ge10,state,3,107,hmc_in,oracle,ignorable,,locomotion,63,0.688043,0.536712,0.394583,0.984127,3.34958,0.709807
controlled,105,2,ge10,state,3,107,hmc_in,oracle,ignorable,,vigorous,37,1.20036,1.12358,0.723468,1,3.35348,0.709807
controlled,105,2,ge10,state,3,107,hmc_in,oracle,ignorable,,transient,1,0.826389,0.826389,0.540174,1,3.31665,0.709807
controlled,105,2,ge10,state,3,107,hmc_in,oracle,state,,all,107,0.891896,0.760751,0.515621,0.990654,3.38202,0.636822
controlled,105,2,ge10,state,3,107,hmc_in,oracle,state,,rest,6,1.01612,0.998305,0.622472,1,3.58229,0.636822
controlled,105,2,ge10,state,3,107,hmc_in,oracle,state,,locomotion,63,0.6837,0.542812,0.4072,0.984127,3.37771,0.636822
controlled,105,2,ge10,state,3,107,hmc_in,oracle,state,,vigorous,37,1.14831,1.09154,0.684946,1,3.35864,0.636822
controlled,105,2,ge10,state,3,107,hmc_in,oracle,state,,transient,1,0.826492,0.826492,0.439985,1,3.31637,0.636822
controlled,105,2,ge10,state,3,107,hmc_in,oracle,state-markov,,all,107,0.89192,0.760766,0.511423,0.990654,3.38202,0.606888
controlled,105,2,ge10,state,3,107,hmc_in,oracle,state-markov,,rest,6,1.01612,0.998305,0.614829,1,3.58229,0.606888
controlled,105,2,ge10,state,3,107,hmc_in,oracle,state-markov,,locomotion,63,0.683712,0.542816,0.394425,0.984127,3.37771,0.606888
controlled,105,2,ge10,state,3,107,hmc_in,oracle,state-markov,,vigorous,37,1.14835,1.09157,0.693523,1,3.35866,0.606888
controlled,105,2,ge10,state,3,107,hmc_in,oracle,state-markov,,transient,1,0.826492,0.826492,0.524141,1,3.31637,0.606888
controlled,105,2,ge10,state,3,107,hmc_in,unsupervised,ignorable,start,all,107,1.02759,0.799695,0.583777,0.859813,3.20857,0.602095
controlled,105,2,ge10,state,3,107,hmc_in,unsupervised,ignorable,start,rest,6,0.843757,0.774804,0.48529,1,2.7459,0.602095
controlled,105,2,ge10,state,3,107,hmc_in,unsupervised,ignorable,start,locomotion,63,0.495395,0.372236,0.319859,1,3.22475,0.602095
controlled,105,2,ge10,state,3,107,hmc_in,unsupervised,ignorable,start,vigorous,37,1.5863,1.54274,1.05583,0.594595,3.25589,0.602095
controlled,105,2,ge10,state,3,107,hmc_in,unsupervised,ignorable,start,transient,1,0.386351,0.386351,0.335757,1,3.215,0.602095
controlled,105,2,ge10,state,3,107,hmc_in,unsupervised,state,start,all,107,0.948984,0.758893,0.538859,0.859813,2.96165,0.641189
controlled,105,2,ge10,state,3,107,hmc_in,unsupervised,state,start,rest,6,0.998888,0.964921,0.599516,1,3.11081,0.641189
controlled,105,2,ge10,state,3,107,hmc_in,unsupervised,state,start,locomotion,63,0.535996,0.396213,0.323185,1,2.95145,0.641189
controlled,105,2,ge10,state,3,107,hmc_in,unsupervised,state,start,vigorous,37,1.39461,1.34844,0.902428,0.594595,2.95584,0.641189
controlled,105,2,ge10,state,3,107,hmc_in,unsupervised,state,start,transient,1,0.558436,0.558436,0.310334,1,2.92364,0.641189
controlled,105,2,ge10,state,3,107,hmc_in,unsupervised,state-markov,start,all,107,0.948971,0.758937,0.548451,0.859813,2.9618,0.518744
controlled,105,2,ge10,state,3,107,hmc_in,unsupervised,state-markov,start,rest,6,0.999861,0.966142,0.633935,1,3.10954,0.518744
controlled,105,2,ge10,state,3,107,hmc_in,unsupervised,state-markov,start,locomotion,63,0.535514,0.396057,0.328715,1,2.9516,0.518744
controlled,105,2,ge10,state,3,107,hmc_in,unsupervised,state-markov,start,vigorous,37,1.39479,1.34863,0.914973,0.594595,2.95625,0.518744
controlled,105,2,ge10,state,3,107,hmc_in,unsupervised,state-markov,start,transient,1,0.558346,0.558346,0.317556,1,2.92378,0.518744
controlled,105,2,ge10,state,3,107,hmc_in,unsupervised,state,ignorable fit,all,107,1.02755,0.801046,0.595953,0.859813,3.21357,0.555553
controlled,105,2,ge10,state,3,107,hmc_in,unsupervised,state,ignorable fit,rest,6,0.842153,0.774031,0.458048,1,2.74647,0.555553
controlled,105,2,ge10,state,3,107,hmc_in,unsupervised,state,ignorable fit,locomotion,63,0.537619,0.387234,0.339829,1,3.23934,0.555553
controlled,105,2,ge10,state,3,107,hmc_in,unsupervised,state,ignorable fit,vigorous,37,1.56279,1.52133,1.06269,0.594595,3.24527,0.555553
controlled,105,2,ge10,state,3,107,hmc_in,unsupervised,state,ignorable fit,transient,1,0.382904,0.382904,0.289985,1,3.2205,0.555553
controlled,105,2,ge10,state,3,107,hmc_in,unsupervised,state-markov,ignorable fit,all,107,1.02746,0.800914,0.5784,0.859813,3.21374,0.493512
controlled,105,2,ge10,state,3,107,hmc_in,unsupervised,state-markov,ignorable fit,rest,6,0.842113,0.773946,0.454861,1,2.74633,0.493512
controlled,105,2,ge10,state,3,107,hmc_in,unsupervised,state-markov,ignorable fit,locomotion,63,0.537171,0.386954,0.329981,1,3.23943,0.493512
controlled,105,2,ge10,state,3,107,hmc_in,unsupervised,state-markov,ignorable fit,vigorous,37,1.56288,1.52144,1.02969,0.594595,3.24561,0.493512
controlled,105,2,ge10,state,3,107,hmc_in,unsupervised,state-markov,ignorable fit,transient,1,0.382897,0.382897,0.272265,1,3.22052,0.493512
controlled,105,2,ge10,state,4,107,hmc_in,oracle,ignorable,,all,107,0.896065,0.723712,0.521414,0.962617,3.3997,0.659203
controlled,105,2,ge10,state,4,107,hmc_in,oracle,ignorable,,rest,4,0.624035,0.489518,0.396639,1,3.58202,0.659203
controlled,105,2,ge10,state,4,107,hmc_in,oracle,ignorable,,locomotion,66,0.714714,0.537162,0.420166,0.984848,3.41712,0.659203
controlled,105,2,ge10,state,4,107,hmc_in,oracle,ignorable,,vigorous,33,1.10565,1.04308,0.672416,0.969697,3.31639,0.659203
controlled,105,2,ge10,state,4,107,hmc_in,oracle,ignorable,,transient,4,1.60474,1.40123,1.07102,0.5,3.6173,0.659203
controlled,105,2,ge10,state,4,107,hmc_in,oracle,state,,all,107,0.93556,0.743717,0.528814,0.953271,3.35548,0.621126
controlled,105,2,ge10,state,4,107,hmc_in,oracle,state,,rest,4,0.624035,0.489518,0.405458,1,3.58202,0.621126
controlled,105,2,ge10,state,4,107,hmc_in,oracle,state,,locomotion,66,0.789922,0.568527,0.442795,0.969697,3.34978,0.621126
controlled,105,2,ge10,state,4,107,hmc_in,oracle,state,,vigorous,33,1.10565,1.04306,0.658057,0.969697,3.31634,0.621126
controlled,105,2,ge10,state,4,107,hmc_in,oracle,state,,transient,4,1.62579,1.419,1.00523,0.5,3.54605,0.621126
controlled,105,2,ge10,state,4,107,hmc_in,oracle,state-markov,,all,107,0.935721,0.743803,0.535014,0.953271,3.3552,0.634656
controlled,105,2,ge10,state,4,107,hmc_in,oracle,state-markov,,rest,4,0.624035,0.489518,0.380311,1,3.58202,0.634656
controlled,105,2,ge10,state,4,107,hmc_in,oracle,state-markov,,locomotion,66,0.790268,0.568707,0.437313,0.969697,3.34918,0.634656
controlled,105,2,ge10,state,4,107,hmc_in,oracle,state-markov,,vigorous,33,1.10565,1.04306,0.683563,0.969697,3.31634,0.634656
controlled,105,2,ge10,state,4,107,hmc_in,oracle,state-markov,,transient,4,1.62548,1.41833,1.07624,0.5,3.54818,0.634656
controlled,105,2,ge10,state,4,107,hmc_in,unsupervised,ignorable,start,all,107,0.986571,0.792792,0.568785,0.850467,3.18534,0.609469
controlled,105,2,ge10,state,4,107,hmc_in,unsupervised,ignorable,start,rest,4,0.686986,0.563787,0.423832,0.75,2.00851,0.609469
controlled,105,2,ge10,state,4,107,hmc_in,unsupervised,ignorable,start,locomotion,66,0.558443,0.448655,0.346832,1,3.21975,0.609469
controlled,105,2,ge10,state,4,107,hmc_in,unsupervised,ignorable,start,vigorous,33,1.52701,1.48231,1.01429,0.545455,3.21767,0.609469
controlled,105,2,ge10,state,4,107,hmc_in,unsupervised,ignorable,start,transient,4,1.08711,1.0115,0.700517,1,3.52769,0.609469
controlled,105,2,ge10,state,4,107,hmc_in,unsupervised,state,start,all,107,0.940664,0.741941,0.53626,0.88785,2.93953,0.550968
controlled,105,2,ge10,state,4,107,hmc_in,unsupervised,state,start,rest,4,0.544991,0.502889,0.308824,1,2.83632,0.550968
controlled,105,2,ge10,state,4,107,hmc_in,unsupervised,state,start,locomotion,66,0.651195,0.459534,0.359228,0.984848,2.93836,0.550968
controlled,105,2,ge10,state,4,107,hmc_in,unsupervised,state,start,vigorous,33,1.34794,1.29709,0.892292,0.69697,2.90672,0.550968
controlled,105,2,ge10,state,4,107,hmc_in,unsupervised,state,start,transient,4,1.17731,1.06077,0.747457,0.75,3.33288,0.550968
controlled,105,2,ge10,state,4,107,hmc_in,unsupervised,state-markov,start,all,107,0.940805,0.742045,0.537229,0.88785,2.93935,0.642261
controlled,105,2,ge10,state,4,107,hmc_in,unsupervised,state-markov,start,rest,4,0.545118,0.503315,0.325336,1,2.83925,0.642261
controlled,105,2,ge10,state,4,107,hmc_in,unsupervised,state-markov,start,locomotion,66,0.65141,0.459624,0.368696,0.984848,2.93805,0.642261
controlled,105,2,ge10,state,4,107,hmc_in,unsupervised,state-markov,start,vigorous,33,1.34786,1.29701,0.874934,0.69697,2.9066,0.642261
controlled,105,2,ge10,state,4,107,hmc_in,unsupervised,state-markov,start,transient,4,1.17901,1.06227,0.743848,0.75,3.33092,0.642261
controlled,105,2,ge10,state,4,107,hmc_in,unsupervised,state,ignorable fit,all,107,1.00554,0.801598,0.578918,0.850467,3.21505,0.58161
controlled,105,2,ge10,state,4,107,hmc_in,unsupervised,state,ignorable fit,rest,4,0.61659,0.507079,0.42622,0.75,3.02544,0.58161
controlled,105,2,ge10,state,4,107,hmc_in,unsupervised,state,ignorable fit,locomotion,66,0.601063,0.460307,0.361405,1,3.21789,0.58161
controlled,105,2,ge10,state,4,107,hmc_in,unsupervised,state,ignorable fit,vigorous,33,1.53037,1.48577,1.01822,0.545455,3.22325,0.58161
controlled,105,2,ge10,state,4,107,hmc_in,unsupervised,state,ignorable fit,transient,4,1.17646,1.08296,0.696304,1,3.29019,0.58161
controlled,105,2,ge10,state,4,107,hmc_in,unsupervised,state-markov,ignorable fit,all,107,1.00559,0.801642,0.57543,0.850467,3.21512,0.578819
controlled,105,2,ge10,state,4,107,hmc_in,unsupervised,state-markov,ignorable fit,rest,4,0.616636,0.507305,0.41723,0.75,3.02891,0.578819
controlled,105,2,ge10,state,4,107,hmc_in,unsupervised,state-markov,ignorable fit,locomotion,66,0.601195,0.460362,0.361438,1,3.21783,0.578819
controlled,105,2,ge10,state,4,107,hmc_in,unsupervised,state-markov,ignorable fit,vigorous,33,1.53036,1.48577,1.00456,0.545455,3.22324,0.578819
controlled,105,2,ge10,state,4,107,hmc_in,unsupervised,state-markov,ignorable fit,transient,4,1.17659,1.08306,0.724137,1,3.28975,0.578819
controlled,105,2,ge10,state-markov,0,93,hmc_in,oracle,ignorable,,all,93,0.685222,0.540672,0.418819,1,3.43669,0.617844
controlled,105,2,ge10,state-markov,0,93,hmc_in,oracle,ignorable,,rest,1,0.338957,0.338957,0.319459,1,3.58202,0.617844
controlled,105,2,ge10,state-markov,0,93,hmc_in,oracle,ignorable,,locomotion,63,0.462298,0.355297,0.331547,1,3.48134,0.617844
controlled,105,2,ge10,state-markov,0,93,hmc_in,oracle,ignorable,,vigorous,27,1.04207,0.982398,0.630219,1,3.31633,0.617844
controlled,105,2,ge10,state-markov,0,93,hmc_in,oracle,ignorable,,transient,2,0.61942,0.517547,0.363652,1,3.58202,0.617844
controlled,105,2,ge10,state-markov,0,93,hmc_in,oracle,state,,all,93,0.763388,0.606152,0.451684,1,3.33973,0.589661
controlled,105,2,ge10,state-markov,0,93,hmc_in,oracle,state,,rest,1,0.338959,0.338959,0.316073,1,3.58202,0.589661
controlled,105,2,ge10,state-markov,0,93,hmc_in,oracle,state,,locomotion,63,0.617021,0.451808,0.376944,1,3.3378,0.589661
controlled,105,2,ge10,state-markov,0,93,hmc_in,oracle,state,,vigorous,27,1.04207,0.982397,0.636127,1,3.31633,0.589661
controlled,105,2,ge10,state-markov,0,93,hmc_in,oracle,state,,transient,2,0.623427,0.522309,0.383839,1,3.59513,0.589661
controlled,105,2,ge10,state-markov,0,93,hmc_in,oracle,state-markov,,all,93,0.745956,0.594097,0.436343,1,3.36948,0.60299
controlled,105,2,ge10,state-markov,0,93,hmc_in,oracle,state-markov,,rest,1,0.338958,0.338958,0.304942,1,3.58202,0.60299
controlled,105,2,ge10,state-markov,0,93,hmc_in,oracle,state-markov,,locomotion,63,0.584835,0.434163,0.359608,1,3.38214,0.60299
controlled,105,2,ge10,state-markov,0,93,hmc_in,oracle,state-markov,,vigorous,27,1.04207,0.982397,0.62277,1,3.31633,0.60299
controlled,105,2,ge10,state-markov,0,93,hmc_in,oracle,state-markov,,transient,2,0.619425,0.517552,0.402448,1,3.58203,0.60299
controlled,105,2,ge10,state-markov,0,93,hmc_in,unsupervised,ignorable,start,all,93,0.897443,0.702657,0.515644,0.892473,3.17884,0.58015
controlled,105,2,ge10,state-markov,0,93,hmc_in,unsupervised,ignorable,start,rest,1,0.48939,0.48939,0.291967,1,1.80003,0.58015
controlled,105,2,ge10,state-markov,0,93,hmc_in,unsupervised,ignorable,start,locomotion,63,0.507328,0.408213,0.339128,1,3.22285,0.58015
controlled,105,2,ge10,state-markov,0,93,hmc_in,unsupervised,ignorable,start,vigorous,27,1.46601,1.42437,0.95315,0.62963,3.22876,0.58015
controlled,105,2,ge10,state-markov,0,93,hmc_in,unsupervised,ignorable,start,transient,2,0.458417,0.341159,0.28142,1,1.80799,0.58015
controlled,105,2,ge10,state-markov,0,93,hmc_in,unsupervised,state,start,all,93,0.90134,0.71035,0.514182,0.892473,3.18786,0.572763
controlled,105,2,ge10,state-markov,0,93,hmc_in,unsupervised,state,start,rest,1,0.479634,0.479634,0.306934,1,1.8203,0.572763
controlled,105,2,ge10,state-markov,0,93,hmc_in,unsupervised,state,start,locomotion,63,0.525549,0.421304,0.336358,1,3.18828,0.572763
controlled,105,2,ge10,state-markov,0,93,hmc_in,unsupervised,state,start,vigorous,27,1.46136,1.41943,0.955526,0.62963,3.21536,0.572763
controlled,105,2,ge10,state-markov,0,93,hmc_in,unsupervised,state,start,transient,2,0.362966,0.358159,0.261112,1,3.48747,0.572763
controlled,105,2,ge10,state-markov,0,93,hmc_in,unsupervised,state-markov,start,all,93,0.899037,0.706597,0.513662,0.892473,3.15348,0.588722
controlled,105,2,ge10,state-markov,0,93,hmc_in,unsupervised,state-markov,start,rest,1,0.479097,0.479097,0.26185,1,1.8234,0.588722
controlled,105,2,ge10,state-markov,0,93,hmc_in,unsupervised,state-markov,start,locomotion,63,0.517587,0.416171,0.332618,1,3.1889,0.588722
controlled,105,2,ge10,state-markov,0,93,hmc_in,unsupervised,state-markov,start,vigorous,27,1.46136,1.4195,0.962177,0.62963,3.21659,0.588722
controlled,105,2,ge10,state-markov,0,93,hmc_in,unsupervised,state-markov,start,transient,2,0.44784,0.344667,0.287512,1,1.85063,0.588722
controlled,105,2,ge10,state-markov,0,93,hmc_in,unsupervised,state,ignorable fit,all,93,0.904865,0.713765,0.509374,0.892473,3.19306,0.63511
controlled,105,2,ge10,state-markov,0,93,hmc_in,unsupervised,state,ignorable fit,rest,1,0.491637,0.491637,0.299651,1,1.78673,0.63511
controlled,105,2,ge10,state-markov,0,93,hmc_in,unsupervised,state,ignorable fit,locomotion,63,0.527367,0.423656,0.33273,1,3.19492,0.63511
controlled,105,2,ge10,state-markov,0,93,hmc_in,unsupervised,state,ignorable fit,vigorous,27,1.46708,1.42532,0.947816,0.62963,3.22705,0.63511
controlled,105,2,ge10,state-markov,0,93,hmc_in,unsupervised,state,ignorable fit,transient,2,0.367716,0.357279,0.259542,1,3.3789,0.63511
controlled,105,2,ge10,state-markov,0,93,hmc_in,unsupervised,state-markov,ignorable fit,all,93,0.903881,0.711809,0.515841,0.892473,3.15993,0.620148
controlled,105,2,ge10,state-markov,0,93,hmc_in,unsupervised,state-markov,ignorable fit,rest,1,0.493058,0.493058,0.327912,1,1.78412,0.620148
controlled,105,2,ge10,state-markov,0,93,hmc_in,unsupervised,state-markov,ignorable fit,locomotion,63,0.521407,0.420676,0.335843,1,3.19447,0.620148
controlled,105,2,ge10,state-markov,0,93,hmc_in,unsupervised,state-markov,ignorable fit,vigorous,27,1.46809,1.42642,0.96056,0.62963,3.23029,0.620148
controlled,105,2,ge10,state-markov,0,93,hmc_in,unsupervised,state-markov,ignorable fit,transient,2,0.456996,0.344587,0.27607,1,1.81021,0.620148
controlled,105,2,ge10,state-markov,1,79,hmc_in,oracle,ignorable,,all,79,0.855813,0.673569,0.494585,0.962025,3.41327,0.59672
controlled,105,2,ge10,state-markov,1,79,hmc_in,oracle,ignorable,,rest,4,0.758166,0.627259,0.510387,1,4.30064,0.59672
controlled,105,2,ge10,state-markov,1,79,hmc_in,oracle,ignorable,,locomotion,48,0.656518,0.45236,0.376094,0.958333,3.39385,0.59672
controlled,105,2,ge10,state-markov,1,79,hmc_in,oracle,ignorable,,vigorous,27,1.13648,1.07369,0.702893,0.962963,3.31633,0.59672
controlled,105,2,ge10,state-markov,1,79,hmc_in,oracle,state,,all,79,1.10298,0.786267,0.600344,0.924051,3.37408,0.572654
controlled,105,2,ge10,state-markov,1,79,hmc_in,oracle,state,,rest,4,0.832001,0.71653,0.512495,1,3.53357,0.572654
controlled,105,2,ge10,state-markov,1,79,hmc_in,oracle,state,,locomotion,48,1.10365,0.630403,0.547538,0.895833,3.39328,0.572654
controlled,105,2,ge10,state-markov,1,79,hmc_in,oracle,state,,vigorous,27,1.13648,1.07369,0.707235,0.962963,3.31633,0.572654
controlled,105,2,ge10,state-markov,1,79,hmc_in,oracle,state-markov,,all,79,0.847352,0.669448,0.477277,0.974684,3.39769,0.577914
controlled,105,2,ge10,state-markov,1,79,hmc_in,oracle,state-markov,,rest,4,0.715569,0.560851,0.469829,1,4.02365,0.577914
controlled,105,2,ge10,state-markov,1,79,hmc_in,oracle,state-markov,,locomotion,48,0.642283,0.451111,0.365063,0.979167,3.39129,0.577914
controlled,105,2,ge10,state-markov,1,79,hmc_in,oracle,state-markov,,vigorous,27,1.13648,1.07369,0.677872,0.962963,3.31633,0.577914
controlled,105,2,ge10,state-markov,1,79,hmc_in,unsupervised,ignorable,start,all,79,1.02045,0.813687,0.570207,0.835443,3.19194,0.565114
controlled,105,2,ge10,state-markov,1,79,hmc_in,unsupervised,ignorable,start,rest,4,1.07718,0.829332,0.59303,0.75,3.22141,0.565114
controlled,105,2,ge10,state-markov,1,79,hmc_in,unsupervised,ignorable,start,locomotion,48,0.500796,0.418786,0.312952,1,3.17423,0.565114
controlled,105,2,ge10,state-markov,1,79,hmc_in,unsupervised,ignorable,start,vigorous,27,1.55854,1.51341,1.02417,0.555556,3.21907,0.565114
controlled,105,2,ge10,state-markov,1,79,hmc_in,unsupervised,state,start,all,79,1.22063,0.941733,0.683843,0.78481,3.20944,0.606914
controlled,105,2,ge10,state-markov,1,79,hmc_in,unsupervised,state,start,rest,4,1.08172,0.833315,0.608727,0.75,3.2094,0.606914
controlled,105,2,ge10,state-markov,1,79,hmc_in,unsupervised,state,start,locomotion,48,0.996886,0.631018,0.497953,0.916667,3.20947,0.606914
controlled,105,2,ge10,state-markov,1,79,hmc_in,unsupervised,state,start,vigorous,27,1.55544,1.51018,1.02544,0.555556,3.20939,0.606914
controlled,105,2,ge10,state-markov,1,79,hmc_in,unsupervised,state-markov,start,all,79,1.02206,0.816137,0.571433,0.835443,3.21386,0.575563
controlled,105,2,ge10,state-markov,1,79,hmc_in,unsupervised,state-markov,start,rest,4,1.08322,0.834652,0.589026,0.75,3.2077,0.575563
controlled,105,2,ge10,state-markov,1,79,hmc_in,unsupervised,state-markov,start,locomotion,48,0.50399,0.422141,0.314507,1,3.20822,0.575563
controlled,105,2,ge10,state-markov,1,79,hmc_in,unsupervised,state-markov,start,vigorous,27,1.55918,1.51383,1.02558,0.555556,3.2248,0.575563
controlled,105,2,ge10,state-markov,1,79,hmc_in,unsupervised,state,ignorable fit,all,79,1.22282,0.945316,0.690274,0.78481,3.22204,0.59557
controlled,105,2,ge10,state-markov,1,79,hmc_in,unsupervised,state,ignorable fit,rest,4,1.07684,0.82697,0.58234,0.75,3.22195,0.59557
controlled,105,2,ge10,state-markov,1,79,hmc_in,unsupervised,state,ignorable fit,locomotion,48,0.996308,0.633876,0.507705,0.916667,3.2221,0.59557
controlled,105,2,ge10,state-markov,1,79,hmc_in,unsupervised,state,ignorable fit,vigorous,27,1.5616,1.51652,1.03083,0.555556,3.22194,0.59557
controlled,105,2,ge10,state-markov,1,79,hmc_in,unsupervised,state-markov,ignorable fit,all,79,1.0262,0.820692,0.58537,0.835443,3.23398,0.571776
controlled,105,2,ge10,state-markov,1,79,hmc_in,unsupervised,state-markov,ignorable fit,rest,4,1.0778,0.827596,0.593324,0.75,3.22164,0.571776
controlled,105,2,ge10,state-markov,1,79,hmc_in,unsupervised,state-markov,ignorable fit,locomotion,48,0.506812,0.426244,0.32211,1,3.23224,0.571776
controlled,105,2,ge10,state-markov,1,79,hmc_in,unsupervised,state-markov,ignorable fit,vigorous,27,1.56605,1.52091,1.05221,0.555556,3.23891,0.571776
controlled,105,2,ge10,state-markov,2,74,hmc_in,oracle,ignorable,,all,74,0.648702,0.503506,0.395593,1,3.42903,0.610113
controlled,105,2,ge10,state-markov,2,74,hmc_in,oracle,ignorable,,rest,1,1.53685,1.53685,1.01088,1,3.58202,0.610113
controlled,105,2,ge10,state-markov,2,74,hmc_in,oracle,ignorable,,locomotion,54,0.432025,0.342247,0.31475,1,3.45415,0.610113
controlled,105,2,ge10,state-markov,2,74,hmc_in,oracle,ignorable,,vigorous,17,1.00642,0.921816,0.601953,1,3.31633,0.610113
controlled,105,2,ge10,state-markov,2,74,hmc_in,oracle,ignorable,,transient,2,0.860365,0.785188,0.516639,1,3.63213,0.610113
controlled,105,2,ge10,state-markov,2,74,hmc_in,oracle,state,,all,74,0.803031,0.600532,0.454071,0.959459,3.36313,0.539949
controlled,105,2,ge10,state-markov,2,74,hmc_in,oracle,state,,rest,1,1.53685,1.53685,0.991488,1,3.58202,0.539949
controlled,105,2,ge10,state-markov,2,74,hmc_in,oracle,state,,locomotion,54,0.609566,0.435013,0.363156,0.962963,3.36261,0.539949
controlled,105,2,ge10,state-markov,2,74,hmc_in,oracle,state,,vigorous,17,1.00642,0.921816,0.604465,1,3.31633,0.539949
controlled,105,2,ge10,state-markov,2,74,hmc_in,oracle,state,,transient,2,2.0092,1.87049,1.36173,0.5,3.66549,0.539949
controlled,105,2,ge10,state-markov,2,74,hmc_in,oracle,state-markov,,all,74,0.733881,0.569983,0.416345,0.986486,3.40255,0.531595
controlled,105,2,ge10,state-markov,2,74,hmc_in,oracle,state-markov,,rest,1,1.53685,1.53685,0.971029,1,3.58202,0.531595
controlled,105,2,ge10,state-markov,2,74,hmc_in,oracle,state-markov,,locomotion,54,0.565358,0.417076,0.346246,0.981481,3.39336,0.531595
controlled,105,2,ge10,state-markov,2,74,hmc_in,oracle,state-markov,,vigorous,17,1.00642,0.921816,0.574878,1,3.31633,0.531595
controlled,105,2,ge10,state-markov,2,74,hmc_in,oracle,state-markov,,transient,2,1.22761,1.22448,0.684137,1,4.29371,0.531595
controlled,105,2,ge10,state-markov,2,74,hmc_in,unsupervised,ignorable,start,all,74,0.788446,0.587946,0.450405,0.905405,3.09435,0.559172
controlled,105,2,ge10,state-markov,2,74,hmc_in,unsupervised,ignorable,start,rest,1,0.705725,0.705725,0.442694,1,1.79402,0.559172
controlled,105,2,ge10,state-markov,2,74,hmc_in,unsupervised,ignorable,start,locomotion,54,0.453921,0.354351,0.313682,1,3.07672,0.559172
controlled,105,2,ge10,state-markov,2,74,hmc_in,unsupervised,ignorable,start,vigorous,17,1.41899,1.36054,0.909433,0.588235,3.22873,0.559172
controlled,105,2,ge10,state-markov,2,74,hmc_in,unsupervised,ignorable,start,transient,2,0.271584,0.269096,0.244043,1,3.07824,0.559172
controlled,105,2,ge10,state-markov,2,74,hmc_in,unsupervised,state,start,all,74,0.799348,0.604227,0.458411,0.905405,3.11055,0.588673
controlled,105,2,ge10,state-markov,2,74,hmc_in,unsupervised,state,start,rest,1,0.707455,0.707455,0.435045,1,1.79679,0.588673
controlled,105,2,ge10,state-markov,2,74,hmc_in,unsupervised,state,start,locomotion,54,0.462717,0.363281,0.317438,1,3.094,0.588673
controlled,105,2,ge10,state-markov,2,74,hmc_in,unsupervised,state,start,vigorous,17,1.41785,1.35915,0.916217,0.588235,3.22437,0.588673
controlled,105,2,ge10,state-markov,2,74,hmc_in,unsupervised,state,start,transient,2,0.723018,0.641331,0.385019,1,3.24682,0.588673
controlled,105,2,ge10,state-markov,2,74,hmc_in,unsupervised,state-markov,start,all,74,0.788106,0.592061,0.448386,0.905405,3.1155,0.59081
controlled,105,2,ge10,state-markov,2,74,hmc_in,unsupervised,state-markov,start,rest,1,0.712403,0.712403,0.532612,1,1.81003,0.59081
controlled,105,2,ge10,state-markov,2,74,hmc_in,unsupervised,state-markov,start,locomotion,54,0.454707,0.359544,0.305299,1,3.10601,0.59081
controlled,105,2,ge10,state-markov,2,74,hmc_in,unsupervised,state-markov,start,vigorous,17,1.4165,1.35798,0.921102,0.588235,3.22316,0.59081
controlled,105,2,ge10,state-markov,2,74,hmc_in,unsupervised,state-markov,start,transient,2,0.299784,0.299506,0.25151,1,3.10928,0.59081
controlled,105,2,ge10,state-markov,2,74,hmc_in,unsupervised,state,ignorable fit,all,74,0.801782,0.607182,0.447195,0.905405,3.11762,0.616512
controlled,105,2,ge10,state-markov,2,74,hmc_in,unsupervised,state,ignorable fit,rest,1,0.698388,0.698388,0.456714,1,1.77123,0.616512
controlled,105,2,ge10,state-markov,2,74,hmc_in,unsupervised,state,ignorable fit,locomotion,54,0.464941,0.366374,0.310021,1,3.10183,0.616512
controlled,105,2,ge10,state-markov,2,74,hmc_in,unsupervised,state,ignorable fit,vigorous,17,1.42217,1.36365,0.890259,0.588235,3.23335,0.616512
controlled,105,2,ge10,state-markov,2,74,hmc_in,unsupervised,state,ignorable fit,transient,2,0.716528,0.633403,0.380069,1,3.23319,0.616512
controlled,105,2,ge10,state-markov,2,74,hmc_in,unsupervised,state-markov,ignorable fit,all,74,0.791949,0.596603,0.457613,0.905405,3.12507,0.576976
controlled,105,2,ge10,state-markov,2,74,hmc_in,unsupervised,state-markov,ignorable fit,rest,1,0.699083,0.699083,0.458811,1,1.77244,0.576976
controlled,105,2,ge10,state-markov,2,74,hmc_in,unsupervised,state-markov,ignorable fit,locomotion,54,0.458133,0.364127,0.311457,1,3.11629,0.576976
controlled,105,2,ge10,state-markov,2,74,hmc_in,unsupervised,state-markov,ignorable fit,vigorous,17,1.42283,1.36459,0.947018,0.588235,3.23631,0.576976
controlled,105,2,ge10,state-markov,2,74,hmc_in,unsupervised,state-markov,ignorable fit,transient,2,0.294376,0.294337,0.243297,1,3.09296,0.576976
controlled,105,2,ge10,state-markov,3,113,hmc_in,oracle,ignorable,,all,113,0.858343,0.611668,0.471459,0.938053,3.37469,0.562809
controlled,105,2,ge10,state-markov,3,113,hmc_in,oracle,ignorable,,rest,2,0.37187,0.362022,0.277555,1,3.58212,0.562809
controlled,105,2,ge10,state-markov,3,113,hmc_in,oracle,ignorable,,locomotion,78,0.773573,0.477529,0.414947,0.935897,3.39143,0.562809
controlled,105,2,ge10,state-markov,3,113,hmc_in,oracle,ignorable,,vigorous,30,1.09244,0.999514,0.648123,0.933333,3.3232,0.562809
controlled,105,2,ge10,state-markov,3,113,hmc_in,oracle,ignorable,,transient,3,0.407261,0.387243,0.303384,1,3.31633,0.562809
controlled,105,2,ge10,state-markov,3,113,hmc_in,oracle,state,,all,113,0.906794,0.639155,0.499112,0.929204,3.33922,0.523893
controlled,105,2,ge10,state-markov,3,113,hmc_in,oracle,state,,rest,2,0.361991,0.351779,0.277512,1,3.61052,0.523893
controlled,105,2,ge10,state-markov,3,113,hmc_in,oracle,state,,locomotion,78,0.850492,0.518536,0.454688,0.923077,3.34192,0.523893
controlled,105,2,ge10,state-markov,3,113,hmc_in,oracle,state,,vigorous,30,1.09144,0.997116,0.64839,0.933333,3.31642,0.523893
controlled,105,2,ge10,state-markov,3,113,hmc_in,oracle,state,,transient,3,0.407262,0.387244,0.309101,1,3.31633,0.523893
controlled,105,2,ge10,state-markov,3,113,hmc_in,oracle,state-markov,,all,113,0.893946,0.629247,0.493272,0.929204,3.36388,0.514318
controlled,105,2,ge10,state-markov,3,113,hmc_in,oracle,state-markov,,rest,2,0.368386,0.358373,0.316606,1,3.59216,0.514318
controlled,105,2,ge10,state-markov,3,113,hmc_in,oracle,state-markov,,locomotion,78,0.830366,0.503847,0.443147,0.923077,3.37766,0.514318
controlled,105,2,ge10,state-markov,3,113,hmc_in,oracle,state-markov,,vigorous,30,1.09167,0.997547,0.653248,0.933333,3.31758,0.514318
controlled,105,2,ge10,state-markov,3,113,hmc_in,oracle,state-markov,,transient,3,0.407262,0.387244,0.314546,1,3.31633,0.514318
controlled,105,2,ge10,state-markov,3,113,hmc_in,unsupervised,ignorable,start,all,113,0.995099,0.758267,0.556645,0.858407,3.27499,0.555968
controlled,105,2,ge10,state-markov,3,113,hmc_in,unsupervised,ignorable,start,rest,2,1.51445,1.51268,1.07996,1,3.29965,0.555968
controlled,105,2,ge10,state-markov,3,113,hmc_in,unsupervised,ignorable,start,locomotion,78,0.709413,0.506766,0.39754,0.961538,3.29097,0.555968
controlled,105,2,ge10,state-markov,3,113,hmc_in,unsupervised,ignorable,start,vigorous,30,1.50548,1.42718,0.968689,0.566667,3.23546,0.555968
controlled,105,2,ge10,state-markov,3,113,hmc_in,unsupervised,ignorable,start,transient,3,0.140292,0.105178,0.224058,1,3.23849,0.555968
controlled,105,2,ge10,state-markov,3,113,hmc_in,unsupervised,state,start,all,113,1.02005,0.777619,0.569125,0.831858,3.22009,0.583359
controlled,105,2,ge10,state-markov,3,113,hmc_in,unsupervised,state,start,rest,2,1.53834,1.53603,0.943246,0.5,3.22329,0.583359
controlled,105,2,ge10,state-markov,3,113,hmc_in,unsupervised,state,start,locomotion,78,0.761705,0.536313,0.415905,0.935897,3.21967,0.583359
controlled,105,2,ge10,state-markov,3,113,hmc_in,unsupervised,state,start,vigorous,30,1.50035,1.42194,0.97367,0.566667,3.22087,0.583359
controlled,105,2,ge10,state-markov,3,113,hmc_in,unsupervised,state,start,transient,3,0.13713,0.102777,0.257989,1,3.22088,0.583359
controlled,105,2,ge10,state-markov,3,113,hmc_in,unsupervised,state-markov,start,all,113,1.01832,0.774718,0.569082,0.840708,3.22439,0.560346
controlled,105,2,ge10,state-markov,3,113,hmc_in,unsupervised,state-markov,start,rest,2,1.53599,1.53371,0.995054,1,3.22865,0.560346
controlled,105,2,ge10,state-markov,3,113,hmc_in,unsupervised,state-markov,start,locomotion,78,0.757064,0.531411,0.415625,0.935897,3.22401,0.560346
controlled,105,2,ge10,state-markov,3,113,hmc_in,unsupervised,state-markov,start,vigorous,30,1.50218,1.42385,0.972459,0.566667,3.22497,0.560346
controlled,105,2,ge10,state-markov,3,113,hmc_in,unsupervised,state-markov,start,transient,3,0.13805,0.103366,0.241211,1,3.22557,0.560346
controlled,105,2,ge10,state-markov,3,113,hmc_in,unsupervised,state,ignorable fit,all,113,1.02235,0.780809,0.56842,0.840708,3.23146,0.633384
controlled,105,2,ge10,state-markov,3,113,hmc_in,unsupervised,state,ignorable fit,rest,2,1.5325,1.53017,0.967442,1,3.23464,0.633384
controlled,105,2,ge10,state-markov,3,113,hmc_in,unsupervised,state,ignorable fit,locomotion,78,0.762137,0.5387,0.415595,0.935897,3.23086,0.633384
controlled,105,2,ge10,state-markov,3,113,hmc_in,unsupervised,state,ignorable fit,vigorous,30,1.50604,1.42794,0.972193,0.566667,3.23266,0.633384
controlled,105,2,ge10,state-markov,3,113,hmc_in,unsupervised,state,ignorable fit,transient,3,0.139596,0.104777,0.238125,1,3.23267,0.633384
controlled,105,2,ge10,state-markov,3,113,hmc_in,unsupervised,state-markov,ignorable fit,all,113,1.02005,0.777119,0.572185,0.840708,3.23423,0.553579
controlled,105,2,ge10,state-markov,3,113,hmc_in,unsupervised,state-markov,ignorable fit,rest,2,1.53161,1.5293,1.03494,1,3.23708,0.553579
controlled,105,2,ge10,state-markov,3,113,hmc_in,unsupervised,state-markov,ignorable fit,locomotion,78,0.757251,0.533135,0.418553,0.935897,3.23409,0.553579
controlled,105,2,ge10,state-markov,3,113,hmc_in,unsupervised,state-markov,ignorable fit,vigorous,30,1.50664,1.42855,0.973724,0.566667,3.23431,0.553579
controlled,105,2,ge10,state-markov,3,113,hmc_in,unsupervised,state-markov,ignorable fit,transient,3,0.140052,0.104922,0.242719,1,3.23502,0.553579
controlled,105,2,ge10,state-markov,4,121,hmc_in,oracle,ignorable,,all,121,0.911916,0.755748,0.533024,0.991736,3.47967,0.674466
controlled,105,2,ge10,state-markov,4,121,hmc_in,oracle,ignorable,,rest,11,1.19305,1.18008,0.746063,1,3.58202,0.674466
controlled,105,2,ge10,state-markov,4,121,hmc_in,oracle,ignorable,,locomotion,64,0.575069,0.442988,0.364515,1,3.47645,0.674466
controlled,105,2,ge10,state-markov,4,121,hmc_in,oracle,ignorable,,vigorous,41,1.10793,1.04343,0.679198,0.97561,3.33275,0.674466
controlled,105,2,ge10,state-markov,4,121,hmc_in,oracle,ignorable,,transient,5,1.6415,1.46652,1.02264,1,4.5004,0.674466
controlled,105,2,ge10,state-markov,4,121,hmc_in,oracle,state,,all,121,1.13072,0.869235,0.617717,0.942149,3.4643,0.602665
controlled,105,2,ge10,state-markov,4,121,hmc_in,oracle,state,,rest,11,1.23261,1.22078,0.763203,1,3.70057,0.602665
controlled,105,2,ge10,state-markov,4,121,hmc_in,oracle,state,,locomotion,64,0.811905,0.553055,0.434478,0.96875,3.49933,0.602665
controlled,105,2,ge10,state-markov,4,121,hmc_in,oracle,state,,vigorous,41,1.10933,1.04445,0.666915,0.97561,3.33005,0.602665
controlled,105,2,ge10,state-markov,4,121,hmc_in,oracle,state,,transient,5,3.01149,2.70622,2.23969,0.2,3.59703,0.602665
controlled,105,2,ge10,state-markov,4,121,hmc_in,oracle,state-markov,,all,121,0.913293,0.760364,0.526927,0.983471,3.42943,0.552298
controlled,105,2,ge10,state-markov,4,121,hmc_in,oracle,state-markov,,rest,11,1.19305,1.18008,0.751018,1,3.58202,0.552298
controlled,105,2,ge10,state-markov,4,121,hmc_in,oracle,state-markov,,locomotion,64,0.66442,0.484561,0.387634,0.984375,3.43495,0.552298
controlled,105,2,ge10,state-markov,4,121,hmc_in,oracle,state-markov,,vigorous,41,1.10982,1.04494,0.663549,0.97561,3.33036,0.552298
controlled,105,2,ge10,state-markov,4,121,hmc_in,oracle,state-markov,,transient,5,1.14162,1.03375,0.696577,1,3.83553,0.552298
controlled,105,2,ge10,state-markov,4,121,hmc_in,unsupervised,ignorable,start,all,121,0.996532,0.798002,0.555928,0.842975,3.16069,0.597495
controlled,105,2,ge10,state-markov,4,121,hmc_in,unsupervised,ignorable,start,rest,11,0.416699,0.379507,0.232128,1,1.85554,0.597495
controlled,105,2,ge10,state-markov,4,121,hmc_in,unsupervised,ignorable,start,locomotion,64,0.534027,0.436144,0.337213,1,3.31193,0.597495
controlled,105,2,ge10,state-markov,4,121,hmc_in,unsupervised,ignorable,start,vigorous,41,1.49697,1.43351,0.979813,0.536585,3.14541,0.597495
controlled,105,2,ge10,state-markov,4,121,hmc_in,unsupervised,ignorable,start,transient,5,1.27461,1.13927,0.591979,1,4.22144,0.597495
controlled,105,2,ge10,state-markov,4,121,hmc_in,unsupervised,state,start,all,121,1.41224,1.05027,0.796765,0.719008,3.00594,0.57561
controlled,105,2,ge10,state-markov,4,121,hmc_in,unsupervised,state,start,rest,11,2.70448,2.50339,2.02211,0.363636,3.18476,0.57561
controlled,105,2,ge10,state-markov,4,121,hmc_in,unsupervised,state,start,locomotion,64,0.879612,0.546703,0.44121,0.921875,3.0259,0.57561
controlled,105,2,ge10,state-markov,4,121,hmc_in,unsupervised,state,start,vigorous,41,1.33116,1.26861,0.860807,0.560976,2.8999,0.57561
controlled,105,2,ge10,state-markov,4,121,hmc_in,unsupervised,state,start,transient,5,2.78202,2.50868,2.12696,0.2,3.22663,0.57561
controlled,105,2,ge10,state-markov,4,121,hmc_in,unsupervised,state-markov,start,all,121,0.909306,0.731053,0.522028,0.85124,2.95827,0.568697
controlled,105,2,ge10,state-markov,4,121,hmc_in,unsupervised,state-markov,start,rest,11,0.765945,0.745323,0.456198,1,2.71238,0.568697
controlled,105,2,ge10,state-markov,4,121,hmc_in,unsupervised,state-markov,start,locomotion,64,0.52116,0.382072,0.315175,1,3.00675,0.568697
controlled,105,2,ge10,state-markov,4,121,hmc_in,unsupervised,state-markov,start,vigorous,41,1.33384,1.27132,0.870559,0.560976,2.90529,0.568697
controlled,105,2,ge10,state-markov,4,121,hmc_in,unsupervised,state-markov,start,transient,5,0.808296,0.736432,0.456626,1,3.31321,0.568697
controlled,105,2,ge10,state-markov,4,121,hmc_in,unsupervised,state,ignorable fit,all,121,1.10463,0.89057,0.618399,0.826446,3.30192,0.565405
controlled,105,2,ge10,state-markov,4,121,hmc_in,unsupervised,state,ignorable fit,rest,11,0.670869,0.626153,0.308477,1,3.31102,0.565405
controlled,105,2,ge10,state-markov,4,121,hmc_in,unsupervised,state,ignorable fit,locomotion,64,0.674901,0.510377,0.385157,1,3.32169,0.565405
controlled,105,2,ge10,state-markov,4,121,hmc_in,unsupervised,state,ignorable fit,vigorous,41,1.50033,1.43712,0.987094,0.536585,3.14966,0.565405
controlled,105,2,ge10,state-markov,4,121,hmc_in,unsupervised,state,ignorable fit,transient,5,2.06161,1.85703,1.26242,0.6,4.27743,0.565405
controlled,105,2,ge10,state-markov,4,121,hmc_in,unsupervised,state-markov,ignorable fit,all,121,0.967834,0.763401,0.539745,0.842975,3.08811,0.650255
controlled,105,2,ge10,state-markov,4,121,hmc_in,unsupervised,state-markov,ignorable fit,rest,11,0.393594,0.35772,0.229799,1,1.79724,0.650255
controlled,105,2,ge10,state-markov,4,121,hmc_in,unsupervised,state-markov,ignorable fit,locomotion,64,0.528953,0.423859,0.324306,1,3.28269,0.650255
controlled,105,2,ge10,state-markov,4,121,hmc_in,unsupervised,state-markov,ignorable fit,vigorous,41,1.50181,1.43821,0.989138,0.536585,3.15517,0.650255
controlled,105,2,ge10,state-markov,4,121,hmc_in,unsupervised,state-markov,ignorable fit,transient,5,0.501556,0.468623,0.294227,1,2.88744,0.650255
controlled,105,2,any,state,0,483,hmc_in,oracle,ignorable,,all,483,0.845352,0.679305,0.488021,0.975155,3.43099,0.650819
controlled,105,2,any,state,0,483,hmc_in,oracle,ignorable,,rest,28,1.15567,1.02431,0.688443,0.928571,3.59007,0.650819
controlled,105,2,any,state,0,483,hmc_in,oracle,ignorable,,locomotion,264,0.619468,0.452043,0.372974,0.981061,3.4117,0.650819
controlled,105,2,any,state,0,483,hmc_in,oracle,ignorable,,vigorous,125,1.06642,0.989279,0.637159,0.976,3.35693,0.650819
controlled,105,2,any,state,0,483,hmc_in,oracle,ignorable,,transient,66,0.987051,0.854916,0.580719,0.969697,3.58093,0.650819
controlled,105,2,any,state,0,483,hmc_in,oracle,state,,all,483,0.868004,0.695718,0.497909,0.971014,3.4102,0.630165
controlled,105,2,any,state,0,483,hmc_in,oracle,state,,rest,28,1.15268,1.02328,0.680755,0.928571,3.59264,0.630165
controlled,105,2,any,state,0,483,hmc_in,oracle,state,,locomotion,264,0.660448,0.473722,0.38606,0.977273,3.37202,0.630165
controlled,105,2,any,state,0,483,hmc_in,oracle,state,,vigorous,125,1.07927,1.00226,0.642954,0.976,3.34429,0.630165
controlled,105,2,any,state,0,483,hmc_in,oracle,state,,transient,66,0.999593,0.864164,0.593022,0.954545,3.61033,0.630165
controlled,105,2,any,state,0,483,hmc_in,oracle,state-markov,,all,483,0.868882,0.696019,0.498346,0.968944,3.40866,0.554582
controlled,105,2,any,state,0,483,hmc_in,oracle,state-markov,,rest,28,1.15298,1.02352,0.69165,0.928571,3.59194,0.554582
controlled,105,2,any,state,0,483,hmc_in,oracle,state-markov,,locomotion,264,0.662988,0.47451,0.388078,0.973485,3.36895,0.554582
controlled,105,2,any,state,0,483,hmc_in,oracle,state-markov,,vigorous,125,1.07911,1.00214,0.641341,0.976,3.34437,0.554582
controlled,105,2,any,state,0,483,hmc_in,oracle,state-markov,,transient,66,0.99863,0.863341,0.586587,0.954545,3.61152,0.554582
controlled,105,2,any,state,0,483,hmc_in,unsupervised,ignorable,start,all,483,0.925867,0.723281,0.521701,0.886128,3.18823,0.562026
controlled,105,2,any,state,0,483,hmc_in,unsupervised,ignorable,start,rest,28,0.672766,0.564957,0.385939,1,2.73139,0.562026
controlled,105,2,any,state,0,483,hmc_in,unsupervised,ignorable,start,locomotion,264,0.540549,0.427946,0.340642,0.996212,3.24829,0.562026
controlled,105,2,any,state,0,483,hmc_in,unsupervised,ignorable,start,vigorous,125,1.52503,1.46211,0.991976,0.592,3.24061,0.562026
controlled,105,2,any,state,0,483,hmc_in,unsupervised,ignorable,start,transient,66,0.712617,0.57249,0.412863,0.954545,3.0426,0.562026
controlled,105,2,any,state,0,483,hmc_in,unsupervised,state,start,all,483,0.873302,0.675619,0.498221,0.89234,2.98602,0.53745
controlled,105,2,any,state,0,483,hmc_in,unsupervised,state,start,rest,28,0.785488,0.66154,0.461353,1,3.02474,0.53745
controlled,105,2,any,state,0,483,hmc_in,unsupervised,state,start,locomotion,264,0.550783,0.394432,0.331291,0.984848,2.97694,0.53745
controlled,105,2,any,state,0,483,hmc_in,unsupervised,state,start,vigorous,125,1.3614,1.29369,0.884562,0.632,2.9638,0.53745
controlled,105,2,any,state,0,483,hmc_in,unsupervised,state,start,transient,66,0.771901,0.635764,0.449874,0.969697,3.04803,0.53745
controlled,105,2,any,state,0,483,hmc_in,unsupervised,state-markov,start,all,483,0.872523,0.675122,0.492849,0.89234,2.9876,0.579844
controlled,105,2,any,state,0,483,hmc_in,unsupervised,state-markov,start,rest,28,0.784154,0.66068,0.453107,1,3.02677,0.579844
controlled,105,2,any,state,0,483,hmc_in,unsupervised,state-markov,start,locomotion,264,0.54822,0.393424,0.326567,0.984848,2.97941,0.579844
controlled,105,2,any,state,0,483,hmc_in,unsupervised,state-markov,start,vigorous,125,1.36204,1.29437,0.875424,0.632,2.96475,0.579844
controlled,105,2,any,state,0,483,hmc_in,unsupervised,state-markov,start,transient,66,0.771163,0.635223,0.450264,0.969697,3.04703,0.579844
controlled,105,2,any,state,0,483,hmc_in,unsupervised,state,ignorable fit,all,483,0.942879,0.736935,0.529614,0.886128,3.19727,0.606217
controlled,105,2,any,state,0,483,hmc_in,unsupervised,state,ignorable fit,rest,28,0.745191,0.596593,0.405462,1,2.77442,0.606217
controlled,105,2,any,state,0,483,hmc_in,unsupervised,state,ignorable fit,locomotion,264,0.558292,0.435733,0.346957,0.996212,3.25434,0.606217
controlled,105,2,any,state,0,483,hmc_in,unsupervised,state,ignorable fit,vigorous,125,1.5291,1.46968,0.997144,0.592,3.24131,0.606217
controlled,105,2,any,state,0,483,hmc_in,unsupervised,state,ignorable fit,transient,66,0.77162,0.613503,0.427438,0.954545,3.06495,0.606217
controlled,105,2,any,state,0,483,hmc_in,unsupervised,state-markov,ignorable fit,all,483,0.942187,0.736288,0.530721,0.886128,3.19827,0.605162
controlled,105,2,any,state,0,483,hmc_in,unsupervised,state-markov,ignorable fit,rest,28,0.745211,0.596574,0.4135,1,2.77437,0.605162
controlled,105,2,any,state,0,483,hmc_in,unsupervised,state-markov,ignorable fit,locomotion,264,0.555998,0.434549,0.342301,0.996212,3.256,0.605162
controlled,105,2,any,state,0,483,hmc_in,unsupervised,state-markov,ignorable fit,vigorous,125,1.52921,1.4698,1.00658,0.592,3.24163,0.605162
controlled,105,2,any,state,0,483,hmc_in,unsupervised,state-markov,ignorable fit,transient,66,0.771622,0.613293,0.432881,0.954545,3.06505,0.605162
controlled,105,2,any,state,1,472,hmc_in,oracle,ignorable,,all,472,0.866275,0.717032,0.507954,0.989407,3.47185,0.614402
controlled,105,2,any,state,1,472,hmc_in,oracle,ignorable,,rest,33,0.976897,0.84427,0.579059,1,3.6255,0.614402
controlled,105,2,any,state,1,472,hmc_in,oracle,ignorable,,locomotion,233,0.662035,0.502788,0.401526,0.991416,3.45713,0.614402
controlled,105,2,any,state,1,472,hmc_in,oracle,ignorable,,vigorous,136,1.05517,0.983472,0.630937,1,3.35949,0.614402
controlled,105,2,any,state,1,472,hmc_in,oracle,ignorable,,transient,70,0.994049,0.852518,0.589749,0.957143,3.66673,0.614402
controlled,105,2,any,state,1,472,hmc_in,oracle,state,,all,472,0.887981,0.741228,0.512818,0.989407,3.44244,0.563779
controlled,105,2,any,state,1,472,hmc_in,oracle,state,,rest,33,0.99237,0.868518,0.57366,1,3.61926,0.563779
controlled,105,2,any,state,1,472,hmc_in,oracle,state,,locomotion,233,0.70704,0.540205,0.408043,0.991416,3.40197,0.563779
controlled,105,2,any,state,1,472,hmc_in,oracle,state,,vigorous,136,1.05369,0.9795,0.628059,1,3.34978,0.563779
controlled,105,2,any,state,1,472,hmc_in,oracle,state,,transient,70,1.01562,0.887416,0.60899,0.957143,3.67385,0.563779
controlled,105,2,any,state,1,472,hmc_in,oracle,state-markov,,all,472,0.878913,0.733166,0.513373,0.987288,3.45196,0.584745
controlled,105,2,any,state,1,472,hmc_in,oracle,state-markov,,rest,33,0.992079,0.868238,0.569437,1,3.61956,0.584745
controlled,105,2,any,state,1,472,hmc_in,oracle,state-markov,,locomotion,233,0.690119,0.528598,0.411425,0.991416,3.41541,0.584745
controlled,105,2,any,state,1,472,hmc_in,oracle,state-markov,,vigorous,136,1.05436,0.979665,0.632016,1,3.34987,0.584745
controlled,105,2,any,state,1,472,hmc_in,oracle,state-markov,,transient,70,0.99985,0.871498,0.595779,0.942857,3.69296,0.584745
controlled,105,2,any,state,1,472,hmc_in,unsupervised,ignorable,start,all,472,0.971306,0.768864,0.550887,0.851695,3.12894,0.612471
controlled,105,2,any,state,1,472,hmc_in,unsupervised,ignorable,start,rest,33,0.918371,0.729612,0.507911,0.909091,2.62614,0.612471
controlled,105,2,any,state,1,472,hmc_in,unsupervised,ignorable,start,locomotion,233,0.548452,0.434016,0.345754,0.995708,3.22718,0.612471
controlled,105,2,any,state,1,472,hmc_in,unsupervised,ignorable,start,vigorous,136,1.48277,1.43092,0.956234,0.566176,3.20865,0.612471
controlled,105,2,any,state,1,472,hmc_in,unsupervised,ignorable,start,transient,70,0.831268,0.615658,0.466418,0.9,2.88409,0.612471
controlled,105,2,any,state,1,472,hmc_in,unsupervised,state,start,all,472,0.980967,0.781499,0.555836,0.847458,3.12572,0.605653
controlled,105,2,any,state,1,472,hmc_in,unsupervised,state,start,rest,33,0.934595,0.759287,0.518309,0.848485,2.6322,0.605653
controlled,105,2,any,state,1,472,hmc_in,unsupervised,state,start,locomotion,233,0.573557,0.451228,0.350105,0.995708,3.22777,0.605653
controlled,105,2,any,state,1,472,hmc_in,unsupervised,state,start,vigorous,136,1.47948,1.42801,0.96711,0.566176,3.19371,0.605653
controlled,105,2,any,state,1,472,hmc_in,unsupervised,state,start,transient,70,0.853941,0.635223,0.459272,0.9,2.88662,0.605653
controlled,105,2,any,state,1,472,hmc_in,unsupervised,state-markov,start,all,472,0.979498,0.779967,0.557162,0.847458,3.12514,0.584006
controlled,105,2,any,state,1,472,hmc_in,unsupervised,state-markov,start,rest,33,0.934831,0.759754,0.518312,0.848485,2.63167,0.584006
controlled,105,2,any,state,1,472,hmc_in,unsupervised,state-markov,start,locomotion,233,0.567809,0.447783,0.350487,0.995708,3.22659,0.584006
controlled,105,2,any,state,1,472,hmc_in,unsupervised,state-markov,start,vigorous,136,1.47972,1.4283,0.967312,0.566176,3.19389,0.584006
controlled,105,2,any,state,1,472,hmc_in,unsupervised,state-markov,start,transient,70,0.854413,0.635582,0.466547,0.9,2.88649,0.584006
controlled,105,2,any,state,1,472,hmc_in,unsupervised,state,ignorable fit,all,472,0.986192,0.785761,0.562502,0.849576,3.13748,0.596759
controlled,105,2,any,state,1,472,hmc_in,unsupervised,state,ignorable fit,rest,33,0.936037,0.76287,0.51101,0.878788,2.6098,0.596759
controlled,105,2,any,state,1,472,hmc_in,unsupervised,state,ignorable fit,locomotion,233,0.577037,0.454157,0.355053,0.995708,3.24546,0.596759
controlled,105,2,any,state,1,472,hmc_in,unsupervised,state,ignorable fit,vigorous,136,1.48834,1.43706,0.978717,0.566176,3.21123,0.596759
controlled,105,2,any,state,1,472,hmc_in,unsupervised,state,ignorable fit,transient,70,0.856068,0.63494,0.46864,0.9,2.88353,0.596759
controlled,105,2,any,state,1,472,hmc_in,unsupervised,state-markov,ignorable fit,all,472,0.984524,0.78407,0.561438,0.849576,3.13693,0.545178
controlled,105,2,any,state,1,472,hmc_in,unsupervised,state-markov,ignorable fit,rest,33,0.936284,0.763243,0.533565,0.878788,2.60976,0.545178
controlled,105,2,any,state,1,472,hmc_in,unsupervised,state-markov,ignorable fit,locomotion,233,0.570778,0.450486,0.353646,0.995708,3.24435,0.545178
controlled,105,2,any,state,1,472,hmc_in,unsupervised,state-markov,ignorable fit,vigorous,136,1.48846,1.43722,0.969112,0.566176,3.21121,0.545178
controlled,105,2,any,state,1,472,hmc_in,unsupervised,state-markov,ignorable fit,transient,70,0.856533,0.635263,0.474178,0.9,2.88362,0.545178
controlled,105,2,any,state,2,529,hmc_in,oracle,ignorable,,all,529,0.852345,0.696639,0.493192,0.979206,3.41469,0.558555
controlled,105,2,any,state,2,529,hmc_in,oracle,ignorable,,rest,34,0.998765,0.902905,0.598724,1,3.58202,0.558555
controlled,105,2,any,state,2,529,hmc_in,oracle,ignorable,,locomotion,261,0.607735,0.45106,0.36983,0.977011,3.38742,0.558555
controlled,105,2,any,state,2,529,hmc_in,oracle,ignorable,,vigorous,149,1.0735,1.00571,0.645906,0.993289,3.33734,0.558555
controlled,105,2,any,state,2,529,hmc_in,oracle,ignorable,,transient,85,0.983946,0.82643,0.562071,0.952941,3.56711,0.558555
controlled,105,2,any,state,2,529,hmc_in,oracle,state,,all,529,0.866243,0.707465,0.500888,0.977316,3.3955,0.551292
controlled,105,2,any,state,2,529,hmc_in,oracle,state,,rest,34,0.998765,0.902905,0.583598,1,3.58202,0.551292
controlled,105,2,any,state,2,529,hmc_in,oracle,state,,locomotion,261,0.64852,0.47324,0.387162,0.97318,3.35548,0.551292
controlled,105,2,any,state,2,529,hmc_in,oracle,state,,vigorous,149,1.07414,1.0083,0.642894,0.993289,3.32983,0.551292
controlled,105,2,any,state,2,529,hmc_in,oracle,state,,transient,85,0.97829,0.821148,0.568078,0.952941,3.55889,0.551292
controlled,105,2,any,state,2,529,hmc_in,oracle,state-markov,,all,529,0.866504,0.707663,0.500579,0.977316,3.39508,0.551619
controlled,105,2,any,state,2,529,hmc_in,oracle,state-markov,,rest,34,0.998765,0.902905,0.588532,1,3.58202,0.551619
controlled,105,2,any,state,2,529,hmc_in,oracle,state-markov,,locomotion,261,0.648934,0.473433,0.381156,0.97318,3.35525,0.551619
controlled,105,2,any,state,2,529,hmc_in,oracle,state-markov,,vigorous,149,1.07415,1.00831,0.650643,0.993289,3.3298,0.551619
controlled,105,2,any,state,2,529,hmc_in,oracle,state-markov,,transient,85,0.978876,0.821777,0.569043,0.952941,3.55701,0.551619
controlled,105,2,any,state,2,529,hmc_in,unsupervised,ignorable,start,all,529,0.962091,0.759402,0.545934,0.858223,3.15142,0.673924
controlled,105,2,any,state,2,529,hmc_in,unsupervised,ignorable,start,rest,34,0.836956,0.702561,0.476606,0.882353,2.51326,0.673924
controlled,105,2,any,state,2,529,hmc_in,unsupervised,ignorable,start,locomotion,261,0.578062,0.446983,0.352725,0.996169,3.23502,0.673924
controlled,105,2,any,state,2,529,hmc_in,unsupervised,ignorable,start,vigorous,149,1.49928,1.43208,0.974442,0.550336,3.18816,0.673924
controlled,105,2,any,state,2,529,hmc_in,unsupervised,ignorable,start,transient,85,0.716947,0.562293,0.41578,0.964706,3.08556,0.673924
controlled,105,2,any,state,2,529,hmc_in,unsupervised,state,start,all,529,0.973145,0.771616,0.547589,0.862004,3.14589,0.601347
controlled,105,2,any,state,2,529,hmc_in,unsupervised,state,start,rest,34,0.853161,0.733429,0.488513,0.911765,2.54148,0.601347
controlled,105,2,any,state,2,529,hmc_in,unsupervised,state,start,locomotion,261,0.59963,0.455211,0.35458,0.996169,3.22056,0.601347
controlled,105,2,any,state,2,529,hmc_in,unsupervised,state,start,vigorous,149,1.49149,1.42401,0.964455,0.550336,3.17254,0.601347
controlled,105,2,any,state,2,529,hmc_in,unsupervised,state,start,transient,85,0.773992,0.614839,0.433129,0.976471,3.11163,0.601347
controlled,105,2,any,state,2,529,hmc_in,unsupervised,state-markov,start,all,529,0.973396,0.771912,0.546965,0.862004,3.14746,0.621204
controlled,105,2,any,state,2,529,hmc_in,unsupervised,state-markov,start,rest,34,0.855016,0.73529,0.482335,0.911765,2.53752,0.621204
controlled,105,2,any,state,2,529,hmc_in,unsupervised,state-markov,start,locomotion,261,0.599266,0.455478,0.351551,0.996169,3.22303,0.621204
controlled,105,2,any,state,2,529,hmc_in,unsupervised,state-markov,start,vigorous,149,1.49281,1.42537,0.966507,0.550336,3.17488,0.621204
controlled,105,2,any,state,2,529,hmc_in,unsupervised,state-markov,start,transient,85,0.771538,0.612731,0.437418,0.976471,3.11133,0.621204
controlled,105,2,any,state,2,529,hmc_in,unsupervised,state,ignorable fit,all,529,0.980934,0.778782,0.553189,0.860113,3.16028,0.565814
controlled,105,2,any,state,2,529,hmc_in,unsupervised,state,ignorable fit,rest,34,0.885248,0.76236,0.502248,0.882353,2.50403,0.565814
controlled,105,2,any,state,2,529,hmc_in,unsupervised,state,ignorable fit,locomotion,261,0.604038,0.460013,0.356558,0.996169,3.2397,0.565814
controlled,105,2,any,state,2,529,hmc_in,unsupervised,state,ignorable fit,vigorous,149,1.5016,1.43431,0.975527,0.550336,3.19087,0.565814
controlled,105,2,any,state,2,529,hmc_in,unsupervised,state,ignorable fit,transient,85,0.775962,0.615065,0.437003,0.976471,3.12528,0.565814
controlled,105,2,any,state,2,529,hmc_in,unsupervised,state-markov,ignorable fit,all,529,0.980219,0.778142,0.55466,0.860113,3.15995,0.67731
controlled,105,2,any,state,2,529,hmc_in,unsupervised,state-markov,ignorable fit,rest,34,0.883482,0.760469,0.514515,0.882353,2.5033,0.67731
controlled,105,2,any,state,2,529,hmc_in,unsupervised,state-markov,ignorable fit,locomotion,261,0.603137,0.459691,0.357326,0.996169,3.23988,0.67731
controlled,105,2,any,state,2,529,hmc_in,unsupervised,state-markov,ignorable fit,vigorous,149,1.50168,1.4344,0.976183,0.550336,3.19101,0.67731
controlled,105,2,any,state,2,529,hmc_in,unsupervised,state-markov,ignorable fit,transient,85,0.773032,0.612663,0.437746,0.976471,3.12274,0.67731
controlled,105,2,any,state,3,531,hmc_in,oracle,ignorable,,all,531,0.844923,0.667505,0.485674,0.979284,3.40136,0.59284
controlled,105,2,any,state,3,531,hmc_in,oracle,ignorable,,rest,24,1.15116,1.02801,0.688691,0.958333,3.58226,0.59284
controlled,105,2,any,state,3,531,hmc_in,oracle,ignorable,,locomotion,301,0.650504,0.455877,0.383274,0.976744,3.36342,0.59284
controlled,105,2,any,state,3,531,hmc_in,oracle,ignorable,,vigorous,141,1.09311,1.01192,0.653243,1,3.33951,0.59284
controlled,105,2,any,state,3,531,hmc_in,oracle,ignorable,,transient,65,0.889469,0.767284,0.521413,0.953846,3.64444,0.59284
controlled,105,2,any,state,3,531,hmc_in,oracle,state,,all,531,0.857102,0.682441,0.486993,0.975518,3.38971,0.583375
controlled,105,2,any,state,3,531,hmc_in,oracle,state,,rest,24,1.15106,1.02792,0.69354,0.958333,3.58251,0.583375
controlled,105,2,any,state,3,531,hmc_in,oracle,state,,locomotion,301,0.680502,0.478053,0.388996,0.9701,3.35433,0.583375
controlled,105,2,any,state,3,531,hmc_in,oracle,state,,vigorous,141,1.07956,1.003,0.641974,1,3.33717,0.583375
controlled,105,2,any,state,3,531,hmc_in,oracle,state,,transient,65,0.91627,0.805976,0.528346,0.953846,3.59632,0.583375
controlled,105,2,any,state,3,531,hmc_in,oracle,state-markov,,all,531,0.860316,0.684702,0.495822,0.975518,3.39454,0.624804
controlled,105,2,any,state,3,531,hmc_in,oracle,state-markov,,rest,24,1.15106,1.02793,0.682376,0.958333,3.58249,0.624804
controlled,105,2,any,state,3,531,hmc_in,oracle,state-markov,,locomotion,301,0.686921,0.481689,0.394209,0.9701,3.36163,0.624804
controlled,105,2,any,state,3,531,hmc_in,oracle,state-markov,,vigorous,141,1.0804,1.00376,0.659044,1,3.33941,0.624804
controlled,105,2,any,state,3,531,hmc_in,oracle,state-markov,,transient,65,0.916536,0.805958,0.543424,0.953846,3.59714,0.624804
controlled,105,2,any,state,3,531,hmc_in,unsupervised,ignorable,start,all,531,0.941848,0.73676,0.52742,0.86629,3.15137,0.558089
controlled,105,2,any,state,3,531,hmc_in,unsupervised,ignorable,start,rest,24,0.738189,0.606603,0.421268,0.958333,2.60651,0.558089
controlled,105,2,any,state,3,531,hmc_in,unsupervised,ignorable,start,locomotion,301,0.576755,0.451607,0.351174,0.990033,3.2126,0.558089
controlled,105,2,any,state,3,531,hmc_in,unsupervised,ignorable,start,vigorous,141,1.52643,1.46396,0.991354,0.531915,3.21592,0.558089
controlled,105,2,any,state,3,531,hmc_in,unsupervised,ignorable,start,transient,65,0.671459,0.52784,0.37639,0.984615,2.92901,0.558089
controlled,105,2,any,state,3,531,hmc_in,unsupervised,state,start,all,531,0.862968,0.666579,0.490208,0.873823,2.95568,0.619978
controlled,105,2,any,state,3,531,hmc_in,unsupervised,state,start,rest,24,0.782417,0.713536,0.483526,1,3.0856,0.619978
controlled,105,2,any,state,3,531,hmc_in,unsupervised,state,start,locomotion,301,0.565218,0.397097,0.333501,0.980066,2.94314,0.619978
controlled,105,2,any,state,3,531,hmc_in,unsupervised,state,start,vigorous,141,1.33106,1.2632,0.85765,0.595745,2.92381,0.619978
controlled,105,2,any,state,3,531,hmc_in,unsupervised,state,start,transient,65,0.731463,0.602948,0.421282,0.938462,3.03494,0.619978
controlled,105,2,any,state,3,531,hmc_in,unsupervised,state-markov,start,all,531,0.860601,0.665265,0.486386,0.873823,2.95618,0.626956
controlled,105,2,any,state,3,531,hmc_in,unsupervised,state-markov,start,rest,24,0.778471,0.710788,0.462555,1,3.08968,0.626956
controlled,105,2,any,state,3,531,hmc_in,unsupervised,state-markov,start,locomotion,301,0.558023,0.394702,0.329685,0.980066,2.94449,0.626956
controlled,105,2,any,state,3,531,hmc_in,unsupervised,state-markov,start,vigorous,141,1.33164,1.26372,0.854424,0.595745,2.9243,0.626956
controlled,105,2,any,state,3,531,hmc_in,unsupervised,state-markov,start,transient,65,0.733537,0.60319,0.422473,0.938462,3.03018,0.626956
controlled,105,2,any,state,3,531,hmc_in,unsupervised,state,ignorable fit,all,531,0.956022,0.752404,0.541239,0.864407,3.16149,0.582522
controlled,105,2,any,state,3,531,hmc_in,unsupervised,state,ignorable fit,rest,24,0.755682,0.629963,0.445271,0.958333,2.56747,0.582522
controlled,105,2,any,state,3,531,hmc_in,unsupervised,state,ignorable fit,locomotion,301,0.598334,0.467117,0.360489,0.986711,3.22748,0.582522
controlled,105,2,any,state,3,531,hmc_in,unsupervised,state,ignorable fit,vigorous,141,1.52399,1.46238,1.00072,0.531915,3.21877,0.582522
controlled,105,2,any,state,3,531,hmc_in,unsupervised,state,ignorable fit,transient,65,0.748129,0.578606,0.416958,0.984615,2.95098,0.582522
controlled,105,2,any,state,3,531,hmc_in,unsupervised,state-markov,ignorable fit,all,531,0.953879,0.750464,0.535931,0.864407,3.15909,0.656951
controlled,105,2,any,state,3,531,hmc_in,unsupervised,state-markov,ignorable fit,rest,24,0.756499,0.630794,0.438042,0.958333,2.56676,0.656951
controlled,105,2,any,state,3,531,hmc_in,unsupervised,state-markov,ignorable fit,locomotion,301,0.594509,0.464793,0.358215,0.986711,3.22332,0.656951
controlled,105,2,any,state,3,531,hmc_in,unsupervised,state-markov,ignorable fit,vigorous,141,1.52396,1.46233,0.993445,0.531915,3.21815,0.656951
controlled,105,2,any,state,3,531,hmc_in,unsupervised,state-markov,ignorable fit,transient,65,0.739662,0.573317,0.402581,0.984615,2.95226,0.656951
controlled,105,2,any,state,4,477,hmc_in,oracle,ignorable,,all,477,0.847488,0.682347,0.495195,0.972746,3.41619,0.589655
controlled,105,2,any,state,4,477,hmc_in,oracle,ignorable,,rest,17,0.95497,0.746636,0.558285,0.941176,3.66722,0.589655
controlled,105,2,any,state,4,477,hmc_in,oracle,ignorable,,locomotion,255,0.615588,0.455917,0.376001,0.984314,3.3933,0.589655
controlled,105,2,any,state,4,477,hmc_in,oracle,ignorable,,vigorous,145,1.07954,0.998229,0.658063,0.972414,3.3728,0.589655
controlled,105,2,any,state,4,477,hmc_in,oracle,ignorable,,transient,60,1.01225,0.863083,0.590295,0.933333,3.54717,0.589655
controlled,105,2,any,state,4,477,hmc_in,oracle,state,,all,477,0.875834,0.703858,0.503072,0.968553,3.39335,0.542498
controlled,105,2,any,state,4,477,hmc_in,oracle,state,,rest,17,0.960924,0.767347,0.561672,0.941176,3.65755,0.542498
controlled,105,2,any,state,4,477,hmc_in,oracle,state,,locomotion,255,0.653195,0.476263,0.390664,0.980392,3.35859,0.542498
controlled,105,2,any,state,4,477,hmc_in,oracle,state,,vigorous,145,1.11242,1.02711,0.66047,0.965517,3.35447,0.542498
controlled,105,2,any,state,4,477,hmc_in,oracle,state,,transient,60,1.01629,0.87194,0.583818,0.933333,3.5602,0.542498
controlled,105,2,any,state,4,477,hmc_in,oracle,state-markov,,all,477,0.876045,0.703957,0.504169,0.968553,3.39296,0.527013
controlled,105,2,any,state,4,477,hmc_in,oracle,state-markov,,rest,17,0.96101,0.767528,0.569604,0.941176,3.65742,0.527013
controlled,105,2,any,state,4,477,hmc_in,oracle,state-markov,,locomotion,255,0.653134,0.476225,0.38632,0.980392,3.35862,0.527013
controlled,105,2,any,state,4,477,hmc_in,oracle,state-markov,,vigorous,145,1.11302,1.02748,0.668927,0.965517,3.35329,0.527013
controlled,105,2,any,state,4,477,hmc_in,oracle,state-markov,,transient,60,1.01628,0.871968,0.588321,0.933333,3.55982,0.527013
controlled,105,2,any,state,4,477,hmc_in,unsupervised,ignorable,start,all,477,0.984912,0.784568,0.565154,0.834382,3.19235,0.580994
controlled,105,2,any,state,4,477,hmc_in,unsupervised,ignorable,start,rest,17,0.747474,0.604435,0.430242,0.823529,2.47026,0.580994
controlled,105,2,any,state,4,477,hmc_in,unsupervised,ignorable,start,locomotion,255,0.557615,0.451084,0.352212,0.996078,3.23707,0.580994
controlled,105,2,any,state,4,477,hmc_in,unsupervised,ignorable,start,vigorous,145,1.51485,1.44195,0.992658,0.482759,3.22127,0.580994
controlled,105,2,any,state,4,477,hmc_in,unsupervised,ignorable,start,transient,60,0.828505,0.664246,0.475244,1,3.13701,0.580994
controlled,105,2,any,state,4,477,hmc_in,unsupervised,state,start,all,477,0.993942,0.79264,0.56719,0.834382,3.17407,0.535964
controlled,105,2,any,state,4,477,hmc_in,unsupervised,state,start,rest,17,0.775123,0.643494,0.466411,0.882353,2.54437,0.535964
controlled,105,2,any,state,4,477,hmc_in,unsupervised,state,start,locomotion,255,0.564714,0.451218,0.351031,0.996078,3.22469,0.535964
controlled,105,2,any,state,4,477,hmc_in,unsupervised,state,start,vigorous,145,1.50914,1.43929,0.982582,0.482759,3.19423,0.535964
controlled,105,2,any,state,4,477,hmc_in,unsupervised,state,start,transient,60,0.907991,0.723212,0.510554,0.983333,3.08866,0.535964
controlled,105,2,any,state,4,477,hmc_in,unsupervised,state-markov,start,all,477,0.993448,0.792214,0.566008,0.834382,3.17501,0.585209
controlled,105,2,any,state,4,477,hmc_in,unsupervised,state-markov,start,rest,17,0.771947,0.640597,0.444768,0.882353,2.54051,0.585209
controlled,105,2,any,state,4,477,hmc_in,unsupervised,state-markov,start,locomotion,255,0.564262,0.451024,0.350601,0.996078,3.22557,0.585209
controlled,105,2,any,state,4,477,hmc_in,unsupervised,state-markov,start,vigorous,145,1.50953,1.43958,0.985984,0.482759,3.19572,0.585209
controlled,105,2,any,state,4,477,hmc_in,unsupervised,state-markov,start,transient,60,0.90408,0.72077,0.500897,0.983333,3.08987,0.585209
controlled,105,2,any,state,4,477,hmc_in,unsupervised,state,ignorable fit,all,477,0.999093,0.797256,0.568944,0.834382,3.19463,0.60074
controlled,105,2,any,state,4,477,hmc_in,unsupervised,state,ignorable fit,rest,17,0.768692,0.625139,0.444547,0.882353,2.56152,0.60074
controlled,105,2,any,state,4,477,hmc_in,unsupervised,state,ignorable fit,locomotion,255,0.567907,0.457063,0.349853,0.996078,3.24934,0.60074
controlled,105,2,any,state,4,477,hmc_in,unsupervised,state,ignorable fit,vigorous,145,1.52069,1.45116,0.994657,0.482759,3.21683,0.60074
controlled,105,2,any,state,4,477,hmc_in,unsupervised,state,ignorable fit,transient,60,0.899416,0.711568,0.506523,0.983333,3.08784,0.60074
controlled,105,2,any,state,4,477,hmc_in,unsupervised,state-markov,ignorable fit,all,477,0.998268,0.796606,0.569276,0.834382,3.19405,0.58549
controlled,105,2,any,state,4,477,hmc_in,unsupervised,state-markov,ignorable fit,rest,17,0.766092,0.624377,0.448986,0.882353,2.54929,0.58549
controlled,105,2,any,state,4,477,hmc_in,unsupervised,state-markov,ignorable fit,locomotion,255,0.567192,0.456484,0.349432,0.996078,3.24881,0.58549
controlled,105,2,any,state,4,477,hmc_in,unsupervised,state-markov,ignorable fit,vigorous,145,1.52037,1.45073,0.997749,0.482759,3.21691,0.58549
controlled,105,2,any,state,4,477,hmc_in,unsupervised,state-markov,ignorable fit,transient,60,0.895956,0.71013,0.502217,0.983333,3.08874,0.58549
controlled,105,2,any,state-markov,0,478,hmc_in,oracle,ignorable,,all,478,0.853108,0.696392,0.492032,0.983264,3.44664,0.533701
controlled,105,2,any,state-markov,0,478,hmc_in,oracle,ignorable,,rest,26,1.14479,0.977898,0.664038,0.923077,3.63794,0.533701
controlled,105,2,any,state-markov,0,478,hmc_in,oracle,ignorable,,locomotion,241,0.636753,0.482015,0.381676,0.983402,3.40968,0.533701
controlled,105,2,any,state-markov,0,478,hmc_in,oracle,ignorable,,vigorous,145,1.04012,0.964801,0.622936,1,3.38516,0.533701
controlled,105,2,any,state-markov,0,478,hmc_in,oracle,ignorable,,transient,66,0.947321,0.778614,0.539647,0.969697,3.64132,0.533701
controlled,105,2,any,state-markov,0,478,hmc_in,oracle,state,,all,478,0.885561,0.722326,0.508044,0.976987,3.41165,0.56902
controlled,105,2,any,state-markov,0,478,hmc_in,oracle,state,,rest,26,1.15417,1.00106,0.666805,0.923077,3.61694,0.56902
controlled,105,2,any,state-markov,0,478,hmc_in,oracle,state,,locomotion,241,0.716659,0.530379,0.408523,0.970954,3.35885,0.56902
controlled,105,2,any,state-markov,0,478,hmc_in,oracle,state,,vigorous,145,1.03959,0.961677,0.626797,1,3.37165,0.56902
controlled,105,2,any,state-markov,0,478,hmc_in,oracle,state,,transient,66,0.951354,0.78757,0.548009,0.969697,3.61148,0.56902
controlled,105,2,any,state-markov,0,478,hmc_in,oracle,state-markov,,all,478,0.884552,0.720715,0.506156,0.976987,3.41576,0.611138
controlled,105,2,any,state-markov,0,478,hmc_in,oracle,state-markov,,rest,26,1.1481,0.989788,0.666635,0.923077,3.63203,0.611138
controlled,105,2,any,state-markov,0,478,hmc_in,oracle,state-markov,,locomotion,241,0.718073,0.531327,0.408534,0.970954,3.3577,0.611138
controlled,105,2,any,state-markov,0,478,hmc_in,oracle,state-markov,,vigorous,145,1.03777,0.959232,0.620208,1,3.37548,0.611138
controlled,105,2,any,state-markov,0,478,hmc_in,oracle,state-markov,,transient,66,0.947909,0.782253,0.548839,0.969697,3.63107,0.611138
controlled,105,2,any,state-markov,0,478,hmc_in,unsupervised,ignorable,start,all,478,0.979385,0.766049,0.554881,0.868201,3.23472,0.563863
controlled,105,2,any,state-markov,0,478,hmc_in,unsupervised,ignorable,start,rest,26,1.10715,0.872595,0.604658,0.884615,2.97245,0.563863
controlled,105,2,any,state-markov,0,478,hmc_in,unsupervised,ignorable,start,locomotion,241,0.559141,0.427411,0.344397,0.987552,3.24466,0.563863
controlled,105,2,any,state-markov,0,478,hmc_in,unsupervised,ignorable,start,vigorous,145,1.47509,1.40026,0.956496,0.627586,3.29054,0.563863
controlled,105,2,any,state-markov,0,478,hmc_in,unsupervised,ignorable,start,transient,66,0.736233,0.567286,0.42152,0.954545,3.17911,0.563863
controlled,105,2,any,state-markov,0,478,hmc_in,unsupervised,state,start,all,478,0.875117,0.684653,0.498774,0.889121,2.98184,0.592018
controlled,105,2,any,state-markov,0,478,hmc_in,unsupervised,state,start,rest,26,0.801953,0.690708,0.471056,1,3.11191,0.592018
controlled,105,2,any,state-markov,0,478,hmc_in,unsupervised,state,start,locomotion,241,0.57417,0.407868,0.335602,0.979253,2.93546,0.592018
controlled,105,2,any,state-markov,0,478,hmc_in,unsupervised,state,start,vigorous,145,1.26619,1.18004,0.809077,0.689655,2.95854,0.592018
controlled,105,2,any,state-markov,0,478,hmc_in,unsupervised,state,start,transient,66,0.753034,0.604599,0.423793,0.954545,3.15114,0.592018
controlled,105,2,any,state-markov,0,478,hmc_in,unsupervised,state-markov,start,all,478,0.986341,0.770635,0.556528,0.868201,3.23241,0.598914
controlled,105,2,any,state-markov,0,478,hmc_in,unsupervised,state-markov,start,rest,26,1.12884,0.896484,0.624252,0.884615,2.93524,0.598914
controlled,105,2,any,state-markov,0,478,hmc_in,unsupervised,state-markov,start,locomotion,241,0.572648,0.434969,0.351068,0.987552,3.23871,0.598914
controlled,105,2,any,state-markov,0,478,hmc_in,unsupervised,state-markov,start,vigorous,145,1.4601,1.36856,0.933335,0.627586,3.28204,0.598914
controlled,105,2,any,state-markov,0,478,hmc_in,unsupervised,state-markov,start,transient,66,0.814122,0.633121,0.452258,0.954545,3.21742,0.598914
controlled,105,2,any,state-markov,0,478,hmc_in,unsupervised,state,ignorable fit,all,478,1.0046,0.783487,0.563034,0.866109,3.25206,0.57169
controlled,105,2,any,state-markov,0,478,hmc_in,unsupervised,state,ignorable fit,rest,26,1.15535,0.909904,0.625995,0.807692,2.87828,0.57169
controlled,105,2,any,state-markov,0,478,hmc_in,unsupervised,state,ignorable fit,locomotion,241,0.581509,0.440692,0.350137,0.987552,3.25795,0.57169
controlled,105,2,any,state-markov,0,478,hmc_in,unsupervised,state,ignorable fit,vigorous,145,1.46551,1.37886,0.936575,0.634483,3.284,0.57169
controlled,105,2,any,state-markov,0,478,hmc_in,unsupervised,state,ignorable fit,transient,66,0.911159,0.677386,0.494967,0.954545,3.30763,0.57169
controlled,105,2,any,state-markov,0,478,hmc_in,unsupervised,state-markov,ignorable fit,all,478,0.989674,0.772794,0.558764,0.866109,3.23705,0.592219
controlled,105,2,any,state-markov,0,478,hmc_in,unsupervised,state-markov,ignorable fit,rest,26,1.14259,0.902853,0.629398,0.807692,2.91485,0.592219
controlled,105,2,any,state-markov,0,478,hmc_in,unsupervised,state-markov,ignorable fit,locomotion,241,0.573305,0.43604,0.351044,0.987552,3.24528,0.592219
controlled,105,2,any,state-markov,0,478,hmc_in,unsupervised,state-markov,ignorable fit,vigorous,145,1.46345,1.3724,0.937093,0.634483,3.29034,0.592219
controlled,105,2,any,state-markov,0,478,hmc_in,unsupervised,state-markov,ignorable fit,transient,66,0.820957,0.633907,0.45825,0.954545,3.21685,0.592219
controlled,105,2,any,state-markov,1,541,hmc_in,oracle,ignorable,,all,541,0.787182,0.630162,0.463492,0.987061,3.43121,0.531565
controlled,105,2,any,state-markov,1,541,hmc_in,oracle,ignorable,,rest,20,0.735073,0.616275,0.444546,1,3.58203,0.531565
controlled,105,2,any,state-markov,1,541,hmc_in,oracle,ignorable,,locomotion,304,0.559844,0.417994,0.357272,0.986842,3.42607,0.531565
controlled,105,2,any,state-markov,1,541,hmc_in,oracle,ignorable,,vigorous,149,1.04588,0.971575,0.627849,0.993289,3.34285,0.531565
controlled,105,2,any,state-markov,1,541,hmc_in,oracle,ignorable,,transient,68,0.986376,0.834669,0.583796,0.970588,3.60345,0.531565
controlled,105,2,any,state-markov,1,541,hmc_in,oracle,state,,all,541,0.846632,0.668846,0.480225,0.977819,3.3897,0.624389
controlled,105,2,any,state-markov,1,541,hmc_in,oracle,state,,rest,20,0.735054,0.616259,0.44258,1,3.58208,0.624389
controlled,105,2,any,state-markov,1,541,hmc_in,oracle,state,,locomotion,304,0.657362,0.478019,0.384365,0.976974,3.34834,0.624389
controlled,105,2,any,state-markov,1,541,hmc_in,oracle,state,,vigorous,149,1.04416,0.966508,0.615254,0.993289,3.31897,0.624389
controlled,105,2,any,state-markov,1,541,hmc_in,oracle,state,,transient,68,1.10587,0.88519,0.623977,0.941176,3.67299,0.624389
controlled,105,2,any,state-markov,1,541,hmc_in,oracle,state-markov,,all,541,0.832701,0.662243,0.478576,0.981516,3.40118,0.574344
controlled,105,2,any,state-markov,1,541,hmc_in,oracle,state-markov,,rest,20,0.735056,0.616261,0.435848,1,3.58207,0.574344
controlled,105,2,any,state-markov,1,541,hmc_in,oracle,state-markov,,locomotion,304,0.635785,0.468214,0.378985,0.983553,3.3684,0.574344
controlled,105,2,any,state-markov,1,541,hmc_in,oracle,state-markov,,vigorous,149,1.04402,0.966339,0.618608,0.993289,3.31976,0.574344
controlled,105,2,any,state-markov,1,541,hmc_in,oracle,state-markov,,transient,68,1.07805,0.876866,0.629536,0.941176,3.67294,0.574344
controlled,105,2,any,state-markov,1,541,hmc_in,unsupervised,ignorable,start,all,541,0.934497,0.732553,0.533729,0.876155,3.24539,0.575685
controlled,105,2,any,state-markov,1,541,hmc_in,unsupervised,ignorable,start,rest,20,0.848607,0.68537,0.529263,0.95,3.31013,0.575685
controlled,105,2,any,state-markov,1,541,hmc_in,unsupervised,ignorable,start,locomotion,304,0.541532,0.430249,0.345018,0.996711,3.2655,0.575685
controlled,105,2,any,state-markov,1,541,hmc_in,unsupervised,ignorable,start,vigorous,149,1.49318,1.43285,0.973232,0.57047,3.26262,0.575685
controlled,105,2,any,state-markov,1,541,hmc_in,unsupervised,ignorable,start,transient,68,0.734505,0.563435,0.415661,0.985294,3.09864,0.575685
controlled,105,2,any,state-markov,1,541,hmc_in,unsupervised,state,start,all,541,0.969432,0.757979,0.545238,0.876155,3.25183,0.645943
controlled,105,2,any,state-markov,1,541,hmc_in,unsupervised,state,start,rest,20,1.01924,0.844176,0.608674,0.95,3.45318,0.645943
controlled,105,2,any,state-markov,1,541,hmc_in,unsupervised,state,start,locomotion,304,0.582357,0.450869,0.354077,0.996711,3.26495,0.645943
controlled,105,2,any,state-markov,1,541,hmc_in,unsupervised,state,start,vigorous,149,1.48581,1.42529,0.95949,0.583893,3.24134,0.645943
controlled,105,2,any,state-markov,1,541,hmc_in,unsupervised,state,start,transient,68,0.904374,0.64339,0.473481,0.955882,3.1569,0.645943
controlled,105,2,any,state-markov,1,541,hmc_in,unsupervised,state-markov,start,all,541,0.953388,0.746056,0.539654,0.879852,3.23639,0.585497
controlled,105,2,any,state-markov,1,541,hmc_in,unsupervised,state-markov,start,rest,20,0.957008,0.779033,0.574885,0.95,3.43542,0.585497
controlled,105,2,any,state-markov,1,541,hmc_in,unsupervised,state-markov,start,locomotion,304,0.558022,0.437055,0.346183,0.996711,3.24644,0.585497
controlled,105,2,any,state-markov,1,541,hmc_in,unsupervised,state-markov,start,vigorous,149,1.48994,1.42953,0.969621,0.583893,3.2506,0.585497
controlled,105,2,any,state-markov,1,541,hmc_in,unsupervised,state-markov,start,transient,68,0.840087,0.620164,0.452085,0.985294,3.10175,0.585497
controlled,105,2,any,state-markov,1,541,hmc_in,unsupervised,state,ignorable fit,all,541,0.975838,0.765542,0.550054,0.876155,3.26752,0.6024
controlled,105,2,any,state-markov,1,541,hmc_in,unsupervised,state,ignorable fit,rest,20,1.06995,0.921007,0.63616,0.95,3.46209,0.6024
controlled,105,2,any,state-markov,1,541,hmc_in,unsupervised,state,ignorable fit,locomotion,304,0.583919,0.454325,0.356684,0.996711,3.28281,0.6024
controlled,105,2,any,state-markov,1,541,hmc_in,unsupervised,state,ignorable fit,vigorous,149,1.49449,1.43418,0.968354,0.583893,3.25987,0.6024
controlled,105,2,any,state-markov,1,541,hmc_in,unsupervised,state,ignorable fit,transient,68,0.906112,0.646037,0.472636,0.955882,3.15871,0.6024
controlled,105,2,any,state-markov,1,541,hmc_in,unsupervised,state-markov,ignorable fit,all,541,0.955178,0.747408,0.540072,0.879852,3.24344,0.576532
controlled,105,2,any,state-markov,1,541,hmc_in,unsupervised,state-markov,ignorable fit,rest,20,0.961317,0.771093,0.578374,0.95,3.45713,0.576532
controlled,105,2,any,state-markov,1,541,hmc_in,unsupervised,state-markov,ignorable fit,locomotion,304,0.558431,0.438328,0.346998,0.996711,3.25347,0.576532
controlled,105,2,any,state-markov,1,541,hmc_in,unsupervised,state-markov,ignorable fit,vigorous,149,1.49353,1.4332,0.972821,0.583893,3.25832,0.576532
controlled,105,2,any,state-markov,1,541,hmc_in,unsupervised,state-markov,ignorable fit,transient,68,0.839655,0.619522,0.443733,0.985294,3.10318,0.576532
controlled,105,2,any,state-markov,2,505,hmc_in,oracle,ignorable,,all,505,0.810737,0.640284,0.466056,0.980198,3.45872,0.605026
controlled,105,2,any,state-markov,2,505,hmc_in,oracle,ignorable,,rest,26,1.11427,0.910084,0.626555,0.961538,3.59435,0.605026
controlled,105,2,any,state-markov,2,505,hmc_in,oracle,ignorable,,locomotion,293,0.601986,0.442992,0.369072,0.982935,3.40705,0.605026
controlled,105,2,any,state-markov,2,505,hmc_in,oracle,ignorable,,vigorous,126,1.0575,0.967717,0.621959,0.984127,3.46107,0.605026
controlled,105,2,any,state-markov,2,505,hmc_in,oracle,ignorable,,transient,60,0.936014,0.799202,0.542719,0.966667,3.64736,0.605026
controlled,105,2,any,state-markov,2,505,hmc_in,oracle,state,,all,505,0.974527,0.728315,0.538966,0.946535,3.39458,0.607014
controlled,105,2,any,state-markov,2,505,hmc_in,oracle,state,,rest,26,1.11533,0.91464,0.627998,0.923077,3.57841,0.607014
controlled,105,2,any,state-markov,2,505,hmc_in,oracle,state,,locomotion,293,0.859144,0.552839,0.457449,0.938567,3.34073,0.607014
controlled,105,2,any,state-markov,2,505,hmc_in,oracle,state,,vigorous,126,1.13489,1.01255,0.667068,0.960317,3.34172,0.607014
controlled,105,2,any,state-markov,2,505,hmc_in,oracle,state,,transient,60,1.07004,0.907591,0.629442,0.966667,3.68893,0.607014
controlled,105,2,any,state-markov,2,505,hmc_in,oracle,state-markov,,all,505,0.944074,0.705538,0.524432,0.950495,3.42458,0.591234
controlled,105,2,any,state-markov,2,505,hmc_in,oracle,state-markov,,rest,26,1.11486,0.912833,0.62742,0.923077,3.5844,0.591234
controlled,105,2,any,state-markov,2,505,hmc_in,oracle,state-markov,,locomotion,293,0.836832,0.543267,0.449453,0.945392,3.3588,0.591234
controlled,105,2,any,state-markov,2,505,hmc_in,oracle,state-markov,,vigorous,126,1.09649,0.968612,0.650244,0.960317,3.41853,0.591234
controlled,105,2,any,state-markov,2,505,hmc_in,oracle,state-markov,,transient,60,1.00918,0.855674,0.58175,0.966667,3.6893,0.591234
controlled,105,2,any,state-markov,2,505,hmc_in,unsupervised,ignorable,start,all,505,0.890149,0.690355,0.499449,0.89703,3.25496,0.5724
controlled,105,2,any,state-markov,2,505,hmc_in,unsupervised,ignorable,start,rest,26,0.712737,0.576795,0.423733,0.961538,2.80312,0.5724
controlled,105,2,any,state-markov,2,505,hmc_in,unsupervised,ignorable,start,locomotion,293,0.533706,0.425959,0.335148,1,3.28011,0.5724
controlled,105,2,any,state-markov,2,505,hmc_in,unsupervised,ignorable,start,vigorous,126,1.46422,1.38097,0.928989,0.611111,3.38022,0.5724
controlled,105,2,any,state-markov,2,505,hmc_in,unsupervised,ignorable,start,transient,60,0.745442,0.580402,0.432559,0.966667,3.06489,0.5724
controlled,105,2,any,state-markov,2,505,hmc_in,unsupervised,state,start,all,505,0.925158,0.685986,0.515275,0.869307,3.00374,0.549969
controlled,105,2,any,state-markov,2,505,hmc_in,unsupervised,state,start,rest,26,0.749354,0.626057,0.448295,1,3.02606,0.549969
controlled,105,2,any,state-markov,2,505,hmc_in,unsupervised,state,start,locomotion,293,0.740351,0.467525,0.39198,0.94198,2.97018,0.549969
controlled,105,2,any,state-markov,2,505,hmc_in,unsupervised,state,start,vigorous,126,1.31368,1.22023,0.833055,0.634921,2.98995,0.549969
controlled,105,2,any,state-markov,2,505,hmc_in,unsupervised,state,start,transient,60,0.812328,0.656859,0.479054,0.95,3.18691,0.549969
controlled,105,2,any,state-markov,2,505,hmc_in,unsupervised,state-markov,start,all,505,0.918283,0.716242,0.510949,0.89703,3.25678,0.625149
controlled,105,2,any,state-markov,2,505,hmc_in,unsupervised,state-markov,start,rest,26,0.73444,0.60628,0.427421,0.961538,2.8275,0.625149
controlled,105,2,any,state-markov,2,505,hmc_in,unsupervised,state-markov,start,locomotion,293,0.605552,0.463873,0.355759,0.996587,3.30079,0.625149
controlled,105,2,any,state-markov,2,505,hmc_in,unsupervised,state-markov,start,vigorous,126,1.45595,1.37009,0.921757,0.611111,3.3261,0.625149
controlled,105,2,any,state-markov,2,505,hmc_in,unsupervised,state-markov,start,transient,60,0.788246,0.62322,0.442293,0.983333,3.08228,0.625149
controlled,105,2,any,state-markov,2,505,hmc_in,unsupervised,state,ignorable fit,all,505,0.973121,0.749685,0.542891,0.873267,3.25085,0.631856
controlled,105,2,any,state-markov,2,505,hmc_in,unsupervised,state,ignorable fit,rest,26,0.766381,0.651409,0.436933,0.961538,2.90667,0.631856
controlled,105,2,any,state-markov,2,505,hmc_in,unsupervised,state,ignorable fit,locomotion,293,0.717557,0.507687,0.397245,0.96587,3.28565,0.631856
controlled,105,2,any,state-markov,2,505,hmc_in,unsupervised,state,ignorable fit,vigorous,126,1.46935,1.3845,0.944384,0.603175,3.30179,0.631856
controlled,105,2,any,state-markov,2,505,hmc_in,unsupervised,state,ignorable fit,transient,60,0.817023,0.640924,0.456906,0.95,3.12308,0.631856
controlled,105,2,any,state-markov,2,505,hmc_in,unsupervised,state-markov,ignorable fit,all,505,0.915432,0.715544,0.5096,0.89703,3.26898,0.585551
controlled,105,2,any,state-markov,2,505,hmc_in,unsupervised,state-markov,ignorable fit,rest,26,0.740062,0.624657,0.434853,0.961538,2.82992,0.585551
controlled,105,2,any,state-markov,2,505,hmc_in,unsupervised,state-markov,ignorable fit,locomotion,293,0.589524,0.457958,0.352005,1,3.3152,0.585551
controlled,105,2,any,state-markov,2,505,hmc_in,unsupervised,state-markov,ignorable fit,vigorous,126,1.46283,1.37754,0.924154,0.611111,3.34804,0.585551
controlled,105,2,any,state-markov,2,505,hmc_in,unsupervised,state-markov,ignorable fit,transient,60,0.790645,0.622604,0.441016,0.966667,3.06756,0.585551
controlled,105,2,any,state-markov,3,536,hmc_in,oracle,ignorable,,all,536,0.842898,0.688398,0.493453,0.985075,3.46235,0.550122
controlled,105,2,any,state-markov,3,536,hmc_in,oracle,ignorable,,rest,40,1.04978,0.892711,0.617306,0.925,3.57694,0.550122
controlled,105,2,any,state-markov,3,536,hmc_in,oracle,ignorable,,locomotion,264,0.634592,0.459973,0.386617,0.981061,3.48686,0.550122
controlled,105,2,any,state-markov,3,536,hmc_in,oracle,ignorable,,vigorous,182,1.05286,0.978678,0.631931,1,3.34587,0.550122
controlled,105,2,any,state-markov,3,536,hmc_in,oracle,ignorable,,transient,50,0.757231,0.674414,0.454402,1,3.66529,0.550122
controlled,105,2,any,state-markov,3,536,hmc_in,oracle,state,,all,536,0.916975,0.74394,0.524641,0.966418,3.39228,0.562617
controlled,105,2,any,state-markov,3,536,hmc_in,oracle,state,,rest,40,1.04935,0.892121,0.615759,0.925,3.57859,0.562617
controlled,105,2,any,state-markov,3,536,hmc_in,oracle,state,,locomotion,264,0.81126,0.565562,0.448084,0.943182,3.36536,0.562617
controlled,105,2,any,state-markov,3,536,hmc_in,oracle,state,,vigorous,182,1.05844,0.988398,0.631864,1,3.32774,0.562617
controlled,105,2,any,state-markov,3,536,hmc_in,oracle,state,,transient,50,0.761601,0.677404,0.465678,1,3.6203,0.562617
controlled,105,2,any,state-markov,3,536,hmc_in,oracle,state-markov,,all,536,0.908808,0.739228,0.520489,0.972015,3.40458,0.595108
controlled,105,2,any,state-markov,3,536,hmc_in,oracle,state-markov,,rest,40,1.04985,0.892771,0.615091,0.925,3.57677,0.595108
controlled,105,2,any,state-markov,3,536,hmc_in,oracle,state-markov,,locomotion,264,0.792571,0.556188,0.441197,0.954545,3.386,0.595108
controlled,105,2,any,state-markov,3,536,hmc_in,oracle,state-markov,,vigorous,182,1.05656,0.986586,0.627161,1,3.33099,0.595108
controlled,105,2,any,state-markov,3,536,hmc_in,oracle,state-markov,,transient,50,0.769491,0.682467,0.475183,1,3.63279,0.595108
controlled,105,2,any,state-markov,3,536,hmc_in,unsupervised,ignorable,start,all,536,1.03412,0.834928,0.594499,0.820896,3.23168,0.55842
controlled,105,2,any,state-markov,3,536,hmc_in,unsupervised,ignorable,start,rest,40,0.988931,0.788894,0.547941,0.925,2.85911,0.55842
controlled,105,2,any,state-markov,3,536,hmc_in,unsupervised,ignorable,start,locomotion,264,0.576467,0.464048,0.359863,0.996212,3.32425,0.55842
controlled,105,2,any,state-markov,3,536,hmc_in,unsupervised,ignorable,start,vigorous,182,1.51486,1.45352,0.990952,0.510989,3.25437,0.55842
controlled,105,2,any,state-markov,3,536,hmc_in,unsupervised,ignorable,start,transient,50,0.757507,0.57833,0.427537,0.94,2.95838,0.55842
controlled,105,2,any,state-markov,3,536,hmc_in,unsupervised,state,start,all,536,1.05977,0.858049,0.604915,0.815299,3.18683,0.57413
controlled,105,2,any,state-markov,3,536,hmc_in,unsupervised,state,start,rest,40,0.937157,0.740143,0.519542,0.925,2.84401,0.57413
controlled,105,2,any,state-markov,3,536,hmc_in,unsupervised,state,start,locomotion,264,0.670579,0.516612,0.384991,0.984848,3.25149,0.57413
controlled,105,2,any,state-markov,3,536,hmc_in,unsupervised,state,start,vigorous,182,1.50797,1.44685,0.983448,0.510989,3.23491,0.57413
controlled,105,2,any,state-markov,3,536,hmc_in,unsupervised,state,start,transient,50,0.82807,0.611924,0.456551,0.94,2.9447,0.57413
controlled,105,2,any,state-markov,3,536,hmc_in,unsupervised,state-markov,start,all,536,1.05589,0.85211,0.601491,0.813433,3.17697,0.519436
controlled,105,2,any,state-markov,3,536,hmc_in,unsupervised,state-markov,start,rest,40,0.925771,0.716987,0.511846,0.925,2.78238,0.519436
controlled,105,2,any,state-markov,3,536,hmc_in,unsupervised,state-markov,start,locomotion,264,0.672771,0.514675,0.391886,0.981061,3.24285,0.519436
controlled,105,2,any,state-markov,3,536,hmc_in,unsupervised,state-markov,start,vigorous,182,1.50622,1.44294,0.973893,0.510989,3.22981,0.519436
controlled,105,2,any,state-markov,3,536,hmc_in,unsupervised,state-markov,start,transient,50,0.786247,0.591237,0.424379,0.94,2.95243,0.519436
controlled,105,2,any,state-markov,3,536,hmc_in,unsupervised,state,ignorable fit,all,536,1.06454,0.863028,0.612069,0.815299,3.2004,0.54417
controlled,105,2,any,state-markov,3,536,hmc_in,unsupervised,state,ignorable fit,rest,40,0.940931,0.748842,0.525298,0.925,2.85282,0.54417
controlled,105,2,any,state-markov,3,536,hmc_in,unsupervised,state,ignorable fit,locomotion,264,0.672612,0.519884,0.391541,0.984848,3.2658,0.54417
controlled,105,2,any,state-markov,3,536,hmc_in,unsupervised,state,ignorable fit,vigorous,182,1.51561,1.45479,0.994298,0.510989,3.25118,0.54417
controlled,105,2,any,state-markov,3,536,hmc_in,unsupervised,state,ignorable fit,transient,50,0.830627,0.612148,0.454564,0.94,2.94831,0.54417
controlled,105,2,any,state-markov,3,536,hmc_in,unsupervised,state-markov,ignorable fit,all,536,1.06072,0.857554,0.60934,0.813433,3.19275,0.543365
controlled,105,2,any,state-markov,3,536,hmc_in,unsupervised,state-markov,ignorable fit,rest,40,0.929196,0.728758,0.52701,0.925,2.78517,0.543365
controlled,105,2,any,state-markov,3,536,hmc_in,unsupervised,state-markov,ignorable fit,locomotion,264,0.672659,0.517412,0.39334,0.981061,3.2614,0.543365
controlled,105,2,any,state-markov,3,536,hmc_in,unsupervised,state-markov,ignorable fit,vigorous,182,1.51485,1.45161,0.991174,0.510989,3.24889,0.543365
controlled,105,2,any,state-markov,3,536,hmc_in,unsupervised,state-markov,ignorable fit,transient,50,0.792809,0.594167,0.425813,0.94,2.95197,0.543365
controlled,105,2,any,state-markov,4,470,hmc_in,oracle,ignorable,,all,470,0.819681,0.653218,0.471892,0.978723,3.4613,0.558458
controlled,105,2,any,state-markov,4,470,hmc_in,oracle,ignorable,,rest,25,1.13901,0.962371,0.660027,0.92,3.6421,0.558458
controlled,105,2,any,state-markov,4,470,hmc_in,oracle,ignorable,,locomotion,264,0.620926,0.463001,0.373671,0.988636,3.45267,0.558458
controlled,105,2,any,state-markov,4,470,hmc_in,oracle,ignorable,,vigorous,125,1.01957,0.928207,0.603033,1,3.34808,0.558458
controlled,105,2,any,state-markov,4,470,hmc_in,oracle,ignorable,,transient,56,0.960123,0.798128,0.558218,0.910714,3.67394,0.558458
controlled,105,2,any,state-markov,4,470,hmc_in,oracle,state,,all,470,0.872189,0.690898,0.491819,0.961702,3.39161,0.640357
controlled,105,2,any,state-markov,4,470,hmc_in,oracle,state,,rest,25,1.1402,0.963741,0.643556,0.92,3.59128,0.640357
controlled,105,2,any,state-markov,4,470,hmc_in,oracle,state,,locomotion,264,0.716107,0.513022,0.401882,0.969697,3.376,0.640357
controlled,105,2,any,state-markov,4,470,hmc_in,oracle,state,,vigorous,125,1.02534,0.930045,0.608277,0.992,3.33862,0.640357
controlled,105,2,any,state-markov,4,470,hmc_in,oracle,state,,transient,56,1.01978,0.873838,0.58812,0.875,3.49435,0.640357
controlled,105,2,any,state-markov,4,470,hmc_in,oracle,state-markov,,all,470,0.863929,0.686762,0.490725,0.965957,3.40148,0.542011
controlled,105,2,any,state-markov,4,470,hmc_in,oracle,state-markov,,rest,25,1.13883,0.959153,0.668222,0.92,3.60742,0.542011
controlled,105,2,any,state-markov,4,470,hmc_in,oracle,state-markov,,locomotion,264,0.703558,0.508049,0.402602,0.973485,3.38285,0.542011
controlled,105,2,any,state-markov,4,470,hmc_in,oracle,state-markov,,vigorous,125,1.02072,0.928665,0.597572,1,3.34487,0.542011
controlled,105,2,any,state-markov,4,470,hmc_in,oracle,state-markov,,transient,56,1.01295,0.867704,0.588421,0.875,3.52379,0.542011
controlled,105,2,any,state-markov,4,470,hmc_in,unsupervised,ignorable,start,all,470,0.885501,0.685796,0.502339,0.904255,3.22147,0.576151
controlled,105,2,any,state-markov,4,470,hmc_in,unsupervised,ignorable,start,rest,25,0.704857,0.569662,0.395747,1,2.60364,0.576151
controlled,105,2,any,state-markov,4,470,hmc_in,unsupervised,ignorable,start,locomotion,264,0.505133,0.40465,0.333775,0.996212,3.30591,0.576151
controlled,105,2,any,state-markov,4,470,hmc_in,unsupervised,ignorable,start,vigorous,125,1.44183,1.36428,0.920948,0.656,3.26062,0.576151
controlled,105,2,any,state-markov,4,470,hmc_in,unsupervised,ignorable,start,transient,56,0.718269,0.548575,0.410184,0.982143,3.01185,0.576151
controlled,105,2,any,state-markov,4,470,hmc_in,unsupervised,state,start,all,470,0.868117,0.668404,0.491029,0.891489,3.0001,0.604917
controlled,105,2,any,state-markov,4,470,hmc_in,unsupervised,state,start,rest,25,1.00551,0.802427,0.57101,0.96,2.95415,0.604917
controlled,105,2,any,state-markov,4,470,hmc_in,unsupervised,state,start,locomotion,264,0.579276,0.412808,0.339482,0.977273,3.00776,0.604917
controlled,105,2,any,state-markov,4,470,hmc_in,unsupervised,state,start,vigorous,125,1.2795,1.19427,0.808712,0.672,2.9712,0.604917
controlled,105,2,any,state-markov,4,470,hmc_in,unsupervised,state,start,transient,56,0.79845,0.639712,0.460646,0.946429,3.04898,0.604917
controlled,105,2,any,state-markov,4,470,hmc_in,unsupervised,state-markov,start,all,470,0.906668,0.705036,0.507117,0.9,3.21059,0.689833
controlled,105,2,any,state-markov,4,470,hmc_in,unsupervised,state-markov,start,rest,25,0.745843,0.596052,0.409222,1,2.60014,0.689833
controlled,105,2,any,state-markov,4,470,hmc_in,unsupervised,state-markov,start,locomotion,264,0.561755,0.435767,0.343182,0.992424,3.29281,0.689833
controlled,105,2,any,state-markov,4,470,hmc_in,unsupervised,state-markov,start,vigorous,125,1.43834,1.3578,0.913158,0.648,3.25088,0.689833
controlled,105,2,any,state-markov,4,470,hmc_in,unsupervised,state-markov,start,transient,56,0.738505,0.566035,0.417312,0.982143,3.00552,0.689833
controlled,105,2,any,state-markov,4,470,hmc_in,unsupervised,state,ignorable fit,all,470,0.917976,0.714511,0.515049,0.897872,3.22202,0.536422
controlled,105,2,any,state-markov,4,470,hmc_in,unsupervised,state,ignorable fit,rest,25,0.776293,0.608294,0.414977,1,2.57481,0.536422
controlled,105,2,any,state-markov,4,470,hmc_in,unsupervised,state,ignorable fit,locomotion,264,0.578274,0.446847,0.352764,0.992424,3.30019,0.536422
controlled,105,2,any,state-markov,4,470,hmc_in,unsupervised,state,ignorable fit,vigorous,125,1.44367,1.36319,0.917385,0.648,3.27454,0.536422
controlled,105,2,any,state-markov,4,470,hmc_in,unsupervised,state,ignorable fit,transient,56,0.758152,0.575831,0.426714,0.964286,3.02522,0.536422
controlled,105,2,any,state-markov,4,470,hmc_in,unsupervised,state-markov,ignorable fit,all,470,0.909051,0.707025,0.511952,0.902128,3.22153,0.619428
controlled,105,2,any,state-markov,4,470,hmc_in,unsupervised,state-markov,ignorable fit,rest,25,0.75739,0.600251,0.410796,1,2.57463,0.619428
controlled,105,2,any,state-markov,4,470,hmc_in,unsupervised,state-markov,ignorable fit,locomotion,264,0.559613,0.435924,0.348038,0.996212,3.30589,0.619428
controlled,105,2,any,state-markov,4,470,hmc_in,unsupervised,state-markov,ignorable fit,vigorous,125,1.44378,1.36361,0.918106,0.648,3.26375,0.619428
controlled,105,2,any,state-markov,4,470,hmc_in,unsupervised,state-markov,ignorable fit,transient,56,0.741814,0.56715,0.423252,0.982143,3.0184,0.619428
controlled,105,3,ge10,state,0,95,hmc_in,oracle,ignorable,,all,95,0.57835,0.434547,0.327856,0.968421,2.67877,0.585884
controlled,105,3,ge10,state,0,95,hmc_in,oracle,ignorable,,rest,4,1.16465,0.908449,0.666571,0.75,3.6083,0.585884
controlled,105,3,ge10,state,0,95,hmc_in,oracle,ignorable,,locomotion,84,0.539578,0.410848,0.312196,0.97619,2.61417,0.585884
controlled,105,3,ge10,state,0,95,hmc_in,oracle,ignorable,,vigorous,3,0.220484,0.191037,0.23322,1,2.73435,0.585884
controlled,105,3,ge10,state,0,95,hmc_in,oracle,ignorable,,transient,4,0.661205,0.640972,0.388996,1,3.06431,0.585884
controlled,105,3,ge10,state,0,95,hmc_in,oracle,state,,all,95,0.570472,0.432454,0.322792,0.978947,2.67625,0.668757
controlled,105,3,ge10,state,0,95,hmc_in,oracle,state,,rest,4,1.0086,0.808668,0.586774,1,3.74298,0.668757
controlled,105,3,ge10,state,0,95,hmc_in,oracle,state,,locomotion,84,0.545031,0.413232,0.310353,0.97619,2.6049,0.668757
controlled,105,3,ge10,state,0,95,hmc_in,oracle,state,,vigorous,3,0.220484,0.191037,0.209577,1,2.73435,0.668757
controlled,105,3,ge10,state,0,95,hmc_in,oracle,state,,transient,4,0.661204,0.640971,0.404946,1,3.06431,0.668757
controlled,105,3,ge10,state,0,95,hmc_in,oracle,state-markov,,all,95,0.570299,0.432408,0.329241,0.978947,2.67635,0.686621
controlled,105,3,ge10,state,0,95,hmc_in,oracle,state-markov,,rest,4,1.00533,0.806465,0.595182,1,3.74421,0.686621
controlled,105,3,ge10,state,0,95,hmc_in,oracle,state-markov,,locomotion,84,0.545114,0.413285,0.316279,0.97619,2.60496,0.686621
controlled,105,3,ge10,state,0,95,hmc_in,oracle,state-markov,,vigorous,3,0.220484,0.191037,0.222401,1,2.73435,0.686621
controlled,105,3,ge10,state,0,95,hmc_in,oracle,state-markov,,transient,4,0.661204,0.640971,0.415623,1,3.06431,0.686621
controlled,105,3,ge10,state,0,95,pmc_pair,oracle,ignorable,,all,95,0.430134,0.34161,0.240762,0.810526,1.14943,1.29454
controlled,105,3,ge10,state,0,95,pmc_pair,oracle,ignorable,,rest,4,0.548607,0.537147,0.31616,1,1.59142,1.29454
controlled,105,3,ge10,state,0,95,pmc_pair,oracle,ignorable,,locomotion,84,0.426003,0.337058,0.238505,0.797619,1.11706,1.29454
controlled,105,3,ge10,state,0,95,pmc_pair,oracle,ignorable,,vigorous,3,0.169771,0.140602,0.109783,1,0.60097,1.29454
controlled,105,3,ge10,state,0,95,pmc_pair,oracle,ignorable,,transient,4,0.510362,0.392413,0.310984,0.75,1.79864,1.29454
controlled,105,3,ge10,state,0,95,pmc_pair,oracle,state,,all,95,0.459188,0.363654,0.257243,0.8,1.1205,1.35303
controlled,105,3,ge10,state,0,95,pmc_pair,oracle,state,,rest,4,0.548622,0.537164,0.321987,1,1.59144,1.35303
controlled,105,3,ge10,state,0,95,pmc_pair,oracle,state,,locomotion,84,0.457415,0.357898,0.25606,0.785714,1.09491,1.35303
controlled,105,3,ge10,state,0,95,pmc_pair,oracle,state,,vigorous,3,0.16977,0.140602,0.10444,1,0.60097,1.35303
controlled,105,3,ge10,state,0,95,pmc_pair,oracle,state,,transient,4,0.539795,0.478304,0.331933,0.75,1.57672,1.35303
controlled,105,3,ge10,state,0,95,pmc_pair,oracle,state-markov,,all,95,0.459372,0.363733,0.257611,0.8,1.12033,1.43114
controlled,105,3,ge10,state,0,95,pmc_pair,oracle,state-markov,,rest,4,0.548623,0.537164,0.299535,1,1.59144,1.43114
controlled,105,3,ge10,state,0,95,pmc_pair,oracle,state-markov,,locomotion,84,0.45762,0.357984,0.256783,0.785714,1.09473,1.43114
controlled,105,3,ge10,state,0,95,pmc_pair,oracle,state-markov,,vigorous,3,0.16977,0.140602,0.110465,1,0.60097,1.43114
controlled,105,3,ge10,state,0,95,pmc_pair,oracle,state-markov,,transient,4,0.539847,0.478381,0.343432,0.75,1.5765,1.43114
controlled,105,3,ge10,state,0,95,hmc_in,unsupervised,ignorable,start,all,95,0.631069,0.510056,0.365251,0.947368,2.54397,0.681556
controlled,105,3,ge10,state,0,95,hmc_in,unsupervised,ignorable,start,rest,4,0.917219,0.829654,0.57097,0.75,2.07369,0.681556
controlled,105,3,ge10,state,0,95,hmc_in,unsupervised,ignorable,start,locomotion,84,0.604628,0.488129,0.352668,0.964286,2.57783,0.681556
controlled,105,3,ge10,state,0,95,hmc_in,unsupervised,ignorable,start,vigorous,3,0.697301,0.662565,0.416804,1,2.34606,0.681556
controlled,105,3,ge10,state,0,95,hmc_in,unsupervised,ignorable,start,transient,4,0.758506,0.536557,0.385121,0.75,2.45165,0.681556
controlled,105,3,ge10,state,0,95,hmc_in,unsupervised,state,start,all,95,0.648387,0.528581,0.368285,0.947368,2.46494,0.61342
controlled,105,3,ge10,state,0,95,hmc_in,unsupervised,state,start,rest,4,0.90038,0.815659,0.510293,0.75,2.11684,0.61342
controlled,105,3,ge10,state,0,95,hmc_in,unsupervised,state,start,locomotion,84,0.627184,0.510048,0.358467,0.964286,2.48397,0.61342
controlled,105,3,ge10,state,0,95,hmc_in,unsupervised,state,start,vigorous,3,0.706067,0.671783,0.41278,1,2.35792,0.61342
controlled,105,3,ge10,state,0,95,hmc_in,unsupervised,state,start,transient,4,0.734512,0.523304,0.399077,0.75,2.49363,0.61342
controlled,105,3,ge10,state,0,95,hmc_in,unsupervised,state-markov,start,all,95,0.648298,0.528407,0.37009,0.947368,2.46538,0.563001
controlled,105,3,ge10,state,0,95,hmc_in,unsupervised,state-markov,start,rest,4,0.90069,0.815981,0.55539,0.75,2.11603,0.563001
controlled,105,3,ge10,state,0,95,hmc_in,unsupervised,state-markov,start,locomotion,84,0.627037,0.509826,0.355599,0.964286,2.48456,0.563001
controlled,105,3,ge10,state,0,95,hmc_in,unsupervised,state-markov,start,vigorous,3,0.705997,0.671709,0.443389,1,2.35784,0.563001
controlled,105,3,ge10,state,0,95,hmc_in,unsupervised,state-markov,start,transient,4,0.734942,0.523563,0.434114,0.75,2.49257,0.563001
controlled,105,3,ge10,state,0,95,hmc_in,unsupervised,state,ignorable fit,all,95,0.64922,0.529559,0.370945,0.947368,2.46741,0.62615
controlled,105,3,ge10,state,0,95,hmc_in,unsupervised,state,ignorable fit,rest,4,0.89936,0.814767,0.516656,0.75,2.12288,0.62615
controlled,105,3,ge10,state,0,95,hmc_in,unsupervised,state,ignorable fit,locomotion,84,0.62816,0.511188,0.362027,0.964286,2.48603,0.62615
controlled,105,3,ge10,state,0,95,hmc_in,unsupervised,state,ignorable fit,vigorous,3,0.705472,0.671157,0.384859,1,2.35695,0.62615
controlled,105,3,ge10,state,0,95,hmc_in,unsupervised,state,ignorable fit,transient,4,0.736138,0.523933,0.402069,0.75,2.50386,0.62615
controlled,105,3,ge10,state,0,95,hmc_in,unsupervised,state-markov,ignorable fit,all,95,0.64913,0.529376,0.372085,0.947368,2.46792,0.622236
controlled,105,3,ge10,state,0,95,hmc_in,unsupervised,state-markov,ignorable fit,rest,4,0.899634,0.815065,0.569732,0.75,2.12217,0.622236
controlled,105,3,ge10,state,0,95,hmc_in,unsupervised,state-markov,ignorable fit,locomotion,84,0.628012,0.510957,0.35914,0.964286,2.48668,0.622236
controlled,105,3,ge10,state,0,95,hmc_in,unsupervised,state-markov,ignorable fit,vigorous,3,0.705431,0.671114,0.394845,1,2.3569,0.622236
controlled,105,3,ge10,state,0,95,hmc_in,unsupervised,state-markov,ignorable fit,transient,4,0.736598,0.524194,0.4292,0.75,2.50293,0.622236
controlled,105,3,ge10,state,1,116,hmc_in,oracle,ignorable,,all,116,0.597799,0.466825,0.340067,0.982759,2.70829,0.592177
controlled,105,3,ge10,state,1,116,hmc_in,oracle,ignorable,,rest,6,1.0132,0.946232,0.594236,1,3.63222,0.592177
controlled,105,3,ge10,state,1,116,hmc_in,oracle,ignorable,,locomotion,101,0.541888,0.42345,0.317009,0.990099,2.63463,0.592177
controlled,105,3,ge10,state,1,116,hmc_in,oracle,ignorable,,vigorous,7,0.835343,0.653864,0.461026,0.857143,2.85923,0.592177
controlled,105,3,ge10,state,1,116,hmc_in,oracle,ignorable,,transient,2,0.613302,0.564409,0.31864,1,3.12817,0.592177
controlled,105,3,ge10,state,1,116,hmc_in,oracle,state,,all,116,0.607996,0.472553,0.345537,0.982759,2.71012,0.590636
controlled,105,3,ge10,state,1,116,hmc_in,oracle,state,,rest,6,0.98655,0.858233,0.568573,1,3.7031,0.590636
controlled,105,3,ge10,state,1,116,hmc_in,oracle,state,,locomotion,101,0.559859,0.437068,0.324261,0.990099,2.62925,0.590636
controlled,105,3,ge10,state,1,116,hmc_in,oracle,state,,vigorous,7,0.836317,0.654351,0.469511,0.857143,2.85815,0.590636
controlled,105,3,ge10,state,1,116,hmc_in,oracle,state,,transient,2,0.49354,0.471213,0.316933,1,3.29678,0.590636
controlled,105,3,ge10,state,1,116,hmc_in,oracle,state-markov,,all,116,0.608428,0.47282,0.347647,0.982759,2.71032,0.591972
controlled,105,3,ge10,state,1,116,hmc_in,oracle,state-markov,,rest,6,0.986689,0.861126,0.609305,1,3.70318,0.591972
controlled,105,3,ge10,state,1,116,hmc_in,oracle,state-markov,,locomotion,101,0.56044,0.437252,0.325557,0.990099,2.62941,0.591972
controlled,105,3,ge10,state,1,116,hmc_in,oracle,state-markov,,vigorous,7,0.836273,0.65433,0.449528,0.857143,2.8582,0.591972
controlled,105,3,ge10,state,1,116,hmc_in,oracle,state-markov,,transient,2,0.490536,0.468811,0.321666,1,3.29983,0.591972
controlled,105,3,ge10,state,1,116,pmc_pair,oracle,ignorable,,all,116,0.426916,0.311083,0.229037,0.853448,1.08837,1.30317
controlled,105,3,ge10,state,1,116,pmc_pair,oracle,ignorable,,rest,6,0.207706,0.185363,0.131841,1,1.04009,1.30317
controlled,105,3,ge10,state,1,116,pmc_pair,oracle,ignorable,,locomotion,101,0.415034,0.303364,0.225866,0.861386,1.07678,1.30317
controlled,105,3,ge10,state,1,116,pmc_pair,oracle,ignorable,,vigorous,7,0.571375,0.436368,0.304822,0.571429,1.04072,1.30317
controlled,105,3,ge10,state,1,116,pmc_pair,oracle,ignorable,,transient,2,0.774627,0.639522,0.4155,1,1.98521,1.30317
controlled,105,3,ge10,state,1,116,pmc_pair,oracle,state,,all,116,0.453448,0.325907,0.241255,0.844828,1.10051,1.44743
controlled,105,3,ge10,state,1,116,pmc_pair,oracle,state,,rest,6,0.207742,0.185398,0.12762,1,1.04018,1.44743
controlled,105,3,ge10,state,1,116,pmc_pair,oracle,state,,locomotion,101,0.457487,0.327734,0.244316,0.851485,1.09458,1.44743
controlled,105,3,ge10,state,1,116,pmc_pair,oracle,state,,vigorous,7,0.573256,0.437519,0.314807,0.571429,1.03894,1.44743
controlled,105,3,ge10,state,1,116,pmc_pair,oracle,state,,transient,2,0.276885,0.264535,0.170157,1,1.79648,1.44743
controlled,105,3,ge10,state,1,116,pmc_pair,oracle,state-markov,,all,116,0.454274,0.326144,0.237084,0.844828,1.09856,1.49275
controlled,105,3,ge10,state,1,116,pmc_pair,oracle,state-markov,,rest,6,0.207743,0.185399,0.119988,1,1.04018,1.49275
controlled,105,3,ge10,state,1,116,pmc_pair,oracle,state-markov,,locomotion,101,0.458493,0.328096,0.240645,0.851485,1.09275,1.49275
controlled,105,3,ge10,state,1,116,pmc_pair,oracle,state-markov,,vigorous,7,0.57327,0.437536,0.307254,0.571429,1.0389,1.49275
controlled,105,3,ge10,state,1,116,pmc_pair,oracle,state-markov,,transient,2,0.271194,0.259935,0.162927,1,1.77593,1.49275
controlled,105,3,ge10,state,1,116,hmc_in,unsupervised,ignorable,start,all,116,0.622721,0.498616,0.35417,0.965517,2.49269,0.618651
controlled,105,3,ge10,state,1,116,hmc_in,unsupervised,ignorable,start,rest,6,0.356102,0.307556,0.20723,1,1.8422,0.618651
controlled,105,3,ge10,state,1,116,hmc_in,unsupervised,ignorable,start,locomotion,101,0.628249,0.503795,0.360049,0.960396,2.5562,0.618651
controlled,105,3,ge10,state,1,116,hmc_in,unsupervised,ignorable,start,vigorous,7,0.750932,0.630859,0.418195,1,2.14374,0.618651
controlled,105,3,ge10,state,1,116,hmc_in,unsupervised,ignorable,start,transient,2,0.452863,0.347419,0.274003,1,2.45824,0.618651
controlled,105,3,ge10,state,1,116,hmc_in,unsupervised,state,start,all,116,0.650572,0.512535,0.362791,0.948276,2.42184,0.633268
controlled,105,3,ge10,state,1,116,hmc_in,unsupervised,state,start,rest,6,0.352272,0.304132,0.210306,1,1.83949,0.633268
controlled,105,3,ge10,state,1,116,hmc_in,unsupervised,state,start,locomotion,101,0.659871,0.52006,0.369108,0.940594,2.47348,0.633268
controlled,105,3,ge10,state,1,116,hmc_in,unsupervised,state,start,vigorous,7,0.755808,0.634281,0.427709,1,2.14956,0.633268
controlled,105,3,ge10,state,1,116,hmc_in,unsupervised,state,start,transient,2,0.432859,0.331615,0.274077,1,2.51412,0.633268
controlled,105,3,ge10,state,1,116,hmc_in,unsupervised,state-markov,start,all,116,0.650653,0.512799,0.368964,0.948276,2.42107,0.623756
controlled,105,3,ge10,state,1,116,hmc_in,unsupervised,state-markov,start,rest,6,0.351888,0.304117,0.201409,1,1.83984,0.623756
controlled,105,3,ge10,state,1,116,hmc_in,unsupervised,state-markov,start,locomotion,101,0.659988,0.520369,0.374969,0.940594,2.47256,0.623756
controlled,105,3,ge10,state,1,116,hmc_in,unsupervised,state-markov,start,vigorous,7,0.755742,0.634286,0.453818,1,2.14956,0.623756
controlled,105,3,ge10,state,1,116,hmc_in,unsupervised,state-markov,start,transient,2,0.432157,0.331402,0.271427,1,2.51437,0.623756
controlled,105,3,ge10,state,1,116,hmc_in,unsupervised,state,ignorable fit,all,116,0.655219,0.51451,0.367407,0.948276,2.42204,0.643827
controlled,105,3,ge10,state,1,116,hmc_in,unsupervised,state,ignorable fit,rest,6,0.35735,0.303937,0.193767,1,1.83543,0.643827
controlled,105,3,ge10,state,1,116,hmc_in,unsupervised,state,ignorable fit,locomotion,101,0.664902,0.522397,0.375569,0.940594,2.47387,0.643827
controlled,105,3,ge10,state,1,116,hmc_in,unsupervised,state,ignorable fit,vigorous,7,0.755872,0.633393,0.427093,1,2.14647,0.643827
controlled,105,3,ge10,state,1,116,hmc_in,unsupervised,state,ignorable fit,transient,2,0.437662,0.331895,0.267224,1,2.52912,0.643827
controlled,105,3,ge10,state,1,116,hmc_in,unsupervised,state-markov,ignorable fit,all,116,0.655512,0.514791,0.3635,0.948276,2.42136,0.670753
controlled,105,3,ge10,state,1,116,hmc_in,unsupervised,state-markov,ignorable fit,rest,6,0.356998,0.303744,0.198074,1,1.83542,0.670753
controlled,105,3,ge10,state,1,116,hmc_in,unsupervised,state-markov,ignorable fit,locomotion,101,0.66525,0.522736,0.372168,0.940594,2.47306,0.670753
controlled,105,3,ge10,state,1,116,hmc_in,unsupervised,state-markov,ignorable fit,vigorous,7,0.755882,0.633399,0.407078,1,2.14647,0.670753
controlled,105,3,ge10,state,1,116,hmc_in,unsupervised,state-markov,ignorable fit,transient,2,0.437152,0.331572,0.269507,1,2.53044,0.670753
controlled,105,3,ge10,state,2,102,hmc_in,oracle,ignorable,,all,102,0.617711,0.472058,0.347118,0.970588,2.70828,0.73632
controlled,105,3,ge10,state,2,102,hmc_in,oracle,ignorable,,rest,5,0.704175,0.599609,0.438883,1,3.58202,0.73632
controlled,105,3,ge10,state,2,102,hmc_in,oracle,ignorable,,locomotion,88,0.596466,0.453331,0.336366,0.977273,2.64804,0.73632
controlled,105,3,ge10,state,2,102,hmc_in,oracle,ignorable,,vigorous,7,0.480451,0.441079,0.293098,1,2.73435,0.73632
controlled,105,3,ge10,state,2,102,hmc_in,oracle,ignorable,,transient,2,1.32605,1.0856,0.779881,0.5,3.08313,0.73632
controlled,105,3,ge10,state,2,102,hmc_in,oracle,state,,all,102,0.595273,0.460616,0.333006,0.970588,2.67957,0.691408
controlled,105,3,ge10,state,2,102,hmc_in,oracle,state,,rest,5,0.704175,0.599612,0.377331,1,3.58204,0.691408
controlled,105,3,ge10,state,2,102,hmc_in,oracle,state,,locomotion,88,0.568924,0.43992,0.320474,0.977273,2.61514,0.691408
controlled,105,3,ge10,state,2,102,hmc_in,oracle,state,,vigorous,7,0.480451,0.441079,0.308777,1,2.73435,0.691408
controlled,105,3,ge10,state,2,102,hmc_in,oracle,state,,transient,2,1.33513,1.09213,0.858376,0.5,3.06658,0.691408
controlled,105,3,ge10,state,2,102,hmc_in,oracle,state-markov,,all,102,0.595257,0.46066,0.342351,0.970588,2.67941,0.70099
controlled,105,3,ge10,state,2,102,hmc_in,oracle,state-markov,,rest,5,0.704175,0.599613,0.438559,1,3.58204,0.70099
controlled,105,3,ge10,state,2,102,hmc_in,oracle,state-markov,,locomotion,88,0.568904,0.43997,0.328465,0.977273,2.61495,0.70099
controlled,105,3,ge10,state,2,102,hmc_in,oracle,state-markov,,vigorous,7,0.480451,0.441079,0.296504,1,2.73435,0.70099
controlled,105,3,ge10,state,2,102,hmc_in,oracle,state-markov,,transient,2,1.33516,1.09215,0.873258,0.5,3.06653,0.70099
controlled,105,3,ge10,state,2,102,pmc_pair,oracle,ignorable,,all,102,0.372929,0.257153,0.188684,0.921569,1.08118,1.32459
controlled,105,3,ge10,state,2,102,pmc_pair,oracle,ignorable,,rest,5,0.713348,0.529935,0.376228,0.8,1.58603,1.32459
controlled,105,3,ge10,state,2,102,pmc_pair,oracle,ignorable,,locomotion,88,0.31125,0.224451,0.166044,0.943182,1.04998,1.32459
controlled,105,3,ge10,state,2,102,pmc_pair,oracle,ignorable,,vigorous,7,0.500257,0.342277,0.234784,0.857143,1.00038,1.32459
controlled,105,3,ge10,state,2,102,pmc_pair,oracle,ignorable,,transient,2,0.825993,0.716184,0.554669,0.5,1.47463,1.32459
controlled,105,3,ge10,state,2,102,pmc_pair,oracle,state,,all,102,0.371259,0.25802,0.184473,0.921569,1.07519,1.33012
controlled,105,3,ge10,state,2,102,pmc_pair,oracle,state,,rest,5,0.713354,0.529941,0.358579,0.8,1.58605,1.33012
controlled,105,3,ge10,state,2,102,pmc_pair,oracle,state,,locomotion,88,0.308893,0.225445,0.162859,0.943182,1.04308,1.33012
controlled,105,3,ge10,state,2,102,pmc_pair,oracle,state,,vigorous,7,0.500257,0.342277,0.226943,0.857143,1.00038,1.33012
controlled,105,3,ge10,state,2,102,pmc_pair,oracle,state,,transient,2,0.826532,0.716616,0.551573,0.5,1.47266,1.33012
controlled,105,3,ge10,state,2,102,pmc_pair,oracle,state-markov,,all,102,0.371285,0.258068,0.185237,0.921569,1.07518,1.39674
controlled,105,3,ge10,state,2,102,pmc_pair,oracle,state-markov,,rest,5,0.713354,0.529941,0.37878,0.8,1.58605,1.39674
controlled,105,3,ge10,state,2,102,pmc_pair,oracle,state-markov,,locomotion,88,0.308929,0.225501,0.161277,0.943182,1.04307,1.39674
controlled,105,3,ge10,state,2,102,pmc_pair,oracle,state-markov,,vigorous,7,0.500257,0.342277,0.240467,0.857143,1.00038,1.39674
controlled,105,3,ge10,state,2,102,pmc_pair,oracle,state-markov,,transient,2,0.826533,0.716617,0.562302,0.5,1.47266,1.39674
controlled,105,3,ge10,state,2,102,hmc_in,unsupervised,ignorable,start,all,102,0.596467,0.491927,0.339818,0.95098,2.3653,0.598497
controlled,105,3,ge10,state,2,102,hmc_in,unsupervised,ignorable,start,rest,5,0.663225,0.572834,0.320427,1,2.3184,0.598497
controlled,105,3,ge10,state,2,102,hmc_in,unsupervised,ignorable,start,locomotion,88,0.548627,0.452971,0.318807,0.965909,2.36123,0.598497
controlled,105,3,ge10,state,2,102,hmc_in,unsupervised,ignorable,start,vigorous,7,0.889113,0.775748,0.529278,0.714286,2.34724,0.598497
controlled,105,3,ge10,state,2,102,hmc_in,unsupervised,ignorable,start,transient,2,1.01701,1.01037,0.64969,1,2.72466,0.598497
controlled,105,3,ge10,state,2,102,hmc_in,unsupervised,state,start,all,102,0.600579,0.493389,0.342708,0.941176,2.35703,0.647734
controlled,105,3,ge10,state,2,102,hmc_in,unsupervised,state,start,rest,5,0.731339,0.618604,0.399969,1,2.32641,0.647734
controlled,105,3,ge10,state,2,102,hmc_in,unsupervised,state,start,locomotion,88,0.547923,0.451589,0.317259,0.954545,2.35366,0.647734
controlled,105,3,ge10,state,2,102,hmc_in,unsupervised,state,start,vigorous,7,0.888541,0.77527,0.520124,0.714286,2.34635,0.647734
controlled,105,3,ge10,state,2,102,hmc_in,unsupervised,state,start,transient,2,1.04181,1.03296,0.698371,1,2.61915,0.647734
controlled,105,3,ge10,state,2,102,hmc_in,unsupervised,state-markov,start,all,102,0.600709,0.493593,0.346534,0.941176,2.35683,0.582607
controlled,105,3,ge10,state,2,102,hmc_in,unsupervised,state-markov,start,rest,5,0.732011,0.619046,0.386034,1,2.32644,0.582607
controlled,105,3,ge10,state,2,102,hmc_in,unsupervised,state-markov,start,locomotion,88,0.548035,0.451799,0.321513,0.954545,2.35346,0.582607
controlled,105,3,ge10,state,2,102,hmc_in,unsupervised,state-markov,start,vigorous,7,0.888488,0.775226,0.536137,0.714286,2.34629,0.582607
controlled,105,3,ge10,state,2,102,hmc_in,unsupervised,state-markov,start,transient,2,1.04201,1.03314,0.685099,1,2.61829,0.582607
controlled,105,3,ge10,state,2,102,hmc_in,unsupervised,state,ignorable fit,all,102,0.598322,0.490056,0.344548,0.95098,2.36287,0.558309
controlled,105,3,ge10,state,2,102,hmc_in,unsupervised,state,ignorable fit,rest,5,0.724109,0.612296,0.388672,1,2.3288,0.558309
controlled,105,3,ge10,state,2,102,hmc_in,unsupervised,state,ignorable fit,locomotion,88,0.545342,0.447972,0.317909,0.965909,2.3606,0.558309
controlled,105,3,ge10,state,2,102,hmc_in,unsupervised,state,ignorable fit,vigorous,7,0.891301,0.777574,0.555799,0.714286,2.34966,0.558309
controlled,105,3,ge10,state,2,102,hmc_in,unsupervised,state,ignorable fit,transient,2,1.03954,1.02988,0.666969,1,2.59438,0.558309
controlled,105,3,ge10,state,2,102,hmc_in,unsupervised,state-markov,ignorable fit,all,102,0.59842,0.490104,0.33862,0.95098,2.36274,0.648402
controlled,105,3,ge10,state,2,102,hmc_in,unsupervised,state-markov,ignorable fit,rest,5,0.72471,0.612677,0.375951,1,2.32882,0.648402
controlled,105,3,ge10,state,2,102,hmc_in,unsupervised,state-markov,ignorable fit,locomotion,88,0.545418,0.448004,0.311808,0.965909,2.36047,0.648402
controlled,105,3,ge10,state,2,102,hmc_in,unsupervised,state-markov,ignorable fit,vigorous,7,0.891281,0.777558,0.566481,0.714286,2.34964,0.648402
controlled,105,3,ge10,state,2,102,hmc_in,unsupervised,state-markov,ignorable fit,transient,2,1.03968,1.03,0.627478,1,2.59355,0.648402
controlled,105,3,ge10,state,3,90,hmc_in,oracle,ignorable,,all,90,0.57367,0.457323,0.32958,1,2.69896,0.671961
controlled,105,3,ge10,state,3,90,hmc_in,oracle,ignorable,,rest,2,1.11257,1.10529,0.661925,1,3.58202,0.671961
controlled,105,3,ge10,state,3,90,hmc_in,oracle,ignorable,,locomotion,77,0.542987,0.433519,0.314638,1,2.63129,0.671961
controlled,105,3,ge10,state,3,90,hmc_in,oracle,ignorable,,vigorous,5,0.344531,0.290006,0.250705,1,2.73435,0.671961
controlled,105,3,ge10,state,3,90,hmc_in,oracle,ignorable,,transient,6,0.800758,0.686246,0.476293,1,3.24355,0.671961
controlled,105,3,ge10,state,3,90,hmc_in,oracle,state,,all,90,0.61457,0.471598,0.339674,0.988889,2.65732,0.622573
controlled,105,3,ge10,state,3,90,hmc_in,oracle,state,,rest,2,1.11257,1.10529,0.65558,1,3.58202,0.622573
controlled,105,3,ge10,state,3,90,hmc_in,oracle,state,,locomotion,77,0.592778,0.450006,0.330856,0.987013,2.58312,0.622573
controlled,105,3,ge10,state,3,90,hmc_in,oracle,state,,vigorous,5,0.344531,0.290006,0.246635,1,2.73435,0.622573
controlled,105,3,ge10,state,3,90,hmc_in,oracle,state,,transient,6,0.802792,0.688788,0.425073,1,3.23709,0.622573
controlled,105,3,ge10,state,3,90,hmc_in,oracle,state-markov,,all,90,0.614759,0.471733,0.337391,0.988889,2.65712,0.656865
controlled,105,3,ge10,state,3,90,hmc_in,oracle,state-markov,,rest,2,1.11257,1.10529,0.627732,1,3.58202,0.656865
controlled,105,3,ge10,state,3,90,hmc_in,oracle,state-markov,,locomotion,77,0.593006,0.450164,0.326471,0.987013,2.58289,0.656865
controlled,105,3,ge10,state,3,90,hmc_in,oracle,state-markov,,vigorous,5,0.344531,0.290006,0.254563,1,2.73435,0.656865
controlled,105,3,ge10,state,3,90,hmc_in,oracle,state-markov,,transient,6,0.802794,0.68879,0.449775,1,3.23708,0.656865
controlled,105,3,ge10,state,3,90,pmc_pair,oracle,ignorable,,all,90,0.406454,0.287297,0.212382,0.888889,1.00374,1.23987
controlled,105,3,ge10,state,3,90,pmc_pair,oracle,ignorable,,rest,2,0.123018,0.101292,0.0801972,1,0.581914,1.23987
controlled,105,3,ge10,state,3,90,pmc_pair,oracle,ignorable,,locomotion,77,0.41864,0.293155,0.215745,0.896104,1.05927,1.23987
controlled,105,3,ge10,state,3,90,pmc_pair,oracle,ignorable,,vigorous,5,0.451234,0.360772,0.285957,0.6,0.555108,1.23987
controlled,105,3,ge10,state,3,90,pmc_pair,oracle,ignorable,,transient,6,0.232777,0.212886,0.151969,1,0.805587,1.23987
controlled,105,3,ge10,state,3,90,pmc_pair,oracle,state,,all,90,0.402033,0.280967,0.208858,0.888889,1.00175,1.33595
controlled,105,3,ge10,state,3,90,pmc_pair,oracle,state,,rest,2,0.123,0.10124,0.0814429,1,0.581974,1.33595
controlled,105,3,ge10,state,3,90,pmc_pair,oracle,state,,locomotion,77,0.413629,0.285908,0.212104,0.896104,1.0574,1.33595
controlled,105,3,ge10,state,3,90,pmc_pair,oracle,state,,vigorous,5,0.451234,0.360772,0.284339,0.6,0.555108,1.33595
controlled,105,3,ge10,state,3,90,pmc_pair,oracle,state,,transient,6,0.232589,0.210969,0.146769,1,0.799687,1.33595
controlled,105,3,ge10,state,3,90,pmc_pair,oracle,state-markov,,all,90,0.402049,0.280987,0.208378,0.888889,1.00169,1.35264
controlled,105,3,ge10,state,3,90,pmc_pair,oracle,state-markov,,rest,2,0.123,0.101239,0.0803837,1,0.581975,1.35264
controlled,105,3,ge10,state,3,90,pmc_pair,oracle,state-markov,,locomotion,77,0.413647,0.285931,0.211199,0.896104,1.05733,1.35264
controlled,105,3,ge10,state,3,90,pmc_pair,oracle,state-markov,,vigorous,5,0.451234,0.360772,0.28747,0.6,0.555108,1.35264
controlled,105,3,ge10,state,3,90,pmc_pair,oracle,state-markov,,transient,6,0.232589,0.210968,0.148931,1,0.799685,1.35264
controlled,105,3,ge10,state,3,90,hmc_in,unsupervised,ignorable,start,all,90,0.644774,0.501828,0.364468,0.922222,2.37627,0.644778
controlled,105,3,ge10,state,3,90,hmc_in,unsupervised,ignorable,start,rest,2,0.119258,0.118935,0.0851384,1,0.946242,0.644778
controlled,105,3,ge10,state,3,90,hmc_in,unsupervised,ignorable,start,locomotion,77,0.642179,0.495021,0.364973,0.922078,2.47113,0.644778
controlled,105,3,ge10,state,3,90,hmc_in,unsupervised,ignorable,start,vigorous,5,0.933511,0.914793,0.578416,1,2.34521,0.644778
controlled,105,3,ge10,state,3,90,hmc_in,unsupervised,ignorable,start,transient,6,0.461151,0.372681,0.272804,0.833333,1.66154,0.644778
controlled,105,3,ge10,state,3,90,hmc_in,unsupervised,state,start,all,90,0.654365,0.513509,0.371163,0.922222,2.35413,0.580048
controlled,105,3,ge10,state,3,90,hmc_in,unsupervised,state,start,rest,2,0.1217,0.121676,0.07809,1,0.932581,0.580048
controlled,105,3,ge10,state,3,90,hmc_in,unsupervised,state,start,locomotion,77,0.653279,0.511555,0.370417,0.922078,2.44965,0.580048
controlled,105,3,ge10,state,3,90,hmc_in,unsupervised,state,start,vigorous,5,0.938527,0.919911,0.607643,1,2.34985,0.580048
controlled,105,3,ge10,state,3,90,hmc_in,unsupervised,state,start,transient,6,0.454987,0.330531,0.281354,0.833333,1.60566,0.580048
controlled,105,3,ge10,state,3,90,hmc_in,unsupervised,state-markov,start,all,90,0.65443,0.513555,0.368254,0.922222,2.35407,0.56203
controlled,105,3,ge10,state,3,90,hmc_in,unsupervised,state-markov,start,rest,2,0.121719,0.121695,0.0824843,1,0.932531,0.56203
controlled,105,3,ge10,state,3,90,hmc_in,unsupervised,state-markov,start,locomotion,77,0.653354,0.511559,0.366931,0.922078,2.44956,0.56203
controlled,105,3,ge10,state,3,90,hmc_in,unsupervised,state-markov,start,vigorous,5,0.938528,0.919911,0.603462,1,2.34985,0.56203
controlled,105,3,ge10,state,3,90,hmc_in,unsupervised,state-markov,start,transient,6,0.45501,0.331149,0.284491,0.833333,1.60594,0.56203
controlled,105,3,ge10,state,3,90,hmc_in,unsupervised,state,ignorable fit,all,90,0.654567,0.51384,0.367434,0.922222,2.35545,0.594129
controlled,105,3,ge10,state,3,90,hmc_in,unsupervised,state,ignorable fit,rest,2,0.121298,0.121298,0.0848367,1,0.923746,0.594129
controlled,105,3,ge10,state,3,90,hmc_in,unsupervised,state,ignorable fit,locomotion,77,0.65355,0.511914,0.369146,0.922078,2.45092,0.594129
controlled,105,3,ge10,state,3,90,hmc_in,unsupervised,state,ignorable fit,vigorous,5,0.937482,0.918844,0.553983,1,2.34895,0.594129
controlled,105,3,ge10,state,3,90,hmc_in,unsupervised,state,ignorable fit,transient,6,0.456171,0.331891,0.284218,0.833333,1.61284,0.594129
controlled,105,3,ge10,state,3,90,hmc_in,unsupervised,state-markov,ignorable fit,all,90,0.654627,0.51381,0.368568,0.922222,2.35537,0.594258
controlled,105,3,ge10,state,3,90,hmc_in,unsupervised,state-markov,ignorable fit,rest,2,0.121314,0.121314,0.0901332,1,0.923718,0.594258
controlled,105,3,ge10,state,3,90,hmc_in,unsupervised,state-markov,ignorable fit,locomotion,77,0.653621,0.511926,0.367663,0.922078,2.45084,0.594258
controlled,105,3,ge10,state,3,90,hmc_in,unsupervised,state-markov,ignorable fit,vigorous,5,0.937476,0.918838,0.625335,1,2.34894,0.594258
controlled,105,3,ge10,state,3,90,hmc_in,unsupervised,state-markov,ignorable fit,transient,6,0.456176,0.331305,0.259018,0.833333,1.6128,0.594258
controlled,105,3,ge10,state,4,118,hmc_in,oracle,ignorable,,all,118,0.580523,0.440294,0.329007,0.991525,2.70928,0.586666
controlled,105,3,ge10,state,4,118,hmc_in,oracle,ignorable,,rest,9,1.08392,0.995673,0.627049,1,3.62003,0.586666
controlled,105,3,ge10,state,4,118,hmc_in,oracle,ignorable,,locomotion,98,0.512563,0.39066,0.302289,0.989796,2.59463,0.586666
controlled,105,3,ge10,state,4,118,hmc_in,oracle,ignorable,,vigorous,7,0.46624,0.392933,0.296954,1,2.73435,0.586666
controlled,105,3,ge10,state,4,118,hmc_in,oracle,ignorable,,transient,4,0.693634,0.489613,0.369094,1,3.42508,0.586666
controlled,105,3,ge10,state,4,118,hmc_in,oracle,state,,all,118,0.585678,0.450495,0.331159,0.991525,2.67067,0.704837
controlled,105,3,ge10,state,4,118,hmc_in,oracle,state,,rest,9,1.09687,1.03797,0.617099,1,3.4857,0.704837
controlled,105,3,ge10,state,4,118,hmc_in,oracle,state,,locomotion,98,0.510438,0.391959,0.301931,0.989796,2.55733,0.704837
controlled,105,3,ge10,state,4,118,hmc_in,oracle,state,,vigorous,7,0.46624,0.392933,0.306843,1,2.73435,0.704837
controlled,105,3,ge10,state,4,118,hmc_in,oracle,state,,transient,4,0.805143,0.663534,0.446437,1,3.50225,0.704837
controlled,105,3,ge10,state,4,118,hmc_in,oracle,state-markov,,all,118,0.585497,0.450375,0.332498,0.991525,2.67101,0.711791
controlled,105,3,ge10,state,4,118,hmc_in,oracle,state-markov,,rest,9,1.09678,1.03778,0.677871,1,3.48628,0.711791
controlled,105,3,ge10,state,4,118,hmc_in,oracle,state-markov,,locomotion,98,0.510419,0.391966,0.29851,0.989796,2.55766,0.711791
controlled,105,3,ge10,state,4,118,hmc_in,oracle,state-markov,,vigorous,7,0.46624,0.392933,0.286927,1,2.73435,0.711791
controlled,105,3,ge10,state,4,118,hmc_in,oracle,state-markov,,transient,4,0.801787,0.660252,0.467877,1,3.50277,0.711791
controlled,105,3,ge10,state,4,118,pmc_pair,oracle,ignorable,,all,118,0.457141,0.324595,0.237281,0.855932,1.11622,1.32665
controlled,105,3,ge10,state,4,118,pmc_pair,oracle,ignorable,,rest,9,0.611771,0.414573,0.307525,0.777778,1.14406,1.32665
controlled,105,3,ge10,state,4,118,pmc_pair,oracle,ignorable,,locomotion,98,0.416641,0.297027,0.21815,0.887755,1.09267,1.32665
controlled,105,3,ge10,state,4,118,pmc_pair,oracle,ignorable,,vigorous,7,0.660233,0.518387,0.350921,0.571429,1.23803,1.32665
controlled,105,3,ge10,state,4,118,pmc_pair,oracle,ignorable,,transient,4,0.554045,0.45843,0.349047,0.75,1.41749,1.32665
controlled,105,3,ge10,state,4,118,pmc_pair,oracle,state,,all,118,0.457004,0.330442,0.235101,0.830508,1.09784,1.27324
controlled,105,3,ge10,state,4,118,pmc_pair,oracle,state,,rest,9,0.61135,0.412854,0.296688,0.777778,1.15812,1.27324
controlled,105,3,ge10,state,4,118,pmc_pair,oracle,state,,locomotion,98,0.416019,0.303949,0.216655,0.867347,1.07092,1.27324
controlled,105,3,ge10,state,4,118,pmc_pair,oracle,state,,vigorous,7,0.660233,0.518388,0.33954,0.571429,1.23803,1.27324
controlled,105,3,ge10,state,4,118,pmc_pair,oracle,state,,transient,4,0.563128,0.465194,0.365684,0.5,1.3763,1.27324
controlled,105,3,ge10,state,4,118,pmc_pair,oracle,state-markov,,all,118,0.456971,0.330411,0.240967,0.830508,1.09811,1.50206
controlled,105,3,ge10,state,4,118,pmc_pair,oracle,state-markov,,rest,9,0.611351,0.412858,0.307502,0.777778,1.15809,1.50206
controlled,105,3,ge10,state,4,118,pmc_pair,oracle,state-markov,,locomotion,98,0.415979,0.303913,0.221176,0.867347,1.07123,1.50206
controlled,105,3,ge10,state,4,118,pmc_pair,oracle,state-markov,,vigorous,7,0.660233,0.518388,0.352982,0.571429,1.23803,1.50206
controlled,105,3,ge10,state,4,118,pmc_pair,oracle,state-markov,,transient,4,0.563069,0.465141,0.380112,0.5,1.37675,1.50206
controlled,105,3,ge10,state,4,118,hmc_in,unsupervised,ignorable,start,all,118,0.634366,0.532862,0.361925,0.940678,2.43275,0.612283
controlled,105,3,ge10,state,4,118,hmc_in,unsupervised,ignorable,start,rest,9,0.525562,0.367414,0.272824,0.888889,1.61006,0.612283
controlled,105,3,ge10,state,4,118,hmc_in,unsupervised,ignorable,start,locomotion,98,0.625798,0.529674,0.361357,0.94898,2.51434,0.612283
controlled,105,3,ge10,state,4,118,hmc_in,unsupervised,ignorable,start,vigorous,7,0.765637,0.65914,0.423572,0.857143,2.34537,0.612283
controlled,105,3,ge10,state,4,118,hmc_in,unsupervised,ignorable,start,transient,4,0.793275,0.762244,0.468441,1,2.43768,0.612283
controlled,105,3,ge10,state,4,118,hmc_in,unsupervised,state,start,all,118,0.690591,0.574089,0.394366,0.923729,2.37144,0.638257
controlled,105,3,ge10,state,4,118,hmc_in,unsupervised,state,start,rest,9,0.525196,0.366379,0.261786,0.888889,1.6128,0.638257
controlled,105,3,ge10,state,4,118,hmc_in,unsupervised,state,start,locomotion,98,0.692986,0.578974,0.398953,0.928571,2.44013,0.638257
controlled,105,3,ge10,state,4,118,hmc_in,unsupervised,state,start,vigorous,7,0.774247,0.663775,0.475714,0.857143,2.35712,0.638257
controlled,105,3,ge10,state,4,118,hmc_in,unsupervised,state,start,transient,4,0.796084,0.764815,0.437953,1,2.42044,0.638257
controlled,105,3,ge10,state,4,118,hmc_in,unsupervised,state-markov,start,all,118,0.689645,0.57365,0.395206,0.923729,2.37338,0.69417
controlled,105,3,ge10,state,4,118,hmc_in,unsupervised,state-markov,start,rest,9,0.525188,0.366434,0.25755,0.888889,1.61249,0.69417
controlled,105,3,ge10,state,4,118,hmc_in,unsupervised,state-markov,start,locomotion,98,0.69186,0.578444,0.399718,0.928571,2.44253,0.69417
controlled,105,3,ge10,state,4,118,hmc_in,unsupervised,state-markov,start,vigorous,7,0.774074,0.663682,0.458036,0.857143,2.35685,0.69417
controlled,105,3,ge10,state,4,118,hmc_in,unsupervised,state-markov,start,transient,4,0.796176,0.764887,0.484457,1,2.42,0.69417
controlled,105,3,ge10,state,4,118,hmc_in,unsupervised,state,ignorable fit,all,118,0.690761,0.574748,0.389926,0.923729,2.37238,0.651909
controlled,105,3,ge10,state,4,118,hmc_in,unsupervised,state,ignorable fit,rest,9,0.524264,0.365005,0.258889,0.888889,1.61024,0.651909
controlled,105,3,ge10,state,4,118,hmc_in,unsupervised,state,ignorable fit,locomotion,98,0.693374,0.579948,0.393391,0.928571,2.44128,0.651909
controlled,105,3,ge10,state,4,118,hmc_in,unsupervised,state,ignorable fit,vigorous,7,0.772853,0.663026,0.449789,0.857143,2.35542,0.651909
controlled,105,3,ge10,state,4,118,hmc_in,unsupervised,state,ignorable fit,transient,4,0.795895,0.76477,0.495113,1,2.42882,0.651909
controlled,105,3,ge10,state,4,118,hmc_in,unsupervised,state-markov,ignorable fit,all,118,0.6877,0.572584,0.396441,0.923729,2.38052,0.644562
controlled,105,3,ge10,state,4,118,hmc_in,unsupervised,state-markov,ignorable fit,rest,9,0.524219,0.365012,0.262851,0.888889,1.60983,0.644562
controlled,105,3,ge10,state,4,118,hmc_in,unsupervised,state-markov,ignorable fit,locomotion,98,0.689724,0.57735,0.399077,0.928571,2.45116,0.644562
controlled,105,3,ge10,state,4,118,hmc_in,unsupervised,state-markov,ignorable fit,vigorous,7,0.772433,0.662801,0.465963,0.857143,2.35489,0.644562
controlled,105,3,ge10,state,4,118,hmc_in,unsupervised,state-markov,ignorable fit,transient,4,0.796166,0.764975,0.510769,1,2.42888,0.644562
controlled,105,3,ge10,state-markov,0,96,hmc_in,oracle,ignorable,,all,96,0.526195,0.397542,0.305127,0.979167,2.63464,0.699692
controlled,105,3,ge10,state-markov,0,96,hmc_in,oracle,ignorable,,rest,1,0.327736,0.327736,0.292883,1,3.58202,0.699692
controlled,105,3,ge10,state-markov,0,96,hmc_in,oracle,ignorable,,locomotion,89,0.533681,0.399257,0.3071,0.977528,2.61197,0.699692
controlled,105,3,ge10,state-markov,0,96,hmc_in,oracle,ignorable,,vigorous,3,0.32422,0.294141,0.245985,1,2.73435,0.699692
controlled,105,3,ge10,state-markov,0,96,hmc_in,oracle,ignorable,,transient,3,0.519383,0.473332,0.309818,1,2.89174,0.699692
controlled,105,3,ge10,state-markov,0,96,hmc_in,oracle,state,,all,96,0.573738,0.415548,0.323322,0.96875,2.62595,0.637131
controlled,105,3,ge10,state-markov,0,96,hmc_in,oracle,state,,rest,1,0.327739,0.327739,0.27288,1,3.58202,0.637131
controlled,105,3,ge10,state-markov,0,96,hmc_in,oracle,state,,locomotion,89,0.584142,0.418679,0.326431,0.966292,2.60259,0.637131
controlled,105,3,ge10,state-markov,0,96,hmc_in,oracle,state,,vigorous,3,0.32422,0.294141,0.243806,1,2.73436,0.637131
controlled,105,3,ge10,state-markov,0,96,hmc_in,oracle,state,,transient,3,0.519384,0.473333,0.327391,1,2.89174,0.637131
controlled,105,3,ge10,state-markov,0,96,hmc_in,oracle,state-markov,,all,96,0.571443,0.414586,0.317704,0.96875,2.6268,0.572261
controlled,105,3,ge10,state-markov,0,96,hmc_in,oracle,state-markov,,rest,1,0.327738,0.327738,0.251993,1,3.58202,0.572261
controlled,105,3,ge10,state-markov,0,96,hmc_in,oracle,state-markov,,locomotion,89,0.581711,0.417642,0.320158,0.966292,2.60351,0.572261
controlled,105,3,ge10,state-markov,0,96,hmc_in,oracle,state-markov,,vigorous,3,0.32422,0.294141,0.268716,1,2.73435,0.572261
controlled,105,3,ge10,state-markov,0,96,hmc_in,oracle,state-markov,,transient,3,0.519384,0.473332,0.315796,1,2.89174,0.572261
controlled,105,3,ge10,state-markov,0,96,pmc_pair,oracle,ignorable,,all,96,0.39232,0.297868,0.210107,0.895833,1.18732,1.17189
controlled,105,3,ge10,state-markov,0,96,pmc_pair,oracle,ignorable,,rest,1,0.0707601,0.0707601,0.100101,1,1.35941,1.17189
controlled,105,3,ge10,state-markov,0,96,pmc_pair,oracle,ignorable,,locomotion,89,0.391469,0.298302,0.210341,0.88764,1.19519,1.17189
controlled,105,3,ge10,state-markov,0,96,pmc_pair,oracle,ignorable,,vigorous,3,0.524478,0.347164,0.237036,1,1.078,1.17189
controlled,105,3,ge10,state-markov,0,96,pmc_pair,oracle,ignorable,,transient,3,0.319671,0.311397,0.2129,1,1.00589,1.17189
controlled,105,3,ge10,state-markov,0,96,pmc_pair,oracle,state,,all,96,0.411969,0.306875,0.223419,0.875,1.16497,1.29886
controlled,105,3,ge10,state-markov,0,96,pmc_pair,oracle,state,,rest,1,0.0708086,0.0708086,0.0942042,1,1.35957,1.29886
controlled,105,3,ge10,state-markov,0,96,pmc_pair,oracle,state,,locomotion,89,0.412668,0.308033,0.224265,0.865169,1.17124,1.29886
controlled,105,3,ge10,state-markov,0,96,pmc_pair,oracle,state,,vigorous,3,0.524481,0.346743,0.254246,1,1.07319,1.29886
controlled,105,3,ge10,state-markov,0,96,pmc_pair,oracle,state,,transient,3,0.31963,0.311357,0.210569,1,1.00593,1.29886
controlled,105,3,ge10,state-markov,0,96,pmc_pair,oracle,state-markov,,all,96,0.411699,0.306788,0.225494,0.875,1.16608,1.26098
controlled,105,3,ge10,state-markov,0,96,pmc_pair,oracle,state-markov,,rest,1,0.0707942,0.0707942,0.0928299,1,1.35952,1.26098
controlled,105,3,ge10,state-markov,0,96,pmc_pair,oracle,state-markov,,locomotion,89,0.412377,0.307938,0.227053,0.865169,1.17243,1.26098
controlled,105,3,ge10,state-markov,0,96,pmc_pair,oracle,state-markov,,vigorous,3,0.524477,0.346768,0.252095,1,1.07348,1.26098
controlled,105,3,ge10,state-markov,0,96,pmc_pair,oracle,state-markov,,transient,3,0.319638,0.311365,0.19685,1,1.00592,1.26098
controlled,105,3,ge10,state-markov,0,96,hmc_in,unsupervised,ignorable,start,all,96,0.58051,0.50422,0.34265,0.989583,2.48641,0.57993
controlled,105,3,ge10,state-markov,0,96,hmc_in,unsupervised,ignorable,start,rest,1,1.16862,1.16862,0.780408,1,2.77653,0.57993
controlled,105,3,ge10,state-markov,0,96,hmc_in,unsupervised,ignorable,start,locomotion,89,0.554658,0.482764,0.331942,0.988764,2.50821,0.57993
controlled,105,3,ge10,state-markov,0,96,hmc_in,unsupervised,ignorable,start,vigorous,3,0.927092,0.917003,0.536471,1,2.34896,0.57993
controlled,105,3,ge10,state-markov,0,96,hmc_in,unsupervised,ignorable,start,transient,3,0.584977,0.50648,0.320577,1,1.88059,0.57993
controlled,105,3,ge10,state-markov,0,96,hmc_in,unsupervised,state,start,all,96,0.634338,0.538023,0.365309,0.979167,2.39128,0.655284
controlled,105,3,ge10,state-markov,0,96,hmc_in,unsupervised,state,start,rest,1,1.10157,1.10157,0.713249,1,3.09185,0.655284
controlled,105,3,ge10,state-markov,0,96,hmc_in,unsupervised,state,start,locomotion,89,0.616125,0.519841,0.355615,0.977528,2.40186,0.655284
controlled,105,3,ge10,state-markov,0,96,hmc_in,unsupervised,state,start,vigorous,3,0.932669,0.922644,0.577777,1,2.35527,0.655284
controlled,105,3,ge10,state-markov,0,96,hmc_in,unsupervised,state,start,transient,3,0.583235,0.504942,0.32446,1,1.87998,0.655284
controlled,105,3,ge10,state-markov,0,96,hmc_in,unsupervised,state-markov,start,all,96,0.60966,0.519176,0.356969,0.979167,2.39673,0.599802
controlled,105,3,ge10,state-markov,0,96,hmc_in,unsupervised,state-markov,start,rest,1,1.11581,1.11581,0.754016,1,3.029,0.599802
controlled,105,3,ge10,state-markov,0,96,hmc_in,unsupervised,state-markov,start,locomotion,89,0.58829,0.499317,0.344477,0.977528,2.40844,0.599802
controlled,105,3,ge10,state-markov,0,96,hmc_in,unsupervised,state-markov,start,vigorous,3,0.933828,0.923815,0.616595,1,2.3568,0.599802
controlled,105,3,ge10,state-markov,0,96,hmc_in,unsupervised,state-markov,start,transient,3,0.582821,0.504817,0.335587,1,1.87848,0.599802
controlled,105,3,ge10,state-markov,0,96,hmc_in,unsupervised,state,ignorable fit,all,96,0.631541,0.537564,0.367696,0.979167,2.39343,0.648366
controlled,105,3,ge10,state-markov,0,96,hmc_in,unsupervised,state,ignorable fit,rest,1,1.11878,1.11878,0.859716,1,3.01621,0.648366
controlled,105,3,ge10,state-markov,0,96,hmc_in,unsupervised,state,ignorable fit,locomotion,89,0.6126,0.519066,0.3551,0.977528,2.40525,0.648366
controlled,105,3,ge10,state-markov,0,96,hmc_in,unsupervised,state,ignorable fit,vigorous,3,0.933457,0.923441,0.61291,1,2.35632,0.648366
controlled,105,3,ge10,state-markov,0,96,hmc_in,unsupervised,state,ignorable fit,transient,3,0.584097,0.506722,0.332147,1,1.87233,0.648366
controlled,105,3,ge10,state-markov,0,96,hmc_in,unsupervised,state-markov,ignorable fit,all,96,0.609744,0.519559,0.356042,0.979167,2.39677,0.55027
controlled,105,3,ge10,state-markov,0,96,hmc_in,unsupervised,state-markov,ignorable fit,rest,1,1.12192,1.12192,0.748643,1,2.99383,0.55027
controlled,105,3,ge10,state-markov,0,96,hmc_in,unsupervised,state-markov,ignorable fit,locomotion,89,0.588223,0.49961,0.34488,0.977528,2.40906,0.55027
controlled,105,3,ge10,state-markov,0,96,hmc_in,unsupervised,state-markov,ignorable fit,vigorous,3,0.933828,0.923815,0.554981,1,2.35673,0.55027
controlled,105,3,ge10,state-markov,0,96,hmc_in,unsupervised,state-markov,ignorable fit,transient,3,0.58374,0.506337,0.35736,1,1.87298,0.55027
controlled,105,3,ge10,state-markov,1,117,hmc_in,oracle,ignorable,,all,117,0.545597,0.444833,0.322464,0.991453,2.65386,0.613102
controlled,105,3,ge10,state-markov,1,117,hmc_in,oracle,ignorable,,rest,9,0.608909,0.444731,0.364739,1,3.12293,0.613102
controlled,105,3,ge10,state-markov,1,117,hmc_in,oracle,ignorable,,locomotion,101,0.535896,0.439125,0.315256,0.990099,2.59596,0.613102
controlled,105,3,ge10,state-markov,1,117,hmc_in,oracle,ignorable,,vigorous,7,0.595893,0.527323,0.372115,1,2.88614,0.613102
controlled,105,3,ge10,state-markov,1,117,hmc_in,oracle,state,,all,117,0.565844,0.459655,0.330387,0.991453,2.63041,0.608989
controlled,105,3,ge10,state-markov,1,117,hmc_in,oracle,state,,rest,9,0.609101,0.446523,0.362544,1,3.12688,0.608989
controlled,105,3,ge10,state-markov,1,117,hmc_in,oracle,state,,locomotion,101,0.557907,0.45521,0.324664,0.990099,2.57176,0.608989
controlled,105,3,ge10,state-markov,1,117,hmc_in,oracle,state,,vigorous,7,0.619296,0.540688,0.371617,1,2.83831,0.608989
controlled,105,3,ge10,state-markov,1,117,hmc_in,oracle,state-markov,,all,117,0.564704,0.459086,0.328942,0.991453,2.63245,0.625426
controlled,105,3,ge10,state-markov,1,117,hmc_in,oracle,state-markov,,rest,9,0.609099,0.446518,0.379284,1,3.12688,0.625426
controlled,105,3,ge10,state-markov,1,117,hmc_in,oracle,state-markov,,locomotion,101,0.556551,0.454542,0.322583,0.990099,2.57412,0.625426
controlled,105,3,ge10,state-markov,1,117,hmc_in,oracle,state-markov,,vigorous,7,0.619502,0.540803,0.355966,1,2.83831,0.625426
controlled,105,3,ge10,state-markov,1,117,pmc_pair,oracle,ignorable,,all,117,0.449437,0.340437,0.24801,0.82906,1.27649,1.23269
controlled,105,3,ge10,state-markov,1,117,pmc_pair,oracle,ignorable,,rest,9,0.415014,0.340883,0.229051,1,1.72785,1.23269
controlled,105,3,ge10,state-markov,1,117,pmc_pair,oracle,ignorable,,locomotion,101,0.448055,0.335576,0.247927,0.821782,1.237,1.23269
controlled,105,3,ge10,state-markov,1,117,pmc_pair,oracle,ignorable,,vigorous,7,0.508077,0.410003,0.273583,0.714286,1.26603,1.23269
controlled,105,3,ge10,state-markov,1,117,pmc_pair,oracle,state,,all,117,0.452436,0.343036,0.246383,0.82906,1.22249,1.31734
controlled,105,3,ge10,state-markov,1,117,pmc_pair,oracle,state,,rest,9,0.394451,0.330612,0.214325,1,1.53993,1.31734
controlled,105,3,ge10,state-markov,1,117,pmc_pair,oracle,state,,locomotion,101,0.453176,0.339513,0.248022,0.821782,1.19118,1.31734
controlled,105,3,ge10,state-markov,1,117,pmc_pair,oracle,state,,vigorous,7,0.5081,0.40984,0.263948,0.714286,1.26613,1.31734
controlled,105,3,ge10,state-markov,1,117,pmc_pair,oracle,state-markov,,all,117,0.453634,0.344102,0.250686,0.82906,1.24351,1.23456
controlled,105,3,ge10,state-markov,1,117,pmc_pair,oracle,state-markov,,rest,9,0.412208,0.339564,0.236743,1,1.70314,1.23456
controlled,105,3,ge10,state-markov,1,117,pmc_pair,oracle,state-markov,,locomotion,101,0.453156,0.339949,0.250296,0.821782,1.20098,1.23456
controlled,105,3,ge10,state-markov,1,117,pmc_pair,oracle,state-markov,,vigorous,7,0.508086,0.409845,0.274231,0.714286,1.2662,1.23456
controlled,105,3,ge10,state-markov,1,117,hmc_in,unsupervised,ignorable,start,all,117,0.613224,0.476436,0.349806,0.931624,2.50394,0.647171
controlled,105,3,ge10,state-markov,1,117,hmc_in,unsupervised,ignorable,start,rest,9,0.779697,0.613167,0.448739,0.888889,2.38263,0.647171
controlled,105,3,ge10,state-markov,1,117,hmc_in,unsupervised,ignorable,start,locomotion,101,0.576402,0.447025,0.332036,0.940594,2.51106,0.647171
controlled,105,3,ge10,state-markov,1,117,hmc_in,unsupervised,ignorable,start,vigorous,7,0.842581,0.725001,0.479,0.857143,2.55725,0.647171
controlled,105,3,ge10,state-markov,1,117,hmc_in,unsupervised,state,start,all,117,0.622947,0.503455,0.356892,0.948718,2.4644,0.636131
controlled,105,3,ge10,state-markov,1,117,hmc_in,unsupervised,state,start,rest,9,0.792291,0.659379,0.478743,0.888889,2.39378,0.636131
controlled,105,3,ge10,state-markov,1,117,hmc_in,unsupervised,state,start,locomotion,101,0.577725,0.464491,0.331369,0.960396,2.45801,0.636131
controlled,105,3,ge10,state-markov,1,117,hmc_in,unsupervised,state,start,vigorous,7,0.929162,0.865184,0.568488,0.857143,2.6474,0.636131
controlled,105,3,ge10,state-markov,1,117,hmc_in,unsupervised,state-markov,start,all,117,0.618305,0.494688,0.355883,0.940171,2.47193,0.587025
controlled,105,3,ge10,state-markov,1,117,hmc_in,unsupervised,state-markov,start,rest,9,0.794071,0.658328,0.4704,0.888889,2.37751,0.587025
controlled,105,3,ge10,state-markov,1,117,hmc_in,unsupervised,state-markov,start,locomotion,101,0.574939,0.457099,0.3309,0.950495,2.46968,0.587025
controlled,105,3,ge10,state-markov,1,117,hmc_in,unsupervised,state-markov,start,vigorous,7,0.899854,0.826655,0.569123,0.857143,2.6258,0.587025
controlled,105,3,ge10,state-markov,1,117,hmc_in,unsupervised,state,ignorable fit,all,117,0.625268,0.504991,0.355745,0.948718,2.46612,0.58704
controlled,105,3,ge10,state-markov,1,117,hmc_in,unsupervised,state,ignorable fit,rest,9,0.793354,0.663106,0.456209,0.888889,2.39956,0.58704
controlled,105,3,ge10,state-markov,1,117,hmc_in,unsupervised,state,ignorable fit,locomotion,101,0.578178,0.464536,0.332077,0.960396,2.45932,0.58704
controlled,105,3,ge10,state-markov,1,117,hmc_in,unsupervised,state,ignorable fit,vigorous,7,0.94976,0.885411,0.568074,0.857143,2.64981,0.58704
controlled,105,3,ge10,state-markov,1,117,hmc_in,unsupervised,state-markov,ignorable fit,all,117,0.619862,0.495887,0.352394,0.940171,2.47344,0.585859
controlled,105,3,ge10,state-markov,1,117,hmc_in,unsupervised,state-markov,ignorable fit,rest,9,0.794327,0.660013,0.453294,0.888889,2.38186,0.585859
controlled,105,3,ge10,state-markov,1,117,hmc_in,unsupervised,state-markov,ignorable fit,locomotion,101,0.575484,0.457392,0.330469,0.950495,2.4708,0.585859
controlled,105,3,ge10,state-markov,1,117,hmc_in,unsupervised,state-markov,ignorable fit,vigorous,7,0.912359,0.840308,0.539011,0.857143,2.62931,0.585859
controlled,105,3,ge10,state-markov,2,121,hmc_in,oracle,ignorable,,all,121,0.503553,0.394497,0.298799,0.991736,2.75202,0.619831
controlled,105,3,ge10,state-markov,2,121,hmc_in,oracle,ignorable,,rest,4,0.942764,0.907275,0.542589,1,3.66685,0.619831
controlled,105,3,ge10,state-markov,2,121,hmc_in,oracle,ignorable,,locomotion,105,0.459619,0.358814,0.283469,0.990476,2.69654,0.619831
controlled,105,3,ge10,state-markov,2,121,hmc_in,oracle,ignorable,,vigorous,9,0.380718,0.347891,0.255155,1,2.83073,0.619831
controlled,105,3,ge10,state-markov,2,121,hmc_in,oracle,ignorable,,transient,3,1.10159,1.09951,0.641201,1,3.23802,0.619831
controlled,105,3,ge10,state-markov,2,121,hmc_in,oracle,state,,all,121,0.51257,0.404697,0.304446,0.991736,2.62033,0.673495
controlled,105,3,ge10,state-markov,2,121,hmc_in,oracle,state,,rest,4,0.791422,0.72428,0.475537,1,2.86288,0.673495
controlled,105,3,ge10,state-markov,2,121,hmc_in,oracle,state,,locomotion,105,0.480905,0.376967,0.290596,0.990476,2.57391,0.673495
controlled,105,3,ge10,state-markov,2,121,hmc_in,oracle,state,,vigorous,9,0.388786,0.354542,0.267913,1,2.8482,0.673495
controlled,105,3,ge10,state-markov,2,121,hmc_in,oracle,state,,transient,3,1.10167,1.0996,0.670683,1,3.23786,0.673495
controlled,105,3,ge10,state-markov,2,121,hmc_in,oracle,state-markov,,all,121,0.50119,0.396546,0.302069,0.991736,2.65885,0.657729
controlled,105,3,ge10,state-markov,2,121,hmc_in,oracle,state-markov,,rest,4,0.773015,0.722618,0.420098,1,3.10759,0.657729
controlled,105,3,ge10,state-markov,2,121,hmc_in,oracle,state-markov,,locomotion,105,0.468001,0.367597,0.28849,0.990476,2.60879,0.657729
controlled,105,3,ge10,state-markov,2,121,hmc_in,oracle,state-markov,,vigorous,9,0.389305,0.354947,0.28193,1,2.85067,0.657729
controlled,105,3,ge10,state-markov,2,121,hmc_in,oracle,state-markov,,transient,3,1.10186,1.09981,0.680357,1,3.23729,0.657729
controlled,105,3,ge10,state-markov,2,121,pmc_pair,oracle,ignorable,,all,121,0.362052,0.272082,0.197406,0.950413,1.2887,1.24576
controlled,105,3,ge10,state-markov,2,121,pmc_pair,oracle,ignorable,,rest,4,0.73879,0.66753,0.504804,0.75,1.65085,1.24576
controlled,105,3,ge10,state-markov,2,121,pmc_pair,oracle,ignorable,,locomotion,105,0.33648,0.256764,0.185525,0.961905,1.26403,1.24576
controlled,105,3,ge10,state-markov,2,121,pmc_pair,oracle,ignorable,,vigorous,9,0.444179,0.343088,0.235888,0.888889,1.50759,1.24576
controlled,105,3,ge10,state-markov,2,121,pmc_pair,oracle,ignorable,,transient,3,0.0684143,0.0679405,0.0879267,1,1.01293,1.24576
controlled,105,3,ge10,state-markov,2,121,pmc_pair,oracle,state,,all,121,0.387799,0.283873,0.207159,0.933884,1.25835,1.36302
controlled,105,3,ge10,state-markov,2,121,pmc_pair,oracle,state,,rest,4,0.73482,0.660353,0.458566,0.75,1.69733,1.36302
controlled,105,3,ge10,state-markov,2,121,pmc_pair,oracle,state,,locomotion,105,0.3466,0.263793,0.190041,0.952381,1.23992,1.36302
controlled,105,3,ge10,state-markov,2,121,pmc_pair,oracle,state,,vigorous,9,0.614975,0.418705,0.336605,0.777778,1.36142,1.36302
controlled,105,3,ge10,state-markov,2,121,pmc_pair,oracle,state,,transient,3,0.0807267,0.0802128,0.082759,1,1.00907,1.36302
controlled,105,3,ge10,state-markov,2,121,pmc_pair,oracle,state-markov,,all,121,0.3874,0.283763,0.206743,0.933884,1.25902,1.40738
controlled,105,3,ge10,state-markov,2,121,pmc_pair,oracle,state-markov,,rest,4,0.736485,0.663401,0.475356,0.75,1.67874,1.40738
controlled,105,3,ge10,state-markov,2,121,pmc_pair,oracle,state-markov,,locomotion,105,0.346334,0.263718,0.189757,0.952381,1.24141,1.40738
controlled,105,3,ge10,state-markov,2,121,pmc_pair,oracle,state-markov,,vigorous,9,0.6126,0.417753,0.328779,0.777778,1.36495,1.40738
controlled,105,3,ge10,state-markov,2,121,pmc_pair,oracle,state-markov,,transient,3,0.0773629,0.077184,0.0769819,1,0.99785,1.40738
controlled,105,3,ge10,state-markov,2,121,hmc_in,unsupervised,ignorable,start,all,121,0.614416,0.502276,0.355938,0.950413,2.44564,0.606453
controlled,105,3,ge10,state-markov,2,121,hmc_in,unsupervised,ignorable,start,rest,4,0.626324,0.447911,0.338209,1,2.06684,0.606453
controlled,105,3,ge10,state-markov,2,121,hmc_in,unsupervised,ignorable,start,locomotion,105,0.575568,0.47451,0.337119,0.961905,2.49432,0.606453
controlled,105,3,ge10,state-markov,2,121,hmc_in,unsupervised,ignorable,start,vigorous,9,1.01723,0.999288,0.663611,0.777778,2.36866,0.606453
controlled,105,3,ge10,state-markov,2,121,hmc_in,unsupervised,ignorable,start,transient,3,0.0640425,0.0555208,0.11521,1,1.47772,0.606453
controlled,105,3,ge10,state-markov,2,121,hmc_in,unsupervised,state,start,all,121,0.648758,0.525515,0.375859,0.942149,2.38008,0.560517
controlled,105,3,ge10,state-markov,2,121,hmc_in,unsupervised,state,start,rest,4,0.612585,0.436058,0.340115,1,2.10178,0.560517
controlled,105,3,ge10,state-markov,2,121,hmc_in,unsupervised,state,start,locomotion,105,0.616718,0.499557,0.361443,0.952381,2.41131,0.560517
controlled,105,3,ge10,state-markov,2,121,hmc_in,unsupervised,state,start,vigorous,9,1.02273,1.00321,0.64692,0.777778,2.37636,0.560517
controlled,105,3,ge10,state-markov,2,121,hmc_in,unsupervised,state,start,transient,3,0.159891,0.120246,0.114898,1,1.66925,0.560517
controlled,105,3,ge10,state-markov,2,121,hmc_in,unsupervised,state-markov,start,all,121,0.620555,0.50361,0.355321,0.942149,2.43844,0.676173
controlled,105,3,ge10,state-markov,2,121,hmc_in,unsupervised,state-markov,start,rest,4,0.623841,0.445936,0.3327,1,2.06873,0.676173
controlled,105,3,ge10,state-markov,2,121,hmc_in,unsupervised,state-markov,start,locomotion,105,0.58239,0.474822,0.337827,0.952381,2.48257,0.676173
controlled,105,3,ge10,state-markov,2,121,hmc_in,unsupervised,state-markov,start,vigorous,9,1.02125,1.00225,0.652293,0.777778,2.37045,0.676173
controlled,105,3,ge10,state-markov,2,121,hmc_in,unsupervised,state-markov,start,transient,3,0.113488,0.0921537,0.10685,1,1.59088,0.676173
controlled,105,3,ge10,state-markov,2,121,hmc_in,unsupervised,state,ignorable fit,all,121,0.647552,0.525157,0.368987,0.942149,2.38469,0.630073
controlled,105,3,ge10,state-markov,2,121,hmc_in,unsupervised,state,ignorable fit,rest,4,0.619023,0.44103,0.362787,1,2.10408,0.630073
controlled,105,3,ge10,state-markov,2,121,hmc_in,unsupervised,state,ignorable fit,locomotion,105,0.614572,0.498851,0.352162,0.952381,2.41645,0.630073
controlled,105,3,ge10,state-markov,2,121,hmc_in,unsupervised,state,ignorable fit,vigorous,9,1.0261,1.00686,0.652209,0.777778,2.38052,0.630073
controlled,105,3,ge10,state-markov,2,121,hmc_in,unsupervised,state,ignorable fit,transient,3,0.153921,0.112909,0.116458,1,1.65982,0.630073
controlled,105,3,ge10,state-markov,2,121,hmc_in,unsupervised,state-markov,ignorable fit,all,121,0.617591,0.500033,0.35431,0.942149,2.44676,0.614964
controlled,105,3,ge10,state-markov,2,121,hmc_in,unsupervised,state-markov,ignorable fit,rest,4,0.628162,0.449158,0.347744,1,2.07071,0.614964
controlled,105,3,ge10,state-markov,2,121,hmc_in,unsupervised,state-markov,ignorable fit,locomotion,105,0.578216,0.470444,0.336303,0.952381,2.49182,0.614964
controlled,105,3,ge10,state-markov,2,121,hmc_in,unsupervised,state-markov,ignorable fit,vigorous,9,1.02365,1.00488,0.646824,0.777778,2.3736,0.614964
controlled,105,3,ge10,state-markov,2,121,hmc_in,unsupervised,state-markov,ignorable fit,transient,3,0.111712,0.0889642,0.115784,1,1.5906,0.614964
controlled,105,3,ge10,state-markov,3,80,hmc_in,oracle,ignorable,,all,80,0.523485,0.43585,0.309301,1,2.58655,0.670747
controlled,105,3,ge10,state-markov,3,80,hmc_in,oracle,ignorable,,rest,2,0.557675,0.412714,0.353924,1,3.58202,0.670747
controlled,105,3,ge10,state-markov,3,80,hmc_in,oracle,ignorable,,locomotion,74,0.530382,0.444821,0.310627,1,2.55166,0.670747
controlled,105,3,ge10,state-markov,3,80,hmc_in,oracle,ignorable,,vigorous,4,0.34796,0.281452,0.262461,1,2.73435,0.670747
controlled,105,3,ge10,state-markov,3,80,hmc_in,oracle,state,,all,80,0.522635,0.435803,0.313965,1,2.58202,0.583198
controlled,105,3,ge10,state-markov,3,80,hmc_in,oracle,state,,rest,2,0.557674,0.412714,0.349886,1,3.58202,0.583198
controlled,105,3,ge10,state-markov,3,80,hmc_in,oracle,state,,locomotion,74,0.529476,0.44477,0.315586,1,2.54676,0.583198
controlled,105,3,ge10,state-markov,3,80,hmc_in,oracle,state,,vigorous,4,0.34796,0.281452,0.266012,1,2.73435,0.583198
controlled,105,3,ge10,state-markov,3,80,hmc_in,oracle,state-markov,,all,80,0.522633,0.435794,0.313161,1,2.58208,0.583929
controlled,105,3,ge10,state-markov,3,80,hmc_in,oracle,state-markov,,rest,2,0.557674,0.412714,0.344211,1,3.58202,0.583929
controlled,105,3,ge10,state-markov,3,80,hmc_in,oracle,state-markov,,locomotion,74,0.529473,0.444761,0.315567,1,2.54682,0.583929
controlled,105,3,ge10,state-markov,3,80,hmc_in,oracle,state-markov,,vigorous,4,0.34796,0.281452,0.253127,1,2.73435,0.583929
controlled,105,3,ge10,state-markov,3,80,pmc_pair,oracle,ignorable,,all,80,0.402791,0.313165,0.223033,0.8625,1.19699,1.19364
controlled,105,3,ge10,state-markov,3,80,pmc_pair,oracle,ignorable,,rest,2,0.164986,0.154778,0.155194,1,1.78151,1.19364
controlled,105,3,ge10,state-markov,3,80,pmc_pair,oracle,ignorable,,locomotion,74,0.398323,0.307986,0.218595,0.851351,1.14498,1.19364
controlled,105,3,ge10,state-markov,3,80,pmc_pair,oracle,ignorable,,vigorous,4,0.544034,0.488178,0.339058,1,1.86692,1.19364
controlled,105,3,ge10,state-markov,3,80,pmc_pair,oracle,state,,all,80,0.400698,0.311164,0.221827,0.8625,1.18726,1.2877
controlled,105,3,ge10,state-markov,3,80,pmc_pair,oracle,state,,rest,2,0.162956,0.152601,0.159706,1,1.78763,1.2877
controlled,105,3,ge10,state-markov,3,80,pmc_pair,oracle,state,,locomotion,74,0.396057,0.305881,0.218401,0.851351,1.1343,1.2877
controlled,105,3,ge10,state-markov,3,80,pmc_pair,oracle,state,,vigorous,4,0.544034,0.488178,0.316266,1,1.86692,1.2877
controlled,105,3,ge10,state-markov,3,80,pmc_pair,oracle,state-markov,,all,80,0.400782,0.311289,0.224895,0.8625,1.18776,1.26315
controlled,105,3,ge10,state-markov,3,80,pmc_pair,oracle,state-markov,,rest,2,0.163388,0.15307,0.181152,1,1.78638,1.26315
controlled,105,3,ge10,state-markov,3,80,pmc_pair,oracle,state-markov,,locomotion,74,0.396144,0.306003,0.221237,0.851351,1.13487,1.26315
controlled,105,3,ge10,state-markov,3,80,pmc_pair,oracle,state-markov,,vigorous,4,0.544034,0.488178,0.31444,1,1.86692,1.26315
controlled,105,3,ge10,state-markov,3,80,hmc_in,unsupervised,ignorable,start,all,80,0.574541,0.467561,0.334873,0.9875,2.51019,0.591934
controlled,105,3,ge10,state-markov,3,80,hmc_in,unsupervised,ignorable,start,rest,2,0.0958942,0.0833494,0.28902,1,2.89146,0.591934
controlled,105,3,ge10,state-markov,3,80,hmc_in,unsupervised,ignorable,start,locomotion,74,0.577696,0.473288,0.333714,0.986486,2.50902,0.591934
controlled,105,3,ge10,state-markov,3,80,hmc_in,unsupervised,ignorable,start,vigorous,4,0.650612,0.553722,0.37923,1,2.34118,0.591934
controlled,105,3,ge10,state-markov,3,80,hmc_in,unsupervised,state,start,all,80,0.656217,0.512566,0.371696,0.95,2.42425,0.628546
controlled,105,3,ge10,state-markov,3,80,hmc_in,unsupervised,state,start,rest,2,0.649764,0.51047,0.369126,1,2.46379,0.628546
controlled,105,3,ge10,state-markov,3,80,hmc_in,unsupervised,state,start,locomotion,74,0.655554,0.509078,0.371204,0.945946,2.42612,0.628546
controlled,105,3,ge10,state-markov,3,80,hmc_in,unsupervised,state,start,vigorous,4,0.67152,0.578146,0.382079,1,2.36993,0.628546
controlled,105,3,ge10,state-markov,3,80,hmc_in,unsupervised,state-markov,start,all,80,0.586791,0.473704,0.343018,0.975,2.48681,0.582529
controlled,105,3,ge10,state-markov,3,80,hmc_in,unsupervised,state-markov,start,rest,2,0.664698,0.524876,0.38144,1,2.44305,0.582529
controlled,105,3,ge10,state-markov,3,80,hmc_in,unsupervised,state-markov,start,locomotion,74,0.580018,0.467108,0.339597,0.972973,2.49481,0.582529
controlled,105,3,ge10,state-markov,3,80,hmc_in,unsupervised,state-markov,start,vigorous,4,0.66465,0.570151,0.387099,1,2.36077,0.582529
controlled,105,3,ge10,state-markov,3,80,hmc_in,unsupervised,state,ignorable fit,all,80,0.655925,0.513697,0.373031,0.95,2.42379,0.598847
controlled,105,3,ge10,state-markov,3,80,hmc_in,unsupervised,state,ignorable fit,rest,2,0.647022,0.508751,0.363553,1,2.48552,0.598847
controlled,105,3,ge10,state-markov,3,80,hmc_in,unsupervised,state,ignorable fit,locomotion,74,0.655511,0.510575,0.369933,0.945946,2.42527,0.598847
controlled,105,3,ge10,state-markov,3,80,hmc_in,unsupervised,state,ignorable fit,vigorous,4,0.667886,0.573921,0.435092,1,2.36545,0.598847
controlled,105,3,ge10,state-markov,3,80,hmc_in,unsupervised,state-markov,ignorable fit,all,80,0.585889,0.473767,0.345336,0.975,2.48522,0.634858
controlled,105,3,ge10,state-markov,3,80,hmc_in,unsupervised,state-markov,ignorable fit,rest,2,0.651882,0.515832,0.355633,1,2.49167,0.634858
controlled,105,3,ge10,state-markov,3,80,hmc_in,unsupervised,state-markov,ignorable fit,locomotion,74,0.579641,0.467639,0.341939,0.972973,2.49201,0.634858
controlled,105,3,ge10,state-markov,3,80,hmc_in,unsupervised,state-markov,ignorable fit,vigorous,4,0.661177,0.566099,0.403047,1,2.35622,0.634858
controlled,105,3,ge10,state-markov,4,86,hmc_in,oracle,ignorable,,all,86,0.634043,0.496646,0.363325,0.953488,2.60603,0.585244
controlled,105,3,ge10,state-markov,4,86,hmc_in,oracle,ignorable,,rest,1,1.14018,1.14018,0.65537,1,3.58202,0.585244
controlled,105,3,ge10,state-markov,4,86,hmc_in,oracle,ignorable,,locomotion,77,0.618896,0.485301,0.35739,0.961039,2.57355,0.585244
controlled,105,3,ge10,state-markov,4,86,hmc_in,oracle,ignorable,,vigorous,5,0.804059,0.589728,0.449802,0.8,2.73965,0.585244
controlled,105,3,ge10,state-markov,4,86,hmc_in,oracle,ignorable,,transient,3,0.426953,0.418193,0.27418,1,2.89174,0.585244
controlled,105,3,ge10,state-markov,4,86,hmc_in,oracle,state,,all,86,0.636126,0.497848,0.359839,0.953488,2.58234,0.575088
controlled,105,3,ge10,state-markov,4,86,hmc_in,oracle,state,,rest,1,1.14017,1.14017,0.653252,1,3.58203,0.575088
controlled,105,3,ge10,state-markov,4,86,hmc_in,oracle,state,,locomotion,77,0.621023,0.486549,0.355383,0.961039,2.5473,0.575088
controlled,105,3,ge10,state-markov,4,86,hmc_in,oracle,state,,vigorous,5,0.807085,0.591186,0.412851,0.8,2.73642,0.575088
controlled,105,3,ge10,state-markov,4,86,hmc_in,oracle,state,,transient,3,0.426953,0.418193,0.288071,1,2.89174,0.575088
controlled,105,3,ge10,state-markov,4,86,hmc_in,oracle,state-markov,,all,86,0.63603,0.497721,0.357657,0.953488,2.58269,0.632963
controlled,105,3,ge10,state-markov,4,86,hmc_in,oracle,state-markov,,rest,1,1.14017,1.14017,0.661422,1,3.58203,0.632963
controlled,105,3,ge10,state-markov,4,86,hmc_in,oracle,state-markov,,locomotion,77,0.620861,0.486387,0.353422,0.961039,2.54773,0.632963
controlled,105,3,ge10,state-markov,4,86,hmc_in,oracle,state-markov,,vigorous,5,0.807711,0.591488,0.421246,0.8,2.73573,0.632963
controlled,105,3,ge10,state-markov,4,86,hmc_in,oracle,state-markov,,transient,3,0.426953,0.418193,0.2591,1,2.89174,0.632963
controlled,105,3,ge10,state-markov,4,86,pmc_pair,oracle,ignorable,,all,86,0.528044,0.3814,0.291831,0.802326,1.24112,1.2648
controlled,105,3,ge10,state-markov,4,86,pmc_pair,oracle,ignorable,,rest,1,0.569392,0.569392,0.421776,1,1.65623,1.2648
controlled,105,3,ge10,state-markov,4,86,pmc_pair,oracle,ignorable,,locomotion,77,0.512862,0.361733,0.279738,0.818182,1.25174,1.2648
controlled,105,3,ge10,state-markov,4,86,pmc_pair,oracle,ignorable,,vigorous,5,0.505738,0.404893,0.297504,0.8,0.983673,1.2648
controlled,105,3,ge10,state-markov,4,86,pmc_pair,oracle,ignorable,,transient,3,0.841286,0.784355,0.549445,0.333333,1.25912,1.2648
controlled,105,3,ge10,state-markov,4,86,pmc_pair,oracle,state,,all,86,0.527287,0.384427,0.291077,0.790698,1.20119,1.18388
controlled,105,3,ge10,state-markov,4,86,pmc_pair,oracle,state,,rest,1,0.577644,0.577644,0.480028,1,1.59985,1.18388
controlled,105,3,ge10,state-markov,4,86,pmc_pair,oracle,state,,locomotion,77,0.513027,0.367133,0.279212,0.805195,1.19321,1.18388
controlled,105,3,ge10,state-markov,4,86,pmc_pair,oracle,state,,vigorous,5,0.508902,0.406687,0.283998,0.8,0.980844,1.18388
controlled,105,3,ge10,state-markov,4,86,pmc_pair,oracle,state,,transient,3,0.819759,0.726813,0.544423,0.333333,1.64027,1.18388
controlled,105,3,ge10,state-markov,4,86,pmc_pair,oracle,state-markov,,all,86,0.526688,0.383177,0.286646,0.790698,1.20635,1.34498
controlled,105,3,ge10,state-markov,4,86,pmc_pair,oracle,state-markov,,rest,1,0.575485,0.575485,0.43726,1,1.61487,1.34498
controlled,105,3,ge10,state-markov,4,86,pmc_pair,oracle,state-markov,,locomotion,77,0.512357,0.365727,0.274334,0.805195,1.19889,1.34498
controlled,105,3,ge10,state-markov,4,86,pmc_pair,oracle,state-markov,,vigorous,5,0.508846,0.406656,0.300356,0.8,0.980928,1.34498
controlled,105,3,ge10,state-markov,4,86,pmc_pair,oracle,state-markov,,transient,3,0.820044,0.727841,0.529621,0.333333,1.63737,1.34498
controlled,105,3,ge10,state-markov,4,86,hmc_in,unsupervised,ignorable,start,all,86,0.646482,0.512549,0.379164,0.965116,2.5958,0.6165
controlled,105,3,ge10,state-markov,4,86,hmc_in,unsupervised,ignorable,start,rest,1,0.231419,0.231419,0.193147,1,2.43951,0.6165
controlled,105,3,ge10,state-markov,4,86,hmc_in,unsupervised,ignorable,start,locomotion,77,0.614109,0.480669,0.359059,0.961039,2.60751,0.6165
controlled,105,3,ge10,state-markov,4,86,hmc_in,unsupervised,ignorable,start,vigorous,5,0.869296,0.816434,0.529207,1,2.34753,0.6165
controlled,105,3,ge10,state-markov,4,86,hmc_in,unsupervised,ignorable,start,transient,3,1.01189,0.918036,0.707139,1,2.76106,0.6165
controlled,105,3,ge10,state-markov,4,86,hmc_in,unsupervised,state,start,all,86,0.716477,0.582446,0.416494,0.953488,2.53067,0.654723
controlled,105,3,ge10,state-markov,4,86,hmc_in,unsupervised,state,start,rest,1,0.250771,0.250771,0.212192,1,2.43003,0.654723
controlled,105,3,ge10,state-markov,4,86,hmc_in,unsupervised,state,start,locomotion,77,0.718585,0.583142,0.416025,0.948052,2.51749,0.654723
controlled,105,3,ge10,state-markov,4,86,hmc_in,unsupervised,state,start,vigorous,5,0.879496,0.828799,0.52274,1,2.36371,0.654723
controlled,105,3,ge10,state-markov,4,86,hmc_in,unsupervised,state,start,transient,3,0.390156,0.264563,0.319571,1,3.18059,0.654723
controlled,105,3,ge10,state-markov,4,86,hmc_in,unsupervised,state-markov,start,all,86,0.671655,0.542312,0.388023,0.953488,2.57151,0.629424
controlled,105,3,ge10,state-markov,4,86,hmc_in,unsupervised,state-markov,start,rest,1,0.242685,0.242685,0.216058,1,2.43277,0.629424
controlled,105,3,ge10,state-markov,4,86,hmc_in,unsupervised,state-markov,start,locomotion,77,0.65818,0.522067,0.376175,0.948052,2.55507,0.629424
controlled,105,3,ge10,state-markov,4,86,hmc_in,unsupervised,state-markov,start,vigorous,5,0.876488,0.824938,0.56478,1,2.35645,0.629424
controlled,105,3,ge10,state-markov,4,86,hmc_in,unsupervised,state-markov,start,transient,3,0.716428,0.690777,0.454868,1,3.39815,0.629424
controlled,105,3,ge10,state-markov,4,86,hmc_in,unsupervised,state,ignorable fit,all,86,0.717548,0.581037,0.414972,0.953488,2.53356,0.582158
controlled,105,3,ge10,state-markov,4,86,hmc_in,unsupervised,state,ignorable fit,rest,1,0.252897,0.252897,0.234585,1,2.44661,0.582158
controlled,105,3,ge10,state-markov,4,86,hmc_in,unsupervised,state,ignorable fit,locomotion,77,0.714745,0.578051,0.409595,0.948052,2.51641,0.582158
controlled,105,3,ge10,state-markov,4,86,hmc_in,unsupervised,state,ignorable fit,vigorous,5,0.878075,0.827009,0.571037,1,2.36068,0.582158
controlled,105,3,ge10,state-markov,4,86,hmc_in,unsupervised,state,ignorable fit,transient,3,0.584241,0.357126,0.353001,1,3.29063,0.582158
controlled,105,3,ge10,state-markov,4,86,hmc_in,unsupervised,state-markov,ignorable fit,all,86,0.672818,0.543643,0.392865,0.953488,2.5785,0.586926
controlled,105,3,ge10,state-markov,4,86,hmc_in,unsupervised,state-markov,ignorable fit,rest,1,0.244339,0.244339,0.240413,1,2.4465,0.586926
controlled,105,3,ge10,state-markov,4,86,hmc_in,unsupervised,state-markov,ignorable fit,locomotion,77,0.655423,0.519457,0.380152,0.948052,2.56314,0.586926
controlled,105,3,ge10,state-markov,4,86,hmc_in,unsupervised,state-markov,ignorable fit,vigorous,5,0.875209,0.8233,0.534401,1,2.35342,0.586926
controlled,105,3,ge10,state-markov,4,86,hmc_in,unsupervised,state-markov,ignorable fit,transient,3,0.809008,0.798098,0.534088,1,3.39192,0.586926
controlled,105,3,any,state,0,483,hmc_in,oracle,ignorable,,all,483,0.658668,0.497297,0.366029,0.975155,2.81169,0.588152
controlled,105,3,any,state,0,483,hmc_in,oracle,ignorable,,rest,36,0.998424,0.893028,0.581133,0.972222,3.43516,0.588152
controlled,105,3,any,state,0,483,hmc_in,oracle,ignorable,,locomotion,283,0.561477,0.436944,0.327638,0.985866,2.64983,0.588152
controlled,105,3,any,state,0,483,hmc_in,oracle,ignorable,,vigorous,101,0.498462,0.382713,0.293678,0.990099,2.82297,0.588152
controlled,105,3,any,state,0,483,hmc_in,oracle,ignorable,,transient,63,0.970579,0.725975,0.531556,0.904762,3.16443,0.588152
controlled,105,3,any,state,0,483,hmc_in,oracle,state,,all,483,0.666827,0.501858,0.369837,0.968944,2.782,0.650876
controlled,105,3,any,state,0,483,hmc_in,oracle,state,,rest,36,0.996955,0.881399,0.58886,0.944444,3.36987,0.650876
controlled,105,3,any,state,0,483,hmc_in,oracle,state,,locomotion,283,0.589782,0.449891,0.334933,0.978799,2.61529,0.650876
controlled,105,3,any,state,0,483,hmc_in,oracle,state,,vigorous,101,0.464087,0.372889,0.28753,0.990099,2.81946,0.650876
controlled,105,3,any,state,0,483,hmc_in,oracle,state,,transient,63,0.966062,0.72518,0.533425,0.904762,3.1349,0.650876
controlled,105,3,any,state,0,483,hmc_in,oracle,state-markov,,all,483,0.66976,0.502747,0.368438,0.964803,2.7786,0.582878
controlled,105,3,any,state,0,483,hmc_in,oracle,state-markov,,rest,36,0.996871,0.881027,0.589795,0.944444,3.37193,0.582878
controlled,105,3,any,state,0,483,hmc_in,oracle,state-markov,,locomotion,283,0.595395,0.451506,0.331659,0.971731,2.60899,0.582878
controlled,105,3,any,state,0,483,hmc_in,oracle,state-markov,,vigorous,101,0.464016,0.372538,0.290841,0.990099,2.81979,0.582878
controlled,105,3,any,state,0,483,hmc_in,oracle,state-markov,,transient,63,0.966257,0.725516,0.531566,0.904762,3.13537,0.582878
controlled,105,3,any,state,0,483,pmc_pair,oracle,ignorable,,all,483,0.478235,0.336049,0.244499,0.857143,1.22031,2.31917
controlled,105,3,any,state,0,483,pmc_pair,oracle,ignorable,,rest,36,0.505623,0.358103,0.272956,0.861111,1.52815,2.31917
controlled,105,3,any,state,0,483,pmc_pair,oracle,ignorable,,locomotion,283,0.376554,0.275818,0.200631,0.872792,1.11327,2.31917
controlled,105,3,any,state,0,483,pmc_pair,oracle,ignorable,,vigorous,101,0.532297,0.39348,0.274613,0.881188,1.3337,2.31917
controlled,105,3,any,state,0,483,pmc_pair,oracle,ignorable,,transient,63,0.718442,0.501934,0.377018,0.746032,1.34344,2.31917
controlled,105,3,any,state,0,483,pmc_pair,oracle,state,,all,483,0.481034,0.338748,0.246034,0.855072,1.20965,2.31758
controlled,105,3,any,state,0,483,pmc_pair,oracle,state,,rest,36,0.505829,0.35675,0.27051,0.861111,1.5335,2.31758
controlled,105,3,any,state,0,483,pmc_pair,oracle,state,,locomotion,283,0.382562,0.280129,0.20319,0.869258,1.092,2.31758
controlled,105,3,any,state,0,483,pmc_pair,oracle,state,,vigorous,101,0.529067,0.390779,0.272377,0.881188,1.32577,2.31758
controlled,105,3,any,state,0,483,pmc_pair,oracle,state,,transient,63,0.722239,0.508367,0.382274,0.746032,1.36695,2.31758
controlled,105,3,any,state,0,483,pmc_pair,oracle,state-markov,,all,483,0.48103,0.338752,0.244784,0.855072,1.2097,2.38227
controlled,105,3,any,state,0,483,pmc_pair,oracle,state-markov,,rest,36,0.50583,0.35675,0.265408,0.861111,1.5335,2.38227
controlled,105,3,any,state,0,483,pmc_pair,oracle,state-markov,,locomotion,283,0.382556,0.280119,0.203201,0.869258,1.09185,2.38227
controlled,105,3,any,state,0,483,pmc_pair,oracle,state-markov,,vigorous,101,0.529039,0.390773,0.271124,0.881188,1.32578,2.38227
controlled,105,3,any,state,0,483,pmc_pair,oracle,state-markov,,transient,63,0.722269,0.508448,0.377568,0.746032,1.36794,2.38227
controlled,105,3,any,state,0,483,hmc_in,unsupervised,ignorable,start,all,483,0.680906,0.550355,0.381281,0.942029,2.42838,0.604474
controlled,105,3,any,state,0,483,hmc_in,unsupervised,ignorable,start,rest,36,0.49969,0.415956,0.271418,1,2.18922,0.604474
controlled,105,3,any,state,0,483,hmc_in,unsupervised,ignorable,start,locomotion,283,0.564816,0.452139,0.322465,0.961131,2.47124,0.604474
controlled,105,3,any,state,0,483,hmc_in,unsupervised,ignorable,start,vigorous,101,0.912761,0.830932,0.551709,0.881188,2.38689,0.604474
controlled,105,3,any,state,0,483,hmc_in,unsupervised,ignorable,start,transient,63,0.801956,0.618534,0.435036,0.920635,2.43902,0.604474
controlled,105,3,any,state,0,483,hmc_in,unsupervised,state,start,all,483,0.691363,0.561795,0.390894,0.942029,2.40176,0.612935
controlled,105,3,any,state,0,483,hmc_in,unsupervised,state,start,rest,36,0.503578,0.418972,0.282378,1,2.19457,0.612935
controlled,105,3,any,state,0,483,hmc_in,unsupervised,state,start,locomotion,283,0.591237,0.473228,0.337676,0.961131,2.42274,0.612935
controlled,105,3,any,state,0,483,hmc_in,unsupervised,state,start,vigorous,101,0.911795,0.832746,0.551731,0.881188,2.38644,0.612935
controlled,105,3,any,state,0,483,hmc_in,unsupervised,state,start,transient,63,0.785208,0.606871,0.434115,0.920635,2.45048,0.612935
controlled,105,3,any,state,0,483,hmc_in,unsupervised,state-markov,start,all,483,0.692408,0.56219,0.38961,0.939959,2.3996,0.740486
controlled,105,3,any,state,0,483,hmc_in,unsupervised,state-markov,start,rest,36,0.503854,0.419334,0.278714,1,2.19373,0.740486
controlled,105,3,any,state,0,483,hmc_in,unsupervised,state-markov,start,locomotion,283,0.593469,0.47409,0.336241,0.957597,2.41964,0.740486
controlled,105,3,any,state,0,483,hmc_in,unsupervised,state-markov,start,vigorous,101,0.910901,0.83176,0.555401,0.881188,2.38563,0.740486
controlled,105,3,any,state,0,483,hmc_in,unsupervised,state-markov,start,transient,63,0.786263,0.607401,0.426923,0.920635,2.44959,0.740486
controlled,105,3,any,state,0,483,hmc_in,unsupervised,state,ignorable fit,all,483,0.691423,0.562083,0.391214,0.942029,2.40539,0.601545
controlled,105,3,any,state,0,483,hmc_in,unsupervised,state,ignorable fit,rest,36,0.504655,0.419143,0.27701,1,2.20105,0.601545
controlled,105,3,any,state,0,483,hmc_in,unsupervised,state,ignorable fit,locomotion,283,0.591268,0.473517,0.338785,0.961131,2.42495,0.601545
controlled,105,3,any,state,0,483,hmc_in,unsupervised,state,ignorable fit,vigorous,101,0.912752,0.83417,0.557726,0.881188,2.3875,0.601545
controlled,105,3,any,state,0,483,hmc_in,unsupervised,state,ignorable fit,transient,63,0.783325,0.605404,0.425036,0.920635,2.46298,0.601545
controlled,105,3,any,state,0,483,hmc_in,unsupervised,state-markov,ignorable fit,all,483,0.692607,0.562645,0.38909,0.942029,2.40491,0.713597
controlled,105,3,any,state,0,483,hmc_in,unsupervised,state-markov,ignorable fit,rest,36,0.504608,0.419042,0.279468,1,2.20213,0.713597
controlled,105,3,any,state,0,483,hmc_in,unsupervised,state-markov,ignorable fit,locomotion,283,0.5933,0.474297,0.336124,0.961131,2.42315,0.713597
controlled,105,3,any,state,0,483,hmc_in,unsupervised,state-markov,ignorable fit,vigorous,101,0.913363,0.834849,0.552685,0.881188,2.38826,0.713597
controlled,105,3,any,state,0,483,hmc_in,unsupervised,state-markov,ignorable fit,transient,63,0.783313,0.605182,0.427385,0.920635,2.46551,0.713597
controlled,105,3,any,state,1,467,hmc_in,oracle,ignorable,,all,467,0.644599,0.501218,0.360658,0.974304,2.80941,0.71439
controlled,105,3,any,state,1,467,hmc_in,oracle,ignorable,,rest,32,0.959551,0.839667,0.551654,0.96875,3.51503,0.71439
controlled,105,3,any,state,1,467,hmc_in,oracle,ignorable,,locomotion,287,0.571218,0.437202,0.324387,0.972125,2.63364,0.71439
controlled,105,3,any,state,1,467,hmc_in,oracle,ignorable,,vigorous,92,0.47156,0.411402,0.300441,1,2.84972,0.71439
controlled,105,3,any,state,1,467,hmc_in,oracle,ignorable,,transient,56,0.949392,0.783455,0.536334,0.946429,3.24076,0.71439
controlled,105,3,any,state,1,467,hmc_in,oracle,state,,all,467,0.636071,0.493234,0.357201,0.974304,2.78268,0.637095
controlled,105,3,any,state,1,467,hmc_in,oracle,state,,rest,32,0.958934,0.832111,0.571735,0.96875,3.54353,0.637095
controlled,105,3,any,state,1,467,hmc_in,oracle,state,,locomotion,287,0.56406,0.429709,0.321254,0.972125,2.60232,0.637095
controlled,105,3,any,state,1,467,hmc_in,oracle,state,,vigorous,92,0.485966,0.412108,0.298239,1,2.84614,0.637095
controlled,105,3,any,state,1,467,hmc_in,oracle,state,,transient,56,0.911002,0.758437,0.515706,0.946429,3.168,0.637095
controlled,105,3,any,state,1,467,hmc_in,oracle,state-markov,,all,467,0.635403,0.493044,0.355924,0.974304,2.78351,0.613095
controlled,105,3,any,state,1,467,hmc_in,oracle,state-markov,,rest,32,0.959005,0.832738,0.560191,0.96875,3.54246,0.613095
controlled,105,3,any,state,1,467,hmc_in,oracle,state-markov,,locomotion,287,0.56388,0.429663,0.319558,0.972125,2.60284,0.613095
controlled,105,3,any,state,1,467,hmc_in,oracle,state-markov,,vigorous,92,0.481857,0.410628,0.297172,1,2.84716,0.613095
controlled,105,3,any,state,1,467,hmc_in,oracle,state-markov,,transient,56,0.911233,0.759157,0.5221,0.946429,3.17117,0.613095
controlled,105,3,any,state,1,467,pmc_pair,oracle,ignorable,,all,467,0.475999,0.334993,0.240028,0.867238,1.2548,2.29037
controlled,105,3,any,state,1,467,pmc_pair,oracle,ignorable,,rest,32,0.40381,0.319524,0.230125,0.875,1.48927,2.29037
controlled,105,3,any,state,1,467,pmc_pair,oracle,ignorable,,locomotion,287,0.442018,0.312276,0.228926,0.87108,1.16776,2.29037
controlled,105,3,any,state,1,467,pmc_pair,oracle,ignorable,,vigorous,92,0.485613,0.368984,0.242284,0.891304,1.41027,2.29037
controlled,105,3,any,state,1,467,pmc_pair,oracle,ignorable,,transient,56,0.638397,0.404415,0.298879,0.803571,1.31151,2.29037
controlled,105,3,any,state,1,467,pmc_pair,oracle,state,,all,467,0.474565,0.337423,0.242078,0.869379,1.24308,2.3193
controlled,105,3,any,state,1,467,pmc_pair,oracle,state,,rest,32,0.40358,0.318894,0.230494,0.875,1.49632,2.3193
controlled,105,3,any,state,1,467,pmc_pair,oracle,state,,locomotion,287,0.43557,0.311075,0.22797,0.867596,1.13391,2.3193
controlled,105,3,any,state,1,467,pmc_pair,oracle,state,,vigorous,92,0.508896,0.388555,0.253356,0.891304,1.39911,2.3193
controlled,105,3,any,state,1,467,pmc_pair,oracle,state,,transient,56,0.6223,0.399041,0.302472,0.839286,1.40153,2.3193
controlled,105,3,any,state,1,467,pmc_pair,oracle,state-markov,,all,467,0.473548,0.337175,0.242695,0.867238,1.2416,2.23432
controlled,105,3,any,state,1,467,pmc_pair,oracle,state-markov,,rest,32,0.403579,0.318893,0.230714,0.875,1.49632,2.23432
controlled,105,3,any,state,1,467,pmc_pair,oracle,state-markov,,locomotion,287,0.433114,0.310351,0.228613,0.867596,1.13249,2.23432
controlled,105,3,any,state,1,467,pmc_pair,oracle,state-markov,,vigorous,92,0.511348,0.389566,0.257905,0.880435,1.39654,2.23432
controlled,105,3,any,state,1,467,pmc_pair,oracle,state-markov,,transient,56,0.62132,0.399019,0.296722,0.839286,1.40072,2.23432
controlled,105,3,any,state,1,467,hmc_in,unsupervised,ignorable,start,all,467,0.708352,0.560957,0.397789,0.940043,2.42801,0.612755
controlled,105,3,any,state,1,467,hmc_in,unsupervised,ignorable,start,rest,32,0.602624,0.467247,0.319577,0.96875,2.09964,0.612755
controlled,105,3,any,state,1,467,hmc_in,unsupervised,ignorable,start,locomotion,287,0.634316,0.502401,0.363546,0.944251,2.50142,0.612755
controlled,105,3,any,state,1,467,hmc_in,unsupervised,ignorable,start,vigorous,92,0.872471,0.789612,0.523215,0.934783,2.39522,0.612755
controlled,105,3,any,state,1,467,hmc_in,unsupervised,ignorable,start,transient,56,0.814981,0.538956,0.411922,0.910714,2.29329,0.612755
controlled,105,3,any,state,1,467,hmc_in,unsupervised,state,start,all,467,0.717128,0.569042,0.404553,0.937901,2.41536,0.6327
controlled,105,3,any,state,1,467,hmc_in,unsupervised,state,start,rest,32,0.602143,0.466197,0.325534,0.96875,2.10128,0.6327
controlled,105,3,any,state,1,467,hmc_in,unsupervised,state,start,locomotion,287,0.647513,0.512906,0.370268,0.940767,2.46512,0.6327
controlled,105,3,any,state,1,467,hmc_in,unsupervised,state,start,vigorous,92,0.888127,0.801258,0.539545,0.934783,2.4115,0.6327
controlled,105,3,any,state,1,467,hmc_in,unsupervised,state,start,transient,56,0.798039,0.534013,0.403646,0.910714,2.34617,0.6327
controlled,105,3,any,state,1,467,hmc_in,unsupervised,state-markov,start,all,467,0.716112,0.568174,0.399482,0.93576,2.41441,0.631333
controlled,105,3,any,state,1,467,hmc_in,unsupervised,state-markov,start,rest,32,0.602969,0.466794,0.311039,0.96875,2.09978,0.631333
controlled,105,3,any,state,1,467,hmc_in,unsupervised,state-markov,start,locomotion,287,0.646688,0.512118,0.364496,0.937282,2.46426,0.631333
controlled,105,3,any,state,1,467,hmc_in,unsupervised,state-markov,start,vigorous,92,0.885937,0.799045,0.534494,0.934783,2.41039,0.631333
controlled,105,3,any,state,1,467,hmc_in,unsupervised,state-markov,start,transient,56,0.797502,0.534106,0.407517,0.910714,2.34531,0.631333
controlled,105,3,any,state,1,467,hmc_in,unsupervised,state,ignorable fit,all,467,0.718405,0.570341,0.40365,0.937901,2.41686,0.629136
controlled,105,3,any,state,1,467,hmc_in,unsupervised,state,ignorable fit,rest,32,0.601921,0.466014,0.330288,0.9375,2.10597,0.629136
controlled,105,3,any,state,1,467,hmc_in,unsupervised,state,ignorable fit,locomotion,287,0.648164,0.51347,0.367327,0.944251,2.46627,0.629136
controlled,105,3,any,state,1,467,hmc_in,unsupervised,state,ignorable fit,vigorous,92,0.888569,0.801709,0.539212,0.934783,2.40976,0.629136
controlled,105,3,any,state,1,467,hmc_in,unsupervised,state,ignorable fit,transient,56,0.804173,0.541317,0.409013,0.910714,2.35293,0.629136
controlled,105,3,any,state,1,467,hmc_in,unsupervised,state-markov,ignorable fit,all,467,0.717287,0.569318,0.40457,0.937901,2.41704,0.642787
controlled,105,3,any,state,1,467,hmc_in,unsupervised,state-markov,ignorable fit,rest,32,0.602647,0.466531,0.327593,0.9375,2.10474,0.642787
controlled,105,3,any,state,1,467,hmc_in,unsupervised,state-markov,ignorable fit,locomotion,287,0.64669,0.511997,0.367277,0.944251,2.46715,0.642787
controlled,105,3,any,state,1,467,hmc_in,unsupervised,state-markov,ignorable fit,vigorous,92,0.887381,0.800882,0.541865,0.934783,2.40901,0.642787
controlled,105,3,any,state,1,467,hmc_in,unsupervised,state-markov,ignorable fit,transient,56,0.803779,0.541395,0.414126,0.910714,2.35188,0.642787
controlled,105,3,any,state,2,494,hmc_in,oracle,ignorable,,all,494,0.63637,0.493004,0.359851,0.973684,2.74663,0.647468
controlled,105,3,any,state,2,494,hmc_in,oracle,ignorable,,rest,20,1.03587,0.924384,0.603529,1,3.51671,0.647468
controlled,105,3,any,state,2,494,hmc_in,oracle,ignorable,,locomotion,303,0.557645,0.443021,0.327415,0.980198,2.62682,0.647468
controlled,105,3,any,state,2,494,hmc_in,oracle,ignorable,,vigorous,109,0.592889,0.450183,0.331621,0.972477,2.77852,0.647468
controlled,105,3,any,state,2,494,hmc_in,oracle,ignorable,,transient,62,0.861869,0.673402,0.489391,0.935484,3.02766,0.647468
controlled,105,3,any,state,2,494,hmc_in,oracle,state,,all,494,0.658163,0.509366,0.366046,0.969636,2.71512,0.602444
controlled,105,3,any,state,2,494,hmc_in,oracle,state,,rest,20,1.03661,0.932184,0.593496,1,3.48162,0.602444
controlled,105,3,any,state,2,494,hmc_in,oracle,state,,locomotion,303,0.591817,0.464076,0.338202,0.973597,2.5921,0.602444
controlled,105,3,any,state,2,494,hmc_in,oracle,state,,vigorous,109,0.592043,0.449908,0.32985,0.972477,2.77622,0.602444
controlled,105,3,any,state,2,494,hmc_in,oracle,state,,transient,62,0.881417,0.698842,0.492387,0.935484,2.96168,0.602444
controlled,105,3,any,state,2,494,hmc_in,oracle,state-markov,,all,494,0.656473,0.508749,0.367111,0.97166,2.71757,0.614292
controlled,105,3,any,state,2,494,hmc_in,oracle,state-markov,,rest,20,1.03663,0.932301,0.609682,1,3.48126,0.614292
controlled,105,3,any,state,2,494,hmc_in,oracle,state-markov,,locomotion,303,0.589014,0.463221,0.336202,0.976898,2.59545,0.614292
controlled,105,3,any,state,2,494,hmc_in,oracle,state-markov,,vigorous,109,0.59199,0.449859,0.332576,0.972477,2.77614,0.614292
controlled,105,3,any,state,2,494,hmc_in,oracle,state-markov,,transient,62,0.880609,0.698152,0.500634,0.935484,2.9651,0.614292
controlled,105,3,any,state,2,494,pmc_pair,oracle,ignorable,,all,494,0.465621,0.331927,0.246828,0.836032,1.21278,2.39185
controlled,105,3,any,state,2,494,pmc_pair,oracle,ignorable,,rest,20,0.412703,0.319587,0.23569,0.75,1.13544,2.39185
controlled,105,3,any,state,2,494,pmc_pair,oracle,ignorable,,locomotion,303,0.423642,0.295115,0.222446,0.854785,1.09071,2.39185
controlled,105,3,any,state,2,494,pmc_pair,oracle,ignorable,,vigorous,109,0.556403,0.414159,0.296528,0.816514,1.50874,2.39185
controlled,105,3,any,state,2,494,pmc_pair,oracle,ignorable,,transient,62,0.501121,0.37124,0.282199,0.806452,1.31399,2.39185
controlled,105,3,any,state,2,494,pmc_pair,oracle,state,,all,494,0.488058,0.345379,0.253639,0.840081,1.2172,2.41973
controlled,105,3,any,state,2,494,pmc_pair,oracle,state,,rest,20,0.385547,0.312078,0.208962,0.8,1.20486,2.41973
controlled,105,3,any,state,2,494,pmc_pair,oracle,state,,locomotion,303,0.430674,0.303151,0.225521,0.854785,1.08782,2.41973
controlled,105,3,any,state,2,494,pmc_pair,oracle,state,,vigorous,109,0.602095,0.431649,0.307844,0.816514,1.48519,2.41973
controlled,105,3,any,state,2,494,pmc_pair,oracle,state,,transient,62,0.553331,0.410831,0.31017,0.822581,1.38231,2.41973
controlled,105,3,any,state,2,494,pmc_pair,oracle,state-markov,,all,494,0.485989,0.341597,0.25311,0.840081,1.20947,2.28162
controlled,105,3,any,state,2,494,pmc_pair,oracle,state-markov,,rest,20,0.37928,0.3067,0.205064,0.8,1.18232,2.28162
controlled,105,3,any,state,2,494,pmc_pair,oracle,state-markov,,locomotion,303,0.429557,0.30056,0.224824,0.854785,1.08031,2.28162
controlled,105,3,any,state,2,494,pmc_pair,oracle,state-markov,,vigorous,109,0.602838,0.431826,0.312022,0.816514,1.48532,2.28162
controlled,105,3,any,state,2,494,pmc_pair,oracle,state-markov,,transient,62,0.542947,0.394778,0.303279,0.822581,1.36448,2.28162
controlled,105,3,any,state,2,494,hmc_in,unsupervised,ignorable,start,all,494,0.684406,0.551787,0.390675,0.939271,2.43516,0.697848
controlled,105,3,any,state,2,494,hmc_in,unsupervised,ignorable,start,rest,20,0.562781,0.386513,0.275583,1,1.79326,0.697848
controlled,105,3,any,state,2,494,hmc_in,unsupervised,ignorable,start,locomotion,303,0.582963,0.454254,0.335394,0.957096,2.50469,0.697848
controlled,105,3,any,state,2,494,hmc_in,unsupervised,ignorable,start,vigorous,109,0.913329,0.838843,0.561915,0.87156,2.40308,0.697848
controlled,105,3,any,state,2,494,hmc_in,unsupervised,ignorable,start,transient,62,0.70897,0.577087,0.39692,0.951613,2.35887,0.697848
controlled,105,3,any,state,2,494,hmc_in,unsupervised,state,start,all,494,0.700306,0.569783,0.396728,0.935223,2.41888,0.735675
controlled,105,3,any,state,2,494,hmc_in,unsupervised,state,start,rest,20,0.563412,0.388802,0.274734,1,1.79203,0.735675
controlled,105,3,any,state,2,494,hmc_in,unsupervised,state,start,locomotion,303,0.595664,0.470591,0.34032,0.953795,2.47205,0.735675
controlled,105,3,any,state,2,494,hmc_in,unsupervised,state,start,vigorous,109,0.929102,0.856041,0.565984,0.87156,2.41983,0.735675
controlled,105,3,any,state,2,494,hmc_in,unsupervised,state,start,transient,62,0.744026,0.609666,0.414185,0.935484,2.35956,0.735675
controlled,105,3,any,state,2,494,hmc_in,unsupervised,state-markov,start,all,494,0.703042,0.571605,0.40122,0.935223,2.41648,0.644289
controlled,105,3,any,state,2,494,hmc_in,unsupervised,state-markov,start,rest,20,0.557997,0.379813,0.28661,1,1.78683,0.644289
controlled,105,3,any,state,2,494,hmc_in,unsupervised,state-markov,start,locomotion,303,0.597791,0.471859,0.339998,0.953795,2.46999,0.644289
controlled,105,3,any,state,2,494,hmc_in,unsupervised,state-markov,start,vigorous,109,0.931906,0.858823,0.579989,0.87156,2.42267,0.644289
controlled,105,3,any,state,2,494,hmc_in,unsupervised,state-markov,start,transient,62,0.751366,0.615993,0.423105,0.935484,2.34718,0.644289
controlled,105,3,any,state,2,494,hmc_in,unsupervised,state,ignorable fit,all,494,0.700754,0.570289,0.397082,0.933198,2.42021,0.646855
controlled,105,3,any,state,2,494,hmc_in,unsupervised,state,ignorable fit,rest,20,0.571588,0.392329,0.281007,0.95,1.78976,0.646855
controlled,105,3,any,state,2,494,hmc_in,unsupervised,state,ignorable fit,locomotion,303,0.596542,0.471756,0.340205,0.953795,2.47374,0.646855
controlled,105,3,any,state,2,494,hmc_in,unsupervised,state,ignorable fit,vigorous,109,0.927786,0.854631,0.564945,0.87156,2.41654,0.646855
controlled,105,3,any,state,2,494,hmc_in,unsupervised,state,ignorable fit,transient,62,0.744824,0.609342,0.417379,0.935484,2.36847,0.646855
controlled,105,3,any,state,2,494,hmc_in,unsupervised,state-markov,ignorable fit,all,494,0.702785,0.571781,0.401596,0.933198,2.41785,0.653317
controlled,105,3,any,state,2,494,hmc_in,unsupervised,state-markov,ignorable fit,rest,20,0.564607,0.382132,0.286415,0.95,1.78656,0.653317
controlled,105,3,any,state,2,494,hmc_in,unsupervised,state-markov,ignorable fit,locomotion,303,0.598601,0.473321,0.341815,0.953795,2.47187,0.653317
controlled,105,3,any,state,2,494,hmc_in,unsupervised,state-markov,ignorable fit,vigorous,109,0.929062,0.855914,0.574348,0.87156,2.4176,0.653317
controlled,105,3,any,state,2,494,hmc_in,unsupervised,state-markov,ignorable fit,transient,62,0.750896,0.61462,0.427197,0.935484,2.35796,0.653317
controlled,105,3,any,state,3,521,hmc_in,oracle,ignorable,,all,521,0.64437,0.498813,0.3652,0.982726,2.81151,0.680224
controlled,105,3,any,state,3,521,hmc_in,oracle,ignorable,,rest,39,0.966084,0.795968,0.571449,0.948718,3.51228,0.680224
controlled,105,3,any,state,3,521,hmc_in,oracle,ignorable,,locomotion,308,0.578684,0.4468,0.329112,0.983766,2.61465,0.680224
controlled,105,3,any,state,3,521,hmc_in,oracle,ignorable,,vigorous,100,0.470437,0.397892,0.307367,1,2.81759,0.680224
controlled,105,3,any,state,3,521,hmc_in,oracle,ignorable,,transient,74,0.859397,0.695071,0.484857,0.972973,3.2533,0.680224
controlled,105,3,any,state,3,521,hmc_in,oracle,state,,all,521,0.634272,0.497103,0.360826,0.984645,2.78573,0.62404
controlled,105,3,any,state,3,521,hmc_in,oracle,state,,rest,39,0.964449,0.795979,0.564199,0.948718,3.46923,0.62404
controlled,105,3,any,state,3,521,hmc_in,oracle,state,,locomotion,308,0.573144,0.441717,0.326706,0.983766,2.592,0.62404
controlled,105,3,any,state,3,521,hmc_in,oracle,state,,vigorous,100,0.49209,0.413802,0.308146,1,2.81111,0.62404
controlled,105,3,any,state,3,521,hmc_in,oracle,state,,transient,74,0.804808,0.68268,0.466845,0.986486,3.19758,0.62404
controlled,105,3,any,state,3,521,hmc_in,oracle,state-markov,,all,521,0.634577,0.497438,0.360604,0.984645,2.78551,0.679281
controlled,105,3,any,state,3,521,hmc_in,oracle,state-markov,,rest,39,0.964076,0.796123,0.562299,0.948718,3.46869,0.679281
controlled,105,3,any,state,3,521,hmc_in,oracle,state-markov,,locomotion,308,0.573184,0.441845,0.327461,0.983766,2.5916,0.679281
controlled,105,3,any,state,3,521,hmc_in,oracle,state-markov,,vigorous,100,0.493452,0.414487,0.305584,1,2.81056,0.679281
controlled,105,3,any,state,3,521,hmc_in,oracle,state-markov,,transient,74,0.80549,0.683508,0.466603,0.986486,3.19869,0.679281
controlled,105,3,any,state,3,521,pmc_pair,oracle,ignorable,,all,521,0.443054,0.317369,0.231527,0.859885,1.19991,2.36795
controlled,105,3,any,state,3,521,pmc_pair,oracle,ignorable,,rest,39,0.503783,0.387787,0.269169,0.871795,1.42803,2.36795
controlled,105,3,any,state,3,521,pmc_pair,oracle,ignorable,,locomotion,308,0.389359,0.282821,0.207396,0.876623,1.10877,2.36795
controlled,105,3,any,state,3,521,pmc_pair,oracle,ignorable,,vigorous,100,0.494738,0.377577,0.264443,0.83,1.31217,2.36795
controlled,105,3,any,state,3,521,pmc_pair,oracle,ignorable,,transient,74,0.535286,0.34269,0.267646,0.824324,1.30732,2.36795
controlled,105,3,any,state,3,521,pmc_pair,oracle,state,,all,521,0.434794,0.311995,0.22601,0.863724,1.19194,2.33746
controlled,105,3,any,state,3,521,pmc_pair,oracle,state,,rest,39,0.503722,0.386926,0.267775,0.871795,1.42969,2.33746
controlled,105,3,any,state,3,521,pmc_pair,oracle,state,,locomotion,308,0.377863,0.275929,0.202209,0.876623,1.08875,2.33746
controlled,105,3,any,state,3,521,pmc_pair,oracle,state,,vigorous,100,0.496496,0.377825,0.26292,0.83,1.30701,2.33746
controlled,105,3,any,state,3,521,pmc_pair,oracle,state,,transient,74,0.519487,0.333654,0.253187,0.851351,1.34063,2.33746
controlled,105,3,any,state,3,521,pmc_pair,oracle,state-markov,,all,521,0.434965,0.312156,0.226599,0.863724,1.19272,2.49248
controlled,105,3,any,state,3,521,pmc_pair,oracle,state-markov,,rest,39,0.503721,0.386925,0.275741,0.871795,1.42968,2.49248
controlled,105,3,any,state,3,521,pmc_pair,oracle,state-markov,,locomotion,308,0.377908,0.275991,0.202195,0.876623,1.08848,2.49248
controlled,105,3,any,state,3,521,pmc_pair,oracle,state-markov,,vigorous,100,0.496874,0.378091,0.261638,0.83,1.30694,2.49248
controlled,105,3,any,state,3,521,pmc_pair,oracle,state-markov,,transient,74,0.519867,0.334176,0.254928,0.851351,1.34733,2.49248
controlled,105,3,any,state,3,521,hmc_in,unsupervised,ignorable,start,all,521,0.697782,0.560448,0.399894,0.923225,2.39972,0.62971
controlled,105,3,any,state,3,521,hmc_in,unsupervised,ignorable,start,rest,39,0.719225,0.545005,0.398488,0.897436,2.20405,0.62971
controlled,105,3,any,state,3,521,hmc_in,unsupervised,ignorable,start,locomotion,308,0.602687,0.47807,0.345015,0.951299,2.48177,0.62971
controlled,105,3,any,state,3,521,hmc_in,unsupervised,ignorable,start,vigorous,100,0.926669,0.859124,0.582493,0.86,2.37315,0.62971
controlled,105,3,any,state,3,521,hmc_in,unsupervised,ignorable,start,transient,74,0.695097,0.507841,0.382291,0.905405,2.19727,0.62971
controlled,105,3,any,state,3,521,hmc_in,unsupervised,state,start,all,521,0.713029,0.575125,0.403442,0.913628,2.37857,0.707929
controlled,105,3,any,state,3,521,hmc_in,unsupervised,state,start,rest,39,0.723244,0.549085,0.390572,0.897436,2.21154,0.707929
controlled,105,3,any,state,3,521,hmc_in,unsupervised,state,start,locomotion,308,0.627267,0.496808,0.35709,0.938312,2.44719,0.707929
controlled,105,3,any,state,3,521,hmc_in,unsupervised,state,start,vigorous,100,0.935256,0.872507,0.574935,0.85,2.37728,0.707929
controlled,105,3,any,state,3,521,hmc_in,unsupervised,state,start,transient,74,0.695782,0.512952,0.371398,0.905405,2.18278,0.707929
controlled,105,3,any,state,3,521,hmc_in,unsupervised,state-markov,start,all,521,0.713157,0.575108,0.406329,0.913628,2.37908,0.633732
controlled,105,3,any,state,3,521,hmc_in,unsupervised,state-markov,start,rest,39,0.723463,0.549607,0.397492,0.897436,2.21342,0.633732
controlled,105,3,any,state,3,521,hmc_in,unsupervised,state-markov,start,locomotion,308,0.627297,0.496597,0.358273,0.938312,2.44758,0.633732
controlled,105,3,any,state,3,521,hmc_in,unsupervised,state-markov,start,vigorous,100,0.93549,0.872886,0.578454,0.85,2.37712,0.633732
controlled,105,3,any,state,3,521,hmc_in,unsupervised,state-markov,start,transient,74,0.696047,0.512926,0.378397,0.905405,2.18394,0.633732
controlled,105,3,any,state,3,521,hmc_in,unsupervised,state,ignorable fit,all,521,0.715014,0.57644,0.408226,0.911708,2.38432,0.716651
controlled,105,3,any,state,3,521,hmc_in,unsupervised,state,ignorable fit,rest,39,0.722246,0.546232,0.404396,0.871795,2.21987,0.716651
controlled,105,3,any,state,3,521,hmc_in,unsupervised,state,ignorable fit,locomotion,308,0.627941,0.497543,0.35579,0.941558,2.44927,0.716651
controlled,105,3,any,state,3,521,hmc_in,unsupervised,state,ignorable fit,vigorous,100,0.938266,0.876684,0.584671,0.85,2.37705,0.716651
controlled,105,3,any,state,3,521,hmc_in,unsupervised,state,ignorable fit,transient,74,0.702628,0.515008,0.390048,0.891892,2.21048,0.716651
controlled,105,3,any,state,3,521,hmc_in,unsupervised,state-markov,ignorable fit,all,521,0.715158,0.576599,0.406473,0.907869,2.38468,0.65549
controlled,105,3,any,state,3,521,hmc_in,unsupervised,state-markov,ignorable fit,rest,39,0.722465,0.546754,0.405619,0.871795,2.22116,0.65549
controlled,105,3,any,state,3,521,hmc_in,unsupervised,state-markov,ignorable fit,locomotion,308,0.628013,0.497657,0.357112,0.935065,2.44953,0.65549
controlled,105,3,any,state,3,521,hmc_in,unsupervised,state-markov,ignorable fit,vigorous,100,0.938564,0.877084,0.581342,0.85,2.37692,0.65549
controlled,105,3,any,state,3,521,hmc_in,unsupervised,state-markov,ignorable fit,transient,74,0.702738,0.514834,0.376065,0.891892,2.21142,0.65549
controlled,105,3,any,state,4,498,hmc_in,oracle,ignorable,,all,498,0.611562,0.479596,0.350971,0.97992,2.78119,0.629103
controlled,105,3,any,state,4,498,hmc_in,oracle,ignorable,,rest,33,0.951205,0.814852,0.546854,1,3.45976,0.629103
controlled,105,3,any,state,4,498,hmc_in,oracle,ignorable,,locomotion,288,0.538189,0.421136,0.317724,0.982639,2.64306,0.629103
controlled,105,3,any,state,4,498,hmc_in,oracle,ignorable,,vigorous,104,0.435266,0.374706,0.289066,1,2.81411,0.629103
controlled,105,3,any,state,4,498,hmc_in,oracle,ignorable,,transient,73,0.854285,0.708112,0.481779,0.931507,2.97245,0.629103
controlled,105,3,any,state,4,498,hmc_in,oracle,state,,all,498,0.6408,0.502307,0.35956,0.977912,2.74235,0.592904
controlled,105,3,any,state,4,498,hmc_in,oracle,state,,rest,33,0.950777,0.817248,0.542571,1,3.46983,0.592904
controlled,105,3,any,state,4,498,hmc_in,oracle,state,,locomotion,288,0.577714,0.447433,0.329613,0.979167,2.59187,0.592904
controlled,105,3,any,state,4,498,hmc_in,oracle,state,,vigorous,104,0.470524,0.390948,0.292197,1,2.79488,0.592904
controlled,105,3,any,state,4,498,hmc_in,oracle,state,,transient,73,0.872045,0.735076,0.490948,0.931507,2.93234,0.592904
controlled,105,3,any,state,4,498,hmc_in,oracle,state-markov,,all,498,0.63806,0.501277,0.360079,0.981928,2.74503,0.615484
controlled,105,3,any,state,4,498,hmc_in,oracle,state-markov,,rest,33,0.951156,0.818772,0.549759,1,3.46851,0.615484
controlled,105,3,any,state,4,498,hmc_in,oracle,state-markov,,locomotion,288,0.571854,0.445176,0.328118,0.982639,2.59734,0.615484
controlled,105,3,any,state,4,498,hmc_in,oracle,state-markov,,vigorous,104,0.47128,0.391192,0.294802,1,2.79395,0.615484
controlled,105,3,any,state,4,498,hmc_in,oracle,state-markov,,transient,73,0.872808,0.735915,0.493425,0.945205,2.93091,0.615484
controlled,105,3,any,state,4,498,pmc_pair,oracle,ignorable,,all,498,0.436349,0.312905,0.233089,0.881526,1.25043,2.42524
controlled,105,3,any,state,4,498,pmc_pair,oracle,ignorable,,rest,33,0.278651,0.218324,0.162752,1,1.42815,2.42524
controlled,105,3,any,state,4,498,pmc_pair,oracle,ignorable,,locomotion,288,0.391584,0.270729,0.208149,0.875,1.09529,2.42524
controlled,105,3,any,state,4,498,pmc_pair,oracle,ignorable,,vigorous,104,0.510973,0.390083,0.272304,0.913462,1.55304,2.42524
controlled,105,3,any,state,4,498,pmc_pair,oracle,ignorable,,transient,73,0.535611,0.412102,0.307415,0.808219,1.35101,2.42524
controlled,105,3,any,state,4,498,pmc_pair,oracle,state,,all,498,0.446484,0.320447,0.237264,0.87751,1.24278,2.27583
controlled,105,3,any,state,4,498,pmc_pair,oracle,state,,rest,33,0.278635,0.218197,0.16607,1,1.43177,2.27583
controlled,105,3,any,state,4,498,pmc_pair,oracle,state,,locomotion,288,0.400623,0.277477,0.211543,0.871528,1.07877,2.27583
controlled,105,3,any,state,4,498,pmc_pair,oracle,state,,vigorous,104,0.520374,0.396382,0.277095,0.903846,1.54657,2.27583
controlled,105,3,any,state,4,498,pmc_pair,oracle,state,,transient,73,0.553044,0.428014,0.314177,0.808219,1.3716,2.27583
controlled,105,3,any,state,4,498,pmc_pair,oracle,state-markov,,all,498,0.4464,0.320464,0.236682,0.879518,1.24207,2.20315
controlled,105,3,any,state,4,498,pmc_pair,oracle,state-markov,,rest,33,0.278627,0.218179,0.171542,1,1.43251,2.20315
controlled,105,3,any,state,4,498,pmc_pair,oracle,state-markov,,locomotion,288,0.400136,0.277232,0.211232,0.875,1.07964,2.20315
controlled,105,3,any,state,4,498,pmc_pair,oracle,state-markov,,vigorous,104,0.520602,0.396659,0.274097,0.903846,1.54663,2.20315
controlled,105,3,any,state,4,498,pmc_pair,oracle,state-markov,,transient,73,0.553666,0.428712,0.313231,0.808219,1.36291,2.20315
controlled,105,3,any,state,4,498,hmc_in,unsupervised,ignorable,start,all,498,0.648338,0.522905,0.376235,0.943775,2.48482,0.637187
controlled,105,3,any,state,4,498,hmc_in,unsupervised,ignorable,start,rest,33,0.494096,0.399826,0.300265,1,2.18479,0.637187
controlled,105,3,any,state,4,498,hmc_in,unsupervised,ignorable,start,locomotion,288,0.552561,0.444802,0.329351,0.975694,2.55246,0.637187
controlled,105,3,any,state,4,498,hmc_in,unsupervised,ignorable,start,vigorous,104,0.855901,0.76438,0.516647,0.855769,2.41671,0.637187
controlled,105,3,any,state,4,498,hmc_in,unsupervised,ignorable,start,transient,73,0.713409,0.542657,0.395507,0.917808,2.45065,0.637187
controlled,105,3,any,state,4,498,hmc_in,unsupervised,state,start,all,498,0.681413,0.549585,0.38592,0.939759,2.46309,0.703414
controlled,105,3,any,state,4,498,hmc_in,unsupervised,state,start,rest,33,0.54288,0.43386,0.290875,1,2.1902,0.703414
controlled,105,3,any,state,4,498,hmc_in,unsupervised,state,start,locomotion,288,0.598251,0.474792,0.342098,0.965278,2.50471,0.703414
controlled,105,3,any,state,4,498,hmc_in,unsupervised,state,start,vigorous,104,0.87585,0.783483,0.521423,0.855769,2.4215,0.703414
controlled,105,3,any,state,4,498,hmc_in,unsupervised,state,start,transient,73,0.727643,0.563752,0.408725,0.931507,2.48154,0.703414
controlled,105,3,any,state,4,498,hmc_in,unsupervised,state-markov,start,all,498,0.679248,0.547321,0.386562,0.941767,2.46881,0.664133
controlled,105,3,any,state,4,498,hmc_in,unsupervised,state-markov,start,rest,33,0.545794,0.434822,0.295744,1,2.19019,0.664133
controlled,105,3,any,state,4,498,hmc_in,unsupervised,state-markov,start,locomotion,288,0.593742,0.470392,0.340118,0.96875,2.51308,0.664133
controlled,105,3,any,state,4,498,hmc_in,unsupervised,state-markov,start,vigorous,104,0.877326,0.784967,0.530309,0.855769,2.42183,0.664133
controlled,105,3,any,state,4,498,hmc_in,unsupervised,state-markov,start,transient,73,0.724885,0.563117,0.406053,0.931507,2.48706,0.664133
controlled,105,3,any,state,4,498,hmc_in,unsupervised,state,ignorable fit,all,498,0.68279,0.550742,0.39044,0.939759,2.46818,0.679774
controlled,105,3,any,state,4,498,hmc_in,unsupervised,state,ignorable fit,rest,33,0.55049,0.436925,0.297248,1,2.19498,0.679774
controlled,105,3,any,state,4,498,hmc_in,unsupervised,state,ignorable fit,locomotion,288,0.598931,0.47548,0.345179,0.965278,2.50877,0.679774
controlled,105,3,any,state,4,498,hmc_in,unsupervised,state,ignorable fit,vigorous,104,0.876981,0.78436,0.530059,0.855769,2.41928,0.679774
controlled,105,3,any,state,4,498,hmc_in,unsupervised,state,ignorable fit,transient,73,0.729714,0.566294,0.412224,0.931507,2.50122,0.679774
controlled,105,3,any,state,4,498,hmc_in,unsupervised,state-markov,ignorable fit,all,498,0.680527,0.548437,0.387541,0.941767,2.47282,0.655057
controlled,105,3,any,state,4,498,hmc_in,unsupervised,state-markov,ignorable fit,rest,33,0.553165,0.437841,0.307742,1,2.1949,0.655057
controlled,105,3,any,state,4,498,hmc_in,unsupervised,state-markov,ignorable fit,locomotion,288,0.594503,0.47121,0.340894,0.96875,2.51599,0.655057
controlled,105,3,any,state,4,498,hmc_in,unsupervised,state-markov,ignorable fit,vigorous,104,0.87803,0.785364,0.530489,0.855769,2.41937,0.655057
controlled,105,3,any,state,4,498,hmc_in,unsupervised,state-markov,ignorable fit,transient,73,0.726861,0.56557,0.403998,0.931507,2.50434,0.655057
controlled,105,3,any,state-markov,0,567,hmc_in,oracle,ignorable,,all,567,0.61569,0.47324,0.347705,0.9806,2.7905,0.64026
controlled,105,3,any,state-markov,0,567,hmc_in,oracle,ignorable,,rest,31,1.00465,0.866017,0.595526,0.967742,3.47548,0.64026
controlled,105,3,any,state-markov,0,567,hmc_in,oracle,ignorable,,locomotion,364,0.522424,0.398017,0.303576,0.986264,2.6335,0.64026
controlled,105,3,any,state-markov,0,567,hmc_in,oracle,ignorable,,vigorous,95,0.517742,0.424226,0.307339,1,2.84361,0.64026
controlled,105,3,any,state-markov,0,567,hmc_in,oracle,ignorable,,transient,77,0.874123,0.731179,0.506346,0.935065,3.1914,0.64026
controlled,105,3,any,state-markov,0,567,hmc_in,oracle,state,,all,567,0.64176,0.485838,0.355792,0.971781,2.76761,0.626166
controlled,105,3,any,state-markov,0,567,hmc_in,oracle,state,,rest,31,1.00027,0.849868,0.587229,0.967742,3.52976,0.626166
controlled,105,3,any,state-markov,0,567,hmc_in,oracle,state,,locomotion,364,0.557931,0.413077,0.31274,0.975275,2.59709,0.626166
controlled,105,3,any,state-markov,0,567,hmc_in,oracle,state,,vigorous,95,0.508118,0.414626,0.306505,1,2.83502,0.626166
controlled,105,3,any,state-markov,0,567,hmc_in,oracle,state,,transient,77,0.916441,0.771096,0.526941,0.922078,3.18373,0.626166
controlled,105,3,any,state-markov,0,567,hmc_in,oracle,state-markov,,all,567,0.638443,0.485427,0.355974,0.971781,2.7663,0.610381
controlled,105,3,any,state-markov,0,567,hmc_in,oracle,state-markov,,rest,31,0.998789,0.861139,0.573648,0.967742,3.48376,0.610381
controlled,105,3,any,state-markov,0,567,hmc_in,oracle,state-markov,,locomotion,364,0.555956,0.412223,0.313636,0.975275,2.60201,0.610381
controlled,105,3,any,state-markov,0,567,hmc_in,oracle,state-markov,,vigorous,95,0.496758,0.411758,0.302851,1,2.8361,0.610381
controlled,105,3,any,state-markov,0,567,hmc_in,oracle,state-markov,,transient,77,0.913384,0.771117,0.534027,0.922078,3.16799,0.610381
controlled,105,3,any,state-markov,0,567,pmc_pair,oracle,ignorable,,all,567,0.453465,0.327889,0.242002,0.887125,1.38929,2.06477
controlled,105,3,any,state-markov,0,567,pmc_pair,oracle,ignorable,,rest,31,0.440995,0.330468,0.244445,0.903226,1.28952,2.06477
controlled,105,3,any,state-markov,0,567,pmc_pair,oracle,ignorable,,locomotion,364,0.434233,0.308797,0.23009,0.903846,1.4338,2.06477
controlled,105,3,any,state-markov,0,567,pmc_pair,oracle,ignorable,,vigorous,95,0.486634,0.365895,0.256474,0.873684,1.31955,2.06477
controlled,105,3,any,state-markov,0,567,pmc_pair,oracle,ignorable,,transient,77,0.502347,0.370208,0.279476,0.818182,1.30505,2.06477
controlled,105,3,any,state-markov,0,567,pmc_pair,oracle,state,,all,567,0.464089,0.333817,0.247734,0.883598,1.3737,2.21904
controlled,105,3,any,state-markov,0,567,pmc_pair,oracle,state,,rest,31,0.440995,0.331373,0.24438,0.903226,1.29821,2.21904
controlled,105,3,any,state-markov,0,567,pmc_pair,oracle,state,,locomotion,364,0.451614,0.31768,0.238389,0.898352,1.38647,2.21904
controlled,105,3,any,state-markov,0,567,pmc_pair,oracle,state,,vigorous,95,0.480782,0.357974,0.256115,0.873684,1.35463,2.21904
controlled,105,3,any,state-markov,0,567,pmc_pair,oracle,state,,transient,77,0.508269,0.381279,0.282918,0.818182,1.36725,2.21904
controlled,105,3,any,state-markov,0,567,pmc_pair,oracle,state-markov,,all,567,0.459375,0.330551,0.244264,0.883598,1.3643,2.18994
controlled,105,3,any,state-markov,0,567,pmc_pair,oracle,state-markov,,rest,31,0.440995,0.331369,0.242266,0.903226,1.2982,2.18994
controlled,105,3,any,state-markov,0,567,pmc_pair,oracle,state-markov,,locomotion,364,0.447718,0.316592,0.236745,0.898352,1.38505,2.18994
controlled,105,3,any,state-markov,0,567,pmc_pair,oracle,state-markov,,vigorous,95,0.479319,0.358102,0.252419,0.873684,1.35523,2.18994
controlled,105,3,any,state-markov,0,567,pmc_pair,oracle,state-markov,,transient,77,0.494549,0.362221,0.270549,0.818182,1.304,2.18994
controlled,105,3,any,state-markov,0,567,hmc_in,unsupervised,ignorable,start,all,567,0.655328,0.554045,0.374882,0.938272,2.28848,0.75166
controlled,105,3,any,state-markov,0,567,hmc_in,unsupervised,ignorable,start,rest,31,0.679871,0.551873,0.408581,0.83871,2.21321,0.75166
controlled,105,3,any,state-markov,0,567,hmc_in,unsupervised,ignorable,start,locomotion,364,0.696391,0.620329,0.405378,0.967033,2.50009,0.75166
controlled,105,3,any,state-markov,0,567,hmc_in,unsupervised,ignorable,start,vigorous,95,0.424617,0.318358,0.232888,0.894737,1.43042,0.75166
controlled,105,3,any,state-markov,0,567,hmc_in,unsupervised,ignorable,start,transient,77,0.679169,0.53236,0.392338,0.896104,2.37712,0.75166
controlled,105,3,any,state-markov,0,567,hmc_in,unsupervised,state,start,all,567,0.686664,0.561025,0.389644,0.943563,2.39703,0.71284
controlled,105,3,any,state-markov,0,567,hmc_in,unsupervised,state,start,rest,31,0.563817,0.43626,0.307994,1,1.98375,0.71284
controlled,105,3,any,state-markov,0,567,hmc_in,unsupervised,state,start,locomotion,364,0.644691,0.523528,0.368125,0.945055,2.46613,0.71284
controlled,105,3,any,state-markov,0,567,hmc_in,unsupervised,state,start,vigorous,95,0.849152,0.762837,0.505781,0.926316,2.34296,0.71284
controlled,105,3,any,state-markov,0,567,hmc_in,unsupervised,state,start,transient,77,0.699735,0.539526,0.380956,0.935065,2.30351,0.71284
controlled,105,3,any,state-markov,0,567,hmc_in,unsupervised,state-markov,start,all,567,0.681322,0.558955,0.384604,0.948854,2.38941,0.604218
controlled,105,3,any,state-markov,0,567,hmc_in,unsupervised,state-markov,start,rest,31,0.565816,0.437532,0.298604,1,1.97664,0.604218
controlled,105,3,any,state-markov,0,567,hmc_in,unsupervised,state-markov,start,locomotion,364,0.635305,0.519776,0.361905,0.953297,2.45747,0.604218
controlled,105,3,any,state-markov,0,567,hmc_in,unsupervised,state-markov,start,vigorous,95,0.847322,0.761293,0.504173,0.926316,2.33852,0.604218
controlled,105,3,any,state-markov,0,567,hmc_in,unsupervised,state-markov,start,transient,77,0.703942,0.543414,0.379009,0.935065,2.29667,0.604218
controlled,105,3,any,state-markov,0,567,hmc_in,unsupervised,state,ignorable fit,all,567,0.660846,0.555899,0.374125,0.938272,2.27852,0.614068
controlled,105,3,any,state-markov,0,567,hmc_in,unsupervised,state,ignorable fit,rest,31,0.683633,0.554728,0.413979,0.83871,2.26957,0.614068
controlled,105,3,any,state-markov,0,567,hmc_in,unsupervised,state,ignorable fit,locomotion,364,0.699006,0.61741,0.404127,0.967033,2.48146,0.614068
controlled,105,3,any,state-markov,0,567,hmc_in,unsupervised,state,ignorable fit,vigorous,95,0.423533,0.31746,0.226893,0.894737,1.44039,0.614068
controlled,105,3,any,state-markov,0,567,hmc_in,unsupervised,state,ignorable fit,transient,77,0.704676,0.559765,0.3979,0.896104,2.35686,0.614068
controlled,105,3,any,state-markov,0,567,hmc_in,unsupervised,state-markov,ignorable fit,all,567,0.656794,0.552161,0.374618,0.936508,2.27249,0.56894
controlled,105,3,any,state-markov,0,567,hmc_in,unsupervised,state-markov,ignorable fit,rest,31,0.677537,0.547475,0.410163,0.83871,2.2484,0.56894
controlled,105,3,any,state-markov,0,567,hmc_in,unsupervised,state-markov,ignorable fit,locomotion,364,0.696703,0.61557,0.406334,0.964286,2.47482,0.56894
controlled,105,3,any,state-markov,0,567,hmc_in,unsupervised,state-markov,ignorable fit,vigorous,95,0.422937,0.317355,0.23218,0.894737,1.43556,0.56894
controlled,105,3,any,state-markov,0,567,hmc_in,unsupervised,state-markov,ignorable fit,transient,77,0.690229,0.543996,0.386111,0.896104,2.35832,0.56894
controlled,105,3,any,state-markov,1,479,hmc_in,oracle,ignorable,,all,479,0.630131,0.486602,0.351377,0.989562,2.82763,0.641096
controlled,105,3,any,state-markov,1,479,hmc_in,oracle,ignorable,,rest,20,0.919124,0.797884,0.517372,1,3.50021,0.641096
controlled,105,3,any,state-markov,1,479,hmc_in,oracle,ignorable,,locomotion,299,0.575679,0.445028,0.327029,0.993311,2.67979,0.641096
controlled,105,3,any,state-markov,1,479,hmc_in,oracle,ignorable,,vigorous,105,0.543468,0.430359,0.315787,0.990476,2.91753,0.641096
controlled,105,3,any,state-markov,1,479,hmc_in,oracle,ignorable,,transient,55,0.886213,0.706794,0.491321,0.963636,3.21513,0.641096
controlled,105,3,any,state-markov,1,479,hmc_in,oracle,state,,all,479,0.665203,0.499617,0.367509,0.981211,2.74243,0.754665
controlled,105,3,any,state-markov,1,479,hmc_in,oracle,state,,rest,20,0.913262,0.78898,0.534921,1,3.51781,0.754665
controlled,105,3,any,state-markov,1,479,hmc_in,oracle,state,,locomotion,299,0.580908,0.445206,0.33222,0.983278,2.5751,0.754665
controlled,105,3,any,state-markov,1,479,hmc_in,oracle,state,,vigorous,105,0.668164,0.472772,0.353677,0.990476,2.84433,0.754665
controlled,105,3,any,state-markov,1,479,hmc_in,oracle,state,,transient,55,0.92931,0.741439,0.524881,0.945455,3.17566,0.754665
controlled,105,3,any,state-markov,1,479,hmc_in,oracle,state-markov,,all,479,0.653949,0.494314,0.362215,0.981211,2.75149,0.671771
controlled,105,3,any,state-markov,1,479,hmc_in,oracle,state-markov,,rest,20,0.911777,0.785425,0.54949,1,3.52245,0.671771
controlled,105,3,any,state-markov,1,479,hmc_in,oracle,state-markov,,locomotion,299,0.580121,0.44505,0.329319,0.983278,2.58156,0.671771
controlled,105,3,any,state-markov,1,479,hmc_in,oracle,state-markov,,vigorous,105,0.626157,0.459754,0.343652,0.990476,2.86304,0.671771
controlled,105,3,any,state-markov,1,479,hmc_in,oracle,state-markov,,transient,55,0.918734,0.722251,0.508392,0.945455,3.18202,0.671771
controlled,105,3,any,state-markov,1,479,pmc_pair,oracle,ignorable,,all,479,0.514746,0.371722,0.277793,0.837161,1.45917,1.90153
controlled,105,3,any,state-markov,1,479,pmc_pair,oracle,ignorable,,rest,20,0.447325,0.332987,0.245271,0.9,1.36111,1.90153
controlled,105,3,any,state-markov,1,479,pmc_pair,oracle,ignorable,,locomotion,299,0.518553,0.367719,0.279175,0.822742,1.42694,1.90153
controlled,105,3,any,state-markov,1,479,pmc_pair,oracle,ignorable,,vigorous,105,0.544907,0.411004,0.288439,0.866667,1.53371,1.90153
controlled,105,3,any,state-markov,1,479,pmc_pair,oracle,ignorable,,transient,55,0.454042,0.332576,0.26178,0.836364,1.52774,1.90153
controlled,105,3,any,state-markov,1,479,pmc_pair,oracle,state,,all,479,0.53166,0.382074,0.282617,0.82881,1.42195,1.95936
controlled,105,3,any,state-markov,1,479,pmc_pair,oracle,state,,rest,20,0.446588,0.332,0.228146,0.9,1.36777,1.95936
controlled,105,3,any,state-markov,1,479,pmc_pair,oracle,state,,locomotion,299,0.530201,0.378552,0.281699,0.809365,1.38464,1.95936
controlled,105,3,any,state-markov,1,479,pmc_pair,oracle,state,,vigorous,105,0.571114,0.418532,0.298553,0.847619,1.45453,1.95936
controlled,105,3,any,state-markov,1,479,pmc_pair,oracle,state,,transient,55,0.488145,0.349822,0.27699,0.872727,1.58232,1.95936
controlled,105,3,any,state-markov,1,479,pmc_pair,oracle,state-markov,,all,479,0.532606,0.383237,0.284922,0.82881,1.4192,1.86713
controlled,105,3,any,state-markov,1,479,pmc_pair,oracle,state-markov,,rest,20,0.446594,0.332004,0.226007,0.9,1.36774,1.86713
controlled,105,3,any,state-markov,1,479,pmc_pair,oracle,state-markov,,locomotion,299,0.529234,0.377006,0.284591,0.812709,1.37294,1.86713
controlled,105,3,any,state-markov,1,479,pmc_pair,oracle,state-markov,,vigorous,105,0.577664,0.425685,0.301863,0.857143,1.48041,1.86713
controlled,105,3,any,state-markov,1,479,pmc_pair,oracle,state-markov,,transient,55,0.488111,0.354702,0.2758,0.836364,1.57248,1.86713
controlled,105,3,any,state-markov,1,479,hmc_in,unsupervised,ignorable,start,all,479,0.705158,0.577412,0.403429,0.924843,2.47867,0.564396
controlled,105,3,any,state-markov,1,479,hmc_in,unsupervised,ignorable,start,rest,20,0.606145,0.492204,0.347896,0.95,2.16038,0.564396
controlled,105,3,any,state-markov,1,479,hmc_in,unsupervised,ignorable,start,locomotion,299,0.667286,0.532528,0.37635,0.93311,2.54025,0.564396
controlled,105,3,any,state-markov,1,479,hmc_in,unsupervised,ignorable,start,vigorous,105,0.861127,0.769179,0.513168,0.885714,2.38092,0.564396
controlled,105,3,any,state-markov,1,479,hmc_in,unsupervised,ignorable,start,transient,55,0.60055,0.486304,0.361331,0.945455,2.44622,0.564396
controlled,105,3,any,state-markov,1,479,hmc_in,unsupervised,state,start,all,479,0.752239,0.605595,0.423913,0.903967,2.39739,0.564324
controlled,105,3,any,state-markov,1,479,hmc_in,unsupervised,state,start,rest,20,0.600186,0.487736,0.34586,0.95,2.15677,0.564324
controlled,105,3,any,state-markov,1,479,hmc_in,unsupervised,state,start,locomotion,299,0.711629,0.549395,0.393726,0.90301,2.4091,0.564324
controlled,105,3,any,state-markov,1,479,hmc_in,unsupervised,state,start,vigorous,105,0.910982,0.80312,0.545439,0.87619,2.36916,0.564324
controlled,105,3,any,state-markov,1,479,hmc_in,unsupervised,state,start,transient,55,0.67807,0.576886,0.384403,0.945455,2.47515,0.564324
controlled,105,3,any,state-markov,1,479,hmc_in,unsupervised,state-markov,start,all,479,0.724929,0.590089,0.416619,0.922756,2.45335,0.557374
controlled,105,3,any,state-markov,1,479,hmc_in,unsupervised,state-markov,start,rest,20,0.611001,0.496247,0.354645,0.95,2.15248,0.557374
controlled,105,3,any,state-markov,1,479,hmc_in,unsupervised,state-markov,start,locomotion,299,0.685261,0.538539,0.385354,0.929766,2.4914,0.557374
controlled,105,3,any,state-markov,1,479,hmc_in,unsupervised,state-markov,start,vigorous,105,0.882948,0.787981,0.538642,0.885714,2.38319,0.557374
controlled,105,3,any,state-markov,1,479,hmc_in,unsupervised,state-markov,start,transient,55,0.632392,0.526665,0.37617,0.945455,2.48984,0.557374
controlled,105,3,any,state-markov,1,479,hmc_in,unsupervised,state,ignorable fit,all,479,0.753368,0.606371,0.42372,0.903967,2.4016,0.546427
controlled,105,3,any,state-markov,1,479,hmc_in,unsupervised,state,ignorable fit,rest,20,0.6044,0.488537,0.352079,0.95,2.17526,0.546427
controlled,105,3,any,state-markov,1,479,hmc_in,unsupervised,state,ignorable fit,locomotion,299,0.711742,0.549734,0.392391,0.90301,2.4113,0.546427
controlled,105,3,any,state-markov,1,479,hmc_in,unsupervised,state,ignorable fit,vigorous,105,0.910629,0.802825,0.538504,0.87619,2.37,0.546427
controlled,105,3,any,state-markov,1,479,hmc_in,unsupervised,state,ignorable fit,transient,55,0.687812,0.582066,0.40095,0.945455,2.49146,0.546427
controlled,105,3,any,state-markov,1,479,hmc_in,unsupervised,state-markov,ignorable fit,all,479,0.722058,0.586864,0.411686,0.924843,2.46512,0.55244
controlled,105,3,any,state-markov,1,479,hmc_in,unsupervised,state-markov,ignorable fit,rest,20,0.612331,0.493096,0.344531,0.95,2.16599,0.55244
controlled,105,3,any,state-markov,1,479,hmc_in,unsupervised,state-markov,ignorable fit,locomotion,299,0.67984,0.534003,0.380868,0.93311,2.50548,0.55244
controlled,105,3,any,state-markov,1,479,hmc_in,unsupervised,state-markov,ignorable fit,vigorous,105,0.881569,0.787202,0.530186,0.885714,2.38525,0.55244
controlled,105,3,any,state-markov,1,479,hmc_in,unsupervised,state-markov,ignorable fit,transient,55,0.638769,0.525872,0.377419,0.945455,2.50696,0.55244
controlled,105,3,any,state-markov,2,497,hmc_in,oracle,ignorable,,all,497,0.653529,0.502974,0.3683,0.975855,2.86167,0.704869
controlled,105,3,any,state-markov,2,497,hmc_in,oracle,ignorable,,rest,34,0.993768,0.878666,0.57958,0.970588,3.48173,0.704869
controlled,105,3,any,state-markov,2,497,hmc_in,oracle,ignorable,,locomotion,286,0.55671,0.432004,0.325068,0.98951,2.72223,0.704869
controlled,105,3,any,state-markov,2,497,hmc_in,oracle,ignorable,,vigorous,118,0.493154,0.41473,0.3096,1,2.8839,0.704869
controlled,105,3,any,state-markov,2,497,hmc_in,oracle,ignorable,,transient,59,1.01976,0.806984,0.57351,0.864407,3.13585,0.704869
controlled,105,3,any,state-markov,2,497,hmc_in,oracle,state,,all,497,0.747486,0.549402,0.402245,0.957746,2.78624,0.60158
controlled,105,3,any,state-markov,2,497,hmc_in,oracle,state,,rest,34,0.988952,0.876204,0.577138,1,3.48741,0.60158
controlled,105,3,any,state-markov,2,497,hmc_in,oracle,state,,locomotion,286,0.690094,0.491194,0.36909,0.958042,2.61513,0.60158
controlled,105,3,any,state-markov,2,497,hmc_in,oracle,state,,vigorous,118,0.639111,0.475117,0.350607,0.991525,2.82726,0.60158
controlled,105,3,any,state-markov,2,497,hmc_in,oracle,state,,transient,59,1.00876,0.791805,0.565457,0.864407,3.12959,0.60158
controlled,105,3,any,state-markov,2,497,hmc_in,oracle,state-markov,,all,497,0.778452,0.561567,0.41325,0.943662,2.77483,0.577134
controlled,105,3,any,state-markov,2,497,hmc_in,oracle,state-markov,,rest,34,0.993096,0.878629,0.580774,1,3.48247,0.577134
controlled,105,3,any,state-markov,2,497,hmc_in,oracle,state-markov,,locomotion,286,0.742734,0.511963,0.388109,0.937063,2.60275,0.577134
controlled,105,3,any,state-markov,2,497,hmc_in,oracle,state-markov,,vigorous,118,0.654864,0.4784,0.349901,0.974576,2.81028,0.577134
controlled,105,3,any,state-markov,2,497,hmc_in,oracle,state-markov,,transient,59,1.00226,0.785644,0.565282,0.881356,3.13027,0.577134
controlled,105,3,any,state-markov,2,497,pmc_pair,oracle,ignorable,,all,497,0.464279,0.333394,0.242325,0.891348,1.37034,1.9178
controlled,105,3,any,state-markov,2,497,pmc_pair,oracle,ignorable,,rest,34,0.476886,0.326529,0.235872,0.852941,1.3028,1.9178
controlled,105,3,any,state-markov,2,497,pmc_pair,oracle,ignorable,,locomotion,286,0.408316,0.304881,0.220549,0.93007,1.4113,1.9178
controlled,105,3,any,state-markov,2,497,pmc_pair,oracle,ignorable,,vigorous,118,0.489014,0.357293,0.253003,0.872881,1.3515,1.9178
controlled,105,3,any,state-markov,2,497,pmc_pair,oracle,ignorable,,transient,59,0.63109,0.42777,0.330243,0.762712,1.24834,1.9178
controlled,105,3,any,state-markov,2,497,pmc_pair,oracle,state,,all,497,0.513657,0.354054,0.26154,0.875252,1.35461,1.83256
controlled,105,3,any,state-markov,2,497,pmc_pair,oracle,state,,rest,34,0.475257,0.323805,0.238987,0.852941,1.31839,1.83256
controlled,105,3,any,state-markov,2,497,pmc_pair,oracle,state,,locomotion,286,0.486509,0.336232,0.248404,0.902098,1.37661,1.83256
controlled,105,3,any,state-markov,2,497,pmc_pair,oracle,state,,vigorous,118,0.526119,0.371913,0.263896,0.855932,1.31582,1.83256
controlled,105,3,any,state-markov,2,497,pmc_pair,oracle,state,,transient,59,0.625642,0.422156,0.333504,0.79661,1.34641,1.83256
controlled,105,3,any,state-markov,2,497,pmc_pair,oracle,state-markov,,all,497,0.523801,0.360559,0.264347,0.867203,1.35962,1.95823
controlled,105,3,any,state-markov,2,497,pmc_pair,oracle,state-markov,,rest,34,0.475265,0.323825,0.237177,0.852941,1.31812,1.95823
controlled,105,3,any,state-markov,2,497,pmc_pair,oracle,state-markov,,locomotion,286,0.503446,0.347256,0.252638,0.895105,1.39865,1.95823
controlled,105,3,any,state-markov,2,497,pmc_pair,oracle,state-markov,,vigorous,118,0.527243,0.370726,0.266562,0.855932,1.30632,1.95823
controlled,105,3,any,state-markov,2,497,pmc_pair,oracle,state-markov,,transient,59,0.629626,0.425876,0.332335,0.762712,1.30095,1.95823
controlled,105,3,any,state-markov,2,497,hmc_in,unsupervised,ignorable,start,all,497,0.707653,0.578908,0.408852,0.933602,2.47698,0.520921
controlled,105,3,any,state-markov,2,497,hmc_in,unsupervised,ignorable,start,rest,34,0.662238,0.468265,0.338963,0.911765,2.04782,0.520921
controlled,105,3,any,state-markov,2,497,hmc_in,unsupervised,ignorable,start,locomotion,286,0.604025,0.486991,0.35365,0.968531,2.60295,0.520921
controlled,105,3,any,state-markov,2,497,hmc_in,unsupervised,ignorable,start,vigorous,118,0.934627,0.857154,0.57578,0.881356,2.40289,0.520921
controlled,105,3,any,state-markov,2,497,hmc_in,unsupervised,ignorable,start,transient,59,0.670832,0.531746,0.382864,0.881356,2.26187,0.520921
controlled,105,3,any,state-markov,2,497,hmc_in,unsupervised,state,start,all,497,0.836665,0.660563,0.464827,0.887324,2.38403,0.566611
controlled,105,3,any,state-markov,2,497,hmc_in,unsupervised,state,start,rest,34,0.64896,0.461146,0.339077,0.911765,2.05521,0.566611
controlled,105,3,any,state-markov,2,497,hmc_in,unsupervised,state,start,locomotion,286,0.819167,0.610808,0.436728,0.891608,2.42993,0.566611
controlled,105,3,any,state-markov,2,497,hmc_in,unsupervised,state,start,vigorous,118,0.980602,0.895964,0.607706,0.864407,2.40197,0.566611
controlled,105,3,any,state-markov,2,497,hmc_in,unsupervised,state,start,transient,59,0.691384,0.545863,0.387744,0.898305,2.31518,0.566611
controlled,105,3,any,state-markov,2,497,hmc_in,unsupervised,state-markov,start,all,497,0.743021,0.607787,0.424136,0.911469,2.42478,0.572563
controlled,105,3,any,state-markov,2,497,hmc_in,unsupervised,state-markov,start,rest,34,0.652423,0.462271,0.340726,0.911765,2.04817,0.572563
controlled,105,3,any,state-markov,2,497,hmc_in,unsupervised,state-markov,start,locomotion,286,0.655887,0.527852,0.371795,0.937063,2.50447,0.572563
controlled,105,3,any,state-markov,2,497,hmc_in,unsupervised,state-markov,start,vigorous,118,0.966109,0.886295,0.59513,0.864407,2.40986,0.572563
controlled,105,3,any,state-markov,2,497,hmc_in,unsupervised,state-markov,start,transient,59,0.673225,0.522112,0.383932,0.881356,2.28532,0.572563
controlled,105,3,any,state-markov,2,497,hmc_in,unsupervised,state,ignorable fit,all,497,0.833563,0.659103,0.462748,0.889336,2.38333,0.550429
controlled,105,3,any,state-markov,2,497,hmc_in,unsupervised,state,ignorable fit,rest,34,0.652667,0.461926,0.338632,0.941176,2.05918,0.550429
controlled,105,3,any,state-markov,2,497,hmc_in,unsupervised,state,ignorable fit,locomotion,286,0.814214,0.609581,0.433915,0.891608,2.42784,0.550429
controlled,105,3,any,state-markov,2,497,hmc_in,unsupervised,state,ignorable fit,vigorous,118,0.980255,0.894862,0.604642,0.864407,2.39655,0.550429
controlled,105,3,any,state-markov,2,497,hmc_in,unsupervised,state,ignorable fit,transient,59,0.687141,0.541271,0.390254,0.898305,2.32789,0.550429
controlled,105,3,any,state-markov,2,497,hmc_in,unsupervised,state-markov,ignorable fit,all,497,0.743789,0.606719,0.421454,0.911469,2.42339,0.539387
controlled,105,3,any,state-markov,2,497,hmc_in,unsupervised,state-markov,ignorable fit,rest,34,0.65503,0.462911,0.338206,0.941176,2.05203,0.539387
controlled,105,3,any,state-markov,2,497,hmc_in,unsupervised,state-markov,ignorable fit,locomotion,286,0.658545,0.526079,0.371546,0.933566,2.50266,0.539387
controlled,105,3,any,state-markov,2,497,hmc_in,unsupervised,state-markov,ignorable fit,vigorous,118,0.962386,0.882747,0.586189,0.864407,2.40525,0.539387
controlled,105,3,any,state-markov,2,497,hmc_in,unsupervised,state-markov,ignorable fit,transient,59,0.676984,0.528435,0.381884,0.881356,2.28944,0.539387
controlled,105,3,any,state-markov,3,474,hmc_in,oracle,ignorable,,all,474,0.700982,0.530503,0.383642,0.959916,2.8132,0.61569
controlled,105,3,any,state-markov,3,474,hmc_in,oracle,ignorable,,rest,33,1.00345,0.861223,0.587491,0.878788,3.48779,0.61569
controlled,105,3,any,state-markov,3,474,hmc_in,oracle,ignorable,,locomotion,294,0.611592,0.463651,0.341593,0.979592,2.69563,0.61569
controlled,105,3,any,state-markov,3,474,hmc_in,oracle,ignorable,,vigorous,80,0.500737,0.396582,0.301277,0.9875,2.76495,0.61569
controlled,105,3,any,state-markov,3,474,hmc_in,oracle,ignorable,,transient,67,1.01963,0.820872,0.566094,0.880597,3.05444,0.61569
controlled,105,3,any,state-markov,3,474,hmc_in,oracle,state,,all,474,0.790467,0.570266,0.419331,0.93038,2.75156,0.620348
controlled,105,3,any,state-markov,3,474,hmc_in,oracle,state,,rest,33,1.01023,0.870763,0.620052,0.878788,3.5266,0.620348
controlled,105,3,any,state-markov,3,474,hmc_in,oracle,state,,locomotion,294,0.762873,0.523949,0.394145,0.931973,2.60374,0.620348
controlled,105,3,any,state-markov,3,474,hmc_in,oracle,state,,vigorous,80,0.51252,0.399796,0.295649,0.9875,2.76397,0.620348
controlled,105,3,any,state-markov,3,474,hmc_in,oracle,state,,transient,67,1.02491,0.829045,0.578665,0.880597,3.00365,0.620348
controlled,105,3,any,state-markov,3,474,hmc_in,oracle,state-markov,,all,474,0.794931,0.572459,0.420335,0.93038,2.74741,0.625571
controlled,105,3,any,state-markov,3,474,hmc_in,oracle,state-markov,,rest,33,1.00549,0.863934,0.591688,0.878788,3.51416,0.625571
controlled,105,3,any,state-markov,3,474,hmc_in,oracle,state-markov,,locomotion,294,0.771972,0.527521,0.401096,0.931973,2.5987,0.625571
controlled,105,3,any,state-markov,3,474,hmc_in,oracle,state-markov,,vigorous,80,0.505445,0.397913,0.301796,0.9875,2.76458,0.625571
controlled,105,3,any,state-markov,3,474,hmc_in,oracle,state-markov,,transient,67,1.02593,0.834503,0.561899,0.880597,3.00177,0.625571
controlled,105,3,any,state-markov,3,474,pmc_pair,oracle,ignorable,,all,474,0.506772,0.365191,0.263994,0.888186,1.40371,1.79927
controlled,105,3,any,state-markov,3,474,pmc_pair,oracle,ignorable,,rest,33,0.532066,0.384004,0.27888,0.878788,1.50621,1.79927
controlled,105,3,any,state-markov,3,474,pmc_pair,oracle,ignorable,,locomotion,294,0.50203,0.36273,0.264884,0.884354,1.45764,1.79927
controlled,105,3,any,state-markov,3,474,pmc_pair,oracle,ignorable,,vigorous,80,0.489865,0.357034,0.251633,0.8625,1.13135,1.79927
controlled,105,3,any,state-markov,3,474,pmc_pair,oracle,ignorable,,transient,67,0.533844,0.376464,0.267518,0.940299,1.44179,1.79927
controlled,105,3,any,state-markov,3,474,pmc_pair,oracle,state,,all,474,0.613432,0.407394,0.305887,0.850211,1.36118,1.89697
controlled,105,3,any,state-markov,3,474,pmc_pair,oracle,state,,rest,33,0.531717,0.384154,0.28146,0.848485,1.52331,1.89697
controlled,105,3,any,state-markov,3,474,pmc_pair,oracle,state,,locomotion,294,0.644518,0.422362,0.324215,0.836735,1.38423,1.89697
controlled,105,3,any,state-markov,3,474,pmc_pair,oracle,state,,vigorous,80,0.490105,0.357189,0.251587,0.8625,1.13096,1.89697
controlled,105,3,any,state-markov,3,474,pmc_pair,oracle,state,,transient,67,0.642881,0.413107,0.302329,0.895522,1.4551,1.89697
controlled,105,3,any,state-markov,3,474,pmc_pair,oracle,state-markov,,all,474,0.619809,0.411385,0.305985,0.850211,1.36781,1.79542
controlled,105,3,any,state-markov,3,474,pmc_pair,oracle,state-markov,,rest,33,0.531669,0.384104,0.27164,0.848485,1.52294,1.79542
controlled,105,3,any,state-markov,3,474,pmc_pair,oracle,state-markov,,locomotion,294,0.649162,0.423514,0.324221,0.833333,1.37274,1.79542
controlled,105,3,any,state-markov,3,474,pmc_pair,oracle,state-markov,,vigorous,80,0.489987,0.357111,0.250475,0.8625,1.13117,1.79542
controlled,105,3,any,state-markov,3,474,pmc_pair,oracle,state-markov,,transient,67,0.665384,0.436402,0.30916,0.910448,1.55237,1.79542
controlled,105,3,any,state-markov,3,474,hmc_in,unsupervised,ignorable,start,all,474,0.700734,0.562505,0.399686,0.943038,2.46371,0.535433
controlled,105,3,any,state-markov,3,474,hmc_in,unsupervised,ignorable,start,rest,33,0.660417,0.491758,0.36367,0.909091,2.0692,0.535433
controlled,105,3,any,state-markov,3,474,hmc_in,unsupervised,ignorable,start,locomotion,294,0.6535,0.51276,0.370659,0.962585,2.57367,0.535433
controlled,105,3,any,state-markov,3,474,hmc_in,unsupervised,ignorable,start,vigorous,80,0.906839,0.835855,0.56254,0.8875,2.37092,0.535433
controlled,105,3,any,state-markov,3,474,hmc_in,unsupervised,ignorable,start,transient,67,0.634919,0.489244,0.35034,0.940299,2.28629,0.535433
controlled,105,3,any,state-markov,3,474,hmc_in,unsupervised,state,start,all,474,0.803672,0.610964,0.437595,0.919831,2.44043,0.534921
controlled,105,3,any,state-markov,3,474,hmc_in,unsupervised,state,start,rest,33,0.651708,0.485268,0.369192,0.939394,2.10379,0.534921
controlled,105,3,any,state-markov,3,474,hmc_in,unsupervised,state,start,locomotion,294,0.8208,0.591197,0.429686,0.921769,2.51879,0.534921
controlled,105,3,any,state-markov,3,474,hmc_in,unsupervised,state,start,vigorous,80,0.909952,0.839127,0.56089,0.8875,2.3782,0.534921
controlled,105,3,any,state-markov,3,474,hmc_in,unsupervised,state,start,transient,67,0.644415,0.487185,0.358771,0.940299,2.33675,0.534921
controlled,105,3,any,state-markov,3,474,hmc_in,unsupervised,state-markov,start,all,474,0.727264,0.577861,0.408437,0.938819,2.47946,0.486077
controlled,105,3,any,state-markov,3,474,hmc_in,unsupervised,state-markov,start,rest,33,0.624251,0.470777,0.350377,0.939394,2.12073,0.486077
controlled,105,3,any,state-markov,3,474,hmc_in,unsupervised,state-markov,start,locomotion,294,0.6943,0.534605,0.381593,0.952381,2.58351,0.486077
controlled,105,3,any,state-markov,3,474,hmc_in,unsupervised,state-markov,start,vigorous,80,0.918029,0.847544,0.566446,0.8875,2.387,0.486077
controlled,105,3,any,state-markov,3,474,hmc_in,unsupervised,state-markov,start,transient,67,0.654488,0.498403,0.36616,0.940299,2.30997,0.486077
controlled,105,3,any,state-markov,3,474,hmc_in,unsupervised,state,ignorable fit,all,474,0.802101,0.611531,0.43521,0.915612,2.44886,0.553526
controlled,105,3,any,state-markov,3,474,hmc_in,unsupervised,state,ignorable fit,rest,33,0.629076,0.473852,0.343767,0.939394,2.13297,0.553526
controlled,105,3,any,state-markov,3,474,hmc_in,unsupervised,state,ignorable fit,locomotion,294,0.81912,0.592293,0.429958,0.914966,2.52516,0.553526
controlled,105,3,any,state-markov,3,474,hmc_in,unsupervised,state,ignorable fit,vigorous,80,0.912849,0.842141,0.562914,0.8875,2.38188,0.553526
controlled,105,3,any,state-markov,3,474,hmc_in,unsupervised,state,ignorable fit,transient,67,0.646131,0.488405,0.350812,0.940299,2.3496,0.553526
controlled,105,3,any,state-markov,3,474,hmc_in,unsupervised,state-markov,ignorable fit,all,474,0.735755,0.583637,0.409012,0.945148,2.4869,0.507816
controlled,105,3,any,state-markov,3,474,hmc_in,unsupervised,state-markov,ignorable fit,rest,33,0.604953,0.460264,0.34143,0.939394,2.13907,0.507816
controlled,105,3,any,state-markov,3,474,hmc_in,unsupervised,state-markov,ignorable fit,locomotion,294,0.711369,0.545794,0.385387,0.962585,2.59218,0.507816
controlled,105,3,any,state-markov,3,474,hmc_in,unsupervised,state-markov,ignorable fit,vigorous,80,0.916276,0.845701,0.560081,0.8875,2.38491,0.507816
controlled,105,3,any,state-markov,3,474,hmc_in,unsupervised,state-markov,ignorable fit,transient,67,0.653046,0.497551,0.365587,0.940299,2.318,0.507816
controlled,105,3,any,state-markov,4,486,hmc_in,oracle,ignorable,,all,486,0.63565,0.482165,0.35957,0.977366,2.81244,0.570026
controlled,105,3,any,state-markov,4,486,hmc_in,oracle,ignorable,,rest,21,0.922334,0.812039,0.540992,1,3.42684,0.570026
controlled,105,3,any,state-markov,4,486,hmc_in,oracle,ignorable,,locomotion,277,0.6277,0.460894,0.351412,0.967509,2.67485,0.570026
controlled,105,3,any,state-markov,4,486,hmc_in,oracle,ignorable,,vigorous,110,0.393163,0.348298,0.272598,1,2.78358,0.570026
controlled,105,3,any,state-markov,4,486,hmc_in,oracle,ignorable,,transient,78,0.819321,0.657679,0.462349,0.974359,3.17631,0.570026
controlled,105,3,any,state-markov,4,486,hmc_in,oracle,state,,all,486,0.723368,0.522444,0.389328,0.965021,2.75533,0.513655
controlled,105,3,any,state-markov,4,486,hmc_in,oracle,state,,rest,21,0.919409,0.812257,0.542496,1,3.44828,0.513655
controlled,105,3,any,state-markov,4,486,hmc_in,oracle,state,,locomotion,277,0.765313,0.516258,0.396574,0.945848,2.60371,0.513655
controlled,105,3,any,state-markov,4,486,hmc_in,oracle,state,,vigorous,110,0.410136,0.357125,0.273019,1,2.7795,0.513655
controlled,105,3,any,state-markov,4,486,hmc_in,oracle,state,,transient,78,0.845884,0.699524,0.486382,0.974359,3.07314,0.513655
controlled,105,3,any,state-markov,4,486,hmc_in,oracle,state-markov,,all,486,0.724829,0.521182,0.390332,0.960905,2.75541,0.569271
controlled,105,3,any,state-markov,4,486,hmc_in,oracle,state-markov,,rest,21,0.922543,0.810892,0.556415,1,3.43224,0.569271
controlled,105,3,any,state-markov,4,486,hmc_in,oracle,state-markov,,locomotion,277,0.768832,0.516245,0.400287,0.938628,2.60098,0.569271
controlled,105,3,any,state-markov,4,486,hmc_in,oracle,state-markov,,vigorous,110,0.407673,0.356286,0.272683,1,2.78049,0.569271
controlled,105,3,any,state-markov,4,486,hmc_in,oracle,state-markov,,transient,78,0.843099,0.693257,0.47618,0.974359,3.08621,0.569271
controlled,105,3,any,state-markov,4,486,pmc_pair,oracle,ignorable,,all,486,0.450554,0.335729,0.240216,0.878601,1.33039,1.81918
controlled,105,3,any,state-markov,4,486,pmc_pair,oracle,ignorable,,rest,21,0.442346,0.352087,0.269123,0.761905,1.35942,1.81918
controlled,105,3,any,state-markov,4,486,pmc_pair,oracle,ignorable,,locomotion,277,0.479561,0.354964,0.254971,0.870036,1.35993,1.81918
controlled,105,3,any,state-markov,4,486,pmc_pair,oracle,ignorable,,vigorous,110,0.407974,0.306704,0.216129,0.881818,1.24543,1.81918
controlled,105,3,any,state-markov,4,486,pmc_pair,oracle,ignorable,,transient,78,0.40089,0.303949,0.214005,0.935897,1.33745,1.81918
controlled,105,3,any,state-markov,4,486,pmc_pair,oracle,state,,all,486,0.505101,0.350857,0.255781,0.868313,1.30769,1.83947
controlled,105,3,any,state-markov,4,486,pmc_pair,oracle,state,,rest,21,0.44535,0.353574,0.259136,0.761905,1.3646,1.83947
controlled,105,3,any,state-markov,4,486,pmc_pair,oracle,state,,locomotion,277,0.566185,0.381633,0.282981,0.855596,1.32612,1.83947
controlled,105,3,any,state-markov,4,486,pmc_pair,oracle,state,,vigorous,110,0.407208,0.304845,0.212883,0.881818,1.2397,1.83947
controlled,105,3,any,state-markov,4,486,pmc_pair,oracle,state,,transient,78,0.404936,0.305716,0.218779,0.923077,1.32282,1.83947
controlled,105,3,any,state-markov,4,486,pmc_pair,oracle,state-markov,,all,486,0.503303,0.350211,0.256019,0.868313,1.30439,1.80015
controlled,105,3,any,state-markov,4,486,pmc_pair,oracle,state-markov,,rest,21,0.445333,0.353564,0.25146,0.761905,1.36452,1.80015
controlled,105,3,any,state-markov,4,486,pmc_pair,oracle,state-markov,,locomotion,277,0.563657,0.380663,0.28365,0.855596,1.32424,1.80015
controlled,105,3,any,state-markov,4,486,pmc_pair,oracle,state-markov,,vigorous,110,0.407233,0.304964,0.216649,0.881818,1.24032,1.80015
controlled,105,3,any,state-markov,4,486,pmc_pair,oracle,state-markov,,transient,78,0.403483,0.304975,0.214639,0.923077,1.3081,1.80015
controlled,105,3,any,state-markov,4,486,hmc_in,unsupervised,ignorable,start,all,486,0.728209,0.599089,0.414193,0.930041,2.43134,0.487006
controlled,105,3,any,state-markov,4,486,hmc_in,unsupervised,ignorable,start,rest,21,0.793745,0.630789,0.42055,0.857143,2.00339,0.487006
controlled,105,3,any,state-markov,4,486,hmc_in,unsupervised,ignorable,start,locomotion,277,0.644727,0.517053,0.363482,0.949458,2.5014,0.487006
controlled,105,3,any,state-markov,4,486,hmc_in,unsupervised,ignorable,start,vigorous,110,0.935148,0.878101,0.578713,0.872727,2.38512,0.487006
controlled,105,3,any,state-markov,4,486,hmc_in,unsupervised,ignorable,start,transient,78,0.651949,0.488405,0.360559,0.961538,2.36294,0.487006
controlled,105,3,any,state-markov,4,486,hmc_in,unsupervised,state,start,all,486,0.74691,0.617885,0.425615,0.917695,2.40531,0.543373
controlled,105,3,any,state-markov,4,486,hmc_in,unsupervised,state,start,rest,21,0.787678,0.617762,0.43631,0.809524,2.01121,0.543373
controlled,105,3,any,state-markov,4,486,hmc_in,unsupervised,state,start,locomotion,277,0.699646,0.562912,0.391805,0.927798,2.4591,0.543373
controlled,105,3,any,state-markov,4,486,hmc_in,unsupervised,state,start,vigorous,110,0.917349,0.862899,0.568466,0.872727,2.3595,0.543373
controlled,105,3,any,state-markov,4,486,hmc_in,unsupervised,state,start,transient,78,0.619525,0.467607,0.341344,0.974359,2.38499,0.543373
controlled,105,3,any,state-markov,4,486,hmc_in,unsupervised,state-markov,start,all,486,0.738931,0.609292,0.418032,0.917695,2.40469,0.612527
controlled,105,3,any,state-markov,4,486,hmc_in,unsupervised,state-markov,start,rest,21,0.791525,0.624144,0.433435,0.809524,2.00754,0.612527
controlled,105,3,any,state-markov,4,486,hmc_in,unsupervised,state-markov,start,locomotion,277,0.679696,0.544056,0.375774,0.931408,2.46297,0.612527
controlled,105,3,any,state-markov,4,486,hmc_in,unsupervised,state-markov,start,vigorous,110,0.923777,0.868969,0.573894,0.872727,2.36828,0.612527
controlled,105,3,any,state-markov,4,486,hmc_in,unsupervised,state-markov,start,transient,78,0.623968,0.470751,0.344148,0.961538,2.356,0.612527
controlled,105,3,any,state-markov,4,486,hmc_in,unsupervised,state,ignorable fit,all,486,0.757884,0.624473,0.428351,0.921811,2.41998,0.552925
controlled,105,3,any,state-markov,4,486,hmc_in,unsupervised,state,ignorable fit,rest,21,0.797599,0.634842,0.43354,0.857143,2.02924,0.552925
controlled,105,3,any,state-markov,4,486,hmc_in,unsupervised,state,ignorable fit,locomotion,277,0.701121,0.559326,0.389366,0.935018,2.46101,0.552925
controlled,105,3,any,state-markov,4,486,hmc_in,unsupervised,state,ignorable fit,vigorous,110,0.932527,0.878072,0.572382,0.872727,2.37934,0.552925
controlled,105,3,any,state-markov,4,486,hmc_in,unsupervised,state,ignorable fit,transient,78,0.659949,0.495397,0.362278,0.961538,2.4368,0.552925
controlled,105,3,any,state-markov,4,486,hmc_in,unsupervised,state-markov,ignorable fit,all,486,0.745942,0.613122,0.422878,0.925926,2.41873,0.511129
controlled,105,3,any,state-markov,4,486,hmc_in,unsupervised,state-markov,ignorable fit,rest,21,0.800031,0.636892,0.430184,0.857143,2.00245,0.511129
controlled,105,3,any,state-markov,4,486,hmc_in,unsupervised,state-markov,ignorable fit,locomotion,277,0.676331,0.538134,0.377492,0.942238,2.46834,0.511129
controlled,105,3,any,state-markov,4,486,hmc_in,unsupervised,state-markov,ignorable fit,vigorous,110,0.935971,0.881087,0.578162,0.872727,2.38459,0.511129
controlled,105,3,any,state-markov,4,486,hmc_in,unsupervised,state-markov,ignorable fit,transient,78,0.659375,0.495127,0.363102,0.961538,2.40277,0.511129
